time,open,high,low,close,volume
2023-09-10T21:00:00.000Z,0.56906,0.57099,0.56821,0.57019,10614
2023-09-11T01:00:00.000Z,0.57018,0.57311,0.57017,0.57309,10833
2023-09-11T05:00:00.000Z,0.5731,0.57379,0.57287,0.57368,14817
2023-09-11T09:00:00.000Z,0.57369,0.57409,0.57274,0.57364,11456
2023-09-11T13:00:00.000Z,0.57364,0.57473,0.57296,0.57297,15666
2023-09-11T17:00:00.000Z,0.57296,0.57309,0.57252,0.57293,5191
2023-09-11T21:00:00.000Z,0.57227,0.57314,0.5721,0.57246,4638
2023-09-12T01:00:00.000Z,0.57244,0.57372,0.5722,0.57284,8388
2023-09-12T05:00:00.000Z,0.57283,0.5736,0.57222,0.57315,12136
2023-09-12T09:00:00.000Z,0.57316,0.57331,0.57221,0.57286,10443
2023-09-12T13:00:00.000Z,0.57285,0.57334,0.57222,0.57236,14283
2023-09-12T17:00:00.000Z,0.57234,0.5728,0.57224,0.5728,6654
2023-09-12T21:00:00.000Z,0.57126,0.57319,0.57108,0.57243,4951
2023-09-13T01:00:00.000Z,0.57244,0.57271,0.5708,0.57111,8018
2023-09-13T05:00:00.000Z,0.57111,0.57284,0.5707,0.57264,12762
2023-09-13T09:00:00.000Z,0.57264,0.57269,0.57034,0.57208,18161
2023-09-13T13:00:00.000Z,0.57208,0.5738,0.57182,0.57357,22760
2023-09-13T17:00:00.000Z,0.57357,0.57395,0.57291,0.57383,6240
2023-09-13T21:00:00.000Z,0.57335,0.57532,0.57292,0.57519,5039
2023-09-14T01:00:00.000Z,0.57518,0.57609,0.57329,0.57447,8317
2023-09-14T05:00:00.000Z,0.57448,0.57509,0.57396,0.57481,10922
2023-09-14T09:00:00.000Z,0.57481,0.57653,0.57405,0.57641,21805
2023-09-14T13:00:00.000Z,0.57639,0.57781,0.57566,0.57775,26645
2023-09-14T17:00:00.000Z,0.57773,0.57773,0.57647,0.57672,6930
2023-09-14T21:00:00.000Z,0.57557,0.57768,0.57515,0.57687,6487
2023-09-15T01:00:00.000Z,0.57686,0.5795,0.57665,0.5794,8960
2023-09-15T05:00:00.000Z,0.57941,0.57942,0.57728,0.57765,12255
2023-09-15T09:00:00.000Z,0.57764,0.57917,0.57733,0.57764,10728
2023-09-15T13:00:00.000Z,0.57764,0.57816,0.5766,0.57703,21453
2023-09-15T17:00:00.000Z,0.57703,0.57735,0.5766,0.57712,5450
2023-09-17T21:00:00.000Z,0.57674,0.57777,0.57561,0.57749,3423
2023-09-18T01:00:00.000Z,0.57749,0.57832,0.57673,0.57805,6279
2023-09-18T05:00:00.000Z,0.57808,0.57819,0.57631,0.57701,10335
2023-09-18T09:00:00.000Z,0.577,0.57749,0.57638,0.57724,9270
2023-09-18T13:00:00.000Z,0.57725,0.57777,0.57602,0.57738,15523
2023-09-18T17:00:00.000Z,0.5774,0.57779,0.5772,0.57739,4333
2023-09-18T21:00:00.000Z,0.57677,0.57834,0.57673,0.57735,4868
2023-09-19T01:00:00.000Z,0.57734,0.57789,0.57699,0.57766,5854
2023-09-19T05:00:00.000Z,0.57766,0.57851,0.57686,0.57813,9995
2023-09-19T09:00:00.000Z,0.57812,0.58003,0.57805,0.58001,11160
2023-09-19T13:00:00.000Z,0.58,0.58069,0.57929,0.5797,15081
2023-09-19T17:00:00.000Z,0.5797,0.58016,0.5793,0.57938,5277
2023-09-19T21:00:00.000Z,0.57919,0.5802,0.5788,0.57951,4173
2023-09-20T01:00:00.000Z,0.57951,0.57969,0.57903,0.5793,4855
2023-09-20T05:00:00.000Z,0.57929,0.58018,0.57909,0.58014,11937
2023-09-20T09:00:00.000Z,0.58015,0.58214,0.57996,0.58156,10469
2023-09-20T13:00:00.000Z,0.58155,0.58215,0.58083,0.58171,15862
2023-09-20T17:00:00.000Z,0.5817,0.58172,0.57921,0.57941,24694
2023-09-20T21:00:00.000Z,0.57881,0.58022,0.57812,0.57843,10775
2023-09-21T01:00:00.000Z,0.57843,0.57856,0.57637,0.57647,7068
2023-09-21T05:00:00.000Z,0.5765,0.58144,0.57604,0.5811,16920
2023-09-21T09:00:00.000Z,0.58111,0.58143,0.57861,0.57884,22382
2023-09-21T13:00:00.000Z,0.57884,0.58049,0.57883,0.5803,22986
2023-09-21T17:00:00.000Z,0.58029,0.58096,0.57988,0.58024,9346
2023-09-21T21:00:00.000Z,0.57937,0.58061,0.57894,0.58007,4240
2023-09-22T01:00:00.000Z,0.58005,0.58134,0.57958,0.58118,8516
2023-09-22T05:00:00.000Z,0.5812,0.58339,0.58087,0.58335,19018
2023-09-22T09:00:00.000Z,0.58335,0.58547,0.58306,0.58459,13612
2023-09-22T13:00:00.000Z,0.5846,0.58539,0.58384,0.58454,17969
2023-09-22T17:00:00.000Z,0.58453,0.58493,0.58381,0.58415,7643
2023-09-24T21:00:00.000Z,0.58324,0.58484,0.58278,0.58446,6279
2023-09-25T01:00:00.000Z,0.58448,0.58476,0.5828,0.58359,5837
2023-09-25T05:00:00.000Z,0.58356,0.5847,0.58259,0.58364,12592
2023-09-25T09:00:00.000Z,0.58363,0.58541,0.58356,0.58483,12513
2023-09-25T13:00:00.000Z,0.58483,0.58672,0.58474,0.58538,18334
2023-09-25T17:00:00.000Z,0.58538,0.58603,0.58519,0.5858,6030
2023-09-25T21:00:00.000Z,0.58474,0.5862,0.58457,0.58581,4753
2023-09-26T01:00:00.000Z,0.5858,0.58669,0.58525,0.5854,8074
2023-09-26T05:00:00.000Z,0.5854,0.58592,0.58403,0.58458,15764
2023-09-26T09:00:00.000Z,0.5846,0.58549,0.58425,0.58536,14030
2023-09-26T13:00:00.000Z,0.58537,0.5866,0.58503,0.5859,19722
2023-09-26T17:00:00.000Z,0.58591,0.58601,0.58501,0.58582,7648
2023-09-26T21:00:00.000Z,0.58463,0.58632,0.58417,0.5856,4844
2023-09-27T01:00:00.000Z,0.58561,0.58704,0.58493,0.58537,8563
2023-09-27T05:00:00.000Z,0.58536,0.58571,0.58425,0.58489,11304
2023-09-27T09:00:00.000Z,0.58492,0.58551,0.58391,0.58517,13608
2023-09-27T13:00:00.000Z,0.58516,0.5869,0.58475,0.58496,22016
2023-09-27T17:00:00.000Z,0.58494,0.58558,0.58389,0.58524,14706
2023-09-27T21:00:00.000Z,0.58397,0.58553,0.58397,0.58536,5551
2023-09-28T01:00:00.000Z,0.58538,0.58717,0.58536,0.58699,7802
2023-09-28T05:00:00.000Z,0.58701,0.58749,0.58529,0.58574,13879
2023-09-28T09:00:00.000Z,0.58573,0.58756,0.58477,0.58742,18703
2023-09-28T13:00:00.000Z,0.58741,0.58871,0.58624,0.58846,27553
2023-09-28T17:00:00.000Z,0.58845,0.58882,0.58762,0.58802,10652
2023-09-28T21:00:00.000Z,0.58722,0.58832,0.58701,0.58773,4096
2023-09-29T01:00:00.000Z,0.58772,0.59048,0.5877,0.58975,7301
2023-09-29T05:00:00.000Z,0.58976,0.59057,0.58908,0.5896,15079
2023-09-29T09:00:00.000Z,0.58958,0.59239,0.58919,0.59172,18469
2023-09-29T13:00:00.000Z,0.59171,0.59194,0.58872,0.58889,28423
2023-09-29T17:00:00.000Z,0.5889,0.58939,0.58816,0.58875,10730
2023-10-01T21:00:00.000Z,0.58705,0.59,0.58704,0.58893,6789
2023-10-02T01:00:00.000Z,0.58893,0.58941,0.58644,0.58653,5586
2023-10-02T05:00:00.000Z,0.58649,0.58679,0.5838,0.58381,12156
2023-10-02T09:00:00.000Z,0.58382,0.58555,0.58356,0.58521,13516
2023-10-02T13:00:00.000Z,0.5852,0.58643,0.58449,0.58464,28225
2023-10-02T17:00:00.000Z,0.58465,0.58467,0.58336,0.58437,9499
2023-10-02T21:00:00.000Z,0.58395,0.58446,0.58344,0.58434,6723
2023-10-03T01:00:00.000Z,0.58436,0.58441,0.58055,0.58077,9519
2023-10-03T05:00:00.000Z,0.58077,0.5828,0.57981,0.58151,16010
2023-10-03T09:00:00.000Z,0.58152,0.58219,0.58107,0.58125,17151
2023-10-03T13:00:00.000Z,0.58125,0.58199,0.57997,0.58044,39278
2023-10-03T17:00:00.000Z,0.58044,0.58065,0.57924,0.58039,12381
2023-10-03T21:00:00.000Z,0.58031,0.58154,0.57984,0.58114,6709
2023-10-04T01:00:00.000Z,0.58112,0.58274,0.57952,0.58233,10888
2023-10-04T05:00:00.000Z,0.58234,0.58293,0.58044,0.58086,18417
2023-10-04T09:00:00.000Z,0.58086,0.58135,0.57953,0.57982,22629
2023-10-04T13:00:00.000Z,0.57982,0.58077,0.57935,0.57985,30320
2023-10-04T17:00:00.000Z,0.57986,0.58011,0.57924,0.58006,12205
2023-10-04T21:00:00.000Z,0.57962,0.58068,0.5787,0.58045,5641
2023-10-05T01:00:00.000Z,0.58046,0.58263,0.58029,0.5825,8870
2023-10-05T05:00:00.000Z,0.58249,0.5825,0.58107,0.58117,14823
2023-10-05T09:00:00.000Z,0.58119,0.58152,0.57968,0.58095,19372
2023-10-05T13:00:00.000Z,0.58093,0.58161,0.57992,0.58091,27475
2023-10-05T17:00:00.000Z,0.58093,0.58178,0.58065,0.58125,11052
2023-10-05T21:00:00.000Z,0.58096,0.58176,0.57919,0.58151,5039
2023-10-06T01:00:00.000Z,0.58151,0.58254,0.58129,0.58166,6556
2023-10-06T05:00:00.000Z,0.58165,0.58178,0.58045,0.58097,12898
2023-10-06T09:00:00.000Z,0.58097,0.58104,0.57846,0.57985,20669
2023-10-06T13:00:00.000Z,0.57985,0.5811,0.57938,0.58057,38967
2023-10-06T17:00:00.000Z,0.58058,0.58173,0.58042,0.5809,8527
2023-10-08T21:00:00.000Z,0.5777,0.57958,0.57719,0.57932,11824
2023-10-09T01:00:00.000Z,0.57932,0.5794,0.5778,0.57794,8534
2023-10-09T05:00:00.000Z,0.57794,0.57972,0.57777,0.57907,18943
2023-10-09T09:00:00.000Z,0.57906,0.57969,0.5782,0.57853,15626
2023-10-09T13:00:00.000Z,0.57854,0.57935,0.57801,0.57914,23029
2023-10-09T17:00:00.000Z,0.57913,0.58126,0.57882,0.58117,12245
2023-10-09T21:00:00.000Z,0.57991,0.58143,0.57991,0.58103,9697
2023-10-10T01:00:00.000Z,0.58104,0.58209,0.58026,0.58084,12754
2023-10-10T05:00:00.000Z,0.58084,0.58154,0.579,0.58046,26748
2023-10-10T09:00:00.000Z,0.58049,0.58065,0.57953,0.58033,27194
2023-10-10T13:00:00.000Z,0.58035,0.58135,0.57999,0.58096,31127
2023-10-10T17:00:00.000Z,0.58095,0.5819,0.5803,0.58174,13479
2023-10-10T21:00:00.000Z,0.58152,0.58257,0.58115,0.58214,5741
2023-10-11T01:00:00.000Z,0.58215,0.58245,0.58051,0.58095,11142
2023-10-11T05:00:00.000Z,0.58096,0.58156,0.57956,0.5798,22397
2023-10-11T09:00:00.000Z,0.5798,0.57995,0.57858,0.57921,26582
2023-10-11T13:00:00.000Z,0.57922,0.57942,0.57788,0.57804,31443
2023-10-11T17:00:00.000Z,0.57804,0.57857,0.57764,0.57845,13581
2023-10-11T21:00:00.000Z,0.57713,0.57865,0.57712,0.57824,7851
2023-10-12T01:00:00.000Z,0.57825,0.57874,0.5776,0.57838,9188
2023-10-12T05:00:00.000Z,0.57837,0.5784,0.57691,0.57716,16862
2023-10-12T09:00:00.000Z,0.57716,0.5774,0.57575,0.57624,24922
2023-10-12T13:00:00.000Z,0.57626,0.57641,0.57359,0.5739,32455
2023-10-12T17:00:00.000Z,0.5739,0.57402,0.57309,0.57358,16943
2023-10-12T21:00:00.000Z,0.57362,0.57385,0.57229,0.57347,8532
2023-10-13T01:00:00.000Z,0.57347,0.57448,0.57253,0.57259,9072
2023-10-13T05:00:00.000Z,0.57257,0.57385,0.57249,0.57307,19590
2023-10-13T09:00:00.000Z,0.57307,0.57336,0.57241,0.57264,24082
2023-10-13T13:00:00.000Z,0.57263,0.57276,0.56681,0.56723,21763
2023-10-13T17:00:00.000Z,0.56721,0.56827,0.56645,0.5682,7576
2023-10-15T21:00:00.000Z,0.56765,0.56958,0.56737,0.56873,6476
2023-10-16T01:00:00.000Z,0.56876,0.57053,0.56876,0.56998,6231
2023-10-16T05:00:00.000Z,0.56998,0.57185,0.5696,0.57109,12075
2023-10-16T09:00:00.000Z,0.57108,0.57136,0.56987,0.57043,11704
2023-10-16T13:00:00.000Z,0.57044,0.57125,0.56996,0.57115,16257
2023-10-16T17:00:00.000Z,0.57115,0.57121,0.57047,0.57089,8132
2023-10-16T21:00:00.000Z,0.5694,0.57242,0.5694,0.57196,7470
2023-10-17T01:00:00.000Z,0.57193,0.57337,0.57152,0.57256,6566
2023-10-17T05:00:00.000Z,0.57256,0.57357,0.57226,0.57264,11858
2023-10-17T09:00:00.000Z,0.57263,0.57311,0.57187,0.57212,16779
2023-10-17T13:00:00.000Z,0.57213,0.5741,0.57179,0.57381,27945
2023-10-17T17:00:00.000Z,0.57382,0.57386,0.57249,0.57312,13359
2023-10-17T21:00:00.000Z,0.5723,0.57325,0.57212,0.57214,6842
2023-10-18T01:00:00.000Z,0.57215,0.57388,0.57174,0.57344,10463
2023-10-18T05:00:00.000Z,0.57345,0.57439,0.57323,0.57374,17739
2023-10-18T09:00:00.000Z,0.57376,0.57378,0.57122,0.5716,19205
2023-10-18T13:00:00.000Z,0.57161,0.57202,0.56866,0.56914,26508
2023-10-18T17:00:00.000Z,0.56914,0.57029,0.56908,0.56968,15749
2023-10-18T21:00:00.000Z,0.56932,0.56968,0.56753,0.56784,7630
2023-10-19T01:00:00.000Z,0.56783,0.56808,0.56597,0.56653,10740
2023-10-19T05:00:00.000Z,0.56653,0.56736,0.56605,0.56701,18458
2023-10-19T09:00:00.000Z,0.567,0.56705,0.5659,0.5665,17151
2023-10-19T13:00:00.000Z,0.56654,0.56794,0.566,0.567,32659
2023-10-19T17:00:00.000Z,0.56702,0.56748,0.5638,0.5642,23384
2023-10-19T21:00:00.000Z,0.56328,0.56445,0.56326,0.56341,7684
2023-10-20T01:00:00.000Z,0.56342,0.56397,0.56273,0.56384,10936
2023-10-20T05:00:00.000Z,0.56383,0.56395,0.56136,0.56277,17847
2023-10-20T09:00:00.000Z,0.5628,0.5634,0.56239,0.56326,15869
2023-10-20T13:00:00.000Z,0.56322,0.56414,0.5627,0.56368,20105
2023-10-20T17:00:00.000Z,0.56369,0.56382,0.56288,0.56332,12962
2023-10-22T21:00:00.000Z,0.56234,0.56465,0.56205,0.56394,9415
2023-10-23T01:00:00.000Z,0.56394,0.56497,0.56382,0.56451,6428
2023-10-23T05:00:00.000Z,0.56451,0.56539,0.56269,0.5628,13527
2023-10-23T09:00:00.000Z,0.56279,0.56403,0.56131,0.56386,15343
2023-10-23T13:00:00.000Z,0.56387,0.56558,0.56387,0.56548,20982
2023-10-23T17:00:00.000Z,0.56549,0.56556,0.56424,0.56436,11242
2023-10-23T21:00:00.000Z,0.56404,0.56512,0.56368,0.56503,8326
2023-10-24T01:00:00.000Z,0.56503,0.56641,0.5649,0.56632,9043
2023-10-24T05:00:00.000Z,0.56631,0.56807,0.56587,0.56753,16600
2023-10-24T09:00:00.000Z,0.56752,0.56878,0.56735,0.56867,13598
2023-10-24T13:00:00.000Z,0.56867,0.56886,0.56696,0.56719,22098
2023-10-24T17:00:00.000Z,0.56719,0.56828,0.56718,0.56759,9782
2023-10-24T21:00:00.000Z,0.56701,0.57084,0.56694,0.57077,10161
2023-10-25T01:00:00.000Z,0.57074,0.57128,0.56948,0.57005,8298
2023-10-25T05:00:00.000Z,0.57004,0.57015,0.56826,0.56863,12775
2023-10-25T09:00:00.000Z,0.56864,0.56884,0.56706,0.56751,12797
2023-10-25T13:00:00.000Z,0.56751,0.5678,0.56612,0.56641,21145
2023-10-25T17:00:00.000Z,0.56641,0.5665,0.56535,0.56578,12205
2023-10-25T21:00:00.000Z,0.5657,0.56589,0.56307,0.56334,10550
2023-10-26T01:00:00.000Z,0.56333,0.56458,0.56303,0.56376,13839
2023-10-26T05:00:00.000Z,0.56375,0.5679,0.56375,0.56751,15560
2023-10-26T09:00:00.000Z,0.56751,0.56796,0.56561,0.56683,19603
2023-10-26T13:00:00.000Z,0.56683,0.56839,0.56635,0.56731,25850
2023-10-26T17:00:00.000Z,0.56729,0.5691,0.56724,0.56825,13318
2023-10-26T21:00:00.000Z,0.56762,0.56982,0.56724,0.56959,9444
2023-10-27T01:00:00.000Z,0.56961,0.57023,0.56882,0.57004,9551
2023-10-27T05:00:00.000Z,0.57003,0.5722,0.56911,0.57185,13217
2023-10-27T09:00:00.000Z,0.57184,0.57255,0.57123,0.57245,15483
2023-10-27T13:00:00.000Z,0.57245,0.57382,0.57228,0.57254,23420
2023-10-27T17:00:00.000Z,0.57252,0.57266,0.57091,0.57131,11660
2023-10-29T21:00:00.000Z,0.57049,0.57326,0.57039,0.57297,7026
2023-10-30T01:00:00.000Z,0.57296,0.5745,0.57281,0.57379,6174
2023-10-30T05:00:00.000Z,0.57378,0.57464,0.57334,0.57371,9822
2023-10-30T09:00:00.000Z,0.5737,0.57664,0.5737,0.57493,14250
2023-10-30T13:00:00.000Z,0.57494,0.57578,0.5741,0.57467,19633
2023-10-30T17:00:00.000Z,0.57466,0.57526,0.5746,0.57519,9175
2023-10-30T21:00:00.000Z,0.57415,0.57501,0.57396,0.57426,6778
2023-10-31T01:00:00.000Z,0.57426,0.57495,0.57229,0.57244,10939
2023-10-31T05:00:00.000Z,0.57244,0.57437,0.57226,0.57426,11858
2023-10-31T09:00:00.000Z,0.57427,0.57511,0.5736,0.57411,15152
2023-10-31T13:00:00.000Z,0.57412,0.5763,0.57364,0.5756,26723
2023-10-31T17:00:00.000Z,0.57559,0.57707,0.57522,0.57682,11550
2023-10-31T21:00:00.000Z,0.57551,0.57717,0.57502,0.57582,7121
2023-11-01T01:00:00.000Z,0.57582,0.57682,0.57524,0.57599,8501
2023-11-01T05:00:00.000Z,0.57599,0.57702,0.57557,0.577,10936
2023-11-01T09:00:00.000Z,0.57702,0.57789,0.57579,0.57749,15396
2023-11-01T13:00:00.000Z,0.57748,0.58059,0.57715,0.57889,26271
2023-11-01T17:00:00.000Z,0.57887,0.58106,0.57865,0.58024,24422
2023-11-01T21:00:00.000Z,0.5798,0.58206,0.57945,0.58206,9650
2023-11-02T01:00:00.000Z,0.58205,0.58258,0.58013,0.58021,9163
2023-11-02T05:00:00.000Z,0.58022,0.58239,0.58005,0.58201,12758
2023-11-02T09:00:00.000Z,0.58198,0.58258,0.58135,0.58242,18992
2023-11-02T13:00:00.000Z,0.58241,0.58242,0.58034,0.58128,23432
2023-11-02T17:00:00.000Z,0.58128,0.58283,0.5812,0.58282,10296
2023-11-02T21:00:00.000Z,0.58271,0.58301,0.58166,0.58191,7005
2023-11-03T01:00:00.000Z,0.58189,0.58294,0.58175,0.58234,8811
2023-11-03T05:00:00.000Z,0.58233,0.58399,0.58212,0.58372,9751
2023-11-03T09:00:00.000Z,0.58373,0.58482,0.58238,0.58386,18202
2023-11-03T13:00:00.000Z,0.58385,0.58544,0.58365,0.58413,34471
2023-11-03T17:00:00.000Z,0.58411,0.58571,0.58407,0.5856,9888
2023-11-05T22:00:00.000Z,0.58467,0.58603,0.5844,0.58513,10118
2023-11-06T02:00:00.000Z,0.58513,0.58526,0.58343,0.58429,7777
2023-11-06T06:00:00.000Z,0.5843,0.5847,0.58291,0.58313,13329
2023-11-06T10:00:00.000Z,0.58313,0.58407,0.58295,0.58384,13243
2023-11-06T14:00:00.000Z,0.58385,0.58425,0.58276,0.58325,16695
2023-11-06T18:00:00.000Z,0.58325,0.58352,0.58296,0.58349,10709
2023-11-06T22:00:00.000Z,0.58341,0.58382,0.58195,0.58224,8424
2023-11-07T02:00:00.000Z,0.58223,0.58467,0.57898,0.57956,12129
2023-11-07T06:00:00.000Z,0.57955,0.5798,0.57764,0.57805,13787
2023-11-07T10:00:00.000Z,0.57806,0.57881,0.57758,0.57785,14804
2023-11-07T14:00:00.000Z,0.57785,0.57852,0.57719,0.57845,17828
2023-11-07T18:00:00.000Z,0.57845,0.57939,0.5784,0.57928,10699
2023-11-07T22:00:00.000Z,0.5783,0.57956,0.57828,0.5793,8081
2023-11-08T02:00:00.000Z,0.57928,0.58044,0.57913,0.57942,8455
2023-11-08T06:00:00.000Z,0.57941,0.58097,0.57911,0.57934,13932
2023-11-08T10:00:00.000Z,0.57933,0.57969,0.57795,0.57849,13022
2023-11-08T14:00:00.000Z,0.57849,0.57897,0.57586,0.57659,21677
2023-11-08T18:00:00.000Z,0.57659,0.57682,0.57558,0.57578,10501
2023-11-08T22:00:00.000Z,0.57544,0.57689,0.57454,0.57653,9824
2023-11-09T02:00:00.000Z,0.57654,0.57705,0.57586,0.57657,6501
2023-11-09T06:00:00.000Z,0.57656,0.57765,0.57584,0.57689,13382
2023-11-09T10:00:00.000Z,0.57689,0.57773,0.57574,0.57718,13003
2023-11-09T14:00:00.000Z,0.57718,0.57845,0.57704,0.5774,19615
2023-11-09T18:00:00.000Z,0.5774,0.57749,0.57483,0.57485,22323
2023-11-09T22:00:00.000Z,0.57472,0.57512,0.57388,0.57467,9259
2023-11-10T02:00:00.000Z,0.57468,0.57483,0.57408,0.57444,5450
2023-11-10T06:00:00.000Z,0.57443,0.57522,0.57354,0.57372,12662
2023-11-10T10:00:00.000Z,0.57371,0.57393,0.57246,0.57362,14231
2023-11-10T14:00:00.000Z,0.57363,0.57389,0.57261,0.57362,20433
2023-11-10T18:00:00.000Z,0.57361,0.57413,0.57342,0.57394,6081
2023-11-12T22:00:00.000Z,0.57315,0.57455,0.57296,0.57384,7046
2023-11-13T02:00:00.000Z,0.57384,0.57434,0.57343,0.57418,4230
2023-11-13T06:00:00.000Z,0.57419,0.57544,0.57374,0.57512,10203
2023-11-13T10:00:00.000Z,0.57511,0.57693,0.57493,0.57571,10249
2023-11-13T14:00:00.000Z,0.57569,0.57587,0.57481,0.57574,16404
2023-11-13T18:00:00.000Z,0.57575,0.5759,0.57481,0.5749,7016
2023-11-13T22:00:00.000Z,0.57474,0.57583,0.57421,0.57533,5439
2023-11-14T02:00:00.000Z,0.57532,0.57552,0.57429,0.57451,4551
2023-11-14T06:00:00.000Z,0.57451,0.57503,0.57332,0.57481,10249
2023-11-14T10:00:00.000Z,0.57482,0.5774,0.57324,0.57731,17036
2023-11-14T14:00:00.000Z,0.57728,0.57849,0.57663,0.57821,25638
2023-11-14T18:00:00.000Z,0.57818,0.57867,0.57793,0.57856,8454
2023-11-14T22:00:00.000Z,0.578,0.57834,0.57683,0.57737,10100
2023-11-15T02:00:00.000Z,0.57739,0.57819,0.57726,0.57782,6667
2023-11-15T06:00:00.000Z,0.57782,0.57863,0.57716,0.57851,14512
2023-11-15T10:00:00.000Z,0.57851,0.5798,0.57689,0.57764,15048
2023-11-15T14:00:00.000Z,0.57764,0.57895,0.57662,0.57848,21168
2023-11-15T18:00:00.000Z,0.57846,0.57866,0.5777,0.57799,9533
2023-11-15T22:00:00.000Z,0.57712,0.57806,0.57519,0.57551,9345
2023-11-16T02:00:00.000Z,0.57551,0.57556,0.57416,0.5753,6814
2023-11-16T06:00:00.000Z,0.57531,0.57784,0.57512,0.57764,12841
2023-11-16T10:00:00.000Z,0.57764,0.57781,0.57604,0.57738,15757
2023-11-16T14:00:00.000Z,0.57739,0.57744,0.57352,0.57485,25545
2023-11-16T18:00:00.000Z,0.57485,0.57559,0.57441,0.5751,8553
2023-11-16T22:00:00.000Z,0.57478,0.5751,0.57418,0.57444,7918
2023-11-17T02:00:00.000Z,0.57442,0.57495,0.574,0.57495,6419
2023-11-17T06:00:00.000Z,0.57495,0.57605,0.57372,0.57581,15709
2023-11-17T10:00:00.000Z,0.57581,0.57749,0.57575,0.57643,16016
2023-11-17T14:00:00.000Z,0.57643,0.57692,0.57562,0.57647,21198
2023-11-17T18:00:00.000Z,0.57646,0.5772,0.57636,0.57695,8456
2023-11-19T22:00:00.000Z,0.57551,0.57768,0.57545,0.57701,9720
2023-11-20T02:00:00.000Z,0.57699,0.57965,0.5767,0.57846,10552
2023-11-20T06:00:00.000Z,0.57845,0.58008,0.57845,0.57924,14847
2023-11-20T10:00:00.000Z,0.57925,0.57994,0.5787,0.57944,11296
2023-11-20T14:00:00.000Z,0.57943,0.58021,0.57769,0.57948,16602
2023-11-20T18:00:00.000Z,0.57949,0.58066,0.57943,0.58031,10252
2023-11-20T22:00:00.000Z,0.57947,0.58102,0.57947,0.58059,9838
2023-11-21T02:00:00.000Z,0.58058,0.58159,0.58025,0.58033,8797
2023-11-21T06:00:00.000Z,0.58036,0.58181,0.57975,0.57987,16620
2023-11-21T10:00:00.000Z,0.57987,0.58164,0.57967,0.5799,14559
2023-11-21T14:00:00.000Z,0.5799,0.58168,0.57893,0.57968,19309
2023-11-21T18:00:00.000Z,0.57967,0.57967,0.57874,0.57924,11410
2023-11-21T22:00:00.000Z,0.57921,0.58004,0.57859,0.57903,6896
2023-11-22T02:00:00.000Z,0.57902,0.5793,0.57808,0.57816,7228
2023-11-22T06:00:00.000Z,0.57817,0.57979,0.57731,0.57963,15765
2023-11-22T10:00:00.000Z,0.57963,0.58058,0.57879,0.57937,19502
2023-11-22T14:00:00.000Z,0.57938,0.57948,0.57815,0.57848,24874
2023-11-22T18:00:00.000Z,0.57847,0.57867,0.57796,0.57834,8883
2023-11-22T22:00:00.000Z,0.57783,0.5789,0.57781,0.57873,7735
2023-11-23T02:00:00.000Z,0.57874,0.57941,0.57799,0.57925,7121
2023-11-23T06:00:00.000Z,0.5793,0.58027,0.57922,0.57933,16184
2023-11-23T10:00:00.000Z,0.57933,0.58049,0.579,0.57964,11726
2023-11-23T14:00:00.000Z,0.57965,0.58001,0.57889,0.57978,8890
2023-11-23T18:00:00.000Z,0.57976,0.58017,0.57948,0.57994,3761
2023-11-23T22:00:00.000Z,0.57957,0.58057,0.57841,0.58031,9908
2023-11-24T02:00:00.000Z,0.58032,0.58032,0.57945,0.58003,7319
2023-11-24T06:00:00.000Z,0.58003,0.58054,0.5796,0.58034,13539
2023-11-24T10:00:00.000Z,0.58035,0.58066,0.57964,0.57993,13445
2023-11-24T14:00:00.000Z,0.57992,0.5812,0.57986,0.58083,14523
2023-11-24T18:00:00.000Z,0.58083,0.58144,0.57985,0.5803,14373
2023-11-26T22:00:00.000Z,0.58003,0.58127,0.58,0.58083,6960
2023-11-27T02:00:00.000Z,0.58083,0.58086,0.57941,0.57984,8141
2023-11-27T06:00:00.000Z,0.57985,0.58169,0.57983,0.58142,14518
2023-11-27T10:00:00.000Z,0.58143,0.58199,0.58057,0.58088,18117
2023-11-27T14:00:00.000Z,0.5809,0.58152,0.58044,0.5811,19352
2023-11-27T18:00:00.000Z,0.58111,0.58206,0.58099,0.58155,8372
2023-11-27T22:00:00.000Z,0.58142,0.58281,0.58095,0.58239,11308
2023-11-28T02:00:00.000Z,0.58241,0.58332,0.58213,0.58227,7519
2023-11-28T06:00:00.000Z,0.58228,0.58294,0.58113,0.58207,14834
2023-11-28T10:00:00.000Z,0.58209,0.58334,0.58178,0.58201,16630
2023-11-28T14:00:00.000Z,0.58201,0.58406,0.58181,0.58337,30072
2023-11-28T18:00:00.000Z,0.58338,0.58398,0.5826,0.58371,10794
2023-11-28T22:00:00.000Z,0.58336,0.58493,0.58205,0.5835,12260
2023-11-29T02:00:00.000Z,0.5835,0.58376,0.58219,0.58232,8064
2023-11-29T06:00:00.000Z,0.58233,0.58236,0.58046,0.58087,17141
2023-11-29T10:00:00.000Z,0.58088,0.58146,0.57972,0.57977,20453
2023-11-29T14:00:00.000Z,0.57978,0.58004,0.57844,0.57897,25493
2023-11-29T18:00:00.000Z,0.57896,0.57909,0.57765,0.57817,11418
2023-11-29T22:00:00.000Z,0.57826,0.57856,0.57739,0.578,8871
2023-11-30T02:00:00.000Z,0.578,0.5803,0.57784,0.57956,8207
2023-11-30T06:00:00.000Z,0.57956,0.58031,0.57836,0.57848,17293
2023-11-30T10:00:00.000Z,0.57848,0.57861,0.5765,0.57686,20487
2023-11-30T14:00:00.000Z,0.57686,0.5782,0.57578,0.57782,37033
2023-11-30T18:00:00.000Z,0.57784,0.57902,0.57771,0.57808,11951
2023-11-30T22:00:00.000Z,0.57727,0.57933,0.57688,0.57921,10020
2023-12-01T02:00:00.000Z,0.57921,0.57947,0.57748,0.57804,8385
2023-12-01T06:00:00.000Z,0.57804,0.5795,0.57688,0.57942,15280
2023-12-01T10:00:00.000Z,0.57943,0.57977,0.57839,0.57936,14690
2023-12-01T14:00:00.000Z,0.57937,0.58074,0.57851,0.58067,32778
2023-12-01T18:00:00.000Z,0.58066,0.58069,0.57896,0.58014,10722
2023-12-03T22:00:00.000Z,0.57964,0.58136,0.57897,0.58106,14320
2023-12-04T02:00:00.000Z,0.58105,0.58128,0.57892,0.57962,7931
2023-12-04T06:00:00.000Z,0.5796,0.58131,0.57868,0.58035,18196
2023-12-04T10:00:00.000Z,0.58032,0.58091,0.57939,0.57998,18344
2023-12-04T14:00:00.000Z,0.58,0.5801,0.57747,0.57773,29082
2023-12-04T18:00:00.000Z,0.57773,0.57793,0.57684,0.5777,9935
2023-12-04T22:00:00.000Z,0.57716,0.57777,0.57649,0.57678,10472
2023-12-05T02:00:00.000Z,0.57676,0.57692,0.57346,0.57395,9616
2023-12-05T06:00:00.000Z,0.57394,0.57549,0.57363,0.57449,18267
2023-12-05T10:00:00.000Z,0.57448,0.57487,0.57263,0.57274,12493
2023-12-05T14:00:00.000Z,0.57274,0.57446,0.57271,0.57366,20457
2023-12-05T18:00:00.000Z,0.57365,0.57409,0.57314,0.57324,5422
2023-12-05T22:00:00.000Z,0.57296,0.57637,0.57247,0.57633,8654
2023-12-06T02:00:00.000Z,0.57633,0.577,0.57545,0.57623,4793
2023-12-06T06:00:00.000Z,0.57623,0.57668,0.57451,0.57466,10520
2023-12-06T10:00:00.000Z,0.57466,0.57561,0.57417,0.57515,12431
2023-12-06T14:00:00.000Z,0.57516,0.57559,0.57346,0.57382,14799
2023-12-06T18:00:00.000Z,0.57382,0.57405,0.57275,0.57282,5659
2023-12-06T22:00:00.000Z,0.57244,0.57358,0.57244,0.57304,6555
2023-12-07T02:00:00.000Z,0.57304,0.57306,0.57116,0.57222,6301
2023-12-07T06:00:00.000Z,0.57222,0.57392,0.57215,0.57388,11704
2023-12-07T10:00:00.000Z,0.57388,0.57645,0.57314,0.5762,13103
2023-12-07T14:00:00.000Z,0.5762,0.57824,0.57604,0.57746,20777
2023-12-07T18:00:00.000Z,0.57746,0.57837,0.57687,0.57765,7971
2023-12-07T22:00:00.000Z,0.57715,0.57812,0.57702,0.57804,8836
2023-12-08T02:00:00.000Z,0.57804,0.57949,0.57769,0.57883,6896
2023-12-08T06:00:00.000Z,0.57883,0.57921,0.57737,0.57818,11979
2023-12-08T10:00:00.000Z,0.57818,0.57994,0.57701,0.5793,15281
2023-12-08T14:00:00.000Z,0.57929,0.57946,0.57757,0.57907,24983
2023-12-08T18:00:00.000Z,0.57907,0.57947,0.57863,0.57878,5405
2023-12-10T22:00:00.000Z,0.57831,0.57908,0.57629,0.57648,8616
2023-12-11T02:00:00.000Z,0.57648,0.57724,0.57631,0.57717,4993
2023-12-11T06:00:00.000Z,0.57717,0.57783,0.57563,0.57634,11266
2023-12-11T10:00:00.000Z,0.57634,0.57808,0.57631,0.57756,10784
2023-12-11T14:00:00.000Z,0.57757,0.57851,0.57651,0.577,14760
2023-12-11T18:00:00.000Z,0.577,0.57734,0.57663,0.57693,6208
2023-12-11T22:00:00.000Z,0.57656,0.57774,0.57623,0.57726,6238
2023-12-12T02:00:00.000Z,0.57726,0.57836,0.57713,0.57824,4112
2023-12-12T06:00:00.000Z,0.57825,0.5789,0.57724,0.57853,9638
2023-12-12T10:00:00.000Z,0.57852,0.57855,0.57493,0.57523,13443
2023-12-12T14:00:00.000Z,0.57523,0.57527,0.57377,0.57386,19117
2023-12-12T18:00:00.000Z,0.57388,0.5743,0.57385,0.57416,6821
2023-12-12T22:00:00.000Z,0.57391,0.57481,0.57269,0.57466,7713
2023-12-13T02:00:00.000Z,0.57466,0.57469,0.57347,0.57409,5756
2023-12-13T06:00:00.000Z,0.57409,0.57463,0.57329,0.5742,10161
2023-12-13T10:00:00.000Z,0.57418,0.57563,0.57373,0.57553,11176
2023-12-13T14:00:00.000Z,0.57553,0.57741,0.57553,0.57679,13307
2023-12-13T18:00:00.000Z,0.57679,0.58191,0.57543,0.58061,22919
2023-12-13T22:00:00.000Z,0.57995,0.58314,0.57933,0.5826,11221
2023-12-14T02:00:00.000Z,0.5826,0.58337,0.58209,0.58298,9057
2023-12-14T06:00:00.000Z,0.58298,0.58641,0.58172,0.58443,18990
2023-12-14T10:00:00.000Z,0.58444,0.58474,0.5815,0.58314,19091
2023-12-14T14:00:00.000Z,0.58315,0.58395,0.57936,0.57976,20593
2023-12-14T18:00:00.000Z,0.57976,0.58111,0.57911,0.5811,7279
2023-12-14T22:00:00.000Z,0.58057,0.58163,0.57962,0.58072,8828
2023-12-15T02:00:00.000Z,0.58072,0.5822,0.58061,0.58063,7538
2023-12-15T06:00:00.000Z,0.58063,0.58275,0.58047,0.5825,14066
2023-12-15T10:00:00.000Z,0.5825,0.58293,0.57952,0.5799,14531
2023-12-15T14:00:00.000Z,0.5799,0.5836,0.57978,0.58275,19978
2023-12-15T18:00:00.000Z,0.58275,0.58418,0.58248,0.58314,8678
2023-12-17T22:00:00.000Z,0.58225,0.58417,0.58185,0.58332,9295
2023-12-18T02:00:00.000Z,0.58332,0.58418,0.58297,0.58349,4915
2023-12-18T06:00:00.000Z,0.58349,0.58489,0.58344,0.5846,10597
2023-12-18T10:00:00.000Z,0.5846,0.58479,0.58292,0.58359,12223
2023-12-18T14:00:00.000Z,0.5836,0.58368,0.58065,0.58162,15353
2023-12-18T18:00:00.000Z,0.58161,0.582,0.58115,0.5815,5906
2023-12-18T22:00:00.000Z,0.58144,0.58244,0.58108,0.58211,6923
2023-12-19T02:00:00.000Z,0.58211,0.58327,0.58176,0.58189,7150
2023-12-19T06:00:00.000Z,0.58189,0.58357,0.58099,0.58298,11755
2023-12-19T10:00:00.000Z,0.58298,0.58331,0.5815,0.58235,11290
2023-12-19T14:00:00.000Z,0.58235,0.5839,0.58123,0.58268,16201
2023-12-19T18:00:00.000Z,0.58268,0.5828,0.58171,0.5822,5671
2023-12-19T22:00:00.000Z,0.58144,0.5825,0.58076,0.58238,7062
2023-12-20T02:00:00.000Z,0.58238,0.58349,0.58177,0.58303,6482
2023-12-20T06:00:00.000Z,0.58303,0.58364,0.58215,0.58287,11898
2023-12-20T10:00:00.000Z,0.58287,0.58511,0.58246,0.5836,10415
2023-12-20T14:00:00.000Z,0.5836,0.58392,0.5822,0.58301,13813
2023-12-20T18:00:00.000Z,0.58302,0.5832,0.58048,0.58057,10359
2023-12-20T22:00:00.000Z,0.58056,0.58176,0.5794,0.58144,4606
2023-12-21T02:00:00.000Z,0.58144,0.58208,0.58098,0.5816,5053
2023-12-21T06:00:00.000Z,0.5816,0.58215,0.58118,0.58176,8547
2023-12-21T10:00:00.000Z,0.58176,0.58197,0.58,0.58154,14702
2023-12-21T14:00:00.000Z,0.58156,0.58294,0.58081,0.58181,23664
2023-12-21T18:00:00.000Z,0.5818,0.58269,0.58164,0.58226,11716
2023-12-21T22:00:00.000Z,0.58204,0.58267,0.58118,0.58153,9227
2023-12-22T02:00:00.000Z,0.58153,0.58155,0.58047,0.58075,7344
2023-12-22T06:00:00.000Z,0.58075,0.58142,0.58048,0.58116,12242
2023-12-22T10:00:00.000Z,0.58116,0.58228,0.58038,0.58132,16916
2023-12-22T14:00:00.000Z,0.5813,0.58278,0.58027,0.58238,22655
2023-12-22T18:00:00.000Z,0.58239,0.58266,0.58154,0.58183,10547
2023-12-25T22:00:00.000Z,0.58147,0.58313,0.58074,0.58265,4265
2023-12-26T02:00:00.000Z,0.58265,0.58297,0.58244,0.58258,2793
2023-12-26T06:00:00.000Z,0.58258,0.58337,0.582,0.58292,5660
2023-12-26T10:00:00.000Z,0.58292,0.58393,0.58236,0.58298,8522
2023-12-26T14:00:00.000Z,0.58298,0.58314,0.58168,0.58266,9970
2023-12-26T18:00:00.000Z,0.58266,0.58278,0.5821,0.58261,5865
2023-12-26T22:00:00.000Z,0.58231,0.58302,0.5818,0.58302,4766
2023-12-27T02:00:00.000Z,0.58302,0.58377,0.58228,0.5829,4158
2023-12-27T06:00:00.000Z,0.58292,0.58388,0.58191,0.58209,8887
2023-12-27T10:00:00.000Z,0.58209,0.58395,0.58191,0.58199,8662
2023-12-27T14:00:00.000Z,0.58193,0.58244,0.5759,0.57743,16833
2023-12-27T18:00:00.000Z,0.57743,0.5779,0.57627,0.57726,8839
2023-12-27T22:00:00.000Z,0.57608,0.57797,0.57607,0.57752,4822
2023-12-28T02:00:00.000Z,0.57752,0.57766,0.57395,0.57535,4016
2023-12-28T06:00:00.000Z,0.57535,0.57564,0.56945,0.57047,11412
2023-12-28T10:00:00.000Z,0.57046,0.5732,0.57046,0.57306,13861
2023-12-28T14:00:00.000Z,0.57305,0.57578,0.57128,0.57564,17857
2023-12-28T18:00:00.000Z,0.57564,0.57704,0.57507,0.57697,9818
2023-12-28T22:00:00.000Z,0.5764,0.57688,0.57521,0.57639,6575
2023-12-29T02:00:00.000Z,0.57639,0.57709,0.57576,0.57694,7862
2023-12-29T06:00:00.000Z,0.57694,0.57703,0.57134,0.57174,10669
2023-12-29T10:00:00.000Z,0.57174,0.57175,0.56819,0.56987,14665
2023-12-29T14:00:00.000Z,0.56988,0.57495,0.56946,0.57359,19050
2023-12-29T18:00:00.000Z,0.57359,0.57389,0.5726,0.57296,6890
2024-01-01T22:00:00.000Z,0.57207,0.57448,0.57109,0.57397,5206
2024-01-02T02:00:00.000Z,0.57397,0.5772,0.57389,0.5771,6223
2024-01-02T06:00:00.000Z,0.5771,0.57814,0.57609,0.57722,14369
2024-01-02T10:00:00.000Z,0.57722,0.57834,0.57539,0.57586,17528
2024-01-02T14:00:00.000Z,0.57587,0.57615,0.57374,0.57581,20256
2024-01-02T18:00:00.000Z,0.57581,0.57581,0.57399,0.57494,7839
2024-01-02T22:00:00.000Z,0.5746,0.57531,0.57385,0.57398,6333
2024-01-03T02:00:00.000Z,0.57397,0.57497,0.57359,0.57491,6092
2024-01-03T06:00:00.000Z,0.57491,0.57564,0.57366,0.57463,12730
2024-01-03T10:00:00.000Z,0.57463,0.576,0.57261,0.57263,14880
2024-01-03T14:00:00.000Z,0.57263,0.57427,0.57161,0.57233,23669
2024-01-03T18:00:00.000Z,0.57233,0.57299,0.5714,0.57156,14167
2024-01-03T22:00:00.000Z,0.57153,0.57258,0.5706,0.57229,6356
2024-01-04T02:00:00.000Z,0.5723,0.5729,0.5712,0.57271,6271
2024-01-04T06:00:00.000Z,0.57271,0.57409,0.57232,0.57276,14689
2024-01-04T10:00:00.000Z,0.57275,0.573,0.57119,0.57146,14457
2024-01-04T14:00:00.000Z,0.57147,0.57174,0.56962,0.57068,18073
2024-01-04T18:00:00.000Z,0.57068,0.57124,0.56969,0.57009,7708
2024-01-04T22:00:00.000Z,0.56993,0.57041,0.56938,0.56991,6767
2024-01-05T02:00:00.000Z,0.5699,0.5707,0.56936,0.5701,4954
2024-01-05T06:00:00.000Z,0.5701,0.57132,0.56956,0.56997,13343
2024-01-05T10:00:00.000Z,0.56999,0.57051,0.56839,0.5702,14793
2024-01-05T14:00:00.000Z,0.57017,0.57096,0.56903,0.57065,25541
2024-01-05T18:00:00.000Z,0.57064,0.57118,0.57017,0.57106,7063
2024-01-07T22:00:00.000Z,0.57,0.57236,0.56978,0.57188,5499
2024-01-08T02:00:00.000Z,0.57188,0.57202,0.57031,0.57058,4560
2024-01-08T06:00:00.000Z,0.57058,0.57114,0.56843,0.56981,14257
2024-01-08T10:00:00.000Z,0.56981,0.56987,0.56767,0.56779,11692
2024-01-08T14:00:00.000Z,0.56778,0.56896,0.5676,0.56854,15642
2024-01-08T18:00:00.000Z,0.56854,0.56999,0.5684,0.56987,6801
2024-01-08T22:00:00.000Z,0.56971,0.57037,0.56897,0.5696,6310
2024-01-09T02:00:00.000Z,0.5696,0.57014,0.56852,0.56871,5302
2024-01-09T06:00:00.000Z,0.56871,0.57007,0.56801,0.5696,12129
2024-01-09T10:00:00.000Z,0.5696,0.57027,0.56926,0.56931,11642
2024-01-09T14:00:00.000Z,0.56931,0.57003,0.56891,0.56942,16399
2024-01-09T18:00:00.000Z,0.56941,0.57023,0.56916,0.57009,7663
2024-01-09T22:00:00.000Z,0.5698,0.57096,0.56912,0.57082,6339
2024-01-10T02:00:00.000Z,0.57082,0.57163,0.5707,0.57132,4716
2024-01-10T06:00:00.000Z,0.57132,0.57193,0.57059,0.57162,11537
2024-01-10T10:00:00.000Z,0.57163,0.57226,0.57077,0.57105,10327
2024-01-10T14:00:00.000Z,0.57105,0.57122,0.56946,0.56985,13982
2024-01-10T18:00:00.000Z,0.56984,0.57071,0.56984,0.57003,6276
2024-01-10T22:00:00.000Z,0.56952,0.57098,0.56945,0.57058,4437
2024-01-11T02:00:00.000Z,0.57058,0.57132,0.57044,0.57103,4486
2024-01-11T06:00:00.000Z,0.57103,0.57171,0.57028,0.57099,8170
2024-01-11T10:00:00.000Z,0.57099,0.5713,0.56901,0.56969,14778
2024-01-11T14:00:00.000Z,0.5697,0.57055,0.5685,0.56936,28024
2024-01-11T18:00:00.000Z,0.56937,0.57053,0.56928,0.56987,10371
2024-01-11T22:00:00.000Z,0.56951,0.5716,0.56949,0.57151,11081
2024-01-12T02:00:00.000Z,0.57151,0.57179,0.57057,0.57067,6141
2024-01-12T06:00:00.000Z,0.57067,0.57211,0.57064,0.57194,11169
2024-01-12T10:00:00.000Z,0.57194,0.57204,0.57035,0.57156,15889
2024-01-12T14:00:00.000Z,0.57155,0.5717,0.5699,0.57061,20913
2024-01-12T18:00:00.000Z,0.57061,0.57088,0.56946,0.5701,5875
2024-01-14T22:00:00.000Z,0.56935,0.57115,0.56931,0.57106,6211
2024-01-15T02:00:00.000Z,0.57106,0.57143,0.56995,0.56996,3726
2024-01-15T06:00:00.000Z,0.56997,0.57018,0.56833,0.56847,9331
2024-01-15T10:00:00.000Z,0.56846,0.56922,0.56789,0.56827,9788
2024-01-15T14:00:00.000Z,0.56828,0.57007,0.56826,0.57004,8683
2024-01-15T18:00:00.000Z,0.57004,0.57012,0.56969,0.5698,1045
2024-01-15T22:00:00.000Z,0.56966,0.57004,0.5676,0.56836,10411
2024-01-16T02:00:00.000Z,0.56836,0.56843,0.56709,0.56808,7031
2024-01-16T06:00:00.000Z,0.56807,0.56947,0.56763,0.56833,14740
2024-01-16T10:00:00.000Z,0.56833,0.56877,0.56768,0.5681,15954
2024-01-16T14:00:00.000Z,0.56809,0.56864,0.56691,0.56728,23837
2024-01-16T18:00:00.000Z,0.56728,0.56734,0.56638,0.56727,9018
2024-01-16T22:00:00.000Z,0.56668,0.56803,0.56633,0.56775,9462
2024-01-17T02:00:00.000Z,0.56775,0.56777,0.56548,0.56578,6755
2024-01-17T06:00:00.000Z,0.56579,0.56606,0.56389,0.56477,17004
2024-01-17T10:00:00.000Z,0.56479,0.56774,0.56417,0.56694,15909
2024-01-17T14:00:00.000Z,0.56692,0.56718,0.56565,0.56595,21352
2024-01-17T18:00:00.000Z,0.56594,0.56646,0.56579,0.56634,7852
2024-01-17T22:00:00.000Z,0.56623,0.56675,0.56416,0.56667,7499
2024-01-18T02:00:00.000Z,0.56667,0.5674,0.56619,0.56699,5416
2024-01-18T06:00:00.000Z,0.56698,0.56796,0.5667,0.56725,13361
2024-01-18T10:00:00.000Z,0.56725,0.56912,0.56714,0.56858,14164
2024-01-18T14:00:00.000Z,0.56858,0.57012,0.56858,0.56962,19705
2024-01-18T18:00:00.000Z,0.56961,0.57068,0.56946,0.57067,8644
2024-01-18T22:00:00.000Z,0.57044,0.57187,0.56959,0.57148,8220
2024-01-19T02:00:00.000Z,0.57144,0.5719,0.57058,0.57079,5085
2024-01-19T06:00:00.000Z,0.57079,0.57307,0.57062,0.57306,11166
2024-01-19T10:00:00.000Z,0.57306,0.57366,0.57261,0.57269,11527
2024-01-19T14:00:00.000Z,0.57269,0.57317,0.57143,0.57282,18361
2024-01-19T18:00:00.000Z,0.57282,0.57329,0.57258,0.57273,5810
2024-01-21T22:00:00.000Z,0.57222,0.5739,0.57196,0.57316,10326
2024-01-22T02:00:00.000Z,0.57316,0.5732,0.57186,0.572,5381
2024-01-22T06:00:00.000Z,0.572,0.5727,0.57108,0.5716,14234
2024-01-22T10:00:00.000Z,0.57159,0.57263,0.57154,0.57162,12300
2024-01-22T14:00:00.000Z,0.57162,0.57301,0.57154,0.57183,13223
2024-01-22T18:00:00.000Z,0.57183,0.57183,0.57069,0.57086,8282
2024-01-22T22:00:00.000Z,0.57092,0.57227,0.57054,0.572,5405
2024-01-23T02:00:00.000Z,0.57202,0.57246,0.57103,0.57194,9445
2024-01-23T06:00:00.000Z,0.57196,0.57241,0.57153,0.57191,13095
2024-01-23T10:00:00.000Z,0.57191,0.57326,0.57153,0.57265,10670
2024-01-23T14:00:00.000Z,0.57265,0.57344,0.57106,0.57153,14918
2024-01-23T18:00:00.000Z,0.57153,0.57273,0.57132,0.57262,6156
2024-01-23T22:00:00.000Z,0.57234,0.57262,0.57142,0.5715,5486
2024-01-24T02:00:00.000Z,0.5715,0.57157,0.57067,0.57118,5295
2024-01-24T06:00:00.000Z,0.57118,0.57195,0.57063,0.57085,13441
2024-01-24T10:00:00.000Z,0.57085,0.57123,0.5693,0.56956,12840
2024-01-24T14:00:00.000Z,0.56958,0.57019,0.56909,0.56944,20352
2024-01-24T18:00:00.000Z,0.56944,0.56949,0.56726,0.56735,12043
2024-01-24T22:00:00.000Z,0.56702,0.56823,0.56655,0.56809,6671
2024-01-25T02:00:00.000Z,0.56808,0.56867,0.56774,0.56831,5493
2024-01-25T06:00:00.000Z,0.56831,0.56889,0.56765,0.56861,11605
2024-01-25T10:00:00.000Z,0.56861,0.57134,0.5684,0.57133,13836
2024-01-25T14:00:00.000Z,0.57133,0.57194,0.5702,0.57051,22733
2024-01-25T18:00:00.000Z,0.57051,0.57103,0.57011,0.57089,11780
2024-01-25T22:00:00.000Z,0.57048,0.57151,0.57038,0.57091,6296
2024-01-26T02:00:00.000Z,0.57091,0.57168,0.57087,0.57132,5020
2024-01-26T06:00:00.000Z,0.57131,0.57157,0.56933,0.57009,11856
2024-01-26T10:00:00.000Z,0.57009,0.57034,0.56869,0.57011,13648
2024-01-26T14:00:00.000Z,0.57013,0.57018,0.56812,0.56841,16994
2024-01-26T18:00:00.000Z,0.56841,0.56894,0.5681,0.56831,5634
2024-01-28T22:00:00.000Z,0.56819,0.56935,0.56726,0.56912,5138
2024-01-29T02:00:00.000Z,0.56912,0.56933,0.56865,0.56917,3815
2024-01-29T06:00:00.000Z,0.56917,0.56956,0.5678,0.56887,10614
2024-01-29T10:00:00.000Z,0.56887,0.56993,0.56838,0.56961,9587
2024-01-29T14:00:00.000Z,0.56961,0.56979,0.56902,0.56942,12894
2024-01-29T18:00:00.000Z,0.56942,0.5697,0.56908,0.5694,9627
2024-01-29T22:00:00.000Z,0.56924,0.57042,0.56816,0.56983,8897
2024-01-30T02:00:00.000Z,0.56982,0.57009,0.56925,0.57006,4623
2024-01-30T06:00:00.000Z,0.57006,0.57014,0.56925,0.57002,11930
2024-01-30T10:00:00.000Z,0.57002,0.57014,0.56789,0.56796,12133
2024-01-30T14:00:00.000Z,0.56796,0.56908,0.56782,0.56859,18347
2024-01-30T18:00:00.000Z,0.56859,0.56918,0.56857,0.569,8666
2024-01-30T22:00:00.000Z,0.56876,0.56904,0.56644,0.56684,7503
2024-01-31T02:00:00.000Z,0.56684,0.5674,0.56596,0.56657,6875
2024-01-31T06:00:00.000Z,0.56657,0.56864,0.56629,0.56797,13119
2024-01-31T10:00:00.000Z,0.56797,0.5684,0.56702,0.56812,14262
2024-01-31T14:00:00.000Z,0.56812,0.56869,0.56609,0.56694,22255
2024-01-31T18:00:00.000Z,0.56694,0.56802,0.5653,0.56548,25141
2024-01-31T22:00:00.000Z,0.56495,0.5672,0.56466,0.56656,6657
2024-02-01T02:00:00.000Z,0.56656,0.56717,0.56447,0.56459,7043
2024-02-01T06:00:00.000Z,0.56459,0.56499,0.56262,0.56312,13123
2024-02-01T10:00:00.000Z,0.56312,0.56354,0.56181,0.56227,15323
2024-02-01T14:00:00.000Z,0.56227,0.56393,0.562,0.56382,24370
2024-02-01T18:00:00.000Z,0.56381,0.5641,0.56351,0.56382,11863
2024-02-01T22:00:00.000Z,0.56283,0.565,0.5628,0.56496,5670
2024-02-02T02:00:00.000Z,0.56496,0.56564,0.56487,0.56526,5471
2024-02-02T06:00:00.000Z,0.56526,0.56579,0.56463,0.56537,10285
2024-02-02T10:00:00.000Z,0.56537,0.56583,0.56437,0.565,13806
2024-02-02T14:00:00.000Z,0.565,0.565,0.56327,0.56453,21999
2024-02-02T18:00:00.000Z,0.56454,0.56493,0.56421,0.5645,6026
2024-02-04T22:00:00.000Z,0.56355,0.56452,0.56301,0.56443,9966
2024-02-05T02:00:00.000Z,0.56443,0.56556,0.56387,0.56536,6314
2024-02-05T06:00:00.000Z,0.56536,0.56589,0.56428,0.56563,11220
2024-02-05T10:00:00.000Z,0.56563,0.56606,0.56394,0.56507,12178
2024-02-05T14:00:00.000Z,0.56508,0.56521,0.56353,0.56433,16780
2024-02-05T18:00:00.000Z,0.56433,0.5646,0.56399,0.56446,7590
2024-02-05T22:00:00.000Z,0.56411,0.56538,0.564,0.56538,3920
2024-02-06T02:00:00.000Z,0.56538,0.56695,0.56453,0.56608,7143
2024-02-06T06:00:00.000Z,0.56608,0.56678,0.56568,0.56676,11133
2024-02-06T10:00:00.000Z,0.56676,0.56721,0.566,0.56672,12390
2024-02-06T14:00:00.000Z,0.56673,0.56776,0.56655,0.56748,17904
2024-02-06T18:00:00.000Z,0.56748,0.56757,0.56701,0.5673,9905
2024-02-06T22:00:00.000Z,0.56718,0.56843,0.56685,0.56834,5831
2024-02-07T02:00:00.000Z,0.56834,0.56848,0.56742,0.56774,6212
2024-02-07T06:00:00.000Z,0.56774,0.56914,0.5674,0.56886,10136
2024-02-07T10:00:00.000Z,0.56886,0.57018,0.56848,0.56857,10042
2024-02-07T14:00:00.000Z,0.56857,0.57007,0.56836,0.56967,16947
2024-02-07T18:00:00.000Z,0.56967,0.57042,0.56957,0.57019,8123
2024-02-07T22:00:00.000Z,0.56952,0.57064,0.56952,0.56991,5895
2024-02-08T02:00:00.000Z,0.56991,0.57005,0.5691,0.56931,4985
2024-02-08T06:00:00.000Z,0.56931,0.56965,0.5678,0.56815,8645
2024-02-08T10:00:00.000Z,0.56815,0.56839,0.56729,0.56801,11131
2024-02-08T14:00:00.000Z,0.568,0.5681,0.56673,0.56737,13230
2024-02-08T18:00:00.000Z,0.56737,0.56755,0.56701,0.56715,6552
2024-02-08T22:00:00.000Z,0.56681,0.56766,0.5667,0.56727,5570
2024-02-09T02:00:00.000Z,0.56727,0.56779,0.56712,0.56768,4127
2024-02-09T06:00:00.000Z,0.56768,0.57021,0.56766,0.56986,8292
2024-02-09T10:00:00.000Z,0.56986,0.57079,0.56952,0.5705,12159
2024-02-09T14:00:00.000Z,0.57052,0.57087,0.56963,0.57028,12389
2024-02-09T18:00:00.000Z,0.57028,0.57087,0.57017,0.57051,3326
2024-02-11T22:00:00.000Z,0.57001,0.57085,0.56903,0.57048,5573
2024-02-12T02:00:00.000Z,0.57048,0.57062,0.56981,0.57005,3197
2024-02-12T06:00:00.000Z,0.57005,0.5705,0.56943,0.57049,7911
2024-02-12T10:00:00.000Z,0.57049,0.57185,0.57048,0.57167,8301
2024-02-12T14:00:00.000Z,0.57167,0.57273,0.5715,0.57255,10219
2024-02-12T18:00:00.000Z,0.57255,0.57255,0.57166,0.57183,6540
2024-02-12T22:00:00.000Z,0.57079,0.57198,0.57079,0.57183,5630
2024-02-13T02:00:00.000Z,0.57183,0.57186,0.57076,0.57087,3835
2024-02-13T06:00:00.000Z,0.57087,0.57443,0.57085,0.5732,11708
2024-02-13T10:00:00.000Z,0.57317,0.5743,0.57205,0.5728,13710
2024-02-13T14:00:00.000Z,0.57276,0.57341,0.57194,0.57272,20429
2024-02-13T18:00:00.000Z,0.57271,0.57273,0.57196,0.57247,8496
2024-02-13T22:00:00.000Z,0.57211,0.57271,0.57198,0.57253,6327
2024-02-14T02:00:00.000Z,0.57253,0.57307,0.57214,0.57302,3706
2024-02-14T06:00:00.000Z,0.57302,0.57533,0.57299,0.57464,9887
2024-02-14T10:00:00.000Z,0.57464,0.575,0.57388,0.57388,10444
2024-02-14T14:00:00.000Z,0.57388,0.57496,0.57376,0.57451,14833
2024-02-14T18:00:00.000Z,0.57452,0.57507,0.57438,0.57496,7888
2024-02-14T22:00:00.000Z,0.57428,0.57542,0.57369,0.57399,6244
2024-02-15T02:00:00.000Z,0.57399,0.57448,0.57363,0.57418,3313
2024-02-15T06:00:00.000Z,0.57418,0.57464,0.57313,0.57365,9422
2024-02-15T10:00:00.000Z,0.57365,0.57474,0.57347,0.57437,10990
2024-02-15T14:00:00.000Z,0.57437,0.57437,0.57297,0.57316,18460
2024-02-15T18:00:00.000Z,0.57316,0.57416,0.5731,0.5741,7943
2024-02-15T22:00:00.000Z,0.57357,0.57428,0.57309,0.57361,5187
2024-02-16T02:00:00.000Z,0.57361,0.57447,0.57334,0.57426,4216
2024-02-16T06:00:00.000Z,0.57426,0.5752,0.57419,0.57472,7769
2024-02-16T10:00:00.000Z,0.57472,0.57529,0.57393,0.57419,9379
2024-02-16T14:00:00.000Z,0.57419,0.57609,0.57383,0.57595,14737
2024-02-16T18:00:00.000Z,0.57594,0.57599,0.57534,0.57545,6803
2024-02-18T22:00:00.000Z,0.57402,0.57641,0.57383,0.57597,5009
2024-02-19T02:00:00.000Z,0.57597,0.57658,0.57568,0.57634,5040
2024-02-19T06:00:00.000Z,0.57634,0.57686,0.57575,0.57628,7294
2024-02-19T10:00:00.000Z,0.57628,0.57628,0.57527,0.57607,7369
2024-02-19T14:00:00.000Z,0.57608,0.57705,0.57602,0.57705,5986
2024-02-19T18:00:00.000Z,0.57705,0.57714,0.5768,0.57706,2716
2024-02-19T22:00:00.000Z,0.57619,0.57709,0.57619,0.57652,7719
2024-02-20T02:00:00.000Z,0.57652,0.57667,0.57596,0.57652,4163
2024-02-20T06:00:00.000Z,0.57652,0.57789,0.57635,0.57784,8653
2024-02-20T10:00:00.000Z,0.57784,0.57908,0.57736,0.57821,11040
2024-02-20T14:00:00.000Z,0.57822,0.57862,0.57704,0.57762,16327
2024-02-20T18:00:00.000Z,0.57762,0.5778,0.57723,0.57755,9422
2024-02-20T22:00:00.000Z,0.57708,0.5781,0.57705,0.57786,5272
2024-02-21T02:00:00.000Z,0.57786,0.57882,0.57784,0.57853,4561
2024-02-21T06:00:00.000Z,0.57853,0.57885,0.57692,0.57708,10133
2024-02-21T10:00:00.000Z,0.57708,0.5774,0.57643,0.57668,10535
2024-02-21T14:00:00.000Z,0.57668,0.57695,0.57548,0.5759,10728
2024-02-21T18:00:00.000Z,0.57594,0.57631,0.57542,0.57622,9572
2024-02-21T22:00:00.000Z,0.57556,0.57651,0.57528,0.57579,6720
2024-02-22T02:00:00.000Z,0.57578,0.57622,0.57522,0.57605,7032
2024-02-22T06:00:00.000Z,0.57606,0.57759,0.57597,0.57733,11131
2024-02-22T10:00:00.000Z,0.57734,0.57822,0.57644,0.57678,11199
2024-02-22T14:00:00.000Z,0.57678,0.57771,0.57654,0.57748,12729
2024-02-22T18:00:00.000Z,0.57748,0.57758,0.57684,0.5772,8045
2024-02-22T22:00:00.000Z,0.57712,0.57858,0.57662,0.57846,6907
2024-02-23T02:00:00.000Z,0.57847,0.57874,0.57795,0.57849,5451
2024-02-23T06:00:00.000Z,0.57847,0.57927,0.57765,0.57776,8936
2024-02-23T10:00:00.000Z,0.57776,0.57844,0.57758,0.57836,10474
2024-02-23T14:00:00.000Z,0.57838,0.57869,0.57776,0.57799,11418
2024-02-23T18:00:00.000Z,0.57799,0.5785,0.57793,0.57846,5422
2024-02-25T22:00:00.000Z,0.57723,0.5787,0.57639,0.57789,5515
2024-02-26T02:00:00.000Z,0.57789,0.57831,0.57731,0.57748,3876
2024-02-26T06:00:00.000Z,0.57748,0.5777,0.57591,0.57593,7587
2024-02-26T10:00:00.000Z,0.57593,0.57675,0.5756,0.57639,9188
2024-02-26T14:00:00.000Z,0.5764,0.57642,0.57517,0.57561,10703
2024-02-26T18:00:00.000Z,0.57561,0.57588,0.57543,0.57551,6763
2024-02-26T22:00:00.000Z,0.57513,0.57559,0.57481,0.57524,6223
2024-02-27T02:00:00.000Z,0.57523,0.57589,0.57432,0.57567,8070
2024-02-27T06:00:00.000Z,0.57569,0.5766,0.57554,0.57641,9701
2024-02-27T10:00:00.000Z,0.57641,0.57685,0.57583,0.57633,10280
2024-02-27T14:00:00.000Z,0.57629,0.57636,0.57516,0.57566,10879
2024-02-27T18:00:00.000Z,0.57566,0.57601,0.57476,0.57486,7236
2024-02-27T22:00:00.000Z,0.5749,0.57577,0.57436,0.57472,6968
2024-02-28T02:00:00.000Z,0.5747,0.5748,0.57329,0.5735,7825
2024-02-28T06:00:00.000Z,0.57351,0.57365,0.57181,0.57205,9208
2024-02-28T10:00:00.000Z,0.57205,0.57234,0.57121,0.57161,10271
2024-02-28T14:00:00.000Z,0.57161,0.5719,0.57057,0.57104,10657
2024-02-28T18:00:00.000Z,0.57104,0.57119,0.57055,0.57085,7224
2024-02-28T22:00:00.000Z,0.57056,0.57152,0.57023,0.57127,6313
2024-02-29T02:00:00.000Z,0.57127,0.57285,0.57118,0.57231,9056
2024-02-29T06:00:00.000Z,0.57234,0.5728,0.57084,0.57096,10082
2024-02-29T10:00:00.000Z,0.57096,0.57264,0.5709,0.57241,11054
2024-02-29T14:00:00.000Z,0.5724,0.57451,0.57219,0.57397,12679
2024-02-29T18:00:00.000Z,0.57397,0.57479,0.57377,0.57469,6296
2024-02-29T22:00:00.000Z,0.57428,0.57536,0.57417,0.57529,6212
2024-03-01T02:00:00.000Z,0.57529,0.57598,0.57519,0.57594,6146
2024-03-01T06:00:00.000Z,0.57596,0.57665,0.57513,0.57534,10494
2024-03-01T10:00:00.000Z,0.57531,0.57691,0.57522,0.5769,10289
2024-03-01T14:00:00.000Z,0.57691,0.57819,0.57658,0.57725,13226
2024-03-01T18:00:00.000Z,0.57725,0.57741,0.57615,0.57619,7552
2024-03-03T22:00:00.000Z,0.57579,0.57694,0.57579,0.57626,5097
2024-03-04T02:00:00.000Z,0.57626,0.57626,0.57548,0.57548,4448
2024-03-04T06:00:00.000Z,0.57548,0.57634,0.57444,0.57565,8984
2024-03-04T10:00:00.000Z,0.57566,0.57734,0.57559,0.57636,7503
2024-03-04T14:00:00.000Z,0.57635,0.57731,0.57601,0.57609,10401
2024-03-04T18:00:00.000Z,0.57609,0.5763,0.57577,0.57599,5223
2024-03-04T22:00:00.000Z,0.57533,0.57638,0.57524,0.57631,6373
2024-03-05T02:00:00.000Z,0.57631,0.57639,0.57467,0.57471,5530
2024-03-05T06:00:00.000Z,0.57471,0.57498,0.57366,0.57454,9207
2024-03-05T10:00:00.000Z,0.57454,0.57569,0.57447,0.57495,8190
2024-03-05T14:00:00.000Z,0.57495,0.57569,0.5745,0.57525,12492
2024-03-05T18:00:00.000Z,0.57525,0.57549,0.57422,0.57443,8600
2024-03-05T22:00:00.000Z,0.57415,0.57509,0.57405,0.575,7077
2024-03-06T02:00:00.000Z,0.575,0.57649,0.57486,0.57634,7117
2024-03-06T06:00:00.000Z,0.57632,0.57708,0.57594,0.57701,9523
2024-03-06T10:00:00.000Z,0.57703,0.57802,0.5767,0.5779,10244
2024-03-06T14:00:00.000Z,0.5779,0.5798,0.57758,0.57956,12980
2024-03-06T18:00:00.000Z,0.57957,0.57988,0.57873,0.57902,8853
2024-03-06T22:00:00.000Z,0.57873,0.57979,0.57839,0.5792,7056
2024-03-07T02:00:00.000Z,0.57922,0.58048,0.57871,0.57979,7552
2024-03-07T06:00:00.000Z,0.57975,0.58114,0.57964,0.58099,10013
2024-03-07T10:00:00.000Z,0.58101,0.5817,0.5803,0.58115,10470
2024-03-07T14:00:00.000Z,0.58115,0.58172,0.58074,0.58138,12497
2024-03-07T18:00:00.000Z,0.58137,0.58163,0.58075,0.58096,7894
2024-03-07T22:00:00.000Z,0.58008,0.58126,0.58007,0.58071,6387
2024-03-08T02:00:00.000Z,0.58071,0.58195,0.5803,0.5819,6178
2024-03-08T06:00:00.000Z,0.5819,0.58241,0.58126,0.58231,9600
2024-03-08T10:00:00.000Z,0.58231,0.5826,0.58099,0.58142,10401
2024-03-08T14:00:00.000Z,0.58141,0.5819,0.58049,0.58066,14312
2024-03-08T18:00:00.000Z,0.58066,0.58145,0.58041,0.58135,7517
2024-03-10T21:00:00.000Z,0.57996,0.58148,0.57965,0.58086,5589
2024-03-11T01:00:00.000Z,0.58086,0.58103,0.57984,0.58021,7703
2024-03-11T05:00:00.000Z,0.58021,0.58067,0.57889,0.57897,9493
2024-03-11T09:00:00.000Z,0.57896,0.58053,0.57895,0.57932,9593
2024-03-11T13:00:00.000Z,0.57931,0.58059,0.57931,0.58056,10945
2024-03-11T17:00:00.000Z,0.58059,0.58062,0.57993,0.5803,6241
2024-03-11T21:00:00.000Z,0.57974,0.58076,0.57947,0.58036,6068
2024-03-12T01:00:00.000Z,0.58036,0.58065,0.57981,0.58012,8117
2024-03-12T05:00:00.000Z,0.58012,0.58042,0.57947,0.57981,8579
2024-03-12T09:00:00.000Z,0.57982,0.58084,0.57845,0.58003,10728
2024-03-12T13:00:00.000Z,0.58003,0.58012,0.57891,0.57928,14878
2024-03-12T17:00:00.000Z,0.57927,0.57994,0.57901,0.57952,10172
2024-03-12T21:00:00.000Z,0.57886,0.58003,0.57861,0.57941,5925
2024-03-13T01:00:00.000Z,0.57942,0.58063,0.57912,0.58048,8258
2024-03-13T05:00:00.000Z,0.58048,0.58095,0.58012,0.5807,10255
2024-03-13T09:00:00.000Z,0.5807,0.58081,0.57985,0.58001,9726
2024-03-13T13:00:00.000Z,0.58003,0.58154,0.57998,0.58139,11170
2024-03-13T17:00:00.000Z,0.58139,0.58201,0.58133,0.58192,7504
2024-03-13T21:00:00.000Z,0.5816,0.58242,0.58133,0.58196,4575
2024-03-14T01:00:00.000Z,0.58196,0.58233,0.58117,0.58165,7378
2024-03-14T05:00:00.000Z,0.58167,0.58268,0.58144,0.58239,8344
2024-03-14T09:00:00.000Z,0.58239,0.58288,0.581,0.58173,9537
2024-03-14T13:00:00.000Z,0.58174,0.5821,0.58049,0.5815,13775
2024-03-14T17:00:00.000Z,0.58149,0.58179,0.58104,0.58158,7332
2024-03-14T21:00:00.000Z,0.58117,0.58179,0.58056,0.58106,5286
2024-03-15T01:00:00.000Z,0.58103,0.58118,0.58025,0.58091,7177
2024-03-15T05:00:00.000Z,0.58091,0.58148,0.57934,0.57971,9629
2024-03-15T09:00:00.000Z,0.57972,0.58032,0.57899,0.57939,9611
2024-03-15T13:00:00.000Z,0.57939,0.58058,0.57919,0.57979,11165
2024-03-15T17:00:00.000Z,0.57978,0.58008,0.5795,0.5796,5666
2024-03-17T21:00:00.000Z,0.57898,0.57979,0.57833,0.57963,4996
2024-03-18T01:00:00.000Z,0.57961,0.58021,0.57923,0.58009,6799
2024-03-18T05:00:00.000Z,0.58009,0.5809,0.57973,0.58065,8377
2024-03-18T09:00:00.000Z,0.58068,0.5809,0.57968,0.58045,8220
2024-03-18T13:00:00.000Z,0.58045,0.58149,0.58042,0.58127,10184
2024-03-18T17:00:00.000Z,0.58128,0.58249,0.58124,0.58225,6113
2024-03-18T21:00:00.000Z,0.58114,0.58229,0.58086,0.58192,5217
2024-03-19T01:00:00.000Z,0.58191,0.58281,0.57975,0.57987,10436
2024-03-19T05:00:00.000Z,0.57987,0.58001,0.57781,0.57811,10957
2024-03-19T09:00:00.000Z,0.57811,0.57919,0.5773,0.57816,10398
2024-03-19T13:00:00.000Z,0.57816,0.58024,0.57807,0.58006,9452
2024-03-19T17:00:00.000Z,0.58007,0.58022,0.57985,0.58004,5360
2024-03-19T21:00:00.000Z,0.57996,0.5804,0.57941,0.58038,5765
2024-03-20T01:00:00.000Z,0.58037,0.58125,0.58017,0.58023,6574
2024-03-20T05:00:00.000Z,0.58025,0.58101,0.58016,0.58061,8526
2024-03-20T09:00:00.000Z,0.58061,0.58116,0.58024,0.58058,8674
2024-03-20T13:00:00.000Z,0.58058,0.58216,0.58047,0.58192,8586
2024-03-20T17:00:00.000Z,0.58192,0.58413,0.58173,0.58404,12490
2024-03-20T21:00:00.000Z,0.5835,0.58556,0.58274,0.58524,8219
2024-03-21T01:00:00.000Z,0.58525,0.5865,0.58482,0.58637,8518
2024-03-21T05:00:00.000Z,0.58638,0.59324,0.58611,0.59113,11292
2024-03-21T09:00:00.000Z,0.5911,0.59239,0.58926,0.59045,13224
2024-03-21T13:00:00.000Z,0.59045,0.59188,0.58948,0.5902,13385
2024-03-21T17:00:00.000Z,0.5902,0.59041,0.58964,0.58968,6681
2024-03-21T21:00:00.000Z,0.58956,0.59006,0.58927,0.59005,5285
2024-03-22T01:00:00.000Z,0.59005,0.59029,0.5864,0.58655,9212
2024-03-22T05:00:00.000Z,0.58655,0.58747,0.5856,0.58727,10072
2024-03-22T09:00:00.000Z,0.58725,0.58731,0.58606,0.58609,10736
2024-03-22T13:00:00.000Z,0.58609,0.58626,0.58518,0.5858,11344
2024-03-22T17:00:00.000Z,0.5858,0.58596,0.58388,0.58443,6066
2024-03-24T21:00:00.000Z,0.5839,0.58545,0.58371,0.58544,5665
2024-03-25T01:00:00.000Z,0.58545,0.58697,0.58509,0.58589,9936
2024-03-25T05:00:00.000Z,0.58589,0.58646,0.58504,0.58641,8540
2024-03-25T09:00:00.000Z,0.58642,0.58686,0.58589,0.58633,8261
2024-03-25T13:00:00.000Z,0.58633,0.58779,0.58628,0.58773,8889
2024-03-25T17:00:00.000Z,0.58774,0.58819,0.58743,0.58815,4525
2024-03-25T21:00:00.000Z,0.58761,0.58853,0.5872,0.58845,4983
2024-03-26T01:00:00.000Z,0.58845,0.58941,0.58813,0.5887,7541
2024-03-26T05:00:00.000Z,0.5887,0.58964,0.58857,0.58944,8739
2024-03-26T09:00:00.000Z,0.58943,0.59174,0.58943,0.59154,9487
2024-03-26T13:00:00.000Z,0.59154,0.59216,0.58965,0.5907,10222
2024-03-26T17:00:00.000Z,0.59069,0.59084,0.59022,0.59058,5354
2024-03-26T21:00:00.000Z,0.59035,0.59089,0.58921,0.58963,4638
2024-03-27T01:00:00.000Z,0.58963,0.5902,0.58867,0.59013,7736
2024-03-27T05:00:00.000Z,0.59013,0.59123,0.58982,0.58997,8515
2024-03-27T09:00:00.000Z,0.58997,0.59179,0.58958,0.5909,10634
2024-03-27T13:00:00.000Z,0.5909,0.59193,0.5903,0.59047,10052
2024-03-27T17:00:00.000Z,0.59046,0.59133,0.59045,0.59052,5444
2024-03-27T21:00:00.000Z,0.59051,0.59121,0.58988,0.59101,6093
2024-03-28T01:00:00.000Z,0.591,0.59151,0.59063,0.59096,7803
2024-03-28T05:00:00.000Z,0.59096,0.59112,0.58825,0.58831,9051
2024-03-28T09:00:00.000Z,0.58831,0.58838,0.58732,0.58797,9765
2024-03-28T13:00:00.000Z,0.58796,0.58818,0.587,0.58747,11843
2024-03-28T17:00:00.000Z,0.58746,0.58795,0.58721,0.58739,6654
2024-03-28T21:00:00.000Z,0.58713,0.58848,0.58664,0.58783,7697
2024-03-29T01:00:00.000Z,0.5878,0.58806,0.58701,0.58724,3268
2024-03-29T05:00:00.000Z,0.58724,0.58775,0.58618,0.5869,5285
2024-03-29T09:00:00.000Z,0.58699,0.58886,0.58663,0.58818,7242
2024-03-29T13:00:00.000Z,0.58818,0.58879,0.58749,0.5883,8055
2024-03-29T17:00:00.000Z,0.58824,0.58852,0.58635,0.58714,4057
2024-03-31T21:00:00.000Z,0.58724,0.58956,0.58688,0.58912,6241
2024-04-01T01:00:00.000Z,0.58914,0.58915,0.58792,0.58834,7124
2024-04-01T05:00:00.000Z,0.58834,0.58835,0.58759,0.58786,6263
2024-04-01T09:00:00.000Z,0.58786,0.58803,0.58711,0.58783,6686
2024-04-01T13:00:00.000Z,0.58783,0.58842,0.58664,0.58674,10076
2024-04-01T17:00:00.000Z,0.58672,0.587,0.58617,0.58676,4939
2024-04-01T21:00:00.000Z,0.58663,0.58775,0.58612,0.58761,6253
2024-04-02T01:00:00.000Z,0.5876,0.58851,0.58728,0.58813,6369
2024-04-02T05:00:00.000Z,0.58815,0.59144,0.58789,0.59099,9139
2024-04-02T09:00:00.000Z,0.59099,0.59175,0.58986,0.59004,8846
2024-04-02T13:00:00.000Z,0.59004,0.59081,0.58903,0.59059,11470
2024-04-02T17:00:00.000Z,0.59059,0.59182,0.59056,0.59178,4942
2024-04-02T21:00:00.000Z,0.59149,0.59196,0.59099,0.59099,5393
2024-04-03T01:00:00.000Z,0.59099,0.59247,0.59067,0.59206,7183
2024-04-03T05:00:00.000Z,0.59205,0.59237,0.5906,0.59108,8373
2024-04-03T09:00:00.000Z,0.59106,0.59236,0.59095,0.59223,8689
2024-04-03T13:00:00.000Z,0.59225,0.59342,0.59162,0.59328,13090
2024-04-03T17:00:00.000Z,0.59328,0.59366,0.59259,0.59263,6261
2024-04-03T21:00:00.000Z,0.59225,0.59382,0.5921,0.59378,4811
2024-04-04T01:00:00.000Z,0.59378,0.59501,0.59368,0.59489,5487
2024-04-04T05:00:00.000Z,0.59489,0.5983,0.59473,0.59759,9021
2024-04-04T09:00:00.000Z,0.59757,0.59921,0.59751,0.59853,8183
2024-04-04T13:00:00.000Z,0.59854,0.59889,0.59779,0.59825,8572
2024-04-04T17:00:00.000Z,0.59825,0.59858,0.59293,0.59373,9267
2024-04-04T21:00:00.000Z,0.59351,0.59445,0.59299,0.59397,7185
2024-04-05T01:00:00.000Z,0.59397,0.5942,0.59208,0.59314,8168
2024-04-05T05:00:00.000Z,0.59314,0.59527,0.59287,0.59475,9033
2024-04-05T09:00:00.000Z,0.59475,0.5952,0.59378,0.59409,9375
2024-04-05T13:00:00.000Z,0.59407,0.5944,0.59169,0.59346,12985
2024-04-05T17:00:00.000Z,0.59345,0.59386,0.5932,0.59352,7239
2024-04-07T21:00:00.000Z,0.59278,0.59384,0.59179,0.59308,8452
2024-04-08T01:00:00.000Z,0.59307,0.59474,0.59295,0.59473,9926
2024-04-08T05:00:00.000Z,0.59474,0.59625,0.5941,0.59592,10572
2024-04-08T09:00:00.000Z,0.59591,0.59717,0.59566,0.5965,8697
2024-04-08T13:00:00.000Z,0.59652,0.5983,0.59652,0.59774,11067
2024-04-08T17:00:00.000Z,0.59774,0.59808,0.59735,0.59804,5260
2024-04-08T21:00:00.000Z,0.59758,0.59818,0.59696,0.59805,5313
2024-04-09T01:00:00.000Z,0.59806,0.59843,0.59714,0.59796,6976
2024-04-09T05:00:00.000Z,0.59796,0.59812,0.59675,0.59798,7742
2024-04-09T09:00:00.000Z,0.59797,0.59868,0.59758,0.59813,9491
2024-04-09T13:00:00.000Z,0.59813,0.59954,0.59772,0.59795,11584
2024-04-09T17:00:00.000Z,0.59795,0.59887,0.59777,0.59883,5985
2024-04-09T21:00:00.000Z,0.59831,0.5989,0.59782,0.59862,5110
2024-04-10T01:00:00.000Z,0.59862,0.59891,0.59812,0.59842,6685
2024-04-10T05:00:00.000Z,0.59841,0.59893,0.59812,0.59879,8065
2024-04-10T09:00:00.000Z,0.59879,0.59885,0.59489,0.59585,13401
2024-04-10T13:00:00.000Z,0.59584,0.5959,0.59351,0.5948,23280
2024-04-10T17:00:00.000Z,0.59481,0.59536,0.59331,0.59434,14842
2024-04-10T21:00:00.000Z,0.59438,0.59455,0.59383,0.59426,9480
2024-04-11T01:00:00.000Z,0.59425,0.59502,0.59415,0.59481,10761
2024-04-11T05:00:00.000Z,0.59481,0.5965,0.5948,0.59591,15215
2024-04-11T09:00:00.000Z,0.59591,0.59609,0.59238,0.59479,18085
2024-04-11T13:00:00.000Z,0.59479,0.59585,0.59322,0.59399,20649
2024-04-11T17:00:00.000Z,0.594,0.59508,0.59378,0.59475,9039
2024-04-11T21:00:00.000Z,0.5944,0.59523,0.59409,0.59478,5883
2024-04-12T01:00:00.000Z,0.59479,0.59519,0.59435,0.59467,10444
2024-04-12T05:00:00.000Z,0.59467,0.59537,0.59383,0.59447,14949
2024-04-12T09:00:00.000Z,0.59448,0.59449,0.58992,0.59021,15468
2024-04-12T13:00:00.000Z,0.59022,0.59094,0.58868,0.58968,22000
2024-04-12T17:00:00.000Z,0.58968,0.59111,0.58922,0.59082,10828
2024-04-14T21:00:00.000Z,0.58917,0.59207,0.58896,0.59156,11154
2024-04-15T01:00:00.000Z,0.59156,0.59304,0.59073,0.59297,14025
2024-04-15T05:00:00.000Z,0.59297,0.59316,0.59128,0.59171,16471
2024-04-15T09:00:00.000Z,0.59172,0.59234,0.59105,0.59182,15840
2024-04-15T13:00:00.000Z,0.59182,0.59228,0.58971,0.58984,19976
2024-04-15T17:00:00.000Z,0.58984,0.58991,0.58734,0.58737,12916
2024-04-15T21:00:00.000Z,0.58699,0.58761,0.58638,0.5864,8321
2024-04-16T01:00:00.000Z,0.58639,0.58659,0.58502,0.5862,13323
2024-04-16T05:00:00.000Z,0.58619,0.5869,0.58501,0.5858,16313
2024-04-16T09:00:00.000Z,0.58579,0.58632,0.58506,0.58521,15413
2024-04-16T13:00:00.000Z,0.58522,0.5855,0.58376,0.58469,19622
2024-04-16T17:00:00.000Z,0.58471,0.58549,0.58393,0.5843,16074
2024-04-16T21:00:00.000Z,0.58404,0.58555,0.58385,0.58505,7528
2024-04-17T01:00:00.000Z,0.58506,0.58578,0.58472,0.58512,10362
2024-04-17T05:00:00.000Z,0.58512,0.58576,0.58421,0.58477,14669
2024-04-17T09:00:00.000Z,0.58476,0.58598,0.5843,0.58562,12599
2024-04-17T13:00:00.000Z,0.58563,0.58653,0.58454,0.58462,18771
2024-04-17T17:00:00.000Z,0.58464,0.58653,0.58458,0.58595,13142
2024-04-17T21:00:00.000Z,0.58572,0.58654,0.58486,0.58628,6996
2024-04-18T01:00:00.000Z,0.58628,0.58739,0.58551,0.58673,11926
2024-04-18T05:00:00.000Z,0.58673,0.5869,0.5857,0.58578,13829
2024-04-18T09:00:00.000Z,0.58579,0.586,0.58515,0.58579,13540
2024-04-18T13:00:00.000Z,0.5858,0.58716,0.5852,0.58611,18338
2024-04-18T17:00:00.000Z,0.58611,0.58614,0.58489,0.58581,10533
2024-04-18T21:00:00.000Z,0.58537,0.58625,0.58414,0.58421,8297
2024-04-19T01:00:00.000Z,0.58424,0.58437,0.57414,0.58126,27443
2024-04-19T05:00:00.000Z,0.58124,0.58364,0.58051,0.58277,19852
2024-04-19T09:00:00.000Z,0.58277,0.58366,0.58205,0.58297,15376
2024-04-19T13:00:00.000Z,0.58296,0.58438,0.58247,0.5843,19757
2024-04-19T17:00:00.000Z,0.58428,0.58451,0.58366,0.58409,10911
2024-04-21T21:00:00.000Z,0.58299,0.58667,0.58292,0.58598,9425
2024-04-22T01:00:00.000Z,0.58596,0.58773,0.58592,0.5866,11667
2024-04-22T05:00:00.000Z,0.58663,0.58676,0.58495,0.58616,13186
2024-04-22T09:00:00.000Z,0.58617,0.58699,0.58605,0.58658,13747
2024-04-22T13:00:00.000Z,0.58657,0.58778,0.58594,0.58725,14591
2024-04-22T17:00:00.000Z,0.58724,0.58816,0.58724,0.58807,7453
2024-04-22T21:00:00.000Z,0.58755,0.58868,0.58713,0.58867,9700
2024-04-23T01:00:00.000Z,0.58866,0.5894,0.58812,0.58911,10995
2024-04-23T05:00:00.000Z,0.58912,0.58924,0.58693,0.58754,13014
2024-04-23T09:00:00.000Z,0.58754,0.58859,0.58708,0.58827,11869
2024-04-23T13:00:00.000Z,0.58828,0.59156,0.58809,0.59106,17592
2024-04-23T17:00:00.000Z,0.59106,0.59154,0.59066,0.59144,8102
2024-04-23T21:00:00.000Z,0.59039,0.59186,0.59012,0.59177,6261
2024-04-24T01:00:00.000Z,0.59177,0.59488,0.59162,0.594,10825
2024-04-24T05:00:00.000Z,0.594,0.59497,0.59372,0.59451,11834
2024-04-24T09:00:00.000Z,0.59451,0.5951,0.59326,0.59337,10905
2024-04-24T13:00:00.000Z,0.59337,0.59364,0.59239,0.59313,16289
2024-04-24T17:00:00.000Z,0.59312,0.59451,0.59288,0.59446,8612
2024-04-24T21:00:00.000Z,0.59418,0.59462,0.59373,0.59436,6746
2024-04-25T01:00:00.000Z,0.59437,0.5952,0.59377,0.59497,7913
2024-04-25T05:00:00.000Z,0.59497,0.5963,0.59474,0.59579,11457
2024-04-25T09:00:00.000Z,0.59578,0.59667,0.59428,0.59465,13341
2024-04-25T13:00:00.000Z,0.59468,0.59478,0.59338,0.59452,19453
2024-04-25T17:00:00.000Z,0.59451,0.59488,0.59394,0.59468,10339
2024-04-25T21:00:00.000Z,0.59421,0.59579,0.59406,0.59559,7197
2024-04-26T01:00:00.000Z,0.59561,0.59625,0.59519,0.59605,10132
2024-04-26T05:00:00.000Z,0.59605,0.59767,0.59574,0.59688,14749
2024-04-26T09:00:00.000Z,0.59689,0.59741,0.59571,0.59741,14696
2024-04-26T13:00:00.000Z,0.59741,0.59803,0.59611,0.59684,18019
2024-04-26T17:00:00.000Z,0.59683,0.59746,0.59671,0.59736,5720
2024-04-28T21:00:00.000Z,0.59588,0.59819,0.5957,0.59813,4934
2024-04-29T01:00:00.000Z,0.59812,0.59993,0.59781,0.59884,13667
2024-04-29T05:00:00.000Z,0.59884,0.59917,0.59741,0.59771,17111
2024-04-29T09:00:00.000Z,0.59769,0.59902,0.59753,0.59795,10989
2024-04-29T13:00:00.000Z,0.59795,0.59862,0.59713,0.59762,13973
2024-04-29T17:00:00.000Z,0.59761,0.59822,0.59704,0.59782,7849
2024-04-29T21:00:00.000Z,0.59692,0.59805,0.59687,0.59768,6527
2024-04-30T01:00:00.000Z,0.59768,0.598,0.59518,0.59537,8478
2024-04-30T05:00:00.000Z,0.59538,0.59631,0.59438,0.59555,11081
2024-04-30T09:00:00.000Z,0.59553,0.59632,0.59447,0.59459,13540
2024-04-30T13:00:00.000Z,0.5946,0.59595,0.59291,0.59532,19928
2024-04-30T17:00:00.000Z,0.59532,0.59611,0.59511,0.59521,8809
2024-04-30T21:00:00.000Z,0.59474,0.59569,0.59421,0.59483,6741
2024-05-01T01:00:00.000Z,0.59483,0.59639,0.59481,0.59613,6296
2024-05-01T05:00:00.000Z,0.5961,0.59727,0.59584,0.59682,8631
2024-05-01T09:00:00.000Z,0.59682,0.59705,0.59615,0.59638,10125
2024-05-01T13:00:00.000Z,0.59638,0.59736,0.59631,0.59704,14452
2024-05-01T17:00:00.000Z,0.59704,0.59911,0.59656,0.59693,22569
2024-05-01T21:00:00.000Z,0.59754,0.59878,0.59618,0.59793,9848
2024-05-02T01:00:00.000Z,0.59793,0.59917,0.59758,0.59879,10299
2024-05-02T05:00:00.000Z,0.59879,0.5994,0.5953,0.59657,16022
2024-05-02T09:00:00.000Z,0.59657,0.59665,0.59466,0.5955,14277
2024-05-02T13:00:00.000Z,0.5955,0.59767,0.5951,0.59764,19259
2024-05-02T17:00:00.000Z,0.59764,0.59824,0.59722,0.59791,9775
2024-05-02T21:00:00.000Z,0.59736,0.59848,0.59682,0.59832,7086
2024-05-03T01:00:00.000Z,0.59832,0.5985,0.59762,0.59782,8780
2024-05-03T05:00:00.000Z,0.59783,0.59814,0.59618,0.59752,12018
2024-05-03T09:00:00.000Z,0.59752,0.59944,0.59578,0.59931,14246
2024-05-03T13:00:00.000Z,0.59932,0.6001,0.59783,0.59875,23843
2024-05-03T17:00:00.000Z,0.59875,0.59893,0.59798,0.59814,7223
2024-05-05T21:00:00.000Z,0.59851,0.59927,0.59724,0.59917,5356
2024-05-06T01:00:00.000Z,0.59918,0.59981,0.59887,0.59924,8532
2024-05-06T05:00:00.000Z,0.59924,0.5999,0.5989,0.59956,9507
2024-05-06T09:00:00.000Z,0.59957,0.60033,0.59943,0.59955,8887
2024-05-06T13:00:00.000Z,0.59957,0.60052,0.59928,0.6004,10097
2024-05-06T17:00:00.000Z,0.60038,0.60064,0.6,0.60038,5220
2024-05-06T21:00:00.000Z,0.59944,0.60205,0.59916,0.60153,6121
2024-05-07T01:00:00.000Z,0.60153,0.60179,0.59855,0.59939,9818
2024-05-07T05:00:00.000Z,0.59941,0.59978,0.59738,0.59911,11268
2024-05-07T09:00:00.000Z,0.59912,0.60018,0.59875,0.60007,9698
2024-05-07T13:00:00.000Z,0.60006,0.60036,0.59912,0.59918,11439
2024-05-07T17:00:00.000Z,0.59919,0.59972,0.5989,0.59936,6464
2024-05-07T21:00:00.000Z,0.59899,0.5994,0.59806,0.59812,4961
2024-05-08T01:00:00.000Z,0.59813,0.59819,0.59725,0.59799,7539
2024-05-08T05:00:00.000Z,0.598,0.5982,0.59633,0.59637,8900
2024-05-08T09:00:00.000Z,0.59637,0.5973,0.59607,0.59613,8782
2024-05-08T13:00:00.000Z,0.59613,0.59761,0.59609,0.59727,10469
2024-05-08T17:00:00.000Z,0.59727,0.59747,0.59695,0.59745,4098
2024-05-08T21:00:00.000Z,0.59671,0.59756,0.59667,0.59689,4413
2024-05-09T01:00:00.000Z,0.59689,0.59814,0.59679,0.59761,7874
2024-05-09T05:00:00.000Z,0.59761,0.5981,0.59645,0.59804,8621
2024-05-09T09:00:00.000Z,0.59805,0.59954,0.59774,0.59902,10823
2024-05-09T13:00:00.000Z,0.59902,0.59935,0.59846,0.59923,12323
2024-05-09T17:00:00.000Z,0.59923,0.59976,0.59906,0.59966,5381
2024-05-09T21:00:00.000Z,0.5992,0.5999,0.59895,0.59921,5834
2024-05-10T01:00:00.000Z,0.59921,0.59958,0.59848,0.59895,7407
2024-05-10T05:00:00.000Z,0.59897,0.59995,0.59877,0.59892,9801
2024-05-10T09:00:00.000Z,0.59893,0.59997,0.59863,0.59979,9111
2024-05-10T13:00:00.000Z,0.59978,0.60017,0.59839,0.59861,12711
2024-05-10T17:00:00.000Z,0.5986,0.59882,0.59805,0.59857,4469
2024-05-12T21:00:00.000Z,0.59769,0.59872,0.59736,0.59777,2395
2024-05-13T01:00:00.000Z,0.59778,0.59835,0.59721,0.59802,4888
2024-05-13T05:00:00.000Z,0.59802,0.59933,0.59769,0.59898,5836
2024-05-13T09:00:00.000Z,0.59898,0.60007,0.59898,0.59966,10331
2024-05-13T13:00:00.000Z,0.59966,0.60004,0.59915,0.5995,12939
2024-05-13T17:00:00.000Z,0.5995,0.60034,0.59923,0.60011,6367
2024-05-13T21:00:00.000Z,0.59957,0.60032,0.59957,0.59994,5621
2024-05-14T01:00:00.000Z,0.59994,0.60026,0.59946,0.59964,7909
2024-05-14T05:00:00.000Z,0.59964,0.60016,0.59909,0.59921,9050
2024-05-14T09:00:00.000Z,0.59921,0.60073,0.59873,0.60046,11814
2024-05-14T13:00:00.000Z,0.60046,0.6006,0.59968,0.60016,15009
2024-05-14T17:00:00.000Z,0.60016,0.60084,0.59991,0.6007,5100
2024-05-14T21:00:00.000Z,0.59976,0.60114,0.59965,0.60068,6197
2024-05-15T01:00:00.000Z,0.6007,0.60245,0.60019,0.60182,6579
2024-05-15T05:00:00.000Z,0.60181,0.60218,0.60095,0.6014,9263
2024-05-15T09:00:00.000Z,0.6014,0.60239,0.5994,0.60187,12324
2024-05-15T13:00:00.000Z,0.60189,0.60413,0.60055,0.60371,17713
2024-05-15T17:00:00.000Z,0.60371,0.60419,0.60357,0.60385,7427
2024-05-15T21:00:00.000Z,0.60355,0.60391,0.6031,0.60338,9142
2024-05-16T01:00:00.000Z,0.60339,0.6034,0.60128,0.60223,11173
2024-05-16T05:00:00.000Z,0.60222,0.60271,0.6015,0.60259,10936
2024-05-16T09:00:00.000Z,0.60258,0.60299,0.60217,0.60292,10399
2024-05-16T13:00:00.000Z,0.60292,0.60443,0.60246,0.60416,12096
2024-05-16T17:00:00.000Z,0.60415,0.6052,0.60402,0.60511,5889
2024-05-16T21:00:00.000Z,0.60457,0.60566,0.60377,0.60511,5731
2024-05-17T01:00:00.000Z,0.60512,0.6054,0.60405,0.60445,7347
2024-05-17T05:00:00.000Z,0.60446,0.606,0.60441,0.60487,9427
2024-05-17T09:00:00.000Z,0.60486,0.60579,0.60447,0.60541,7471
2024-05-17T13:00:00.000Z,0.6054,0.60714,0.6054,0.60705,12035
2024-05-17T17:00:00.000Z,0.60705,0.60862,0.60702,0.6086,5935
2024-05-19T21:00:00.000Z,0.60794,0.60935,0.60745,0.60916,3133
2024-05-20T01:00:00.000Z,0.60916,0.60992,0.60881,0.60974,5849
2024-05-20T05:00:00.000Z,0.60974,0.60993,0.60817,0.60828,8131
2024-05-20T09:00:00.000Z,0.60828,0.60869,0.60658,0.6069,8881
2024-05-20T13:00:00.000Z,0.6069,0.60745,0.60576,0.60693,12272
2024-05-20T17:00:00.000Z,0.60693,0.60735,0.60667,0.60705,6141
2024-05-20T21:00:00.000Z,0.60675,0.60766,0.60617,0.6075,6056
2024-05-21T01:00:00.000Z,0.60751,0.60795,0.6058,0.60628,8866
2024-05-21T05:00:00.000Z,0.60629,0.60687,0.60532,0.60652,8953
2024-05-21T09:00:00.000Z,0.60651,0.60743,0.60613,0.60702,9204
2024-05-21T13:00:00.000Z,0.60703,0.60789,0.60626,0.60683,15661
2024-05-21T17:00:00.000Z,0.60683,0.60738,0.6068,0.60708,6135
2024-05-21T21:00:00.000Z,0.60704,0.60777,0.60681,0.60753,4908
2024-05-22T01:00:00.000Z,0.60755,0.60882,0.60731,0.60775,8842
2024-05-22T05:00:00.000Z,0.60776,0.60822,0.60729,0.60798,10321
2024-05-22T09:00:00.000Z,0.60799,0.60938,0.60744,0.6076,10804
2024-05-22T13:00:00.000Z,0.60759,0.60815,0.60614,0.6067,13551
2024-05-22T17:00:00.000Z,0.60669,0.60702,0.6048,0.60613,10895
2024-05-22T21:00:00.000Z,0.60522,0.60632,0.60452,0.60561,6301
2024-05-23T01:00:00.000Z,0.60561,0.6065,0.60513,0.60613,8812
2024-05-23T05:00:00.000Z,0.60613,0.60645,0.60527,0.60617,11132
2024-05-23T09:00:00.000Z,0.60615,0.60677,0.60583,0.60662,10185
2024-05-23T13:00:00.000Z,0.60662,0.60722,0.60526,0.60566,18326
2024-05-23T17:00:00.000Z,0.60565,0.60565,0.60331,0.60403,10353
2024-05-23T21:00:00.000Z,0.60356,0.60409,0.60329,0.6038,10090
2024-05-24T01:00:00.000Z,0.60379,0.60425,0.6032,0.60416,7257
2024-05-24T05:00:00.000Z,0.60416,0.60497,0.60354,0.60484,9548
2024-05-24T09:00:00.000Z,0.60484,0.60565,0.6046,0.60516,9445
2024-05-24T13:00:00.000Z,0.60517,0.60652,0.60484,0.60604,13198
2024-05-24T17:00:00.000Z,0.60604,0.60668,0.60588,0.60624,6139
2024-05-26T21:00:00.000Z,0.60498,0.60656,0.60495,0.60624,4100
2024-05-27T01:00:00.000Z,0.60624,0.60688,0.60602,0.60675,6032
2024-05-27T05:00:00.000Z,0.60673,0.60779,0.60633,0.60733,6755
2024-05-27T09:00:00.000Z,0.60733,0.60832,0.60697,0.60824,7726
2024-05-27T13:00:00.000Z,0.60827,0.6086,0.60787,0.60794,8846
2024-05-27T17:00:00.000Z,0.60793,0.60824,0.60789,0.60799,3363
2024-05-27T21:00:00.000Z,0.60759,0.60827,0.60738,0.60747,7999
2024-05-28T01:00:00.000Z,0.60748,0.60853,0.60737,0.60819,8479
2024-05-28T05:00:00.000Z,0.6082,0.60831,0.60646,0.6073,9860
2024-05-28T09:00:00.000Z,0.6073,0.60742,0.60575,0.60691,10196
2024-05-28T13:00:00.000Z,0.60689,0.60768,0.60618,0.6066,15123
2024-05-28T17:00:00.000Z,0.6066,0.60681,0.60603,0.60662,9931
2024-05-28T21:00:00.000Z,0.60644,0.60677,0.60575,0.60596,8588
2024-05-29T01:00:00.000Z,0.60598,0.60792,0.60583,0.60678,9386
2024-05-29T05:00:00.000Z,0.60677,0.60763,0.60614,0.60698,11916
2024-05-29T09:00:00.000Z,0.60698,0.6071,0.60425,0.60444,11725
2024-05-29T13:00:00.000Z,0.60445,0.605,0.60366,0.60466,16063
2024-05-29T17:00:00.000Z,0.60466,0.60497,0.60354,0.60358,8609
2024-05-29T21:00:00.000Z,0.60346,0.60412,0.60321,0.60386,6159
2024-05-30T01:00:00.000Z,0.60387,0.60457,0.603,0.60315,10586
2024-05-30T05:00:00.000Z,0.60315,0.60315,0.59984,0.59993,14856
2024-05-30T09:00:00.000Z,0.5999,0.60117,0.59911,0.60025,13717
2024-05-30T13:00:00.000Z,0.60026,0.60103,0.59982,0.60052,15680
2024-05-30T17:00:00.000Z,0.60052,0.60059,0.59866,0.59907,7604
2024-05-30T21:00:00.000Z,0.5991,0.59954,0.59867,0.59916,6662
2024-05-31T01:00:00.000Z,0.59915,0.59989,0.59856,0.59961,10943
2024-05-31T05:00:00.000Z,0.59962,0.60183,0.59954,0.60151,12080
2024-05-31T09:00:00.000Z,0.6015,0.60294,0.60125,0.60199,13167
2024-05-31T13:00:00.000Z,0.60197,0.60219,0.59886,0.59979,18849
2024-05-31T17:00:00.000Z,0.5998,0.60065,0.59961,0.60033,8824
2024-06-02T21:00:00.000Z,0.60008,0.6005,0.5994,0.60021,6789
2024-06-03T01:00:00.000Z,0.60019,0.6003,0.59903,0.59921,8394
2024-06-03T05:00:00.000Z,0.59923,0.6,0.59841,0.59959,12201
2024-06-03T09:00:00.000Z,0.59959,0.60068,0.59836,0.60043,12687
2024-06-03T13:00:00.000Z,0.60045,0.60103,0.59744,0.59748,18402
2024-06-03T17:00:00.000Z,0.59749,0.59921,0.5966,0.59918,9600
2024-06-03T21:00:00.000Z,0.59828,0.59935,0.59822,0.5987,7173
2024-06-04T01:00:00.000Z,0.5987,0.59884,0.59796,0.59842,8932
2024-06-04T05:00:00.000Z,0.59843,0.59845,0.59461,0.5953,15028
2024-06-04T09:00:00.000Z,0.59529,0.59534,0.59201,0.5935,15894
2024-06-04T13:00:00.000Z,0.59353,0.59364,0.59048,0.59078,18681
2024-06-04T17:00:00.000Z,0.5908,0.59187,0.59049,0.59185,9941
2024-06-04T21:00:00.000Z,0.5911,0.59251,0.59109,0.59215,6457
2024-06-05T01:00:00.000Z,0.59216,0.5936,0.59154,0.59342,7749
2024-06-05T05:00:00.000Z,0.59342,0.59457,0.59292,0.59342,10995
2024-06-05T09:00:00.000Z,0.59343,0.59361,0.59256,0.59306,10433
2024-06-05T13:00:00.000Z,0.59304,0.59387,0.59148,0.59367,17077
2024-06-05T17:00:00.000Z,0.5937,0.59437,0.5936,0.59393,5749
2024-06-05T21:00:00.000Z,0.5933,0.59436,0.5933,0.5941,5387
2024-06-06T01:00:00.000Z,0.59407,0.59521,0.59328,0.59352,8561
2024-06-06T05:00:00.000Z,0.59351,0.59398,0.59288,0.59315,9443
2024-06-06T09:00:00.000Z,0.59316,0.59319,0.5913,0.59191,10713
2024-06-06T13:00:00.000Z,0.59193,0.59428,0.59175,0.59379,14297
2024-06-06T17:00:00.000Z,0.59378,0.59455,0.5927,0.59273,7375
2024-06-06T21:00:00.000Z,0.59235,0.59357,0.59235,0.59333,6258
2024-06-07T01:00:00.000Z,0.59336,0.5941,0.5932,0.59388,7750
2024-06-07T05:00:00.000Z,0.59389,0.5939,0.59258,0.59278,11047
2024-06-07T09:00:00.000Z,0.59279,0.59351,0.59127,0.59146,14068
2024-06-07T13:00:00.000Z,0.59148,0.59228,0.58968,0.59041,18642
2024-06-07T17:00:00.000Z,0.5904,0.59047,0.58973,0.59003,9116
2024-06-09T21:00:00.000Z,0.58933,0.59046,0.58888,0.58992,6954
2024-06-10T01:00:00.000Z,0.58993,0.59157,0.58982,0.59142,7475
2024-06-10T05:00:00.000Z,0.59141,0.5923,0.59054,0.59067,12147
2024-06-10T09:00:00.000Z,0.59067,0.59149,0.59044,0.59109,11083
2024-06-10T13:00:00.000Z,0.59109,0.59286,0.59053,0.59231,12172
2024-06-10T17:00:00.000Z,0.59231,0.59266,0.59179,0.59261,6413
2024-06-10T21:00:00.000Z,0.59222,0.59269,0.59195,0.59215,5463
2024-06-11T01:00:00.000Z,0.59215,0.59221,0.59101,0.59154,7361
2024-06-11T05:00:00.000Z,0.59151,0.59262,0.5915,0.59187,9136
2024-06-11T09:00:00.000Z,0.59187,0.59249,0.59101,0.59247,12137
2024-06-11T13:00:00.000Z,0.59247,0.59321,0.59159,0.59305,13514
2024-06-11T17:00:00.000Z,0.59304,0.59325,0.5925,0.59294,7421
2024-06-11T21:00:00.000Z,0.59282,0.59357,0.5925,0.59278,4831
2024-06-12T01:00:00.000Z,0.59279,0.59401,0.5927,0.59372,7503
2024-06-12T05:00:00.000Z,0.59371,0.59433,0.59284,0.59287,8325
2024-06-12T09:00:00.000Z,0.59287,0.5956,0.59134,0.59553,11210
2024-06-12T13:00:00.000Z,0.59553,0.59769,0.59529,0.59724,16111
2024-06-12T17:00:00.000Z,0.59723,0.5973,0.59533,0.59582,16070
2024-06-12T21:00:00.000Z,0.59542,0.59617,0.59501,0.59517,5387
2024-06-13T01:00:00.000Z,0.59518,0.59627,0.59477,0.59523,7573
2024-06-13T05:00:00.000Z,0.59523,0.59583,0.59442,0.59569,8651
2024-06-13T09:00:00.000Z,0.59569,0.59641,0.59481,0.59568,10435
2024-06-13T13:00:00.000Z,0.59569,0.59612,0.59231,0.59314,16017
2024-06-13T17:00:00.000Z,0.59313,0.59361,0.59284,0.59308,7303
2024-06-13T21:00:00.000Z,0.59272,0.59323,0.5918,0.59193,5265
2024-06-14T01:00:00.000Z,0.59194,0.5933,0.59193,0.59248,9122
2024-06-14T05:00:00.000Z,0.59249,0.59301,0.58933,0.58993,13623
2024-06-14T09:00:00.000Z,0.58993,0.5913,0.58933,0.5897,15180
2024-06-14T13:00:00.000Z,0.5897,0.58986,0.58745,0.58926,14830
2024-06-14T17:00:00.000Z,0.58926,0.58933,0.58804,0.58886,6170
2024-06-16T21:00:00.000Z,0.58764,0.58937,0.58764,0.58852,5256
2024-06-17T01:00:00.000Z,0.58853,0.58853,0.5877,0.58796,7206
2024-06-17T05:00:00.000Z,0.58795,0.58915,0.58677,0.58909,10882
2024-06-17T09:00:00.000Z,0.58908,0.58955,0.5881,0.5885,9757
2024-06-17T13:00:00.000Z,0.58851,0.58928,0.58777,0.58855,10898
2024-06-17T17:00:00.000Z,0.58855,0.58898,0.58817,0.58823,5862
2024-06-17T21:00:00.000Z,0.58728,0.58843,0.58728,0.58759,4935
2024-06-18T01:00:00.000Z,0.5876,0.58842,0.58696,0.58787,8092
2024-06-18T05:00:00.000Z,0.58785,0.59016,0.58716,0.58804,10988
2024-06-18T09:00:00.000Z,0.58805,0.58805,0.58636,0.58654,10983
2024-06-18T13:00:00.000Z,0.58653,0.58862,0.5861,0.58819,13603
2024-06-18T17:00:00.000Z,0.58819,0.58847,0.58786,0.58841,6663
2024-06-18T21:00:00.000Z,0.58785,0.5891,0.58785,0.58897,5952
2024-06-19T01:00:00.000Z,0.58898,0.5896,0.58874,0.58912,6082
2024-06-19T05:00:00.000Z,0.58913,0.59043,0.58895,0.58985,8706
2024-06-19T09:00:00.000Z,0.58985,0.59094,0.58905,0.5897,7710
2024-06-19T13:00:00.000Z,0.58971,0.59043,0.58926,0.5899,5851
2024-06-19T17:00:00.000Z,0.58989,0.59005,0.58973,0.59002,1837
2024-06-19T21:00:00.000Z,0.58941,0.59036,0.58921,0.58982,4857
2024-06-20T01:00:00.000Z,0.58985,0.59013,0.58921,0.58959,6857
2024-06-20T05:00:00.000Z,0.58958,0.59429,0.58861,0.59298,10844
2024-06-20T09:00:00.000Z,0.59298,0.59463,0.59289,0.59424,11605
2024-06-20T13:00:00.000Z,0.59422,0.59521,0.59208,0.59298,13525
2024-06-20T17:00:00.000Z,0.59298,0.59358,0.59236,0.59318,8352
2024-06-20T21:00:00.000Z,0.59277,0.59401,0.59277,0.59358,5052
2024-06-21T01:00:00.000Z,0.59358,0.59431,0.59346,0.59409,6799
2024-06-21T05:00:00.000Z,0.59409,0.59458,0.59204,0.59345,10960
2024-06-21T09:00:00.000Z,0.59345,0.59502,0.59309,0.59448,9301
2024-06-21T13:00:00.000Z,0.59449,0.59461,0.59275,0.59394,13816
2024-06-21T17:00:00.000Z,0.59395,0.59422,0.59346,0.59385,5766
2024-06-23T21:00:00.000Z,0.59268,0.59381,0.59251,0.59332,5499
2024-06-24T01:00:00.000Z,0.59331,0.59332,0.59223,0.59313,8241
2024-06-24T05:00:00.000Z,0.59313,0.59501,0.593,0.59468,9099
2024-06-24T09:00:00.000Z,0.59468,0.59491,0.593,0.59311,10467
2024-06-24T13:00:00.000Z,0.59311,0.59533,0.59304,0.5949,12998
2024-06-24T17:00:00.000Z,0.59487,0.59505,0.59421,0.59429,6694
2024-06-24T21:00:00.000Z,0.59364,0.59445,0.59325,0.59337,5659
2024-06-25T01:00:00.000Z,0.59337,0.59435,0.59336,0.59409,8645
2024-06-25T05:00:00.000Z,0.59409,0.59601,0.59391,0.59542,9751
2024-06-25T09:00:00.000Z,0.59542,0.5955,0.59373,0.59431,10037
2024-06-25T13:00:00.000Z,0.59431,0.5945,0.59347,0.59407,12982
2024-06-25T17:00:00.000Z,0.59407,0.59482,0.59383,0.59458,5900
2024-06-25T21:00:00.000Z,0.59374,0.59495,0.59357,0.59473,5836
2024-06-26T01:00:00.000Z,0.59473,0.59793,0.59467,0.59767,10588
2024-06-26T05:00:00.000Z,0.5977,0.59955,0.59767,0.59886,10044
2024-06-26T09:00:00.000Z,0.59886,0.59931,0.59641,0.59648,11421
2024-06-26T13:00:00.000Z,0.59648,0.59729,0.59569,0.59679,15387
2024-06-26T17:00:00.000Z,0.59679,0.59715,0.5964,0.59655,6888
2024-06-26T21:00:00.000Z,0.59577,0.5968,0.59575,0.59612,6815
2024-06-27T01:00:00.000Z,0.5961,0.5977,0.5961,0.59761,8487
2024-06-27T05:00:00.000Z,0.5976,0.59853,0.59738,0.59836,10030
2024-06-27T09:00:00.000Z,0.59835,0.59851,0.59685,0.59742,11411
2024-06-27T13:00:00.000Z,0.59739,0.59775,0.59648,0.59712,14104
2024-06-27T17:00:00.000Z,0.59711,0.59757,0.59664,0.59749,6992
2024-06-27T21:00:00.000Z,0.59716,0.59769,0.59682,0.59725,4775
2024-06-28T01:00:00.000Z,0.59725,0.59727,0.59558,0.59569,11140
2024-06-28T05:00:00.000Z,0.59567,0.59791,0.59548,0.59742,10066
2024-06-28T09:00:00.000Z,0.59741,0.59981,0.59729,0.59969,12635
2024-06-28T13:00:00.000Z,0.59968,0.60086,0.59925,0.59961,18731
2024-06-28T17:00:00.000Z,0.59961,0.60011,0.59879,0.59932,7961
2024-06-30T21:00:00.000Z,0.59923,0.6012,0.59886,0.59999,8048
2024-07-01T01:00:00.000Z,0.6,0.60008,0.59942,0.59964,8832
2024-07-01T05:00:00.000Z,0.59964,0.60198,0.5992,0.60176,11804
2024-07-01T09:00:00.000Z,0.60176,0.60195,0.60057,0.60126,10566
2024-07-01T13:00:00.000Z,0.60124,0.6026,0.60035,0.60112,15864
2024-07-01T17:00:00.000Z,0.60112,0.60175,0.6007,0.60118,5818
2024-07-01T21:00:00.000Z,0.60048,0.60132,0.60032,0.6006,5643
2024-07-02T01:00:00.000Z,0.6006,0.60094,0.59944,0.60048,7918
2024-07-02T05:00:00.000Z,0.60048,0.60135,0.60007,0.60135,11378
2024-07-02T09:00:00.000Z,0.60135,0.60197,0.60066,0.60176,9341
2024-07-02T13:00:00.000Z,0.60176,0.60292,0.60122,0.60209,16292
2024-07-02T17:00:00.000Z,0.60209,0.60301,0.60205,0.60267,5765
2024-07-02T21:00:00.000Z,0.60228,0.60314,0.602,0.60276,4686
2024-07-03T01:00:00.000Z,0.60276,0.60397,0.60251,0.60357,7176
2024-07-03T05:00:00.000Z,0.60357,0.60464,0.6031,0.60316,9403
2024-07-03T09:00:00.000Z,0.60318,0.60338,0.60204,0.60279,10270
2024-07-03T13:00:00.000Z,0.60277,0.60583,0.6027,0.60473,16470
2024-07-03T17:00:00.000Z,0.60473,0.60473,0.60417,0.60441,4686
2024-07-03T21:00:00.000Z,0.60377,0.60508,0.60338,0.60491,5859
2024-07-04T01:00:00.000Z,0.60491,0.60536,0.60452,0.60488,7487
2024-07-04T05:00:00.000Z,0.60487,0.607,0.60432,0.6058,10456
2024-07-04T09:00:00.000Z,0.60581,0.60589,0.60505,0.60535,8091
2024-07-04T13:00:00.000Z,0.60537,0.60574,0.60503,0.60543,6771
2024-07-04T17:00:00.000Z,0.60542,0.60548,0.60517,0.60532,1745
2024-07-04T21:00:00.000Z,0.6052,0.60598,0.60504,0.60571,4516
2024-07-05T01:00:00.000Z,0.60572,0.60601,0.60493,0.605,8360
2024-07-05T05:00:00.000Z,0.605,0.60525,0.60432,0.60501,8491
2024-07-05T09:00:00.000Z,0.60502,0.6062,0.60367,0.60484,11147
2024-07-05T13:00:00.000Z,0.60483,0.6055,0.60395,0.60493,17869
2024-07-05T17:00:00.000Z,0.60494,0.60495,0.60445,0.60447,6382
2024-07-07T21:00:00.000Z,0.60298,0.60414,0.60268,0.60355,7089
2024-07-08T01:00:00.000Z,0.60355,0.60518,0.6034,0.60437,8724
2024-07-08T05:00:00.000Z,0.60438,0.60438,0.60283,0.60322,10550
2024-07-08T09:00:00.000Z,0.60319,0.60489,0.60311,0.60482,9497
2024-07-08T13:00:00.000Z,0.60482,0.60542,0.60394,0.60478,11896
2024-07-08T17:00:00.000Z,0.60478,0.6048,0.60405,0.60468,4858
2024-07-08T21:00:00.000Z,0.60433,0.60572,0.60407,0.60512,4747
2024-07-09T01:00:00.000Z,0.60512,0.60573,0.60471,0.60554,8157
2024-07-09T05:00:00.000Z,0.60554,0.60593,0.60521,0.60521,9121
2024-07-09T09:00:00.000Z,0.60522,0.60549,0.60415,0.60459,9335
2024-07-09T13:00:00.000Z,0.60459,0.60503,0.60385,0.60483,15368
2024-07-09T17:00:00.000Z,0.60483,0.6053,0.60462,0.60506,6425
2024-07-09T21:00:00.000Z,0.60449,0.60531,0.60449,0.60478,4492
2024-07-10T01:00:00.000Z,0.6048,0.60532,0.60442,0.60523,8294
2024-07-10T05:00:00.000Z,0.60524,0.60547,0.60419,0.60476,9404
2024-07-10T09:00:00.000Z,0.60476,0.60594,0.6047,0.60573,8504
2024-07-10T13:00:00.000Z,0.60573,0.60706,0.60573,0.60661,11648
2024-07-10T17:00:00.000Z,0.60664,0.607,0.60632,0.60682,5736
2024-07-10T21:00:00.000Z,0.60645,0.60727,0.60638,0.60689,3754
2024-07-11T01:00:00.000Z,0.60689,0.60799,0.60681,0.60765,6131
2024-07-11T05:00:00.000Z,0.60765,0.60824,0.60706,0.60725,8990
2024-07-11T09:00:00.000Z,0.60725,0.60761,0.60588,0.60648,12018
2024-07-11T13:00:00.000Z,0.60648,0.60675,0.60442,0.60492,22523
2024-07-11T17:00:00.000Z,0.60493,0.60587,0.60456,0.60581,9280
2024-07-11T21:00:00.000Z,0.60488,0.60692,0.60455,0.6056,10010
2024-07-12T01:00:00.000Z,0.60561,0.60689,0.60547,0.60667,9639
2024-07-12T05:00:00.000Z,0.60665,0.6072,0.60562,0.60704,10815
2024-07-12T09:00:00.000Z,0.60703,0.60738,0.6058,0.60612,12374
2024-07-12T13:00:00.000Z,0.60609,0.60748,0.60579,0.6073,17694
2024-07-12T17:00:00.000Z,0.6073,0.60741,0.60646,0.60673,5741
2024-07-14T21:00:00.000Z,0.60497,0.60737,0.60492,0.60652,8288
2024-07-15T01:00:00.000Z,0.60651,0.60714,0.6062,0.60672,7769
2024-07-15T05:00:00.000Z,0.60673,0.60729,0.60573,0.60654,10736
2024-07-15T09:00:00.000Z,0.60653,0.60675,0.60567,0.60584,11877
2024-07-15T13:00:00.000Z,0.60585,0.60675,0.60547,0.60577,15642
2024-07-15T17:00:00.000Z,0.60578,0.60581,0.60492,0.60549,9590
2024-07-15T21:00:00.000Z,0.60512,0.60576,0.60461,0.60462,4790
2024-07-16T01:00:00.000Z,0.60463,0.60479,0.60349,0.60358,8722
2024-07-16T05:00:00.000Z,0.60358,0.60372,0.60268,0.60323,11791
2024-07-16T09:00:00.000Z,0.60322,0.60447,0.60282,0.60321,12168
2024-07-16T13:00:00.000Z,0.60321,0.60321,0.60174,0.602,14462
2024-07-16T17:00:00.000Z,0.60199,0.60238,0.60175,0.60187,6308
2024-07-16T21:00:00.000Z,0.60161,0.60211,0.60114,0.60184,5586
2024-07-17T01:00:00.000Z,0.60185,0.60257,0.60171,0.60208,7705
2024-07-17T05:00:00.000Z,0.60206,0.60228,0.59815,0.59922,15339
2024-07-17T09:00:00.000Z,0.59922,0.59996,0.59682,0.59708,15099
2024-07-17T13:00:00.000Z,0.59707,0.59707,0.59446,0.5948,17321
2024-07-17T17:00:00.000Z,0.59478,0.59534,0.59379,0.59452,8273
2024-07-17T21:00:00.000Z,0.59396,0.59444,0.59331,0.59396,7124
2024-07-18T01:00:00.000Z,0.59395,0.5961,0.59341,0.59598,11318
2024-07-18T05:00:00.000Z,0.59598,0.59622,0.59493,0.59565,14408
2024-07-18T09:00:00.000Z,0.59563,0.59583,0.59491,0.59494,11861
2024-07-18T13:00:00.000Z,0.59496,0.59614,0.59482,0.59586,16975
2024-07-18T17:00:00.000Z,0.59586,0.59609,0.59433,0.59531,10382
2024-07-18T21:00:00.000Z,0.59347,0.59547,0.59346,0.59491,7041
2024-07-19T01:00:00.000Z,0.59493,0.5959,0.59462,0.59577,9828
2024-07-19T05:00:00.000Z,0.59577,0.59614,0.5942,0.59434,12794
2024-07-19T09:00:00.000Z,0.59434,0.59573,0.59414,0.59526,11060
2024-07-19T13:00:00.000Z,0.59524,0.59552,0.59397,0.59419,15211
2024-07-19T17:00:00.000Z,0.59419,0.59451,0.59389,0.59408,7373
2024-07-21T21:00:00.000Z,0.59375,0.59495,0.59327,0.59417,8663
2024-07-22T01:00:00.000Z,0.59417,0.59437,0.59211,0.59249,10170
2024-07-22T05:00:00.000Z,0.59249,0.5925,0.59125,0.59172,13178
2024-07-22T09:00:00.000Z,0.59172,0.59199,0.59066,0.59083,11262
2024-07-22T13:00:00.000Z,0.59083,0.59106,0.58974,0.59061,13784
2024-07-22T17:00:00.000Z,0.59061,0.59106,0.59056,0.59084,5423
2024-07-22T21:00:00.000Z,0.59045,0.59115,0.58987,0.59001,6427
2024-07-23T01:00:00.000Z,0.59001,0.59103,0.58952,0.58952,9044
2024-07-23T05:00:00.000Z,0.58951,0.59011,0.5891,0.5894,11737
2024-07-23T09:00:00.000Z,0.5894,0.5908,0.58934,0.59024,10712
2024-07-23T13:00:00.000Z,0.59024,0.59052,0.58957,0.5898,12206
2024-07-23T17:00:00.000Z,0.5898,0.59003,0.58919,0.58965,6445
2024-07-23T21:00:00.000Z,0.58937,0.58968,0.58888,0.58957,4501
2024-07-24T01:00:00.000Z,0.58957,0.58967,0.58676,0.58689,11800
2024-07-24T05:00:00.000Z,0.58689,0.5879,0.58627,0.58641,14112
2024-07-24T09:00:00.000Z,0.5864,0.58647,0.58421,0.58461,11966
2024-07-24T13:00:00.000Z,0.5846,0.5847,0.58279,0.58324,16478
2024-07-24T17:00:00.000Z,0.58323,0.58406,0.58244,0.58259,8691
2024-07-24T21:00:00.000Z,0.58203,0.58259,0.58011,0.58053,7557
2024-07-25T01:00:00.000Z,0.58054,0.58078,0.57748,0.57753,12878
2024-07-25T05:00:00.000Z,0.57754,0.57823,0.5745,0.57562,16890
2024-07-25T09:00:00.000Z,0.57561,0.57571,0.57226,0.57543,17513
2024-07-25T13:00:00.000Z,0.57543,0.57758,0.57504,0.57703,19885
2024-07-25T17:00:00.000Z,0.57703,0.57716,0.57569,0.57629,10413
2024-07-25T21:00:00.000Z,0.57557,0.57696,0.57536,0.57685,6254
2024-07-26T01:00:00.000Z,0.57684,0.57736,0.57657,0.57724,9072
2024-07-26T05:00:00.000Z,0.57723,0.58004,0.57715,0.57999,11761
2024-07-26T09:00:00.000Z,0.57999,0.58009,0.57887,0.57915,10947
2024-07-26T13:00:00.000Z,0.57919,0.57964,0.57795,0.57961,15825
2024-07-26T17:00:00.000Z,0.57962,0.57966,0.57853,0.57872,7730
2024-07-28T21:00:00.000Z,0.57835,0.58038,0.57742,0.57985,7278
2024-07-29T01:00:00.000Z,0.57985,0.58004,0.57811,0.57837,10024
2024-07-29T05:00:00.000Z,0.57838,0.5795,0.57838,0.57917,12565
2024-07-29T09:00:00.000Z,0.57917,0.57986,0.57849,0.5785,9772
2024-07-29T13:00:00.000Z,0.57849,0.57996,0.57831,0.57972,12991
2024-07-29T17:00:00.000Z,0.57974,0.58043,0.57938,0.58033,6854
2024-07-29T21:00:00.000Z,0.57959,0.58106,0.57959,0.5803,5088
2024-07-30T01:00:00.000Z,0.58031,0.58128,0.57924,0.58126,9586
2024-07-30T05:00:00.000Z,0.58126,0.58226,0.57983,0.58036,11437
2024-07-30T09:00:00.000Z,0.58037,0.58048,0.57901,0.5791,9389
2024-07-30T13:00:00.000Z,0.5791,0.57954,0.57722,0.57726,18096
2024-07-30T17:00:00.000Z,0.57726,0.57841,0.57684,0.57698,10031
2024-07-30T21:00:00.000Z,0.57631,0.57757,0.57603,0.57627,8676
2024-07-31T01:00:00.000Z,0.57627,0.57644,0.57133,0.5721,14974
2024-07-31T05:00:00.000Z,0.5721,0.57408,0.57118,0.57208,16827
2024-07-31T09:00:00.000Z,0.57207,0.57344,0.57157,0.5733,14262
2024-07-31T13:00:00.000Z,0.57329,0.57546,0.57242,0.57502,16836
2024-07-31T17:00:00.000Z,0.57502,0.57623,0.5733,0.57435,17316
2024-07-31T21:00:00.000Z,0.57363,0.57501,0.5735,0.57356,7623
2024-08-01T01:00:00.000Z,0.57358,0.57385,0.57215,0.57247,13407
2024-08-01T05:00:00.000Z,0.57248,0.57328,0.57046,0.57068,15335
2024-08-01T09:00:00.000Z,0.57071,0.57394,0.57049,0.57343,14662
2024-08-01T13:00:00.000Z,0.57342,0.57379,0.56834,0.56896,20800
2024-08-01T17:00:00.000Z,0.56897,0.5691,0.56624,0.56754,12114
2024-08-01T21:00:00.000Z,0.56686,0.56736,0.56564,0.56609,8889
2024-08-02T01:00:00.000Z,0.56608,0.56816,0.56592,0.56774,12417
2024-08-02T05:00:00.000Z,0.56776,0.56936,0.56691,0.56769,16941
2024-08-02T09:00:00.000Z,0.56768,0.56781,0.56255,0.56428,16790
2024-08-02T13:00:00.000Z,0.56426,0.56688,0.55856,0.56016,29139
2024-08-02T17:00:00.000Z,0.56016,0.56053,0.55798,0.55841,13297
2024-08-04T21:00:00.000Z,0.55834,0.55966,0.55368,0.55463,17611
2024-08-05T01:00:00.000Z,0.55462,0.55719,0.55044,0.55117,24061
2024-08-05T05:00:00.000Z,0.55116,0.55261,0.53654,0.5483,33755
2024-08-05T09:00:00.000Z,0.54831,0.54922,0.54304,0.5437,24614
2024-08-05T13:00:00.000Z,0.54371,0.55606,0.54365,0.55304,33682
2024-08-05T17:00:00.000Z,0.55304,0.55517,0.55102,0.55343,20147
2024-08-05T21:00:00.000Z,0.55323,0.5591,0.5528,0.55851,16414
2024-08-06T01:00:00.000Z,0.55855,0.55887,0.55522,0.55691,21582
2024-08-06T05:00:00.000Z,0.55691,0.5595,0.55415,0.55535,26226
2024-08-06T09:00:00.000Z,0.55533,0.55559,0.552,0.55243,21858
2024-08-06T13:00:00.000Z,0.55243,0.55803,0.55159,0.55779,27292
2024-08-06T17:00:00.000Z,0.55778,0.55836,0.55498,0.55503,15698
2024-08-06T21:00:00.000Z,0.5543,0.55818,0.55414,0.55813,12036
2024-08-07T01:00:00.000Z,0.55815,0.56401,0.55712,0.56311,21142
2024-08-07T05:00:00.000Z,0.56311,0.56368,0.5586,0.56323,21518
2024-08-07T09:00:00.000Z,0.56323,0.56805,0.56314,0.5652,16261
2024-08-07T13:00:00.000Z,0.5652,0.56841,0.56427,0.56477,21619
2024-08-07T17:00:00.000Z,0.56476,0.56493,0.56125,0.56182,16537
2024-08-07T21:00:00.000Z,0.56135,0.56226,0.55813,0.55954,12341
2024-08-08T01:00:00.000Z,0.55957,0.56507,0.55947,0.56317,17969
2024-08-08T05:00:00.000Z,0.56317,0.56469,0.56162,0.56278,18768
2024-08-08T09:00:00.000Z,0.56278,0.56549,0.56073,0.56456,18456
2024-08-08T13:00:00.000Z,0.56456,0.57062,0.56433,0.5697,23631
2024-08-08T17:00:00.000Z,0.56969,0.57145,0.56898,0.57138,12288
2024-08-08T21:00:00.000Z,0.57046,0.57159,0.56954,0.57036,11142
2024-08-09T01:00:00.000Z,0.57037,0.57224,0.56995,0.5701,13801
2024-08-09T05:00:00.000Z,0.57009,0.57242,0.56931,0.57034,14600
2024-08-09T09:00:00.000Z,0.57035,0.57057,0.56722,0.56832,13540
2024-08-09T13:00:00.000Z,0.56834,0.5695,0.56749,0.56832,17408
2024-08-09T17:00:00.000Z,0.56832,0.56925,0.56792,0.56855,8561
2024-08-11T21:00:00.000Z,0.56709,0.56956,0.56702,0.56897,7469
2024-08-12T01:00:00.000Z,0.56896,0.57066,0.56868,0.5706,9215
2024-08-12T05:00:00.000Z,0.5706,0.57333,0.57024,0.57289,13607
2024-08-12T09:00:00.000Z,0.57288,0.5741,0.57238,0.57296,10864
2024-08-12T13:00:00.000Z,0.57296,0.57493,0.57037,0.57076,18833
2024-08-12T17:00:00.000Z,0.57074,0.57109,0.56919,0.56985,10642
2024-08-12T21:00:00.000Z,0.56911,0.57054,0.56899,0.57035,7328
2024-08-13T01:00:00.000Z,0.57036,0.57271,0.57011,0.57196,10388
2024-08-13T05:00:00.000Z,0.57196,0.57311,0.57077,0.57264,11936
2024-08-13T09:00:00.000Z,0.57266,0.57315,0.57104,0.57257,13763
2024-08-13T13:00:00.000Z,0.57257,0.57319,0.56984,0.57288,17230
2024-08-13T17:00:00.000Z,0.57288,0.57408,0.57231,0.57361,10120
2024-08-13T21:00:00.000Z,0.57309,0.57476,0.5727,0.57471,7801
2024-08-14T01:00:00.000Z,0.57468,0.57502,0.57198,0.57275,14946
2024-08-14T05:00:00.000Z,0.57275,0.57431,0.57137,0.57184,13405
2024-08-14T09:00:00.000Z,0.57184,0.57351,0.57113,0.57294,13176
2024-08-14T13:00:00.000Z,0.57293,0.57357,0.57001,0.57126,19687
2024-08-14T17:00:00.000Z,0.57126,0.57146,0.57045,0.57053,8423
2024-08-14T21:00:00.000Z,0.57018,0.57122,0.56977,0.56996,6587
2024-08-15T01:00:00.000Z,0.56996,0.5737,0.5683,0.57323,12126
2024-08-15T05:00:00.000Z,0.57322,0.5737,0.57221,0.57308,9599
2024-08-15T09:00:00.000Z,0.57308,0.5776,0.57295,0.57686,11808
2024-08-15T13:00:00.000Z,0.57684,0.57806,0.57585,0.57769,18709
2024-08-15T17:00:00.000Z,0.57769,0.57772,0.57638,0.57687,7057
2024-08-15T21:00:00.000Z,0.57675,0.57707,0.57635,0.57672,6530
2024-08-16T01:00:00.000Z,0.57672,0.57744,0.57648,0.57717,8271
2024-08-16T05:00:00.000Z,0.57718,0.57816,0.57545,0.57609,9665
2024-08-16T09:00:00.000Z,0.57608,0.57702,0.57421,0.57439,11928
2024-08-16T13:00:00.000Z,0.5744,0.57813,0.57411,0.57798,15778
2024-08-16T17:00:00.000Z,0.57799,0.5784,0.57747,0.5777,7068
2024-08-18T21:00:00.000Z,0.57647,0.57996,0.57596,0.57904,7723
2024-08-19T01:00:00.000Z,0.57904,0.57967,0.57701,0.57768,11683
2024-08-19T05:00:00.000Z,0.57767,0.57838,0.5755,0.57823,15488
2024-08-19T09:00:00.000Z,0.57823,0.57951,0.57778,0.57949,10918
2024-08-19T13:00:00.000Z,0.57949,0.58072,0.57918,0.57992,14988
2024-08-19T17:00:00.000Z,0.57992,0.58088,0.57967,0.58088,7223
2024-08-19T21:00:00.000Z,0.57986,0.58144,0.5795,0.57981,6366
2024-08-20T01:00:00.000Z,0.57984,0.58042,0.57849,0.57911,12115
2024-08-20T05:00:00.000Z,0.5791,0.58015,0.57766,0.57864,12543
2024-08-20T09:00:00.000Z,0.57865,0.57932,0.57832,0.57914,11190
2024-08-20T13:00:00.000Z,0.57915,0.57922,0.57652,0.57671,17000
2024-08-20T17:00:00.000Z,0.57671,0.57761,0.57618,0.57627,7541
2024-08-20T21:00:00.000Z,0.57573,0.57636,0.57481,0.57611,7469
2024-08-21T01:00:00.000Z,0.57611,0.5765,0.57534,0.57608,9821
2024-08-21T05:00:00.000Z,0.57607,0.57665,0.57538,0.57602,11726
2024-08-21T09:00:00.000Z,0.57604,0.57685,0.57565,0.57583,9352
2024-08-21T13:00:00.000Z,0.57583,0.57637,0.57353,0.57389,20303
2024-08-21T17:00:00.000Z,0.5739,0.57454,0.57353,0.5744,8832
2024-08-21T21:00:00.000Z,0.57365,0.57472,0.57343,0.57437,5501
2024-08-22T01:00:00.000Z,0.57437,0.57464,0.57281,0.57342,7573
2024-08-22T05:00:00.000Z,0.57342,0.57432,0.57309,0.57422,10443
2024-08-22T09:00:00.000Z,0.57422,0.57434,0.57261,0.57326,11426
2024-08-22T13:00:00.000Z,0.57328,0.57328,0.57073,0.57137,17426
2024-08-22T17:00:00.000Z,0.57138,0.5717,0.57046,0.57146,8634
2024-08-22T21:00:00.000Z,0.5705,0.57166,0.57045,0.57136,5956
2024-08-23T01:00:00.000Z,0.57137,0.57294,0.57103,0.57267,8163
2024-08-23T05:00:00.000Z,0.57267,0.57295,0.57162,0.57288,10230
2024-08-23T09:00:00.000Z,0.57287,0.57387,0.5728,0.57364,8818
2024-08-23T13:00:00.000Z,0.57364,0.57653,0.57338,0.57632,23160
2024-08-23T17:00:00.000Z,0.57632,0.5766,0.57529,0.57614,9610
2024-08-25T21:00:00.000Z,0.57508,0.57619,0.57406,0.57468,8255
2024-08-26T01:00:00.000Z,0.57468,0.575,0.57391,0.57398,8881
2024-08-26T05:00:00.000Z,0.57397,0.5744,0.57296,0.57298,10054
2024-08-26T09:00:00.000Z,0.57297,0.5745,0.57284,0.57415,9835
2024-08-26T13:00:00.000Z,0.57414,0.57501,0.57364,0.5746,14484
2024-08-26T17:00:00.000Z,0.5746,0.57484,0.57356,0.57367,6664
2024-08-26T21:00:00.000Z,0.57314,0.57398,0.57224,0.57319,5403
2024-08-27T01:00:00.000Z,0.5732,0.57506,0.5732,0.57462,7768
2024-08-27T05:00:00.000Z,0.57463,0.57545,0.57387,0.57437,10413
2024-08-27T09:00:00.000Z,0.57434,0.57447,0.57233,0.57251,11208
2024-08-27T13:00:00.000Z,0.5725,0.57277,0.57068,0.57139,15818
2024-08-27T17:00:00.000Z,0.5714,0.57186,0.57114,0.57156,6502
2024-08-27T21:00:00.000Z,0.57112,0.57209,0.57095,0.57145,5671
2024-08-28T01:00:00.000Z,0.57147,0.57364,0.5713,0.57304,10169
2024-08-28T05:00:00.000Z,0.57304,0.57376,0.57243,0.573,12286
2024-08-28T09:00:00.000Z,0.573,0.57311,0.57124,0.57213,12473
2024-08-28T13:00:00.000Z,0.57212,0.57277,0.57003,0.57115,15559
2024-08-28T17:00:00.000Z,0.57115,0.57152,0.56959,0.57137,8434
2024-08-28T21:00:00.000Z,0.57101,0.57241,0.57054,0.57221,6448
2024-08-29T01:00:00.000Z,0.57222,0.57262,0.57089,0.57187,8885
2024-08-29T05:00:00.000Z,0.57188,0.57517,0.57137,0.57477,14262
2024-08-29T09:00:00.000Z,0.57477,0.57671,0.57477,0.57605,14033
2024-08-29T13:00:00.000Z,0.57605,0.57695,0.57469,0.57607,17279
2024-08-29T17:00:00.000Z,0.57607,0.57659,0.5747,0.57587,9099
2024-08-29T21:00:00.000Z,0.57519,0.57614,0.57512,0.5759,5401
2024-08-30T01:00:00.000Z,0.57586,0.57707,0.57523,0.57641,7821
2024-08-30T05:00:00.000Z,0.57641,0.57805,0.57628,0.57763,10415
2024-08-30T09:00:00.000Z,0.57763,0.57784,0.5765,0.57672,11072
2024-08-30T13:00:00.000Z,0.57672,0.57685,0.57412,0.57497,20096
2024-08-30T17:00:00.000Z,0.57497,0.57549,0.5746,0.57495,7449
2024-09-01T21:00:00.000Z,0.57416,0.57635,0.57346,0.57585,5190
2024-09-02T01:00:00.000Z,0.57585,0.57611,0.57424,0.57457,7467
2024-09-02T05:00:00.000Z,0.57462,0.57658,0.57445,0.57642,10136
2024-09-02T09:00:00.000Z,0.57641,0.57717,0.57614,0.57707,7161
2024-09-02T13:00:00.000Z,0.57708,0.57845,0.57703,0.57815,7289
2024-09-02T17:00:00.000Z,0.57814,0.57855,0.57809,0.57834,1792
2024-09-02T21:00:00.000Z,0.57759,0.57843,0.57759,0.57832,5020
2024-09-03T01:00:00.000Z,0.57833,0.57858,0.57405,0.57488,11304
2024-09-03T05:00:00.000Z,0.57489,0.57623,0.57289,0.5752,13644
2024-09-03T09:00:00.000Z,0.57518,0.57536,0.57316,0.5733,12138
2024-09-03T13:00:00.000Z,0.5733,0.57334,0.5702,0.57136,18906
2024-09-03T17:00:00.000Z,0.57136,0.5716,0.5706,0.57078,7812
2024-09-03T21:00:00.000Z,0.57041,0.57093,0.56726,0.56742,7643
2024-09-04T01:00:00.000Z,0.56739,0.56943,0.56739,0.56876,11507
2024-09-04T05:00:00.000Z,0.56876,0.56967,0.5679,0.56888,13772
2024-09-04T09:00:00.000Z,0.56887,0.57256,0.56886,0.57223,10300
2024-09-04T13:00:00.000Z,0.57223,0.57306,0.5697,0.57022,18981
2024-09-04T17:00:00.000Z,0.5702,0.57032,0.56873,0.56915,8711
2024-09-04T21:00:00.000Z,0.56814,0.56956,0.56776,0.56927,6053
2024-09-05T01:00:00.000Z,0.56927,0.57013,0.56879,0.5692,9009
2024-09-05T05:00:00.000Z,0.56921,0.56969,0.5682,0.56954,11678
2024-09-05T09:00:00.000Z,0.56953,0.56964,0.56772,0.56954,13029
2024-09-05T13:00:00.000Z,0.56955,0.57134,0.56848,0.56912,19078
2024-09-05T17:00:00.000Z,0.56913,0.56949,0.56819,0.56898,8185
2024-09-05T21:00:00.000Z,0.5685,0.56904,0.56813,0.56839,4809
2024-09-06T01:00:00.000Z,0.5684,0.56854,0.56687,0.56739,7515
2024-09-06T05:00:00.000Z,0.56737,0.56751,0.56548,0.56634,13173
2024-09-06T09:00:00.000Z,0.56634,0.57053,0.56609,0.56952,14642
2024-09-06T13:00:00.000Z,0.56948,0.57021,0.56165,0.56244,29845
2024-09-06T17:00:00.000Z,0.56244,0.56324,0.56206,0.56223,11595
2024-09-08T21:00:00.000Z,0.5626,0.56356,0.56125,0.56305,7642
2024-09-09T01:00:00.000Z,0.56305,0.5655,0.56305,0.56483,9986
2024-09-09T05:00:00.000Z,0.56483,0.56483,0.56353,0.56451,12417
2024-09-09T09:00:00.000Z,0.56451,0.56546,0.56418,0.5646,9567
2024-09-09T13:00:00.000Z,0.56459,0.56582,0.56318,0.56573,13656
2024-09-09T17:00:00.000Z,0.56575,0.56595,0.56463,0.5656,7550
2024-09-09T21:00:00.000Z,0.56452,0.56604,0.56439,0.56506,5402
2024-09-10T01:00:00.000Z,0.56505,0.56561,0.56453,0.56539,7860
2024-09-10T05:00:00.000Z,0.56535,0.56641,0.56459,0.56461,10210
2024-09-10T09:00:00.000Z,0.5646,0.5658,0.56377,0.56418,10374
2024-09-10T13:00:00.000Z,0.56418,0.56463,0.56203,0.56324,16647
2024-09-10T17:00:00.000Z,0.56323,0.56406,0.5631,0.5634,7530
2024-09-10T21:00:00.000Z,0.56295,0.56368,0.56253,0.56273,4918
2024-09-11T01:00:00.000Z,0.56273,0.5632,0.56067,0.56093,12303
2024-09-11T05:00:00.000Z,0.56093,0.56381,0.56036,0.56308,13139
2024-09-11T09:00:00.000Z,0.56309,0.56606,0.563,0.5658,14154
2024-09-11T13:00:00.000Z,0.56578,0.56671,0.56137,0.56591,23264
2024-09-11T17:00:00.000Z,0.56591,0.56937,0.56589,0.56883,10801
2024-09-11T21:00:00.000Z,0.56802,0.57007,0.56802,0.56903,4749
2024-09-12T01:00:00.000Z,0.56904,0.57092,0.56841,0.5708,8763
2024-09-12T05:00:00.000Z,0.5708,0.57125,0.56867,0.56993,11956
2024-09-12T09:00:00.000Z,0.56994,0.57097,0.56947,0.56955,12847
2024-09-12T13:00:00.000Z,0.56955,0.57215,0.56896,0.57206,19338
2024-09-12T17:00:00.000Z,0.57205,0.57283,0.57171,0.57212,11820
2024-09-12T21:00:00.000Z,0.57157,0.57239,0.57106,0.57175,5957
2024-09-13T01:00:00.000Z,0.57176,0.57189,0.57041,0.57134,9058
2024-09-13T05:00:00.000Z,0.57134,0.57159,0.56912,0.56958,11941
2024-09-13T09:00:00.000Z,0.56958,0.5702,0.56662,0.56722,13371
2024-09-13T13:00:00.000Z,0.56723,0.56983,0.56666,0.56884,16713
2024-09-13T17:00:00.000Z,0.56884,0.56952,0.56821,0.56921,8415
2024-09-15T21:00:00.000Z,0.56786,0.5694,0.56754,0.5686,4987
2024-09-16T01:00:00.000Z,0.56859,0.56933,0.56792,0.56917,6504
2024-09-16T05:00:00.000Z,0.56916,0.5694,0.56774,0.56896,11678
2024-09-16T09:00:00.000Z,0.56895,0.5698,0.56877,0.56921,12148
2024-09-16T13:00:00.000Z,0.56918,0.5698,0.56866,0.56963,14773
2024-09-16T17:00:00.000Z,0.56963,0.57061,0.56939,0.57033,6349
2024-09-16T21:00:00.000Z,0.57,0.57067,0.56938,0.56957,4648
2024-09-17T01:00:00.000Z,0.56956,0.57022,0.56907,0.56919,6817
2024-09-17T05:00:00.000Z,0.56919,0.57109,0.56918,0.57038,10220
2024-09-17T09:00:00.000Z,0.57038,0.57137,0.57025,0.57126,12805
2024-09-17T13:00:00.000Z,0.57126,0.57281,0.5709,0.57133,18400
2024-09-17T17:00:00.000Z,0.57133,0.5725,0.571,0.57224,9580
2024-09-17T21:00:00.000Z,0.57145,0.57254,0.57145,0.57232,4733
2024-09-18T01:00:00.000Z,0.57232,0.57278,0.57037,0.57062,7158
2024-09-18T05:00:00.000Z,0.57061,0.57262,0.57057,0.57205,11162
2024-09-18T09:00:00.000Z,0.57206,0.57298,0.57147,0.5723,10572
2024-09-18T13:00:00.000Z,0.57229,0.57277,0.57146,0.57181,13715
2024-09-18T17:00:00.000Z,0.57181,0.5735,0.57089,0.57236,25320
2024-09-18T21:00:00.000Z,0.57152,0.5746,0.57112,0.57322,9735
2024-09-19T01:00:00.000Z,0.57322,0.57662,0.57279,0.57634,16278
2024-09-19T05:00:00.000Z,0.57635,0.57804,0.57569,0.57753,16986
2024-09-19T09:00:00.000Z,0.57754,0.57908,0.57748,0.57894,17065
2024-09-19T13:00:00.000Z,0.57893,0.57934,0.57625,0.5781,20196
2024-09-19T17:00:00.000Z,0.5781,0.57848,0.57664,0.57766,9901
2024-09-19T21:00:00.000Z,0.57668,0.57764,0.57627,0.57631,5363
2024-09-20T01:00:00.000Z,0.57631,0.57793,0.57579,0.57691,11055
2024-09-20T05:00:00.000Z,0.57691,0.57791,0.57644,0.57697,15974
2024-09-20T09:00:00.000Z,0.57695,0.57904,0.57695,0.57822,12338
2024-09-20T13:00:00.000Z,0.57822,0.57897,0.57652,0.57891,20192
2024-09-20T17:00:00.000Z,0.5789,0.57982,0.57872,0.57877,10159
2024-09-22T21:00:00.000Z,0.57719,0.58001,0.57713,0.57984,5214
2024-09-23T01:00:00.000Z,0.57985,0.58161,0.57974,0.58149,7291
2024-09-23T05:00:00.000Z,0.58146,0.58162,0.57843,0.57968,14713
2024-09-23T09:00:00.000Z,0.57973,0.58121,0.57934,0.58107,12444
2024-09-23T13:00:00.000Z,0.58108,0.58182,0.57865,0.57891,18648
2024-09-23T17:00:00.000Z,0.57891,0.5799,0.57864,0.57938,7193
2024-09-23T21:00:00.000Z,0.57882,0.57952,0.57811,0.57833,5066
2024-09-24T01:00:00.000Z,0.57834,0.58163,0.57834,0.58126,11010
2024-09-24T05:00:00.000Z,0.58126,0.58199,0.57815,0.57957,16536
2024-09-24T09:00:00.000Z,0.57955,0.58168,0.57929,0.5809,13284
2024-09-24T13:00:00.000Z,0.58088,0.58289,0.58043,0.5815,17690
2024-09-24T17:00:00.000Z,0.58151,0.5817,0.58077,0.58121,7165
2024-09-24T21:00:00.000Z,0.58079,0.58173,0.58033,0.58053,6916
2024-09-25T01:00:00.000Z,0.58051,0.581,0.57936,0.58014,11744
2024-09-25T05:00:00.000Z,0.58014,0.58292,0.57858,0.58283,13930
2024-09-25T09:00:00.000Z,0.58284,0.58451,0.58176,0.58255,12737
2024-09-25T13:00:00.000Z,0.58256,0.5835,0.58005,0.58022,17948
2024-09-25T17:00:00.000Z,0.58021,0.58055,0.57949,0.58023,8869
2024-09-25T21:00:00.000Z,0.57905,0.58088,0.57905,0.58077,6362
2024-09-26T01:00:00.000Z,0.58077,0.58219,0.58062,0.58159,9719
2024-09-26T05:00:00.000Z,0.58158,0.58465,0.5802,0.58293,16452
2024-09-26T09:00:00.000Z,0.58292,0.58449,0.5819,0.5844,16353
2024-09-26T13:00:00.000Z,0.58441,0.58488,0.58303,0.58325,21978
2024-09-26T17:00:00.000Z,0.58325,0.58368,0.58249,0.58344,10485
2024-09-26T21:00:00.000Z,0.58214,0.58407,0.58148,0.58361,6400
2024-09-27T01:00:00.000Z,0.58362,0.58398,0.58198,0.58329,11790
2024-09-27T05:00:00.000Z,0.58327,0.58393,0.58091,0.58201,21790
2024-09-27T09:00:00.000Z,0.58199,0.58311,0.58076,0.58223,15451
2024-09-27T13:00:00.000Z,0.58225,0.58435,0.58098,0.58188,20339
2024-09-27T17:00:00.000Z,0.58187,0.58216,0.57983,0.5799,10023
2024-09-29T21:00:00.000Z,0.57961,0.58276,0.57935,0.58227,7045
2024-09-30T01:00:00.000Z,0.58225,0.58384,0.5813,0.58325,12526
2024-09-30T05:00:00.000Z,0.58326,0.5847,0.58249,0.58412,15545
2024-09-30T09:00:00.000Z,0.58413,0.58461,0.58293,0.58442,12958
2024-09-30T13:00:00.000Z,0.58444,0.58644,0.58403,0.58592,19237
2024-09-30T17:00:00.000Z,0.58592,0.58594,0.5844,0.58468,13728
2024-09-30T21:00:00.000Z,0.58428,0.585,0.58383,0.58443,6157
2024-10-01T01:00:00.000Z,0.58444,0.58636,0.5844,0.58624,9307
2024-10-01T05:00:00.000Z,0.58625,0.58698,0.58432,0.58491,15282
2024-10-01T09:00:00.000Z,0.58484,0.58625,0.58397,0.58578,14869
2024-10-01T13:00:00.000Z,0.58578,0.58579,0.57995,0.58181,26345
2024-10-01T17:00:00.000Z,0.5818,0.58477,0.58024,0.58268,13726
2024-10-01T21:00:00.000Z,0.5817,0.58282,0.58164,0.5823,5646
2024-10-02T01:00:00.000Z,0.58232,0.58518,0.58203,0.58266,11939
2024-10-02T05:00:00.000Z,0.58267,0.58382,0.5811,0.58355,16857
2024-10-02T09:00:00.000Z,0.58355,0.58665,0.58334,0.58626,14715
2024-10-02T13:00:00.000Z,0.58627,0.58631,0.58441,0.58488,19094
2024-10-02T17:00:00.000Z,0.58486,0.58525,0.58424,0.58495,8336
2024-10-02T21:00:00.000Z,0.58424,0.58528,0.58397,0.58524,6269
2024-10-03T01:00:00.000Z,0.58524,0.58553,0.58265,0.58279,11271
2024-10-03T05:00:00.000Z,0.58274,0.58665,0.58241,0.58272,17704
2024-10-03T09:00:00.000Z,0.58272,0.58339,0.58108,0.58155,14566
2024-10-03T13:00:00.000Z,0.58154,0.58474,0.58154,0.58384,22069
2024-10-03T17:00:00.000Z,0.58385,0.584,0.58317,0.58331,8071
2024-10-03T21:00:00.000Z,0.58219,0.5836,0.58205,0.58341,4908
2024-10-04T01:00:00.000Z,0.58342,0.58359,0.58211,0.58221,12024
2024-10-04T05:00:00.000Z,0.58221,0.58335,0.58163,0.5825,12150
2024-10-04T09:00:00.000Z,0.5825,0.5847,0.58195,0.58406,12757
2024-10-04T13:00:00.000Z,0.58406,0.58484,0.58322,0.58394,21649
2024-10-04T17:00:00.000Z,0.58393,0.58409,0.58288,0.58294,7602
2024-10-06T21:00:00.000Z,0.58256,0.58491,0.58256,0.58368,7413
2024-10-07T01:00:00.000Z,0.58367,0.5841,0.58304,0.58369,12192
2024-10-07T05:00:00.000Z,0.58368,0.58413,0.58212,0.58222,13326
2024-10-07T09:00:00.000Z,0.58223,0.58228,0.57961,0.57985,13443
2024-10-07T13:00:00.000Z,0.57984,0.5801,0.57724,0.57735,17931
2024-10-07T17:00:00.000Z,0.57735,0.57785,0.5759,0.57736,8737
2024-10-07T21:00:00.000Z,0.57776,0.57829,0.57591,0.57795,7611
2024-10-08T01:00:00.000Z,0.57793,0.57811,0.57308,0.57536,18313
2024-10-08T05:00:00.000Z,0.57537,0.5758,0.57354,0.5751,16768
2024-10-08T09:00:00.000Z,0.57509,0.57794,0.57471,0.577,12656
2024-10-08T13:00:00.000Z,0.577,0.57812,0.57593,0.57769,15986
2024-10-08T17:00:00.000Z,0.5777,0.579,0.57711,0.57834,8207
2024-10-08T21:00:00.000Z,0.57742,0.57847,0.57731,0.57802,5474
2024-10-09T01:00:00.000Z,0.57795,0.57873,0.57682,0.5774,16519
2024-10-09T05:00:00.000Z,0.5774,0.58007,0.57637,0.5771,17052
2024-10-09T09:00:00.000Z,0.5771,0.57764,0.5766,0.57689,11216
2024-10-09T13:00:00.000Z,0.57689,0.57832,0.57604,0.57757,14427
2024-10-09T17:00:00.000Z,0.57757,0.57836,0.57724,0.5782,7713
2024-10-09T21:00:00.000Z,0.57785,0.57835,0.57733,0.57794,5153
2024-10-10T01:00:00.000Z,0.57792,0.58014,0.57784,0.57999,13218
2024-10-10T05:00:00.000Z,0.57999,0.58037,0.57812,0.57848,12286
2024-10-10T09:00:00.000Z,0.5785,0.57851,0.57571,0.57732,13831
2024-10-10T13:00:00.000Z,0.57733,0.57763,0.57571,0.57631,20526
2024-10-10T17:00:00.000Z,0.57631,0.57736,0.57538,0.57712,9341
2024-10-10T21:00:00.000Z,0.57659,0.57781,0.57639,0.57731,5894
2024-10-11T01:00:00.000Z,0.57731,0.57833,0.57723,0.57788,7641
2024-10-11T05:00:00.000Z,0.57788,0.57798,0.57674,0.57685,9826
2024-10-11T09:00:00.000Z,0.57685,0.57826,0.57669,0.57735,11343
2024-10-11T13:00:00.000Z,0.57735,0.57925,0.57712,0.57864,14699
2024-10-11T17:00:00.000Z,0.57863,0.57916,0.57854,0.57864,4886
2024-10-13T21:00:00.000Z,0.57696,0.57858,0.5767,0.57796,6837
2024-10-14T01:00:00.000Z,0.57796,0.57889,0.57709,0.57819,11428
2024-10-14T05:00:00.000Z,0.57819,0.57904,0.57806,0.57844,9844
2024-10-14T09:00:00.000Z,0.57847,0.57954,0.57782,0.57868,10033
2024-10-14T13:00:00.000Z,0.5787,0.5814,0.5785,0.5805,12785
2024-10-14T17:00:00.000Z,0.58051,0.58054,0.57975,0.5801,5621
2024-10-14T21:00:00.000Z,0.57938,0.58022,0.57919,0.57969,4664
2024-10-15T01:00:00.000Z,0.57968,0.58058,0.57937,0.57972,9854
2024-10-15T05:00:00.000Z,0.57971,0.57971,0.57781,0.5785,13246
2024-10-15T09:00:00.000Z,0.5785,0.57923,0.5777,0.57863,12213
2024-10-15T13:00:00.000Z,0.57864,0.57931,0.57693,0.57879,15949
2024-10-15T17:00:00.000Z,0.57879,0.57899,0.57754,0.57783,7799
2024-10-15T21:00:00.000Z,0.57724,0.57787,0.57508,0.57617,6470
2024-10-16T01:00:00.000Z,0.57619,0.57743,0.57553,0.57698,11031
2024-10-16T05:00:00.000Z,0.57699,0.57778,0.57624,0.57674,12811
2024-10-16T09:00:00.000Z,0.57675,0.57689,0.57596,0.57609,10662
2024-10-16T13:00:00.000Z,0.57608,0.57723,0.5754,0.57642,13685
2024-10-16T17:00:00.000Z,0.57642,0.57701,0.57617,0.57689,5557
2024-10-16T21:00:00.000Z,0.57597,0.57953,0.57544,0.57938,6095
2024-10-17T01:00:00.000Z,0.57937,0.5807,0.57865,0.57943,11230
2024-10-17T05:00:00.000Z,0.57943,0.57998,0.57749,0.57774,11240
2024-10-17T09:00:00.000Z,0.57775,0.57893,0.57683,0.5784,12029
2024-10-17T13:00:00.000Z,0.5784,0.58013,0.57799,0.58006,18376
2024-10-17T17:00:00.000Z,0.58006,0.58036,0.57969,0.57987,6086
2024-10-17T21:00:00.000Z,0.57945,0.58063,0.57945,0.58022,5344
2024-10-18T01:00:00.000Z,0.58022,0.58164,0.58012,0.58025,10641
2024-10-18T05:00:00.000Z,0.58022,0.58223,0.57981,0.58142,11778
2024-10-18T09:00:00.000Z,0.58141,0.58177,0.58058,0.58088,9828
2024-10-18T13:00:00.000Z,0.58088,0.58148,0.57994,0.58035,11575
2024-10-18T17:00:00.000Z,0.58035,0.58066,0.57956,0.57981,6766
2024-10-20T21:00:00.000Z,0.57924,0.58098,0.57899,0.5804,5683
2024-10-21T01:00:00.000Z,0.58041,0.58144,0.57976,0.57985,10502
2024-10-21T05:00:00.000Z,0.57984,0.57994,0.57837,0.57871,10500
2024-10-21T09:00:00.000Z,0.5787,0.57877,0.57733,0.57796,9476
2024-10-21T13:00:00.000Z,0.57797,0.5783,0.57599,0.57635,12332
2024-10-21T17:00:00.000Z,0.57635,0.57678,0.57623,0.57672,5919
2024-10-21T21:00:00.000Z,0.57619,0.57669,0.5756,0.57583,4400
2024-10-22T01:00:00.000Z,0.57584,0.57871,0.57551,0.57849,11306
2024-10-22T05:00:00.000Z,0.57846,0.57898,0.57782,0.57796,10473
2024-10-22T09:00:00.000Z,0.57796,0.57896,0.57779,0.57874,10546
2024-10-22T13:00:00.000Z,0.57874,0.57925,0.57781,0.57837,13414
2024-10-22T17:00:00.000Z,0.57838,0.57923,0.57804,0.57821,6574
2024-10-22T21:00:00.000Z,0.5778,0.57939,0.57761,0.5781,4894
2024-10-23T01:00:00.000Z,0.57805,0.5799,0.57752,0.57881,11123
2024-10-23T05:00:00.000Z,0.5788,0.57929,0.57698,0.57701,11624
2024-10-23T09:00:00.000Z,0.577,0.5777,0.57524,0.57542,10553
2024-10-23T13:00:00.000Z,0.57541,0.57619,0.5742,0.57455,14027
2024-10-23T17:00:00.000Z,0.57455,0.57492,0.57332,0.57483,8117
2024-10-23T21:00:00.000Z,0.57429,0.57537,0.57406,0.57531,5343
2024-10-24T01:00:00.000Z,0.57529,0.57609,0.57509,0.57547,9254
2024-10-24T05:00:00.000Z,0.57546,0.57707,0.57498,0.57611,11524
2024-10-24T09:00:00.000Z,0.57611,0.57646,0.57556,0.57601,10587
2024-10-24T13:00:00.000Z,0.57602,0.57616,0.57353,0.57429,14607
2024-10-24T17:00:00.000Z,0.57429,0.5751,0.57417,0.57477,6909
2024-10-24T21:00:00.000Z,0.57399,0.5749,0.57393,0.57462,4374
2024-10-25T01:00:00.000Z,0.57461,0.57484,0.57281,0.57299,9141
2024-10-25T05:00:00.000Z,0.57298,0.57445,0.57276,0.57442,10304
2024-10-25T09:00:00.000Z,0.57442,0.5753,0.57434,0.5752,8256
2024-10-25T13:00:00.000Z,0.57523,0.57596,0.57272,0.57274,13005
2024-10-25T17:00:00.000Z,0.57274,0.5728,0.57147,0.57229,7174
2024-10-27T21:00:00.000Z,0.57319,0.57422,0.5727,0.57347,7906
2024-10-28T01:00:00.000Z,0.57345,0.57428,0.57219,0.57311,10231
2024-10-28T05:00:00.000Z,0.5731,0.57336,0.57214,0.57276,9626
2024-10-28T09:00:00.000Z,0.57278,0.57285,0.57133,0.57236,9485
2024-10-28T13:00:00.000Z,0.57235,0.57245,0.5697,0.5698,11625
2024-10-28T17:00:00.000Z,0.56981,0.56999,0.56921,0.56959,6239
2024-10-28T21:00:00.000Z,0.5692,0.56969,0.56841,0.56881,4395
2024-10-29T01:00:00.000Z,0.56881,0.56944,0.56752,0.56793,9398
2024-10-29T05:00:00.000Z,0.56793,0.57024,0.56747,0.5696,9650
2024-10-29T09:00:00.000Z,0.5696,0.57017,0.569,0.57011,10278
2024-10-29T13:00:00.000Z,0.5701,0.57051,0.5689,0.56952,16528
2024-10-29T17:00:00.000Z,0.56951,0.56968,0.56854,0.56891,7237
2024-10-29T21:00:00.000Z,0.56841,0.5694,0.56824,0.56905,5017
2024-10-30T01:00:00.000Z,0.56904,0.56975,0.56719,0.56753,8937
2024-10-30T05:00:00.000Z,0.56752,0.57048,0.56708,0.57011,9773
2024-10-30T09:00:00.000Z,0.57005,0.57148,0.56979,0.57078,13107
2024-10-30T13:00:00.000Z,0.57078,0.57142,0.56946,0.56971,16705
2024-10-30T17:00:00.000Z,0.56971,0.57006,0.56923,0.56955,8074
2024-10-30T21:00:00.000Z,0.56928,0.56962,0.56869,0.56871,4454
2024-10-31T01:00:00.000Z,0.5687,0.56963,0.56835,0.56861,9373
2024-10-31T05:00:00.000Z,0.56859,0.56979,0.56836,0.56886,11214
2024-10-31T09:00:00.000Z,0.56886,0.5692,0.56801,0.56879,11561
2024-10-31T13:00:00.000Z,0.56879,0.56888,0.56569,0.56779,19765
2024-10-31T17:00:00.000Z,0.56779,0.56844,0.56761,0.5683,10118
2024-10-31T21:00:00.000Z,0.56812,0.56853,0.56728,0.56749,5569
2024-11-01T01:00:00.000Z,0.5675,0.56865,0.56732,0.56825,9409
2024-11-01T05:00:00.000Z,0.56825,0.57047,0.5667,0.56985,10480
2024-11-01T09:00:00.000Z,0.56985,0.57006,0.56828,0.56981,10957
2024-11-01T13:00:00.000Z,0.5698,0.5731,0.56976,0.57159,17706
2024-11-01T17:00:00.000Z,0.5716,0.57179,0.57042,0.57048,8384
2024-11-03T22:00:00.000Z,0.57268,0.57286,0.571,0.57145,10123
2024-11-04T02:00:00.000Z,0.57145,0.57207,0.57074,0.5719,10584
2024-11-04T06:00:00.000Z,0.5719,0.57193,0.5688,0.56943,11352
2024-11-04T10:00:00.000Z,0.56942,0.56998,0.5687,0.56927,10362
2024-11-04T14:00:00.000Z,0.56926,0.57009,0.56806,0.56885,14979
2024-11-04T18:00:00.000Z,0.56884,0.5692,0.56842,0.56898,7805
2024-11-04T22:00:00.000Z,0.56825,0.56965,0.56825,0.56947,6336
2024-11-05T02:00:00.000Z,0.56947,0.57035,0.56898,0.57003,8279
2024-11-05T06:00:00.000Z,0.57003,0.57143,0.56994,0.5704,8603
2024-11-05T10:00:00.000Z,0.5704,0.57215,0.5701,0.57192,7698
2024-11-05T14:00:00.000Z,0.57191,0.57363,0.57191,0.57238,14201
2024-11-05T18:00:00.000Z,0.57239,0.57307,0.57214,0.57292,7415
2024-11-05T22:00:00.000Z,0.57231,0.57305,0.57168,0.57292,18255
2024-11-06T02:00:00.000Z,0.57286,0.57316,0.56869,0.57057,30530
2024-11-06T06:00:00.000Z,0.57054,0.57607,0.56974,0.57571,26301
2024-11-06T10:00:00.000Z,0.57571,0.57659,0.57417,0.57449,20579
2024-11-06T14:00:00.000Z,0.5745,0.57611,0.57348,0.5756,22487
2024-11-06T18:00:00.000Z,0.5756,0.577,0.5752,0.57591,11481
2024-11-06T22:00:00.000Z,0.57535,0.57701,0.57488,0.57685,9163
2024-11-07T02:00:00.000Z,0.57684,0.58012,0.57684,0.57953,11445
2024-11-07T06:00:00.000Z,0.57953,0.58163,0.57905,0.58086,14144
2024-11-07T10:00:00.000Z,0.58086,0.58238,0.58043,0.58231,14685
2024-11-07T14:00:00.000Z,0.58231,0.58324,0.58145,0.58236,17484
2024-11-07T18:00:00.000Z,0.58237,0.58296,0.58182,0.58267,15469
2024-11-07T22:00:00.000Z,0.58134,0.58275,0.58129,0.5814,8194
2024-11-08T02:00:00.000Z,0.5814,0.5816,0.57995,0.5809,10189
2024-11-08T06:00:00.000Z,0.58091,0.58101,0.57834,0.57893,15581
2024-11-08T10:00:00.000Z,0.57895,0.57904,0.57692,0.57739,13736
2024-11-08T14:00:00.000Z,0.57738,0.57795,0.57476,0.5762,18267
2024-11-08T18:00:00.000Z,0.57619,0.57672,0.57564,0.57626,8505
2024-11-10T22:00:00.000Z,0.57574,0.57793,0.57531,0.57744,8850
2024-11-11T02:00:00.000Z,0.57744,0.57861,0.5769,0.57779,9026
2024-11-11T06:00:00.000Z,0.57779,0.57862,0.57706,0.57818,12203
2024-11-11T10:00:00.000Z,0.57817,0.57933,0.57787,0.57817,10890
2024-11-11T14:00:00.000Z,0.57818,0.57871,0.57773,0.57811,12522
2024-11-11T18:00:00.000Z,0.57807,0.57914,0.57756,0.57908,5447
2024-11-11T22:00:00.000Z,0.57766,0.57965,0.57766,0.57889,7326
2024-11-12T02:00:00.000Z,0.57889,0.57889,0.577,0.57728,11142
2024-11-12T06:00:00.000Z,0.57727,0.57817,0.57648,0.57741,13993
2024-11-12T10:00:00.000Z,0.57741,0.57754,0.57598,0.57729,14037
2024-11-12T14:00:00.000Z,0.57728,0.57746,0.57504,0.57508,17093
2024-11-12T18:00:00.000Z,0.57508,0.57698,0.57495,0.57614,7922
2024-11-12T22:00:00.000Z,0.57501,0.57666,0.57501,0.57642,8466
2024-11-13T02:00:00.000Z,0.57643,0.57691,0.57614,0.57668,8068
2024-11-13T06:00:00.000Z,0.57666,0.5769,0.57553,0.57649,11936
2024-11-13T10:00:00.000Z,0.57649,0.57656,0.57429,0.57558,13272
2024-11-13T14:00:00.000Z,0.5756,0.5756,0.57317,0.57423,21701
2024-11-13T18:00:00.000Z,0.57426,0.57501,0.5742,0.57462,8404
2024-11-13T22:00:00.000Z,0.57371,0.57547,0.57362,0.57481,9467
2024-11-14T02:00:00.000Z,0.57482,0.57488,0.57339,0.5736,10217
2024-11-14T06:00:00.000Z,0.57361,0.57516,0.57326,0.57481,13712
2024-11-14T10:00:00.000Z,0.5748,0.57574,0.57414,0.57533,16007
2024-11-14T14:00:00.000Z,0.57531,0.57586,0.57423,0.57503,19431
2024-11-14T18:00:00.000Z,0.57505,0.57528,0.57386,0.57472,13091
2024-11-14T22:00:00.000Z,0.57353,0.57487,0.57341,0.57444,8346
2024-11-15T02:00:00.000Z,0.57445,0.57522,0.57428,0.57465,9221
2024-11-15T06:00:00.000Z,0.57465,0.57491,0.57303,0.57439,13891
2024-11-15T10:00:00.000Z,0.57439,0.57501,0.57403,0.57419,14733
2024-11-15T14:00:00.000Z,0.57419,0.57428,0.57246,0.57312,20886
2024-11-15T18:00:00.000Z,0.57314,0.57393,0.57251,0.57387,10523
2024-11-17T22:00:00.000Z,0.57273,0.57491,0.57206,0.57447,9919
2024-11-18T02:00:00.000Z,0.57447,0.57501,0.57368,0.57392,8474
2024-11-18T06:00:00.000Z,0.57391,0.57391,0.57204,0.57222,12477
2024-11-18T10:00:00.000Z,0.57224,0.57305,0.57207,0.5726,12231
2024-11-18T14:00:00.000Z,0.5726,0.57516,0.57253,0.5751,14971
2024-11-18T18:00:00.000Z,0.57508,0.57525,0.57439,0.57465,7509
2024-11-18T22:00:00.000Z,0.57376,0.57478,0.57376,0.57465,7173
2024-11-19T02:00:00.000Z,0.57464,0.57597,0.57458,0.57504,8419
2024-11-19T06:00:00.000Z,0.57504,0.57591,0.57286,0.57337,16927
2024-11-19T10:00:00.000Z,0.57336,0.57398,0.5727,0.57271,16626
2024-11-19T14:00:00.000Z,0.57271,0.57598,0.57244,0.57589,19453
2024-11-19T18:00:00.000Z,0.57589,0.57689,0.57543,0.57635,8164
2024-11-19T22:00:00.000Z,0.57521,0.57721,0.57521,0.5768,6593
2024-11-20T02:00:00.000Z,0.5768,0.57711,0.57608,0.5763,6484
2024-11-20T06:00:00.000Z,0.57631,0.57739,0.57596,0.57655,12736
2024-11-20T10:00:00.000Z,0.57654,0.57673,0.57496,0.57511,11388
2024-11-20T14:00:00.000Z,0.57511,0.57527,0.5732,0.57457,15042
2024-11-20T18:00:00.000Z,0.57455,0.57536,0.57401,0.57514,7809
2024-11-20T22:00:00.000Z,0.57473,0.57567,0.57468,0.5755,5905
2024-11-21T02:00:00.000Z,0.57551,0.57581,0.57487,0.57501,7037
2024-11-21T06:00:00.000Z,0.57502,0.57609,0.57451,0.57545,15898
2024-11-21T10:00:00.000Z,0.57545,0.57667,0.57525,0.57644,13873
2024-11-21T14:00:00.000Z,0.57644,0.57737,0.57561,0.57733,19968
2024-11-21T18:00:00.000Z,0.57733,0.57789,0.57721,0.57736,7902
2024-11-21T22:00:00.000Z,0.57717,0.57792,0.57701,0.57755,6724
2024-11-22T02:00:00.000Z,0.57755,0.57783,0.57507,0.57546,9356
2024-11-22T06:00:00.000Z,0.57546,0.57736,0.57544,0.57678,17984
2024-11-22T10:00:00.000Z,0.57679,0.58148,0.5765,0.58076,16495
2024-11-22T14:00:00.000Z,0.58075,0.58194,0.57982,0.58085,18798
2024-11-22T18:00:00.000Z,0.58084,0.58154,0.58078,0.58132,7538
2024-11-24T22:00:00.000Z,0.58102,0.58321,0.58039,0.58176,11082
2024-11-25T02:00:00.000Z,0.58178,0.5819,0.58045,0.58074,9409
2024-11-25T06:00:00.000Z,0.58075,0.58093,0.57901,0.57911,14094
2024-11-25T10:00:00.000Z,0.57911,0.57942,0.57839,0.57866,13223
2024-11-25T14:00:00.000Z,0.57866,0.57869,0.57557,0.57589,17549
2024-11-25T18:00:00.000Z,0.5759,0.57655,0.57555,0.57652,7771
2024-11-25T22:00:00.000Z,0.57571,0.57635,0.57195,0.57417,15074
2024-11-26T02:00:00.000Z,0.57416,0.57648,0.57409,0.57557,10952
2024-11-26T06:00:00.000Z,0.57557,0.57606,0.57404,0.57452,13732
2024-11-26T10:00:00.000Z,0.57452,0.57571,0.5745,0.57474,14824
2024-11-26T14:00:00.000Z,0.57474,0.57491,0.57261,0.57315,18449
2024-11-26T18:00:00.000Z,0.57315,0.57385,0.5728,0.57381,9711
2024-11-26T22:00:00.000Z,0.57301,0.57451,0.57202,0.57323,10537
2024-11-27T02:00:00.000Z,0.57322,0.5742,0.57279,0.57333,8695
2024-11-27T06:00:00.000Z,0.57334,0.57395,0.57236,0.5727,15286
2024-11-27T10:00:00.000Z,0.5727,0.57296,0.57146,0.57263,15442
2024-11-27T14:00:00.000Z,0.57262,0.57336,0.57119,0.57212,19616
2024-11-27T18:00:00.000Z,0.57212,0.57327,0.57204,0.57301,8363
2024-11-27T22:00:00.000Z,0.57179,0.57453,0.57179,0.5742,7991
2024-11-28T02:00:00.000Z,0.57421,0.57442,0.57291,0.57321,7576
2024-11-28T06:00:00.000Z,0.57323,0.57481,0.57241,0.57476,11804
2024-11-28T10:00:00.000Z,0.57476,0.5749,0.57362,0.57428,8923
2024-11-28T14:00:00.000Z,0.57429,0.57439,0.57337,0.5741,7752
2024-11-28T18:00:00.000Z,0.57411,0.57411,0.57382,0.57386,2143
2024-11-28T22:00:00.000Z,0.57265,0.57423,0.57181,0.57335,9359
2024-11-29T02:00:00.000Z,0.57334,0.57478,0.57306,0.57432,9559
2024-11-29T06:00:00.000Z,0.57433,0.57444,0.57289,0.57344,12790
2024-11-29T10:00:00.000Z,0.57343,0.57364,0.57226,0.57268,11819
2024-11-29T14:00:00.000Z,0.57269,0.5748,0.57232,0.57453,15659
2024-11-29T18:00:00.000Z,0.57451,0.57454,0.5738,0.57429,11839
2024-12-01T22:00:00.000Z,0.57247,0.57496,0.57245,0.57477,10605
2024-12-02T02:00:00.000Z,0.57476,0.5754,0.57414,0.575,10550
2024-12-02T06:00:00.000Z,0.57498,0.5756,0.57424,0.57535,14908
2024-12-02T10:00:00.000Z,0.57534,0.57564,0.57333,0.57352,13665
2024-12-02T14:00:00.000Z,0.57352,0.57379,0.57208,0.57307,17754
2024-12-02T18:00:00.000Z,0.57308,0.57404,0.57302,0.57376,9919
2024-12-02T22:00:00.000Z,0.57311,0.57485,0.57311,0.57405,9364
2024-12-03T02:00:00.000Z,0.57405,0.57501,0.57334,0.57446,10444
2024-12-03T06:00:00.000Z,0.57443,0.57617,0.57434,0.57498,14389
2024-12-03T10:00:00.000Z,0.57498,0.57505,0.57276,0.57295,12363
2024-12-03T14:00:00.000Z,0.57295,0.57453,0.57209,0.57435,19259
2024-12-03T18:00:00.000Z,0.57435,0.57474,0.57389,0.57434,7903
2024-12-03T22:00:00.000Z,0.57421,0.57506,0.57224,0.5724,9761
2024-12-04T02:00:00.000Z,0.5724,0.57261,0.56857,0.57086,13811
2024-12-04T06:00:00.000Z,0.57086,0.57108,0.56926,0.56937,15373
2024-12-04T10:00:00.000Z,0.56937,0.5695,0.56745,0.56842,14728
2024-12-04T14:00:00.000Z,0.56842,0.56901,0.56797,0.56853,19660
2024-12-04T18:00:00.000Z,0.56853,0.56949,0.56827,0.56828,10915
2024-12-04T22:00:00.000Z,0.56803,0.56902,0.56763,0.56845,8019
2024-12-05T02:00:00.000Z,0.56845,0.56897,0.5683,0.56866,8400
2024-12-05T06:00:00.000Z,0.56866,0.57028,0.56841,0.5697,11648
2024-12-05T10:00:00.000Z,0.56969,0.56991,0.56722,0.56799,13648
2024-12-05T14:00:00.000Z,0.56799,0.56809,0.56584,0.56628,17732
2024-12-05T18:00:00.000Z,0.56628,0.56688,0.56574,0.56652,9710
2024-12-05T22:00:00.000Z,0.56597,0.56706,0.56451,0.56471,10616
2024-12-06T02:00:00.000Z,0.56471,0.56583,0.56445,0.56546,10061
2024-12-06T06:00:00.000Z,0.56546,0.56547,0.56437,0.56475,11159
2024-12-06T10:00:00.000Z,0.56475,0.56475,0.56005,0.56308,14676
2024-12-06T14:00:00.000Z,0.56308,0.56318,0.55961,0.56047,21388
2024-12-06T18:00:00.000Z,0.56047,0.56172,0.5604,0.56111,8359
2024-12-08T22:00:00.000Z,0.56075,0.56278,0.56071,0.5623,8582
2024-12-09T02:00:00.000Z,0.5623,0.5629,0.56146,0.56195,8862
2024-12-09T06:00:00.000Z,0.56195,0.56689,0.56147,0.56644,14337
2024-12-09T10:00:00.000Z,0.56644,0.56809,0.56605,0.56787,12049
2024-12-09T14:00:00.000Z,0.56787,0.56799,0.56627,0.56686,15384
2024-12-09T18:00:00.000Z,0.56686,0.56692,0.56539,0.56549,7898
2024-12-09T22:00:00.000Z,0.5652,0.56592,0.56405,0.56437,7818
2024-12-10T02:00:00.000Z,0.56438,0.56481,0.56023,0.56108,13568
2024-12-10T06:00:00.000Z,0.56107,0.56304,0.56089,0.56293,13574
2024-12-10T10:00:00.000Z,0.56293,0.56338,0.56208,0.56258,11097
2024-12-10T14:00:00.000Z,0.56254,0.56283,0.56164,0.56259,13236
2024-12-10T18:00:00.000Z,0.56258,0.56346,0.56251,0.56315,6319
2024-12-10T22:00:00.000Z,0.56258,0.56352,0.56217,0.5634,6254
2024-12-11T02:00:00.000Z,0.56341,0.56417,0.56268,0.5629,7198
2024-12-11T06:00:00.000Z,0.56289,0.56325,0.56055,0.5612,14038
2024-12-11T10:00:00.000Z,0.5612,0.5621,0.5605,0.56157,13342
2024-12-11T14:00:00.000Z,0.56156,0.56326,0.56144,0.56311,16273
2024-12-11T18:00:00.000Z,0.56312,0.56378,0.56292,0.563,7882
2024-12-11T22:00:00.000Z,0.56242,0.56659,0.56242,0.56639,7803
2024-12-12T02:00:00.000Z,0.56639,0.56743,0.56601,0.56715,8049
2024-12-12T06:00:00.000Z,0.56715,0.57007,0.56572,0.56867,13041
2024-12-12T10:00:00.000Z,0.56868,0.56911,0.56692,0.56854,14708
2024-12-12T14:00:00.000Z,0.56854,0.56878,0.56651,0.56725,18397
2024-12-12T18:00:00.000Z,0.56726,0.56839,0.56675,0.56827,9371
2024-12-12T22:00:00.000Z,0.56737,0.56839,0.56709,0.5678,7404
2024-12-13T02:00:00.000Z,0.56782,0.56852,0.56715,0.56775,8004
2024-12-13T06:00:00.000Z,0.56775,0.56964,0.56727,0.56943,11796
2024-12-13T10:00:00.000Z,0.56941,0.56982,0.56869,0.56921,11394
2024-12-13T14:00:00.000Z,0.56921,0.56926,0.56702,0.56733,13482
2024-12-13T18:00:00.000Z,0.56734,0.56785,0.56719,0.56763,6122
2024-12-15T22:00:00.000Z,0.56615,0.56804,0.56614,0.56787,8352
2024-12-16T02:00:00.000Z,0.56779,0.56867,0.5671,0.56767,7895
2024-12-16T06:00:00.000Z,0.56766,0.56816,0.56659,0.56675,11077
2024-12-16T10:00:00.000Z,0.56674,0.5682,0.5664,0.56799,9666
2024-12-16T14:00:00.000Z,0.56799,0.56968,0.56723,0.56957,14264
2024-12-16T18:00:00.000Z,0.56957,0.56989,0.5693,0.56969,6148
2024-12-16T22:00:00.000Z,0.56856,0.57019,0.56826,0.56924,7313
2024-12-17T02:00:00.000Z,0.56924,0.56956,0.56805,0.56807,7418
2024-12-17T06:00:00.000Z,0.56808,0.56967,0.56797,0.56906,10397
2024-12-17T10:00:00.000Z,0.56908,0.56928,0.56802,0.56869,11781
2024-12-17T14:00:00.000Z,0.56869,0.56875,0.56541,0.56558,14480
2024-12-17T18:00:00.000Z,0.56558,0.56581,0.56516,0.56562,6179
2024-12-17T22:00:00.000Z,0.56509,0.56583,0.56427,0.56473,6362
2024-12-18T02:00:00.000Z,0.56473,0.56506,0.5631,0.56335,7002
2024-12-18T06:00:00.000Z,0.56334,0.56462,0.56312,0.56362,10075
2024-12-18T10:00:00.000Z,0.56362,0.56529,0.5636,0.56486,9631
2024-12-18T14:00:00.000Z,0.56486,0.56532,0.56263,0.56267,12490
2024-12-18T18:00:00.000Z,0.5627,0.56309,0.55975,0.55996,20930
2024-12-18T22:00:00.000Z,0.55976,0.56063,0.55863,0.56012,10678
2024-12-19T02:00:00.000Z,0.56012,0.56165,0.55909,0.55923,10021
2024-12-19T06:00:00.000Z,0.55922,0.56118,0.55901,0.55947,16047
2024-12-19T10:00:00.000Z,0.55947,0.561,0.55925,0.56096,14643
2024-12-19T14:00:00.000Z,0.56094,0.56257,0.5609,0.56185,18916
2024-12-19T18:00:00.000Z,0.56185,0.56185,0.56033,0.56074,10042
2024-12-19T22:00:00.000Z,0.55951,0.56051,0.55873,0.55945,8647
2024-12-20T02:00:00.000Z,0.55944,0.55966,0.55815,0.55875,9033
2024-12-20T06:00:00.000Z,0.55875,0.56054,0.55791,0.55801,13616
2024-12-20T10:00:00.000Z,0.55801,0.55822,0.5565,0.55742,13139
2024-12-20T14:00:00.000Z,0.55741,0.55976,0.55705,0.55898,19317
2024-12-20T18:00:00.000Z,0.55897,0.55916,0.55812,0.55837,8815
2024-12-22T22:00:00.000Z,0.55741,0.55878,0.55658,0.5586,9746
2024-12-23T02:00:00.000Z,0.55859,0.55946,0.55805,0.55946,5916
2024-12-23T06:00:00.000Z,0.55946,0.5606,0.55842,0.56042,9092
2024-12-23T10:00:00.000Z,0.56041,0.56052,0.55887,0.55887,9774
2024-12-23T14:00:00.000Z,0.55889,0.56185,0.55888,0.56148,14103
2024-12-23T18:00:00.000Z,0.56148,0.56173,0.56112,0.56149,7621
2024-12-23T22:00:00.000Z,0.56029,0.56135,0.56009,0.56044,4978
2024-12-24T02:00:00.000Z,0.56045,0.56116,0.55987,0.5608,5722
2024-12-24T06:00:00.000Z,0.5608,0.56201,0.56057,0.56164,7004
2024-12-24T10:00:00.000Z,0.56164,0.56167,0.56033,0.56119,7518
2024-12-24T14:00:00.000Z,0.56118,0.56203,0.56078,0.56112,10283
2024-12-24T18:00:00.000Z,0.56112,0.56219,0.55996,0.56113,3528
2024-12-25T22:00:00.000Z,0.56019,0.56203,0.56003,0.56161,6928
2024-12-26T02:00:00.000Z,0.56161,0.56252,0.56109,0.56118,5203
2024-12-26T06:00:00.000Z,0.56118,0.56137,0.55984,0.56004,7125
2024-12-26T10:00:00.000Z,0.56005,0.56111,0.55998,0.56068,8557
2024-12-26T14:00:00.000Z,0.56069,0.56098,0.55941,0.55961,11030
2024-12-26T18:00:00.000Z,0.55959,0.5598,0.559,0.55907,6847
2024-12-26T22:00:00.000Z,0.55856,0.55967,0.55847,0.55929,5877
2024-12-27T02:00:00.000Z,0.55929,0.55946,0.5582,0.55821,5199
2024-12-27T06:00:00.000Z,0.55821,0.56046,0.55819,0.55873,9406
2024-12-27T10:00:00.000Z,0.55873,0.56045,0.55851,0.5602,9078
2024-12-27T14:00:00.000Z,0.56018,0.56037,0.5589,0.5602,15023
2024-12-27T18:00:00.000Z,0.56019,0.56106,0.56015,0.56074,7333
2024-12-29T22:00:00.000Z,0.55938,0.56195,0.55912,0.56184,4450
2024-12-30T02:00:00.000Z,0.56184,0.56328,0.5616,0.56286,4296
2024-12-30T06:00:00.000Z,0.56287,0.56314,0.56128,0.56129,7843
2024-12-30T10:00:00.000Z,0.56129,0.56355,0.561,0.56312,9274
2024-12-30T14:00:00.000Z,0.56311,0.56399,0.56215,0.56347,16551
2024-12-30T18:00:00.000Z,0.56347,0.56362,0.56186,0.56206,7177
2024-12-30T22:00:00.000Z,0.56135,0.56252,0.56112,0.56228,4837
2024-12-31T02:00:00.000Z,0.56228,0.56229,0.56065,0.5613,5135
2024-12-31T06:00:00.000Z,0.56128,0.56223,0.56067,0.562,7966
2024-12-31T10:00:00.000Z,0.562,0.56224,0.56062,0.56126,10371
2024-12-31T14:00:00.000Z,0.56126,0.56221,0.56018,0.5614,15937
2024-12-31T18:00:00.000Z,0.56137,0.56209,0.56119,0.56131,6834
2025-01-01T22:00:00.000Z,0.55999,0.56347,0.55938,0.56277,7426
2025-01-02T02:00:00.000Z,0.56277,0.56318,0.56191,0.56257,6020
2025-01-02T06:00:00.000Z,0.56256,0.5626,0.56115,0.56254,9589
2025-01-02T10:00:00.000Z,0.56254,0.56477,0.56216,0.56476,12164
2025-01-02T14:00:00.000Z,0.56475,0.56686,0.56446,0.56583,18715
2025-01-02T18:00:00.000Z,0.56583,0.56638,0.56491,0.56582,9264
2025-01-02T22:00:00.000Z,0.56491,0.5668,0.56451,0.5662,5779
2025-01-03T02:00:00.000Z,0.5662,0.56703,0.56583,0.56654,6430
2025-01-03T06:00:00.000Z,0.56653,0.56686,0.56467,0.56487,10795
2025-01-03T10:00:00.000Z,0.56487,0.56578,0.56475,0.56528,8840
2025-01-03T14:00:00.000Z,0.56528,0.56561,0.56395,0.5647,13521
2025-01-03T18:00:00.000Z,0.56469,0.56527,0.56467,0.56487,5884
2025-01-05T22:00:00.000Z,0.56381,0.56749,0.56366,0.56656,7407
2025-01-06T02:00:00.000Z,0.56656,0.56696,0.56559,0.56656,6724
2025-01-06T06:00:00.000Z,0.56655,0.5669,0.56545,0.56578,10024
2025-01-06T10:00:00.000Z,0.56579,0.56796,0.56523,0.5675,17586
2025-01-06T14:00:00.000Z,0.56753,0.56787,0.56405,0.56419,19148
2025-01-06T18:00:00.000Z,0.56417,0.565,0.56405,0.5649,7921
2025-01-06T22:00:00.000Z,0.56445,0.56621,0.56409,0.56582,7824
2025-01-07T02:00:00.000Z,0.56581,0.56657,0.56552,0.56646,7903
2025-01-07T06:00:00.000Z,0.56646,0.56824,0.56598,0.56808,11716
2025-01-07T10:00:00.000Z,0.56815,0.56978,0.56811,0.5688,11670
2025-01-07T14:00:00.000Z,0.56881,0.56898,0.56634,0.56674,21639
2025-01-07T18:00:00.000Z,0.56674,0.56718,0.56603,0.56647,10067
2025-01-07T22:00:00.000Z,0.56646,0.56723,0.56482,0.56567,8765
2025-01-08T02:00:00.000Z,0.56567,0.56686,0.56549,0.56646,7200
2025-01-08T06:00:00.000Z,0.56646,0.5679,0.56625,0.56722,12980
2025-01-08T10:00:00.000Z,0.56723,0.56734,0.56436,0.56474,19211
2025-01-08T14:00:00.000Z,0.56475,0.56629,0.56457,0.56572,19225
2025-01-08T18:00:00.000Z,0.56572,0.56663,0.56568,0.56605,12746
2025-01-08T22:00:00.000Z,0.56553,0.56625,0.56449,0.56475,7867
2025-01-09T02:00:00.000Z,0.56475,0.56522,0.56406,0.56458,8284
2025-01-09T06:00:00.000Z,0.56457,0.5652,0.56342,0.56437,14699
2025-01-09T10:00:00.000Z,0.56436,0.56583,0.56419,0.56471,12643
2025-01-09T14:00:00.000Z,0.56471,0.56564,0.56455,0.56542,10761
2025-01-09T18:00:00.000Z,0.56542,0.56561,0.56514,0.56518,4816
2025-01-09T22:00:00.000Z,0.56463,0.5657,0.5644,0.56525,6436
2025-01-10T02:00:00.000Z,0.56525,0.56569,0.56465,0.56528,6653
2025-01-10T06:00:00.000Z,0.56528,0.56559,0.56415,0.56474,11205
2025-01-10T10:00:00.000Z,0.56475,0.56599,0.56276,0.56404,15137
2025-01-10T14:00:00.000Z,0.56404,0.56502,0.56326,0.56403,26314
2025-01-10T18:00:00.000Z,0.56401,0.56462,0.56251,0.56264,12185
2025-01-12T22:00:00.000Z,0.56243,0.56482,0.56232,0.56442,8156
2025-01-13T02:00:00.000Z,0.56442,0.56483,0.56267,0.56293,8738
2025-01-13T06:00:00.000Z,0.56293,0.56418,0.56277,0.56281,15490
2025-01-13T10:00:00.000Z,0.5628,0.56404,0.56277,0.56373,14513
2025-01-13T14:00:00.000Z,0.56374,0.566,0.56351,0.56565,17937
2025-01-13T18:00:00.000Z,0.56566,0.56605,0.56521,0.56593,10047
2025-01-13T22:00:00.000Z,0.56577,0.56767,0.56484,0.5671,9548
2025-01-14T02:00:00.000Z,0.5671,0.5672,0.56629,0.56643,8295
2025-01-14T06:00:00.000Z,0.56644,0.56747,0.56632,0.56695,14290
2025-01-14T10:00:00.000Z,0.56695,0.56721,0.56465,0.56573,14568
2025-01-14T14:00:00.000Z,0.56577,0.56709,0.56467,0.56517,20081
2025-01-14T18:00:00.000Z,0.56515,0.56526,0.56424,0.56479,9615
2025-01-14T22:00:00.000Z,0.56477,0.56518,0.56403,0.56444,5538
2025-01-15T02:00:00.000Z,0.56444,0.5652,0.56415,0.56461,6185
2025-01-15T06:00:00.000Z,0.56461,0.56606,0.56434,0.56585,12075
2025-01-15T10:00:00.000Z,0.56585,0.56783,0.56384,0.56767,13962
2025-01-15T14:00:00.000Z,0.56768,0.56828,0.56703,0.56792,21422
2025-01-15T18:00:00.000Z,0.56791,0.56854,0.56779,0.56786,8556
2025-01-15T22:00:00.000Z,0.56733,0.56963,0.56733,0.56767,8045
2025-01-16T02:00:00.000Z,0.56767,0.56784,0.56539,0.56578,8354
2025-01-16T06:00:00.000Z,0.56579,0.56707,0.56579,0.56608,12060
2025-01-16T10:00:00.000Z,0.56608,0.56656,0.56528,0.56603,12996
2025-01-16T14:00:00.000Z,0.56604,0.5673,0.56591,0.56625,21569
2025-01-16T18:00:00.000Z,0.56625,0.5665,0.56522,0.56523,9634
2025-01-16T22:00:00.000Z,0.5648,0.56588,0.5648,0.56542,6081
2025-01-17T02:00:00.000Z,0.56542,0.56618,0.56459,0.56535,7534
2025-01-17T06:00:00.000Z,0.56535,0.56629,0.56483,0.56517,10925
2025-01-17T10:00:00.000Z,0.56516,0.5656,0.56367,0.56405,12050
2025-01-17T14:00:00.000Z,0.56405,0.56835,0.56358,0.56746,20321
2025-01-17T18:00:00.000Z,0.56746,0.56761,0.56606,0.56612,8031
2025-01-19T22:00:00.000Z,0.56513,0.5672,0.56508,0.56714,7415
2025-01-20T02:00:00.000Z,0.56714,0.5676,0.56661,0.56665,7124
2025-01-20T06:00:00.000Z,0.56665,0.56776,0.56608,0.5665,10824
2025-01-20T10:00:00.000Z,0.56648,0.56974,0.56607,0.56943,14403
2025-01-20T14:00:00.000Z,0.56943,0.57054,0.56709,0.56799,21627
2025-01-20T18:00:00.000Z,0.56798,0.56911,0.56783,0.56837,7192
2025-01-20T22:00:00.000Z,0.56721,0.56928,0.5646,0.56595,17381
2025-01-21T02:00:00.000Z,0.56595,0.56743,0.56569,0.56582,11175
2025-01-21T06:00:00.000Z,0.56582,0.56753,0.56572,0.56744,13006
2025-01-21T10:00:00.000Z,0.56744,0.56768,0.56632,0.56723,14771
2025-01-21T14:00:00.000Z,0.56723,0.56884,0.56705,0.5686,19515
2025-01-21T18:00:00.000Z,0.5686,0.56883,0.56755,0.56794,7773
2025-01-21T22:00:00.000Z,0.56803,0.56848,0.56738,0.56789,9555
2025-01-22T02:00:00.000Z,0.56789,0.56833,0.56771,0.56805,7584
2025-01-22T06:00:00.000Z,0.56805,0.5687,0.56705,0.56828,13612
2025-01-22T10:00:00.000Z,0.56828,0.56941,0.56795,0.56922,13069
2025-01-22T14:00:00.000Z,0.56923,0.56947,0.56822,0.5691,15958
2025-01-22T18:00:00.000Z,0.5691,0.56939,0.56815,0.56837,7912
2025-01-22T22:00:00.000Z,0.56761,0.56889,0.56761,0.56852,7048
2025-01-23T02:00:00.000Z,0.56852,0.56888,0.56814,0.56843,9388
2025-01-23T06:00:00.000Z,0.56842,0.56857,0.56765,0.5682,11513
2025-01-23T10:00:00.000Z,0.56822,0.56936,0.56798,0.56907,12742
2025-01-23T14:00:00.000Z,0.56908,0.5708,0.56907,0.5706,19666
2025-01-23T18:00:00.000Z,0.5706,0.5707,0.56973,0.56981,9328
2025-01-23T22:00:00.000Z,0.56933,0.57028,0.56933,0.56984,6010
2025-01-24T02:00:00.000Z,0.56984,0.57236,0.5698,0.57228,14374
2025-01-24T06:00:00.000Z,0.57228,0.57262,0.57082,0.57164,18331
2025-01-24T10:00:00.000Z,0.57166,0.57253,0.57119,0.57134,13740
2025-01-24T14:00:00.000Z,0.57134,0.57223,0.57116,0.57181,18118
2025-01-24T18:00:00.000Z,0.57181,0.57215,0.57159,0.57191,8751
2025-01-26T22:00:00.000Z,0.57074,0.57097,0.56983,0.56997,8837
2025-01-27T02:00:00.000Z,0.56995,0.57096,0.56976,0.57036,8898
2025-01-27T06:00:00.000Z,0.57037,0.57051,0.56716,0.56727,16297
2025-01-27T10:00:00.000Z,0.56728,0.56728,0.56473,0.56546,20504
2025-01-27T14:00:00.000Z,0.56547,0.56625,0.56504,0.56556,19439
2025-01-27T18:00:00.000Z,0.56556,0.5678,0.56548,0.56752,10549
2025-01-27T22:00:00.000Z,0.56709,0.56762,0.56578,0.56618,12510
2025-01-28T02:00:00.000Z,0.56615,0.56694,0.56555,0.56598,9587
2025-01-28T06:00:00.000Z,0.56598,0.56692,0.56566,0.5664,13639
2025-01-28T10:00:00.000Z,0.56638,0.56669,0.56508,0.56524,12583
2025-01-28T14:00:00.000Z,0.56524,0.56585,0.56465,0.56504,15605
2025-01-28T18:00:00.000Z,0.56504,0.56556,0.56491,0.56517,8730
2025-01-28T22:00:00.000Z,0.56466,0.56547,0.56285,0.56344,5560
2025-01-29T02:00:00.000Z,0.56344,0.56422,0.56301,0.56418,6164
2025-01-29T06:00:00.000Z,0.56423,0.56484,0.56402,0.56425,11816
2025-01-29T10:00:00.000Z,0.56425,0.56458,0.5638,0.56422,12490
2025-01-29T14:00:00.000Z,0.56422,0.56573,0.5639,0.565,17498
2025-01-29T18:00:00.000Z,0.56501,0.56597,0.56435,0.56496,18156
2025-01-29T22:00:00.000Z,0.56408,0.56582,0.56408,0.56558,8847
2025-01-30T02:00:00.000Z,0.56559,0.56579,0.5637,0.56374,8124
2025-01-30T06:00:00.000Z,0.56374,0.56558,0.56357,0.56516,11183
2025-01-30T10:00:00.000Z,0.56516,0.5659,0.56405,0.5652,14054
2025-01-30T14:00:00.000Z,0.56519,0.56622,0.56446,0.56611,17562
2025-01-30T18:00:00.000Z,0.56613,0.56675,0.56425,0.56479,11701
2025-01-30T22:00:00.000Z,0.56381,0.56554,0.56381,0.56532,8832
2025-01-31T02:00:00.000Z,0.56533,0.56683,0.5652,0.56635,6914
2025-01-31T06:00:00.000Z,0.56635,0.56731,0.5663,0.56676,12316
2025-01-31T10:00:00.000Z,0.56676,0.56684,0.56546,0.56599,12720
2025-01-31T14:00:00.000Z,0.56599,0.56835,0.5653,0.56797,21174
2025-01-31T18:00:00.000Z,0.56797,0.56806,0.56526,0.56571,20481
2025-02-02T22:00:00.000Z,0.56229,0.56371,0.55993,0.56007,21450
2025-02-03T02:00:00.000Z,0.56007,0.56115,0.55771,0.5607,17075
2025-02-03T06:00:00.000Z,0.5607,0.56441,0.56058,0.56336,19346
2025-02-03T10:00:00.000Z,0.56336,0.56409,0.56238,0.56359,17114
2025-02-03T14:00:00.000Z,0.56359,0.56514,0.56099,0.56457,30782
2025-02-03T18:00:00.000Z,0.56455,0.56732,0.56403,0.56672,15125
2025-02-03T22:00:00.000Z,0.56563,0.56736,0.56562,0.56605,10367
2025-02-04T02:00:00.000Z,0.56605,0.56634,0.56309,0.56451,11936
2025-02-04T06:00:00.000Z,0.5645,0.56608,0.56402,0.56459,15099
2025-02-04T10:00:00.000Z,0.5646,0.56506,0.5639,0.56485,12616
2025-02-04T14:00:00.000Z,0.56485,0.56679,0.56422,0.56607,19309
2025-02-04T18:00:00.000Z,0.56607,0.56653,0.56585,0.5662,8019
2025-02-04T22:00:00.000Z,0.56568,0.56643,0.56537,0.56549,8126
2025-02-05T02:00:00.000Z,0.5655,0.56623,0.56504,0.5662,7927
2025-02-05T06:00:00.000Z,0.5662,0.56777,0.56568,0.56665,14357
2025-02-05T10:00:00.000Z,0.56666,0.56728,0.56621,0.56682,13508
2025-02-05T14:00:00.000Z,0.56681,0.56728,0.56596,0.56669,17357
2025-02-05T18:00:00.000Z,0.56669,0.56673,0.56611,0.56669,6966
2025-02-05T22:00:00.000Z,0.56632,0.56674,0.56591,0.56621,6256
2025-02-06T02:00:00.000Z,0.56619,0.56619,0.56503,0.56544,6515
2025-02-06T06:00:00.000Z,0.56544,0.56683,0.5654,0.56682,11130
2025-02-06T10:00:00.000Z,0.56682,0.56741,0.56651,0.56698,13117
2025-02-06T14:00:00.000Z,0.56698,0.56879,0.56698,0.56866,14055
2025-02-06T18:00:00.000Z,0.56867,0.56886,0.56806,0.56862,7422
2025-02-06T22:00:00.000Z,0.56701,0.56973,0.567,0.5696,5700
2025-02-07T02:00:00.000Z,0.5696,0.57021,0.56901,0.56905,6174
2025-02-07T06:00:00.000Z,0.56905,0.57045,0.56899,0.57019,9411
2025-02-07T10:00:00.000Z,0.57019,0.57104,0.5691,0.57065,12698
2025-02-07T14:00:00.000Z,0.57064,0.5716,0.56927,0.57061,27118
2025-02-07T18:00:00.000Z,0.5706,0.57119,0.57005,0.57049,9132
2025-02-09T22:00:00.000Z,0.56777,0.57107,0.56777,0.57026,10377
2025-02-10T02:00:00.000Z,0.57026,0.57177,0.57015,0.57135,6760
2025-02-10T06:00:00.000Z,0.57135,0.57204,0.57064,0.57147,11458
2025-02-10T10:00:00.000Z,0.57147,0.57189,0.57094,0.57167,10229
2025-02-10T14:00:00.000Z,0.57167,0.57233,0.57132,0.57194,12275
2025-02-10T18:00:00.000Z,0.57194,0.5724,0.57185,0.5721,5564
2025-02-10T22:00:00.000Z,0.57094,0.57231,0.57094,0.57156,6674
2025-02-11T02:00:00.000Z,0.57157,0.57218,0.57073,0.57214,6158
2025-02-11T06:00:00.000Z,0.57212,0.57319,0.57201,0.57228,10542
2025-02-11T10:00:00.000Z,0.57228,0.57369,0.5718,0.57343,10432
2025-02-11T14:00:00.000Z,0.57345,0.57479,0.57333,0.57445,12587
2025-02-11T18:00:00.000Z,0.57445,0.57515,0.5744,0.57476,7410
2025-02-11T22:00:00.000Z,0.57369,0.57527,0.57369,0.57521,5796
2025-02-12T02:00:00.000Z,0.57521,0.5759,0.57429,0.57447,7073
2025-02-12T06:00:00.000Z,0.57447,0.57462,0.57141,0.57159,11040
2025-02-12T10:00:00.000Z,0.57159,0.57249,0.56978,0.57094,13434
2025-02-12T14:00:00.000Z,0.57093,0.57477,0.57036,0.57463,21982
2025-02-12T18:00:00.000Z,0.57462,0.57492,0.57341,0.57362,9880
2025-02-12T22:00:00.000Z,0.57268,0.57403,0.57268,0.57364,6438
2025-02-13T02:00:00.000Z,0.57364,0.57417,0.57278,0.5738,9127
2025-02-13T06:00:00.000Z,0.5738,0.57383,0.56854,0.56898,14085
2025-02-13T10:00:00.000Z,0.56898,0.5692,0.56773,0.56837,14239
2025-02-13T14:00:00.000Z,0.56838,0.5702,0.56804,0.56866,17282
2025-02-13T18:00:00.000Z,0.56867,0.57092,0.56814,0.5706,13314
2025-02-13T22:00:00.000Z,0.57005,0.57111,0.56977,0.57087,8787
2025-02-14T02:00:00.000Z,0.57087,0.57171,0.57072,0.57147,7751
2025-02-14T06:00:00.000Z,0.57147,0.57298,0.57126,0.57186,13412
2025-02-14T10:00:00.000Z,0.57186,0.57197,0.57087,0.57112,12835
2025-02-14T14:00:00.000Z,0.57112,0.57179,0.57068,0.57105,14418
2025-02-14T18:00:00.000Z,0.57105,0.57198,0.57087,0.57162,6515
2025-02-16T22:00:00.000Z,0.56978,0.57308,0.56978,0.57268,10021
2025-02-17T02:00:00.000Z,0.57268,0.57358,0.57197,0.57326,9773
2025-02-17T06:00:00.000Z,0.57326,0.57364,0.57212,0.57323,11109
2025-02-17T10:00:00.000Z,0.5732,0.57383,0.57291,0.57349,8380
2025-02-17T14:00:00.000Z,0.57349,0.57375,0.573,0.57322,6719
2025-02-17T18:00:00.000Z,0.57322,0.57347,0.57243,0.57256,4087
2025-02-17T22:00:00.000Z,0.57223,0.57251,0.57146,0.57178,6710
2025-02-18T02:00:00.000Z,0.57178,0.5743,0.57119,0.57408,10203
2025-02-18T06:00:00.000Z,0.57408,0.57431,0.57199,0.57268,10682
2025-02-18T10:00:00.000Z,0.57268,0.57348,0.57187,0.572,9647
2025-02-18T14:00:00.000Z,0.572,0.57336,0.57191,0.57324,11298
2025-02-18T18:00:00.000Z,0.57324,0.57404,0.57323,0.57388,5412
2025-02-18T22:00:00.000Z,0.57282,0.57437,0.57274,0.57398,7943
2025-02-19T02:00:00.000Z,0.57396,0.57501,0.57359,0.57487,7055
2025-02-19T06:00:00.000Z,0.57487,0.57572,0.57451,0.57498,9972
2025-02-19T10:00:00.000Z,0.57498,0.57526,0.57351,0.57375,10544
2025-02-19T14:00:00.000Z,0.57374,0.57467,0.57256,0.57378,13251
2025-02-19T18:00:00.000Z,0.57378,0.57422,0.57317,0.57397,6659
2025-02-19T22:00:00.000Z,0.57271,0.57433,0.57198,0.57231,7594
2025-02-20T02:00:00.000Z,0.57231,0.57476,0.57209,0.57428,10171
2025-02-20T06:00:00.000Z,0.57428,0.57554,0.57407,0.5751,11290
2025-02-20T10:00:00.000Z,0.57511,0.57553,0.57476,0.57506,11926
2025-02-20T14:00:00.000Z,0.57506,0.57623,0.57458,0.57461,15287
2025-02-20T18:00:00.000Z,0.5746,0.57492,0.57448,0.5747,6496
2025-02-20T22:00:00.000Z,0.57403,0.57529,0.57392,0.5748,8064
2025-02-21T02:00:00.000Z,0.5748,0.57565,0.57409,0.57419,9244
2025-02-21T06:00:00.000Z,0.57419,0.57458,0.57287,0.57405,12568
2025-02-21T10:00:00.000Z,0.57405,0.57477,0.57388,0.57427,9444
2025-02-21T14:00:00.000Z,0.57427,0.57465,0.57179,0.57187,14882
2025-02-21T18:00:00.000Z,0.57187,0.57187,0.56981,0.57074,9689
2025-02-23T22:00:00.000Z,0.57014,0.5724,0.57014,0.57065,12030
2025-02-24T02:00:00.000Z,0.57064,0.57241,0.57051,0.57143,10103
2025-02-24T06:00:00.000Z,0.57143,0.57269,0.57052,0.57235,13610
2025-02-24T10:00:00.000Z,0.57236,0.57304,0.57184,0.57226,10856
2025-02-24T14:00:00.000Z,0.57226,0.57246,0.56873,0.57027,15703
2025-02-24T18:00:00.000Z,0.57027,0.57049,0.56907,0.56947,7795
2025-02-24T22:00:00.000Z,0.56928,0.56952,0.56864,0.56937,6927
2025-02-25T02:00:00.000Z,0.56936,0.57019,0.56919,0.57006,7502
2025-02-25T06:00:00.000Z,0.57006,0.57014,0.56745,0.56751,12986
2025-02-25T10:00:00.000Z,0.5675,0.56813,0.56666,0.5671,11982
2025-02-25T14:00:00.000Z,0.5671,0.56722,0.56387,0.56533,18839
2025-02-25T18:00:00.000Z,0.56533,0.56664,0.56514,0.56643,9804
2025-02-25T22:00:00.000Z,0.5659,0.56691,0.56486,0.56572,7303
2025-02-26T02:00:00.000Z,0.56572,0.56595,0.5649,0.56568,9102
2025-02-26T06:00:00.000Z,0.56569,0.56692,0.56557,0.56574,11638
2025-02-26T10:00:00.000Z,0.56574,0.56599,0.56409,0.56422,10808
2025-02-26T14:00:00.000Z,0.56422,0.56538,0.56306,0.56474,18481
2025-02-26T18:00:00.000Z,0.56472,0.56487,0.56313,0.56395,10869
2025-02-26T22:00:00.000Z,0.56347,0.56471,0.56343,0.56453,7745
2025-02-27T02:00:00.000Z,0.56453,0.56504,0.5637,0.56438,9781
2025-02-27T06:00:00.000Z,0.56439,0.56576,0.56371,0.56563,12062
2025-02-27T10:00:00.000Z,0.56563,0.56617,0.56354,0.56401,14302
2025-02-27T14:00:00.000Z,0.564,0.56438,0.56147,0.56171,21887
2025-02-27T18:00:00.000Z,0.56172,0.56256,0.56061,0.56085,10504
2025-02-27T22:00:00.000Z,0.56057,0.56127,0.55918,0.55919,9033
2025-02-28T02:00:00.000Z,0.55919,0.55949,0.55814,0.55881,10453
2025-02-28T06:00:00.000Z,0.55881,0.56071,0.55862,0.56045,13353
2025-02-28T10:00:00.000Z,0.56045,0.5614,0.5602,0.56039,11616
2025-02-28T14:00:00.000Z,0.5604,0.56138,0.55939,0.55966,19431
2025-02-28T18:00:00.000Z,0.55966,0.56074,0.55885,0.56048,14184
2025-03-02T22:00:00.000Z,0.56034,0.56218,0.56018,0.56168,11012
2025-03-03T02:00:00.000Z,0.56168,0.56188,0.55997,0.56078,9368
2025-03-03T06:00:00.000Z,0.56078,0.56143,0.55988,0.56061,12250
2025-03-03T10:00:00.000Z,0.56061,0.56153,0.56024,0.56084,13571
2025-03-03T14:00:00.000Z,0.56084,0.56154,0.56002,0.56026,18564
2025-03-03T18:00:00.000Z,0.56026,0.56032,0.55614,0.55791,17409
2025-03-03T22:00:00.000Z,0.55766,0.55812,0.55575,0.55628,11516
2025-03-04T02:00:00.000Z,0.55627,0.55661,0.55438,0.5556,13983
2025-03-04T06:00:00.000Z,0.5556,0.55649,0.55329,0.55462,18050
2025-03-04T10:00:00.000Z,0.55462,0.5551,0.55337,0.55344,18406
2025-03-04T14:00:00.000Z,0.55343,0.55468,0.55144,0.55302,27308
2025-03-04T18:00:00.000Z,0.55301,0.55782,0.55295,0.55764,20210
2025-03-04T22:00:00.000Z,0.55664,0.55888,0.55655,0.55681,11633
2025-03-05T02:00:00.000Z,0.55681,0.55708,0.55542,0.55633,12830
2025-03-05T06:00:00.000Z,0.55633,0.55822,0.55588,0.55659,17346
2025-03-05T10:00:00.000Z,0.55659,0.55902,0.55615,0.55902,17571
2025-03-05T14:00:00.000Z,0.55903,0.56347,0.55879,0.56327,27746
2025-03-05T18:00:00.000Z,0.56327,0.56496,0.56234,0.56416,13886
2025-03-05T22:00:00.000Z,0.56311,0.56558,0.56301,0.56544,8917
2025-03-06T02:00:00.000Z,0.56544,0.5661,0.56451,0.56453,11164
2025-03-06T06:00:00.000Z,0.56452,0.56496,0.56082,0.56108,18874
2025-03-06T10:00:00.000Z,0.56108,0.56233,0.56022,0.56027,17880
2025-03-06T14:00:00.000Z,0.56027,0.56304,0.55936,0.56067,27677
2025-03-06T18:00:00.000Z,0.56066,0.56075,0.55879,0.55943,15370
2025-03-06T22:00:00.000Z,0.55878,0.55978,0.55744,0.55783,8580
2025-03-07T02:00:00.000Z,0.55783,0.55784,0.55535,0.55536,9863
2025-03-07T06:00:00.000Z,0.55536,0.55594,0.55383,0.55464,14991
2025-03-07T10:00:00.000Z,0.55464,0.55528,0.55253,0.55258,17174
2025-03-07T14:00:00.000Z,0.5526,0.55569,0.55143,0.55314,28173
2025-03-07T18:00:00.000Z,0.55315,0.55548,0.5531,0.55486,14418
2025-03-09T21:00:00.000Z,0.55429,0.555,0.55232,0.55336,9931
2025-03-10T01:00:00.000Z,0.55336,0.55497,0.55328,0.55419,10095
2025-03-10T05:00:00.000Z,0.55419,0.55646,0.5541,0.55469,13383
2025-03-10T09:00:00.000Z,0.5547,0.55556,0.55395,0.55479,16112
2025-03-10T13:00:00.000Z,0.55479,0.55608,0.55334,0.55541,21856
2025-03-10T17:00:00.000Z,0.5554,0.55541,0.55183,0.55289,14636
2025-03-10T21:00:00.000Z,0.55244,0.55316,0.55063,0.5512,7653
2025-03-11T01:00:00.000Z,0.5512,0.55257,0.54938,0.55173,14582
2025-03-11T05:00:00.000Z,0.55173,0.55419,0.55092,0.55385,15868
2025-03-11T09:00:00.000Z,0.55386,0.55496,0.5536,0.55387,14494
2025-03-11T13:00:00.000Z,0.55387,0.55492,0.55087,0.55359,28276
2025-03-11T17:00:00.000Z,0.55359,0.55675,0.55243,0.55579,18040
2025-03-11T21:00:00.000Z,0.55521,0.55634,0.55444,0.55604,5300
2025-03-12T01:00:00.000Z,0.55604,0.55616,0.55523,0.55569,9119
2025-03-12T05:00:00.000Z,0.5557,0.55602,0.55399,0.55532,12942
2025-03-12T09:00:00.000Z,0.55532,0.5564,0.55422,0.55535,15140
2025-03-12T13:00:00.000Z,0.55533,0.55754,0.55476,0.55693,22064
2025-03-12T17:00:00.000Z,0.55694,0.55759,0.55633,0.55742,10889
2025-03-12T21:00:00.000Z,0.55688,0.55843,0.55674,0.55749,4562
2025-03-13T01:00:00.000Z,0.5575,0.5577,0.55599,0.55611,8860
2025-03-13T05:00:00.000Z,0.55611,0.55627,0.5541,0.55454,13805
2025-03-13T09:00:00.000Z,0.55454,0.55544,0.55393,0.55469,14426
2025-03-13T13:00:00.000Z,0.55467,0.55723,0.55415,0.55635,20631
2025-03-13T17:00:00.000Z,0.55634,0.5564,0.55415,0.55429,10989
2025-03-13T21:00:00.000Z,0.55409,0.55521,0.5536,0.55505,6033
2025-03-14T01:00:00.000Z,0.55505,0.55647,0.55502,0.55636,10489
2025-03-14T05:00:00.000Z,0.55633,0.55766,0.55595,0.55755,11960
2025-03-14T09:00:00.000Z,0.55754,0.56001,0.55688,0.55954,14322
2025-03-14T13:00:00.000Z,0.55954,0.56022,0.55864,0.5594,17884
2025-03-14T17:00:00.000Z,0.55941,0.56026,0.55926,0.56002,7790
2025-03-16T21:00:00.000Z,0.55843,0.56037,0.55831,0.55982,5678
2025-03-17T01:00:00.000Z,0.55982,0.56026,0.55916,0.55949,8034
2025-03-17T05:00:00.000Z,0.5595,0.56044,0.55912,0.56009,9272
2025-03-17T09:00:00.000Z,0.56008,0.56075,0.55971,0.55986,11567
2025-03-17T13:00:00.000Z,0.55986,0.56188,0.55976,0.56162,15712
2025-03-17T17:00:00.000Z,0.56162,0.56278,0.56144,0.5623,8574
2025-03-17T21:00:00.000Z,0.56185,0.56277,0.56157,0.56235,4214
2025-03-18T01:00:00.000Z,0.56235,0.5631,0.56093,0.56153,6938
2025-03-18T05:00:00.000Z,0.56153,0.56288,0.56109,0.56182,8359
2025-03-18T09:00:00.000Z,0.56183,0.56202,0.55989,0.55999,10143
2025-03-18T13:00:00.000Z,0.55999,0.56031,0.55707,0.5576,15388
2025-03-18T17:00:00.000Z,0.5576,0.55787,0.55694,0.55754,8765
2025-03-18T21:00:00.000Z,0.55703,0.55842,0.55689,0.55818,3905
2025-03-19T01:00:00.000Z,0.55818,0.55832,0.55752,0.55757,6393
2025-03-19T05:00:00.000Z,0.55757,0.55805,0.55475,0.5549,11203
2025-03-19T09:00:00.000Z,0.5549,0.55712,0.55437,0.55682,10678
2025-03-19T13:00:00.000Z,0.55682,0.55782,0.55638,0.55699,12114
2025-03-19T17:00:00.000Z,0.557,0.55856,0.55589,0.55775,15949
2025-03-19T21:00:00.000Z,0.5576,0.55794,0.55484,0.55586,6000
2025-03-20T01:00:00.000Z,0.55586,0.5566,0.55492,0.55622,10965
2025-03-20T05:00:00.000Z,0.55622,0.55645,0.55349,0.55586,11854
2025-03-20T09:00:00.000Z,0.55586,0.5565,0.55331,0.5549,15133
2025-03-20T13:00:00.000Z,0.5549,0.55643,0.55376,0.55491,15793
2025-03-20T17:00:00.000Z,0.55491,0.5562,0.55469,0.55554,7389
2025-03-20T21:00:00.000Z,0.55508,0.55624,0.55472,0.55585,4941
2025-03-21T01:00:00.000Z,0.55585,0.55618,0.5552,0.55564,7083
2025-03-21T05:00:00.000Z,0.55564,0.55657,0.55543,0.55594,9735
2025-03-21T09:00:00.000Z,0.55594,0.55601,0.55362,0.55373,10729
2025-03-21T13:00:00.000Z,0.55373,0.5543,0.55285,0.55424,15919
2025-03-21T17:00:00.000Z,0.55425,0.55447,0.55368,0.55391,6847
2025-03-23T21:00:00.000Z,0.55326,0.55579,0.5532,0.55566,5628
2025-03-24T01:00:00.000Z,0.55566,0.55586,0.55436,0.55477,7601
2025-03-24T05:00:00.000Z,0.55477,0.55562,0.55452,0.55536,9896
2025-03-24T09:00:00.000Z,0.55538,0.55572,0.55379,0.5541,9926
2025-03-24T13:00:00.000Z,0.5541,0.55588,0.55388,0.554,14268
2025-03-24T17:00:00.000Z,0.554,0.55528,0.55385,0.55497,7323
2025-03-24T21:00:00.000Z,0.55471,0.55516,0.55443,0.55489,3779
2025-03-25T01:00:00.000Z,0.55489,0.55572,0.55482,0.55495,6756
2025-03-25T05:00:00.000Z,0.55495,0.55603,0.55487,0.5555,8601
2025-03-25T09:00:00.000Z,0.55549,0.55746,0.55536,0.55675,11488
2025-03-25T13:00:00.000Z,0.55675,0.55709,0.55503,0.55575,13508
2025-03-25T17:00:00.000Z,0.55576,0.55618,0.55544,0.55611,6404
2025-03-25T21:00:00.000Z,0.55557,0.55686,0.55538,0.55541,4765
2025-03-26T01:00:00.000Z,0.55541,0.55772,0.55459,0.55768,8593
2025-03-26T05:00:00.000Z,0.55768,0.55884,0.55734,0.55849,10632
2025-03-26T09:00:00.000Z,0.55849,0.55938,0.55784,0.55819,10539
2025-03-26T13:00:00.000Z,0.55821,0.55844,0.55652,0.55695,14063
2025-03-26T17:00:00.000Z,0.55695,0.55713,0.55583,0.55646,9874
2025-03-26T21:00:00.000Z,0.55603,0.55695,0.5551,0.55585,7399
2025-03-27T01:00:00.000Z,0.55585,0.55729,0.55553,0.55709,8441
2025-03-27T05:00:00.000Z,0.55709,0.55819,0.55625,0.55791,11526
2025-03-27T09:00:00.000Z,0.55791,0.55869,0.55691,0.55702,10709
2025-03-27T13:00:00.000Z,0.55703,0.55708,0.55558,0.55576,15034
2025-03-27T17:00:00.000Z,0.55576,0.55622,0.55557,0.5558,6165
2025-03-27T21:00:00.000Z,0.55471,0.556,0.55468,0.55533,4460
2025-03-28T01:00:00.000Z,0.55533,0.55545,0.55421,0.55438,6540
2025-03-28T05:00:00.000Z,0.55438,0.55575,0.55426,0.55553,8471
2025-03-28T09:00:00.000Z,0.55553,0.55615,0.55527,0.55599,8926
2025-03-28T13:00:00.000Z,0.556,0.55685,0.55366,0.55442,16537
2025-03-28T17:00:00.000Z,0.55442,0.55483,0.55376,0.55386,7439
2025-03-30T21:00:00.000Z,0.55224,0.55344,0.55199,0.55255,8141
2025-03-31T01:00:00.000Z,0.55255,0.55375,0.55148,0.55192,9247
2025-03-31T05:00:00.000Z,0.55192,0.55294,0.551,0.5511,12737
2025-03-31T09:00:00.000Z,0.5511,0.5514,0.54997,0.55008,9917
2025-03-31T13:00:00.000Z,0.55008,0.5524,0.54887,0.55192,15208
2025-03-31T17:00:00.000Z,0.55192,0.55332,0.55192,0.55237,7378
2025-03-31T21:00:00.000Z,0.55159,0.55237,0.55094,0.55136,5013
2025-04-01T01:00:00.000Z,0.55136,0.55344,0.55044,0.55342,8862
2025-04-01T05:00:00.000Z,0.55341,0.55359,0.55124,0.55217,11406
2025-04-01T09:00:00.000Z,0.55216,0.55235,0.55094,0.55223,12034
2025-04-01T13:00:00.000Z,0.55223,0.55444,0.55176,0.55386,16392
2025-04-01T17:00:00.000Z,0.55387,0.55491,0.55353,0.55477,8127
2025-04-01T21:00:00.000Z,0.55349,0.55578,0.55347,0.55465,7689
2025-04-02T01:00:00.000Z,0.55465,0.55674,0.55434,0.55659,10282
2025-04-02T05:00:00.000Z,0.55659,0.55797,0.5561,0.55777,13359
2025-04-02T09:00:00.000Z,0.55776,0.5583,0.55617,0.55674,12185
2025-04-02T13:00:00.000Z,0.55675,0.55689,0.55541,0.5563,15144
2025-04-02T17:00:00.000Z,0.5563,0.55895,0.55243,0.55459,15587
2025-04-02T21:00:00.000Z,0.55391,0.55508,0.54864,0.55043,20816
2025-04-03T01:00:00.000Z,0.55043,0.55131,0.54864,0.54885,17572
2025-04-03T05:00:00.000Z,0.54884,0.54966,0.54724,0.54873,23077
2025-04-03T09:00:00.000Z,0.54873,0.54887,0.54586,0.54662,24831
2025-04-03T13:00:00.000Z,0.5466,0.54766,0.54481,0.54605,28650
2025-04-03T17:00:00.000Z,0.54606,0.54666,0.54271,0.54345,13361
2025-04-03T21:00:00.000Z,0.54249,0.54397,0.54225,0.54233,10100
2025-04-04T01:00:00.000Z,0.54234,0.54263,0.53151,0.53172,15688
2025-04-04T05:00:00.000Z,0.53172,0.53437,0.53032,0.53096,21859
2025-04-04T09:00:00.000Z,0.53095,0.531,0.51375,0.52154,38876
2025-04-04T13:00:00.000Z,0.52154,0.52356,0.51392,0.51575,42876
2025-04-04T17:00:00.000Z,0.51576,0.52233,0.51487,0.51991,28297
2025-04-06T21:00:00.000Z,0.51187,0.51335,0.50645,0.51236,28970
2025-04-07T01:00:00.000Z,0.51236,0.51674,0.51132,0.51293,27004
2025-04-07T05:00:00.000Z,0.51292,0.51747,0.5074,0.5108,36737
2025-04-07T09:00:00.000Z,0.5108,0.52156,0.50986,0.52067,35758
2025-04-07T13:00:00.000Z,0.52068,0.52968,0.51045,0.51073,47303
2025-04-07T17:00:00.000Z,0.51067,0.51521,0.51067,0.5146,28845
2025-04-07T21:00:00.000Z,0.51359,0.51726,0.5133,0.51396,13393
2025-04-08T01:00:00.000Z,0.51394,0.51922,0.51264,0.51917,19235
2025-04-08T05:00:00.000Z,0.51917,0.52135,0.51729,0.521,25575
2025-04-08T09:00:00.000Z,0.521,0.521,0.51586,0.51672,24450
2025-04-08T13:00:00.000Z,0.51671,0.52106,0.51012,0.51013,34744
2025-04-08T17:00:00.000Z,0.51013,0.51082,0.50362,0.50447,29777
2025-04-08T21:00:00.000Z,0.50429,0.50481,0.49987,0.50264,18883
2025-04-09T01:00:00.000Z,0.50264,0.5071,0.50013,0.50223,27317
2025-04-09T05:00:00.000Z,0.50223,0.51026,0.50125,0.50649,34911
2025-04-09T09:00:00.000Z,0.5065,0.50909,0.50225,0.50425,32101
2025-04-09T13:00:00.000Z,0.50428,0.50886,0.50337,0.50711,31319
2025-04-09T17:00:00.000Z,0.50711,0.52874,0.50588,0.52697,36056
2025-04-09T21:00:00.000Z,0.52651,0.5276,0.52133,0.52219,18620
2025-04-10T01:00:00.000Z,0.52219,0.52756,0.52146,0.52723,21801
2025-04-10T05:00:00.000Z,0.52723,0.53101,0.519,0.52064,26163
2025-04-10T09:00:00.000Z,0.52062,0.52128,0.51707,0.51885,27042
2025-04-10T13:00:00.000Z,0.51886,0.52066,0.50975,0.51229,39583
2025-04-10T17:00:00.000Z,0.51228,0.51578,0.51138,0.51306,31815
2025-04-10T21:00:00.000Z,0.51261,0.51364,0.50695,0.50857,20607
2025-04-11T01:00:00.000Z,0.50858,0.51373,0.50663,0.5067,28648
2025-04-11T05:00:00.000Z,0.50669,0.512,0.50425,0.50557,33754
2025-04-11T09:00:00.000Z,0.50556,0.51135,0.5055,0.50801,31371
2025-04-11T13:00:00.000Z,0.50803,0.51201,0.50555,0.51105,37504
2025-04-11T17:00:00.000Z,0.51106,0.51461,0.50964,0.51244,20512
2025-04-13T21:00:00.000Z,0.51474,0.516,0.51315,0.51365,16747
2025-04-14T01:00:00.000Z,0.51369,0.51519,0.51251,0.51464,18679
2025-04-14T05:00:00.000Z,0.51464,0.51826,0.51354,0.5177,19867
2025-04-14T09:00:00.000Z,0.51769,0.51919,0.51637,0.51882,18270
2025-04-14T13:00:00.000Z,0.51883,0.52004,0.5126,0.51458,30645
2025-04-14T17:00:00.000Z,0.51461,0.5161,0.51426,0.51537,13842
2025-04-14T21:00:00.000Z,0.51461,0.51778,0.514,0.51746,8314
2025-04-15T01:00:00.000Z,0.51746,0.52013,0.51718,0.51968,12537
2025-04-15T05:00:00.000Z,0.51968,0.52116,0.51681,0.51735,17574
2025-04-15T09:00:00.000Z,0.51736,0.52109,0.51669,0.52105,16408
2025-04-15T13:00:00.000Z,0.52106,0.52267,0.51982,0.5215,22789
2025-04-15T17:00:00.000Z,0.5215,0.52285,0.52116,0.52249,10031
2025-04-15T21:00:00.000Z,0.52199,0.52221,0.51798,0.51837,12351
2025-04-16T01:00:00.000Z,0.51836,0.51989,0.5174,0.51864,14774
2025-04-16T05:00:00.000Z,0.51865,0.5226,0.51608,0.5203,19943
2025-04-16T09:00:00.000Z,0.5203,0.52133,0.51863,0.51886,17135
2025-04-16T13:00:00.000Z,0.51888,0.52185,0.518,0.52061,19412
2025-04-16T17:00:00.000Z,0.52061,0.52134,0.51702,0.51841,15845
2025-04-16T21:00:00.000Z,0.5173,0.51959,0.51658,0.51914,9543
2025-04-17T01:00:00.000Z,0.51914,0.52057,0.51754,0.51802,13204
2025-04-17T05:00:00.000Z,0.51803,0.5204,0.51757,0.51893,14728
2025-04-17T09:00:00.000Z,0.51893,0.52205,0.51851,0.52192,15222
2025-04-17T13:00:00.000Z,0.52192,0.52522,0.52021,0.52418,21331
2025-04-17T17:00:00.000Z,0.52419,0.52495,0.52269,0.52352,9890
2025-04-17T21:00:00.000Z,0.52189,0.52311,0.52169,0.52279,8592
2025-04-18T01:00:00.000Z,0.52276,0.52296,0.52055,0.5223,48532
2025-04-18T05:00:00.000Z,0.52232,0.52293,0.52086,0.52169,42854
2025-04-18T09:00:00.000Z,0.52167,0.52207,0.52109,0.52138,46272
2025-04-18T13:00:00.000Z,0.52136,0.52178,0.52027,0.521,36563
2025-04-18T17:00:00.000Z,0.521,0.52122,0.51984,0.51997,29758
2025-04-20T21:00:00.000Z,0.51981,0.52026,0.51827,0.51847,12520
2025-04-21T01:00:00.000Z,0.51847,0.51965,0.51636,0.51854,13320
2025-04-21T05:00:00.000Z,0.51854,0.51986,0.5172,0.51764,13153
2025-04-21T09:00:00.000Z,0.51764,0.51908,0.51692,0.51751,13876
2025-04-21T13:00:00.000Z,0.51751,0.51867,0.51701,0.51753,17305
2025-04-21T17:00:00.000Z,0.51753,0.51928,0.51655,0.51908,8726
2025-04-21T21:00:00.000Z,0.51819,0.52022,0.51664,0.51977,9431
2025-04-22T01:00:00.000Z,0.51977,0.52155,0.51917,0.51982,13156
2025-04-22T05:00:00.000Z,0.51982,0.52163,0.51866,0.51944,18374
2025-04-22T09:00:00.000Z,0.51944,0.52005,0.51839,0.5193,15382
2025-04-22T13:00:00.000Z,0.5193,0.52342,0.51878,0.52308,19220
2025-04-22T17:00:00.000Z,0.5231,0.52366,0.52049,0.52124,11951
2025-04-22T21:00:00.000Z,0.51981,0.52693,0.5197,0.52597,16760
2025-04-23T01:00:00.000Z,0.52597,0.52706,0.52469,0.52597,14114
2025-04-23T05:00:00.000Z,0.52595,0.52781,0.52547,0.52655,18501
2025-04-23T09:00:00.000Z,0.52656,0.52822,0.52587,0.52769,15804
2025-04-23T13:00:00.000Z,0.52769,0.53097,0.52574,0.52813,28311
2025-04-23T17:00:00.000Z,0.52814,0.52855,0.52699,0.52818,11829
2025-04-23T21:00:00.000Z,0.52726,0.52856,0.52681,0.52749,8619
2025-04-24T01:00:00.000Z,0.52749,0.52769,0.52586,0.52688,12594
2025-04-24T05:00:00.000Z,0.52688,0.52792,0.52555,0.52699,15992
2025-04-24T09:00:00.000Z,0.527,0.52765,0.52599,0.52675,14622
2025-04-24T13:00:00.000Z,0.52676,0.53001,0.52659,0.52982,18646
2025-04-24T17:00:00.000Z,0.52982,0.53041,0.5295,0.52991,7943
2025-04-24T21:00:00.000Z,0.52867,0.53192,0.52802,0.53187,6822
2025-04-25T01:00:00.000Z,0.53187,0.53413,0.53072,0.53271,12247
2025-04-25T05:00:00.000Z,0.53271,0.53357,0.53031,0.5307,16428
2025-04-25T09:00:00.000Z,0.5307,0.53073,0.52836,0.52999,14092
2025-04-25T13:00:00.000Z,0.52999,0.53142,0.52941,0.53023,15180
2025-04-25T17:00:00.000Z,0.53023,0.53077,0.5284,0.52974,7755
2025-04-27T21:00:00.000Z,0.52935,0.53002,0.52745,0.52855,7954
2025-04-28T01:00:00.000Z,0.52855,0.52981,0.52787,0.52945,9715
2025-04-28T05:00:00.000Z,0.52946,0.53054,0.52905,0.52991,12995
2025-04-28T09:00:00.000Z,0.52989,0.53132,0.52976,0.53094,11899
2025-04-28T13:00:00.000Z,0.53094,0.53158,0.52634,0.52694,18200
2025-04-28T17:00:00.000Z,0.52694,0.52806,0.52628,0.52726,8529
2025-04-28T21:00:00.000Z,0.52692,0.52836,0.52656,0.5283,5874
2025-04-29T01:00:00.000Z,0.5283,0.5301,0.52797,0.52863,11955
2025-04-29T05:00:00.000Z,0.52863,0.52969,0.52782,0.52948,14252
2025-04-29T09:00:00.000Z,0.52947,0.53009,0.52745,0.52746,12621
2025-04-29T13:00:00.000Z,0.52748,0.52758,0.52445,0.52567,18584
2025-04-29T17:00:00.000Z,0.52568,0.52675,0.52557,0.52576,8020
2025-04-29T21:00:00.000Z,0.52523,0.52618,0.52484,0.5257,6313
2025-04-30T01:00:00.000Z,0.5257,0.52826,0.52544,0.52822,10652
2025-04-30T05:00:00.000Z,0.52823,0.52903,0.52703,0.52754,12570
2025-04-30T09:00:00.000Z,0.52755,0.52814,0.52408,0.52469,15842
2025-04-30T13:00:00.000Z,0.52471,0.52713,0.52262,0.52578,21906
2025-04-30T17:00:00.000Z,0.52578,0.52964,0.52551,0.52931,11452
2025-04-30T21:00:00.000Z,0.52745,0.53001,0.52731,0.52982,5511
2025-05-01T01:00:00.000Z,0.52981,0.53119,0.529,0.52962,8595
2025-05-01T05:00:00.000Z,0.52962,0.53011,0.52743,0.52799,12425
2025-05-01T09:00:00.000Z,0.528,0.52968,0.52731,0.52935,13209
2025-05-01T13:00:00.000Z,0.52935,0.53181,0.52826,0.52957,18165
2025-05-01T17:00:00.000Z,0.52957,0.53122,0.52909,0.52933,8808
2025-05-01T21:00:00.000Z,0.52855,0.53298,0.52788,0.53256,7709
2025-05-02T01:00:00.000Z,0.53258,0.53272,0.53067,0.53181,11355
2025-05-02T05:00:00.000Z,0.5318,0.53182,0.53013,0.5304,13087
2025-05-02T09:00:00.000Z,0.5304,0.53318,0.52857,0.53314,16561
2025-05-02T13:00:00.000Z,0.53315,0.53425,0.53159,0.53361,22070
2025-05-02T17:00:00.000Z,0.53361,0.53363,0.53258,0.53278,8662
2025-05-04T21:00:00.000Z,0.53181,0.53279,0.5306,0.53118,6054
2025-05-05T01:00:00.000Z,0.53118,0.533,0.53112,0.53248,9141
2025-05-05T05:00:00.000Z,0.53248,0.53548,0.53245,0.53439,12674
2025-05-05T09:00:00.000Z,0.53439,0.53496,0.53344,0.53376,11511
2025-05-05T13:00:00.000Z,0.53376,0.53415,0.53193,0.53268,15267
2025-05-05T17:00:00.000Z,0.53268,0.5327,0.5315,0.53168,6328
2025-05-05T21:00:00.000Z,0.53053,0.53172,0.53026,0.53164,5189
2025-05-06T01:00:00.000Z,0.53164,0.53227,0.53081,0.53225,10312
2025-05-06T05:00:00.000Z,0.53225,0.53277,0.53065,0.53168,14352
2025-05-06T09:00:00.000Z,0.53168,0.53343,0.53072,0.53312,13072
2025-05-06T13:00:00.000Z,0.53313,0.53544,0.53231,0.53426,14655
2025-05-06T17:00:00.000Z,0.53429,0.53455,0.5331,0.53352,7397
2025-05-06T21:00:00.000Z,0.53279,0.53844,0.53266,0.53711,10933
2025-05-07T01:00:00.000Z,0.53711,0.5377,0.53454,0.53492,13967
2025-05-07T05:00:00.000Z,0.53492,0.53525,0.53338,0.53426,13554
2025-05-07T09:00:00.000Z,0.53426,0.53463,0.53157,0.53171,11835
2025-05-07T13:00:00.000Z,0.53171,0.53182,0.52922,0.53004,14455
2025-05-07T17:00:00.000Z,0.53005,0.5306,0.52813,0.52921,15582
2025-05-07T21:00:00.000Z,0.5281,0.53101,0.52797,0.53071,5454
2025-05-08T01:00:00.000Z,0.53071,0.53184,0.5306,0.53167,11543
2025-05-08T05:00:00.000Z,0.53167,0.53186,0.52969,0.5303,16111
2025-05-08T09:00:00.000Z,0.53031,0.53078,0.5287,0.52904,15358
2025-05-08T13:00:00.000Z,0.52904,0.53296,0.52895,0.53262,20274
2025-05-08T17:00:00.000Z,0.53262,0.53341,0.53145,0.53231,8605
2025-05-08T21:00:00.000Z,0.53113,0.53208,0.53054,0.53096,6739
2025-05-09T01:00:00.000Z,0.53096,0.53278,0.53086,0.53277,11332
2025-05-09T05:00:00.000Z,0.53277,0.53277,0.53125,0.53198,12448
2025-05-09T09:00:00.000Z,0.53198,0.53285,0.53135,0.53206,11757
2025-05-09T13:00:00.000Z,0.53206,0.53342,0.53133,0.5332,13859
2025-05-09T17:00:00.000Z,0.5332,0.53337,0.53261,0.5327,6412
2025-05-11T21:00:00.000Z,0.53447,0.53659,0.53447,0.53543,9873
2025-05-12T01:00:00.000Z,0.53543,0.53663,0.53467,0.53628,12673
2025-05-12T05:00:00.000Z,0.53628,0.54229,0.53603,0.5394,22081
2025-05-12T09:00:00.000Z,0.53941,0.54118,0.53761,0.53834,19227
2025-05-12T13:00:00.000Z,0.53834,0.539,0.53624,0.53779,19405
2025-05-12T17:00:00.000Z,0.5378,0.53902,0.53753,0.5388,8852
2025-05-12T21:00:00.000Z,0.53709,0.53893,0.53689,0.53698,6316
2025-05-13T01:00:00.000Z,0.53698,0.54069,0.53678,0.54039,12361
2025-05-13T05:00:00.000Z,0.54039,0.54091,0.53773,0.53796,15050
2025-05-13T09:00:00.000Z,0.53793,0.54136,0.53783,0.54125,14251
2025-05-13T13:00:00.000Z,0.54124,0.54518,0.54032,0.54466,18535
2025-05-13T17:00:00.000Z,0.54466,0.54492,0.54278,0.54309,6575
2025-05-13T21:00:00.000Z,0.54195,0.54371,0.54165,0.54307,6991
2025-05-14T01:00:00.000Z,0.54307,0.54408,0.54246,0.54259,12498
2025-05-14T05:00:00.000Z,0.54259,0.54393,0.54212,0.54234,15939
2025-05-14T09:00:00.000Z,0.54234,0.54257,0.5401,0.54158,16681
2025-05-14T13:00:00.000Z,0.54158,0.54216,0.54063,0.54107,19256
2025-05-14T17:00:00.000Z,0.54107,0.54208,0.54099,0.5413,9593
2025-05-14T21:00:00.000Z,0.53975,0.54117,0.53943,0.54041,5670
2025-05-15T01:00:00.000Z,0.5404,0.54208,0.54016,0.54048,11794
2025-05-15T05:00:00.000Z,0.5405,0.54083,0.53691,0.53719,13838
2025-05-15T09:00:00.000Z,0.53718,0.53772,0.53535,0.5366,13604
2025-05-15T13:00:00.000Z,0.5366,0.53702,0.53486,0.53568,16985
2025-05-15T17:00:00.000Z,0.53568,0.53607,0.53482,0.53524,6533
2025-05-15T21:00:00.000Z,0.53437,0.53549,0.53291,0.53306,5856
2025-05-16T01:00:00.000Z,0.53306,0.53659,0.53297,0.53622,10588
2025-05-16T05:00:00.000Z,0.53622,0.53713,0.53531,0.53699,11894
2025-05-16T09:00:00.000Z,0.53699,0.53775,0.53666,0.53701,11039
2025-05-16T13:00:00.000Z,0.53702,0.53733,0.5364,0.53691,13176
2025-05-16T17:00:00.000Z,0.53691,0.53752,0.53575,0.53586,5813
2025-05-18T21:00:00.000Z,0.53475,0.53589,0.53425,0.53542,8469
2025-05-19T01:00:00.000Z,0.53542,0.5364,0.53523,0.53574,11388
2025-05-19T05:00:00.000Z,0.53574,0.53618,0.53466,0.53612,14655
2025-05-19T09:00:00.000Z,0.53612,0.53769,0.53588,0.53722,14342
2025-05-19T13:00:00.000Z,0.53722,0.53899,0.53657,0.53871,15979
2025-05-19T17:00:00.000Z,0.53871,0.5391,0.53832,0.53893,5707
2025-05-19T21:00:00.000Z,0.5375,0.53948,0.53738,0.53846,5190
2025-05-20T01:00:00.000Z,0.53846,0.53851,0.53569,0.5361,11787
2025-05-20T05:00:00.000Z,0.5361,0.53668,0.53374,0.5339,16241
2025-05-20T09:00:00.000Z,0.5339,0.53489,0.5331,0.53351,12343
2025-05-20T13:00:00.000Z,0.53351,0.53427,0.53172,0.53397,15551
2025-05-20T17:00:00.000Z,0.53397,0.53426,0.53192,0.53225,7081
2025-05-20T21:00:00.000Z,0.53174,0.53214,0.53032,0.53193,6440
2025-05-21T01:00:00.000Z,0.53193,0.53208,0.52964,0.53042,12543
2025-05-21T05:00:00.000Z,0.53042,0.53193,0.52978,0.53156,15464
2025-05-21T09:00:00.000Z,0.53155,0.53279,0.53022,0.53143,14533
2025-05-21T13:00:00.000Z,0.53146,0.53373,0.53121,0.53334,15952
2025-05-21T17:00:00.000Z,0.53334,0.53344,0.53051,0.53089,11647
2025-05-21T21:00:00.000Z,0.53023,0.53155,0.52978,0.53121,6987
2025-05-22T01:00:00.000Z,0.53122,0.53211,0.52982,0.53199,11255
2025-05-22T05:00:00.000Z,0.53198,0.5327,0.53113,0.53184,15075
2025-05-22T09:00:00.000Z,0.53184,0.53184,0.52993,0.53122,14841
2025-05-22T13:00:00.000Z,0.53121,0.53216,0.53037,0.53151,17563
2025-05-22T17:00:00.000Z,0.53151,0.53232,0.53072,0.53112,7245
2025-05-22T21:00:00.000Z,0.53069,0.5315,0.53045,0.53133,5099
2025-05-23T01:00:00.000Z,0.53133,0.53222,0.53114,0.53171,9929
2025-05-23T05:00:00.000Z,0.5317,0.53336,0.53141,0.53321,12033
2025-05-23T09:00:00.000Z,0.53322,0.53424,0.52897,0.53169,20245
2025-05-23T13:00:00.000Z,0.53168,0.53276,0.53076,0.53253,18007
2025-05-23T17:00:00.000Z,0.53254,0.53347,0.53246,0.53311,7384
2025-05-25T21:00:00.000Z,0.53151,0.53508,0.53146,0.53449,8668
2025-05-26T01:00:00.000Z,0.53449,0.53574,0.53429,0.53496,11244
2025-05-26T05:00:00.000Z,0.53496,0.53564,0.53417,0.53502,10850
2025-05-26T09:00:00.000Z,0.53502,0.53553,0.53387,0.53505,7794
2025-05-26T13:00:00.000Z,0.53503,0.53527,0.53225,0.53227,6812
2025-05-26T17:00:00.000Z,0.53227,0.53263,0.53202,0.53263,3001
2025-05-26T21:00:00.000Z,0.53195,0.53231,0.53122,0.53216,6198
2025-05-27T01:00:00.000Z,0.53216,0.53218,0.53061,0.53167,9326
2025-05-27T05:00:00.000Z,0.53168,0.53269,0.53107,0.53199,16184
2025-05-27T09:00:00.000Z,0.53199,0.53346,0.53194,0.53272,12832
2025-05-27T13:00:00.000Z,0.53271,0.53321,0.53189,0.53279,14287
2025-05-27T17:00:00.000Z,0.53277,0.53336,0.53258,0.53301,6218
2025-05-27T21:00:00.000Z,0.53203,0.53355,0.53153,0.53341,5239
2025-05-28T01:00:00.000Z,0.5334,0.53391,0.53195,0.5323,12120
2025-05-28T05:00:00.000Z,0.5323,0.53344,0.53164,0.53286,12319
2025-05-28T09:00:00.000Z,0.53285,0.53332,0.53106,0.53128,11096
2025-05-28T13:00:00.000Z,0.53128,0.5315,0.5295,0.53101,15817
2025-05-28T17:00:00.000Z,0.53101,0.53166,0.53101,0.53156,7169
2025-05-28T21:00:00.000Z,0.53045,0.53577,0.53024,0.53531,12114
2025-05-29T01:00:00.000Z,0.5353,0.53554,0.53357,0.53509,13439
2025-05-29T05:00:00.000Z,0.53509,0.53533,0.53376,0.53406,13659
2025-05-29T09:00:00.000Z,0.53406,0.53458,0.53206,0.53219,14465
2025-05-29T13:00:00.000Z,0.53219,0.53221,0.52981,0.53072,17409
2025-05-29T17:00:00.000Z,0.53072,0.531,0.53002,0.53008,7368
2025-05-29T21:00:00.000Z,0.52893,0.5304,0.52873,0.52982,6538
2025-05-30T01:00:00.000Z,0.52982,0.53011,0.52813,0.52915,11498
2025-05-30T05:00:00.000Z,0.52916,0.5302,0.52823,0.52853,13076
2025-05-30T09:00:00.000Z,0.52853,0.5296,0.52757,0.52825,14232
2025-05-30T13:00:00.000Z,0.52825,0.52985,0.52775,0.52822,19270
2025-05-30T17:00:00.000Z,0.52823,0.53049,0.52812,0.52951,8527
2025-06-01T21:00:00.000Z,0.52877,0.53054,0.52769,0.5305,6561
2025-06-02T01:00:00.000Z,0.5305,0.53156,0.53025,0.53087,10488
2025-06-02T05:00:00.000Z,0.53087,0.5313,0.52965,0.52967,13241
2025-06-02T09:00:00.000Z,0.52967,0.5308,0.52888,0.53075,11935
2025-06-02T13:00:00.000Z,0.53074,0.53119,0.52874,0.53055,17245
2025-06-02T17:00:00.000Z,0.53055,0.53088,0.53008,0.53084,7051
2025-06-02T21:00:00.000Z,0.53009,0.53061,0.52942,0.53044,4664
2025-06-03T01:00:00.000Z,0.53044,0.53074,0.52879,0.52884,10101
2025-06-03T05:00:00.000Z,0.52884,0.52902,0.52743,0.5286,12400
2025-06-03T09:00:00.000Z,0.5286,0.53121,0.52848,0.53107,11734
2025-06-03T13:00:00.000Z,0.53106,0.53281,0.53066,0.53218,15605
2025-06-03T17:00:00.000Z,0.53218,0.53287,0.53215,0.53254,5876
2025-06-03T21:00:00.000Z,0.53089,0.53274,0.53065,0.53195,4852
2025-06-04T01:00:00.000Z,0.53195,0.53319,0.53109,0.5322,10310
2025-06-04T05:00:00.000Z,0.5322,0.53252,0.53162,0.53232,11547
2025-06-04T09:00:00.000Z,0.53233,0.53422,0.53229,0.53312,12150
2025-06-04T13:00:00.000Z,0.53312,0.53368,0.53101,0.53136,16532
2025-06-04T17:00:00.000Z,0.53136,0.53194,0.53126,0.53127,7021
2025-06-04T21:00:00.000Z,0.53017,0.53192,0.52986,0.53153,5690
2025-06-05T01:00:00.000Z,0.53153,0.53224,0.53123,0.53179,9989
2025-06-05T05:00:00.000Z,0.53179,0.53371,0.53142,0.53362,9908
2025-06-05T09:00:00.000Z,0.53362,0.53549,0.53312,0.53463,13711
2025-06-05T13:00:00.000Z,0.53463,0.53538,0.53292,0.53355,20693
2025-06-05T17:00:00.000Z,0.53355,0.53481,0.53312,0.53318,9421
2025-06-05T21:00:00.000Z,0.53294,0.53421,0.53174,0.53388,5148
2025-06-06T01:00:00.000Z,0.53388,0.53419,0.53281,0.53348,8695
2025-06-06T05:00:00.000Z,0.53348,0.53392,0.53289,0.53342,10274
2025-06-06T09:00:00.000Z,0.53344,0.53501,0.53253,0.53477,13111
2025-06-06T13:00:00.000Z,0.53478,0.53506,0.53338,0.53405,18774
2025-06-06T17:00:00.000Z,0.53405,0.53438,0.53366,0.53374,6758
2025-06-08T21:00:00.000Z,0.53355,0.53478,0.53333,0.53452,4144
2025-06-09T01:00:00.000Z,0.53452,0.53495,0.53429,0.53475,7596
2025-06-09T05:00:00.000Z,0.53475,0.5354,0.53418,0.53534,8464
2025-06-09T09:00:00.000Z,0.53533,0.53571,0.5348,0.53532,9514
2025-06-09T13:00:00.000Z,0.53533,0.53576,0.53463,0.53546,11381
2025-06-09T17:00:00.000Z,0.53546,0.53588,0.53516,0.53534,5352
2025-06-09T21:00:00.000Z,0.53449,0.53555,0.53426,0.53536,4832
2025-06-10T01:00:00.000Z,0.53536,0.53695,0.53534,0.53636,10184
2025-06-10T05:00:00.000Z,0.53636,0.53647,0.53373,0.53486,14767
2025-06-10T09:00:00.000Z,0.53486,0.53589,0.53454,0.53545,10420
2025-06-10T13:00:00.000Z,0.53544,0.53684,0.53543,0.53618,12795
2025-06-10T17:00:00.000Z,0.53618,0.53691,0.53598,0.53662,5968
2025-06-10T21:00:00.000Z,0.53599,0.53725,0.53537,0.53555,6235
2025-06-11T01:00:00.000Z,0.53554,0.53613,0.53458,0.53561,8902
2025-06-11T05:00:00.000Z,0.53561,0.53623,0.53484,0.5351,9350
2025-06-11T09:00:00.000Z,0.5351,0.53622,0.53404,0.53574,13400
2025-06-11T13:00:00.000Z,0.53573,0.5358,0.534,0.53508,14548
2025-06-11T17:00:00.000Z,0.53508,0.53548,0.53301,0.53329,7189
2025-06-11T21:00:00.000Z,0.53231,0.53329,0.53154,0.53166,6948
2025-06-12T01:00:00.000Z,0.53166,0.53192,0.52941,0.53049,11479
2025-06-12T05:00:00.000Z,0.53049,0.53136,0.52801,0.52958,13086
2025-06-12T09:00:00.000Z,0.52958,0.53,0.5284,0.5294,15606
2025-06-12T13:00:00.000Z,0.52939,0.53144,0.52901,0.53014,15749
2025-06-12T17:00:00.000Z,0.53015,0.53026,0.52894,0.52904,5651
2025-06-12T21:00:00.000Z,0.52863,0.5294,0.52212,0.52263,11008
2025-06-13T01:00:00.000Z,0.52263,0.52458,0.52125,0.52376,17469
2025-06-13T05:00:00.000Z,0.52376,0.52741,0.52342,0.52716,16483
2025-06-13T09:00:00.000Z,0.52716,0.52738,0.52609,0.52668,13623
2025-06-13T13:00:00.000Z,0.52668,0.52885,0.52619,0.52842,14766
2025-06-13T17:00:00.000Z,0.52843,0.52844,0.52604,0.52631,9595
2025-06-15T21:00:00.000Z,0.52472,0.52726,0.52472,0.5269,13786
2025-06-16T01:00:00.000Z,0.52692,0.52698,0.52537,0.52666,11753
2025-06-16T05:00:00.000Z,0.52665,0.52961,0.52654,0.52881,12780
2025-06-16T09:00:00.000Z,0.52882,0.52967,0.52793,0.5294,10612
2025-06-16T13:00:00.000Z,0.5294,0.5315,0.52898,0.53127,15018
2025-06-16T17:00:00.000Z,0.53129,0.53161,0.5308,0.5308,6449
2025-06-16T21:00:00.000Z,0.52981,0.53118,0.52936,0.5305,8820
2025-06-17T01:00:00.000Z,0.5305,0.53172,0.52984,0.53163,12583
2025-06-17T05:00:00.000Z,0.53164,0.53188,0.53073,0.53106,13329
2025-06-17T09:00:00.000Z,0.53107,0.53181,0.53035,0.53102,12455
2025-06-17T13:00:00.000Z,0.53102,0.53242,0.52923,0.52928,16136
2025-06-17T17:00:00.000Z,0.52927,0.5295,0.52783,0.5285,10175
2025-06-17T21:00:00.000Z,0.52733,0.52981,0.52691,0.52951,6966
2025-06-18T01:00:00.000Z,0.52951,0.531,0.52918,0.53097,10249
2025-06-18T05:00:00.000Z,0.53097,0.5315,0.53037,0.53096,10923
2025-06-18T09:00:00.000Z,0.53095,0.53168,0.52997,0.53077,11270
2025-06-18T13:00:00.000Z,0.53076,0.53315,0.53074,0.5327,14770
2025-06-18T17:00:00.000Z,0.53269,0.53346,0.53161,0.53276,15911
2025-06-18T21:00:00.000Z,0.53147,0.53311,0.53115,0.53216,6377
2025-06-19T01:00:00.000Z,0.53216,0.53254,0.53058,0.53182,11005
2025-06-19T05:00:00.000Z,0.53182,0.53188,0.52827,0.52836,14012
2025-06-19T09:00:00.000Z,0.52836,0.52936,0.52804,0.52828,11059
2025-06-19T13:00:00.000Z,0.52828,0.52885,0.52767,0.52832,9911
2025-06-19T17:00:00.000Z,0.52832,0.52952,0.52832,0.52892,3738
2025-06-19T21:00:00.000Z,0.52691,0.53013,0.52677,0.52929,6119
2025-06-20T01:00:00.000Z,0.52929,0.53034,0.52848,0.53013,11047
2025-06-20T05:00:00.000Z,0.53013,0.53034,0.52804,0.52933,10786
2025-06-20T09:00:00.000Z,0.52933,0.53076,0.52932,0.53027,10305
2025-06-20T13:00:00.000Z,0.53028,0.53028,0.52735,0.52742,14225
2025-06-20T17:00:00.000Z,0.52742,0.52781,0.52674,0.52758,6567
2025-06-22T21:00:00.000Z,0.52437,0.52737,0.52424,0.5269,10736
2025-06-23T01:00:00.000Z,0.52696,0.5273,0.52314,0.52399,13083
2025-06-23T05:00:00.000Z,0.52396,0.52523,0.52346,0.52364,14848
2025-06-23T09:00:00.000Z,0.52364,0.52381,0.52139,0.52294,15035
2025-06-23T13:00:00.000Z,0.52294,0.52445,0.52166,0.52209,19265
2025-06-23T17:00:00.000Z,0.5221,0.52495,0.52192,0.52474,9741
2025-06-23T21:00:00.000Z,0.52364,0.52682,0.5235,0.52627,8948
2025-06-24T01:00:00.000Z,0.52627,0.5274,0.52586,0.52732,11746
2025-06-24T05:00:00.000Z,0.52732,0.52855,0.52665,0.52759,15923
2025-06-24T09:00:00.000Z,0.52759,0.52792,0.52536,0.52564,12301
2025-06-24T13:00:00.000Z,0.52564,0.52577,0.52278,0.52311,17095
2025-06-24T17:00:00.000Z,0.52311,0.52358,0.52246,0.5225,6062
2025-06-24T21:00:00.000Z,0.52218,0.52305,0.52185,0.52279,5114
2025-06-25T01:00:00.000Z,0.52279,0.52402,0.5224,0.52324,9569
2025-06-25T05:00:00.000Z,0.52324,0.52346,0.52261,0.52327,11054
2025-06-25T09:00:00.000Z,0.52327,0.52449,0.52312,0.52395,10330
2025-06-25T13:00:00.000Z,0.52395,0.52422,0.52272,0.52353,12166
2025-06-25T17:00:00.000Z,0.52353,0.52416,0.52326,0.52412,6301
2025-06-25T21:00:00.000Z,0.5232,0.5244,0.52293,0.52388,5158
2025-06-26T01:00:00.000Z,0.52387,0.52484,0.52323,0.52414,10902
2025-06-26T05:00:00.000Z,0.52414,0.52457,0.52264,0.52321,13285
2025-06-26T09:00:00.000Z,0.52321,0.52391,0.52267,0.52337,13670
2025-06-26T13:00:00.000Z,0.52337,0.52448,0.52242,0.5237,16544
2025-06-26T17:00:00.000Z,0.5237,0.5245,0.52361,0.52385,6773
2025-06-26T21:00:00.000Z,0.52272,0.52512,0.52262,0.52506,5923
2025-06-27T01:00:00.000Z,0.52507,0.52519,0.52406,0.5242,10353
2025-06-27T05:00:00.000Z,0.5242,0.52483,0.52291,0.523,11654
2025-06-27T09:00:00.000Z,0.523,0.52305,0.52103,0.52119,12280
2025-06-27T13:00:00.000Z,0.52119,0.52241,0.52098,0.52223,14497
2025-06-27T17:00:00.000Z,0.52224,0.52267,0.52089,0.5213,8446
2025-06-29T21:00:00.000Z,0.52156,0.5223,0.52138,0.52174,6673
2025-06-30T01:00:00.000Z,0.52174,0.52252,0.52143,0.52236,10116
2025-06-30T05:00:00.000Z,0.52235,0.52296,0.52116,0.52141,12367
2025-06-30T09:00:00.000Z,0.52141,0.52158,0.52005,0.52123,10326
2025-06-30T13:00:00.000Z,0.52123,0.52243,0.5208,0.52194,14952
2025-06-30T17:00:00.000Z,0.52195,0.52227,0.52125,0.52187,6000
2025-06-30T21:00:00.000Z,0.52108,0.5221,0.52067,0.52072,4514
2025-07-01T01:00:00.000Z,0.52072,0.5209,0.51966,0.52084,8756
2025-07-01T05:00:00.000Z,0.52084,0.52134,0.51985,0.52017,12122
2025-07-01T09:00:00.000Z,0.52019,0.5202,0.51867,0.51938,12608
2025-07-01T13:00:00.000Z,0.51938,0.52154,0.51833,0.52112,17054
2025-07-01T17:00:00.000Z,0.52112,0.52144,0.52058,0.5207,6353
2025-07-01T21:00:00.000Z,0.51927,0.52075,0.51752,0.5202,3917
2025-07-02T01:00:00.000Z,0.5202,0.52091,0.51957,0.52076,7881
2025-07-02T05:00:00.000Z,0.52076,0.52112,0.51983,0.52015,10003
2025-07-02T09:00:00.000Z,0.52015,0.52068,0.5186,0.51934,12826
2025-07-02T13:00:00.000Z,0.51934,0.52122,0.51908,0.52055,14113
2025-07-02T17:00:00.000Z,0.52054,0.5215,0.52051,0.52133,6317
2025-07-02T21:00:00.000Z,0.52096,0.52158,0.52026,0.52064,4178
2025-07-03T01:00:00.000Z,0.52064,0.52068,0.51966,0.52024,7101
2025-07-03T05:00:00.000Z,0.52024,0.52095,0.51948,0.52086,10078
2025-07-03T09:00:00.000Z,0.52086,0.52258,0.52034,0.522,12768
2025-07-03T13:00:00.000Z,0.522,0.52313,0.52153,0.52268,16268
2025-07-03T17:00:00.000Z,0.52268,0.523,0.52245,0.52259,3228
2025-07-03T21:00:00.000Z,0.52214,0.52271,0.52076,0.52232,4502
2025-07-04T01:00:00.000Z,0.52231,0.52259,0.52062,0.52115,8572
2025-07-04T05:00:00.000Z,0.52114,0.52152,0.51985,0.52031,10720
2025-07-04T09:00:00.000Z,0.52031,0.52073,0.51995,0.5203,10441
2025-07-04T13:00:00.000Z,0.5203,0.52052,0.51925,0.51961,7612
2025-07-04T17:00:00.000Z,0.51962,0.5208,0.51927,0.51988,26748
2025-07-06T21:00:00.000Z,0.52012,0.52074,0.51893,0.51915,5712
2025-07-07T01:00:00.000Z,0.51915,0.51915,0.51687,0.51701,10440
2025-07-07T05:00:00.000Z,0.517,0.51814,0.51669,0.51738,12690
2025-07-07T09:00:00.000Z,0.5174,0.51915,0.51705,0.51885,10697
2025-07-07T13:00:00.000Z,0.51887,0.51945,0.51808,0.51829,12581
2025-07-07T17:00:00.000Z,0.51828,0.51922,0.51801,0.51812,7995
2025-07-07T21:00:00.000Z,0.51771,0.51917,0.5171,0.51899,4536
2025-07-08T01:00:00.000Z,0.51899,0.52189,0.51818,0.52083,9930
2025-07-08T05:00:00.000Z,0.52082,0.52178,0.52008,0.52098,13216
2025-07-08T09:00:00.000Z,0.52098,0.52231,0.52072,0.52215,10361
2025-07-08T13:00:00.000Z,0.52215,0.52222,0.51932,0.51998,16020
2025-07-08T17:00:00.000Z,0.51996,0.52045,0.51932,0.51951,8198
2025-07-08T21:00:00.000Z,0.51924,0.52002,0.51878,0.51967,4217
2025-07-09T01:00:00.000Z,0.51967,0.52143,0.51905,0.52099,10464
2025-07-09T05:00:00.000Z,0.52099,0.52173,0.51976,0.52002,12138
2025-07-09T09:00:00.000Z,0.52002,0.52025,0.51906,0.51984,10210
2025-07-09T13:00:00.000Z,0.51984,0.5203,0.51901,0.51961,11521
2025-07-09T17:00:00.000Z,0.51961,0.51996,0.51909,0.51909,4999
2025-07-09T21:00:00.000Z,0.51832,0.51903,0.51756,0.51848,4685
2025-07-10T01:00:00.000Z,0.51848,0.52015,0.5184,0.51966,6029
2025-07-10T05:00:00.000Z,0.51967,0.52146,0.51955,0.5213,7587
2025-07-10T09:00:00.000Z,0.5213,0.52195,0.52092,0.5217,7919
2025-07-10T13:00:00.000Z,0.52169,0.52444,0.5215,0.52432,12633
2025-07-10T17:00:00.000Z,0.52431,0.52506,0.52413,0.5249,4963
2025-07-10T21:00:00.000Z,0.52349,0.52544,0.52299,0.52371,6669
2025-07-11T01:00:00.000Z,0.52372,0.52573,0.52329,0.52445,9663
2025-07-11T05:00:00.000Z,0.52445,0.52529,0.52376,0.52397,10795
2025-07-11T09:00:00.000Z,0.52397,0.52465,0.52307,0.52395,10672
2025-07-11T13:00:00.000Z,0.52393,0.52478,0.52312,0.52379,13666
2025-07-11T17:00:00.000Z,0.52379,0.52467,0.52374,0.52382,5006
2025-07-13T21:00:00.000Z,0.52278,0.52459,0.52171,0.52384,5816
2025-07-14T01:00:00.000Z,0.52384,0.52402,0.52221,0.52316,8611
2025-07-14T05:00:00.000Z,0.52316,0.52425,0.52289,0.52334,9516
2025-07-14T09:00:00.000Z,0.52335,0.52367,0.52195,0.52205,8093
2025-07-14T13:00:00.000Z,0.52205,0.52294,0.5219,0.52237,11335
2025-07-14T17:00:00.000Z,0.52237,0.52258,0.52215,0.5223,4230
2025-07-14T21:00:00.000Z,0.52192,0.52249,0.52132,0.52196,3460
2025-07-15T01:00:00.000Z,0.52196,0.52279,0.52121,0.52147,7658
2025-07-15T05:00:00.000Z,0.52147,0.52294,0.52135,0.5225,8349
2025-07-15T09:00:00.000Z,0.5225,0.52349,0.52236,0.52323,10325
2025-07-15T13:00:00.000Z,0.52323,0.52378,0.52154,0.52192,16701
2025-07-15T17:00:00.000Z,0.52192,0.52283,0.52192,0.52217,5637
2025-07-15T21:00:00.000Z,0.52161,0.5236,0.52103,0.5232,4725
2025-07-16T01:00:00.000Z,0.52321,0.52349,0.52251,0.52298,6901
2025-07-16T05:00:00.000Z,0.523,0.52324,0.52223,0.5225,9441
2025-07-16T09:00:00.000Z,0.5225,0.52453,0.52218,0.52389,10688
2025-07-16T13:00:00.000Z,0.52389,0.52446,0.52048,0.52234,23403
2025-07-16T17:00:00.000Z,0.52234,0.52294,0.52209,0.52264,7386
2025-07-16T21:00:00.000Z,0.52234,0.52282,0.52194,0.5225,4809
2025-07-17T01:00:00.000Z,0.52251,0.52305,0.51928,0.52076,10033
2025-07-17T05:00:00.000Z,0.52076,0.52108,0.51936,0.51995,12060
2025-07-17T09:00:00.000Z,0.51995,0.52072,0.51935,0.52048,10822
2025-07-17T13:00:00.000Z,0.52048,0.52221,0.52007,0.52213,12009
2025-07-17T17:00:00.000Z,0.52213,0.52274,0.52159,0.5218,5043
2025-07-17T21:00:00.000Z,0.52113,0.52238,0.52071,0.52237,4450
2025-07-18T01:00:00.000Z,0.52237,0.52256,0.52162,0.52173,6899
2025-07-18T05:00:00.000Z,0.52173,0.52295,0.5217,0.52293,8262
2025-07-18T09:00:00.000Z,0.52294,0.52326,0.52211,0.52232,8428
2025-07-18T13:00:00.000Z,0.52232,0.5228,0.52144,0.52146,11487
2025-07-18T17:00:00.000Z,0.52147,0.5217,0.52121,0.52139,4849
2025-07-20T21:00:00.000Z,0.52006,0.52181,0.52006,0.52159,5861
2025-07-21T01:00:00.000Z,0.52159,0.52196,0.52105,0.52157,6560
2025-07-21T05:00:00.000Z,0.52158,0.52198,0.5209,0.52149,9804
2025-07-21T09:00:00.000Z,0.52149,0.52169,0.52084,0.5213,8997
2025-07-21T13:00:00.000Z,0.5213,0.5214,0.52033,0.52089,10783
2025-07-21T17:00:00.000Z,0.52089,0.52102,0.5204,0.5204,4163
2025-07-21T21:00:00.000Z,0.52029,0.52137,0.51938,0.52027,5129
2025-07-22T01:00:00.000Z,0.52028,0.52073,0.5198,0.51991,7804
2025-07-22T05:00:00.000Z,0.51991,0.52045,0.51839,0.51891,9587
2025-07-22T09:00:00.000Z,0.51891,0.52077,0.51889,0.52055,9994
2025-07-22T13:00:00.000Z,0.52055,0.52152,0.51905,0.51909,14584
2025-07-22T17:00:00.000Z,0.51909,0.51946,0.519,0.51912,4923
2025-07-22T21:00:00.000Z,0.51827,0.52025,0.51795,0.52,6651
2025-07-23T01:00:00.000Z,0.52,0.52133,0.51994,0.52126,9579
2025-07-23T05:00:00.000Z,0.52126,0.52185,0.52053,0.52177,11344
2025-07-23T09:00:00.000Z,0.52176,0.52372,0.52144,0.52283,9702
2025-07-23T13:00:00.000Z,0.52283,0.52342,0.52238,0.5229,13723
2025-07-23T17:00:00.000Z,0.5229,0.52335,0.52264,0.52323,6137
2025-07-23T21:00:00.000Z,0.52271,0.52328,0.52193,0.52322,5335
2025-07-24T01:00:00.000Z,0.52322,0.52456,0.52305,0.52452,9598
2025-07-24T05:00:00.000Z,0.52453,0.52572,0.52396,0.52555,11049
2025-07-24T09:00:00.000Z,0.52556,0.52605,0.52495,0.52539,10517
2025-07-24T13:00:00.000Z,0.52539,0.52552,0.52397,0.52408,14778
2025-07-24T17:00:00.000Z,0.52406,0.52438,0.52365,0.52396,5244
2025-07-24T21:00:00.000Z,0.52377,0.52465,0.52287,0.52462,5104
2025-07-25T01:00:00.000Z,0.52462,0.52467,0.523,0.52307,8269
2025-07-25T05:00:00.000Z,0.52307,0.52384,0.52246,0.52277,11506
2025-07-25T09:00:00.000Z,0.52277,0.52348,0.52225,0.52291,9854
2025-07-25T13:00:00.000Z,0.52291,0.52311,0.52173,0.52182,13965
2025-07-25T17:00:00.000Z,0.52182,0.52203,0.52154,0.52203,4246
2025-07-27T21:00:00.000Z,0.52234,0.52317,0.52208,0.52312,6244
2025-07-28T01:00:00.000Z,0.52312,0.52331,0.52197,0.52238,9091
2025-07-28T05:00:00.000Z,0.52239,0.52253,0.52026,0.52119,13705
2025-07-28T09:00:00.000Z,0.5212,0.5232,0.52094,0.52319,13024
2025-07-28T13:00:00.000Z,0.52319,0.52376,0.52229,0.52318,13195
2025-07-28T17:00:00.000Z,0.52318,0.52399,0.5228,0.52389,4558
2025-07-28T21:00:00.000Z,0.52311,0.52423,0.522,0.52355,4293
2025-07-29T01:00:00.000Z,0.52355,0.52443,0.52352,0.52422,7936
2025-07-29T05:00:00.000Z,0.52422,0.52495,0.52382,0.52449,13208
2025-07-29T09:00:00.000Z,0.52448,0.52492,0.52342,0.5247,11375
2025-07-29T13:00:00.000Z,0.5247,0.52552,0.52377,0.52494,14553
2025-07-29T17:00:00.000Z,0.52495,0.5251,0.52444,0.52477,6189
2025-07-29T21:00:00.000Z,0.52424,0.52493,0.52379,0.5247,5441
2025-07-30T01:00:00.000Z,0.5247,0.52484,0.52304,0.52442,10219
2025-07-30T05:00:00.000Z,0.52442,0.52468,0.52244,0.52288,11050
2025-07-30T09:00:00.000Z,0.52289,0.52444,0.52268,0.52389,12638
2025-07-30T13:00:00.000Z,0.52389,0.52456,0.52283,0.52321,13725
2025-07-30T17:00:00.000Z,0.52321,0.5245,0.52214,0.52407,15468
2025-07-30T21:00:00.000Z,0.524,0.52465,0.52266,0.52385,6430
2025-07-31T01:00:00.000Z,0.52385,0.52565,0.52338,0.5256,11249
2025-07-31T05:00:00.000Z,0.5256,0.52572,0.52447,0.52483,13140
2025-07-31T09:00:00.000Z,0.52483,0.52498,0.5228,0.52361,11974
2025-07-31T13:00:00.000Z,0.5236,0.52404,0.52191,0.52253,14983
2025-07-31T17:00:00.000Z,0.52253,0.52256,0.52158,0.52187,8394
2025-07-31T21:00:00.000Z,0.52178,0.52337,0.52116,0.52271,7714
2025-08-01T01:00:00.000Z,0.5227,0.52401,0.5225,0.5238,10149
2025-08-01T05:00:00.000Z,0.5238,0.52497,0.52277,0.52468,10989
2025-08-01T09:00:00.000Z,0.52468,0.52473,0.52189,0.52196,14537
2025-08-01T13:00:00.000Z,0.52197,0.52319,0.51948,0.52053,24634
2025-08-01T17:00:00.000Z,0.52053,0.52062,0.51944,0.51991,12883
2025-08-03T21:00:00.000Z,0.51956,0.52206,0.51881,0.52206,9047
2025-08-04T01:00:00.000Z,0.52206,0.52256,0.52133,0.52191,10648
2025-08-04T05:00:00.000Z,0.52191,0.52409,0.52106,0.52405,13264
2025-08-04T09:00:00.000Z,0.52406,0.52449,0.52259,0.52288,12018
2025-08-04T13:00:00.000Z,0.52287,0.52395,0.5222,0.5222,14513
2025-08-04T17:00:00.000Z,0.5222,0.52279,0.5219,0.5226,7801
2025-08-04T21:00:00.000Z,0.52232,0.52348,0.52094,0.52315,7445
2025-08-05T01:00:00.000Z,0.52315,0.52343,0.5224,0.5232,8816
2025-08-05T05:00:00.000Z,0.5232,0.52363,0.52248,0.52335,11404
2025-08-05T09:00:00.000Z,0.52335,0.52379,0.52305,0.52349,10692
2025-08-05T13:00:00.000Z,0.5235,0.52361,0.52137,0.5226,15903
2025-08-05T17:00:00.000Z,0.5226,0.52304,0.52213,0.52246,6863
2025-08-05T21:00:00.000Z,0.52172,0.52315,0.52104,0.5229,6948
2025-08-06T01:00:00.000Z,0.5229,0.52388,0.52276,0.52383,7601
2025-08-06T05:00:00.000Z,0.52383,0.5251,0.5233,0.52501,9103
2025-08-06T09:00:00.000Z,0.52501,0.52516,0.52415,0.5244,10382
2025-08-06T13:00:00.000Z,0.52439,0.52486,0.52326,0.52442,13952
2025-08-06T17:00:00.000Z,0.52441,0.52499,0.5239,0.52446,7576
2025-08-06T21:00:00.000Z,0.52367,0.52449,0.52328,0.52393,5821
2025-08-07T01:00:00.000Z,0.52394,0.52476,0.52375,0.52456,8641
2025-08-07T05:00:00.000Z,0.52456,0.52714,0.52444,0.52622,11336
2025-08-07T09:00:00.000Z,0.52623,0.5275,0.52575,0.52722,12950
2025-08-07T13:00:00.000Z,0.52722,0.52755,0.52442,0.52468,15040
2025-08-07T17:00:00.000Z,0.52469,0.52595,0.52458,0.52591,8913
2025-08-07T21:00:00.000Z,0.52498,0.52619,0.52404,0.52569,6326
2025-08-08T01:00:00.000Z,0.52569,0.52625,0.5255,0.5261,7496
2025-08-08T05:00:00.000Z,0.5261,0.52771,0.52594,0.52709,9733
2025-08-08T09:00:00.000Z,0.52709,0.52734,0.52614,0.52636,9520
2025-08-08T13:00:00.000Z,0.52636,0.5273,0.52622,0.52717,10999
2025-08-08T17:00:00.000Z,0.52717,0.52745,0.52637,0.52677,6819
2025-08-10T21:00:00.000Z,0.52668,0.52696,0.52594,0.52624,5110
2025-08-11T01:00:00.000Z,0.52624,0.52658,0.52598,0.5261,7639
2025-08-11T05:00:00.000Z,0.5261,0.52724,0.52589,0.52709,8741
2025-08-11T09:00:00.000Z,0.5271,0.52818,0.527,0.52794,9438
2025-08-11T13:00:00.000Z,0.52795,0.52952,0.52772,0.52916,11490
2025-08-11T17:00:00.000Z,0.52916,0.52928,0.52866,0.52898,5909
2025-08-11T21:00:00.000Z,0.52845,0.52946,0.52805,0.52914,4744
2025-08-12T01:00:00.000Z,0.52914,0.52919,0.52746,0.52831,8907
2025-08-12T05:00:00.000Z,0.52832,0.52845,0.52533,0.52586,12507
2025-08-12T09:00:00.000Z,0.52586,0.5267,0.52546,0.52665,13024
2025-08-12T13:00:00.000Z,0.52666,0.52794,0.52615,0.52728,19098
2025-08-12T17:00:00.000Z,0.52727,0.52753,0.52638,0.52657,6770
2025-08-12T21:00:00.000Z,0.52622,0.52657,0.52565,0.52623,5095
2025-08-13T01:00:00.000Z,0.52621,0.52703,0.52558,0.52671,7362
2025-08-13T05:00:00.000Z,0.52671,0.52748,0.52584,0.52624,9870
2025-08-13T09:00:00.000Z,0.52623,0.52693,0.52578,0.52644,9616
2025-08-13T13:00:00.000Z,0.52644,0.52716,0.52619,0.52671,10865
2025-08-13T17:00:00.000Z,0.52671,0.5272,0.52642,0.52713,5042
2025-08-13T21:00:00.000Z,0.52621,0.52767,0.52556,0.52745,6056
2025-08-14T01:00:00.000Z,0.52745,0.52858,0.52717,0.52748,9350
2025-08-14T05:00:00.000Z,0.52748,0.52791,0.52635,0.52639,11271
2025-08-14T09:00:00.000Z,0.52638,0.5267,0.52467,0.52472,12089
2025-08-14T13:00:00.000Z,0.52471,0.52538,0.52407,0.52471,15738
2025-08-14T17:00:00.000Z,0.52471,0.52511,0.52436,0.5245,6809
2025-08-14T21:00:00.000Z,0.52376,0.52499,0.52308,0.52478,4989
2025-08-15T01:00:00.000Z,0.52479,0.52504,0.52374,0.52428,7878
2025-08-15T05:00:00.000Z,0.52427,0.52501,0.52399,0.52408,8880
2025-08-15T09:00:00.000Z,0.52407,0.52507,0.52387,0.52479,10145
2025-08-15T13:00:00.000Z,0.52479,0.52541,0.52443,0.52494,12957
2025-08-15T17:00:00.000Z,0.52493,0.52514,0.52437,0.52488,6125
2025-08-17T21:00:00.000Z,0.52332,0.52562,0.52326,0.52533,4828
2025-08-18T01:00:00.000Z,0.52533,0.52581,0.5252,0.5255,7006
2025-08-18T05:00:00.000Z,0.5255,0.52607,0.52463,0.52585,9797
2025-08-18T09:00:00.000Z,0.52584,0.52618,0.52519,0.52539,8774
2025-08-18T13:00:00.000Z,0.52539,0.52552,0.52321,0.52382,10185
2025-08-18T17:00:00.000Z,0.52381,0.52424,0.52374,0.52414,5194
2025-08-18T21:00:00.000Z,0.52409,0.52451,0.5236,0.5243,5048
2025-08-19T01:00:00.000Z,0.5243,0.52445,0.52369,0.52375,8512
2025-08-19T05:00:00.000Z,0.52376,0.52388,0.52231,0.52261,9959
2025-08-19T09:00:00.000Z,0.52261,0.52309,0.52226,0.52234,8782
2025-08-19T13:00:00.000Z,0.52235,0.52237,0.52094,0.52118,11124
2025-08-19T17:00:00.000Z,0.52118,0.52142,0.5209,0.52123,5985
2025-08-19T21:00:00.000Z,0.52112,0.52182,0.52008,0.52157,5813
2025-08-20T01:00:00.000Z,0.52157,0.52182,0.51996,0.5209,9935
2025-08-20T05:00:00.000Z,0.52091,0.52126,0.51927,0.51979,10217
2025-08-20T09:00:00.000Z,0.5198,0.52006,0.51912,0.51912,9022
2025-08-20T13:00:00.000Z,0.51912,0.51941,0.51636,0.51731,12913
2025-08-20T17:00:00.000Z,0.51731,0.51744,0.5168,0.51737,6836
2025-08-20T21:00:00.000Z,0.51656,0.51787,0.51635,0.51699,5056
2025-08-21T01:00:00.000Z,0.517,0.51777,0.5167,0.51699,8211
2025-08-21T05:00:00.000Z,0.51699,0.51808,0.51661,0.51728,10039
2025-08-21T09:00:00.000Z,0.51729,0.51859,0.51717,0.51756,9689
2025-08-21T13:00:00.000Z,0.51756,0.51934,0.51756,0.51895,14032
2025-08-21T17:00:00.000Z,0.51895,0.5198,0.51892,0.51916,5525
2025-08-21T21:00:00.000Z,0.51863,0.52007,0.5178,0.51965,5383
2025-08-22T01:00:00.000Z,0.51965,0.52049,0.51959,0.52013,7631
2025-08-22T05:00:00.000Z,0.52011,0.52062,0.51935,0.52041,8492
2025-08-22T09:00:00.000Z,0.52041,0.52049,0.51889,0.5189,7829
2025-08-22T13:00:00.000Z,0.51889,0.52102,0.51885,0.51989,19403
2025-08-22T17:00:00.000Z,0.51989,0.52026,0.51959,0.52006,6999
2025-08-24T21:00:00.000Z,0.5191,0.52072,0.51894,0.52059,6386
2025-08-25T01:00:00.000Z,0.52059,0.5213,0.51991,0.52102,7319
2025-08-25T05:00:00.000Z,0.52104,0.52205,0.52039,0.52087,8631
2025-08-25T09:00:00.000Z,0.52087,0.52132,0.52036,0.52089,7170
2025-08-25T13:00:00.000Z,0.52089,0.52264,0.52076,0.52236,10443
2025-08-25T17:00:00.000Z,0.52236,0.52294,0.52204,0.5225,6688
2025-08-25T21:00:00.000Z,0.52156,0.52269,0.52088,0.52144,8263
2025-08-26T01:00:00.000Z,0.52145,0.52199,0.52068,0.52185,9505
2025-08-26T05:00:00.000Z,0.52185,0.52279,0.52156,0.52247,11432
2025-08-26T09:00:00.000Z,0.52246,0.52304,0.52155,0.52178,9522
2025-08-26T13:00:00.000Z,0.52179,0.52218,0.52129,0.52182,11657
2025-08-26T17:00:00.000Z,0.52181,0.52209,0.52147,0.52183,5965
2025-08-26T21:00:00.000Z,0.52114,0.52215,0.52054,0.52204,5348
2025-08-27T01:00:00.000Z,0.52205,0.523,0.52176,0.52214,8131
2025-08-27T05:00:00.000Z,0.52214,0.52264,0.52166,0.52179,9724
2025-08-27T09:00:00.000Z,0.52179,0.5223,0.52083,0.52107,9414
2025-08-27T13:00:00.000Z,0.52107,0.52216,0.52067,0.52193,12384
2025-08-27T17:00:00.000Z,0.52193,0.52242,0.52184,0.52199,6729
2025-08-27T21:00:00.000Z,0.52159,0.52227,0.52116,0.52207,5233
2025-08-28T01:00:00.000Z,0.52207,0.52244,0.52177,0.52186,7259
2025-08-28T05:00:00.000Z,0.52186,0.52241,0.52159,0.52229,8779
2025-08-28T09:00:00.000Z,0.52229,0.52366,0.52181,0.52354,10484
2025-08-28T13:00:00.000Z,0.52354,0.52405,0.52273,0.52302,12302
2025-08-28T17:00:00.000Z,0.52302,0.5237,0.52275,0.52344,5329
2025-08-28T21:00:00.000Z,0.52258,0.52422,0.52219,0.52416,5530
2025-08-29T01:00:00.000Z,0.52416,0.52521,0.52394,0.52476,7535
2025-08-29T05:00:00.000Z,0.52475,0.52483,0.52281,0.5233,9090
2025-08-29T09:00:00.000Z,0.52328,0.52434,0.52293,0.52388,9464
2025-08-29T13:00:00.000Z,0.52389,0.52399,0.52241,0.52318,13848
2025-08-29T17:00:00.000Z,0.52318,0.52382,0.52303,0.52332,5999
2025-08-31T21:00:00.000Z,0.5222,0.52438,0.52202,0.52423,4500
2025-09-01T01:00:00.000Z,0.52422,0.52422,0.5231,0.52315,7944
2025-09-01T05:00:00.000Z,0.52315,0.52376,0.52258,0.52373,8770
2025-09-01T09:00:00.000Z,0.52373,0.52494,0.52364,0.52485,7987
2025-09-01T13:00:00.000Z,0.52486,0.52534,0.52419,0.52504,8119
2025-09-01T17:00:00.000Z,0.52504,0.52507,0.5245,0.52465,3799
2025-09-01T21:00:00.000Z,0.52383,0.52505,0.52331,0.52499,5281
2025-09-02T01:00:00.000Z,0.52499,0.52504,0.52371,0.52382,8844
2025-09-02T05:00:00.000Z,0.52382,0.52446,0.52219,0.52384,13714
2025-09-02T09:00:00.000Z,0.52384,0.52431,0.52222,0.5223,14771
2025-09-02T13:00:00.000Z,0.52231,0.52434,0.52198,0.52417,15385
2025-09-02T17:00:00.000Z,0.52417,0.52482,0.52398,0.52452,7820
2025-09-02T21:00:00.000Z,0.52378,0.52499,0.52318,0.52481,4996
2025-09-03T01:00:00.000Z,0.52481,0.52559,0.52467,0.52504,8315
2025-09-03T05:00:00.000Z,0.52503,0.52536,0.52395,0.52467,10788
2025-09-03T09:00:00.000Z,0.52468,0.52662,0.52455,0.5266,10258
2025-09-03T13:00:00.000Z,0.5266,0.52671,0.52516,0.52615,14233
2025-09-03T17:00:00.000Z,0.52615,0.52645,0.52588,0.52609,7185
2025-09-03T21:00:00.000Z,0.52529,0.52665,0.52485,0.52642,5549
2025-09-04T01:00:00.000Z,0.52641,0.52641,0.5251,0.52514,8622
2025-09-04T05:00:00.000Z,0.52512,0.52551,0.52449,0.52501,10128
2025-09-04T09:00:00.000Z,0.525,0.52529,0.52395,0.52527,10790
2025-09-04T13:00:00.000Z,0.52527,0.52537,0.52405,0.52514,13210
2025-09-04T17:00:00.000Z,0.52512,0.52572,0.52486,0.52497,6363
2025-09-04T21:00:00.000Z,0.52421,0.52542,0.52346,0.52537,5265
2025-09-05T01:00:00.000Z,0.52537,0.52548,0.52505,0.52531,6384
2025-09-05T05:00:00.000Z,0.52531,0.52613,0.5252,0.52568,8120
2025-09-05T09:00:00.000Z,0.52568,0.5259,0.524,0.52557,11569
2025-09-05T13:00:00.000Z,0.52554,0.52608,0.52227,0.52313,18337
2025-09-05T17:00:00.000Z,0.52312,0.52334,0.52272,0.52307,7031
2025-09-07T21:00:00.000Z,0.52268,0.52389,0.52068,0.52338,7061
2025-09-08T01:00:00.000Z,0.52341,0.52415,0.52305,0.52331,9488
2025-09-08T05:00:00.000Z,0.5233,0.5243,0.52309,0.52403,10691
2025-09-08T09:00:00.000Z,0.52404,0.52448,0.52374,0.5241,9092
2025-09-08T13:00:00.000Z,0.52412,0.52413,0.52236,0.52301,10957
2025-09-08T17:00:00.000Z,0.523,0.52314,0.52272,0.52277,6010
2025-09-08T21:00:00.000Z,0.52241,0.52316,0.52201,0.52272,4924
2025-09-09T01:00:00.000Z,0.52271,0.52339,0.52228,0.52338,7171
2025-09-09T05:00:00.000Z,0.52337,0.52483,0.52294,0.52438,11475
2025-09-09T09:00:00.000Z,0.52439,0.52521,0.52419,0.52446,8820
2025-09-09T13:00:00.000Z,0.52446,0.52523,0.52397,0.52515,13901
2025-09-09T17:00:00.000Z,0.52514,0.52532,0.52485,0.52497,5952
2025-09-09T21:00:00.000Z,0.5243,0.5256,0.52385,0.5256,4021
2025-09-10T01:00:00.000Z,0.52559,0.52686,0.52531,0.5268,8008
2025-09-10T05:00:00.000Z,0.52679,0.52702,0.52621,0.52637,9557
2025-09-10T09:00:00.000Z,0.52638,0.52804,0.52634,0.52762,9972
2025-09-10T13:00:00.000Z,0.52763,0.52889,0.52693,0.5287,12408
2025-09-10T17:00:00.000Z,0.52872,0.52918,0.52829,0.52837,5684
2025-09-10T21:00:00.000Z,0.52823,0.52875,0.52744,0.52827,3619
2025-09-11T01:00:00.000Z,0.52828,0.5287,0.52788,0.52789,5613
2025-09-11T05:00:00.000Z,0.5279,0.52871,0.52764,0.52819,11068
2025-09-11T09:00:00.000Z,0.52818,0.52846,0.52616,0.5283,12301
2025-09-11T13:00:00.000Z,0.52829,0.53025,0.52789,0.53001,14342
2025-09-11T17:00:00.000Z,0.53002,0.53036,0.52978,0.53013,6222
2025-09-11T21:00:00.000Z,0.52944,0.53079,0.52874,0.53076,4038
2025-09-12T01:00:00.000Z,0.53077,0.5309,0.53003,0.53041,5469
2025-09-12T05:00:00.000Z,0.53041,0.5306,0.5297,0.52984,8469
2025-09-12T09:00:00.000Z,0.52985,0.53056,0.52911,0.5296,8910
2025-09-12T13:00:00.000Z,0.52957,0.5297,0.52872,0.52913,10766
2025-09-12T17:00:00.000Z,0.52912,0.52962,0.52902,0.52947,5282
2025-09-14T21:00:00.000Z,0.52848,0.52989,0.52796,0.52977,3561
2025-09-15T01:00:00.000Z,0.52978,0.53072,0.52969,0.5306,4582
2025-09-15T05:00:00.000Z,0.53062,0.53078,0.53007,0.53016,7184
2025-09-15T09:00:00.000Z,0.53017,0.53017,0.52906,0.52977,7946
2025-09-15T13:00:00.000Z,0.52976,0.5299,0.52898,0.52963,9708
2025-09-15T17:00:00.000Z,0.52962,0.53004,0.52952,0.52995,5656
2025-09-15T21:00:00.000Z,0.52949,0.53042,0.52894,0.5297,3615
2025-09-16T01:00:00.000Z,0.52968,0.53007,0.52865,0.52869,6031
2025-09-16T05:00:00.000Z,0.5287,0.52899,0.52761,0.5278,8443
2025-09-16T09:00:00.000Z,0.5278,0.52805,0.52697,0.5273,10270
2025-09-16T13:00:00.000Z,0.52731,0.52737,0.52515,0.52546,13367
2025-09-16T17:00:00.000Z,0.52545,0.52579,0.52517,0.52536,6341
2025-09-16T21:00:00.000Z,0.52474,0.52582,0.5241,0.52565,3925
2025-09-17T01:00:00.000Z,0.52566,0.52581,0.52499,0.52534,4818
2025-09-17T05:00:00.000Z,0.52533,0.52555,0.52476,0.52494,7153
2025-09-17T09:00:00.000Z,0.52493,0.52594,0.52468,0.52563,6880
2025-09-17T13:00:00.000Z,0.52562,0.52567,0.52425,0.52438,8317
2025-09-17T17:00:00.000Z,0.52438,0.5256,0.52376,0.52473,21390
2025-09-17T21:00:00.000Z,0.52399,0.525,0.52389,0.52443,6465
2025-09-18T01:00:00.000Z,0.52445,0.52493,0.52361,0.52424,7589
2025-09-18T05:00:00.000Z,0.52423,0.52425,0.52349,0.52382,10940
2025-09-18T09:00:00.000Z,0.52381,0.52522,0.52348,0.52451,11071
2025-09-18T13:00:00.000Z,0.52451,0.52507,0.52357,0.52436,14863
2025-09-18T17:00:00.000Z,0.52435,0.52453,0.52389,0.52404,6430
2025-09-18T21:00:00.000Z,0.5224,0.52471,0.52234,0.52393,6604
2025-09-19T01:00:00.000Z,0.52391,0.52428,0.52347,0.52369,8764
2025-09-19T05:00:00.000Z,0.52368,0.5255,0.52294,0.52539,10827
2025-09-19T09:00:00.000Z,0.52541,0.52544,0.52427,0.52434,9067
2025-09-19T13:00:00.000Z,0.52433,0.52468,0.52364,0.52416,11923
2025-09-19T17:00:00.000Z,0.52415,0.52482,0.52411,0.52434,6026
2025-09-21T21:00:00.000Z,0.5232,0.52551,0.52258,0.52447,6048
2025-09-22T01:00:00.000Z,0.52447,0.5257,0.52417,0.52564,7248
2025-09-22T05:00:00.000Z,0.52563,0.52567,0.52299,0.52368,8837
2025-09-22T09:00:00.000Z,0.52369,0.5242,0.52304,0.52326,7689
2025-09-22T13:00:00.000Z,0.52324,0.52338,0.52216,0.52273,9909
2025-09-22T17:00:00.000Z,0.52273,0.52312,0.52269,0.52279,4651
2025-09-22T21:00:00.000Z,0.52277,0.5232,0.52225,0.52243,5341
2025-09-23T01:00:00.000Z,0.52244,0.52248,0.52126,0.52167,6818
2025-09-23T05:00:00.000Z,0.52168,0.52286,0.52162,0.52253,9070
2025-09-23T09:00:00.000Z,0.52256,0.5238,0.52251,0.52342,7747
2025-09-23T13:00:00.000Z,0.52343,0.52388,0.52253,0.52279,12847
2025-09-23T17:00:00.000Z,0.52277,0.52297,0.52166,0.52206,8051
2025-09-23T21:00:00.000Z,0.52145,0.52246,0.52092,0.52224,7429
2025-09-24T01:00:00.000Z,0.52226,0.52464,0.52188,0.52433,8080
2025-09-24T05:00:00.000Z,0.52433,0.52532,0.5241,0.52501,8846
2025-09-24T09:00:00.000Z,0.52502,0.52523,0.52373,0.52387,9033
2025-09-24T13:00:00.000Z,0.52386,0.52406,0.52305,0.5232,12432
2025-09-24T17:00:00.000Z,0.52321,0.52361,0.52319,0.52347,6008
2025-09-24T21:00:00.000Z,0.52287,0.5239,0.52215,0.52371,6018
2025-09-25T01:00:00.000Z,0.52373,0.52462,0.52348,0.52431,5841
2025-09-25T05:00:00.000Z,0.52432,0.52555,0.52394,0.5251,9167
2025-09-25T09:00:00.000Z,0.52509,0.52548,0.52305,0.5242,10600
2025-09-25T13:00:00.000Z,0.52419,0.52438,0.52269,0.52395,15228
2025-09-25T17:00:00.000Z,0.52394,0.52396,0.52224,0.52283,8756
2025-09-25T21:00:00.000Z,0.52174,0.52319,0.52174,0.52283,6513
2025-09-26T01:00:00.000Z,0.52284,0.52317,0.52248,0.52277,6104
2025-09-26T05:00:00.000Z,0.52278,0.52292,0.52184,0.52199,8707
2025-09-26T09:00:00.000Z,0.522,0.5225,0.5216,0.52229,9275
2025-09-26T13:00:00.000Z,0.52231,0.52283,0.52167,0.52283,13863
2025-09-26T17:00:00.000Z,0.52284,0.52286,0.5222,0.52228,6608
2025-09-28T21:00:00.000Z,0.52161,0.52259,0.52139,0.52223,4918
2025-09-29T01:00:00.000Z,0.52221,0.52309,0.52183,0.52305,5862
2025-09-29T05:00:00.000Z,0.52306,0.52327,0.52243,0.52293,8393
2025-09-29T09:00:00.000Z,0.52292,0.52422,0.52281,0.52293,8369
2025-09-29T13:00:00.000Z,0.52293,0.52463,0.52291,0.52412,11156
2025-09-29T17:00:00.000Z,0.52412,0.52472,0.52408,0.52441,4484
2025-09-29T21:00:00.000Z,0.52439,0.52491,0.52374,0.5249,5106
2025-09-30T01:00:00.000Z,0.52489,0.52689,0.52464,0.52649,7458
2025-09-30T05:00:00.000Z,0.52649,0.52698,0.52358,0.52623,11901
2025-09-30T09:00:00.000Z,0.52622,0.5274,0.52596,0.52705,9551
2025-09-30T13:00:00.000Z,0.52706,0.52794,0.52595,0.52599,13606
2025-09-30T17:00:00.000Z,0.52599,0.52676,0.52558,0.52663,6036
2025-09-30T21:00:00.000Z,0.52563,0.52686,0.52499,0.5259,5494
2025-10-01T01:00:00.000Z,0.52589,0.52596,0.52435,0.52451,6799
2025-10-01T05:00:00.000Z,0.52453,0.52641,0.52419,0.52638,11252
2025-10-01T09:00:00.000Z,0.52637,0.52818,0.52594,0.52782,12314
2025-10-01T13:00:00.000Z,0.52782,0.52798,0.52649,0.52751,15048
2025-10-01T17:00:00.000Z,0.52749,0.52757,0.52686,0.52706,5846
2025-10-01T21:00:00.000Z,0.52649,0.52717,0.52594,0.52656,4523
2025-10-02T01:00:00.000Z,0.5266,0.52719,0.52625,0.52712,5888
2025-10-02T05:00:00.000Z,0.52711,0.52768,0.52674,0.52709,8482
2025-10-02T09:00:00.000Z,0.5271,0.52711,0.52538,0.52588,8392
2025-10-02T13:00:00.000Z,0.5259,0.52645,0.5255,0.52617,12442
2025-10-02T17:00:00.000Z,0.52617,0.52642,0.52589,0.5261,5043
2025-10-02T21:00:00.000Z,0.52521,0.52646,0.52496,0.52625,3762
2025-10-03T01:00:00.000Z,0.52624,0.52644,0.52566,0.52569,5450
2025-10-03T05:00:00.000Z,0.52569,0.52684,0.52556,0.52595,7413
2025-10-03T09:00:00.000Z,0.52597,0.52641,0.52513,0.52562,7021
2025-10-03T13:00:00.000Z,0.52562,0.52594,0.52485,0.5255,11876
2025-10-03T17:00:00.000Z,0.52551,0.52557,0.52486,0.52494,5675
2025-10-05T21:00:00.000Z,0.52343,0.52581,0.52335,0.52555,8844
2025-10-06T01:00:00.000Z,0.52554,0.52608,0.5252,0.52556,6687
2025-10-06T05:00:00.000Z,0.52557,0.52786,0.52528,0.52703,11192
2025-10-06T09:00:00.000Z,0.52704,0.52713,0.52614,0.5269,9361
2025-10-06T13:00:00.000Z,0.5269,0.52751,0.52603,0.52608,9377
2025-10-06T17:00:00.000Z,0.52611,0.52646,0.52586,0.52595,3960
2025-10-06T21:00:00.000Z,0.52563,0.52643,0.52518,0.52541,5442
2025-10-07T01:00:00.000Z,0.52541,0.5269,0.52526,0.52596,5323
2025-10-07T05:00:00.000Z,0.52596,0.52602,0.52493,0.52575,7687
2025-10-07T09:00:00.000Z,0.52576,0.52631,0.52528,0.52531,7877
2025-10-07T13:00:00.000Z,0.5253,0.52633,0.52469,0.5251,11807
2025-10-07T17:00:00.000Z,0.52511,0.52563,0.52484,0.52527,5746
2025-10-07T21:00:00.000Z,0.52496,0.52572,0.52403,0.52538,5020
2025-10-08T01:00:00.000Z,0.52534,0.52581,0.52484,0.52565,7257
2025-10-08T05:00:00.000Z,0.52564,0.52619,0.52544,0.52554,8976
2025-10-08T09:00:00.000Z,0.52554,0.52653,0.52527,0.52652,8406
2025-10-08T13:00:00.000Z,0.52654,0.52813,0.52653,0.52781,10872
2025-10-08T17:00:00.000Z,0.5278,0.52827,0.52752,0.52814,6114
2025-10-08T21:00:00.000Z,0.52743,0.52829,0.5271,0.52815,3930
2025-10-09T01:00:00.000Z,0.52816,0.52913,0.52768,0.52882,5206
2025-10-09T05:00:00.000Z,0.52883,0.52922,0.52728,0.5278,9647
2025-10-09T09:00:00.000Z,0.52781,0.53005,0.52774,0.53,8984
2025-10-09T13:00:00.000Z,0.53001,0.53038,0.52763,0.52822,15634
2025-10-09T17:00:00.000Z,0.52819,0.52861,0.52807,0.52833,8019
2025-10-09T21:00:00.000Z,0.52832,0.5295,0.52746,0.52942,4449
2025-10-10T01:00:00.000Z,0.52943,0.52984,0.5291,0.52918,5140
2025-10-10T05:00:00.000Z,0.52918,0.52933,0.5275,0.52795,9357
2025-10-10T09:00:00.000Z,0.52795,0.52841,0.5276,0.52802,8570
2025-10-10T13:00:00.000Z,0.52803,0.52809,0.51892,0.51959,20088
2025-10-10T17:00:00.000Z,0.5196,0.52044,0.51756,0.51782,11590
2025-10-12T21:00:00.000Z,0.52051,0.52254,0.51947,0.52191,9395
2025-10-13T01:00:00.000Z,0.52196,0.52339,0.52179,0.52252,7799
2025-10-13T05:00:00.000Z,0.52253,0.52436,0.52182,0.52434,10727
2025-10-13T09:00:00.000Z,0.52435,0.52443,0.52299,0.5237,10105
2025-10-13T13:00:00.000Z,0.5237,0.52494,0.52366,0.52451,12129
2025-10-13T17:00:00.000Z,0.52451,0.52457,0.52373,0.52375,5144
2025-10-13T21:00:00.000Z,0.52329,0.52483,0.52306,0.52444,5486
2025-10-14T01:00:00.000Z,0.52441,0.52449,0.51963,0.52007,10579
2025-10-14T05:00:00.000Z,0.52007,0.52024,0.51822,0.51872,16239
2025-10-14T09:00:00.000Z,0.51872,0.51939,0.51763,0.51847,12202
2025-10-14T13:00:00.000Z,0.51846,0.52056,0.51779,0.51986,17715
2025-10-14T17:00:00.000Z,0.51985,0.52023,0.51875,0.51949,7549
2025-10-14T21:00:00.000Z,0.51873,0.52044,0.51804,0.52036,5488
2025-10-15T01:00:00.000Z,0.52036,0.52156,0.51997,0.52114,8629
2025-10-15T05:00:00.000Z,0.52125,0.52149,0.52085,0.52125,10380
2025-10-15T09:00:00.000Z,0.52127,0.52224,0.52097,0.52107,10671
2025-10-15T13:00:00.000Z,0.52107,0.5214,0.5184,0.51888,15211
2025-10-15T17:00:00.000Z,0.51889,0.51895,0.51698,0.51881,7627
2025-10-15T21:00:00.000Z,0.51794,0.51885,0.51537,0.5161,6142
2025-10-16T01:00:00.000Z,0.51609,0.51699,0.51511,0.51631,9408
2025-10-16T05:00:00.000Z,0.5163,0.51895,0.51623,0.51826,12269
2025-10-16T09:00:00.000Z,0.51826,0.51941,0.51787,0.51798,11118
2025-10-16T13:00:00.000Z,0.51797,0.51865,0.51421,0.51552,17973
2025-10-16T17:00:00.000Z,0.51553,0.51583,0.51327,0.51421,11123
2025-10-16T21:00:00.000Z,0.51371,0.5143,0.51271,0.51308,5602
2025-10-17T01:00:00.000Z,0.51307,0.5135,0.5106,0.51169,9854
2025-10-17T05:00:00.000Z,0.51168,0.5117,0.50772,0.50986,16649
2025-10-17T09:00:00.000Z,0.50985,0.51465,0.50958,0.5129,17061
2025-10-17T13:00:00.000Z,0.51287,0.51429,0.51182,0.51365,18307
2025-10-17T17:00:00.000Z,0.51365,0.51542,0.51345,0.51519,7231
2025-10-19T21:00:00.000Z,0.51327,0.51654,0.51321,0.51575,6444
2025-10-20T01:00:00.000Z,0.51576,0.51682,0.51536,0.51549,7357
2025-10-20T05:00:00.000Z,0.51548,0.51611,0.51465,0.51486,10685
2025-10-20T09:00:00.000Z,0.51485,0.51549,0.51406,0.5145,10795
2025-10-20T13:00:00.000Z,0.51451,0.51643,0.51424,0.51591,12270
2025-10-20T17:00:00.000Z,0.51591,0.51628,0.51575,0.516,4032
2025-10-20T21:00:00.000Z,0.51571,0.51654,0.51513,0.51653,4642
2025-10-21T01:00:00.000Z,0.51654,0.51656,0.51531,0.51573,8320
2025-10-21T05:00:00.000Z,0.51577,0.5158,0.51355,0.5147,13003
2025-10-21T09:00:00.000Z,0.51469,0.51672,0.51448,0.51669,12946
2025-10-21T13:00:00.000Z,0.51671,0.51725,0.51405,0.5166,16010
2025-10-21T17:00:00.000Z,0.51659,0.51683,0.51607,0.51652,5099
2025-10-21T21:00:00.000Z,0.51609,0.51744,0.51555,0.51625,6371
2025-10-22T01:00:00.000Z,0.51621,0.5176,0.51602,0.51721,7510
2025-10-22T05:00:00.000Z,0.5172,0.51789,0.5169,0.51701,11316
2025-10-22T09:00:00.000Z,0.517,0.51752,0.51616,0.51709,11684
2025-10-22T13:00:00.000Z,0.51708,0.51778,0.51517,0.51643,15646
2025-10-22T17:00:00.000Z,0.51644,0.51682,0.51516,0.51645,7543
2025-10-22T21:00:00.000Z,0.51604,0.51698,0.51585,0.51697,4870
2025-10-23T01:00:00.000Z,0.51698,0.51751,0.51659,0.51699,6323
2025-10-23T05:00:00.000Z,0.51698,0.51924,0.5169,0.51903,8587
2025-10-23T09:00:00.000Z,0.51906,0.5197,0.51822,0.51835,8469
2025-10-23T13:00:00.000Z,0.51836,0.51895,0.51784,0.51808,11642
2025-10-23T17:00:00.000Z,0.51809,0.51868,0.51766,0.51771,4051
2025-10-23T21:00:00.000Z,0.51699,0.51809,0.51699,0.51791,4234
2025-10-24T01:00:00.000Z,0.51791,0.51808,0.51707,0.51753,6412
2025-10-24T05:00:00.000Z,0.51752,0.51775,0.51672,0.5169,9209
2025-10-24T09:00:00.000Z,0.51691,0.51839,0.51669,0.51784,10283
2025-10-24T13:00:00.000Z,0.51785,0.51817,0.51664,0.518,13491
2025-10-24T17:00:00.000Z,0.51799,0.51815,0.51771,0.5178,3637
2025-10-26T21:00:00.000Z,0.52027,0.52111,0.51913,0.51944,6469
2025-10-27T01:00:00.000Z,0.51944,0.52019,0.51924,0.5201,7538
2025-10-27T05:00:00.000Z,0.52011,0.52241,0.52003,0.52232,8586
2025-10-27T09:00:00.000Z,0.52234,0.52236,0.52106,0.52157,10045
2025-10-27T13:00:00.000Z,0.52156,0.52199,0.52106,0.52158,10844
2025-10-27T17:00:00.000Z,0.52159,0.52188,0.52119,0.52132,4228
2025-10-27T21:00:00.000Z,0.52082,0.5215,0.52067,0.5208,4678
2025-10-28T01:00:00.000Z,0.52078,0.52117,0.52043,0.52061,7844
2025-10-28T05:00:00.000Z,0.5206,0.5208,0.51938,0.51975,9085
2025-10-28T09:00:00.000Z,0.51976,0.52174,0.51968,0.52144,9199
2025-10-28T13:00:00.000Z,0.52144,0.52278,0.52127,0.52234,12765
2025-10-28T17:00:00.000Z,0.52235,0.52273,0.52215,0.52236,4083
2025-10-28T21:00:00.000Z,0.52209,0.52398,0.52148,0.52313,6153
2025-10-29T01:00:00.000Z,0.52309,0.52406,0.52284,0.52381,7563
2025-10-29T05:00:00.000Z,0.52382,0.52669,0.52373,0.52538,10470
2025-10-29T09:00:00.000Z,0.5254,0.52613,0.52502,0.52609,10655
2025-10-29T13:00:00.000Z,0.5261,0.52727,0.52588,0.52661,12540
2025-10-29T17:00:00.000Z,0.5266,0.52723,0.52556,0.52597,16263
2025-10-29T21:00:00.000Z,0.52473,0.52674,0.52441,0.5267,5420
2025-10-30T01:00:00.000Z,0.52671,0.52696,0.52452,0.52604,13137
2025-10-30T05:00:00.000Z,0.52605,0.52668,0.52523,0.52538,12788
2025-10-30T09:00:00.000Z,0.52539,0.52555,0.5244,0.52495,11927
2025-10-30T13:00:00.000Z,0.52491,0.52598,0.52398,0.52531,16141
2025-10-30T17:00:00.000Z,0.52529,0.52608,0.5251,0.52536,6461
2025-10-30T21:00:00.000Z,0.5254,0.52579,0.52495,0.52529,4183
2025-10-31T01:00:00.000Z,0.52527,0.52557,0.52474,0.5251,7748
2025-10-31T05:00:00.000Z,0.52511,0.52517,0.5243,0.525,9600
2025-10-31T09:00:00.000Z,0.52501,0.52578,0.5242,0.52539,10034
2025-10-31T13:00:00.000Z,0.5254,0.52673,0.5251,0.52556,14891
2025-10-31T17:00:00.000Z,0.52555,0.52699,0.52512,0.52667,5434
2025-11-02T22:00:00.000Z,0.52547,0.52713,0.52511,0.52671,7693
2025-11-03T02:00:00.000Z,0.52672,0.5279,0.5265,0.5276,5991
2025-11-03T06:00:00.000Z,0.52759,0.52888,0.52674,0.52842,8789
2025-11-03T10:00:00.000Z,0.52845,0.52893,0.52809,0.52856,8703
2025-11-03T14:00:00.000Z,0.52855,0.52889,0.52661,0.52786,13078
2025-11-03T18:00:00.000Z,0.52787,0.52835,0.52773,0.52818,4946
2025-11-03T22:00:00.000Z,0.5277,0.52914,0.52746,0.52886,7051
2025-11-04T02:00:00.000Z,0.52887,0.52889,0.52656,0.52663,9275
2025-11-04T06:00:00.000Z,0.52667,0.52691,0.52516,0.52523,12437
2025-11-04T10:00:00.000Z,0.52521,0.5261,0.52463,0.52486,9401
2025-11-04T14:00:00.000Z,0.52487,0.52674,0.52466,0.52554,13376
2025-11-04T18:00:00.000Z,0.52552,0.52595,0.52513,0.52576,7121
2025-11-04T22:00:00.000Z,0.52562,0.52618,0.52204,0.52297,8416
2025-11-05T02:00:00.000Z,0.52296,0.52608,0.52284,0.52503,9748
2025-11-05T06:00:00.000Z,0.52504,0.52588,0.52468,0.52539,9597
2025-11-05T10:00:00.000Z,0.52538,0.52617,0.52439,0.52594,10164
2025-11-05T14:00:00.000Z,0.52593,0.52812,0.52524,0.52764,13938
2025-11-05T18:00:00.000Z,0.52763,0.5277,0.52677,0.52705,3675
2025-11-05T22:00:00.000Z,0.52674,0.52737,0.52545,0.52666,7030
2025-11-06T02:00:00.000Z,0.52666,0.52741,0.52632,0.52653,6987
2025-11-06T06:00:00.000Z,0.52651,0.52722,0.52634,0.52685,9746
2025-11-06T10:00:00.000Z,0.52686,0.52713,0.52554,0.52559,10631
2025-11-06T14:00:00.000Z,0.52558,0.52569,0.52168,0.52282,17190
2025-11-06T18:00:00.000Z,0.52284,0.52329,0.52209,0.52234,7854
2025-11-06T22:00:00.000Z,0.5222,0.52336,0.52191,0.5227,8774
2025-11-07T02:00:00.000Z,0.52271,0.52359,0.52217,0.52329,7659
2025-11-07T06:00:00.000Z,0.52327,0.52417,0.52324,0.52388,9175
2025-11-07T10:00:00.000Z,0.52389,0.52398,0.52168,0.52236,11935
2025-11-07T14:00:00.000Z,0.52237,0.52251,0.52007,0.5212,16290
2025-11-07T18:00:00.000Z,0.52122,0.52337,0.52099,0.52281,8015
2025-11-09T22:00:00.000Z,0.52243,0.52582,0.52226,0.52553,10758
2025-11-10T02:00:00.000Z,0.52552,0.5263,0.52505,0.52602,8736
2025-11-10T06:00:00.000Z,0.52602,0.52692,0.52561,0.5268,11473
2025-11-10T10:00:00.000Z,0.52681,0.52681,0.52524,0.52541,9442
2025-11-10T14:00:00.000Z,0.5254,0.52634,0.52497,0.52614,12626
2025-11-10T18:00:00.000Z,0.52613,0.52629,0.52597,0.52623,4010
2025-11-10T22:00:00.000Z,0.52615,0.52644,0.52567,0.52588,5286
2025-11-11T02:00:00.000Z,0.52588,0.5259,0.52403,0.52403,6554
2025-11-11T06:00:00.000Z,0.52404,0.52476,0.52315,0.5236,9950
2025-11-11T10:00:00.000Z,0.52359,0.52369,0.52207,0.52238,11385
2025-11-11T14:00:00.000Z,0.52239,0.52269,0.52145,0.52237,13246
2025-11-11T18:00:00.000Z,0.52238,0.52281,0.52215,0.52251,4691
2025-11-11T22:00:00.000Z,0.5218,0.52283,0.52133,0.52243,6234
2025-11-12T02:00:00.000Z,0.52242,0.52286,0.52179,0.52275,6641
2025-11-12T06:00:00.000Z,0.52277,0.52335,0.52208,0.52212,10274
2025-11-12T10:00:00.000Z,0.52211,0.52286,0.52186,0.52194,11087
2025-11-12T14:00:00.000Z,0.52194,0.52219,0.52086,0.52143,14422
2025-11-12T18:00:00.000Z,0.52144,0.52222,0.52143,0.52184,4778
2025-11-12T22:00:00.000Z,0.52149,0.52402,0.52092,0.52336,8659
2025-11-13T02:00:00.000Z,0.52334,0.52428,0.52311,0.52408,8012
2025-11-13T06:00:00.000Z,0.52407,0.52488,0.52235,0.52284,12870
2025-11-13T10:00:00.000Z,0.52285,0.5229,0.52114,0.52147,12138
2025-11-13T14:00:00.000Z,0.52149,0.5215,0.5179,0.51816,19420
2025-11-13T18:00:00.000Z,0.51815,0.51826,0.51639,0.51757,9735
2025-11-13T22:00:00.000Z,0.51716,0.5189,0.51686,0.51872,9261
2025-11-14T02:00:00.000Z,0.51873,0.51953,0.51708,0.51774,9350
2025-11-14T06:00:00.000Z,0.51776,0.51785,0.51527,0.51659,13701
2025-11-14T10:00:00.000Z,0.51658,0.51709,0.51375,0.51506,15455
2025-11-14T14:00:00.000Z,0.51505,0.52004,0.51471,0.51942,18993
2025-11-14T18:00:00.000Z,0.51943,0.51943,0.51861,0.51897,8224
2025-11-16T22:00:00.000Z,0.51839,0.51904,0.51786,0.5179,7850
2025-11-17T02:00:00.000Z,0.51791,0.51865,0.51775,0.51848,7142
2025-11-17T06:00:00.000Z,0.51849,0.51883,0.51778,0.51789,10982
2025-11-17T10:00:00.000Z,0.51788,0.51885,0.51782,0.51812,11574
2025-11-17T14:00:00.000Z,0.5181,0.51844,0.51694,0.51792,14520
2025-11-17T18:00:00.000Z,0.51793,0.51802,0.51623,0.51682,7363
2025-11-17T22:00:00.000Z,0.51652,0.51735,0.51599,0.51667,6997
2025-11-18T02:00:00.000Z,0.51668,0.51723,0.51351,0.51499,11267
2025-11-18T06:00:00.000Z,0.51498,0.51735,0.51408,0.51728,13481
2025-11-18T10:00:00.000Z,0.51727,0.51859,0.51709,0.51814,11607
2025-11-18T14:00:00.000Z,0.51812,0.52076,0.51684,0.52059,20814
2025-11-18T18:00:00.000Z,0.52061,0.52093,0.52018,0.52031,8420
2025-11-18T22:00:00.000Z,0.51964,0.52096,0.51946,0.5196,7604
2025-11-19T02:00:00.000Z,0.51961,0.52027,0.51805,0.51865,9815
2025-11-19T06:00:00.000Z,0.51866,0.51997,0.51802,0.5198,11670
2025-11-19T10:00:00.000Z,0.51979,0.52086,0.51967,0.52032,12681
2025-11-19T14:00:00.000Z,0.52032,0.52202,0.5195,0.51986,18685
2025-11-19T18:00:00.000Z,0.51985,0.52227,0.51983,0.52196,9989
2025-11-19T22:00:00.000Z,0.52116,0.52304,0.52109,0.52241,7945
2025-11-20T02:00:00.000Z,0.5224,0.52357,0.52212,0.52268,9035
2025-11-20T06:00:00.000Z,0.5227,0.5228,0.52174,0.52218,11840
2025-11-20T10:00:00.000Z,0.52219,0.52406,0.52181,0.52341,13406
2025-11-20T14:00:00.000Z,0.52345,0.52399,0.51843,0.51926,23835
2025-11-20T18:00:00.000Z,0.51926,0.52073,0.5186,0.51895,12553
2025-11-20T22:00:00.000Z,0.51866,0.52005,0.51823,0.51981,9319
2025-11-21T02:00:00.000Z,0.51982,0.51991,0.51806,0.5187,10266
2025-11-21T06:00:00.000Z,0.51869,0.5197,0.51726,0.5184,14855
2025-11-21T10:00:00.000Z,0.51841,0.52064,0.51762,0.52032,17196
2025-11-21T14:00:00.000Z,0.52031,0.52251,0.51859,0.52173,23026
2025-11-21T18:00:00.000Z,0.52172,0.52254,0.5213,0.52179,10611
2025-11-23T22:00:00.000Z,0.52103,0.5229,0.52088,0.52191,8192
2025-11-24T02:00:00.000Z,0.52194,0.52265,0.52174,0.52233,8208
2025-11-24T06:00:00.000Z,0.52232,0.52333,0.52005,0.52036,12167
2025-11-24T10:00:00.000Z,0.52035,0.52156,0.51972,0.52111,11230
2025-11-24T14:00:00.000Z,0.5211,0.52258,0.52032,0.52224,14110
2025-11-24T18:00:00.000Z,0.52223,0.52267,0.52183,0.52237,5915
2025-11-24T22:00:00.000Z,0.52209,0.5229,0.52202,0.52236,6193
2025-11-25T02:00:00.000Z,0.52237,0.52282,0.52179,0.52232,7359
2025-11-25T06:00:00.000Z,0.52233,0.52285,0.52176,0.52279,10124
2025-11-25T10:00:00.000Z,0.52278,0.52338,0.52203,0.52233,12264
2025-11-25T14:00:00.000Z,0.52232,0.52273,0.51953,0.52194,19163
2025-11-25T18:00:00.000Z,0.52195,0.52264,0.52166,0.52247,7652
2025-11-25T22:00:00.000Z,0.52203,0.52397,0.52142,0.52377,8649
2025-11-26T02:00:00.000Z,0.52375,0.52441,0.52319,0.52338,9587
2025-11-26T06:00:00.000Z,0.52339,0.52425,0.52315,0.52419,13426
2025-11-26T10:00:00.000Z,0.5242,0.52464,0.52306,0.52448,16418
2025-11-26T14:00:00.000Z,0.52449,0.52489,0.52366,0.52386,15008
2025-11-26T18:00:00.000Z,0.52387,0.52437,0.52367,0.52414,6341
2025-11-26T22:00:00.000Z,0.52393,0.5246,0.52361,0.52439,6313
2025-11-27T02:00:00.000Z,0.52438,0.52548,0.52422,0.52493,7357
2025-11-27T06:00:00.000Z,0.52494,0.52583,0.52457,0.52555,10395
2025-11-27T10:00:00.000Z,0.52556,0.52612,0.52535,0.52537,9183
2025-11-27T14:00:00.000Z,0.52537,0.5263,0.52536,0.5257,6123
2025-11-27T18:00:00.000Z,0.52565,0.52581,0.52559,0.52572,3003
2025-11-27T22:00:00.000Z,0.52522,0.52651,0.52515,0.52635,7004
2025-11-28T02:00:00.000Z,0.52635,0.5266,0.52521,0.5253,27985
2025-11-28T06:00:00.000Z,0.52533,0.52632,0.52497,0.52611,31594
2025-11-28T10:00:00.000Z,0.5261,0.52656,0.52554,0.52604,30321
2025-11-28T14:00:00.000Z,0.52605,0.52715,0.5256,0.52612,14550
2025-11-28T18:00:00.000Z,0.52612,0.52644,0.52537,0.52587,12302
2025-11-30T22:00:00.000Z,0.52527,0.52664,0.52498,0.52641,7754
2025-12-01T02:00:00.000Z,0.52642,0.52657,0.52563,0.52619,6092
2025-12-01T06:00:00.000Z,0.52619,0.52645,0.52541,0.52583,10017
2025-12-01T10:00:00.000Z,0.52584,0.5263,0.52482,0.52528,10015
2025-12-01T14:00:00.000Z,0.52527,0.52668,0.52526,0.52661,14196
2025-12-01T18:00:00.000Z,0.5266,0.52674,0.52608,0.52648,7028
2025-12-01T22:00:00.000Z,0.52588,0.52673,0.52542,0.52651,3592
2025-12-02T02:00:00.000Z,0.5265,0.52745,0.52636,0.52722,3602
2025-12-02T06:00:00.000Z,0.52721,0.52753,0.52646,0.52659,6187
2025-12-02T10:00:00.000Z,0.5266,0.52794,0.5265,0.52791,6578
2025-12-02T14:00:00.000Z,0.5279,0.52851,0.52693,0.52702,13088
2025-12-02T18:00:00.000Z,0.52695,0.52735,0.52691,0.52714,7427
2025-12-02T22:00:00.000Z,0.52661,0.52792,0.52565,0.52726,5069
2025-12-03T02:00:00.000Z,0.52727,0.52794,0.527,0.52791,3990
2025-12-03T06:00:00.000Z,0.52791,0.52802,0.52704,0.52771,7481
2025-12-03T10:00:00.000Z,0.52771,0.52786,0.52699,0.52733,8448
2025-12-03T14:00:00.000Z,0.52734,0.52842,0.5258,0.52734,13590
2025-12-03T18:00:00.000Z,0.52733,0.528,0.52717,0.52785,5435
2025-12-03T22:00:00.000Z,0.52731,0.52891,0.52711,0.52855,5414
2025-12-04T02:00:00.000Z,0.52856,0.52971,0.52853,0.52943,5407
2025-12-04T06:00:00.000Z,0.52943,0.53012,0.52877,0.52904,7936
2025-12-04T10:00:00.000Z,0.52905,0.52957,0.52833,0.52906,8230
2025-12-04T14:00:00.000Z,0.52908,0.53103,0.52894,0.53091,11842
2025-12-04T18:00:00.000Z,0.53091,0.5316,0.5307,0.53096,6430
2025-12-04T22:00:00.000Z,0.53084,0.53135,0.53005,0.53116,3471
2025-12-05T02:00:00.000Z,0.53117,0.53181,0.53111,0.53166,3696
2025-12-05T06:00:00.000Z,0.53165,0.53268,0.53132,0.53222,7245
2025-12-05T10:00:00.000Z,0.53223,0.53382,0.53202,0.53359,7850
2025-12-05T14:00:00.000Z,0.5336,0.5344,0.5332,0.53432,13571
2025-12-05T18:00:00.000Z,0.53432,0.53437,0.53376,0.53409,6126
2025-12-07T22:00:00.000Z,0.53293,0.53428,0.53251,0.53379,11040
2025-12-08T02:00:00.000Z,0.53377,0.53417,0.53347,0.53387,5606
2025-12-08T06:00:00.000Z,0.53386,0.53395,0.53286,0.5337,10576
2025-12-08T10:00:00.000Z,0.53371,0.53515,0.53347,0.53482,10599
2025-12-08T14:00:00.000Z,0.53483,0.53516,0.53428,0.53465,14431
2025-12-08T18:00:00.000Z,0.53467,0.53477,0.53397,0.5342,6560
2025-12-08T22:00:00.000Z,0.53397,0.53465,0.53384,0.53418,4989
2025-12-09T02:00:00.000Z,0.5342,0.53615,0.53263,0.53506,9751
2025-12-09T06:00:00.000Z,0.53505,0.53566,0.53436,0.5353,11438
2025-12-09T10:00:00.000Z,0.5353,0.5357,0.53469,0.53509,11495
2025-12-09T14:00:00.000Z,0.53508,0.53685,0.535,0.53527,15054
2025-12-09T18:00:00.000Z,0.53528,0.53537,0.53489,0.53521,5583
2025-12-09T22:00:00.000Z,0.53496,0.5357,0.53439,0.53481,6000
2025-12-10T02:00:00.000Z,0.5348,0.53541,0.53432,0.53537,6095
2025-12-10T06:00:00.000Z,0.53536,0.53577,0.53472,0.53534,8887
2025-12-10T10:00:00.000Z,0.53537,0.53571,0.53341,0.53351,9890
2025-12-10T14:00:00.000Z,0.53352,0.53358,0.53236,0.53292,12452
2025-12-10T18:00:00.000Z,0.53293,0.53465,0.5322,0.53429,16612
2025-12-10T22:00:00.000Z,0.53365,0.53376,0.53227,0.53285,8201
2025-12-11T02:00:00.000Z,0.53286,0.53303,0.52971,0.53059,10391
2025-12-11T06:00:00.000Z,0.53057,0.53162,0.53004,0.53081,12523
2025-12-11T10:00:00.000Z,0.5308,0.53095,0.52971,0.53015,12627
2025-12-11T14:00:00.000Z,0.53014,0.5303,0.52845,0.52923,16695
2025-12-11T18:00:00.000Z,0.52921,0.53,0.52914,0.52984,7085
2025-12-11T22:00:00.000Z,0.52984,0.53013,0.52857,0.52984,7728
2025-12-12T02:00:00.000Z,0.52983,0.53002,0.52943,0.52981,6181
2025-12-12T06:00:00.000Z,0.5298,0.53079,0.52929,0.5301,10684
2025-12-12T10:00:00.000Z,0.53009,0.53057,0.52967,0.53035,10209
2025-12-12T14:00:00.000Z,0.53037,0.5306,0.52788,0.52915,18888
2025-12-12T18:00:00.000Z,0.52915,0.52967,0.52907,0.52942,8639
2025-12-14T22:00:00.000Z,0.52783,0.52981,0.52723,0.52955,9615
2025-12-15T02:00:00.000Z,0.5295,0.52954,0.52856,0.5289,9246
2025-12-15T06:00:00.000Z,0.52892,0.53023,0.52878,0.52929,10694
2025-12-15T10:00:00.000Z,0.52928,0.52962,0.52866,0.52941,8191
2025-12-15T14:00:00.000Z,0.52945,0.52957,0.5277,0.52893,17451
2025-12-15T18:00:00.000Z,0.52893,0.52911,0.52855,0.52871,7135
2025-12-15T22:00:00.000Z,0.52829,0.52935,0.52676,0.52693,8667
2025-12-16T02:00:00.000Z,0.52691,0.52873,0.52674,0.52813,10141
2025-12-16T06:00:00.000Z,0.52812,0.5293,0.52795,0.52796,9868
2025-12-16T10:00:00.000Z,0.52797,0.52848,0.52683,0.52819,12303
2025-12-16T14:00:00.000Z,0.5282,0.52862,0.52655,0.52688,19610
2025-12-16T18:00:00.000Z,0.52689,0.52784,0.5267,0.52728,9728
2025-12-16T22:00:00.000Z,0.52695,0.52755,0.52622,0.52742,7374
2025-12-17T02:00:00.000Z,0.52743,0.52744,0.52662,0.52705,8949
2025-12-17T06:00:00.000Z,0.52706,0.52876,0.52701,0.52773,12682
2025-12-17T10:00:00.000Z,0.52774,0.528,0.52632,0.52701,11407
2025-12-17T14:00:00.000Z,0.52702,0.52724,0.52475,0.52499,18753
2025-12-17T18:00:00.000Z,0.52498,0.52571,0.52463,0.52551,8129
2025-12-17T22:00:00.000Z,0.52509,0.52545,0.52445,0.52498,8110
2025-12-18T02:00:00.000Z,0.525,0.5253,0.5243,0.52504,8019
2025-12-18T06:00:00.000Z,0.52505,0.52625,0.52484,0.52606,10579
2025-12-18T10:00:00.000Z,0.52604,0.52628,0.52457,0.52567,12762
2025-12-18T14:00:00.000Z,0.52566,0.52639,0.52479,0.52556,19576
2025-12-18T18:00:00.000Z,0.52554,0.52586,0.52479,0.52499,8420
2025-12-18T22:00:00.000Z,0.5247,0.52598,0.52467,0.52543,6185
2025-12-19T02:00:00.000Z,0.52542,0.52576,0.52494,0.52496,8591
2025-12-19T06:00:00.000Z,0.52495,0.52569,0.52484,0.52544,12222
2025-12-19T10:00:00.000Z,0.52545,0.52575,0.52504,0.52556,11144
2025-12-19T14:00:00.000Z,0.52557,0.527,0.52522,0.5259,13849
2025-12-19T18:00:00.000Z,0.52589,0.52616,0.52557,0.52565,5612
2025-12-21T22:00:00.000Z,0.52501,0.52624,0.52428,0.52621,11200
2025-12-22T02:00:00.000Z,0.52622,0.52667,0.52595,0.5265,6274
2025-12-22T06:00:00.000Z,0.52649,0.52763,0.52645,0.52673,10356
2025-12-22T10:00:00.000Z,0.52672,0.52735,0.52664,0.52702,9310
2025-12-22T14:00:00.000Z,0.52703,0.52761,0.52657,0.52718,12237
2025-12-22T18:00:00.000Z,0.52717,0.52732,0.52681,0.52715,5218
2025-12-22T22:00:00.000Z,0.52685,0.52735,0.52642,0.52677,6497
2025-12-23T02:00:00.000Z,0.52677,0.52702,0.52608,0.52644,9893
2025-12-23T06:00:00.000Z,0.52643,0.52789,0.52641,0.52758,10924
2025-12-23T10:00:00.000Z,0.52756,0.5284,0.52663,0.52767,11022
2025-12-23T14:00:00.000Z,0.52765,0.52879,0.52752,0.52793,13786
2025-12-23T18:00:00.000Z,0.52792,0.52815,0.52752,0.52765,5141
2025-12-23T22:00:00.000Z,0.52734,0.52787,0.52695,0.52771,6336
2025-12-24T02:00:00.000Z,0.5277,0.52848,0.52762,0.52821,7075
2025-12-24T06:00:00.000Z,0.5282,0.52901,0.52771,0.52778,9920
2025-12-24T10:00:00.000Z,0.52777,0.52838,0.52763,0.52838,9384
2025-12-24T14:00:00.000Z,0.52839,0.5298,0.52819,0.52878,11265
2025-12-24T18:00:00.000Z,0.52876,0.52883,0.52777,0.52787,12801
2025-12-25T22:00:00.000Z,0.52742,0.52918,0.52691,0.52871,10621
2025-12-26T02:00:00.000Z,0.52871,0.52936,0.52847,0.52874,8196
2025-12-26T06:00:00.000Z,0.52877,0.52946,0.52861,0.52905,9507
2025-12-26T10:00:00.000Z,0.52906,0.52951,0.52893,0.52944,8495
2025-12-26T14:00:00.000Z,0.52943,0.53006,0.5294,0.52983,16364
2025-12-26T18:00:00.000Z,0.52984,0.53006,0.52944,0.5297,7538
2025-12-28T22:00:00.000Z,0.52783,0.53006,0.52779,0.52985,11091
2025-12-29T02:00:00.000Z,0.52985,0.53116,0.52978,0.53045,8217
2025-12-29T06:00:00.000Z,0.53044,0.53051,0.52775,0.5282,12054
2025-12-29T10:00:00.000Z,0.52821,0.53008,0.52807,0.52878,14247
2025-12-29T14:00:00.000Z,0.52878,0.52902,0.52739,0.5288,17608
2025-12-29T18:00:00.000Z,0.52881,0.52904,0.52808,0.5281,6106
2025-12-29T22:00:00.000Z,0.52744,0.52883,0.52744,0.52883,7224
2025-12-30T02:00:00.000Z,0.5288,0.52948,0.52844,0.52945,7216
2025-12-30T06:00:00.000Z,0.52945,0.52974,0.52866,0.5288,9617
2025-12-30T10:00:00.000Z,0.52878,0.52981,0.52842,0.52874,11280
2025-12-30T14:00:00.000Z,0.52873,0.53038,0.52873,0.53033,12492
2025-12-30T18:00:00.000Z,0.53033,0.53045,0.5298,0.53013,5285
2025-12-30T22:00:00.000Z,0.52967,0.5305,0.52957,0.53006,5894
2025-12-31T02:00:00.000Z,0.53007,0.53076,0.53002,0.53029,7224
2025-12-31T06:00:00.000Z,0.5303,0.53086,0.52993,0.53027,8232
2025-12-31T10:00:00.000Z,0.53026,0.53041,0.52899,0.52962,11609
2025-12-31T14:00:00.000Z,0.52963,0.52964,0.52799,0.52933,15621
2025-12-31T18:00:00.000Z,0.52934,0.52946,0.52838,0.52884,6610
2026-01-01T22:00:00.000Z,0.52856,0.52959,0.52768,0.52946,5884
2026-01-02T02:00:00.000Z,0.52947,0.53066,0.5292,0.53057,6952
2026-01-02T06:00:00.000Z,0.53055,0.5321,0.53048,0.53162,10491
2026-01-02T10:00:00.000Z,0.5316,0.53186,0.53031,0.53039,9994
2026-01-02T14:00:00.000Z,0.53039,0.53071,0.5283,0.52937,16990
2026-01-02T18:00:00.000Z,0.52935,0.53066,0.52924,0.53036,7400
2026-01-04T22:00:00.000Z,0.52837,0.53063,0.52837,0.52964,10854
2026-01-05T02:00:00.000Z,0.52963,0.53063,0.52928,0.53009,10640
2026-01-05T06:00:00.000Z,0.5301,0.53177,0.52993,0.5316,12015
2026-01-05T10:00:00.000Z,0.5316,0.53207,0.53061,0.53112,14685
2026-01-05T14:00:00.000Z,0.53113,0.53276,0.53098,0.532,17077
2026-01-05T18:00:00.000Z,0.53198,0.53207,0.53137,0.53155,5965
2026-01-05T22:00:00.000Z,0.53094,0.53202,0.53094,0.53141,6437
2026-01-06T02:00:00.000Z,0.53141,0.53245,0.53133,0.53235,7640
2026-01-06T06:00:00.000Z,0.53234,0.53322,0.5321,0.53235,11279
2026-01-06T10:00:00.000Z,0.53236,0.53342,0.53219,0.53331,11248
2026-01-06T14:00:00.000Z,0.5333,0.53576,0.53319,0.53541,16409
2026-01-06T18:00:00.000Z,0.53542,0.53632,0.53532,0.53617,6262
2026-01-06T22:00:00.000Z,0.53554,0.53654,0.53447,0.53639,8868
2026-01-07T02:00:00.000Z,0.53638,0.53777,0.53604,0.5369,9171
2026-01-07T06:00:00.000Z,0.53693,0.53712,0.53583,0.53621,10890
2026-01-07T10:00:00.000Z,0.53621,0.53703,0.53558,0.53633,11919
2026-01-07T14:00:00.000Z,0.53634,0.53679,0.53559,0.53619,16555
2026-01-07T18:00:00.000Z,0.53619,0.5369,0.53589,0.53609,7138
2026-01-07T22:00:00.000Z,0.5357,0.53653,0.53519,0.53645,5646
2026-01-08T02:00:00.000Z,0.53647,0.53647,0.53411,0.53439,8508
2026-01-08T06:00:00.000Z,0.53439,0.53514,0.53324,0.53378,11625
2026-01-08T10:00:00.000Z,0.53378,0.53446,0.5334,0.53421,10856
2026-01-08T14:00:00.000Z,0.53422,0.53526,0.5337,0.53521,16081
2026-01-08T18:00:00.000Z,0.5352,0.53549,0.53493,0.53516,6572
2026-01-08T22:00:00.000Z,0.53486,0.53545,0.53395,0.53531,5884
2026-01-09T02:00:00.000Z,0.53531,0.53574,0.53486,0.53539,8059
2026-01-09T06:00:00.000Z,0.53538,0.53546,0.53389,0.53453,9791
2026-01-09T10:00:00.000Z,0.53454,0.53544,0.53335,0.53495,13225
2026-01-09T14:00:00.000Z,0.53497,0.53575,0.53405,0.53545,20594
2026-01-09T18:00:00.000Z,0.53543,0.53579,0.53536,0.53554,4975
2026-01-11T22:00:00.000Z,0.53397,0.53605,0.53389,0.5348,10842
2026-01-12T02:00:00.000Z,0.53479,0.53532,0.53425,0.53455,8463
2026-01-12T06:00:00.000Z,0.53455,0.53474,0.53343,0.53451,11926
2026-01-12T10:00:00.000Z,0.5345,0.5353,0.53422,0.53478,12476
2026-01-12T14:00:00.000Z,0.53477,0.53549,0.53431,0.53514,15141
2026-01-12T18:00:00.000Z,0.53515,0.53561,0.53479,0.535,4879
2026-01-12T22:00:00.000Z,0.53459,0.53564,0.5343,0.53547,7242
2026-01-13T02:00:00.000Z,0.53547,0.53584,0.53455,0.53492,7871
2026-01-13T06:00:00.000Z,0.53491,0.53517,0.53426,0.5349,10341
2026-01-13T10:00:00.000Z,0.53488,0.53645,0.53456,0.53557,12771
2026-01-13T14:00:00.000Z,0.53554,0.53581,0.53411,0.53498,18696
2026-01-13T18:00:00.000Z,0.53497,0.53519,0.53471,0.53504,6319
2026-01-13T22:00:00.000Z,0.53481,0.53572,0.53473,0.53563,6990
2026-01-14T02:00:00.000Z,0.53564,0.53678,0.5356,0.53647,8317
2026-01-14T06:00:00.000Z,0.53648,0.53747,0.5358,0.53698,11828
2026-01-14T10:00:00.000Z,0.53697,0.53723,0.53445,0.53509,12309
2026-01-14T14:00:00.000Z,0.5351,0.53526,0.53322,0.53362,17545
2026-01-14T18:00:00.000Z,0.53361,0.535,0.53361,0.53447,7257
2026-01-14T22:00:00.000Z,0.5339,0.53474,0.5333,0.53433,7949
2026-01-15T02:00:00.000Z,0.53434,0.53491,0.5335,0.53479,6625
2026-01-15T06:00:00.000Z,0.53478,0.53662,0.53467,0.53594,9240
2026-01-15T10:00:00.000Z,0.53594,0.53666,0.53555,0.53581,10519
2026-01-15T14:00:00.000Z,0.53581,0.53874,0.53564,0.53836,14794
2026-01-15T18:00:00.000Z,0.53835,0.53867,0.53792,0.53814,6011
2026-01-15T22:00:00.000Z,0.53768,0.53865,0.53728,0.53801,4985
2026-01-16T02:00:00.000Z,0.538,0.53824,0.53772,0.53782,6033
2026-01-16T06:00:00.000Z,0.53783,0.53801,0.53731,0.53763,7032
2026-01-16T10:00:00.000Z,0.53763,0.53785,0.53623,0.53656,8630
2026-01-16T14:00:00.000Z,0.53654,0.53667,0.53559,0.53648,15125
2026-01-16T18:00:00.000Z,0.53649,0.53699,0.53644,0.5366,4826
2026-01-18T22:00:00.000Z,0.53419,0.53496,0.53355,0.53411,13877
2026-01-19T02:00:00.000Z,0.5341,0.53503,0.53392,0.5349,8598
2026-01-19T06:00:00.000Z,0.53488,0.53543,0.5341,0.53489,11199
2026-01-19T10:00:00.000Z,0.53491,0.53553,0.53468,0.53497,8647
2026-01-19T14:00:00.000Z,0.53498,0.53563,0.53439,0.53551,9194
2026-01-19T18:00:00.000Z,0.53551,0.53556,0.5352,0.53534,1830
2026-01-19T22:00:00.000Z,0.53465,0.53581,0.53465,0.53518,5333
2026-01-20T02:00:00.000Z,0.53517,0.53679,0.535,0.53639,6927
2026-01-20T06:00:00.000Z,0.53639,0.53665,0.53108,0.53189,15327
2026-01-20T10:00:00.000Z,0.53189,0.53273,0.53078,0.53178,16087
2026-01-20T14:00:00.000Z,0.53179,0.53324,0.53173,0.53196,19353
2026-01-20T18:00:00.000Z,0.53195,0.53235,0.53133,0.53203,8961
2026-01-20T22:00:00.000Z,0.53075,0.5323,0.53062,0.53226,6113
2026-01-21T02:00:00.000Z,0.53228,0.53308,0.53165,0.53276,6546
2026-01-21T06:00:00.000Z,0.53277,0.53517,0.53267,0.53492,9618
2026-01-21T10:00:00.000Z,0.53493,0.53518,0.53366,0.53501,11713
2026-01-21T14:00:00.000Z,0.535,0.5379,0.53473,0.53622,20371
2026-01-21T18:00:00.000Z,0.53623,0.53857,0.53583,0.53795,12361
2026-01-21T22:00:00.000Z,0.53755,0.54069,0.53711,0.54065,7758
2026-01-22T02:00:00.000Z,0.54065,0.54107,0.54019,0.54069,6049
2026-01-22T06:00:00.000Z,0.54068,0.54153,0.53917,0.5395,9458
2026-01-22T10:00:00.000Z,0.53951,0.54006,0.539,0.53998,11254
2026-01-22T14:00:00.000Z,0.53999,0.54036,0.53913,0.54029,14547
2026-01-22T18:00:00.000Z,0.5403,0.5407,0.53966,0.53976,5778
2026-01-22T22:00:00.000Z,0.54019,0.54085,0.53931,0.54048,5880
2026-01-23T02:00:00.000Z,0.54048,0.54124,0.54019,0.54102,6107
2026-01-23T06:00:00.000Z,0.54103,0.54169,0.54027,0.54097,12203
2026-01-23T10:00:00.000Z,0.54098,0.54252,0.54061,0.54164,10222
2026-01-23T14:00:00.000Z,0.54163,0.54294,0.54067,0.54074,16038
2026-01-23T18:00:00.000Z,0.54074,0.54124,0.53719,0.53798,12341
2026-01-25T22:00:00.000Z,0.53667,0.53864,0.53539,0.53801,15193
2026-01-26T02:00:00.000Z,0.53802,0.53806,0.53692,0.53722,10858
2026-01-26T06:00:00.000Z,0.53722,0.53872,0.53659,0.53702,14130
2026-01-26T10:00:00.000Z,0.53701,0.53867,0.53699,0.53796,12303
2026-01-26T14:00:00.000Z,0.53795,0.53877,0.53638,0.53824,15727
2026-01-26T18:00:00.000Z,0.53824,0.53846,0.5369,0.53748,9363
2026-01-26T22:00:00.000Z,0.53671,0.53759,0.53571,0.53749,6353
2026-01-27T02:00:00.000Z,0.53748,0.53775,0.53673,0.5374,7796
2026-01-27T06:00:00.000Z,0.53739,0.53809,0.53701,0.53734,10450
2026-01-27T10:00:00.000Z,0.53735,0.53801,0.5348,0.5353,15100
2026-01-27T14:00:00.000Z,0.53529,0.53576,0.53374,0.53481,20199
2026-01-27T18:00:00.000Z,0.53481,0.53515,0.53308,0.53377,13073
2026-01-27T22:00:00.000Z,0.53342,0.53613,0.53296,0.53497,13944
2026-01-28T02:00:00.000Z,0.53498,0.53593,0.53472,0.53589,9850
2026-01-28T06:00:00.000Z,0.5359,0.53793,0.53502,0.53711,15989
2026-01-28T10:00:00.000Z,0.5371,0.53802,0.53679,0.53758,14210
2026-01-28T14:00:00.000Z,0.53758,0.53913,0.53693,0.53866,20934
2026-01-28T18:00:00.000Z,0.53865,0.54136,0.53816,0.54108,14950
2026-01-28T22:00:00.000Z,0.53981,0.54088,0.5383,0.53923,13101
2026-01-29T02:00:00.000Z,0.53925,0.54302,0.53915,0.54273,12839
2026-01-29T06:00:00.000Z,0.54274,0.54276,0.54108,0.54177,14080
2026-01-29T10:00:00.000Z,0.54178,0.54259,0.53997,0.54224,15121
2026-01-29T14:00:00.000Z,0.54227,0.54297,0.53556,0.53798,32065
2026-01-29T18:00:00.000Z,0.53799,0.53957,0.53773,0.53888,13660
2026-01-29T22:00:00.000Z,0.53928,0.53986,0.53794,0.53827,17207
2026-01-30T02:00:00.000Z,0.53827,0.53857,0.53659,0.53796,17176
2026-01-30T06:00:00.000Z,0.53795,0.53849,0.53649,0.53692,19677
2026-01-30T10:00:00.000Z,0.53688,0.5391,0.53688,0.53753,19279
2026-01-30T14:00:00.000Z,0.53755,0.54051,0.53746,0.53812,27948
2026-01-30T18:00:00.000Z,0.5381,0.53858,0.53604,0.53814,20915
2026-02-01T22:00:00.000Z,0.53641,0.53847,0.53585,0.53771,20658
2026-02-02T02:00:00.000Z,0.53772,0.53816,0.53478,0.53531,19248
2026-02-02T06:00:00.000Z,0.53531,0.53965,0.53409,0.5396,20399
2026-02-02T10:00:00.000Z,0.5396,0.5412,0.53907,0.54101,18081
2026-02-02T14:00:00.000Z,0.54101,0.54356,0.54088,0.54206,23666
2026-02-02T18:00:00.000Z,0.54205,0.5423,0.54135,0.54182,9577
2026-02-02T22:00:00.000Z,0.54159,0.54306,0.54084,0.54299,8749
2026-02-03T02:00:00.000Z,0.543,0.54739,0.54178,0.54525,13809
2026-02-03T06:00:00.000Z,0.54525,0.54787,0.54483,0.54564,16347
2026-02-03T10:00:00.000Z,0.54564,0.54607,0.54439,0.54476,13188
2026-02-03T14:00:00.000Z,0.54474,0.54502,0.54269,0.54337,21112
2026-02-03T18:00:00.000Z,0.54337,0.5447,0.54242,0.54424,13790
2026-02-03T22:00:00.000Z,0.54434,0.54586,0.5434,0.5452,8742
2026-02-04T02:00:00.000Z,0.54521,0.54549,0.54407,0.54473,8526
2026-02-04T06:00:00.000Z,0.54474,0.54659,0.54456,0.54495,11585
2026-02-04T10:00:00.000Z,0.54493,0.54555,0.54456,0.54539,12506
2026-02-04T14:00:00.000Z,0.5454,0.54554,0.54142,0.5421,27081
2026-02-04T18:00:00.000Z,0.54209,0.54402,0.54153,0.544,13404
2026-02-04T22:00:00.000Z,0.54294,0.54457,0.54277,0.5436,8360
2026-02-05T02:00:00.000Z,0.54361,0.54369,0.54098,0.5425,14745
2026-02-05T06:00:00.000Z,0.54249,0.54329,0.54131,0.54234,13879
2026-02-05T10:00:00.000Z,0.54235,0.54307,0.53981,0.53992,17766
2026-02-05T14:00:00.000Z,0.53991,0.54238,0.53864,0.54152,28050
2026-02-05T18:00:00.000Z,0.54152,0.54181,0.53909,0.53918,12305
2026-02-05T22:00:00.000Z,0.5388,0.53921,0.53649,0.53901,13188
2026-02-06T02:00:00.000Z,0.53899,0.54009,0.53881,0.54007,11782
2026-02-06T06:00:00.000Z,0.54008,0.54299,0.53988,0.54298,12430
2026-02-06T10:00:00.000Z,0.54298,0.54377,0.54215,0.54342,11743
2026-02-06T14:00:00.000Z,0.54341,0.54484,0.54299,0.54437,18426
2026-02-06T18:00:00.000Z,0.54438,0.54462,0.54391,0.5443,5658
2026-02-08T22:00:00.000Z,0.54263,0.54605,0.54259,0.5443,11299
2026-02-09T02:00:00.000Z,0.54429,0.54581,0.54428,0.54466,7175
2026-02-09T06:00:00.000Z,0.54468,0.5447,0.54312,0.54328,12997
2026-02-09T10:00:00.000Z,0.5433,0.54337,0.54181,0.54251,14230
2026-02-09T14:00:00.000Z,0.54252,0.54432,0.54194,0.54393,16076
2026-02-09T18:00:00.000Z,0.54394,0.54407,0.54332,0.54343,6591
2026-02-09T22:00:00.000Z,0.5433,0.54381,0.54286,0.54356,7277
2026-02-10T02:00:00.000Z,0.54357,0.54359,0.54197,0.54258,7095
2026-02-10T06:00:00.000Z,0.54256,0.54276,0.5414,0.54158,9221
2026-02-10T10:00:00.000Z,0.54159,0.54234,0.54123,0.54135,11082
2026-02-10T14:00:00.000Z,0.54135,0.54325,0.53977,0.54299,17846
2026-02-10T18:00:00.000Z,0.543,0.54373,0.54261,0.5432,6891
2026-02-10T22:00:00.000Z,0.54031,0.54515,0.54019,0.54487,6685
2026-02-11T02:00:00.000Z,0.54486,0.54643,0.5444,0.54466,7927
2026-02-11T06:00:00.000Z,0.54465,0.5454,0.54344,0.5447,10490
2026-02-11T10:00:00.000Z,0.54472,0.54836,0.54423,0.54836,15059
2026-02-11T14:00:00.000Z,0.54838,0.55038,0.5478,0.54977,25647
2026-02-11T18:00:00.000Z,0.54978,0.54999,0.54887,0.54992,9114
2026-02-11T22:00:00.000Z,0.54851,0.55063,0.54707,0.55028,7254
2026-02-12T02:00:00.000Z,0.55027,0.55043,0.54868,0.54957,8659
2026-02-12T06:00:00.000Z,0.54958,0.54959,0.54688,0.54707,11652
2026-02-12T10:00:00.000Z,0.5471,0.54915,0.54664,0.54893,11187
2026-02-12T14:00:00.000Z,0.54893,0.54934,0.54482,0.54546,26275
2026-02-12T18:00:00.000Z,0.54544,0.54644,0.54478,0.54548,12480
2026-02-12T22:00:00.000Z,0.54383,0.54622,0.54371,0.54528,8382
2026-02-13T02:00:00.000Z,0.54528,0.54583,0.54415,0.54443,7458
2026-02-13T06:00:00.000Z,0.54443,0.54482,0.5429,0.54428,12528
2026-02-13T10:00:00.000Z,0.54429,0.54445,0.54139,0.54321,15342
2026-02-13T14:00:00.000Z,0.54312,0.54434,0.54166,0.54333,24621
2026-02-13T18:00:00.000Z,0.54334,0.54397,0.54263,0.54267,9685
2026-02-15T22:00:00.000Z,0.54187,0.54462,0.54118,0.5443,7691
2026-02-16T02:00:00.000Z,0.54436,0.5448,0.54393,0.54469,5991
2026-02-16T06:00:00.000Z,0.5447,0.54568,0.54445,0.5451,7622
2026-02-16T10:00:00.000Z,0.54509,0.54574,0.54485,0.54523,7194
2026-02-16T14:00:00.000Z,0.54521,0.54531,0.54368,0.54432,7378
2026-02-16T18:00:00.000Z,0.54432,0.54446,0.544,0.54416,1129
2026-02-16T22:00:00.000Z,0.54351,0.54456,0.5431,0.54328,7116
2026-02-17T02:00:00.000Z,0.54326,0.54385,0.54232,0.54312,8650
2026-02-17T06:00:00.000Z,0.54311,0.54457,0.54296,0.544,10376
2026-02-17T10:00:00.000Z,0.544,0.54452,0.5428,0.54329,12845
2026-02-17T14:00:00.000Z,0.5433,0.54563,0.54301,0.54484,24572
2026-02-17T18:00:00.000Z,0.54483,0.54619,0.54466,0.54548,9302
2026-02-17T22:00:00.000Z,0.54621,0.54621,0.54472,0.54506,7204
2026-02-18T02:00:00.000Z,0.54507,0.5453,0.54454,0.54483,5458
2026-02-18T06:00:00.000Z,0.54484,0.54613,0.5447,0.54601,8675
2026-02-18T10:00:00.000Z,0.54601,0.54626,0.54445,0.54446,9579
2026-02-18T14:00:00.000Z,0.54448,0.54598,0.54407,0.54581,14744
2026-02-18T18:00:00.000Z,0.5458,0.54588,0.54355,0.54426,8855
2026-02-18T22:00:00.000Z,0.54089,0.5457,0.54089,0.54565,6805
2026-02-19T02:00:00.000Z,0.54564,0.54625,0.54466,0.54518,6337
2026-02-19T06:00:00.000Z,0.54518,0.54678,0.54505,0.54584,9198
2026-02-19T10:00:00.000Z,0.54583,0.54659,0.54515,0.54631,11546
2026-02-19T14:00:00.000Z,0.54631,0.54745,0.54491,0.54669,20582
2026-02-19T18:00:00.000Z,0.54667,0.54727,0.54634,0.54687,8147
2026-02-19T22:00:00.000Z,0.54653,0.54728,0.54489,0.54546,7346
2026-02-20T02:00:00.000Z,0.54546,0.5464,0.54448,0.5464,8453
2026-02-20T06:00:00.000Z,0.54639,0.54783,0.54627,0.54728,10767
2026-02-20T10:00:00.000Z,0.54729,0.54811,0.5464,0.54736,12123
2026-02-20T14:00:00.000Z,0.54735,0.5497,0.54665,0.54859,27400
2026-02-20T18:00:00.000Z,0.54859,0.54941,0.5478,0.54909,13385
2026-02-22T22:00:00.000Z,0.54695,0.5489,0.54627,0.54638,12926
2026-02-23T02:00:00.000Z,0.54635,0.54659,0.54543,0.54646,8763
2026-02-23T06:00:00.000Z,0.54645,0.54863,0.54623,0.5485,10284
2026-02-23T10:00:00.000Z,0.54849,0.549,0.54767,0.54779,10766
2026-02-23T14:00:00.000Z,0.5478,0.54874,0.54563,0.54622,18959
2026-02-23T18:00:00.000Z,0.54621,0.54691,0.54611,0.54646,7229
2026-02-23T22:00:00.000Z,0.54588,0.54735,0.54576,0.54733,8601
2026-02-24T02:00:00.000Z,0.54732,0.54834,0.54714,0.54787,7773
2026-02-24T06:00:00.000Z,0.54787,0.5485,0.54642,0.5466,11887
2026-02-24T10:00:00.000Z,0.54661,0.5468,0.54483,0.54502,10774
2026-02-24T14:00:00.000Z,0.54503,0.54692,0.54418,0.54638,15864
2026-02-24T18:00:00.000Z,0.54637,0.5464,0.54592,0.54632,5592
2026-02-24T22:00:00.000Z,0.54672,0.54788,0.54552,0.54749,7733
2026-02-25T02:00:00.000Z,0.5475,0.54948,0.5474,0.54905,10402
2026-02-25T06:00:00.000Z,0.54904,0.54978,0.54835,0.54852,10554
2026-02-25T10:00:00.000Z,0.54851,0.54959,0.54831,0.54941,10038
2026-02-25T14:00:00.000Z,0.5494,0.54995,0.54831,0.54991,13926
2026-02-25T18:00:00.000Z,0.54992,0.55075,0.5497,0.55054,4838
2026-02-25T22:00:00.000Z,0.54835,0.55042,0.54835,0.54991,9418
2026-02-26T02:00:00.000Z,0.5499,0.55073,0.54916,0.5507,8271
2026-02-26T06:00:00.000Z,0.5507,0.55125,0.54943,0.55091,10554
2026-02-26T10:00:00.000Z,0.5509,0.55174,0.55043,0.55044,9000
2026-02-26T14:00:00.000Z,0.55041,0.55044,0.54744,0.5485,20931
2026-02-26T18:00:00.000Z,0.54849,0.5504,0.5483,0.55,7882
2026-02-26T22:00:00.000Z,0.54974,0.55016,0.54873,0.54975,9286
2026-02-27T02:00:00.000Z,0.54977,0.55114,0.54961,0.55077,7921
2026-02-27T06:00:00.000Z,0.55076,0.55112,0.54966,0.54984,11923
2026-02-27T10:00:00.000Z,0.54983,0.54985,0.54619,0.54689,13691
2026-02-27T14:00:00.000Z,0.5469,0.54814,0.54608,0.54704,21501
2026-02-27T18:00:00.000Z,0.54703,0.54745,0.5461,0.54742,8304
2026-03-01T22:00:00.000Z,0.54007,0.54665,0.53984,0.54607,19742
2026-03-02T02:00:00.000Z,0.54607,0.54654,0.54401,0.54412,13961
2026-03-02T06:00:00.000Z,0.54411,0.5471,0.54384,0.54653,21312
2026-03-02T10:00:00.000Z,0.54656,0.55061,0.5465,0.54925,19652
2026-03-02T14:00:00.000Z,0.54922,0.55208,0.54891,0.55129,25690
2026-03-02T18:00:00.000Z,0.55128,0.55292,0.55116,0.55282,13188
2026-03-02T22:00:00.000Z,0.5519,0.5547,0.55169,0.5532,11843
2026-03-03T02:00:00.000Z,0.55321,0.5553,0.55256,0.55383,16570
2026-03-03T06:00:00.000Z,0.55381,0.55499,0.55289,0.55323,23652
2026-03-03T10:00:00.000Z,0.55324,0.55373,0.54957,0.55062,27620
2026-03-03T14:00:00.000Z,0.55063,0.55074,0.5456,0.54965,36198
2026-03-03T18:00:00.000Z,0.54966,0.55126,0.54961,0.55014,19466
2026-03-03T22:00:00.000Z,0.55063,0.5513,0.54708,0.54794,17247
2026-03-04T02:00:00.000Z,0.54797,0.54866,0.54591,0.5473,22143
2026-03-04T06:00:00.000Z,0.5473,0.55157,0.54699,0.55141,22792
2026-03-04T10:00:00.000Z,0.5514,0.55271,0.54917,0.5507,25071
2026-03-04T14:00:00.000Z,0.55071,0.55185,0.5493,0.55138,26123
2026-03-04T18:00:00.000Z,0.5514,0.55195,0.55098,0.55143,10334
2026-03-04T22:00:00.000Z,0.55166,0.552,0.55037,0.55056,10958
2026-03-05T02:00:00.000Z,0.55057,0.5514,0.54985,0.55011,16482
2026-03-05T06:00:00.000Z,0.55008,0.55112,0.54792,0.54875,24000
2026-03-05T10:00:00.000Z,0.54873,0.5504,0.54831,0.54928,19846
2026-03-05T14:00:00.000Z,0.54926,0.54965,0.54616,0.54643,30994
2026-03-05T18:00:00.000Z,0.54642,0.54779,0.54618,0.54721,20263
2026-03-05T22:00:00.000Z,0.54708,0.54895,0.54666,0.54883,10343
2026-03-06T02:00:00.000Z,0.54882,0.54938,0.54853,0.54896,10975
2026-03-06T06:00:00.000Z,0.54897,0.54982,0.54723,0.54736,17086
2026-03-06T10:00:00.000Z,0.54737,0.54833,0.54576,0.54595,23629
2026-03-06T14:00:00.000Z,0.54592,0.54707,0.54448,0.54503,34523
2026-03-06T18:00:00.000Z,0.54502,0.54607,0.54496,0.54526,19624
2026-03-08T21:00:00.000Z,0.5442,0.54504,0.54281,0.54435,18810
2026-03-09T01:00:00.000Z,0.54435,0.5468,0.54422,0.54586,23276
2026-03-09T05:00:00.000Z,0.54585,0.54702,0.5441,0.54567,26936
2026-03-09T09:00:00.000Z,0.54566,0.54741,0.54516,0.54655,25573
2026-03-09T13:00:00.000Z,0.54656,0.54938,0.54656,0.5492,29707
2026-03-09T17:00:00.000Z,0.54921,0.55067,0.54845,0.5501,19262
2026-03-09T21:00:00.000Z,0.5496,0.55027,0.54924,0.5494,11074
2026-03-10T01:00:00.000Z,0.54938,0.54995,0.54866,0.54934,17057
2026-03-10T05:00:00.000Z,0.54934,0.55245,0.54894,0.55075,17810
2026-03-10T09:00:00.000Z,0.55073,0.55272,0.5507,0.55201,21322
2026-03-10T13:00:00.000Z,0.55202,0.55491,0.55157,0.55456,24644
2026-03-10T17:00:00.000Z,0.55457,0.55601,0.55413,0.55419,21420
2026-03-10T21:00:00.000Z,0.55301,0.55531,0.55273,0.55505,7958
2026-03-11T01:00:00.000Z,0.55506,0.55823,0.55501,0.55802,12313
2026-03-11T05:00:00.000Z,0.55801,0.55818,0.55634,0.55692,16802
2026-03-11T09:00:00.000Z,0.55692,0.55829,0.5558,0.55695,20589
2026-03-11T13:00:00.000Z,0.55694,0.55955,0.55689,0.55769,27273
2026-03-11T17:00:00.000Z,0.55769,0.55823,0.55669,0.55823,14275
2026-03-11T21:00:00.000Z,0.55687,0.55823,0.55657,0.55821,11296
2026-03-12T01:00:00.000Z,0.55816,0.55913,0.5571,0.55718,13620
2026-03-12T05:00:00.000Z,0.55719,0.55862,0.55584,0.55791,16517
2026-03-12T09:00:00.000Z,0.55792,0.55794,0.55648,0.55766,16501
2026-03-12T13:00:00.000Z,0.55767,0.55785,0.55476,0.55596,29587
2026-03-12T17:00:00.000Z,0.55597,0.55656,0.55553,0.55614,14351
2026-03-12T21:00:00.000Z,0.55549,0.55642,0.55512,0.55613,7806
2026-03-13T01:00:00.000Z,0.55615,0.55697,0.55543,0.55565,11835
2026-03-13T05:00:00.000Z,0.55566,0.55594,0.55352,0.55492,17237
2026-03-13T09:00:00.000Z,0.55489,0.5554,0.55408,0.55533,20164
2026-03-13T13:00:00.000Z,0.55533,0.55539,0.55269,0.55326,27429
2026-03-13T17:00:00.000Z,0.55326,0.55373,0.55233,0.55241,14892
2026-03-15T21:00:00.000Z,0.55139,0.55403,0.54948,0.55354,11531
2026-03-16T01:00:00.000Z,0.55355,0.55381,0.55273,0.55356,12653
2026-03-16T05:00:00.000Z,0.55355,0.55555,0.55338,0.55439,14284
2026-03-16T09:00:00.000Z,0.55436,0.55582,0.55399,0.55541,15304
2026-03-16T13:00:00.000Z,0.55541,0.5571,0.55536,0.55574,19588
2026-03-16T17:00:00.000Z,0.55577,0.55712,0.55571,0.55693,12266
2026-03-16T21:00:00.000Z,0.55631,0.55715,0.55586,0.55675,5684
2026-03-17T01:00:00.000Z,0.55674,0.55896,0.55557,0.55745,11601
2026-03-17T05:00:00.000Z,0.55745,0.55888,0.55627,0.5574,15277
2026-03-17T09:00:00.000Z,0.55736,0.55855,0.55697,0.55826,13926
2026-03-17T13:00:00.000Z,0.55826,0.55952,0.55686,0.55751,21068
2026-03-17T17:00:00.000Z,0.55752,0.55821,0.55734,0.5575,8331
2026-03-17T21:00:00.000Z,0.55717,0.55824,0.55643,0.55803,6961
2026-03-18T01:00:00.000Z,0.55805,0.55895,0.55766,0.55866,7582
2026-03-18T05:00:00.000Z,0.55867,0.55951,0.55843,0.55881,10242
2026-03-18T09:00:00.000Z,0.55882,0.55935,0.55588,0.55624,15996
2026-03-18T13:00:00.000Z,0.55627,0.55899,0.55605,0.55895,22708
2026-03-18T17:00:00.000Z,0.55896,0.55998,0.55684,0.55703,17074
2026-03-18T21:00:00.000Z,0.55679,0.55797,0.55645,0.5579,8925
2026-03-19T01:00:00.000Z,0.55791,0.5584,0.5571,0.5578,12413
2026-03-19T05:00:00.000Z,0.5578,0.5584,0.55625,0.55767,18039
2026-03-19T09:00:00.000Z,0.55766,0.56133,0.55681,0.55718,24973
2026-03-19T13:00:00.000Z,0.55718,0.55883,0.55563,0.55801,34757
2026-03-19T17:00:00.000Z,0.55801,0.55928,0.55696,0.55851,19632
2026-03-19T21:00:00.000Z,0.55826,0.55916,0.55789,0.55854,7427
2026-03-20T01:00:00.000Z,0.55853,0.55948,0.55841,0.55944,10962
2026-03-20T05:00:00.000Z,0.55944,0.56006,0.55848,0.55892,13418
2026-03-20T09:00:00.000Z,0.55894,0.55894,0.55609,0.5563,20431
2026-03-20T13:00:00.000Z,0.55629,0.55662,0.55431,0.55467,27545
2026-03-20T17:00:00.000Z,0.55468,0.55495,0.55258,0.55314,17714
2026-03-22T21:00:00.000Z,0.55068,0.55253,0.55043,0.55182,13086
2026-03-23T01:00:00.000Z,0.55181,0.55243,0.55056,0.55064,19004
2026-03-23T05:00:00.000Z,0.55063,0.55114,0.5487,0.55113,21709
2026-03-23T09:00:00.000Z,0.55111,0.55561,0.54829,0.55217,36270
2026-03-23T13:00:00.000Z,0.55219,0.55389,0.55017,0.5515,38196
2026-03-23T17:00:00.000Z,0.5515,0.5525,0.55096,0.55137,17991
2026-03-23T21:00:00.000Z,0.55093,0.55238,0.54934,0.55072,10550
2026-03-24T01:00:00.000Z,0.55076,0.55103,0.54895,0.54939,19147
2026-03-24T05:00:00.000Z,0.5494,0.55186,0.54787,0.54806,23267
2026-03-24T09:00:00.000Z,0.54807,0.54961,0.54743,0.54899,21961
2026-03-24T13:00:00.000Z,0.54898,0.55177,0.54878,0.55103,30107
2026-03-24T17:00:00.000Z,0.55101,0.55204,0.54941,0.55116,21001
2026-03-24T21:00:00.000Z,0.55064,0.5516,0.54998,0.55083,9646
2026-03-25T01:00:00.000Z,0.55079,0.55109,0.54985,0.55055,13315
2026-03-25T05:00:00.000Z,0.55055,0.55131,0.5502,0.55091,16111
2026-03-25T09:00:00.000Z,0.5509,0.55141,0.54893,0.54951,18327
2026-03-25T13:00:00.000Z,0.54953,0.55121,0.54945,0.55098,25056
2026-03-25T17:00:00.000Z,0.55097,0.55116,0.54986,0.54997,11861
2026-03-25T21:00:00.000Z,0.55024,0.55034,0.54929,0.54939,6101
2026-03-26T01:00:00.000Z,0.54941,0.55068,0.54918,0.55046,9956
2026-03-26T05:00:00.000Z,0.55048,0.55077,0.54919,0.54952,13967
2026-03-26T09:00:00.000Z,0.54953,0.54974,0.54744,0.54755,14961
2026-03-26T13:00:00.000Z,0.54754,0.54944,0.54753,0.54804,23324
2026-03-26T17:00:00.000Z,0.54803,0.54885,0.54711,0.54748,13405
2026-03-26T21:00:00.000Z,0.54782,0.54829,0.54631,0.54658,8450
2026-03-27T01:00:00.000Z,0.54659,0.54966,0.54633,0.54954,10494
2026-03-27T05:00:00.000Z,0.54954,0.54962,0.54832,0.5493,13717
2026-03-27T09:00:00.000Z,0.54929,0.55006,0.54878,0.54886,15287
2026-03-27T13:00:00.000Z,0.54885,0.54974,0.54758,0.54851,23139
2026-03-27T17:00:00.000Z,0.5485,0.54967,0.54764,0.54945,12544
2026-03-29T21:00:00.000Z,0.54601,0.54845,0.54482,0.54728,12918
2026-03-30T01:00:00.000Z,0.54729,0.54871,0.54709,0.54838,12576
2026-03-30T05:00:00.000Z,0.54839,0.54882,0.54765,0.54835,12522
2026-03-30T09:00:00.000Z,0.54838,0.54928,0.54781,0.54884,13668
2026-03-30T13:00:00.000Z,0.54884,0.54897,0.54704,0.54852,21870
2026-03-30T17:00:00.000Z,0.54854,0.5489,0.54731,0.5477,10759
2026-03-30T21:00:00.000Z,0.54577,0.54851,0.54577,0.54773,9053
2026-03-31T01:00:00.000Z,0.54772,0.54857,0.54657,0.5466,15262
2026-03-31T05:00:00.000Z,0.54659,0.54941,0.54626,0.5488,14675
2026-03-31T09:00:00.000Z,0.54881,0.55079,0.54848,0.5502,17704
2026-03-31T13:00:00.000Z,0.55023,0.55242,0.54905,0.55155,27187
2026-03-31T17:00:00.000Z,0.55156,0.55217,0.55109,0.5515,17595
2026-03-31T21:00:00.000Z,0.55167,0.55245,0.55079,0.55196,7299
2026-04-01T01:00:00.000Z,0.55198,0.55251,0.55054,0.55055,11133
2026-04-01T05:00:00.000Z,0.55056,0.55187,0.55002,0.55083,18712
2026-04-01T09:00:00.000Z,0.55087,0.55132,0.54949,0.54968,16690
2026-04-01T13:00:00.000Z,0.54967,0.55126,0.54944,0.55028,23239
2026-04-01T17:00:00.000Z,0.55028,0.55061,0.5492,0.55026,10840
2026-04-01T21:00:00.000Z,0.55011,0.55066,0.54897,0.54967,6982
2026-04-02T01:00:00.000Z,0.54967,0.55028,0.5479,0.54926,21094
2026-04-02T05:00:00.000Z,0.54924,0.55032,0.54868,0.54966,14976
2026-04-02T09:00:00.000Z,0.54966,0.55039,0.54894,0.54987,14263
2026-04-02T13:00:00.000Z,0.54988,0.55232,0.54962,0.5518,25401
2026-04-02T17:00:00.000Z,0.55179,0.552,0.55148,0.55183,9733
2026-04-02T21:00:00.000Z,0.55074,0.55224,0.55013,0.55216,3822
2026-04-03T01:00:00.000Z,0.55215,0.5522,0.55147,0.55165,3120
2026-04-03T05:00:00.000Z,0.55164,0.55176,0.55103,0.55131,3489
2026-04-03T09:00:00.000Z,0.5513,0.55255,0.55097,0.55147,6039
2026-04-03T13:00:00.000Z,0.55148,0.55186,0.55028,0.55182,11641
2026-04-03T17:00:00.000Z,0.55186,0.55212,0.55023,0.55045,8303
2026-04-05T21:00:00.000Z,0.55031,0.55245,0.54952,0.55243,8765
2026-04-06T01:00:00.000Z,0.55243,0.55373,0.55228,0.55306,9849
2026-04-06T05:00:00.000Z,0.55306,0.55318,0.5521,0.5526,13189
2026-04-06T09:00:00.000Z,0.55261,0.55307,0.55222,0.55224,12042
2026-04-06T13:00:00.000Z,0.55223,0.55262,0.55138,0.55187,21421
2026-04-06T17:00:00.000Z,0.55187,0.55232,0.55149,0.55211,12383
2026-04-06T21:00:00.000Z,0.55151,0.55278,0.55121,0.55213,5370
2026-04-07T01:00:00.000Z,0.55214,0.55277,0.55164,0.55242,11010
2026-04-07T05:00:00.000Z,0.55242,0.55442,0.55204,0.55425,16470
2026-04-07T09:00:00.000Z,0.55426,0.55505,0.55371,0.55474,20581
2026-04-07T13:00:00.000Z,0.55476,0.55569,0.55425,0.55518,26031
2026-04-07T17:00:00.000Z,0.55517,0.55643,0.55507,0.55633,18124
2026-04-07T21:00:00.000Z,0.55607,0.56043,0.55519,0.55807,27864
2026-04-08T01:00:00.000Z,0.55808,0.55876,0.55663,0.55796,19172
2026-04-08T05:00:00.000Z,0.55796,0.5583,0.55479,0.55564,23347
2026-04-08T09:00:00.000Z,0.55565,0.55691,0.55478,0.55677,20545
2026-04-08T13:00:00.000Z,0.55677,0.55786,0.5557,0.55775,29206
2026-04-08T17:00:00.000Z,0.55776,0.55804,0.557,0.55745,16566
2026-04-08T21:00:00.000Z,0.55695,0.55751,0.55647,0.55703,6292
2026-04-09T01:00:00.000Z,0.55702,0.55711,0.55641,0.55693,9179
2026-04-09T05:00:00.000Z,0.55694,0.55734,0.55562,0.55581,11503
2026-04-09T09:00:00.000Z,0.55581,0.55692,0.55566,0.55658,10827
2026-04-09T13:00:00.000Z,0.55655,0.55917,0.55627,0.55865,23354
2026-04-09T17:00:00.000Z,0.55866,0.56011,0.55855,0.55993,13148
2026-04-09T21:00:00.000Z,0.55856,0.5599,0.55825,0.55979,5706
2026-04-10T01:00:00.000Z,0.55979,0.55986,0.55832,0.55852,6649
2026-04-10T05:00:00.000Z,0.55852,0.55883,0.55746,0.55768,8686
2026-04-10T09:00:00.000Z,0.55768,0.55835,0.55714,0.55775,13039
2026-04-10T13:00:00.000Z,0.55776,0.55942,0.55647,0.55819,21425
2026-04-10T17:00:00.000Z,0.55818,0.55858,0.55794,0.55803,8059
2026-04-12T21:00:00.000Z,0.55189,0.55741,0.55164,0.55736,10915
2026-04-13T01:00:00.000Z,0.55736,0.55778,0.55688,0.55731,8570
2026-04-13T05:00:00.000Z,0.55731,0.55782,0.55705,0.55737,10615
2026-04-13T09:00:00.000Z,0.55737,0.55744,0.55559,0.55615,10805
2026-04-13T13:00:00.000Z,0.55614,0.557,0.55572,0.55645,21994
2026-04-13T17:00:00.000Z,0.55644,0.55671,0.55589,0.55627,9452
2026-04-13T21:00:00.000Z,0.55541,0.55641,0.55499,0.55515,5048
2026-04-14T01:00:00.000Z,0.55515,0.55534,0.55457,0.55506,5871
2026-04-14T05:00:00.000Z,0.55509,0.55509,0.55371,0.55451,12382
2026-04-14T09:00:00.000Z,0.55452,0.55657,0.55435,0.55653,11528
2026-04-14T13:00:00.000Z,0.55654,0.5572,0.55648,0.55684,15660
2026-04-14T17:00:00.000Z,0.55684,0.55705,0.55647,0.5565,6053
2026-04-14T21:00:00.000Z,0.55572,0.55691,0.55525,0.55649,5183
2026-04-15T01:00:00.000Z,0.55648,0.55736,0.5563,0.55724,5385
2026-04-15T05:00:00.000Z,0.55724,0.55818,0.55724,0.55778,9305
2026-04-15T09:00:00.000Z,0.55779,0.55891,0.55773,0.55849,12560
2026-04-15T13:00:00.000Z,0.5585,0.56016,0.55826,0.56014,15172
2026-04-15T17:00:00.000Z,0.56014,0.56086,0.55996,0.56065,7538
2026-04-15T21:00:00.000Z,0.56024,0.56075,0.56,0.56045,5083
2026-04-16T01:00:00.000Z,0.56045,0.56154,0.55983,0.56127,8331
2026-04-16T05:00:00.000Z,0.56126,0.56198,0.56087,0.56126,11455
2026-04-16T09:00:00.000Z,0.56128,0.56208,0.56124,0.56189,9545
2026-04-16T13:00:00.000Z,0.56191,0.56211,0.56095,0.56123,18563
2026-04-16T17:00:00.000Z,0.56123,0.56144,0.56057,0.56101,9605
2026-04-16T21:00:00.000Z,0.56054,0.56127,0.55995,0.56083,4784
2026-04-17T01:00:00.000Z,0.56084,0.56155,0.56082,0.56147,5243
2026-04-17T05:00:00.000Z,0.56147,0.56186,0.56112,0.56156,8622
2026-04-17T09:00:00.000Z,0.56155,0.56215,0.56084,0.56187,12346
2026-04-17T13:00:00.000Z,0.56186,0.56227,0.55992,0.56022,29825
2026-04-17T17:00:00.000Z,0.56024,0.56039,0.55976,0.56023,12107
2026-04-19T21:00:00.000Z,0.5558,0.5596,0.5558,0.55952,9710
2026-04-20T01:00:00.000Z,0.55953,0.56,0.55919,0.5599,7820
2026-04-20T05:00:00.000Z,0.5599,0.55999,0.55891,0.55905,15124
2026-04-20T09:00:00.000Z,0.55904,0.55951,0.55861,0.55899,10512
2026-04-20T13:00:00.000Z,0.55899,0.55918,0.55746,0.55817,21124
2026-04-20T17:00:00.000Z,0.55816,0.55883,0.55808,0.5587,8198
2026-04-20T21:00:00.000Z,0.55811,0.55916,0.55794,0.55853,5885
2026-04-21T01:00:00.000Z,0.55854,0.55912,0.55836,0.55846,6165
2026-04-21T05:00:00.000Z,0.55846,0.55859,0.55739,0.55833,11588
2026-04-21T09:00:00.000Z,0.55834,0.55856,0.5576,0.55855,10355
2026-04-21T13:00:00.000Z,0.55856,0.55948,0.55831,0.55831,19672
2026-04-21T17:00:00.000Z,0.55831,0.55904,0.55774,0.55853,24029
2026-04-21T21:00:00.000Z,0.55786,0.55902,0.55717,0.55893,5531
2026-04-22T01:00:00.000Z,0.55894,0.55903,0.55852,0.55875,7282
2026-04-22T05:00:00.000Z,0.55874,0.55946,0.55848,0.55888,12361
2026-04-22T09:00:00.000Z,0.55887,0.5599,0.55872,0.55971,12214
2026-04-22T13:00:00.000Z,0.55972,0.56117,0.55944,0.5611,17434
2026-04-22T17:00:00.000Z,0.56109,0.56199,0.56103,0.56197,9205
2026-04-22T21:00:00.000Z,0.56087,0.56193,0.55997,0.56165,8176
2026-04-23T01:00:00.000Z,0.56163,0.56163,0.56072,0.56141,13809
2026-04-23T05:00:00.000Z,0.56142,0.56165,0.56076,0.56085,11778
2026-04-23T09:00:00.000Z,0.56086,0.56134,0.56016,0.56121,15161
2026-04-23T13:00:00.000Z,0.56121,0.5619,0.56086,0.56129,18330
2026-04-23T17:00:00.000Z,0.56132,0.56147,0.55977,0.56046,18827
2026-04-23T21:00:00.000Z,0.55926,0.5609,0.55898,0.56072,5809
2026-04-24T01:00:00.000Z,0.56073,0.56091,0.56001,0.56066,11246
2026-04-24T05:00:00.000Z,0.56065,0.5613,0.56035,0.5606,10959
2026-04-24T09:00:00.000Z,0.56059,0.56158,0.56047,0.56087,14099
2026-04-24T13:00:00.000Z,0.56088,0.56152,0.56066,0.56122,18958
2026-04-24T17:00:00.000Z,0.56121,0.56156,0.56101,0.5611,8268
2026-04-26T21:00:00.000Z,0.56048,0.56235,0.56008,0.56235,6581
2026-04-27T01:00:00.000Z,0.56237,0.56307,0.56231,0.56251,10591
2026-04-27T05:00:00.000Z,0.56251,0.56344,0.5622,0.5632,11085
2026-04-27T09:00:00.000Z,0.56319,0.56397,0.5631,0.56384,10609
2026-04-27T13:00:00.000Z,0.56386,0.56465,0.56347,0.56463,14691
2026-04-27T17:00:00.000Z,0.56462,0.56487,0.56439,0.56446,6947
2026-04-27T21:00:00.000Z,0.56358,0.56524,0.56291,0.5651,5736
2026-04-28T01:00:00.000Z,0.56507,0.56525,0.56435,0.56516,11227
2026-04-28T05:00:00.000Z,0.56514,0.5668,0.56482,0.56625,14768
2026-04-28T09:00:00.000Z,0.56626,0.56676,0.56519,0.56574,16798
2026-04-28T13:00:00.000Z,0.56574,0.56716,0.56564,0.56669,20037
2026-04-28T17:00:00.000Z,0.56669,0.56722,0.56663,0.56675,8049
2026-04-28T21:00:00.000Z,0.56683,0.56714,0.56586,0.56693,4978
2026-04-29T01:00:00.000Z,0.56691,0.56692,0.56473,0.56513,13387
2026-04-29T05:00:00.000Z,0.56514,0.56549,0.56467,0.56498,12674
2026-04-29T09:00:00.000Z,0.56498,0.56556,0.56463,0.5653,12397
2026-04-29T13:00:00.000Z,0.56531,0.56551,0.56282,0.56341,20643
2026-04-29T17:00:00.000Z,0.56341,0.56383,0.5626,0.56324,17047
2026-04-29T21:00:00.000Z,0.56165,0.56369,0.56139,0.56317,8717
2026-04-30T01:00:00.000Z,0.56315,0.56425,0.56287,0.56351,14772
2026-04-30T05:00:00.000Z,0.5635,0.56389,0.56281,0.5629,16271
2026-04-30T09:00:00.000Z,0.56295,0.56303,0.5599,0.56047,24674
2026-04-30T13:00:00.000Z,0.56047,0.56319,0.56031,0.562,24707
2026-04-30T17:00:00.000Z,0.56198,0.56271,0.56172,0.56264,12102
2026-04-30T21:00:00.000Z,0.56194,0.56311,0.56154,0.5628,6645
2026-05-01T01:00:00.000Z,0.56281,0.56297,0.56212,0.56243,9168
2026-05-01T05:00:00.000Z,0.56244,0.56297,0.56122,0.56183,13462
2026-05-01T09:00:00.000Z,0.56183,0.56215,0.56129,0.56189,13020
2026-05-01T13:00:00.000Z,0.5619,0.56293,0.56184,0.56287,19804
2026-05-01T17:00:00.000Z,0.56286,0.56334,0.56266,0.56268,9112
2026-05-03T21:00:00.000Z,0.56219,0.56373,0.56145,0.56297,6811
2026-05-04T01:00:00.000Z,0.56296,0.56326,0.56269,0.56285,11946
2026-05-04T05:00:00.000Z,0.56286,0.56357,0.56206,0.56295,12559
2026-05-04T09:00:00.000Z,0.56295,0.56362,0.56214,0.56291,17341
2026-05-04T13:00:00.000Z,0.5629,0.56292,0.56091,0.56162,22074
2026-05-04T17:00:00.000Z,0.56163,0.56212,0.56159,0.56173,11068
2026-05-04T21:00:00.000Z,0.56119,0.5622,0.56098,0.56159,4664
2026-05-05T01:00:00.000Z,0.56158,0.5623,0.56086,0.56115,8428
2026-05-05T05:00:00.000Z,0.56114,0.56129,0.55948,0.56074,13535
2026-05-05T09:00:00.000Z,0.56074,0.56262,0.56063,0.56228,12472
2026-05-05T13:00:00.000Z,0.56228,0.56288,0.56173,0.56265,15860
2026-05-05T17:00:00.000Z,0.56265,0.5628,0.5623,0.56239,6708
2026-05-05T21:00:00.000Z,0.56178,0.56439,0.56163,0.56436,9017
2026-05-06T01:00:00.000Z,0.56439,0.56586,0.56425,0.56473,14620
2026-05-06T05:00:00.000Z,0.56472,0.56606,0.56448,0.56546,15284
2026-05-06T09:00:00.000Z,0.56547,0.56605,0.56378,0.56402,21332
2026-05-06T13:00:00.000Z,0.56402,0.56443,0.56335,0.56348,19500
2026-05-06T17:00:00.000Z,0.56349,0.5637,0.5633,0.56349,8351
2026-05-06T21:00:00.000Z,0.56229,0.56386,0.56223,0.56365,6548
2026-05-07T01:00:00.000Z,0.56366,0.56462,0.56344,0.56455,10810
2026-05-07T05:00:00.000Z,0.56456,0.56494,0.56405,0.56438,13521
2026-05-07T09:00:00.000Z,0.56439,0.5648,0.5636,0.56372,13058
2026-05-07T13:00:00.000Z,0.56371,0.5639,0.56281,0.56335,18124
2026-05-07T17:00:00.000Z,0.56334,0.56367,0.56252,0.56256,15671
2026-05-07T21:00:00.000Z,0.56222,0.56268,0.56056,0.56254,8147
2026-05-08T01:00:00.000Z,0.56254,0.56349,0.56242,0.56307,11242
2026-05-08T05:00:00.000Z,0.56308,0.56342,0.56265,0.56295,12119
2026-05-08T09:00:00.000Z,0.56296,0.56364,0.56228,0.56283,13116
2026-05-08T13:00:00.000Z,0.56285,0.56351,0.56236,0.56271,17165
2026-05-08T17:00:00.000Z,0.56271,0.56302,0.56226,0.56257,7619
2026-05-10T21:00:00.000Z,0.56104,0.56308,0.56036,0.56297,6737
2026-05-11T01:00:00.000Z,0.56301,0.56333,0.5627,0.56327,9471
2026-05-11T05:00:00.000Z,0.56328,0.56383,0.56303,0.56344,10488
2026-05-11T09:00:00.000Z,0.56343,0.56404,0.56338,0.56365,11073
2026-05-11T13:00:00.000Z,0.56364,0.5642,0.56363,0.56395,14707
2026-05-11T17:00:00.000Z,0.56394,0.56424,0.56384,0.56389,7500
2026-05-11T21:00:00.000Z,0.5635,0.56406,0.56234,0.56353,5225
2026-05-12T01:00:00.000Z,0.56351,0.56417,0.56306,0.56386,11233
2026-05-12T05:00:00.000Z,0.56387,0.56394,0.5625,0.56339,15083
2026-05-12T09:00:00.000Z,0.56339,0.56458,0.56322,0.56424,14716
2026-05-12T13:00:00.000Z,0.56425,0.56511,0.56402,0.56422,19640
2026-05-12T17:00:00.000Z,0.56423,0.56514,0.5642,0.56501,9925
2026-05-12T21:00:00.000Z,0.56486,0.56517,0.5643,0.56451,5790
2026-05-13T01:00:00.000Z,0.5645,0.56529,0.56436,0.56464,8844
2026-05-13T05:00:00.000Z,0.56465,0.56636,0.5646,0.56634,10634
2026-05-13T09:00:00.000Z,0.56635,0.56696,0.56596,0.56674,12477
2026-05-13T13:00:00.000Z,0.56675,0.56866,0.56623,0.56804,16161
2026-05-13T17:00:00.000Z,0.56804,0.5681,0.56681,0.56732,7999
2026-05-13T21:00:00.000Z,0.56727,0.56742,0.56645,0.56663,5584
2026-05-14T01:00:00.000Z,0.56664,0.56737,0.56613,0.56727,9432
2026-05-14T05:00:00.000Z,0.56727,0.56773,0.56644,0.56708,13267
2026-05-14T09:00:00.000Z,0.56708,0.56709,0.56555,0.56577,12920
2026-05-14T13:00:00.000Z,0.56576,0.56605,0.56478,0.56555,17330
2026-05-14T17:00:00.000Z,0.56554,0.566,0.56549,0.56586,8965
2026-05-14T21:00:00.000Z,0.56548,0.56629,0.56507,0.56543,5797
2026-05-15T01:00:00.000Z,0.56543,0.56552,0.56416,0.56417,13675
2026-05-15T05:00:00.000Z,0.56417,0.56419,0.56218,0.56228,18819
2026-05-15T09:00:00.000Z,0.5623,0.56281,0.56139,0.5627,17313
2026-05-15T13:00:00.000Z,0.5627,0.56303,0.56197,0.56288,21297
2026-05-15T17:00:00.000Z,0.56287,0.56319,0.56198,0.56208,10694
2026-05-17T21:00:00.000Z,0.56165,0.56291,0.56049,0.56095,10411
2026-05-18T01:00:00.000Z,0.56094,0.56142,0.56062,0.56115,14760
2026-05-18T05:00:00.000Z,0.56115,0.56216,0.56088,0.56182,15792
2026-05-18T09:00:00.000Z,0.56181,0.56366,0.56168,0.56349,15625
2026-05-18T13:00:00.000Z,0.56348,0.56359,0.56179,0.56204,22026
2026-05-18T17:00:00.000Z,0.56202,0.56256,0.56165,0.56225,13610
2026-05-18T21:00:00.000Z,0.56158,0.56274,0.56131,0.5615,6321
2026-05-19T01:00:00.000Z,0.56148,0.56163,0.56017,0.56025,13617
2026-05-19T05:00:00.000Z,0.56025,0.56078,0.5591,0.56001,15465
2026-05-19T09:00:00.000Z,0.56,0.5608,0.55969,0.56051,14782
2026-05-19T13:00:00.000Z,0.5605,0.56113,0.55939,0.56101,21605
2026-05-19T17:00:00.000Z,0.561,0.56119,0.56055,0.56065,10528
2026-05-19T21:00:00.000Z,0.56044,0.56078,0.5598,0.55981,7101
2026-05-20T01:00:00.000Z,0.55981,0.56107,0.55973,0.5608,14876
2026-05-20T05:00:00.000Z,0.56081,0.56241,0.56066,0.56196,14362
2026-05-20T09:00:00.000Z,0.56195,0.56375,0.56191,0.56312,11643
2026-05-20T13:00:00.000Z,0.56313,0.564,0.56251,0.56319,23357
2026-05-20T17:00:00.000Z,0.5632,0.5634,0.56291,0.56307,11038
2026-05-20T21:00:00.000Z,0.5622,0.56289,0.56178,0.56255,7124
2026-05-21T01:00:00.000Z,0.56254,0.5628,0.55915,0.56081,13398
2026-05-21T05:00:00.000Z,0.5608,0.56158,0.55978,0.56126,16647
2026-05-21T09:00:00.000Z,0.56127,0.56223,0.56061,0.56199,18093
2026-05-21T13:00:00.000Z,0.56198,0.56336,0.56176,0.56297,20662
2026-05-21T17:00:00.000Z,0.56298,0.56344,0.56232,0.56247,16980
2026-05-21T21:00:00.000Z,0.56218,0.56261,0.56152,0.5619,5619
2026-05-22T01:00:00.000Z,0.56184,0.56201,0.56134,0.56142,8993
2026-05-22T05:00:00.000Z,0.56143,0.56195,0.5605,0.56079,12863
2026-05-22T09:00:00.000Z,0.56078,0.56078,0.55986,0.56034,14254
2026-05-22T13:00:00.000Z,0.56037,0.56051,0.55951,0.55956,18786
2026-05-22T17:00:00.000Z,0.55956,0.56004,0.55941,0.55952,10618
2026-05-24T21:00:00.000Z,0.56057,0.56076,0.55955,0.56006,6999
2026-05-25T01:00:00.000Z,0.56007,0.56068,0.56001,0.56053,8153
2026-05-25T05:00:00.000Z,0.56049,0.56062,0.55949,0.56019,8988
2026-05-25T09:00:00.000Z,0.5602,0.56034,0.55988,0.55998,7180
2026-05-25T13:00:00.000Z,0.55997,0.5622,0.55991,0.56166,8596
2026-05-25T17:00:00.000Z,0.56165,0.56176,0.56141,0.56147,2038
2026-05-25T21:00:00.000Z,0.56088,0.5617,0.56079,0.56163,5496
2026-05-26T01:00:00.000Z,0.56162,0.56168,0.56093,0.561,8500
2026-05-26T05:00:00.000Z,0.56099,0.5626,0.56066,0.56204,11199
2026-05-26T09:00:00.000Z,0.56206,0.56282,0.56152,0.56274,11402
2026-05-26T13:00:00.000Z,0.56273,0.56324,0.56245,0.56281,16005
2026-05-26T17:00:00.000Z,0.56282,0.56333,0.56275,0.56299,6664
2026-05-26T21:00:00.000Z,0.56271,0.56364,0.56266,0.5634,4603
2026-05-27T01:00:00.000Z,0.56338,0.56367,0.56188,0.56221,9889
2026-05-27T05:00:00.000Z,0.56219,0.56225,0.56042,0.5614,11917
2026-05-27T09:00:00.000Z,0.56142,0.56148,0.55997,0.56017,13983
2026-05-27T13:00:00.000Z,0.56016,0.56184,0.55991,0.56149,19961
2026-05-27T17:00:00.000Z,0.5615,0.56207,0.56144,0.56204,8099
2026-05-27T21:00:00.000Z,0.56094,0.56231,0.56077,0.56182,6165
2026-05-28T01:00:00.000Z,0.56182,0.56201,0.56062,0.5609,13076
2026-05-28T05:00:00.000Z,0.56089,0.56172,0.56066,0.56145,13045
2026-05-28T09:00:00.000Z,0.56144,0.56225,0.5607,0.56112,13171
2026-05-28T13:00:00.000Z,0.56111,0.56184,0.56052,0.56165,19978
2026-05-28T17:00:00.000Z,0.56165,0.56178,0.56129,0.56142,8823
2026-05-28T21:00:00.000Z,0.56092,0.56164,0.56033,0.56123,5279
2026-05-29T01:00:00.000Z,0.56122,0.56172,0.56093,0.56166,9573
2026-05-29T05:00:00.000Z,0.56165,0.56183,0.56069,0.56099,11300
2026-05-29T09:00:00.000Z,0.56098,0.56115,0.56013,0.56093,12055
2026-05-29T13:00:00.000Z,0.56094,0.56285,0.56079,0.56166,19718
2026-05-29T17:00:00.000Z,0.56167,0.56212,0.56054,0.56113,10660
2026-05-31T21:00:00.000Z,0.55906,0.56234,0.55892,0.56227,7330
2026-06-01T01:00:00.000Z,0.56229,0.5629,0.56206,0.56257,8822
2026-06-01T05:00:00.000Z,0.56258,0.56266,0.56148,0.56256,11162
2026-06-01T09:00:00.000Z,0.56256,0.56294,0.56197,0.56286,11438
2026-06-01T13:00:00.000Z,0.56289,0.56321,0.5619,0.56304,20523
2026-06-01T17:00:00.000Z,0.56305,0.56355,0.56302,0.56314,9409
2026-06-01T21:00:00.000Z,0.56304,0.56358,0.5626,0.56332,5262
2026-06-02T01:00:00.000Z,0.56332,0.56376,0.56274,0.56305,9633
2026-06-02T05:00:00.000Z,0.56306,0.56445,0.5629,0.56428,11934
2026-06-02T09:00:00.000Z,0.56428,0.56457,0.56362,0.5639,10887
2026-06-02T13:00:00.000Z,0.5639,0.56517,0.56357,0.56509,15263
2026-06-02T17:00:00.000Z,0.56509,0.56543,0.56496,0.56516,7269
2026-06-02T21:00:00.000Z,0.56491,0.5657,0.56446,0.56564,5747
2026-06-03T01:00:00.000Z,0.56563,0.56563,0.56483,0.56515,7903
2026-06-03T05:00:00.000Z,0.56514,0.56565,0.5643,0.56531,12785
2026-06-03T09:00:00.000Z,0.56532,0.56614,0.56496,0.5653,11777
2026-06-03T13:00:00.000Z,0.5653,0.56542,0.56365,0.56502,18090
2026-06-03T17:00:00.000Z,0.56501,0.56524,0.56449,0.56456,8163
2026-06-03T21:00:00.000Z,0.56411,0.56479,0.56368,0.56413,7849
2026-06-04T01:00:00.000Z,0.56413,0.56429,0.56314,0.56359,10132
2026-06-04T05:00:00.000Z,0.5636,0.56471,0.56339,0.56391,12354
2026-06-04T09:00:00.000Z,0.56384,0.56387,0.56167,0.56241,15173
2026-06-04T13:00:00.000Z,0.56242,0.56323,0.56224,0.56316,15699
2026-06-04T17:00:00.000Z,0.56315,0.56334,0.56303,0.56306,6677
2026-06-04T21:00:00.000Z,0.56277,0.56318,0.56175,0.56204,6133
2026-06-05T01:00:00.000Z,0.56204,0.56257,0.56085,0.56236,10319
2026-06-05T05:00:00.000Z,0.56236,0.56242,0.56123,0.56192,11693
2026-06-05T09:00:00.000Z,0.56192,0.56375,0.56182,0.56325,13434
2026-06-05T13:00:00.000Z,0.56327,0.56336,0.561,0.56144,23422
2026-06-05T17:00:00.000Z,0.56144,0.56198,0.5603,0.56066,15949
2026-06-07T21:00:00.000Z,0.55772,0.5619,0.55732,0.56167,9122
2026-06-08T01:00:00.000Z,0.56168,0.56248,0.56098,0.56129,17582
2026-06-08T05:00:00.000Z,0.56128,0.56279,0.56109,0.56247,19935
2026-06-08T09:00:00.000Z,0.56245,0.56341,0.56207,0.56266,18376
2026-06-08T13:00:00.000Z,0.56265,0.56274,0.56166,0.56224,22476
2026-06-08T17:00:00.000Z,0.56224,0.56236,0.56179,0.56205,13473
2026-06-08T21:00:00.000Z,0.56149,0.5621,0.56134,0.56208,7570
2026-06-09T01:00:00.000Z,0.56209,0.56283,0.5616,0.56226,14177
2026-06-09T05:00:00.000Z,0.56226,0.56281,0.56143,0.56162,16342
2026-06-09T09:00:00.000Z,0.56163,0.5619,0.56121,0.56174,11879
2026-06-09T13:00:00.000Z,0.56172,0.56183,0.5597,0.56009,28763
2026-06-09T17:00:00.000Z,0.56007,0.56123,0.56007,0.56094,19524
2026-06-09T21:00:00.000Z,0.5605,0.56162,0.55934,0.56146,9550
2026-06-10T01:00:00.000Z,0.56146,0.56179,0.56063,0.56077,17352
2026-06-10T05:00:00.000Z,0.56075,0.56075,0.55994,0.55995,17870
2026-06-10T09:00:00.000Z,0.55994,0.56058,0.55919,0.55967,21517
2026-06-10T13:00:00.000Z,0.55968,0.56083,0.55957,0.56033,27957
2026-06-10T17:00:00.000Z,0.56035,0.56066,0.55961,0.55968,18805
2026-06-10T21:00:00.000Z,0.5575,0.55984,0.5575,0.55926,13449
2026-06-11T01:00:00.000Z,0.55925,0.55961,0.55894,0.55952,15975
2026-06-11T05:00:00.000Z,0.55951,0.55971,0.55913,0.55948,14817
2026-06-11T09:00:00.000Z,0.55949,0.55983,0.55829,0.55838,15983
2026-06-11T13:00:00.000Z,0.55836,0.56024,0.55817,0.55972,25884
2026-06-11T17:00:00.000Z,0.55973,0.56076,0.55953,0.5601,24669
2026-06-11T21:00:00.000Z,0.55984,0.56067,0.55926,0.56063,9110
2026-06-12T01:00:00.000Z,0.56063,0.56064,0.55958,0.56034,14870
2026-06-12T05:00:00.000Z,0.56033,0.56051,0.55946,0.56019,18984
2026-06-12T09:00:00.000Z,0.5602,0.56098,0.56009,0.56077,17202
2026-06-12T13:00:00.000Z,0.56079,0.56182,0.56059,0.56145,25797
2026-06-12T17:00:00.000Z,0.56146,0.56178,0.56129,0.56144,11593
2026-06-14T21:00:00.000Z,0.55982,0.56254,0.55968,0.56154,11523
2026-06-15T01:00:00.000Z,0.56155,0.56234,0.5614,0.56181,10776
2026-06-15T05:00:00.000Z,0.56182,0.56194,0.56043,0.56096,13465
2026-06-15T09:00:00.000Z,0.56095,0.56107,0.56039,0.5606,11684
2026-06-15T13:00:00.000Z,0.56059,0.56213,0.56038,0.56188,15168
2026-06-15T17:00:00.000Z,0.56189,0.56201,0.56155,0.56185,8213
2026-06-15T21:00:00.000Z,0.56135,0.56195,0.561,0.56171,5180
2026-06-16T01:00:00.000Z,0.56172,0.56182,0.56065,0.56098,10776
2026-06-16T05:00:00.000Z,0.56099,0.5617,0.5603,0.56158,12254
2026-06-16T09:00:00.000Z,0.56155,0.56214,0.56148,0.56198,11062
2026-06-16T13:00:00.000Z,0.562,0.56236,0.56057,0.56069,17323
2026-06-16T17:00:00.000Z,0.56069,0.56094,0.56038,0.56044,8463
2026-06-16T21:00:00.000Z,0.5601,0.56058,0.55992,0.56018,5914
2026-06-17T01:00:00.000Z,0.56019,0.56034,0.55922,0.55926,7560
2026-06-17T05:00:00.000Z,0.55926,0.55939,0.55843,0.55914,10322
2026-06-17T09:00:00.000Z,0.55914,0.56,0.55879,0.55976,10144
2026-06-17T13:00:00.000Z,0.55977,0.56102,0.55973,0.56098,15300
2026-06-17T17:00:00.000Z,0.56098,0.56172,0.55921,0.5608,25295
2026-06-17T21:00:00.000Z,0.5606,0.5615,0.56034,0.56097,8141
2026-06-18T01:00:00.000Z,0.56098,0.56228,0.56096,0.56163,10340
2026-06-18T05:00:00.000Z,0.56163,0.56328,0.56155,0.56264,14663
2026-06-18T09:00:00.000Z,0.56261,0.56415,0.56242,0.56397,16998
2026-06-18T13:00:00.000Z,0.56396,0.56475,0.56376,0.56467,21647
2026-06-18T17:00:00.000Z,0.56468,0.56504,0.56413,0.56425,11261
2026-06-18T21:00:00.000Z,0.56399,0.56456,0.56338,0.56421,6126
2026-06-19T01:00:00.000Z,0.56422,0.56526,0.5639,0.56521,10629
2026-06-19T05:00:00.000Z,0.56523,0.56621,0.56517,0.56555,13826
2026-06-19T09:00:00.000Z,0.56554,0.56624,0.5651,0.56622,11713
2026-06-19T13:00:00.000Z,0.56624,0.56663,0.5658,0.56592,10018
2026-06-19T17:00:00.000Z,0.56593,0.56607,0.56489,0.56514,19137
2026-06-21T21:00:00.000Z,0.5655,0.56665,0.56488,0.56649,7169
2026-06-22T01:00:00.000Z,0.56646,0.56679,0.56576,0.56628,12257
2026-06-22T05:00:00.000Z,0.56633,0.56651,0.56517,0.56517,13935
2026-06-22T09:00:00.000Z,0.56514,0.56658,0.56502,0.56646,13103
2026-06-22T13:00:00.000Z,0.56645,0.56728,0.56585,0.56646,21070
2026-06-22T17:00:00.000Z,0.56647,0.56661,0.56589,0.566,8905
2026-06-22T21:00:00.000Z,0.56602,0.56627,0.5649,0.56504,5937
2026-06-23T01:00:00.000Z,0.56505,0.56518,0.56364,0.56374,13591
2026-06-23T05:00:00.000Z,0.56375,0.56377,0.56185,0.56248,17605
2026-06-23T09:00:00.000Z,0.56249,0.56358,0.56105,0.56132,14547
2026-06-23T13:00:00.000Z,0.56131,0.56168,0.5601,0.56046,20088
2026-06-23T17:00:00.000Z,0.56047,0.56057,0.55964,0.55983,9134
2026-06-23T21:00:00.000Z,0.55973,0.56059,0.55949,0.56043,7116
2026-06-24T01:00:00.000Z,0.56043,0.56084,0.5594,0.56021,13898
2026-06-24T05:00:00.000Z,0.56021,0.56087,0.55956,0.55972,13612
2026-06-24T09:00:00.000Z,0.55973,0.56075,0.55926,0.56057,15129
2026-06-24T13:00:00.000Z,0.56058,0.56083,0.55978,0.5603,21971
2026-06-24T17:00:00.000Z,0.5603,0.56069,0.55926,0.56043,14869
2026-06-24T21:00:00.000Z,0.55899,0.5606,0.55899,0.56006,7454
2026-06-25T01:00:00.000Z,0.56005,0.56054,0.55868,0.55972,13127
2026-06-25T05:00:00.000Z,0.55973,0.55989,0.55913,0.55958,12456
2026-06-25T09:00:00.000Z,0.55958,0.56085,0.55936,0.56079,12561
2026-06-25T13:00:00.000Z,0.56076,0.56079,0.55876,0.5602,25653
2026-06-25T17:00:00.000Z,0.5602,0.5604,0.55947,0.55964,13212
2026-06-25T21:00:00.000Z,0.55928,0.55998,0.55879,0.55898,7936
2026-06-26T01:00:00.000Z,0.55899,0.55924,0.55671,0.55678,15372
2026-06-26T05:00:00.000Z,0.55679,0.55815,0.55673,0.55739,14783
2026-06-26T09:00:00.000Z,0.5574,0.55829,0.55716,0.5572,14314
2026-06-26T13:00:00.000Z,0.55721,0.55866,0.55711,0.55853,20685
2026-06-26T17:00:00.000Z,0.55853,0.55874,0.55793,0.55823,11136
2026-06-28T21:00:00.000Z,0.55768,0.55873,0.55704,0.55757,7690
2026-06-29T01:00:00.000Z,0.55755,0.5582,0.55734,0.55795,12579
2026-06-29T05:00:00.000Z,0.55795,0.55853,0.55745,0.55753,11098
2026-06-29T09:00:00.000Z,0.55751,0.558,0.55743,0.55776,11982
2026-06-29T13:00:00.000Z,0.55775,0.55779,0.55604,0.55622,18111
2026-06-29T17:00:00.000Z,0.55622,0.55642,0.55604,0.55604,8114
2026-06-29T21:00:00.000Z,0.55597,0.55628,0.555,0.55523,5585
2026-06-30T01:00:00.000Z,0.55524,0.55625,0.55503,0.55612,11330
2026-06-30T05:00:00.000Z,0.55611,0.55703,0.55586,0.55696,12477
2026-06-30T09:00:00.000Z,0.55695,0.55765,0.55694,0.55709,11568
2026-06-30T13:00:00.000Z,0.55711,0.559,0.55709,0.55893,17514
2026-06-30T17:00:00.000Z,0.55894,0.55952,0.55883,0.5592,7381
2026-06-30T21:00:00.000Z,0.55855,0.55929,0.55819,0.55823,5267
2026-07-01T01:00:00.000Z,0.55824,0.55835,0.55698,0.55762,9310
2026-07-01T05:00:00.000Z,0.55761,0.55832,0.55748,0.55805,9672
2026-07-01T09:00:00.000Z,0.55805,0.55946,0.55794,0.55929,10889
2026-07-01T13:00:00.000Z,0.55928,0.55939,0.55772,0.55809,20709
2026-07-01T17:00:00.000Z,0.5581,0.55816,0.55769,0.55792,7953
2026-07-01T21:00:00.000Z,0.55761,0.55804,0.55673,0.55754,5005
2026-07-02T01:00:00.000Z,0.55755,0.55802,0.5571,0.55753,10027
2026-07-02T05:00:00.000Z,0.55752,0.55768,0.55534,0.55562,14494
2026-07-02T09:00:00.000Z,0.55561,0.55671,0.55532,0.55611,16881
2026-07-02T13:00:00.000Z,0.55612,0.55732,0.55556,0.55587,25334
2026-07-02T17:00:00.000Z,0.55588,0.55625,0.55566,0.55606,11988
2026-07-02T21:00:00.000Z,0.55568,0.55639,0.55479,0.55612,6888
2026-07-03T01:00:00.000Z,0.55613,0.55703,0.55601,0.55674,10020
2026-07-03T05:00:00.000Z,0.55674,0.55715,0.55641,0.55702,10920
2026-07-03T09:00:00.000Z,0.55702,0.55741,0.5568,0.55715,8403
2026-07-03T13:00:00.000Z,0.55716,0.55748,0.55696,0.55745,8151
2026-07-03T17:00:00.000Z,0.55745,0.55775,0.55687,0.55718,30129
2026-07-05T21:00:00.000Z,0.55656,0.55774,0.55628,0.55723,5794
2026-07-06T01:00:00.000Z,0.55721,0.55777,0.55682,0.55769,9986
2026-07-06T05:00:00.000Z,0.5577,0.55857,0.55758,0.55831,10456
2026-07-06T09:00:00.000Z,0.5583,0.55912,0.55817,0.55848,9234
2026-07-06T13:00:00.000Z,0.5585,0.55995,0.55822,0.55988,12563
2026-07-06T17:00:00.000Z,0.55987,0.56021,0.5598,0.56009,6817
2026-07-06T21:00:00.000Z,0.55941,0.56015,0.55931,0.55987,4323
2026-07-07T01:00:00.000Z,0.55986,0.5602,0.55925,0.5593,8941
2026-07-07T05:00:00.000Z,0.55931,0.56009,0.5589,0.5597,11077
2026-07-07T09:00:00.000Z,0.55969,0.56052,0.55965,0.56012,10066
2026-07-07T13:00:00.000Z,0.56012,0.56019,0.55923,0.55986,16146
2026-07-07T17:00:00.000Z,0.55986,0.56028,0.55969,0.56013,10502
2026-07-07T21:00:00.000Z,0.55967,0.56097,0.5585,0.56097,5491
2026-07-08T01:00:00.000Z,0.56097,0.5615,0.56076,0.56099,10645
2026-07-08T05:00:00.000Z,0.56101,0.56121,0.55839,0.55858,15485
2026-07-08T09:00:00.000Z,0.55857,0.56016,0.55811,0.55977,16607
2026-07-08T13:00:00.000Z,0.55978,0.56036,0.55954,0.56023,20435
2026-07-08T17:00:00.000Z,0.56024,0.56049,0.56007,0.56027,11325
2026-07-08T21:00:00.000Z,0.55974,0.56056,0.55894,0.5598,4769
2026-07-09T01:00:00.000Z,0.55981,0.56006,0.55937,0.55986,9912
2026-07-09T05:00:00.000Z,0.55987,0.55994,0.55905,0.55966,11539
2026-07-09T09:00:00.000Z,0.55964,0.56011,0.55958,0.55977,11177
2026-07-09T13:00:00.000Z,0.55978,0.56025,0.55962,0.55978,13941
2026-07-09T17:00:00.000Z,0.55979,0.56015,0.55954,0.56002,6623
2026-07-09T21:00:00.000Z,0.55945,0.56013,0.559,0.55953,3828
2026-07-10T01:00:00.000Z,0.55954,0.55977,0.55891,0.55956,10694
2026-07-10T05:00:00.000Z,0.55955,0.55989,0.55908,0.55979,11139
2026-07-10T09:00:00.000Z,0.55979,0.561,0.5597,0.56085,10867
2026-07-10T13:00:00.000Z,0.56086,0.56169,0.56081,0.56162,17382
2026-07-10T17:00:00.000Z,0.56161,0.56229,0.56158,0.56223,7246
2026-07-12T21:00:00.000Z,0.5604,0.5623,0.55994,0.56175,7677
2026-07-13T01:00:00.000Z,0.56176,0.56202,0.56085,0.56108,11081
2026-07-13T05:00:00.000Z,0.56108,0.56138,0.5606,0.56104,14477
2026-07-13T09:00:00.000Z,0.56103,0.56254,0.56099,0.56234,12777
2026-07-13T13:00:00.000Z,0.56234,0.56357,0.56204,0.56311,19550
2026-07-13T17:00:00.000Z,0.56311,0.56366,0.5631,0.56349,10297
2026-07-13T21:00:00.000Z,0.56316,0.56378,0.56291,0.56355,7396
2026-07-14T01:00:00.000Z,0.56356,0.56424,0.5632,0.56422,12599
2026-07-14T05:00:00.000Z,0.56423,0.56512,0.56388,0.56421,13319
2026-07-14T09:00:00.000Z,0.5642,0.56465,0.56226,0.56315,16959
2026-07-14T13:00:00.000Z,0.56315,0.56451,0.56302,0.56427,22495
2026-07-14T17:00:00.000Z,0.56428,0.56459,0.56415,0.56432,9701
2026-07-14T21:00:00.000Z,0.56388,0.5648,0.56282,0.56464,4866
2026-07-15T01:00:00.000Z,0.56466,0.56547,0.56428,0.5651,9488
2026-07-15T05:00:00.000Z,0.56511,0.56608,0.56494,0.56605,11339
2026-07-15T09:00:00.000Z,0.56605,0.56661,0.56584,0.56597,13104
2026-07-15T13:00:00.000Z,0.56595,0.56606,0.56402,0.56435,17821
2026-07-15T17:00:00.000Z,0.56436,0.5646,0.56381,0.56422,10924
2026-07-15T21:00:00.000Z,0.56388,0.56416,0.5631,0.56319,4457
2026-07-16T01:00:00.000Z,0.5632,0.56455,0.56293,0.56417,8281
2026-07-16T05:00:00.000Z,0.56416,0.56473,0.56379,0.56469,10716
2026-07-16T09:00:00.000Z,0.5647,0.56553,0.56446,0.5655,11636
2026-07-16T13:00:00.000Z,0.5655,0.56685,0.56544,0.56607,16567
2026-07-16T17:00:00.000Z,0.56608,0.56611,0.56556,0.56571,8366
2026-07-16T21:00:00.000Z,0.56537,0.56593,0.56449,0.56561,4282
2026-07-17T01:00:00.000Z,0.56563,0.56589,0.56443,0.56471,9324
2026-07-17T05:00:00.000Z,0.5647,0.56479,0.56232,0.56234,13073
2026-07-17T09:00:00.000Z,0.56235,0.56323,0.56208,0.56271,12506
2026-07-17T13:00:00.000Z,0.5627,0.56399,0.5626,0.56379,17157
2026-07-17T17:00:00.000Z,0.56381,0.56401,0.56354,0.56365,8794
2026-07-19T21:00:00.000Z,0.56209,0.56462,0.56207,0.56435,6456
2026-07-20T01:00:00.000Z,0.56437,0.56483,0.56427,0.56463,10040
2026-07-20T05:00:00.000Z,0.56463,0.56493,0.56384,0.56491,9810
2026-07-20T09:00:00.000Z,0.56492,0.56679,0.56474,0.56654,11086
2026-07-20T13:00:00.000Z,0.56655,0.56787,0.56652,0.56745,15043
2026-07-20T17:00:00.000Z,0.56744,0.56746,0.56689,0.56693,8170
2026-07-20T21:00:00.000Z,0.56636,0.56758,0.56586,0.5674,5409
2026-07-21T01:00:00.000Z,0.56741,0.56802,0.56733,0.56774,8615
2026-07-21T05:00:00.000Z,0.56774,0.56904,0.56764,0.56892,9120
2026-07-21T09:00:00.000Z,0.56893,0.56905,0.56838,0.56883,10123
2026-07-21T13:00:00.000Z,0.56885,0.56944,0.5684,0.5691,14480
2026-07-21T17:00:00.000Z,0.56911,0.56953,0.56868,0.56879,5954
2026-07-21T21:00:00.000Z,0.56847,0.56958,0.56814,0.56956,4327
2026-07-22T01:00:00.000Z,0.56957,0.56973,0.56882,0.56894,7879
2026-07-22T05:00:00.000Z,0.56895,0.56897,0.56776,0.56804,10212
2026-07-22T09:00:00.000Z,0.56803,0.5685,0.56747,0.56756,11281
2026-07-22T13:00:00.000Z,0.56755,0.56966,0.56755,0.56965,13616
2026-07-22T17:00:00.000Z,0.56966,0.56995,0.56949,0.56971,7523
2026-07-22T21:00:00.000Z,0.56964,0.56966,0.56857,0.56923,4069
2026-07-23T01:00:00.000Z,0.56924,0.57132,0.56918,0.57046,9654
2026-07-23T05:00:00.000Z,0.57046,0.57102,0.57015,0.57033,10843
2026-07-23T09:00:00.000Z,0.57033,0.57076,0.56983,0.56992,13356
2026-07-23T13:00:00.000Z,0.56993,0.57006,0.56912,0.56955,21450
2026-07-23T17:00:00.000Z,0.56958,0.56967,0.5687,0.56905,11294
2026-07-23T21:00:00.000Z,0.5686,0.56962,0.56837,0.56948,5521
2026-07-24T01:00:00.000Z,0.56946,0.57019,0.56907,0.56995,9854
2026-07-24T05:00:00.000Z,0.56996,0.57064,0.56974,0.57054,11919
2026-07-24T09:00:00.000Z,0.57056,0.57145,0.57039,0.57065,11152
2026-07-24T13:00:00.000Z,0.57066,0.57148,0.57049,0.57136,16372
2026-07-24T17:00:00.000Z,0.57135,0.57169,0.57104,0.57124,8390
2026-07-26T21:00:00.000Z,0.57051,0.57149,0.56994,0.56995,7599
2026-07-27T01:00:00.000Z,0.56996,0.57041,0.56975,0.57023,10030
2026-07-27T05:00:00.000Z,0.57022,0.57093,0.57022,0.57069,11861
2026-07-27T09:00:00.000Z,0.57067,0.57123,0.57023,0.57115,11742
2026-07-27T13:00:00.000Z,0.57114,0.57268,0.57114,0.57214,19376
2026-07-27T17:00:00.000Z,0.57215,0.57278,0.57205,0.57258,9516
2026-07-27T21:00:00.000Z,0.57222,0.57254,0.57093,0.57222,4655
2026-07-28T01:00:00.000Z,0.57222,0.57286,0.57087,0.57106,10131
2026-07-28T05:00:00.000Z,0.57106,0.57154,0.57047,0.5713,12056
2026-07-28T09:00:00.000Z,0.57131,0.57162,0.57069,0.57118,11618
2026-07-28T13:00:00.000Z,0.57119,0.57135,0.57006,0.57095,17460
2026-07-28T17:00:00.000Z,0.57095,0.57149,0.5708,0.57132,8235
2026-07-28T21:00:00.000Z,0.57088,0.57179,0.56983,0.57081,6295
2026-07-29T01:00:00.000Z,0.5708,0.57103,0.56746,0.56819,14520
2026-07-29T05:00:00.000Z,0.56819,0.56918,0.56808,0.56864,11519
2026-07-29T09:00:00.000Z,0.56864,0.56939,0.56857,0.56903,11765
2026-07-29T13:00:00.000Z,0.56904,0.56916,0.56778,0.56836,16971
2026-07-29T17:00:00.000Z,0.56837,0.56925,0.56539,0.56573,24423
2026-07-29T21:00:00.000Z,0.56577,0.56688,0.56493,0.56664,9145
2026-07-30T01:00:00.000Z,0.56665,0.56749,0.56645,0.56675,11457
2026-07-30T05:00:00.000Z,0.56675,0.56821,0.56648,0.56802,14654
2026-07-30T09:00:00.000Z,0.56803,0.56826,0.56645,0.56696,17253
2026-07-30T13:00:00.000Z,0.56696,0.56705,0.56442,0.56534,26305
2026-07-30T17:00:00.000Z,0.56536,0.56609,0.56504,0.56582,12831
2026-07-30T21:00:00.000Z,0.56535,0.56683,0.56451,0.56663,7645
2026-07-31T01:00:00.000Z,0.56664,0.56732,0.566,0.56711,10972
2026-07-31T05:00:00.000Z,0.56711,0.56798,0.56697,0.56758,13931
2026-07-31T09:00:00.000Z,0.56759,0.56902,0.56726,0.56831,14951
2026-07-31T13:00:00.000Z,0.56832,0.56921,0.56748,0.56818,22718
2026-07-31T17:00:00.000Z,0.56814,0.56906,0.56791,0.56816,15266
2026-08-02T21:00:00.000Z,0.5674,0.56883,0.56729,0.56815,10188
2026-08-03T01:00:00.000Z,0.56817,0.56903,0.568,0.56851,9808
2026-08-03T05:00:00.000Z,0.5685,0.56878,0.56688,0.56699,12091
2026-08-03T09:00:00.000Z,0.56698,0.56699,0.56599,0.56617,12009
2026-08-03T13:00:00.000Z,0.56618,0.56777,0.56517,0.56741,16500
2026-08-03T17:00:00.000Z,0.56739,0.56752,0.56679,0.56721,8011
2026-08-03T21:00:00.000Z,0.5669,0.56725,0.56631,0.56711,5267
2026-08-04T01:00:00.000Z,0.56711,0.56879,0.56691,0.56863,9442
2026-08-04T05:00:00.000Z,0.56864,0.56906,0.56809,0.56891,11145
2026-08-04T09:00:00.000Z,0.56893,0.56956,0.56849,0.56886,12364
2026-08-04T13:00:00.000Z,0.56887,0.57024,0.56863,0.57016,15223
2026-08-04T17:00:00.000Z,0.57017,0.57036,0.56992,0.56995,8833
2026-08-04T21:00:00.000Z,0.56997,0.5705,0.56909,0.56971,5372
2026-08-05T01:00:00.000Z,0.56973,0.56997,0.5692,0.56963,10269
2026-08-05T05:00:00.000Z,0.56964,0.57053,0.56928,0.57035,12292
2026-08-05T09:00:00.000Z,0.57036,0.57049,0.56967,0.57043,12804
2026-08-05T13:00:00.000Z,0.57044,0.57047,0.56927,0.5696,17514
2026-08-05T17:00:00.000Z,0.56961,0.57,0.56938,0.56953,8280
2026-08-05T21:00:00.000Z,0.56885,0.56961,0.56862,0.56916,5291
2026-08-06T01:00:00.000Z,0.56915,0.56925,0.56866,0.56898,9552
2026-08-06T05:00:00.000Z,0.56899,0.56964,0.5687,0.56955,10071
2026-08-06T09:00:00.000Z,0.56956,0.57028,0.56933,0.56993,10931
2026-08-06T13:00:00.000Z,0.56994,0.57188,0.56945,0.57116,16499
2026-08-06T17:00:00.000Z,0.57115,0.57161,0.57108,0.57118,8129
2026-08-06T21:00:00.000Z,0.57059,0.57154,0.57041,0.57124,4715
2026-08-07T01:00:00.000Z,0.57126,0.57133,0.57065,0.57096,7836
2026-08-07T05:00:00.000Z,0.57096,0.57117,0.57061,0.57087,8821
2026-08-07T09:00:00.000Z,0.57087,0.57093,0.56991,0.57041,12611
2026-08-07T13:00:00.000Z,0.57042,0.57083,0.57013,0.57065,18501
2026-08-07T17:00:00.000Z,0.57064,0.57104,0.57056,0.57077,8043
2026-08-09T21:00:00.000Z,0.56958,0.57132,0.56879,0.57081,5114
2026-08-10T01:00:00.000Z,0.57082,0.57138,0.57064,0.5713,8253
2026-08-10T05:00:00.000Z,0.5713,0.57185,0.57054,0.57131,8828
2026-08-10T09:00:00.000Z,0.5713,0.57141,0.57074,0.57117,9742
2026-08-10T13:00:00.000Z,0.57118,0.57181,0.57095,0.57164,13509
2026-08-10T17:00:00.000Z,0.57163,0.57179,0.57137,0.57153,7139
2026-08-10T21:00:00.000Z,0.57123,0.57167,0.57041,0.57127,4510
2026-08-11T01:00:00.000Z,0.57128,0.57203,0.57026,0.57115,8690
2026-08-11T05:00:00.000Z,0.57116,0.57207,0.57051,0.57194,10084
2026-08-11T09:00:00.000Z,0.57195,0.57269,0.57187,0.57265,10274
2026-08-11T13:00:00.000Z,0.57264,0.57313,0.57231,0.57286,12537
2026-08-11T17:00:00.000Z,0.57287,0.57312,0.57208,0.5726,6848
2026-08-11T21:00:00.000Z,0.57218,0.57338,0.57156,0.57324,3871
2026-08-12T01:00:00.000Z,0.57325,0.57327,0.57257,0.57302,5504
2026-08-12T05:00:00.000Z,0.57304,0.57378,0.57276,0.57374,7099
2026-08-12T09:00:00.000Z,0.57376,0.57439,0.5726,0.57389,12454
2026-08-12T13:00:00.000Z,0.5739,0.57476,0.57369,0.57409,15214
2026-08-12T17:00:00.000Z,0.5741,0.57477,0.57405,0.57463,6738
2026-08-12T21:00:00.000Z,0.57368,0.57456,0.57346,0.57393,3940
2026-08-13T01:00:00.000Z,0.57392,0.57422,0.57356,0.57358,7918
2026-08-13T05:00:00.000Z,0.57359,0.57386,0.57271,0.57291,9196
2026-08-13T09:00:00.000Z,0.57292,0.57361,0.57256,0.57335,10175
2026-08-13T13:00:00.000Z,0.57333,0.57405,0.57309,0.57401,14460
2026-08-13T17:00:00.000Z,0.574,0.57514,0.57387,0.57467,5804
2026-08-13T21:00:00.000Z,0.57426,0.57517,0.57354,0.57458,4588
2026-08-14T01:00:00.000Z,0.57457,0.57495,0.57427,0.57456,7090
2026-08-14T05:00:00.000Z,0.57457,0.5757,0.57435,0.57535,8938
2026-08-14T09:00:00.000Z,0.57537,0.57559,0.57439,0.57474,10500
2026-08-14T13:00:00.000Z,0.57474,0.57566,0.57472,0.57558,13902
2026-08-14T17:00:00.000Z,0.57558,0.57623,0.57557,0.57606,5599
2026-08-16T21:00:00.000Z,0.57423,0.57623,0.57413,0.57572,5209
2026-08-17T01:00:00.000Z,0.57571,0.57655,0.5755,0.57631,7667
2026-08-17T05:00:00.000Z,0.5763,0.57751,0.57489,0.576,11684
2026-08-17T09:00:00.000Z,0.576,0.57749,0.57581,0.57641,10797
2026-08-17T13:00:00.000Z,0.57642,0.5765,0.57533,0.57608,12709
2026-08-17T17:00:00.000Z,0.57609,0.57649,0.57595,0.57597,7070
2026-08-17T21:00:00.000Z,0.57551,0.57658,0.57534,0.57636,3839
2026-08-18T01:00:00.000Z,0.57637,0.57669,0.57615,0.57635,7262
2026-08-18T05:00:00.000Z,0.57636,0.57667,0.57575,0.57643,9317
2026-08-18T09:00:00.000Z,0.57642,0.57788,0.57639,0.57759,9129
2026-08-18T13:00:00.000Z,0.57758,0.57807,0.57553,0.57581,14686
2026-08-18T17:00:00.000Z,0.5758,0.57589,0.57528,0.57559,6241
2026-08-18T21:00:00.000Z,0.5754,0.57559,0.57455,0.57455,4963
2026-08-19T01:00:00.000Z,0.57456,0.57497,0.57325,0.57366,9356
2026-08-19T05:00:00.000Z,0.57367,0.57405,0.5729,0.57387,12028
2026-08-19T09:00:00.000Z,0.57389,0.57415,0.57254,0.57283,13241
2026-08-19T13:00:00.000Z,0.57284,0.57346,0.56902,0.56929,24065
2026-08-19T17:00:00.000Z,0.5693,0.56945,0.56775,0.56789,12497
2026-08-19T21:00:00.000Z,0.56768,0.5687,0.56709,0.56856,6159
2026-08-20T01:00:00.000Z,0.56858,0.56942,0.56751,0.56907,12177
2026-08-20T05:00:00.000Z,0.56906,0.56953,0.56822,0.5683,12970
2026-08-20T09:00:00.000Z,0.56831,0.56834,0.56685,0.56762,15383
2026-08-20T13:00:00.000Z,0.56763,0.56961,0.56759,0.56926,19213
2026-08-20T17:00:00.000Z,0.56926,0.56954,0.56907,0.5693,7825
2026-08-20T21:00:00.000Z,0.5691,0.57,0.56849,0.56985,5609
2026-08-21T01:00:00.000Z,0.56984,0.5712,0.5696,0.57109,9037
2026-08-21T05:00:00.000Z,0.5711,0.57283,0.57079,0.57245,11986
2026-08-21T09:00:00.000Z,0.57245,0.57338,0.5718,0.57318,13561
2026-08-21T13:00:00.000Z,0.57318,0.57493,0.57306,0.57453,15971
2026-08-21T17:00:00.000Z,0.57453,0.57503,0.5744,0.57451,6871
2026-08-23T21:00:00.000Z,0.5733,0.5745,0.57321,0.57388,5439
2026-08-24T01:00:00.000Z,0.57389,0.57418,0.5732,0.57344,9484
2026-08-24T05:00:00.000Z,0.57343,0.57488,0.5734,0.57438,12131
2026-08-24T09:00:00.000Z,0.57438,0.57489,0.5743,0.57481,11527
2026-08-24T13:00:00.000Z,0.5748,0.57497,0.57348,0.57356,14332
2026-08-24T17:00:00.000Z,0.57357,0.57381,0.57324,0.5737,6966
2026-08-24T21:00:00.000Z,0.57296,0.57425,0.57252,0.57415,3798
2026-08-25T01:00:00.000Z,0.57414,0.57497,0.57411,0.57462,7811
2026-08-25T05:00:00.000Z,0.57463,0.57497,0.57375,0.57379,9685
2026-08-25T09:00:00.000Z,0.5738,0.5744,0.57358,0.57419,10663
2026-08-25T13:00:00.000Z,0.5742,0.57474,0.57401,0.57417,12900
2026-08-25T17:00:00.000Z,0.57418,0.57424,0.57391,0.57414,5751
2026-08-25T21:00:00.000Z,0.57355,0.57473,0.57328,0.57425,4548
2026-08-26T01:00:00.000Z,0.57423,0.5771,0.57412,0.57669,8611
2026-08-26T05:00:00.000Z,0.5767,0.57733,0.57653,0.57704,9290
2026-08-26T09:00:00.000Z,0.57706,0.57801,0.57664,0.5777,9401
2026-08-26T13:00:00.000Z,0.57767,0.5782,0.57717,0.5775,14193
2026-08-26T17:00:00.000Z,0.57751,0.57777,0.57738,0.57772,5200
2026-08-26T21:00:00.000Z,0.57714,0.57831,0.5761,0.57815,5019
2026-08-27T01:00:00.000Z,0.57816,0.57877,0.57806,0.57873,6476
2026-08-27T05:00:00.000Z,0.57874,0.5792,0.57827,0.57877,9285
2026-08-27T09:00:00.000Z,0.57878,0.57893,0.57817,0.57844,10218
2026-08-27T13:00:00.000Z,0.57844,0.57854,0.57762,0.57853,12597
2026-08-27T17:00:00.000Z,0.57851,0.57883,0.57839,0.57857,5325
2026-08-27T21:00:00.000Z,0.57723,0.57883,0.57723,0.57859,3048
2026-08-28T01:00:00.000Z,0.57858,0.57965,0.57851,0.5794,5121
2026-08-28T05:00:00.000Z,0.57941,0.57962,0.57836,0.57837,8643
2026-08-28T09:00:00.000Z,0.57837,0.57887,0.57813,0.57884,8700
2026-08-28T13:00:00.000Z,0.57883,0.58001,0.5782,0.57949,21106
2026-08-28T17:00:00.000Z,0.57949,0.57984,0.5792,0.57946,8880
2026-08-30T21:00:00.000Z,0.57749,0.57966,0.57749,0.5792,4992
2026-08-31T01:00:00.000Z,0.57921,0.57988,0.57905,0.57982,9043
2026-08-31T05:00:00.000Z,0.57981,0.58006,0.57816,0.57892,10230
2026-08-31T09:00:00.000Z,0.57893,0.57926,0.57852,0.57879,9983
2026-08-31T13:00:00.000Z,0.57878,0.57947,0.57834,0.57923,13459
2026-08-31T17:00:00.000Z,0.57924,0.57931,0.57887,0.57916,6398
2026-08-31T21:00:00.000Z,0.57899,0.58025,0.57861,0.57978,4943
2026-09-01T01:00:00.000Z,0.57978,0.5807,0.57971,0.5803,8127
2026-09-01T05:00:00.000Z,0.5803,0.58044,0.57858,0.57863,12062
2026-09-01T09:00:00.000Z,0.57864,0.5794,0.57802,0.57937,11479
2026-09-01T13:00:00.000Z,0.57937,0.58129,0.57868,0.58081,14592
2026-09-01T17:00:00.000Z,0.5808,0.58081,0.57956,0.57986,7538
2026-09-01T21:00:00.000Z,0.57965,0.58028,0.57931,0.58018,5040
2026-09-02T01:00:00.000Z,0.58019,0.58138,0.57995,0.58003,10915
2026-09-02T05:00:00.000Z,0.58003,0.58146,0.5799,0.58071,14048
2026-09-02T09:00:00.000Z,0.58072,0.5825,0.5803,0.58246,13423
2026-09-02T13:00:00.000Z,0.58244,0.58312,0.58171,0.58283,17138
2026-09-02T17:00:00.000Z,0.58283,0.58309,0.58266,0.58272,7647
2026-09-02T21:00:00.000Z,0.58213,0.58287,0.58151,0.58233,4379
2026-09-03T01:00:00.000Z,0.58234,0.58251,0.58158,0.58189,10510
2026-09-03T05:00:00.000Z,0.5819,0.5819,0.57935,0.58093,16196
2026-09-03T09:00:00.000Z,0.58094,0.58201,0.58077,0.58137,15260
2026-09-03T13:00:00.000Z,0.58139,0.58188,0.57995,0.5806,19602
2026-09-03T17:00:00.000Z,0.5806,0.58166,0.5805,0.58145,8018
2026-09-03T21:00:00.000Z,0.58095,0.58204,0.57979,0.582,5241
2026-09-04T01:00:00.000Z,0.58198,0.58287,0.58182,0.58249,7906
2026-09-04T05:00:00.000Z,0.58249,0.58253,0.58183,0.58229,10154
2026-09-04T09:00:00.000Z,0.5823,0.58382,0.58112,0.58339,13581
2026-09-04T13:00:00.000Z,0.58338,0.58383,0.58305,0.58344,18685
2026-09-04T17:00:00.000Z,0.58344,0.58368,0.58334,0.58352,6143
2026-09-06T21:00:00.000Z,0.58153,0.58378,0.58153,0.5835,3968
2026-09-07T01:00:00.000Z,0.58351,0.584,0.5834,0.58396,6866
2026-09-07T05:00:00.000Z,0.58396,0.58513,0.58391,0.58427,10668
2026-09-07T09:00:00.000Z,0.58426,0.58428,0.58346,0.58375,8117
2026-09-07T13:00:00.000Z,0.58375,0.58419,0.5837,0.58409,6633
2026-09-07T17:00:00.000Z,0.58409,0.58436,0.58409,0.58434,1232
2026-09-07T21:00:00.000Z,0.58386,0.58434,0.58351,0.58403,5955
2026-09-08T01:00:00.000Z,0.58404,0.58423,0.58307,0.584,10193
2026-09-08T05:00:00.000Z,0.584,0.58529,0.58327,0.58522,13066
2026-09-08T09:00:00.000Z,0.58523,0.58564,0.5846,0.58509,12423
2026-09-08T13:00:00.000Z,0.5851,0.58515,0.58376,0.58409,14691
2026-09-08T17:00:00.000Z,0.58408,0.58455,0.58403,0.58417,8338
2026-09-08T21:00:00.000Z,0.58388,0.58464,0.58321,0.58444,5527
2026-09-09T01:00:00.000Z,0.58445,0.58471,0.58416,0.5847,8114
2026-09-09T05:00:00.000Z,0.58469,0.58511,0.58425,0.58482,10886
2026-09-09T09:00:00.000Z,0.58483,0.58486,0.58266,0.58349,11732
2026-09-09T13:00:00.000Z,0.58349,0.58494,0.58307,0.58477,16335
2026-09-09T17:00:00.000Z,0.58478,0.58495,0.5845,0.58471,6129
2026-09-09T21:00:00.000Z,0.58389,0.58513,0.58309,0.58437,4499
2026-09-10T01:00:00.000Z,0.58436,0.58439,0.58343,0.58411,6980