time,open,high,low,close,volume
2023-09-10T21:00:00.000Z,0.8702,0.87242,0.86935,0.87136,11349
2023-09-11T01:00:00.000Z,0.87135,0.87567,0.87135,0.8755,25343
2023-09-11T05:00:00.000Z,0.87551,0.876,0.8749,0.87527,25673
2023-09-11T09:00:00.000Z,0.87527,0.87548,0.87332,0.87342,21839
2023-09-11T13:00:00.000Z,0.87342,0.87535,0.87321,0.87341,26294
2023-09-11T17:00:00.000Z,0.87342,0.87348,0.87264,0.87291,10197
2023-09-11T21:00:00.000Z,0.87239,0.87334,0.8722,0.87226,6519
2023-09-12T01:00:00.000Z,0.87227,0.87398,0.87191,0.87299,20419
2023-09-12T05:00:00.000Z,0.87298,0.87411,0.87256,0.87304,24812
2023-09-12T09:00:00.000Z,0.87304,0.87304,0.87081,0.87106,22267
2023-09-12T13:00:00.000Z,0.87105,0.87139,0.86934,0.87027,21987
2023-09-12T17:00:00.000Z,0.87027,0.87102,0.87013,0.87087,12391
2023-09-12T21:00:00.000Z,0.86937,0.87157,0.86926,0.87037,9022
2023-09-13T01:00:00.000Z,0.87036,0.87089,0.86814,0.86874,22335
2023-09-13T05:00:00.000Z,0.86873,0.87006,0.86846,0.8695,27300
2023-09-13T09:00:00.000Z,0.86952,0.87025,0.86661,0.86884,30974
2023-09-13T13:00:00.000Z,0.86884,0.8714,0.86849,0.87071,26375
2023-09-13T17:00:00.000Z,0.87072,0.87145,0.86994,0.87005,12678
2023-09-13T21:00:00.000Z,0.86951,0.87253,0.8693,0.87239,8370
2023-09-14T01:00:00.000Z,0.87238,0.87319,0.86992,0.87134,20617
2023-09-14T05:00:00.000Z,0.87135,0.87218,0.87028,0.87048,22372
2023-09-14T09:00:00.000Z,0.87048,0.87181,0.86882,0.87098,31131
2023-09-14T13:00:00.000Z,0.87096,0.87329,0.86984,0.87013,36251
2023-09-14T17:00:00.000Z,0.87014,0.87034,0.86849,0.86982,10598
2023-09-14T21:00:00.000Z,0.86881,0.87105,0.86817,0.87052,9213
2023-09-15T01:00:00.000Z,0.87052,0.87359,0.87012,0.87346,21641
2023-09-15T05:00:00.000Z,0.87347,0.87379,0.87128,0.87132,25768
2023-09-15T09:00:00.000Z,0.87131,0.87345,0.87121,0.87198,24983
2023-09-15T13:00:00.000Z,0.87197,0.87341,0.86982,0.87017,33768
2023-09-15T17:00:00.000Z,0.87017,0.87063,0.86906,0.86977,13092
2023-09-17T21:00:00.000Z,0.87014,0.87098,0.86903,0.87067,5959
2023-09-18T01:00:00.000Z,0.87066,0.87123,0.86944,0.87069,18506
2023-09-18T05:00:00.000Z,0.8707,0.87097,0.86914,0.86981,24059
2023-09-18T09:00:00.000Z,0.8698,0.87002,0.86793,0.86805,23105
2023-09-18T13:00:00.000Z,0.86805,0.86899,0.8666,0.8678,29367
2023-09-18T17:00:00.000Z,0.86782,0.86862,0.86778,0.86794,10141
2023-09-18T21:00:00.000Z,0.86791,0.86909,0.8674,0.86775,9365
2023-09-19T01:00:00.000Z,0.86774,0.86797,0.8667,0.8676,17876
2023-09-19T05:00:00.000Z,0.8676,0.8686,0.86615,0.8677,22271
2023-09-19T09:00:00.000Z,0.86768,0.86849,0.86579,0.86696,23839
2023-09-19T13:00:00.000Z,0.86695,0.86793,0.86482,0.86782,30206
2023-09-19T17:00:00.000Z,0.86782,0.86835,0.86752,0.86783,12299
2023-09-19T21:00:00.000Z,0.86731,0.86915,0.86731,0.86813,7113
2023-09-20T01:00:00.000Z,0.86812,0.86886,0.86741,0.86814,16649
2023-09-20T05:00:00.000Z,0.86812,0.86946,0.86788,0.8694,29457
2023-09-20T09:00:00.000Z,0.86941,0.87152,0.86893,0.87148,24271
2023-09-20T13:00:00.000Z,0.87149,0.87285,0.87029,0.8726,29661
2023-09-20T17:00:00.000Z,0.8726,0.87271,0.86783,0.86789,32617
2023-09-20T21:00:00.000Z,0.86621,0.86909,0.86586,0.86613,11023
2023-09-21T01:00:00.000Z,0.86613,0.86644,0.86385,0.86407,21794
2023-09-21T05:00:00.000Z,0.86412,0.86598,0.86369,0.86445,28486
2023-09-21T09:00:00.000Z,0.86445,0.86557,0.8632,0.86446,31308
2023-09-21T13:00:00.000Z,0.86446,0.86654,0.86412,0.86487,27345
2023-09-21T17:00:00.000Z,0.86485,0.86596,0.86445,0.86495,10185
2023-09-21T21:00:00.000Z,0.86456,0.86496,0.86326,0.86394,7417
2023-09-22T01:00:00.000Z,0.86392,0.86529,0.86323,0.86504,21307
2023-09-22T05:00:00.000Z,0.86507,0.86687,0.86464,0.86668,30293
2023-09-22T09:00:00.000Z,0.86667,0.86858,0.86614,0.8682,23789
2023-09-22T13:00:00.000Z,0.86819,0.86958,0.8676,0.86874,32516
2023-09-22T17:00:00.000Z,0.86872,0.86914,0.86797,0.86827,14708
2023-09-24T21:00:00.000Z,0.86751,0.8688,0.86681,0.86821,8108
2023-09-25T01:00:00.000Z,0.86823,0.86836,0.86606,0.86645,17217
2023-09-25T05:00:00.000Z,0.86642,0.86659,0.86493,0.86498,22679
2023-09-25T09:00:00.000Z,0.86498,0.86611,0.86433,0.86506,23907
2023-09-25T13:00:00.000Z,0.86506,0.86613,0.86368,0.86444,31445
2023-09-25T17:00:00.000Z,0.86442,0.86551,0.86411,0.86414,12262
2023-09-25T21:00:00.000Z,0.86281,0.86425,0.86281,0.86388,6211
2023-09-26T01:00:00.000Z,0.86388,0.86573,0.86384,0.86474,20529
2023-09-26T05:00:00.000Z,0.86472,0.86494,0.86193,0.86432,27489
2023-09-26T09:00:00.000Z,0.8643,0.86644,0.86391,0.86628,27000
2023-09-26T13:00:00.000Z,0.86628,0.86645,0.86484,0.86547,34412
2023-09-26T17:00:00.000Z,0.86547,0.86592,0.86424,0.8646,14479
2023-09-26T21:00:00.000Z,0.86411,0.86527,0.86366,0.86411,7681
2023-09-27T01:00:00.000Z,0.86412,0.86541,0.8623,0.86285,22581
2023-09-27T05:00:00.000Z,0.86286,0.86316,0.86162,0.86265,21646
2023-09-27T09:00:00.000Z,0.86265,0.86301,0.86102,0.86154,23680
2023-09-27T13:00:00.000Z,0.86155,0.86279,0.85868,0.859,28058
2023-09-27T17:00:00.000Z,0.85901,0.8595,0.85644,0.85763,16575
2023-09-27T21:00:00.000Z,0.85721,0.85826,0.85665,0.85796,9637
2023-09-28T01:00:00.000Z,0.85795,0.86025,0.85762,0.86,23270
2023-09-28T05:00:00.000Z,0.86002,0.86103,0.85936,0.86073,24921
2023-09-28T09:00:00.000Z,0.86074,0.86309,0.86022,0.86214,29586
2023-09-28T13:00:00.000Z,0.86214,0.86659,0.86203,0.86598,41369
2023-09-28T17:00:00.000Z,0.86598,0.86747,0.86593,0.86684,18274
2023-09-28T21:00:00.000Z,0.86502,0.86761,0.86502,0.86738,5272
2023-09-29T01:00:00.000Z,0.86741,0.87074,0.86731,0.87044,18297
2023-09-29T05:00:00.000Z,0.87044,0.87213,0.86999,0.87178,24262
2023-09-29T09:00:00.000Z,0.87182,0.87267,0.87013,0.87195,26655
2023-09-29T13:00:00.000Z,0.87193,0.87344,0.8715,0.87227,38249
2023-09-29T17:00:00.000Z,0.87228,0.8737,0.87157,0.87296,18799
2023-10-01T21:00:00.000Z,0.87124,0.87441,0.87106,0.87279,10816
2023-10-02T01:00:00.000Z,0.87277,0.87331,0.87,0.87027,14851
2023-10-02T05:00:00.000Z,0.87026,0.87172,0.86944,0.8707,22218
2023-10-02T09:00:00.000Z,0.8707,0.87114,0.86998,0.87062,24359
2023-10-02T13:00:00.000Z,0.87063,0.87291,0.86996,0.87059,37663
2023-10-02T17:00:00.000Z,0.87058,0.87083,0.86988,0.87029,17854
2023-10-02T21:00:00.000Z,0.86911,0.87062,0.86911,0.87037,7868
2023-10-03T01:00:00.000Z,0.87039,0.87042,0.86576,0.86607,17434
2023-10-03T05:00:00.000Z,0.86605,0.86657,0.86464,0.86596,24772
2023-10-03T09:00:00.000Z,0.86595,0.86637,0.86371,0.8638,26728
2023-10-03T13:00:00.000Z,0.86383,0.86522,0.86266,0.8639,47997
2023-10-03T17:00:00.000Z,0.8639,0.86449,0.86245,0.8639,17120
2023-10-03T21:00:00.000Z,0.86408,0.86531,0.86332,0.86461,10575
2023-10-04T01:00:00.000Z,0.8646,0.86613,0.86244,0.86568,24413
2023-10-04T05:00:00.000Z,0.8657,0.86662,0.86434,0.86595,29338
2023-10-04T09:00:00.000Z,0.86597,0.86979,0.8657,0.86929,28313
2023-10-04T13:00:00.000Z,0.86929,0.87108,0.86863,0.86951,36781
2023-10-04T17:00:00.000Z,0.86951,0.86999,0.86874,0.86924,19007
2023-10-04T21:00:00.000Z,0.86901,0.87187,0.86838,0.87161,8671
2023-10-05T01:00:00.000Z,0.87162,0.87439,0.87158,0.87396,17573
2023-10-05T05:00:00.000Z,0.87396,0.87396,0.87173,0.87275,25758
2023-10-05T09:00:00.000Z,0.87277,0.87413,0.87066,0.87244,28852
2023-10-05T13:00:00.000Z,0.87245,0.87345,0.87084,0.87262,43056
2023-10-05T17:00:00.000Z,0.87262,0.87392,0.87204,0.87299,17392
2023-10-05T21:00:00.000Z,0.87289,0.87369,0.87182,0.87295,8387
2023-10-06T01:00:00.000Z,0.87295,0.87452,0.87271,0.87322,18573
2023-10-06T05:00:00.000Z,0.87322,0.87343,0.87191,0.87254,24512
2023-10-06T09:00:00.000Z,0.87253,0.873,0.86585,0.86748,31090
2023-10-06T13:00:00.000Z,0.86749,0.87325,0.86713,0.87208,47897
2023-10-06T17:00:00.000Z,0.87206,0.87339,0.87185,0.87208,9502
2023-10-08T21:00:00.000Z,0.86938,0.8707,0.86755,0.87029,18394
2023-10-09T01:00:00.000Z,0.87028,0.87035,0.86709,0.86725,22224
2023-10-09T05:00:00.000Z,0.86725,0.86941,0.86695,0.86875,33086
2023-10-09T09:00:00.000Z,0.86875,0.8701,0.86824,0.86891,29556
2023-10-09T13:00:00.000Z,0.86891,0.87001,0.86819,0.86867,38752
2023-10-09T17:00:00.000Z,0.86868,0.87133,0.86845,0.87101,10152
2023-10-09T21:00:00.000Z,0.87111,0.87248,0.8706,0.87134,12725
2023-10-10T01:00:00.000Z,0.87133,0.87312,0.87053,0.87072,27459
2023-10-10T05:00:00.000Z,0.87073,0.87265,0.86975,0.87218,38796
2023-10-10T09:00:00.000Z,0.87218,0.87261,0.86915,0.87005,36571
2023-10-10T13:00:00.000Z,0.87004,0.87357,0.86978,0.87279,40663
2023-10-10T17:00:00.000Z,0.87279,0.87353,0.87186,0.87343,16313
2023-10-10T21:00:00.000Z,0.87346,0.87481,0.87249,0.87436,9028
2023-10-11T01:00:00.000Z,0.87436,0.8748,0.87215,0.8725,20419
2023-10-11T05:00:00.000Z,0.8725,0.87391,0.8715,0.87314,29682
2023-10-11T09:00:00.000Z,0.87313,0.87352,0.87106,0.87257,36313
2023-10-11T13:00:00.000Z,0.87256,0.8733,0.87086,0.87123,46620
2023-10-11T17:00:00.000Z,0.87124,0.87205,0.86996,0.87167,19812
2023-10-11T21:00:00.000Z,0.87058,0.8726,0.87058,0.87188,10254
2023-10-12T01:00:00.000Z,0.87187,0.87295,0.87156,0.87255,19445
2023-10-12T05:00:00.000Z,0.87256,0.87326,0.87073,0.87168,27518
2023-10-12T09:00:00.000Z,0.87169,0.87174,0.86706,0.86814,32043
2023-10-12T13:00:00.000Z,0.86813,0.86842,0.86472,0.86486,48611
2023-10-12T17:00:00.000Z,0.86485,0.86493,0.86393,0.86436,22602
2023-10-12T21:00:00.000Z,0.86406,0.86519,0.86354,0.86482,10729
2023-10-13T01:00:00.000Z,0.86482,0.8664,0.86443,0.86448,19058
2023-10-13T05:00:00.000Z,0.86447,0.86495,0.86367,0.86409,28300
2023-10-13T09:00:00.000Z,0.86408,0.86471,0.86288,0.86417,35309
2023-10-13T13:00:00.000Z,0.86416,0.86463,0.85844,0.85936,26246
2023-10-13T17:00:00.000Z,0.85935,0.86053,0.85898,0.85996,9904
2023-10-15T21:00:00.000Z,0.86007,0.86116,0.85926,0.8604,8293
2023-10-16T01:00:00.000Z,0.86046,0.86289,0.86045,0.86251,12529
2023-10-16T05:00:00.000Z,0.86251,0.86402,0.8622,0.86326,19033
2023-10-16T09:00:00.000Z,0.86323,0.86329,0.86144,0.86184,17718
2023-10-16T13:00:00.000Z,0.86183,0.86337,0.8601,0.863,21743
2023-10-16T17:00:00.000Z,0.863,0.86365,0.86294,0.86313,10933
2023-10-16T21:00:00.000Z,0.86171,0.86557,0.86154,0.86497,8441
2023-10-17T01:00:00.000Z,0.86497,0.86698,0.86438,0.86611,14499
2023-10-17T05:00:00.000Z,0.86613,0.86661,0.86512,0.86549,18001
2023-10-17T09:00:00.000Z,0.86549,0.86876,0.86549,0.86774,22538
2023-10-17T13:00:00.000Z,0.86775,0.8694,0.86671,0.86905,32191
2023-10-17T17:00:00.000Z,0.86905,0.86905,0.8675,0.86874,14162
2023-10-17T21:00:00.000Z,0.86836,0.86893,0.8675,0.86766,7531
2023-10-18T01:00:00.000Z,0.86767,0.86991,0.86728,0.8696,16934
2023-10-18T05:00:00.000Z,0.8696,0.87114,0.86926,0.86999,23101
2023-10-18T09:00:00.000Z,0.86998,0.87021,0.86801,0.869,22865
2023-10-18T13:00:00.000Z,0.86903,0.86932,0.86707,0.86788,31121
2023-10-18T17:00:00.000Z,0.8679,0.86939,0.86767,0.86911,19223
2023-10-18T21:00:00.000Z,0.86851,0.86921,0.86615,0.86652,11619
2023-10-19T01:00:00.000Z,0.86651,0.8668,0.8643,0.86518,18929
2023-10-19T05:00:00.000Z,0.86517,0.86601,0.86451,0.86596,24563
2023-10-19T09:00:00.000Z,0.86594,0.86809,0.86498,0.86771,23722
2023-10-19T13:00:00.000Z,0.86774,0.86996,0.86664,0.86891,38789
2023-10-19T17:00:00.000Z,0.86893,0.86978,0.86777,0.86809,22350
2023-10-19T21:00:00.000Z,0.86733,0.86847,0.86607,0.86653,9775
2023-10-20T01:00:00.000Z,0.86654,0.86694,0.86571,0.86594,15913
2023-10-20T05:00:00.000Z,0.86593,0.86638,0.86372,0.86436,22673
2023-10-20T09:00:00.000Z,0.86436,0.86499,0.86325,0.86351,21233
2023-10-20T13:00:00.000Z,0.86349,0.86595,0.86314,0.86522,29392
2023-10-20T17:00:00.000Z,0.86523,0.86577,0.86476,0.86543,17628
2023-10-22T21:00:00.000Z,0.86524,0.86661,0.86359,0.8654,9100
2023-10-23T01:00:00.000Z,0.86539,0.86618,0.86507,0.86555,13032
2023-10-23T05:00:00.000Z,0.86555,0.86653,0.8646,0.86468,19769
2023-10-23T09:00:00.000Z,0.86467,0.86661,0.86312,0.8652,23566
2023-10-23T13:00:00.000Z,0.86519,0.86813,0.865,0.86729,29866
2023-10-23T17:00:00.000Z,0.8673,0.86827,0.86674,0.86723,16672
2023-10-23T21:00:00.000Z,0.86661,0.86812,0.86637,0.86809,8814
2023-10-24T01:00:00.000Z,0.86811,0.8695,0.86771,0.86943,18276
2023-10-24T05:00:00.000Z,0.86942,0.87216,0.86894,0.87136,24195
2023-10-24T09:00:00.000Z,0.87137,0.87196,0.87018,0.87194,21503
2023-10-24T13:00:00.000Z,0.87191,0.87375,0.87127,0.87275,28755
2023-10-24T17:00:00.000Z,0.87275,0.8735,0.87252,0.87327,14009
2023-10-24T21:00:00.000Z,0.87266,0.87815,0.8725,0.87805,11770
2023-10-25T01:00:00.000Z,0.87805,0.8788,0.87654,0.87753,15800
2023-10-25T05:00:00.000Z,0.87753,0.87765,0.87396,0.8742,21783
2023-10-25T09:00:00.000Z,0.87421,0.87432,0.87191,0.87293,21285
2023-10-25T13:00:00.000Z,0.87294,0.87378,0.87114,0.87119,28611
2023-10-25T17:00:00.000Z,0.87119,0.87132,0.86982,0.87048,16218
2023-10-25T21:00:00.000Z,0.87037,0.87048,0.86673,0.86716,11841
2023-10-26T01:00:00.000Z,0.86716,0.86875,0.86635,0.86721,19443
2023-10-26T05:00:00.000Z,0.8672,0.87095,0.8672,0.87038,22705
2023-10-26T09:00:00.000Z,0.87038,0.8733,0.86984,0.8732,24276
2023-10-26T13:00:00.000Z,0.8732,0.87406,0.87156,0.87227,31756
2023-10-26T17:00:00.000Z,0.87228,0.8747,0.87223,0.87427,19828
2023-10-26T21:00:00.000Z,0.87404,0.87604,0.87361,0.87568,9502
2023-10-27T01:00:00.000Z,0.87568,0.87622,0.87469,0.87574,16513
2023-10-27T05:00:00.000Z,0.87574,0.87674,0.87522,0.87641,20982
2023-10-27T09:00:00.000Z,0.87641,0.87881,0.87541,0.87778,21996
2023-10-27T13:00:00.000Z,0.87775,0.88132,0.87768,0.87906,32847
2023-10-27T17:00:00.000Z,0.87903,0.87933,0.8784,0.87868,17334
2023-10-29T21:00:00.000Z,0.87778,0.87985,0.87766,0.87931,8851
2023-10-30T01:00:00.000Z,0.87932,0.88104,0.87918,0.88073,14796
2023-10-30T05:00:00.000Z,0.88071,0.88172,0.87987,0.88117,16770
2023-10-30T09:00:00.000Z,0.88118,0.88247,0.88104,0.88181,20842
2023-10-30T13:00:00.000Z,0.8818,0.88345,0.88074,0.88168,27916
2023-10-30T17:00:00.000Z,0.88167,0.88191,0.88078,0.88155,13771
2023-10-30T21:00:00.000Z,0.88091,0.88158,0.87996,0.88098,8867
2023-10-31T01:00:00.000Z,0.88093,0.88177,0.87833,0.87859,18806
2023-10-31T05:00:00.000Z,0.87856,0.88077,0.8784,0.88067,19625
2023-10-31T09:00:00.000Z,0.88067,0.88103,0.87851,0.87874,22129
2023-10-31T13:00:00.000Z,0.87876,0.87957,0.87646,0.87896,32865
2023-10-31T17:00:00.000Z,0.87894,0.88002,0.87883,0.87921,15547
2023-10-31T21:00:00.000Z,0.87853,0.88011,0.8777,0.87827,9858
2023-11-01T01:00:00.000Z,0.87826,0.87976,0.8775,0.87867,15555
2023-11-01T05:00:00.000Z,0.87866,0.88066,0.87851,0.88046,18131
2023-11-01T09:00:00.000Z,0.88044,0.8829,0.87936,0.8821,21818
2023-11-01T13:00:00.000Z,0.88209,0.88505,0.88086,0.88304,33860
2023-11-01T17:00:00.000Z,0.88304,0.887,0.88275,0.88567,26511
2023-11-01T21:00:00.000Z,0.88534,0.88969,0.88496,0.88967,9613
2023-11-02T01:00:00.000Z,0.88968,0.89047,0.88844,0.88862,15027
2023-11-02T05:00:00.000Z,0.88863,0.89068,0.8883,0.8894,18664
2023-11-02T09:00:00.000Z,0.8894,0.89028,0.88847,0.89008,24594
2023-11-02T13:00:00.000Z,0.89008,0.89009,0.88407,0.88418,29812
2023-11-02T17:00:00.000Z,0.88419,0.88455,0.88319,0.88379,14455
2023-11-02T21:00:00.000Z,0.88395,0.88416,0.88298,0.8839,7152
2023-11-03T01:00:00.000Z,0.88388,0.88508,0.88331,0.88366,14179
2023-11-03T05:00:00.000Z,0.88367,0.88526,0.8834,0.88467,15093
2023-11-03T09:00:00.000Z,0.88467,0.8908,0.88442,0.8893,22931
2023-11-03T13:00:00.000Z,0.88926,0.8907,0.88759,0.88918,38532
2023-11-03T17:00:00.000Z,0.88916,0.8909,0.88916,0.88969,14175
2023-11-05T22:00:00.000Z,0.88871,0.89052,0.88862,0.88975,12374
2023-11-06T02:00:00.000Z,0.88975,0.89005,0.88813,0.88909,13330
2023-11-06T06:00:00.000Z,0.8891,0.88952,0.88745,0.88768,18590
2023-11-06T10:00:00.000Z,0.88768,0.8881,0.88717,0.88806,19510
2023-11-06T14:00:00.000Z,0.88807,0.88973,0.8879,0.88824,25975
2023-11-06T18:00:00.000Z,0.88824,0.88899,0.88778,0.88895,13656
2023-11-06T22:00:00.000Z,0.88848,0.88956,0.8869,0.88743,10170
2023-11-07T02:00:00.000Z,0.88743,0.89072,0.8825,0.88323,17344
2023-11-07T06:00:00.000Z,0.88321,0.8838,0.88185,0.88288,18356
2023-11-07T10:00:00.000Z,0.88289,0.88343,0.8817,0.88232,20788
2023-11-07T14:00:00.000Z,0.88232,0.88485,0.88128,0.88416,25932
2023-11-07T18:00:00.000Z,0.88417,0.88601,0.88411,0.8858,12350
2023-11-07T22:00:00.000Z,0.8854,0.88594,0.88457,0.8857,10073
2023-11-08T02:00:00.000Z,0.88568,0.88712,0.88547,0.88601,13672
2023-11-08T06:00:00.000Z,0.88601,0.88746,0.88518,0.88552,20717
2023-11-08T10:00:00.000Z,0.88551,0.88687,0.88515,0.88644,20563
2023-11-08T14:00:00.000Z,0.88644,0.88694,0.88406,0.88518,30195
2023-11-08T18:00:00.000Z,0.88515,0.88565,0.88285,0.88298,15188
2023-11-08T22:00:00.000Z,0.88283,0.88449,0.88263,0.88434,10629
2023-11-09T02:00:00.000Z,0.88434,0.88486,0.88316,0.88405,12977
2023-11-09T06:00:00.000Z,0.88406,0.88505,0.88285,0.88336,20056
2023-11-09T10:00:00.000Z,0.88336,0.88383,0.88172,0.88379,19998
2023-11-09T14:00:00.000Z,0.88378,0.88486,0.88269,0.88293,26773
2023-11-09T18:00:00.000Z,0.88294,0.88302,0.87888,0.87903,23880
2023-11-09T22:00:00.000Z,0.87904,0.87945,0.87733,0.87827,13906
2023-11-10T02:00:00.000Z,0.87829,0.87841,0.87701,0.87737,13056
2023-11-10T06:00:00.000Z,0.87736,0.87844,0.87716,0.87786,18016
2023-11-10T10:00:00.000Z,0.87785,0.87963,0.87712,0.87945,19783
2023-11-10T14:00:00.000Z,0.87949,0.8795,0.87767,0.87787,26557
2023-11-10T18:00:00.000Z,0.87787,0.87814,0.87721,0.8776,10007
2023-11-12T22:00:00.000Z,0.87667,0.87872,0.87627,0.87834,11550
2023-11-13T02:00:00.000Z,0.87834,0.87917,0.87802,0.879,10828
2023-11-13T06:00:00.000Z,0.87898,0.88085,0.8786,0.88031,16767
2023-11-13T10:00:00.000Z,0.88031,0.88133,0.87988,0.88023,15918
2023-11-13T14:00:00.000Z,0.88024,0.88089,0.87923,0.88032,22051
2023-11-13T18:00:00.000Z,0.88034,0.88066,0.88007,0.88033,8956
2023-11-13T22:00:00.000Z,0.87963,0.88093,0.87885,0.88033,8774
2023-11-14T02:00:00.000Z,0.88032,0.8808,0.87943,0.8797,11348
2023-11-14T06:00:00.000Z,0.8797,0.88135,0.87908,0.88117,16445
2023-11-14T10:00:00.000Z,0.88118,0.88704,0.88,0.88648,20930
2023-11-14T14:00:00.000Z,0.88648,0.89093,0.88622,0.89066,31595
2023-11-14T18:00:00.000Z,0.89065,0.89153,0.89049,0.891,11727
2023-11-14T22:00:00.000Z,0.89031,0.89103,0.88881,0.88942,12734
2023-11-15T02:00:00.000Z,0.88947,0.89021,0.88906,0.88992,13471
2023-11-15T06:00:00.000Z,0.88993,0.89171,0.88917,0.89119,21270
2023-11-15T10:00:00.000Z,0.89121,0.89357,0.88898,0.8905,22655
2023-11-15T14:00:00.000Z,0.89049,0.89233,0.88811,0.8908,28969
2023-11-15T18:00:00.000Z,0.89081,0.89088,0.89004,0.89058,11128
2023-11-15T22:00:00.000Z,0.88983,0.89157,0.88719,0.8878,13132
2023-11-16T02:00:00.000Z,0.8878,0.88789,0.88578,0.88701,13725
2023-11-16T06:00:00.000Z,0.88702,0.89028,0.88686,0.8898,19450
2023-11-16T10:00:00.000Z,0.88981,0.8926,0.88883,0.89223,21556
2023-11-16T14:00:00.000Z,0.89222,0.89259,0.88898,0.89081,30980
2023-11-16T18:00:00.000Z,0.89083,0.89161,0.88964,0.8901,11445
2023-11-16T22:00:00.000Z,0.88967,0.89032,0.88835,0.88864,10295
2023-11-17T02:00:00.000Z,0.88864,0.88955,0.8882,0.8895,12115
2023-11-17T06:00:00.000Z,0.88951,0.89184,0.88825,0.89147,21216
2023-11-17T10:00:00.000Z,0.89147,0.89376,0.89111,0.89173,24465
2023-11-17T14:00:00.000Z,0.89175,0.89291,0.89049,0.89262,28403
2023-11-17T18:00:00.000Z,0.89261,0.89358,0.89243,0.89344,11777
2023-11-19T22:00:00.000Z,0.89194,0.89499,0.89193,0.89444,13153
2023-11-20T02:00:00.000Z,0.89444,0.89852,0.89401,0.89712,18560
2023-11-20T06:00:00.000Z,0.89711,0.89918,0.89701,0.89905,22605
2023-11-20T10:00:00.000Z,0.89905,0.89965,0.898,0.89803,19562
2023-11-20T14:00:00.000Z,0.89804,0.90016,0.89749,0.89892,20816
2023-11-20T18:00:00.000Z,0.89893,0.90091,0.89885,0.89993,11743
2023-11-20T22:00:00.000Z,0.89932,0.90181,0.89829,0.90093,14174
2023-11-21T02:00:00.000Z,0.90092,0.90271,0.90042,0.90153,15078
2023-11-21T06:00:00.000Z,0.90157,0.90345,0.90036,0.9004,23225
2023-11-21T10:00:00.000Z,0.90041,0.90313,0.89991,0.90047,21623
2023-11-21T14:00:00.000Z,0.90048,0.9026,0.89798,0.8984,26218
2023-11-21T18:00:00.000Z,0.89836,0.89849,0.89652,0.89814,14642
2023-11-21T22:00:00.000Z,0.89833,0.89942,0.89726,0.8981,11093
2023-11-22T02:00:00.000Z,0.8981,0.89883,0.89668,0.89684,14032
2023-11-22T06:00:00.000Z,0.89685,0.89893,0.89539,0.89862,21470
2023-11-22T10:00:00.000Z,0.89861,0.90119,0.89803,0.89976,26073
2023-11-22T14:00:00.000Z,0.89977,0.8999,0.89635,0.89648,33012
2023-11-22T18:00:00.000Z,0.89647,0.89688,0.89538,0.89548,12868
2023-11-22T22:00:00.000Z,0.89584,0.89699,0.89505,0.89684,11192
2023-11-23T02:00:00.000Z,0.89683,0.89742,0.89607,0.89686,13840
2023-11-23T06:00:00.000Z,0.89686,0.89823,0.89637,0.89796,21784
2023-11-23T10:00:00.000Z,0.89796,0.89916,0.89752,0.89864,17720
2023-11-23T14:00:00.000Z,0.89864,0.89912,0.89812,0.89855,14253
2023-11-23T18:00:00.000Z,0.89856,0.89856,0.89793,0.89823,3714
2023-11-23T22:00:00.000Z,0.89771,0.89955,0.89704,0.89892,10761
2023-11-24T02:00:00.000Z,0.89891,0.89974,0.89801,0.89974,11520
2023-11-24T06:00:00.000Z,0.89974,0.89977,0.89824,0.89861,17444
2023-11-24T10:00:00.000Z,0.89861,0.89961,0.89697,0.89735,17712
2023-11-24T14:00:00.000Z,0.89736,0.89748,0.89521,0.89676,21040
2023-11-24T18:00:00.000Z,0.89678,0.89884,0.89644,0.89768,13896
2023-11-26T22:00:00.000Z,0.8969,0.89851,0.89666,0.89789,10829
2023-11-27T02:00:00.000Z,0.89788,0.89798,0.89696,0.89763,14992
2023-11-27T06:00:00.000Z,0.89763,0.90053,0.89753,0.90042,18884
2023-11-27T10:00:00.000Z,0.90044,0.90134,0.89958,0.90049,21573
2023-11-27T14:00:00.000Z,0.90048,0.90055,0.89849,0.89935,25942
2023-11-27T18:00:00.000Z,0.89934,0.90053,0.89921,0.89945,11168
2023-11-27T22:00:00.000Z,0.89961,0.90112,0.8989,0.9006,11643
2023-11-28T02:00:00.000Z,0.90061,0.90189,0.89975,0.89989,14388
2023-11-28T06:00:00.000Z,0.89989,0.90048,0.89746,0.89872,18642
2023-11-28T10:00:00.000Z,0.89871,0.90021,0.89799,0.90014,20609
2023-11-28T14:00:00.000Z,0.90015,0.90414,0.89942,0.90246,34257
2023-11-28T18:00:00.000Z,0.90245,0.9027,0.90105,0.90233,13010
2023-11-28T22:00:00.000Z,0.90144,0.9042,0.90034,0.90175,14805
2023-11-29T02:00:00.000Z,0.90175,0.90199,0.89986,0.90016,15063
2023-11-29T06:00:00.000Z,0.90019,0.90094,0.8988,0.89963,22620
2023-11-29T10:00:00.000Z,0.89962,0.90016,0.89766,0.89923,24110
2023-11-29T14:00:00.000Z,0.89925,0.90068,0.89874,0.89939,32096
2023-11-29T18:00:00.000Z,0.89937,0.90037,0.89887,0.89908,13575
2023-11-29T22:00:00.000Z,0.89867,0.90038,0.89801,0.8998,12152
2023-11-30T02:00:00.000Z,0.8998,0.90246,0.8997,0.90143,15542
2023-11-30T06:00:00.000Z,0.90143,0.90258,0.89953,0.89972,22780
2023-11-30T10:00:00.000Z,0.89973,0.8999,0.89734,0.89768,25889
2023-11-30T14:00:00.000Z,0.89769,0.89934,0.89399,0.89718,41489
2023-11-30T18:00:00.000Z,0.89719,0.89775,0.89568,0.89575,14793
2023-11-30T22:00:00.000Z,0.89551,0.8972,0.89469,0.897,12541
2023-12-01T02:00:00.000Z,0.89701,0.89736,0.89422,0.89519,14524
2023-12-01T06:00:00.000Z,0.89519,0.897,0.894,0.89635,19588
2023-12-01T10:00:00.000Z,0.89635,0.89679,0.89421,0.89427,21499
2023-12-01T14:00:00.000Z,0.89428,0.9004,0.89359,0.90032,35722
2023-12-01T18:00:00.000Z,0.90033,0.90149,0.89976,0.90065,16501
2023-12-03T22:00:00.000Z,0.90038,0.90224,0.89973,0.90184,16623
2023-12-04T02:00:00.000Z,0.90184,0.90224,0.89938,0.90007,13872
2023-12-04T06:00:00.000Z,0.90005,0.90092,0.89837,0.90062,21282
2023-12-04T10:00:00.000Z,0.90062,0.90125,0.89912,0.89976,23143
2023-12-04T14:00:00.000Z,0.89979,0.89982,0.89449,0.89579,33844
2023-12-04T18:00:00.000Z,0.8958,0.8966,0.89493,0.89605,12272
2023-12-04T22:00:00.000Z,0.89526,0.89645,0.89525,0.89577,14171
2023-12-05T02:00:00.000Z,0.89576,0.896,0.89129,0.89234,17023
2023-12-05T06:00:00.000Z,0.89233,0.89299,0.89092,0.89134,23024
2023-12-05T10:00:00.000Z,0.89131,0.89208,0.88963,0.89113,16176
2023-12-05T14:00:00.000Z,0.89113,0.89271,0.8889,0.88989,25167
2023-12-05T18:00:00.000Z,0.88989,0.89082,0.88951,0.8905,7156
2023-12-05T22:00:00.000Z,0.88999,0.89412,0.88966,0.89406,10362
2023-12-06T02:00:00.000Z,0.89408,0.8952,0.89275,0.89429,8550
2023-12-06T06:00:00.000Z,0.89429,0.89448,0.89261,0.89292,13169
2023-12-06T10:00:00.000Z,0.89292,0.89348,0.89142,0.8932,14580
2023-12-06T14:00:00.000Z,0.89319,0.89385,0.89093,0.89106,18881
2023-12-06T18:00:00.000Z,0.89106,0.89139,0.88997,0.8902,7086
2023-12-06T22:00:00.000Z,0.89005,0.89118,0.88966,0.89033,8574
2023-12-07T02:00:00.000Z,0.89034,0.89044,0.88774,0.88909,9020
2023-12-07T06:00:00.000Z,0.88909,0.89284,0.8889,0.89276,14421
2023-12-07T10:00:00.000Z,0.89276,0.89541,0.89157,0.89468,16099
2023-12-07T14:00:00.000Z,0.89468,0.89953,0.89403,0.89812,22207
2023-12-07T18:00:00.000Z,0.89812,0.89835,0.89713,0.89778,7290
2023-12-07T22:00:00.000Z,0.89677,0.89776,0.89628,0.89698,10245
2023-12-08T02:00:00.000Z,0.89698,0.89867,0.89656,0.89802,11554
2023-12-08T06:00:00.000Z,0.89803,0.89842,0.89666,0.8971,14009
2023-12-08T10:00:00.000Z,0.8971,0.89775,0.89291,0.89493,16975
2023-12-08T14:00:00.000Z,0.89493,0.89524,0.89226,0.89414,24862
2023-12-08T18:00:00.000Z,0.89414,0.89467,0.89343,0.89363,9031
2023-12-10T22:00:00.000Z,0.89251,0.89406,0.89116,0.89144,9181
2023-12-11T02:00:00.000Z,0.89144,0.89239,0.89111,0.89177,8939
2023-12-11T06:00:00.000Z,0.89178,0.89256,0.89038,0.89129,13082
2023-12-11T10:00:00.000Z,0.89129,0.89234,0.88946,0.89076,13714
2023-12-11T14:00:00.000Z,0.89077,0.89138,0.88938,0.89019,16068
2023-12-11T18:00:00.000Z,0.89019,0.89165,0.89011,0.89144,6334
2023-12-11T22:00:00.000Z,0.89096,0.89277,0.89073,0.89214,6865
2023-12-12T02:00:00.000Z,0.89214,0.89415,0.89203,0.89403,6836
2023-12-12T06:00:00.000Z,0.89404,0.8944,0.89283,0.89425,10726
2023-12-12T10:00:00.000Z,0.89424,0.89569,0.89066,0.89121,14115
2023-12-12T14:00:00.000Z,0.89124,0.89322,0.89017,0.89135,17641
2023-12-12T18:00:00.000Z,0.89135,0.89232,0.89104,0.89133,6957
2023-12-12T22:00:00.000Z,0.89134,0.89225,0.88924,0.89199,6163
2023-12-13T02:00:00.000Z,0.89199,0.89205,0.89049,0.8912,7765
2023-12-13T06:00:00.000Z,0.8912,0.89193,0.88984,0.89093,11123
2023-12-13T10:00:00.000Z,0.89093,0.89161,0.88968,0.89148,11934
2023-12-13T14:00:00.000Z,0.89148,0.89389,0.89123,0.89322,15467
2023-12-13T18:00:00.000Z,0.89322,0.9013,0.89226,0.90028,22253
2023-12-13T22:00:00.000Z,0.89972,0.90473,0.89944,0.90402,11643
2023-12-14T02:00:00.000Z,0.90402,0.90547,0.90334,0.90473,13257
2023-12-14T06:00:00.000Z,0.90473,0.90602,0.90063,0.90266,15829
2023-12-14T10:00:00.000Z,0.90266,0.90381,0.89873,0.90048,18200
2023-12-14T14:00:00.000Z,0.90048,0.90189,0.89718,0.89994,21421
2023-12-14T18:00:00.000Z,0.89992,0.89994,0.89748,0.89806,9636
2023-12-14T22:00:00.000Z,0.89777,0.89892,0.89715,0.89771,8949
2023-12-15T02:00:00.000Z,0.89771,0.90017,0.89705,0.89708,9416
2023-12-15T06:00:00.000Z,0.89708,0.89909,0.89672,0.89896,12409
2023-12-15T10:00:00.000Z,0.89896,0.89976,0.89289,0.89409,15818
2023-12-15T14:00:00.000Z,0.89409,0.89881,0.89397,0.89678,21216
2023-12-15T18:00:00.000Z,0.89678,0.89782,0.89542,0.89624,10784
2023-12-17T22:00:00.000Z,0.89557,0.89776,0.89531,0.89676,7702
2023-12-18T02:00:00.000Z,0.89676,0.89871,0.89675,0.89773,9514
2023-12-18T06:00:00.000Z,0.89773,0.9005,0.89753,0.90002,13028
2023-12-18T10:00:00.000Z,0.90002,0.9002,0.89809,0.89889,13411
2023-12-18T14:00:00.000Z,0.89889,0.89926,0.89609,0.89755,16726
2023-12-18T18:00:00.000Z,0.89754,0.89854,0.89665,0.89848,6653
2023-12-18T22:00:00.000Z,0.89842,0.89939,0.89776,0.89885,8378
2023-12-19T02:00:00.000Z,0.89885,0.9008,0.89838,0.89985,11979
2023-12-19T06:00:00.000Z,0.89983,0.90136,0.89862,0.90107,12465
2023-12-19T10:00:00.000Z,0.90107,0.90201,0.89936,0.89996,11293
2023-12-19T14:00:00.000Z,0.89994,0.90378,0.89975,0.90199,15151
2023-12-19T18:00:00.000Z,0.90199,0.90239,0.90111,0.9016,5984
2023-12-19T22:00:00.000Z,0.90184,0.90289,0.90052,0.90265,8183
2023-12-20T02:00:00.000Z,0.90265,0.90453,0.90155,0.9036,8834
2023-12-20T06:00:00.000Z,0.9036,0.90396,0.90183,0.90191,12331
2023-12-20T10:00:00.000Z,0.90191,0.9034,0.90094,0.90319,12011
2023-12-20T14:00:00.000Z,0.90319,0.90338,0.90065,0.9012,15073
2023-12-20T18:00:00.000Z,0.90122,0.90167,0.89895,0.89965,10989
2023-12-20T22:00:00.000Z,0.89981,0.90079,0.89849,0.90074,9538
2023-12-21T02:00:00.000Z,0.90073,0.90163,0.90047,0.90131,10443
2023-12-21T06:00:00.000Z,0.90131,0.90151,0.89921,0.90076,12859
2023-12-21T10:00:00.000Z,0.90076,0.90513,0.90015,0.90351,17605
2023-12-21T14:00:00.000Z,0.90352,0.90494,0.90162,0.90244,25418
2023-12-21T18:00:00.000Z,0.90244,0.90353,0.90212,0.90333,9283
2023-12-21T22:00:00.000Z,0.90286,0.90336,0.90167,0.90199,8625
2023-12-22T02:00:00.000Z,0.90199,0.90206,0.90029,0.90053,9596
2023-12-22T06:00:00.000Z,0.90052,0.90249,0.89997,0.90185,13382
2023-12-22T10:00:00.000Z,0.90185,0.90446,0.90175,0.90388,14962
2023-12-22T14:00:00.000Z,0.90385,0.90409,0.90093,0.90226,23256
2023-12-22T18:00:00.000Z,0.90227,0.90298,0.90136,0.90201,10323
2023-12-25T22:00:00.000Z,0.90138,0.9026,0.89952,0.90244,2691
2023-12-26T02:00:00.000Z,0.90244,0.90319,0.90238,0.90296,2589
2023-12-26T06:00:00.000Z,0.90296,0.90312,0.90094,0.901,5600
2023-12-26T10:00:00.000Z,0.90101,0.90221,0.89996,0.90044,6949
2023-12-26T14:00:00.000Z,0.90044,0.90045,0.8987,0.90014,8438
2023-12-26T18:00:00.000Z,0.90014,0.90116,0.90006,0.90075,4583
2023-12-26T22:00:00.000Z,0.90036,0.90124,0.8994,0.90118,3463
2023-12-27T02:00:00.000Z,0.90117,0.90222,0.90005,0.90054,5364
2023-12-27T06:00:00.000Z,0.90057,0.90298,0.90049,0.9021,7968
2023-12-27T10:00:00.000Z,0.9021,0.90364,0.90148,0.90189,7470
2023-12-27T14:00:00.000Z,0.90187,0.90469,0.90118,0.9042,11452
2023-12-27T18:00:00.000Z,0.9042,0.90498,0.90365,0.90428,6849
2023-12-27T22:00:00.000Z,0.90371,0.90637,0.90337,0.90633,7455
2023-12-28T02:00:00.000Z,0.90633,0.90642,0.90273,0.9036,10610
2023-12-28T06:00:00.000Z,0.90363,0.90395,0.90156,0.90224,13184
2023-12-28T10:00:00.000Z,0.90224,0.90485,0.90167,0.90179,10458
2023-12-28T14:00:00.000Z,0.90179,0.90555,0.90121,0.90461,11748
2023-12-28T18:00:00.000Z,0.90461,0.90462,0.90287,0.90323,5924
2023-12-28T22:00:00.000Z,0.90291,0.90499,0.90258,0.90481,6633
2023-12-29T02:00:00.000Z,0.90481,0.90531,0.90316,0.90487,8177
2023-12-29T06:00:00.000Z,0.90488,0.90588,0.9016,0.90162,8152
2023-12-29T10:00:00.000Z,0.90162,0.90198,0.8991,0.89918,8483
2023-12-29T14:00:00.000Z,0.89916,0.90333,0.89855,0.90265,13443
2023-12-29T18:00:00.000Z,0.90263,0.90327,0.90173,0.90246,5767
2024-01-01T22:00:00.000Z,0.90185,0.90267,0.90108,0.90201,6909
2024-01-02T02:00:00.000Z,0.90201,0.90573,0.90147,0.90513,7899
2024-01-02T06:00:00.000Z,0.90513,0.90559,0.90346,0.90401,15005
2024-01-02T10:00:00.000Z,0.90402,0.90425,0.90138,0.90162,15536
2024-01-02T14:00:00.000Z,0.90162,0.90401,0.90052,0.90112,22435
2024-01-02T18:00:00.000Z,0.90112,0.90167,0.90054,0.90068,8731
2024-01-02T22:00:00.000Z,0.90096,0.90176,0.8999,0.90035,8575
2024-01-03T02:00:00.000Z,0.90035,0.90216,0.8999,0.90146,9165
2024-01-03T06:00:00.000Z,0.90147,0.9019,0.89922,0.89931,15222
2024-01-03T10:00:00.000Z,0.89933,0.89968,0.89695,0.8972,15134
2024-01-03T14:00:00.000Z,0.8972,0.89902,0.89541,0.89782,22923
2024-01-03T18:00:00.000Z,0.89784,0.89939,0.89669,0.89868,13693
2024-01-03T22:00:00.000Z,0.89841,0.89912,0.89747,0.89816,8390
2024-01-04T02:00:00.000Z,0.89818,0.89988,0.89721,0.89902,9732
2024-01-04T06:00:00.000Z,0.89902,0.90057,0.89831,0.89834,14380
2024-01-04T10:00:00.000Z,0.89834,0.89837,0.89603,0.89652,14881
2024-01-04T14:00:00.000Z,0.89654,0.89691,0.89438,0.89508,19068
2024-01-04T18:00:00.000Z,0.89508,0.89536,0.89461,0.89525,7279
2024-01-04T22:00:00.000Z,0.89547,0.89652,0.89471,0.89592,7082
2024-01-05T02:00:00.000Z,0.89592,0.89663,0.89461,0.89567,8225
2024-01-05T06:00:00.000Z,0.89567,0.89626,0.89326,0.89354,13398
2024-01-05T10:00:00.000Z,0.89355,0.89425,0.88965,0.8932,16055
2024-01-05T14:00:00.000Z,0.89319,0.89775,0.89308,0.89575,28149
2024-01-05T18:00:00.000Z,0.89575,0.89782,0.89531,0.89719,10243
2024-01-07T22:00:00.000Z,0.89655,0.89879,0.89568,0.89822,6116
2024-01-08T02:00:00.000Z,0.89822,0.89828,0.8954,0.89599,8809
2024-01-08T06:00:00.000Z,0.89599,0.89714,0.89484,0.89602,13811
2024-01-08T10:00:00.000Z,0.89602,0.89628,0.89388,0.89495,12475
2024-01-08T14:00:00.000Z,0.89495,0.89859,0.8948,0.89713,16911
2024-01-08T18:00:00.000Z,0.89713,0.89756,0.89648,0.89678,6243
2024-01-08T22:00:00.000Z,0.8967,0.89829,0.89627,0.89811,7600
2024-01-09T02:00:00.000Z,0.89811,0.89861,0.89626,0.89643,7401
2024-01-09T06:00:00.000Z,0.89643,0.89667,0.89474,0.89517,11312
2024-01-09T10:00:00.000Z,0.89516,0.89576,0.89381,0.89564,11766
2024-01-09T14:00:00.000Z,0.89564,0.8971,0.89483,0.89538,16646
2024-01-09T18:00:00.000Z,0.89538,0.89587,0.8947,0.89547,10031
2024-01-09T22:00:00.000Z,0.89513,0.89657,0.89465,0.89637,8352
2024-01-10T02:00:00.000Z,0.89636,0.89743,0.89616,0.89705,7408
2024-01-10T06:00:00.000Z,0.89705,0.89724,0.89599,0.89695,10971
2024-01-10T10:00:00.000Z,0.89693,0.8973,0.89632,0.89647,10767
2024-01-10T14:00:00.000Z,0.89647,0.89652,0.89485,0.89594,15766
2024-01-10T18:00:00.000Z,0.89594,0.89673,0.89576,0.89632,7422
2024-01-10T22:00:00.000Z,0.89546,0.8979,0.89536,0.89772,6310
2024-01-11T02:00:00.000Z,0.89772,0.89837,0.89702,0.89749,6908
2024-01-11T06:00:00.000Z,0.89749,0.89813,0.89691,0.89724,9501
2024-01-11T10:00:00.000Z,0.89724,0.89815,0.89308,0.89324,15159
2024-01-11T14:00:00.000Z,0.89324,0.89484,0.89255,0.89351,28209
2024-01-11T18:00:00.000Z,0.8935,0.89627,0.89345,0.89582,11009
2024-01-11T22:00:00.000Z,0.89547,0.89775,0.8954,0.89752,8973
2024-01-12T02:00:00.000Z,0.89752,0.8977,0.89581,0.89583,8864
2024-01-12T06:00:00.000Z,0.89582,0.89652,0.89475,0.89478,12231
2024-01-12T10:00:00.000Z,0.89478,0.89723,0.89325,0.89535,14882
2024-01-12T14:00:00.000Z,0.89535,0.8981,0.89505,0.89613,22136
2024-01-12T18:00:00.000Z,0.89613,0.89684,0.89588,0.89618,6892
2024-01-14T22:00:00.000Z,0.89556,0.89713,0.89552,0.89665,8728
2024-01-15T02:00:00.000Z,0.89665,0.89718,0.89551,0.89559,7508
2024-01-15T06:00:00.000Z,0.89559,0.89578,0.89278,0.89305,10626
2024-01-15T10:00:00.000Z,0.89304,0.89426,0.8925,0.8939,11409
2024-01-15T14:00:00.000Z,0.89389,0.89536,0.89346,0.89492,8399
2024-01-15T18:00:00.000Z,0.89492,0.89497,0.89396,0.89409,2206
2024-01-15T22:00:00.000Z,0.89398,0.89425,0.89048,0.89232,11354
2024-01-16T02:00:00.000Z,0.89232,0.89266,0.89045,0.89109,11122
2024-01-16T06:00:00.000Z,0.89113,0.89414,0.89084,0.8914,14663
2024-01-16T10:00:00.000Z,0.8914,0.8914,0.88833,0.88836,14913
2024-01-16T14:00:00.000Z,0.88836,0.88976,0.88771,0.88786,23741
2024-01-16T18:00:00.000Z,0.88786,0.889,0.88782,0.88844,8879
2024-01-16T22:00:00.000Z,0.888,0.88926,0.88771,0.88909,7867
2024-01-17T02:00:00.000Z,0.88909,0.88913,0.88557,0.88617,9600
2024-01-17T06:00:00.000Z,0.88617,0.88652,0.88396,0.88577,16357
2024-01-17T10:00:00.000Z,0.88579,0.88732,0.88402,0.88491,12828
2024-01-17T14:00:00.000Z,0.88491,0.88517,0.8822,0.88456,19818
2024-01-17T18:00:00.000Z,0.88456,0.88524,0.88379,0.88483,8029
2024-01-17T22:00:00.000Z,0.8849,0.88536,0.88129,0.88479,8640
2024-01-18T02:00:00.000Z,0.88476,0.88572,0.88379,0.88463,9066
2024-01-18T06:00:00.000Z,0.88464,0.88597,0.88405,0.88557,13089
2024-01-18T10:00:00.000Z,0.88557,0.88677,0.88473,0.88474,13847
2024-01-18T14:00:00.000Z,0.88475,0.88643,0.88463,0.88564,22553
2024-01-18T18:00:00.000Z,0.88564,0.88674,0.88538,0.8866,9400
2024-01-18T22:00:00.000Z,0.88611,0.88832,0.8856,0.8878,8914
2024-01-19T02:00:00.000Z,0.88774,0.88829,0.88645,0.88683,6900
2024-01-19T06:00:00.000Z,0.88683,0.88859,0.88633,0.88856,13100
2024-01-19T10:00:00.000Z,0.88855,0.88895,0.8877,0.88805,12116
2024-01-19T14:00:00.000Z,0.88805,0.88839,0.8856,0.88717,20015
2024-01-19T18:00:00.000Z,0.88717,0.88734,0.88585,0.88605,7727
2024-01-21T22:00:00.000Z,0.88491,0.88763,0.88481,0.88676,10018
2024-01-22T02:00:00.000Z,0.88676,0.88689,0.88514,0.88534,8203
2024-01-22T06:00:00.000Z,0.88534,0.88562,0.8842,0.8844,12917
2024-01-22T10:00:00.000Z,0.8844,0.8858,0.88406,0.8855,11880
2024-01-22T14:00:00.000Z,0.8855,0.88621,0.8848,0.88568,15608
2024-01-22T18:00:00.000Z,0.88566,0.88603,0.88489,0.88538,7469
2024-01-22T22:00:00.000Z,0.88537,0.88861,0.88511,0.88831,7031
2024-01-23T02:00:00.000Z,0.88831,0.88939,0.88692,0.8893,12811
2024-01-23T06:00:00.000Z,0.88932,0.88969,0.88757,0.88775,12575
2024-01-23T10:00:00.000Z,0.88775,0.88874,0.88639,0.88837,11508
2024-01-23T14:00:00.000Z,0.88837,0.88838,0.88375,0.88431,12620
2024-01-23T18:00:00.000Z,0.88431,0.88595,0.88428,0.88554,5820
2024-01-23T22:00:00.000Z,0.88545,0.88634,0.88508,0.88542,7020
2024-01-24T02:00:00.000Z,0.88542,0.88566,0.88473,0.88536,8118
2024-01-24T06:00:00.000Z,0.88536,0.88817,0.88483,0.88727,12976
2024-01-24T10:00:00.000Z,0.88727,0.88946,0.8866,0.8887,12894
2024-01-24T14:00:00.000Z,0.88869,0.89084,0.8867,0.89058,21405
2024-01-24T18:00:00.000Z,0.89058,0.89069,0.88911,0.88944,9643
2024-01-24T22:00:00.000Z,0.88826,0.88994,0.88797,0.88911,9107
2024-01-25T02:00:00.000Z,0.8891,0.8894,0.88837,0.88887,10071
2024-01-25T06:00:00.000Z,0.88887,0.89022,0.88879,0.88954,13291
2024-01-25T10:00:00.000Z,0.88954,0.89127,0.88859,0.89109,15247
2024-01-25T14:00:00.000Z,0.89108,0.89153,0.88721,0.88765,23750
2024-01-25T18:00:00.000Z,0.88765,0.88833,0.88668,0.88703,10654
2024-01-25T22:00:00.000Z,0.88646,0.88791,0.88625,0.8874,6492
2024-01-26T02:00:00.000Z,0.8874,0.88813,0.8872,0.88764,7769
2024-01-26T06:00:00.000Z,0.88763,0.88764,0.88599,0.88677,12083
2024-01-26T10:00:00.000Z,0.88677,0.88745,0.88517,0.88674,13834
2024-01-26T14:00:00.000Z,0.88674,0.88721,0.88532,0.88594,18194
2024-01-26T18:00:00.000Z,0.88591,0.88599,0.88437,0.88478,6757
2024-01-28T22:00:00.000Z,0.88419,0.88682,0.8836,0.88636,8078
2024-01-29T02:00:00.000Z,0.88636,0.88677,0.88578,0.88601,8014
2024-01-29T06:00:00.000Z,0.88601,0.88704,0.88584,0.88674,10512
2024-01-29T10:00:00.000Z,0.88674,0.88744,0.88624,0.88677,11107
2024-01-29T14:00:00.000Z,0.88677,0.88724,0.88548,0.88629,14382
2024-01-29T18:00:00.000Z,0.88628,0.88738,0.88588,0.88681,8025
2024-01-29T22:00:00.000Z,0.88667,0.88779,0.88484,0.88684,7863
2024-01-30T02:00:00.000Z,0.88684,0.88706,0.88582,0.88701,8850
2024-01-30T06:00:00.000Z,0.88701,0.88706,0.88432,0.88535,11136
2024-01-30T10:00:00.000Z,0.88534,0.88539,0.8843,0.88515,11288
2024-01-30T14:00:00.000Z,0.88514,0.88571,0.88319,0.88419,18418
2024-01-30T18:00:00.000Z,0.88419,0.88528,0.88399,0.88452,6301
2024-01-30T22:00:00.000Z,0.88421,0.88479,0.88112,0.88158,8742
2024-01-31T02:00:00.000Z,0.88158,0.88206,0.88009,0.88103,8100
2024-01-31T06:00:00.000Z,0.88103,0.88415,0.88043,0.88356,10741
2024-01-31T10:00:00.000Z,0.88356,0.88509,0.88292,0.88362,13958
2024-01-31T14:00:00.000Z,0.88361,0.88602,0.88259,0.88322,22854
2024-01-31T18:00:00.000Z,0.8832,0.88526,0.88065,0.88199,24830
2024-01-31T22:00:00.000Z,0.88191,0.88298,0.88129,0.88167,9618
2024-02-01T02:00:00.000Z,0.88167,0.88288,0.87889,0.87913,12379
2024-02-01T06:00:00.000Z,0.87913,0.87955,0.87678,0.87759,14406
2024-02-01T10:00:00.000Z,0.87763,0.87784,0.87589,0.8762,14744
2024-02-01T14:00:00.000Z,0.8762,0.87928,0.87531,0.87876,24968
2024-02-01T18:00:00.000Z,0.87875,0.88005,0.87843,0.87961,12103
2024-02-01T22:00:00.000Z,0.87936,0.88124,0.87876,0.88121,6619
2024-02-02T02:00:00.000Z,0.8812,0.8824,0.8812,0.88191,7621
2024-02-02T06:00:00.000Z,0.88189,0.8829,0.88123,0.88262,11628
2024-02-02T10:00:00.000Z,0.88262,0.88404,0.87846,0.87895,15005
2024-02-02T14:00:00.000Z,0.87895,0.87931,0.87586,0.87633,25389
2024-02-02T18:00:00.000Z,0.87633,0.8774,0.87605,0.87675,8607
2024-02-04T22:00:00.000Z,0.87614,0.87709,0.8742,0.87665,12211
2024-02-05T02:00:00.000Z,0.87665,0.87774,0.87578,0.87764,12353
2024-02-05T06:00:00.000Z,0.87763,0.87822,0.87625,0.87655,11582
2024-02-05T10:00:00.000Z,0.87655,0.87722,0.87558,0.87663,11541
2024-02-05T14:00:00.000Z,0.87665,0.87764,0.87545,0.87735,17378
2024-02-05T18:00:00.000Z,0.87735,0.87792,0.87711,0.87791,6909
2024-02-05T22:00:00.000Z,0.87721,0.87837,0.87714,0.87824,7759
2024-02-06T02:00:00.000Z,0.87824,0.88093,0.87713,0.87969,12968
2024-02-06T06:00:00.000Z,0.87969,0.88033,0.87874,0.87889,11437
2024-02-06T10:00:00.000Z,0.87889,0.87974,0.87828,0.87859,12594
2024-02-06T14:00:00.000Z,0.87859,0.88087,0.87857,0.87958,20166
2024-02-06T18:00:00.000Z,0.87958,0.88011,0.87868,0.88001,10830
2024-02-06T22:00:00.000Z,0.87973,0.88139,0.87912,0.88126,8306
2024-02-07T02:00:00.000Z,0.88125,0.88125,0.88,0.88047,10319
2024-02-07T06:00:00.000Z,0.88047,0.88104,0.87903,0.87953,11821
2024-02-07T10:00:00.000Z,0.87953,0.88015,0.87846,0.87867,12446
2024-02-07T14:00:00.000Z,0.87866,0.87992,0.87803,0.87833,17959
2024-02-07T18:00:00.000Z,0.87833,0.87879,0.87741,0.8778,8965
2024-02-07T22:00:00.000Z,0.87741,0.87857,0.87741,0.87807,9159
2024-02-08T02:00:00.000Z,0.87808,0.87843,0.87703,0.87731,10217
2024-02-08T06:00:00.000Z,0.87731,0.87785,0.87606,0.87636,12106
2024-02-08T10:00:00.000Z,0.87636,0.87662,0.87432,0.87447,13832
2024-02-08T14:00:00.000Z,0.87441,0.8747,0.87258,0.87375,17739
2024-02-08T18:00:00.000Z,0.87375,0.87424,0.87284,0.87368,8159
2024-02-08T22:00:00.000Z,0.87374,0.87481,0.87329,0.87402,6390
2024-02-09T02:00:00.000Z,0.87402,0.87464,0.87377,0.8742,7527
2024-02-09T06:00:00.000Z,0.8742,0.87635,0.87408,0.87566,9501
2024-02-09T10:00:00.000Z,0.87566,0.87676,0.87396,0.87639,14789
2024-02-09T14:00:00.000Z,0.8764,0.87832,0.87556,0.87797,18332
2024-02-09T18:00:00.000Z,0.87797,0.87851,0.87758,0.87801,5643
2024-02-11T22:00:00.000Z,0.8777,0.87846,0.87632,0.87813,4868
2024-02-12T02:00:00.000Z,0.87814,0.87836,0.8771,0.87748,4087
2024-02-12T06:00:00.000Z,0.87748,0.87843,0.87694,0.87739,8912
2024-02-12T10:00:00.000Z,0.87739,0.87894,0.87718,0.87831,10671
2024-02-12T14:00:00.000Z,0.87832,0.8791,0.87739,0.879,15056
2024-02-12T18:00:00.000Z,0.879,0.87907,0.87802,0.87839,7944
2024-02-12T22:00:00.000Z,0.87772,0.87857,0.87738,0.87805,5931
2024-02-13T02:00:00.000Z,0.87805,0.87809,0.87672,0.87689,8610
2024-02-13T06:00:00.000Z,0.8769,0.87728,0.8761,0.87648,11161
2024-02-13T10:00:00.000Z,0.87646,0.87827,0.87368,0.87459,15334
2024-02-13T14:00:00.000Z,0.87458,0.87684,0.87407,0.87596,22565
2024-02-13T18:00:00.000Z,0.87596,0.87644,0.87519,0.87537,9507
2024-02-13T22:00:00.000Z,0.87492,0.8758,0.87481,0.87571,8154
2024-02-14T02:00:00.000Z,0.87571,0.87687,0.8755,0.87673,8544
2024-02-14T06:00:00.000Z,0.87673,0.87801,0.87671,0.8771,12954
2024-02-14T10:00:00.000Z,0.8771,0.87858,0.87638,0.87724,13715
2024-02-14T14:00:00.000Z,0.87724,0.87962,0.87709,0.8793,19797
2024-02-14T18:00:00.000Z,0.87931,0.87976,0.87886,0.87907,8189
2024-02-14T22:00:00.000Z,0.87852,0.88007,0.87744,0.87794,6852
2024-02-15T02:00:00.000Z,0.87794,0.87886,0.87772,0.87866,8379
2024-02-15T06:00:00.000Z,0.87866,0.87991,0.87854,0.87922,11306
2024-02-15T10:00:00.000Z,0.87922,0.88203,0.87918,0.88108,13044
2024-02-15T14:00:00.000Z,0.88108,0.88118,0.87777,0.87802,20241
2024-02-15T18:00:00.000Z,0.87802,0.87882,0.87784,0.87843,9386
2024-02-15T22:00:00.000Z,0.87833,0.87886,0.8773,0.87794,6007
2024-02-16T02:00:00.000Z,0.87794,0.87899,0.8777,0.87882,8822
2024-02-16T06:00:00.000Z,0.87882,0.87992,0.87858,0.87934,9954
2024-02-16T10:00:00.000Z,0.87934,0.87981,0.87723,0.87806,12046
2024-02-16T14:00:00.000Z,0.87806,0.88127,0.87752,0.88116,19502
2024-02-16T18:00:00.000Z,0.88115,0.88179,0.88076,0.8809,7822
2024-02-18T22:00:00.000Z,0.87985,0.88236,0.87985,0.88146,9073
2024-02-19T02:00:00.000Z,0.88146,0.88217,0.88108,0.88177,10496
2024-02-19T06:00:00.000Z,0.88177,0.88208,0.88109,0.88119,10441
2024-02-19T10:00:00.000Z,0.88119,0.88144,0.88065,0.8813,8522
2024-02-19T14:00:00.000Z,0.88132,0.88228,0.881,0.88183,6016
2024-02-19T18:00:00.000Z,0.88183,0.88236,0.8818,0.88219,1808
2024-02-19T22:00:00.000Z,0.88126,0.8822,0.88098,0.88169,8859
2024-02-20T02:00:00.000Z,0.88169,0.88216,0.88099,0.88203,6938
2024-02-20T06:00:00.000Z,0.88203,0.88427,0.88173,0.88426,9276
2024-02-20T10:00:00.000Z,0.88425,0.88895,0.88356,0.88819,14479
2024-02-20T14:00:00.000Z,0.88821,0.88863,0.88591,0.88621,18605
2024-02-20T18:00:00.000Z,0.88621,0.8864,0.88543,0.88565,8270
2024-02-20T22:00:00.000Z,0.88527,0.88647,0.88498,0.88626,7777
2024-02-21T02:00:00.000Z,0.88625,0.88767,0.88624,0.88739,8886
2024-02-21T06:00:00.000Z,0.88739,0.88761,0.88625,0.88647,11361
2024-02-21T10:00:00.000Z,0.88645,0.88696,0.88607,0.88622,15188
2024-02-21T14:00:00.000Z,0.88622,0.88665,0.88322,0.88353,25766
2024-02-21T18:00:00.000Z,0.88354,0.88519,0.88291,0.88471,19286
2024-02-21T22:00:00.000Z,0.88355,0.88475,0.88352,0.88361,10456
2024-02-22T02:00:00.000Z,0.88358,0.88447,0.88285,0.88422,12215
2024-02-22T06:00:00.000Z,0.88423,0.88665,0.88412,0.88543,20862
2024-02-22T10:00:00.000Z,0.88541,0.88612,0.88431,0.8849,21426
2024-02-22T14:00:00.000Z,0.8849,0.88496,0.8829,0.88379,28827
2024-02-22T18:00:00.000Z,0.8838,0.88428,0.88343,0.88385,16277
2024-02-22T22:00:00.000Z,0.88379,0.88611,0.88323,0.8859,12573
2024-02-23T02:00:00.000Z,0.8859,0.88612,0.88505,0.88532,13243
2024-02-23T06:00:00.000Z,0.8853,0.88644,0.88433,0.88447,18373
2024-02-23T10:00:00.000Z,0.88449,0.88604,0.88435,0.88508,22339
2024-02-23T14:00:00.000Z,0.88508,0.88672,0.885,0.88589,26703
2024-02-23T18:00:00.000Z,0.88589,0.88664,0.88575,0.88655,11344
2024-02-25T22:00:00.000Z,0.88538,0.88693,0.88449,0.8858,7089
2024-02-26T02:00:00.000Z,0.8858,0.88626,0.88533,0.88563,6523
2024-02-26T06:00:00.000Z,0.88563,0.88596,0.88482,0.88522,9280
2024-02-26T10:00:00.000Z,0.88523,0.88607,0.88502,0.8851,17707
2024-02-26T14:00:00.000Z,0.8851,0.88511,0.88305,0.88337,20348
2024-02-26T18:00:00.000Z,0.88338,0.88355,0.88282,0.88324,11676
2024-02-26T22:00:00.000Z,0.88278,0.88332,0.88216,0.88271,10202
2024-02-27T02:00:00.000Z,0.88271,0.88389,0.88166,0.88345,13863
2024-02-27T06:00:00.000Z,0.88344,0.88481,0.88331,0.88414,18484
2024-02-27T10:00:00.000Z,0.88414,0.88459,0.88319,0.88422,20802
2024-02-27T14:00:00.000Z,0.88423,0.88556,0.88349,0.88485,24390
2024-02-27T18:00:00.000Z,0.88484,0.88558,0.88475,0.8852,11804
2024-02-27T22:00:00.000Z,0.88446,0.88594,0.88403,0.88467,10621
2024-02-28T02:00:00.000Z,0.88467,0.88483,0.8823,0.8827,12055
2024-02-28T06:00:00.000Z,0.88271,0.88287,0.88145,0.88189,17341
2024-02-28T10:00:00.000Z,0.88189,0.8834,0.88154,0.88193,19699
2024-02-28T14:00:00.000Z,0.88193,0.88207,0.8806,0.88148,23042
2024-02-28T18:00:00.000Z,0.88151,0.88197,0.88132,0.88188,15259
2024-02-28T22:00:00.000Z,0.88146,0.88337,0.88115,0.88293,11330
2024-02-29T02:00:00.000Z,0.88293,0.88496,0.88284,0.88448,15852
2024-02-29T06:00:00.000Z,0.88448,0.88471,0.88286,0.88338,20703
2024-02-29T10:00:00.000Z,0.88338,0.88362,0.88177,0.88321,22143
2024-02-29T14:00:00.000Z,0.88319,0.88443,0.88153,0.88174,28540
2024-02-29T18:00:00.000Z,0.88174,0.88239,0.88156,0.88223,11910
2024-02-29T22:00:00.000Z,0.8817,0.88276,0.88117,0.88262,10312
2024-03-01T02:00:00.000Z,0.88263,0.88349,0.88252,0.88326,8759
2024-03-01T06:00:00.000Z,0.88327,0.88382,0.88189,0.88254,16536
2024-03-01T10:00:00.000Z,0.88254,0.88346,0.88162,0.88277,19125
2024-03-01T14:00:00.000Z,0.88277,0.88538,0.8823,0.88505,28237
2024-03-01T18:00:00.000Z,0.88505,0.88554,0.88462,0.88473,14715
2024-03-03T22:00:00.000Z,0.88403,0.88528,0.88383,0.88452,7022
2024-03-04T02:00:00.000Z,0.88452,0.88506,0.88388,0.8839,5950
2024-03-04T06:00:00.000Z,0.88389,0.88511,0.88387,0.88465,10264
2024-03-04T10:00:00.000Z,0.88464,0.88518,0.88401,0.88411,13515
2024-03-04T14:00:00.000Z,0.88411,0.88474,0.88354,0.88408,21888
2024-03-04T18:00:00.000Z,0.88408,0.88422,0.88342,0.88352,10492
2024-03-04T22:00:00.000Z,0.88326,0.88377,0.8829,0.88335,9618
2024-03-05T02:00:00.000Z,0.88334,0.88349,0.88161,0.88163,9493
2024-03-05T06:00:00.000Z,0.88163,0.88193,0.88052,0.88135,14445
2024-03-05T10:00:00.000Z,0.88136,0.88264,0.88125,0.88244,15248
2024-03-05T14:00:00.000Z,0.88244,0.88481,0.88159,0.88384,27133
2024-03-05T18:00:00.000Z,0.88386,0.88441,0.88369,0.88394,18645
2024-03-05T22:00:00.000Z,0.88394,0.88432,0.8828,0.88283,11531
2024-03-06T02:00:00.000Z,0.88283,0.88549,0.88281,0.88515,12334
2024-03-06T06:00:00.000Z,0.88515,0.88612,0.88503,0.88603,19857
2024-03-06T10:00:00.000Z,0.88602,0.88737,0.88558,0.88723,21986
2024-03-06T14:00:00.000Z,0.88723,0.88886,0.88586,0.88754,29785
2024-03-06T18:00:00.000Z,0.88757,0.88814,0.88684,0.88707,18277
2024-03-06T22:00:00.000Z,0.88645,0.88855,0.88628,0.88782,9983
2024-03-07T02:00:00.000Z,0.88782,0.88962,0.88758,0.8884,12725
2024-03-07T06:00:00.000Z,0.88839,0.89101,0.88832,0.89094,17861
2024-03-07T10:00:00.000Z,0.89096,0.89242,0.89091,0.89126,19320
2024-03-07T14:00:00.000Z,0.89125,0.89224,0.89048,0.89126,25997
2024-03-07T18:00:00.000Z,0.8913,0.89138,0.8906,0.89095,14326
2024-03-07T22:00:00.000Z,0.89006,0.89145,0.88986,0.89032,9709
2024-03-08T02:00:00.000Z,0.89031,0.89187,0.88978,0.89185,9325
2024-03-08T06:00:00.000Z,0.89184,0.89277,0.89093,0.89273,17876
2024-03-08T10:00:00.000Z,0.89272,0.89491,0.89162,0.89344,20869
2024-03-08T14:00:00.000Z,0.89345,0.89442,0.89208,0.89293,33456
2024-03-08T18:00:00.000Z,0.89293,0.89353,0.89257,0.89346,16274
2024-03-10T21:00:00.000Z,0.8928,0.89347,0.8924,0.89251,8961
2024-03-11T01:00:00.000Z,0.89249,0.89286,0.89107,0.89152,13637
2024-03-11T05:00:00.000Z,0.89151,0.89229,0.8908,0.89101,17267
2024-03-11T09:00:00.000Z,0.89101,0.89189,0.89093,0.89156,18791
2024-03-11T13:00:00.000Z,0.89156,0.89211,0.89062,0.89102,25463
2024-03-11T17:00:00.000Z,0.89102,0.89166,0.89063,0.89165,10816
2024-03-11T21:00:00.000Z,0.89084,0.89216,0.89056,0.8917,7971
2024-03-12T01:00:00.000Z,0.89171,0.89218,0.89098,0.89126,11088
2024-03-12T05:00:00.000Z,0.89126,0.89184,0.89053,0.89127,14412
2024-03-12T09:00:00.000Z,0.89127,0.89439,0.88929,0.89216,22814
2024-03-12T13:00:00.000Z,0.89216,0.89222,0.88986,0.89071,35413
2024-03-12T17:00:00.000Z,0.89071,0.89135,0.89034,0.89129,18031
2024-03-12T21:00:00.000Z,0.89113,0.89192,0.89038,0.89105,7848
2024-03-13T01:00:00.000Z,0.89105,0.89261,0.89074,0.89241,16803
2024-03-13T05:00:00.000Z,0.89241,0.89282,0.89138,0.89155,21278
2024-03-13T09:00:00.000Z,0.89155,0.89228,0.89079,0.89183,19987
2024-03-13T13:00:00.000Z,0.89184,0.89249,0.89075,0.89208,24445
2024-03-13T17:00:00.000Z,0.89206,0.89322,0.89174,0.89194,12836
2024-03-13T21:00:00.000Z,0.89134,0.89281,0.89101,0.89218,6398
2024-03-14T01:00:00.000Z,0.8922,0.89271,0.89075,0.89139,9541
2024-03-14T05:00:00.000Z,0.89137,0.89218,0.89109,0.89155,13322
2024-03-14T09:00:00.000Z,0.89157,0.89256,0.89048,0.89128,18388
2024-03-14T13:00:00.000Z,0.89129,0.89137,0.88897,0.89038,29516
2024-03-14T17:00:00.000Z,0.89038,0.89082,0.89003,0.89061,15904
2024-03-14T21:00:00.000Z,0.88991,0.89076,0.88892,0.88919,9155
2024-03-15T01:00:00.000Z,0.88916,0.88945,0.88798,0.88888,14441
2024-03-15T05:00:00.000Z,0.88889,0.88947,0.88753,0.88824,18385
2024-03-15T09:00:00.000Z,0.88826,0.88899,0.88747,0.88808,17419
2024-03-15T13:00:00.000Z,0.88809,0.88884,0.88697,0.88828,25245
2024-03-15T17:00:00.000Z,0.88829,0.88869,0.88811,0.88821,10620
2024-03-17T21:00:00.000Z,0.8878,0.88871,0.88715,0.8885,6201
2024-03-18T01:00:00.000Z,0.8885,0.88923,0.88805,0.88878,11207
2024-03-18T05:00:00.000Z,0.88877,0.88909,0.88789,0.88898,11632
2024-03-18T09:00:00.000Z,0.88897,0.89001,0.88843,0.88892,13632
2024-03-18T13:00:00.000Z,0.88892,0.88959,0.8876,0.88772,19630
2024-03-18T17:00:00.000Z,0.88773,0.88786,0.88713,0.88774,11214
2024-03-18T21:00:00.000Z,0.88666,0.88769,0.88666,0.88709,6460
2024-03-19T01:00:00.000Z,0.88708,0.88849,0.88434,0.88451,18951
2024-03-19T05:00:00.000Z,0.88451,0.88464,0.88346,0.8842,19331
2024-03-19T09:00:00.000Z,0.88418,0.88697,0.88311,0.88685,18981
2024-03-19T13:00:00.000Z,0.88685,0.88779,0.88548,0.8858,21304
2024-03-19T17:00:00.000Z,0.8858,0.88624,0.88557,0.88604,10652
2024-03-19T21:00:00.000Z,0.88575,0.88665,0.88534,0.88661,8276
2024-03-20T01:00:00.000Z,0.88661,0.88764,0.88598,0.88599,11183
2024-03-20T05:00:00.000Z,0.88603,0.88719,0.88598,0.88659,12002
2024-03-20T09:00:00.000Z,0.88659,0.88664,0.88549,0.88568,15033
2024-03-20T13:00:00.000Z,0.88568,0.8866,0.88522,0.88525,16487
2024-03-20T17:00:00.000Z,0.88525,0.88863,0.88483,0.88852,28012
2024-03-20T21:00:00.000Z,0.8884,0.89108,0.88703,0.89075,11707
2024-03-21T01:00:00.000Z,0.89076,0.89233,0.89071,0.89185,17550
2024-03-21T05:00:00.000Z,0.89185,0.89293,0.89143,0.89155,18857
2024-03-21T09:00:00.000Z,0.89156,0.89218,0.89104,0.89144,21121
2024-03-21T13:00:00.000Z,0.89144,0.89144,0.88794,0.88895,26711
2024-03-21T17:00:00.000Z,0.88896,0.88921,0.88861,0.88884,11496
2024-03-21T21:00:00.000Z,0.88854,0.8892,0.88823,0.88907,6943
2024-03-22T01:00:00.000Z,0.88906,0.88924,0.88448,0.88466,15323
2024-03-22T05:00:00.000Z,0.88468,0.88542,0.88349,0.88436,15941
2024-03-22T09:00:00.000Z,0.88436,0.8855,0.88384,0.88491,17633
2024-03-22T13:00:00.000Z,0.88491,0.88762,0.88456,0.88663,21489
2024-03-22T17:00:00.000Z,0.88662,0.8873,0.88594,0.88622,9193
2024-03-24T21:00:00.000Z,0.8854,0.88719,0.88525,0.88709,7738
2024-03-25T01:00:00.000Z,0.88708,0.88911,0.88674,0.88757,18545
2024-03-25T05:00:00.000Z,0.88757,0.88763,0.88654,0.88726,15160
2024-03-25T09:00:00.000Z,0.88726,0.88815,0.88684,0.88782,16077
2024-03-25T13:00:00.000Z,0.88783,0.88866,0.8876,0.88787,18326
2024-03-25T17:00:00.000Z,0.88789,0.88857,0.88775,0.88834,7804
2024-03-25T21:00:00.000Z,0.88784,0.88854,0.8875,0.88847,5143
2024-03-26T01:00:00.000Z,0.88847,0.88962,0.88736,0.88803,12649
2024-03-26T05:00:00.000Z,0.88801,0.88876,0.88791,0.88836,13023
2024-03-26T09:00:00.000Z,0.88834,0.88983,0.88747,0.88768,15406
2024-03-26T13:00:00.000Z,0.88768,0.88844,0.88683,0.88749,19864
2024-03-26T17:00:00.000Z,0.88749,0.88782,0.8868,0.88748,10429
2024-03-26T21:00:00.000Z,0.88742,0.888,0.88598,0.88667,7673
2024-03-27T01:00:00.000Z,0.88665,0.88736,0.88533,0.88723,13952
2024-03-27T05:00:00.000Z,0.88722,0.88766,0.88652,0.88658,14245
2024-03-27T09:00:00.000Z,0.88658,0.88775,0.88638,0.8864,19396
2024-03-27T13:00:00.000Z,0.88641,0.88738,0.88552,0.88637,20725
2024-03-27T17:00:00.000Z,0.88639,0.88671,0.88611,0.88653,10252
2024-03-27T21:00:00.000Z,0.88622,0.88672,0.88543,0.88637,8584
2024-03-28T01:00:00.000Z,0.88637,0.88759,0.88603,0.88656,12154
2024-03-28T05:00:00.000Z,0.88657,0.88668,0.88325,0.88328,13424
2024-03-28T09:00:00.000Z,0.88328,0.88331,0.88166,0.88302,15645
2024-03-28T13:00:00.000Z,0.88301,0.88375,0.88232,0.88279,21220
2024-03-28T17:00:00.000Z,0.88278,0.88296,0.88203,0.88218,12965
2024-03-28T21:00:00.000Z,0.88147,0.88321,0.88125,0.88227,7740
2024-03-29T01:00:00.000Z,0.88222,0.88259,0.88131,0.88223,5778
2024-03-29T05:00:00.000Z,0.88223,0.88271,0.88145,0.88242,4489
2024-03-29T09:00:00.000Z,0.88243,0.88465,0.88162,0.88378,4285
2024-03-29T13:00:00.000Z,0.88378,0.88455,0.88267,0.88299,7009
2024-03-29T17:00:00.000Z,0.88299,0.88351,0.88099,0.88172,4444
2024-03-31T21:00:00.000Z,0.88139,0.88389,0.88139,0.88333,11491
2024-04-01T01:00:00.000Z,0.88333,0.88365,0.88189,0.88256,11028
2024-04-01T05:00:00.000Z,0.88257,0.88303,0.8817,0.88282,9703
2024-04-01T09:00:00.000Z,0.88282,0.88359,0.88208,0.88342,11583
2024-04-01T13:00:00.000Z,0.88342,0.88353,0.88006,0.88026,19165
2024-04-01T17:00:00.000Z,0.88027,0.88104,0.88021,0.88047,7789
2024-04-01T21:00:00.000Z,0.88006,0.88134,0.87995,0.88117,8867
2024-04-02T01:00:00.000Z,0.88117,0.88195,0.88066,0.88122,10972
2024-04-02T05:00:00.000Z,0.88123,0.88258,0.88089,0.88238,14444
2024-04-02T09:00:00.000Z,0.88238,0.8828,0.88164,0.8819,13737
2024-04-02T13:00:00.000Z,0.8819,0.88479,0.88169,0.88357,22096
2024-04-02T17:00:00.000Z,0.88357,0.88439,0.88343,0.88414,10076
2024-04-02T21:00:00.000Z,0.88405,0.88439,0.88313,0.88313,7665
2024-04-03T01:00:00.000Z,0.88312,0.88489,0.88276,0.88449,12120
2024-04-03T05:00:00.000Z,0.88448,0.88469,0.88361,0.88378,15031
2024-04-03T09:00:00.000Z,0.88378,0.88439,0.88312,0.88404,15827
2024-04-03T13:00:00.000Z,0.88405,0.88833,0.88272,0.88812,28342
2024-04-03T17:00:00.000Z,0.88813,0.88858,0.88776,0.88785,11244
2024-04-03T21:00:00.000Z,0.88696,0.88913,0.88692,0.88913,7466
2024-04-04T01:00:00.000Z,0.88911,0.89004,0.88871,0.88994,9505
2024-04-04T05:00:00.000Z,0.88994,0.89101,0.8898,0.89082,13272
2024-04-04T09:00:00.000Z,0.89082,0.89266,0.89057,0.89207,13909
2024-04-04T13:00:00.000Z,0.89206,0.89315,0.89131,0.89294,15458
2024-04-04T17:00:00.000Z,0.89295,0.8936,0.89168,0.89219,19656
2024-04-04T21:00:00.000Z,0.89168,0.89301,0.89146,0.89269,12044
2024-04-05T01:00:00.000Z,0.89268,0.89291,0.8908,0.89179,14778
2024-04-05T05:00:00.000Z,0.8918,0.89299,0.89157,0.89278,16345
2024-04-05T09:00:00.000Z,0.89278,0.89474,0.89101,0.89426,20040
2024-04-05T13:00:00.000Z,0.89425,0.89519,0.89327,0.8944,28397
2024-04-05T17:00:00.000Z,0.89436,0.89473,0.89375,0.89396,12601
2024-04-07T21:00:00.000Z,0.89264,0.89414,0.89231,0.89301,9146
2024-04-08T01:00:00.000Z,0.89298,0.89499,0.89286,0.89482,15787
2024-04-08T05:00:00.000Z,0.89484,0.89539,0.89448,0.89475,17424
2024-04-08T09:00:00.000Z,0.89473,0.8957,0.89465,0.89539,14601
2024-04-08T13:00:00.000Z,0.89539,0.89789,0.89533,0.89653,23968
2024-04-08T17:00:00.000Z,0.89654,0.89696,0.89615,0.89616,10374
2024-04-08T21:00:00.000Z,0.89619,0.89671,0.89589,0.89642,6056
2024-04-09T01:00:00.000Z,0.89641,0.89753,0.8962,0.89725,13228
2024-04-09T05:00:00.000Z,0.89727,0.89751,0.89602,0.89735,15738
2024-04-09T09:00:00.000Z,0.89735,0.90011,0.89711,0.89959,17761
2024-04-09T13:00:00.000Z,0.89959,0.9007,0.89891,0.89912,26064
2024-04-09T17:00:00.000Z,0.89912,0.8996,0.8987,0.89948,12207
2024-04-09T21:00:00.000Z,0.89916,0.8998,0.89845,0.89903,6269
2024-04-10T01:00:00.000Z,0.89902,0.89923,0.89786,0.89842,11941
2024-04-10T05:00:00.000Z,0.89844,0.89899,0.89811,0.89874,14106
2024-04-10T09:00:00.000Z,0.89874,0.899,0.89362,0.89467,19779
2024-04-10T13:00:00.000Z,0.89466,0.89473,0.89001,0.89069,37568
2024-04-10T17:00:00.000Z,0.89069,0.89203,0.88982,0.89088,22471
2024-04-10T21:00:00.000Z,0.89065,0.89134,0.89027,0.89075,10472
2024-04-11T01:00:00.000Z,0.89074,0.89188,0.89059,0.89147,18358
2024-04-11T05:00:00.000Z,0.89147,0.8931,0.89147,0.89242,19505
2024-04-11T09:00:00.000Z,0.89241,0.89496,0.89095,0.89462,24037
2024-04-11T13:00:00.000Z,0.89463,0.89553,0.89316,0.89394,33563
2024-04-11T17:00:00.000Z,0.89395,0.89506,0.89375,0.89472,13320
2024-04-11T21:00:00.000Z,0.89424,0.89527,0.89421,0.89483,6348
2024-04-12T01:00:00.000Z,0.89483,0.89535,0.89417,0.89463,12824
2024-04-12T05:00:00.000Z,0.89463,0.89505,0.89335,0.89472,19908
2024-04-12T09:00:00.000Z,0.89475,0.89487,0.89126,0.89134,21048
2024-04-12T13:00:00.000Z,0.89134,0.89141,0.88961,0.89008,33113
2024-04-12T17:00:00.000Z,0.89009,0.89036,0.88957,0.88978,16952
2024-04-14T21:00:00.000Z,0.88985,0.89127,0.8896,0.89078,10539
2024-04-15T01:00:00.000Z,0.89078,0.89246,0.89011,0.89212,19630
2024-04-15T05:00:00.000Z,0.89213,0.89258,0.89018,0.89048,25837
2024-04-15T09:00:00.000Z,0.89048,0.8913,0.8891,0.89002,23742
2024-04-15T13:00:00.000Z,0.89002,0.89037,0.88785,0.88872,30122
2024-04-15T17:00:00.000Z,0.88872,0.8889,0.88779,0.8882,17205
2024-04-15T21:00:00.000Z,0.888,0.88832,0.88616,0.88619,9911
2024-04-16T01:00:00.000Z,0.88618,0.88645,0.88461,0.88608,18951
2024-04-16T05:00:00.000Z,0.88608,0.88665,0.88489,0.88494,23326
2024-04-16T09:00:00.000Z,0.88494,0.88772,0.88408,0.88667,23134
2024-04-16T13:00:00.000Z,0.88668,0.88689,0.88491,0.88573,31292
2024-04-16T17:00:00.000Z,0.88575,0.88612,0.88451,0.88517,24821
2024-04-16T21:00:00.000Z,0.88468,0.88676,0.88454,0.88641,8729
2024-04-17T01:00:00.000Z,0.88644,0.88708,0.88603,0.88635,14972
2024-04-17T05:00:00.000Z,0.88635,0.88776,0.88539,0.88728,20589
2024-04-17T09:00:00.000Z,0.88727,0.88761,0.88646,0.887,17176
2024-04-17T13:00:00.000Z,0.88701,0.88829,0.88544,0.88598,31776
2024-04-17T17:00:00.000Z,0.88597,0.88702,0.88591,0.88613,20355
2024-04-17T21:00:00.000Z,0.8857,0.88697,0.88481,0.88666,7934
2024-04-18T01:00:00.000Z,0.88668,0.88788,0.88564,0.88664,16436
2024-04-18T05:00:00.000Z,0.88666,0.88753,0.88595,0.88672,20089
2024-04-18T09:00:00.000Z,0.88672,0.88688,0.88545,0.88585,19355
2024-04-18T13:00:00.000Z,0.88584,0.88651,0.88463,0.88478,30619
2024-04-18T17:00:00.000Z,0.88477,0.88485,0.88385,0.88397,17220
2024-04-18T21:00:00.000Z,0.88366,0.88464,0.88261,0.8827,9580
2024-04-19T01:00:00.000Z,0.88271,0.88283,0.87809,0.88175,36417
2024-04-19T05:00:00.000Z,0.88176,0.8833,0.88104,0.88282,24986
2024-04-19T09:00:00.000Z,0.88282,0.88349,0.8818,0.88332,21583
2024-04-19T13:00:00.000Z,0.88331,0.88345,0.88152,0.88236,31660
2024-04-19T17:00:00.000Z,0.88234,0.8828,0.88217,0.88233,17599
2024-04-21T21:00:00.000Z,0.88095,0.88456,0.8805,0.88385,10118
2024-04-22T01:00:00.000Z,0.88385,0.88541,0.88328,0.88332,14695
2024-04-22T05:00:00.000Z,0.88332,0.88352,0.88219,0.8835,17892
2024-04-22T09:00:00.000Z,0.8835,0.88407,0.88262,0.88367,18937
2024-04-22T13:00:00.000Z,0.88366,0.88376,0.88261,0.88318,22867
2024-04-22T17:00:00.000Z,0.88317,0.88371,0.88304,0.8834,12378
2024-04-22T21:00:00.000Z,0.88258,0.88448,0.88248,0.88446,6622
2024-04-23T01:00:00.000Z,0.88444,0.88521,0.88386,0.8847,15076
2024-04-23T05:00:00.000Z,0.8847,0.8847,0.88304,0.88335,17996
2024-04-23T09:00:00.000Z,0.88335,0.88481,0.88306,0.88396,17206
2024-04-23T13:00:00.000Z,0.88396,0.88656,0.88376,0.88622,27558
2024-04-23T17:00:00.000Z,0.88624,0.88649,0.88581,0.88618,12371
2024-04-23T21:00:00.000Z,0.88571,0.88709,0.88547,0.88698,7524
2024-04-24T01:00:00.000Z,0.88699,0.89152,0.88675,0.89056,14985
2024-04-24T05:00:00.000Z,0.89057,0.89071,0.88934,0.88981,16171
2024-04-24T09:00:00.000Z,0.8898,0.89152,0.8891,0.8911,16015
2024-04-24T13:00:00.000Z,0.89109,0.89183,0.8897,0.89048,25346
2024-04-24T17:00:00.000Z,0.89046,0.89075,0.8897,0.89029,14215
2024-04-24T21:00:00.000Z,0.88935,0.89077,0.8891,0.89029,7124
2024-04-25T01:00:00.000Z,0.89029,0.89135,0.88954,0.89074,10819
2024-04-25T05:00:00.000Z,0.89075,0.89271,0.8906,0.89259,16735
2024-04-25T09:00:00.000Z,0.8926,0.89348,0.89012,0.89062,18371
2024-04-25T13:00:00.000Z,0.89063,0.89168,0.88976,0.89085,31127
2024-04-25T17:00:00.000Z,0.89084,0.89116,0.88975,0.89017,15931
2024-04-25T21:00:00.000Z,0.88963,0.89139,0.88952,0.89122,7990
2024-04-26T01:00:00.000Z,0.89122,0.89175,0.89029,0.89112,15192
2024-04-26T05:00:00.000Z,0.89112,0.89398,0.89104,0.89347,20235
2024-04-26T09:00:00.000Z,0.89348,0.89389,0.89204,0.89328,19835
2024-04-26T13:00:00.000Z,0.8933,0.89468,0.89225,0.89293,26460
2024-04-26T17:00:00.000Z,0.89292,0.89318,0.89235,0.89287,8321
2024-04-28T21:00:00.000Z,0.89164,0.89433,0.89148,0.89425,4992
2024-04-29T01:00:00.000Z,0.89426,0.89786,0.89387,0.89679,17490
2024-04-29T05:00:00.000Z,0.89679,0.89734,0.89452,0.89543,21481
2024-04-29T09:00:00.000Z,0.89544,0.89693,0.89521,0.8955,13956
2024-04-29T13:00:00.000Z,0.89548,0.89682,0.8951,0.89665,18907
2024-04-29T17:00:00.000Z,0.89666,0.89742,0.89655,0.89686,11290
2024-04-29T21:00:00.000Z,0.89682,0.89718,0.89601,0.89659,6510
2024-04-30T01:00:00.000Z,0.89662,0.89694,0.8934,0.89375,10723
2024-04-30T05:00:00.000Z,0.89377,0.89413,0.89223,0.89397,12978
2024-04-30T09:00:00.000Z,0.89397,0.89435,0.89196,0.8925,18317
2024-04-30T13:00:00.000Z,0.89248,0.89388,0.89174,0.89226,29262
2024-04-30T17:00:00.000Z,0.89227,0.89273,0.89143,0.89165,13135
2024-04-30T21:00:00.000Z,0.891,0.89238,0.8907,0.89093,7668
2024-05-01T01:00:00.000Z,0.89095,0.89178,0.89085,0.89163,9064
2024-05-01T05:00:00.000Z,0.89159,0.89285,0.89155,0.89239,10139
2024-05-01T09:00:00.000Z,0.89238,0.89326,0.89203,0.89241,13939
2024-05-01T13:00:00.000Z,0.89242,0.89385,0.892,0.89331,23385
2024-05-01T17:00:00.000Z,0.89332,0.89677,0.89278,0.89601,33794
2024-05-01T21:00:00.000Z,0.89501,0.89666,0.89443,0.89556,10169
2024-05-02T01:00:00.000Z,0.89556,0.89684,0.89492,0.89666,13793
2024-05-02T05:00:00.000Z,0.89667,0.89755,0.89627,0.89661,19786
2024-05-02T09:00:00.000Z,0.89663,0.89673,0.89498,0.89569,19268
2024-05-02T13:00:00.000Z,0.89574,0.89767,0.8946,0.89755,29617
2024-05-02T17:00:00.000Z,0.89755,0.89847,0.89725,0.89765,14279
2024-05-02T21:00:00.000Z,0.89712,0.89885,0.89687,0.89881,8367
2024-05-03T01:00:00.000Z,0.89881,0.89919,0.89779,0.89827,12087
2024-05-03T05:00:00.000Z,0.89827,0.89939,0.89801,0.89928,15790
2024-05-03T09:00:00.000Z,0.89928,0.90469,0.89871,0.90444,19846
2024-05-03T13:00:00.000Z,0.90443,0.90563,0.90339,0.9047,37006
2024-05-03T17:00:00.000Z,0.9047,0.90499,0.90399,0.90458,10508
2024-05-05T21:00:00.000Z,0.9048,0.90563,0.90297,0.90555,6007
2024-05-06T01:00:00.000Z,0.90556,0.90594,0.90475,0.90523,11262
2024-05-06T05:00:00.000Z,0.90523,0.90667,0.90464,0.90651,12416
2024-05-06T09:00:00.000Z,0.90653,0.90694,0.90597,0.90623,11076
2024-05-06T13:00:00.000Z,0.90624,0.90632,0.9041,0.90538,15329
2024-05-06T17:00:00.000Z,0.90537,0.90555,0.90482,0.90532,7511
2024-05-06T21:00:00.000Z,0.9041,0.90761,0.90403,0.90709,6939
2024-05-07T01:00:00.000Z,0.90704,0.90745,0.9026,0.90378,13532
2024-05-07T05:00:00.000Z,0.90382,0.90439,0.90158,0.90272,14846
2024-05-07T09:00:00.000Z,0.90272,0.90522,0.90223,0.90499,12954
2024-05-07T13:00:00.000Z,0.905,0.90652,0.90492,0.90519,18894
2024-05-07T17:00:00.000Z,0.9052,0.90578,0.90475,0.90561,10566
2024-05-07T21:00:00.000Z,0.90462,0.90567,0.9041,0.90418,6599
2024-05-08T01:00:00.000Z,0.9042,0.90476,0.90329,0.90452,12447
2024-05-08T05:00:00.000Z,0.90452,0.90507,0.90295,0.90308,13738
2024-05-08T09:00:00.000Z,0.90309,0.90366,0.90216,0.9023,13224
2024-05-08T13:00:00.000Z,0.90231,0.90345,0.90176,0.90276,17723
2024-05-08T17:00:00.000Z,0.90275,0.90338,0.90269,0.90303,6920
2024-05-08T21:00:00.000Z,0.90235,0.90315,0.90209,0.9022,5886
2024-05-09T01:00:00.000Z,0.9022,0.90368,0.90213,0.903,11699
2024-05-09T05:00:00.000Z,0.90301,0.90335,0.90177,0.90295,12230
2024-05-09T09:00:00.000Z,0.90296,0.90563,0.9025,0.90497,16226
2024-05-09T13:00:00.000Z,0.90497,0.90498,0.90395,0.90446,20582
2024-05-09T17:00:00.000Z,0.90446,0.9054,0.90438,0.90525,9381
2024-05-09T21:00:00.000Z,0.90486,0.90556,0.90437,0.90449,6688
2024-05-10T01:00:00.000Z,0.90448,0.90508,0.90335,0.90422,11589
2024-05-10T05:00:00.000Z,0.90422,0.9051,0.90402,0.90421,15054
2024-05-10T09:00:00.000Z,0.90423,0.90494,0.90054,0.90206,15026
2024-05-10T13:00:00.000Z,0.90205,0.90325,0.90177,0.90308,22468
2024-05-10T17:00:00.000Z,0.90307,0.9033,0.90268,0.90274,7550
2024-05-12T21:00:00.000Z,0.90173,0.90334,0.90133,0.90223,3188
2024-05-13T01:00:00.000Z,0.90223,0.9029,0.9014,0.90232,6600
2024-05-13T05:00:00.000Z,0.90232,0.90364,0.90215,0.90341,7275
2024-05-13T09:00:00.000Z,0.90341,0.90543,0.90337,0.90543,14032
2024-05-13T13:00:00.000Z,0.90544,0.90607,0.90336,0.90345,20283
2024-05-13T17:00:00.000Z,0.90346,0.90363,0.90286,0.90302,9545
2024-05-13T21:00:00.000Z,0.90269,0.90354,0.90257,0.90297,6426
2024-05-14T01:00:00.000Z,0.90296,0.90344,0.90254,0.90274,11935
2024-05-14T05:00:00.000Z,0.90274,0.90376,0.90249,0.90311,13695
2024-05-14T09:00:00.000Z,0.90313,0.90392,0.90057,0.90308,17558
2024-05-14T13:00:00.000Z,0.90309,0.90451,0.90244,0.90436,23693
2024-05-14T17:00:00.000Z,0.90436,0.90456,0.90394,0.90451,7990
2024-05-14T21:00:00.000Z,0.9036,0.90492,0.90345,0.90446,6250
2024-05-15T01:00:00.000Z,0.90448,0.90702,0.9039,0.90617,9502
2024-05-15T05:00:00.000Z,0.90617,0.90689,0.90527,0.9055,12035
2024-05-15T09:00:00.000Z,0.9055,0.90825,0.90419,0.90735,17316
2024-05-15T13:00:00.000Z,0.90735,0.90953,0.90496,0.90934,27700
2024-05-15T17:00:00.000Z,0.90933,0.9106,0.90929,0.91037,11121
2024-05-15T21:00:00.000Z,0.91019,0.91247,0.90975,0.91218,8526
2024-05-16T01:00:00.000Z,0.91219,0.9122,0.90882,0.90985,15298
2024-05-16T05:00:00.000Z,0.90985,0.91087,0.9088,0.90996,14579
2024-05-16T09:00:00.000Z,0.90996,0.9103,0.90835,0.90865,15130
2024-05-16T13:00:00.000Z,0.90864,0.90936,0.90724,0.90929,19650
2024-05-16T17:00:00.000Z,0.90929,0.90962,0.90901,0.90936,9155
2024-05-16T21:00:00.000Z,0.90842,0.90984,0.90833,0.90896,6257
2024-05-17T01:00:00.000Z,0.90896,0.9093,0.90749,0.90775,10418
2024-05-17T05:00:00.000Z,0.90774,0.90917,0.90712,0.90744,12598
2024-05-17T09:00:00.000Z,0.90745,0.90828,0.90695,0.90782,10085
2024-05-17T13:00:00.000Z,0.90783,0.91049,0.9077,0.91018,19734
2024-05-17T17:00:00.000Z,0.91018,0.91196,0.91013,0.91117,10340
2024-05-19T21:00:00.000Z,0.91093,0.91218,0.91057,0.91172,4221
2024-05-20T01:00:00.000Z,0.91172,0.91253,0.91122,0.91223,8965
2024-05-20T05:00:00.000Z,0.91223,0.91243,0.91079,0.91093,11843
2024-05-20T09:00:00.000Z,0.91093,0.91144,0.90823,0.90862,12895
2024-05-20T13:00:00.000Z,0.90861,0.90915,0.90773,0.90886,20407
2024-05-20T17:00:00.000Z,0.90885,0.90927,0.90821,0.90827,10439
2024-05-20T21:00:00.000Z,0.9083,0.90938,0.90804,0.9091,5130
2024-05-21T01:00:00.000Z,0.9091,0.9096,0.90673,0.90771,14228
2024-05-21T05:00:00.000Z,0.90772,0.90874,0.90711,0.90848,12931
2024-05-21T09:00:00.000Z,0.90847,0.91128,0.90842,0.91113,13841
2024-05-21T13:00:00.000Z,0.91113,0.91187,0.90917,0.90951,25504
2024-05-21T17:00:00.000Z,0.90951,0.9102,0.90942,0.90997,9859
2024-05-21T21:00:00.000Z,0.90957,0.9099,0.90831,0.90937,6453
2024-05-22T01:00:00.000Z,0.90937,0.9108,0.90897,0.90969,13267
2024-05-22T05:00:00.000Z,0.9097,0.91025,0.90871,0.90986,14713
2024-05-22T09:00:00.000Z,0.90987,0.91011,0.90858,0.90875,15731
2024-05-22T13:00:00.000Z,0.90874,0.90943,0.90674,0.90709,23152
2024-05-22T17:00:00.000Z,0.90709,0.90724,0.90477,0.90638,18335
2024-05-22T21:00:00.000Z,0.90495,0.90682,0.90495,0.90585,7195
2024-05-23T01:00:00.000Z,0.90586,0.90726,0.90568,0.90667,13245
2024-05-23T05:00:00.000Z,0.90667,0.90695,0.90547,0.90644,15374
2024-05-23T09:00:00.000Z,0.90644,0.9083,0.90626,0.90761,15850
2024-05-23T13:00:00.000Z,0.9076,0.90862,0.90617,0.90755,30905
2024-05-23T17:00:00.000Z,0.90754,0.90755,0.9063,0.90691,18383
2024-05-23T21:00:00.000Z,0.90646,0.90706,0.90591,0.90656,7688
2024-05-24T01:00:00.000Z,0.90656,0.90687,0.90548,0.90664,11929
2024-05-24T05:00:00.000Z,0.90663,0.90737,0.90587,0.90723,14700
2024-05-24T09:00:00.000Z,0.90722,0.90789,0.90643,0.90728,14732
2024-05-24T13:00:00.000Z,0.90729,0.90739,0.90526,0.90527,24045
2024-05-24T17:00:00.000Z,0.90526,0.90604,0.90519,0.90574,11175
2024-05-26T21:00:00.000Z,0.90491,0.90623,0.90481,0.90596,5565
2024-05-27T01:00:00.000Z,0.90596,0.90692,0.90578,0.90676,8631
2024-05-27T05:00:00.000Z,0.90676,0.90739,0.90608,0.90719,9509
2024-05-27T09:00:00.000Z,0.90719,0.90781,0.90707,0.90776,10113
2024-05-27T13:00:00.000Z,0.90777,0.90796,0.90713,0.90726,13110
2024-05-27T17:00:00.000Z,0.90725,0.90764,0.90716,0.90721,3899
2024-05-27T21:00:00.000Z,0.90671,0.90747,0.90671,0.90679,6566
2024-05-28T01:00:00.000Z,0.9068,0.90862,0.90676,0.9083,12177
2024-05-28T05:00:00.000Z,0.90829,0.90848,0.90709,0.90743,13826
2024-05-28T09:00:00.000Z,0.90745,0.90889,0.90695,0.90835,14197
2024-05-28T13:00:00.000Z,0.90835,0.90974,0.90783,0.90788,24440
2024-05-28T17:00:00.000Z,0.90789,0.90818,0.90683,0.90727,16335
2024-05-28T21:00:00.000Z,0.90729,0.90761,0.90645,0.90695,8233
2024-05-29T01:00:00.000Z,0.90694,0.90979,0.90679,0.90853,14058
2024-05-29T05:00:00.000Z,0.90853,0.90935,0.90803,0.90841,18080
2024-05-29T09:00:00.000Z,0.90841,0.90849,0.9061,0.90698,17301
2024-05-29T13:00:00.000Z,0.90697,0.90769,0.90626,0.90713,27931
2024-05-29T17:00:00.000Z,0.90714,0.90749,0.90671,0.90678,13276
2024-05-29T21:00:00.000Z,0.90666,0.90728,0.90632,0.90693,7664
2024-05-30T01:00:00.000Z,0.90692,0.90776,0.90596,0.90669,14983
2024-05-30T05:00:00.000Z,0.90668,0.90728,0.90505,0.90707,20152
2024-05-30T09:00:00.000Z,0.90708,0.90859,0.90673,0.90845,19273
2024-05-30T13:00:00.000Z,0.90845,0.90912,0.90718,0.90781,25897
2024-05-30T17:00:00.000Z,0.90782,0.90822,0.90695,0.90718,12433
2024-05-30T21:00:00.000Z,0.90726,0.90804,0.90673,0.90798,8146
2024-05-31T01:00:00.000Z,0.90799,0.90837,0.90654,0.90681,15742
2024-05-31T05:00:00.000Z,0.90682,0.90745,0.9063,0.90683,16662
2024-05-31T09:00:00.000Z,0.90684,0.90911,0.90645,0.90882,19703
2024-05-31T13:00:00.000Z,0.90881,0.90934,0.90535,0.90588,31428
2024-05-31T17:00:00.000Z,0.90588,0.90681,0.90542,0.90653,14865
2024-06-02T21:00:00.000Z,0.90598,0.90703,0.90576,0.9065,8048
2024-06-03T01:00:00.000Z,0.9065,0.90707,0.90563,0.90589,11665
2024-06-03T05:00:00.000Z,0.90589,0.90737,0.90545,0.90696,18397
2024-06-03T09:00:00.000Z,0.90697,0.90829,0.90663,0.90779,18888
2024-06-03T13:00:00.000Z,0.9078,0.91129,0.90775,0.91024,31338
2024-06-03T17:00:00.000Z,0.91024,0.91171,0.9098,0.91165,16029
2024-06-03T21:00:00.000Z,0.91061,0.91246,0.91016,0.91129,8585
2024-06-04T01:00:00.000Z,0.91129,0.91138,0.91028,0.91125,13131
2024-06-04T05:00:00.000Z,0.91124,0.91139,0.9094,0.90975,21175
2024-06-04T09:00:00.000Z,0.90974,0.90981,0.908,0.90873,23566
2024-06-04T13:00:00.000Z,0.90872,0.91009,0.90782,0.9091,31207
2024-06-04T17:00:00.000Z,0.9091,0.9098,0.90895,0.90934,17669
2024-06-04T21:00:00.000Z,0.9083,0.90999,0.9083,0.90939,7284
2024-06-05T01:00:00.000Z,0.9094,0.91091,0.90876,0.91067,11973
2024-06-05T05:00:00.000Z,0.91065,0.91082,0.90971,0.90988,16418
2024-06-05T09:00:00.000Z,0.90988,0.90993,0.90844,0.90885,16976
2024-06-05T13:00:00.000Z,0.90886,0.91142,0.90881,0.90993,30002
2024-06-05T17:00:00.000Z,0.90993,0.91062,0.90972,0.91024,10653
2024-06-05T21:00:00.000Z,0.91011,0.91196,0.91001,0.91179,6616
2024-06-06T01:00:00.000Z,0.91177,0.91347,0.91095,0.9111,13559
2024-06-06T05:00:00.000Z,0.91109,0.91125,0.90961,0.91057,15054
2024-06-06T09:00:00.000Z,0.91057,0.91078,0.9087,0.90948,16636
2024-06-06T13:00:00.000Z,0.90948,0.91193,0.90912,0.91141,25477
2024-06-06T17:00:00.000Z,0.91141,0.91199,0.9109,0.91144,13157
2024-06-06T21:00:00.000Z,0.91085,0.91165,0.9106,0.91102,6825
2024-06-07T01:00:00.000Z,0.91101,0.91242,0.91076,0.91208,12388
2024-06-07T05:00:00.000Z,0.91209,0.91297,0.91154,0.91209,18530
2024-06-07T09:00:00.000Z,0.91209,0.91225,0.90636,0.90652,23318
2024-06-07T13:00:00.000Z,0.90654,0.90718,0.90451,0.90567,31374
2024-06-07T17:00:00.000Z,0.90565,0.90597,0.90506,0.90592,17216
2024-06-09T21:00:00.000Z,0.90518,0.90609,0.90484,0.90548,9005
2024-06-10T01:00:00.000Z,0.90549,0.90777,0.9054,0.90722,11666
2024-06-10T05:00:00.000Z,0.90722,0.9084,0.90684,0.90729,18981
2024-06-10T09:00:00.000Z,0.9073,0.90829,0.9072,0.90752,17984
2024-06-10T13:00:00.000Z,0.90752,0.90946,0.90743,0.90908,22191
2024-06-10T17:00:00.000Z,0.90908,0.90974,0.90874,0.90933,11821
2024-06-10T21:00:00.000Z,0.90935,0.90962,0.90858,0.90863,7349
2024-06-11T01:00:00.000Z,0.90861,0.90872,0.90742,0.90814,12702
2024-06-11T05:00:00.000Z,0.90814,0.9094,0.90802,0.90864,15684
2024-06-11T09:00:00.000Z,0.90865,0.90951,0.90794,0.9095,20439
2024-06-11T13:00:00.000Z,0.9095,0.91011,0.9078,0.90836,24589
2024-06-11T17:00:00.000Z,0.90835,0.90926,0.90829,0.90876,13628
2024-06-11T21:00:00.000Z,0.90871,0.9091,0.90767,0.90803,5805
2024-06-12T01:00:00.000Z,0.90802,0.90976,0.90794,0.90942,11472
2024-06-12T05:00:00.000Z,0.90941,0.91021,0.90866,0.90918,13444
2024-06-12T09:00:00.000Z,0.90919,0.91581,0.90804,0.9156,12097
2024-06-12T13:00:00.000Z,0.9156,0.91757,0.91485,0.91694,18191
2024-06-12T17:00:00.000Z,0.91692,0.91769,0.91369,0.91413,18255
2024-06-12T21:00:00.000Z,0.91398,0.91464,0.91349,0.91389,5211
2024-06-13T01:00:00.000Z,0.91388,0.91529,0.91317,0.91347,8747
2024-06-13T05:00:00.000Z,0.91347,0.91417,0.91255,0.91371,10245
2024-06-13T09:00:00.000Z,0.9137,0.91556,0.91248,0.91434,12160
2024-06-13T13:00:00.000Z,0.91435,0.9146,0.91158,0.91161,18572
2024-06-13T17:00:00.000Z,0.91165,0.91233,0.9115,0.91159,8952
2024-06-13T21:00:00.000Z,0.9115,0.912,0.91015,0.91037,5488
2024-06-14T01:00:00.000Z,0.91037,0.91213,0.91037,0.91054,10348
2024-06-14T05:00:00.000Z,0.91057,0.91123,0.90925,0.90975,14465
2024-06-14T09:00:00.000Z,0.90974,0.91063,0.90896,0.90963,16526
2024-06-14T13:00:00.000Z,0.90963,0.90988,0.90803,0.90851,17294
2024-06-14T17:00:00.000Z,0.90852,0.90897,0.9077,0.90841,7586
2024-06-16T21:00:00.000Z,0.90683,0.90869,0.90683,0.90777,5612
2024-06-17T01:00:00.000Z,0.90777,0.90777,0.90688,0.90737,7588
2024-06-17T05:00:00.000Z,0.90737,0.90793,0.90592,0.90767,11744
2024-06-17T09:00:00.000Z,0.90767,0.90784,0.90569,0.90609,10733
2024-06-17T13:00:00.000Z,0.90609,0.90792,0.90609,0.90765,13363
2024-06-17T17:00:00.000Z,0.90765,0.90799,0.90717,0.90742,7867
2024-06-17T21:00:00.000Z,0.90623,0.90806,0.90623,0.90762,4663
2024-06-18T01:00:00.000Z,0.90763,0.90903,0.90693,0.90795,9118
2024-06-18T05:00:00.000Z,0.90794,0.91093,0.90785,0.90976,11885
2024-06-18T09:00:00.000Z,0.90977,0.91026,0.90836,0.90997,11803
2024-06-18T13:00:00.000Z,0.90994,0.91317,0.9099,0.91284,15712
2024-06-18T17:00:00.000Z,0.91284,0.91312,0.91237,0.91292,8402
2024-06-18T21:00:00.000Z,0.9125,0.914,0.91245,0.9139,3742
2024-06-19T01:00:00.000Z,0.91392,0.91455,0.91361,0.91417,6519
2024-06-19T05:00:00.000Z,0.91417,0.91572,0.91403,0.91497,9563
2024-06-19T09:00:00.000Z,0.91498,0.91544,0.91377,0.91417,8337
2024-06-19T13:00:00.000Z,0.91417,0.91502,0.91347,0.9148,6915
2024-06-19T17:00:00.000Z,0.91481,0.91483,0.91421,0.9144,1665
2024-06-19T21:00:00.000Z,0.91348,0.9153,0.91348,0.91492,4294
2024-06-20T01:00:00.000Z,0.91492,0.91541,0.91431,0.91473,8664
2024-06-20T05:00:00.000Z,0.91473,0.91538,0.91355,0.91464,10211
2024-06-20T09:00:00.000Z,0.91464,0.91527,0.91269,0.91288,10926
2024-06-20T13:00:00.000Z,0.91289,0.91378,0.91091,0.91142,15636
2024-06-20T17:00:00.000Z,0.91141,0.91212,0.91076,0.91101,10380
2024-06-20T21:00:00.000Z,0.91067,0.91173,0.9106,0.91097,4449
2024-06-21T01:00:00.000Z,0.91097,0.91214,0.91092,0.9119,7357
2024-06-21T05:00:00.000Z,0.9119,0.91203,0.91031,0.91076,10996
2024-06-21T09:00:00.000Z,0.91075,0.91296,0.91016,0.91247,10864
2024-06-21T13:00:00.000Z,0.91245,0.91248,0.90916,0.91021,16301
2024-06-21T17:00:00.000Z,0.91021,0.91027,0.9093,0.90933,7739
2024-06-23T21:00:00.000Z,0.90862,0.90963,0.90846,0.90926,5721
2024-06-24T01:00:00.000Z,0.90926,0.90943,0.90825,0.90895,9111
2024-06-24T05:00:00.000Z,0.90895,0.9104,0.90886,0.90985,10076
2024-06-24T09:00:00.000Z,0.90985,0.91,0.90846,0.90937,11594
2024-06-24T13:00:00.000Z,0.90936,0.91097,0.90834,0.90866,17284
2024-06-24T17:00:00.000Z,0.90867,0.90937,0.90847,0.90916,9622
2024-06-24T21:00:00.000Z,0.90802,0.90917,0.90784,0.90848,5650
2024-06-25T01:00:00.000Z,0.90852,0.90918,0.9083,0.90888,10016
2024-06-25T05:00:00.000Z,0.90888,0.91088,0.90882,0.90948,11869
2024-06-25T09:00:00.000Z,0.90944,0.90996,0.90584,0.90755,13575
2024-06-25T13:00:00.000Z,0.90753,0.90759,0.90625,0.90706,18455
2024-06-25T17:00:00.000Z,0.90705,0.90799,0.907,0.90773,8700
2024-06-25T21:00:00.000Z,0.90648,0.90801,0.90604,0.90759,5988
2024-06-26T01:00:00.000Z,0.9076,0.91226,0.90741,0.91198,13080
2024-06-26T05:00:00.000Z,0.91199,0.91364,0.91194,0.91267,12870
2024-06-26T09:00:00.000Z,0.91267,0.9128,0.91086,0.9109,14957
2024-06-26T13:00:00.000Z,0.91089,0.91174,0.90979,0.91094,20212
2024-06-26T17:00:00.000Z,0.91093,0.91175,0.91072,0.91072,10295
2024-06-26T21:00:00.000Z,0.91009,0.91127,0.90975,0.91069,6892
2024-06-27T01:00:00.000Z,0.91067,0.91269,0.91049,0.91249,10213
2024-06-27T05:00:00.000Z,0.91249,0.91319,0.91127,0.91208,15545
2024-06-27T09:00:00.000Z,0.91207,0.91251,0.9098,0.91206,19265
2024-06-27T13:00:00.000Z,0.91207,0.91248,0.90973,0.91015,24610
2024-06-27T17:00:00.000Z,0.91014,0.91065,0.90947,0.91058,13794
2024-06-27T21:00:00.000Z,0.9103,0.91117,0.90996,0.91091,7093
2024-06-28T01:00:00.000Z,0.91091,0.91097,0.90899,0.9093,19005
2024-06-28T05:00:00.000Z,0.9093,0.91062,0.90894,0.91047,16643
2024-06-28T09:00:00.000Z,0.91048,0.91365,0.91029,0.91351,21145
2024-06-28T13:00:00.000Z,0.91351,0.91481,0.9126,0.91266,31733
2024-06-28T17:00:00.000Z,0.91267,0.91294,0.912,0.91212,16754
2024-06-30T21:00:00.000Z,0.9129,0.91318,0.91146,0.91208,9867
2024-07-01T01:00:00.000Z,0.91208,0.91231,0.91118,0.91138,13338
2024-07-01T05:00:00.000Z,0.91137,0.91407,0.91114,0.9139,18012
2024-07-01T09:00:00.000Z,0.91391,0.914,0.9124,0.9131,16796
2024-07-01T13:00:00.000Z,0.91311,0.91546,0.91291,0.91392,27953
2024-07-01T17:00:00.000Z,0.91393,0.9147,0.91371,0.91469,11529
2024-07-01T21:00:00.000Z,0.91339,0.91473,0.91339,0.91357,7056
2024-07-02T01:00:00.000Z,0.91358,0.91387,0.91235,0.91344,13215
2024-07-02T05:00:00.000Z,0.91344,0.91386,0.91234,0.91316,18751
2024-07-02T09:00:00.000Z,0.91315,0.9139,0.91261,0.91306,15735
2024-07-02T13:00:00.000Z,0.91306,0.91415,0.91113,0.91162,28126
2024-07-02T17:00:00.000Z,0.91163,0.91208,0.91144,0.91197,11140
2024-07-02T21:00:00.000Z,0.91162,0.91256,0.91129,0.91211,6876
2024-07-03T01:00:00.000Z,0.91212,0.91367,0.91178,0.91316,10644
2024-07-03T05:00:00.000Z,0.91316,0.91373,0.91254,0.91292,14837
2024-07-03T09:00:00.000Z,0.91293,0.91321,0.91152,0.91207,15508
2024-07-03T13:00:00.000Z,0.91208,0.91696,0.91197,0.91518,28405
2024-07-03T17:00:00.000Z,0.91518,0.91519,0.91385,0.91448,7833
2024-07-03T21:00:00.000Z,0.91328,0.91552,0.91328,0.91538,6037
2024-07-04T01:00:00.000Z,0.91537,0.91604,0.91497,0.91528,11696
2024-07-04T05:00:00.000Z,0.91529,0.91603,0.91468,0.9156,12566
2024-07-04T09:00:00.000Z,0.9156,0.91675,0.91527,0.91561,10879
2024-07-04T13:00:00.000Z,0.91562,0.91617,0.91528,0.91551,10090
2024-07-04T17:00:00.000Z,0.91551,0.91575,0.91539,0.91546,1535
2024-07-04T21:00:00.000Z,0.91526,0.91645,0.91522,0.91614,7262
2024-07-05T01:00:00.000Z,0.91614,0.917,0.91611,0.91619,12441
2024-07-05T05:00:00.000Z,0.91619,0.91663,0.91547,0.91625,13136
2024-07-05T09:00:00.000Z,0.91626,0.91935,0.91402,0.91749,17232
2024-07-05T13:00:00.000Z,0.9175,0.91949,0.91711,0.91908,30023
2024-07-05T17:00:00.000Z,0.91908,0.92083,0.91896,0.92057,11552
2024-07-07T21:00:00.000Z,0.91879,0.92073,0.91875,0.91956,9159
2024-07-08T01:00:00.000Z,0.91955,0.92136,0.91944,0.92088,13553
2024-07-08T05:00:00.000Z,0.92089,0.92089,0.91854,0.91859,15636
2024-07-08T09:00:00.000Z,0.91858,0.91993,0.91848,0.91951,14698
2024-07-08T13:00:00.000Z,0.91952,0.92014,0.91848,0.91876,21442
2024-07-08T17:00:00.000Z,0.91876,0.91931,0.91835,0.91849,9324
2024-07-08T21:00:00.000Z,0.91782,0.91964,0.91782,0.91876,6803
2024-07-09T01:00:00.000Z,0.91875,0.91942,0.91809,0.91902,12758
2024-07-09T05:00:00.000Z,0.91902,0.91984,0.91864,0.91877,14566
2024-07-09T09:00:00.000Z,0.91877,0.91956,0.91797,0.91819,14206
2024-07-09T13:00:00.000Z,0.91819,0.91972,0.91729,0.9186,25902
2024-07-09T17:00:00.000Z,0.9186,0.91918,0.91854,0.91903,10766
2024-07-09T21:00:00.000Z,0.91865,0.91925,0.91816,0.91827,6065
2024-07-10T01:00:00.000Z,0.91829,0.91951,0.91797,0.91945,13113
2024-07-10T05:00:00.000Z,0.91945,0.92028,0.91853,0.91906,14669
2024-07-10T09:00:00.000Z,0.91906,0.91946,0.91835,0.91873,13710
2024-07-10T13:00:00.000Z,0.91873,0.91933,0.918,0.91848,20938
2024-07-10T17:00:00.000Z,0.91854,0.91904,0.9179,0.91892,10774
2024-07-10T21:00:00.000Z,0.91861,0.91985,0.91799,0.91945,5624
2024-07-11T01:00:00.000Z,0.91944,0.92077,0.91938,0.9204,9711
2024-07-11T05:00:00.000Z,0.9204,0.92135,0.92009,0.92131,14022
2024-07-11T09:00:00.000Z,0.92131,0.92396,0.91988,0.92378,18777
2024-07-11T13:00:00.000Z,0.92378,0.92467,0.9209,0.92199,38685
2024-07-11T17:00:00.000Z,0.922,0.92256,0.92083,0.92133,16758
2024-07-11T21:00:00.000Z,0.921,0.9226,0.92043,0.92137,13574
2024-07-12T01:00:00.000Z,0.92137,0.92223,0.92081,0.92195,15672
2024-07-12T05:00:00.000Z,0.92194,0.92283,0.9212,0.9225,16906
2024-07-12T09:00:00.000Z,0.92251,0.92409,0.92173,0.92351,19124
2024-07-12T13:00:00.000Z,0.92354,0.92516,0.92347,0.9247,30529
2024-07-12T17:00:00.000Z,0.9247,0.92533,0.92462,0.92484,11266
2024-07-14T21:00:00.000Z,0.92342,0.92426,0.9225,0.92408,12249
2024-07-15T01:00:00.000Z,0.92408,0.92524,0.92353,0.92515,12065
2024-07-15T05:00:00.000Z,0.92515,0.92595,0.92421,0.92501,16775
2024-07-15T09:00:00.000Z,0.925,0.92546,0.92418,0.92454,18780
2024-07-15T13:00:00.000Z,0.92454,0.92638,0.92441,0.92531,26820
2024-07-15T17:00:00.000Z,0.92531,0.92547,0.92419,0.92484,17513
2024-07-15T21:00:00.000Z,0.92455,0.92506,0.92343,0.92344,8128
2024-07-16T01:00:00.000Z,0.92345,0.92363,0.92242,0.9225,14364
2024-07-16T05:00:00.000Z,0.9225,0.92351,0.92179,0.92211,17877
2024-07-16T09:00:00.000Z,0.9221,0.92289,0.91924,0.92107,19611
2024-07-16T13:00:00.000Z,0.92107,0.92115,0.91968,0.92022,25756
2024-07-16T17:00:00.000Z,0.92023,0.92104,0.91997,0.92078,10744
2024-07-16T21:00:00.000Z,0.92049,0.92089,0.91987,0.92069,9007
2024-07-17T01:00:00.000Z,0.92071,0.92173,0.92049,0.92122,13026
2024-07-17T05:00:00.000Z,0.92122,0.92277,0.92048,0.92264,24030
2024-07-17T09:00:00.000Z,0.92265,0.92281,0.92117,0.92126,22180
2024-07-17T13:00:00.000Z,0.92127,0.92142,0.91997,0.92093,29894
2024-07-17T17:00:00.000Z,0.92092,0.92125,0.92037,0.92081,14731
2024-07-17T21:00:00.000Z,0.92043,0.92086,0.91961,0.91966,9864
2024-07-18T01:00:00.000Z,0.91965,0.92202,0.91885,0.92161,18155
2024-07-18T05:00:00.000Z,0.9216,0.92208,0.92079,0.92107,22987
2024-07-18T09:00:00.000Z,0.92108,0.92188,0.9206,0.92128,18875
2024-07-18T13:00:00.000Z,0.92127,0.92272,0.92069,0.9209,29849
2024-07-18T17:00:00.000Z,0.92089,0.92096,0.91863,0.91898,18788
2024-07-18T21:00:00.000Z,0.91835,0.91921,0.91804,0.91833,10552
2024-07-19T01:00:00.000Z,0.91835,0.91894,0.91781,0.9182,16536
2024-07-19T05:00:00.000Z,0.91821,0.91935,0.91752,0.91774,20345
2024-07-19T09:00:00.000Z,0.91773,0.91834,0.91733,0.91805,18678
2024-07-19T13:00:00.000Z,0.91805,0.91937,0.91798,0.91825,28165
2024-07-19T17:00:00.000Z,0.91826,0.91828,0.91742,0.91784,14853
2024-07-21T21:00:00.000Z,0.91715,0.91857,0.91685,0.9174,12502
2024-07-22T01:00:00.000Z,0.9174,0.91768,0.91489,0.91563,17474
2024-07-22T05:00:00.000Z,0.91563,0.91622,0.9149,0.9159,20864
2024-07-22T09:00:00.000Z,0.91591,0.91612,0.91368,0.91398,18109
2024-07-22T13:00:00.000Z,0.91397,0.91405,0.91263,0.91276,25504
2024-07-22T17:00:00.000Z,0.91276,0.91373,0.91274,0.9137,10605
2024-07-22T21:00:00.000Z,0.91341,0.91423,0.91301,0.91322,9193
2024-07-23T01:00:00.000Z,0.91321,0.9142,0.91273,0.91273,15279
2024-07-23T05:00:00.000Z,0.91273,0.91307,0.91159,0.91164,18432
2024-07-23T09:00:00.000Z,0.91164,0.91207,0.91083,0.91104,17141
2024-07-23T13:00:00.000Z,0.91104,0.91153,0.91021,0.91069,22379
2024-07-23T17:00:00.000Z,0.9107,0.91198,0.91052,0.91195,12560
2024-07-23T21:00:00.000Z,0.91148,0.91186,0.91073,0.91109,7159
2024-07-24T01:00:00.000Z,0.91108,0.91129,0.90838,0.90855,18693
2024-07-24T05:00:00.000Z,0.90854,0.91078,0.90834,0.90971,21978
2024-07-24T09:00:00.000Z,0.90972,0.91075,0.90915,0.91062,18101
2024-07-24T13:00:00.000Z,0.91062,0.91132,0.90907,0.90975,28976
2024-07-24T17:00:00.000Z,0.90974,0.90998,0.9085,0.90871,16097
2024-07-24T21:00:00.000Z,0.90803,0.90876,0.90593,0.90661,11290
2024-07-25T01:00:00.000Z,0.90661,0.90743,0.90379,0.90386,20494
2024-07-25T05:00:00.000Z,0.90387,0.90497,0.90282,0.90367,26579
2024-07-25T09:00:00.000Z,0.90367,0.90416,0.90088,0.90382,26747
2024-07-25T13:00:00.000Z,0.90384,0.90606,0.90264,0.90487,34411
2024-07-25T17:00:00.000Z,0.90487,0.90517,0.90326,0.90366,19933
2024-07-25T21:00:00.000Z,0.90335,0.9047,0.90301,0.90455,8987
2024-07-26T01:00:00.000Z,0.90454,0.90534,0.90425,0.90501,13821
2024-07-26T05:00:00.000Z,0.905,0.90674,0.90497,0.90662,18152
2024-07-26T09:00:00.000Z,0.90663,0.9073,0.90574,0.90691,17138
2024-07-26T13:00:00.000Z,0.90692,0.90789,0.9062,0.90718,28639
2024-07-26T17:00:00.000Z,0.90722,0.9073,0.9057,0.90575,15825
2024-07-28T21:00:00.000Z,0.90543,0.90757,0.90535,0.90734,10255
2024-07-29T01:00:00.000Z,0.90734,0.90756,0.90517,0.90545,15025
2024-07-29T05:00:00.000Z,0.90545,0.9065,0.90514,0.90567,17908
2024-07-29T09:00:00.000Z,0.90568,0.90707,0.90487,0.9049,15862
2024-07-29T13:00:00.000Z,0.9049,0.90679,0.90443,0.90661,24033
2024-07-29T17:00:00.000Z,0.90662,0.90733,0.90635,0.90718,13610
2024-07-29T21:00:00.000Z,0.90588,0.90822,0.90588,0.90703,8064
2024-07-30T01:00:00.000Z,0.90706,0.90763,0.90563,0.90749,15727
2024-07-30T05:00:00.000Z,0.9075,0.90843,0.90636,0.90666,17209
2024-07-30T09:00:00.000Z,0.90666,0.90673,0.90532,0.90582,14379
2024-07-30T13:00:00.000Z,0.90582,0.90603,0.90462,0.90492,30368
2024-07-30T17:00:00.000Z,0.90493,0.90598,0.90463,0.90531,17819
2024-07-30T21:00:00.000Z,0.9043,0.90611,0.90412,0.90528,10863
2024-07-31T01:00:00.000Z,0.90527,0.9054,0.89803,0.89898,22403
2024-07-31T05:00:00.000Z,0.89898,0.90048,0.89732,0.89882,24330
2024-07-31T09:00:00.000Z,0.89881,0.90163,0.89813,0.90113,22309
2024-07-31T13:00:00.000Z,0.90114,0.90225,0.901,0.90181,28020
2024-07-31T17:00:00.000Z,0.90181,0.90414,0.90055,0.90298,28082
2024-07-31T21:00:00.000Z,0.9024,0.9043,0.90237,0.90275,10067
2024-08-01T01:00:00.000Z,0.90275,0.90382,0.90078,0.90133,19278
2024-08-01T05:00:00.000Z,0.90133,0.90269,0.90089,0.90148,22939
2024-08-01T09:00:00.000Z,0.9015,0.90511,0.90093,0.90409,22555
2024-08-01T13:00:00.000Z,0.90408,0.90531,0.90159,0.90202,35520
2024-08-01T17:00:00.000Z,0.90204,0.9025,0.90099,0.90176,23380
2024-08-01T21:00:00.000Z,0.90112,0.90199,0.90047,0.90065,13849
2024-08-02T01:00:00.000Z,0.90065,0.90307,0.90041,0.90263,19595
2024-08-02T05:00:00.000Z,0.90265,0.90426,0.90224,0.90366,26270
2024-08-02T09:00:00.000Z,0.90364,0.90596,0.90214,0.90488,26725
2024-08-02T13:00:00.000Z,0.90489,0.90593,0.90215,0.90311,45111
2024-08-02T17:00:00.000Z,0.90311,0.90407,0.90265,0.90313,23736
2024-08-04T21:00:00.000Z,0.90231,0.90366,0.90007,0.90068,24008
2024-08-05T01:00:00.000Z,0.90067,0.90266,0.89955,0.90062,34237
2024-08-05T05:00:00.000Z,0.90063,0.9009,0.88534,0.89517,49432
2024-08-05T09:00:00.000Z,0.89518,0.89572,0.89005,0.89074,38846
2024-08-05T13:00:00.000Z,0.89074,0.89953,0.89054,0.89697,53677
2024-08-05T17:00:00.000Z,0.89698,0.89982,0.8967,0.89827,31715
2024-08-05T21:00:00.000Z,0.89733,0.9024,0.89722,0.90176,23684
2024-08-06T01:00:00.000Z,0.90175,0.90216,0.897,0.89902,33289
2024-08-06T05:00:00.000Z,0.89902,0.90177,0.89801,0.89931,39377
2024-08-06T09:00:00.000Z,0.89929,0.89929,0.89587,0.89634,32932
2024-08-06T13:00:00.000Z,0.89634,0.90048,0.89619,0.9004,43339
2024-08-06T17:00:00.000Z,0.90037,0.90053,0.89797,0.89859,28351
2024-08-06T21:00:00.000Z,0.89806,0.90101,0.89757,0.90089,17495
2024-08-07T01:00:00.000Z,0.90093,0.9037,0.89993,0.90299,31241
2024-08-07T05:00:00.000Z,0.90299,0.9036,0.90023,0.90202,30238
2024-08-07T09:00:00.000Z,0.90203,0.90359,0.90149,0.90191,24045
2024-08-07T13:00:00.000Z,0.90192,0.90228,0.89832,0.89863,33198
2024-08-07T17:00:00.000Z,0.89863,0.89868,0.8956,0.89702,26685
2024-08-07T21:00:00.000Z,0.89661,0.89704,0.89496,0.89573,14563
2024-08-08T01:00:00.000Z,0.89574,0.90116,0.89564,0.90017,24882
2024-08-08T05:00:00.000Z,0.90017,0.90126,0.89912,0.90025,26419
2024-08-08T09:00:00.000Z,0.90025,0.902,0.89987,0.90074,25464
2024-08-08T13:00:00.000Z,0.90077,0.90458,0.9007,0.9037,36158
2024-08-08T17:00:00.000Z,0.9037,0.90538,0.90348,0.90527,19790
2024-08-08T21:00:00.000Z,0.90453,0.90577,0.90432,0.90476,10861
2024-08-09T01:00:00.000Z,0.90475,0.90641,0.90466,0.90511,19423
2024-08-09T05:00:00.000Z,0.90511,0.9064,0.9042,0.90497,20789
2024-08-09T09:00:00.000Z,0.90498,0.90515,0.90265,0.90282,19174
2024-08-09T13:00:00.000Z,0.90283,0.90395,0.90194,0.90241,29356
2024-08-09T17:00:00.000Z,0.90241,0.9031,0.90208,0.90215,16429
2024-08-11T21:00:00.000Z,0.9008,0.90402,0.90066,0.90346,10893
2024-08-12T01:00:00.000Z,0.90346,0.90472,0.90341,0.90405,13378
2024-08-12T05:00:00.000Z,0.90403,0.90569,0.90324,0.90523,18078
2024-08-12T09:00:00.000Z,0.90521,0.90612,0.90486,0.90559,15173
2024-08-12T13:00:00.000Z,0.9056,0.90714,0.90477,0.90502,27777
2024-08-12T17:00:00.000Z,0.90501,0.90545,0.9046,0.90494,16714
2024-08-12T21:00:00.000Z,0.90467,0.90529,0.90429,0.90499,7009
2024-08-13T01:00:00.000Z,0.905,0.90657,0.9045,0.90592,15804
2024-08-13T05:00:00.000Z,0.90593,0.9072,0.90511,0.90678,15972
2024-08-13T09:00:00.000Z,0.90677,0.90745,0.90544,0.90701,18630
2024-08-13T13:00:00.000Z,0.907,0.90901,0.9056,0.90875,27999
2024-08-13T17:00:00.000Z,0.90875,0.91001,0.90799,0.90921,17331
2024-08-13T21:00:00.000Z,0.90807,0.91041,0.90786,0.91033,8836
2024-08-14T01:00:00.000Z,0.91031,0.91051,0.90765,0.90865,21072
2024-08-14T05:00:00.000Z,0.90865,0.91049,0.90813,0.90893,17935
2024-08-14T09:00:00.000Z,0.90893,0.91013,0.90721,0.90851,17818
2024-08-14T13:00:00.000Z,0.90849,0.90934,0.90522,0.90582,30625
2024-08-14T17:00:00.000Z,0.90582,0.90612,0.90456,0.90463,16427
2024-08-14T21:00:00.000Z,0.90441,0.90514,0.90368,0.90377,8034
2024-08-15T01:00:00.000Z,0.90378,0.90851,0.90094,0.90815,18955
2024-08-15T05:00:00.000Z,0.90814,0.90815,0.90694,0.90699,12183
2024-08-15T09:00:00.000Z,0.90698,0.90887,0.90637,0.90686,15874
2024-08-15T13:00:00.000Z,0.90686,0.90879,0.90592,0.90803,28497
2024-08-15T17:00:00.000Z,0.90804,0.90816,0.90746,0.90758,13788
2024-08-15T21:00:00.000Z,0.90718,0.90845,0.90703,0.90815,8502
2024-08-16T01:00:00.000Z,0.90815,0.90943,0.90797,0.90937,11955
2024-08-16T05:00:00.000Z,0.90937,0.91041,0.90919,0.91002,13505
2024-08-16T09:00:00.000Z,0.91002,0.91092,0.90934,0.90951,16841
2024-08-16T13:00:00.000Z,0.9095,0.91179,0.90914,0.9115,25056
2024-08-16T17:00:00.000Z,0.91151,0.91319,0.91139,0.91244,12559
2024-08-18T21:00:00.000Z,0.91137,0.914,0.91019,0.91328,8848
2024-08-19T01:00:00.000Z,0.91329,0.91479,0.91257,0.91374,15373
2024-08-19T05:00:00.000Z,0.91376,0.91466,0.91257,0.9145,19411
2024-08-19T09:00:00.000Z,0.9145,0.91608,0.91411,0.91555,14682
2024-08-19T13:00:00.000Z,0.91555,0.91749,0.91512,0.91718,24352
2024-08-19T17:00:00.000Z,0.91718,0.9181,0.91688,0.91786,13785
2024-08-19T21:00:00.000Z,0.9166,0.91845,0.9166,0.91713,8412
2024-08-20T01:00:00.000Z,0.91713,0.91795,0.91556,0.91607,15574
2024-08-20T05:00:00.000Z,0.91607,0.91732,0.91547,0.9161,16949
2024-08-20T09:00:00.000Z,0.9161,0.91829,0.91602,0.91817,16970
2024-08-20T13:00:00.000Z,0.91816,0.91962,0.91763,0.91816,27561
2024-08-20T17:00:00.000Z,0.91815,0.91919,0.91769,0.91891,14796
2024-08-20T21:00:00.000Z,0.91801,0.91937,0.91801,0.91909,8468
2024-08-21T01:00:00.000Z,0.91908,0.91909,0.91775,0.91819,12467
2024-08-21T05:00:00.000Z,0.91818,0.91876,0.91652,0.91678,16641
2024-08-21T09:00:00.000Z,0.9168,0.91733,0.91607,0.91689,13435
2024-08-21T13:00:00.000Z,0.91689,0.91737,0.91558,0.9161,30922
2024-08-21T17:00:00.000Z,0.91611,0.91796,0.91596,0.91668,13896
2024-08-21T21:00:00.000Z,0.91635,0.91715,0.91567,0.91614,5483
2024-08-22T01:00:00.000Z,0.91613,0.91627,0.91411,0.91507,10238
2024-08-22T05:00:00.000Z,0.91508,0.91652,0.91486,0.91585,12498
2024-08-22T09:00:00.000Z,0.91585,0.91587,0.91377,0.91423,15632
2024-08-22T13:00:00.000Z,0.91424,0.91497,0.91187,0.9121,27005
2024-08-22T17:00:00.000Z,0.91211,0.91282,0.91139,0.91278,14597
2024-08-22T21:00:00.000Z,0.91267,0.91284,0.912,0.91257,5826
2024-08-23T01:00:00.000Z,0.91257,0.91403,0.91244,0.91397,10020
2024-08-23T05:00:00.000Z,0.91397,0.91431,0.91319,0.91373,13993
2024-08-23T09:00:00.000Z,0.91374,0.91472,0.91367,0.91416,13212
2024-08-23T13:00:00.000Z,0.91414,0.91699,0.91282,0.91642,35846
2024-08-23T17:00:00.000Z,0.91641,0.91847,0.9163,0.91812,16927
2024-08-25T21:00:00.000Z,0.91654,0.91793,0.91645,0.91698,9366
2024-08-26T01:00:00.000Z,0.91699,0.91745,0.91533,0.91544,11959
2024-08-26T05:00:00.000Z,0.91544,0.9156,0.91467,0.91478,14200
2024-08-26T09:00:00.000Z,0.91477,0.91524,0.91362,0.91407,14493
2024-08-26T13:00:00.000Z,0.91407,0.91428,0.91274,0.9135,23455
2024-08-26T17:00:00.000Z,0.91351,0.91386,0.91297,0.91319,11530
2024-08-26T21:00:00.000Z,0.91285,0.91326,0.91191,0.91201,6577
2024-08-27T01:00:00.000Z,0.91202,0.91481,0.91202,0.91444,11169
2024-08-27T05:00:00.000Z,0.91444,0.91522,0.91262,0.91299,14741
2024-08-27T09:00:00.000Z,0.91299,0.91405,0.91244,0.91256,16682
2024-08-27T13:00:00.000Z,0.91255,0.91299,0.91161,0.91236,24427
2024-08-27T17:00:00.000Z,0.91236,0.91394,0.91227,0.91318,10964
2024-08-27T21:00:00.000Z,0.91245,0.91341,0.91227,0.91279,7214
2024-08-28T01:00:00.000Z,0.91277,0.91582,0.91225,0.91408,14652
2024-08-28T05:00:00.000Z,0.91409,0.91497,0.91312,0.91479,18315
2024-08-28T09:00:00.000Z,0.9148,0.91492,0.91232,0.91261,18680
2024-08-28T13:00:00.000Z,0.91261,0.914,0.91196,0.91258,25150
2024-08-28T17:00:00.000Z,0.91259,0.91444,0.91194,0.91444,14411
2024-08-28T21:00:00.000Z,0.91375,0.91566,0.91372,0.9156,7978
2024-08-29T01:00:00.000Z,0.91561,0.91606,0.91422,0.91572,12717
2024-08-29T05:00:00.000Z,0.91572,0.91672,0.91538,0.91653,19622
2024-08-29T09:00:00.000Z,0.91653,0.91795,0.91613,0.91637,20288
2024-08-29T13:00:00.000Z,0.91638,0.91652,0.91462,0.91631,27638
2024-08-29T17:00:00.000Z,0.91629,0.91713,0.91579,0.91658,16110
2024-08-29T21:00:00.000Z,0.91637,0.91693,0.91592,0.91676,6439
2024-08-30T01:00:00.000Z,0.91675,0.91813,0.91569,0.91723,10936
2024-08-30T05:00:00.000Z,0.91724,0.91814,0.91677,0.91734,13663
2024-08-30T09:00:00.000Z,0.91734,0.9175,0.91418,0.91475,16427
2024-08-30T13:00:00.000Z,0.91475,0.91549,0.91182,0.91248,33010
2024-08-30T17:00:00.000Z,0.91246,0.91317,0.91169,0.91271,14703
2024-09-01T21:00:00.000Z,0.91189,0.91407,0.91179,0.9138,6177
2024-09-02T01:00:00.000Z,0.91379,0.91406,0.91215,0.91255,10757
2024-09-02T05:00:00.000Z,0.91255,0.91515,0.91255,0.91487,14096
2024-09-02T09:00:00.000Z,0.91487,0.91529,0.91423,0.9146,10624
2024-09-02T13:00:00.000Z,0.91461,0.91674,0.91457,0.91629,10495
2024-09-02T17:00:00.000Z,0.91629,0.91668,0.9162,0.91641,1953
2024-09-02T21:00:00.000Z,0.9158,0.91639,0.91541,0.91566,6906
2024-09-03T01:00:00.000Z,0.91571,0.91612,0.91076,0.91192,16416
2024-09-03T05:00:00.000Z,0.91193,0.91231,0.91046,0.9115,17439
2024-09-03T09:00:00.000Z,0.91151,0.91271,0.91119,0.91263,18440
2024-09-03T13:00:00.000Z,0.91264,0.91339,0.90962,0.91011,29449
2024-09-03T17:00:00.000Z,0.91012,0.9103,0.90905,0.90936,14500
2024-09-03T21:00:00.000Z,0.90926,0.90952,0.90621,0.90645,9447
2024-09-04T01:00:00.000Z,0.9064,0.90817,0.9064,0.9073,14755
2024-09-04T05:00:00.000Z,0.90729,0.90984,0.9068,0.90907,17573
2024-09-04T09:00:00.000Z,0.90908,0.91144,0.90898,0.91119,15099
2024-09-04T13:00:00.000Z,0.91119,0.91225,0.90794,0.90854,29767
2024-09-04T17:00:00.000Z,0.90856,0.90883,0.90746,0.90831,16391
2024-09-04T21:00:00.000Z,0.90709,0.90828,0.90688,0.90796,6619
2024-09-05T01:00:00.000Z,0.90797,0.90906,0.90755,0.90823,11394
2024-09-05T05:00:00.000Z,0.90823,0.90916,0.90722,0.90896,14939
2024-09-05T09:00:00.000Z,0.90896,0.91018,0.90778,0.90966,18335
2024-09-05T13:00:00.000Z,0.90964,0.91042,0.90831,0.9097,28085
2024-09-05T17:00:00.000Z,0.90969,0.91047,0.90929,0.9101,15938
2024-09-05T21:00:00.000Z,0.90992,0.91022,0.90953,0.90985,5272
2024-09-06T01:00:00.000Z,0.90986,0.90996,0.90794,0.90837,11058
2024-09-06T05:00:00.000Z,0.90837,0.90943,0.90709,0.90928,16659
2024-09-06T09:00:00.000Z,0.90929,0.91208,0.90601,0.91119,20060
2024-09-06T13:00:00.000Z,0.91118,0.91143,0.90421,0.90462,42664
2024-09-06T17:00:00.000Z,0.90461,0.9056,0.90409,0.90488,20537
2024-09-08T21:00:00.000Z,0.90389,0.90516,0.9038,0.90447,8711
2024-09-09T01:00:00.000Z,0.90446,0.90654,0.90446,0.90526,12998
2024-09-09T05:00:00.000Z,0.90526,0.90527,0.90259,0.90301,16269
2024-09-09T09:00:00.000Z,0.90302,0.90353,0.90188,0.90246,14341
2024-09-09T13:00:00.000Z,0.90246,0.90432,0.90192,0.90365,21650
2024-09-09T17:00:00.000Z,0.90364,0.90398,0.90264,0.90292,13912
2024-09-09T21:00:00.000Z,0.90263,0.90367,0.90175,0.9023,6704
2024-09-10T01:00:00.000Z,0.9023,0.9041,0.9022,0.90398,10835
2024-09-10T05:00:00.000Z,0.90397,0.90499,0.90338,0.90359,14982
2024-09-10T09:00:00.000Z,0.90359,0.90562,0.90331,0.90448,15213
2024-09-10T13:00:00.000Z,0.90447,0.90533,0.90353,0.90508,26254
2024-09-10T17:00:00.000Z,0.9051,0.90645,0.90496,0.90531,14742
2024-09-10T21:00:00.000Z,0.90461,0.90579,0.90461,0.905,6940
2024-09-11T01:00:00.000Z,0.905,0.90583,0.90437,0.90483,15912
2024-09-11T05:00:00.000Z,0.90482,0.90628,0.90458,0.90469,17046
2024-09-11T09:00:00.000Z,0.90469,0.90603,0.90261,0.90465,20142
2024-09-11T13:00:00.000Z,0.90463,0.90506,0.90189,0.90426,33056
2024-09-11T17:00:00.000Z,0.90428,0.90608,0.90421,0.90601,18322
2024-09-11T21:00:00.000Z,0.90558,0.90707,0.90537,0.90613,6090
2024-09-12T01:00:00.000Z,0.90612,0.90819,0.90598,0.90784,11884
2024-09-12T05:00:00.000Z,0.90784,0.90823,0.90387,0.90573,16383
2024-09-12T09:00:00.000Z,0.90574,0.90826,0.90548,0.9072,18567
2024-09-12T13:00:00.000Z,0.90719,0.91145,0.90698,0.91125,28193
2024-09-12T17:00:00.000Z,0.91124,0.91328,0.91115,0.91271,18780
2024-09-12T21:00:00.000Z,0.91231,0.91339,0.91231,0.91302,7284
2024-09-13T01:00:00.000Z,0.91304,0.91335,0.91222,0.91291,12501
2024-09-13T05:00:00.000Z,0.91292,0.91299,0.91125,0.91159,15564
2024-09-13T09:00:00.000Z,0.9116,0.91258,0.9096,0.91061,18853
2024-09-13T13:00:00.000Z,0.91062,0.91249,0.91056,0.91186,26001
2024-09-13T17:00:00.000Z,0.91186,0.91209,0.91073,0.91102,15824
2024-09-15T21:00:00.000Z,0.91072,0.91169,0.91056,0.91117,6819
2024-09-16T01:00:00.000Z,0.91116,0.91305,0.91048,0.91293,8444
2024-09-16T05:00:00.000Z,0.9129,0.9156,0.91247,0.91465,15339
2024-09-16T09:00:00.000Z,0.91465,0.91658,0.91439,0.91576,17372
2024-09-16T13:00:00.000Z,0.91577,0.91682,0.91497,0.9168,23403
2024-09-16T17:00:00.000Z,0.91678,0.91751,0.91615,0.9173,12681
2024-09-16T21:00:00.000Z,0.91674,0.91744,0.91645,0.91656,5769
2024-09-17T01:00:00.000Z,0.91657,0.91777,0.91656,0.91664,9157
2024-09-17T05:00:00.000Z,0.91664,0.91903,0.91657,0.91878,14153
2024-09-17T09:00:00.000Z,0.91879,0.91999,0.91796,0.91832,18196
2024-09-17T13:00:00.000Z,0.91832,0.91927,0.91752,0.91809,27552
2024-09-17T17:00:00.000Z,0.91809,0.91882,0.91726,0.9185,17635
2024-09-17T21:00:00.000Z,0.91815,0.91986,0.91793,0.91948,6058
2024-09-18T01:00:00.000Z,0.91948,0.9201,0.91745,0.9176,11367
2024-09-18T05:00:00.000Z,0.91761,0.92126,0.91751,0.92109,15941
2024-09-18T09:00:00.000Z,0.9211,0.92228,0.92063,0.92092,16697
2024-09-18T13:00:00.000Z,0.92093,0.92172,0.91884,0.91986,23367
2024-09-18T17:00:00.000Z,0.91985,0.92396,0.91834,0.92013,40306
2024-09-18T21:00:00.000Z,0.91887,0.92166,0.91856,0.91957,13036
2024-09-19T01:00:00.000Z,0.91958,0.92392,0.91919,0.92344,23866
2024-09-19T05:00:00.000Z,0.92345,0.92681,0.92341,0.92461,24328
2024-09-19T09:00:00.000Z,0.92462,0.92607,0.92323,0.92352,25257
2024-09-19T13:00:00.000Z,0.9235,0.92477,0.92247,0.92398,31413
2024-09-19T17:00:00.000Z,0.92398,0.92453,0.92351,0.92388,17873
2024-09-19T21:00:00.000Z,0.92299,0.92397,0.92235,0.92306,6267
2024-09-20T01:00:00.000Z,0.92305,0.92538,0.9226,0.92428,15736
2024-09-20T05:00:00.000Z,0.92429,0.9256,0.9236,0.92397,20651
2024-09-20T09:00:00.000Z,0.92397,0.9247,0.92329,0.92395,18220
2024-09-20T13:00:00.000Z,0.92394,0.9242,0.92138,0.924,32214
2024-09-20T17:00:00.000Z,0.92396,0.92401,0.92295,0.92344,19592
2024-09-22T21:00:00.000Z,0.92151,0.9243,0.92151,0.92421,6681
2024-09-23T01:00:00.000Z,0.92421,0.92676,0.92386,0.92645,11404
2024-09-23T05:00:00.000Z,0.92646,0.92669,0.92344,0.92436,20049
2024-09-23T09:00:00.000Z,0.92436,0.92597,0.92434,0.92562,17878
2024-09-23T13:00:00.000Z,0.92562,0.92601,0.92322,0.92332,28880
2024-09-23T17:00:00.000Z,0.92331,0.92578,0.92309,0.92576,13940
2024-09-23T21:00:00.000Z,0.92502,0.92563,0.92352,0.9241,6484
2024-09-24T01:00:00.000Z,0.92411,0.92766,0.9241,0.92728,16934
2024-09-24T05:00:00.000Z,0.92728,0.928,0.92188,0.92362,23767
2024-09-24T09:00:00.000Z,0.9236,0.92641,0.92339,0.92579,18408
2024-09-24T13:00:00.000Z,0.92579,0.92731,0.92508,0.92596,27089
2024-09-24T17:00:00.000Z,0.92596,0.92601,0.92478,0.92573,13235
2024-09-24T21:00:00.000Z,0.92553,0.92704,0.92529,0.92584,8882
2024-09-25T01:00:00.000Z,0.92584,0.92613,0.92417,0.92498,17815
2024-09-25T05:00:00.000Z,0.92497,0.92592,0.92355,0.92453,18123
2024-09-25T09:00:00.000Z,0.92454,0.92458,0.92343,0.92403,17289
2024-09-25T13:00:00.000Z,0.92403,0.92465,0.91968,0.91987,28700
2024-09-25T17:00:00.000Z,0.91987,0.92054,0.91918,0.92007,16618
2024-09-25T21:00:00.000Z,0.91943,0.92071,0.91912,0.92047,7745
2024-09-26T01:00:00.000Z,0.92049,0.92237,0.92005,0.9219,14100
2024-09-26T05:00:00.000Z,0.92189,0.92505,0.92171,0.92392,20714
2024-09-26T09:00:00.000Z,0.92393,0.92748,0.92391,0.92694,22870
2024-09-26T13:00:00.000Z,0.92694,0.9296,0.92536,0.92826,34418
2024-09-26T17:00:00.000Z,0.92825,0.92956,0.92811,0.92853,18497
2024-09-26T21:00:00.000Z,0.92695,0.92954,0.92629,0.9287,8697
2024-09-27T01:00:00.000Z,0.92871,0.92903,0.92713,0.92783,16650
2024-09-27T05:00:00.000Z,0.92783,0.92911,0.9268,0.92841,26297
2024-09-27T09:00:00.000Z,0.92841,0.93329,0.92754,0.93293,21231
2024-09-27T13:00:00.000Z,0.93293,0.93485,0.93232,0.93354,32012
2024-09-27T17:00:00.000Z,0.93355,0.93427,0.93273,0.93289,19444
2024-09-29T21:00:00.000Z,0.93147,0.93552,0.93147,0.9355,8564
2024-09-30T01:00:00.000Z,0.93549,0.93688,0.9346,0.93634,18200
2024-09-30T05:00:00.000Z,0.93635,0.93728,0.93526,0.93615,20480
2024-09-30T09:00:00.000Z,0.93612,0.93649,0.93498,0.93573,17783
2024-09-30T13:00:00.000Z,0.93573,0.93767,0.93515,0.93719,29278
2024-09-30T17:00:00.000Z,0.93718,0.93741,0.93371,0.93498,23761
2024-09-30T21:00:00.000Z,0.93419,0.93578,0.93391,0.93521,7916
2024-10-01T01:00:00.000Z,0.93522,0.93753,0.93512,0.93701,13740
2024-10-01T05:00:00.000Z,0.93704,0.93766,0.93375,0.93494,20213
2024-10-01T09:00:00.000Z,0.93495,0.93576,0.93304,0.93425,21510
2024-10-01T13:00:00.000Z,0.93425,0.93459,0.92712,0.92795,39855
2024-10-01T17:00:00.000Z,0.92796,0.93063,0.92696,0.9285,22389
2024-10-01T21:00:00.000Z,0.92819,0.92893,0.92787,0.92827,8310
2024-10-02T01:00:00.000Z,0.92828,0.93196,0.92828,0.92902,18230
2024-10-02T05:00:00.000Z,0.92901,0.9307,0.92742,0.92989,22792
2024-10-02T09:00:00.000Z,0.92989,0.93079,0.92937,0.93011,19286
2024-10-02T13:00:00.000Z,0.93012,0.93055,0.92743,0.92865,29129
2024-10-02T17:00:00.000Z,0.92864,0.92978,0.9283,0.92955,14332
2024-10-02T21:00:00.000Z,0.92847,0.93013,0.92847,0.9294,7028
2024-10-03T01:00:00.000Z,0.92939,0.92977,0.92737,0.92766,16922
2024-10-03T05:00:00.000Z,0.92766,0.92879,0.92645,0.92647,22389
2024-10-03T09:00:00.000Z,0.92647,0.92718,0.92511,0.9254,21017
2024-10-03T13:00:00.000Z,0.9254,0.92753,0.92473,0.92681,33308
2024-10-03T17:00:00.000Z,0.92684,0.92789,0.92657,0.92727,15762
2024-10-03T21:00:00.000Z,0.92613,0.92824,0.92587,0.92783,6213
2024-10-04T01:00:00.000Z,0.92783,0.92851,0.92708,0.92717,18405
2024-10-04T05:00:00.000Z,0.92718,0.92821,0.92709,0.92756,17029
2024-10-04T09:00:00.000Z,0.92757,0.92776,0.92223,0.92262,18136
2024-10-04T13:00:00.000Z,0.92263,0.92393,0.92169,0.92267,32331
2024-10-04T17:00:00.000Z,0.92268,0.92343,0.92235,0.92241,13487
2024-10-06T21:00:00.000Z,0.92093,0.92415,0.92073,0.92347,10028
2024-10-07T01:00:00.000Z,0.92346,0.92472,0.92303,0.92431,19136
2024-10-07T05:00:00.000Z,0.92429,0.92436,0.92223,0.92226,19323
2024-10-07T09:00:00.000Z,0.92227,0.9233,0.92142,0.92241,19878
2024-10-07T13:00:00.000Z,0.9224,0.92314,0.91942,0.92001,28329
2024-10-07T17:00:00.000Z,0.92001,0.9206,0.91942,0.92037,16528
2024-10-07T21:00:00.000Z,0.91983,0.92151,0.91953,0.9214,9824
2024-10-08T01:00:00.000Z,0.92139,0.92147,0.91547,0.91758,30472
2024-10-08T05:00:00.000Z,0.91758,0.91889,0.91615,0.91804,26440
2024-10-08T09:00:00.000Z,0.91805,0.91981,0.91692,0.91868,17924
2024-10-08T13:00:00.000Z,0.91868,0.92107,0.91829,0.92068,27203
2024-10-08T17:00:00.000Z,0.92068,0.92129,0.91959,0.92073,16072
2024-10-08T21:00:00.000Z,0.92013,0.92083,0.91977,0.92013,6448
2024-10-09T01:00:00.000Z,0.92014,0.92118,0.91853,0.91934,27565
2024-10-09T05:00:00.000Z,0.91934,0.92274,0.91893,0.91994,27562
2024-10-09T09:00:00.000Z,0.91993,0.92097,0.91927,0.91965,17690
2024-10-09T13:00:00.000Z,0.91965,0.92053,0.91826,0.91963,23424
2024-10-09T17:00:00.000Z,0.91962,0.9214,0.91937,0.92101,13736
2024-10-09T21:00:00.000Z,0.91947,0.92145,0.91928,0.92082,7700
2024-10-10T01:00:00.000Z,0.92081,0.9237,0.92068,0.92346,22501
2024-10-10T05:00:00.000Z,0.92346,0.92402,0.922,0.92326,18591
2024-10-10T09:00:00.000Z,0.9233,0.92553,0.92103,0.92504,20315
2024-10-10T13:00:00.000Z,0.92503,0.92642,0.92399,0.92464,31885
2024-10-10T17:00:00.000Z,0.92464,0.92648,0.92423,0.92621,16257
2024-10-10T21:00:00.000Z,0.92514,0.92701,0.92506,0.92673,7273
2024-10-11T01:00:00.000Z,0.92672,0.92823,0.92641,0.92732,11200
2024-10-11T05:00:00.000Z,0.92732,0.92788,0.92585,0.92743,14075
2024-10-11T09:00:00.000Z,0.92744,0.92858,0.92454,0.92569,17037
2024-10-11T13:00:00.000Z,0.92568,0.93044,0.9255,0.9297,23881
2024-10-11T17:00:00.000Z,0.92969,0.92991,0.92883,0.92905,8503
2024-10-13T21:00:00.000Z,0.92677,0.92901,0.92598,0.92786,9962
2024-10-14T01:00:00.000Z,0.92787,0.92893,0.92685,0.9281,19868
2024-10-14T05:00:00.000Z,0.9281,0.9287,0.92722,0.92745,15981
2024-10-14T09:00:00.000Z,0.92745,0.92833,0.92493,0.925,14805
2024-10-14T13:00:00.000Z,0.925,0.9286,0.92467,0.92754,21872
2024-10-14T17:00:00.000Z,0.92755,0.92776,0.9266,0.92776,10875
2024-10-14T21:00:00.000Z,0.92591,0.92838,0.92575,0.92809,6220
2024-10-15T01:00:00.000Z,0.92808,0.92879,0.92661,0.92673,15848
2024-10-15T05:00:00.000Z,0.92674,0.92745,0.92569,0.92706,19764
2024-10-15T09:00:00.000Z,0.92706,0.92922,0.92614,0.92856,18206
2024-10-15T13:00:00.000Z,0.92855,0.92881,0.92513,0.92538,26448
2024-10-15T17:00:00.000Z,0.92538,0.92538,0.92287,0.92305,13816
2024-10-15T21:00:00.000Z,0.9226,0.92331,0.91941,0.92087,9863
2024-10-16T01:00:00.000Z,0.92087,0.92292,0.92016,0.92172,18195
2024-10-16T05:00:00.000Z,0.92173,0.92279,0.92108,0.92242,19440
2024-10-16T09:00:00.000Z,0.92242,0.92268,0.91954,0.91966,15681
2024-10-16T13:00:00.000Z,0.91966,0.91989,0.91708,0.91774,20639
2024-10-16T17:00:00.000Z,0.91773,0.91779,0.9163,0.91665,10447
2024-10-16T21:00:00.000Z,0.91576,0.92062,0.91545,0.92056,7972
2024-10-17T01:00:00.000Z,0.92055,0.92246,0.91969,0.92069,18979
2024-10-17T05:00:00.000Z,0.92068,0.92121,0.91953,0.92027,17757
2024-10-17T09:00:00.000Z,0.92028,0.92305,0.92024,0.92191,17505
2024-10-17T13:00:00.000Z,0.92191,0.92441,0.92111,0.92372,28446
2024-10-17T17:00:00.000Z,0.92372,0.92418,0.92325,0.92361,11411
2024-10-17T21:00:00.000Z,0.92288,0.92477,0.92277,0.92412,6720
2024-10-18T01:00:00.000Z,0.92413,0.92613,0.92412,0.92453,18723
2024-10-18T05:00:00.000Z,0.92454,0.92647,0.92408,0.92582,18591
2024-10-18T09:00:00.000Z,0.92581,0.92632,0.92517,0.92603,14947
2024-10-18T13:00:00.000Z,0.92604,0.9267,0.92463,0.92553,19232
2024-10-18T17:00:00.000Z,0.92553,0.92594,0.92509,0.92552,12821
2024-10-20T21:00:00.000Z,0.92484,0.92684,0.92457,0.92611,7597
2024-10-21T01:00:00.000Z,0.9261,0.92796,0.92566,0.92581,17355
2024-10-21T05:00:00.000Z,0.9258,0.92599,0.92336,0.9243,17084
2024-10-21T09:00:00.000Z,0.9243,0.9255,0.92332,0.92475,15164
2024-10-21T13:00:00.000Z,0.92475,0.92547,0.92155,0.92192,20599
2024-10-21T17:00:00.000Z,0.92192,0.92215,0.92061,0.92082,10739
2024-10-21T21:00:00.000Z,0.92013,0.92106,0.91994,0.92067,6928
2024-10-22T01:00:00.000Z,0.92066,0.9248,0.92062,0.92463,18722
2024-10-22T05:00:00.000Z,0.92463,0.92503,0.92367,0.92392,16008
2024-10-22T09:00:00.000Z,0.92392,0.92515,0.92368,0.92441,16536
2024-10-22T13:00:00.000Z,0.92442,0.92514,0.92321,0.92415,22361
2024-10-22T17:00:00.000Z,0.92416,0.9247,0.9228,0.92313,12114
2024-10-22T21:00:00.000Z,0.92284,0.92443,0.92197,0.92219,7028
2024-10-23T01:00:00.000Z,0.92218,0.92446,0.92125,0.92265,20140
2024-10-23T05:00:00.000Z,0.92265,0.92301,0.92046,0.92049,18507
2024-10-23T09:00:00.000Z,0.92049,0.92065,0.91777,0.91858,16465
2024-10-23T13:00:00.000Z,0.91857,0.91952,0.91714,0.91717,24212
2024-10-23T17:00:00.000Z,0.91718,0.91809,0.91582,0.91799,15683
2024-10-23T21:00:00.000Z,0.91738,0.91829,0.91699,0.91794,6637
2024-10-24T01:00:00.000Z,0.91793,0.9193,0.9176,0.9187,14914
2024-10-24T05:00:00.000Z,0.91869,0.92027,0.91804,0.91929,17064
2024-10-24T09:00:00.000Z,0.91928,0.92013,0.91866,0.9193,15445
2024-10-24T13:00:00.000Z,0.91931,0.91958,0.91745,0.91923,24227
2024-10-24T17:00:00.000Z,0.91923,0.91995,0.91915,0.91972,13556
2024-10-24T21:00:00.000Z,0.91896,0.91988,0.91821,0.91881,7142
2024-10-25T01:00:00.000Z,0.9188,0.91923,0.91681,0.91709,15247
2024-10-25T05:00:00.000Z,0.91709,0.91814,0.91708,0.91778,15698
2024-10-25T09:00:00.000Z,0.91779,0.91988,0.9177,0.91964,12316
2024-10-25T13:00:00.000Z,0.91964,0.92072,0.91763,0.91783,21402
2024-10-25T17:00:00.000Z,0.91783,0.91785,0.91691,0.9174,13513
2024-10-27T21:00:00.000Z,0.91769,0.91852,0.91678,0.91685,8611
2024-10-28T01:00:00.000Z,0.91686,0.91749,0.91487,0.91587,14882
2024-10-28T05:00:00.000Z,0.91587,0.91726,0.9154,0.91721,13758
2024-10-28T09:00:00.000Z,0.91723,0.91834,0.91693,0.91789,13450
2024-10-28T13:00:00.000Z,0.91789,0.91817,0.91488,0.91507,19294
2024-10-28T17:00:00.000Z,0.91507,0.91509,0.91415,0.91427,10519
2024-10-28T21:00:00.000Z,0.9139,0.91465,0.9129,0.91334,6236
2024-10-29T01:00:00.000Z,0.91334,0.91435,0.91174,0.91233,15369
2024-10-29T05:00:00.000Z,0.91231,0.9133,0.91095,0.91264,15382
2024-10-29T09:00:00.000Z,0.91264,0.91307,0.91101,0.91159,15642
2024-10-29T13:00:00.000Z,0.9116,0.91267,0.91089,0.91223,27531
2024-10-29T17:00:00.000Z,0.91221,0.91299,0.91216,0.91284,13006
2024-10-29T21:00:00.000Z,0.91205,0.91357,0.91182,0.91277,6875
2024-10-30T01:00:00.000Z,0.91278,0.91387,0.91012,0.91069,15537
2024-10-30T05:00:00.000Z,0.91069,0.91542,0.91017,0.91499,15448
2024-10-30T09:00:00.000Z,0.91499,0.91609,0.91426,0.91583,20100
2024-10-30T13:00:00.000Z,0.91584,0.91746,0.91462,0.91547,28231
2024-10-30T17:00:00.000Z,0.91547,0.91554,0.91307,0.91386,14240
2024-10-30T21:00:00.000Z,0.91354,0.91427,0.91313,0.91338,7110
2024-10-31T01:00:00.000Z,0.91336,0.91512,0.91329,0.91421,16014
2024-10-31T05:00:00.000Z,0.91421,0.91536,0.91405,0.91458,16379
2024-10-31T09:00:00.000Z,0.91458,0.91476,0.91315,0.91416,17586
2024-10-31T13:00:00.000Z,0.91417,0.91432,0.90991,0.91377,32007
2024-10-31T17:00:00.000Z,0.91377,0.91715,0.91364,0.9168,17808
2024-10-31T21:00:00.000Z,0.91659,0.91696,0.91545,0.91553,7022
2024-11-01T01:00:00.000Z,0.91554,0.91678,0.91522,0.91585,16169
2024-11-01T05:00:00.000Z,0.91584,0.91593,0.91377,0.91445,14604
2024-11-01T09:00:00.000Z,0.91447,0.91648,0.91328,0.91591,17083
2024-11-01T13:00:00.000Z,0.91591,0.91702,0.91443,0.91685,28734
2024-11-01T17:00:00.000Z,0.91687,0.91693,0.91457,0.91515,14899
2024-11-03T22:00:00.000Z,0.91959,0.91984,0.91651,0.91806,15971
2024-11-04T02:00:00.000Z,0.91805,0.91956,0.91744,0.91894,17697
2024-11-04T06:00:00.000Z,0.91894,0.91901,0.91651,0.91729,18223
2024-11-04T10:00:00.000Z,0.91728,0.91802,0.91629,0.91699,16268
2024-11-04T14:00:00.000Z,0.917,0.91744,0.91456,0.91562,26118
2024-11-04T18:00:00.000Z,0.91564,0.91579,0.91502,0.91533,14862
2024-11-04T22:00:00.000Z,0.91423,0.91627,0.91421,0.91611,9088
2024-11-05T02:00:00.000Z,0.91612,0.91716,0.91531,0.91673,14719
2024-11-05T06:00:00.000Z,0.91673,0.91895,0.91658,0.91859,13279
2024-11-05T10:00:00.000Z,0.91859,0.92009,0.91848,0.91976,11594
2024-11-05T14:00:00.000Z,0.91975,0.91991,0.91797,0.91846,23204
2024-11-05T18:00:00.000Z,0.91847,0.91917,0.91733,0.91772,12111
2024-11-05T22:00:00.000Z,0.9164,0.91871,0.91435,0.91535,26245
2024-11-06T02:00:00.000Z,0.91527,0.9157,0.90718,0.91122,43822
2024-11-06T06:00:00.000Z,0.91123,0.91574,0.90877,0.91555,38187
2024-11-06T10:00:00.000Z,0.91554,0.91595,0.91199,0.91376,31260
2024-11-06T14:00:00.000Z,0.91378,0.91703,0.91322,0.91567,34554
2024-11-06T18:00:00.000Z,0.91568,0.91853,0.91494,0.91575,18915
2024-11-06T22:00:00.000Z,0.91532,0.9171,0.91497,0.91677,13252
2024-11-07T02:00:00.000Z,0.91677,0.92035,0.91676,0.91985,18709
2024-11-07T06:00:00.000Z,0.91984,0.92121,0.91896,0.92078,21925
2024-11-07T10:00:00.000Z,0.92079,0.92482,0.91994,0.9247,22731
2024-11-07T14:00:00.000Z,0.92469,0.92704,0.92395,0.92466,28100
2024-11-07T18:00:00.000Z,0.92469,0.92587,0.92281,0.92556,25200
2024-11-07T22:00:00.000Z,0.92403,0.92606,0.92369,0.92407,11880
2024-11-08T02:00:00.000Z,0.92406,0.92458,0.92262,0.92364,16361
2024-11-08T06:00:00.000Z,0.92363,0.92409,0.92042,0.92247,24767
2024-11-08T10:00:00.000Z,0.92249,0.9226,0.91899,0.91945,21618
2024-11-08T14:00:00.000Z,0.91945,0.91988,0.91326,0.91527,29593
2024-11-08T18:00:00.000Z,0.91526,0.91621,0.91438,0.91567,13539
2024-11-10T22:00:00.000Z,0.91532,0.91773,0.91447,0.91689,13408
2024-11-11T02:00:00.000Z,0.91689,0.91822,0.91645,0.91714,14533
2024-11-11T06:00:00.000Z,0.91714,0.91749,0.91533,0.91673,18881
2024-11-11T10:00:00.000Z,0.91671,0.91749,0.91579,0.91643,16484
2024-11-11T14:00:00.000Z,0.91645,0.91735,0.91416,0.91449,20312
2024-11-11T18:00:00.000Z,0.91448,0.91556,0.91412,0.91536,9632
2024-11-11T22:00:00.000Z,0.91474,0.91613,0.91379,0.91486,12051
2024-11-12T02:00:00.000Z,0.91486,0.91496,0.91338,0.91358,18431
2024-11-12T06:00:00.000Z,0.91356,0.91458,0.91246,0.91339,21650
2024-11-12T10:00:00.000Z,0.91341,0.91369,0.91196,0.91219,21548
2024-11-12T14:00:00.000Z,0.91218,0.91258,0.90887,0.90921,28482
2024-11-12T18:00:00.000Z,0.90921,0.9116,0.90913,0.91091,13789
2024-11-12T22:00:00.000Z,0.91049,0.91153,0.90915,0.91151,12984
2024-11-13T02:00:00.000Z,0.91152,0.91207,0.91097,0.91165,13243
2024-11-13T06:00:00.000Z,0.91165,0.91187,0.90987,0.91105,18021
2024-11-13T10:00:00.000Z,0.91104,0.91209,0.90907,0.91088,21107
2024-11-13T14:00:00.000Z,0.91088,0.91134,0.90624,0.90713,36331
2024-11-13T18:00:00.000Z,0.90717,0.90818,0.90686,0.90778,14183
2024-11-13T22:00:00.000Z,0.90739,0.90915,0.90722,0.90781,13100
2024-11-14T02:00:00.000Z,0.90783,0.90783,0.90552,0.90571,16743
2024-11-14T06:00:00.000Z,0.90573,0.90683,0.90505,0.90508,21461
2024-11-14T10:00:00.000Z,0.90507,0.90682,0.9044,0.90581,24491
2024-11-14T14:00:00.000Z,0.9058,0.90929,0.90571,0.90859,31682
2024-11-14T18:00:00.000Z,0.90861,0.90888,0.90497,0.90719,21524
2024-11-14T22:00:00.000Z,0.90673,0.90787,0.90665,0.90776,12947
2024-11-15T02:00:00.000Z,0.90777,0.90944,0.90772,0.90879,15036
2024-11-15T06:00:00.000Z,0.90879,0.90947,0.90794,0.90841,20684
2024-11-15T10:00:00.000Z,0.9084,0.90967,0.90756,0.90877,22124
2024-11-15T14:00:00.000Z,0.90877,0.91011,0.90706,0.90998,33712
2024-11-15T18:00:00.000Z,0.91,0.91047,0.90922,0.91037,16824
2024-11-17T22:00:00.000Z,0.91,0.9117,0.90931,0.91081,15709
2024-11-18T02:00:00.000Z,0.91082,0.91155,0.91027,0.91075,14655
2024-11-18T06:00:00.000Z,0.91076,0.91081,0.90943,0.90993,19323
2024-11-18T10:00:00.000Z,0.90991,0.91042,0.90868,0.91035,18464
2024-11-18T14:00:00.000Z,0.91036,0.91197,0.90991,0.91144,24242
2024-11-18T18:00:00.000Z,0.91144,0.91227,0.9112,0.9121,12517
2024-11-18T22:00:00.000Z,0.91124,0.91261,0.91112,0.91239,10936
2024-11-19T02:00:00.000Z,0.9124,0.91389,0.91179,0.91224,13138
2024-11-19T06:00:00.000Z,0.91225,0.91335,0.90963,0.91031,25794
2024-11-19T10:00:00.000Z,0.9103,0.91257,0.90975,0.91068,25053
2024-11-19T14:00:00.000Z,0.91068,0.91202,0.91005,0.91142,31246
2024-11-19T18:00:00.000Z,0.91141,0.91243,0.91094,0.91161,14433
2024-11-19T22:00:00.000Z,0.91087,0.91294,0.91068,0.91228,10359
2024-11-20T02:00:00.000Z,0.91229,0.91252,0.91037,0.91047,10781
2024-11-20T06:00:00.000Z,0.91047,0.91124,0.90968,0.91014,18976
2024-11-20T10:00:00.000Z,0.91014,0.9107,0.90919,0.90948,17980
2024-11-20T14:00:00.000Z,0.90947,0.90949,0.90805,0.90902,24451
2024-11-20T18:00:00.000Z,0.909,0.90928,0.90815,0.90918,13492
2024-11-20T22:00:00.000Z,0.90875,0.91043,0.90849,0.91016,8882
2024-11-21T02:00:00.000Z,0.91015,0.91111,0.9094,0.9096,11986
2024-11-21T06:00:00.000Z,0.90959,0.9104,0.9089,0.90959,23799
2024-11-21T10:00:00.000Z,0.90958,0.91134,0.90922,0.91108,22009
2024-11-21T14:00:00.000Z,0.91112,0.91118,0.90733,0.90939,32207
2024-11-21T18:00:00.000Z,0.90938,0.91006,0.90912,0.90954,12823
2024-11-21T22:00:00.000Z,0.90931,0.91058,0.90931,0.91007,10573
2024-11-22T02:00:00.000Z,0.91006,0.91069,0.90714,0.90743,16151
2024-11-22T06:00:00.000Z,0.90743,0.91003,0.90716,0.90854,27554
2024-11-22T10:00:00.000Z,0.90856,0.91024,0.90812,0.90861,25309
2024-11-22T14:00:00.000Z,0.90861,0.90914,0.90682,0.9086,29644
2024-11-22T18:00:00.000Z,0.9086,0.90892,0.90797,0.90878,11890
2024-11-24T22:00:00.000Z,0.91087,0.91246,0.90996,0.91089,15183
2024-11-25T02:00:00.000Z,0.91088,0.91125,0.90882,0.9092,14942
2024-11-25T06:00:00.000Z,0.9092,0.90934,0.90806,0.90919,21766
2024-11-25T10:00:00.000Z,0.9092,0.91084,0.90831,0.91056,20688
2024-11-25T14:00:00.000Z,0.91056,0.911,0.908,0.90834,27460
2024-11-25T18:00:00.000Z,0.90835,0.90979,0.90792,0.90974,12054
2024-11-25T22:00:00.000Z,0.90842,0.91479,0.90842,0.91423,25124
2024-11-26T02:00:00.000Z,0.91423,0.91601,0.91371,0.91539,17356
2024-11-26T06:00:00.000Z,0.91538,0.91635,0.91395,0.91405,22254
2024-11-26T10:00:00.000Z,0.91405,0.91645,0.91398,0.9151,23475
2024-11-26T14:00:00.000Z,0.91509,0.9153,0.90768,0.90883,31015
2024-11-26T18:00:00.000Z,0.90882,0.90974,0.90761,0.90968,15886
2024-11-26T22:00:00.000Z,0.90882,0.91103,0.90792,0.91006,15538
2024-11-27T02:00:00.000Z,0.91005,0.91167,0.90903,0.91101,15154
2024-11-27T06:00:00.000Z,0.91101,0.91257,0.91093,0.91136,24377
2024-11-27T10:00:00.000Z,0.91137,0.91228,0.91005,0.91221,22854
2024-11-27T14:00:00.000Z,0.9122,0.91311,0.90996,0.91091,31395
2024-11-27T18:00:00.000Z,0.91092,0.9118,0.91077,0.91152,13116
2024-11-27T22:00:00.000Z,0.91023,0.91192,0.91021,0.91123,11028
2024-11-28T02:00:00.000Z,0.91123,0.91148,0.90929,0.90973,12901
2024-11-28T06:00:00.000Z,0.90973,0.91054,0.90861,0.90997,19004
2024-11-28T10:00:00.000Z,0.90997,0.91064,0.90942,0.91056,14384
2024-11-28T14:00:00.000Z,0.91057,0.91117,0.90964,0.91068,12531
2024-11-28T18:00:00.000Z,0.91069,0.91098,0.91044,0.91066,2275
2024-11-28T22:00:00.000Z,0.90898,0.91169,0.90875,0.91097,12790
2024-11-29T02:00:00.000Z,0.91095,0.91209,0.91021,0.91169,14530
2024-11-29T06:00:00.000Z,0.91168,0.91308,0.91065,0.91101,20117
2024-11-29T10:00:00.000Z,0.911,0.91263,0.91032,0.91228,20305
2024-11-29T14:00:00.000Z,0.91229,0.91359,0.91147,0.9129,26298
2024-11-29T18:00:00.000Z,0.9129,0.91378,0.91202,0.91248,26695
2024-12-01T22:00:00.000Z,0.9109,0.91274,0.91054,0.91242,15495
2024-12-02T02:00:00.000Z,0.91242,0.91259,0.91107,0.91173,18110
2024-12-02T06:00:00.000Z,0.9117,0.91271,0.91094,0.91107,24671
2024-12-02T10:00:00.000Z,0.91108,0.91154,0.90772,0.90797,22534
2024-12-02T14:00:00.000Z,0.908,0.90901,0.90712,0.90808,30958
2024-12-02T18:00:00.000Z,0.90809,0.91018,0.90785,0.90923,14732
2024-12-02T22:00:00.000Z,0.90881,0.9099,0.90848,0.90869,9112
2024-12-03T02:00:00.000Z,0.90869,0.90926,0.90776,0.90856,10956
2024-12-03T06:00:00.000Z,0.90856,0.91143,0.90822,0.91061,16756
2024-12-03T10:00:00.000Z,0.91061,0.91121,0.90931,0.9106,15516
2024-12-03T14:00:00.000Z,0.91061,0.91218,0.90871,0.91196,23738
2024-12-03T18:00:00.000Z,0.91196,0.91245,0.9114,0.91183,10664
2024-12-03T22:00:00.000Z,0.91127,0.91243,0.90803,0.9081,9734
2024-12-04T02:00:00.000Z,0.9081,0.90832,0.90225,0.90592,14699
2024-12-04T06:00:00.000Z,0.90592,0.90664,0.90293,0.90299,16812
2024-12-04T10:00:00.000Z,0.903,0.90311,0.90005,0.90125,16089
2024-12-04T14:00:00.000Z,0.90125,0.90612,0.90097,0.9057,23389
2024-12-04T18:00:00.000Z,0.9057,0.90585,0.90433,0.90443,13106
2024-12-04T22:00:00.000Z,0.90418,0.90521,0.90368,0.90448,7810
2024-12-05T02:00:00.000Z,0.90449,0.9056,0.90427,0.90542,8212
2024-12-05T06:00:00.000Z,0.90542,0.90703,0.90478,0.90515,12167
2024-12-05T10:00:00.000Z,0.90513,0.90545,0.90347,0.90415,14945
2024-12-05T14:00:00.000Z,0.90415,0.90466,0.90212,0.9046,20928
2024-12-05T18:00:00.000Z,0.90461,0.90528,0.90349,0.90438,11320
2024-12-05T22:00:00.000Z,0.90384,0.90499,0.90137,0.90186,11525
2024-12-06T02:00:00.000Z,0.90186,0.90351,0.9015,0.90257,10424
2024-12-06T06:00:00.000Z,0.90257,0.9026,0.90149,0.9021,12060
2024-12-06T10:00:00.000Z,0.90211,0.90677,0.90081,0.90665,16889
2024-12-06T14:00:00.000Z,0.90665,0.90671,0.90193,0.90278,27960
2024-12-06T18:00:00.000Z,0.90276,0.90466,0.9025,0.90429,10961
2024-12-08T22:00:00.000Z,0.90431,0.9062,0.90409,0.9052,7901
2024-12-09T02:00:00.000Z,0.9052,0.90588,0.90386,0.90465,9097
2024-12-09T06:00:00.000Z,0.90465,0.91149,0.9045,0.91067,15719
2024-12-09T10:00:00.000Z,0.91071,0.91164,0.90999,0.91148,13328
2024-12-09T14:00:00.000Z,0.91146,0.9135,0.9108,0.91236,18445
2024-12-09T18:00:00.000Z,0.91236,0.91293,0.91164,0.91221,10869
2024-12-09T22:00:00.000Z,0.91185,0.91275,0.9101,0.91048,8101
2024-12-10T02:00:00.000Z,0.91049,0.91133,0.90512,0.90669,15253
2024-12-10T06:00:00.000Z,0.90667,0.90717,0.90519,0.90639,14861
2024-12-10T10:00:00.000Z,0.90638,0.90713,0.9052,0.90551,17422
2024-12-10T14:00:00.000Z,0.90548,0.90597,0.90181,0.90284,22743
2024-12-10T18:00:00.000Z,0.90284,0.90437,0.90283,0.90429,11121
2024-12-10T22:00:00.000Z,0.90354,0.90465,0.90288,0.90377,9371
2024-12-11T02:00:00.000Z,0.90378,0.90463,0.90214,0.90257,11582
2024-12-11T06:00:00.000Z,0.90256,0.90286,0.89904,0.90018,21659
2024-12-11T10:00:00.000Z,0.90019,0.9037,0.89924,0.90222,20741
2024-12-11T14:00:00.000Z,0.90222,0.90276,0.89829,0.90117,27848
2024-12-11T18:00:00.000Z,0.90118,0.90248,0.90107,0.9016,14021
2024-12-11T22:00:00.000Z,0.90079,0.90696,0.90079,0.90689,12480
2024-12-12T02:00:00.000Z,0.9069,0.90801,0.90608,0.90756,12766
2024-12-12T06:00:00.000Z,0.90756,0.9087,0.90494,0.90665,18965
2024-12-12T10:00:00.000Z,0.90665,0.90718,0.90501,0.90637,22829
2024-12-12T14:00:00.000Z,0.90637,0.90703,0.90407,0.90527,30358
2024-12-12T18:00:00.000Z,0.90528,0.90554,0.9038,0.90545,16045
2024-12-12T22:00:00.000Z,0.90498,0.90621,0.90404,0.90556,11856
2024-12-13T02:00:00.000Z,0.90555,0.90656,0.90464,0.90586,12656
2024-12-13T06:00:00.000Z,0.90585,0.90643,0.9046,0.90541,19419
2024-12-13T10:00:00.000Z,0.90542,0.90749,0.90521,0.90674,18207
2024-12-13T14:00:00.000Z,0.90674,0.90674,0.90441,0.90463,24170
2024-12-13T18:00:00.000Z,0.90463,0.90529,0.9042,0.90513,10783
2024-12-15T22:00:00.000Z,0.90378,0.90609,0.90378,0.90594,10699
2024-12-16T02:00:00.000Z,0.90593,0.90752,0.90519,0.90677,11642
2024-12-16T06:00:00.000Z,0.90676,0.9071,0.90558,0.90576,16338
2024-12-16T10:00:00.000Z,0.90574,0.90644,0.90423,0.90623,14431
2024-12-16T14:00:00.000Z,0.90622,0.9071,0.90391,0.90654,24256
2024-12-16T18:00:00.000Z,0.90655,0.90752,0.90606,0.90723,10174
2024-12-16T22:00:00.000Z,0.90551,0.90777,0.90551,0.90755,10265
2024-12-17T02:00:00.000Z,0.90755,0.90793,0.90568,0.90572,11150
2024-12-17T06:00:00.000Z,0.90572,0.90688,0.90513,0.9054,15945
2024-12-17T10:00:00.000Z,0.90539,0.90707,0.905,0.90652,18355
2024-12-17T14:00:00.000Z,0.90652,0.90786,0.90634,0.90739,24809
2024-12-17T18:00:00.000Z,0.90742,0.90764,0.90628,0.90668,11030
2024-12-17T22:00:00.000Z,0.90621,0.9071,0.90527,0.90588,8486
2024-12-18T02:00:00.000Z,0.90589,0.90605,0.90407,0.90431,11149
2024-12-18T06:00:00.000Z,0.90431,0.90574,0.90352,0.90365,15524
2024-12-18T10:00:00.000Z,0.90365,0.90512,0.90356,0.90488,15348
2024-12-18T14:00:00.000Z,0.90488,0.90519,0.90273,0.9033,21192
2024-12-18T18:00:00.000Z,0.9033,0.90354,0.89735,0.89768,34169
2024-12-18T22:00:00.000Z,0.89777,0.89928,0.89625,0.89811,16460
2024-12-19T02:00:00.000Z,0.8981,0.89948,0.89732,0.89755,15071
2024-12-19T06:00:00.000Z,0.89754,0.90011,0.89734,0.8985,24168
2024-12-19T10:00:00.000Z,0.89849,0.89914,0.89732,0.89879,24138
2024-12-19T14:00:00.000Z,0.89879,0.89941,0.89761,0.89817,31416
2024-12-19T18:00:00.000Z,0.89816,0.89855,0.89745,0.89818,16793
2024-12-19T22:00:00.000Z,0.89686,0.89843,0.89678,0.89821,13314
2024-12-20T02:00:00.000Z,0.89821,0.89868,0.89697,0.8972,14283
2024-12-20T06:00:00.000Z,0.8972,0.89896,0.89617,0.89667,22411
2024-12-20T10:00:00.000Z,0.89667,0.89831,0.89553,0.89744,21403
2024-12-20T14:00:00.000Z,0.89742,0.89946,0.8962,0.89894,32507
2024-12-20T18:00:00.000Z,0.89893,0.89989,0.89818,0.89836,15056
2024-12-22T22:00:00.000Z,0.89837,0.89876,0.89671,0.89774,11115
2024-12-23T02:00:00.000Z,0.89773,0.89892,0.89702,0.8989,9361
2024-12-23T06:00:00.000Z,0.89892,0.90024,0.89827,0.90003,14352
2024-12-23T10:00:00.000Z,0.90003,0.90034,0.89806,0.89882,15571
2024-12-23T14:00:00.000Z,0.89882,0.89922,0.89678,0.89765,24738
2024-12-23T18:00:00.000Z,0.89765,0.89817,0.89744,0.89791,13554
2024-12-23T22:00:00.000Z,0.89654,0.89783,0.8962,0.89662,7263
2024-12-24T02:00:00.000Z,0.89662,0.89774,0.89526,0.89761,9304
2024-12-24T06:00:00.000Z,0.89761,0.8983,0.89712,0.89759,10705
2024-12-24T10:00:00.000Z,0.89758,0.8984,0.89688,0.89722,12631
2024-12-24T14:00:00.000Z,0.89721,0.89724,0.89505,0.8952,18433
2024-12-24T18:00:00.000Z,0.89519,0.89634,0.89372,0.8959,6020
2024-12-25T22:00:00.000Z,0.89554,0.89637,0.89447,0.89615,9165
2024-12-26T02:00:00.000Z,0.89615,0.89738,0.89589,0.89603,9602
2024-12-26T06:00:00.000Z,0.89604,0.8969,0.89567,0.89604,11284
2024-12-26T10:00:00.000Z,0.89604,0.8966,0.89577,0.89593,12795
2024-12-26T14:00:00.000Z,0.89594,0.89667,0.89557,0.8966,18516
2024-12-26T18:00:00.000Z,0.89661,0.89725,0.89604,0.89607,11549
2024-12-26T22:00:00.000Z,0.89558,0.89694,0.89496,0.89639,9307
2024-12-27T02:00:00.000Z,0.89639,0.89652,0.89398,0.89401,9170
2024-12-27T06:00:00.000Z,0.89402,0.89663,0.89381,0.89428,14297
2024-12-27T10:00:00.000Z,0.89429,0.89549,0.89393,0.89514,14736
2024-12-27T14:00:00.000Z,0.89514,0.89626,0.89395,0.89601,25679
2024-12-27T18:00:00.000Z,0.89601,0.89652,0.89568,0.89581,13498
2024-12-29T22:00:00.000Z,0.89549,0.89771,0.89514,0.89715,6318
2024-12-30T02:00:00.000Z,0.89715,0.899,0.89687,0.89833,7250
2024-12-30T06:00:00.000Z,0.89834,0.89878,0.89552,0.89559,12866
2024-12-30T10:00:00.000Z,0.89559,0.89749,0.89519,0.89557,15427
2024-12-30T14:00:00.000Z,0.89557,0.89683,0.89301,0.89379,28338
2024-12-30T18:00:00.000Z,0.8938,0.89422,0.89245,0.8926,13119
2024-12-30T22:00:00.000Z,0.89168,0.89393,0.89154,0.8933,7305
2024-12-31T02:00:00.000Z,0.8933,0.89334,0.89111,0.89187,8393
2024-12-31T06:00:00.000Z,0.89186,0.89413,0.89093,0.8935,12758
2024-12-31T10:00:00.000Z,0.8935,0.89351,0.89091,0.89295,16584
2024-12-31T14:00:00.000Z,0.89296,0.8931,0.88976,0.88995,28097
2024-12-31T18:00:00.000Z,0.8899,0.89054,0.88947,0.88979,12605
2025-01-01T22:00:00.000Z,0.88885,0.89299,0.88858,0.89265,10345
2025-01-02T02:00:00.000Z,0.89265,0.8942,0.89256,0.89321,10394
2025-01-02T06:00:00.000Z,0.89321,0.8962,0.89277,0.89611,16133
2025-01-02T10:00:00.000Z,0.89614,0.89669,0.89487,0.89617,19485
2025-01-02T14:00:00.000Z,0.89617,0.89714,0.89301,0.89313,31462
2025-01-02T18:00:00.000Z,0.89315,0.89344,0.89248,0.89321,15627
2025-01-02T22:00:00.000Z,0.89212,0.89473,0.89179,0.89387,9535
2025-01-03T02:00:00.000Z,0.89386,0.89485,0.89316,0.89461,10230
2025-01-03T06:00:00.000Z,0.8946,0.89528,0.893,0.89402,18038
2025-01-03T10:00:00.000Z,0.89402,0.89653,0.89396,0.89601,15233
2025-01-03T14:00:00.000Z,0.896,0.89846,0.89525,0.89786,24755
2025-01-03T18:00:00.000Z,0.89786,0.89876,0.89783,0.89805,12120
2025-01-05T22:00:00.000Z,0.8965,0.90005,0.8961,0.89664,12415
2025-01-06T02:00:00.000Z,0.89664,0.8972,0.89579,0.89627,11754
2025-01-06T06:00:00.000Z,0.89627,0.89849,0.8961,0.89764,16590
2025-01-06T10:00:00.000Z,0.89766,0.90173,0.89633,0.89971,29444
2025-01-06T14:00:00.000Z,0.89972,0.89982,0.89545,0.89644,32791
2025-01-06T18:00:00.000Z,0.89645,0.89676,0.89434,0.89496,14626
2025-01-06T22:00:00.000Z,0.89392,0.89667,0.89368,0.89598,11127
2025-01-07T02:00:00.000Z,0.89598,0.89724,0.89538,0.89716,12262
2025-01-07T06:00:00.000Z,0.89716,0.89934,0.89657,0.89866,17632
2025-01-07T10:00:00.000Z,0.89868,0.8993,0.89792,0.89809,16355
2025-01-07T14:00:00.000Z,0.89812,0.89841,0.89451,0.89575,26187
2025-01-07T18:00:00.000Z,0.89575,0.89587,0.89443,0.89479,11449
2025-01-07T22:00:00.000Z,0.8944,0.89604,0.89169,0.89285,9492
2025-01-08T02:00:00.000Z,0.89285,0.89455,0.89265,0.89383,7693
2025-01-08T06:00:00.000Z,0.89384,0.89429,0.89301,0.89351,14727
2025-01-08T10:00:00.000Z,0.89352,0.89357,0.89069,0.89303,21194
2025-01-08T14:00:00.000Z,0.89302,0.89415,0.89235,0.89311,22908
2025-01-08T18:00:00.000Z,0.8931,0.89425,0.89284,0.893,15011
2025-01-08T22:00:00.000Z,0.89243,0.89347,0.89119,0.89147,8528
2025-01-09T02:00:00.000Z,0.89148,0.89206,0.8906,0.89101,8889
2025-01-09T06:00:00.000Z,0.89101,0.89154,0.88883,0.89053,16154
2025-01-09T10:00:00.000Z,0.89052,0.89274,0.89039,0.89199,14137
2025-01-09T14:00:00.000Z,0.892,0.89275,0.89117,0.89176,12921
2025-01-09T18:00:00.000Z,0.89175,0.89204,0.89136,0.89147,5741
2025-01-09T22:00:00.000Z,0.89162,0.89337,0.89104,0.89279,7025
2025-01-10T02:00:00.000Z,0.89277,0.89329,0.89187,0.89261,7769
2025-01-10T06:00:00.000Z,0.89261,0.89274,0.89087,0.89094,13232
2025-01-10T10:00:00.000Z,0.89094,0.89198,0.88542,0.88626,17103
2025-01-10T14:00:00.000Z,0.88626,0.88893,0.88588,0.88714,30411
2025-01-10T18:00:00.000Z,0.88713,0.88796,0.88565,0.88567,14583
2025-01-12T22:00:00.000Z,0.88619,0.8886,0.88549,0.88816,8841
2025-01-13T02:00:00.000Z,0.88816,0.88885,0.88551,0.88606,10153
2025-01-13T06:00:00.000Z,0.88606,0.88787,0.88548,0.88594,16885
2025-01-13T10:00:00.000Z,0.88595,0.88739,0.88577,0.88602,16775
2025-01-13T14:00:00.000Z,0.886,0.8878,0.88543,0.88751,21917
2025-01-13T18:00:00.000Z,0.88752,0.8878,0.88674,0.88716,11823
2025-01-13T22:00:00.000Z,0.88749,0.88986,0.88598,0.88971,10610
2025-01-14T02:00:00.000Z,0.88971,0.89004,0.88889,0.88931,9265
2025-01-14T06:00:00.000Z,0.88932,0.8913,0.88907,0.8898,16173
2025-01-14T10:00:00.000Z,0.8898,0.89021,0.8876,0.88881,16451
2025-01-14T14:00:00.000Z,0.88886,0.8901,0.88806,0.88828,24141
2025-01-14T18:00:00.000Z,0.88826,0.889,0.88788,0.8883,11522
2025-01-14T22:00:00.000Z,0.88832,0.88905,0.88733,0.8881,6106
2025-01-15T02:00:00.000Z,0.8881,0.88909,0.8876,0.88857,6746
2025-01-15T06:00:00.000Z,0.88857,0.89041,0.88828,0.89035,12898
2025-01-15T10:00:00.000Z,0.89033,0.89346,0.889,0.8932,15463
2025-01-15T14:00:00.000Z,0.8932,0.89378,0.89126,0.89173,25234
2025-01-15T18:00:00.000Z,0.89174,0.89267,0.89159,0.89234,9464
2025-01-15T22:00:00.000Z,0.89108,0.8945,0.89097,0.89237,9164
2025-01-16T02:00:00.000Z,0.89241,0.89288,0.88955,0.89043,8981
2025-01-16T06:00:00.000Z,0.89041,0.89381,0.89039,0.89281,13460
2025-01-16T10:00:00.000Z,0.8928,0.89324,0.89055,0.89235,15070
2025-01-16T14:00:00.000Z,0.89235,0.89577,0.89195,0.89424,25625
2025-01-16T18:00:00.000Z,0.89424,0.89463,0.89311,0.89338,11039
2025-01-16T22:00:00.000Z,0.89287,0.8947,0.89287,0.89445,6099
2025-01-17T02:00:00.000Z,0.89452,0.89528,0.89226,0.89327,8063
2025-01-17T06:00:00.000Z,0.89327,0.895,0.89273,0.894,12072
2025-01-17T10:00:00.000Z,0.89401,0.89419,0.89143,0.89177,13384
2025-01-17T14:00:00.000Z,0.89176,0.89603,0.89103,0.8958,24860
2025-01-17T18:00:00.000Z,0.89582,0.89688,0.89557,0.89643,11106
2025-01-19T22:00:00.000Z,0.89612,0.89748,0.89599,0.89736,7491
2025-01-20T02:00:00.000Z,0.89736,0.89816,0.89678,0.89684,8094
2025-01-20T06:00:00.000Z,0.89684,0.89892,0.89647,0.89746,11879
2025-01-20T10:00:00.000Z,0.89747,0.89903,0.89607,0.89664,16822
2025-01-20T14:00:00.000Z,0.89668,0.89821,0.89557,0.89667,24645
2025-01-20T18:00:00.000Z,0.89667,0.89805,0.89618,0.89737,8789
2025-01-20T22:00:00.000Z,0.89642,0.90333,0.89642,0.89975,19724
2025-01-21T02:00:00.000Z,0.89971,0.90141,0.89918,0.89942,14914
2025-01-21T06:00:00.000Z,0.89946,0.90133,0.89838,0.89886,15258
2025-01-21T10:00:00.000Z,0.89885,0.90127,0.89763,0.90124,17278
2025-01-21T14:00:00.000Z,0.90128,0.90155,0.89801,0.89835,24456
2025-01-21T18:00:00.000Z,0.89834,0.89902,0.89776,0.89807,10501
2025-01-21T22:00:00.000Z,0.89801,0.89891,0.89735,0.89792,10589
2025-01-22T02:00:00.000Z,0.89792,0.89848,0.89754,0.89814,8335
2025-01-22T06:00:00.000Z,0.89814,0.90037,0.89682,0.90035,15175
2025-01-22T10:00:00.000Z,0.90034,0.90234,0.89974,0.90175,15458
2025-01-22T14:00:00.000Z,0.90175,0.90247,0.90059,0.9017,20223
2025-01-22T18:00:00.000Z,0.9017,0.90265,0.90144,0.9017,10739
2025-01-22T22:00:00.000Z,0.90063,0.90336,0.90062,0.90286,8174
2025-01-23T02:00:00.000Z,0.90286,0.90308,0.90203,0.90245,9024
2025-01-23T06:00:00.000Z,0.90243,0.90273,0.9001,0.90123,12702
2025-01-23T10:00:00.000Z,0.90123,0.90376,0.9012,0.90331,14188
2025-01-23T14:00:00.000Z,0.90333,0.9035,0.90068,0.90286,24524
2025-01-23T18:00:00.000Z,0.90286,0.90379,0.90211,0.90333,12088
2025-01-23T22:00:00.000Z,0.90355,0.90382,0.90269,0.90305,5882
2025-01-24T02:00:00.000Z,0.90304,0.90619,0.90293,0.90616,15282
2025-01-24T06:00:00.000Z,0.90616,0.90669,0.90528,0.90568,19501
2025-01-24T10:00:00.000Z,0.90569,0.90596,0.90286,0.90304,15336
2025-01-24T14:00:00.000Z,0.90306,0.90666,0.90297,0.90588,22097
2025-01-24T18:00:00.000Z,0.90588,0.90603,0.90517,0.90562,11131
2025-01-26T22:00:00.000Z,0.90493,0.90571,0.90415,0.90436,9761
2025-01-27T02:00:00.000Z,0.90433,0.90548,0.90433,0.90481,11136
2025-01-27T06:00:00.000Z,0.9048,0.90508,0.90363,0.90413,18682
2025-01-27T10:00:00.000Z,0.90413,0.90531,0.90274,0.90343,22792
2025-01-27T14:00:00.000Z,0.90343,0.90458,0.90293,0.90368,23493
2025-01-27T18:00:00.000Z,0.90367,0.90469,0.90278,0.90408,13722
2025-01-27T22:00:00.000Z,0.9037,0.90433,0.90049,0.90082,14241
2025-01-28T02:00:00.000Z,0.90079,0.90139,0.89943,0.90024,10754
2025-01-28T06:00:00.000Z,0.90024,0.90072,0.89971,0.90028,15539
2025-01-28T10:00:00.000Z,0.90027,0.90087,0.89821,0.8985,15064
2025-01-28T14:00:00.000Z,0.89851,0.89961,0.89792,0.89946,19673
2025-01-28T18:00:00.000Z,0.89946,0.90072,0.89898,0.90001,11496
2025-01-28T22:00:00.000Z,0.89911,0.90054,0.89699,0.89749,7770
2025-01-29T02:00:00.000Z,0.89749,0.89922,0.8972,0.89918,6913
2025-01-29T06:00:00.000Z,0.89918,0.89948,0.8983,0.89831,13848
2025-01-29T10:00:00.000Z,0.89831,0.89884,0.89749,0.89867,14993
2025-01-29T14:00:00.000Z,0.89867,0.89995,0.89699,0.89849,22611
2025-01-29T18:00:00.000Z,0.89852,0.89914,0.89711,0.89841,21489
2025-01-29T22:00:00.000Z,0.89729,0.89917,0.89719,0.89902,6955
2025-01-30T02:00:00.000Z,0.89902,0.89934,0.89686,0.89704,8062
2025-01-30T06:00:00.000Z,0.89704,0.8982,0.89667,0.89717,12852
2025-01-30T10:00:00.000Z,0.89718,0.89835,0.89658,0.8982,16048
2025-01-30T14:00:00.000Z,0.89819,0.89874,0.89739,0.89787,20948
2025-01-30T18:00:00.000Z,0.89792,0.90604,0.89764,0.89943,16099
2025-01-30T22:00:00.000Z,0.89858,0.9007,0.89841,0.89994,9727
2025-01-31T02:00:00.000Z,0.89994,0.90179,0.89991,0.90092,8106
2025-01-31T06:00:00.000Z,0.90092,0.90148,0.89944,0.90102,14738
2025-01-31T10:00:00.000Z,0.90103,0.90143,0.89967,0.90116,15218
2025-01-31T14:00:00.000Z,0.90116,0.90375,0.89915,0.90079,27086
2025-01-31T18:00:00.000Z,0.90078,0.90406,0.90011,0.90276,27818
2025-02-02T22:00:00.000Z,0.90625,0.90869,0.89912,0.90188,26783
2025-02-03T02:00:00.000Z,0.90186,0.90325,0.89919,0.90139,21084
2025-02-03T06:00:00.000Z,0.90138,0.90362,0.90132,0.9023,22983
2025-02-03T10:00:00.000Z,0.9023,0.90354,0.90048,0.9035,20690
2025-02-03T14:00:00.000Z,0.90351,0.90505,0.89875,0.90072,36945
2025-02-03T18:00:00.000Z,0.90069,0.90147,0.89512,0.89741,20292
2025-02-03T22:00:00.000Z,0.89685,0.89809,0.8956,0.89698,13825
2025-02-04T02:00:00.000Z,0.89698,0.89829,0.89474,0.89593,13999
2025-02-04T06:00:00.000Z,0.89592,0.89707,0.89522,0.8953,18189
2025-02-04T10:00:00.000Z,0.89531,0.89634,0.89383,0.89405,15802
2025-02-04T14:00:00.000Z,0.89405,0.89687,0.89378,0.8965,24394
2025-02-04T18:00:00.000Z,0.89653,0.89722,0.89512,0.89603,11310
2025-02-04T22:00:00.000Z,0.89562,0.89626,0.89469,0.8948,8736
2025-02-05T02:00:00.000Z,0.89481,0.89651,0.89444,0.89645,9659
2025-02-05T06:00:00.000Z,0.89645,0.89748,0.8962,0.89687,16599
2025-02-05T10:00:00.000Z,0.89689,0.89803,0.89652,0.89719,15371
2025-02-05T14:00:00.000Z,0.89719,0.89937,0.89653,0.89919,21414
2025-02-05T18:00:00.000Z,0.8992,0.90054,0.89881,0.89972,9176
2025-02-05T22:00:00.000Z,0.89932,0.89986,0.89879,0.89943,6889
2025-02-06T02:00:00.000Z,0.89942,0.8995,0.89748,0.89843,7291
2025-02-06T06:00:00.000Z,0.89843,0.89962,0.89818,0.89897,12583
2025-02-06T10:00:00.000Z,0.89897,0.89998,0.89798,0.89817,15298
2025-02-06T14:00:00.000Z,0.89817,0.89947,0.89786,0.89931,16915
2025-02-06T18:00:00.000Z,0.89932,0.89942,0.89859,0.8988,9200
2025-02-06T22:00:00.000Z,0.89716,0.9,0.89716,0.89974,5959
2025-02-07T02:00:00.000Z,0.89974,0.90044,0.89937,0.89949,7107
2025-02-07T06:00:00.000Z,0.89948,0.90112,0.89932,0.90072,10402
2025-02-07T10:00:00.000Z,0.90071,0.90141,0.89717,0.89784,15150
2025-02-07T14:00:00.000Z,0.89784,0.89972,0.89512,0.89588,31294
2025-02-07T18:00:00.000Z,0.89588,0.89655,0.8952,0.89616,12552
2025-02-09T22:00:00.000Z,0.89503,0.89837,0.89503,0.89741,12371
2025-02-10T02:00:00.000Z,0.89741,0.89987,0.89731,0.89959,8189
2025-02-10T06:00:00.000Z,0.89958,0.90076,0.89854,0.89945,13521
2025-02-10T10:00:00.000Z,0.89943,0.9009,0.89905,0.90065,12034
2025-02-10T14:00:00.000Z,0.90066,0.90108,0.89821,0.89873,15242
2025-02-10T18:00:00.000Z,0.89872,0.89929,0.8982,0.89866,7111
2025-02-10T22:00:00.000Z,0.89766,0.9005,0.89759,0.89908,7792
2025-02-11T02:00:00.000Z,0.89908,0.89954,0.89772,0.89946,7125
2025-02-11T06:00:00.000Z,0.89942,0.90097,0.89932,0.89961,11931
2025-02-11T10:00:00.000Z,0.89961,0.90033,0.89816,0.89843,12553
2025-02-11T14:00:00.000Z,0.89844,0.90079,0.8984,0.90001,15705
2025-02-11T18:00:00.000Z,0.90001,0.90012,0.89875,0.89918,9875
2025-02-11T22:00:00.000Z,0.89882,0.90034,0.89841,0.90023,5755
2025-02-12T02:00:00.000Z,0.90023,0.90095,0.89901,0.89943,7568
2025-02-12T06:00:00.000Z,0.89943,0.89958,0.89793,0.89819,12246
2025-02-12T10:00:00.000Z,0.89818,0.89826,0.89313,0.89459,15852
2025-02-12T14:00:00.000Z,0.8946,0.89928,0.89393,0.89886,26597
2025-02-12T18:00:00.000Z,0.89887,0.89918,0.89711,0.89809,12668
2025-02-12T22:00:00.000Z,0.89774,0.8983,0.89687,0.89748,6338
2025-02-13T02:00:00.000Z,0.89748,0.89826,0.89634,0.8976,10251
2025-02-13T06:00:00.000Z,0.8976,0.89763,0.89534,0.89551,14883
2025-02-13T10:00:00.000Z,0.89553,0.8962,0.89338,0.8945,15690
2025-02-13T14:00:00.000Z,0.8945,0.89585,0.89318,0.89554,20252
2025-02-13T18:00:00.000Z,0.89556,0.89738,0.89384,0.89642,15934
2025-02-13T22:00:00.000Z,0.89599,0.8973,0.89581,0.89702,8684
2025-02-14T02:00:00.000Z,0.89702,0.8976,0.89604,0.89648,8268
2025-02-14T06:00:00.000Z,0.89648,0.89863,0.89621,0.89837,15188
2025-02-14T10:00:00.000Z,0.89838,0.90037,0.89799,0.89993,14529
2025-02-14T14:00:00.000Z,0.89993,0.90173,0.89976,0.90074,17386
2025-02-14T18:00:00.000Z,0.90075,0.901,0.90009,0.9008,8216
2025-02-16T22:00:00.000Z,0.89876,0.90228,0.89862,0.90177,10223
2025-02-17T02:00:00.000Z,0.90176,0.90284,0.9011,0.90246,10426
2025-02-17T06:00:00.000Z,0.90246,0.90342,0.90197,0.90341,12228
2025-02-17T10:00:00.000Z,0.90342,0.90347,0.90239,0.90312,9749
2025-02-17T14:00:00.000Z,0.90312,0.90341,0.90259,0.90265,7979
2025-02-17T18:00:00.000Z,0.90265,0.90275,0.90134,0.90145,5002
2025-02-17T22:00:00.000Z,0.9006,0.90169,0.89992,0.90029,6975
2025-02-18T02:00:00.000Z,0.90029,0.90346,0.89939,0.90282,11578
2025-02-18T06:00:00.000Z,0.90282,0.90322,0.9016,0.90258,12740
2025-02-18T10:00:00.000Z,0.90258,0.90281,0.89976,0.90096,11876
2025-02-18T14:00:00.000Z,0.90095,0.90172,0.90037,0.90062,14346
2025-02-18T18:00:00.000Z,0.90061,0.90167,0.90013,0.90151,7219
2025-02-18T22:00:00.000Z,0.90051,0.9018,0.90023,0.90076,7996
2025-02-19T02:00:00.000Z,0.90073,0.90292,0.90049,0.90279,8480
2025-02-19T06:00:00.000Z,0.90279,0.90302,0.90207,0.90262,11304
2025-02-19T10:00:00.000Z,0.90262,0.9028,0.90139,0.9016,12125
2025-02-19T14:00:00.000Z,0.90159,0.90409,0.90067,0.90272,16908
2025-02-19T18:00:00.000Z,0.90272,0.9037,0.90263,0.90325,9462
2025-02-19T22:00:00.000Z,0.90174,0.90409,0.90109,0.90186,8491
2025-02-20T02:00:00.000Z,0.90186,0.9053,0.90168,0.90503,11722
2025-02-20T06:00:00.000Z,0.90503,0.90662,0.90487,0.90593,13214
2025-02-20T10:00:00.000Z,0.90593,0.9065,0.90529,0.9056,14187
2025-02-20T14:00:00.000Z,0.90559,0.90773,0.90538,0.90728,19040
2025-02-20T18:00:00.000Z,0.90726,0.90759,0.9069,0.90739,8861
2025-02-20T22:00:00.000Z,0.90616,0.90804,0.90603,0.90672,8879
2025-02-21T02:00:00.000Z,0.90672,0.90794,0.90567,0.90577,11350
2025-02-21T06:00:00.000Z,0.90577,0.90686,0.90546,0.90656,14476
2025-02-21T10:00:00.000Z,0.90657,0.90694,0.90479,0.90498,11784
2025-02-21T14:00:00.000Z,0.90498,0.90616,0.90466,0.90583,18298
2025-02-21T18:00:00.000Z,0.9058,0.90597,0.90399,0.90443,13003
2025-02-23T22:00:00.000Z,0.90364,0.90613,0.90359,0.90424,12220
2025-02-24T02:00:00.000Z,0.90421,0.90654,0.90399,0.90501,11862
2025-02-24T06:00:00.000Z,0.905,0.90542,0.90359,0.90457,15671
2025-02-24T10:00:00.000Z,0.90458,0.90581,0.90405,0.9053,12895
2025-02-24T14:00:00.000Z,0.9053,0.90537,0.90305,0.90434,19751
2025-02-24T18:00:00.000Z,0.90435,0.90559,0.90393,0.90512,10859
2025-02-24T22:00:00.000Z,0.90486,0.90555,0.90444,0.90483,8337
2025-02-25T02:00:00.000Z,0.90481,0.90551,0.90441,0.90516,9389
2025-02-25T06:00:00.000Z,0.90516,0.90555,0.90319,0.90339,14889
2025-02-25T10:00:00.000Z,0.90339,0.90559,0.90251,0.90496,14102
2025-02-25T14:00:00.000Z,0.90496,0.90609,0.9033,0.90532,22948
2025-02-25T18:00:00.000Z,0.90532,0.90815,0.90528,0.90805,13449
2025-02-25T22:00:00.000Z,0.90739,0.90865,0.90571,0.90655,8389
2025-02-26T02:00:00.000Z,0.90655,0.90684,0.90541,0.90613,10516
2025-02-26T06:00:00.000Z,0.90613,0.90754,0.90599,0.90624,13626
2025-02-26T10:00:00.000Z,0.90622,0.90684,0.90478,0.90485,12771
2025-02-26T14:00:00.000Z,0.90485,0.90762,0.90376,0.90424,22712
2025-02-26T18:00:00.000Z,0.90425,0.90488,0.90324,0.90388,14696
2025-02-26T22:00:00.000Z,0.9033,0.90514,0.90323,0.90478,8817
2025-02-27T02:00:00.000Z,0.90478,0.90504,0.90249,0.90299,11206
2025-02-27T06:00:00.000Z,0.90301,0.9037,0.9021,0.90282,13757
2025-02-27T10:00:00.000Z,0.90281,0.90448,0.90249,0.90393,15935
2025-02-27T14:00:00.000Z,0.90391,0.90411,0.90101,0.90119,25099
2025-02-27T18:00:00.000Z,0.9012,0.90191,0.8998,0.90019,12992
2025-02-27T22:00:00.000Z,0.89988,0.90045,0.89841,0.89851,10321
2025-02-28T02:00:00.000Z,0.89851,0.89891,0.89695,0.89725,12369
2025-02-28T06:00:00.000Z,0.89725,0.89784,0.89692,0.89714,15023
2025-02-28T10:00:00.000Z,0.89713,0.89783,0.8951,0.89553,13675
2025-02-28T14:00:00.000Z,0.89555,0.89713,0.89545,0.896,23351
2025-02-28T18:00:00.000Z,0.896,0.8981,0.89522,0.89782,16841
2025-03-02T22:00:00.000Z,0.89731,0.8992,0.89651,0.89875,12695
2025-03-03T02:00:00.000Z,0.89875,0.89913,0.89742,0.89795,10601
2025-03-03T06:00:00.000Z,0.89794,0.89833,0.89701,0.89785,14075
2025-03-03T10:00:00.000Z,0.89785,0.89885,0.89737,0.8982,15786
2025-03-03T14:00:00.000Z,0.8982,0.90076,0.89795,0.90043,21131
2025-03-03T18:00:00.000Z,0.90039,0.90324,0.89968,0.90142,21946
2025-03-03T22:00:00.000Z,0.90058,0.90149,0.89957,0.89995,13024
2025-03-04T02:00:00.000Z,0.89993,0.90015,0.89766,0.89865,16967
2025-03-04T06:00:00.000Z,0.89867,0.89944,0.89658,0.89743,20038
2025-03-04T10:00:00.000Z,0.89741,0.9001,0.89707,0.8994,20358
2025-03-04T14:00:00.000Z,0.8994,0.90336,0.89804,0.9029,30532
2025-03-04T18:00:00.000Z,0.90288,0.90548,0.90066,0.9029,24967
2025-03-04T22:00:00.000Z,0.90145,0.90414,0.90125,0.90176,12789
2025-03-05T02:00:00.000Z,0.90176,0.9023,0.90047,0.90194,15577
2025-03-05T06:00:00.000Z,0.90194,0.90496,0.90175,0.90373,19988
2025-03-05T10:00:00.000Z,0.90372,0.90567,0.90281,0.90514,19950
2025-03-05T14:00:00.000Z,0.90514,0.9092,0.9044,0.90782,31430
2025-03-05T18:00:00.000Z,0.90781,0.90929,0.90671,0.90803,17434
2025-03-05T22:00:00.000Z,0.90683,0.9092,0.90667,0.90902,10614
2025-03-06T02:00:00.000Z,0.909,0.90958,0.90757,0.9085,12170
2025-03-06T06:00:00.000Z,0.9085,0.91007,0.90762,0.90836,20882
2025-03-06T10:00:00.000Z,0.90838,0.91082,0.9079,0.90939,20197
2025-03-06T14:00:00.000Z,0.9094,0.9099,0.90513,0.9066,30529
2025-03-06T18:00:00.000Z,0.90658,0.90746,0.90479,0.90516,18305
2025-03-06T22:00:00.000Z,0.90385,0.90549,0.90296,0.90369,9126
2025-03-07T02:00:00.000Z,0.90368,0.90374,0.90141,0.90182,11563
2025-03-07T06:00:00.000Z,0.90182,0.90329,0.90144,0.90275,16399
2025-03-07T10:00:00.000Z,0.90276,0.90498,0.90096,0.90321,19079
2025-03-07T14:00:00.000Z,0.90325,0.90741,0.90303,0.90555,31050
2025-03-07T18:00:00.000Z,0.90555,0.90718,0.90553,0.90665,16762
2025-03-09T21:00:00.000Z,0.90524,0.90698,0.90504,0.90641,11193
2025-03-10T01:00:00.000Z,0.90641,0.90741,0.90536,0.90595,11839
2025-03-10T05:00:00.000Z,0.90595,0.90825,0.90579,0.9077,15802
2025-03-10T09:00:00.000Z,0.90771,0.91246,0.90744,0.91194,19070
2025-03-10T13:00:00.000Z,0.91194,0.91242,0.90899,0.90921,24101
2025-03-10T17:00:00.000Z,0.9092,0.90931,0.90615,0.90652,17938
2025-03-10T21:00:00.000Z,0.90613,0.90672,0.90509,0.9057,8176
2025-03-11T01:00:00.000Z,0.90571,0.90655,0.90405,0.90556,16370
2025-03-11T05:00:00.000Z,0.90556,0.90711,0.90437,0.90681,18209
2025-03-11T09:00:00.000Z,0.90683,0.90774,0.90456,0.90666,17038
2025-03-11T13:00:00.000Z,0.90669,0.91063,0.90614,0.90999,30006
2025-03-11T17:00:00.000Z,0.91001,0.9112,0.907,0.90879,21090
2025-03-11T21:00:00.000Z,0.90878,0.90885,0.90695,0.90801,6023
2025-03-12T01:00:00.000Z,0.90801,0.90883,0.90771,0.90862,11079
2025-03-12T05:00:00.000Z,0.90865,0.91013,0.90783,0.90906,15435
2025-03-12T09:00:00.000Z,0.90906,0.90954,0.90437,0.90472,17510
2025-03-12T13:00:00.000Z,0.90472,0.90797,0.90466,0.90765,24816
2025-03-12T17:00:00.000Z,0.90765,0.90831,0.90641,0.90805,14137
2025-03-12T21:00:00.000Z,0.90762,0.90961,0.90717,0.90855,5840
2025-03-13T01:00:00.000Z,0.90859,0.90924,0.90766,0.90771,11606
2025-03-13T05:00:00.000Z,0.90771,0.90779,0.90494,0.90499,16198
2025-03-13T09:00:00.000Z,0.90501,0.90545,0.90281,0.90347,17494
2025-03-13T13:00:00.000Z,0.90349,0.90701,0.90233,0.90697,24338
2025-03-13T17:00:00.000Z,0.90696,0.90718,0.90612,0.90715,14476
2025-03-13T21:00:00.000Z,0.90729,0.90761,0.90619,0.90694,6931
2025-03-14T01:00:00.000Z,0.90693,0.90823,0.90686,0.90805,13185
2025-03-14T05:00:00.000Z,0.90805,0.90953,0.90779,0.90946,14333
2025-03-14T09:00:00.000Z,0.90947,0.91164,0.9086,0.91069,17228
2025-03-14T13:00:00.000Z,0.91069,0.91072,0.90805,0.90896,21367
2025-03-14T17:00:00.000Z,0.90896,0.90935,0.90815,0.90852,11152
2025-03-16T21:00:00.000Z,0.90739,0.90969,0.90729,0.90947,6602
2025-03-17T01:00:00.000Z,0.90948,0.91062,0.90891,0.90912,10374
2025-03-17T05:00:00.000Z,0.90912,0.91091,0.90878,0.91058,11672
2025-03-17T09:00:00.000Z,0.91059,0.91178,0.90985,0.91002,13193
2025-03-17T13:00:00.000Z,0.91002,0.91201,0.90941,0.91179,18189
2025-03-17T17:00:00.000Z,0.91179,0.91284,0.91157,0.91236,10446
2025-03-17T21:00:00.000Z,0.91181,0.9128,0.91167,0.91206,4809
2025-03-18T01:00:00.000Z,0.91209,0.91298,0.91076,0.91162,8970
2025-03-18T05:00:00.000Z,0.91162,0.91281,0.91079,0.91192,9690
2025-03-18T09:00:00.000Z,0.91193,0.91199,0.90845,0.90947,12233
2025-03-18T13:00:00.000Z,0.90946,0.91003,0.90781,0.9098,19053
2025-03-18T17:00:00.000Z,0.9098,0.91036,0.90919,0.90948,10885
2025-03-18T21:00:00.000Z,0.90901,0.90983,0.90894,0.90949,4577
2025-03-19T01:00:00.000Z,0.90949,0.91054,0.90941,0.9095,7794
2025-03-19T05:00:00.000Z,0.9095,0.91006,0.90577,0.90612,12929
2025-03-19T09:00:00.000Z,0.90614,0.90762,0.9056,0.90711,12168
2025-03-19T13:00:00.000Z,0.9071,0.90766,0.90513,0.90739,14889
2025-03-19T17:00:00.000Z,0.90739,0.91084,0.90559,0.9107,18850
2025-03-19T21:00:00.000Z,0.91017,0.91128,0.9069,0.90838,6706
2025-03-20T01:00:00.000Z,0.90838,0.90918,0.90698,0.90887,11238
2025-03-20T05:00:00.000Z,0.90887,0.90888,0.90534,0.90573,11313
2025-03-20T09:00:00.000Z,0.90574,0.90601,0.90338,0.90408,15582
2025-03-20T13:00:00.000Z,0.90408,0.90429,0.90177,0.90185,18776
2025-03-20T17:00:00.000Z,0.90186,0.90302,0.90125,0.90268,9988
2025-03-20T21:00:00.000Z,0.90191,0.90287,0.90185,0.90247,5143
2025-03-21T01:00:00.000Z,0.90247,0.9025,0.90063,0.9013,8866
2025-03-21T05:00:00.000Z,0.9013,0.9021,0.90079,0.90157,11550
2025-03-21T09:00:00.000Z,0.90157,0.90283,0.90073,0.90229,12361
2025-03-21T13:00:00.000Z,0.90229,0.90229,0.89867,0.89974,18670
2025-03-21T17:00:00.000Z,0.89975,0.90042,0.89929,0.89986,9618
2025-03-23T21:00:00.000Z,0.89949,0.90182,0.89875,0.90179,6068
2025-03-24T01:00:00.000Z,0.9018,0.90192,0.90004,0.90057,9495
2025-03-24T05:00:00.000Z,0.90057,0.90276,0.90021,0.90223,11281
2025-03-24T09:00:00.000Z,0.90224,0.90286,0.90071,0.90092,11308
2025-03-24T13:00:00.000Z,0.90092,0.9016,0.89723,0.89782,18047
2025-03-24T17:00:00.000Z,0.89782,0.90003,0.89756,0.89993,10915
2025-03-24T21:00:00.000Z,0.89955,0.9002,0.89914,0.89988,4292
2025-03-25T01:00:00.000Z,0.89988,0.90083,0.8997,0.90042,8384
2025-03-25T05:00:00.000Z,0.90041,0.90094,0.89947,0.9001,10703
2025-03-25T09:00:00.000Z,0.90009,0.90311,0.9,0.90244,12925
2025-03-25T13:00:00.000Z,0.90245,0.90328,0.90141,0.90153,16022
2025-03-25T17:00:00.000Z,0.90153,0.90205,0.89912,0.89962,9469
2025-03-25T21:00:00.000Z,0.89917,0.90055,0.89838,0.89844,5604
2025-03-26T01:00:00.000Z,0.89845,0.90086,0.89759,0.90074,10452
2025-03-26T05:00:00.000Z,0.90074,0.90177,0.89991,0.90089,12296
2025-03-26T09:00:00.000Z,0.90089,0.90193,0.9003,0.90092,12346
2025-03-26T13:00:00.000Z,0.90093,0.90112,0.89817,0.89915,17283
2025-03-26T17:00:00.000Z,0.89913,0.89939,0.89801,0.8985,12609
2025-03-26T21:00:00.000Z,0.89798,0.89991,0.89704,0.89877,9407
2025-03-27T01:00:00.000Z,0.89877,0.90081,0.89836,0.90039,10351
2025-03-27T05:00:00.000Z,0.90039,0.90176,0.89924,0.90164,13939
2025-03-27T09:00:00.000Z,0.90164,0.90214,0.90066,0.9019,12682
2025-03-27T13:00:00.000Z,0.90193,0.90342,0.90111,0.90208,18044
2025-03-27T17:00:00.000Z,0.90208,0.90243,0.90136,0.90171,8694
2025-03-27T21:00:00.000Z,0.90046,0.9019,0.90037,0.90087,4642
2025-03-28T01:00:00.000Z,0.90088,0.90108,0.89891,0.89917,8439
2025-03-28T05:00:00.000Z,0.89917,0.90233,0.89908,0.90174,10144
2025-03-28T09:00:00.000Z,0.90174,0.90227,0.90038,0.9019,10283
2025-03-28T13:00:00.000Z,0.90194,0.90289,0.89895,0.89921,20527
2025-03-28T17:00:00.000Z,0.89921,0.90065,0.89887,0.90025,10759
2025-03-30T21:00:00.000Z,0.89845,0.89961,0.8979,0.89949,10600
2025-03-31T01:00:00.000Z,0.89948,0.90099,0.89849,0.89876,11461
2025-03-31T05:00:00.000Z,0.89876,0.90085,0.89689,0.89778,14603
2025-03-31T09:00:00.000Z,0.89779,0.89791,0.89641,0.89659,11736
2025-03-31T13:00:00.000Z,0.89659,0.89773,0.89417,0.8971,18949
2025-03-31T17:00:00.000Z,0.89709,0.8993,0.89709,0.89868,10483
2025-03-31T21:00:00.000Z,0.89799,0.89885,0.8977,0.89814,5744
2025-04-01T01:00:00.000Z,0.89814,0.90099,0.89729,0.90096,10854
2025-04-01T05:00:00.000Z,0.90097,0.90097,0.89893,0.89972,13143
2025-04-01T09:00:00.000Z,0.8997,0.90047,0.89854,0.90003,13969
2025-04-01T13:00:00.000Z,0.90002,0.90133,0.89787,0.89805,21077
2025-04-01T17:00:00.000Z,0.89808,0.8986,0.89765,0.8977,11649
2025-04-01T21:00:00.000Z,0.89692,0.89887,0.89585,0.89779,8161
2025-04-02T01:00:00.000Z,0.89779,0.90113,0.89744,0.90101,11327
2025-04-02T05:00:00.000Z,0.90101,0.90225,0.90013,0.90204,14455
2025-04-02T09:00:00.000Z,0.90204,0.90339,0.90192,0.90305,13154
2025-04-02T13:00:00.000Z,0.90306,0.90314,0.90096,0.90166,17618
2025-04-02T17:00:00.000Z,0.90165,0.90448,0.89644,0.89841,18303
2025-04-02T21:00:00.000Z,0.89448,0.89469,0.88948,0.89331,22823
2025-04-03T01:00:00.000Z,0.89332,0.89531,0.89265,0.89301,19432
2025-04-03T05:00:00.000Z,0.893,0.89557,0.89268,0.89519,23268
2025-04-03T09:00:00.000Z,0.89519,0.89831,0.8941,0.89568,26107
2025-04-03T13:00:00.000Z,0.89567,0.89799,0.89176,0.89267,31115
2025-04-03T17:00:00.000Z,0.89266,0.89355,0.88936,0.89108,14905
2025-04-03T21:00:00.000Z,0.89092,0.8919,0.8894,0.88941,10664
2025-04-04T01:00:00.000Z,0.88944,0.88958,0.87851,0.87887,17491
2025-04-04T05:00:00.000Z,0.87887,0.88119,0.87682,0.87697,22853
2025-04-04T09:00:00.000Z,0.87701,0.87887,0.85945,0.86889,39277
2025-04-04T13:00:00.000Z,0.8689,0.87148,0.85295,0.85366,42567
2025-04-04T17:00:00.000Z,0.85366,0.86111,0.85282,0.85915,30284
2025-04-06T21:00:00.000Z,0.85319,0.85598,0.84536,0.85381,31132
2025-04-07T01:00:00.000Z,0.85381,0.85846,0.85209,0.85496,29574
2025-04-07T05:00:00.000Z,0.85493,0.86045,0.85359,0.85513,37798
2025-04-07T09:00:00.000Z,0.8551,0.86806,0.85385,0.86616,36746
2025-04-07T13:00:00.000Z,0.86617,0.86925,0.84578,0.84645,49197
2025-04-07T17:00:00.000Z,0.84645,0.85345,0.84645,0.85264,30487
2025-04-07T21:00:00.000Z,0.85118,0.85524,0.85066,0.85197,13665
2025-04-08T01:00:00.000Z,0.85198,0.85831,0.84981,0.8582,21456
2025-04-08T05:00:00.000Z,0.8582,0.86086,0.85651,0.85971,27440
2025-04-08T09:00:00.000Z,0.85972,0.85973,0.8562,0.85807,27088
2025-04-08T13:00:00.000Z,0.85807,0.86194,0.84936,0.84963,37629
2025-04-08T17:00:00.000Z,0.84959,0.85086,0.84819,0.84926,31016
2025-04-08T21:00:00.000Z,0.84919,0.84968,0.84397,0.84883,17194
2025-04-09T01:00:00.000Z,0.84881,0.85291,0.84755,0.84977,27781
2025-04-09T05:00:00.000Z,0.84977,0.85598,0.8478,0.85347,35163
2025-04-09T09:00:00.000Z,0.85347,0.85769,0.85083,0.85415,33752
2025-04-09T13:00:00.000Z,0.85417,0.85659,0.85074,0.85407,32920
2025-04-09T17:00:00.000Z,0.85407,0.86996,0.85358,0.86635,38797
2025-04-09T21:00:00.000Z,0.86553,0.86908,0.86315,0.86381,17510
2025-04-10T01:00:00.000Z,0.86381,0.87059,0.86266,0.87024,23811
2025-04-10T05:00:00.000Z,0.87024,0.8722,0.86454,0.866,26772
2025-04-10T09:00:00.000Z,0.866,0.87231,0.86524,0.86977,28664
2025-04-10T13:00:00.000Z,0.86978,0.87449,0.86426,0.8675,40873
2025-04-10T17:00:00.000Z,0.86748,0.8727,0.866,0.87016,33883
2025-04-10T21:00:00.000Z,0.86954,0.87105,0.86397,0.8668,20846
2025-04-11T01:00:00.000Z,0.8668,0.8718,0.86496,0.86508,30981
2025-04-11T05:00:00.000Z,0.86506,0.86742,0.86208,0.86451,34176
2025-04-11T09:00:00.000Z,0.86448,0.86875,0.86346,0.86743,31434
2025-04-11T13:00:00.000Z,0.86742,0.87076,0.86424,0.8695,41069
2025-04-11T17:00:00.000Z,0.86946,0.87423,0.86916,0.87189,22638
2025-04-13T21:00:00.000Z,0.87237,0.87522,0.87121,0.8727,17402
2025-04-14T01:00:00.000Z,0.87277,0.87427,0.87116,0.87291,19579
2025-04-14T05:00:00.000Z,0.87291,0.87747,0.87286,0.87691,18749
2025-04-14T09:00:00.000Z,0.87691,0.87761,0.87389,0.87393,16364
2025-04-14T13:00:00.000Z,0.87395,0.87861,0.8718,0.87703,28932
2025-04-14T17:00:00.000Z,0.87707,0.87918,0.87699,0.87779,15081
2025-04-14T21:00:00.000Z,0.87627,0.87975,0.87595,0.87911,8619
2025-04-15T01:00:00.000Z,0.87912,0.88333,0.87903,0.88237,14174
2025-04-15T05:00:00.000Z,0.88237,0.88329,0.87946,0.87981,18666
2025-04-15T09:00:00.000Z,0.87975,0.88633,0.87919,0.88555,16594
2025-04-15T13:00:00.000Z,0.88556,0.88788,0.88411,0.88737,23176
2025-04-15T17:00:00.000Z,0.88737,0.88774,0.88541,0.88563,11849
2025-04-15T21:00:00.000Z,0.88547,0.88559,0.88257,0.8835,11442
2025-04-16T01:00:00.000Z,0.88348,0.88627,0.8833,0.88505,14535
2025-04-16T05:00:00.000Z,0.88506,0.88687,0.88253,0.88565,19331
2025-04-16T09:00:00.000Z,0.88564,0.88744,0.88501,0.88512,16409
2025-04-16T13:00:00.000Z,0.88513,0.88738,0.88354,0.88559,21278
2025-04-16T17:00:00.000Z,0.88557,0.88597,0.88235,0.88287,17486
2025-04-16T21:00:00.000Z,0.88186,0.88351,0.88186,0.88204,8917
2025-04-17T01:00:00.000Z,0.88204,0.88318,0.8802,0.88037,13951
2025-04-17T05:00:00.000Z,0.88039,0.88181,0.87957,0.88172,14712
2025-04-17T09:00:00.000Z,0.88173,0.88527,0.88156,0.88516,14807
2025-04-17T13:00:00.000Z,0.88518,0.88583,0.88313,0.8838,21149
2025-04-17T17:00:00.000Z,0.8838,0.88496,0.88283,0.88405,10508
2025-04-17T21:00:00.000Z,0.88211,0.88523,0.88199,0.88429,9435
2025-04-18T01:00:00.000Z,0.88424,0.88484,0.88222,0.88454,50754
2025-04-18T05:00:00.000Z,0.88456,0.88458,0.88245,0.88277,39021
2025-04-18T09:00:00.000Z,0.8828,0.88395,0.88226,0.88323,45981
2025-04-18T13:00:00.000Z,0.88327,0.88374,0.88223,0.88283,22076
2025-04-18T17:00:00.000Z,0.8829,0.883,0.8816,0.88241,20642
2025-04-20T21:00:00.000Z,0.88173,0.88405,0.88086,0.88236,11994
2025-04-21T01:00:00.000Z,0.88237,0.88645,0.88209,0.88534,15142
2025-04-21T05:00:00.000Z,0.88534,0.88783,0.88517,0.88674,13111
2025-04-21T09:00:00.000Z,0.88674,0.88762,0.88546,0.88679,12550
2025-04-21T13:00:00.000Z,0.88679,0.88756,0.88465,0.88733,17037
2025-04-21T17:00:00.000Z,0.88733,0.8883,0.88592,0.88795,10802
2025-04-21T21:00:00.000Z,0.88669,0.88847,0.88601,0.88671,9088
2025-04-22T01:00:00.000Z,0.88671,0.88885,0.88671,0.88778,13994
2025-04-22T05:00:00.000Z,0.88778,0.88851,0.88536,0.88548,17409
2025-04-22T09:00:00.000Z,0.8855,0.88619,0.88482,0.88483,14551
2025-04-22T13:00:00.000Z,0.88486,0.88522,0.88153,0.88314,18711
2025-04-22T17:00:00.000Z,0.88315,0.88355,0.87888,0.87899,13092
2025-04-22T21:00:00.000Z,0.87905,0.88422,0.87883,0.88418,16306
2025-04-23T01:00:00.000Z,0.88418,0.88522,0.88299,0.88445,14512
2025-04-23T05:00:00.000Z,0.88444,0.8872,0.88408,0.8854,16593
2025-04-23T09:00:00.000Z,0.8854,0.88763,0.88458,0.88758,14980
2025-04-23T13:00:00.000Z,0.88758,0.88998,0.88359,0.88477,26610
2025-04-23T17:00:00.000Z,0.88475,0.8853,0.88217,0.88233,13332
2025-04-23T21:00:00.000Z,0.88189,0.88366,0.88152,0.88254,9077
2025-04-24T01:00:00.000Z,0.88254,0.88303,0.88086,0.88166,14401
2025-04-24T05:00:00.000Z,0.88165,0.88417,0.87994,0.88297,17131
2025-04-24T09:00:00.000Z,0.88298,0.8852,0.88287,0.8843,14378
2025-04-24T13:00:00.000Z,0.88434,0.88924,0.88383,0.88905,19755
2025-04-24T17:00:00.000Z,0.88905,0.88918,0.88709,0.88759,9595
2025-04-24T21:00:00.000Z,0.88681,0.88816,0.88601,0.8876,7655
2025-04-25T01:00:00.000Z,0.88759,0.88988,0.88663,0.88879,12470
2025-04-25T05:00:00.000Z,0.88879,0.88919,0.88659,0.88731,15057
2025-04-25T09:00:00.000Z,0.88732,0.88741,0.88461,0.88513,13377
2025-04-25T13:00:00.000Z,0.88515,0.88694,0.88415,0.88638,15744
2025-04-25T17:00:00.000Z,0.88638,0.88746,0.88579,0.88605,9693
2025-04-27T21:00:00.000Z,0.88509,0.88764,0.88468,0.88606,7956
2025-04-28T01:00:00.000Z,0.88606,0.88772,0.88458,0.88767,11315
2025-04-28T05:00:00.000Z,0.88771,0.8881,0.88392,0.88577,13620
2025-04-28T09:00:00.000Z,0.88577,0.88792,0.88554,0.88687,11902
2025-04-28T13:00:00.000Z,0.88687,0.88906,0.88653,0.88866,19264
2025-04-28T17:00:00.000Z,0.88865,0.88963,0.88832,0.88942,9417
2025-04-28T21:00:00.000Z,0.88869,0.88972,0.88832,0.88933,6634
2025-04-29T01:00:00.000Z,0.88934,0.89116,0.88803,0.88887,13568
2025-04-29T05:00:00.000Z,0.88887,0.88984,0.88735,0.88761,14745
2025-04-29T09:00:00.000Z,0.88757,0.88806,0.88595,0.88674,13102
2025-04-29T13:00:00.000Z,0.88676,0.88699,0.88358,0.88461,17925
2025-04-29T17:00:00.000Z,0.8846,0.8849,0.88268,0.88276,8809
2025-04-29T21:00:00.000Z,0.88203,0.88358,0.88173,0.88274,6464
2025-04-30T01:00:00.000Z,0.88273,0.88717,0.8826,0.88717,11378
2025-04-30T05:00:00.000Z,0.88719,0.88723,0.88363,0.88448,12884
2025-04-30T09:00:00.000Z,0.88447,0.88512,0.88115,0.8825,14498
2025-04-30T13:00:00.000Z,0.8825,0.88403,0.87972,0.88305,21590
2025-04-30T17:00:00.000Z,0.88305,0.88356,0.88204,0.88293,12956
2025-04-30T21:00:00.000Z,0.88205,0.88445,0.88176,0.8841,7214
2025-05-01T01:00:00.000Z,0.8841,0.88582,0.88242,0.88276,9757
2025-05-01T05:00:00.000Z,0.88276,0.88325,0.88151,0.88222,12053
2025-05-01T09:00:00.000Z,0.88222,0.88359,0.88098,0.8824,12522
2025-05-01T13:00:00.000Z,0.88239,0.88392,0.88003,0.88262,18329
2025-05-01T17:00:00.000Z,0.88263,0.88455,0.88247,0.88403,9908
2025-05-01T21:00:00.000Z,0.88239,0.88717,0.88211,0.88656,8512
2025-05-02T01:00:00.000Z,0.88661,0.88701,0.88505,0.88629,12493
2025-05-02T05:00:00.000Z,0.88627,0.88809,0.88517,0.88782,12279
2025-05-02T09:00:00.000Z,0.88781,0.89113,0.88707,0.89095,15328
2025-05-02T13:00:00.000Z,0.89096,0.89145,0.88846,0.88933,21882
2025-05-02T17:00:00.000Z,0.88933,0.8908,0.88888,0.89059,9782
2025-05-04T21:00:00.000Z,0.88847,0.89224,0.88847,0.89068,7086
2025-05-05T01:00:00.000Z,0.89072,0.89403,0.89058,0.89244,11049
2025-05-05T05:00:00.000Z,0.89244,0.8955,0.89227,0.89452,11802
2025-05-05T09:00:00.000Z,0.89454,0.89633,0.89437,0.89594,11615
2025-05-05T13:00:00.000Z,0.89595,0.89622,0.89272,0.89279,16140
2025-05-05T17:00:00.000Z,0.89279,0.89406,0.89261,0.894,7169
2025-05-05T21:00:00.000Z,0.89243,0.8939,0.89167,0.89231,5667
2025-05-06T01:00:00.000Z,0.89232,0.89384,0.89192,0.89363,12058
2025-05-06T05:00:00.000Z,0.89364,0.89366,0.89084,0.89156,13862
2025-05-06T09:00:00.000Z,0.89156,0.89287,0.89037,0.89273,12088
2025-05-06T13:00:00.000Z,0.89271,0.89458,0.8917,0.89331,16004
2025-05-06T17:00:00.000Z,0.89331,0.895,0.89324,0.89445,10146
2025-05-06T21:00:00.000Z,0.8934,0.89721,0.89294,0.8951,11557
2025-05-07T01:00:00.000Z,0.8951,0.89685,0.89343,0.89385,15429
2025-05-07T05:00:00.000Z,0.89385,0.89483,0.89253,0.89262,13405
2025-05-07T09:00:00.000Z,0.89263,0.89334,0.89199,0.89279,11858
2025-05-07T13:00:00.000Z,0.89277,0.89284,0.88954,0.89077,15309
2025-05-07T17:00:00.000Z,0.89078,0.89157,0.88792,0.88889,16940
2025-05-07T21:00:00.000Z,0.88849,0.89109,0.88786,0.89044,6003
2025-05-08T01:00:00.000Z,0.89044,0.89304,0.89024,0.89208,12177
2025-05-08T05:00:00.000Z,0.89208,0.89218,0.88837,0.88914,16124
2025-05-08T09:00:00.000Z,0.88915,0.89157,0.88904,0.8912,14560
2025-05-08T13:00:00.000Z,0.89118,0.8931,0.89042,0.8923,19103
2025-05-08T17:00:00.000Z,0.8923,0.89237,0.89036,0.89093,9038
2025-05-08T21:00:00.000Z,0.89005,0.89108,0.8896,0.88987,6578
2025-05-09T01:00:00.000Z,0.88988,0.892,0.88811,0.89189,13006
2025-05-09T05:00:00.000Z,0.89189,0.89241,0.89057,0.89134,12028
2025-05-09T09:00:00.000Z,0.89136,0.8918,0.88974,0.89171,10848
2025-05-09T13:00:00.000Z,0.89171,0.89538,0.89171,0.89371,14243
2025-05-09T17:00:00.000Z,0.89372,0.89394,0.89277,0.89315,7561
2025-05-11T21:00:00.000Z,0.89057,0.89553,0.89057,0.89485,9880
2025-05-12T01:00:00.000Z,0.89485,0.89601,0.89419,0.89541,13607
2025-05-12T05:00:00.000Z,0.89541,0.89906,0.89322,0.89458,20473
2025-05-12T09:00:00.000Z,0.89455,0.89553,0.89235,0.89398,16673
2025-05-12T13:00:00.000Z,0.89399,0.89493,0.89081,0.89118,17582
2025-05-12T17:00:00.000Z,0.89118,0.89161,0.89022,0.89033,9574
2025-05-12T21:00:00.000Z,0.88895,0.89115,0.88895,0.88983,6498
2025-05-13T01:00:00.000Z,0.88983,0.89513,0.88955,0.89508,13345
2025-05-13T05:00:00.000Z,0.89508,0.89702,0.89426,0.89604,14863
2025-05-13T09:00:00.000Z,0.89604,0.89879,0.89581,0.89878,13957
2025-05-13T13:00:00.000Z,0.89881,0.90392,0.8984,0.90329,20048
2025-05-13T17:00:00.000Z,0.90329,0.90359,0.90158,0.90161,8718
2025-05-13T21:00:00.000Z,0.90032,0.90229,0.9002,0.90166,6222
2025-05-14T01:00:00.000Z,0.90167,0.90379,0.90091,0.90109,13179
2025-05-14T05:00:00.000Z,0.90109,0.90426,0.90076,0.90297,15241
2025-05-14T09:00:00.000Z,0.903,0.90366,0.90072,0.90172,15104
2025-05-14T13:00:00.000Z,0.90172,0.902,0.89814,0.89899,19086
2025-05-14T17:00:00.000Z,0.89899,0.89947,0.89769,0.89865,9858
2025-05-14T21:00:00.000Z,0.89779,0.89905,0.89623,0.89853,5414
2025-05-15T01:00:00.000Z,0.8985,0.90125,0.89815,0.89829,12060
2025-05-15T05:00:00.000Z,0.8983,0.89979,0.8969,0.8976,13518
2025-05-15T09:00:00.000Z,0.8976,0.89788,0.89482,0.89687,12730
2025-05-15T13:00:00.000Z,0.89687,0.89786,0.89451,0.89543,16376
2025-05-15T17:00:00.000Z,0.89544,0.89587,0.89373,0.89413,7944
2025-05-15T21:00:00.000Z,0.8929,0.89441,0.89233,0.89273,5977
2025-05-16T01:00:00.000Z,0.89274,0.8964,0.89263,0.89585,10694
2025-05-16T05:00:00.000Z,0.89585,0.89705,0.89546,0.89686,10952
2025-05-16T09:00:00.000Z,0.89686,0.89706,0.89485,0.89529,10399
2025-05-16T13:00:00.000Z,0.89531,0.89566,0.89356,0.89495,14056
2025-05-16T17:00:00.000Z,0.89494,0.89595,0.89408,0.89411,6995
2025-05-18T21:00:00.000Z,0.89381,0.89524,0.89295,0.89519,7727
2025-05-19T01:00:00.000Z,0.89519,0.8966,0.89432,0.89495,10165
2025-05-19T05:00:00.000Z,0.89495,0.89772,0.89378,0.89763,13094
2025-05-19T09:00:00.000Z,0.89767,0.89973,0.89729,0.89771,13081
2025-05-19T13:00:00.000Z,0.89771,0.90082,0.89768,0.90049,15929
2025-05-19T17:00:00.000Z,0.9005,0.9011,0.90028,0.90083,6108
2025-05-19T21:00:00.000Z,0.89931,0.9011,0.89889,0.89999,5277
2025-05-20T01:00:00.000Z,0.89999,0.90038,0.89673,0.89711,12187
2025-05-20T05:00:00.000Z,0.89709,0.89819,0.89431,0.89478,14739
2025-05-20T09:00:00.000Z,0.89476,0.89493,0.89052,0.89082,11161
2025-05-20T13:00:00.000Z,0.89081,0.89402,0.89066,0.89382,15393
2025-05-20T17:00:00.000Z,0.89382,0.8941,0.89301,0.89388,8125
2025-05-20T21:00:00.000Z,0.89325,0.89519,0.89265,0.8951,5752
2025-05-21T01:00:00.000Z,0.8951,0.8961,0.89428,0.896,11272
2025-05-21T05:00:00.000Z,0.89598,0.89672,0.89426,0.89465,13899
2025-05-21T09:00:00.000Z,0.89465,0.89567,0.89364,0.89389,12912
2025-05-21T13:00:00.000Z,0.89386,0.89518,0.8928,0.89309,16374
2025-05-21T17:00:00.000Z,0.8931,0.89355,0.89103,0.89193,12530
2025-05-21T21:00:00.000Z,0.89074,0.89259,0.89046,0.89224,6212
2025-05-22T01:00:00.000Z,0.89223,0.89335,0.8904,0.89314,10927
2025-05-22T05:00:00.000Z,0.89312,0.89432,0.89168,0.89296,13691
2025-05-22T09:00:00.000Z,0.89296,0.89301,0.88999,0.89099,13507
2025-05-22T13:00:00.000Z,0.89102,0.89135,0.88859,0.88866,16810
2025-05-22T17:00:00.000Z,0.88866,0.8895,0.8879,0.88794,7721
2025-05-22T21:00:00.000Z,0.88762,0.88891,0.88755,0.88891,4678
2025-05-23T01:00:00.000Z,0.88892,0.89041,0.88861,0.88969,8846
2025-05-23T05:00:00.000Z,0.88968,0.89172,0.88899,0.89166,11381
2025-05-23T09:00:00.000Z,0.89165,0.89309,0.88933,0.89107,16850
2025-05-23T13:00:00.000Z,0.89106,0.89156,0.88883,0.89102,17777
2025-05-23T17:00:00.000Z,0.89102,0.89195,0.89079,0.89168,8516
2025-05-25T21:00:00.000Z,0.88943,0.89322,0.88943,0.89235,8107
2025-05-26T01:00:00.000Z,0.89233,0.89508,0.89217,0.8937,10396
2025-05-26T05:00:00.000Z,0.8937,0.89426,0.89206,0.89302,10529
2025-05-26T09:00:00.000Z,0.89304,0.8931,0.89196,0.89247,7744
2025-05-26T13:00:00.000Z,0.89247,0.89324,0.89111,0.89119,6956
2025-05-26T17:00:00.000Z,0.89114,0.89124,0.89027,0.89118,3535
2025-05-26T21:00:00.000Z,0.88997,0.89107,0.88975,0.89094,5220
2025-05-27T01:00:00.000Z,0.89095,0.89137,0.88925,0.88939,9386
2025-05-27T05:00:00.000Z,0.88941,0.89099,0.88731,0.88749,14698
2025-05-27T09:00:00.000Z,0.88749,0.88841,0.88675,0.88837,11719
2025-05-27T13:00:00.000Z,0.88837,0.88889,0.88579,0.88754,15015
2025-05-27T17:00:00.000Z,0.88753,0.89098,0.88724,0.88962,8393
2025-05-27T21:00:00.000Z,0.88876,0.89078,0.88876,0.89016,4946
2025-05-28T01:00:00.000Z,0.89015,0.8912,0.88835,0.88895,12522
2025-05-28T05:00:00.000Z,0.88895,0.89105,0.88881,0.89071,11522
2025-05-28T09:00:00.000Z,0.89071,0.89098,0.88827,0.88856,10690
2025-05-28T13:00:00.000Z,0.88856,0.88885,0.88595,0.8876,16639
2025-05-28T17:00:00.000Z,0.8876,0.88944,0.88747,0.88918,7802
2025-05-28T21:00:00.000Z,0.88735,0.89068,0.88735,0.88935,10901
2025-05-29T01:00:00.000Z,0.88933,0.89015,0.88761,0.88996,13429
2025-05-29T05:00:00.000Z,0.88998,0.89105,0.88887,0.89018,13479
2025-05-29T09:00:00.000Z,0.89018,0.89106,0.88937,0.89046,13311
2025-05-29T13:00:00.000Z,0.89047,0.89059,0.88872,0.89002,17650
2025-05-29T17:00:00.000Z,0.89002,0.89042,0.88943,0.88954,8026
2025-05-29T21:00:00.000Z,0.88825,0.89045,0.88813,0.89018,6858
2025-05-30T01:00:00.000Z,0.89018,0.89062,0.88771,0.88863,11444
2025-05-30T05:00:00.000Z,0.88863,0.8896,0.88583,0.88634,11767
2025-05-30T09:00:00.000Z,0.88632,0.88742,0.88541,0.88582,13666
2025-05-30T13:00:00.000Z,0.88583,0.88586,0.88338,0.88375,19339
2025-05-30T17:00:00.000Z,0.88378,0.88487,0.88346,0.88375,9903
2025-06-01T21:00:00.000Z,0.8832,0.88576,0.88293,0.88552,6552
2025-06-02T01:00:00.000Z,0.88552,0.8871,0.88461,0.88574,10474
2025-06-02T05:00:00.000Z,0.88574,0.88731,0.88542,0.88707,12802
2025-06-02T09:00:00.000Z,0.88707,0.88887,0.88706,0.88855,12407
2025-06-02T13:00:00.000Z,0.88855,0.89038,0.88714,0.88925,17204
2025-06-02T17:00:00.000Z,0.88927,0.89104,0.88912,0.8909,7718
2025-06-02T21:00:00.000Z,0.88927,0.8911,0.88901,0.89077,5033
2025-06-03T01:00:00.000Z,0.89077,0.89102,0.88757,0.88796,10239
2025-06-03T05:00:00.000Z,0.88794,0.88818,0.88606,0.88624,12193
2025-06-03T09:00:00.000Z,0.88619,0.88721,0.88555,0.88579,12049
2025-06-03T13:00:00.000Z,0.8858,0.88732,0.88517,0.88652,15384
2025-06-03T17:00:00.000Z,0.88652,0.88759,0.8865,0.88683,7012
2025-06-03T21:00:00.000Z,0.88497,0.88713,0.88465,0.88587,4923
2025-06-04T01:00:00.000Z,0.88587,0.88822,0.88506,0.88588,11015
2025-06-04T05:00:00.000Z,0.88588,0.88767,0.88542,0.88751,11386
2025-06-04T09:00:00.000Z,0.88751,0.88967,0.8872,0.88935,11939
2025-06-04T13:00:00.000Z,0.88937,0.88966,0.88767,0.88798,16607
2025-06-04T17:00:00.000Z,0.88798,0.88842,0.88766,0.8879,7102
2025-06-04T21:00:00.000Z,0.88646,0.88895,0.88631,0.8887,5890
2025-06-05T01:00:00.000Z,0.8887,0.88967,0.88719,0.88793,10510
2025-06-05T05:00:00.000Z,0.88794,0.88893,0.88739,0.88867,10157
2025-06-05T09:00:00.000Z,0.88869,0.89049,0.88848,0.8898,12844
2025-06-05T13:00:00.000Z,0.88978,0.8918,0.8893,0.89004,19554
2025-06-05T17:00:00.000Z,0.89005,0.89013,0.88885,0.8894,9305
2025-06-05T21:00:00.000Z,0.88904,0.89031,0.88853,0.88944,5137
2025-06-06T01:00:00.000Z,0.88944,0.88983,0.88741,0.88839,9462
2025-06-06T05:00:00.000Z,0.8884,0.88869,0.88724,0.8877,10292
2025-06-06T09:00:00.000Z,0.88773,0.88926,0.88677,0.88814,12740
2025-06-06T13:00:00.000Z,0.88814,0.88926,0.88737,0.88877,18813
2025-06-06T17:00:00.000Z,0.88878,0.89014,0.88874,0.88921,7553
2025-06-08T21:00:00.000Z,0.88903,0.89037,0.88892,0.88975,4976
2025-06-09T01:00:00.000Z,0.88975,0.89166,0.88968,0.89138,8171
2025-06-09T05:00:00.000Z,0.89138,0.8933,0.89086,0.89267,8890
2025-06-09T09:00:00.000Z,0.89267,0.89303,0.89104,0.89138,9160
2025-06-09T13:00:00.000Z,0.89138,0.89297,0.89058,0.8918,11825
2025-06-09T17:00:00.000Z,0.8918,0.89283,0.89139,0.89254,6242
2025-06-09T21:00:00.000Z,0.89075,0.89314,0.89051,0.89277,4854
2025-06-10T01:00:00.000Z,0.89277,0.89472,0.89155,0.89374,11153
2025-06-10T05:00:00.000Z,0.89375,0.89413,0.89067,0.89285,13924
2025-06-10T09:00:00.000Z,0.89283,0.89306,0.89194,0.89211,9930
2025-06-10T13:00:00.000Z,0.89213,0.89359,0.8913,0.89223,12845
2025-06-10T17:00:00.000Z,0.89225,0.89281,0.89155,0.89167,7375
2025-06-10T21:00:00.000Z,0.89093,0.89258,0.89038,0.89056,6693
2025-06-11T01:00:00.000Z,0.89054,0.89132,0.88888,0.8907,9682
2025-06-11T05:00:00.000Z,0.89073,0.89142,0.8902,0.8906,9132
2025-06-11T09:00:00.000Z,0.89062,0.89372,0.88928,0.89196,13040
2025-06-11T13:00:00.000Z,0.89195,0.8921,0.89015,0.89059,14447
2025-06-11T17:00:00.000Z,0.89059,0.89129,0.88791,0.88874,8644
2025-06-11T21:00:00.000Z,0.88799,0.88963,0.88794,0.88842,5886
2025-06-12T01:00:00.000Z,0.88842,0.88904,0.88614,0.88673,10608
2025-06-12T05:00:00.000Z,0.88673,0.88795,0.88545,0.8877,12140
2025-06-12T09:00:00.000Z,0.8877,0.88972,0.88648,0.88864,14561
2025-06-12T13:00:00.000Z,0.88865,0.88875,0.88743,0.88803,14642
2025-06-12T17:00:00.000Z,0.88807,0.88848,0.88755,0.8881,5965
2025-06-12T21:00:00.000Z,0.88821,0.88856,0.88138,0.88253,10166
2025-06-13T01:00:00.000Z,0.88252,0.8848,0.88038,0.88299,17362
2025-06-13T05:00:00.000Z,0.883,0.88425,0.88205,0.88351,15366
2025-06-13T09:00:00.000Z,0.88351,0.88416,0.8815,0.88209,13175
2025-06-13T13:00:00.000Z,0.88209,0.88477,0.88123,0.88476,15825
2025-06-13T17:00:00.000Z,0.88477,0.88484,0.88087,0.88107,11914
2025-06-15T21:00:00.000Z,0.87917,0.8824,0.87917,0.88199,14584
2025-06-16T01:00:00.000Z,0.88198,0.88208,0.87972,0.88146,13492
2025-06-16T05:00:00.000Z,0.88145,0.88427,0.88144,0.88379,12796
2025-06-16T09:00:00.000Z,0.88381,0.88541,0.88352,0.885,10741
2025-06-16T13:00:00.000Z,0.885,0.88735,0.88448,0.88717,15529
2025-06-16T17:00:00.000Z,0.88718,0.88731,0.88505,0.88509,7718
2025-06-16T21:00:00.000Z,0.88425,0.88538,0.88299,0.88417,8883
2025-06-17T01:00:00.000Z,0.88417,0.88712,0.88378,0.88687,12835
2025-06-17T05:00:00.000Z,0.88687,0.88821,0.88615,0.88645,12958
2025-06-17T09:00:00.000Z,0.88646,0.88726,0.88498,0.88574,12267
2025-06-17T13:00:00.000Z,0.88574,0.88786,0.8837,0.88383,16127
2025-06-17T17:00:00.000Z,0.88382,0.88617,0.88205,0.88522,12625
2025-06-17T21:00:00.000Z,0.88515,0.88698,0.88401,0.88648,7318
2025-06-18T01:00:00.000Z,0.88647,0.88843,0.88609,0.88826,11800
2025-06-18T05:00:00.000Z,0.88827,0.88931,0.88742,0.88796,11744
2025-06-18T09:00:00.000Z,0.88796,0.8886,0.88636,0.88696,10998
2025-06-18T13:00:00.000Z,0.88695,0.89251,0.88676,0.89097,16742
2025-06-18T17:00:00.000Z,0.89096,0.89271,0.88961,0.8911,18457
2025-06-18T21:00:00.000Z,0.88957,0.89139,0.88905,0.89009,6635
2025-06-19T01:00:00.000Z,0.89009,0.89014,0.88802,0.88926,11872
2025-06-19T05:00:00.000Z,0.88926,0.88933,0.88667,0.88745,13534
2025-06-19T09:00:00.000Z,0.88745,0.8878,0.8855,0.88634,11203
2025-06-19T13:00:00.000Z,0.88633,0.88715,0.88568,0.8859,11017
2025-06-19T17:00:00.000Z,0.8859,0.88789,0.88585,0.88745,4464
2025-06-19T21:00:00.000Z,0.88599,0.88894,0.88557,0.8881,6572
2025-06-20T01:00:00.000Z,0.88812,0.88914,0.88686,0.8887,11022
2025-06-20T05:00:00.000Z,0.88868,0.88914,0.88723,0.88848,11256
2025-06-20T09:00:00.000Z,0.88848,0.89054,0.88828,0.8902,10544
2025-06-20T13:00:00.000Z,0.89021,0.89046,0.88622,0.88668,15032
2025-06-20T17:00:00.000Z,0.88666,0.88693,0.88557,0.88567,9007
2025-06-22T21:00:00.000Z,0.88323,0.88604,0.88203,0.88507,10708
2025-06-23T01:00:00.000Z,0.88507,0.88576,0.88063,0.88118,13980
2025-06-23T05:00:00.000Z,0.88113,0.88411,0.88101,0.88208,14667
2025-06-23T09:00:00.000Z,0.88209,0.88222,0.87899,0.88077,14769
2025-06-23T13:00:00.000Z,0.88076,0.88508,0.8796,0.88418,20482
2025-06-23T17:00:00.000Z,0.88418,0.88745,0.88395,0.88699,11195
2025-06-23T21:00:00.000Z,0.8863,0.89017,0.88602,0.88954,9679
2025-06-24T01:00:00.000Z,0.88954,0.89129,0.88891,0.89105,12689
2025-06-24T05:00:00.000Z,0.89104,0.89316,0.89046,0.89191,16003
2025-06-24T09:00:00.000Z,0.89191,0.8933,0.89106,0.89134,11440
2025-06-24T13:00:00.000Z,0.89137,0.89237,0.88971,0.89168,16822
2025-06-24T17:00:00.000Z,0.89168,0.8927,0.89029,0.89051,7511
2025-06-24T21:00:00.000Z,0.88898,0.89191,0.88898,0.89166,5972
2025-06-25T01:00:00.000Z,0.89168,0.89307,0.89061,0.89244,10503
2025-06-25T05:00:00.000Z,0.89246,0.89286,0.89121,0.89151,11270
2025-06-25T09:00:00.000Z,0.89151,0.8925,0.89084,0.89182,9597
2025-06-25T13:00:00.000Z,0.89182,0.89326,0.89082,0.89322,13138
2025-06-25T17:00:00.000Z,0.89323,0.89404,0.89279,0.89374,8439
2025-06-25T21:00:00.000Z,0.89246,0.89437,0.89201,0.89399,5501
2025-06-26T01:00:00.000Z,0.89399,0.89569,0.89307,0.89463,11790
2025-06-26T05:00:00.000Z,0.89463,0.89609,0.89419,0.89548,13767
2025-06-26T09:00:00.000Z,0.89543,0.89559,0.89357,0.89405,13574
2025-06-26T13:00:00.000Z,0.89407,0.89437,0.89232,0.89314,17781
2025-06-26T17:00:00.000Z,0.89314,0.89387,0.89254,0.89254,8693
2025-06-26T21:00:00.000Z,0.89275,0.89418,0.89198,0.89391,6201
2025-06-27T01:00:00.000Z,0.89391,0.89454,0.8927,0.89284,10625
2025-06-27T05:00:00.000Z,0.89288,0.89417,0.89231,0.89357,11778
2025-06-27T09:00:00.000Z,0.89361,0.89363,0.89162,0.89279,12422
2025-06-27T13:00:00.000Z,0.89279,0.8935,0.89038,0.89333,15091
2025-06-27T17:00:00.000Z,0.89333,0.89609,0.89285,0.89348,13091
2025-06-29T21:00:00.000Z,0.89336,0.89496,0.89333,0.89417,7760
2025-06-30T01:00:00.000Z,0.89414,0.89537,0.89284,0.89457,11993
2025-06-30T05:00:00.000Z,0.89456,0.89524,0.89256,0.89403,13642
2025-06-30T09:00:00.000Z,0.89403,0.89405,0.89211,0.89256,10334
2025-06-30T13:00:00.000Z,0.89256,0.89563,0.89249,0.89554,16348
2025-06-30T17:00:00.000Z,0.89554,0.89668,0.89514,0.89539,7863
2025-06-30T21:00:00.000Z,0.8943,0.89587,0.89374,0.89446,4987
2025-07-01T01:00:00.000Z,0.89447,0.89448,0.89243,0.89426,9805
2025-07-01T05:00:00.000Z,0.89426,0.89598,0.8941,0.89565,12229
2025-07-01T09:00:00.000Z,0.89566,0.89647,0.89487,0.89568,12107
2025-07-01T13:00:00.000Z,0.89568,0.89773,0.89493,0.89703,17246
2025-07-01T17:00:00.000Z,0.89702,0.8982,0.89684,0.89802,6655
2025-07-01T21:00:00.000Z,0.89523,0.89802,0.89523,0.89753,4407
2025-07-02T01:00:00.000Z,0.89753,0.89823,0.89601,0.89789,8782
2025-07-02T05:00:00.000Z,0.89789,0.89795,0.89528,0.89577,10157
2025-07-02T09:00:00.000Z,0.89576,0.89622,0.89336,0.89401,13123
2025-07-02T13:00:00.000Z,0.89402,0.89595,0.89313,0.89428,15942
2025-07-02T17:00:00.000Z,0.89427,0.89536,0.89387,0.89469,8227
2025-07-02T21:00:00.000Z,0.89432,0.89502,0.89323,0.89364,4688
2025-07-03T01:00:00.000Z,0.89364,0.89373,0.89241,0.89332,8739
2025-07-03T05:00:00.000Z,0.89331,0.89456,0.89249,0.89374,10256
2025-07-03T09:00:00.000Z,0.89373,0.89406,0.89011,0.89132,13020
2025-07-03T13:00:00.000Z,0.89132,0.89325,0.89024,0.89111,18726
2025-07-03T17:00:00.000Z,0.89107,0.89251,0.89083,0.89242,4384
2025-07-03T21:00:00.000Z,0.89224,0.89292,0.89142,0.89246,6252
2025-07-04T01:00:00.000Z,0.89246,0.89304,0.89107,0.89194,9198
2025-07-04T05:00:00.000Z,0.89194,0.89266,0.88989,0.8913,10919
2025-07-04T09:00:00.000Z,0.8913,0.89175,0.89043,0.89115,10489
2025-07-04T13:00:00.000Z,0.89115,0.89151,0.89065,0.89126,8805
2025-07-04T17:00:00.000Z,0.89128,0.89169,0.89021,0.89041,22302
2025-07-06T21:00:00.000Z,0.89127,0.89164,0.88935,0.88989,6957
2025-07-07T01:00:00.000Z,0.88988,0.89005,0.8866,0.88676,12034
2025-07-07T05:00:00.000Z,0.88675,0.88918,0.88657,0.88807,13102
2025-07-07T09:00:00.000Z,0.88809,0.88838,0.88708,0.88732,11302
2025-07-07T13:00:00.000Z,0.88732,0.8891,0.88668,0.88732,14620
2025-07-07T17:00:00.000Z,0.88733,0.88848,0.88723,0.88773,10341
2025-07-07T21:00:00.000Z,0.8874,0.88994,0.8872,0.88924,6062
2025-07-08T01:00:00.000Z,0.88925,0.89434,0.88871,0.89286,11330
2025-07-08T05:00:00.000Z,0.89284,0.89358,0.89144,0.89258,14337
2025-07-08T09:00:00.000Z,0.89258,0.89357,0.89215,0.89339,10908
2025-07-08T13:00:00.000Z,0.89339,0.89352,0.89066,0.89262,18542
2025-07-08T17:00:00.000Z,0.89261,0.89388,0.89199,0.89205,10344
2025-07-08T21:00:00.000Z,0.89135,0.89289,0.89086,0.89236,4797
2025-07-09T01:00:00.000Z,0.89236,0.89447,0.89093,0.89398,11937
2025-07-09T05:00:00.000Z,0.89396,0.89478,0.89241,0.89355,13604
2025-07-09T09:00:00.000Z,0.89357,0.89464,0.8929,0.89427,10997
2025-07-09T13:00:00.000Z,0.8943,0.89575,0.89386,0.89464,13428
2025-07-09T17:00:00.000Z,0.89464,0.89562,0.89445,0.89448,6418
2025-07-09T21:00:00.000Z,0.8933,0.89534,0.89295,0.89488,5263
2025-07-10T01:00:00.000Z,0.89483,0.89602,0.89441,0.89526,7168
2025-07-10T05:00:00.000Z,0.89526,0.89666,0.89515,0.89662,8838
2025-07-10T09:00:00.000Z,0.89662,0.89772,0.89607,0.89679,8778
2025-07-10T13:00:00.000Z,0.89679,0.89937,0.89613,0.89928,14212
2025-07-10T17:00:00.000Z,0.8993,0.90051,0.89901,0.89965,6364
2025-07-10T21:00:00.000Z,0.89741,0.90124,0.89741,0.89907,8349
2025-07-11T01:00:00.000Z,0.89907,0.90219,0.89885,0.90062,12347
2025-07-11T05:00:00.000Z,0.90061,0.90216,0.90024,0.90038,12598
2025-07-11T09:00:00.000Z,0.90038,0.90215,0.89789,0.89989,12165
2025-07-11T13:00:00.000Z,0.89987,0.90146,0.89938,0.89998,15722
2025-07-11T17:00:00.000Z,0.89998,0.90033,0.89933,0.90024,7148
2025-07-13T21:00:00.000Z,0.89887,0.90115,0.89813,0.90044,7353
2025-07-14T01:00:00.000Z,0.90045,0.90067,0.89809,0.89877,10411
2025-07-14T05:00:00.000Z,0.89879,0.89945,0.89759,0.89833,10396
2025-07-14T09:00:00.000Z,0.89832,0.89875,0.89729,0.89768,8694
2025-07-14T13:00:00.000Z,0.89768,0.89852,0.89624,0.89646,13362
2025-07-14T17:00:00.000Z,0.89646,0.89742,0.8964,0.89688,5888
2025-07-14T21:00:00.000Z,0.89622,0.89763,0.89598,0.89712,4866
2025-07-15T01:00:00.000Z,0.89712,0.89756,0.89589,0.89639,9875
2025-07-15T05:00:00.000Z,0.89639,0.89935,0.89619,0.89848,9449
2025-07-15T09:00:00.000Z,0.89848,0.89945,0.89757,0.89853,11025
2025-07-15T13:00:00.000Z,0.89853,0.89875,0.89316,0.89327,18981
2025-07-15T17:00:00.000Z,0.89327,0.89422,0.89327,0.89363,7238
2025-07-15T21:00:00.000Z,0.8935,0.89568,0.89262,0.89489,6156
2025-07-16T01:00:00.000Z,0.8949,0.8955,0.89421,0.89501,8039
2025-07-16T05:00:00.000Z,0.89503,0.89521,0.89425,0.89466,10649
2025-07-16T09:00:00.000Z,0.89467,0.89552,0.89395,0.89452,10654
2025-07-16T13:00:00.000Z,0.89452,0.89664,0.89287,0.8932,25012
2025-07-16T17:00:00.000Z,0.8932,0.89471,0.89287,0.89317,8575
2025-07-16T21:00:00.000Z,0.89277,0.89355,0.89179,0.89227,5029
2025-07-17T01:00:00.000Z,0.89232,0.89317,0.88789,0.88996,11571
2025-07-17T05:00:00.000Z,0.88996,0.89047,0.88763,0.88937,13098
2025-07-17T09:00:00.000Z,0.88937,0.89028,0.88799,0.88989,11391
2025-07-17T13:00:00.000Z,0.88991,0.89189,0.88925,0.8913,13191
2025-07-17T17:00:00.000Z,0.8913,0.89225,0.89124,0.89204,6483
2025-07-17T21:00:00.000Z,0.891,0.89371,0.89057,0.89355,4757
2025-07-18T01:00:00.000Z,0.89356,0.89436,0.89282,0.8929,8192
2025-07-18T05:00:00.000Z,0.89288,0.89497,0.89269,0.89466,9287
2025-07-18T09:00:00.000Z,0.89462,0.89554,0.89437,0.89504,9360
2025-07-18T13:00:00.000Z,0.89505,0.89622,0.89374,0.89377,13123
2025-07-18T17:00:00.000Z,0.89378,0.89412,0.89279,0.89302,6324
2025-07-20T21:00:00.000Z,0.89231,0.89389,0.89231,0.89312,7202
2025-07-21T01:00:00.000Z,0.89307,0.89377,0.89235,0.89313,7957
2025-07-21T05:00:00.000Z,0.89313,0.89423,0.89294,0.89411,10743
2025-07-21T09:00:00.000Z,0.89411,0.89425,0.89318,0.89347,9648
2025-07-21T13:00:00.000Z,0.89347,0.89441,0.89294,0.89383,11929
2025-07-21T17:00:00.000Z,0.89383,0.8939,0.89229,0.89245,5508
2025-07-21T21:00:00.000Z,0.89201,0.89301,0.89119,0.89205,4128
2025-07-22T01:00:00.000Z,0.89203,0.8929,0.89158,0.89203,7775
2025-07-22T05:00:00.000Z,0.89203,0.89224,0.89038,0.89071,9907
2025-07-22T09:00:00.000Z,0.89071,0.89277,0.89047,0.89269,10724
2025-07-22T13:00:00.000Z,0.89269,0.89364,0.89162,0.892,16590
2025-07-22T17:00:00.000Z,0.89203,0.89219,0.89113,0.89144,6803
2025-07-22T21:00:00.000Z,0.89017,0.89183,0.89017,0.89136,5844
2025-07-23T01:00:00.000Z,0.89136,0.89315,0.89131,0.89303,10747
2025-07-23T05:00:00.000Z,0.89303,0.89453,0.89273,0.89416,12578
2025-07-23T09:00:00.000Z,0.89415,0.89629,0.89385,0.89612,10229
2025-07-23T13:00:00.000Z,0.89612,0.89771,0.89568,0.89631,15264
2025-07-23T17:00:00.000Z,0.8963,0.89788,0.89629,0.89778,7355
2025-07-23T21:00:00.000Z,0.89681,0.89813,0.8966,0.89794,5130
2025-07-24T01:00:00.000Z,0.89794,0.90024,0.89794,0.90022,10770
2025-07-24T05:00:00.000Z,0.90022,0.90076,0.899,0.90053,12151
2025-07-24T09:00:00.000Z,0.90051,0.90088,0.89932,0.89937,10917
2025-07-24T13:00:00.000Z,0.89937,0.90085,0.89915,0.89937,15435
2025-07-24T17:00:00.000Z,0.89938,0.90027,0.89906,0.89916,6232
2025-07-24T21:00:00.000Z,0.89864,0.89988,0.89804,0.89951,6481
2025-07-25T01:00:00.000Z,0.89951,0.89965,0.89723,0.89749,10663
2025-07-25T05:00:00.000Z,0.89749,0.89885,0.89742,0.89822,13151
2025-07-25T09:00:00.000Z,0.89821,0.89822,0.89685,0.8976,11123
2025-07-25T13:00:00.000Z,0.8976,0.89988,0.89699,0.89974,17106
2025-07-25T17:00:00.000Z,0.89972,0.90003,0.89911,0.89924,5720
2025-07-27T21:00:00.000Z,0.90047,0.90114,0.89971,0.90112,6963
2025-07-28T01:00:00.000Z,0.90114,0.9015,0.89877,0.89927,9866
2025-07-28T05:00:00.000Z,0.89927,0.89937,0.89511,0.89544,14599
2025-07-28T09:00:00.000Z,0.89543,0.89661,0.89519,0.89623,14520
2025-07-28T13:00:00.000Z,0.89623,0.89634,0.89385,0.89394,15333
2025-07-28T17:00:00.000Z,0.89394,0.89574,0.89393,0.8956,6206
2025-07-28T21:00:00.000Z,0.89496,0.89627,0.8946,0.89497,4395
2025-07-29T01:00:00.000Z,0.89499,0.89655,0.89494,0.8957,8906
2025-07-29T05:00:00.000Z,0.8957,0.89659,0.89372,0.89528,13855
2025-07-29T09:00:00.000Z,0.89529,0.89606,0.89442,0.89529,12078
2025-07-29T13:00:00.000Z,0.89529,0.89716,0.89416,0.89683,16235
2025-07-29T17:00:00.000Z,0.89683,0.89755,0.8964,0.89652,7939
2025-07-29T21:00:00.000Z,0.89619,0.89808,0.8957,0.89801,4682
2025-07-30T01:00:00.000Z,0.89799,0.89827,0.89541,0.89647,11383
2025-07-30T05:00:00.000Z,0.89647,0.89706,0.89487,0.89537,12106
2025-07-30T09:00:00.000Z,0.89537,0.89576,0.89252,0.89265,12740
2025-07-30T13:00:00.000Z,0.89265,0.89276,0.89058,0.89146,15674
2025-07-30T17:00:00.000Z,0.89146,0.89285,0.88804,0.88993,18502
2025-07-30T21:00:00.000Z,0.88929,0.89143,0.88901,0.89086,6728
2025-07-31T01:00:00.000Z,0.89085,0.89344,0.88987,0.89341,13395
2025-07-31T05:00:00.000Z,0.8934,0.89442,0.89301,0.89351,14326
2025-07-31T09:00:00.000Z,0.89351,0.89358,0.8905,0.89062,13185
2025-07-31T13:00:00.000Z,0.89062,0.89125,0.88945,0.89051,17287
2025-07-31T17:00:00.000Z,0.89052,0.89094,0.88958,0.88985,10727
2025-07-31T21:00:00.000Z,0.88974,0.89134,0.88915,0.89049,8577
2025-08-01T01:00:00.000Z,0.89049,0.89194,0.89022,0.89154,13152
2025-08-01T05:00:00.000Z,0.89155,0.89214,0.89109,0.89115,12055
2025-08-01T09:00:00.000Z,0.89115,0.89539,0.89009,0.89408,14877
2025-08-01T13:00:00.000Z,0.89411,0.89456,0.89002,0.89029,26815
2025-08-01T17:00:00.000Z,0.89028,0.8922,0.88879,0.8916,15340
2025-08-03T21:00:00.000Z,0.88947,0.8929,0.88947,0.8927,9800
2025-08-04T01:00:00.000Z,0.89269,0.89342,0.89192,0.89277,12250
2025-08-04T05:00:00.000Z,0.89277,0.89306,0.89176,0.89282,13549
2025-08-04T09:00:00.000Z,0.89282,0.89349,0.89197,0.89257,12507
2025-08-04T13:00:00.000Z,0.89257,0.89296,0.89029,0.8904,16311
2025-08-04T17:00:00.000Z,0.8904,0.89118,0.89003,0.89118,8836
2025-08-04T21:00:00.000Z,0.89089,0.89169,0.89003,0.89104,6578
2025-08-05T01:00:00.000Z,0.89102,0.89131,0.88991,0.8911,9661
2025-08-05T05:00:00.000Z,0.8911,0.89156,0.88991,0.89084,12314
2025-08-05T09:00:00.000Z,0.89085,0.89216,0.89077,0.89199,11714
2025-08-05T13:00:00.000Z,0.89201,0.89281,0.89006,0.89206,18179
2025-08-05T17:00:00.000Z,0.89206,0.89225,0.8908,0.89121,9186
2025-08-05T21:00:00.000Z,0.89057,0.8924,0.88972,0.89204,5799
2025-08-06T01:00:00.000Z,0.89204,0.89418,0.89164,0.89409,8491
2025-08-06T05:00:00.000Z,0.8941,0.89417,0.89303,0.89366,9650
2025-08-06T09:00:00.000Z,0.89367,0.89493,0.89351,0.89399,10878
2025-08-06T13:00:00.000Z,0.89398,0.89442,0.8924,0.89305,15363
2025-08-06T17:00:00.000Z,0.89305,0.89429,0.89301,0.89323,9087
2025-08-06T21:00:00.000Z,0.89269,0.89385,0.89247,0.89272,5609
2025-08-07T01:00:00.000Z,0.89272,0.89467,0.89266,0.89463,9355
2025-08-07T05:00:00.000Z,0.89464,0.89757,0.89411,0.89667,11631
2025-08-07T09:00:00.000Z,0.89669,0.89674,0.89533,0.89621,12601
2025-08-07T13:00:00.000Z,0.89621,0.89668,0.89307,0.89388,16894
2025-08-07T17:00:00.000Z,0.8939,0.89659,0.89338,0.8964,11373
2025-08-07T21:00:00.000Z,0.89526,0.89668,0.89399,0.89584,6245
2025-08-08T01:00:00.000Z,0.89584,0.89634,0.8951,0.89609,8086
2025-08-08T05:00:00.000Z,0.89609,0.89729,0.89525,0.89546,10773
2025-08-08T09:00:00.000Z,0.89546,0.89732,0.89511,0.89651,10606
2025-08-08T13:00:00.000Z,0.89651,0.89792,0.89644,0.89726,12034
2025-08-08T17:00:00.000Z,0.89726,0.89774,0.89625,0.89658,7550
2025-08-10T21:00:00.000Z,0.89637,0.89706,0.89591,0.89646,5061
2025-08-11T01:00:00.000Z,0.89645,0.89735,0.89624,0.89708,8560
2025-08-11T05:00:00.000Z,0.89708,0.89781,0.89676,0.89751,9646
2025-08-11T09:00:00.000Z,0.8975,0.89793,0.8965,0.8971,10266
2025-08-11T13:00:00.000Z,0.89711,0.89805,0.89649,0.89754,13102
2025-08-11T17:00:00.000Z,0.89754,0.89769,0.89697,0.8973,7171
2025-08-11T21:00:00.000Z,0.89683,0.89841,0.89633,0.89802,5748
2025-08-12T01:00:00.000Z,0.89802,0.89869,0.8959,0.89732,10900
2025-08-12T05:00:00.000Z,0.89733,0.89757,0.89478,0.89523,15417
2025-08-12T09:00:00.000Z,0.89523,0.89699,0.89421,0.89635,16909
2025-08-12T13:00:00.000Z,0.89635,0.89958,0.89508,0.89876,27607
2025-08-12T17:00:00.000Z,0.89873,0.89979,0.89843,0.89915,8846
2025-08-12T21:00:00.000Z,0.89874,0.89937,0.89791,0.89902,6182
2025-08-13T01:00:00.000Z,0.89901,0.90004,0.89792,0.89969,9829
2025-08-13T05:00:00.000Z,0.89968,0.90196,0.89926,0.9015,12030
2025-08-13T09:00:00.000Z,0.9015,0.90247,0.90063,0.90119,10894
2025-08-13T13:00:00.000Z,0.90119,0.90217,0.9007,0.90097,14762
2025-08-13T17:00:00.000Z,0.90097,0.90114,0.90035,0.90067,7423
2025-08-13T21:00:00.000Z,0.90021,0.9013,0.89943,0.90101,5963
2025-08-14T01:00:00.000Z,0.901,0.90277,0.90062,0.9011,11678
2025-08-14T05:00:00.000Z,0.9011,0.90149,0.89912,0.89916,14451
2025-08-14T09:00:00.000Z,0.89917,0.89976,0.89723,0.89738,15265
2025-08-14T13:00:00.000Z,0.89737,0.89748,0.89534,0.89614,22268
2025-08-14T17:00:00.000Z,0.89614,0.89758,0.89612,0.89747,9194
2025-08-14T21:00:00.000Z,0.89645,0.89794,0.89533,0.8974,6429
2025-08-15T01:00:00.000Z,0.8974,0.89791,0.89607,0.89717,10069
2025-08-15T05:00:00.000Z,0.89716,0.89847,0.89702,0.89804,10509
2025-08-15T09:00:00.000Z,0.89803,0.8988,0.89731,0.89868,12037
2025-08-15T13:00:00.000Z,0.89868,0.90033,0.89861,0.89915,17933
2025-08-15T17:00:00.000Z,0.89914,0.89919,0.89832,0.89913,7694
2025-08-17T21:00:00.000Z,0.89883,0.89982,0.89831,0.89923,5722
2025-08-18T01:00:00.000Z,0.89923,0.90012,0.89912,0.89984,8888
2025-08-18T05:00:00.000Z,0.89983,0.90034,0.89811,0.89865,11851
2025-08-18T09:00:00.000Z,0.89863,0.89895,0.89706,0.89738,10854
2025-08-18T13:00:00.000Z,0.89739,0.89802,0.89614,0.89621,14019
2025-08-18T17:00:00.000Z,0.89621,0.89671,0.8958,0.89585,7074
2025-08-18T21:00:00.000Z,0.89601,0.89674,0.89557,0.8967,6441
2025-08-19T01:00:00.000Z,0.89671,0.89692,0.89569,0.896,12178
2025-08-19T05:00:00.000Z,0.89601,0.8965,0.89467,0.89598,12738
2025-08-19T09:00:00.000Z,0.89597,0.89745,0.89597,0.89695,11397
2025-08-19T13:00:00.000Z,0.89693,0.89706,0.89478,0.89499,15711
2025-08-19T17:00:00.000Z,0.89499,0.89499,0.8941,0.89493,7953
2025-08-19T21:00:00.000Z,0.89485,0.89577,0.89393,0.89463,9961
2025-08-20T01:00:00.000Z,0.89463,0.89498,0.89231,0.89363,14052
2025-08-20T05:00:00.000Z,0.89367,0.89452,0.89183,0.89293,13638
2025-08-20T09:00:00.000Z,0.89293,0.89338,0.892,0.89287,11260
2025-08-20T13:00:00.000Z,0.89288,0.89315,0.8908,0.89235,17212
2025-08-20T17:00:00.000Z,0.89237,0.89285,0.89166,0.8927,9550
2025-08-20T21:00:00.000Z,0.89155,0.89291,0.89125,0.8919,6339
2025-08-21T01:00:00.000Z,0.89191,0.89254,0.89081,0.8909,10621
2025-08-21T05:00:00.000Z,0.8909,0.89165,0.89031,0.89141,12725
2025-08-21T09:00:00.000Z,0.89142,0.89269,0.89128,0.89192,12383
2025-08-21T13:00:00.000Z,0.89192,0.89339,0.89164,0.8923,19706
2025-08-21T17:00:00.000Z,0.89231,0.89309,0.89229,0.89287,8234
2025-08-21T21:00:00.000Z,0.89261,0.89365,0.89221,0.89345,6514
2025-08-22T01:00:00.000Z,0.89343,0.89422,0.89292,0.8931,9824
2025-08-22T05:00:00.000Z,0.8931,0.89458,0.89267,0.89427,10180
2025-08-22T09:00:00.000Z,0.89427,0.89446,0.89276,0.8936,9663
2025-08-22T13:00:00.000Z,0.89359,0.89911,0.89354,0.89739,29430
2025-08-22T17:00:00.000Z,0.89739,0.89775,0.89657,0.89728,10299
2025-08-24T21:00:00.000Z,0.89593,0.89778,0.89591,0.89697,7180
2025-08-25T01:00:00.000Z,0.89697,0.89803,0.89584,0.89769,9223
2025-08-25T05:00:00.000Z,0.89769,0.89911,0.89737,0.8981,11116
2025-08-25T09:00:00.000Z,0.8981,0.89836,0.89706,0.8973,9230
2025-08-25T13:00:00.000Z,0.8973,0.89929,0.89709,0.89862,14173
2025-08-25T17:00:00.000Z,0.89862,0.89864,0.89773,0.89837,8936
2025-08-25T21:00:00.000Z,0.89751,0.89926,0.8973,0.8985,10255
2025-08-26T01:00:00.000Z,0.89851,0.89889,0.89667,0.89762,12486
2025-08-26T05:00:00.000Z,0.89762,0.89821,0.89684,0.89744,14908
2025-08-26T09:00:00.000Z,0.89744,0.8988,0.89736,0.89799,11951
2025-08-26T13:00:00.000Z,0.89797,0.89878,0.89746,0.8983,16100
2025-08-26T17:00:00.000Z,0.8983,0.89879,0.8981,0.8986,7963
2025-08-26T21:00:00.000Z,0.89772,0.8988,0.89685,0.89809,5289
2025-08-27T01:00:00.000Z,0.89809,0.89939,0.89747,0.89759,10422
2025-08-27T05:00:00.000Z,0.89759,0.89816,0.8957,0.89601,12022
2025-08-27T09:00:00.000Z,0.89601,0.89668,0.89516,0.89629,12223
2025-08-27T13:00:00.000Z,0.89629,0.89839,0.89597,0.89801,17604
2025-08-27T17:00:00.000Z,0.89801,0.89835,0.89662,0.89715,10208
2025-08-27T21:00:00.000Z,0.89635,0.89755,0.89608,0.89733,5631
2025-08-28T01:00:00.000Z,0.89733,0.89791,0.89689,0.89711,9452
2025-08-28T05:00:00.000Z,0.8971,0.89798,0.89664,0.89789,11953
2025-08-28T09:00:00.000Z,0.89789,0.89874,0.89757,0.89814,13600
2025-08-28T13:00:00.000Z,0.89814,0.89879,0.89756,0.89812,17811
2025-08-28T17:00:00.000Z,0.89812,0.89839,0.89759,0.89766,6733
2025-08-28T21:00:00.000Z,0.897,0.89851,0.89667,0.89837,5862
2025-08-29T01:00:00.000Z,0.89837,0.89943,0.89788,0.89932,9760
2025-08-29T05:00:00.000Z,0.89932,0.89937,0.89772,0.89805,10531
2025-08-29T09:00:00.000Z,0.89805,0.89907,0.89713,0.89903,12655
2025-08-29T13:00:00.000Z,0.89903,0.89959,0.89805,0.89885,18759
2025-08-29T17:00:00.000Z,0.89885,0.89923,0.89779,0.8981,7935
2025-08-31T21:00:00.000Z,0.89779,0.89939,0.89765,0.89927,4749
2025-09-01T01:00:00.000Z,0.89927,0.89942,0.8981,0.89882,10355
2025-09-01T05:00:00.000Z,0.89882,0.90089,0.89858,0.90082,11937
2025-09-01T09:00:00.000Z,0.90082,0.90111,0.90014,0.90098,10094
2025-09-01T13:00:00.000Z,0.90099,0.90187,0.90046,0.90137,10872
2025-09-01T17:00:00.000Z,0.90137,0.90139,0.90099,0.90104,4692
2025-09-01T21:00:00.000Z,0.90008,0.90156,0.89918,0.90078,5870
2025-09-02T01:00:00.000Z,0.90078,0.90078,0.89913,0.89927,10601
2025-09-02T05:00:00.000Z,0.89927,0.89952,0.8955,0.89683,18181
2025-09-02T09:00:00.000Z,0.89683,0.89781,0.89549,0.89568,19338
2025-09-02T13:00:00.000Z,0.89568,0.89982,0.89525,0.89803,22444
2025-09-02T17:00:00.000Z,0.89803,0.89885,0.89794,0.89867,10551
2025-09-02T21:00:00.000Z,0.89728,0.89867,0.89688,0.89835,5786
2025-09-03T01:00:00.000Z,0.89835,0.89957,0.89802,0.89931,10897
2025-09-03T05:00:00.000Z,0.89931,0.90059,0.89759,0.90044,14936
2025-09-03T09:00:00.000Z,0.90044,0.90246,0.90007,0.90244,13522
2025-09-03T13:00:00.000Z,0.90245,0.9032,0.90175,0.90309,19892
2025-09-03T17:00:00.000Z,0.90309,0.90365,0.90229,0.90229,10027
2025-09-03T21:00:00.000Z,0.90161,0.90339,0.9008,0.90318,5667
2025-09-04T01:00:00.000Z,0.90318,0.9032,0.90121,0.90125,10781
2025-09-04T05:00:00.000Z,0.90125,0.90148,0.90058,0.90128,12700
2025-09-04T09:00:00.000Z,0.90128,0.90129,0.89961,0.90071,13413
2025-09-04T13:00:00.000Z,0.90071,0.90106,0.89932,0.90035,18161
2025-09-04T17:00:00.000Z,0.90035,0.90099,0.90016,0.90039,8480
2025-09-04T21:00:00.000Z,0.89938,0.90131,0.89821,0.90123,5447
2025-09-05T01:00:00.000Z,0.90123,0.90171,0.90109,0.90139,7561
2025-09-05T05:00:00.000Z,0.90139,0.90281,0.90133,0.90251,10391
2025-09-05T09:00:00.000Z,0.90251,0.9075,0.90077,0.90712,14937
2025-09-05T13:00:00.000Z,0.90711,0.90953,0.90632,0.90794,25734
2025-09-05T17:00:00.000Z,0.90794,0.90836,0.90613,0.90614,11716
2025-09-07T21:00:00.000Z,0.90571,0.90731,0.90564,0.90713,6183
2025-09-08T01:00:00.000Z,0.90719,0.9083,0.90675,0.90777,10035
2025-09-08T05:00:00.000Z,0.90778,0.90999,0.9075,0.90967,11703
2025-09-08T09:00:00.000Z,0.90968,0.91009,0.909,0.90966,9536
2025-09-08T13:00:00.000Z,0.90967,0.9108,0.9094,0.91037,12387
2025-09-08T17:00:00.000Z,0.91037,0.91073,0.90977,0.90977,7586
2025-09-08T21:00:00.000Z,0.90898,0.9108,0.90864,0.91044,5238
2025-09-09T01:00:00.000Z,0.91043,0.91194,0.91007,0.91192,7442
2025-09-09T05:00:00.000Z,0.91189,0.91275,0.91111,0.9123,11713
2025-09-09T09:00:00.000Z,0.91231,0.91346,0.9118,0.91193,8994
2025-09-09T13:00:00.000Z,0.91192,0.91289,0.91063,0.91154,15709
2025-09-09T17:00:00.000Z,0.91154,0.91232,0.91132,0.91132,7162
2025-09-09T21:00:00.000Z,0.91109,0.91278,0.91065,0.91275,4820
2025-09-10T01:00:00.000Z,0.91277,0.91525,0.91202,0.91518,8651
2025-09-10T05:00:00.000Z,0.91521,0.91553,0.91385,0.91422,10830
2025-09-10T09:00:00.000Z,0.91423,0.91693,0.9142,0.91589,10850
2025-09-10T13:00:00.000Z,0.91591,0.91818,0.91539,0.91719,14592
2025-09-10T17:00:00.000Z,0.91718,0.91812,0.91661,0.91663,7284
2025-09-10T21:00:00.000Z,0.91645,0.91743,0.91589,0.91669,3826
2025-09-11T01:00:00.000Z,0.9167,0.9177,0.91634,0.91674,6356
2025-09-11T05:00:00.000Z,0.91675,0.91777,0.91602,0.9172,10829
2025-09-11T09:00:00.000Z,0.91718,0.91817,0.91458,0.91758,13489
2025-09-11T13:00:00.000Z,0.91759,0.92142,0.91758,0.92104,16546
2025-09-11T17:00:00.000Z,0.92106,0.92205,0.92075,0.92126,7982
2025-09-11T21:00:00.000Z,0.92041,0.92265,0.92029,0.92259,4128
2025-09-12T01:00:00.000Z,0.92262,0.92266,0.92135,0.92152,6484
2025-09-12T05:00:00.000Z,0.92154,0.92216,0.91994,0.92017,9374
2025-09-12T09:00:00.000Z,0.92019,0.92069,0.91863,0.91897,10016
2025-09-12T13:00:00.000Z,0.91889,0.92024,0.91882,0.91995,13282
2025-09-12T17:00:00.000Z,0.91994,0.92087,0.9199,0.92017,7135
2025-09-14T21:00:00.000Z,0.91841,0.92061,0.91777,0.92059,3776
2025-09-15T01:00:00.000Z,0.9206,0.92214,0.92042,0.92188,5495
2025-09-15T05:00:00.000Z,0.92192,0.92223,0.92053,0.92125,8824
2025-09-15T09:00:00.000Z,0.92126,0.92163,0.92002,0.92152,9279
2025-09-15T13:00:00.000Z,0.92151,0.92165,0.91932,0.91975,11947
2025-09-15T17:00:00.000Z,0.91975,0.92,0.91847,0.91879,8370
2025-09-15T21:00:00.000Z,0.91826,0.91934,0.91752,0.91836,3741
2025-09-16T01:00:00.000Z,0.91837,0.91882,0.91721,0.91735,6015
2025-09-16T05:00:00.000Z,0.91737,0.91841,0.9171,0.91773,9274
2025-09-16T09:00:00.000Z,0.91772,0.91846,0.91591,0.91727,11659
2025-09-16T13:00:00.000Z,0.91725,0.91839,0.9162,0.91827,15950
2025-09-16T17:00:00.000Z,0.91827,0.91891,0.91811,0.9183,7449
2025-09-16T21:00:00.000Z,0.91739,0.91901,0.91639,0.91831,3703
2025-09-17T01:00:00.000Z,0.91833,0.91854,0.91734,0.91786,5197
2025-09-17T05:00:00.000Z,0.91787,0.91816,0.91723,0.91762,7829
2025-09-17T09:00:00.000Z,0.91762,0.91895,0.91708,0.91865,7655
2025-09-17T13:00:00.000Z,0.91866,0.91954,0.91669,0.91684,10854
2025-09-17T17:00:00.000Z,0.91685,0.92062,0.91544,0.91608,24631
2025-09-17T21:00:00.000Z,0.91563,0.91671,0.91519,0.91546,5946
2025-09-18T01:00:00.000Z,0.91548,0.9161,0.91373,0.91393,8517
2025-09-18T05:00:00.000Z,0.91392,0.91542,0.91273,0.91468,12623
2025-09-18T09:00:00.000Z,0.91467,0.91675,0.91397,0.91401,12286
2025-09-18T13:00:00.000Z,0.91404,0.91431,0.91209,0.91333,17183
2025-09-18T17:00:00.000Z,0.91333,0.91343,0.91157,0.91214,7912
2025-09-18T21:00:00.000Z,0.91177,0.91276,0.91157,0.91209,4649
2025-09-19T01:00:00.000Z,0.91211,0.91246,0.91087,0.91112,8367
2025-09-19T05:00:00.000Z,0.9111,0.91259,0.91014,0.91225,12246
2025-09-19T09:00:00.000Z,0.91232,0.91278,0.91026,0.9103,9721
2025-09-19T13:00:00.000Z,0.91029,0.9115,0.90765,0.9086,14245
2025-09-19T17:00:00.000Z,0.90859,0.9094,0.90784,0.90822,6581
2025-09-21T21:00:00.000Z,0.90851,0.90908,0.90771,0.90781,4927
2025-09-22T01:00:00.000Z,0.90778,0.90997,0.90754,0.9099,6899
2025-09-22T05:00:00.000Z,0.90989,0.91043,0.90777,0.91028,9764
2025-09-22T09:00:00.000Z,0.91029,0.91096,0.91021,0.91028,8612
2025-09-22T13:00:00.000Z,0.91027,0.91166,0.90862,0.91157,11708
2025-09-22T17:00:00.000Z,0.91159,0.9125,0.91145,0.91205,5573
2025-09-22T21:00:00.000Z,0.91139,0.91263,0.9107,0.91207,2927
2025-09-23T01:00:00.000Z,0.91205,0.91212,0.91018,0.91035,6174
2025-09-23T05:00:00.000Z,0.91033,0.91306,0.91013,0.91267,9412
2025-09-23T09:00:00.000Z,0.91269,0.91403,0.91252,0.91298,8802
2025-09-23T13:00:00.000Z,0.91301,0.91378,0.91234,0.91297,13818
2025-09-23T17:00:00.000Z,0.91298,0.91347,0.91259,0.91282,9396
2025-09-23T21:00:00.000Z,0.91198,0.91335,0.91154,0.91277,4517
2025-09-24T01:00:00.000Z,0.91279,0.91667,0.91236,0.91642,8083
2025-09-24T05:00:00.000Z,0.91643,0.91765,0.91583,0.91649,9466
2025-09-24T09:00:00.000Z,0.9165,0.91741,0.91461,0.91491,9515
2025-09-24T13:00:00.000Z,0.91491,0.9161,0.91421,0.91446,14738
2025-09-24T17:00:00.000Z,0.91448,0.91519,0.9143,0.91464,8152
2025-09-24T21:00:00.000Z,0.914,0.91592,0.91337,0.91575,4346
2025-09-25T01:00:00.000Z,0.91573,0.91641,0.91471,0.91603,6018
2025-09-25T05:00:00.000Z,0.91605,0.91696,0.91516,0.91658,9527
2025-09-25T09:00:00.000Z,0.91657,0.91725,0.91167,0.91217,11580
2025-09-25T13:00:00.000Z,0.91215,0.91239,0.91056,0.91162,16620
2025-09-25T17:00:00.000Z,0.9116,0.91175,0.9101,0.91151,9380
2025-09-25T21:00:00.000Z,0.90907,0.91175,0.90907,0.91113,5608
2025-09-26T01:00:00.000Z,0.91113,0.91199,0.91071,0.9115,5815
2025-09-26T05:00:00.000Z,0.91151,0.91222,0.91014,0.91085,9187
2025-09-26T09:00:00.000Z,0.91086,0.91126,0.90992,0.91099,10028
2025-09-26T13:00:00.000Z,0.911,0.91307,0.91068,0.91257,15459
2025-09-26T17:00:00.000Z,0.91257,0.91314,0.91208,0.91231,7114
2025-09-28T21:00:00.000Z,0.91156,0.91337,0.91144,0.91312,3553
2025-09-29T01:00:00.000Z,0.9131,0.91493,0.91224,0.91475,5936
2025-09-29T05:00:00.000Z,0.91475,0.91513,0.91384,0.91425,9133
2025-09-29T09:00:00.000Z,0.91426,0.91547,0.91372,0.91479,8959
2025-09-29T13:00:00.000Z,0.91478,0.91582,0.91429,0.91483,12818
2025-09-29T17:00:00.000Z,0.91486,0.91587,0.91461,0.91501,5804
2025-09-29T21:00:00.000Z,0.91469,0.91577,0.91408,0.91574,3887
2025-09-30T01:00:00.000Z,0.91577,0.91939,0.91528,0.91913,7840
2025-09-30T05:00:00.000Z,0.91911,0.91968,0.91548,0.91938,12660
2025-09-30T09:00:00.000Z,0.91936,0.92071,0.91882,0.92031,9766
2025-09-30T13:00:00.000Z,0.92033,0.92218,0.91985,0.92145,14972
2025-09-30T17:00:00.000Z,0.92145,0.92159,0.92027,0.92053,7504
2025-09-30T21:00:00.000Z,0.91914,0.92112,0.91912,0.91973,5335
2025-10-01T01:00:00.000Z,0.91971,0.91977,0.91781,0.91874,5666
2025-10-01T05:00:00.000Z,0.91881,0.92115,0.91802,0.92055,11498
2025-10-01T09:00:00.000Z,0.92053,0.92248,0.9203,0.92198,12435
2025-10-01T13:00:00.000Z,0.92198,0.9223,0.92055,0.92169,16342
2025-10-01T17:00:00.000Z,0.92169,0.92265,0.92139,0.92142,7248
2025-10-01T21:00:00.000Z,0.92068,0.92204,0.92051,0.92105,3438
2025-10-02T01:00:00.000Z,0.92112,0.92269,0.92062,0.92261,5327
2025-10-02T05:00:00.000Z,0.92262,0.92303,0.92147,0.92254,8536
2025-10-02T09:00:00.000Z,0.92254,0.92259,0.92048,0.92056,8728
2025-10-02T13:00:00.000Z,0.92061,0.92091,0.91943,0.92073,14085
2025-10-02T17:00:00.000Z,0.92072,0.92125,0.92036,0.92104,6280
2025-10-02T21:00:00.000Z,0.91998,0.92189,0.91998,0.92164,3135
2025-10-03T01:00:00.000Z,0.92162,0.92191,0.92048,0.92051,5054
2025-10-03T05:00:00.000Z,0.92053,0.92247,0.92014,0.92225,7756
2025-10-03T09:00:00.000Z,0.92226,0.92262,0.92131,0.92152,7922
2025-10-03T13:00:00.000Z,0.92151,0.92234,0.92085,0.92165,13354
2025-10-03T17:00:00.000Z,0.92166,0.92182,0.92056,0.92072,7837
2025-10-05T21:00:00.000Z,0.91786,0.92107,0.91778,0.92083,7283
2025-10-06T01:00:00.000Z,0.92085,0.92226,0.92028,0.9212,5782
2025-10-06T05:00:00.000Z,0.92121,0.92272,0.91998,0.92058,11264
2025-10-06T09:00:00.000Z,0.92051,0.92278,0.91968,0.92276,10048
2025-10-06T13:00:00.000Z,0.92273,0.92419,0.92257,0.92295,10762
2025-10-06T17:00:00.000Z,0.92294,0.92333,0.92241,0.92251,4983
2025-10-06T21:00:00.000Z,0.92187,0.9232,0.92138,0.92181,3790
2025-10-07T01:00:00.000Z,0.92182,0.92379,0.92134,0.92208,4467
2025-10-07T05:00:00.000Z,0.92208,0.9222,0.91901,0.91974,8735
2025-10-07T09:00:00.000Z,0.91974,0.92035,0.91869,0.91906,8496
2025-10-07T13:00:00.000Z,0.91906,0.92025,0.91841,0.91874,13763
2025-10-07T17:00:00.000Z,0.91874,0.91957,0.91782,0.91794,7075
2025-10-07T21:00:00.000Z,0.91767,0.91873,0.91727,0.91767,4006
2025-10-08T01:00:00.000Z,0.91761,0.91831,0.91584,0.91649,7782
2025-10-08T05:00:00.000Z,0.91647,0.91711,0.91521,0.9154,9619
2025-10-08T09:00:00.000Z,0.91537,0.91737,0.91521,0.917,9521
2025-10-08T13:00:00.000Z,0.91699,0.91908,0.91695,0.91833,11939
2025-10-08T17:00:00.000Z,0.91835,0.91943,0.9179,0.91887,7405
2025-10-08T21:00:00.000Z,0.91798,0.91975,0.91745,0.91958,3764
2025-10-09T01:00:00.000Z,0.91955,0.92083,0.91871,0.92043,5867
2025-10-09T05:00:00.000Z,0.92043,0.92083,0.91692,0.9181,10697
2025-10-09T09:00:00.000Z,0.91812,0.92144,0.91805,0.921,10320
2025-10-09T13:00:00.000Z,0.92101,0.92158,0.91746,0.91806,18398
2025-10-09T17:00:00.000Z,0.91804,0.91892,0.91751,0.91887,9845
2025-10-09T21:00:00.000Z,0.91863,0.92046,0.91791,0.92034,4307
2025-10-10T01:00:00.000Z,0.92035,0.92115,0.92006,0.92029,5443
2025-10-10T05:00:00.000Z,0.92028,0.92066,0.91817,0.9191,10339
2025-10-10T09:00:00.000Z,0.91911,0.91919,0.91636,0.9166,10454
2025-10-10T13:00:00.000Z,0.91661,0.91698,0.90771,0.9083,22146
2025-10-10T17:00:00.000Z,0.90831,0.90919,0.9062,0.90676,13690
2025-10-12T21:00:00.000Z,0.90966,0.91157,0.90834,0.91151,9216
2025-10-13T01:00:00.000Z,0.91162,0.91339,0.91142,0.91263,7787
2025-10-13T05:00:00.000Z,0.91257,0.91366,0.91178,0.91294,11603
2025-10-13T09:00:00.000Z,0.91295,0.91342,0.91122,0.91198,10177
2025-10-13T13:00:00.000Z,0.91199,0.91536,0.91195,0.91524,13999
2025-10-13T17:00:00.000Z,0.91525,0.91538,0.91408,0.91417,7357
2025-10-13T21:00:00.000Z,0.91352,0.91522,0.91318,0.91496,6119
2025-10-14T01:00:00.000Z,0.91498,0.91507,0.90943,0.90998,11141
2025-10-14T05:00:00.000Z,0.90993,0.90999,0.90689,0.90782,16841
2025-10-14T09:00:00.000Z,0.90783,0.90846,0.90625,0.90709,13580
2025-10-14T13:00:00.000Z,0.9071,0.91195,0.9062,0.91155,19401
2025-10-14T17:00:00.000Z,0.91152,0.91195,0.90965,0.91077,10025
2025-10-14T21:00:00.000Z,0.91004,0.91227,0.9097,0.91224,5744
2025-10-15T01:00:00.000Z,0.91226,0.91486,0.91176,0.91429,9057
2025-10-15T05:00:00.000Z,0.9143,0.91558,0.9139,0.91521,11413
2025-10-15T09:00:00.000Z,0.91519,0.91566,0.91431,0.91444,11970
2025-10-15T13:00:00.000Z,0.91443,0.91501,0.91345,0.914,17296
2025-10-15T17:00:00.000Z,0.91401,0.9146,0.91214,0.91434,9740
2025-10-15T21:00:00.000Z,0.9126,0.91473,0.90953,0.91081,6449
2025-10-16T01:00:00.000Z,0.91086,0.91263,0.90929,0.91075,9676
2025-10-16T05:00:00.000Z,0.91073,0.9138,0.91041,0.91321,12857
2025-10-16T09:00:00.000Z,0.91322,0.91407,0.91271,0.91325,12589
2025-10-16T13:00:00.000Z,0.91326,0.9134,0.9097,0.91139,19814
2025-10-16T17:00:00.000Z,0.91146,0.91184,0.90933,0.91136,13190
2025-10-16T21:00:00.000Z,0.91063,0.91175,0.90954,0.91026,5694
2025-10-17T01:00:00.000Z,0.91024,0.91117,0.9076,0.90894,9816
2025-10-17T05:00:00.000Z,0.90891,0.90959,0.90595,0.90752,16317
2025-10-17T09:00:00.000Z,0.90752,0.91203,0.9072,0.90896,17082
2025-10-17T13:00:00.000Z,0.90889,0.9115,0.90857,0.91033,19837
2025-10-17T17:00:00.000Z,0.91036,0.91122,0.90982,0.9104,9780
2025-10-19T21:00:00.000Z,0.90918,0.91163,0.90878,0.91156,6206
2025-10-20T01:00:00.000Z,0.91158,0.91253,0.91058,0.911,7584
2025-10-20T05:00:00.000Z,0.91101,0.91193,0.91065,0.9116,11487
2025-10-20T09:00:00.000Z,0.91159,0.912,0.91026,0.91179,12182
2025-10-20T13:00:00.000Z,0.91181,0.91479,0.91167,0.91378,13766
2025-10-20T17:00:00.000Z,0.91376,0.91451,0.91367,0.91412,5901
2025-10-20T21:00:00.000Z,0.91362,0.9154,0.91338,0.91532,4121
2025-10-21T01:00:00.000Z,0.91531,0.91531,0.91324,0.9136,8058
2025-10-21T05:00:00.000Z,0.91362,0.91368,0.91082,0.91184,13479
2025-10-21T09:00:00.000Z,0.91183,0.91241,0.90939,0.91104,14632
2025-10-21T13:00:00.000Z,0.91103,0.91111,0.90853,0.90982,18391
2025-10-21T17:00:00.000Z,0.90981,0.90991,0.90926,0.90968,7486
2025-10-21T21:00:00.000Z,0.90929,0.91023,0.9088,0.9088,5864
2025-10-22T01:00:00.000Z,0.90877,0.91032,0.90843,0.90998,7892
2025-10-22T05:00:00.000Z,0.90996,0.91132,0.90952,0.90968,12591
2025-10-22T09:00:00.000Z,0.90965,0.91018,0.90926,0.90981,13592
2025-10-22T13:00:00.000Z,0.90982,0.9101,0.90658,0.90786,18061
2025-10-22T17:00:00.000Z,0.90787,0.90812,0.90647,0.9081,10227
2025-10-22T21:00:00.000Z,0.90747,0.9081,0.90684,0.90809,4913
2025-10-23T01:00:00.000Z,0.90812,0.90859,0.90696,0.90765,7341
2025-10-23T05:00:00.000Z,0.90762,0.91104,0.90752,0.91066,10269
2025-10-23T09:00:00.000Z,0.91067,0.9113,0.90938,0.91008,10042
2025-10-23T13:00:00.000Z,0.9101,0.91184,0.9098,0.91133,14249
2025-10-23T17:00:00.000Z,0.91132,0.9119,0.91049,0.91091,6312
2025-10-23T21:00:00.000Z,0.9097,0.91146,0.9097,0.91107,4169
2025-10-24T01:00:00.000Z,0.91106,0.91174,0.91015,0.91088,7426
2025-10-24T05:00:00.000Z,0.91089,0.91175,0.91006,0.91064,10515
2025-10-24T09:00:00.000Z,0.91062,0.91435,0.91036,0.91367,11852
2025-10-24T13:00:00.000Z,0.9137,0.91379,0.91141,0.9117,16480
2025-10-24T17:00:00.000Z,0.91171,0.91219,0.91104,0.91137,5580
2025-10-26T21:00:00.000Z,0.91508,0.91593,0.91321,0.91331,7731
2025-10-27T01:00:00.000Z,0.91332,0.91439,0.91303,0.91374,8170
2025-10-27T05:00:00.000Z,0.91376,0.91596,0.91315,0.91588,10561
2025-10-27T09:00:00.000Z,0.91587,0.91668,0.91513,0.91651,11345
2025-10-27T13:00:00.000Z,0.91649,0.91768,0.91595,0.91753,13076
2025-10-27T17:00:00.000Z,0.91751,0.91781,0.91676,0.91689,5841
2025-10-27T21:00:00.000Z,0.91637,0.9176,0.91619,0.91704,4754
2025-10-28T01:00:00.000Z,0.91702,0.91782,0.91664,0.91768,8463
2025-10-28T05:00:00.000Z,0.91766,0.91785,0.9162,0.91663,10108
2025-10-28T09:00:00.000Z,0.91662,0.91803,0.91659,0.91751,10723
2025-10-28T13:00:00.000Z,0.91751,0.91861,0.91656,0.91846,15003
2025-10-28T17:00:00.000Z,0.91846,0.91883,0.91749,0.91806,6075
2025-10-28T21:00:00.000Z,0.91782,0.9206,0.91685,0.91952,6367
2025-10-29T01:00:00.000Z,0.91951,0.91989,0.91831,0.91954,8450
2025-10-29T05:00:00.000Z,0.91955,0.92149,0.91938,0.91965,10765
2025-10-29T09:00:00.000Z,0.91964,0.92031,0.91809,0.91896,11588
2025-10-29T13:00:00.000Z,0.91897,0.92017,0.91749,0.91887,15125
2025-10-29T17:00:00.000Z,0.91889,0.91917,0.91482,0.91683,18942
2025-10-29T21:00:00.000Z,0.91456,0.91784,0.91456,0.91772,5541
2025-10-30T01:00:00.000Z,0.91773,0.91881,0.91638,0.91829,13675
2025-10-30T05:00:00.000Z,0.91826,0.91869,0.91654,0.91704,14321
2025-10-30T09:00:00.000Z,0.91703,0.91734,0.91515,0.91532,13616
2025-10-30T13:00:00.000Z,0.91531,0.91716,0.91455,0.91633,18532
2025-10-30T17:00:00.000Z,0.91631,0.91672,0.91564,0.91645,9245
2025-10-30T21:00:00.000Z,0.91634,0.91708,0.91552,0.91664,4711
2025-10-31T01:00:00.000Z,0.91662,0.91694,0.91571,0.91605,8239
2025-10-31T05:00:00.000Z,0.91606,0.91618,0.91489,0.91614,10305
2025-10-31T09:00:00.000Z,0.91616,0.91757,0.91556,0.9169,11221
2025-10-31T13:00:00.000Z,0.91689,0.91815,0.91623,0.91678,17226
2025-10-31T17:00:00.000Z,0.91677,0.91763,0.91608,0.91675,8753
2025-11-02T22:00:00.000Z,0.9156,0.91797,0.9156,0.91737,6658
2025-11-03T02:00:00.000Z,0.9174,0.91925,0.91706,0.91878,6167
2025-11-03T06:00:00.000Z,0.91877,0.91966,0.91774,0.91903,9713
2025-11-03T10:00:00.000Z,0.91903,0.91983,0.91864,0.91941,9702
2025-11-03T14:00:00.000Z,0.91941,0.91977,0.9172,0.91857,16143
2025-11-03T18:00:00.000Z,0.91858,0.91932,0.91846,0.91889,7585
2025-11-03T22:00:00.000Z,0.91809,0.91937,0.91809,0.919,6451
2025-11-04T02:00:00.000Z,0.91902,0.91904,0.91591,0.91603,10018
2025-11-04T06:00:00.000Z,0.91609,0.91673,0.91369,0.91385,13733
2025-11-04T10:00:00.000Z,0.91381,0.91511,0.91352,0.91406,10559
2025-11-04T14:00:00.000Z,0.91405,0.91589,0.9134,0.91483,15943
2025-11-04T18:00:00.000Z,0.91482,0.91499,0.91399,0.91495,10497
2025-11-04T22:00:00.000Z,0.91474,0.91549,0.91181,0.91272,8766
2025-11-05T02:00:00.000Z,0.91271,0.91682,0.91253,0.9157,9969
2025-11-05T06:00:00.000Z,0.91572,0.91673,0.91534,0.91557,10133
2025-11-05T10:00:00.000Z,0.91556,0.91693,0.91492,0.91656,11645
2025-11-05T14:00:00.000Z,0.91656,0.91902,0.91623,0.91841,17029
2025-11-05T18:00:00.000Z,0.91839,0.91873,0.91735,0.91779,6569
2025-11-05T22:00:00.000Z,0.91728,0.91817,0.9162,0.91803,7477
2025-11-06T02:00:00.000Z,0.91804,0.9189,0.91734,0.91758,7784
2025-11-06T06:00:00.000Z,0.91753,0.9185,0.91702,0.91816,11249
2025-11-06T10:00:00.000Z,0.91818,0.9185,0.91698,0.91743,12659
2025-11-06T14:00:00.000Z,0.9174,0.9175,0.91313,0.91433,21018
2025-11-06T18:00:00.000Z,0.91433,0.9152,0.91389,0.91449,11023
2025-11-06T22:00:00.000Z,0.91434,0.91544,0.91381,0.91477,8094
2025-11-07T02:00:00.000Z,0.9148,0.9155,0.91342,0.91503,7849
2025-11-07T06:00:00.000Z,0.91504,0.91603,0.91447,0.91499,10008
2025-11-07T10:00:00.000Z,0.91501,0.91549,0.91196,0.91231,13683
2025-11-07T14:00:00.000Z,0.91232,0.91265,0.9104,0.91119,19845
2025-11-07T18:00:00.000Z,0.91122,0.91238,0.9106,0.91192,10942
2025-11-09T22:00:00.000Z,0.91232,0.91482,0.91106,0.91436,12753
2025-11-10T02:00:00.000Z,0.91435,0.91559,0.91387,0.91539,12775
2025-11-10T06:00:00.000Z,0.9154,0.91605,0.91464,0.9159,12758
2025-11-10T10:00:00.000Z,0.91593,0.91605,0.91458,0.9148,11196
2025-11-10T14:00:00.000Z,0.9148,0.91663,0.91392,0.91639,17279
2025-11-10T18:00:00.000Z,0.9164,0.91674,0.91616,0.91625,8031
2025-11-10T22:00:00.000Z,0.91562,0.9165,0.91541,0.91627,6968
2025-11-11T02:00:00.000Z,0.91629,0.91653,0.91466,0.91466,8336
2025-11-11T06:00:00.000Z,0.91468,0.91547,0.91423,0.91475,11365
2025-11-11T10:00:00.000Z,0.91476,0.91578,0.91466,0.91525,13339
2025-11-11T14:00:00.000Z,0.91524,0.91553,0.91355,0.91444,17432
2025-11-11T18:00:00.000Z,0.91442,0.91497,0.91436,0.91481,7764
2025-11-11T22:00:00.000Z,0.91402,0.9153,0.9138,0.91439,7375
2025-11-12T02:00:00.000Z,0.91436,0.91487,0.91342,0.91468,9074
2025-11-12T06:00:00.000Z,0.91467,0.91662,0.91463,0.91574,12626
2025-11-12T10:00:00.000Z,0.91573,0.91668,0.9154,0.91617,13462
2025-11-12T14:00:00.000Z,0.91616,0.91636,0.91513,0.91569,19221
2025-11-12T18:00:00.000Z,0.91568,0.91633,0.91564,0.91603,8797
2025-11-12T22:00:00.000Z,0.91563,0.91933,0.91509,0.9185,10130
2025-11-13T02:00:00.000Z,0.91849,0.91927,0.91775,0.91853,9475
2025-11-13T06:00:00.000Z,0.91852,0.92047,0.91824,0.91947,14474
2025-11-13T10:00:00.000Z,0.91949,0.91958,0.91708,0.91781,14640
2025-11-13T14:00:00.000Z,0.91783,0.91862,0.91591,0.91823,24110
2025-11-13T18:00:00.000Z,0.91823,0.91838,0.91545,0.91625,14508
2025-11-13T22:00:00.000Z,0.91572,0.91747,0.91572,0.91705,9658
2025-11-14T02:00:00.000Z,0.91705,0.91828,0.91603,0.91694,10449
2025-11-14T06:00:00.000Z,0.91697,0.91711,0.9151,0.9152,16605
2025-11-14T10:00:00.000Z,0.91519,0.91573,0.91333,0.91493,18467
2025-11-14T14:00:00.000Z,0.91495,0.91845,0.91445,0.9175,23094
2025-11-14T18:00:00.000Z,0.91751,0.91755,0.91605,0.91639,13015
2025-11-16T22:00:00.000Z,0.9153,0.91637,0.91456,0.91463,9428
2025-11-17T02:00:00.000Z,0.91465,0.9154,0.91396,0.91507,8177
2025-11-17T06:00:00.000Z,0.91506,0.91633,0.91438,0.91453,13376
2025-11-17T10:00:00.000Z,0.91453,0.91506,0.91323,0.91384,14377
2025-11-17T14:00:00.000Z,0.91379,0.91424,0.91226,0.91299,20338
2025-11-17T18:00:00.000Z,0.91297,0.91308,0.91103,0.91244,12335
2025-11-17T22:00:00.000Z,0.9118,0.91309,0.91085,0.91188,9124
2025-11-18T02:00:00.000Z,0.91189,0.91268,0.90899,0.91059,13938
2025-11-18T06:00:00.000Z,0.91056,0.91225,0.90973,0.91168,15639
2025-11-18T10:00:00.000Z,0.91167,0.91255,0.91126,0.91146,14570
2025-11-18T14:00:00.000Z,0.91147,0.91207,0.9087,0.90989,26178
2025-11-18T18:00:00.000Z,0.90991,0.91137,0.90976,0.91027,12709
2025-11-18T22:00:00.000Z,0.90954,0.91072,0.90849,0.90868,8472
2025-11-19T02:00:00.000Z,0.90869,0.90929,0.90665,0.90812,11272
2025-11-19T06:00:00.000Z,0.90814,0.9089,0.90701,0.90804,13331
2025-11-19T10:00:00.000Z,0.90804,0.90918,0.90762,0.90878,14870
2025-11-19T14:00:00.000Z,0.90878,0.90949,0.90702,0.90798,23562
2025-11-19T18:00:00.000Z,0.90796,0.91043,0.90778,0.91014,14227
2025-11-19T22:00:00.000Z,0.90927,0.91141,0.90907,0.91055,8030
2025-11-20T02:00:00.000Z,0.91054,0.91179,0.91,0.91074,9585
2025-11-20T06:00:00.000Z,0.91075,0.91113,0.90972,0.9107,13116
2025-11-20T10:00:00.000Z,0.91068,0.91274,0.90926,0.91178,15963
2025-11-20T14:00:00.000Z,0.91179,0.91315,0.90778,0.90872,29110
2025-11-20T18:00:00.000Z,0.90872,0.91041,0.90764,0.90771,17040
2025-11-20T22:00:00.000Z,0.90722,0.90952,0.90709,0.90917,11554
2025-11-21T02:00:00.000Z,0.90921,0.90957,0.90753,0.90838,11923
2025-11-21T06:00:00.000Z,0.90837,0.90919,0.90697,0.90698,16669
2025-11-21T10:00:00.000Z,0.90695,0.9087,0.90557,0.90858,20231
2025-11-21T14:00:00.000Z,0.90858,0.91026,0.90695,0.90959,27879
2025-11-21T18:00:00.000Z,0.90958,0.91047,0.90896,0.91013,14973
2025-11-23T22:00:00.000Z,0.90986,0.91141,0.90933,0.90986,9134
2025-11-24T02:00:00.000Z,0.90988,0.91103,0.90964,0.91083,8853
2025-11-24T06:00:00.000Z,0.91083,0.91143,0.9092,0.90979,13321
2025-11-24T10:00:00.000Z,0.9098,0.91092,0.90922,0.91007,13569
2025-11-24T14:00:00.000Z,0.91006,0.9117,0.9091,0.91148,18310
2025-11-24T18:00:00.000Z,0.91147,0.91231,0.91134,0.91169,8109
2025-11-24T22:00:00.000Z,0.91129,0.91244,0.91097,0.91173,6448
2025-11-25T02:00:00.000Z,0.91173,0.91212,0.91068,0.91154,8180
2025-11-25T06:00:00.000Z,0.91153,0.91181,0.9106,0.91151,11360
2025-11-25T10:00:00.000Z,0.91153,0.91254,0.91009,0.91137,15112
2025-11-25T14:00:00.000Z,0.91137,0.91261,0.90842,0.91202,23319
2025-11-25T18:00:00.000Z,0.91204,0.91242,0.91161,0.91193,10690
2025-11-25T22:00:00.000Z,0.91126,0.91488,0.91113,0.91418,11145
2025-11-26T02:00:00.000Z,0.91418,0.916,0.91394,0.91558,11710
2025-11-26T06:00:00.000Z,0.91556,0.91621,0.91372,0.91524,14996
2025-11-26T10:00:00.000Z,0.91525,0.9159,0.91383,0.91488,19212
2025-11-26T14:00:00.000Z,0.91489,0.91579,0.91438,0.91491,19332
2025-11-26T18:00:00.000Z,0.91492,0.91538,0.91467,0.91523,9671
2025-11-26T22:00:00.000Z,0.91479,0.9165,0.91444,0.91643,7934
2025-11-27T02:00:00.000Z,0.91642,0.91723,0.91583,0.91656,9141
2025-11-27T06:00:00.000Z,0.91656,0.9166,0.91542,0.91625,12542
2025-11-27T10:00:00.000Z,0.91626,0.91679,0.91585,0.91644,11176
2025-11-27T14:00:00.000Z,0.91643,0.91676,0.91587,0.91615,8528
2025-11-27T18:00:00.000Z,0.91616,0.91632,0.91587,0.91617,3884
2025-11-27T22:00:00.000Z,0.91641,0.9175,0.91593,0.91702,8489
2025-11-28T02:00:00.000Z,0.91699,0.91753,0.91574,0.91637,37462
2025-11-28T06:00:00.000Z,0.91638,0.91657,0.91523,0.91595,38290
2025-11-28T10:00:00.000Z,0.91594,0.91653,0.91386,0.9147,37495
2025-11-28T14:00:00.000Z,0.91469,0.91561,0.91316,0.91545,19634
2025-11-28T18:00:00.000Z,0.91545,0.91562,0.91396,0.91492,15964
2025-11-30T22:00:00.000Z,0.91308,0.91574,0.91301,0.91538,8335
2025-12-01T02:00:00.000Z,0.91538,0.91551,0.91433,0.91487,7515
2025-12-01T06:00:00.000Z,0.91486,0.91614,0.91459,0.91591,11599
2025-12-01T10:00:00.000Z,0.91593,0.91649,0.91503,0.91592,11292
2025-12-01T14:00:00.000Z,0.91591,0.91658,0.91459,0.9161,17510
2025-12-01T18:00:00.000Z,0.91609,0.91634,0.91548,0.91586,9076
2025-12-01T22:00:00.000Z,0.91559,0.91648,0.91438,0.91634,4137
2025-12-02T02:00:00.000Z,0.91633,0.91752,0.91611,0.91722,4324
2025-12-02T06:00:00.000Z,0.91721,0.91775,0.91691,0.91718,7292
2025-12-02T10:00:00.000Z,0.91717,0.91853,0.91655,0.91852,8222
2025-12-02T14:00:00.000Z,0.91853,0.91895,0.91669,0.9167,16596
2025-12-02T18:00:00.000Z,0.9167,0.91783,0.9164,0.91729,9302
2025-12-02T22:00:00.000Z,0.9163,0.91854,0.91554,0.91808,5859
2025-12-03T02:00:00.000Z,0.91809,0.91982,0.91774,0.91971,4728
2025-12-03T06:00:00.000Z,0.91969,0.91983,0.91796,0.91838,8923
2025-12-03T10:00:00.000Z,0.9184,0.91933,0.91818,0.91902,9856
2025-12-03T14:00:00.000Z,0.91904,0.9204,0.91735,0.91972,17145
2025-12-03T18:00:00.000Z,0.9197,0.92108,0.91967,0.92072,7869
2025-12-03T22:00:00.000Z,0.91951,0.92238,0.91931,0.9222,5276
2025-12-04T02:00:00.000Z,0.92221,0.92333,0.92199,0.92283,6900
2025-12-04T06:00:00.000Z,0.92285,0.92386,0.92239,0.92336,9654
2025-12-04T10:00:00.000Z,0.92338,0.9237,0.92213,0.92279,10842
2025-12-04T14:00:00.000Z,0.92281,0.92353,0.92186,0.92244,15905
2025-12-04T18:00:00.000Z,0.92245,0.92293,0.9221,0.92215,9348
2025-12-04T22:00:00.000Z,0.92205,0.92288,0.92144,0.92257,3639
2025-12-05T02:00:00.000Z,0.92258,0.92377,0.92247,0.92364,3951
2025-12-05T06:00:00.000Z,0.92367,0.92509,0.92349,0.92452,7528
2025-12-05T10:00:00.000Z,0.92451,0.92567,0.9222,0.92223,9723
2025-12-05T14:00:00.000Z,0.92224,0.92241,0.91836,0.91852,20047
2025-12-05T18:00:00.000Z,0.91852,0.91895,0.91735,0.91745,10874
2025-12-07T22:00:00.000Z,0.9168,0.9186,0.91606,0.91827,11627
2025-12-08T02:00:00.000Z,0.91826,0.91872,0.91772,0.91831,7059
2025-12-08T06:00:00.000Z,0.9183,0.91849,0.91675,0.91728,13064
2025-12-08T10:00:00.000Z,0.9173,0.91758,0.91569,0.91651,13377
2025-12-08T14:00:00.000Z,0.91653,0.91742,0.91492,0.91736,20615
2025-12-08T18:00:00.000Z,0.91738,0.9179,0.91697,0.91777,10854
2025-12-08T22:00:00.000Z,0.91696,0.91779,0.91676,0.91754,6391
2025-12-09T02:00:00.000Z,0.91752,0.92043,0.91541,0.91997,11596
2025-12-09T06:00:00.000Z,0.91998,0.92036,0.91912,0.91957,13717
2025-12-09T10:00:00.000Z,0.91956,0.91959,0.91821,0.91868,14241
2025-12-09T14:00:00.000Z,0.91867,0.92039,0.91822,0.91966,21624
2025-12-09T18:00:00.000Z,0.91968,0.91982,0.91919,0.9193,9066
2025-12-09T22:00:00.000Z,0.91891,0.92034,0.9185,0.91884,8227
2025-12-10T02:00:00.000Z,0.91885,0.92019,0.91841,0.92008,8288
2025-12-10T06:00:00.000Z,0.92007,0.92146,0.92002,0.92116,11977
2025-12-10T10:00:00.000Z,0.92119,0.92132,0.91915,0.91949,12700
2025-12-10T14:00:00.000Z,0.9195,0.92042,0.91834,0.91873,18405
2025-12-10T18:00:00.000Z,0.91872,0.92187,0.91805,0.9207,24497
2025-12-10T22:00:00.000Z,0.92028,0.92054,0.91841,0.91987,10846
2025-12-11T02:00:00.000Z,0.9199,0.92024,0.91579,0.91627,13799
2025-12-11T06:00:00.000Z,0.91625,0.9184,0.91555,0.91822,16372
2025-12-11T10:00:00.000Z,0.91824,0.91903,0.91792,0.91863,15946
2025-12-11T14:00:00.000Z,0.91861,0.91887,0.91684,0.91845,23463
2025-12-11T18:00:00.000Z,0.91844,0.91868,0.91731,0.91764,11076
2025-12-11T22:00:00.000Z,0.91746,0.91887,0.9166,0.91821,10037
2025-12-12T02:00:00.000Z,0.9182,0.9184,0.91739,0.91815,8080
2025-12-12T06:00:00.000Z,0.91816,0.91847,0.91737,0.91767,13507
2025-12-12T10:00:00.000Z,0.91766,0.91766,0.91661,0.9169,13321
2025-12-12T14:00:00.000Z,0.91689,0.91767,0.91477,0.9158,26540
2025-12-12T18:00:00.000Z,0.91579,0.91637,0.91533,0.91555,13729
2025-12-14T22:00:00.000Z,0.91418,0.91562,0.91346,0.91549,11105
2025-12-15T02:00:00.000Z,0.91549,0.91566,0.91425,0.91465,12147
2025-12-15T06:00:00.000Z,0.91466,0.91538,0.9143,0.91513,13793
2025-12-15T10:00:00.000Z,0.91512,0.91594,0.91479,0.91554,11658
2025-12-15T14:00:00.000Z,0.91551,0.91613,0.91388,0.91427,24491
2025-12-15T18:00:00.000Z,0.91426,0.91482,0.91401,0.91413,12024
2025-12-15T22:00:00.000Z,0.91385,0.91526,0.91191,0.91233,10473
2025-12-16T02:00:00.000Z,0.91234,0.9141,0.91207,0.91319,12662
2025-12-16T06:00:00.000Z,0.91317,0.91466,0.91282,0.91384,12957
2025-12-16T10:00:00.000Z,0.91385,0.91506,0.91206,0.91398,15747
2025-12-16T14:00:00.000Z,0.91398,0.91442,0.91172,0.91188,26152
2025-12-16T18:00:00.000Z,0.91189,0.91258,0.91095,0.91196,15271
2025-12-16T22:00:00.000Z,0.91175,0.91262,0.9109,0.91262,10124
2025-12-17T02:00:00.000Z,0.9126,0.91263,0.9111,0.91172,11671
2025-12-17T06:00:00.000Z,0.91171,0.91223,0.91116,0.91121,15435
2025-12-17T10:00:00.000Z,0.91118,0.9131,0.91096,0.9124,14417
2025-12-17T14:00:00.000Z,0.91239,0.91273,0.91032,0.91062,25240
2025-12-17T18:00:00.000Z,0.9106,0.91114,0.90996,0.91055,13096
2025-12-17T22:00:00.000Z,0.91013,0.91088,0.90877,0.90965,9398
2025-12-18T02:00:00.000Z,0.90966,0.90995,0.9087,0.9098,10895
2025-12-18T06:00:00.000Z,0.90981,0.91052,0.90952,0.91012,14117
2025-12-18T10:00:00.000Z,0.91011,0.91264,0.90978,0.91223,16615
2025-12-18T14:00:00.000Z,0.91219,0.9129,0.90978,0.91066,27548
2025-12-18T18:00:00.000Z,0.91067,0.91177,0.91042,0.91098,13779
2025-12-18T22:00:00.000Z,0.91033,0.91194,0.91003,0.911,8175
2025-12-19T02:00:00.000Z,0.91099,0.91134,0.91049,0.91054,10490
2025-12-19T06:00:00.000Z,0.91053,0.91174,0.91031,0.91147,14257
2025-12-19T10:00:00.000Z,0.91148,0.91169,0.91026,0.91101,14081
2025-12-19T14:00:00.000Z,0.91101,0.91198,0.91054,0.9114,18805
2025-12-19T18:00:00.000Z,0.91141,0.91269,0.91136,0.91198,9543
2025-12-21T22:00:00.000Z,0.912,0.91359,0.91094,0.91351,13831
2025-12-22T02:00:00.000Z,0.91352,0.91427,0.91331,0.91372,7367
2025-12-22T06:00:00.000Z,0.91371,0.91514,0.91369,0.91427,11860
2025-12-22T10:00:00.000Z,0.91426,0.91527,0.914,0.91413,12246
2025-12-22T14:00:00.000Z,0.91414,0.91501,0.914,0.91444,17706
2025-12-22T18:00:00.000Z,0.91442,0.91538,0.91395,0.91507,8857
2025-12-22T22:00:00.000Z,0.91447,0.91583,0.91436,0.91531,7519
2025-12-23T02:00:00.000Z,0.91532,0.91601,0.91523,0.91559,10391
2025-12-23T06:00:00.000Z,0.91559,0.91772,0.91548,0.91696,13179
2025-12-23T10:00:00.000Z,0.91697,0.91752,0.91552,0.91565,14390
2025-12-23T14:00:00.000Z,0.91562,0.91781,0.91548,0.91673,19754
2025-12-23T18:00:00.000Z,0.91671,0.91732,0.9166,0.91693,8617
2025-12-23T22:00:00.000Z,0.91678,0.91792,0.91667,0.91783,8077
2025-12-24T02:00:00.000Z,0.91785,0.91811,0.91694,0.91808,8439
2025-12-24T06:00:00.000Z,0.91809,0.91866,0.91732,0.91785,11597
2025-12-24T10:00:00.000Z,0.91784,0.91797,0.91662,0.91697,11834
2025-12-24T14:00:00.000Z,0.91695,0.91761,0.91658,0.9168,16777
2025-12-24T18:00:00.000Z,0.91684,0.91718,0.91626,0.91658,9751
2025-12-25T22:00:00.000Z,0.91568,0.91794,0.91562,0.91758,10654
2025-12-26T02:00:00.000Z,0.91755,0.91839,0.91701,0.91747,10257
2025-12-26T06:00:00.000Z,0.91751,0.91757,0.91603,0.91635,13586
2025-12-26T10:00:00.000Z,0.91634,0.91767,0.91622,0.91696,11804
2025-12-26T14:00:00.000Z,0.91697,0.91753,0.91638,0.91693,19863
2025-12-26T18:00:00.000Z,0.91694,0.91783,0.91687,0.91754,11518
2025-12-28T22:00:00.000Z,0.91546,0.91839,0.91534,0.91793,11120
2025-12-29T02:00:00.000Z,0.91793,0.919,0.91758,0.91816,8935
2025-12-29T06:00:00.000Z,0.91814,0.91938,0.91595,0.9169,15986
2025-12-29T10:00:00.000Z,0.91692,0.91749,0.91545,0.9161,16586
2025-12-29T14:00:00.000Z,0.91612,0.91647,0.9147,0.91563,23036
2025-12-29T18:00:00.000Z,0.91563,0.91656,0.91534,0.91611,9649
2025-12-29T22:00:00.000Z,0.91588,0.91727,0.91539,0.91725,7990
2025-12-30T02:00:00.000Z,0.91724,0.91874,0.91668,0.91869,8458
2025-12-30T06:00:00.000Z,0.91867,0.91901,0.91711,0.91734,12210
2025-12-30T10:00:00.000Z,0.91732,0.91843,0.91687,0.91718,13800
2025-12-30T14:00:00.000Z,0.91721,0.918,0.91626,0.91721,17948
2025-12-30T18:00:00.000Z,0.91721,0.91729,0.91653,0.91686,8928
2025-12-30T22:00:00.000Z,0.91622,0.9174,0.91622,0.91663,6670
2025-12-31T02:00:00.000Z,0.91663,0.91732,0.91612,0.91643,8847
2025-12-31T06:00:00.000Z,0.91643,0.91656,0.91541,0.91563,11257
2025-12-31T10:00:00.000Z,0.91564,0.91636,0.91456,0.91529,13966
2025-12-31T14:00:00.000Z,0.91528,0.91537,0.91338,0.91521,21684
2025-12-31T18:00:00.000Z,0.91523,0.9159,0.9149,0.91544,10984
2026-01-01T22:00:00.000Z,0.91494,0.91757,0.9143,0.91739,6346
2026-01-02T02:00:00.000Z,0.9174,0.91884,0.91703,0.91831,8334
2026-01-02T06:00:00.000Z,0.91829,0.91971,0.91682,0.91907,13356
2026-01-02T10:00:00.000Z,0.91908,0.91942,0.91794,0.91882,12504
2026-01-02T14:00:00.000Z,0.91883,0.91999,0.91749,0.91846,24035
2026-01-02T18:00:00.000Z,0.91843,0.91961,0.91779,0.91893,11967
2026-01-04T22:00:00.000Z,0.91758,0.91964,0.91684,0.9184,13686
2026-01-05T02:00:00.000Z,0.91841,0.91935,0.91789,0.91903,13632
2026-01-05T06:00:00.000Z,0.91904,0.92062,0.91869,0.91968,15365
2026-01-05T10:00:00.000Z,0.91968,0.92133,0.91942,0.92131,18413
2026-01-05T14:00:00.000Z,0.92131,0.92427,0.92111,0.92361,25269
2026-01-05T18:00:00.000Z,0.92358,0.92467,0.92327,0.92446,10912
2026-01-05T22:00:00.000Z,0.92398,0.92476,0.9232,0.92428,8582
2026-01-06T02:00:00.000Z,0.92427,0.92634,0.92418,0.92583,9953
2026-01-06T06:00:00.000Z,0.92584,0.927,0.92458,0.9247,14931
2026-01-06T10:00:00.000Z,0.92469,0.92653,0.92421,0.9263,14759
2026-01-06T14:00:00.000Z,0.92629,0.92894,0.92576,0.92875,22902
2026-01-06T18:00:00.000Z,0.92874,0.93086,0.92871,0.93084,10061
2026-01-06T22:00:00.000Z,0.93008,0.93279,0.92842,0.93243,11020
2026-01-07T02:00:00.000Z,0.9324,0.93447,0.93151,0.93266,11293
2026-01-07T06:00:00.000Z,0.9327,0.93328,0.93042,0.93071,13132
2026-01-07T10:00:00.000Z,0.9307,0.93093,0.92892,0.92968,14131
2026-01-07T14:00:00.000Z,0.92968,0.93074,0.92859,0.93059,21923
2026-01-07T18:00:00.000Z,0.9306,0.93166,0.93041,0.93138,11305
2026-01-07T22:00:00.000Z,0.93098,0.93224,0.93075,0.93205,7070
2026-01-08T02:00:00.000Z,0.93208,0.93208,0.92909,0.92945,10914
2026-01-08T06:00:00.000Z,0.92944,0.9306,0.92839,0.92877,15011
2026-01-08T10:00:00.000Z,0.92878,0.92915,0.92739,0.92768,14213
2026-01-08T14:00:00.000Z,0.92765,0.92848,0.92656,0.92837,23220
2026-01-08T18:00:00.000Z,0.92835,0.9287,0.92777,0.92857,11668
2026-01-08T22:00:00.000Z,0.92839,0.92925,0.92754,0.92838,7189
2026-01-09T02:00:00.000Z,0.92841,0.92905,0.92817,0.92852,9340
2026-01-09T06:00:00.000Z,0.92851,0.92857,0.92631,0.92686,11844
2026-01-09T10:00:00.000Z,0.92685,0.92957,0.92531,0.92833,16730
2026-01-09T14:00:00.000Z,0.92834,0.92893,0.92621,0.92876,27445
2026-01-09T18:00:00.000Z,0.92876,0.9308,0.92868,0.93039,8863
2026-01-11T22:00:00.000Z,0.9288,0.93124,0.9287,0.93059,13254
2026-01-12T02:00:00.000Z,0.93059,0.93079,0.93004,0.93044,10631
2026-01-12T06:00:00.000Z,0.93044,0.93121,0.92968,0.93084,14655
2026-01-12T10:00:00.000Z,0.93085,0.93196,0.93043,0.93142,15519
2026-01-12T14:00:00.000Z,0.93142,0.93239,0.93061,0.93129,20737
2026-01-12T18:00:00.000Z,0.93129,0.93184,0.93087,0.93089,8723
2026-01-12T22:00:00.000Z,0.9308,0.93172,0.93048,0.93145,8851
2026-01-13T02:00:00.000Z,0.93143,0.93175,0.93024,0.93066,9885
2026-01-13T06:00:00.000Z,0.93065,0.93084,0.93004,0.93043,12662
2026-01-13T10:00:00.000Z,0.93042,0.93209,0.92909,0.93056,15588
2026-01-13T14:00:00.000Z,0.93052,0.93127,0.927,0.92822,25224
2026-01-13T18:00:00.000Z,0.92823,0.92828,0.92732,0.92762,10872
2026-01-13T22:00:00.000Z,0.92774,0.92868,0.92734,0.92845,7137
2026-01-14T02:00:00.000Z,0.92846,0.93019,0.92842,0.92961,10065
2026-01-14T06:00:00.000Z,0.9296,0.93034,0.92891,0.9301,13949
2026-01-14T10:00:00.000Z,0.93009,0.93009,0.92616,0.92695,15053
2026-01-14T14:00:00.000Z,0.92694,0.92803,0.92614,0.92616,23532
2026-01-14T18:00:00.000Z,0.92615,0.92817,0.92614,0.92733,12522
2026-01-14T22:00:00.000Z,0.92662,0.92856,0.92648,0.9277,9010
2026-01-15T02:00:00.000Z,0.9277,0.92811,0.92639,0.92788,8631
2026-01-15T06:00:00.000Z,0.92787,0.93135,0.92772,0.9308,10852
2026-01-15T10:00:00.000Z,0.93081,0.93135,0.92841,0.92876,12017
2026-01-15T14:00:00.000Z,0.92876,0.93205,0.92851,0.93155,19047
2026-01-15T18:00:00.000Z,0.93155,0.93197,0.92994,0.93057,9825
2026-01-15T22:00:00.000Z,0.92983,0.93144,0.92964,0.93062,7318
2026-01-16T02:00:00.000Z,0.9306,0.93139,0.93021,0.93087,7464
2026-01-16T06:00:00.000Z,0.93086,0.93173,0.9303,0.93119,9708
2026-01-16T10:00:00.000Z,0.9312,0.93199,0.92979,0.93045,12402
2026-01-16T14:00:00.000Z,0.93044,0.93057,0.92839,0.93025,22499
2026-01-16T18:00:00.000Z,0.93026,0.93084,0.92963,0.92994,9415
2026-01-18T22:00:00.000Z,0.9277,0.93005,0.92761,0.92868,14290
2026-01-19T02:00:00.000Z,0.92867,0.93066,0.92829,0.93016,9720
2026-01-19T06:00:00.000Z,0.93016,0.93034,0.92935,0.92989,12462
2026-01-19T10:00:00.000Z,0.92987,0.9312,0.92984,0.9309,10000
2026-01-19T14:00:00.000Z,0.93091,0.93129,0.93015,0.93125,10724
2026-01-19T18:00:00.000Z,0.93125,0.93127,0.93087,0.93117,2892
2026-01-19T22:00:00.000Z,0.92994,0.93131,0.92994,0.9307,7014
2026-01-20T02:00:00.000Z,0.93069,0.93334,0.93052,0.93304,9184
2026-01-20T06:00:00.000Z,0.93305,0.93372,0.92981,0.93027,18202
2026-01-20T10:00:00.000Z,0.93027,0.93112,0.92999,0.93057,18778
2026-01-20T14:00:00.000Z,0.93059,0.93263,0.93035,0.93205,25740
2026-01-20T18:00:00.000Z,0.93204,0.93241,0.93098,0.93186,13546
2026-01-20T22:00:00.000Z,0.93071,0.93228,0.93069,0.93221,7592
2026-01-21T02:00:00.000Z,0.9322,0.93225,0.93098,0.932,8033
2026-01-21T06:00:00.000Z,0.93201,0.93472,0.93187,0.93381,12080
2026-01-21T10:00:00.000Z,0.93381,0.93426,0.93308,0.93392,14876
2026-01-21T14:00:00.000Z,0.93391,0.93521,0.93301,0.93378,28536
2026-01-21T18:00:00.000Z,0.9338,0.93581,0.93362,0.93532,17814
2026-01-21T22:00:00.000Z,0.93462,0.93987,0.93429,0.93963,9890
2026-01-22T02:00:00.000Z,0.93964,0.94086,0.93898,0.94032,8697
2026-01-22T06:00:00.000Z,0.94033,0.94111,0.93953,0.94022,12570
2026-01-22T10:00:00.000Z,0.94025,0.9409,0.9398,0.94081,14344
2026-01-22T14:00:00.000Z,0.94081,0.94322,0.94048,0.94275,20043
2026-01-22T18:00:00.000Z,0.94274,0.94343,0.94248,0.94309,9486
2026-01-22T22:00:00.000Z,0.9426,0.94452,0.94238,0.94365,7957
2026-01-23T02:00:00.000Z,0.94365,0.94446,0.94272,0.94426,7661
2026-01-23T06:00:00.000Z,0.94428,0.94505,0.94303,0.94327,14651
2026-01-23T10:00:00.000Z,0.94328,0.94516,0.94258,0.94285,13612
2026-01-23T14:00:00.000Z,0.94285,0.9445,0.94285,0.94371,21947
2026-01-23T18:00:00.000Z,0.94372,0.94513,0.94333,0.94489,16663
2026-01-25T22:00:00.000Z,0.9478,0.94936,0.9463,0.94684,19043
2026-01-26T02:00:00.000Z,0.94685,0.94752,0.94548,0.94587,12359
2026-01-26T06:00:00.000Z,0.94588,0.94749,0.94536,0.94661,16873
2026-01-26T10:00:00.000Z,0.94661,0.9479,0.94626,0.94784,14785
2026-01-26T14:00:00.000Z,0.94782,0.95094,0.94748,0.95017,21805
2026-01-26T18:00:00.000Z,0.95018,0.9505,0.94819,0.9483,14577
2026-01-26T22:00:00.000Z,0.94732,0.94908,0.94695,0.94887,8379
2026-01-27T02:00:00.000Z,0.94888,0.94977,0.94844,0.94944,9873
2026-01-27T06:00:00.000Z,0.94943,0.95029,0.94798,0.94951,12819
2026-01-27T10:00:00.000Z,0.94951,0.95093,0.94885,0.94935,17079
2026-01-27T14:00:00.000Z,0.94937,0.94954,0.94762,0.94886,26336
2026-01-27T18:00:00.000Z,0.94886,0.95233,0.94862,0.95179,19016
2026-01-27T22:00:00.000Z,0.95163,0.95456,0.9504,0.95088,19251
2026-01-28T02:00:00.000Z,0.95087,0.95155,0.94992,0.95128,13772
2026-01-28T06:00:00.000Z,0.95133,0.95251,0.94844,0.94972,21218
2026-01-28T10:00:00.000Z,0.94974,0.95087,0.94815,0.94847,19495
2026-01-28T14:00:00.000Z,0.94848,0.95052,0.94652,0.95012,29743
2026-01-28T18:00:00.000Z,0.95013,0.95463,0.94938,0.95461,22153
2026-01-28T22:00:00.000Z,0.95308,0.95478,0.95112,0.95225,16166
2026-01-29T02:00:00.000Z,0.95225,0.95898,0.95174,0.95856,17514
2026-01-29T06:00:00.000Z,0.95858,0.9586,0.95419,0.9549,20028
2026-01-29T10:00:00.000Z,0.9549,0.95564,0.95264,0.95509,20584
2026-01-29T14:00:00.000Z,0.95512,0.95606,0.94523,0.94843,46975
2026-01-29T18:00:00.000Z,0.94841,0.95124,0.94813,0.95094,22389
2026-01-29T22:00:00.000Z,0.95013,0.95136,0.94764,0.94772,17482
2026-01-30T02:00:00.000Z,0.94777,0.9478,0.94447,0.94608,23764
2026-01-30T06:00:00.000Z,0.94606,0.94768,0.9443,0.94487,27530
2026-01-30T10:00:00.000Z,0.94485,0.94918,0.94483,0.94692,28557
2026-01-30T14:00:00.000Z,0.94693,0.94993,0.94639,0.94697,41847
2026-01-30T18:00:00.000Z,0.94693,0.94859,0.94455,0.94816,33189
2026-02-01T22:00:00.000Z,0.94594,0.94923,0.94411,0.94884,30515
2026-02-02T02:00:00.000Z,0.94883,0.94923,0.94512,0.94605,27558
2026-02-02T06:00:00.000Z,0.94606,0.94949,0.94453,0.94927,28461
2026-02-02T10:00:00.000Z,0.94925,0.94978,0.94738,0.9492,25438
2026-02-02T14:00:00.000Z,0.94921,0.9524,0.94846,0.95141,34512
2026-02-02T18:00:00.000Z,0.95141,0.95148,0.9495,0.9507,17185
2026-02-02T22:00:00.000Z,0.95042,0.95328,0.94947,0.95311,10846
2026-02-03T02:00:00.000Z,0.9531,0.96041,0.95157,0.9573,19807
2026-02-03T06:00:00.000Z,0.95732,0.96249,0.95684,0.95861,23891
2026-02-03T10:00:00.000Z,0.95864,0.95927,0.95689,0.95766,19308
2026-02-03T14:00:00.000Z,0.95766,0.95818,0.95471,0.95683,31909
2026-02-03T18:00:00.000Z,0.95682,0.95818,0.95499,0.95783,22164
2026-02-03T22:00:00.000Z,0.95681,0.95927,0.95566,0.95837,10868
2026-02-04T02:00:00.000Z,0.9584,0.95905,0.95715,0.9583,12093
2026-02-04T06:00:00.000Z,0.95831,0.95989,0.95729,0.95802,16408
2026-02-04T10:00:00.000Z,0.95803,0.96009,0.95797,0.95985,18133
2026-02-04T14:00:00.000Z,0.95982,0.95991,0.95343,0.95412,39106
2026-02-04T18:00:00.000Z,0.95411,0.95671,0.95334,0.95611,21139
2026-02-04T22:00:00.000Z,0.95528,0.95721,0.9552,0.95616,10407
2026-02-05T02:00:00.000Z,0.95619,0.95623,0.952,0.9539,22145
2026-02-05T06:00:00.000Z,0.95391,0.95613,0.95363,0.95428,19497
2026-02-05T10:00:00.000Z,0.95428,0.95566,0.9522,0.95242,24375
2026-02-05T14:00:00.000Z,0.95239,0.95375,0.9492,0.95302,40463
2026-02-05T18:00:00.000Z,0.95302,0.95334,0.94917,0.94969,19408
2026-02-05T22:00:00.000Z,0.94893,0.95049,0.94648,0.95027,18081
2026-02-06T02:00:00.000Z,0.95026,0.95222,0.9501,0.95216,17162
2026-02-06T06:00:00.000Z,0.95215,0.9547,0.95187,0.95442,17227
2026-02-06T10:00:00.000Z,0.95442,0.95562,0.95374,0.95507,15921
2026-02-06T14:00:00.000Z,0.95508,0.95813,0.95446,0.95788,25958
2026-02-06T18:00:00.000Z,0.95788,0.95881,0.95761,0.95832,10689
2026-02-08T22:00:00.000Z,0.95802,0.96105,0.95742,0.95869,15314
2026-02-09T02:00:00.000Z,0.95869,0.96049,0.95864,0.95974,10186
2026-02-09T06:00:00.000Z,0.95975,0.96058,0.95888,0.95959,16903
2026-02-09T10:00:00.000Z,0.95961,0.96083,0.95756,0.95983,18883
2026-02-09T14:00:00.000Z,0.95983,0.96272,0.95964,0.96179,21921
2026-02-09T18:00:00.000Z,0.96177,0.96231,0.9609,0.96154,11229
2026-02-09T22:00:00.000Z,0.96066,0.96186,0.95996,0.96093,9426
2026-02-10T02:00:00.000Z,0.96094,0.96096,0.95845,0.95874,9658
2026-02-10T06:00:00.000Z,0.95875,0.95999,0.95788,0.95946,11824
2026-02-10T10:00:00.000Z,0.95948,0.96001,0.95836,0.95849,13350
2026-02-10T14:00:00.000Z,0.95848,0.95998,0.95666,0.95793,24903
2026-02-10T18:00:00.000Z,0.95795,0.95901,0.95747,0.95856,11173
2026-02-10T22:00:00.000Z,0.9572,0.96106,0.95676,0.96059,8650
2026-02-11T02:00:00.000Z,0.96058,0.96377,0.96033,0.962,10193
2026-02-11T06:00:00.000Z,0.962,0.96241,0.95997,0.96112,12934
2026-02-11T10:00:00.000Z,0.96115,0.96661,0.96033,0.9664,20541
2026-02-11T14:00:00.000Z,0.96637,0.96823,0.96561,0.9677,35871
2026-02-11T18:00:00.000Z,0.96772,0.96798,0.96647,0.96735,13941
2026-02-11T22:00:00.000Z,0.9658,0.96958,0.9656,0.96911,9551
2026-02-12T02:00:00.000Z,0.9691,0.96938,0.96598,0.96735,10969
2026-02-12T06:00:00.000Z,0.96736,0.9674,0.96519,0.96603,15357
2026-02-12T10:00:00.000Z,0.96608,0.96893,0.96564,0.9686,13643
2026-02-12T14:00:00.000Z,0.96862,0.96982,0.96528,0.96535,36665
2026-02-12T18:00:00.000Z,0.96534,0.96596,0.96431,0.96468,19703
2026-02-12T22:00:00.000Z,0.96468,0.9661,0.96386,0.96479,10622
2026-02-13T02:00:00.000Z,0.9648,0.96552,0.96285,0.96326,10453
2026-02-13T06:00:00.000Z,0.96326,0.96329,0.96052,0.96206,16744
2026-02-13T10:00:00.000Z,0.96206,0.96293,0.95984,0.96169,21009
2026-02-13T14:00:00.000Z,0.96168,0.96372,0.96014,0.96266,34536
2026-02-13T18:00:00.000Z,0.96266,0.96394,0.9622,0.96272,15790
2026-02-15T22:00:00.000Z,0.9608,0.96463,0.96034,0.96444,10676
2026-02-16T02:00:00.000Z,0.96443,0.96515,0.96374,0.96495,7595
2026-02-16T06:00:00.000Z,0.96497,0.96554,0.96421,0.9646,10876
2026-02-16T10:00:00.000Z,0.96462,0.96571,0.96395,0.96514,10294
2026-02-16T14:00:00.000Z,0.96514,0.96532,0.9632,0.9645,10429
2026-02-16T18:00:00.000Z,0.96451,0.96482,0.96419,0.96435,1996
2026-02-16T22:00:00.000Z,0.96343,0.96476,0.96262,0.96289,8242
2026-02-17T02:00:00.000Z,0.96288,0.96401,0.96151,0.96314,10931
2026-02-17T06:00:00.000Z,0.96315,0.96498,0.96306,0.96492,13990
2026-02-17T10:00:00.000Z,0.96492,0.96516,0.96189,0.96303,17911
2026-02-17T14:00:00.000Z,0.96303,0.96475,0.96187,0.96433,36458
2026-02-17T18:00:00.000Z,0.96435,0.9668,0.9642,0.96606,14444
2026-02-17T22:00:00.000Z,0.96544,0.96626,0.96513,0.96547,7842
2026-02-18T02:00:00.000Z,0.96546,0.96563,0.96426,0.96496,6902
2026-02-18T06:00:00.000Z,0.96496,0.96702,0.96461,0.96644,11738
2026-02-18T10:00:00.000Z,0.96646,0.96674,0.96436,0.96438,13792
2026-02-18T14:00:00.000Z,0.9644,0.96674,0.96402,0.96632,22916
2026-02-18T18:00:00.000Z,0.9663,0.96645,0.96355,0.96444,14884
2026-02-18T22:00:00.000Z,0.96396,0.96733,0.96361,0.96727,7665
2026-02-19T02:00:00.000Z,0.96727,0.96782,0.96536,0.96633,6973
2026-02-19T06:00:00.000Z,0.96633,0.96841,0.96488,0.96523,12681
2026-02-19T10:00:00.000Z,0.96522,0.96604,0.9639,0.96506,17005
2026-02-19T14:00:00.000Z,0.96506,0.96642,0.96316,0.96536,31478
2026-02-19T18:00:00.000Z,0.96537,0.96638,0.96502,0.96547,13203
2026-02-19T22:00:00.000Z,0.96457,0.96611,0.9622,0.96308,9408
2026-02-20T02:00:00.000Z,0.96307,0.9639,0.96119,0.96389,11261
2026-02-20T06:00:00.000Z,0.96387,0.96687,0.96367,0.96618,14908
2026-02-20T10:00:00.000Z,0.96617,0.96653,0.96406,0.96528,17744
2026-02-20T14:00:00.000Z,0.96526,0.96974,0.96434,0.96841,41110
2026-02-20T18:00:00.000Z,0.96841,0.96984,0.96769,0.96904,21389
2026-02-22T22:00:00.000Z,0.96694,0.97068,0.96658,0.96743,17265
2026-02-23T02:00:00.000Z,0.96741,0.96755,0.96609,0.9668,12192
2026-02-23T06:00:00.000Z,0.96679,0.96868,0.96651,0.96835,14339
2026-02-23T10:00:00.000Z,0.96835,0.96837,0.96649,0.96674,16358
2026-02-23T14:00:00.000Z,0.96672,0.96826,0.96524,0.96629,30709
2026-02-23T18:00:00.000Z,0.96629,0.96744,0.96603,0.96646,12437
2026-02-23T22:00:00.000Z,0.96535,0.96761,0.965,0.96733,10664
2026-02-24T02:00:00.000Z,0.96733,0.96871,0.96711,0.96778,9520
2026-02-24T06:00:00.000Z,0.96779,0.96903,0.9674,0.96745,15876
2026-02-24T10:00:00.000Z,0.96746,0.96764,0.96446,0.96469,14674
2026-02-24T14:00:00.000Z,0.96468,0.96865,0.96421,0.96819,23548
2026-02-24T18:00:00.000Z,0.96818,0.96821,0.96663,0.96683,9534
2026-02-24T22:00:00.000Z,0.96703,0.97006,0.96635,0.96961,9516
2026-02-25T02:00:00.000Z,0.96963,0.97285,0.96955,0.97244,13327
2026-02-25T06:00:00.000Z,0.97243,0.97316,0.97017,0.97017,14514
2026-02-25T10:00:00.000Z,0.97018,0.97158,0.96936,0.97125,13911
2026-02-25T14:00:00.000Z,0.97123,0.97449,0.97084,0.97408,21474
2026-02-25T18:00:00.000Z,0.97407,0.97464,0.97333,0.97408,8608
2026-02-25T22:00:00.000Z,0.97368,0.97499,0.97295,0.97413,9503
2026-02-26T02:00:00.000Z,0.97412,0.97483,0.97244,0.9747,10118
2026-02-26T06:00:00.000Z,0.97469,0.9749,0.97235,0.97349,15069
2026-02-26T10:00:00.000Z,0.9735,0.97425,0.97286,0.97312,12996
2026-02-26T14:00:00.000Z,0.97308,0.97319,0.96886,0.96939,31448
2026-02-26T18:00:00.000Z,0.96937,0.97282,0.96926,0.9721,12473
2026-02-26T22:00:00.000Z,0.97125,0.9721,0.9707,0.97174,11778
2026-02-27T02:00:00.000Z,0.97178,0.97446,0.97146,0.97361,9745
2026-02-27T06:00:00.000Z,0.9736,0.97423,0.97224,0.97234,14777
2026-02-27T10:00:00.000Z,0.97232,0.97238,0.96961,0.97051,18443
2026-02-27T14:00:00.000Z,0.97051,0.97231,0.96961,0.96978,32052
2026-02-27T18:00:00.000Z,0.9698,0.97111,0.96932,0.97087,14325
2026-03-01T22:00:00.000Z,0.96078,0.96984,0.96067,0.96972,28608
2026-03-02T02:00:00.000Z,0.96972,0.97081,0.96658,0.96664,19190
2026-03-02T06:00:00.000Z,0.96664,0.96764,0.96316,0.96633,29990
2026-03-02T10:00:00.000Z,0.96633,0.96821,0.96427,0.9657,26171
2026-03-02T14:00:00.000Z,0.96565,0.97053,0.96503,0.97048,37007
2026-03-02T18:00:00.000Z,0.97047,0.97117,0.96798,0.97017,20032
2026-03-02T22:00:00.000Z,0.96936,0.97302,0.96921,0.97049,15103
2026-03-03T02:00:00.000Z,0.97048,0.97205,0.96894,0.96933,23205
2026-03-03T06:00:00.000Z,0.96932,0.9704,0.96435,0.96442,33494
2026-03-03T10:00:00.000Z,0.96444,0.96486,0.95937,0.96109,39183
2026-03-03T14:00:00.000Z,0.96107,0.96135,0.95447,0.96015,52109
2026-03-03T18:00:00.000Z,0.96016,0.96409,0.95996,0.96273,29225
2026-03-03T22:00:00.000Z,0.9613,0.96326,0.95699,0.95895,22815
2026-03-04T02:00:00.000Z,0.95897,0.96053,0.95641,0.95821,31525
2026-03-04T06:00:00.000Z,0.95821,0.9629,0.95745,0.96248,32133
2026-03-04T10:00:00.000Z,0.96249,0.96549,0.9615,0.96438,34958
2026-03-04T14:00:00.000Z,0.96438,0.96671,0.96266,0.96605,36555
2026-03-04T18:00:00.000Z,0.96606,0.96683,0.96488,0.96556,15662
2026-03-04T22:00:00.000Z,0.96465,0.96617,0.96369,0.96386,14209
2026-03-05T02:00:00.000Z,0.96387,0.96488,0.96155,0.96167,23471
2026-03-05T06:00:00.000Z,0.96166,0.96346,0.95824,0.96119,34620
2026-03-05T10:00:00.000Z,0.96117,0.96208,0.95822,0.95924,27264
2026-03-05T14:00:00.000Z,0.95923,0.96044,0.95645,0.95675,45183
2026-03-05T18:00:00.000Z,0.95676,0.95851,0.95536,0.95805,30710
2026-03-05T22:00:00.000Z,0.95797,0.96064,0.95761,0.96026,13587
2026-03-06T02:00:00.000Z,0.96025,0.96159,0.96,0.96033,15407
2026-03-06T06:00:00.000Z,0.96034,0.96205,0.95659,0.9567,24599
2026-03-06T10:00:00.000Z,0.95671,0.958,0.95281,0.95313,33401
2026-03-06T14:00:00.000Z,0.95313,0.95641,0.95305,0.95322,50994
2026-03-06T18:00:00.000Z,0.95321,0.95511,0.95276,0.95328,30246
2026-03-08T21:00:00.000Z,0.94938,0.95147,0.94621,0.94689,26526
2026-03-09T01:00:00.000Z,0.94687,0.94953,0.94632,0.94759,33914
2026-03-09T05:00:00.000Z,0.9476,0.95134,0.94704,0.94914,39582
2026-03-09T09:00:00.000Z,0.94913,0.95324,0.94865,0.95117,38332
2026-03-09T13:00:00.000Z,0.9512,0.95745,0.9512,0.95673,44113
2026-03-09T17:00:00.000Z,0.95675,0.96166,0.95542,0.96153,29394
2026-03-09T21:00:00.000Z,0.9601,0.96157,0.95974,0.96078,16052
2026-03-10T01:00:00.000Z,0.96079,0.96193,0.95908,0.95952,23280
2026-03-10T05:00:00.000Z,0.9595,0.96622,0.95938,0.96379,24246
2026-03-10T09:00:00.000Z,0.96379,0.96676,0.96334,0.96398,31260
2026-03-10T13:00:00.000Z,0.96397,0.97058,0.96397,0.97021,36460
2026-03-10T17:00:00.000Z,0.97021,0.9727,0.96613,0.96677,32368
2026-03-10T21:00:00.000Z,0.96606,0.96883,0.96567,0.96812,10060
2026-03-11T01:00:00.000Z,0.96811,0.974,0.96782,0.97372,16456
2026-03-11T05:00:00.000Z,0.97372,0.97392,0.9705,0.97129,23895
2026-03-11T09:00:00.000Z,0.97129,0.9729,0.96965,0.97127,30376
2026-03-11T13:00:00.000Z,0.97125,0.97596,0.9712,0.97154,41483
2026-03-11T17:00:00.000Z,0.97155,0.97241,0.96956,0.97203,22084
2026-03-11T21:00:00.000Z,0.9712,0.9725,0.9689,0.9707,14862
2026-03-12T01:00:00.000Z,0.97069,0.97218,0.96804,0.9681,19449
2026-03-12T05:00:00.000Z,0.96812,0.97013,0.96639,0.96924,23091
2026-03-12T09:00:00.000Z,0.96926,0.97105,0.96769,0.96968,23355
2026-03-12T13:00:00.000Z,0.96969,0.97005,0.96364,0.96573,44918
2026-03-12T17:00:00.000Z,0.96575,0.9664,0.96395,0.96468,23009
2026-03-12T21:00:00.000Z,0.96482,0.96546,0.96363,0.96521,9281
2026-03-13T01:00:00.000Z,0.96523,0.96602,0.96317,0.96361,16334
2026-03-13T05:00:00.000Z,0.96363,0.96419,0.95858,0.96146,23796
2026-03-13T09:00:00.000Z,0.96148,0.96697,0.96132,0.96677,29523
2026-03-13T13:00:00.000Z,0.96678,0.96697,0.96153,0.96207,42271
2026-03-13T17:00:00.000Z,0.96207,0.9628,0.95809,0.95826,24401
2026-03-15T21:00:00.000Z,0.95892,0.96207,0.95831,0.96157,14778
2026-03-16T01:00:00.000Z,0.96158,0.96197,0.95944,0.96067,16652
2026-03-16T05:00:00.000Z,0.96067,0.96312,0.96049,0.96188,19518
2026-03-16T09:00:00.000Z,0.96183,0.96631,0.96112,0.96529,21565
2026-03-16T13:00:00.000Z,0.96532,0.9665,0.96417,0.96478,29262
2026-03-16T17:00:00.000Z,0.96477,0.96822,0.96477,0.9676,19091
2026-03-16T21:00:00.000Z,0.96738,0.96802,0.96633,0.9665,6238
2026-03-17T01:00:00.000Z,0.96647,0.97041,0.96476,0.96783,15055
2026-03-17T05:00:00.000Z,0.96781,0.9702,0.96634,0.96956,21193
2026-03-17T09:00:00.000Z,0.96951,0.9725,0.96933,0.97248,19776
2026-03-17T13:00:00.000Z,0.97246,0.97484,0.97189,0.973,32202
2026-03-17T17:00:00.000Z,0.97301,0.97416,0.97246,0.9725,13309
2026-03-17T21:00:00.000Z,0.97209,0.97374,0.97141,0.97301,9473
2026-03-18T01:00:00.000Z,0.97307,0.97487,0.97249,0.97463,9829
2026-03-18T05:00:00.000Z,0.97464,0.97613,0.97294,0.97349,13747
2026-03-18T09:00:00.000Z,0.97348,0.97388,0.96734,0.96743,23318
2026-03-18T13:00:00.000Z,0.96741,0.97081,0.9665,0.96982,33945
2026-03-18T17:00:00.000Z,0.96982,0.97107,0.96389,0.9642,26099
2026-03-18T21:00:00.000Z,0.96409,0.96635,0.96397,0.96634,10881
2026-03-19T01:00:00.000Z,0.96636,0.9677,0.96526,0.96595,16155
2026-03-19T05:00:00.000Z,0.96596,0.96733,0.96468,0.96705,24663
2026-03-19T09:00:00.000Z,0.96705,0.96971,0.9631,0.96328,33888
2026-03-19T13:00:00.000Z,0.96325,0.96843,0.9609,0.96729,49658
2026-03-19T17:00:00.000Z,0.96726,0.97459,0.96627,0.97379,28835
2026-03-19T21:00:00.000Z,0.97302,0.97433,0.97198,0.97288,8941
2026-03-20T01:00:00.000Z,0.97285,0.97384,0.97199,0.97323,14796
2026-03-20T05:00:00.000Z,0.97322,0.97412,0.97172,0.97191,18867
2026-03-20T09:00:00.000Z,0.97192,0.97201,0.96799,0.97014,28628
2026-03-20T13:00:00.000Z,0.97013,0.97048,0.96481,0.96521,40518
2026-03-20T17:00:00.000Z,0.96522,0.96557,0.96088,0.96333,28587
2026-03-22T21:00:00.000Z,0.95942,0.96237,0.9588,0.9596,18079
2026-03-23T01:00:00.000Z,0.95959,0.96069,0.95681,0.95723,28448
2026-03-23T05:00:00.000Z,0.95723,0.95769,0.95452,0.95677,30958
2026-03-23T09:00:00.000Z,0.95681,0.9648,0.95033,0.96287,51295
2026-03-23T13:00:00.000Z,0.96288,0.96686,0.95844,0.96115,55374
2026-03-23T17:00:00.000Z,0.96115,0.96415,0.96103,0.96245,27218
2026-03-23T21:00:00.000Z,0.96191,0.96381,0.95749,0.96014,14996
2026-03-24T01:00:00.000Z,0.96015,0.96091,0.95749,0.95822,28627
2026-03-24T05:00:00.000Z,0.95824,0.96275,0.95691,0.95717,35381
2026-03-24T09:00:00.000Z,0.9572,0.95858,0.95557,0.95599,31957
2026-03-24T13:00:00.000Z,0.956,0.95986,0.95486,0.95924,45895
2026-03-24T17:00:00.000Z,0.95923,0.96373,0.95632,0.96266,31960
2026-03-24T21:00:00.000Z,0.9616,0.96319,0.96061,0.96218,13591
2026-03-25T01:00:00.000Z,0.9621,0.96267,0.95985,0.96047,20444
2026-03-25T05:00:00.000Z,0.96048,0.9632,0.95946,0.96233,22659
2026-03-25T09:00:00.000Z,0.96233,0.96296,0.95879,0.95931,25340
2026-03-25T13:00:00.000Z,0.95932,0.96157,0.95725,0.961,36762
2026-03-25T17:00:00.000Z,0.96099,0.96209,0.95888,0.9593,18965
2026-03-25T21:00:00.000Z,0.95917,0.95988,0.9585,0.9589,8213
2026-03-26T01:00:00.000Z,0.95889,0.96119,0.95854,0.96092,15401
2026-03-26T05:00:00.000Z,0.96091,0.96114,0.95904,0.96012,20050
2026-03-26T09:00:00.000Z,0.96013,0.96025,0.95466,0.95508,20912
2026-03-26T13:00:00.000Z,0.95512,0.95803,0.95479,0.9549,33831
2026-03-26T17:00:00.000Z,0.95489,0.95715,0.95259,0.95461,20642
2026-03-26T21:00:00.000Z,0.95503,0.9557,0.95246,0.9527,11698
2026-03-27T01:00:00.000Z,0.95272,0.9573,0.95237,0.95711,15110
2026-03-27T05:00:00.000Z,0.95712,0.95718,0.9533,0.95513,17818
2026-03-27T09:00:00.000Z,0.95515,0.95579,0.95394,0.95502,21439
2026-03-27T13:00:00.000Z,0.95502,0.95707,0.95329,0.95544,33291
2026-03-27T17:00:00.000Z,0.95543,0.95661,0.95322,0.95537,18099
2026-03-29T21:00:00.000Z,0.95253,0.95367,0.95075,0.95159,18505
2026-03-30T01:00:00.000Z,0.95161,0.95465,0.95122,0.95393,17880
2026-03-30T05:00:00.000Z,0.95395,0.95495,0.95232,0.95386,17827
2026-03-30T09:00:00.000Z,0.95391,0.95581,0.95286,0.95551,19476
2026-03-30T13:00:00.000Z,0.95553,0.95584,0.95225,0.95452,31190
2026-03-30T17:00:00.000Z,0.95456,0.95515,0.95284,0.95398,16362
2026-03-30T21:00:00.000Z,0.953,0.9555,0.95224,0.95454,12513
2026-03-31T01:00:00.000Z,0.95451,0.95667,0.95336,0.95337,22876
2026-03-31T05:00:00.000Z,0.95335,0.95714,0.9528,0.95634,21241
2026-03-31T09:00:00.000Z,0.95636,0.96008,0.95509,0.95844,24433
2026-03-31T13:00:00.000Z,0.9585,0.96087,0.954,0.95932,37425
2026-03-31T17:00:00.000Z,0.95931,0.96119,0.95906,0.96006,26210
2026-03-31T21:00:00.000Z,0.95848,0.96289,0.95848,0.96257,8350
2026-04-01T01:00:00.000Z,0.9626,0.96281,0.95953,0.95985,15557
2026-04-01T05:00:00.000Z,0.95987,0.96535,0.95973,0.96387,25220
2026-04-01T09:00:00.000Z,0.96385,0.9666,0.96313,0.9642,23102
2026-04-01T13:00:00.000Z,0.96421,0.96522,0.96266,0.96355,33809
2026-04-01T17:00:00.000Z,0.96355,0.96405,0.96021,0.96126,17268
2026-04-01T21:00:00.000Z,0.95994,0.9618,0.95977,0.96134,14090
2026-04-02T01:00:00.000Z,0.96133,0.96252,0.95601,0.95683,30471
2026-04-02T05:00:00.000Z,0.95682,0.95767,0.95528,0.95689,21050
2026-04-02T09:00:00.000Z,0.95688,0.95857,0.95519,0.95768,19058
2026-04-02T13:00:00.000Z,0.95775,0.96269,0.95704,0.9612,36431
2026-04-02T17:00:00.000Z,0.96117,0.96185,0.96063,0.96179,13840
2026-04-02T21:00:00.000Z,0.96027,0.9625,0.96001,0.96221,4481
2026-04-03T01:00:00.000Z,0.96222,0.96231,0.96134,0.96162,4357
2026-04-03T05:00:00.000Z,0.96161,0.96239,0.9613,0.9616,4798
2026-04-03T09:00:00.000Z,0.9616,0.96258,0.95995,0.96169,8229
2026-04-03T13:00:00.000Z,0.96171,0.96236,0.96044,0.96067,10352
2026-04-03T17:00:00.000Z,0.96067,0.96149,0.95977,0.96011,11015
2026-04-05T21:00:00.000Z,0.95933,0.96146,0.95884,0.96142,10180
2026-04-06T01:00:00.000Z,0.96149,0.96377,0.96114,0.96292,13506
2026-04-06T05:00:00.000Z,0.96293,0.9651,0.9626,0.9648,15643
2026-04-06T09:00:00.000Z,0.96482,0.96543,0.96358,0.96372,14791
2026-04-06T13:00:00.000Z,0.96373,0.96453,0.96215,0.96242,23560
2026-04-06T17:00:00.000Z,0.96239,0.96327,0.96135,0.96231,12808
2026-04-06T21:00:00.000Z,0.96166,0.96319,0.96138,0.9619,6793
2026-04-07T01:00:00.000Z,0.96189,0.96287,0.96077,0.96265,13361
2026-04-07T05:00:00.000Z,0.96265,0.96648,0.96185,0.96611,18605
2026-04-07T09:00:00.000Z,0.96611,0.96674,0.96397,0.96524,23342
2026-04-07T13:00:00.000Z,0.96528,0.96643,0.96382,0.96552,28892
2026-04-07T17:00:00.000Z,0.96551,0.96918,0.96507,0.96865,20623
2026-04-07T21:00:00.000Z,0.96743,0.98011,0.96717,0.97672,28964
2026-04-08T01:00:00.000Z,0.97672,0.97857,0.97485,0.97762,23861
2026-04-08T05:00:00.000Z,0.97763,0.97977,0.97497,0.97669,25916
2026-04-08T09:00:00.000Z,0.9767,0.97914,0.97548,0.9786,22893
2026-04-08T13:00:00.000Z,0.97858,0.97952,0.97504,0.97727,31672
2026-04-08T17:00:00.000Z,0.97727,0.97757,0.97409,0.97521,19126
2026-04-08T21:00:00.000Z,0.97452,0.97572,0.97385,0.97445,8340
2026-04-09T01:00:00.000Z,0.97446,0.97547,0.97337,0.97487,11225
2026-04-09T05:00:00.000Z,0.97487,0.97531,0.97291,0.97298,15526
2026-04-09T09:00:00.000Z,0.97297,0.97485,0.97277,0.97397,14562
2026-04-09T13:00:00.000Z,0.97399,0.97945,0.97329,0.97887,26603
2026-04-09T17:00:00.000Z,0.97887,0.97995,0.97762,0.97869,15749
2026-04-09T21:00:00.000Z,0.9776,0.9789,0.97703,0.97808,7195
2026-04-10T01:00:00.000Z,0.97808,0.97868,0.9766,0.97693,9476
2026-04-10T05:00:00.000Z,0.97693,0.97766,0.97632,0.97654,11076
2026-04-10T09:00:00.000Z,0.97658,0.97858,0.97658,0.97787,15011
2026-04-10T13:00:00.000Z,0.97784,0.97992,0.97712,0.97813,20648
2026-04-10T17:00:00.000Z,0.97813,0.97948,0.97787,0.97877,10805
2026-04-12T21:00:00.000Z,0.96849,0.97498,0.96849,0.97495,13138
2026-04-13T01:00:00.000Z,0.97494,0.97592,0.97444,0.97517,10531
2026-04-13T05:00:00.000Z,0.97517,0.97724,0.97507,0.97612,13072
2026-04-13T09:00:00.000Z,0.97612,0.97647,0.97341,0.97492,13046
2026-04-13T13:00:00.000Z,0.97492,0.97757,0.97407,0.97697,27734
2026-04-13T17:00:00.000Z,0.97695,0.97914,0.97693,0.97867,11632
2026-04-13T21:00:00.000Z,0.97806,0.97912,0.97704,0.97737,5125
2026-04-14T01:00:00.000Z,0.97737,0.9775,0.97597,0.97687,7559
2026-04-14T05:00:00.000Z,0.97687,0.97852,0.97562,0.97768,15410
2026-04-14T09:00:00.000Z,0.97769,0.98052,0.97769,0.98024,14037
2026-04-14T13:00:00.000Z,0.98024,0.9822,0.97977,0.981,18337
2026-04-14T17:00:00.000Z,0.981,0.98189,0.98085,0.98099,10925
2026-04-14T21:00:00.000Z,0.97993,0.98188,0.97945,0.98094,6721
2026-04-15T01:00:00.000Z,0.98092,0.98265,0.98057,0.98248,9108
2026-04-15T05:00:00.000Z,0.98248,0.98377,0.98247,0.98332,11784
2026-04-15T09:00:00.000Z,0.98333,0.98449,0.98234,0.98322,15607
2026-04-15T13:00:00.000Z,0.98324,0.98483,0.98287,0.98413,19488
2026-04-15T17:00:00.000Z,0.98413,0.98537,0.98337,0.98522,11631
2026-04-15T21:00:00.000Z,0.98338,0.98538,0.98313,0.985,5395
2026-04-16T01:00:00.000Z,0.98502,0.98681,0.9836,0.98602,13108
2026-04-16T05:00:00.000Z,0.98602,0.98666,0.98405,0.98473,18411
2026-04-16T09:00:00.000Z,0.98472,0.98492,0.98382,0.98407,15849
2026-04-16T13:00:00.000Z,0.98406,0.9844,0.98058,0.98079,27054
2026-04-16T17:00:00.000Z,0.98079,0.98137,0.98015,0.98122,15651
2026-04-16T21:00:00.000Z,0.98106,0.9818,0.98002,0.98103,6253
2026-04-17T01:00:00.000Z,0.98103,0.98163,0.98068,0.98112,6874
2026-04-17T05:00:00.000Z,0.98112,0.9817,0.97995,0.98155,12257
2026-04-17T09:00:00.000Z,0.98154,0.98562,0.98047,0.98504,16304
2026-04-17T13:00:00.000Z,0.98505,0.98649,0.98232,0.9824,37583
2026-04-17T17:00:00.000Z,0.98241,0.98249,0.98053,0.98071,18821
2026-04-19T21:00:00.000Z,0.97427,0.97912,0.97405,0.97907,13985
2026-04-20T01:00:00.000Z,0.97907,0.98017,0.97907,0.97987,11270
2026-04-20T05:00:00.000Z,0.97987,0.98079,0.97822,0.9789,20092
2026-04-20T09:00:00.000Z,0.97892,0.98042,0.97887,0.98004,15536
2026-04-20T13:00:00.000Z,0.98007,0.98112,0.97792,0.97862,27808
2026-04-20T17:00:00.000Z,0.97863,0.97978,0.97827,0.97946,10435
2026-04-20T21:00:00.000Z,0.97858,0.97975,0.97819,0.97867,8038
2026-04-21T01:00:00.000Z,0.97872,0.97977,0.97777,0.978,9757
2026-04-21T05:00:00.000Z,0.978,0.97863,0.97597,0.9772,16038
2026-04-21T09:00:00.000Z,0.97717,0.97844,0.97645,0.97735,14726
2026-04-21T13:00:00.000Z,0.9774,0.97943,0.97647,0.97659,27305
2026-04-21T17:00:00.000Z,0.9766,0.97802,0.97472,0.97716,31256
2026-04-21T21:00:00.000Z,0.97699,0.97822,0.97616,0.97782,7597
2026-04-22T01:00:00.000Z,0.97782,0.97827,0.9771,0.97729,10363
2026-04-22T05:00:00.000Z,0.97729,0.97931,0.97724,0.97773,18132
2026-04-22T09:00:00.000Z,0.97771,0.97842,0.97664,0.97692,17588
2026-04-22T13:00:00.000Z,0.97696,0.97857,0.97673,0.97752,26751
2026-04-22T17:00:00.000Z,0.97754,0.97894,0.97742,0.97887,14208
2026-04-22T21:00:00.000Z,0.97757,0.97913,0.976,0.97858,11945
2026-04-23T01:00:00.000Z,0.97858,0.97866,0.97585,0.97704,20811
2026-04-23T05:00:00.000Z,0.97704,0.97813,0.97678,0.97728,16994
2026-04-23T09:00:00.000Z,0.97725,0.97803,0.97539,0.97739,22596
2026-04-23T13:00:00.000Z,0.9774,0.97969,0.97665,0.97954,27989
2026-04-23T17:00:00.000Z,0.97957,0.97973,0.97499,0.97622,30546
2026-04-23T21:00:00.000Z,0.9772,0.9772,0.9754,0.97688,7658
2026-04-24T01:00:00.000Z,0.97689,0.97733,0.97555,0.97668,16877
2026-04-24T05:00:00.000Z,0.9767,0.97723,0.9759,0.97625,17306
2026-04-24T09:00:00.000Z,0.97624,0.97876,0.97552,0.97611,22124
2026-04-24T13:00:00.000Z,0.97613,0.9784,0.97572,0.97774,30030
2026-04-24T17:00:00.000Z,0.97775,0.97801,0.9768,0.97713,13896
2026-04-26T21:00:00.000Z,0.97449,0.97832,0.97438,0.97832,9069
2026-04-27T01:00:00.000Z,0.97838,0.98042,0.97838,0.9794,13441
2026-04-27T05:00:00.000Z,0.97939,0.97949,0.97794,0.97872,15834
2026-04-27T09:00:00.000Z,0.97871,0.97888,0.97748,0.97767,16338
2026-04-27T13:00:00.000Z,0.97766,0.97956,0.97752,0.97897,22389
2026-04-27T17:00:00.000Z,0.97895,0.97992,0.9786,0.97889,10930
2026-04-27T21:00:00.000Z,0.97827,0.97999,0.97827,0.97972,6426
2026-04-28T01:00:00.000Z,0.97973,0.97975,0.97828,0.97915,14494
2026-04-28T05:00:00.000Z,0.97915,0.97965,0.97719,0.97952,21976
2026-04-28T09:00:00.000Z,0.97951,0.9798,0.97774,0.97973,25770
2026-04-28T13:00:00.000Z,0.97972,0.9825,0.97899,0.98237,30307
2026-04-28T17:00:00.000Z,0.98237,0.98322,0.98189,0.98273,12838
2026-04-28T21:00:00.000Z,0.98133,0.98338,0.98124,0.98305,5655
2026-04-29T01:00:00.000Z,0.98303,0.98305,0.97971,0.98024,17914
2026-04-29T05:00:00.000Z,0.98025,0.98055,0.97873,0.97915,18051
2026-04-29T09:00:00.000Z,0.97915,0.98008,0.97839,0.97856,17992
2026-04-29T13:00:00.000Z,0.97856,0.97916,0.974,0.97459,33309
2026-04-29T17:00:00.000Z,0.9746,0.97545,0.97224,0.97355,28835
2026-04-29T21:00:00.000Z,0.97332,0.97481,0.97261,0.97378,11032
2026-04-30T01:00:00.000Z,0.97378,0.97508,0.97337,0.97371,21475
2026-04-30T05:00:00.000Z,0.9737,0.97544,0.97288,0.97454,24480
2026-04-30T09:00:00.000Z,0.97457,0.9787,0.97425,0.9773,36521
2026-04-30T13:00:00.000Z,0.97732,0.97995,0.97674,0.97754,36946
2026-04-30T17:00:00.000Z,0.97753,0.97836,0.97736,0.97784,19085
2026-04-30T21:00:00.000Z,0.97661,0.97819,0.97659,0.97776,8581
2026-05-01T01:00:00.000Z,0.97778,0.97789,0.97668,0.97694,13059
2026-05-01T05:00:00.000Z,0.97692,0.97788,0.97614,0.97647,19191
2026-05-01T09:00:00.000Z,0.97649,0.97717,0.97543,0.97685,18441
2026-05-01T13:00:00.000Z,0.97684,0.98058,0.97647,0.97979,29707
2026-05-01T17:00:00.000Z,0.97978,0.98017,0.97827,0.97828,16309
2026-05-03T21:00:00.000Z,0.97985,0.98057,0.97899,0.97952,9229
2026-05-04T01:00:00.000Z,0.97955,0.98034,0.97883,0.97946,17479
2026-05-04T05:00:00.000Z,0.97947,0.9798,0.97785,0.97851,18452
2026-05-04T09:00:00.000Z,0.97852,0.97925,0.97601,0.97864,24817
2026-05-04T13:00:00.000Z,0.97865,0.97907,0.97392,0.9745,34349
2026-05-04T17:00:00.000Z,0.97451,0.97632,0.97446,0.97595,16633
2026-05-04T21:00:00.000Z,0.97616,0.97662,0.97529,0.97553,6531
2026-05-05T01:00:00.000Z,0.97555,0.97669,0.9744,0.97452,12302
2026-05-05T05:00:00.000Z,0.97447,0.97522,0.97225,0.97457,20603
2026-05-05T09:00:00.000Z,0.97459,0.97799,0.97419,0.9774,18734
2026-05-05T13:00:00.000Z,0.97739,0.97951,0.97694,0.97881,22737
2026-05-05T17:00:00.000Z,0.9788,0.97925,0.97797,0.97807,9608
2026-05-05T21:00:00.000Z,0.97727,0.98219,0.97707,0.98215,13655
2026-05-06T01:00:00.000Z,0.98216,0.98514,0.982,0.98422,20336
2026-05-06T05:00:00.000Z,0.98423,0.9868,0.98324,0.98626,22354
2026-05-06T09:00:00.000Z,0.98629,0.98864,0.98399,0.98505,32094
2026-05-06T13:00:00.000Z,0.98505,0.98669,0.98416,0.98525,30293
2026-05-06T17:00:00.000Z,0.98524,0.98715,0.98521,0.98649,13276
2026-05-06T21:00:00.000Z,0.98571,0.98709,0.98495,0.98662,8475
2026-05-07T01:00:00.000Z,0.98664,0.98824,0.98623,0.98807,15134
2026-05-07T05:00:00.000Z,0.98809,0.9897,0.98768,0.9889,19406
2026-05-07T09:00:00.000Z,0.98892,0.98934,0.98806,0.9887,18231
2026-05-07T13:00:00.000Z,0.98869,0.98948,0.98633,0.98656,27533
2026-05-07T17:00:00.000Z,0.98655,0.98677,0.98397,0.98457,25072
2026-05-07T21:00:00.000Z,0.98396,0.98491,0.98328,0.98447,9815
2026-05-08T01:00:00.000Z,0.98448,0.98616,0.98418,0.98594,17026
2026-05-08T05:00:00.000Z,0.98593,0.98774,0.98556,0.98751,17344
2026-05-08T09:00:00.000Z,0.98751,0.99189,0.98672,0.99088,20090
2026-05-08T13:00:00.000Z,0.99091,0.99304,0.99028,0.99112,26717
2026-05-08T17:00:00.000Z,0.99112,0.99159,0.99059,0.99094,11441
2026-05-10T21:00:00.000Z,0.98781,0.99053,0.98726,0.9903,10229
2026-05-11T01:00:00.000Z,0.99033,0.99044,0.98917,0.9896,16051
2026-05-11T05:00:00.000Z,0.98961,0.99061,0.98913,0.98933,15285
2026-05-11T09:00:00.000Z,0.98929,0.99086,0.98886,0.98991,16924
2026-05-11T13:00:00.000Z,0.98989,0.9921,0.98989,0.99062,22695
2026-05-11T17:00:00.000Z,0.99063,0.99176,0.99041,0.99135,11817
2026-05-11T21:00:00.000Z,0.99098,0.99164,0.99,0.99022,7007
2026-05-12T01:00:00.000Z,0.9902,0.99058,0.98892,0.99016,17376
2026-05-12T05:00:00.000Z,0.99017,0.99031,0.98736,0.98907,24143
2026-05-12T09:00:00.000Z,0.98907,0.99107,0.98864,0.99064,22725
2026-05-12T13:00:00.000Z,0.99063,0.99144,0.98939,0.98941,32949
2026-05-12T17:00:00.000Z,0.98945,0.99169,0.98941,0.99141,15331
2026-05-12T21:00:00.000Z,0.99127,0.99175,0.99072,0.99094,8097
2026-05-13T01:00:00.000Z,0.99093,0.99193,0.99013,0.99071,15586
2026-05-13T05:00:00.000Z,0.99073,0.99226,0.99065,0.99193,17403
2026-05-13T09:00:00.000Z,0.99196,0.99301,0.9913,0.99175,19128
2026-05-13T13:00:00.000Z,0.99178,0.99573,0.99178,0.99499,26104
2026-05-13T17:00:00.000Z,0.99497,0.99542,0.99378,0.9947,13680
2026-05-13T21:00:00.000Z,0.99455,0.99477,0.99333,0.99362,8282
2026-05-14T01:00:00.000Z,0.9936,0.99457,0.99278,0.99425,14376
2026-05-14T05:00:00.000Z,0.99426,0.99518,0.99287,0.99373,20189
2026-05-14T09:00:00.000Z,0.99375,0.99397,0.99258,0.99274,18865
2026-05-14T13:00:00.000Z,0.99274,0.99285,0.9904,0.99069,28015
2026-05-14T17:00:00.000Z,0.99073,0.99147,0.99009,0.99021,15088
2026-05-14T21:00:00.000Z,0.99053,0.99091,0.98918,0.98972,8603
2026-05-15T01:00:00.000Z,0.98972,0.98989,0.98709,0.9871,22519
2026-05-15T05:00:00.000Z,0.98711,0.98713,0.98364,0.9839,29601
2026-05-15T09:00:00.000Z,0.9839,0.98613,0.98213,0.98378,26963
2026-05-15T13:00:00.000Z,0.98379,0.98568,0.98273,0.98294,35167
2026-05-15T17:00:00.000Z,0.98292,0.98413,0.98247,0.98249,17894
2026-05-17T21:00:00.000Z,0.98246,0.98371,0.97967,0.98034,15957
2026-05-18T01:00:00.000Z,0.98032,0.98142,0.97972,0.98077,23784
2026-05-18T05:00:00.000Z,0.98079,0.98399,0.98019,0.98327,22834
2026-05-18T09:00:00.000Z,0.98327,0.98654,0.9823,0.98619,23936
2026-05-18T13:00:00.000Z,0.9862,0.98641,0.98279,0.98406,34657
2026-05-18T17:00:00.000Z,0.98407,0.98549,0.98275,0.98479,21193
2026-05-18T21:00:00.000Z,0.98364,0.98578,0.98293,0.98303,9279
2026-05-19T01:00:00.000Z,0.98301,0.98323,0.98016,0.98039,22292
2026-05-19T05:00:00.000Z,0.98038,0.98084,0.97838,0.97928,23621
2026-05-19T09:00:00.000Z,0.97928,0.98064,0.97826,0.97928,23249
2026-05-19T13:00:00.000Z,0.97924,0.97944,0.97457,0.97764,34131
2026-05-19T17:00:00.000Z,0.97763,0.97851,0.97673,0.97673,16884
2026-05-19T21:00:00.000Z,0.97662,0.97736,0.97565,0.97568,10576
2026-05-20T01:00:00.000Z,0.9757,0.97768,0.9751,0.97681,25646
2026-05-20T05:00:00.000Z,0.97682,0.97958,0.9765,0.97937,21895
2026-05-20T09:00:00.000Z,0.97937,0.98146,0.97911,0.98036,16537
2026-05-20T13:00:00.000Z,0.98034,0.98535,0.97953,0.9835,37000
2026-05-20T17:00:00.000Z,0.98352,0.98434,0.98292,0.98301,17368
2026-05-20T21:00:00.000Z,0.98222,0.98316,0.9816,0.9826,8606
2026-05-21T01:00:00.000Z,0.98261,0.98357,0.9772,0.98069,21368
2026-05-21T05:00:00.000Z,0.98068,0.98245,0.9783,0.9817,26333
2026-05-21T09:00:00.000Z,0.98167,0.98293,0.97996,0.98131,27007
2026-05-21T13:00:00.000Z,0.98131,0.98405,0.981,0.98368,33375
2026-05-21T17:00:00.000Z,0.98369,0.98732,0.98355,0.98512,27342
2026-05-21T21:00:00.000Z,0.98486,0.98528,0.98418,0.98429,7582
2026-05-22T01:00:00.000Z,0.98426,0.98488,0.98374,0.98458,14259
2026-05-22T05:00:00.000Z,0.98458,0.98526,0.98319,0.9833,19024
2026-05-22T09:00:00.000Z,0.98329,0.98442,0.98238,0.9844,20782
2026-05-22T13:00:00.000Z,0.98439,0.98577,0.98255,0.98523,28726
2026-05-22T17:00:00.000Z,0.98521,0.98627,0.98457,0.98525,16136
2026-05-24T21:00:00.000Z,0.98758,0.98891,0.9872,0.98806,9800
2026-05-25T01:00:00.000Z,0.98807,0.98991,0.98807,0.98968,10894
2026-05-25T05:00:00.000Z,0.98967,0.99005,0.98827,0.98984,14136
2026-05-25T09:00:00.000Z,0.98985,0.99064,0.98967,0.98983,10366
2026-05-25T13:00:00.000Z,0.98982,0.99078,0.98935,0.99005,12716
2026-05-25T17:00:00.000Z,0.99005,0.99045,0.98996,0.99017,3061
2026-05-25T21:00:00.000Z,0.98957,0.99035,0.98906,0.9897,7648
2026-05-26T01:00:00.000Z,0.98969,0.99022,0.98888,0.98891,13692
2026-05-26T05:00:00.000Z,0.9889,0.98989,0.98814,0.98872,17883
2026-05-26T09:00:00.000Z,0.98874,0.99059,0.9882,0.99041,17219
2026-05-26T13:00:00.000Z,0.9904,0.99113,0.9883,0.98926,26801
2026-05-26T17:00:00.000Z,0.98927,0.99047,0.98911,0.98988,11467
2026-05-26T21:00:00.000Z,0.98931,0.99104,0.98922,0.99067,6906
2026-05-27T01:00:00.000Z,0.99066,0.99119,0.98798,0.9888,16786
2026-05-27T05:00:00.000Z,0.98877,0.98901,0.98649,0.98748,19483
2026-05-27T09:00:00.000Z,0.98746,0.98817,0.98556,0.98638,21828
2026-05-27T13:00:00.000Z,0.98633,0.98752,0.98576,0.987,32140
2026-05-27T17:00:00.000Z,0.98702,0.98827,0.98641,0.98823,13602
2026-05-27T21:00:00.000Z,0.98724,0.9885,0.98688,0.98738,9322
2026-05-28T01:00:00.000Z,0.98736,0.98765,0.98404,0.9846,19749
2026-05-28T05:00:00.000Z,0.98461,0.98703,0.98427,0.98632,21656
2026-05-28T09:00:00.000Z,0.98631,0.98744,0.98521,0.98715,22372
2026-05-28T13:00:00.000Z,0.98713,0.98929,0.98624,0.98843,33775
2026-05-28T17:00:00.000Z,0.98844,0.98848,0.98681,0.98688,14811
2026-05-28T21:00:00.000Z,0.98679,0.98761,0.98595,0.98691,9640
2026-05-29T01:00:00.000Z,0.9869,0.98771,0.98628,0.9877,15573
2026-05-29T05:00:00.000Z,0.98769,0.98838,0.9869,0.9874,17890
2026-05-29T09:00:00.000Z,0.98742,0.99216,0.98713,0.99194,19015
2026-05-29T13:00:00.000Z,0.99193,0.99315,0.99042,0.99191,33958
2026-05-29T17:00:00.000Z,0.99189,0.99195,0.99044,0.99095,17854
2026-05-31T21:00:00.000Z,0.98878,0.99181,0.98849,0.99161,13016
2026-06-01T01:00:00.000Z,0.99162,0.99244,0.99099,0.99207,15724
2026-06-01T05:00:00.000Z,0.99208,0.99262,0.99099,0.99241,16785
2026-06-01T09:00:00.000Z,0.99241,0.99262,0.99101,0.99122,18148
2026-06-01T13:00:00.000Z,0.99125,0.99156,0.98737,0.99006,34263
2026-06-01T17:00:00.000Z,0.99006,0.99161,0.98985,0.99092,15315
2026-06-01T21:00:00.000Z,0.99123,0.9917,0.99037,0.99109,7685
2026-06-02T01:00:00.000Z,0.9911,0.99221,0.99043,0.99148,15131
2026-06-02T05:00:00.000Z,0.99149,0.99458,0.9914,0.99411,17370
2026-06-02T09:00:00.000Z,0.99413,0.9951,0.99292,0.99303,16226
2026-06-02T13:00:00.000Z,0.99305,0.99381,0.99134,0.99301,25482
2026-06-02T17:00:00.000Z,0.993,0.99373,0.99238,0.99361,10948
2026-06-02T21:00:00.000Z,0.99308,0.99391,0.9923,0.99382,7678
2026-06-03T01:00:00.000Z,0.99381,0.99386,0.99232,0.99273,12384
2026-06-03T05:00:00.000Z,0.99272,0.99318,0.99097,0.99222,20183
2026-06-03T09:00:00.000Z,0.99222,0.99374,0.99134,0.99184,19046
2026-06-03T13:00:00.000Z,0.99185,0.99204,0.98994,0.99131,30437
2026-06-03T17:00:00.000Z,0.99132,0.99144,0.99025,0.99035,13169
2026-06-03T21:00:00.000Z,0.99017,0.99144,0.98966,0.99056,10833
2026-06-04T01:00:00.000Z,0.99058,0.99144,0.98983,0.99103,16509
2026-06-04T05:00:00.000Z,0.99104,0.99287,0.99057,0.99218,19374
2026-06-04T09:00:00.000Z,0.99221,0.99302,0.99126,0.99177,24074
2026-06-04T13:00:00.000Z,0.99179,0.99262,0.99131,0.99201,27295
2026-06-04T17:00:00.000Z,0.992,0.99244,0.99154,0.99194,11824
2026-06-04T21:00:00.000Z,0.99144,0.99229,0.99041,0.99049,8447
2026-06-05T01:00:00.000Z,0.9905,0.99117,0.98846,0.9909,15728
2026-06-05T05:00:00.000Z,0.99089,0.99116,0.9895,0.99025,17737
2026-06-05T09:00:00.000Z,0.99026,0.99147,0.98667,0.98679,21950
2026-06-05T13:00:00.000Z,0.9868,0.98805,0.98254,0.98384,37780
2026-06-05T17:00:00.000Z,0.98384,0.98391,0.98124,0.98161,26271
2026-06-07T21:00:00.000Z,0.9786,0.98382,0.97846,0.98375,14587
2026-06-08T01:00:00.000Z,0.98373,0.98429,0.98149,0.98221,26439
2026-06-08T05:00:00.000Z,0.9822,0.98396,0.98106,0.98318,30631
2026-06-08T09:00:00.000Z,0.98319,0.98601,0.98202,0.98493,28109
2026-06-08T13:00:00.000Z,0.98492,0.98565,0.98269,0.98379,36919
2026-06-08T17:00:00.000Z,0.98378,0.98385,0.98264,0.98286,21473
2026-06-08T21:00:00.000Z,0.98227,0.98301,0.98142,0.98266,14148
2026-06-09T01:00:00.000Z,0.98266,0.98435,0.98218,0.98376,21901
2026-06-09T05:00:00.000Z,0.98379,0.98491,0.98233,0.98283,24735
2026-06-09T09:00:00.000Z,0.98285,0.9835,0.98205,0.98278,18322
2026-06-09T13:00:00.000Z,0.98279,0.98347,0.97833,0.97945,47943
2026-06-09T17:00:00.000Z,0.97944,0.98133,0.97937,0.9802,33371
2026-06-09T21:00:00.000Z,0.97988,0.9808,0.97827,0.98034,13621
2026-06-10T01:00:00.000Z,0.98035,0.98071,0.97856,0.97875,25343
2026-06-10T05:00:00.000Z,0.97874,0.97926,0.97651,0.97655,27710
2026-06-10T09:00:00.000Z,0.97656,0.9784,0.97478,0.97712,33419
2026-06-10T13:00:00.000Z,0.9771,0.97861,0.97642,0.97756,47473
2026-06-10T17:00:00.000Z,0.97757,0.97818,0.9753,0.97538,30887
2026-06-10T21:00:00.000Z,0.97507,0.97605,0.97461,0.97537,19188
2026-06-11T01:00:00.000Z,0.97535,0.97686,0.97532,0.97672,22727
2026-06-11T05:00:00.000Z,0.97673,0.97809,0.97637,0.97723,21438
2026-06-11T09:00:00.000Z,0.97723,0.97814,0.97604,0.9772,25188
2026-06-11T13:00:00.000Z,0.97724,0.97981,0.97663,0.97865,43224
2026-06-11T17:00:00.000Z,0.97867,0.98433,0.97848,0.98415,41553
2026-06-11T21:00:00.000Z,0.98354,0.985,0.98251,0.98455,12846
2026-06-12T01:00:00.000Z,0.98453,0.98458,0.98247,0.9838,25150
2026-06-12T05:00:00.000Z,0.98378,0.9851,0.98204,0.98449,30084
2026-06-12T09:00:00.000Z,0.98449,0.98581,0.9834,0.98362,27589
2026-06-12T13:00:00.000Z,0.98364,0.98557,0.98321,0.98483,43746
2026-06-12T17:00:00.000Z,0.98482,0.98582,0.98482,0.9854,19467
2026-06-14T21:00:00.000Z,0.98467,0.9896,0.98438,0.98731,16613
2026-06-15T01:00:00.000Z,0.98729,0.98925,0.9872,0.98858,16170
2026-06-15T05:00:00.000Z,0.98859,0.98876,0.98762,0.98805,20542
2026-06-15T09:00:00.000Z,0.98804,0.98876,0.98754,0.98811,17304
2026-06-15T13:00:00.000Z,0.98809,0.99047,0.98791,0.98987,23587
2026-06-15T17:00:00.000Z,0.98989,0.98996,0.98883,0.98905,13623
2026-06-15T21:00:00.000Z,0.98851,0.98966,0.98848,0.98928,7270
2026-06-16T01:00:00.000Z,0.98927,0.98949,0.98733,0.98784,15867
2026-06-16T05:00:00.000Z,0.98783,0.98985,0.98693,0.98964,18572
2026-06-16T09:00:00.000Z,0.98963,0.99065,0.98938,0.99048,16824
2026-06-16T13:00:00.000Z,0.99049,0.99081,0.98892,0.98921,26327
2026-06-16T17:00:00.000Z,0.98921,0.98978,0.98869,0.98885,12964
2026-06-16T21:00:00.000Z,0.98826,0.9893,0.98781,0.98893,9124
2026-06-17T01:00:00.000Z,0.98894,0.98942,0.98811,0.98814,10271
2026-06-17T05:00:00.000Z,0.98814,0.98876,0.98768,0.98834,14009
2026-06-17T09:00:00.000Z,0.98833,0.98988,0.98816,0.98971,13580
2026-06-17T13:00:00.000Z,0.98973,0.99226,0.98947,0.99207,23076
2026-06-17T17:00:00.000Z,0.99207,0.99254,0.98725,0.9888,42528
2026-06-17T21:00:00.000Z,0.98863,0.99106,0.98822,0.98995,10934
2026-06-18T01:00:00.000Z,0.98996,0.9927,0.98994,0.99187,15556
2026-06-18T05:00:00.000Z,0.99189,0.99275,0.98995,0.99013,20880
2026-06-18T09:00:00.000Z,0.99014,0.99107,0.98916,0.9907,25761
2026-06-18T13:00:00.000Z,0.99071,0.99358,0.99019,0.99225,34011
2026-06-18T17:00:00.000Z,0.99228,0.99279,0.99094,0.99144,17541
2026-06-18T21:00:00.000Z,0.99148,0.99205,0.99048,0.99132,7145
2026-06-19T01:00:00.000Z,0.99131,0.99162,0.98966,0.98988,14224
2026-06-19T05:00:00.000Z,0.98989,0.99225,0.98942,0.99203,20024
2026-06-19T09:00:00.000Z,0.99204,0.99377,0.99153,0.99369,17536
2026-06-19T13:00:00.000Z,0.99369,0.99429,0.99282,0.99348,14749
2026-06-19T17:00:00.000Z,0.99349,0.99434,0.9922,0.99276,26875
2026-06-21T21:00:00.000Z,0.99256,0.99372,0.99153,0.9937,9244
2026-06-22T01:00:00.000Z,0.99373,0.99451,0.99302,0.99375,16733
2026-06-22T05:00:00.000Z,0.99375,0.99401,0.99158,0.99186,20808
2026-06-22T09:00:00.000Z,0.99188,0.99316,0.99152,0.99183,18530
2026-06-22T13:00:00.000Z,0.99184,0.99319,0.99104,0.99177,33396
2026-06-22T17:00:00.000Z,0.99179,0.99208,0.99068,0.99111,12880
2026-06-22T21:00:00.000Z,0.99119,0.99156,0.98882,0.98944,8033
2026-06-23T01:00:00.000Z,0.98946,0.98979,0.98723,0.98742,19549
2026-06-23T05:00:00.000Z,0.98744,0.9875,0.98425,0.98506,25899
2026-06-23T09:00:00.000Z,0.98505,0.98677,0.98345,0.98401,20390
2026-06-23T13:00:00.000Z,0.98403,0.98476,0.98259,0.98276,31238
2026-06-23T17:00:00.000Z,0.98274,0.98295,0.98176,0.98244,14875
2026-06-23T21:00:00.000Z,0.98199,0.98333,0.98199,0.98314,9674
2026-06-24T01:00:00.000Z,0.98313,0.98362,0.98129,0.98213,19321
2026-06-24T05:00:00.000Z,0.98214,0.98332,0.98109,0.98132,19174
2026-06-24T09:00:00.000Z,0.98132,0.98224,0.9798,0.98111,21762
2026-06-24T13:00:00.000Z,0.98113,0.98208,0.98063,0.98125,33831
2026-06-24T17:00:00.000Z,0.98125,0.98208,0.97971,0.982,22867
2026-06-24T21:00:00.000Z,0.98051,0.98207,0.98033,0.98129,9214
2026-06-25T01:00:00.000Z,0.98128,0.98262,0.98016,0.98197,17964
2026-06-25T05:00:00.000Z,0.98195,0.9823,0.98068,0.98183,17699
2026-06-25T09:00:00.000Z,0.98182,0.98338,0.98061,0.98289,18250
2026-06-25T13:00:00.000Z,0.98292,0.98308,0.9793,0.9813,40602
2026-06-25T17:00:00.000Z,0.98131,0.98208,0.98071,0.98092,20595
2026-06-25T21:00:00.000Z,0.98057,0.98123,0.97898,0.97932,10581
2026-06-26T01:00:00.000Z,0.97934,0.97979,0.97676,0.97715,22146
2026-06-26T05:00:00.000Z,0.97714,0.9792,0.97704,0.97812,21615
2026-06-26T09:00:00.000Z,0.97813,0.97933,0.97785,0.9786,20873
2026-06-26T13:00:00.000Z,0.97863,0.98052,0.97758,0.97929,32032
2026-06-26T17:00:00.000Z,0.9793,0.97936,0.97734,0.97798,15951
2026-06-28T21:00:00.000Z,0.97717,0.97872,0.97671,0.97703,10421
2026-06-29T01:00:00.000Z,0.97701,0.97802,0.97646,0.97754,18460
2026-06-29T05:00:00.000Z,0.9775,0.97887,0.97733,0.97824,16343
2026-06-29T09:00:00.000Z,0.97822,0.98017,0.97817,0.97951,17117
2026-06-29T13:00:00.000Z,0.97953,0.97975,0.97724,0.97789,27550
2026-06-29T17:00:00.000Z,0.97788,0.97862,0.97762,0.97851,11563
2026-06-29T21:00:00.000Z,0.97824,0.97887,0.97665,0.97707,8066
2026-06-30T01:00:00.000Z,0.97709,0.97853,0.9765,0.97784,14470
2026-06-30T05:00:00.000Z,0.97783,0.9794,0.9776,0.97935,17107
2026-06-30T09:00:00.000Z,0.97936,0.98091,0.97918,0.97951,15228
2026-06-30T13:00:00.000Z,0.97952,0.98307,0.97952,0.98199,26274
2026-06-30T17:00:00.000Z,0.98202,0.98314,0.98147,0.98237,12520
2026-06-30T21:00:00.000Z,0.98148,0.98227,0.98077,0.98078,6245
2026-07-01T01:00:00.000Z,0.98079,0.98104,0.97874,0.97961,13671
2026-07-01T05:00:00.000Z,0.97961,0.98044,0.97907,0.98007,14603
2026-07-01T09:00:00.000Z,0.98007,0.98108,0.97965,0.98081,15276
2026-07-01T13:00:00.000Z,0.98078,0.98154,0.97988,0.98046,32638
2026-07-01T17:00:00.000Z,0.98048,0.98068,0.97945,0.97969,11583
2026-07-01T21:00:00.000Z,0.97914,0.98002,0.97839,0.97933,6868
2026-07-02T01:00:00.000Z,0.97934,0.98045,0.9788,0.97985,14294
2026-07-02T05:00:00.000Z,0.97984,0.98039,0.97818,0.98029,21521
2026-07-02T09:00:00.000Z,0.98026,0.98266,0.97866,0.98142,25236
2026-07-02T13:00:00.000Z,0.98142,0.98377,0.98117,0.9815,39741
2026-07-02T17:00:00.000Z,0.98151,0.98178,0.98051,0.98154,17275
2026-07-02T21:00:00.000Z,0.9811,0.98174,0.98,0.98138,8984
2026-07-03T01:00:00.000Z,0.98139,0.9831,0.98126,0.98281,15012
2026-07-03T05:00:00.000Z,0.98281,0.98474,0.98265,0.98417,16291
2026-07-03T09:00:00.000Z,0.98418,0.98544,0.98383,0.98514,12083
2026-07-03T13:00:00.000Z,0.98513,0.98526,0.98438,0.98522,11818
2026-07-03T17:00:00.000Z,0.98523,0.9854,0.98445,0.98501,28647
2026-07-05T21:00:00.000Z,0.98436,0.98563,0.98412,0.98501,8295
2026-07-06T01:00:00.000Z,0.98498,0.98545,0.98363,0.98498,15972
2026-07-06T05:00:00.000Z,0.98499,0.98643,0.98435,0.98627,15544
2026-07-06T09:00:00.000Z,0.98627,0.98646,0.98551,0.98586,14330
2026-07-06T13:00:00.000Z,0.98588,0.98745,0.98515,0.98745,19497
2026-07-06T17:00:00.000Z,0.98745,0.98871,0.98743,0.98811,9627
2026-07-06T21:00:00.000Z,0.98704,0.98862,0.9868,0.98757,6125
2026-07-07T01:00:00.000Z,0.98756,0.98885,0.98691,0.98691,13363
2026-07-07T05:00:00.000Z,0.98692,0.98724,0.9861,0.98659,15979
2026-07-07T09:00:00.000Z,0.98657,0.98865,0.98646,0.98827,14894
2026-07-07T13:00:00.000Z,0.98828,0.98829,0.98397,0.98445,24784
2026-07-07T17:00:00.000Z,0.98445,0.98486,0.98312,0.98382,15354
2026-07-07T21:00:00.000Z,0.98307,0.98491,0.98214,0.98489,8619
2026-07-08T01:00:00.000Z,0.98491,0.98584,0.9844,0.98494,17875
2026-07-08T05:00:00.000Z,0.98492,0.98529,0.97926,0.97934,25369
2026-07-08T09:00:00.000Z,0.97935,0.98268,0.97838,0.98178,25361
2026-07-08T13:00:00.000Z,0.9818,0.98228,0.97992,0.9817,32798
2026-07-08T17:00:00.000Z,0.98173,0.9829,0.98153,0.98222,16638
2026-07-08T21:00:00.000Z,0.98131,0.98279,0.98035,0.98181,6888
2026-07-09T01:00:00.000Z,0.98183,0.9825,0.98099,0.98241,14857
2026-07-09T05:00:00.000Z,0.9824,0.98417,0.98183,0.98378,16952
2026-07-09T09:00:00.000Z,0.98377,0.9839,0.98226,0.98257,16841
2026-07-09T13:00:00.000Z,0.98259,0.98427,0.98256,0.98303,21666
2026-07-09T17:00:00.000Z,0.98304,0.98373,0.98302,0.98315,9114
2026-07-09T21:00:00.000Z,0.9827,0.98376,0.98222,0.98344,6086
2026-07-10T01:00:00.000Z,0.98345,0.98519,0.98289,0.98438,14560
2026-07-10T05:00:00.000Z,0.98437,0.9847,0.98335,0.98364,16575
2026-07-10T09:00:00.000Z,0.98365,0.98456,0.9826,0.98295,16807
2026-07-10T13:00:00.000Z,0.98297,0.98439,0.98235,0.98271,27833
2026-07-10T17:00:00.000Z,0.98271,0.98435,0.98264,0.98413,10647
2026-07-12T21:00:00.000Z,0.98309,0.98362,0.98215,0.98235,10593
2026-07-13T01:00:00.000Z,0.98237,0.98269,0.98069,0.98114,18473
2026-07-13T05:00:00.000Z,0.98115,0.98184,0.98048,0.98123,22817
2026-07-13T09:00:00.000Z,0.98123,0.98181,0.98094,0.98173,19902
2026-07-13T13:00:00.000Z,0.98179,0.98187,0.97894,0.97927,30885
2026-07-13T17:00:00.000Z,0.9793,0.97985,0.97862,0.97914,14625
2026-07-13T21:00:00.000Z,0.97837,0.97938,0.97817,0.97878,11205
2026-07-14T01:00:00.000Z,0.97881,0.97976,0.97828,0.97968,19822
2026-07-14T05:00:00.000Z,0.97971,0.98036,0.97821,0.97842,19586
2026-07-14T09:00:00.000Z,0.97841,0.98256,0.9782,0.98074,27046
2026-07-14T13:00:00.000Z,0.98074,0.98286,0.98014,0.98101,36949
2026-07-14T17:00:00.000Z,0.981,0.98146,0.98011,0.98037,14346
2026-07-14T21:00:00.000Z,0.98073,0.98122,0.97946,0.98107,7015
2026-07-15T01:00:00.000Z,0.98108,0.98172,0.98043,0.98107,14497
2026-07-15T05:00:00.000Z,0.9811,0.9823,0.9808,0.98211,16701
2026-07-15T09:00:00.000Z,0.98213,0.98334,0.98172,0.98313,19081
2026-07-15T13:00:00.000Z,0.98314,0.98394,0.98223,0.98238,26769
2026-07-15T17:00:00.000Z,0.98239,0.9847,0.98238,0.98359,14890
2026-07-15T21:00:00.000Z,0.98301,0.98398,0.98215,0.98232,7218
2026-07-16T01:00:00.000Z,0.98233,0.98355,0.98153,0.98302,11960
2026-07-16T05:00:00.000Z,0.98301,0.98321,0.98222,0.98256,15297
2026-07-16T09:00:00.000Z,0.98259,0.98327,0.98135,0.9815,16950
2026-07-16T13:00:00.000Z,0.98153,0.98326,0.98126,0.98251,24934
2026-07-16T17:00:00.000Z,0.98252,0.98288,0.9822,0.9823,11321
2026-07-16T21:00:00.000Z,0.98172,0.98276,0.98143,0.98213,6319
2026-07-17T01:00:00.000Z,0.98214,0.98229,0.97917,0.9796,14420
2026-07-17T05:00:00.000Z,0.9796,0.98086,0.9781,0.97828,19242
2026-07-17T09:00:00.000Z,0.97829,0.97853,0.97737,0.97741,17926
2026-07-17T13:00:00.000Z,0.97742,0.97889,0.97679,0.9783,26949
2026-07-17T17:00:00.000Z,0.97832,0.97876,0.97804,0.97861,12066
2026-07-19T21:00:00.000Z,0.97548,0.97893,0.97511,0.97864,9798
2026-07-20T01:00:00.000Z,0.97865,0.98011,0.97855,0.97984,14835
2026-07-20T05:00:00.000Z,0.97984,0.98164,0.9786,0.98155,13757
2026-07-20T09:00:00.000Z,0.98156,0.98403,0.98103,0.98378,16216
2026-07-20T13:00:00.000Z,0.9838,0.98484,0.98338,0.98439,21905
2026-07-20T17:00:00.000Z,0.98439,0.98483,0.98399,0.98445,11585
2026-07-20T21:00:00.000Z,0.98438,0.98582,0.98431,0.9854,8643
2026-07-21T01:00:00.000Z,0.98539,0.98664,0.98526,0.98601,12963
2026-07-21T05:00:00.000Z,0.98603,0.98772,0.98584,0.98763,12589
2026-07-21T09:00:00.000Z,0.98765,0.98796,0.98639,0.98751,14790
2026-07-21T13:00:00.000Z,0.98748,0.98814,0.98609,0.98772,21780
2026-07-21T17:00:00.000Z,0.98771,0.98835,0.98702,0.98716,7982
2026-07-21T21:00:00.000Z,0.98694,0.98856,0.98685,0.98851,6318
2026-07-22T01:00:00.000Z,0.98854,0.98877,0.98696,0.98714,11779
2026-07-22T05:00:00.000Z,0.98715,0.9872,0.98546,0.98612,14718
2026-07-22T09:00:00.000Z,0.9861,0.98648,0.98362,0.98414,16723
2026-07-22T13:00:00.000Z,0.98415,0.98594,0.98415,0.98579,20023
2026-07-22T17:00:00.000Z,0.9858,0.98593,0.98498,0.9854,9509
2026-07-22T21:00:00.000Z,0.98497,0.98506,0.98327,0.9846,6487
2026-07-23T01:00:00.000Z,0.98458,0.98794,0.98444,0.98651,14156
2026-07-23T05:00:00.000Z,0.98649,0.98675,0.98452,0.98526,15584
2026-07-23T09:00:00.000Z,0.98528,0.9858,0.98241,0.98269,20018
2026-07-23T13:00:00.000Z,0.98268,0.98287,0.98116,0.98211,33391
2026-07-23T17:00:00.000Z,0.98214,0.98215,0.98019,0.98109,15724
2026-07-23T21:00:00.000Z,0.98068,0.98169,0.98025,0.98159,8888
2026-07-24T01:00:00.000Z,0.98158,0.9823,0.98103,0.98188,17546
2026-07-24T05:00:00.000Z,0.9819,0.98382,0.98182,0.9837,18658
2026-07-24T09:00:00.000Z,0.98372,0.98471,0.98357,0.98404,16378
2026-07-24T13:00:00.000Z,0.98404,0.98528,0.98324,0.98452,25689
2026-07-24T17:00:00.000Z,0.98452,0.98485,0.98375,0.98389,12423
2026-07-26T21:00:00.000Z,0.98545,0.98662,0.98464,0.98465,11282
2026-07-27T01:00:00.000Z,0.98465,0.98571,0.98457,0.98528,15799
2026-07-27T05:00:00.000Z,0.98526,0.98804,0.98526,0.98729,17161
2026-07-27T09:00:00.000Z,0.98726,0.98783,0.98649,0.98702,16317
2026-07-27T13:00:00.000Z,0.98701,0.98744,0.98607,0.98702,28928
2026-07-27T17:00:00.000Z,0.98704,0.98748,0.98643,0.9871,12595
2026-07-27T21:00:00.000Z,0.98667,0.98712,0.98602,0.9866,6321
2026-07-28T01:00:00.000Z,0.98659,0.98779,0.98393,0.98421,15976
2026-07-28T05:00:00.000Z,0.9842,0.98462,0.98317,0.98394,18938
2026-07-28T09:00:00.000Z,0.98395,0.98399,0.98221,0.98355,17340
2026-07-28T13:00:00.000Z,0.98355,0.9842,0.98218,0.98356,26251
2026-07-28T17:00:00.000Z,0.98355,0.98426,0.98343,0.9837,12218
2026-07-28T21:00:00.000Z,0.98354,0.98416,0.98269,0.98273,8907
2026-07-29T01:00:00.000Z,0.98274,0.9829,0.97827,0.97954,22673
2026-07-29T05:00:00.000Z,0.97954,0.98036,0.97845,0.97878,17483
2026-07-29T09:00:00.000Z,0.97879,0.9793,0.97775,0.97828,18444
2026-07-29T13:00:00.000Z,0.97827,0.97888,0.97543,0.9765,25298
2026-07-29T17:00:00.000Z,0.9765,0.98109,0.97571,0.97672,38186
2026-07-29T21:00:00.000Z,0.97656,0.97733,0.97502,0.97679,11582
2026-07-30T01:00:00.000Z,0.9768,0.97801,0.97648,0.9767,17523
2026-07-30T05:00:00.000Z,0.9767,0.97877,0.97614,0.97823,21587
2026-07-30T09:00:00.000Z,0.97822,0.98061,0.97815,0.98019,24277
2026-07-30T13:00:00.000Z,0.98021,0.98396,0.97997,0.98315,38215
2026-07-30T17:00:00.000Z,0.98314,0.98466,0.98306,0.98452,16924
2026-07-30T21:00:00.000Z,0.984,0.98523,0.98326,0.98513,9528
2026-07-31T01:00:00.000Z,0.98515,0.9854,0.98366,0.98511,16133
2026-07-31T05:00:00.000Z,0.98511,0.98661,0.98502,0.98643,20274
2026-07-31T09:00:00.000Z,0.98642,0.98654,0.98415,0.98416,21261
2026-07-31T13:00:00.000Z,0.98417,0.98585,0.98271,0.98559,35105
2026-07-31T17:00:00.000Z,0.98558,0.98696,0.98551,0.98625,20871
2026-08-02T21:00:00.000Z,0.98638,0.9877,0.98526,0.9873,15256
2026-08-03T01:00:00.000Z,0.98732,0.98753,0.98619,0.98655,14696
2026-08-03T05:00:00.000Z,0.98653,0.98716,0.98394,0.98415,17383
2026-08-03T09:00:00.000Z,0.98413,0.98425,0.98223,0.98245,17491
2026-08-03T13:00:00.000Z,0.98244,0.98301,0.98106,0.98254,24064
2026-08-03T17:00:00.000Z,0.98251,0.98316,0.98224,0.98309,10880
2026-08-03T21:00:00.000Z,0.98292,0.98359,0.9824,0.98296,7742
2026-08-04T01:00:00.000Z,0.98295,0.98604,0.98276,0.98572,15565
2026-08-04T05:00:00.000Z,0.98573,0.987,0.98548,0.98584,16817
2026-08-04T09:00:00.000Z,0.98583,0.98906,0.98555,0.98903,18737
2026-08-04T13:00:00.000Z,0.98905,0.99082,0.9888,0.99061,23107
2026-08-04T17:00:00.000Z,0.99061,0.99135,0.9905,0.99082,13306
2026-08-04T21:00:00.000Z,0.99051,0.99186,0.98934,0.99075,7646
2026-08-05T01:00:00.000Z,0.99078,0.99253,0.99042,0.99186,16158
2026-08-05T05:00:00.000Z,0.99186,0.99233,0.99069,0.9908,17558
2026-08-05T09:00:00.000Z,0.99083,0.99113,0.99011,0.99021,19570
2026-08-05T13:00:00.000Z,0.99022,0.99124,0.98808,0.98903,26985
2026-08-05T17:00:00.000Z,0.98902,0.98926,0.98842,0.98862,11273
2026-08-05T21:00:00.000Z,0.98804,0.98878,0.98768,0.98842,7283
2026-08-06T01:00:00.000Z,0.98841,0.98867,0.98709,0.98751,14701
2026-08-06T05:00:00.000Z,0.98752,0.98756,0.98581,0.98675,15012
2026-08-06T09:00:00.000Z,0.98677,0.98677,0.98491,0.98568,15087
2026-08-06T13:00:00.000Z,0.98572,0.98747,0.98527,0.98578,23265
2026-08-06T17:00:00.000Z,0.9858,0.98599,0.98507,0.98511,10704
2026-08-06T21:00:00.000Z,0.98484,0.98563,0.98419,0.98521,6207
2026-08-07T01:00:00.000Z,0.98523,0.98544,0.98435,0.98496,12811
2026-08-07T05:00:00.000Z,0.98496,0.98696,0.98493,0.98672,12560
2026-08-07T09:00:00.000Z,0.98672,0.98754,0.98462,0.98576,19609
2026-08-07T13:00:00.000Z,0.98576,0.98618,0.98337,0.98449,29456
2026-08-07T17:00:00.000Z,0.98447,0.98617,0.9844,0.98504,12398
2026-08-09T21:00:00.000Z,0.98476,0.98615,0.98401,0.98507,7271
2026-08-10T01:00:00.000Z,0.98505,0.98579,0.98476,0.98563,13133
2026-08-10T05:00:00.000Z,0.98562,0.98664,0.98513,0.98546,13575
2026-08-10T09:00:00.000Z,0.98546,0.98561,0.984,0.98422,14240
2026-08-10T13:00:00.000Z,0.98423,0.98503,0.98342,0.98377,19092
2026-08-10T17:00:00.000Z,0.98376,0.98412,0.983,0.98318,10102
2026-08-10T21:00:00.000Z,0.98303,0.98353,0.98257,0.9829,6765
2026-08-11T01:00:00.000Z,0.98292,0.98375,0.98065,0.98204,14341
2026-08-11T05:00:00.000Z,0.98206,0.98326,0.98091,0.98259,15936
2026-08-11T09:00:00.000Z,0.98259,0.98463,0.98233,0.98421,16351
2026-08-11T13:00:00.000Z,0.98419,0.98515,0.98254,0.98265,18409
2026-08-11T17:00:00.000Z,0.98267,0.9833,0.98185,0.9832,9761
2026-08-11T21:00:00.000Z,0.98267,0.98382,0.98201,0.98349,5045
2026-08-12T01:00:00.000Z,0.98351,0.9837,0.98264,0.9829,8713
2026-08-12T05:00:00.000Z,0.98292,0.9838,0.98275,0.9834,10888
2026-08-12T09:00:00.000Z,0.98342,0.98626,0.98317,0.98594,18257
2026-08-12T13:00:00.000Z,0.98598,0.9864,0.98387,0.98464,22236
2026-08-12T17:00:00.000Z,0.98464,0.98522,0.9843,0.98448,9411
2026-08-12T21:00:00.000Z,0.9838,0.98487,0.98327,0.98413,6032
2026-08-13T01:00:00.000Z,0.98412,0.98436,0.98262,0.98288,12634
2026-08-13T05:00:00.000Z,0.9829,0.98365,0.98253,0.98331,14198
2026-08-13T09:00:00.000Z,0.98331,0.98412,0.9828,0.9841,15217
2026-08-13T13:00:00.000Z,0.9841,0.9852,0.98287,0.98332,22049
2026-08-13T17:00:00.000Z,0.98333,0.98354,0.98308,0.98327,8877
2026-08-13T21:00:00.000Z,0.98305,0.98381,0.98243,0.98297,6789
2026-08-14T01:00:00.000Z,0.98295,0.98342,0.98236,0.98293,11660
2026-08-14T05:00:00.000Z,0.98293,0.98323,0.98192,0.98246,14347
2026-08-14T09:00:00.000Z,0.98244,0.98318,0.98203,0.98283,15164
2026-08-14T13:00:00.000Z,0.98282,0.98441,0.9824,0.98265,21146
2026-08-14T17:00:00.000Z,0.98264,0.98297,0.98233,0.98251,8365
2026-08-16T21:00:00.000Z,0.9822,0.98364,0.98185,0.98337,6686
2026-08-17T01:00:00.000Z,0.98336,0.98498,0.98318,0.98446,11725
2026-08-17T05:00:00.000Z,0.98445,0.98723,0.98441,0.9866,14726
2026-08-17T09:00:00.000Z,0.98659,0.98788,0.98579,0.98641,14261
2026-08-17T13:00:00.000Z,0.98639,0.9867,0.98491,0.98627,18201
2026-08-17T17:00:00.000Z,0.9863,0.98646,0.98512,0.98555,9949
2026-08-17T21:00:00.000Z,0.9849,0.98628,0.9849,0.98598,5322
2026-08-18T01:00:00.000Z,0.98596,0.98658,0.98499,0.98515,11373
2026-08-18T05:00:00.000Z,0.98515,0.98524,0.98422,0.98499,13589
2026-08-18T09:00:00.000Z,0.98499,0.98682,0.98465,0.98652,12738
2026-08-18T13:00:00.000Z,0.98648,0.98747,0.98524,0.98554,21556
2026-08-18T17:00:00.000Z,0.98553,0.98555,0.98434,0.98451,9816
2026-08-18T21:00:00.000Z,0.98398,0.98464,0.98335,0.98337,7452
2026-08-19T01:00:00.000Z,0.98337,0.98406,0.98094,0.98166,16407
2026-08-19T05:00:00.000Z,0.98166,0.98265,0.98072,0.98213,17941
2026-08-19T09:00:00.000Z,0.98213,0.98423,0.98098,0.98391,18693
2026-08-19T13:00:00.000Z,0.98389,0.98558,0.98311,0.98375,34005
2026-08-19T17:00:00.000Z,0.98377,0.98427,0.98272,0.98375,16643
2026-08-19T21:00:00.000Z,0.98309,0.984,0.98213,0.98261,7720
2026-08-20T01:00:00.000Z,0.98262,0.98331,0.98055,0.98173,17294
2026-08-20T05:00:00.000Z,0.98174,0.98212,0.98078,0.98085,18347
2026-08-20T09:00:00.000Z,0.98086,0.98149,0.97797,0.9804,21861
2026-08-20T13:00:00.000Z,0.98042,0.98223,0.98005,0.98078,27435
2026-08-20T17:00:00.000Z,0.98078,0.98099,0.97989,0.98058,11761
2026-08-20T21:00:00.000Z,0.98055,0.98158,0.97929,0.98109,7833
2026-08-21T01:00:00.000Z,0.98106,0.98316,0.981,0.98289,12206
2026-08-21T05:00:00.000Z,0.9829,0.98476,0.98259,0.98433,16415
2026-08-21T09:00:00.000Z,0.98435,0.98497,0.98354,0.98493,20125
2026-08-21T13:00:00.000Z,0.98494,0.98802,0.98432,0.98724,24006
2026-08-21T17:00:00.000Z,0.98724,0.98792,0.98675,0.98698,9813
2026-08-23T21:00:00.000Z,0.9887,0.98933,0.98755,0.98927,8720
2026-08-24T01:00:00.000Z,0.98928,0.98976,0.98781,0.9886,14550
2026-08-24T05:00:00.000Z,0.9886,0.99145,0.98856,0.9911,17888
2026-08-24T09:00:00.000Z,0.99111,0.9921,0.99058,0.99082,16964
2026-08-24T13:00:00.000Z,0.99081,0.9911,0.98933,0.98995,23939
2026-08-24T17:00:00.000Z,0.98996,0.99035,0.98952,0.98977,11192
2026-08-24T21:00:00.000Z,0.98933,0.99104,0.98842,0.99097,5985
2026-08-25T01:00:00.000Z,0.99098,0.99119,0.99028,0.99072,11707
2026-08-25T05:00:00.000Z,0.99074,0.99127,0.98937,0.99077,14333
2026-08-25T09:00:00.000Z,0.99073,0.99161,0.99055,0.99091,16725
2026-08-25T13:00:00.000Z,0.99093,0.99148,0.98972,0.99007,22264
2026-08-25T17:00:00.000Z,0.99009,0.99158,0.98978,0.99132,9646
2026-08-25T21:00:00.000Z,0.9908,0.99193,0.99002,0.9914,6197
2026-08-26T01:00:00.000Z,0.9914,0.99576,0.99127,0.99499,12701
2026-08-26T05:00:00.000Z,0.99501,0.99583,0.99451,0.99563,13064
2026-08-26T09:00:00.000Z,0.99564,0.99617,0.99513,0.99548,13940
2026-08-26T13:00:00.000Z,0.99546,0.99589,0.99448,0.99481,23605
2026-08-26T17:00:00.000Z,0.9948,0.99559,0.99462,0.99528,8711
2026-08-26T21:00:00.000Z,0.99426,0.99668,0.99394,0.99606,7352
2026-08-27T01:00:00.000Z,0.99608,0.99742,0.99608,0.99729,10050
2026-08-27T05:00:00.000Z,0.9973,0.99779,0.9967,0.99695,13536
2026-08-27T09:00:00.000Z,0.99694,0.99767,0.99593,0.9969,16305
2026-08-27T13:00:00.000Z,0.99692,0.99726,0.99619,0.99715,19807
2026-08-27T17:00:00.000Z,0.99712,0.99735,0.99663,0.99689,8363
2026-08-27T21:00:00.000Z,0.99594,0.99701,0.99572,0.99656,4044
2026-08-28T01:00:00.000Z,0.99655,0.99773,0.99648,0.99709,7981
2026-08-28T05:00:00.000Z,0.9971,0.99726,0.99638,0.99661,11536
2026-08-28T09:00:00.000Z,0.99659,0.99757,0.99618,0.99756,12936
2026-08-28T13:00:00.000Z,0.99755,0.99786,0.99505,0.99536,33548
2026-08-28T17:00:00.000Z,0.99536,0.99598,0.99501,0.99567,13480
2026-08-30T21:00:00.000Z,0.99489,0.99582,0.99484,0.99558,8213
2026-08-31T01:00:00.000Z,0.99555,0.99595,0.99491,0.99531,15403
2026-08-31T05:00:00.000Z,0.9953,0.99573,0.99456,0.9948,15444
2026-08-31T09:00:00.000Z,0.99479,0.995,0.99318,0.99364,15849
2026-08-31T13:00:00.000Z,0.99365,0.99418,0.99277,0.99334,21683
2026-08-31T17:00:00.000Z,0.99335,0.9934,0.99244,0.99284,10151
2026-08-31T21:00:00.000Z,0.9926,0.99414,0.99216,0.99334,7753
2026-09-01T01:00:00.000Z,0.99334,0.99442,0.99312,0.99383,12951
2026-09-01T05:00:00.000Z,0.99383,0.99427,0.99063,0.99085,18028
2026-09-01T09:00:00.000Z,0.99082,0.99308,0.99008,0.99306,17992
2026-09-01T13:00:00.000Z,0.99304,0.99541,0.99241,0.99413,22904
2026-09-01T17:00:00.000Z,0.99414,0.99417,0.99242,0.9928,11896
2026-09-01T21:00:00.000Z,0.99234,0.99326,0.99209,0.99245,7907
2026-09-02T01:00:00.000Z,0.99246,0.99393,0.99239,0.99291,18856
2026-09-02T05:00:00.000Z,0.9929,0.9953,0.99272,0.99318,20966
2026-09-02T09:00:00.000Z,0.9932,0.99543,0.99244,0.99469,21337
2026-09-02T13:00:00.000Z,0.99469,0.99625,0.99235,0.99241,29483
2026-09-02T17:00:00.000Z,0.99242,0.99268,0.99169,0.99258,12668
2026-09-02T21:00:00.000Z,0.9913,0.99259,0.99065,0.99148,6602
2026-09-03T01:00:00.000Z,0.99146,0.99165,0.99038,0.99127,16310
2026-09-03T05:00:00.000Z,0.99128,0.99239,0.99009,0.99133,21653
2026-09-03T09:00:00.000Z,0.99133,0.99376,0.99124,0.99346,23189
2026-09-03T13:00:00.000Z,0.99347,0.99359,0.99096,0.992,29163
2026-09-03T17:00:00.000Z,0.992,0.9935,0.99188,0.99292,11367
2026-09-03T21:00:00.000Z,0.99285,0.99362,0.9917,0.99355,7716
2026-09-04T01:00:00.000Z,0.99355,0.9947,0.99334,0.99433,11227
2026-09-04T05:00:00.000Z,0.99433,0.99445,0.99332,0.99369,13118
2026-09-04T09:00:00.000Z,0.9937,0.99774,0.98972,0.99746,19906
2026-09-04T13:00:00.000Z,0.99744,0.99832,0.99643,0.99763,30235
2026-09-04T17:00:00.000Z,0.99761,0.99765,0.99655,0.99694,9207
2026-09-06T21:00:00.000Z,0.99499,0.99732,0.99462,0.99682,5615
2026-09-07T01:00:00.000Z,0.99683,0.99693,0.99611,0.99678,10577
2026-09-07T05:00:00.000Z,0.99677,0.99906,0.99668,0.99795,14631
2026-09-07T09:00:00.000Z,0.99795,0.99817,0.99633,0.99659,11384
2026-09-07T13:00:00.000Z,0.99665,0.99743,0.99645,0.99702,8985
2026-09-07T17:00:00.000Z,0.99702,0.99719,0.99687,0.99706,1622
2026-09-07T21:00:00.000Z,0.99644,0.99741,0.99625,0.9965,8647
2026-09-08T01:00:00.000Z,0.9965,0.99652,0.995,0.99605,16039
2026-09-08T05:00:00.000Z,0.99604,0.99608,0.99414,0.99501,19245
2026-09-08T09:00:00.000Z,0.99501,0.9966,0.99448,0.99601,18801
2026-09-08T13:00:00.000Z,0.99602,0.99619,0.99433,0.99518,23268
2026-09-08T17:00:00.000Z,0.99516,0.99561,0.99438,0.99442,13263
2026-09-08T21:00:00.000Z,0.99485,0.99549,0.994,0.99527,7338
2026-09-09T01:00:00.000Z,0.99527,0.99571,0.99477,0.99571,11830
2026-09-09T05:00:00.000Z,0.99572,0.99662,0.99491,0.9953,15078
2026-09-09T09:00:00.000Z,0.99531,0.99533,0.994,0.99516,16696
2026-09-09T13:00:00.000Z,0.99517,0.99759,0.99511,0.99677,23965
2026-09-09T17:00:00.000Z,0.99677,0.99702,0.99612,0.99631,8134
2026-09-09T21:00:00.000Z,0.9961,0.99697,0.99473,0.99598,6234
2026-09-10T01:00:00.000Z,0.99598,0.99706,0.99532,0.99678,9437