time,open,high,low,close,volume
2023-09-10T21:00:00.000Z,1.08315,1.08473,1.08139,1.08335,10888
2023-09-11T01:00:00.000Z,1.08335,1.08562,1.08333,1.08541,21175
2023-09-11T05:00:00.000Z,1.08543,1.08681,1.08493,1.08648,21111
2023-09-11T09:00:00.000Z,1.08648,1.0871,1.08604,1.08663,16600
2023-09-11T13:00:00.000Z,1.08664,1.08705,1.08618,1.08679,23005
2023-09-11T17:00:00.000Z,1.0868,1.08701,1.086,1.08629,10150
2023-09-11T21:00:00.000Z,1.08602,1.08713,1.08515,1.08667,6954
2023-09-12T01:00:00.000Z,1.08667,1.08766,1.08573,1.08745,14908
2023-09-12T05:00:00.000Z,1.08747,1.08855,1.08742,1.08849,19846
2023-09-12T09:00:00.000Z,1.08853,1.08866,1.08694,1.08792,15872
2023-09-12T13:00:00.000Z,1.08789,1.08835,1.08761,1.08809,20466
2023-09-12T17:00:00.000Z,1.08809,1.08878,1.08745,1.08839,12619
2023-09-12T21:00:00.000Z,1.08717,1.08857,1.08652,1.08689,8027
2023-09-13T01:00:00.000Z,1.08688,1.08737,1.08639,1.08677,14793
2023-09-13T05:00:00.000Z,1.08678,1.08705,1.08534,1.08542,20554
2023-09-13T09:00:00.000Z,1.0854,1.08618,1.08411,1.08484,24360
2023-09-13T13:00:00.000Z,1.08483,1.08623,1.08472,1.08579,29806
2023-09-13T17:00:00.000Z,1.08579,1.08629,1.08499,1.08506,13260
2023-09-13T21:00:00.000Z,1.08497,1.08618,1.08386,1.08612,8465
2023-09-14T01:00:00.000Z,1.08608,1.08609,1.08333,1.08592,15681
2023-09-14T05:00:00.000Z,1.08592,1.08662,1.08459,1.08614,17201
2023-09-14T09:00:00.000Z,1.08614,1.0884,1.086,1.08824,29140
2023-09-14T13:00:00.000Z,1.08825,1.08943,1.0879,1.08873,35728
2023-09-14T17:00:00.000Z,1.08874,1.08992,1.08818,1.08944,14477
2023-09-14T21:00:00.000Z,1.08794,1.08973,1.08757,1.08959,9360
2023-09-15T01:00:00.000Z,1.08961,1.0907,1.08929,1.09048,15001
2023-09-15T05:00:00.000Z,1.09049,1.09112,1.08965,1.09074,18325
2023-09-15T09:00:00.000Z,1.09072,1.09182,1.09051,1.09133,19664
2023-09-15T13:00:00.000Z,1.09136,1.09165,1.09017,1.09027,29386
2023-09-15T17:00:00.000Z,1.09027,1.09084,1.08979,1.09009,13167
2023-09-17T21:00:00.000Z,1.08934,1.09088,1.08874,1.08893,5099
2023-09-18T01:00:00.000Z,1.08892,1.08995,1.0887,1.08956,11527
2023-09-18T05:00:00.000Z,1.0896,1.09055,1.08891,1.08965,15718
2023-09-18T09:00:00.000Z,1.08968,1.0901,1.08935,1.08978,13921
2023-09-18T13:00:00.000Z,1.08978,1.08998,1.08768,1.08824,25199
2023-09-18T17:00:00.000Z,1.08825,1.08854,1.08777,1.08783,9879
2023-09-18T21:00:00.000Z,1.08774,1.08838,1.08693,1.08773,7210
2023-09-19T01:00:00.000Z,1.08774,1.08805,1.08683,1.08712,10591
2023-09-19T05:00:00.000Z,1.08712,1.08735,1.08613,1.087,17347
2023-09-19T09:00:00.000Z,1.087,1.08909,1.08692,1.08885,18504
2023-09-19T13:00:00.000Z,1.08886,1.08946,1.08845,1.08898,25710
2023-09-19T17:00:00.000Z,1.08898,1.08915,1.0876,1.08768,12719
2023-09-19T21:00:00.000Z,1.0869,1.08747,1.08544,1.08675,8723
2023-09-20T01:00:00.000Z,1.08671,1.08716,1.08564,1.08642,11826
2023-09-20T05:00:00.000Z,1.08642,1.08793,1.08621,1.08788,21017
2023-09-20T09:00:00.000Z,1.08785,1.08822,1.0863,1.08781,17970
2023-09-20T13:00:00.000Z,1.08782,1.08807,1.08685,1.08793,24841
2023-09-20T17:00:00.000Z,1.08792,1.08917,1.08636,1.08748,36343
2023-09-20T21:00:00.000Z,1.08676,1.0875,1.08369,1.08664,12884
2023-09-21T01:00:00.000Z,1.08665,1.08666,1.0844,1.08485,13389
2023-09-21T05:00:00.000Z,1.08486,1.08556,1.08307,1.08336,21405
2023-09-21T09:00:00.000Z,1.08336,1.08363,1.08123,1.08323,29152
2023-09-21T13:00:00.000Z,1.08322,1.08368,1.08201,1.08216,33068
2023-09-21T17:00:00.000Z,1.08218,1.0826,1.08154,1.0816,16201
2023-09-21T21:00:00.000Z,1.08131,1.08179,1.08022,1.08174,7615
2023-09-22T01:00:00.000Z,1.08169,1.08261,1.08147,1.08223,14515
2023-09-22T05:00:00.000Z,1.08223,1.08278,1.08013,1.081,28607
2023-09-22T09:00:00.000Z,1.08098,1.08141,1.07963,1.07971,18902
2023-09-22T13:00:00.000Z,1.07971,1.08078,1.07876,1.07992,28399
2023-09-22T17:00:00.000Z,1.07991,1.08086,1.07946,1.08035,12924
2023-09-24T21:00:00.000Z,1.0801,1.08161,1.07877,1.08096,10160
2023-09-25T01:00:00.000Z,1.08095,1.08117,1.07961,1.08016,11382
2023-09-25T05:00:00.000Z,1.08017,1.08059,1.07816,1.07839,17647
2023-09-25T09:00:00.000Z,1.07838,1.07878,1.07669,1.07682,21688
2023-09-25T13:00:00.000Z,1.0768,1.07732,1.07566,1.07624,28807
2023-09-25T17:00:00.000Z,1.07624,1.07752,1.07592,1.07652,14139
2023-09-25T21:00:00.000Z,1.07646,1.07683,1.07582,1.07604,8484
2023-09-26T01:00:00.000Z,1.07604,1.07673,1.07572,1.07606,15334
2023-09-26T05:00:00.000Z,1.07605,1.07654,1.07502,1.07507,25232
2023-09-26T09:00:00.000Z,1.07509,1.07568,1.07429,1.07509,22915
2023-09-26T13:00:00.000Z,1.07509,1.07629,1.07487,1.07588,31684
2023-09-26T17:00:00.000Z,1.07587,1.07624,1.07526,1.07604,16337
2023-09-26T21:00:00.000Z,1.07552,1.07628,1.07456,1.07514,6571
2023-09-27T01:00:00.000Z,1.07515,1.07716,1.07511,1.07652,16348
2023-09-27T05:00:00.000Z,1.07651,1.07668,1.07392,1.07398,18202
2023-09-27T09:00:00.000Z,1.07397,1.07569,1.07379,1.07507,21388
2023-09-27T13:00:00.000Z,1.07507,1.0764,1.07365,1.07382,31345
2023-09-27T17:00:00.000Z,1.07381,1.07397,1.07195,1.07265,23957
2023-09-27T21:00:00.000Z,1.07207,1.07341,1.07169,1.07258,9444
2023-09-28T01:00:00.000Z,1.0726,1.07341,1.0719,1.07335,14456
2023-09-28T05:00:00.000Z,1.07334,1.0734,1.07178,1.07288,21691
2023-09-28T09:00:00.000Z,1.07288,1.07592,1.07199,1.07588,28309
2023-09-28T13:00:00.000Z,1.07588,1.07697,1.07502,1.07675,41603
2023-09-28T17:00:00.000Z,1.07676,1.0782,1.07643,1.07813,21416
2023-09-28T21:00:00.000Z,1.0756,1.07811,1.07546,1.07669,7839
2023-09-29T01:00:00.000Z,1.07666,1.07693,1.07526,1.07557,15366
2023-09-29T05:00:00.000Z,1.07557,1.07609,1.07381,1.07502,23575
2023-09-29T09:00:00.000Z,1.07503,1.07611,1.07442,1.07587,28272
2023-09-29T13:00:00.000Z,1.07585,1.07595,1.0726,1.07263,40576
2023-09-29T17:00:00.000Z,1.07262,1.07341,1.07231,1.07256,22262
2023-10-01T21:00:00.000Z,1.07149,1.07439,1.07124,1.07305,8427
2023-10-02T01:00:00.000Z,1.07306,1.07334,1.06952,1.06956,11222
2023-10-02T05:00:00.000Z,1.06954,1.07122,1.06914,1.07082,20981
2023-10-02T09:00:00.000Z,1.07085,1.07148,1.07066,1.07092,22059
2023-10-02T13:00:00.000Z,1.07094,1.07136,1.06977,1.07048,40915
2023-10-02T17:00:00.000Z,1.07047,1.0708,1.06997,1.0701,20795
2023-10-02T21:00:00.000Z,1.06963,1.07147,1.06885,1.07137,9940
2023-10-03T01:00:00.000Z,1.07135,1.07223,1.0688,1.06889,14991
2023-10-03T05:00:00.000Z,1.06889,1.07026,1.06782,1.06934,22646
2023-10-03T09:00:00.000Z,1.06934,1.07057,1.06822,1.06855,23971
2023-10-03T13:00:00.000Z,1.06854,1.06885,1.06708,1.0675,46984
2023-10-03T17:00:00.000Z,1.06753,1.06779,1.0663,1.06655,19811
2023-10-03T21:00:00.000Z,1.06666,1.06742,1.06554,1.06563,8689
2023-10-04T01:00:00.000Z,1.06557,1.0719,1.06547,1.07079,18681
2023-10-04T05:00:00.000Z,1.07079,1.07211,1.07037,1.07152,24170
2023-10-04T09:00:00.000Z,1.07151,1.07217,1.07047,1.07087,28535
2023-10-04T13:00:00.000Z,1.07085,1.07228,1.06977,1.06983,40788
2023-10-04T17:00:00.000Z,1.06983,1.07047,1.06958,1.06979,25214
2023-10-04T21:00:00.000Z,1.06747,1.07031,1.06747,1.06943,8855
2023-10-05T01:00:00.000Z,1.06943,1.07184,1.06933,1.07113,15156
2023-10-05T05:00:00.000Z,1.0711,1.07118,1.06888,1.06901,21283
2023-10-05T09:00:00.000Z,1.06902,1.06923,1.06752,1.06778,26170
2023-10-05T13:00:00.000Z,1.06777,1.0684,1.06658,1.06716,39472
2023-10-05T17:00:00.000Z,1.06718,1.06833,1.067,1.06785,18510
2023-10-05T21:00:00.000Z,1.0674,1.06827,1.06632,1.0674,6635
2023-10-06T01:00:00.000Z,1.06741,1.06928,1.06733,1.06872,12136
2023-10-06T05:00:00.000Z,1.06872,1.06883,1.06677,1.06727,19217
2023-10-06T09:00:00.000Z,1.06725,1.06731,1.06543,1.06601,27709
2023-10-06T13:00:00.000Z,1.06601,1.06718,1.06523,1.06621,53067
2023-10-06T17:00:00.000Z,1.06621,1.06662,1.06527,1.06577,17392
2023-10-08T21:00:00.000Z,1.0649,1.0666,1.06392,1.06596,17566
2023-10-09T01:00:00.000Z,1.06595,1.06595,1.06361,1.06411,15091
2023-10-09T05:00:00.000Z,1.06412,1.06502,1.06318,1.06458,31500
2023-10-09T09:00:00.000Z,1.06457,1.06511,1.06373,1.06396,25013
2023-10-09T13:00:00.000Z,1.06395,1.0641,1.06239,1.06277,38043
2023-10-09T17:00:00.000Z,1.06276,1.06467,1.06266,1.0644,22997
2023-10-09T21:00:00.000Z,1.06476,1.06505,1.06409,1.06435,12138
2023-10-10T01:00:00.000Z,1.06435,1.06568,1.0643,1.06536,19476
2023-10-10T05:00:00.000Z,1.06535,1.06695,1.06428,1.06624,39961
2023-10-10T09:00:00.000Z,1.06626,1.06647,1.06423,1.06457,35949
2023-10-10T13:00:00.000Z,1.06455,1.06515,1.06371,1.06387,41475
2023-10-10T17:00:00.000Z,1.06386,1.06423,1.06329,1.06374,22997
2023-10-10T21:00:00.000Z,1.06323,1.06515,1.06311,1.0645,8839
2023-10-11T01:00:00.000Z,1.0645,1.06581,1.06399,1.06549,15227
2023-10-11T05:00:00.000Z,1.06548,1.06656,1.06477,1.06639,31737
2023-10-11T09:00:00.000Z,1.06639,1.06662,1.06503,1.06571,33008
2023-10-11T13:00:00.000Z,1.06571,1.06599,1.06367,1.06375,45881
2023-10-11T17:00:00.000Z,1.06374,1.0655,1.06305,1.06539,27077
2023-10-11T21:00:00.000Z,1.06475,1.0667,1.06399,1.06611,8438
2023-10-12T01:00:00.000Z,1.06612,1.06802,1.06586,1.06745,14399
2023-10-12T05:00:00.000Z,1.06744,1.06921,1.06691,1.06836,25855
2023-10-12T09:00:00.000Z,1.06839,1.06877,1.06668,1.06741,33734
2023-10-12T13:00:00.000Z,1.0674,1.06801,1.06522,1.06608,49433
2023-10-12T17:00:00.000Z,1.06607,1.0661,1.06349,1.06542,28147
2023-10-12T21:00:00.000Z,1.06323,1.0669,1.06323,1.06647,11524
2023-10-13T01:00:00.000Z,1.06648,1.06936,1.06646,1.0679,15859
2023-10-13T05:00:00.000Z,1.06789,1.06932,1.06712,1.06877,27591
2023-10-13T09:00:00.000Z,1.06876,1.06965,1.06783,1.06872,36438
2023-10-13T13:00:00.000Z,1.06872,1.06995,1.06744,1.06821,24929
2023-10-13T17:00:00.000Z,1.06822,1.07006,1.06782,1.06978,11996
2023-10-15T21:00:00.000Z,1.06433,1.0693,1.06433,1.06745,9132
2023-10-16T01:00:00.000Z,1.06748,1.06794,1.06676,1.06736,10092
2023-10-16T05:00:00.000Z,1.06735,1.06901,1.06711,1.0688,15165
2023-10-16T09:00:00.000Z,1.06878,1.06895,1.06783,1.06854,14805
2023-10-16T13:00:00.000Z,1.06851,1.07059,1.06811,1.07056,16886
2023-10-16T17:00:00.000Z,1.07056,1.07078,1.06952,1.06994,9328
2023-10-16T21:00:00.000Z,1.06828,1.07624,1.06827,1.07554,10239
2023-10-17T01:00:00.000Z,1.07555,1.07689,1.0751,1.07655,10029
2023-10-17T05:00:00.000Z,1.07655,1.07882,1.07608,1.07827,13921
2023-10-17T09:00:00.000Z,1.07828,1.07949,1.07793,1.07896,17803
2023-10-17T13:00:00.000Z,1.07894,1.0799,1.07789,1.07975,26613
2023-10-17T17:00:00.000Z,1.07974,1.07996,1.07866,1.07957,16479
2023-10-17T21:00:00.000Z,1.07916,1.08035,1.07882,1.07935,8461
2023-10-18T01:00:00.000Z,1.07936,1.08103,1.07876,1.07975,14891
2023-10-18T05:00:00.000Z,1.07978,1.08155,1.07908,1.08124,19932
2023-10-18T09:00:00.000Z,1.08124,1.08142,1.0803,1.08113,21245
2023-10-18T13:00:00.000Z,1.08115,1.0825,1.08072,1.08146,28155
2023-10-18T17:00:00.000Z,1.08148,1.08252,1.08098,1.08222,26191
2023-10-18T21:00:00.000Z,1.08178,1.08246,1.08002,1.08044,9835
2023-10-19T01:00:00.000Z,1.08045,1.08194,1.0793,1.08167,13173
2023-10-19T05:00:00.000Z,1.08167,1.08339,1.08115,1.0832,21208
2023-10-19T09:00:00.000Z,1.08321,1.08443,1.08262,1.0833,22084
2023-10-19T13:00:00.000Z,1.08333,1.08371,1.08249,1.08337,31447
2023-10-19T17:00:00.000Z,1.0834,1.08407,1.08151,1.082,25777
2023-10-19T21:00:00.000Z,1.08145,1.08335,1.08126,1.08276,9133
2023-10-20T01:00:00.000Z,1.08277,1.08431,1.08271,1.08312,12426
2023-10-20T05:00:00.000Z,1.08311,1.08382,1.08208,1.08228,19647
2023-10-20T09:00:00.000Z,1.08225,1.08347,1.08207,1.08342,18125
2023-10-20T13:00:00.000Z,1.08342,1.08461,1.08292,1.08378,24837
2023-10-20T17:00:00.000Z,1.0838,1.08438,1.08308,1.08326,15002
2023-10-22T21:00:00.000Z,1.0829,1.08444,1.0819,1.08405,6976
2023-10-23T01:00:00.000Z,1.08402,1.08444,1.08322,1.08393,9379
2023-10-23T05:00:00.000Z,1.08392,1.08453,1.0825,1.08435,14690
2023-10-23T09:00:00.000Z,1.08437,1.08458,1.08237,1.08443,16850
2023-10-23T13:00:00.000Z,1.08446,1.08477,1.08358,1.08405,22926
2023-10-23T17:00:00.000Z,1.08405,1.08409,1.08234,1.0837,14997
2023-10-23T21:00:00.000Z,1.08267,1.08414,1.08211,1.08355,9233
2023-10-24T01:00:00.000Z,1.08353,1.08575,1.08348,1.08571,13722
2023-10-24T05:00:00.000Z,1.08569,1.08695,1.08532,1.08657,19593
2023-10-24T09:00:00.000Z,1.0866,1.08806,1.08638,1.08775,18726
2023-10-24T13:00:00.000Z,1.08774,1.08886,1.08752,1.08798,27966
2023-10-24T17:00:00.000Z,1.08798,1.08837,1.08733,1.0874,13803
2023-10-24T21:00:00.000Z,1.08717,1.09146,1.08628,1.09074,12268
2023-10-25T01:00:00.000Z,1.09074,1.0915,1.08993,1.09081,12579
2023-10-25T05:00:00.000Z,1.09081,1.09092,1.08769,1.08781,18629
2023-10-25T09:00:00.000Z,1.0878,1.08992,1.08675,1.08928,18634
2023-10-25T13:00:00.000Z,1.08928,1.08943,1.08662,1.08666,27075
2023-10-25T17:00:00.000Z,1.08668,1.08749,1.08596,1.08747,19951
2023-10-25T21:00:00.000Z,1.08589,1.08746,1.08539,1.08595,11939
2023-10-26T01:00:00.000Z,1.08593,1.08704,1.08548,1.08593,14375
2023-10-26T05:00:00.000Z,1.08594,1.08757,1.08545,1.08698,20983
2023-10-26T09:00:00.000Z,1.08697,1.08759,1.08634,1.08646,22295
2023-10-26T13:00:00.000Z,1.08648,1.08669,1.08479,1.08484,29117
2023-10-26T17:00:00.000Z,1.08483,1.08671,1.08481,1.08615,18856
2023-10-26T21:00:00.000Z,1.08555,1.08775,1.08519,1.08764,9260
2023-10-27T01:00:00.000Z,1.08766,1.08943,1.08703,1.08936,13598
2023-10-27T05:00:00.000Z,1.08937,1.09012,1.08897,1.08993,14418
2023-10-27T09:00:00.000Z,1.08993,1.09032,1.0892,1.08933,17100
2023-10-27T13:00:00.000Z,1.08936,1.09069,1.08924,1.0901,25266
2023-10-27T17:00:00.000Z,1.09012,1.09071,1.08986,1.09009,16842
2023-10-29T21:00:00.000Z,1.09023,1.09168,1.08981,1.09084,8136
2023-10-30T01:00:00.000Z,1.09083,1.09156,1.08993,1.09004,11266
2023-10-30T05:00:00.000Z,1.09003,1.09191,1.08992,1.09162,12686
2023-10-30T09:00:00.000Z,1.09161,1.09299,1.09102,1.09246,17524
2023-10-30T13:00:00.000Z,1.09246,1.09295,1.0919,1.0922,21655
2023-10-30T17:00:00.000Z,1.09221,1.09253,1.09102,1.09105,13204
2023-10-30T21:00:00.000Z,1.09029,1.09125,1.0895,1.09082,8560
2023-10-31T01:00:00.000Z,1.0908,1.09097,1.08884,1.08898,15260
2023-10-31T05:00:00.000Z,1.08897,1.08942,1.08774,1.08874,14340
2023-10-31T09:00:00.000Z,1.08874,1.08881,1.08746,1.08827,18907
2023-10-31T13:00:00.000Z,1.08829,1.08946,1.08789,1.08918,28324
2023-10-31T17:00:00.000Z,1.08918,1.08965,1.08784,1.08791,14136
2023-10-31T21:00:00.000Z,1.08721,1.09308,1.08518,1.09082,11257
2023-11-01T01:00:00.000Z,1.09083,1.09217,1.09019,1.09028,13572
2023-11-01T05:00:00.000Z,1.09028,1.09057,1.08919,1.08985,14742
2023-11-01T09:00:00.000Z,1.08987,1.09092,1.08837,1.09068,18909
2023-11-01T13:00:00.000Z,1.09066,1.09208,1.09016,1.09147,25183
2023-11-01T17:00:00.000Z,1.09147,1.0935,1.08769,1.09343,28044
2023-11-01T21:00:00.000Z,1.09269,1.0943,1.09161,1.09185,12070
2023-11-02T01:00:00.000Z,1.09185,1.09244,1.09163,1.09195,14082
2023-11-02T05:00:00.000Z,1.09195,1.09327,1.09177,1.09221,14422
2023-11-02T09:00:00.000Z,1.0922,1.09227,1.09064,1.0911,19082
2023-11-02T13:00:00.000Z,1.09106,1.0916,1.09051,1.09098,22861
2023-11-02T17:00:00.000Z,1.09099,1.09104,1.09028,1.09081,12562
2023-11-02T21:00:00.000Z,1.09065,1.09148,1.08982,1.09119,8213
2023-11-03T01:00:00.000Z,1.09118,1.09199,1.08993,1.09023,12090
2023-11-03T05:00:00.000Z,1.09021,1.09051,1.08919,1.0893,12298
2023-11-03T09:00:00.000Z,1.08931,1.08939,1.08671,1.08728,19352
2023-11-03T13:00:00.000Z,1.08729,1.08795,1.08532,1.08601,31784
2023-11-03T17:00:00.000Z,1.08601,1.08765,1.08578,1.08629,13109
2023-11-05T22:00:00.000Z,1.08566,1.08854,1.08527,1.08801,10642
2023-11-06T02:00:00.000Z,1.08801,1.08842,1.0859,1.08609,10775
2023-11-06T06:00:00.000Z,1.08609,1.08702,1.08552,1.087,15306
2023-11-06T10:00:00.000Z,1.087,1.08895,1.08697,1.08845,13051
2023-11-06T14:00:00.000Z,1.08846,1.08908,1.0869,1.08716,17501
2023-11-06T18:00:00.000Z,1.08715,1.08829,1.08643,1.08794,12508
2023-11-06T22:00:00.000Z,1.08768,1.08906,1.08722,1.08812,10241
2023-11-07T02:00:00.000Z,1.08811,1.08973,1.08416,1.08493,14039
2023-11-07T06:00:00.000Z,1.08492,1.08622,1.08412,1.08496,15116
2023-11-07T10:00:00.000Z,1.08497,1.08543,1.08341,1.08364,15043
2023-11-07T14:00:00.000Z,1.08362,1.08403,1.08207,1.08363,19585
2023-11-07T18:00:00.000Z,1.08363,1.0847,1.08303,1.08434,10731
2023-11-07T22:00:00.000Z,1.08416,1.08535,1.08314,1.08504,10788
2023-11-08T02:00:00.000Z,1.08502,1.08626,1.08371,1.08403,12129
2023-11-08T06:00:00.000Z,1.08406,1.0853,1.08374,1.08456,15699
2023-11-08T10:00:00.000Z,1.08455,1.08535,1.08395,1.08461,15370
2023-11-08T14:00:00.000Z,1.0846,1.08495,1.08262,1.08295,22068
2023-11-08T18:00:00.000Z,1.08296,1.08348,1.08274,1.08309,12444
2023-11-08T22:00:00.000Z,1.0826,1.08429,1.08249,1.08346,9348
2023-11-09T02:00:00.000Z,1.08346,1.08358,1.08137,1.0818,9960
2023-11-09T06:00:00.000Z,1.08179,1.08209,1.07919,1.07986,16039
2023-11-09T10:00:00.000Z,1.07983,1.08048,1.07911,1.0803,14885
2023-11-09T14:00:00.000Z,1.08031,1.08031,1.07901,1.07963,20577
2023-11-09T18:00:00.000Z,1.07962,1.08051,1.07839,1.08006,21248
2023-11-09T22:00:00.000Z,1.07992,1.08071,1.07856,1.07899,13200
2023-11-10T02:00:00.000Z,1.07903,1.07984,1.0783,1.07877,9248
2023-11-10T06:00:00.000Z,1.07876,1.08025,1.07815,1.07928,18111
2023-11-10T10:00:00.000Z,1.07929,1.07949,1.07789,1.07856,19600
2023-11-10T14:00:00.000Z,1.07856,1.07978,1.07797,1.07959,24680
2023-11-10T18:00:00.000Z,1.0796,1.07998,1.07906,1.0795,10401
2023-11-12T22:00:00.000Z,1.07833,1.07998,1.07761,1.07971,9827
2023-11-13T02:00:00.000Z,1.07971,1.08001,1.07906,1.07975,7806
2023-11-13T06:00:00.000Z,1.07976,1.0836,1.07948,1.08326,13137
2023-11-13T10:00:00.000Z,1.08326,1.08385,1.08303,1.08348,12950
2023-11-13T14:00:00.000Z,1.0835,1.08463,1.08327,1.08443,18410
2023-11-13T18:00:00.000Z,1.08438,1.08504,1.08383,1.08498,8641
2023-11-13T22:00:00.000Z,1.08302,1.08528,1.08209,1.08514,9060
2023-11-14T02:00:00.000Z,1.08515,1.08541,1.08452,1.08518,8909
2023-11-14T06:00:00.000Z,1.08517,1.08523,1.08417,1.08472,13114
2023-11-14T10:00:00.000Z,1.08473,1.08675,1.08304,1.08429,18147
2023-11-14T14:00:00.000Z,1.08428,1.08558,1.08365,1.08422,29077
2023-11-14T18:00:00.000Z,1.08421,1.08472,1.08241,1.0831,11513
2023-11-14T22:00:00.000Z,1.08317,1.08326,1.08045,1.08063,11857
2023-11-15T02:00:00.000Z,1.08063,1.08104,1.07859,1.0792,11251
2023-11-15T06:00:00.000Z,1.07919,1.07959,1.07735,1.07781,18900
2023-11-15T10:00:00.000Z,1.07782,1.08086,1.07775,1.0802,21765
2023-11-15T14:00:00.000Z,1.08019,1.08228,1.07974,1.08113,25967
2023-11-15T18:00:00.000Z,1.08108,1.08132,1.08031,1.08069,10564
2023-11-15T22:00:00.000Z,1.07992,1.08334,1.07925,1.08211,11912
2023-11-16T02:00:00.000Z,1.08211,1.08296,1.08111,1.08214,11857
2023-11-16T06:00:00.000Z,1.08214,1.08407,1.08207,1.08298,16660
2023-11-16T10:00:00.000Z,1.08298,1.08452,1.08207,1.08238,19211
2023-11-16T14:00:00.000Z,1.08237,1.08244,1.08029,1.08163,29149
2023-11-16T18:00:00.000Z,1.08153,1.08389,1.08135,1.08379,13715
2023-11-16T22:00:00.000Z,1.08169,1.08538,1.08155,1.08503,10171
2023-11-17T02:00:00.000Z,1.08503,1.08597,1.0846,1.0853,9211
2023-11-17T06:00:00.000Z,1.08531,1.08713,1.0848,1.08626,18117
2023-11-17T10:00:00.000Z,1.08625,1.088,1.08514,1.08789,23534
2023-11-17T14:00:00.000Z,1.08792,1.08824,1.08723,1.0879,25030
2023-11-17T18:00:00.000Z,1.0879,1.08801,1.08705,1.08711,8933
2023-11-19T22:00:00.000Z,1.08599,1.08717,1.08442,1.08491,13942
2023-11-20T02:00:00.000Z,1.08491,1.08733,1.08459,1.08616,17830
2023-11-20T06:00:00.000Z,1.08615,1.08725,1.08564,1.08627,19706
2023-11-20T10:00:00.000Z,1.08628,1.08808,1.08585,1.08778,16927
2023-11-20T14:00:00.000Z,1.08777,1.08871,1.08686,1.08718,20746
2023-11-20T18:00:00.000Z,1.08717,1.08792,1.08615,1.0862,13214
2023-11-20T22:00:00.000Z,1.08632,1.08691,1.08481,1.08482,13420
2023-11-21T02:00:00.000Z,1.08482,1.08518,1.08353,1.08399,15172
2023-11-21T06:00:00.000Z,1.084,1.08454,1.08139,1.08206,21193
2023-11-21T10:00:00.000Z,1.08205,1.08358,1.08191,1.08315,20360
2023-11-21T14:00:00.000Z,1.08317,1.08379,1.08239,1.08378,24572
2023-11-21T18:00:00.000Z,1.08376,1.08423,1.08333,1.0837,14988
2023-11-21T22:00:00.000Z,1.08338,1.08452,1.0822,1.08359,10529
2023-11-22T02:00:00.000Z,1.08357,1.08468,1.08308,1.08419,12263
2023-11-22T06:00:00.000Z,1.08417,1.08717,1.08372,1.08712,19882
2023-11-22T10:00:00.000Z,1.08713,1.08759,1.08642,1.08751,23086
2023-11-22T14:00:00.000Z,1.08753,1.08766,1.0864,1.08675,26439
2023-11-22T18:00:00.000Z,1.0868,1.08693,1.08581,1.08652,10866
2023-11-22T22:00:00.000Z,1.08518,1.08672,1.08445,1.08475,11029
2023-11-23T02:00:00.000Z,1.08478,1.08485,1.08291,1.0832,10046
2023-11-23T06:00:00.000Z,1.0832,1.08496,1.08281,1.08495,16372
2023-11-23T10:00:00.000Z,1.08494,1.08581,1.08458,1.08492,10868
2023-11-23T14:00:00.000Z,1.0849,1.08608,1.0848,1.08504,11323
2023-11-23T18:00:00.000Z,1.08519,1.08519,1.08367,1.08421,2661
2023-11-23T22:00:00.000Z,1.08419,1.08505,1.08331,1.08408,10422
2023-11-24T02:00:00.000Z,1.08408,1.08418,1.08354,1.0841,8838
2023-11-24T06:00:00.000Z,1.08411,1.08419,1.08299,1.08391,13628
2023-11-24T10:00:00.000Z,1.08392,1.08414,1.08206,1.08256,14483
2023-11-24T14:00:00.000Z,1.08255,1.08338,1.08209,1.08322,17430
2023-11-24T18:00:00.000Z,1.08324,1.08392,1.08074,1.08119,11729
2023-11-26T22:00:00.000Z,1.08063,1.08299,1.08053,1.08224,9637
2023-11-27T02:00:00.000Z,1.08223,1.08436,1.08208,1.0837,11596
2023-11-27T06:00:00.000Z,1.08373,1.08545,1.08278,1.08528,16734
2023-11-27T10:00:00.000Z,1.0853,1.08534,1.08291,1.08346,17672
2023-11-27T14:00:00.000Z,1.08347,1.08416,1.08255,1.08338,20435
2023-11-27T18:00:00.000Z,1.08327,1.08353,1.08231,1.08335,10069
2023-11-27T22:00:00.000Z,1.0824,1.08429,1.08231,1.08374,12647
2023-11-28T02:00:00.000Z,1.08375,1.08547,1.08375,1.08466,12356
2023-11-28T06:00:00.000Z,1.08469,1.08579,1.08443,1.08572,15214
2023-11-28T10:00:00.000Z,1.08571,1.08614,1.08439,1.08487,15717
2023-11-28T14:00:00.000Z,1.08485,1.08515,1.08279,1.08428,28634
2023-11-28T18:00:00.000Z,1.08421,1.08461,1.08319,1.08338,16525
2023-11-28T22:00:00.000Z,1.08308,1.08381,1.07424,1.07505,17197
2023-11-29T02:00:00.000Z,1.07505,1.07541,1.07229,1.07297,14115
2023-11-29T06:00:00.000Z,1.07297,1.07764,1.07293,1.07688,21722
2023-11-29T10:00:00.000Z,1.07689,1.07773,1.07489,1.07612,21465
2023-11-29T14:00:00.000Z,1.0761,1.07637,1.07478,1.07586,25395
2023-11-29T18:00:00.000Z,1.07579,1.07634,1.07483,1.07499,13690
2023-11-29T22:00:00.000Z,1.07259,1.07566,1.07259,1.07343,12207
2023-11-30T02:00:00.000Z,1.07347,1.07654,1.07333,1.07632,12439
2023-11-30T06:00:00.000Z,1.07628,1.07673,1.07388,1.07458,20663
2023-11-30T10:00:00.000Z,1.07458,1.07531,1.07279,1.07281,22384
2023-11-30T14:00:00.000Z,1.07281,1.07439,1.07264,1.07331,32388
2023-11-30T18:00:00.000Z,1.07283,1.07362,1.07254,1.07309,13435
2023-11-30T22:00:00.000Z,1.07324,1.07352,1.07021,1.07046,11969
2023-12-01T02:00:00.000Z,1.07047,1.07262,1.07018,1.07251,13091
2023-12-01T06:00:00.000Z,1.07248,1.07318,1.07238,1.07267,17082
2023-12-01T10:00:00.000Z,1.07266,1.07331,1.07189,1.07327,19298
2023-12-01T14:00:00.000Z,1.07328,1.07605,1.07328,1.07602,36072
2023-12-01T18:00:00.000Z,1.07603,1.07619,1.07465,1.07477,16104
2023-12-03T22:00:00.000Z,1.07532,1.07669,1.0741,1.07649,16779
2023-12-04T02:00:00.000Z,1.07648,1.07657,1.07387,1.07463,11148
2023-12-04T06:00:00.000Z,1.07461,1.07585,1.07414,1.07462,18775
2023-12-04T10:00:00.000Z,1.07461,1.07479,1.07327,1.07395,20556
2023-12-04T14:00:00.000Z,1.07397,1.07484,1.0727,1.07326,28710
2023-12-04T18:00:00.000Z,1.07339,1.07402,1.07271,1.07383,13095
2023-12-04T22:00:00.000Z,1.07173,1.07451,1.07173,1.07254,12818
2023-12-05T02:00:00.000Z,1.07252,1.07411,1.06923,1.06969,16204
2023-12-05T06:00:00.000Z,1.06972,1.06988,1.06806,1.06941,19610
2023-12-05T10:00:00.000Z,1.06942,1.07002,1.06806,1.0686,13494
2023-12-05T14:00:00.000Z,1.0686,1.06927,1.06747,1.06844,22581
2023-12-05T18:00:00.000Z,1.06844,1.06964,1.06829,1.06904,9274
2023-12-05T22:00:00.000Z,1.06831,1.06961,1.0679,1.0687,8262
2023-12-06T02:00:00.000Z,1.0687,1.06933,1.06718,1.06829,7421
2023-12-06T06:00:00.000Z,1.06829,1.06949,1.06715,1.06939,12470
2023-12-06T10:00:00.000Z,1.06936,1.06938,1.06773,1.06815,12763
2023-12-06T14:00:00.000Z,1.06815,1.06876,1.06607,1.06628,16090
2023-12-06T18:00:00.000Z,1.06628,1.06754,1.066,1.06699,8776
2023-12-06T22:00:00.000Z,1.06714,1.06789,1.06523,1.06767,7246
2023-12-07T02:00:00.000Z,1.06767,1.06813,1.06622,1.06729,10506
2023-12-07T06:00:00.000Z,1.06729,1.06983,1.06722,1.06835,14888
2023-12-07T10:00:00.000Z,1.06835,1.07025,1.06781,1.06944,13983
2023-12-07T14:00:00.000Z,1.06944,1.07051,1.06869,1.06887,22152
2023-12-07T18:00:00.000Z,1.06887,1.07034,1.06875,1.06999,11718
2023-12-07T22:00:00.000Z,1.06926,1.0709,1.06715,1.07086,9541
2023-12-08T02:00:00.000Z,1.07086,1.07352,1.07027,1.07322,9428
2023-12-08T06:00:00.000Z,1.07324,1.07489,1.0727,1.07481,14174
2023-12-08T10:00:00.000Z,1.07481,1.07489,1.07282,1.07451,17309
2023-12-08T14:00:00.000Z,1.07451,1.07518,1.07307,1.07381,25604
2023-12-08T18:00:00.000Z,1.07378,1.0748,1.07367,1.07454,9157
2023-12-10T22:00:00.000Z,1.07269,1.07459,1.07156,1.07267,9120
2023-12-11T02:00:00.000Z,1.07267,1.0732,1.07174,1.07282,7015
2023-12-11T06:00:00.000Z,1.07282,1.07394,1.07257,1.07295,11813
2023-12-11T10:00:00.000Z,1.07294,1.07306,1.07178,1.07181,10288
2023-12-11T14:00:00.000Z,1.07181,1.07316,1.071,1.07242,16442
2023-12-11T18:00:00.000Z,1.07242,1.07316,1.0716,1.07273,10425
2023-12-11T22:00:00.000Z,1.07208,1.07297,1.07166,1.07193,6829
2023-12-12T02:00:00.000Z,1.07193,1.07287,1.07114,1.07118,5551
2023-12-12T06:00:00.000Z,1.07121,1.0725,1.07054,1.07144,10559
2023-12-12T10:00:00.000Z,1.07142,1.07206,1.07022,1.07148,14862
2023-12-12T14:00:00.000Z,1.07147,1.0718,1.06969,1.06995,19365
2023-12-12T18:00:00.000Z,1.06995,1.07014,1.06906,1.06933,9766
2023-12-12T22:00:00.000Z,1.06949,1.07302,1.06733,1.07285,7193
2023-12-13T02:00:00.000Z,1.07285,1.07526,1.07248,1.07519,6632
2023-12-13T06:00:00.000Z,1.07519,1.07671,1.07428,1.07504,11462
2023-12-13T10:00:00.000Z,1.07501,1.07571,1.07455,1.07487,13062
2023-12-13T14:00:00.000Z,1.07487,1.07539,1.07409,1.07425,14638
2023-12-13T18:00:00.000Z,1.07425,1.07953,1.07192,1.0789,25918
2023-12-13T22:00:00.000Z,1.0784,1.07948,1.07499,1.07856,12468
2023-12-14T02:00:00.000Z,1.07856,1.07858,1.07545,1.07667,13816
2023-12-14T06:00:00.000Z,1.07667,1.08081,1.07655,1.07919,18197
2023-12-14T10:00:00.000Z,1.07919,1.08101,1.07915,1.08048,19457
2023-12-14T14:00:00.000Z,1.08048,1.08157,1.07815,1.07876,22677
2023-12-14T18:00:00.000Z,1.07871,1.07958,1.07839,1.07934,11680
2023-12-14T22:00:00.000Z,1.07911,1.08077,1.07752,1.08055,8158
2023-12-15T02:00:00.000Z,1.08055,1.08089,1.07935,1.08017,7886
2023-12-15T06:00:00.000Z,1.08016,1.08176,1.07886,1.07997,12355
2023-12-15T10:00:00.000Z,1.07997,1.08049,1.07833,1.07849,15827
2023-12-15T14:00:00.000Z,1.07849,1.08063,1.07772,1.0798,19331
2023-12-15T18:00:00.000Z,1.07981,1.08055,1.07879,1.07918,11226
2023-12-17T22:00:00.000Z,1.07758,1.08028,1.07644,1.0767,8873
2023-12-18T02:00:00.000Z,1.0767,1.07745,1.07588,1.07623,7944
2023-12-18T06:00:00.000Z,1.07623,1.07781,1.07605,1.07746,11094
2023-12-18T10:00:00.000Z,1.07746,1.07946,1.07739,1.07911,13284
2023-12-18T14:00:00.000Z,1.07909,1.07987,1.07841,1.07938,14949
2023-12-18T18:00:00.000Z,1.07893,1.07982,1.07865,1.0795,7604
2023-12-18T22:00:00.000Z,1.079,1.08021,1.07758,1.07923,7451
2023-12-19T02:00:00.000Z,1.07925,1.08033,1.07828,1.07832,9486
2023-12-19T06:00:00.000Z,1.07831,1.07944,1.07795,1.07889,11420
2023-12-19T10:00:00.000Z,1.07889,1.08019,1.07843,1.07857,12250
2023-12-19T14:00:00.000Z,1.07857,1.08048,1.07837,1.07884,16655
2023-12-19T18:00:00.000Z,1.07841,1.07933,1.07812,1.07867,8419
2023-12-19T22:00:00.000Z,1.07825,1.07999,1.07658,1.07972,6338
2023-12-20T02:00:00.000Z,1.07973,1.07999,1.07799,1.07818,8152
2023-12-20T06:00:00.000Z,1.07818,1.07846,1.07597,1.07599,12288
2023-12-20T10:00:00.000Z,1.07599,1.07704,1.07539,1.07576,11875
2023-12-20T14:00:00.000Z,1.07572,1.07717,1.07549,1.07685,15763
2023-12-20T18:00:00.000Z,1.07686,1.07754,1.07586,1.07745,16796
2023-12-20T22:00:00.000Z,1.07711,1.07846,1.07596,1.07843,7164
2023-12-21T02:00:00.000Z,1.07842,1.08032,1.07824,1.07997,5588
2023-12-21T06:00:00.000Z,1.07997,1.08047,1.07877,1.07942,9817
2023-12-21T10:00:00.000Z,1.07942,1.08073,1.07826,1.0787,14858
2023-12-21T14:00:00.000Z,1.0787,1.08058,1.07847,1.08014,24442
2023-12-21T18:00:00.000Z,1.08001,1.0818,1.07975,1.08044,13924
2023-12-21T22:00:00.000Z,1.08014,1.08091,1.07933,1.07989,8237
2023-12-22T02:00:00.000Z,1.07989,1.07993,1.07845,1.07886,7251
2023-12-22T06:00:00.000Z,1.07886,1.08134,1.07868,1.0805,10797
2023-12-22T10:00:00.000Z,1.0805,1.08101,1.07963,1.08015,17251
2023-12-22T14:00:00.000Z,1.08017,1.08092,1.07873,1.08031,17053
2023-12-22T18:00:00.000Z,1.08032,1.08073,1.07968,1.07977,8635
2023-12-25T22:00:00.000Z,1.0785,1.08039,1.0772,1.07758,4725
2023-12-26T02:00:00.000Z,1.07758,1.07809,1.07733,1.07744,3761
2023-12-26T06:00:00.000Z,1.07744,1.07904,1.07727,1.07792,5632
2023-12-26T10:00:00.000Z,1.07792,1.07886,1.07762,1.07821,8767
2023-12-26T14:00:00.000Z,1.07823,1.07847,1.07762,1.07828,11186
2023-12-26T18:00:00.000Z,1.07826,1.07887,1.07752,1.07876,9276
2023-12-26T22:00:00.000Z,1.07829,1.07893,1.07709,1.07882,4756
2023-12-27T02:00:00.000Z,1.07882,1.07961,1.07784,1.07814,5149
2023-12-27T06:00:00.000Z,1.07815,1.08074,1.0781,1.08003,9676
2023-12-27T10:00:00.000Z,1.08003,1.08119,1.07971,1.0807,9326
2023-12-27T14:00:00.000Z,1.08071,1.08072,1.07885,1.07987,14094
2023-12-27T18:00:00.000Z,1.07993,1.08063,1.07929,1.07989,14354
2023-12-27T22:00:00.000Z,1.07928,1.08041,1.07808,1.07915,6678
2023-12-28T02:00:00.000Z,1.07915,1.07923,1.07766,1.07892,7093
2023-12-28T06:00:00.000Z,1.07894,1.07968,1.07796,1.07931,12470
2023-12-28T10:00:00.000Z,1.07931,1.07984,1.07813,1.07851,13219
2023-12-28T14:00:00.000Z,1.0785,1.07962,1.07739,1.07843,15689
2023-12-28T18:00:00.000Z,1.07841,1.07986,1.07792,1.07847,8849
2023-12-28T22:00:00.000Z,1.07792,1.07868,1.07735,1.0779,7847
2023-12-29T02:00:00.000Z,1.0779,1.07834,1.0765,1.07695,4987
2023-12-29T06:00:00.000Z,1.07695,1.0782,1.07609,1.07809,11742
2023-12-29T10:00:00.000Z,1.07809,1.07823,1.07544,1.07563,13066
2023-12-29T14:00:00.000Z,1.07563,1.07794,1.07514,1.07759,18461
2023-12-29T18:00:00.000Z,1.07756,1.07846,1.07727,1.07758,9108
2024-01-01T22:00:00.000Z,1.07704,1.08069,1.07668,1.08053,6532
2024-01-02T02:00:00.000Z,1.08053,1.08274,1.07983,1.08268,8203
2024-01-02T06:00:00.000Z,1.08268,1.0832,1.08084,1.08087,15004
2024-01-02T10:00:00.000Z,1.08087,1.0828,1.0802,1.08139,19487
2024-01-02T14:00:00.000Z,1.08141,1.08223,1.08063,1.08215,22426
2024-01-02T18:00:00.000Z,1.08215,1.08233,1.08111,1.08162,9486
2024-01-02T22:00:00.000Z,1.08151,1.08276,1.07987,1.08002,8078
2024-01-03T02:00:00.000Z,1.08002,1.08011,1.07858,1.07878,7405
2024-01-03T06:00:00.000Z,1.07878,1.07949,1.07796,1.07898,14288
2024-01-03T10:00:00.000Z,1.07898,1.07922,1.07748,1.07902,15592
2024-01-03T14:00:00.000Z,1.07902,1.07909,1.07686,1.07792,24463
2024-01-03T18:00:00.000Z,1.07792,1.07816,1.0769,1.07765,17790
2024-01-03T22:00:00.000Z,1.07737,1.0788,1.07605,1.0782,9101
2024-01-04T02:00:00.000Z,1.07823,1.07823,1.07511,1.07626,9427
2024-01-04T06:00:00.000Z,1.07626,1.07743,1.07545,1.07682,16367
2024-01-04T10:00:00.000Z,1.07682,1.07735,1.07617,1.0766,14598
2024-01-04T14:00:00.000Z,1.07662,1.07699,1.0757,1.07659,18891
2024-01-04T18:00:00.000Z,1.07618,1.07687,1.0755,1.07559,10150
2024-01-04T22:00:00.000Z,1.07587,1.07666,1.07479,1.0757,7056
2024-01-05T02:00:00.000Z,1.0757,1.07644,1.07526,1.07583,7974
2024-01-05T06:00:00.000Z,1.07582,1.07652,1.0741,1.07449,14427
2024-01-05T10:00:00.000Z,1.07451,1.07556,1.07313,1.07552,17442
2024-01-05T14:00:00.000Z,1.0755,1.07601,1.07398,1.07485,28635
2024-01-05T18:00:00.000Z,1.07484,1.07554,1.07459,1.0754,11540
2024-01-07T22:00:00.000Z,1.07527,1.07577,1.07415,1.07554,5827
2024-01-08T02:00:00.000Z,1.07554,1.07565,1.07405,1.07423,6473
2024-01-08T06:00:00.000Z,1.07423,1.07546,1.07346,1.07445,15151
2024-01-08T10:00:00.000Z,1.07445,1.07552,1.07427,1.0746,13521
2024-01-08T14:00:00.000Z,1.0746,1.07525,1.07442,1.0748,18464
2024-01-08T18:00:00.000Z,1.0748,1.07592,1.07444,1.07498,9420
2024-01-08T22:00:00.000Z,1.07255,1.07589,1.07196,1.07503,7326
2024-01-09T02:00:00.000Z,1.07503,1.07516,1.07414,1.07482,7264
2024-01-09T06:00:00.000Z,1.07482,1.07501,1.07258,1.07293,13414
2024-01-09T10:00:00.000Z,1.07294,1.073,1.07215,1.07219,11569
2024-01-09T14:00:00.000Z,1.07219,1.07262,1.07167,1.07234,17104
2024-01-09T18:00:00.000Z,1.0723,1.07263,1.07107,1.07172,11702
2024-01-09T22:00:00.000Z,1.07153,1.07348,1.07082,1.07331,8065
2024-01-10T02:00:00.000Z,1.07331,1.07436,1.07319,1.07432,6139
2024-01-10T06:00:00.000Z,1.07432,1.07438,1.07258,1.07391,12413
2024-01-10T10:00:00.000Z,1.07391,1.07589,1.07374,1.07562,12356
2024-01-10T14:00:00.000Z,1.07562,1.07578,1.07477,1.07519,13658
2024-01-10T18:00:00.000Z,1.0753,1.07725,1.07484,1.07586,12087
2024-01-10T22:00:00.000Z,1.07527,1.07653,1.07527,1.07634,5818
2024-01-11T02:00:00.000Z,1.07634,1.07646,1.07462,1.07479,7420
2024-01-11T06:00:00.000Z,1.07479,1.07491,1.07363,1.07425,9954
2024-01-11T10:00:00.000Z,1.07425,1.07489,1.0724,1.07361,14963
2024-01-11T14:00:00.000Z,1.07361,1.07402,1.07077,1.07121,28088
2024-01-11T18:00:00.000Z,1.0707,1.07319,1.0707,1.07292,14878
2024-01-11T22:00:00.000Z,1.0727,1.07401,1.0711,1.07343,8285
2024-01-12T02:00:00.000Z,1.07343,1.07365,1.07239,1.07314,8413
2024-01-12T06:00:00.000Z,1.07313,1.07392,1.0728,1.07306,11886
2024-01-12T10:00:00.000Z,1.07306,1.07322,1.07094,1.07167,16360
2024-01-12T14:00:00.000Z,1.07167,1.07247,1.07053,1.07095,21322
2024-01-12T18:00:00.000Z,1.07095,1.07158,1.07038,1.07132,9187
2024-01-14T22:00:00.000Z,1.07035,1.07421,1.07032,1.07389,8722
2024-01-15T02:00:00.000Z,1.07389,1.07438,1.07355,1.07355,6237
2024-01-15T06:00:00.000Z,1.07356,1.0763,1.0731,1.07599,10538
2024-01-15T10:00:00.000Z,1.07593,1.07615,1.07452,1.07462,9971
2024-01-15T14:00:00.000Z,1.07462,1.07513,1.07358,1.07369,6105
2024-01-15T18:00:00.000Z,1.07369,1.07502,1.07352,1.07418,1475
2024-01-15T22:00:00.000Z,1.07368,1.07514,1.07298,1.07361,9263
2024-01-16T02:00:00.000Z,1.07361,1.07413,1.07237,1.07244,10192
2024-01-16T06:00:00.000Z,1.07242,1.07347,1.07183,1.07225,14236
2024-01-16T10:00:00.000Z,1.07225,1.07319,1.07165,1.07243,15498
2024-01-16T14:00:00.000Z,1.07243,1.07345,1.07183,1.07321,24106
2024-01-16T18:00:00.000Z,1.07321,1.07382,1.07254,1.07267,10520
2024-01-16T22:00:00.000Z,1.0721,1.07353,1.0713,1.07216,6618
2024-01-17T02:00:00.000Z,1.07216,1.0723,1.07055,1.07122,8644
2024-01-17T06:00:00.000Z,1.07122,1.07189,1.06992,1.07101,17192
2024-01-17T10:00:00.000Z,1.07101,1.07231,1.07098,1.0722,14457
2024-01-17T14:00:00.000Z,1.07221,1.07232,1.07106,1.07113,18781
2024-01-17T18:00:00.000Z,1.07131,1.07236,1.07122,1.07147,15501
2024-01-17T22:00:00.000Z,1.07091,1.07188,1.0691,1.0697,8633
2024-01-18T02:00:00.000Z,1.06968,1.07197,1.06942,1.07185,8526
2024-01-18T06:00:00.000Z,1.07184,1.07283,1.07139,1.07229,14066
2024-01-18T10:00:00.000Z,1.07229,1.07399,1.07211,1.07357,13467
2024-01-18T14:00:00.000Z,1.07357,1.07508,1.07357,1.07491,18892
2024-01-18T18:00:00.000Z,1.07445,1.07532,1.07304,1.0749,10808
2024-01-18T22:00:00.000Z,1.07458,1.0768,1.0737,1.07678,7831
2024-01-19T02:00:00.000Z,1.07678,1.07882,1.07662,1.07845,7181
2024-01-19T06:00:00.000Z,1.07845,1.07912,1.07734,1.07832,11492
2024-01-19T10:00:00.000Z,1.07832,1.07928,1.07766,1.07891,12031
2024-01-19T14:00:00.000Z,1.07891,1.07944,1.07805,1.07889,18991
2024-01-19T18:00:00.000Z,1.07889,1.07944,1.07851,1.07876,8188
2024-01-21T22:00:00.000Z,1.0771,1.07901,1.07693,1.0778,8404
2024-01-22T02:00:00.000Z,1.0778,1.07849,1.07669,1.07825,8887
2024-01-22T06:00:00.000Z,1.07825,1.07939,1.07793,1.07846,13079
2024-01-22T10:00:00.000Z,1.07846,1.07853,1.07689,1.07755,11150
2024-01-22T14:00:00.000Z,1.07755,1.07961,1.07729,1.07943,14451
2024-01-22T18:00:00.000Z,1.07919,1.08192,1.07919,1.08102,10645
2024-01-22T22:00:00.000Z,1.08,1.08324,1.07989,1.08276,7648
2024-01-23T02:00:00.000Z,1.08276,1.08328,1.08099,1.08232,11638
2024-01-23T06:00:00.000Z,1.08232,1.08234,1.08057,1.08174,14260
2024-01-23T10:00:00.000Z,1.08174,1.08267,1.08148,1.08179,11067
2024-01-23T14:00:00.000Z,1.08182,1.08237,1.0805,1.0806,15777
2024-01-23T18:00:00.000Z,1.08075,1.08108,1.07729,1.07851,12167
2024-01-23T22:00:00.000Z,1.07762,1.07957,1.07732,1.0775,8478
2024-01-24T02:00:00.000Z,1.0775,1.07866,1.07696,1.07717,8020
2024-01-24T06:00:00.000Z,1.07716,1.07772,1.07542,1.07601,13257
2024-01-24T10:00:00.000Z,1.07601,1.07787,1.07581,1.07679,13099
2024-01-24T14:00:00.000Z,1.07679,1.07781,1.07578,1.07758,23164
2024-01-24T18:00:00.000Z,1.07758,1.07785,1.07526,1.07629,15474
2024-01-24T22:00:00.000Z,1.07564,1.07693,1.07537,1.07595,8438
2024-01-25T02:00:00.000Z,1.07592,1.07687,1.07579,1.07656,7590
2024-01-25T06:00:00.000Z,1.07656,1.07696,1.07506,1.07543,11352
2024-01-25T10:00:00.000Z,1.07543,1.07739,1.07512,1.07731,16587
2024-01-25T14:00:00.000Z,1.07736,1.07814,1.07555,1.07562,22187
2024-01-25T18:00:00.000Z,1.07562,1.07804,1.07549,1.07762,14149
2024-01-25T22:00:00.000Z,1.07714,1.07886,1.07687,1.0788,6336
2024-01-26T02:00:00.000Z,1.0788,1.07966,1.07844,1.07937,6271
2024-01-26T06:00:00.000Z,1.07937,1.08012,1.07872,1.0799,12823
2024-01-26T10:00:00.000Z,1.0799,1.08036,1.07921,1.0802,13114
2024-01-26T14:00:00.000Z,1.08019,1.08032,1.0789,1.07908,16404
2024-01-26T18:00:00.000Z,1.07914,1.08029,1.07887,1.07997,7771
2024-01-28T22:00:00.000Z,1.07841,1.0803,1.07735,1.07979,7233
2024-01-29T02:00:00.000Z,1.07979,1.08116,1.07966,1.0805,5981
2024-01-29T06:00:00.000Z,1.0805,1.08091,1.07857,1.07936,10221
2024-01-29T10:00:00.000Z,1.07936,1.07963,1.0786,1.07948,8627
2024-01-29T14:00:00.000Z,1.07948,1.07959,1.07857,1.07952,13028
2024-01-29T18:00:00.000Z,1.07954,1.0799,1.07655,1.07795,12400
2024-01-29T22:00:00.000Z,1.07701,1.07877,1.0758,1.07817,8071
2024-01-30T02:00:00.000Z,1.07818,1.07842,1.07578,1.07722,6854
2024-01-30T06:00:00.000Z,1.07722,1.07767,1.0758,1.07685,11877
2024-01-30T10:00:00.000Z,1.07685,1.077,1.07602,1.07617,11002
2024-01-30T14:00:00.000Z,1.07617,1.07703,1.07456,1.07666,19681
2024-01-30T18:00:00.000Z,1.07666,1.07711,1.07586,1.07605,10459
2024-01-30T22:00:00.000Z,1.07563,1.07628,1.07288,1.07343,8341
2024-01-31T02:00:00.000Z,1.07342,1.07472,1.07265,1.07408,8107
2024-01-31T06:00:00.000Z,1.07408,1.07533,1.07293,1.07456,13560
2024-01-31T10:00:00.000Z,1.07457,1.0754,1.07409,1.07427,14952
2024-01-31T14:00:00.000Z,1.07427,1.07441,1.07227,1.07407,23203
2024-01-31T18:00:00.000Z,1.07407,1.07509,1.07289,1.07346,30210
2024-01-31T22:00:00.000Z,1.07298,1.07426,1.07158,1.07171,9399
2024-02-01T02:00:00.000Z,1.07171,1.07197,1.06976,1.07008,9343
2024-02-01T06:00:00.000Z,1.07009,1.07137,1.06968,1.07113,13388
2024-02-01T10:00:00.000Z,1.07113,1.07148,1.0693,1.06992,12927
2024-02-01T14:00:00.000Z,1.06992,1.07062,1.06922,1.07046,26475
2024-02-01T18:00:00.000Z,1.07046,1.07117,1.06971,1.06975,16476
2024-02-01T22:00:00.000Z,1.06964,1.07154,1.06925,1.0714,6307
2024-02-02T02:00:00.000Z,1.0714,1.07251,1.07097,1.07188,6747
2024-02-02T06:00:00.000Z,1.07188,1.07316,1.07148,1.07291,11068
2024-02-02T10:00:00.000Z,1.07291,1.07402,1.072,1.07359,14800
2024-02-02T14:00:00.000Z,1.07359,1.07408,1.07176,1.07325,23190
2024-02-02T18:00:00.000Z,1.07325,1.07386,1.07251,1.07381,9024
2024-02-04T22:00:00.000Z,1.07249,1.0742,1.07171,1.07344,12147
2024-02-05T02:00:00.000Z,1.07344,1.07357,1.07123,1.07253,9020
2024-02-05T06:00:00.000Z,1.07253,1.07279,1.07133,1.07193,12690
2024-02-05T10:00:00.000Z,1.07193,1.07273,1.07158,1.07178,12736
2024-02-05T14:00:00.000Z,1.07178,1.0724,1.07054,1.07114,16625
2024-02-05T18:00:00.000Z,1.07114,1.07141,1.07046,1.07087,7704
2024-02-05T22:00:00.000Z,1.0696,1.07126,1.0696,1.07069,6160
2024-02-06T02:00:00.000Z,1.07069,1.0732,1.07,1.07246,10258
2024-02-06T06:00:00.000Z,1.07246,1.07341,1.07192,1.0727,10821
2024-02-06T10:00:00.000Z,1.0727,1.07364,1.07222,1.07252,11024
2024-02-06T14:00:00.000Z,1.07251,1.07374,1.07217,1.07294,16230
2024-02-06T18:00:00.000Z,1.07275,1.07324,1.06948,1.0699,11576
2024-02-06T22:00:00.000Z,1.06942,1.07134,1.06901,1.07032,6844
2024-02-07T02:00:00.000Z,1.07032,1.07052,1.06922,1.06998,7277
2024-02-07T06:00:00.000Z,1.06998,1.07002,1.06852,1.06957,11370
2024-02-07T10:00:00.000Z,1.06957,1.06967,1.06728,1.06728,9881
2024-02-07T14:00:00.000Z,1.06729,1.06907,1.06632,1.06769,16910
2024-02-07T18:00:00.000Z,1.06745,1.06801,1.06628,1.06682,10424
2024-02-07T22:00:00.000Z,1.06642,1.06781,1.06601,1.06685,7751
2024-02-08T02:00:00.000Z,1.06685,1.06741,1.06657,1.06709,6850
2024-02-08T06:00:00.000Z,1.06708,1.06735,1.06556,1.06564,9915
2024-02-08T10:00:00.000Z,1.06564,1.06677,1.06557,1.06585,12654
2024-02-08T14:00:00.000Z,1.06584,1.06586,1.06476,1.06507,11725
2024-02-08T18:00:00.000Z,1.06512,1.06562,1.06467,1.06488,9024
2024-02-08T22:00:00.000Z,1.06429,1.06533,1.06011,1.06012,7282
2024-02-09T02:00:00.000Z,1.06014,1.06124,1.05953,1.06113,5569
2024-02-09T06:00:00.000Z,1.06113,1.06173,1.05858,1.05927,10305
2024-02-09T10:00:00.000Z,1.05927,1.06181,1.05926,1.06176,12931
2024-02-09T14:00:00.000Z,1.06177,1.06225,1.06077,1.06095,14715
2024-02-09T18:00:00.000Z,1.06095,1.06116,1.06024,1.06046,4917
2024-02-11T22:00:00.000Z,1.05975,1.06365,1.05904,1.06344,6592
2024-02-12T02:00:00.000Z,1.06341,1.06395,1.06249,1.0635,4377
2024-02-12T06:00:00.000Z,1.0635,1.06469,1.0629,1.0642,10020
2024-02-12T10:00:00.000Z,1.0642,1.065,1.06405,1.06445,9759
2024-02-12T14:00:00.000Z,1.06445,1.06566,1.06427,1.06557,13017
2024-02-12T18:00:00.000Z,1.06557,1.06589,1.06454,1.06527,9162
2024-02-12T22:00:00.000Z,1.06459,1.06606,1.06448,1.0655,5249
2024-02-13T02:00:00.000Z,1.06546,1.06929,1.06528,1.06746,6324
2024-02-13T06:00:00.000Z,1.06746,1.06801,1.06697,1.06782,10959
2024-02-13T10:00:00.000Z,1.06779,1.0681,1.06632,1.06698,14836
2024-02-13T14:00:00.000Z,1.06697,1.06709,1.0652,1.06582,20858
2024-02-13T18:00:00.000Z,1.06579,1.06615,1.06441,1.06501,9493
2024-02-13T22:00:00.000Z,1.06464,1.06587,1.06425,1.06517,7694
2024-02-14T02:00:00.000Z,1.06517,1.06538,1.06385,1.06412,6221
2024-02-14T06:00:00.000Z,1.06412,1.06576,1.06394,1.06537,12403
2024-02-14T10:00:00.000Z,1.06537,1.06597,1.06525,1.0657,10649
2024-02-14T14:00:00.000Z,1.06569,1.06636,1.06538,1.06634,18393
2024-02-14T18:00:00.000Z,1.06599,1.06725,1.06598,1.06667,10927
2024-02-14T22:00:00.000Z,1.06594,1.06735,1.06486,1.06554,7151
2024-02-15T02:00:00.000Z,1.06554,1.06661,1.06495,1.06644,6367
2024-02-15T06:00:00.000Z,1.06644,1.06779,1.0663,1.06726,12500
2024-02-15T10:00:00.000Z,1.06726,1.06729,1.06495,1.06573,12031
2024-02-15T14:00:00.000Z,1.06572,1.06662,1.06473,1.06649,17881
2024-02-15T18:00:00.000Z,1.06649,1.06855,1.0662,1.06837,10411
2024-02-15T22:00:00.000Z,1.06797,1.06885,1.06726,1.06831,6029
2024-02-16T02:00:00.000Z,1.06829,1.06952,1.06829,1.06941,5832
2024-02-16T06:00:00.000Z,1.06941,1.0703,1.06744,1.06775,12698
2024-02-16T10:00:00.000Z,1.06775,1.0686,1.0662,1.0671,12473
2024-02-16T14:00:00.000Z,1.0671,1.06791,1.06632,1.06707,20693
2024-02-16T18:00:00.000Z,1.0671,1.06728,1.0657,1.06641,10185
2024-02-18T22:00:00.000Z,1.06547,1.06662,1.06534,1.06616,7245
2024-02-19T02:00:00.000Z,1.06617,1.06627,1.06478,1.0655,5723
2024-02-19T06:00:00.000Z,1.0655,1.06565,1.06364,1.0642,11961
2024-02-19T10:00:00.000Z,1.06418,1.06526,1.06344,1.06361,8712
2024-02-19T14:00:00.000Z,1.06361,1.06421,1.06347,1.06372,7085
2024-02-19T18:00:00.000Z,1.06372,1.06391,1.06306,1.06333,1755
2024-02-19T22:00:00.000Z,1.06271,1.06426,1.06249,1.06387,8079
2024-02-20T02:00:00.000Z,1.06388,1.06448,1.06313,1.06388,7407
2024-02-20T06:00:00.000Z,1.06388,1.06486,1.0625,1.06308,12901
2024-02-20T10:00:00.000Z,1.06308,1.06345,1.06222,1.06236,13246
2024-02-20T14:00:00.000Z,1.06234,1.06315,1.06136,1.06186,19062
2024-02-20T18:00:00.000Z,1.06178,1.06274,1.061,1.06235,10896
2024-02-20T22:00:00.000Z,1.06221,1.06273,1.06124,1.06134,6831
2024-02-21T02:00:00.000Z,1.06134,1.06172,1.06044,1.06103,7655
2024-02-21T06:00:00.000Z,1.06103,1.06108,1.05978,1.05982,12642
2024-02-21T10:00:00.000Z,1.05982,1.06075,1.05951,1.06007,14313
2024-02-21T14:00:00.000Z,1.06007,1.06076,1.05965,1.06024,25931
2024-02-21T18:00:00.000Z,1.06025,1.06059,1.05943,1.06023,18081
2024-02-21T22:00:00.000Z,1.05964,1.06042,1.0583,1.05892,13230
2024-02-22T02:00:00.000Z,1.05893,1.05987,1.05817,1.05891,16858
2024-02-22T06:00:00.000Z,1.05892,1.06107,1.05863,1.06057,24047
2024-02-22T10:00:00.000Z,1.06057,1.06089,1.05919,1.05959,24012
2024-02-22T14:00:00.000Z,1.05961,1.05976,1.05728,1.05763,28247
2024-02-22T18:00:00.000Z,1.05766,1.05853,1.057,1.05793,14144
2024-02-22T22:00:00.000Z,1.0583,1.06047,1.05778,1.06031,13318
2024-02-23T02:00:00.000Z,1.06032,1.06059,1.05879,1.05931,10950
2024-02-23T06:00:00.000Z,1.05927,1.06045,1.05927,1.05996,18508
2024-02-23T10:00:00.000Z,1.05994,1.06036,1.05916,1.06013,21740
2024-02-23T14:00:00.000Z,1.06012,1.06048,1.05917,1.05927,27704
2024-02-23T18:00:00.000Z,1.05927,1.05982,1.05885,1.05908,8543
2024-02-25T22:00:00.000Z,1.05836,1.06333,1.05816,1.06285,7529
2024-02-26T02:00:00.000Z,1.06285,1.06307,1.0619,1.06302,6711
2024-02-26T06:00:00.000Z,1.06302,1.06312,1.06083,1.06094,11514
2024-02-26T10:00:00.000Z,1.06094,1.06094,1.05992,1.06032,18346
2024-02-26T14:00:00.000Z,1.06032,1.06059,1.05857,1.05874,21057
2024-02-26T18:00:00.000Z,1.05869,1.05972,1.05832,1.05946,12008
2024-02-26T22:00:00.000Z,1.0588,1.0611,1.05855,1.06076,12083
2024-02-27T02:00:00.000Z,1.06077,1.06209,1.05999,1.06157,14994
2024-02-27T06:00:00.000Z,1.06156,1.06273,1.0614,1.06261,17556
2024-02-27T10:00:00.000Z,1.06261,1.06302,1.06166,1.06213,20735
2024-02-27T14:00:00.000Z,1.06215,1.06215,1.06017,1.06036,24373
2024-02-27T18:00:00.000Z,1.0603,1.06083,1.06001,1.06045,11191
2024-02-27T22:00:00.000Z,1.05878,1.06774,1.05878,1.06755,13921
2024-02-28T02:00:00.000Z,1.06753,1.0686,1.06552,1.06566,16340
2024-02-28T06:00:00.000Z,1.06567,1.0671,1.06444,1.06518,22204
2024-02-28T10:00:00.000Z,1.06518,1.06622,1.06477,1.06546,19756
2024-02-28T14:00:00.000Z,1.06544,1.06709,1.06529,1.06643,22914
2024-02-28T18:00:00.000Z,1.06648,1.06658,1.06503,1.06539,13998
2024-02-28T22:00:00.000Z,1.06379,1.06667,1.06376,1.06632,13730
2024-02-29T02:00:00.000Z,1.06633,1.06805,1.06602,1.06775,17653
2024-02-29T06:00:00.000Z,1.06776,1.06867,1.06702,1.06788,21976
2024-02-29T10:00:00.000Z,1.06789,1.06856,1.06713,1.06824,21333
2024-02-29T14:00:00.000Z,1.06824,1.06942,1.06736,1.06781,28505
2024-02-29T18:00:00.000Z,1.06781,1.06804,1.06718,1.06742,10055
2024-02-29T22:00:00.000Z,1.06666,1.06862,1.0662,1.06748,12500
2024-03-01T02:00:00.000Z,1.06748,1.06886,1.06738,1.06868,12818
2024-03-01T06:00:00.000Z,1.0687,1.0689,1.06665,1.06703,20736
2024-03-01T10:00:00.000Z,1.06703,1.06784,1.06663,1.06755,21152
2024-03-01T14:00:00.000Z,1.06757,1.06974,1.06699,1.06958,28223
2024-03-01T18:00:00.000Z,1.06958,1.06989,1.0684,1.06844,12208
2024-03-03T22:00:00.000Z,1.06786,1.0699,1.06766,1.06979,6480
2024-03-04T02:00:00.000Z,1.06979,1.06996,1.06877,1.06888,5016
2024-03-04T06:00:00.000Z,1.06888,1.07,1.06803,1.06838,9313
2024-03-04T10:00:00.000Z,1.06837,1.06937,1.06811,1.06905,13528
2024-03-04T14:00:00.000Z,1.06905,1.06916,1.06781,1.06865,22657
2024-03-04T18:00:00.000Z,1.0686,1.0689,1.06775,1.06813,8756
2024-03-04T22:00:00.000Z,1.06709,1.06825,1.06568,1.06816,11728
2024-03-05T02:00:00.000Z,1.06815,1.06844,1.06691,1.067,13776
2024-03-05T06:00:00.000Z,1.06701,1.06776,1.06636,1.06768,19060
2024-03-05T10:00:00.000Z,1.06771,1.06809,1.06721,1.06733,18426
2024-03-05T14:00:00.000Z,1.06734,1.06889,1.06563,1.06877,28078
2024-03-05T18:00:00.000Z,1.06876,1.06939,1.06855,1.06863,15696
2024-03-05T22:00:00.000Z,1.06724,1.07007,1.06722,1.06918,13364
2024-03-06T02:00:00.000Z,1.06919,1.06999,1.06882,1.06935,12871
2024-03-06T06:00:00.000Z,1.06937,1.06967,1.06836,1.06899,20093
2024-03-06T10:00:00.000Z,1.069,1.0696,1.06816,1.06958,21819
2024-03-06T14:00:00.000Z,1.0696,1.07192,1.06941,1.07156,31662
2024-03-06T18:00:00.000Z,1.07163,1.07185,1.07069,1.07107,16315
2024-03-06T22:00:00.000Z,1.06978,1.07177,1.06963,1.07123,14548
2024-03-07T02:00:00.000Z,1.07122,1.07186,1.07038,1.07066,18043
2024-03-07T06:00:00.000Z,1.07066,1.07173,1.07008,1.07163,22671
2024-03-07T10:00:00.000Z,1.07164,1.07233,1.0715,1.07188,21004
2024-03-07T14:00:00.000Z,1.07187,1.07303,1.07166,1.07213,28331
2024-03-07T18:00:00.000Z,1.07216,1.07268,1.07188,1.07219,13113
2024-03-07T22:00:00.000Z,1.07135,1.07338,1.0711,1.07326,11561
2024-03-08T02:00:00.000Z,1.07326,1.07407,1.07247,1.07395,15441
2024-03-08T06:00:00.000Z,1.07393,1.07432,1.0733,1.07422,20831
2024-03-08T10:00:00.000Z,1.07422,1.07468,1.07156,1.07204,23841
2024-03-08T14:00:00.000Z,1.07203,1.07296,1.07113,1.07231,33186
2024-03-08T18:00:00.000Z,1.07231,1.0728,1.07189,1.07275,13862
2024-03-10T21:00:00.000Z,1.07129,1.0729,1.07077,1.07206,11259
2024-03-11T01:00:00.000Z,1.07206,1.07212,1.07066,1.0709,13929
2024-03-11T05:00:00.000Z,1.07087,1.07198,1.07049,1.07138,17344
2024-03-11T09:00:00.000Z,1.07138,1.07158,1.06994,1.07003,17167
2024-03-11T13:00:00.000Z,1.07003,1.07144,1.0699,1.07117,25023
2024-03-11T17:00:00.000Z,1.07118,1.07211,1.07069,1.07197,9158
2024-03-11T21:00:00.000Z,1.07034,1.07299,1.07005,1.07266,10863
2024-03-12T01:00:00.000Z,1.07266,1.07287,1.07124,1.07184,17329
2024-03-12T05:00:00.000Z,1.07185,1.07339,1.07143,1.0733,20964
2024-03-12T09:00:00.000Z,1.07334,1.07368,1.07178,1.07288,23921
2024-03-12T13:00:00.000Z,1.07288,1.07408,1.07261,1.07345,34952
2024-03-12T17:00:00.000Z,1.07341,1.07417,1.07308,1.07413,17574
2024-03-12T21:00:00.000Z,1.07414,1.07491,1.07313,1.07421,9515
2024-03-13T01:00:00.000Z,1.07423,1.07451,1.07294,1.0732,15315
2024-03-13T05:00:00.000Z,1.0732,1.0734,1.07218,1.07293,21435
2024-03-13T09:00:00.000Z,1.07292,1.07455,1.07282,1.07411,20219
2024-03-13T13:00:00.000Z,1.07411,1.07568,1.074,1.07523,25187
2024-03-13T17:00:00.000Z,1.0752,1.07587,1.07511,1.0758,13853
2024-03-13T21:00:00.000Z,1.07424,1.07582,1.07388,1.07428,10010
2024-03-14T01:00:00.000Z,1.07429,1.0743,1.07314,1.07388,13567
2024-03-14T05:00:00.000Z,1.07391,1.07477,1.07348,1.07445,18490
2024-03-14T09:00:00.000Z,1.07446,1.0746,1.07236,1.07381,20287
2024-03-14T13:00:00.000Z,1.07382,1.07404,1.0727,1.07318,31814
2024-03-14T17:00:00.000Z,1.0732,1.07409,1.07299,1.07343,14813
2024-03-14T21:00:00.000Z,1.07246,1.07543,1.07142,1.07539,9757
2024-03-15T01:00:00.000Z,1.07538,1.07627,1.07512,1.07595,16157
2024-03-15T05:00:00.000Z,1.07594,1.077,1.07521,1.0762,19045
2024-03-15T09:00:00.000Z,1.07621,1.07749,1.07588,1.07667,19060
2024-03-15T13:00:00.000Z,1.07668,1.07882,1.07651,1.07798,26608
2024-03-15T17:00:00.000Z,1.07799,1.07832,1.07761,1.07807,10062
2024-03-17T21:00:00.000Z,1.07651,1.07826,1.07608,1.07806,7717
2024-03-18T01:00:00.000Z,1.07806,1.07835,1.0767,1.07744,14283
2024-03-18T05:00:00.000Z,1.07744,1.07807,1.07708,1.07749,15030
2024-03-18T09:00:00.000Z,1.07748,1.07867,1.07723,1.07841,15319
2024-03-18T13:00:00.000Z,1.07843,1.07852,1.07754,1.07782,20596
2024-03-18T17:00:00.000Z,1.07784,1.07849,1.07769,1.07792,9717
2024-03-18T21:00:00.000Z,1.07598,1.07895,1.07585,1.07834,7658
2024-03-19T01:00:00.000Z,1.07836,1.07938,1.07642,1.07676,20758
2024-03-19T05:00:00.000Z,1.07676,1.07781,1.07613,1.07726,21056
2024-03-19T09:00:00.000Z,1.07724,1.07792,1.07679,1.077,18492
2024-03-19T13:00:00.000Z,1.07703,1.07943,1.07697,1.07913,20309
2024-03-19T17:00:00.000Z,1.07914,1.07945,1.07869,1.07921,10781
2024-03-19T21:00:00.000Z,1.07904,1.08036,1.07837,1.0801,9863
2024-03-20T01:00:00.000Z,1.08007,1.08068,1.07927,1.08026,12512
2024-03-20T05:00:00.000Z,1.08031,1.08069,1.07987,1.08048,16151
2024-03-20T09:00:00.000Z,1.08051,1.08131,1.08005,1.08114,16514
2024-03-20T13:00:00.000Z,1.08114,1.08202,1.08083,1.08179,17300
2024-03-20T17:00:00.000Z,1.08178,1.08332,1.07892,1.08319,28065
2024-03-20T21:00:00.000Z,1.08288,1.08639,1.08244,1.08597,15318
2024-03-21T01:00:00.000Z,1.08593,1.08693,1.08556,1.08682,17640
2024-03-21T05:00:00.000Z,1.08681,1.08767,1.08533,1.08545,20308
2024-03-21T09:00:00.000Z,1.08545,1.08661,1.08523,1.08656,23628
2024-03-21T13:00:00.000Z,1.08656,1.08723,1.08515,1.08715,27310
2024-03-21T17:00:00.000Z,1.08716,1.08775,1.08697,1.0871,10721
2024-03-21T21:00:00.000Z,1.08662,1.08714,1.08617,1.08678,10447
2024-03-22T01:00:00.000Z,1.08677,1.08691,1.0847,1.08513,19254
2024-03-22T05:00:00.000Z,1.08515,1.08556,1.08388,1.08465,20559
2024-03-22T09:00:00.000Z,1.08465,1.0859,1.08438,1.08535,19648
2024-03-22T13:00:00.000Z,1.08533,1.08733,1.08511,1.08713,21551
2024-03-22T17:00:00.000Z,1.08716,1.08744,1.08657,1.08659,8544
2024-03-24T21:00:00.000Z,1.08506,1.08819,1.08385,1.08745,9627
2024-03-25T01:00:00.000Z,1.08743,1.08878,1.08727,1.0882,18604
2024-03-25T05:00:00.000Z,1.08821,1.08827,1.08715,1.08744,17345
2024-03-25T09:00:00.000Z,1.08742,1.08832,1.08694,1.08828,15812
2024-03-25T13:00:00.000Z,1.08827,1.08958,1.08806,1.08913,19463
2024-03-25T17:00:00.000Z,1.08916,1.08961,1.08883,1.08923,8347
2024-03-25T21:00:00.000Z,1.08869,1.0902,1.08839,1.08925,7384
2024-03-26T01:00:00.000Z,1.08924,1.09014,1.08802,1.08869,15316
2024-03-26T05:00:00.000Z,1.08872,1.089,1.08699,1.08729,16344
2024-03-26T09:00:00.000Z,1.08728,1.08821,1.08687,1.08813,17280
2024-03-26T13:00:00.000Z,1.08811,1.08847,1.08704,1.08805,20530
2024-03-26T17:00:00.000Z,1.08806,1.08852,1.08756,1.08817,10347
2024-03-26T21:00:00.000Z,1.08783,1.08872,1.08669,1.08775,8062
2024-03-27T01:00:00.000Z,1.08771,1.08841,1.08721,1.08825,15210
2024-03-27T05:00:00.000Z,1.08826,1.08836,1.08641,1.08648,15299
2024-03-27T09:00:00.000Z,1.0865,1.08734,1.08642,1.08698,20050
2024-03-27T13:00:00.000Z,1.08698,1.08789,1.08626,1.08776,20437
2024-03-27T17:00:00.000Z,1.08775,1.08873,1.08752,1.08828,10228
2024-03-27T21:00:00.000Z,1.08768,1.08955,1.08736,1.08929,9875
2024-03-28T01:00:00.000Z,1.08929,1.09064,1.08853,1.08991,14284
2024-03-28T05:00:00.000Z,1.08993,1.09011,1.08805,1.0887,17069
2024-03-28T09:00:00.000Z,1.0887,1.08939,1.08813,1.08934,17939
2024-03-28T13:00:00.000Z,1.08936,1.09084,1.08891,1.09026,21229
2024-03-28T17:00:00.000Z,1.09028,1.09093,1.08986,1.09076,11463
2024-03-28T21:00:00.000Z,1.0905,1.0915,1.08977,1.09069,4456
2024-03-29T01:00:00.000Z,1.09063,1.09146,1.08966,1.09011,3623
2024-03-29T05:00:00.000Z,1.09011,1.091,1.0897,1.09053,2712
2024-03-29T09:00:00.000Z,1.09039,1.09103,1.08846,1.09085,3080
2024-03-29T13:00:00.000Z,1.09085,1.09109,1.08929,1.09031,5508
2024-03-29T17:00:00.000Z,1.09031,1.09051,1.0869,1.0885,4873
2024-03-31T21:00:00.000Z,1.08888,1.09148,1.08854,1.09044,10505
2024-04-01T01:00:00.000Z,1.09048,1.09081,1.08987,1.09076,12510
2024-04-01T05:00:00.000Z,1.09075,1.09125,1.09017,1.09067,10980
2024-04-01T09:00:00.000Z,1.09066,1.09131,1.08999,1.09127,11297
2024-04-01T13:00:00.000Z,1.09126,1.09174,1.09068,1.09098,19297
2024-04-01T17:00:00.000Z,1.09097,1.09103,1.08991,1.08991,7877
2024-04-01T21:00:00.000Z,1.08957,1.0912,1.08906,1.09106,10091
2024-04-02T01:00:00.000Z,1.09104,1.09161,1.09058,1.09129,14143
2024-04-02T05:00:00.000Z,1.0913,1.09257,1.09096,1.09229,20843
2024-04-02T09:00:00.000Z,1.09228,1.09267,1.09096,1.09116,17437
2024-04-02T13:00:00.000Z,1.09116,1.09272,1.09047,1.09201,23080
2024-04-02T17:00:00.000Z,1.09203,1.09217,1.09107,1.09146,8756
2024-04-02T21:00:00.000Z,1.09172,1.09213,1.09056,1.09194,9173
2024-04-03T01:00:00.000Z,1.09196,1.09305,1.09125,1.09149,14284
2024-04-03T05:00:00.000Z,1.09148,1.09163,1.09024,1.09092,16255
2024-04-03T09:00:00.000Z,1.09092,1.09201,1.09056,1.09196,16683
2024-04-03T13:00:00.000Z,1.09199,1.09373,1.09177,1.09325,28825
2024-04-03T17:00:00.000Z,1.09325,1.09343,1.09228,1.09237,10804
2024-04-03T21:00:00.000Z,1.09157,1.09247,1.09104,1.09196,8797
2024-04-04T01:00:00.000Z,1.09198,1.09287,1.09186,1.09246,12680
2024-04-04T05:00:00.000Z,1.09246,1.09295,1.09122,1.09266,17614
2024-04-04T09:00:00.000Z,1.09264,1.09499,1.09253,1.09484,16583
2024-04-04T13:00:00.000Z,1.09486,1.09555,1.09406,1.09482,16656
2024-04-04T17:00:00.000Z,1.09482,1.09484,1.09282,1.09329,18242
2024-04-04T21:00:00.000Z,1.09279,1.09359,1.09199,1.09285,13012
2024-04-05T01:00:00.000Z,1.09285,1.09377,1.09182,1.09375,17001
2024-04-05T05:00:00.000Z,1.09375,1.09403,1.09295,1.0938,18708
2024-04-05T09:00:00.000Z,1.09378,1.09474,1.09284,1.09433,20970
2024-04-05T13:00:00.000Z,1.0943,1.09476,1.09248,1.09451,29374
2024-04-05T17:00:00.000Z,1.09453,1.09487,1.09365,1.09424,12050
2024-04-07T21:00:00.000Z,1.09259,1.09429,1.09219,1.09248,13781
2024-04-08T01:00:00.000Z,1.09245,1.09488,1.09212,1.09414,17364
2024-04-08T05:00:00.000Z,1.09405,1.09511,1.09343,1.09443,18903
2024-04-08T09:00:00.000Z,1.09446,1.09488,1.09323,1.09456,17503
2024-04-08T13:00:00.000Z,1.09455,1.09511,1.0943,1.09476,22023
2024-04-08T17:00:00.000Z,1.09477,1.09499,1.09419,1.09482,10602
2024-04-08T21:00:00.000Z,1.09435,1.09493,1.09305,1.09335,6999
2024-04-09T01:00:00.000Z,1.09336,1.09391,1.09249,1.09371,14504
2024-04-09T05:00:00.000Z,1.09371,1.09439,1.09327,1.09409,16896
2024-04-09T09:00:00.000Z,1.09408,1.09428,1.0929,1.0933,17453
2024-04-09T13:00:00.000Z,1.09326,1.09384,1.09272,1.09341,25318
2024-04-09T17:00:00.000Z,1.09341,1.09409,1.09308,1.09375,10738
2024-04-09T21:00:00.000Z,1.0936,1.09412,1.09248,1.09321,9695
2024-04-10T01:00:00.000Z,1.0932,1.09425,1.08951,1.09013,14913
2024-04-10T05:00:00.000Z,1.09016,1.09209,1.09008,1.09089,16658
2024-04-10T09:00:00.000Z,1.09088,1.09098,1.08746,1.0896,21160
2024-04-10T13:00:00.000Z,1.0896,1.0897,1.08746,1.08902,35925
2024-04-10T17:00:00.000Z,1.08902,1.09037,1.0886,1.08995,21131
2024-04-10T21:00:00.000Z,1.08881,1.08992,1.08823,1.08911,12157
2024-04-11T01:00:00.000Z,1.08909,1.08969,1.0888,1.08894,16023
2024-04-11T05:00:00.000Z,1.08895,1.09015,1.08856,1.08918,21362
2024-04-11T09:00:00.000Z,1.08917,1.09013,1.08867,1.08951,24518
2024-04-11T13:00:00.000Z,1.08951,1.09093,1.08906,1.08997,31680
2024-04-11T17:00:00.000Z,1.08999,1.09074,1.08979,1.09028,12962
2024-04-11T21:00:00.000Z,1.08873,1.09039,1.0887,1.08896,9256
2024-04-12T01:00:00.000Z,1.08897,1.0894,1.08818,1.08869,16696
2024-04-12T05:00:00.000Z,1.0887,1.0905,1.08844,1.0902,22766
2024-04-12T09:00:00.000Z,1.09022,1.09045,1.08777,1.08792,21790
2024-04-12T13:00:00.000Z,1.0879,1.08951,1.08783,1.08811,31830
2024-04-12T17:00:00.000Z,1.08814,1.08851,1.08763,1.08831,17447
2024-04-14T21:00:00.000Z,1.08769,1.09056,1.08749,1.09025,12319
2024-04-15T01:00:00.000Z,1.09027,1.09071,1.08933,1.09058,20550
2024-04-15T05:00:00.000Z,1.09058,1.09205,1.09034,1.09112,24984
2024-04-15T09:00:00.000Z,1.09112,1.09176,1.09044,1.09159,22573
2024-04-15T13:00:00.000Z,1.0916,1.09191,1.0907,1.09111,30250
2024-04-15T17:00:00.000Z,1.0911,1.0918,1.09042,1.09118,15596
2024-04-15T21:00:00.000Z,1.09067,1.09159,1.09023,1.09027,11069
2024-04-16T01:00:00.000Z,1.09025,1.09176,1.08908,1.09103,20203
2024-04-16T05:00:00.000Z,1.09103,1.09121,1.08917,1.08932,25112
2024-04-16T09:00:00.000Z,1.08932,1.09087,1.08925,1.09027,21432
2024-04-16T13:00:00.000Z,1.09028,1.09055,1.08815,1.0885,28816
2024-04-16T17:00:00.000Z,1.08854,1.08924,1.08821,1.08842,22769
2024-04-16T21:00:00.000Z,1.08795,1.09192,1.08619,1.08703,11452
2024-04-17T01:00:00.000Z,1.08708,1.08792,1.08615,1.08659,18716
2024-04-17T05:00:00.000Z,1.08658,1.08789,1.08601,1.08763,22856
2024-04-17T09:00:00.000Z,1.08763,1.0883,1.08672,1.08789,19374
2024-04-17T13:00:00.000Z,1.08792,1.08911,1.08718,1.08776,31928
2024-04-17T17:00:00.000Z,1.08772,1.0881,1.08735,1.08757,20970
2024-04-17T21:00:00.000Z,1.08593,1.08937,1.08593,1.08891,9007
2024-04-18T01:00:00.000Z,1.08894,1.08933,1.08735,1.0889,18152
2024-04-18T05:00:00.000Z,1.08891,1.08905,1.08713,1.0872,20997
2024-04-18T09:00:00.000Z,1.08718,1.08754,1.08666,1.08716,19290
2024-04-18T13:00:00.000Z,1.08714,1.088,1.08698,1.08781,28933
2024-04-18T17:00:00.000Z,1.08782,1.08837,1.08726,1.08789,16527
2024-04-18T21:00:00.000Z,1.08689,1.08841,1.0865,1.0867,11075
2024-04-19T01:00:00.000Z,1.08672,1.08808,1.08547,1.08772,37978
2024-04-19T05:00:00.000Z,1.08777,1.08953,1.08759,1.08898,26114
2024-04-19T09:00:00.000Z,1.089,1.08965,1.08862,1.08927,20597
2024-04-19T13:00:00.000Z,1.08926,1.0899,1.08851,1.08986,30600
2024-04-19T17:00:00.000Z,1.08986,1.09053,1.08968,1.08987,15964
2024-04-21T21:00:00.000Z,1.08851,1.09059,1.08699,1.08912,12148
2024-04-22T01:00:00.000Z,1.0891,1.08952,1.08814,1.08846,16769
2024-04-22T05:00:00.000Z,1.08846,1.08957,1.08785,1.08945,19045
2024-04-22T09:00:00.000Z,1.08943,1.09007,1.08918,1.08977,20044
2024-04-22T13:00:00.000Z,1.08974,1.09046,1.08939,1.08958,24344
2024-04-22T17:00:00.000Z,1.08958,1.08994,1.08923,1.08967,11222
2024-04-22T21:00:00.000Z,1.08828,1.09051,1.08818,1.08998,6840
2024-04-23T01:00:00.000Z,1.08996,1.09169,1.0897,1.09148,16859
2024-04-23T05:00:00.000Z,1.09148,1.09179,1.09069,1.09087,20407
2024-04-23T09:00:00.000Z,1.09089,1.09188,1.09087,1.09128,18277
2024-04-23T13:00:00.000Z,1.09126,1.09202,1.09072,1.09178,26244
2024-04-23T17:00:00.000Z,1.0918,1.09369,1.09159,1.09353,12049
2024-04-23T21:00:00.000Z,1.09107,1.09351,1.09099,1.09283,10292
2024-04-24T01:00:00.000Z,1.09285,1.09827,1.09235,1.09615,18277
2024-04-24T05:00:00.000Z,1.09616,1.09675,1.09526,1.0955,17855
2024-04-24T09:00:00.000Z,1.09551,1.09675,1.09496,1.09632,16812
2024-04-24T13:00:00.000Z,1.09632,1.09653,1.09459,1.09519,26709
2024-04-24T17:00:00.000Z,1.09516,1.09532,1.09457,1.09461,13989
2024-04-24T21:00:00.000Z,1.09386,1.09482,1.09295,1.09444,9256
2024-04-25T01:00:00.000Z,1.09446,1.09505,1.09404,1.09487,13741
2024-04-25T05:00:00.000Z,1.09488,1.09575,1.09443,1.09486,17839
2024-04-25T09:00:00.000Z,1.09486,1.09592,1.09468,1.09575,20728
2024-04-25T13:00:00.000Z,1.09575,1.09591,1.09461,1.09545,30476
2024-04-25T17:00:00.000Z,1.09546,1.09586,1.09513,1.09576,14842
2024-04-25T21:00:00.000Z,1.09523,1.09591,1.09395,1.09419,8811
2024-04-26T01:00:00.000Z,1.09417,1.096,1.09379,1.09582,15463
2024-04-26T05:00:00.000Z,1.09584,1.0985,1.09567,1.09836,21969
2024-04-26T09:00:00.000Z,1.09838,1.09927,1.09753,1.09895,20860
2024-04-26T13:00:00.000Z,1.09895,1.09944,1.09801,1.09922,27357
2024-04-26T17:00:00.000Z,1.09923,1.09985,1.09905,1.09972,9013
2024-04-28T21:00:00.000Z,1.09643,1.10099,1.09643,1.1009,6296
2024-04-29T01:00:00.000Z,1.10091,1.10124,1.09961,1.10067,19764
2024-04-29T05:00:00.000Z,1.10067,1.10091,1.09895,1.09933,24673
2024-04-29T09:00:00.000Z,1.09936,1.09946,1.09836,1.09889,15763
2024-04-29T13:00:00.000Z,1.09889,1.09907,1.09798,1.09852,20551
2024-04-29T17:00:00.000Z,1.09851,1.09868,1.09805,1.09835,11509
2024-04-29T21:00:00.000Z,1.09701,1.0995,1.09699,1.09908,7423
2024-04-30T01:00:00.000Z,1.09908,1.09941,1.09737,1.09815,12422
2024-04-30T05:00:00.000Z,1.09817,1.09979,1.09784,1.09826,14198
2024-04-30T09:00:00.000Z,1.09827,1.09909,1.09733,1.09836,18294
2024-04-30T13:00:00.000Z,1.09834,1.09908,1.09729,1.09856,27696
2024-04-30T17:00:00.000Z,1.09856,1.0998,1.09843,1.09965,12563
2024-04-30T21:00:00.000Z,1.09944,1.10175,1.09717,1.09881,8722
2024-05-01T01:00:00.000Z,1.09881,1.09942,1.09842,1.09933,9408
2024-05-01T05:00:00.000Z,1.09932,1.10122,1.09923,1.10011,10800
2024-05-01T09:00:00.000Z,1.10011,1.10062,1.09921,1.09948,15114
2024-05-01T13:00:00.000Z,1.09947,1.10068,1.09884,1.10031,23128
2024-05-01T17:00:00.000Z,1.10032,1.10126,1.09863,1.09975,33841
2024-05-01T21:00:00.000Z,1.09967,1.10194,1.09881,1.10153,12167
2024-05-02T01:00:00.000Z,1.10155,1.10274,1.10146,1.10247,15232
2024-05-02T05:00:00.000Z,1.10247,1.10268,1.10074,1.10152,21062
2024-05-02T09:00:00.000Z,1.10152,1.10163,1.10067,1.10115,20352
2024-05-02T13:00:00.000Z,1.10115,1.1024,1.10094,1.10202,29210
2024-05-02T17:00:00.000Z,1.10206,1.10214,1.10093,1.10111,13843
2024-05-02T21:00:00.000Z,1.10069,1.10231,1.09998,1.10198,9329
2024-05-03T01:00:00.000Z,1.102,1.10222,1.10105,1.10136,12926
2024-05-03T05:00:00.000Z,1.10136,1.10195,1.10036,1.10056,16588
2024-05-03T09:00:00.000Z,1.10056,1.1009,1.09737,1.09923,20240
2024-05-03T13:00:00.000Z,1.09923,1.09991,1.09658,1.0996,35965
2024-05-03T17:00:00.000Z,1.09961,1.09988,1.09883,1.09969,10102
2024-05-05T21:00:00.000Z,1.09903,1.10174,1.09755,1.10174,7924
2024-05-06T01:00:00.000Z,1.10172,1.10266,1.10118,1.10236,12216
2024-05-06T05:00:00.000Z,1.10238,1.10269,1.10066,1.10105,13643
2024-05-06T09:00:00.000Z,1.10107,1.10114,1.1002,1.1006,11789
2024-05-06T13:00:00.000Z,1.10062,1.1024,1.10058,1.10227,16030
2024-05-06T17:00:00.000Z,1.10226,1.10237,1.10159,1.10222,7681
2024-05-06T21:00:00.000Z,1.10066,1.103,1.10012,1.10238,7896
2024-05-07T01:00:00.000Z,1.10235,1.10276,1.09815,1.09939,14596
2024-05-07T05:00:00.000Z,1.09946,1.0998,1.09731,1.09816,16211
2024-05-07T09:00:00.000Z,1.0982,1.10029,1.09755,1.10024,13989
2024-05-07T13:00:00.000Z,1.10025,1.10077,1.09873,1.09881,20173
2024-05-07T17:00:00.000Z,1.09881,1.09956,1.09848,1.09927,11677
2024-05-07T21:00:00.000Z,1.09882,1.09955,1.09795,1.09813,7823
2024-05-08T01:00:00.000Z,1.09813,1.09845,1.09698,1.09757,14653
2024-05-08T05:00:00.000Z,1.09758,1.09833,1.09648,1.09735,16111
2024-05-08T09:00:00.000Z,1.09736,1.0977,1.09584,1.09595,14812
2024-05-08T13:00:00.000Z,1.09596,1.09711,1.09534,1.0962,18615
2024-05-08T17:00:00.000Z,1.09624,1.09666,1.09566,1.09587,7013
2024-05-08T21:00:00.000Z,1.09533,1.09636,1.09499,1.09618,7096
2024-05-09T01:00:00.000Z,1.09614,1.09636,1.09505,1.09595,14032
2024-05-09T05:00:00.000Z,1.09596,1.097,1.09517,1.09674,14711
2024-05-09T09:00:00.000Z,1.09675,1.09778,1.09559,1.09757,19274
2024-05-09T13:00:00.000Z,1.09757,1.09792,1.09703,1.09737,23223
2024-05-09T17:00:00.000Z,1.09737,1.09748,1.09684,1.09689,9989
2024-05-09T21:00:00.000Z,1.09642,1.09737,1.09611,1.09663,10420
2024-05-10T01:00:00.000Z,1.09662,1.09762,1.09652,1.09692,15982
2024-05-10T05:00:00.000Z,1.09693,1.09881,1.09665,1.09842,19161
2024-05-10T09:00:00.000Z,1.09842,1.09905,1.0978,1.09845,18310
2024-05-10T13:00:00.000Z,1.09845,1.09851,1.09651,1.09749,26096
2024-05-10T17:00:00.000Z,1.09748,1.09756,1.09687,1.09705,7870
2024-05-12T21:00:00.000Z,1.09656,1.09789,1.09551,1.09644,4694
2024-05-13T01:00:00.000Z,1.09644,1.09912,1.09587,1.09791,9011
2024-05-13T05:00:00.000Z,1.0979,1.09918,1.09758,1.09913,11462
2024-05-13T09:00:00.000Z,1.09914,1.09972,1.09883,1.09895,17525
2024-05-13T13:00:00.000Z,1.09894,1.09939,1.09805,1.09823,24282
2024-05-13T17:00:00.000Z,1.09822,1.09833,1.0976,1.09813,13404
2024-05-13T21:00:00.000Z,1.09705,1.09835,1.09703,1.09783,11739
2024-05-14T01:00:00.000Z,1.09781,1.09842,1.09701,1.09724,16575
2024-05-14T05:00:00.000Z,1.09725,1.09749,1.09605,1.09609,17425
2024-05-14T09:00:00.000Z,1.0961,1.0989,1.09603,1.09881,21149
2024-05-14T13:00:00.000Z,1.09882,1.09884,1.09706,1.09712,27685
2024-05-14T17:00:00.000Z,1.09712,1.09719,1.09641,1.09703,10390
2024-05-14T21:00:00.000Z,1.09606,1.09707,1.09579,1.09637,7684
2024-05-15T01:00:00.000Z,1.09637,1.09769,1.09563,1.09654,12865
2024-05-15T05:00:00.000Z,1.09653,1.09668,1.09555,1.09602,15419
2024-05-15T09:00:00.000Z,1.09601,1.09611,1.09304,1.09497,20373
2024-05-15T13:00:00.000Z,1.09497,1.09555,1.09326,1.09335,31927
2024-05-15T17:00:00.000Z,1.09335,1.09361,1.09267,1.09333,13188
2024-05-15T21:00:00.000Z,1.09296,1.09376,1.09255,1.09341,11622
2024-05-16T01:00:00.000Z,1.09342,1.094,1.09147,1.09188,19498
2024-05-16T05:00:00.000Z,1.09188,1.09379,1.09128,1.09277,18356
2024-05-16T09:00:00.000Z,1.09276,1.09354,1.09208,1.09217,18379
2024-05-16T13:00:00.000Z,1.09216,1.09232,1.09072,1.09128,22152
2024-05-16T17:00:00.000Z,1.09129,1.09164,1.09075,1.09077,11825
2024-05-16T21:00:00.000Z,1.09016,1.09119,1.09008,1.09084,8386
2024-05-17T01:00:00.000Z,1.09085,1.09232,1.08998,1.09014,13877
2024-05-17T05:00:00.000Z,1.09012,1.09063,1.08957,1.08969,16079
2024-05-17T09:00:00.000Z,1.08969,1.09043,1.0891,1.08997,11428
2024-05-17T13:00:00.000Z,1.08995,1.09123,1.08986,1.09012,22577
2024-05-17T17:00:00.000Z,1.09013,1.09145,1.09008,1.09125,10133
2024-05-19T21:00:00.000Z,1.0905,1.09329,1.0904,1.09326,5009
2024-05-20T01:00:00.000Z,1.09326,1.0944,1.09299,1.09394,6869
2024-05-20T05:00:00.000Z,1.09394,1.09405,1.09252,1.0937,11007
2024-05-20T09:00:00.000Z,1.09368,1.09382,1.09231,1.09239,16494
2024-05-20T13:00:00.000Z,1.09237,1.09244,1.09153,1.09196,23259
2024-05-20T17:00:00.000Z,1.09195,1.09255,1.09171,1.09183,12290
2024-05-20T21:00:00.000Z,1.09124,1.0926,1.09063,1.09222,7463
2024-05-21T01:00:00.000Z,1.0922,1.09304,1.09089,1.09121,18051
2024-05-21T05:00:00.000Z,1.09121,1.09244,1.09089,1.09208,16231
2024-05-21T09:00:00.000Z,1.09208,1.09413,1.09207,1.09359,15910
2024-05-21T13:00:00.000Z,1.09358,1.0942,1.09301,1.09356,28609
2024-05-21T17:00:00.000Z,1.09356,1.0941,1.09331,1.09398,10658
2024-05-21T21:00:00.000Z,1.0932,1.09432,1.09297,1.09322,9537
2024-05-22T01:00:00.000Z,1.09323,1.09361,1.08607,1.08991,18687
2024-05-22T05:00:00.000Z,1.08991,1.09028,1.08814,1.08934,19213
2024-05-22T09:00:00.000Z,1.08933,1.08963,1.08707,1.08709,20140
2024-05-22T13:00:00.000Z,1.0871,1.08755,1.08615,1.08692,26644
2024-05-22T17:00:00.000Z,1.08691,1.08725,1.08584,1.08586,21910
2024-05-22T21:00:00.000Z,1.08446,1.08614,1.08405,1.08414,10464
2024-05-23T01:00:00.000Z,1.08416,1.08447,1.08293,1.08297,17632
2024-05-23T05:00:00.000Z,1.08296,1.08415,1.08251,1.08384,20296
2024-05-23T09:00:00.000Z,1.08383,1.08419,1.083,1.08381,18838
2024-05-23T13:00:00.000Z,1.0838,1.08518,1.08334,1.08404,35266
2024-05-23T17:00:00.000Z,1.08402,1.08406,1.08257,1.08298,20850
2024-05-23T21:00:00.000Z,1.0824,1.08349,1.08203,1.08324,9676
2024-05-24T01:00:00.000Z,1.08325,1.08365,1.08185,1.08256,15584
2024-05-24T05:00:00.000Z,1.08255,1.08321,1.08219,1.08285,18311
2024-05-24T09:00:00.000Z,1.08284,1.08338,1.08219,1.0827,17330
2024-05-24T13:00:00.000Z,1.08271,1.08362,1.08245,1.08341,26701
2024-05-24T17:00:00.000Z,1.08339,1.08362,1.08223,1.08274,12712
2024-05-26T21:00:00.000Z,1.08183,1.08302,1.0818,1.0827,9185
2024-05-27T01:00:00.000Z,1.0827,1.0829,1.08193,1.08245,11738
2024-05-27T05:00:00.000Z,1.08246,1.08303,1.08223,1.08247,12551
2024-05-27T09:00:00.000Z,1.08247,1.08271,1.08165,1.0818,13638
2024-05-27T13:00:00.000Z,1.08181,1.0828,1.08177,1.08231,15425
2024-05-27T17:00:00.000Z,1.08232,1.08264,1.08186,1.08217,4525
2024-05-27T21:00:00.000Z,1.08129,1.08246,1.08083,1.08085,8383
2024-05-28T01:00:00.000Z,1.08084,1.08291,1.08054,1.08268,16386
2024-05-28T05:00:00.000Z,1.08268,1.08292,1.08055,1.0809,17830
2024-05-28T09:00:00.000Z,1.0809,1.08213,1.08053,1.08138,16713
2024-05-28T13:00:00.000Z,1.0814,1.08294,1.0814,1.08256,27802
2024-05-28T17:00:00.000Z,1.08257,1.08327,1.0821,1.08264,18394
2024-05-28T21:00:00.000Z,1.0824,1.08305,1.0812,1.08267,11028
2024-05-29T01:00:00.000Z,1.08266,1.08481,1.08249,1.0847,17801
2024-05-29T05:00:00.000Z,1.0847,1.08482,1.08346,1.08346,21571
2024-05-29T09:00:00.000Z,1.08346,1.08354,1.08149,1.08152,20899
2024-05-29T13:00:00.000Z,1.0815,1.08232,1.08104,1.08186,31686
2024-05-29T17:00:00.000Z,1.08187,1.08209,1.08105,1.08114,15164
2024-05-29T21:00:00.000Z,1.08054,1.08269,1.0804,1.08255,9906
2024-05-30T01:00:00.000Z,1.08255,1.08302,1.08131,1.08235,18780
2024-05-30T05:00:00.000Z,1.08235,1.08337,1.08191,1.08288,24565
2024-05-30T09:00:00.000Z,1.08287,1.08444,1.08272,1.08427,23427
2024-05-30T13:00:00.000Z,1.08427,1.08472,1.08384,1.0842,30495
2024-05-30T17:00:00.000Z,1.08421,1.08494,1.08398,1.08471,14417
2024-05-30T21:00:00.000Z,1.08438,1.08534,1.08345,1.08361,9948
2024-05-31T01:00:00.000Z,1.08363,1.08376,1.08244,1.08317,20966
2024-05-31T05:00:00.000Z,1.08317,1.08417,1.08235,1.08373,20903
2024-05-31T09:00:00.000Z,1.08373,1.08482,1.08281,1.08283,23113
2024-05-31T13:00:00.000Z,1.08282,1.08334,1.08171,1.08228,34965
2024-05-31T17:00:00.000Z,1.0823,1.08295,1.08181,1.08277,16791
2024-06-02T21:00:00.000Z,1.08285,1.08337,1.08182,1.08241,10472
2024-06-03T01:00:00.000Z,1.08242,1.08261,1.08127,1.08136,15913
2024-06-03T05:00:00.000Z,1.08134,1.08229,1.08096,1.08154,22286
2024-06-03T09:00:00.000Z,1.08154,1.08194,1.08076,1.08159,23201
2024-06-03T13:00:00.000Z,1.08158,1.08207,1.08015,1.08031,36650
2024-06-03T17:00:00.000Z,1.08031,1.08066,1.07988,1.08021,19701
2024-06-03T21:00:00.000Z,1.07813,1.08128,1.07806,1.08046,10471
2024-06-04T01:00:00.000Z,1.08046,1.08068,1.07885,1.07921,16796
2024-06-04T05:00:00.000Z,1.07921,1.0793,1.07738,1.07773,25961
2024-06-04T09:00:00.000Z,1.07772,1.07791,1.07633,1.07644,28644
2024-06-04T13:00:00.000Z,1.07645,1.07674,1.07522,1.0762,35522
2024-06-04T17:00:00.000Z,1.07621,1.07649,1.07558,1.07647,19689
2024-06-04T21:00:00.000Z,1.07537,1.07669,1.07533,1.0758,10617
2024-06-05T01:00:00.000Z,1.0758,1.07692,1.07554,1.07645,17975
2024-06-05T05:00:00.000Z,1.07644,1.07737,1.07475,1.07534,22035
2024-06-05T09:00:00.000Z,1.07532,1.07549,1.07417,1.07443,20911
2024-06-05T13:00:00.000Z,1.07442,1.07479,1.07348,1.07405,32193
2024-06-05T17:00:00.000Z,1.07409,1.0746,1.0735,1.07363,11367
2024-06-05T21:00:00.000Z,1.07335,1.07459,1.07308,1.07405,7878
2024-06-06T01:00:00.000Z,1.07404,1.07569,1.074,1.07518,17972
2024-06-06T05:00:00.000Z,1.07518,1.07564,1.07442,1.07501,19056
2024-06-06T09:00:00.000Z,1.075,1.07512,1.07393,1.07422,20665
2024-06-06T13:00:00.000Z,1.07422,1.07537,1.07401,1.07508,28099
2024-06-06T17:00:00.000Z,1.07507,1.07554,1.07479,1.0751,14467
2024-06-06T21:00:00.000Z,1.07489,1.07666,1.07488,1.07597,9058
2024-06-07T01:00:00.000Z,1.07598,1.07688,1.07582,1.07685,15441
2024-06-07T05:00:00.000Z,1.07687,1.07752,1.07623,1.07643,22773
2024-06-07T09:00:00.000Z,1.07643,1.07675,1.07309,1.07627,27391
2024-06-07T13:00:00.000Z,1.07629,1.0783,1.07608,1.07805,36273
2024-06-07T17:00:00.000Z,1.07804,1.07825,1.0774,1.07814,18203
2024-06-09T21:00:00.000Z,1.0769,1.07852,1.07644,1.07813,11538
2024-06-10T01:00:00.000Z,1.07813,1.07945,1.07801,1.07896,14951
2024-06-10T05:00:00.000Z,1.07897,1.07962,1.07816,1.07836,22850
2024-06-10T09:00:00.000Z,1.07838,1.07956,1.07811,1.07925,23079
2024-06-10T13:00:00.000Z,1.07926,1.07971,1.07892,1.07911,25705
2024-06-10T17:00:00.000Z,1.07912,1.07928,1.0786,1.07869,14713
2024-06-10T21:00:00.000Z,1.07863,1.07865,1.07715,1.07726,9466
2024-06-11T01:00:00.000Z,1.07724,1.07817,1.07687,1.07787,16503
2024-06-11T05:00:00.000Z,1.07784,1.07834,1.07739,1.07742,20003
2024-06-11T09:00:00.000Z,1.07744,1.07752,1.07635,1.07724,25103
2024-06-11T13:00:00.000Z,1.07725,1.07773,1.07547,1.07589,26533
2024-06-11T17:00:00.000Z,1.07587,1.07595,1.07488,1.07515,15262
2024-06-11T21:00:00.000Z,1.07531,1.076,1.07494,1.07523,8272
2024-06-12T01:00:00.000Z,1.07525,1.0768,1.07521,1.07654,15866
2024-06-12T05:00:00.000Z,1.07651,1.07697,1.07618,1.0764,17675
2024-06-12T09:00:00.000Z,1.07641,1.07783,1.07456,1.07704,13719
2024-06-12T13:00:00.000Z,1.07702,1.07805,1.07627,1.078,19356
2024-06-12T17:00:00.000Z,1.07798,1.07827,1.07689,1.07729,18717
2024-06-12T21:00:00.000Z,1.0769,1.07769,1.07652,1.07695,5915
2024-06-13T01:00:00.000Z,1.07694,1.07827,1.07671,1.07761,10066
2024-06-13T05:00:00.000Z,1.07762,1.07824,1.0764,1.07665,11710
2024-06-13T09:00:00.000Z,1.07664,1.07742,1.07584,1.07728,13375
2024-06-13T13:00:00.000Z,1.07729,1.07734,1.07524,1.07568,19146
2024-06-13T17:00:00.000Z,1.0757,1.07604,1.07516,1.07571,9614
2024-06-13T21:00:00.000Z,1.0751,1.07701,1.07458,1.07696,6628
2024-06-14T01:00:00.000Z,1.07697,1.07807,1.07697,1.07725,12867
2024-06-14T05:00:00.000Z,1.07725,1.07861,1.07708,1.07795,16138
2024-06-14T09:00:00.000Z,1.07798,1.07886,1.07775,1.07803,18687
2024-06-14T13:00:00.000Z,1.07803,1.07847,1.07704,1.07738,18309
2024-06-14T17:00:00.000Z,1.07737,1.07777,1.0768,1.07692,8333
2024-06-16T21:00:00.000Z,1.07639,1.07849,1.07639,1.07797,7025
2024-06-17T01:00:00.000Z,1.07795,1.07809,1.07689,1.07802,9861
2024-06-17T05:00:00.000Z,1.07803,1.07991,1.07772,1.0791,14310
2024-06-17T09:00:00.000Z,1.07911,1.07915,1.07832,1.07873,12892
2024-06-17T13:00:00.000Z,1.07873,1.07921,1.0779,1.07899,14365
2024-06-17T17:00:00.000Z,1.07897,1.07902,1.07834,1.07863,8357
2024-06-17T21:00:00.000Z,1.07805,1.07895,1.07755,1.07826,6683
2024-06-18T01:00:00.000Z,1.07823,1.08115,1.07817,1.08033,12068
2024-06-18T05:00:00.000Z,1.08034,1.08439,1.08029,1.08354,15047
2024-06-18T09:00:00.000Z,1.08357,1.08447,1.0829,1.08364,13899
2024-06-18T13:00:00.000Z,1.08358,1.0845,1.0826,1.08291,17619
2024-06-18T17:00:00.000Z,1.08291,1.08343,1.08259,1.083,9915
2024-06-18T21:00:00.000Z,1.08287,1.08525,1.0826,1.08506,4708
2024-06-19T01:00:00.000Z,1.08508,1.08685,1.08506,1.08644,8103
2024-06-19T05:00:00.000Z,1.08646,1.08781,1.08603,1.0867,11496
2024-06-19T09:00:00.000Z,1.08671,1.08761,1.08663,1.08731,10020
2024-06-19T13:00:00.000Z,1.0873,1.08816,1.08714,1.0881,7700
2024-06-19T17:00:00.000Z,1.0881,1.08853,1.08796,1.08813,2714
2024-06-19T21:00:00.000Z,1.08693,1.08845,1.08512,1.08815,6612
2024-06-20T01:00:00.000Z,1.08809,1.08853,1.08748,1.08761,10853
2024-06-20T05:00:00.000Z,1.08761,1.08861,1.08647,1.08824,12178
2024-06-20T09:00:00.000Z,1.08823,1.08918,1.08761,1.08789,13393
2024-06-20T13:00:00.000Z,1.08788,1.08875,1.08729,1.08779,17850
2024-06-20T17:00:00.000Z,1.08777,1.08786,1.08711,1.0876,11928
2024-06-20T21:00:00.000Z,1.08683,1.08821,1.08662,1.0881,5697
2024-06-21T01:00:00.000Z,1.0881,1.08874,1.08746,1.08832,9440
2024-06-21T05:00:00.000Z,1.08832,1.08852,1.08567,1.08573,13116
2024-06-21T09:00:00.000Z,1.08571,1.08728,1.0853,1.08663,13649
2024-06-21T13:00:00.000Z,1.08662,1.08679,1.08484,1.08542,17476
2024-06-21T17:00:00.000Z,1.08544,1.08569,1.08495,1.08545,8069
2024-06-23T21:00:00.000Z,1.08445,1.08626,1.08435,1.08603,6688
2024-06-24T01:00:00.000Z,1.08603,1.08626,1.08522,1.08595,11282
2024-06-24T05:00:00.000Z,1.08593,1.08706,1.08555,1.0856,11753
2024-06-24T09:00:00.000Z,1.0856,1.0859,1.08512,1.08557,15304
2024-06-24T13:00:00.000Z,1.08556,1.08688,1.08492,1.08663,18488
2024-06-24T17:00:00.000Z,1.08661,1.08688,1.08646,1.08667,10643
2024-06-24T21:00:00.000Z,1.08553,1.08738,1.08527,1.08697,8636
2024-06-25T01:00:00.000Z,1.08698,1.08831,1.08654,1.0879,13536
2024-06-25T05:00:00.000Z,1.0879,1.08868,1.08741,1.08746,14520
2024-06-25T09:00:00.000Z,1.08747,1.08769,1.08601,1.08633,14977
2024-06-25T13:00:00.000Z,1.08634,1.0869,1.08555,1.0864,20088
2024-06-25T17:00:00.000Z,1.0864,1.08669,1.08595,1.08602,10189
2024-06-25T21:00:00.000Z,1.08477,1.08644,1.08384,1.08585,7689
2024-06-26T01:00:00.000Z,1.08586,1.09258,1.08512,1.09249,17047
2024-06-26T05:00:00.000Z,1.09249,1.09397,1.09178,1.09356,16968
2024-06-26T09:00:00.000Z,1.09358,1.09364,1.09182,1.0932,17501
2024-06-26T13:00:00.000Z,1.0932,1.09402,1.09252,1.09376,21595
2024-06-26T17:00:00.000Z,1.09375,1.09437,1.09284,1.09287,11519
2024-06-26T21:00:00.000Z,1.09265,1.09448,1.09175,1.09442,8838
2024-06-27T01:00:00.000Z,1.09439,1.09494,1.09371,1.09488,13700
2024-06-27T05:00:00.000Z,1.09489,1.09492,1.0934,1.09348,20395
2024-06-27T09:00:00.000Z,1.09348,1.09366,1.09063,1.09157,24454
2024-06-27T13:00:00.000Z,1.09155,1.09281,1.0914,1.09197,28765
2024-06-27T17:00:00.000Z,1.09197,1.09287,1.09191,1.09282,14398
2024-06-27T21:00:00.000Z,1.09097,1.09333,1.09002,1.09321,9599
2024-06-28T01:00:00.000Z,1.09322,1.09329,1.0917,1.0929,25855
2024-06-28T05:00:00.000Z,1.0929,1.09427,1.09234,1.09416,21665
2024-06-28T09:00:00.000Z,1.09415,1.09494,1.09329,1.09448,26655
2024-06-28T13:00:00.000Z,1.09449,1.09637,1.09395,1.09488,35640
2024-06-28T17:00:00.000Z,1.09489,1.09527,1.0941,1.09491,16309
2024-06-30T21:00:00.000Z,1.09395,1.09586,1.09316,1.09376,14748
2024-07-01T01:00:00.000Z,1.09378,1.09432,1.0929,1.0932,21147
2024-07-01T05:00:00.000Z,1.0932,1.09513,1.09279,1.09503,24100
2024-07-01T09:00:00.000Z,1.09505,1.09533,1.09438,1.09478,22487
2024-07-01T13:00:00.000Z,1.09477,1.09625,1.09368,1.09563,31388
2024-07-01T17:00:00.000Z,1.09563,1.09608,1.09523,1.09594,12023
2024-07-01T21:00:00.000Z,1.09449,1.09792,1.09392,1.09788,9578
2024-07-02T01:00:00.000Z,1.09789,1.09821,1.09671,1.09719,18886
2024-07-02T05:00:00.000Z,1.09718,1.09865,1.09673,1.09799,22713
2024-07-02T09:00:00.000Z,1.09799,1.09883,1.09733,1.09747,19861
2024-07-02T13:00:00.000Z,1.09749,1.09781,1.09601,1.09657,31714
2024-07-02T17:00:00.000Z,1.09658,1.09711,1.09652,1.09681,12689
2024-07-02T21:00:00.000Z,1.09652,1.09731,1.0961,1.09657,9578
2024-07-03T01:00:00.000Z,1.09656,1.09862,1.09639,1.09841,16458
2024-07-03T05:00:00.000Z,1.09843,1.09902,1.09803,1.09847,20667
2024-07-03T09:00:00.000Z,1.09842,1.09937,1.09823,1.09836,21180
2024-07-03T13:00:00.000Z,1.09837,1.09924,1.09596,1.09852,32660
2024-07-03T17:00:00.000Z,1.09853,1.09942,1.09837,1.09863,9699
2024-07-03T21:00:00.000Z,1.09737,1.09927,1.09737,1.09852,8757
2024-07-04T01:00:00.000Z,1.09853,1.0994,1.09812,1.09895,15820
2024-07-04T05:00:00.000Z,1.09894,1.09925,1.09818,1.0988,17343
2024-07-04T09:00:00.000Z,1.09882,1.09956,1.0985,1.0995,14425
2024-07-04T13:00:00.000Z,1.09951,1.09993,1.09912,1.09939,12243
2024-07-04T17:00:00.000Z,1.0994,1.09983,1.09931,1.09959,1838
2024-07-04T21:00:00.000Z,1.09892,1.10068,1.09892,1.10051,10161
2024-07-05T01:00:00.000Z,1.10051,1.10106,1.09999,1.10034,17992
2024-07-05T05:00:00.000Z,1.10035,1.10085,1.09985,1.10039,19140
2024-07-05T09:00:00.000Z,1.10039,1.10053,1.09713,1.09894,20923
2024-07-05T13:00:00.000Z,1.09893,1.09936,1.09833,1.09863,35752
2024-07-05T17:00:00.000Z,1.09862,1.09875,1.09807,1.09817,12079
2024-07-07T21:00:00.000Z,1.09688,1.09907,1.09656,1.09831,12893
2024-07-08T01:00:00.000Z,1.09829,1.09872,1.09806,1.09845,18556
2024-07-08T05:00:00.000Z,1.09846,1.09862,1.09791,1.09817,20706
2024-07-08T09:00:00.000Z,1.09815,1.09926,1.09797,1.099,17111
2024-07-08T13:00:00.000Z,1.09901,1.09951,1.09835,1.09908,22936
2024-07-08T17:00:00.000Z,1.09908,1.09979,1.09866,1.09967,9421
2024-07-08T21:00:00.000Z,1.0988,1.10047,1.09868,1.10013,7919
2024-07-09T01:00:00.000Z,1.10012,1.10087,1.0999,1.10054,15991
2024-07-09T05:00:00.000Z,1.10053,1.1017,1.10035,1.10143,17975
2024-07-09T09:00:00.000Z,1.10144,1.1018,1.10017,1.10018,17210
2024-07-09T13:00:00.000Z,1.10017,1.10074,1.09935,1.10056,27892
2024-07-09T17:00:00.000Z,1.10058,1.10079,1.10008,1.10051,11833
2024-07-09T21:00:00.000Z,1.09927,1.10065,1.09839,1.0995,7782
2024-07-10T01:00:00.000Z,1.09952,1.10911,1.09913,1.10727,19862
2024-07-10T05:00:00.000Z,1.10725,1.11028,1.10609,1.1102,19331
2024-07-10T09:00:00.000Z,1.1102,1.11029,1.10867,1.10941,16975
2024-07-10T13:00:00.000Z,1.1094,1.10946,1.10813,1.10908,22604
2024-07-10T17:00:00.000Z,1.1091,1.10979,1.10889,1.10937,12343
2024-07-10T21:00:00.000Z,1.10841,1.1101,1.10836,1.10864,7619
2024-07-11T01:00:00.000Z,1.10864,1.11009,1.10839,1.10851,13377
2024-07-11T05:00:00.000Z,1.10852,1.10981,1.10833,1.1095,17707
2024-07-11T09:00:00.000Z,1.10951,1.11008,1.10767,1.1086,21369
2024-07-11T13:00:00.000Z,1.1086,1.10929,1.10781,1.10823,41796
2024-07-11T17:00:00.000Z,1.10823,1.10913,1.10803,1.10888,18637
2024-07-11T21:00:00.000Z,1.10707,1.11152,1.1067,1.11141,19123
2024-07-12T01:00:00.000Z,1.1114,1.11177,1.10903,1.10942,21036
2024-07-12T05:00:00.000Z,1.10941,1.11008,1.10889,1.10912,21017
2024-07-12T09:00:00.000Z,1.10911,1.10926,1.10751,1.1084,21606
2024-07-12T13:00:00.000Z,1.10839,1.10946,1.10757,1.10938,31812
2024-07-12T17:00:00.000Z,1.10937,1.10944,1.10847,1.10864,10474
2024-07-14T21:00:00.000Z,1.1075,1.11093,1.10719,1.10988,17130
2024-07-15T01:00:00.000Z,1.10989,1.11176,1.10948,1.11069,16655
2024-07-15T05:00:00.000Z,1.1107,1.11348,1.11022,1.11231,20954
2024-07-15T09:00:00.000Z,1.11233,1.11359,1.1122,1.11295,21692
2024-07-15T13:00:00.000Z,1.11295,1.11298,1.11144,1.1118,29333
2024-07-15T17:00:00.000Z,1.11181,1.1133,1.11161,1.11267,19130
2024-07-15T21:00:00.000Z,1.11198,1.11372,1.11085,1.11312,9696
2024-07-16T01:00:00.000Z,1.11313,1.11428,1.1123,1.11362,17643
2024-07-16T05:00:00.000Z,1.11361,1.11408,1.11156,1.11225,21599
2024-07-16T09:00:00.000Z,1.11224,1.11269,1.10863,1.11162,22853
2024-07-16T13:00:00.000Z,1.11161,1.11361,1.11088,1.11351,27873
2024-07-16T17:00:00.000Z,1.11351,1.11357,1.11272,1.11305,11179
2024-07-16T21:00:00.000Z,1.11244,1.11509,1.10721,1.10785,13340
2024-07-17T01:00:00.000Z,1.10787,1.11056,1.10736,1.11039,16251
2024-07-17T05:00:00.000Z,1.11037,1.11062,1.10799,1.1086,29444
2024-07-17T09:00:00.000Z,1.1086,1.10879,1.10686,1.10734,24823
2024-07-17T13:00:00.000Z,1.10735,1.10841,1.10682,1.10763,32044
2024-07-17T17:00:00.000Z,1.10761,1.10809,1.10632,1.10642,15425
2024-07-17T21:00:00.000Z,1.10647,1.10779,1.10521,1.10679,12499
2024-07-18T01:00:00.000Z,1.10677,1.10987,1.10617,1.10965,22663
2024-07-18T05:00:00.000Z,1.10965,1.11033,1.10887,1.10957,26633
2024-07-18T09:00:00.000Z,1.10955,1.10994,1.1086,1.10885,21419
2024-07-18T13:00:00.000Z,1.10884,1.10975,1.10853,1.10915,33344
2024-07-18T17:00:00.000Z,1.10914,1.10934,1.10812,1.10918,18909
2024-07-18T21:00:00.000Z,1.10684,1.11039,1.10681,1.11032,12280
2024-07-19T01:00:00.000Z,1.11035,1.1124,1.11016,1.11236,20551
2024-07-19T05:00:00.000Z,1.11234,1.11244,1.10992,1.11028,24458
2024-07-19T09:00:00.000Z,1.11027,1.11162,1.11018,1.11133,22053
2024-07-19T13:00:00.000Z,1.11132,1.11242,1.11076,1.11227,30312
2024-07-19T17:00:00.000Z,1.11227,1.11281,1.11184,1.11235,15013
2024-07-21T21:00:00.000Z,1.11075,1.11267,1.11017,1.11233,15510
2024-07-22T01:00:00.000Z,1.11233,1.11275,1.11009,1.11255,23029
2024-07-22T05:00:00.000Z,1.11257,1.11268,1.11034,1.11076,25179
2024-07-22T09:00:00.000Z,1.11077,1.11094,1.10962,1.11039,21917
2024-07-22T13:00:00.000Z,1.1104,1.11138,1.10983,1.11128,28463
2024-07-22T17:00:00.000Z,1.1113,1.11143,1.11061,1.11088,11024
2024-07-22T21:00:00.000Z,1.10978,1.11177,1.10961,1.11167,11848
2024-07-23T01:00:00.000Z,1.11165,1.11243,1.11123,1.11151,19889
2024-07-23T05:00:00.000Z,1.1115,1.11156,1.11032,1.11039,22841
2024-07-23T09:00:00.000Z,1.11039,1.11149,1.11023,1.11085,21967
2024-07-23T13:00:00.000Z,1.1109,1.11148,1.11021,1.11118,24307
2024-07-23T17:00:00.000Z,1.11116,1.11131,1.11051,1.11072,14562
2024-07-23T21:00:00.000Z,1.10945,1.11206,1.10889,1.11202,10480
2024-07-24T01:00:00.000Z,1.11198,1.11367,1.11161,1.11275,24868
2024-07-24T05:00:00.000Z,1.11275,1.11334,1.11176,1.11295,26526
2024-07-24T09:00:00.000Z,1.11296,1.11298,1.11096,1.11107,22140
2024-07-24T13:00:00.000Z,1.11107,1.11127,1.10969,1.10981,31325
2024-07-24T17:00:00.000Z,1.10981,1.11058,1.10968,1.10986,17419
2024-07-24T21:00:00.000Z,1.10843,1.11006,1.10803,1.10892,14267
2024-07-25T01:00:00.000Z,1.10893,1.10941,1.10605,1.10614,25953
2024-07-25T05:00:00.000Z,1.10613,1.10697,1.1036,1.10552,31210
2024-07-25T09:00:00.000Z,1.1055,1.10923,1.10426,1.10858,32141
2024-07-25T13:00:00.000Z,1.1086,1.11056,1.10792,1.11016,39385
2024-07-25T17:00:00.000Z,1.11016,1.11136,1.10988,1.11039,22847
2024-07-25T21:00:00.000Z,1.10897,1.11199,1.10847,1.11193,12889
2024-07-26T01:00:00.000Z,1.11192,1.11316,1.11135,1.11261,19740
2024-07-26T05:00:00.000Z,1.11259,1.11301,1.11128,1.11227,22357
2024-07-26T09:00:00.000Z,1.11226,1.11359,1.11152,1.11307,20929
2024-07-26T13:00:00.000Z,1.11308,1.11328,1.11173,1.11271,30176
2024-07-26T17:00:00.000Z,1.11272,1.11306,1.11175,1.11181,16058
2024-07-28T21:00:00.000Z,1.1111,1.11365,1.11047,1.11334,13813
2024-07-29T01:00:00.000Z,1.11334,1.11363,1.11222,1.11273,20739
2024-07-29T05:00:00.000Z,1.11273,1.11344,1.11212,1.11301,23285
2024-07-29T09:00:00.000Z,1.11302,1.11463,1.11285,1.11413,18201
2024-07-29T13:00:00.000Z,1.11413,1.11461,1.1133,1.11363,27356
2024-07-29T17:00:00.000Z,1.11364,1.11484,1.11345,1.11479,14295
2024-07-29T21:00:00.000Z,1.1133,1.11487,1.1133,1.11404,9780
2024-07-30T01:00:00.000Z,1.11406,1.11423,1.11199,1.11272,21025
2024-07-30T05:00:00.000Z,1.11272,1.11302,1.11056,1.111,22401
2024-07-30T09:00:00.000Z,1.11101,1.11105,1.1099,1.10997,17125
2024-07-30T13:00:00.000Z,1.10997,1.11003,1.1076,1.10777,33480
2024-07-30T17:00:00.000Z,1.10778,1.10865,1.10741,1.10744,18635
2024-07-30T21:00:00.000Z,1.10691,1.10842,1.10676,1.10691,14382
2024-07-31T01:00:00.000Z,1.10691,1.10701,1.09674,1.0993,29249
2024-07-31T05:00:00.000Z,1.09931,1.09993,1.09723,1.0975,32090
2024-07-31T09:00:00.000Z,1.09749,1.10038,1.09734,1.0998,26211
2024-07-31T13:00:00.000Z,1.09981,1.10006,1.09789,1.0988,31862
2024-07-31T17:00:00.000Z,1.09881,1.09973,1.09682,1.09933,31804
2024-07-31T21:00:00.000Z,1.09829,1.10037,1.09722,1.09725,14198
2024-08-01T01:00:00.000Z,1.09727,1.09818,1.0963,1.09656,29443
2024-08-01T05:00:00.000Z,1.09656,1.09784,1.09632,1.0974,30946
2024-08-01T09:00:00.000Z,1.09739,1.10006,1.09681,1.09877,26738
2024-08-01T13:00:00.000Z,1.09877,1.09887,1.09284,1.09321,39659
2024-08-01T17:00:00.000Z,1.09322,1.09354,1.09142,1.09317,25341
2024-08-01T21:00:00.000Z,1.09197,1.09447,1.09127,1.09289,16758
2024-08-02T01:00:00.000Z,1.0929,1.09452,1.09261,1.09423,25221
2024-08-02T05:00:00.000Z,1.09425,1.09566,1.09373,1.09546,32447
2024-08-02T09:00:00.000Z,1.09545,1.0956,1.09174,1.09395,31191
2024-08-02T13:00:00.000Z,1.09394,1.09422,1.09131,1.09257,50030
2024-08-02T17:00:00.000Z,1.09257,1.09352,1.09209,1.09265,25147
2024-08-04T21:00:00.000Z,1.09233,1.09512,1.09018,1.09055,29285
2024-08-05T01:00:00.000Z,1.09054,1.09326,1.09029,1.09208,41742
2024-08-05T05:00:00.000Z,1.09209,1.09361,1.08504,1.08852,56404
2024-08-05T09:00:00.000Z,1.08858,1.08878,1.08433,1.08523,44581
2024-08-05T13:00:00.000Z,1.08522,1.09541,1.08516,1.09356,60560
2024-08-05T17:00:00.000Z,1.09357,1.09563,1.09328,1.09383,37470
2024-08-05T21:00:00.000Z,1.09335,1.09588,1.09252,1.09416,27663
2024-08-06T01:00:00.000Z,1.09416,1.09835,1.0928,1.0971,36317
2024-08-06T05:00:00.000Z,1.09711,1.1008,1.09601,1.09616,45720
2024-08-06T09:00:00.000Z,1.09613,1.09633,1.09398,1.09519,39632
2024-08-06T13:00:00.000Z,1.09518,1.09689,1.09409,1.09681,47632
2024-08-06T17:00:00.000Z,1.09682,1.09726,1.09459,1.0949,29426
2024-08-06T21:00:00.000Z,1.09573,1.09575,1.08824,1.09032,20346
2024-08-07T01:00:00.000Z,1.09037,1.09211,1.08897,1.09133,35466
2024-08-07T05:00:00.000Z,1.09132,1.09136,1.08755,1.0903,35951
2024-08-07T09:00:00.000Z,1.09032,1.09207,1.08954,1.0903,27754
2024-08-07T13:00:00.000Z,1.09031,1.09191,1.08883,1.08899,35735
2024-08-07T17:00:00.000Z,1.089,1.08944,1.08712,1.08772,28362
2024-08-07T21:00:00.000Z,1.08671,1.08884,1.08667,1.08718,17388
2024-08-08T01:00:00.000Z,1.0872,1.09394,1.087,1.09231,32783
2024-08-08T05:00:00.000Z,1.0923,1.09352,1.09126,1.0931,33947
2024-08-08T09:00:00.000Z,1.09311,1.09525,1.09226,1.09492,33522
2024-08-08T13:00:00.000Z,1.09497,1.09691,1.09454,1.09669,41659
2024-08-08T17:00:00.000Z,1.09668,1.09745,1.09612,1.09632,21751
2024-08-08T21:00:00.000Z,1.09571,1.09772,1.09559,1.09628,15066
2024-08-09T01:00:00.000Z,1.09627,1.09667,1.09342,1.09345,28644
2024-08-09T05:00:00.000Z,1.09344,1.09567,1.09286,1.09371,29949
2024-08-09T09:00:00.000Z,1.09372,1.09435,1.09261,1.09368,25309
2024-08-09T13:00:00.000Z,1.0937,1.09459,1.09315,1.09441,33509
2024-08-09T17:00:00.000Z,1.09441,1.09612,1.09436,1.09547,17185
2024-08-11T21:00:00.000Z,1.09401,1.09661,1.09355,1.09483,14947
2024-08-12T01:00:00.000Z,1.09479,1.09617,1.09431,1.0949,20033
2024-08-12T05:00:00.000Z,1.0949,1.09589,1.09387,1.09433,23804
2024-08-12T09:00:00.000Z,1.09431,1.0954,1.09347,1.09478,18770
2024-08-12T13:00:00.000Z,1.09477,1.09587,1.09427,1.09485,31856
2024-08-12T17:00:00.000Z,1.09483,1.09487,1.09378,1.09436,18791
2024-08-12T21:00:00.000Z,1.09318,1.09443,1.09259,1.09305,12581
2024-08-13T01:00:00.000Z,1.09306,1.09405,1.09265,1.09276,22722
2024-08-13T05:00:00.000Z,1.09276,1.09366,1.09202,1.09337,22518
2024-08-13T09:00:00.000Z,1.09337,1.09344,1.09078,1.09155,24431
2024-08-13T13:00:00.000Z,1.09155,1.0916,1.09017,1.09136,33195
2024-08-13T17:00:00.000Z,1.09138,1.09215,1.09076,1.09153,19400
2024-08-13T21:00:00.000Z,1.09127,1.09237,1.09044,1.09215,14857
2024-08-14T01:00:00.000Z,1.09217,1.10314,1.09212,1.10271,32053
2024-08-14T05:00:00.000Z,1.10268,1.10406,1.10149,1.10291,22997
2024-08-14T09:00:00.000Z,1.1029,1.10394,1.09999,1.10191,20430
2024-08-14T13:00:00.000Z,1.1019,1.10244,1.09759,1.09886,33791
2024-08-14T17:00:00.000Z,1.09885,1.10076,1.09869,1.09988,16144
2024-08-14T21:00:00.000Z,1.09901,1.10055,1.09818,1.09905,12820
2024-08-15T01:00:00.000Z,1.09897,1.10354,1.09677,1.10319,25723
2024-08-15T05:00:00.000Z,1.10315,1.10336,1.10141,1.10288,17819
2024-08-15T09:00:00.000Z,1.10287,1.10451,1.10184,1.1037,21523
2024-08-15T13:00:00.000Z,1.1037,1.10479,1.10249,1.10379,32150
2024-08-15T17:00:00.000Z,1.1038,1.10494,1.10344,1.10439,16196
2024-08-15T21:00:00.000Z,1.1036,1.10566,1.10279,1.10446,12402
2024-08-16T01:00:00.000Z,1.10443,1.1054,1.10151,1.10164,17473
2024-08-16T05:00:00.000Z,1.10164,1.10294,1.10074,1.10188,18565
2024-08-16T09:00:00.000Z,1.10189,1.10215,1.09985,1.10005,21042
2024-08-16T13:00:00.000Z,1.10004,1.1025,1.09906,1.10173,28605
2024-08-16T17:00:00.000Z,1.10174,1.10204,1.1012,1.10176,13508
2024-08-18T21:00:00.000Z,1.10107,1.10332,1.09953,1.10302,12642
2024-08-19T01:00:00.000Z,1.10303,1.10305,1.0991,1.09972,24059
2024-08-19T05:00:00.000Z,1.09971,1.10241,1.09831,1.1015,27692
2024-08-19T09:00:00.000Z,1.10151,1.10268,1.10115,1.10259,19911
2024-08-19T13:00:00.000Z,1.10259,1.10331,1.10166,1.10268,27789
2024-08-19T17:00:00.000Z,1.10269,1.10284,1.10067,1.10076,14601
2024-08-19T21:00:00.000Z,1.10008,1.10161,1.09917,1.09924,12607
2024-08-20T01:00:00.000Z,1.09923,1.10096,1.0973,1.09797,25167
2024-08-20T05:00:00.000Z,1.09796,1.09842,1.09615,1.09648,25354
2024-08-20T09:00:00.000Z,1.09647,1.09775,1.09589,1.09715,22449
2024-08-20T13:00:00.000Z,1.09715,1.09751,1.09592,1.0962,33162
2024-08-20T17:00:00.000Z,1.09619,1.09669,1.09573,1.09624,15338
2024-08-20T21:00:00.000Z,1.09499,1.09618,1.09498,1.09526,14123
2024-08-21T01:00:00.000Z,1.09525,1.09811,1.09522,1.09797,18888
2024-08-21T05:00:00.000Z,1.09797,1.09833,1.09696,1.09729,21988
2024-08-21T09:00:00.000Z,1.09729,1.09814,1.09695,1.0971,16724
2024-08-21T13:00:00.000Z,1.0971,1.09753,1.0946,1.09506,35824
2024-08-21T17:00:00.000Z,1.09508,1.09537,1.09395,1.09528,16177
2024-08-21T21:00:00.000Z,1.09438,1.09601,1.09389,1.09568,7697
2024-08-22T01:00:00.000Z,1.09569,1.09625,1.09412,1.09492,13233
2024-08-22T05:00:00.000Z,1.09492,1.09534,1.09428,1.09491,15148
2024-08-22T09:00:00.000Z,1.09492,1.09542,1.09337,1.09352,17845
2024-08-22T13:00:00.000Z,1.09353,1.09416,1.09214,1.09255,30077
2024-08-22T17:00:00.000Z,1.09256,1.09278,1.09175,1.09194,15973
2024-08-22T21:00:00.000Z,1.09127,1.09245,1.09086,1.0917,8615
2024-08-23T01:00:00.000Z,1.09171,1.0928,1.09092,1.09266,13288
2024-08-23T05:00:00.000Z,1.09266,1.09329,1.09151,1.09278,16508
2024-08-23T09:00:00.000Z,1.09279,1.09349,1.09256,1.09278,14690
2024-08-23T13:00:00.000Z,1.09276,1.09314,1.09069,1.09134,39480
2024-08-23T17:00:00.000Z,1.09133,1.0917,1.08982,1.09009,17249
2024-08-25T21:00:00.000Z,1.08965,1.09112,1.08912,1.09026,12073
2024-08-26T01:00:00.000Z,1.09027,1.091,1.08991,1.09018,14953
2024-08-26T05:00:00.000Z,1.09019,1.09163,1.08994,1.09134,16618
2024-08-26T09:00:00.000Z,1.09133,1.09214,1.09128,1.09178,15956
2024-08-26T13:00:00.000Z,1.09179,1.0922,1.0912,1.09144,25421
2024-08-26T17:00:00.000Z,1.09145,1.09164,1.09101,1.09119,11779
2024-08-26T21:00:00.000Z,1.09098,1.09183,1.09044,1.09127,9054
2024-08-27T01:00:00.000Z,1.09128,1.09191,1.09044,1.09077,13736
2024-08-27T05:00:00.000Z,1.09077,1.09086,1.08943,1.08977,18062
2024-08-27T09:00:00.000Z,1.08978,1.09008,1.08758,1.08791,18990
2024-08-27T13:00:00.000Z,1.0879,1.08866,1.08661,1.08679,26007
2024-08-27T17:00:00.000Z,1.08681,1.08701,1.0862,1.08629,11336
2024-08-27T21:00:00.000Z,1.08592,1.08763,1.0857,1.08663,9781
2024-08-28T01:00:00.000Z,1.08664,1.09101,1.08608,1.08767,18291
2024-08-28T05:00:00.000Z,1.08768,1.09019,1.08743,1.08845,21281
2024-08-28T09:00:00.000Z,1.08844,1.08871,1.08581,1.08655,20216
2024-08-28T13:00:00.000Z,1.08655,1.08761,1.08613,1.08659,28927
2024-08-28T17:00:00.000Z,1.08658,1.08684,1.08551,1.08653,14581
2024-08-28T21:00:00.000Z,1.0856,1.08681,1.08459,1.08601,9245
2024-08-29T01:00:00.000Z,1.08602,1.08605,1.07976,1.08124,16774
2024-08-29T05:00:00.000Z,1.08126,1.08501,1.0807,1.08478,23562
2024-08-29T09:00:00.000Z,1.08477,1.08727,1.08473,1.08698,22724
2024-08-29T13:00:00.000Z,1.08699,1.08701,1.08511,1.08601,30164
2024-08-29T17:00:00.000Z,1.086,1.08661,1.08543,1.08631,16643
2024-08-29T21:00:00.000Z,1.08535,1.08666,1.08348,1.08409,8375
2024-08-30T01:00:00.000Z,1.08413,1.087,1.08323,1.08602,13523
2024-08-30T05:00:00.000Z,1.08602,1.08809,1.08598,1.08707,16318
2024-08-30T09:00:00.000Z,1.08706,1.08728,1.08556,1.08566,17411
2024-08-30T13:00:00.000Z,1.08567,1.08576,1.08341,1.08364,35205
2024-08-30T17:00:00.000Z,1.08364,1.08371,1.08229,1.08259,14511
2024-09-01T21:00:00.000Z,1.08267,1.0845,1.0819,1.0842,7640
2024-09-02T01:00:00.000Z,1.08419,1.08507,1.08381,1.08465,12373
2024-09-02T05:00:00.000Z,1.08468,1.08855,1.08461,1.08822,15752
2024-09-02T09:00:00.000Z,1.08821,1.08899,1.08806,1.08843,10944
2024-09-02T13:00:00.000Z,1.08843,1.09044,1.08805,1.09026,10741
2024-09-02T17:00:00.000Z,1.09031,1.09036,1.08932,1.08964,2738
2024-09-02T21:00:00.000Z,1.08838,1.09044,1.08779,1.0899,8166
2024-09-03T01:00:00.000Z,1.08991,1.09052,1.08748,1.08904,20429
2024-09-03T05:00:00.000Z,1.08905,1.08938,1.08801,1.08901,20433
2024-09-03T09:00:00.000Z,1.089,1.0892,1.08734,1.08762,18700
2024-09-03T13:00:00.000Z,1.08763,1.08772,1.08499,1.08539,31299
2024-09-03T17:00:00.000Z,1.08539,1.08572,1.08433,1.08449,16191
2024-09-03T21:00:00.000Z,1.08362,1.08535,1.08333,1.08378,11324
2024-09-04T01:00:00.000Z,1.08373,1.08571,1.08347,1.08394,17478
2024-09-04T05:00:00.000Z,1.08393,1.08578,1.08355,1.08483,19590
2024-09-04T09:00:00.000Z,1.08485,1.08632,1.08471,1.08609,15733
2024-09-04T13:00:00.000Z,1.08611,1.08654,1.08396,1.0843,29677
2024-09-04T17:00:00.000Z,1.08431,1.08506,1.08371,1.08493,17369
2024-09-04T21:00:00.000Z,1.08427,1.08749,1.08399,1.08692,8871
2024-09-05T01:00:00.000Z,1.08693,1.08714,1.08375,1.08418,13570
2024-09-05T05:00:00.000Z,1.08419,1.08513,1.0831,1.08496,17190
2024-09-05T09:00:00.000Z,1.08495,1.08498,1.08191,1.08265,19229
2024-09-05T13:00:00.000Z,1.08265,1.08427,1.08179,1.08276,29022
2024-09-05T17:00:00.000Z,1.08276,1.08317,1.0823,1.08311,14600
2024-09-05T21:00:00.000Z,1.08245,1.08348,1.08244,1.08326,7038
2024-09-06T01:00:00.000Z,1.08326,1.08327,1.08215,1.0827,11166
2024-09-06T05:00:00.000Z,1.08269,1.08292,1.08112,1.0814,17002
2024-09-06T09:00:00.000Z,1.0814,1.08318,1.08099,1.08232,21840
2024-09-06T13:00:00.000Z,1.08234,1.08451,1.07965,1.08161,46924
2024-09-06T17:00:00.000Z,1.08162,1.08203,1.07995,1.08003,20847
2024-09-08T21:00:00.000Z,1.07878,1.08118,1.07697,1.08031,10517
2024-09-09T01:00:00.000Z,1.08028,1.08255,1.08022,1.08225,15425
2024-09-09T05:00:00.000Z,1.08226,1.08468,1.08172,1.0846,19643
2024-09-09T09:00:00.000Z,1.0846,1.08576,1.08401,1.08414,15485
2024-09-09T13:00:00.000Z,1.08415,1.08487,1.0828,1.08355,21796
2024-09-09T17:00:00.000Z,1.08355,1.08447,1.08286,1.08387,13772
2024-09-09T21:00:00.000Z,1.08265,1.08453,1.08265,1.08439,8332
2024-09-10T01:00:00.000Z,1.08441,1.08464,1.08356,1.08386,12569
2024-09-10T05:00:00.000Z,1.08385,1.08406,1.08231,1.0825,15876
2024-09-10T09:00:00.000Z,1.08251,1.08303,1.08196,1.08295,15659
2024-09-10T13:00:00.000Z,1.08296,1.08305,1.08041,1.0816,27874
2024-09-10T17:00:00.000Z,1.0816,1.08207,1.0813,1.08163,14807
2024-09-10T21:00:00.000Z,1.08095,1.08294,1.08061,1.08242,8315
2024-09-11T01:00:00.000Z,1.0824,1.08342,1.0818,1.08328,19033
2024-09-11T05:00:00.000Z,1.08327,1.08408,1.0825,1.08351,20450
2024-09-11T09:00:00.000Z,1.08352,1.08607,1.08321,1.08599,22583
2024-09-11T13:00:00.000Z,1.08599,1.08736,1.08407,1.08702,37635
2024-09-11T17:00:00.000Z,1.08703,1.08815,1.08685,1.08759,20054
2024-09-11T21:00:00.000Z,1.08691,1.0893,1.08677,1.08837,8164
2024-09-12T01:00:00.000Z,1.08838,1.08914,1.08755,1.08761,14103
2024-09-12T05:00:00.000Z,1.0876,1.08863,1.08579,1.08799,18873
2024-09-12T09:00:00.000Z,1.088,1.08939,1.08731,1.08742,21111
2024-09-12T13:00:00.000Z,1.08741,1.08887,1.08679,1.08865,31736
2024-09-12T17:00:00.000Z,1.08865,1.08888,1.08704,1.08725,20841
2024-09-12T21:00:00.000Z,1.08711,1.08756,1.0866,1.08704,8902
2024-09-13T01:00:00.000Z,1.08705,1.08854,1.08679,1.08763,15360
2024-09-13T05:00:00.000Z,1.08762,1.08812,1.08554,1.08608,17461
2024-09-13T09:00:00.000Z,1.08608,1.08712,1.08524,1.08699,20973
2024-09-13T13:00:00.000Z,1.08699,1.08952,1.08663,1.08853,28382
2024-09-13T17:00:00.000Z,1.08853,1.0892,1.08828,1.08872,15987
2024-09-15T21:00:00.000Z,1.08784,1.08944,1.08725,1.08913,8274
2024-09-16T01:00:00.000Z,1.08911,1.08994,1.0885,1.08939,10679
2024-09-16T05:00:00.000Z,1.08936,1.08971,1.08792,1.08854,17727
2024-09-16T09:00:00.000Z,1.08852,1.08967,1.08831,1.08909,18801
2024-09-16T13:00:00.000Z,1.08911,1.08975,1.08851,1.08921,24905
2024-09-16T17:00:00.000Z,1.08919,1.0902,1.08858,1.08873,11490
2024-09-16T21:00:00.000Z,1.08809,1.0906,1.08776,1.09049,7414
2024-09-17T01:00:00.000Z,1.09048,1.09093,1.08934,1.08944,11019
2024-09-17T05:00:00.000Z,1.08943,1.09119,1.08934,1.08963,16004
2024-09-17T09:00:00.000Z,1.08965,1.09141,1.08951,1.09124,20124
2024-09-17T13:00:00.000Z,1.09124,1.09274,1.09109,1.09206,29066
2024-09-17T17:00:00.000Z,1.09207,1.09243,1.09173,1.09214,18353
2024-09-17T21:00:00.000Z,1.09156,1.0927,1.09106,1.0916,7344
2024-09-18T01:00:00.000Z,1.09159,1.09179,1.08928,1.08966,13192
2024-09-18T05:00:00.000Z,1.08965,1.09097,1.08956,1.09018,18522
2024-09-18T09:00:00.000Z,1.0902,1.09079,1.08928,1.0893,18444
2024-09-18T13:00:00.000Z,1.08931,1.0904,1.08886,1.08925,24743
2024-09-18T17:00:00.000Z,1.08924,1.09035,1.08687,1.08948,46129
2024-09-18T21:00:00.000Z,1.08889,1.09044,1.08794,1.09025,15371
2024-09-19T01:00:00.000Z,1.09023,1.09402,1.08948,1.09281,28079
2024-09-19T05:00:00.000Z,1.09281,1.09445,1.09052,1.09107,27998
2024-09-19T09:00:00.000Z,1.09108,1.09276,1.09011,1.09268,27708
2024-09-19T13:00:00.000Z,1.09265,1.09275,1.09101,1.09213,33118
2024-09-19T17:00:00.000Z,1.09212,1.09234,1.09099,1.09222,18777
2024-09-19T21:00:00.000Z,1.09129,1.09243,1.09087,1.09161,8913
2024-09-20T01:00:00.000Z,1.0916,1.09301,1.0912,1.09209,18390
2024-09-20T05:00:00.000Z,1.09209,1.09235,1.09058,1.0918,24850
2024-09-20T09:00:00.000Z,1.09179,1.09351,1.09169,1.09271,20006
2024-09-20T13:00:00.000Z,1.09271,1.09307,1.09101,1.09111,34888
2024-09-20T17:00:00.000Z,1.0911,1.09157,1.09072,1.09134,20570
2024-09-22T21:00:00.000Z,1.09025,1.09302,1.08989,1.09283,8537
2024-09-23T01:00:00.000Z,1.09283,1.09428,1.09283,1.09407,12859
2024-09-23T05:00:00.000Z,1.09407,1.09434,1.09161,1.09216,22897
2024-09-23T09:00:00.000Z,1.09217,1.09239,1.09131,1.09213,19411
2024-09-23T13:00:00.000Z,1.09213,1.09307,1.09079,1.09099,29571
2024-09-23T17:00:00.000Z,1.09097,1.0915,1.09027,1.09097,13651
2024-09-23T21:00:00.000Z,1.09008,1.09127,1.09,1.09047,8322
2024-09-24T01:00:00.000Z,1.09048,1.09439,1.09045,1.09333,20832
2024-09-24T05:00:00.000Z,1.09336,1.09397,1.08843,1.09002,27165
2024-09-24T09:00:00.000Z,1.09001,1.09087,1.08826,1.08831,20621
2024-09-24T13:00:00.000Z,1.08831,1.08857,1.08624,1.08732,29296
2024-09-24T17:00:00.000Z,1.08734,1.08742,1.08639,1.08703,14318
2024-09-24T21:00:00.000Z,1.08711,1.08782,1.08555,1.08556,10112
2024-09-25T01:00:00.000Z,1.08557,1.08786,1.08491,1.08764,20519
2024-09-25T05:00:00.000Z,1.08764,1.08964,1.08647,1.08954,21173
2024-09-25T09:00:00.000Z,1.08952,1.08962,1.08793,1.08846,18772
2024-09-25T13:00:00.000Z,1.08848,1.08965,1.08802,1.08882,30766
2024-09-25T17:00:00.000Z,1.08884,1.08981,1.08858,1.08973,17190
2024-09-25T21:00:00.000Z,1.08728,1.09109,1.08629,1.09104,11316
2024-09-26T01:00:00.000Z,1.09105,1.0929,1.09091,1.09248,17234
2024-09-26T05:00:00.000Z,1.09249,1.09323,1.09141,1.09213,22876
2024-09-26T09:00:00.000Z,1.09212,1.09294,1.08986,1.09059,24887
2024-09-26T13:00:00.000Z,1.0906,1.09152,1.08961,1.0897,37413
2024-09-26T17:00:00.000Z,1.08969,1.09044,1.08932,1.08965,19292
2024-09-26T21:00:00.000Z,1.08793,1.0907,1.08687,1.08978,11792
2024-09-27T01:00:00.000Z,1.08978,1.09109,1.08936,1.09089,20156
2024-09-27T05:00:00.000Z,1.09085,1.09237,1.0898,1.09142,29861
2024-09-27T09:00:00.000Z,1.09143,1.0916,1.08958,1.08971,23630
2024-09-27T13:00:00.000Z,1.08971,1.09103,1.08869,1.08871,34263
2024-09-27T17:00:00.000Z,1.08872,1.08895,1.08771,1.08822,19598
2024-09-29T21:00:00.000Z,1.08776,1.08995,1.08725,1.08795,10303
2024-09-30T01:00:00.000Z,1.08794,1.08861,1.08687,1.08794,21454
2024-09-30T05:00:00.000Z,1.08795,1.08984,1.08774,1.08928,23522
2024-09-30T09:00:00.000Z,1.08927,1.09055,1.08894,1.09053,19058
2024-09-30T13:00:00.000Z,1.09053,1.0907,1.08842,1.0887,32124
2024-09-30T17:00:00.000Z,1.0887,1.08931,1.08801,1.08881,23038
2024-09-30T21:00:00.000Z,1.08847,1.09057,1.088,1.08977,9562
2024-10-01T01:00:00.000Z,1.08978,1.09537,1.08972,1.09419,16231
2024-10-01T05:00:00.000Z,1.09419,1.09452,1.09298,1.09415,22524
2024-10-01T09:00:00.000Z,1.09415,1.09513,1.09261,1.09497,22572
2024-10-01T13:00:00.000Z,1.09497,1.09611,1.0918,1.09474,42591
2024-10-01T17:00:00.000Z,1.09474,1.09603,1.09374,1.09568,23470
2024-10-01T21:00:00.000Z,1.09601,1.09623,1.09423,1.09446,9822
2024-10-02T01:00:00.000Z,1.0944,1.09588,1.09354,1.09391,21598
2024-10-02T05:00:00.000Z,1.09389,1.09736,1.09354,1.09697,26634
2024-10-02T09:00:00.000Z,1.09696,1.09819,1.09681,1.0981,21385
2024-10-02T13:00:00.000Z,1.09811,1.09889,1.09714,1.09832,31406
2024-10-02T17:00:00.000Z,1.09831,1.09959,1.09819,1.09918,15369
2024-10-02T21:00:00.000Z,1.09767,1.10158,1.09689,1.10156,8860
2024-10-03T01:00:00.000Z,1.10157,1.10248,1.09926,1.09971,19909
2024-10-03T05:00:00.000Z,1.09966,1.10157,1.0992,1.10085,25813
2024-10-03T09:00:00.000Z,1.10084,1.10147,1.09925,1.09942,23046
2024-10-03T13:00:00.000Z,1.09943,1.10145,1.09873,1.10136,36512
2024-10-03T17:00:00.000Z,1.10134,1.10166,1.10083,1.10111,16105
2024-10-03T21:00:00.000Z,1.10011,1.10255,1.09994,1.10233,8704
2024-10-04T01:00:00.000Z,1.10233,1.1027,1.10117,1.10159,20881
2024-10-04T05:00:00.000Z,1.10161,1.10362,1.10147,1.10296,19145
2024-10-04T09:00:00.000Z,1.10294,1.10492,1.10172,1.10394,20926
2024-10-04T13:00:00.000Z,1.10395,1.10472,1.10297,1.10388,37088
2024-10-04T17:00:00.000Z,1.10387,1.10404,1.10286,1.10304,13906
2024-10-06T21:00:00.000Z,1.10187,1.10444,1.10154,1.1036,12068
2024-10-07T01:00:00.000Z,1.1036,1.10441,1.10311,1.10437,22854
2024-10-07T05:00:00.000Z,1.10435,1.10531,1.1039,1.10469,23877
2024-10-07T09:00:00.000Z,1.10469,1.10551,1.1042,1.10432,23628
2024-10-07T13:00:00.000Z,1.10436,1.10501,1.10368,1.10382,32344
2024-10-07T17:00:00.000Z,1.10386,1.10399,1.10291,1.10309,19101
2024-10-07T21:00:00.000Z,1.10252,1.10329,1.10097,1.10181,12335
2024-10-08T01:00:00.000Z,1.10178,1.10191,1.09872,1.09979,35083
2024-10-08T05:00:00.000Z,1.0998,1.09995,1.09821,1.09906,31468
2024-10-08T09:00:00.000Z,1.09907,1.1011,1.09876,1.0998,20593
2024-10-08T13:00:00.000Z,1.09982,1.10115,1.09928,1.10082,29667
2024-10-08T17:00:00.000Z,1.10082,1.10161,1.09922,1.09928,18106
2024-10-08T21:00:00.000Z,1.09758,1.10032,1.09689,1.09831,9301
2024-10-09T01:00:00.000Z,1.0985,1.10764,1.09815,1.1061,33793
2024-10-09T05:00:00.000Z,1.10609,1.10742,1.10496,1.10655,32985
2024-10-09T09:00:00.000Z,1.10654,1.10862,1.10635,1.10817,20509
2024-10-09T13:00:00.000Z,1.10817,1.10902,1.10682,1.10817,25968
2024-10-09T17:00:00.000Z,1.10816,1.10913,1.10798,1.10834,13012
2024-10-09T21:00:00.000Z,1.10754,1.10803,1.10622,1.10695,9728
2024-10-10T01:00:00.000Z,1.10693,1.10707,1.10501,1.10624,26724
2024-10-10T05:00:00.000Z,1.10624,1.1075,1.10557,1.10653,22369
2024-10-10T09:00:00.000Z,1.10657,1.10678,1.10462,1.10619,23384
2024-10-10T13:00:00.000Z,1.10619,1.10674,1.10498,1.10638,35982
2024-10-10T17:00:00.000Z,1.10639,1.10658,1.10596,1.10614,16589
2024-10-10T21:00:00.000Z,1.10553,1.10632,1.10486,1.10569,9331
2024-10-11T01:00:00.000Z,1.10569,1.10647,1.10475,1.10489,13394
2024-10-11T05:00:00.000Z,1.1049,1.10568,1.10456,1.10507,17156
2024-10-11T09:00:00.000Z,1.10508,1.10717,1.10485,1.10543,18622
2024-10-11T13:00:00.000Z,1.10542,1.10618,1.10488,1.10523,25414
2024-10-11T17:00:00.000Z,1.10522,1.10542,1.10435,1.10499,8717
2024-10-13T21:00:00.000Z,1.10469,1.10559,1.10307,1.10461,11946
2024-10-14T01:00:00.000Z,1.10462,1.10645,1.10409,1.10572,23056
2024-10-14T05:00:00.000Z,1.10575,1.10589,1.10469,1.10476,19442
2024-10-14T09:00:00.000Z,1.10477,1.10535,1.10377,1.10384,16474
2024-10-14T13:00:00.000Z,1.10382,1.10515,1.10347,1.10432,23664
2024-10-14T17:00:00.000Z,1.10433,1.10433,1.10317,1.10341,10308
2024-10-14T21:00:00.000Z,1.10235,1.10505,1.10215,1.10438,7253
2024-10-15T01:00:00.000Z,1.10438,1.10539,1.10279,1.10341,19706
2024-10-15T05:00:00.000Z,1.10341,1.10448,1.10251,1.1027,23872
2024-10-15T09:00:00.000Z,1.10271,1.10284,1.10132,1.10145,20820
2024-10-15T13:00:00.000Z,1.10143,1.10297,1.10079,1.10274,28663
2024-10-15T17:00:00.000Z,1.10273,1.103,1.10016,1.102,14027
2024-10-15T21:00:00.000Z,1.10071,1.10596,1.09985,1.10416,13091
2024-10-16T01:00:00.000Z,1.10418,1.10438,1.10295,1.1036,22121
2024-10-16T05:00:00.000Z,1.10361,1.10485,1.10199,1.10219,22994
2024-10-16T09:00:00.000Z,1.1022,1.10234,1.0995,1.1,18472
2024-10-16T13:00:00.000Z,1.09999,1.10032,1.0991,1.10027,23146
2024-10-16T17:00:00.000Z,1.10026,1.10066,1.09965,1.10051,9893
2024-10-16T21:00:00.000Z,1.0992,1.1042,1.0992,1.1036,9526
2024-10-17T01:00:00.000Z,1.10359,1.10452,1.10296,1.10375,22094
2024-10-17T05:00:00.000Z,1.10374,1.1039,1.10239,1.10338,20501
2024-10-17T09:00:00.000Z,1.1034,1.1044,1.10216,1.10334,21277
2024-10-17T13:00:00.000Z,1.10335,1.10554,1.10318,1.10523,32038
2024-10-17T17:00:00.000Z,1.10519,1.10533,1.10465,1.10495,10611
2024-10-17T21:00:00.000Z,1.1044,1.10598,1.1044,1.10559,8018
2024-10-18T01:00:00.000Z,1.10559,1.10671,1.10514,1.10605,22105
2024-10-18T05:00:00.000Z,1.10606,1.10758,1.10549,1.10574,21420
2024-10-18T09:00:00.000Z,1.10576,1.10584,1.10465,1.10517,16554
2024-10-18T13:00:00.000Z,1.10519,1.10549,1.10437,1.10458,20987
2024-10-18T17:00:00.000Z,1.10455,1.10507,1.10392,1.10426,11073
2024-10-20T21:00:00.000Z,1.10302,1.10547,1.10297,1.1043,9245
2024-10-21T01:00:00.000Z,1.10431,1.10581,1.10397,1.10406,20419
2024-10-21T05:00:00.000Z,1.10405,1.10426,1.10287,1.10425,19747
2024-10-21T09:00:00.000Z,1.10424,1.10455,1.10389,1.10411,18169
2024-10-21T13:00:00.000Z,1.1041,1.10465,1.10346,1.1037,23196
2024-10-21T17:00:00.000Z,1.10369,1.1042,1.10312,1.10412,11487
2024-10-21T21:00:00.000Z,1.1024,1.10522,1.1024,1.10434,7809
2024-10-22T01:00:00.000Z,1.10433,1.10502,1.10358,1.10398,22285
2024-10-22T05:00:00.000Z,1.10399,1.10451,1.10316,1.10385,19428
2024-10-22T09:00:00.000Z,1.10381,1.10485,1.1036,1.10433,19001
2024-10-22T13:00:00.000Z,1.10433,1.10555,1.10402,1.10511,25418
2024-10-22T17:00:00.000Z,1.10512,1.10577,1.10494,1.10567,12253
2024-10-22T21:00:00.000Z,1.10461,1.10659,1.10409,1.10552,8190
2024-10-23T01:00:00.000Z,1.10548,1.10582,1.10491,1.10577,21225
2024-10-23T05:00:00.000Z,1.10574,1.10603,1.10456,1.10464,20264
2024-10-23T09:00:00.000Z,1.10463,1.10515,1.10372,1.1039,17616
2024-10-23T13:00:00.000Z,1.10389,1.10506,1.10379,1.10436,25295
2024-10-23T17:00:00.000Z,1.10438,1.10504,1.10375,1.10486,15200
2024-10-23T21:00:00.000Z,1.10388,1.10562,1.10216,1.10476,8136
2024-10-24T01:00:00.000Z,1.10476,1.10567,1.10435,1.10491,18211
2024-10-24T05:00:00.000Z,1.1049,1.10505,1.10384,1.10405,20325
2024-10-24T09:00:00.000Z,1.10404,1.10455,1.10323,1.104,18225
2024-10-24T13:00:00.000Z,1.10402,1.10488,1.1031,1.10355,27353
2024-10-24T17:00:00.000Z,1.10357,1.10411,1.10305,1.10383,13441
2024-10-24T21:00:00.000Z,1.10282,1.105,1.10266,1.10492,7397
2024-10-25T01:00:00.000Z,1.10493,1.10572,1.1041,1.10476,17552
2024-10-25T05:00:00.000Z,1.10477,1.10536,1.10389,1.10484,18969
2024-10-25T09:00:00.000Z,1.10485,1.1055,1.10405,1.10543,15034
2024-10-25T13:00:00.000Z,1.10541,1.10563,1.1044,1.10481,23753
2024-10-25T17:00:00.000Z,1.1049,1.10529,1.10451,1.10499,13365
2024-10-27T21:00:00.000Z,1.10537,1.10592,1.10402,1.10481,11258
2024-10-28T01:00:00.000Z,1.10482,1.10533,1.10379,1.10483,17733
2024-10-28T05:00:00.000Z,1.10484,1.10546,1.10469,1.1053,16796
2024-10-28T09:00:00.000Z,1.1053,1.1053,1.10291,1.10311,16037
2024-10-28T13:00:00.000Z,1.10309,1.10311,1.1012,1.1013,21645
2024-10-28T17:00:00.000Z,1.1013,1.10169,1.10049,1.10068,11183
2024-10-28T21:00:00.000Z,1.10015,1.10111,1.09873,1.10003,7401
2024-10-29T01:00:00.000Z,1.10002,1.10059,1.09918,1.09928,18372
2024-10-29T05:00:00.000Z,1.09931,1.1002,1.09853,1.09978,17745
2024-10-29T09:00:00.000Z,1.09977,1.10027,1.09877,1.1002,18576
2024-10-29T13:00:00.000Z,1.10021,1.10065,1.09904,1.09959,31243
2024-10-29T17:00:00.000Z,1.0996,1.09974,1.09823,1.09832,13161
2024-10-29T21:00:00.000Z,1.09757,1.10068,1.09757,1.09877,8950
2024-10-30T01:00:00.000Z,1.09878,1.09965,1.0979,1.09813,19743
2024-10-30T05:00:00.000Z,1.09812,1.09853,1.09636,1.09692,18918
2024-10-30T09:00:00.000Z,1.0969,1.10056,1.09677,1.10002,24142
2024-10-30T13:00:00.000Z,1.10004,1.10092,1.09917,1.09956,32427
2024-10-30T17:00:00.000Z,1.09956,1.10044,1.09923,1.10044,14426
2024-10-30T21:00:00.000Z,1.09992,1.10092,1.09952,1.10037,10357
2024-10-31T01:00:00.000Z,1.10038,1.10044,1.09843,1.09956,20430
2024-10-31T05:00:00.000Z,1.09957,1.10032,1.09882,1.0997,19966
2024-10-31T09:00:00.000Z,1.09969,1.10063,1.09899,1.09988,20855
2024-10-31T13:00:00.000Z,1.09989,1.10131,1.09984,1.10119,36253
2024-10-31T17:00:00.000Z,1.10118,1.10176,1.10074,1.10116,19178
2024-10-31T21:00:00.000Z,1.10024,1.10261,1.09999,1.10111,9212
2024-11-01T01:00:00.000Z,1.1011,1.10172,1.0991,1.0992,18260
2024-11-01T05:00:00.000Z,1.0992,1.09965,1.09899,1.09934,17824
2024-11-01T09:00:00.000Z,1.09931,1.1005,1.09728,1.09889,19305
2024-11-01T13:00:00.000Z,1.09888,1.10096,1.09832,1.10007,32779
2024-11-01T17:00:00.000Z,1.10007,1.10051,1.0997,1.09994,15800
2024-11-03T22:00:00.000Z,1.10021,1.10204,1.09937,1.10106,19008
2024-11-04T02:00:00.000Z,1.10105,1.10151,1.09952,1.10102,20769
2024-11-04T06:00:00.000Z,1.10102,1.10116,1.09999,1.10088,20771
2024-11-04T10:00:00.000Z,1.10087,1.10215,1.10073,1.10104,18085
2024-11-04T14:00:00.000Z,1.10103,1.10236,1.10091,1.10218,28682
2024-11-04T18:00:00.000Z,1.1022,1.10274,1.10193,1.10251,13779
2024-11-04T22:00:00.000Z,1.10023,1.10302,1.10011,1.10275,10583
2024-11-05T02:00:00.000Z,1.10275,1.10339,1.10212,1.10251,17389
2024-11-05T06:00:00.000Z,1.10255,1.10349,1.10233,1.10302,16500
2024-11-05T10:00:00.000Z,1.10301,1.10502,1.1028,1.10478,15103
2024-11-05T14:00:00.000Z,1.10476,1.10606,1.10367,1.10559,26967
2024-11-05T18:00:00.000Z,1.10555,1.1073,1.10348,1.10491,14756
2024-11-05T22:00:00.000Z,1.10365,1.10539,1.1026,1.10379,31930
2024-11-06T02:00:00.000Z,1.1038,1.10394,1.10002,1.10292,55007
2024-11-06T06:00:00.000Z,1.10294,1.10439,1.10209,1.10329,46495
2024-11-06T10:00:00.000Z,1.10331,1.10462,1.10301,1.10363,37757
2024-11-06T14:00:00.000Z,1.10363,1.10581,1.10336,1.10553,40799
2024-11-06T18:00:00.000Z,1.10554,1.10691,1.10486,1.10657,21958
2024-11-06T22:00:00.000Z,1.10535,1.10748,1.10461,1.10621,17578
2024-11-07T02:00:00.000Z,1.10621,1.10745,1.10579,1.10637,22735
2024-11-07T06:00:00.000Z,1.10637,1.10701,1.10488,1.10635,25927
2024-11-07T10:00:00.000Z,1.10636,1.10823,1.10626,1.10715,27112
2024-11-07T14:00:00.000Z,1.10714,1.10833,1.10688,1.10818,33308
2024-11-07T18:00:00.000Z,1.10819,1.10887,1.10684,1.10862,28057
2024-11-07T22:00:00.000Z,1.10593,1.10892,1.10578,1.10728,14129
2024-11-08T02:00:00.000Z,1.10727,1.10823,1.10644,1.10752,20202
2024-11-08T06:00:00.000Z,1.10754,1.10754,1.10535,1.10559,30035
2024-11-08T10:00:00.000Z,1.10562,1.10588,1.10471,1.1051,25854
2024-11-08T14:00:00.000Z,1.10509,1.10539,1.10229,1.10327,34205
2024-11-08T18:00:00.000Z,1.10328,1.10392,1.10293,1.10303,14858
2024-11-10T22:00:00.000Z,1.10452,1.10493,1.10133,1.10436,15977
2024-11-11T02:00:00.000Z,1.10436,1.10448,1.10292,1.10345,17981
2024-11-11T06:00:00.000Z,1.10346,1.10433,1.10257,1.10259,22894
2024-11-11T10:00:00.000Z,1.10258,1.10372,1.10255,1.10327,19561
2024-11-11T14:00:00.000Z,1.10329,1.10345,1.10214,1.10231,22174
2024-11-11T18:00:00.000Z,1.1023,1.10266,1.10193,1.10226,9720
2024-11-11T22:00:00.000Z,1.10191,1.10292,1.1008,1.10094,14298
2024-11-12T02:00:00.000Z,1.10093,1.10116,1.09964,1.10036,22403
2024-11-12T06:00:00.000Z,1.10036,1.10069,1.09964,1.1003,26437
2024-11-12T10:00:00.000Z,1.10037,1.10153,1.09993,1.10126,24316
2024-11-12T14:00:00.000Z,1.10125,1.10307,1.10076,1.102,31990
2024-11-12T18:00:00.000Z,1.102,1.10315,1.10189,1.10233,15605
2024-11-12T22:00:00.000Z,1.10178,1.10287,1.10096,1.10208,15078
2024-11-13T02:00:00.000Z,1.10208,1.10286,1.10176,1.10202,16478
2024-11-13T06:00:00.000Z,1.10199,1.1022,1.1004,1.10107,22697
2024-11-13T10:00:00.000Z,1.10106,1.10128,1.09906,1.10004,24355
2024-11-13T14:00:00.000Z,1.10004,1.10298,1.09983,1.10276,40752
2024-11-13T18:00:00.000Z,1.10273,1.10342,1.10192,1.10327,16322
2024-11-13T22:00:00.000Z,1.10277,1.10488,1.10241,1.10448,15531
2024-11-14T02:00:00.000Z,1.10449,1.10451,1.10271,1.10286,21100
2024-11-14T06:00:00.000Z,1.10288,1.10398,1.10283,1.10349,26581
2024-11-14T10:00:00.000Z,1.10348,1.10359,1.10211,1.10274,29012
2024-11-14T14:00:00.000Z,1.10274,1.10326,1.10162,1.10225,35430
2024-11-14T18:00:00.000Z,1.10229,1.10378,1.10222,1.10341,23517
2024-11-14T22:00:00.000Z,1.10001,1.10409,1.09985,1.10328,15721
2024-11-15T02:00:00.000Z,1.1033,1.10361,1.10221,1.10309,18266
2024-11-15T06:00:00.000Z,1.1031,1.10323,1.10146,1.1015,24582
2024-11-15T10:00:00.000Z,1.10149,1.10265,1.10122,1.10214,25370
2024-11-15T14:00:00.000Z,1.10214,1.10242,1.10125,1.10167,37447
2024-11-15T18:00:00.000Z,1.10166,1.10233,1.10149,1.10169,19028
2024-11-17T22:00:00.000Z,1.10017,1.10357,1.09999,1.10322,17482
2024-11-18T02:00:00.000Z,1.10323,1.10448,1.10314,1.10333,16764
2024-11-18T06:00:00.000Z,1.1033,1.10472,1.10298,1.10443,22007
2024-11-18T10:00:00.000Z,1.10442,1.10512,1.10425,1.10498,22026
2024-11-18T14:00:00.000Z,1.10497,1.10536,1.10417,1.10483,27601
2024-11-18T18:00:00.000Z,1.10485,1.10498,1.10374,1.10421,13221
2024-11-18T22:00:00.000Z,1.10381,1.1053,1.10342,1.1046,13552
2024-11-19T02:00:00.000Z,1.10459,1.10593,1.10455,1.10483,16109
2024-11-19T06:00:00.000Z,1.10478,1.10533,1.10301,1.10383,30832
2024-11-19T10:00:00.000Z,1.10383,1.10425,1.103,1.103,30522
2024-11-19T14:00:00.000Z,1.103,1.10487,1.10293,1.10468,34531
2024-11-19T18:00:00.000Z,1.10471,1.10505,1.10445,1.10464,15056
2024-11-19T22:00:00.000Z,1.1036,1.10543,1.10336,1.10496,12242
2024-11-20T02:00:00.000Z,1.10497,1.10538,1.1044,1.10485,12206
2024-11-20T06:00:00.000Z,1.10486,1.10676,1.10476,1.10633,22608
2024-11-20T10:00:00.000Z,1.10632,1.10641,1.10575,1.10592,20444
2024-11-20T14:00:00.000Z,1.10593,1.10636,1.10531,1.10636,26680
2024-11-20T18:00:00.000Z,1.10636,1.10722,1.10613,1.10707,14265
2024-11-20T22:00:00.000Z,1.10649,1.10796,1.10612,1.10788,10900
2024-11-21T02:00:00.000Z,1.10786,1.10948,1.10765,1.10915,14436
2024-11-21T06:00:00.000Z,1.10914,1.11117,1.10904,1.11022,28561
2024-11-21T10:00:00.000Z,1.11023,1.1111,1.10955,1.11018,25703
2024-11-21T14:00:00.000Z,1.1102,1.11122,1.10961,1.11103,36392
2024-11-21T18:00:00.000Z,1.11103,1.11138,1.11041,1.11103,14558
2024-11-21T22:00:00.000Z,1.11098,1.11448,1.11078,1.11441,12880
2024-11-22T02:00:00.000Z,1.11443,1.11794,1.11245,1.11307,20959
2024-11-22T06:00:00.000Z,1.11306,1.11412,1.11111,1.11224,33231
2024-11-22T10:00:00.000Z,1.11228,1.11384,1.11214,1.11315,30383
2024-11-22T14:00:00.000Z,1.11319,1.11514,1.11317,1.11491,34356
2024-11-22T18:00:00.000Z,1.1149,1.11512,1.1138,1.11391,12732
2024-11-24T22:00:00.000Z,1.11471,1.11691,1.11345,1.11489,19502
2024-11-25T02:00:00.000Z,1.11488,1.11512,1.11328,1.114,18801
2024-11-25T06:00:00.000Z,1.11402,1.11412,1.11207,1.1135,26946
2024-11-25T10:00:00.000Z,1.11347,1.11354,1.11213,1.11234,25084
2024-11-25T14:00:00.000Z,1.11233,1.11258,1.11096,1.11134,31552
2024-11-25T18:00:00.000Z,1.11135,1.11263,1.11104,1.11258,11525
2024-11-25T22:00:00.000Z,1.11116,1.11429,1.10859,1.11158,27133
2024-11-26T02:00:00.000Z,1.11157,1.11256,1.11068,1.11095,20982
2024-11-26T06:00:00.000Z,1.11094,1.11118,1.10934,1.10989,25571
2024-11-26T10:00:00.000Z,1.10991,1.11032,1.10849,1.10924,27037
2024-11-26T14:00:00.000Z,1.10925,1.11017,1.10845,1.10893,33641
2024-11-26T18:00:00.000Z,1.10894,1.10956,1.1084,1.10949,17916
2024-11-26T22:00:00.000Z,1.10867,1.11062,1.10157,1.10174,17679
2024-11-27T02:00:00.000Z,1.10172,1.10661,1.10123,1.10356,18409
2024-11-27T06:00:00.000Z,1.10356,1.10389,1.10068,1.10111,28616
2024-11-27T10:00:00.000Z,1.10111,1.10145,1.09966,1.10008,27058
2024-11-27T14:00:00.000Z,1.10008,1.10041,1.09924,1.10003,35617
2024-11-27T18:00:00.000Z,1.10006,1.10233,1.09983,1.10216,13353
2024-11-27T22:00:00.000Z,1.10084,1.10268,1.10084,1.10197,12717
2024-11-28T02:00:00.000Z,1.10195,1.10309,1.10086,1.10114,14898
2024-11-28T06:00:00.000Z,1.10113,1.10329,1.10072,1.10309,22392
2024-11-28T10:00:00.000Z,1.10308,1.10401,1.10284,1.10391,17419
2024-11-28T14:00:00.000Z,1.10392,1.10455,1.10338,1.1036,14036
2024-11-28T18:00:00.000Z,1.10366,1.10382,1.10306,1.10348,2108
2024-11-28T22:00:00.000Z,1.101,1.10428,1.10039,1.10224,16446
2024-11-29T02:00:00.000Z,1.10225,1.10368,1.1017,1.10219,17903
2024-11-29T06:00:00.000Z,1.10221,1.10254,1.10021,1.10043,24602
2024-11-29T10:00:00.000Z,1.10041,1.10058,1.09919,1.09923,23957
2024-11-29T14:00:00.000Z,1.09924,1.10169,1.09906,1.10111,28751
2024-11-29T18:00:00.000Z,1.10109,1.10152,1.09975,1.1002,14798
2024-12-01T22:00:00.000Z,1.10075,1.10216,1.09984,1.102,18123
2024-12-02T02:00:00.000Z,1.10199,1.10278,1.10142,1.10218,21782
2024-12-02T06:00:00.000Z,1.10226,1.10226,1.09977,1.09982,28617
2024-12-02T10:00:00.000Z,1.09983,1.10076,1.09893,1.10012,26239
2024-12-02T14:00:00.000Z,1.10011,1.10043,1.09808,1.09932,34191
2024-12-02T18:00:00.000Z,1.09939,1.1004,1.09908,1.09933,15151
2024-12-02T22:00:00.000Z,1.09855,1.10119,1.09826,1.10095,9671
2024-12-03T02:00:00.000Z,1.10095,1.10135,1.10025,1.10063,10813
2024-12-03T06:00:00.000Z,1.10063,1.10182,1.10017,1.10165,15083
2024-12-03T10:00:00.000Z,1.10165,1.10198,1.10106,1.10112,13443
2024-12-03T14:00:00.000Z,1.10114,1.10248,1.10061,1.10226,20741
2024-12-03T18:00:00.000Z,1.10224,1.10295,1.10168,1.10226,8246
2024-12-03T22:00:00.000Z,1.10156,1.10293,1.10003,1.10044,9601
2024-12-04T02:00:00.000Z,1.10044,1.10049,1.09781,1.09967,15532
2024-12-04T06:00:00.000Z,1.09967,1.10028,1.09834,1.09858,16882
2024-12-04T10:00:00.000Z,1.0986,1.09879,1.09756,1.0978,15033
2024-12-04T14:00:00.000Z,1.0978,1.09856,1.09732,1.09769,21037
2024-12-04T18:00:00.000Z,1.09775,1.09949,1.09732,1.09852,11361
2024-12-04T22:00:00.000Z,1.09877,1.09915,1.09595,1.09621,8322
2024-12-05T02:00:00.000Z,1.09624,1.09678,1.09572,1.09598,8639
2024-12-05T06:00:00.000Z,1.09598,1.098,1.09598,1.09779,12219
2024-12-05T10:00:00.000Z,1.09779,1.09863,1.09755,1.09825,14673
2024-12-05T14:00:00.000Z,1.09825,1.09836,1.0959,1.09637,18295
2024-12-05T18:00:00.000Z,1.09637,1.09673,1.09536,1.09578,10129
2024-12-05T22:00:00.000Z,1.09542,1.09659,1.09469,1.09526,11023
2024-12-06T02:00:00.000Z,1.09526,1.09767,1.09475,1.09761,11121
2024-12-06T06:00:00.000Z,1.09761,1.09846,1.09661,1.09812,12124
2024-12-06T10:00:00.000Z,1.09812,1.09842,1.09602,1.09619,15804
2024-12-06T14:00:00.000Z,1.09619,1.0967,1.09418,1.09476,24175
2024-12-06T18:00:00.000Z,1.09476,1.09575,1.09447,1.09509,8717
2024-12-08T22:00:00.000Z,1.09419,1.09692,1.09398,1.0966,8382
2024-12-09T02:00:00.000Z,1.0966,1.09938,1.09632,1.09918,9830
2024-12-09T06:00:00.000Z,1.09918,1.10018,1.09787,1.09886,15912
2024-12-09T10:00:00.000Z,1.09889,1.10093,1.09866,1.09953,12680
2024-12-09T14:00:00.000Z,1.09951,1.10002,1.09848,1.09863,15752
2024-12-09T18:00:00.000Z,1.09863,1.09864,1.09746,1.09752,8490
2024-12-09T22:00:00.000Z,1.0974,1.10016,1.09711,1.09864,8663
2024-12-10T02:00:00.000Z,1.09864,1.09954,1.09507,1.09624,16114
2024-12-10T06:00:00.000Z,1.09623,1.09839,1.09613,1.09837,14803
2024-12-10T10:00:00.000Z,1.09834,1.0994,1.09794,1.0991,19788
2024-12-10T14:00:00.000Z,1.09908,1.09997,1.09837,1.09978,24448
2024-12-10T18:00:00.000Z,1.09978,1.10018,1.09922,1.09962,11020
2024-12-10T22:00:00.000Z,1.09788,1.10021,1.09788,1.10002,11607
2024-12-11T02:00:00.000Z,1.10004,1.10056,1.09952,1.09992,14290
2024-12-11T06:00:00.000Z,1.09992,1.10126,1.09815,1.09976,26200
2024-12-11T10:00:00.000Z,1.09975,1.10042,1.09903,1.09923,24325
2024-12-11T14:00:00.000Z,1.09922,1.1006,1.09892,1.10049,29241
2024-12-11T18:00:00.000Z,1.10055,1.10121,1.09995,1.10102,14309
2024-12-11T22:00:00.000Z,1.09973,1.10604,1.09945,1.10412,15216
2024-12-12T02:00:00.000Z,1.1041,1.10529,1.10372,1.10509,15741
2024-12-12T06:00:00.000Z,1.10508,1.10542,1.10294,1.10421,21892
2024-12-12T10:00:00.000Z,1.10421,1.10496,1.10268,1.10353,27065
2024-12-12T14:00:00.000Z,1.10352,1.10386,1.10291,1.10311,34047
2024-12-12T18:00:00.000Z,1.10315,1.1042,1.10298,1.10404,16166
2024-12-12T22:00:00.000Z,1.10277,1.10471,1.10167,1.10375,14077
2024-12-13T02:00:00.000Z,1.10375,1.10418,1.10323,1.10373,15495
2024-12-13T06:00:00.000Z,1.10372,1.10499,1.10353,1.10463,23817
2024-12-13T10:00:00.000Z,1.10463,1.10584,1.10442,1.10473,21575
2024-12-13T14:00:00.000Z,1.10472,1.10485,1.10354,1.10417,24982
2024-12-13T18:00:00.000Z,1.10418,1.10444,1.10339,1.10349,10744
2024-12-15T22:00:00.000Z,1.10182,1.10425,1.10166,1.10353,13189
2024-12-16T02:00:00.000Z,1.10351,1.10368,1.10244,1.10275,14652
2024-12-16T06:00:00.000Z,1.10274,1.10275,1.10145,1.10194,19490
2024-12-16T10:00:00.000Z,1.10192,1.10214,1.10129,1.10155,18000
2024-12-16T14:00:00.000Z,1.10154,1.10259,1.10052,1.10234,25517
2024-12-16T18:00:00.000Z,1.10246,1.10249,1.10162,1.10178,9521
2024-12-16T22:00:00.000Z,1.09959,1.10282,1.09959,1.10277,11612
2024-12-17T02:00:00.000Z,1.10278,1.10287,1.10113,1.10169,14055
2024-12-17T06:00:00.000Z,1.10168,1.10225,1.10107,1.10118,19131
2024-12-17T10:00:00.000Z,1.1012,1.10169,1.10066,1.1016,21068
2024-12-17T14:00:00.000Z,1.1016,1.10178,1.10044,1.10074,25286
2024-12-17T18:00:00.000Z,1.10076,1.10139,1.1006,1.10116,10113
2024-12-17T22:00:00.000Z,1.09973,1.10154,1.09927,1.1009,10986
2024-12-18T02:00:00.000Z,1.10091,1.10134,1.0997,1.09977,13199
2024-12-18T06:00:00.000Z,1.09977,1.10186,1.09945,1.10167,18336
2024-12-18T10:00:00.000Z,1.10168,1.10293,1.10135,1.10252,17836
2024-12-18T14:00:00.000Z,1.10254,1.10298,1.10167,1.10189,22388
2024-12-18T18:00:00.000Z,1.10189,1.10511,1.0997,1.10497,35938
2024-12-18T22:00:00.000Z,1.10504,1.10702,1.10381,1.10673,21043
2024-12-19T02:00:00.000Z,1.10672,1.10754,1.10445,1.10524,19419
2024-12-19T06:00:00.000Z,1.10524,1.10608,1.10323,1.10337,28920
2024-12-19T10:00:00.000Z,1.10336,1.10649,1.10303,1.10598,27465
2024-12-19T14:00:00.000Z,1.106,1.10779,1.10598,1.1074,34085
2024-12-19T18:00:00.000Z,1.10704,1.1081,1.10704,1.10794,17496
2024-12-19T22:00:00.000Z,1.10666,1.10844,1.1061,1.10655,14507
2024-12-20T02:00:00.000Z,1.10653,1.10712,1.10539,1.10657,17125
2024-12-20T06:00:00.000Z,1.10656,1.10774,1.10567,1.10591,26551
2024-12-20T10:00:00.000Z,1.1059,1.10638,1.10549,1.10575,25222
2024-12-20T14:00:00.000Z,1.10577,1.10701,1.10565,1.10627,35532
2024-12-20T18:00:00.000Z,1.10626,1.10657,1.10516,1.10521,14947
2024-12-22T22:00:00.000Z,1.10407,1.10812,1.10383,1.10598,13858
2024-12-23T02:00:00.000Z,1.10596,1.10643,1.10535,1.10625,11471
2024-12-23T06:00:00.000Z,1.10628,1.10717,1.10561,1.10619,16880
2024-12-23T10:00:00.000Z,1.10619,1.10666,1.10495,1.10527,17708
2024-12-23T14:00:00.000Z,1.10527,1.10586,1.10349,1.10578,25838
2024-12-23T18:00:00.000Z,1.10575,1.10627,1.10538,1.10621,14023
2024-12-23T22:00:00.000Z,1.10521,1.10668,1.10469,1.10527,9275
2024-12-24T02:00:00.000Z,1.10525,1.10562,1.10436,1.10526,11089
2024-12-24T06:00:00.000Z,1.10525,1.10598,1.10479,1.10565,14063
2024-12-24T10:00:00.000Z,1.10564,1.10577,1.10401,1.10451,14949
2024-12-24T14:00:00.000Z,1.1045,1.10536,1.10448,1.105,19095
2024-12-24T18:00:00.000Z,1.10496,1.10567,1.1029,1.10455,5472
2024-12-25T22:00:00.000Z,1.10239,1.10598,1.10205,1.10446,15576
2024-12-26T02:00:00.000Z,1.10445,1.10516,1.10414,1.10451,12065
2024-12-26T06:00:00.000Z,1.10452,1.10578,1.10424,1.10468,13704
2024-12-26T10:00:00.000Z,1.10469,1.1056,1.10465,1.10538,15588
2024-12-26T14:00:00.000Z,1.10537,1.10602,1.10519,1.1057,22303
2024-12-26T18:00:00.000Z,1.1057,1.10641,1.10527,1.10605,13700
2024-12-26T22:00:00.000Z,1.10455,1.10682,1.10365,1.1064,12326
2024-12-27T02:00:00.000Z,1.10641,1.10697,1.10426,1.10428,10981
2024-12-27T06:00:00.000Z,1.10429,1.10518,1.10341,1.10343,17194
2024-12-27T10:00:00.000Z,1.10344,1.10359,1.10273,1.10278,17780
2024-12-27T14:00:00.000Z,1.10279,1.10339,1.10209,1.10321,26343
2024-12-27T18:00:00.000Z,1.10319,1.10356,1.10268,1.10341,13360
2024-12-29T22:00:00.000Z,1.10217,1.1045,1.10197,1.10438,7575
2024-12-30T02:00:00.000Z,1.10439,1.10441,1.10282,1.10372,8315
2024-12-30T06:00:00.000Z,1.10372,1.10403,1.10073,1.10078,14715
2024-12-30T10:00:00.000Z,1.10079,1.10248,1.10073,1.10209,16058
2024-12-30T14:00:00.000Z,1.1021,1.1033,1.10105,1.10325,29690
2024-12-30T18:00:00.000Z,1.10326,1.10359,1.10291,1.10312,11363
2024-12-30T22:00:00.000Z,1.10197,1.10408,1.10137,1.10397,9160
2024-12-31T02:00:00.000Z,1.10396,1.10439,1.10323,1.10423,10100
2024-12-31T06:00:00.000Z,1.1042,1.10495,1.10386,1.1046,15930
2024-12-31T10:00:00.000Z,1.10461,1.10535,1.10448,1.10526,18430
2024-12-31T14:00:00.000Z,1.10524,1.10594,1.10479,1.10586,28867
2024-12-31T18:00:00.000Z,1.10582,1.1067,1.10565,1.10603,12998
2025-01-01T22:00:00.000Z,1.10447,1.10705,1.10361,1.10612,12434
2025-01-02T02:00:00.000Z,1.10613,1.10738,1.10572,1.10713,11413
2025-01-02T06:00:00.000Z,1.10713,1.1074,1.10552,1.10653,18209
2025-01-02T10:00:00.000Z,1.10652,1.10761,1.10596,1.1076,23089
2025-01-02T14:00:00.000Z,1.1076,1.10877,1.10689,1.1086,33628
2025-01-02T18:00:00.000Z,1.10859,1.10902,1.10795,1.10855,16266
2025-01-02T22:00:00.000Z,1.10699,1.10939,1.10656,1.10915,11095
2025-01-03T02:00:00.000Z,1.10915,1.10927,1.10817,1.10864,11816
2025-01-03T06:00:00.000Z,1.10863,1.1095,1.10835,1.10921,21223
2025-01-03T10:00:00.000Z,1.10918,1.11001,1.10888,1.10909,16075
2025-01-03T14:00:00.000Z,1.10908,1.10919,1.10727,1.10765,25147
2025-01-03T18:00:00.000Z,1.10767,1.10861,1.1075,1.10759,11329
2025-01-05T22:00:00.000Z,1.10507,1.1084,1.10496,1.10819,14336
2025-01-06T02:00:00.000Z,1.1082,1.10861,1.10646,1.10754,13969
2025-01-06T06:00:00.000Z,1.10753,1.10817,1.10699,1.10806,18488
2025-01-06T10:00:00.000Z,1.10806,1.10887,1.10735,1.10834,32967
2025-01-06T14:00:00.000Z,1.10832,1.10858,1.10645,1.10652,35580
2025-01-06T18:00:00.000Z,1.10653,1.1073,1.10641,1.10668,14693
2025-01-06T22:00:00.000Z,1.10521,1.10727,1.10514,1.1068,13066
2025-01-07T02:00:00.000Z,1.1068,1.10693,1.10533,1.10593,15035
2025-01-07T06:00:00.000Z,1.10592,1.10629,1.10429,1.105,20852
2025-01-07T10:00:00.000Z,1.10505,1.10684,1.10496,1.10589,18271
2025-01-07T14:00:00.000Z,1.10591,1.10678,1.10412,1.10604,23406
2025-01-07T18:00:00.000Z,1.10604,1.10636,1.10517,1.10521,9365
2025-01-07T22:00:00.000Z,1.10502,1.10653,1.10396,1.10475,9138
2025-01-08T02:00:00.000Z,1.10475,1.10648,1.10458,1.10529,7624
2025-01-08T06:00:00.000Z,1.10531,1.1071,1.10457,1.10694,13783
2025-01-08T10:00:00.000Z,1.10693,1.10785,1.10636,1.10775,20132
2025-01-08T14:00:00.000Z,1.10775,1.10853,1.10712,1.1076,20067
2025-01-08T18:00:00.000Z,1.10771,1.10847,1.10736,1.10764,12543
2025-01-08T22:00:00.000Z,1.10617,1.10859,1.10534,1.10784,10316
2025-01-09T02:00:00.000Z,1.10784,1.10801,1.10684,1.1071,9405
2025-01-09T06:00:00.000Z,1.1071,1.10821,1.10684,1.10771,15786
2025-01-09T10:00:00.000Z,1.10769,1.10838,1.10725,1.10746,13774
2025-01-09T14:00:00.000Z,1.10748,1.10778,1.1067,1.10679,11544
2025-01-09T18:00:00.000Z,1.10678,1.10696,1.10616,1.10657,4631
2025-01-09T22:00:00.000Z,1.1064,1.108,1.10583,1.10686,7842
2025-01-10T02:00:00.000Z,1.10684,1.10812,1.1066,1.10797,8989
2025-01-10T06:00:00.000Z,1.10797,1.10882,1.10759,1.10856,11890
2025-01-10T10:00:00.000Z,1.10856,1.10895,1.10506,1.10757,15845
2025-01-10T14:00:00.000Z,1.10757,1.10803,1.1058,1.10622,27668
2025-01-10T18:00:00.000Z,1.1062,1.10687,1.105,1.1053,12103
2025-01-12T22:00:00.000Z,1.10505,1.10678,1.10405,1.1063,9812
2025-01-13T02:00:00.000Z,1.1063,1.10651,1.10446,1.1053,11289
2025-01-13T06:00:00.000Z,1.10534,1.10779,1.10534,1.10704,15540
2025-01-13T10:00:00.000Z,1.10704,1.10781,1.10659,1.10677,15066
2025-01-13T14:00:00.000Z,1.10675,1.10843,1.10667,1.1081,18222
2025-01-13T18:00:00.000Z,1.1081,1.10819,1.10522,1.10556,9977
2025-01-13T22:00:00.000Z,1.10502,1.10623,1.10274,1.10326,10619
2025-01-14T02:00:00.000Z,1.10326,1.10431,1.10295,1.1032,8846
2025-01-14T06:00:00.000Z,1.10322,1.10353,1.10201,1.10317,14710
2025-01-14T10:00:00.000Z,1.10317,1.10472,1.10248,1.10426,15267
2025-01-14T14:00:00.000Z,1.10432,1.10604,1.10409,1.10584,21070
2025-01-14T18:00:00.000Z,1.10582,1.1059,1.1044,1.10456,9366
2025-01-14T22:00:00.000Z,1.10488,1.10538,1.10395,1.10415,5694
2025-01-15T02:00:00.000Z,1.10415,1.10541,1.10377,1.1053,6514
2025-01-15T06:00:00.000Z,1.1053,1.10562,1.10386,1.10449,12297
2025-01-15T10:00:00.000Z,1.10448,1.10638,1.10257,1.10559,14886
2025-01-15T14:00:00.000Z,1.10559,1.10839,1.10547,1.10817,22864
2025-01-15T18:00:00.000Z,1.10821,1.10928,1.10785,1.108,8264
2025-01-15T22:00:00.000Z,1.10657,1.10942,1.10641,1.10724,9491
2025-01-16T02:00:00.000Z,1.10728,1.10784,1.1059,1.10682,10395
2025-01-16T06:00:00.000Z,1.10682,1.10927,1.10669,1.10878,13015
2025-01-16T10:00:00.000Z,1.1088,1.10996,1.10684,1.10994,14202
2025-01-16T14:00:00.000Z,1.10996,1.11026,1.10719,1.10752,22742
2025-01-16T18:00:00.000Z,1.1075,1.10784,1.10696,1.10708,9435
2025-01-16T22:00:00.000Z,1.10726,1.10813,1.10646,1.10711,6131
2025-01-17T02:00:00.000Z,1.10714,1.10911,1.10699,1.10895,8364
2025-01-17T06:00:00.000Z,1.10895,1.11013,1.10801,1.10807,11764
2025-01-17T10:00:00.000Z,1.10803,1.10838,1.10661,1.10798,13141
2025-01-17T14:00:00.000Z,1.10798,1.10995,1.10781,1.10962,22203
2025-01-17T18:00:00.000Z,1.10964,1.10982,1.10816,1.1082,8558
2025-01-19T22:00:00.000Z,1.10761,1.10941,1.10706,1.10818,7253
2025-01-20T02:00:00.000Z,1.10818,1.10831,1.10692,1.1071,7728
2025-01-20T06:00:00.000Z,1.1071,1.10821,1.10658,1.10689,11431
2025-01-20T10:00:00.000Z,1.10689,1.10827,1.10606,1.10698,15401
2025-01-20T14:00:00.000Z,1.10692,1.10725,1.10582,1.10593,23354
2025-01-20T18:00:00.000Z,1.1059,1.10604,1.10491,1.10517,8407
2025-01-20T22:00:00.000Z,1.10444,1.10595,1.10371,1.10484,19014
2025-01-21T02:00:00.000Z,1.10487,1.10561,1.10432,1.10482,13738
2025-01-21T06:00:00.000Z,1.10483,1.10672,1.1046,1.10658,14732
2025-01-21T10:00:00.000Z,1.10658,1.10684,1.10565,1.10625,16488
2025-01-21T14:00:00.000Z,1.10627,1.10701,1.10602,1.10629,21330
2025-01-21T18:00:00.000Z,1.10619,1.10669,1.10418,1.10477,8545
2025-01-21T22:00:00.000Z,1.10451,1.10774,1.10383,1.10754,12558
2025-01-22T02:00:00.000Z,1.10754,1.10855,1.10639,1.10659,8428
2025-01-22T06:00:00.000Z,1.10659,1.10719,1.10611,1.10632,14194
2025-01-22T10:00:00.000Z,1.10632,1.10748,1.10621,1.10721,14241
2025-01-22T14:00:00.000Z,1.10723,1.10762,1.1061,1.10759,17812
2025-01-22T18:00:00.000Z,1.10755,1.1077,1.10662,1.1067,8814
2025-01-22T22:00:00.000Z,1.10724,1.10779,1.10647,1.10725,7128
2025-01-23T02:00:00.000Z,1.10725,1.10752,1.10646,1.10698,8328
2025-01-23T06:00:00.000Z,1.10696,1.10739,1.10621,1.1071,11573
2025-01-23T10:00:00.000Z,1.1071,1.10759,1.10699,1.10735,13470
2025-01-23T14:00:00.000Z,1.10735,1.10807,1.10685,1.10801,21517
2025-01-23T18:00:00.000Z,1.10808,1.10813,1.10667,1.10675,10404
2025-01-23T22:00:00.000Z,1.1062,1.1075,1.10615,1.10671,5973
2025-01-24T02:00:00.000Z,1.10669,1.10768,1.10629,1.10735,14986
2025-01-24T06:00:00.000Z,1.10735,1.10759,1.10588,1.10671,18198
2025-01-24T10:00:00.000Z,1.10671,1.10707,1.1056,1.10586,14546
2025-01-24T14:00:00.000Z,1.10588,1.10622,1.10489,1.10539,20040
2025-01-24T18:00:00.000Z,1.10539,1.10568,1.10484,1.10549,10637
2025-01-26T22:00:00.000Z,1.10445,1.107,1.1041,1.10696,9392
2025-01-27T02:00:00.000Z,1.10694,1.10702,1.10556,1.1058,10055
2025-01-27T06:00:00.000Z,1.1058,1.10606,1.10515,1.10562,16691
2025-01-27T10:00:00.000Z,1.10562,1.10596,1.10481,1.10522,20398
2025-01-27T14:00:00.000Z,1.10522,1.10559,1.10463,1.10472,20065
2025-01-27T18:00:00.000Z,1.10472,1.10579,1.10437,1.10507,12174
2025-01-27T22:00:00.000Z,1.10484,1.10649,1.10449,1.10579,14814
2025-01-28T02:00:00.000Z,1.10578,1.10599,1.10423,1.10475,11636
2025-01-28T06:00:00.000Z,1.10475,1.10485,1.10387,1.10466,14196
2025-01-28T10:00:00.000Z,1.10462,1.10484,1.10377,1.10424,13452
2025-01-28T14:00:00.000Z,1.10424,1.10469,1.10271,1.10314,16771
2025-01-28T18:00:00.000Z,1.10314,1.10352,1.10283,1.10327,9478
2025-01-28T22:00:00.000Z,1.10226,1.10404,1.1006,1.10145,6463
2025-01-29T02:00:00.000Z,1.10145,1.10251,1.10126,1.10238,6597
2025-01-29T06:00:00.000Z,1.10236,1.10281,1.10187,1.10257,12326
2025-01-29T10:00:00.000Z,1.10257,1.10287,1.10194,1.10224,13632
2025-01-29T14:00:00.000Z,1.10222,1.10246,1.10124,1.10186,19203
2025-01-29T18:00:00.000Z,1.10187,1.10264,1.10049,1.10115,20459
2025-01-29T22:00:00.000Z,1.10019,1.10219,1.09953,1.10199,6966
2025-01-30T02:00:00.000Z,1.10199,1.10242,1.10142,1.10162,7971
2025-01-30T06:00:00.000Z,1.10162,1.1034,1.10145,1.10208,11421
2025-01-30T10:00:00.000Z,1.10208,1.1027,1.10057,1.10192,14430
2025-01-30T14:00:00.000Z,1.10192,1.10292,1.10162,1.10226,18557
2025-01-30T18:00:00.000Z,1.10226,1.10324,1.10145,1.1018,12400
2025-01-30T22:00:00.000Z,1.10082,1.10343,1.10051,1.10265,7959
2025-01-31T02:00:00.000Z,1.10265,1.10332,1.10198,1.10236,7725
2025-01-31T06:00:00.000Z,1.10236,1.10272,1.10081,1.1011,12671
2025-01-31T10:00:00.000Z,1.1011,1.10171,1.10077,1.10153,13331
2025-01-31T14:00:00.000Z,1.10153,1.10346,1.10134,1.10211,22337
2025-01-31T18:00:00.000Z,1.10212,1.10247,1.10135,1.10187,22675
2025-02-02T22:00:00.000Z,1.10093,1.10404,1.10034,1.10367,23651
2025-02-03T02:00:00.000Z,1.10366,1.10485,1.10187,1.10451,18755
2025-02-03T06:00:00.000Z,1.10451,1.10537,1.1038,1.10454,19998
2025-02-03T10:00:00.000Z,1.10456,1.10539,1.10423,1.1052,17471
2025-02-03T14:00:00.000Z,1.1052,1.10574,1.104,1.10495,33195
2025-02-03T18:00:00.000Z,1.10492,1.10614,1.10487,1.10599,16452
2025-02-03T22:00:00.000Z,1.10463,1.1067,1.10426,1.10514,12468
2025-02-04T02:00:00.000Z,1.10514,1.10698,1.10496,1.10627,14075
2025-02-04T06:00:00.000Z,1.10626,1.10707,1.10602,1.10695,16245
2025-02-04T10:00:00.000Z,1.1069,1.10776,1.10653,1.10695,13191
2025-02-04T14:00:00.000Z,1.10695,1.10793,1.10478,1.10731,20779
2025-02-04T18:00:00.000Z,1.10729,1.10781,1.10657,1.10664,8975
2025-02-04T22:00:00.000Z,1.10632,1.10731,1.10484,1.10525,9272
2025-02-05T02:00:00.000Z,1.10527,1.10583,1.10419,1.10535,10449
2025-02-05T06:00:00.000Z,1.10533,1.10585,1.10431,1.10494,15977
2025-02-05T10:00:00.000Z,1.10494,1.10545,1.10444,1.10531,14267
2025-02-05T14:00:00.000Z,1.10531,1.10566,1.10382,1.10522,18397
2025-02-05T18:00:00.000Z,1.10522,1.10554,1.10492,1.10503,7660
2025-02-05T22:00:00.000Z,1.10593,1.10603,1.10407,1.10491,6620
2025-02-06T02:00:00.000Z,1.10489,1.10572,1.10428,1.10542,7729
2025-02-06T06:00:00.000Z,1.1054,1.107,1.10537,1.10686,11488
2025-02-06T10:00:00.000Z,1.10688,1.10725,1.10623,1.10711,13691
2025-02-06T14:00:00.000Z,1.1071,1.10779,1.1069,1.1074,14215
2025-02-06T18:00:00.000Z,1.1074,1.10751,1.10691,1.10704,7515
2025-02-06T22:00:00.000Z,1.10481,1.10722,1.10465,1.10644,5819
2025-02-07T02:00:00.000Z,1.10646,1.10706,1.10607,1.10643,7149
2025-02-07T06:00:00.000Z,1.10643,1.10755,1.1064,1.10681,9770
2025-02-07T10:00:00.000Z,1.10677,1.10774,1.1057,1.10756,13135
2025-02-07T14:00:00.000Z,1.10754,1.1092,1.10723,1.10893,28108
2025-02-07T18:00:00.000Z,1.10893,1.10912,1.10789,1.10821,10135
2025-02-09T22:00:00.000Z,1.10574,1.10917,1.10376,1.10881,11786
2025-02-10T02:00:00.000Z,1.10881,1.10909,1.10841,1.10854,7824
2025-02-10T06:00:00.000Z,1.10852,1.10988,1.10827,1.10968,12304
2025-02-10T10:00:00.000Z,1.10968,1.11045,1.10962,1.11041,10791
2025-02-10T14:00:00.000Z,1.11041,1.11181,1.11024,1.11131,12886
2025-02-10T18:00:00.000Z,1.11128,1.11295,1.11128,1.11284,5511
2025-02-10T22:00:00.000Z,1.11141,1.11356,1.11039,1.11261,7286
2025-02-11T02:00:00.000Z,1.11261,1.11293,1.11143,1.11164,7333
2025-02-11T06:00:00.000Z,1.11162,1.11202,1.11137,1.11153,11431
2025-02-11T10:00:00.000Z,1.11153,1.11228,1.11139,1.11194,11042
2025-02-11T14:00:00.000Z,1.1119,1.11297,1.11169,1.11295,13117
2025-02-11T18:00:00.000Z,1.11293,1.11353,1.11259,1.11306,7677
2025-02-11T22:00:00.000Z,1.11269,1.11341,1.11189,1.11222,6214
2025-02-12T02:00:00.000Z,1.11222,1.11288,1.1119,1.11268,7809
2025-02-12T06:00:00.000Z,1.11268,1.11358,1.11241,1.11288,12033
2025-02-12T10:00:00.000Z,1.11288,1.11356,1.10992,1.11353,14271
2025-02-12T14:00:00.000Z,1.11353,1.11432,1.11302,1.11376,23308
2025-02-12T18:00:00.000Z,1.11374,1.1138,1.11276,1.11297,10137
2025-02-12T22:00:00.000Z,1.11157,1.11367,1.11153,1.11302,6924
2025-02-13T02:00:00.000Z,1.11302,1.11335,1.11212,1.11249,10121
2025-02-13T06:00:00.000Z,1.11249,1.11281,1.11161,1.11177,13983
2025-02-13T10:00:00.000Z,1.11177,1.11236,1.11053,1.11214,14532
2025-02-13T14:00:00.000Z,1.11215,1.11392,1.11202,1.11273,17911
2025-02-13T18:00:00.000Z,1.11273,1.11347,1.11257,1.1127,13592
2025-02-13T22:00:00.000Z,1.11173,1.1125,1.11105,1.11181,8114
2025-02-14T02:00:00.000Z,1.11179,1.11244,1.11075,1.11155,7999
2025-02-14T06:00:00.000Z,1.11155,1.1124,1.11071,1.11087,13741
2025-02-14T10:00:00.000Z,1.11089,1.11181,1.10999,1.11113,12761
2025-02-14T14:00:00.000Z,1.11115,1.1114,1.10847,1.10864,15105
2025-02-14T18:00:00.000Z,1.10866,1.10884,1.10782,1.10841,6746
2025-02-16T22:00:00.000Z,1.10816,1.10962,1.10751,1.1085,10306
2025-02-17T02:00:00.000Z,1.10849,1.11018,1.10792,1.11011,10062
2025-02-17T06:00:00.000Z,1.11011,1.11031,1.10939,1.11025,12082
2025-02-17T10:00:00.000Z,1.11024,1.11032,1.10936,1.10984,8910
2025-02-17T14:00:00.000Z,1.10984,1.11001,1.1089,1.10898,6803
2025-02-17T18:00:00.000Z,1.10896,1.10903,1.10788,1.10808,4584
2025-02-17T22:00:00.000Z,1.10734,1.10991,1.10684,1.10973,7081
2025-02-18T02:00:00.000Z,1.10973,1.11408,1.10925,1.11345,12060
2025-02-18T06:00:00.000Z,1.11345,1.11409,1.11255,1.11393,12269
2025-02-18T10:00:00.000Z,1.11395,1.11453,1.11297,1.11317,10448
2025-02-18T14:00:00.000Z,1.11317,1.11416,1.11309,1.11337,11785
2025-02-18T18:00:00.000Z,1.11339,1.11386,1.11318,1.11347,5816
2025-02-18T22:00:00.000Z,1.11247,1.11743,1.11161,1.11525,8482
2025-02-19T02:00:00.000Z,1.11527,1.11662,1.11166,1.11225,9065
2025-02-19T06:00:00.000Z,1.11225,1.1123,1.11032,1.11048,10692
2025-02-19T10:00:00.000Z,1.11048,1.11176,1.11041,1.11127,10932
2025-02-19T14:00:00.000Z,1.11127,1.11249,1.11092,1.11243,14021
2025-02-19T18:00:00.000Z,1.11243,1.11325,1.11193,1.11212,7293
2025-02-19T22:00:00.000Z,1.11043,1.11352,1.11014,1.11174,8915
2025-02-20T02:00:00.000Z,1.11174,1.11315,1.11132,1.11216,11282
2025-02-20T06:00:00.000Z,1.11218,1.11337,1.11214,1.11284,12183
2025-02-20T10:00:00.000Z,1.11286,1.1133,1.11202,1.1121,12673
2025-02-20T14:00:00.000Z,1.1121,1.11214,1.10967,1.11009,16043
2025-02-20T18:00:00.000Z,1.11014,1.11101,1.10994,1.11071,6936
2025-02-20T22:00:00.000Z,1.10929,1.11105,1.10921,1.10991,8846
2025-02-21T02:00:00.000Z,1.10991,1.11057,1.1088,1.10916,10912
2025-02-21T06:00:00.000Z,1.10916,1.10955,1.10861,1.10927,13603
2025-02-21T10:00:00.000Z,1.10927,1.10964,1.10876,1.1091,9881
2025-02-21T14:00:00.000Z,1.10911,1.10935,1.10814,1.10837,15396
2025-02-21T18:00:00.000Z,1.10835,1.10841,1.10673,1.10678,10063
2025-02-23T22:00:00.000Z,1.10609,1.10807,1.10529,1.10751,11734
2025-02-24T02:00:00.000Z,1.1075,1.10809,1.10709,1.1076,11747
2025-02-24T06:00:00.000Z,1.1076,1.10845,1.10722,1.10787,14252
2025-02-24T10:00:00.000Z,1.10787,1.10839,1.10768,1.10802,11491
2025-02-24T14:00:00.000Z,1.10802,1.10831,1.10633,1.1071,16170
2025-02-24T18:00:00.000Z,1.1071,1.10765,1.10679,1.10732,8080
2025-02-24T22:00:00.000Z,1.10731,1.10787,1.10665,1.10774,8066
2025-02-25T02:00:00.000Z,1.10772,1.10843,1.10729,1.10755,9088
2025-02-25T06:00:00.000Z,1.10755,1.1082,1.10688,1.10803,14094
2025-02-25T10:00:00.000Z,1.10805,1.1092,1.10783,1.10808,12431
2025-02-25T14:00:00.000Z,1.10808,1.10848,1.10657,1.10824,18580
2025-02-25T18:00:00.000Z,1.10824,1.10894,1.10783,1.10795,10156
2025-02-25T22:00:00.000Z,1.10759,1.10863,1.10734,1.10844,8007
2025-02-26T02:00:00.000Z,1.10844,1.10854,1.10705,1.10785,10396
2025-02-26T06:00:00.000Z,1.10785,1.10876,1.10777,1.10823,12740
2025-02-26T10:00:00.000Z,1.10819,1.10892,1.10757,1.10766,11946
2025-02-26T14:00:00.000Z,1.10766,1.10798,1.10676,1.10736,18894
2025-02-26T18:00:00.000Z,1.10737,1.10739,1.10627,1.1069,11249
2025-02-26T22:00:00.000Z,1.10559,1.10769,1.1055,1.10748,8781
2025-02-27T02:00:00.000Z,1.10748,1.10818,1.10658,1.10798,10793
2025-02-27T06:00:00.000Z,1.10797,1.10864,1.10754,1.1083,12953
2025-02-27T10:00:00.000Z,1.1083,1.10873,1.10648,1.10728,14538
2025-02-27T14:00:00.000Z,1.10726,1.10861,1.10661,1.10766,21381
2025-02-27T18:00:00.000Z,1.10767,1.10773,1.10682,1.10717,10356
2025-02-27T22:00:00.000Z,1.10548,1.10877,1.10547,1.10823,10250
2025-02-28T02:00:00.000Z,1.10823,1.10979,1.1079,1.10944,11481
2025-02-28T06:00:00.000Z,1.10948,1.1099,1.10887,1.10945,13389
2025-02-28T10:00:00.000Z,1.10945,1.10998,1.10884,1.10892,11809
2025-02-28T14:00:00.000Z,1.10891,1.10985,1.10831,1.10856,19186
2025-02-28T18:00:00.000Z,1.10858,1.10931,1.10827,1.10919,13933
2025-03-02T22:00:00.000Z,1.10868,1.11015,1.10795,1.10973,11378
2025-03-03T02:00:00.000Z,1.10971,1.11047,1.10878,1.10966,10315
2025-03-03T06:00:00.000Z,1.10967,1.11041,1.10927,1.10973,12989
2025-03-03T10:00:00.000Z,1.10973,1.11063,1.10963,1.11024,14141
2025-03-03T14:00:00.000Z,1.11024,1.11068,1.10835,1.10862,18488
2025-03-03T18:00:00.000Z,1.10871,1.10872,1.10689,1.10793,17574
2025-03-03T22:00:00.000Z,1.10699,1.10805,1.10628,1.10654,12164
2025-03-04T02:00:00.000Z,1.10652,1.10734,1.10538,1.10597,14913
2025-03-04T06:00:00.000Z,1.10599,1.10726,1.10494,1.10602,17696
2025-03-04T10:00:00.000Z,1.10601,1.10667,1.10548,1.10552,18297
2025-03-04T14:00:00.000Z,1.10552,1.10603,1.10435,1.10575,25516
2025-03-04T18:00:00.000Z,1.10576,1.10761,1.10568,1.10693,20672
2025-03-04T22:00:00.000Z,1.10534,1.10799,1.10534,1.10566,11564
2025-03-05T02:00:00.000Z,1.10564,1.10698,1.10553,1.10678,13876
2025-03-05T06:00:00.000Z,1.1068,1.10743,1.10587,1.10641,18089
2025-03-05T10:00:00.000Z,1.1064,1.10642,1.10466,1.10533,17738
2025-03-05T14:00:00.000Z,1.10533,1.10698,1.10464,1.10698,27555
2025-03-05T18:00:00.000Z,1.10696,1.10725,1.1058,1.10587,14408
2025-03-05T22:00:00.000Z,1.10462,1.10672,1.10427,1.10627,9573
2025-03-06T02:00:00.000Z,1.10627,1.10667,1.10485,1.10509,12050
2025-03-06T06:00:00.000Z,1.10509,1.10574,1.10382,1.1043,18929
2025-03-06T10:00:00.000Z,1.10432,1.10467,1.10308,1.10365,17801
2025-03-06T14:00:00.000Z,1.10367,1.1053,1.10341,1.1038,26593
2025-03-06T18:00:00.000Z,1.10379,1.10464,1.10325,1.10389,16511
2025-03-06T22:00:00.000Z,1.10215,1.10454,1.10215,1.10273,9407
2025-03-07T02:00:00.000Z,1.10273,1.10362,1.1017,1.1029,11865
2025-03-07T06:00:00.000Z,1.1029,1.10397,1.10217,1.10232,15094
2025-03-07T10:00:00.000Z,1.10234,1.10244,1.09926,1.10137,17749
2025-03-07T14:00:00.000Z,1.1014,1.10475,1.1013,1.10443,26791
2025-03-07T18:00:00.000Z,1.10443,1.10624,1.10401,1.10425,14272
2025-03-09T21:00:00.000Z,1.10118,1.10458,1.10115,1.10399,9897
2025-03-10T01:00:00.000Z,1.10399,1.10491,1.1037,1.1038,11602
2025-03-10T05:00:00.000Z,1.1038,1.10452,1.10201,1.10211,14284
2025-03-10T09:00:00.000Z,1.10211,1.10298,1.1018,1.10242,15913
2025-03-10T13:00:00.000Z,1.10242,1.10263,1.10085,1.10138,20753
2025-03-10T17:00:00.000Z,1.10136,1.10241,1.10052,1.1018,15965
2025-03-10T21:00:00.000Z,1.10125,1.10293,1.10021,1.10285,8134
2025-03-11T01:00:00.000Z,1.10284,1.10336,1.10184,1.10213,14982
2025-03-11T05:00:00.000Z,1.10213,1.10369,1.10165,1.10273,16244
2025-03-11T09:00:00.000Z,1.10273,1.10293,1.10184,1.10244,14309
2025-03-11T13:00:00.000Z,1.10242,1.1026,1.10034,1.10082,24578
2025-03-11T17:00:00.000Z,1.10084,1.10236,1.1004,1.10175,16986
2025-03-11T21:00:00.000Z,1.10133,1.10244,1.09929,1.10244,6265
2025-03-12T01:00:00.000Z,1.10244,1.1031,1.1017,1.10234,11128
2025-03-12T05:00:00.000Z,1.10235,1.10278,1.10113,1.10141,13782
2025-03-12T09:00:00.000Z,1.10141,1.10211,1.09988,1.10121,15709
2025-03-12T13:00:00.000Z,1.10119,1.10257,1.10109,1.1018,21902
2025-03-12T17:00:00.000Z,1.1018,1.10309,1.10154,1.10285,12233
2025-03-12T21:00:00.000Z,1.102,1.10309,1.1017,1.1025,5827
2025-03-13T01:00:00.000Z,1.10255,1.10276,1.10109,1.10145,10310
2025-03-13T05:00:00.000Z,1.10145,1.10309,1.10105,1.10257,14593
2025-03-13T09:00:00.000Z,1.10258,1.10353,1.10109,1.10343,14745
2025-03-13T13:00:00.000Z,1.10345,1.10359,1.10127,1.10186,20147
2025-03-13T17:00:00.000Z,1.10183,1.10283,1.10127,1.10276,11557
2025-03-13T21:00:00.000Z,1.10229,1.10308,1.10168,1.10227,6965
2025-03-14T01:00:00.000Z,1.10227,1.10235,1.1012,1.10224,11455
2025-03-14T05:00:00.000Z,1.10224,1.10241,1.10106,1.10151,12192
2025-03-14T09:00:00.000Z,1.10153,1.10196,1.10096,1.10138,14931
2025-03-14T13:00:00.000Z,1.10138,1.10144,1.10006,1.10055,16912
2025-03-14T17:00:00.000Z,1.10056,1.10063,1.09961,1.10003,8090
2025-03-16T21:00:00.000Z,1.09859,1.10107,1.09839,1.10044,6344
2025-03-17T01:00:00.000Z,1.10044,1.10053,1.09816,1.09835,9585
2025-03-17T05:00:00.000Z,1.09835,1.09932,1.09767,1.0981,10332
2025-03-17T09:00:00.000Z,1.0981,1.09855,1.09625,1.09666,11442
2025-03-17T13:00:00.000Z,1.09664,1.09718,1.0959,1.09685,14775
2025-03-17T17:00:00.000Z,1.09685,1.09747,1.09619,1.09657,8533
2025-03-17T21:00:00.000Z,1.0963,1.09736,1.09556,1.09568,5019
2025-03-18T01:00:00.000Z,1.09569,1.09629,1.09511,1.09549,8276
2025-03-18T05:00:00.000Z,1.09549,1.09621,1.09506,1.09574,8783
2025-03-18T09:00:00.000Z,1.09574,1.09585,1.09485,1.09504,10217
2025-03-18T13:00:00.000Z,1.09502,1.09516,1.09342,1.09358,14119
2025-03-18T17:00:00.000Z,1.09358,1.0936,1.0928,1.09286,8267
2025-03-18T21:00:00.000Z,1.09265,1.09407,1.09246,1.09368,3825
2025-03-19T01:00:00.000Z,1.09368,1.09435,1.09353,1.09407,7334
2025-03-19T05:00:00.000Z,1.09407,1.09414,1.09272,1.09342,11744
2025-03-19T09:00:00.000Z,1.09344,1.09442,1.09338,1.09411,11128
2025-03-19T13:00:00.000Z,1.09411,1.09486,1.09404,1.09458,12311
2025-03-19T17:00:00.000Z,1.09458,1.09482,1.09267,1.09296,16154
2025-03-19T21:00:00.000Z,1.09246,1.09378,1.09051,1.093,6937
2025-03-20T01:00:00.000Z,1.093,1.09542,1.09232,1.09514,10692
2025-03-20T05:00:00.000Z,1.09514,1.09615,1.09461,1.09562,11018
2025-03-20T09:00:00.000Z,1.09564,1.09624,1.095,1.09576,14192
2025-03-20T13:00:00.000Z,1.09576,1.09611,1.09524,1.09548,15403
2025-03-20T17:00:00.000Z,1.09548,1.09563,1.09409,1.09447,7751
2025-03-20T21:00:00.000Z,1.09387,1.0949,1.09342,1.09358,5328
2025-03-21T01:00:00.000Z,1.09358,1.09415,1.0932,1.09395,8460
2025-03-21T05:00:00.000Z,1.09395,1.09395,1.09236,1.09249,10239
2025-03-21T09:00:00.000Z,1.09249,1.09266,1.09181,1.09183,10207
2025-03-21T13:00:00.000Z,1.09183,1.09405,1.09124,1.0938,16048
2025-03-21T17:00:00.000Z,1.0938,1.09449,1.09361,1.09392,7922
2025-03-23T21:00:00.000Z,1.09159,1.095,1.09131,1.0949,6369
2025-03-24T01:00:00.000Z,1.09492,1.09715,1.09483,1.09712,9057
2025-03-24T05:00:00.000Z,1.09712,1.09808,1.09697,1.09792,10657
2025-03-24T09:00:00.000Z,1.09794,1.09796,1.09655,1.09765,9528
2025-03-24T13:00:00.000Z,1.09765,1.09885,1.0974,1.09766,14536
2025-03-24T17:00:00.000Z,1.09766,1.09803,1.09673,1.0973,9014
2025-03-24T21:00:00.000Z,1.09668,1.09836,1.09481,1.09833,4352
2025-03-25T01:00:00.000Z,1.09833,1.09901,1.098,1.09852,8482
2025-03-25T05:00:00.000Z,1.09848,1.09959,1.09799,1.09951,8998
2025-03-25T09:00:00.000Z,1.09951,1.10026,1.09917,1.09969,11327
2025-03-25T13:00:00.000Z,1.09969,1.10031,1.09871,1.09886,14084
2025-03-25T17:00:00.000Z,1.09887,1.09941,1.09868,1.09928,7868
2025-03-25T21:00:00.000Z,1.09739,1.10032,1.09739,1.09907,5505
2025-03-26T01:00:00.000Z,1.09907,1.09953,1.09737,1.09811,10061
2025-03-26T05:00:00.000Z,1.09811,1.09896,1.0976,1.09853,11135
2025-03-26T09:00:00.000Z,1.09851,1.09881,1.09789,1.09817,10421
2025-03-26T13:00:00.000Z,1.0982,1.09867,1.09773,1.0981,14979
2025-03-26T17:00:00.000Z,1.09808,1.09931,1.098,1.09916,11334
2025-03-26T21:00:00.000Z,1.09864,1.09967,1.09611,1.09887,8407
2025-03-27T01:00:00.000Z,1.09887,1.1,1.09809,1.09935,9902
2025-03-27T05:00:00.000Z,1.09935,1.09942,1.09816,1.09846,12408
2025-03-27T09:00:00.000Z,1.09844,1.09889,1.09756,1.09818,10851
2025-03-27T13:00:00.000Z,1.0982,1.09837,1.09702,1.09777,14502
2025-03-27T17:00:00.000Z,1.09778,1.09869,1.09744,1.09836,7649
2025-03-27T21:00:00.000Z,1.09687,1.09902,1.09681,1.09894,5787
2025-03-28T01:00:00.000Z,1.09894,1.09995,1.09888,1.09955,7636
2025-03-28T05:00:00.000Z,1.09955,1.10109,1.09944,1.10105,8670
2025-03-28T09:00:00.000Z,1.10105,1.10135,1.10055,1.10072,8893
2025-03-28T13:00:00.000Z,1.10076,1.10086,1.09923,1.09941,16361
2025-03-28T17:00:00.000Z,1.09941,1.1007,1.09921,1.09991,9131
2025-03-30T21:00:00.000Z,1.09841,1.10238,1.09841,1.10192,9054
2025-03-31T01:00:00.000Z,1.10192,1.10226,1.0996,1.10025,10305
2025-03-31T05:00:00.000Z,1.10027,1.10037,1.09895,1.09991,13137
2025-03-31T09:00:00.000Z,1.09991,1.10026,1.09873,1.09982,9979
2025-03-31T13:00:00.000Z,1.09982,1.10117,1.09919,1.10067,15447
2025-03-31T17:00:00.000Z,1.10067,1.10131,1.09997,1.10007,8905
2025-03-31T21:00:00.000Z,1.099,1.10098,1.099,1.10047,5075
2025-04-01T01:00:00.000Z,1.10047,1.10247,1.10026,1.10208,10147
2025-04-01T05:00:00.000Z,1.10206,1.10314,1.10116,1.10167,12111
2025-04-01T09:00:00.000Z,1.10165,1.10183,1.10065,1.10119,12491
2025-04-01T13:00:00.000Z,1.10119,1.10179,1.09946,1.1008,16394
2025-04-01T17:00:00.000Z,1.10084,1.10157,1.10059,1.10121,8960
2025-04-01T21:00:00.000Z,1.09931,1.10103,1.09912,1.10013,8197
2025-04-02T01:00:00.000Z,1.10011,1.10116,1.09978,1.10081,10744
2025-04-02T05:00:00.000Z,1.10081,1.10106,1.09852,1.09872,13451
2025-04-02T09:00:00.000Z,1.09872,1.09892,1.09714,1.09748,12211
2025-04-02T13:00:00.000Z,1.09748,1.09811,1.09693,1.09796,14352
2025-04-02T17:00:00.000Z,1.09794,1.09897,1.09435,1.09605,16032
2025-04-02T21:00:00.000Z,1.09505,1.09661,1.08807,1.09324,21078
2025-04-03T01:00:00.000Z,1.09324,1.09524,1.09274,1.09315,17103
2025-04-03T05:00:00.000Z,1.09313,1.09365,1.0918,1.09304,21086
2025-04-03T09:00:00.000Z,1.09304,1.09323,1.09072,1.09113,23416
2025-04-03T13:00:00.000Z,1.09113,1.09304,1.09013,1.09269,25656
2025-04-03T17:00:00.000Z,1.09269,1.09334,1.09181,1.09226,12564
2025-04-03T21:00:00.000Z,1.09061,1.09343,1.09037,1.09205,9695
2025-04-04T01:00:00.000Z,1.09209,1.09312,1.0901,1.09037,16438
2025-04-04T05:00:00.000Z,1.09037,1.09265,1.0898,1.09059,20600
2025-04-04T09:00:00.000Z,1.09064,1.09109,1.07743,1.08386,37065
2025-04-04T13:00:00.000Z,1.08382,1.08508,1.07748,1.0787,39051
2025-04-04T17:00:00.000Z,1.07868,1.08174,1.07818,1.0796,26043
2025-04-06T21:00:00.000Z,1.07403,1.08166,1.07005,1.08038,28690
2025-04-07T01:00:00.000Z,1.08038,1.08177,1.07573,1.07992,27242
2025-04-07T05:00:00.000Z,1.0799,1.08219,1.07591,1.0786,35070
2025-04-07T09:00:00.000Z,1.07858,1.08396,1.07798,1.0837,34587
2025-04-07T13:00:00.000Z,1.08368,1.08682,1.07764,1.07972,46207
2025-04-07T17:00:00.000Z,1.07974,1.08192,1.07942,1.08096,28463
2025-04-07T21:00:00.000Z,1.07781,1.08415,1.07779,1.08132,12195
2025-04-08T01:00:00.000Z,1.08132,1.08289,1.0797,1.08067,20994
2025-04-08T05:00:00.000Z,1.08067,1.08297,1.07916,1.08249,25534
2025-04-08T09:00:00.000Z,1.08249,1.08258,1.07929,1.07952,24802
2025-04-08T13:00:00.000Z,1.0795,1.08214,1.07625,1.07655,33878
2025-04-08T17:00:00.000Z,1.07655,1.07726,1.07409,1.07657,28168
2025-04-08T21:00:00.000Z,1.07413,1.08007,1.07329,1.07856,16806
2025-04-09T01:00:00.000Z,1.07854,1.08274,1.07717,1.07765,27883
2025-04-09T05:00:00.000Z,1.07765,1.08359,1.07645,1.08052,34161
2025-04-09T09:00:00.000Z,1.08052,1.08415,1.07944,1.0799,31098
2025-04-09T13:00:00.000Z,1.07993,1.08333,1.07907,1.08136,29371
2025-04-09T17:00:00.000Z,1.08136,1.09065,1.08113,1.08994,39375
2025-04-09T21:00:00.000Z,1.08887,1.09038,1.08525,1.08549,17977
2025-04-10T01:00:00.000Z,1.08547,1.08853,1.08514,1.08597,22392
2025-04-10T05:00:00.000Z,1.08597,1.08799,1.08314,1.08457,26087
2025-04-10T09:00:00.000Z,1.08455,1.08696,1.07993,1.08368,27403
2025-04-10T13:00:00.000Z,1.08367,1.08797,1.08122,1.08249,37052
2025-04-10T17:00:00.000Z,1.08244,1.08437,1.08157,1.08411,31216
2025-04-10T21:00:00.000Z,1.08385,1.0845,1.07903,1.07977,20323
2025-04-11T01:00:00.000Z,1.07977,1.08031,1.07414,1.07423,29096
2025-04-11T05:00:00.000Z,1.07421,1.07657,1.07,1.07013,31400
2025-04-11T09:00:00.000Z,1.07013,1.07624,1.06942,1.07548,28465
2025-04-11T13:00:00.000Z,1.0755,1.0785,1.07328,1.07825,36862
2025-04-11T17:00:00.000Z,1.07821,1.08028,1.07798,1.07916,21093
2025-04-13T21:00:00.000Z,1.08119,1.08157,1.07651,1.07658,17119
2025-04-14T01:00:00.000Z,1.07661,1.07915,1.0753,1.07546,18421
2025-04-14T05:00:00.000Z,1.07546,1.07736,1.0747,1.0769,17282
2025-04-14T09:00:00.000Z,1.0769,1.0778,1.07564,1.07696,15947
2025-04-14T13:00:00.000Z,1.07696,1.07728,1.07404,1.07573,27304
2025-04-14T17:00:00.000Z,1.07576,1.07696,1.07533,1.07622,14690
2025-04-14T21:00:00.000Z,1.07561,1.07776,1.07471,1.07526,8559
2025-04-15T01:00:00.000Z,1.07526,1.0759,1.07334,1.07533,14617
2025-04-15T05:00:00.000Z,1.07533,1.07709,1.07491,1.07512,17526
2025-04-15T09:00:00.000Z,1.07504,1.07521,1.07262,1.07382,14823
2025-04-15T13:00:00.000Z,1.07382,1.07568,1.07353,1.07543,21417
2025-04-15T17:00:00.000Z,1.07543,1.07638,1.07488,1.07533,11045
2025-04-15T21:00:00.000Z,1.07469,1.07555,1.07303,1.07441,11293
2025-04-16T01:00:00.000Z,1.07441,1.07657,1.07272,1.07291,14494
2025-04-16T05:00:00.000Z,1.07293,1.0766,1.07203,1.07539,18578
2025-04-16T09:00:00.000Z,1.07539,1.07808,1.07494,1.07745,16071
2025-04-16T13:00:00.000Z,1.07745,1.07915,1.07687,1.07704,18407
2025-04-16T17:00:00.000Z,1.07706,1.07731,1.07309,1.07351,16405
2025-04-16T21:00:00.000Z,1.07233,1.07508,1.07135,1.0742,9135
2025-04-17T01:00:00.000Z,1.07418,1.07601,1.07248,1.07254,14267
2025-04-17T05:00:00.000Z,1.07256,1.07453,1.07219,1.07231,14677
2025-04-17T09:00:00.000Z,1.07231,1.07249,1.07023,1.07056,13773
2025-04-17T13:00:00.000Z,1.07056,1.07146,1.06835,1.06934,19146
2025-04-17T17:00:00.000Z,1.06932,1.07038,1.0691,1.07007,9536
2025-04-17T21:00:00.000Z,1.06935,1.07088,1.06765,1.06963,9000
2025-04-18T01:00:00.000Z,1.06965,1.07523,1.0694,1.07474,47754
2025-04-18T05:00:00.000Z,1.07472,1.07583,1.07276,1.0747,38555
2025-04-18T09:00:00.000Z,1.07475,1.0752,1.07298,1.07448,45586
2025-04-18T13:00:00.000Z,1.07453,1.07491,1.0738,1.0744,23960
2025-04-18T17:00:00.000Z,1.07447,1.07485,1.07228,1.07244,30221
2025-04-20T21:00:00.000Z,1.07321,1.07327,1.07054,1.07126,12309
2025-04-21T01:00:00.000Z,1.07126,1.0723,1.06925,1.06989,13409
2025-04-21T05:00:00.000Z,1.06989,1.07042,1.06854,1.06878,13496
2025-04-21T09:00:00.000Z,1.06878,1.06957,1.06825,1.06855,12608
2025-04-21T13:00:00.000Z,1.06855,1.06949,1.06803,1.06853,15497
2025-04-21T17:00:00.000Z,1.06853,1.06973,1.06768,1.06944,9589
2025-04-21T21:00:00.000Z,1.06715,1.07051,1.06715,1.07017,8925
2025-04-22T01:00:00.000Z,1.07017,1.07057,1.06793,1.06819,13898
2025-04-22T05:00:00.000Z,1.06821,1.07036,1.06705,1.06724,16800
2025-04-22T09:00:00.000Z,1.06724,1.06742,1.06536,1.06648,13729
2025-04-22T13:00:00.000Z,1.0665,1.06832,1.06511,1.06816,17513
2025-04-22T17:00:00.000Z,1.06818,1.06825,1.06574,1.06709,12295
2025-04-22T21:00:00.000Z,1.06583,1.06992,1.06479,1.06884,15400
2025-04-23T01:00:00.000Z,1.06884,1.0707,1.06877,1.06927,14197
2025-04-23T05:00:00.000Z,1.06927,1.0721,1.06868,1.07095,16088
2025-04-23T09:00:00.000Z,1.07095,1.07129,1.06919,1.07,14103
2025-04-23T13:00:00.000Z,1.07,1.07258,1.06804,1.06873,24906
2025-04-23T17:00:00.000Z,1.06871,1.06957,1.06786,1.0693,11812
2025-04-23T21:00:00.000Z,1.06837,1.06993,1.0678,1.06963,7810
2025-04-24T01:00:00.000Z,1.06959,1.06974,1.06745,1.06789,13600
2025-04-24T05:00:00.000Z,1.06788,1.06899,1.06715,1.06725,15895
2025-04-24T09:00:00.000Z,1.06726,1.06847,1.06648,1.06819,13614
2025-04-24T13:00:00.000Z,1.06819,1.06904,1.06744,1.06892,17818
2025-04-24T17:00:00.000Z,1.06892,1.06916,1.06821,1.06856,7783
2025-04-24T21:00:00.000Z,1.06779,1.06978,1.06689,1.06963,7799
2025-04-25T01:00:00.000Z,1.06961,1.07192,1.0687,1.07144,12011
2025-04-25T05:00:00.000Z,1.07144,1.07265,1.07001,1.07143,14659
2025-04-25T09:00:00.000Z,1.07141,1.07256,1.07064,1.07114,12154
2025-04-25T13:00:00.000Z,1.07114,1.07241,1.07077,1.07203,13943
2025-04-25T17:00:00.000Z,1.07203,1.07352,1.07151,1.07267,7986
2025-04-27T21:00:00.000Z,1.07089,1.07371,1.07029,1.07276,7794
2025-04-28T01:00:00.000Z,1.0727,1.07322,1.07177,1.07286,10457
2025-04-28T05:00:00.000Z,1.07289,1.07449,1.07232,1.07427,12743
2025-04-28T09:00:00.000Z,1.07427,1.07555,1.07408,1.07517,11689
2025-04-28T13:00:00.000Z,1.07517,1.07561,1.07408,1.0752,17361
2025-04-28T17:00:00.000Z,1.07518,1.07682,1.07498,1.0756,8296
2025-04-28T21:00:00.000Z,1.07416,1.07817,1.07409,1.07807,6213
2025-04-29T01:00:00.000Z,1.07807,1.07838,1.07633,1.0776,12398
2025-04-29T05:00:00.000Z,1.0776,1.07785,1.07483,1.07572,14000
2025-04-29T09:00:00.000Z,1.07572,1.07655,1.07537,1.07628,11683
2025-04-29T13:00:00.000Z,1.0763,1.07744,1.07432,1.07458,16212
2025-04-29T17:00:00.000Z,1.07462,1.07602,1.07438,1.07596,7663
2025-04-29T21:00:00.000Z,1.07401,1.07658,1.07321,1.07652,6200
2025-04-30T01:00:00.000Z,1.07652,1.08107,1.07645,1.08082,11167
2025-04-30T05:00:00.000Z,1.08084,1.08085,1.07822,1.0795,12306
2025-04-30T09:00:00.000Z,1.07949,1.08006,1.0778,1.07811,13584
2025-04-30T13:00:00.000Z,1.07813,1.07897,1.07632,1.07811,20051
2025-04-30T17:00:00.000Z,1.07811,1.07897,1.07755,1.07859,12294
2025-04-30T21:00:00.000Z,1.07783,1.08009,1.07714,1.07881,6665
2025-05-01T01:00:00.000Z,1.07879,1.08009,1.07694,1.07725,10290
2025-05-01T05:00:00.000Z,1.07725,1.07871,1.07699,1.07736,12214
2025-05-01T09:00:00.000Z,1.07736,1.07931,1.07689,1.07926,11947
2025-05-01T13:00:00.000Z,1.07923,1.08059,1.07775,1.07947,16510
2025-05-01T17:00:00.000Z,1.07948,1.08106,1.07937,1.0804,9260
2025-05-01T21:00:00.000Z,1.07811,1.08225,1.07777,1.08127,8052
2025-05-02T01:00:00.000Z,1.08129,1.0822,1.08004,1.08098,11988
2025-05-02T05:00:00.000Z,1.08098,1.0841,1.08005,1.08349,12288
2025-05-02T09:00:00.000Z,1.08345,1.08406,1.08015,1.08315,15365
2025-05-02T13:00:00.000Z,1.08315,1.0837,1.08118,1.08354,21079
2025-05-02T17:00:00.000Z,1.08354,1.08469,1.08314,1.08393,8840
2025-05-04T21:00:00.000Z,1.08251,1.0843,1.08051,1.08348,7446
2025-05-05T01:00:00.000Z,1.08343,1.08389,1.08132,1.08265,11051
2025-05-05T05:00:00.000Z,1.08265,1.08517,1.08145,1.085,12703
2025-05-05T09:00:00.000Z,1.085,1.08539,1.08254,1.0827,12245
2025-05-05T13:00:00.000Z,1.0827,1.0842,1.08259,1.08387,15303
2025-05-05T17:00:00.000Z,1.08387,1.08445,1.08358,1.08386,7961
2025-05-05T21:00:00.000Z,1.08147,1.08479,1.08137,1.08404,4995
2025-05-06T01:00:00.000Z,1.08404,1.0848,1.08067,1.08144,11052
2025-05-06T05:00:00.000Z,1.08144,1.08171,1.07804,1.07911,14268
2025-05-06T09:00:00.000Z,1.07913,1.08065,1.0786,1.08017,12057
2025-05-06T13:00:00.000Z,1.08015,1.08145,1.08015,1.08113,14777
2025-05-06T17:00:00.000Z,1.08115,1.08169,1.08036,1.08082,9252
2025-05-06T21:00:00.000Z,1.07959,1.08317,1.07907,1.08041,11028
2025-05-07T01:00:00.000Z,1.08041,1.08199,1.07932,1.07988,15241
2025-05-07T05:00:00.000Z,1.07988,1.081,1.07893,1.07985,13924
2025-05-07T09:00:00.000Z,1.07985,1.08158,1.07975,1.08119,11138
2025-05-07T13:00:00.000Z,1.08117,1.08168,1.08011,1.08147,13947
2025-05-07T17:00:00.000Z,1.08147,1.08222,1.08003,1.08161,16530
2025-05-07T21:00:00.000Z,1.07949,1.08318,1.07835,1.08277,6699
2025-05-08T01:00:00.000Z,1.08279,1.08352,1.0807,1.08109,11551
2025-05-08T05:00:00.000Z,1.08109,1.08359,1.08045,1.08329,15644
2025-05-08T09:00:00.000Z,1.0833,1.08337,1.08202,1.08219,14468
2025-05-08T13:00:00.000Z,1.08217,1.08406,1.08163,1.08397,18732
2025-05-08T17:00:00.000Z,1.08397,1.08436,1.08346,1.0836,9297
2025-05-08T21:00:00.000Z,1.08259,1.08468,1.0825,1.08448,6187
2025-05-09T01:00:00.000Z,1.08448,1.08699,1.08417,1.08664,12761
2025-05-09T05:00:00.000Z,1.08662,1.0867,1.08569,1.08603,12179
2025-05-09T09:00:00.000Z,1.08605,1.08707,1.08592,1.08646,11275
2025-05-09T13:00:00.000Z,1.08646,1.0871,1.0847,1.08471,13517
2025-05-09T17:00:00.000Z,1.08475,1.085,1.08385,1.08472,6292
2025-05-11T21:00:00.000Z,1.08109,1.08573,1.08109,1.08431,9999
2025-05-12T01:00:00.000Z,1.08429,1.08506,1.0833,1.08503,12919
2025-05-12T05:00:00.000Z,1.08503,1.08987,1.0848,1.08825,20255
2025-05-12T09:00:00.000Z,1.08826,1.08902,1.0865,1.08672,16243
2025-05-12T13:00:00.000Z,1.08674,1.08713,1.08583,1.08695,16806
2025-05-12T17:00:00.000Z,1.08695,1.08816,1.08677,1.08808,9074
2025-05-12T21:00:00.000Z,1.08631,1.08844,1.08601,1.08736,5907
2025-05-13T01:00:00.000Z,1.08736,1.08929,1.08713,1.08877,12922
2025-05-13T05:00:00.000Z,1.08877,1.08909,1.08734,1.08743,14289
2025-05-13T09:00:00.000Z,1.08742,1.08851,1.08646,1.08745,13285
2025-05-13T13:00:00.000Z,1.08745,1.09055,1.08713,1.09048,18258
2025-05-13T17:00:00.000Z,1.09048,1.09057,1.08933,1.08941,7864
2025-05-13T21:00:00.000Z,1.08791,1.09048,1.08733,1.08888,6183
2025-05-14T01:00:00.000Z,1.08889,1.09101,1.08881,1.08914,12153
2025-05-14T05:00:00.000Z,1.08914,1.09116,1.08852,1.08903,14889
2025-05-14T09:00:00.000Z,1.08902,1.08948,1.08677,1.08815,14900
2025-05-14T13:00:00.000Z,1.08815,1.0897,1.08752,1.08936,18173
2025-05-14T17:00:00.000Z,1.08936,1.09032,1.08903,1.08964,9575
2025-05-14T21:00:00.000Z,1.08835,1.09075,1.08685,1.09038,5807
2025-05-15T01:00:00.000Z,1.09036,1.09212,1.08954,1.09145,12015
2025-05-15T05:00:00.000Z,1.09147,1.09159,1.0893,1.0898,12707
2025-05-15T09:00:00.000Z,1.08982,1.09183,1.08944,1.09057,11947
2025-05-15T13:00:00.000Z,1.09057,1.09136,1.08993,1.09041,15554
2025-05-15T17:00:00.000Z,1.09042,1.09097,1.08988,1.09004,6817
2025-05-15T21:00:00.000Z,1.08873,1.09089,1.08835,1.09042,5731
2025-05-16T01:00:00.000Z,1.09042,1.09137,1.08782,1.08813,10097
2025-05-16T05:00:00.000Z,1.08813,1.08838,1.08632,1.08786,10544
2025-05-16T09:00:00.000Z,1.08787,1.088,1.0871,1.08774,9976
2025-05-16T13:00:00.000Z,1.08776,1.08959,1.0875,1.08921,13006
2025-05-16T17:00:00.000Z,1.08921,1.08994,1.08828,1.08833,6542
2025-05-18T21:00:00.000Z,1.08661,1.08896,1.08661,1.08843,6935
2025-05-19T01:00:00.000Z,1.08843,1.08898,1.08707,1.08843,9490
2025-05-19T05:00:00.000Z,1.08843,1.09054,1.08713,1.09051,12482
2025-05-19T09:00:00.000Z,1.09054,1.09085,1.08951,1.09028,13044
2025-05-19T13:00:00.000Z,1.09026,1.09054,1.08945,1.08972,14984
2025-05-19T17:00:00.000Z,1.08975,1.09006,1.08863,1.0887,6120
2025-05-19T21:00:00.000Z,1.0882,1.08921,1.08794,1.0884,4008
2025-05-20T01:00:00.000Z,1.0884,1.08921,1.08512,1.08538,10422
2025-05-20T05:00:00.000Z,1.08536,1.0858,1.08316,1.08432,14537
2025-05-20T09:00:00.000Z,1.0843,1.08565,1.08383,1.084,10901
2025-05-20T13:00:00.000Z,1.084,1.08469,1.08275,1.08439,14455
2025-05-20T17:00:00.000Z,1.08437,1.08479,1.08405,1.08424,7770
2025-05-20T21:00:00.000Z,1.08291,1.08434,1.08224,1.08423,5495
2025-05-21T01:00:00.000Z,1.08423,1.08511,1.08364,1.08429,10780
2025-05-21T05:00:00.000Z,1.08429,1.08656,1.08397,1.08621,14201
2025-05-21T09:00:00.000Z,1.08625,1.08672,1.08399,1.08471,13319
2025-05-21T13:00:00.000Z,1.0847,1.0849,1.08362,1.08388,15825
2025-05-21T17:00:00.000Z,1.08388,1.08398,1.08275,1.08358,11908
2025-05-21T21:00:00.000Z,1.08229,1.08523,1.08107,1.08522,6403
2025-05-22T01:00:00.000Z,1.08518,1.0878,1.08428,1.0875,10624
2025-05-22T05:00:00.000Z,1.08747,1.08819,1.08689,1.0874,13591
2025-05-22T09:00:00.000Z,1.0874,1.08827,1.08666,1.08677,13214
2025-05-22T13:00:00.000Z,1.08678,1.0873,1.08577,1.08594,16003
2025-05-22T17:00:00.000Z,1.08596,1.08697,1.08582,1.08664,8258
2025-05-22T21:00:00.000Z,1.08573,1.08721,1.08493,1.08691,5264
2025-05-23T01:00:00.000Z,1.08691,1.08834,1.08681,1.0875,8465
2025-05-23T05:00:00.000Z,1.08748,1.08767,1.08536,1.08581,11310
2025-05-23T09:00:00.000Z,1.08581,1.08582,1.08182,1.0834,16744
2025-05-23T13:00:00.000Z,1.0834,1.0846,1.08305,1.0845,16518
2025-05-23T17:00:00.000Z,1.0845,1.08531,1.08449,1.0851,7133
2025-05-25T21:00:00.000Z,1.08291,1.08563,1.08263,1.08498,8270
2025-05-26T01:00:00.000Z,1.08496,1.0856,1.08247,1.08278,10929
2025-05-26T05:00:00.000Z,1.08278,1.08387,1.08164,1.0821,10814
2025-05-26T09:00:00.000Z,1.0821,1.08258,1.08137,1.08178,8484
2025-05-26T13:00:00.000Z,1.08178,1.08202,1.08074,1.0809,7519
2025-05-26T17:00:00.000Z,1.08084,1.08147,1.08026,1.08147,4160
2025-05-26T21:00:00.000Z,1.07993,1.0816,1.07953,1.08134,5561
2025-05-27T01:00:00.000Z,1.08134,1.08246,1.08116,1.08232,9282
2025-05-27T05:00:00.000Z,1.08233,1.08289,1.08053,1.08221,14406
2025-05-27T09:00:00.000Z,1.08221,1.0832,1.08152,1.08156,11036
2025-05-27T13:00:00.000Z,1.08155,1.08355,1.0814,1.08321,13533
2025-05-27T17:00:00.000Z,1.08319,1.08379,1.08287,1.08307,7177
2025-05-27T21:00:00.000Z,1.08195,1.08503,1.07923,1.08458,5022
2025-05-28T01:00:00.000Z,1.08457,1.08502,1.07784,1.08036,13262
2025-05-28T05:00:00.000Z,1.08036,1.08152,1.07803,1.07894,12094
2025-05-28T09:00:00.000Z,1.07894,1.07961,1.07815,1.07816,10585
2025-05-28T13:00:00.000Z,1.07816,1.07861,1.07665,1.07806,15204
2025-05-28T17:00:00.000Z,1.07806,1.07845,1.07691,1.07704,7985
2025-05-28T21:00:00.000Z,1.07509,1.07866,1.07509,1.07836,10614
2025-05-29T01:00:00.000Z,1.07835,1.08226,1.07831,1.0821,13162
2025-05-29T05:00:00.000Z,1.0821,1.08235,1.07959,1.07991,12775
2025-05-29T09:00:00.000Z,1.07992,1.07994,1.07787,1.07805,13609
2025-05-29T13:00:00.000Z,1.07806,1.07839,1.07713,1.07803,16696
2025-05-29T17:00:00.000Z,1.07803,1.07993,1.07771,1.07905,8760
2025-05-29T21:00:00.000Z,1.07855,1.07979,1.07493,1.0774,7348
2025-05-30T01:00:00.000Z,1.0774,1.07779,1.07603,1.07697,11483
2025-05-30T05:00:00.000Z,1.07697,1.07791,1.07604,1.07789,11922
2025-05-30T09:00:00.000Z,1.0779,1.07819,1.0761,1.07747,13329
2025-05-30T13:00:00.000Z,1.07749,1.07844,1.07692,1.07758,18096
2025-05-30T17:00:00.000Z,1.07762,1.07887,1.07719,1.07781,8865
2025-06-01T21:00:00.000Z,1.07735,1.07911,1.07574,1.07715,6427
2025-06-02T01:00:00.000Z,1.07715,1.07746,1.07575,1.07673,10287
2025-06-02T05:00:00.000Z,1.07673,1.07745,1.07611,1.07696,12351
2025-06-02T09:00:00.000Z,1.07696,1.07799,1.07643,1.07794,11819
2025-06-02T13:00:00.000Z,1.07792,1.07827,1.07544,1.07675,16309
2025-06-02T17:00:00.000Z,1.07678,1.0768,1.07494,1.07592,7337
2025-06-02T21:00:00.000Z,1.07474,1.07618,1.07267,1.07283,4826
2025-06-03T01:00:00.000Z,1.07281,1.0759,1.07256,1.07508,10787
2025-06-03T05:00:00.000Z,1.0751,1.07731,1.0746,1.07608,12128
2025-06-03T09:00:00.000Z,1.07605,1.07705,1.07514,1.07632,11395
2025-06-03T13:00:00.000Z,1.07632,1.07747,1.07457,1.07671,15348
2025-06-03T17:00:00.000Z,1.07673,1.07761,1.07657,1.07745,6995
2025-06-03T21:00:00.000Z,1.07541,1.07761,1.07508,1.07632,4694
2025-06-04T01:00:00.000Z,1.07632,1.07806,1.07508,1.07663,10448
2025-06-04T05:00:00.000Z,1.07663,1.07714,1.07595,1.07669,11116
2025-06-04T09:00:00.000Z,1.07669,1.07848,1.07646,1.0779,11529
2025-06-04T13:00:00.000Z,1.0779,1.0786,1.07665,1.0772,14800
2025-06-04T17:00:00.000Z,1.0772,1.07743,1.07678,1.0772,6990
2025-06-04T21:00:00.000Z,1.07541,1.07735,1.07495,1.07708,4866
2025-06-05T01:00:00.000Z,1.07708,1.07757,1.07503,1.07635,9928
2025-06-05T05:00:00.000Z,1.07635,1.07734,1.07601,1.07684,9836
2025-06-05T09:00:00.000Z,1.07686,1.0769,1.07547,1.07641,12966
2025-06-05T13:00:00.000Z,1.0764,1.07833,1.07505,1.07774,18975
2025-06-05T17:00:00.000Z,1.07772,1.07809,1.07723,1.07772,9241
2025-06-05T21:00:00.000Z,1.07695,1.0779,1.07656,1.07707,5163
2025-06-06T01:00:00.000Z,1.07707,1.07747,1.07501,1.07524,9081
2025-06-06T05:00:00.000Z,1.07522,1.07693,1.07521,1.07688,10240
2025-06-06T09:00:00.000Z,1.0769,1.07771,1.07473,1.07752,12827
2025-06-06T13:00:00.000Z,1.07754,1.0796,1.07752,1.07954,18142
2025-06-06T17:00:00.000Z,1.07956,1.07962,1.07871,1.07879,7311
2025-06-08T21:00:00.000Z,1.07929,1.08018,1.07799,1.07989,5137
2025-06-09T01:00:00.000Z,1.07991,1.07995,1.0783,1.07911,8792
2025-06-09T05:00:00.000Z,1.07911,1.07958,1.07689,1.07731,9318
2025-06-09T09:00:00.000Z,1.07731,1.07827,1.07674,1.07807,9850
2025-06-09T13:00:00.000Z,1.07809,1.07877,1.07728,1.0776,11579
2025-06-09T17:00:00.000Z,1.0776,1.07787,1.07706,1.07734,6064
2025-06-09T21:00:00.000Z,1.07577,1.07782,1.07549,1.07659,5127
2025-06-10T01:00:00.000Z,1.07661,1.07968,1.07656,1.07792,11405
2025-06-10T05:00:00.000Z,1.07792,1.07796,1.07602,1.07774,14913
2025-06-10T09:00:00.000Z,1.07777,1.07825,1.07667,1.07755,10392
2025-06-10T13:00:00.000Z,1.07757,1.07948,1.07755,1.0791,12745
2025-06-10T17:00:00.000Z,1.07911,1.07928,1.07761,1.07774,6876
2025-06-10T21:00:00.000Z,1.07675,1.07807,1.07623,1.07708,6161
2025-06-11T01:00:00.000Z,1.07707,1.07944,1.0769,1.07907,9329
2025-06-11T05:00:00.000Z,1.0791,1.0804,1.07889,1.07905,9179
2025-06-11T09:00:00.000Z,1.07908,1.07996,1.07702,1.07874,12757
2025-06-11T13:00:00.000Z,1.07872,1.07971,1.07797,1.07932,14784
2025-06-11T17:00:00.000Z,1.0793,1.07945,1.07785,1.0783,8369
2025-06-11T21:00:00.000Z,1.07682,1.07868,1.07678,1.07787,6481
2025-06-12T01:00:00.000Z,1.07787,1.07841,1.07627,1.07637,11399
2025-06-12T05:00:00.000Z,1.07637,1.07877,1.07605,1.07742,12948
2025-06-12T09:00:00.000Z,1.07742,1.07762,1.07481,1.07634,14786
2025-06-12T13:00:00.000Z,1.07631,1.07691,1.07588,1.07675,15264
2025-06-12T17:00:00.000Z,1.07677,1.07707,1.07613,1.07632,6262
2025-06-12T21:00:00.000Z,1.07557,1.07731,1.07507,1.0769,10799
2025-06-13T01:00:00.000Z,1.0769,1.07701,1.07447,1.07678,17816
2025-06-13T05:00:00.000Z,1.07678,1.07834,1.0762,1.0781,16052
2025-06-13T09:00:00.000Z,1.0781,1.07883,1.07768,1.07831,13895
2025-06-13T13:00:00.000Z,1.07829,1.07918,1.07704,1.07874,14789
2025-06-13T17:00:00.000Z,1.07874,1.07893,1.07761,1.07779,11087
2025-06-15T21:00:00.000Z,1.07657,1.07956,1.07612,1.07758,12745
2025-06-16T01:00:00.000Z,1.07764,1.07797,1.07595,1.07734,13719
2025-06-16T05:00:00.000Z,1.07731,1.07942,1.07707,1.07837,12656
2025-06-16T09:00:00.000Z,1.07839,1.07862,1.07718,1.07731,10621
2025-06-16T13:00:00.000Z,1.07731,1.07756,1.07597,1.07677,15720
2025-06-16T17:00:00.000Z,1.07677,1.07727,1.07611,1.07613,8279
2025-06-16T21:00:00.000Z,1.07515,1.07687,1.07451,1.07608,9137
2025-06-17T01:00:00.000Z,1.07608,1.07713,1.0758,1.07709,12602
2025-06-17T05:00:00.000Z,1.07709,1.07791,1.07646,1.07679,12994
2025-06-17T09:00:00.000Z,1.07679,1.07705,1.07548,1.0761,12070
2025-06-17T13:00:00.000Z,1.07608,1.07677,1.07545,1.07573,16841
2025-06-17T17:00:00.000Z,1.07571,1.0768,1.07551,1.07653,12323
2025-06-17T21:00:00.000Z,1.07479,1.07755,1.07231,1.07673,7787
2025-06-18T01:00:00.000Z,1.07669,1.0779,1.07624,1.07776,11568
2025-06-18T05:00:00.000Z,1.07776,1.07862,1.0772,1.07817,11526
2025-06-18T09:00:00.000Z,1.07817,1.07882,1.07775,1.07836,10845
2025-06-18T13:00:00.000Z,1.07835,1.07894,1.07814,1.07886,16711
2025-06-18T17:00:00.000Z,1.07883,1.07971,1.07684,1.07953,17830
2025-06-18T21:00:00.000Z,1.07685,1.07972,1.07659,1.07952,6577
2025-06-19T01:00:00.000Z,1.07952,1.08296,1.07867,1.08209,13018
2025-06-19T05:00:00.000Z,1.08209,1.08356,1.08183,1.08187,13696
2025-06-19T09:00:00.000Z,1.08187,1.08269,1.08121,1.08197,11308
2025-06-19T13:00:00.000Z,1.08194,1.08223,1.08102,1.08155,10888
2025-06-19T17:00:00.000Z,1.08155,1.08176,1.08084,1.08126,4171
2025-06-19T21:00:00.000Z,1.07991,1.0815,1.07869,1.08061,6275
2025-06-20T01:00:00.000Z,1.08061,1.08214,1.08035,1.08101,10641
2025-06-20T05:00:00.000Z,1.08099,1.08216,1.07991,1.08205,11117
2025-06-20T09:00:00.000Z,1.08206,1.08327,1.0819,1.08297,10532
2025-06-20T13:00:00.000Z,1.083,1.0833,1.08085,1.08105,14566
2025-06-20T17:00:00.000Z,1.08103,1.08136,1.08054,1.081,8208
2025-06-22T21:00:00.000Z,1.07944,1.08282,1.07437,1.08111,10791
2025-06-23T01:00:00.000Z,1.08111,1.08184,1.07958,1.08156,13762
2025-06-23T05:00:00.000Z,1.08162,1.08393,1.08153,1.08259,14415
2025-06-23T09:00:00.000Z,1.08262,1.08377,1.08246,1.08366,14449
2025-06-23T13:00:00.000Z,1.08364,1.08407,1.08052,1.08092,19230
2025-06-23T17:00:00.000Z,1.08092,1.08147,1.08023,1.08051,11314
2025-06-23T21:00:00.000Z,1.08009,1.08138,1.0792,1.0805,8838
2025-06-24T01:00:00.000Z,1.08048,1.08131,1.0797,1.07986,12178
2025-06-24T05:00:00.000Z,1.07984,1.08052,1.07912,1.07968,15270
2025-06-24T09:00:00.000Z,1.07968,1.07969,1.07865,1.07958,11661
2025-06-24T13:00:00.000Z,1.07958,1.08082,1.07901,1.08049,16186
2025-06-24T17:00:00.000Z,1.08049,1.08093,1.08006,1.08012,7259
2025-06-24T21:00:00.000Z,1.07961,1.08059,1.07938,1.07949,4920
2025-06-25T01:00:00.000Z,1.07951,1.08008,1.07689,1.07799,10273
2025-06-25T05:00:00.000Z,1.078,1.07911,1.07727,1.07841,11555
2025-06-25T09:00:00.000Z,1.07841,1.07957,1.07839,1.07943,9888
2025-06-25T13:00:00.000Z,1.07942,1.0797,1.07748,1.07874,12765
2025-06-25T17:00:00.000Z,1.07872,1.07875,1.07787,1.07822,7718
2025-06-25T21:00:00.000Z,1.07681,1.0782,1.07637,1.07787,5618
2025-06-26T01:00:00.000Z,1.07787,1.07979,1.07722,1.07817,11760
2025-06-26T05:00:00.000Z,1.07817,1.07966,1.0781,1.07842,13675
2025-06-26T09:00:00.000Z,1.07839,1.08011,1.07805,1.08,13239
2025-06-26T13:00:00.000Z,1.08001,1.08061,1.07938,1.08024,17134
2025-06-26T17:00:00.000Z,1.08024,1.08075,1.07986,1.08054,8158
2025-06-26T21:00:00.000Z,1.08001,1.08294,1.07855,1.08025,5135
2025-06-27T01:00:00.000Z,1.08025,1.08041,1.07897,1.07961,10621
2025-06-27T05:00:00.000Z,1.07957,1.07992,1.07863,1.07889,11403
2025-06-27T09:00:00.000Z,1.07883,1.07924,1.07805,1.07829,12002
2025-06-27T13:00:00.000Z,1.07829,1.07886,1.07725,1.07778,14647
2025-06-27T17:00:00.000Z,1.07777,1.07825,1.07747,1.07784,10306
2025-06-29T21:00:00.000Z,1.07899,1.07899,1.0767,1.07676,7067
2025-06-30T01:00:00.000Z,1.07678,1.07749,1.07634,1.07719,10417
2025-06-30T05:00:00.000Z,1.07719,1.07746,1.07612,1.07719,12320
2025-06-30T09:00:00.000Z,1.07719,1.0779,1.07663,1.07784,9852
2025-06-30T13:00:00.000Z,1.07782,1.07975,1.07752,1.07916,14903
2025-06-30T17:00:00.000Z,1.07916,1.07974,1.07905,1.07931,7282
2025-06-30T21:00:00.000Z,1.07814,1.08082,1.07786,1.07917,4486
2025-07-01T01:00:00.000Z,1.07918,1.07929,1.07834,1.07869,8979
2025-07-01T05:00:00.000Z,1.07869,1.07878,1.07678,1.07706,11830
2025-07-01T09:00:00.000Z,1.07708,1.07764,1.07656,1.0775,11690
2025-07-01T13:00:00.000Z,1.07752,1.07975,1.07675,1.07951,16777
2025-07-01T17:00:00.000Z,1.07949,1.07959,1.07891,1.07918,6925
2025-07-01T21:00:00.000Z,1.07616,1.07913,1.07616,1.07801,4353
2025-07-02T01:00:00.000Z,1.07801,1.07863,1.07751,1.07824,8497
2025-07-02T05:00:00.000Z,1.07824,1.08045,1.07821,1.08032,9934
2025-07-02T09:00:00.000Z,1.08032,1.082,1.0801,1.08188,12808
2025-07-02T13:00:00.000Z,1.08188,1.08213,1.08105,1.08155,15130
2025-07-02T17:00:00.000Z,1.0815,1.08188,1.08028,1.08146,7973
2025-07-02T21:00:00.000Z,1.08023,1.08148,1.07913,1.08055,4883
2025-07-03T01:00:00.000Z,1.08055,1.08249,1.08055,1.0823,7770
2025-07-03T05:00:00.000Z,1.0823,1.08289,1.08177,1.08232,10113
2025-07-03T09:00:00.000Z,1.0823,1.08408,1.08161,1.08352,12740
2025-07-03T13:00:00.000Z,1.08352,1.08452,1.08158,1.08298,17554
2025-07-03T17:00:00.000Z,1.08295,1.08332,1.08219,1.08239,4096
2025-07-03T21:00:00.000Z,1.08222,1.08276,1.08078,1.08167,4329
2025-07-04T01:00:00.000Z,1.08167,1.08277,1.0814,1.08216,8813
2025-07-04T05:00:00.000Z,1.08216,1.08255,1.08093,1.0813,11088
2025-07-04T09:00:00.000Z,1.08128,1.0818,1.081,1.08136,10418
2025-07-04T13:00:00.000Z,1.08136,1.08222,1.08099,1.0818,8841
2025-07-04T17:00:00.000Z,1.08182,1.0822,1.08013,1.08047,21645
2025-07-06T21:00:00.000Z,1.0808,1.08285,1.07964,1.08255,5914
2025-07-07T01:00:00.000Z,1.08252,1.08297,1.08155,1.08221,11705
2025-07-07T05:00:00.000Z,1.08221,1.08341,1.08158,1.08321,13200
2025-07-07T09:00:00.000Z,1.08324,1.08443,1.08255,1.08419,10895
2025-07-07T13:00:00.000Z,1.08419,1.08444,1.08268,1.08281,13505
2025-07-07T17:00:00.000Z,1.08283,1.08313,1.08242,1.08283,10150
2025-07-07T21:00:00.000Z,1.08128,1.08375,1.07994,1.08357,5546
2025-07-08T01:00:00.000Z,1.08357,1.08707,1.08246,1.08699,11117
2025-07-08T05:00:00.000Z,1.08697,1.08756,1.08553,1.08668,14142
2025-07-08T09:00:00.000Z,1.08668,1.08851,1.08649,1.08833,10982
2025-07-08T13:00:00.000Z,1.08833,1.0891,1.08719,1.08837,17538
2025-07-08T17:00:00.000Z,1.08833,1.08876,1.08772,1.08842,10311
2025-07-08T21:00:00.000Z,1.08802,1.08981,1.08679,1.08922,5171
2025-07-09T01:00:00.000Z,1.08922,1.08999,1.08673,1.08899,11846
2025-07-09T05:00:00.000Z,1.08897,1.09011,1.08806,1.08832,13406
2025-07-09T09:00:00.000Z,1.08831,1.08997,1.08826,1.08968,10632
2025-07-09T13:00:00.000Z,1.08971,1.09034,1.08947,1.09011,13040
2025-07-09T17:00:00.000Z,1.09011,1.09045,1.08887,1.08933,6765
2025-07-09T21:00:00.000Z,1.08742,1.08981,1.08668,1.08947,5334
2025-07-10T01:00:00.000Z,1.08945,1.09026,1.08908,1.08948,6995
2025-07-10T05:00:00.000Z,1.08948,1.09047,1.08938,1.09038,8460
2025-07-10T09:00:00.000Z,1.09038,1.0905,1.08911,1.09041,8136
2025-07-10T13:00:00.000Z,1.09041,1.09209,1.08997,1.09162,13372
2025-07-10T17:00:00.000Z,1.09162,1.09246,1.09136,1.09171,6583
2025-07-10T21:00:00.000Z,1.08898,1.09198,1.08898,1.09146,7694
2025-07-11T01:00:00.000Z,1.09147,1.09377,1.09128,1.09328,10972
2025-07-11T05:00:00.000Z,1.09326,1.09456,1.09294,1.09322,11998
2025-07-11T09:00:00.000Z,1.09323,1.09438,1.09309,1.09412,10860
2025-07-11T13:00:00.000Z,1.09413,1.09537,1.09396,1.09517,14570
2025-07-11T17:00:00.000Z,1.09517,1.0953,1.09437,1.0945,6817
2025-07-13T21:00:00.000Z,1.09128,1.09578,1.09073,1.0955,6669
2025-07-14T01:00:00.000Z,1.0955,1.09725,1.09547,1.09702,9788
2025-07-14T05:00:00.000Z,1.09702,1.0973,1.09611,1.09638,9985
2025-07-14T09:00:00.000Z,1.09638,1.09663,1.09567,1.0958,8061
2025-07-14T13:00:00.000Z,1.0958,1.09692,1.09575,1.09608,12140
2025-07-14T17:00:00.000Z,1.09604,1.09612,1.09542,1.09561,5585
2025-07-14T21:00:00.000Z,1.0949,1.09603,1.09424,1.09536,4290
2025-07-15T01:00:00.000Z,1.09537,1.09547,1.09444,1.09487,8577
2025-07-15T05:00:00.000Z,1.09487,1.0957,1.09447,1.09501,9296
2025-07-15T09:00:00.000Z,1.09501,1.09565,1.09387,1.09536,10469
2025-07-15T13:00:00.000Z,1.09536,1.09632,1.09534,1.09538,17660
2025-07-15T17:00:00.000Z,1.09538,1.09616,1.09528,1.09582,7240
2025-07-15T21:00:00.000Z,1.09455,1.09573,1.094,1.09483,4113
2025-07-16T01:00:00.000Z,1.09483,1.09733,1.09471,1.09682,7717
2025-07-16T05:00:00.000Z,1.09684,1.09764,1.09606,1.0974,9694
2025-07-16T09:00:00.000Z,1.09741,1.09789,1.0957,1.09738,10039
2025-07-16T13:00:00.000Z,1.0974,1.09897,1.09709,1.0978,23599
2025-07-16T17:00:00.000Z,1.0978,1.09812,1.09737,1.09747,8505
2025-07-16T21:00:00.000Z,1.09717,1.098,1.09588,1.09765,4593
2025-07-17T01:00:00.000Z,1.09763,1.09789,1.09377,1.09483,11245
2025-07-17T05:00:00.000Z,1.09483,1.09503,1.09221,1.09233,12696
2025-07-17T09:00:00.000Z,1.09231,1.09321,1.09202,1.09318,10426
2025-07-17T13:00:00.000Z,1.0932,1.09435,1.09273,1.09421,12890
2025-07-17T17:00:00.000Z,1.09421,1.09485,1.09359,1.09366,6670
2025-07-17T21:00:00.000Z,1.09249,1.09403,1.09129,1.09282,4774
2025-07-18T01:00:00.000Z,1.09284,1.09301,1.0915,1.09152,7998
2025-07-18T05:00:00.000Z,1.0915,1.09306,1.0915,1.09268,9356
2025-07-18T09:00:00.000Z,1.09267,1.09272,1.09155,1.09236,8912
2025-07-18T13:00:00.000Z,1.09238,1.09243,1.09113,1.09155,12507
2025-07-18T17:00:00.000Z,1.09157,1.09173,1.09099,1.09138,6151
2025-07-20T21:00:00.000Z,1.0894,1.09492,1.0894,1.09456,6206
2025-07-21T01:00:00.000Z,1.09455,1.09495,1.09327,1.09357,7393
2025-07-21T05:00:00.000Z,1.09357,1.09359,1.09222,1.09273,10650
2025-07-21T09:00:00.000Z,1.09273,1.09345,1.09196,1.09238,9095
2025-07-21T13:00:00.000Z,1.09238,1.09268,1.092,1.09233,10757
2025-07-21T17:00:00.000Z,1.09233,1.09305,1.09209,1.09291,4932
2025-07-21T21:00:00.000Z,1.09104,1.09429,1.09062,1.0935,3783
2025-07-22T01:00:00.000Z,1.09348,1.09437,1.09291,1.09371,7698
2025-07-22T05:00:00.000Z,1.09371,1.0958,1.09361,1.0951,10181
2025-07-22T09:00:00.000Z,1.0951,1.0952,1.09382,1.09412,10053
2025-07-22T13:00:00.000Z,1.09412,1.09462,1.09178,1.09184,15645
2025-07-22T17:00:00.000Z,1.09188,1.09214,1.09161,1.092,6274
2025-07-22T21:00:00.000Z,1.0919,1.0939,1.0908,1.09174,6315
2025-07-23T01:00:00.000Z,1.09174,1.09305,1.0912,1.09162,10302
2025-07-23T05:00:00.000Z,1.09162,1.09177,1.09027,1.09138,12104
2025-07-23T09:00:00.000Z,1.09136,1.09216,1.09044,1.09174,10436
2025-07-23T13:00:00.000Z,1.09174,1.09208,1.09061,1.09189,14720
2025-07-23T17:00:00.000Z,1.09187,1.09214,1.09117,1.09193,6997
2025-07-23T21:00:00.000Z,1.09129,1.09224,1.09041,1.09192,4819
2025-07-24T01:00:00.000Z,1.09192,1.0934,1.09117,1.09325,10038
2025-07-24T05:00:00.000Z,1.09325,1.09372,1.09273,1.09313,11877
2025-07-24T09:00:00.000Z,1.09311,1.09379,1.09274,1.09301,10662
2025-07-24T13:00:00.000Z,1.09301,1.09333,1.09223,1.09228,15081
2025-07-24T17:00:00.000Z,1.09228,1.09306,1.09213,1.09286,6182
2025-07-24T21:00:00.000Z,1.09137,1.09325,1.08979,1.09264,3976
2025-07-25T01:00:00.000Z,1.09264,1.09303,1.09143,1.09145,8977
2025-07-25T05:00:00.000Z,1.09145,1.09327,1.09114,1.09277,12482
2025-07-25T09:00:00.000Z,1.09277,1.09287,1.09158,1.0924,9880
2025-07-25T13:00:00.000Z,1.0924,1.09248,1.09119,1.09147,15633
2025-07-25T17:00:00.000Z,1.09144,1.0917,1.09081,1.09115,5766
2025-07-27T21:00:00.000Z,1.09204,1.09217,1.09104,1.09192,6206
2025-07-28T01:00:00.000Z,1.09195,1.09262,1.09132,1.09241,9622
2025-07-28T05:00:00.000Z,1.09243,1.09251,1.09101,1.09145,13881
2025-07-28T09:00:00.000Z,1.09145,1.09228,1.09119,1.09164,14132
2025-07-28T13:00:00.000Z,1.09166,1.09183,1.09076,1.09123,14808
2025-07-28T17:00:00.000Z,1.09123,1.09211,1.09115,1.09204,6634
2025-07-28T21:00:00.000Z,1.09063,1.0924,1.09003,1.09227,3870
2025-07-29T01:00:00.000Z,1.09228,1.09303,1.09179,1.09282,8260
2025-07-29T05:00:00.000Z,1.09282,1.09349,1.0922,1.09307,13185
2025-07-29T09:00:00.000Z,1.09307,1.09372,1.09247,1.09289,11752
2025-07-29T13:00:00.000Z,1.09289,1.09384,1.09249,1.09355,15892
2025-07-29T17:00:00.000Z,1.09355,1.09384,1.09312,1.09318,8665
2025-07-29T21:00:00.000Z,1.09278,1.09388,1.09218,1.09356,4766
2025-07-30T01:00:00.000Z,1.09357,1.09366,1.09089,1.09221,11006
2025-07-30T05:00:00.000Z,1.09221,1.09254,1.09109,1.09119,12296
2025-07-30T09:00:00.000Z,1.09119,1.09167,1.09043,1.09111,12693
2025-07-30T13:00:00.000Z,1.09111,1.09184,1.09061,1.09138,14788
2025-07-30T17:00:00.000Z,1.09137,1.092,1.08976,1.091,18030
2025-07-30T21:00:00.000Z,1.09057,1.09165,1.08993,1.09083,6255
2025-07-31T01:00:00.000Z,1.09082,1.09231,1.0904,1.09135,11663
2025-07-31T05:00:00.000Z,1.09135,1.09224,1.09036,1.09192,13851
2025-07-31T09:00:00.000Z,1.09192,1.09218,1.09046,1.09129,11988
2025-07-31T13:00:00.000Z,1.09129,1.0921,1.0904,1.09085,16819
2025-07-31T17:00:00.000Z,1.09085,1.09123,1.09055,1.09078,10589
2025-07-31T21:00:00.000Z,1.08899,1.09231,1.08899,1.09181,7178
2025-08-01T01:00:00.000Z,1.09183,1.09437,1.09161,1.09419,10915
2025-08-01T05:00:00.000Z,1.09419,1.09598,1.0939,1.09514,11334
2025-08-01T09:00:00.000Z,1.09514,1.09645,1.09352,1.09452,13939
2025-08-01T13:00:00.000Z,1.09452,1.09547,1.09297,1.09301,25375
2025-08-01T17:00:00.000Z,1.09299,1.09367,1.09226,1.09287,14314
2025-08-03T21:00:00.000Z,1.09223,1.09538,1.09116,1.09518,9339
2025-08-04T01:00:00.000Z,1.09516,1.09598,1.09462,1.09589,11453
2025-08-04T05:00:00.000Z,1.09589,1.09663,1.09553,1.09578,12828
2025-08-04T09:00:00.000Z,1.09578,1.09612,1.0945,1.09495,11798
2025-08-04T13:00:00.000Z,1.09495,1.09513,1.09403,1.09464,15399
2025-08-04T17:00:00.000Z,1.09464,1.09513,1.0945,1.09481,7727
2025-08-04T21:00:00.000Z,1.09387,1.09509,1.09343,1.09442,6640
2025-08-05T01:00:00.000Z,1.09441,1.09583,1.09401,1.09572,9237
2025-08-05T05:00:00.000Z,1.09572,1.09703,1.09547,1.09609,12217
2025-08-05T09:00:00.000Z,1.09609,1.09734,1.09561,1.09728,11539
2025-08-05T13:00:00.000Z,1.0973,1.09747,1.09573,1.0974,16630
2025-08-05T17:00:00.000Z,1.0974,1.09779,1.09672,1.09672,8016
2025-08-05T21:00:00.000Z,1.09491,1.09807,1.09396,1.0957,6369
2025-08-06T01:00:00.000Z,1.0957,1.09621,1.09525,1.09584,7853
2025-08-06T05:00:00.000Z,1.09586,1.09676,1.09572,1.09656,9649
2025-08-06T09:00:00.000Z,1.09658,1.09681,1.09596,1.0961,10614
2025-08-06T13:00:00.000Z,1.09608,1.09645,1.09513,1.09567,14198
2025-08-06T17:00:00.000Z,1.09567,1.09668,1.09529,1.09666,8316
2025-08-06T21:00:00.000Z,1.09543,1.09694,1.09496,1.09584,5348
2025-08-07T01:00:00.000Z,1.09583,1.09624,1.09478,1.09532,8722
2025-08-07T05:00:00.000Z,1.09533,1.09662,1.09456,1.0962,11890
2025-08-07T09:00:00.000Z,1.09621,1.09656,1.09511,1.0957,12459
2025-08-07T13:00:00.000Z,1.0957,1.09575,1.0934,1.09354,16273
2025-08-07T17:00:00.000Z,1.09356,1.09436,1.09329,1.09413,10840
2025-08-07T21:00:00.000Z,1.09332,1.09455,1.09179,1.09359,6072
2025-08-08T01:00:00.000Z,1.09359,1.09453,1.09305,1.0945,8341
2025-08-08T05:00:00.000Z,1.0945,1.09533,1.09403,1.09524,10231
2025-08-08T09:00:00.000Z,1.09524,1.09551,1.09471,1.09476,10036
2025-08-08T13:00:00.000Z,1.09476,1.09653,1.09455,1.09632,11258
2025-08-08T17:00:00.000Z,1.09632,1.09638,1.09485,1.09514,7003
2025-08-10T21:00:00.000Z,1.09275,1.09609,1.09259,1.09571,5102
2025-08-11T01:00:00.000Z,1.09568,1.09616,1.09508,1.09614,8161
2025-08-11T05:00:00.000Z,1.09614,1.09709,1.09576,1.09674,9228
2025-08-11T09:00:00.000Z,1.09674,1.09779,1.0966,1.09712,9792
2025-08-11T13:00:00.000Z,1.09712,1.09752,1.09676,1.09735,12089
2025-08-11T17:00:00.000Z,1.09735,1.09747,1.09656,1.09665,7010
2025-08-11T21:00:00.000Z,1.09569,1.09748,1.09546,1.09685,5134
2025-08-12T01:00:00.000Z,1.09685,1.09827,1.09614,1.09699,10061
2025-08-12T05:00:00.000Z,1.097,1.09716,1.09545,1.09626,14663
2025-08-12T09:00:00.000Z,1.09626,1.09671,1.09374,1.09568,15889
2025-08-12T13:00:00.000Z,1.09568,1.09676,1.09549,1.09652,26238
2025-08-12T17:00:00.000Z,1.09647,1.09686,1.0963,1.0964,7400
2025-08-12T21:00:00.000Z,1.09572,1.09668,1.0945,1.09623,5559
2025-08-13T01:00:00.000Z,1.09623,1.0967,1.09547,1.09626,9030
2025-08-13T05:00:00.000Z,1.09624,1.09653,1.09424,1.09461,11737
2025-08-13T09:00:00.000Z,1.0946,1.09493,1.09404,1.09487,10474
2025-08-13T13:00:00.000Z,1.09487,1.09547,1.09461,1.09497,13399
2025-08-13T17:00:00.000Z,1.09497,1.09552,1.09493,1.09538,6108
2025-08-13T21:00:00.000Z,1.09515,1.09561,1.09318,1.09507,5547
2025-08-14T01:00:00.000Z,1.09507,1.09694,1.09428,1.09587,11583
2025-08-14T05:00:00.000Z,1.09587,1.09768,1.09587,1.09702,14004
2025-08-14T09:00:00.000Z,1.09698,1.0973,1.09504,1.09684,14637
2025-08-14T13:00:00.000Z,1.09683,1.09767,1.09628,1.09721,20470
2025-08-14T17:00:00.000Z,1.09721,1.0982,1.09709,1.09766,7923
2025-08-14T21:00:00.000Z,1.09658,1.09781,1.09517,1.0974,5648
2025-08-15T01:00:00.000Z,1.09742,1.09821,1.09688,1.09789,9717
2025-08-15T05:00:00.000Z,1.09789,1.09898,1.0978,1.09813,9947
2025-08-15T09:00:00.000Z,1.09812,1.09927,1.09783,1.09879,11641
2025-08-15T13:00:00.000Z,1.09879,1.0995,1.09813,1.09851,17552
2025-08-15T17:00:00.000Z,1.09849,1.09885,1.09808,1.09863,6955
2025-08-17T21:00:00.000Z,1.09837,1.09901,1.09744,1.098,5149
2025-08-18T01:00:00.000Z,1.098,1.09899,1.0976,1.09776,8862
2025-08-18T05:00:00.000Z,1.09776,1.09807,1.09659,1.09679,11941
2025-08-18T09:00:00.000Z,1.09678,1.09727,1.09641,1.097,10471
2025-08-18T13:00:00.000Z,1.097,1.09718,1.09593,1.09604,13129
2025-08-18T17:00:00.000Z,1.09606,1.0964,1.09588,1.09611,7136
2025-08-18T21:00:00.000Z,1.09589,1.09691,1.09529,1.09557,6042
2025-08-19T01:00:00.000Z,1.09559,1.09602,1.09481,1.09503,10963
2025-08-19T05:00:00.000Z,1.09504,1.09599,1.09478,1.09558,12477
2025-08-19T09:00:00.000Z,1.09556,1.09598,1.09493,1.09497,10927
2025-08-19T13:00:00.000Z,1.09495,1.09501,1.09383,1.09439,14705
2025-08-19T17:00:00.000Z,1.09437,1.09517,1.09392,1.09515,8107
2025-08-19T21:00:00.000Z,1.09369,1.09524,1.09286,1.09469,6987
2025-08-20T01:00:00.000Z,1.09469,1.10642,1.09417,1.10571,15981
2025-08-20T05:00:00.000Z,1.10563,1.10683,1.10358,1.10364,14117
2025-08-20T09:00:00.000Z,1.10364,1.10466,1.10347,1.10393,11109
2025-08-20T13:00:00.000Z,1.10394,1.10458,1.10282,1.10395,16599
2025-08-20T17:00:00.000Z,1.10397,1.10501,1.10307,1.10481,9664
2025-08-20T21:00:00.000Z,1.10405,1.10551,1.10292,1.10412,6034
2025-08-21T01:00:00.000Z,1.10413,1.10413,1.10281,1.10355,10269
2025-08-21T05:00:00.000Z,1.10355,1.10395,1.10281,1.10298,12543
2025-08-21T09:00:00.000Z,1.103,1.10358,1.10206,1.10307,11903
2025-08-21T13:00:00.000Z,1.10307,1.10446,1.10224,1.10397,19207
2025-08-21T17:00:00.000Z,1.10399,1.10433,1.10329,1.10332,8685
2025-08-21T21:00:00.000Z,1.10267,1.10492,1.10145,1.10485,6313
2025-08-22T01:00:00.000Z,1.10483,1.10555,1.10337,1.10539,10083
2025-08-22T05:00:00.000Z,1.10541,1.10649,1.10508,1.1061,10154
2025-08-22T09:00:00.000Z,1.1061,1.10624,1.10528,1.10538,9283
2025-08-22T13:00:00.000Z,1.10538,1.10686,1.10396,1.10586,28039
2025-08-22T17:00:00.000Z,1.10586,1.10643,1.10571,1.10591,9663
2025-08-24T21:00:00.000Z,1.10413,1.10684,1.10413,1.10553,6950
2025-08-25T01:00:00.000Z,1.10553,1.10663,1.10508,1.10637,9301
2025-08-25T05:00:00.000Z,1.10637,1.10721,1.1059,1.10714,11233
2025-08-25T09:00:00.000Z,1.10714,1.10767,1.10641,1.10698,8410
2025-08-25T13:00:00.000Z,1.10698,1.10813,1.10634,1.10791,13617
2025-08-25T17:00:00.000Z,1.10791,1.10834,1.10781,1.10807,9209
2025-08-25T21:00:00.000Z,1.10497,1.10854,1.10443,1.10836,10201
2025-08-26T01:00:00.000Z,1.10839,1.11054,1.10776,1.10928,12279
2025-08-26T05:00:00.000Z,1.10928,1.10949,1.10784,1.10905,14302
2025-08-26T09:00:00.000Z,1.10905,1.10936,1.10774,1.10788,11206
2025-08-26T13:00:00.000Z,1.10786,1.10867,1.10752,1.10797,14848
2025-08-26T17:00:00.000Z,1.10797,1.10831,1.10769,1.108,7989
2025-08-26T21:00:00.000Z,1.10785,1.10936,1.10529,1.10903,5611
2025-08-27T01:00:00.000Z,1.10905,1.11083,1.1088,1.10954,10694
2025-08-27T05:00:00.000Z,1.10954,1.11058,1.10916,1.11005,11868
2025-08-27T09:00:00.000Z,1.11005,1.11099,1.10969,1.11081,11578
2025-08-27T13:00:00.000Z,1.11081,1.1115,1.11032,1.11047,15840
2025-08-27T17:00:00.000Z,1.11047,1.11091,1.1102,1.11025,9808
2025-08-27T21:00:00.000Z,1.11014,1.11168,1.10911,1.11135,6153
2025-08-28T01:00:00.000Z,1.11135,1.11239,1.1106,1.11108,10281
2025-08-28T05:00:00.000Z,1.11108,1.11168,1.11079,1.11122,11373
2025-08-28T09:00:00.000Z,1.11122,1.11183,1.11111,1.11145,12583
2025-08-28T13:00:00.000Z,1.11145,1.11156,1.10951,1.10973,16276
2025-08-28T17:00:00.000Z,1.10973,1.11003,1.10939,1.10983,6908
2025-08-28T21:00:00.000Z,1.10906,1.1103,1.10878,1.10995,5274
2025-08-29T01:00:00.000Z,1.10995,1.11037,1.1095,1.10975,9433
2025-08-29T05:00:00.000Z,1.10975,1.11004,1.10855,1.10893,10632
2025-08-29T09:00:00.000Z,1.10891,1.10928,1.10845,1.1089,11670
2025-08-29T13:00:00.000Z,1.1089,1.10955,1.10853,1.10917,17273
2025-08-29T17:00:00.000Z,1.10917,1.10947,1.10851,1.10857,7592
2025-08-31T21:00:00.000Z,1.10919,1.11013,1.10781,1.10843,5021
2025-09-01T01:00:00.000Z,1.10843,1.10897,1.10708,1.10883,10420
2025-09-01T05:00:00.000Z,1.10883,1.10984,1.10856,1.10875,11398
2025-09-01T09:00:00.000Z,1.10875,1.11044,1.10863,1.11036,9208
2025-09-01T13:00:00.000Z,1.11037,1.11121,1.11015,1.11052,9353
2025-09-01T17:00:00.000Z,1.11052,1.11081,1.11003,1.11007,5311
2025-09-01T21:00:00.000Z,1.10883,1.11057,1.10775,1.10995,5686
2025-09-02T01:00:00.000Z,1.10995,1.11132,1.10988,1.11084,10369
2025-09-02T05:00:00.000Z,1.11084,1.11199,1.11046,1.11199,17391
2025-09-02T09:00:00.000Z,1.11199,1.1122,1.1104,1.11062,18341
2025-09-02T13:00:00.000Z,1.11062,1.11211,1.11039,1.11167,20909
2025-09-02T17:00:00.000Z,1.11167,1.11211,1.11134,1.11145,10381
2025-09-02T21:00:00.000Z,1.11003,1.11252,1.10961,1.11233,5464
2025-09-03T01:00:00.000Z,1.11233,1.11377,1.11205,1.11253,10334
2025-09-03T05:00:00.000Z,1.11253,1.11352,1.11213,1.11297,13913
2025-09-03T09:00:00.000Z,1.11297,1.1147,1.11286,1.11464,12454
2025-09-03T13:00:00.000Z,1.11464,1.11516,1.11334,1.11404,18759
2025-09-03T17:00:00.000Z,1.11404,1.11418,1.11284,1.11286,9790
2025-09-03T21:00:00.000Z,1.11223,1.11343,1.11153,1.11276,5095
2025-09-04T01:00:00.000Z,1.11276,1.11287,1.11155,1.11233,10676
2025-09-04T05:00:00.000Z,1.11233,1.11282,1.11164,1.11217,11840
2025-09-04T09:00:00.000Z,1.11217,1.11354,1.11173,1.11345,12727
2025-09-04T13:00:00.000Z,1.11345,1.11564,1.11312,1.11545,17304
2025-09-04T17:00:00.000Z,1.11545,1.11555,1.11469,1.11475,8235
2025-09-04T21:00:00.000Z,1.11339,1.11496,1.11219,1.11431,5094
2025-09-05T01:00:00.000Z,1.11431,1.11446,1.11319,1.11396,7297
2025-09-05T05:00:00.000Z,1.11396,1.11441,1.11323,1.11347,9309
2025-09-05T09:00:00.000Z,1.11347,1.11411,1.10877,1.11356,14543
2025-09-05T13:00:00.000Z,1.11355,1.11409,1.11146,1.11232,25017
2025-09-05T17:00:00.000Z,1.1123,1.11273,1.11212,1.1122,10174
2025-09-07T21:00:00.000Z,1.11094,1.11332,1.11084,1.11289,5953
2025-09-08T01:00:00.000Z,1.11292,1.11326,1.11138,1.11202,9625
2025-09-08T05:00:00.000Z,1.112,1.11227,1.11065,1.1115,10536
2025-09-08T09:00:00.000Z,1.11152,1.11173,1.10983,1.11028,8722
2025-09-08T13:00:00.000Z,1.11027,1.11049,1.10892,1.10987,11418
2025-09-08T17:00:00.000Z,1.10989,1.11009,1.10947,1.10964,6853
2025-09-08T21:00:00.000Z,1.10865,1.11027,1.10827,1.10949,4506
2025-09-09T01:00:00.000Z,1.10947,1.11053,1.10947,1.11036,7455
2025-09-09T05:00:00.000Z,1.11038,1.11154,1.10995,1.11116,11284
2025-09-09T09:00:00.000Z,1.11118,1.11126,1.11025,1.11029,8154
2025-09-09T13:00:00.000Z,1.11028,1.11153,1.10969,1.11134,15009
2025-09-09T17:00:00.000Z,1.11133,1.11154,1.11094,1.11107,7045
2025-09-09T21:00:00.000Z,1.10949,1.11152,1.10925,1.11149,4238
2025-09-10T01:00:00.000Z,1.1115,1.11218,1.11099,1.11151,8338
2025-09-10T05:00:00.000Z,1.11151,1.11178,1.11081,1.11128,10317
2025-09-10T09:00:00.000Z,1.11129,1.11249,1.1097,1.11233,10723
2025-09-10T13:00:00.000Z,1.11233,1.11319,1.1119,1.11305,13826
2025-09-10T17:00:00.000Z,1.11306,1.11343,1.11284,1.11314,7283
2025-09-10T21:00:00.000Z,1.11253,1.11393,1.11106,1.11353,3966
2025-09-11T01:00:00.000Z,1.11357,1.11403,1.11294,1.11326,5820
2025-09-11T05:00:00.000Z,1.11325,1.11494,1.11301,1.11477,11052
2025-09-11T09:00:00.000Z,1.11474,1.11499,1.11268,1.11416,13593
2025-09-11T13:00:00.000Z,1.11416,1.11559,1.11394,1.11499,16722
2025-09-11T17:00:00.000Z,1.11501,1.11522,1.11414,1.11429,8345
2025-09-11T21:00:00.000Z,1.11387,1.11583,1.11327,1.11554,4263
2025-09-12T01:00:00.000Z,1.11558,1.11592,1.11464,1.11545,6601
2025-09-12T05:00:00.000Z,1.11545,1.1166,1.11517,1.11652,9939
2025-09-12T09:00:00.000Z,1.11653,1.11698,1.11593,1.11651,10010
2025-09-12T13:00:00.000Z,1.11647,1.11649,1.11503,1.11597,12857
2025-09-12T17:00:00.000Z,1.11593,1.11658,1.11567,1.11594,7478
2025-09-14T21:00:00.000Z,1.11469,1.11698,1.11327,1.11695,4692
2025-09-15T01:00:00.000Z,1.11695,1.1175,1.11655,1.11745,5541
2025-09-15T05:00:00.000Z,1.11744,1.1179,1.11699,1.11738,8869
2025-09-15T09:00:00.000Z,1.11738,1.11777,1.1166,1.11728,8977
2025-09-15T13:00:00.000Z,1.1173,1.11762,1.11672,1.11744,11798
2025-09-15T17:00:00.000Z,1.11742,1.11765,1.11689,1.11708,7479
2025-09-15T21:00:00.000Z,1.11665,1.11848,1.11553,1.11823,4127
2025-09-16T01:00:00.000Z,1.11825,1.11905,1.11721,1.11723,6605
2025-09-16T05:00:00.000Z,1.11725,1.11746,1.11537,1.11648,9590
2025-09-16T09:00:00.000Z,1.1165,1.11723,1.1153,1.11664,11759
2025-09-16T13:00:00.000Z,1.1166,1.11676,1.11565,1.11649,15700
2025-09-16T17:00:00.000Z,1.11648,1.11658,1.11573,1.11634,7467
2025-09-16T21:00:00.000Z,1.11526,1.11723,1.11407,1.11706,4337
2025-09-17T01:00:00.000Z,1.11708,1.11754,1.11645,1.11657,5369
2025-09-17T05:00:00.000Z,1.11647,1.11775,1.11626,1.11688,8041
2025-09-17T09:00:00.000Z,1.11686,1.11708,1.11582,1.11596,8005
2025-09-17T13:00:00.000Z,1.11597,1.11699,1.11581,1.11628,10147
2025-09-17T17:00:00.000Z,1.11629,1.11704,1.11444,1.11569,24115
2025-09-17T21:00:00.000Z,1.11468,1.12318,1.1135,1.12307,7225
2025-09-18T01:00:00.000Z,1.12318,1.12402,1.12047,1.12149,9350
2025-09-18T05:00:00.000Z,1.12149,1.12659,1.12084,1.12645,13037
2025-09-18T09:00:00.000Z,1.12647,1.1279,1.12518,1.12538,12807
2025-09-18T13:00:00.000Z,1.12543,1.12602,1.12407,1.1252,17441
2025-09-18T17:00:00.000Z,1.12522,1.12534,1.12358,1.1239,8224
2025-09-18T21:00:00.000Z,1.12176,1.1242,1.12164,1.12356,4618
2025-09-19T01:00:00.000Z,1.12355,1.12498,1.12291,1.12483,8925
2025-09-19T05:00:00.000Z,1.12481,1.12541,1.12408,1.12423,12582
2025-09-19T09:00:00.000Z,1.12428,1.12507,1.12364,1.12456,9986
2025-09-19T13:00:00.000Z,1.12454,1.12601,1.12448,1.1257,13550
2025-09-19T17:00:00.000Z,1.12572,1.12608,1.12518,1.12524,6313
2025-09-21T21:00:00.000Z,1.12305,1.12661,1.12235,1.12559,4855
2025-09-22T01:00:00.000Z,1.12551,1.1259,1.12483,1.12545,7113
2025-09-22T05:00:00.000Z,1.12543,1.12598,1.12501,1.12541,10045
2025-09-22T09:00:00.000Z,1.12542,1.12585,1.12487,1.12537,8418
2025-09-22T13:00:00.000Z,1.12535,1.12545,1.12386,1.12438,11086
2025-09-22T17:00:00.000Z,1.12439,1.12456,1.124,1.1243,5517
2025-09-22T21:00:00.000Z,1.1239,1.12523,1.12338,1.12484,3316
2025-09-23T01:00:00.000Z,1.12482,1.12581,1.12419,1.12567,6242
2025-09-23T05:00:00.000Z,1.1257,1.12655,1.12544,1.12558,9860
2025-09-23T09:00:00.000Z,1.12561,1.12711,1.12553,1.12703,8589
2025-09-23T13:00:00.000Z,1.12705,1.12791,1.12622,1.1269,13881
2025-09-23T17:00:00.000Z,1.1269,1.12697,1.12601,1.12626,9354
2025-09-23T21:00:00.000Z,1.1255,1.12685,1.12382,1.12615,4527
2025-09-24T01:00:00.000Z,1.12617,1.13017,1.12597,1.12964,8149
2025-09-24T05:00:00.000Z,1.12966,1.13166,1.12941,1.13096,9566
2025-09-24T09:00:00.000Z,1.13099,1.13236,1.13086,1.13128,8941
2025-09-24T13:00:00.000Z,1.13127,1.13404,1.13123,1.13179,13914
2025-09-24T17:00:00.000Z,1.13181,1.13252,1.1317,1.13212,7635
2025-09-24T21:00:00.000Z,1.12781,1.13372,1.12771,1.1337,5020
2025-09-25T01:00:00.000Z,1.13368,1.13404,1.1322,1.13274,6410
2025-09-25T05:00:00.000Z,1.13277,1.13367,1.13211,1.13217,9841
2025-09-25T09:00:00.000Z,1.13219,1.13316,1.13093,1.1321,11417
2025-09-25T13:00:00.000Z,1.13208,1.13469,1.13179,1.13366,16171
2025-09-25T17:00:00.000Z,1.1336,1.13412,1.13292,1.13385,9493
2025-09-25T21:00:00.000Z,1.13057,1.13492,1.13041,1.13392,6157
2025-09-26T01:00:00.000Z,1.13394,1.13455,1.13334,1.13384,6162
2025-09-26T05:00:00.000Z,1.13382,1.13397,1.13289,1.13298,9275
2025-09-26T09:00:00.000Z,1.13299,1.13384,1.13266,1.13377,9934
2025-09-26T13:00:00.000Z,1.1338,1.13489,1.13339,1.13462,15426
2025-09-26T17:00:00.000Z,1.13464,1.13468,1.1334,1.13361,6953
2025-09-28T21:00:00.000Z,1.13195,1.13452,1.13133,1.13451,3660
2025-09-29T01:00:00.000Z,1.13448,1.13535,1.13397,1.13469,6966
2025-09-29T05:00:00.000Z,1.13468,1.13489,1.13373,1.13437,9341
2025-09-29T09:00:00.000Z,1.13439,1.13512,1.13428,1.13472,8572
2025-09-29T13:00:00.000Z,1.13472,1.1374,1.13466,1.13722,11981
2025-09-29T17:00:00.000Z,1.13724,1.13849,1.13705,1.13805,5432
2025-09-29T21:00:00.000Z,1.13626,1.1386,1.13551,1.1383,4110
2025-09-30T01:00:00.000Z,1.13828,1.14134,1.13727,1.14064,8466
2025-09-30T05:00:00.000Z,1.14061,1.14128,1.13584,1.1395,13024
2025-09-30T09:00:00.000Z,1.13948,1.14125,1.13935,1.14081,9636
2025-09-30T13:00:00.000Z,1.14083,1.1418,1.13995,1.14099,14734
2025-09-30T17:00:00.000Z,1.14097,1.14154,1.14083,1.14115,7674
2025-09-30T21:00:00.000Z,1.13815,1.14132,1.13753,1.14041,4967
2025-10-01T01:00:00.000Z,1.14037,1.1407,1.13774,1.138,7097
2025-10-01T05:00:00.000Z,1.13802,1.13847,1.13688,1.13737,12227
2025-10-01T09:00:00.000Z,1.13739,1.13843,1.13601,1.13631,12623
2025-10-01T13:00:00.000Z,1.13631,1.13711,1.13478,1.13666,16368
2025-10-01T17:00:00.000Z,1.13668,1.13745,1.13644,1.1366,7269
2025-10-01T21:00:00.000Z,1.1365,1.13869,1.13505,1.13606,5033
2025-10-02T01:00:00.000Z,1.13604,1.1361,1.13435,1.13499,6989
2025-10-02T05:00:00.000Z,1.13497,1.13522,1.13307,1.13378,9520
2025-10-02T09:00:00.000Z,1.13376,1.13412,1.13326,1.13396,9051
2025-10-02T13:00:00.000Z,1.13394,1.13472,1.13279,1.13309,14520
2025-10-02T17:00:00.000Z,1.13307,1.13399,1.13297,1.13377,6135
2025-10-02T21:00:00.000Z,1.13293,1.13424,1.13151,1.13397,3058
2025-10-03T01:00:00.000Z,1.13396,1.13437,1.1327,1.13344,5313
2025-10-03T05:00:00.000Z,1.13344,1.13389,1.13226,1.13275,8210
2025-10-03T09:00:00.000Z,1.13277,1.13314,1.13128,1.13229,7869
2025-10-03T13:00:00.000Z,1.13225,1.13321,1.13216,1.13281,13530
2025-10-03T17:00:00.000Z,1.13283,1.13291,1.13153,1.13167,7806
2025-10-05T21:00:00.000Z,1.13031,1.13304,1.13027,1.13207,7451
2025-10-06T01:00:00.000Z,1.13208,1.13299,1.1315,1.13243,6070
2025-10-06T05:00:00.000Z,1.13245,1.13393,1.13207,1.13374,11407
2025-10-06T09:00:00.000Z,1.13381,1.13453,1.13319,1.13342,10304
2025-10-06T13:00:00.000Z,1.13342,1.13414,1.13306,1.13314,10634
2025-10-06T17:00:00.000Z,1.1331,1.13318,1.13233,1.13262,3951
2025-10-06T21:00:00.000Z,1.13117,1.13494,1.13075,1.13361,4276
2025-10-07T01:00:00.000Z,1.13361,1.13539,1.13348,1.13457,4814
2025-10-07T05:00:00.000Z,1.13457,1.13499,1.13378,1.13478,9017
2025-10-07T09:00:00.000Z,1.1348,1.13494,1.13389,1.1341,8373
2025-10-07T13:00:00.000Z,1.13408,1.13508,1.13392,1.13446,13604
2025-10-07T17:00:00.000Z,1.13444,1.13558,1.13441,1.13478,6059
2025-10-07T21:00:00.000Z,1.13436,1.13537,1.13364,1.1338,4041
2025-10-08T01:00:00.000Z,1.13375,1.14448,1.13374,1.14262,9075
2025-10-08T05:00:00.000Z,1.14262,1.14327,1.13873,1.13954,10160
2025-10-08T09:00:00.000Z,1.13946,1.13956,1.1373,1.13851,9379
2025-10-08T13:00:00.000Z,1.13853,1.13963,1.1381,1.13886,11549
2025-10-08T17:00:00.000Z,1.13884,1.1392,1.13817,1.13822,7387
2025-10-08T21:00:00.000Z,1.13717,1.13875,1.1364,1.1385,4342
2025-10-09T01:00:00.000Z,1.13851,1.13851,1.13662,1.13818,6132
2025-10-09T05:00:00.000Z,1.1382,1.14119,1.13814,1.14096,10880
2025-10-09T09:00:00.000Z,1.14094,1.1426,1.14035,1.14258,10067
2025-10-09T13:00:00.000Z,1.1426,1.14285,1.14046,1.14063,17459
2025-10-09T17:00:00.000Z,1.1406,1.14085,1.14014,1.14061,8771
2025-10-09T21:00:00.000Z,1.13859,1.14159,1.13755,1.14127,4432
2025-10-10T01:00:00.000Z,1.14126,1.14189,1.14073,1.14082,5515
2025-10-10T05:00:00.000Z,1.1408,1.14141,1.13891,1.13909,10360
2025-10-10T09:00:00.000Z,1.1391,1.13979,1.13866,1.13954,9539
2025-10-10T13:00:00.000Z,1.13954,1.13992,1.13236,1.13311,21170
2025-10-10T17:00:00.000Z,1.13308,1.13412,1.13119,1.13164,12167
2025-10-12T21:00:00.000Z,1.13147,1.1361,1.13007,1.13589,10038
2025-10-13T01:00:00.000Z,1.13588,1.13723,1.13571,1.13661,7779
2025-10-13T05:00:00.000Z,1.13653,1.13834,1.13599,1.13776,11389
2025-10-13T09:00:00.000Z,1.13774,1.1383,1.13693,1.13752,10354
2025-10-13T13:00:00.000Z,1.13754,1.138,1.13678,1.13758,13898
2025-10-13T17:00:00.000Z,1.13759,1.13773,1.13702,1.13745,5930
2025-10-13T21:00:00.000Z,1.13651,1.13948,1.13549,1.13907,5956
2025-10-14T01:00:00.000Z,1.13905,1.13912,1.13518,1.13541,11374
2025-10-14T05:00:00.000Z,1.13537,1.1364,1.1338,1.13473,15953
2025-10-14T09:00:00.000Z,1.13475,1.13499,1.13219,1.13264,12573
2025-10-14T13:00:00.000Z,1.13266,1.13559,1.13257,1.13506,18255
2025-10-14T17:00:00.000Z,1.13505,1.1357,1.1345,1.13478,8127
2025-10-14T21:00:00.000Z,1.13321,1.13737,1.13203,1.13727,5416
2025-10-15T01:00:00.000Z,1.13731,1.13915,1.13612,1.13866,9077
2025-10-15T05:00:00.000Z,1.13876,1.13926,1.13744,1.13812,10748
2025-10-15T09:00:00.000Z,1.13814,1.1389,1.13785,1.13838,10865
2025-10-15T13:00:00.000Z,1.1384,1.13905,1.13739,1.13847,15666
2025-10-15T17:00:00.000Z,1.13848,1.13851,1.13699,1.13755,8121
2025-10-15T21:00:00.000Z,1.13584,1.13918,1.13074,1.1325,6484
2025-10-16T01:00:00.000Z,1.13253,1.13355,1.12862,1.13001,9925
2025-10-16T05:00:00.000Z,1.12997,1.13423,1.1298,1.13397,12638
2025-10-16T09:00:00.000Z,1.13398,1.13453,1.13234,1.1328,11744
2025-10-16T13:00:00.000Z,1.13282,1.1338,1.13019,1.1324,18216
2025-10-16T17:00:00.000Z,1.13245,1.13301,1.13055,1.13296,10858
2025-10-16T21:00:00.000Z,1.13215,1.133,1.131,1.1319,5066
2025-10-17T01:00:00.000Z,1.13189,1.13201,1.12848,1.12931,9990
2025-10-17T05:00:00.000Z,1.12928,1.12979,1.12765,1.12922,15460
2025-10-17T09:00:00.000Z,1.12924,1.13345,1.12872,1.13254,16420
2025-10-17T13:00:00.000Z,1.13244,1.13433,1.13233,1.13301,18376
2025-10-17T17:00:00.000Z,1.13299,1.134,1.13257,1.13392,7043
2025-10-19T21:00:00.000Z,1.13108,1.13556,1.13006,1.13406,6528
2025-10-20T01:00:00.000Z,1.13408,1.13478,1.13319,1.13359,7711
2025-10-20T05:00:00.000Z,1.13357,1.13389,1.13192,1.13209,10909
2025-10-20T09:00:00.000Z,1.13207,1.13314,1.13186,1.13242,11185
2025-10-20T13:00:00.000Z,1.13243,1.13372,1.13222,1.1331,13103
2025-10-20T17:00:00.000Z,1.13312,1.13399,1.13306,1.13368,4027
2025-10-20T21:00:00.000Z,1.13332,1.13455,1.13196,1.13443,4486
2025-10-21T01:00:00.000Z,1.13438,1.1355,1.1339,1.13504,8572
2025-10-21T05:00:00.000Z,1.13506,1.1354,1.13375,1.13464,12697
2025-10-21T09:00:00.000Z,1.13462,1.13503,1.13351,1.13362,12946
2025-10-21T13:00:00.000Z,1.13362,1.13387,1.13023,1.13037,16738
2025-10-21T17:00:00.000Z,1.13035,1.13038,1.12953,1.12988,5550
2025-10-21T21:00:00.000Z,1.12955,1.13076,1.12893,1.12954,5699
2025-10-22T01:00:00.000Z,1.12956,1.1305,1.12934,1.13,8091
2025-10-22T05:00:00.000Z,1.12998,1.1307,1.12969,1.1299,12534
2025-10-22T09:00:00.000Z,1.12986,1.13051,1.12906,1.1299,12974
2025-10-22T13:00:00.000Z,1.12992,1.13098,1.12858,1.12991,16711
2025-10-22T17:00:00.000Z,1.12995,1.13079,1.12935,1.13048,8805
2025-10-22T21:00:00.000Z,1.12989,1.13126,1.12947,1.13086,4741
2025-10-23T01:00:00.000Z,1.13086,1.13201,1.13067,1.13163,6983
2025-10-23T05:00:00.000Z,1.13162,1.13289,1.13149,1.13281,9781
2025-10-23T09:00:00.000Z,1.13282,1.13303,1.13198,1.13231,9260
2025-10-23T13:00:00.000Z,1.13232,1.13335,1.13199,1.13288,13400
2025-10-23T17:00:00.000Z,1.13288,1.13318,1.13187,1.13191,5481
2025-10-23T21:00:00.000Z,1.13035,1.13252,1.13035,1.13157,3799
2025-10-24T01:00:00.000Z,1.13159,1.13238,1.1303,1.13108,7271
2025-10-24T05:00:00.000Z,1.13106,1.13141,1.12987,1.13093,9699
2025-10-24T09:00:00.000Z,1.13092,1.13221,1.12849,1.13181,10989
2025-10-24T13:00:00.000Z,1.13185,1.13298,1.131,1.13273,15321
2025-10-24T17:00:00.000Z,1.13271,1.13309,1.13248,1.13262,4459
2025-10-26T21:00:00.000Z,1.12994,1.13499,1.12984,1.13353,7321
2025-10-27T01:00:00.000Z,1.13352,1.13516,1.13319,1.13461,8023
2025-10-27T05:00:00.000Z,1.1346,1.13779,1.13445,1.13775,9228
2025-10-27T09:00:00.000Z,1.13776,1.13814,1.1368,1.13727,10759
2025-10-27T13:00:00.000Z,1.13727,1.1375,1.13659,1.13708,12312
2025-10-27T17:00:00.000Z,1.13708,1.13744,1.13571,1.13576,5543
2025-10-27T21:00:00.000Z,1.13522,1.13638,1.13469,1.13517,4701
2025-10-28T01:00:00.000Z,1.1352,1.13585,1.13473,1.13494,8232
2025-10-28T05:00:00.000Z,1.13492,1.136,1.13432,1.13582,9293
2025-10-28T09:00:00.000Z,1.13584,1.13684,1.13546,1.1365,9439
2025-10-28T13:00:00.000Z,1.13648,1.13953,1.13643,1.1382,13386
2025-10-28T17:00:00.000Z,1.13818,1.13923,1.13798,1.13907,4386
2025-10-28T21:00:00.000Z,1.13834,1.14269,1.13705,1.14141,6135
2025-10-29T01:00:00.000Z,1.14132,1.14216,1.14054,1.14103,8223
2025-10-29T05:00:00.000Z,1.141,1.14278,1.14091,1.14193,10300
2025-10-29T09:00:00.000Z,1.14191,1.14197,1.14051,1.14134,10967
2025-10-29T13:00:00.000Z,1.14136,1.14155,1.13946,1.14065,13887
2025-10-29T17:00:00.000Z,1.14068,1.14186,1.14004,1.14066,18347
2025-10-29T21:00:00.000Z,1.13943,1.14123,1.13852,1.14046,5212
2025-10-30T01:00:00.000Z,1.14048,1.14102,1.13849,1.13956,13740
2025-10-30T05:00:00.000Z,1.13953,1.14085,1.13898,1.13927,13633
2025-10-30T09:00:00.000Z,1.13929,1.14144,1.13873,1.14099,12554
2025-10-30T13:00:00.000Z,1.14096,1.14177,1.14023,1.14084,17197
2025-10-30T17:00:00.000Z,1.14082,1.14152,1.14046,1.14138,8203
2025-10-30T21:00:00.000Z,1.14086,1.14229,1.1399,1.14203,4315
2025-10-31T01:00:00.000Z,1.14202,1.1433,1.1418,1.14244,8454
2025-10-31T05:00:00.000Z,1.14248,1.14414,1.14237,1.14355,9742
2025-10-31T09:00:00.000Z,1.14356,1.14396,1.14258,1.14358,10186
2025-10-31T13:00:00.000Z,1.1436,1.14395,1.14259,1.14328,15845
2025-10-31T17:00:00.000Z,1.14332,1.14347,1.14275,1.1429,6769
2025-11-02T22:00:00.000Z,1.14237,1.14525,1.14218,1.14496,6376
2025-11-03T02:00:00.000Z,1.14496,1.14531,1.14423,1.14495,5860
2025-11-03T06:00:00.000Z,1.14493,1.14602,1.14447,1.1452,9034
2025-11-03T10:00:00.000Z,1.14522,1.14563,1.14487,1.1453,8598
2025-11-03T14:00:00.000Z,1.14532,1.14585,1.14449,1.14531,14798
2025-11-03T18:00:00.000Z,1.14532,1.14573,1.1451,1.14541,6316
2025-11-03T22:00:00.000Z,1.14483,1.1485,1.144,1.14761,6794
2025-11-04T02:00:00.000Z,1.14763,1.14889,1.14488,1.14633,10424
2025-11-04T06:00:00.000Z,1.14636,1.14762,1.14518,1.14716,13509
2025-11-04T10:00:00.000Z,1.1471,1.14782,1.14657,1.1468,10251
2025-11-04T14:00:00.000Z,1.1468,1.14795,1.14594,1.14766,14494
2025-11-04T18:00:00.000Z,1.14767,1.15111,1.14704,1.15105,9152
2025-11-04T22:00:00.000Z,1.14459,1.15066,1.14145,1.14745,8931
2025-11-05T02:00:00.000Z,1.14743,1.14845,1.14699,1.14807,9489
2025-11-05T06:00:00.000Z,1.14809,1.14834,1.14739,1.14768,9533
2025-11-05T10:00:00.000Z,1.14766,1.14929,1.14733,1.14913,10547
2025-11-05T14:00:00.000Z,1.14912,1.15025,1.14866,1.14952,15374
2025-11-05T18:00:00.000Z,1.14956,1.14962,1.14851,1.14883,4660
2025-11-05T22:00:00.000Z,1.14858,1.14938,1.14793,1.14906,6069
2025-11-06T02:00:00.000Z,1.14908,1.14996,1.14856,1.1498,6453
2025-11-06T06:00:00.000Z,1.14978,1.15125,1.14963,1.15073,10126
2025-11-06T10:00:00.000Z,1.15071,1.15074,1.14921,1.14965,11081
2025-11-06T14:00:00.000Z,1.14964,1.15055,1.14851,1.14962,19566
2025-11-06T18:00:00.000Z,1.14964,1.15014,1.14923,1.14989,9925
2025-11-06T22:00:00.000Z,1.1495,1.15105,1.14863,1.15073,6561
2025-11-07T02:00:00.000Z,1.15076,1.15318,1.15026,1.15311,8477
2025-11-07T06:00:00.000Z,1.15309,1.15668,1.15306,1.15412,10585
2025-11-07T10:00:00.000Z,1.15414,1.15442,1.15261,1.15387,12650
2025-11-07T14:00:00.000Z,1.15389,1.15417,1.15229,1.15312,18612
2025-11-07T18:00:00.000Z,1.15315,1.15459,1.15289,1.15388,9628
2025-11-09T22:00:00.000Z,1.15247,1.1582,1.15199,1.15772,12106
2025-11-10T02:00:00.000Z,1.1577,1.15848,1.15713,1.15792,10355
2025-11-10T06:00:00.000Z,1.15794,1.15898,1.15642,1.15694,11711
2025-11-10T10:00:00.000Z,1.157,1.15843,1.15696,1.15749,9468
2025-11-10T14:00:00.000Z,1.15753,1.1583,1.15716,1.15804,14404
2025-11-10T18:00:00.000Z,1.15805,1.1583,1.15754,1.15773,5828
2025-11-10T22:00:00.000Z,1.15442,1.15848,1.15442,1.15802,6181
2025-11-11T02:00:00.000Z,1.15803,1.15852,1.1565,1.15678,7910
2025-11-11T06:00:00.000Z,1.15674,1.15738,1.15469,1.15511,10843
2025-11-11T10:00:00.000Z,1.15513,1.15581,1.15357,1.15368,11984
2025-11-11T14:00:00.000Z,1.1537,1.15408,1.15257,1.15398,15414
2025-11-11T18:00:00.000Z,1.15399,1.15451,1.15361,1.15436,6401
2025-11-11T22:00:00.000Z,1.1536,1.15484,1.15304,1.15331,6640
2025-11-12T02:00:00.000Z,1.15328,1.155,1.15301,1.15491,8321
2025-11-12T06:00:00.000Z,1.15493,1.15697,1.1546,1.15518,11223
2025-11-12T10:00:00.000Z,1.15514,1.15548,1.15437,1.15494,11426
2025-11-12T14:00:00.000Z,1.15496,1.15551,1.1543,1.15509,16587
2025-11-12T18:00:00.000Z,1.15508,1.15521,1.15419,1.15441,7143
2025-11-12T22:00:00.000Z,1.15224,1.16161,1.15071,1.15921,10422
2025-11-13T02:00:00.000Z,1.15919,1.16161,1.1588,1.16143,9917
2025-11-13T06:00:00.000Z,1.16141,1.16356,1.15769,1.15813,13908
2025-11-13T10:00:00.000Z,1.15815,1.15842,1.15679,1.1569,14064
2025-11-13T14:00:00.000Z,1.15687,1.15691,1.15385,1.15455,22995
2025-11-13T18:00:00.000Z,1.15453,1.15509,1.15334,1.1547,12008
2025-11-13T22:00:00.000Z,1.15322,1.1556,1.15031,1.15226,9457
2025-11-14T02:00:00.000Z,1.15228,1.15319,1.14924,1.14956,10774
2025-11-14T06:00:00.000Z,1.14959,1.15052,1.1487,1.14898,16008
2025-11-14T10:00:00.000Z,1.149,1.14923,1.14591,1.14841,17186
2025-11-14T14:00:00.000Z,1.14841,1.15193,1.14794,1.15124,21581
2025-11-14T18:00:00.000Z,1.15126,1.15147,1.15057,1.1506,9827
2025-11-16T22:00:00.000Z,1.14918,1.15229,1.14911,1.15095,9141
2025-11-17T02:00:00.000Z,1.15093,1.15164,1.14995,1.15018,7109
2025-11-17T06:00:00.000Z,1.15016,1.15056,1.14884,1.14987,12207
2025-11-17T10:00:00.000Z,1.14987,1.15026,1.14923,1.14947,13443
2025-11-17T14:00:00.000Z,1.14946,1.15001,1.14744,1.14822,18311
2025-11-17T18:00:00.000Z,1.14824,1.14834,1.14729,1.14759,10715
2025-11-17T22:00:00.000Z,1.14688,1.14875,1.14654,1.14721,7471
2025-11-18T02:00:00.000Z,1.14723,1.14843,1.14609,1.14648,12992
2025-11-18T06:00:00.000Z,1.14645,1.147,1.14534,1.14647,14395
2025-11-18T10:00:00.000Z,1.14649,1.14823,1.1464,1.14746,12939
2025-11-18T14:00:00.000Z,1.14748,1.14975,1.14722,1.14967,24269
2025-11-18T18:00:00.000Z,1.14969,1.15051,1.14908,1.15016,10396
2025-11-18T22:00:00.000Z,1.14872,1.15172,1.14855,1.15138,8251
2025-11-19T02:00:00.000Z,1.15139,1.15225,1.15062,1.15153,11319
2025-11-19T06:00:00.000Z,1.15155,1.15192,1.15035,1.15146,12679
2025-11-19T10:00:00.000Z,1.15144,1.15324,1.15141,1.15305,13179
2025-11-19T14:00:00.000Z,1.15303,1.15475,1.15284,1.15465,21701
2025-11-19T18:00:00.000Z,1.15468,1.15637,1.15432,1.15631,11908
2025-11-19T22:00:00.000Z,1.15505,1.15652,1.15447,1.15625,8407
2025-11-20T02:00:00.000Z,1.15624,1.15722,1.15528,1.15607,10088
2025-11-20T06:00:00.000Z,1.15614,1.15623,1.15394,1.1544,13294
2025-11-20T10:00:00.000Z,1.15436,1.15469,1.15251,1.15365,15725
2025-11-20T14:00:00.000Z,1.15366,1.15411,1.15132,1.15236,27938
2025-11-20T18:00:00.000Z,1.15234,1.15349,1.15223,1.15343,16235
2025-11-20T22:00:00.000Z,1.15075,1.15449,1.14903,1.15345,10108
2025-11-21T02:00:00.000Z,1.15349,1.1537,1.15148,1.15193,11331
2025-11-21T06:00:00.000Z,1.15191,1.15195,1.14944,1.15044,16747
2025-11-21T10:00:00.000Z,1.15046,1.151,1.14953,1.1505,19774
2025-11-21T14:00:00.000Z,1.15052,1.15136,1.1494,1.15081,26872
2025-11-21T18:00:00.000Z,1.1508,1.15119,1.14989,1.1504,13175
2025-11-23T22:00:00.000Z,1.14988,1.15193,1.14935,1.15094,8323
2025-11-24T02:00:00.000Z,1.15098,1.15296,1.15089,1.15295,8809
2025-11-24T06:00:00.000Z,1.15293,1.15352,1.15103,1.15128,13080
2025-11-24T10:00:00.000Z,1.1513,1.15141,1.14921,1.15075,12469
2025-11-24T14:00:00.000Z,1.15077,1.15233,1.15049,1.15165,16210
2025-11-24T18:00:00.000Z,1.15169,1.15234,1.15142,1.15196,7091
2025-11-24T22:00:00.000Z,1.15093,1.15256,1.15055,1.15122,6508
2025-11-25T02:00:00.000Z,1.15121,1.15295,1.15102,1.15227,8519
2025-11-25T06:00:00.000Z,1.15225,1.15324,1.15172,1.15178,11125
2025-11-25T10:00:00.000Z,1.15179,1.15315,1.15146,1.15231,14225
2025-11-25T14:00:00.000Z,1.15233,1.15239,1.14953,1.1508,22213
2025-11-25T18:00:00.000Z,1.15082,1.15142,1.15057,1.15103,9567
2025-11-25T22:00:00.000Z,1.15031,1.15268,1.14183,1.14494,11366
2025-11-26T02:00:00.000Z,1.14496,1.1452,1.1406,1.14315,12748
2025-11-26T06:00:00.000Z,1.14317,1.14552,1.14311,1.14494,14906
2025-11-26T10:00:00.000Z,1.14498,1.14541,1.14405,1.14452,18210
2025-11-26T14:00:00.000Z,1.14454,1.14544,1.14257,1.14429,17286
2025-11-26T18:00:00.000Z,1.14433,1.14502,1.14303,1.14358,8193
2025-11-26T22:00:00.000Z,1.14277,1.14415,1.14161,1.14163,7923
2025-11-27T02:00:00.000Z,1.14166,1.14191,1.13988,1.14107,9359
2025-11-27T06:00:00.000Z,1.14109,1.14187,1.14067,1.1414,11636
2025-11-27T10:00:00.000Z,1.14143,1.14261,1.14119,1.14127,10154
2025-11-27T14:00:00.000Z,1.14129,1.14157,1.14017,1.14111,7693
2025-11-27T18:00:00.000Z,1.14111,1.14155,1.14046,1.14051,2941
2025-11-27T22:00:00.000Z,1.13985,1.14181,1.13977,1.14166,8429
2025-11-28T02:00:00.000Z,1.14162,1.14304,1.14136,1.14182,35987
2025-11-28T06:00:00.000Z,1.1418,1.14327,1.14121,1.14277,40096
2025-11-28T10:00:00.000Z,1.14275,1.14356,1.14227,1.14246,40566
2025-11-28T14:00:00.000Z,1.14242,1.14293,1.14149,1.14161,18276
2025-11-28T18:00:00.000Z,1.14167,1.14206,1.14028,1.14184,18457
2025-11-30T22:00:00.000Z,1.14081,1.14252,1.13992,1.14179,8951
2025-12-01T02:00:00.000Z,1.14181,1.14205,1.14112,1.14181,7018
2025-12-01T06:00:00.000Z,1.1418,1.14219,1.14118,1.14147,10897
2025-12-01T10:00:00.000Z,1.14145,1.14269,1.14145,1.14193,10823
2025-12-01T14:00:00.000Z,1.14192,1.14302,1.14131,1.1422,15485
2025-12-01T18:00:00.000Z,1.14218,1.14266,1.14185,1.14221,7447
2025-12-01T22:00:00.000Z,1.1419,1.14375,1.14095,1.14294,4253
2025-12-02T02:00:00.000Z,1.14298,1.14456,1.14275,1.1439,4136
2025-12-02T06:00:00.000Z,1.14388,1.14529,1.14379,1.14515,7131
2025-12-02T10:00:00.000Z,1.14513,1.14583,1.14477,1.14508,8416
2025-12-02T14:00:00.000Z,1.14504,1.14526,1.14362,1.14443,16193
2025-12-02T18:00:00.000Z,1.14443,1.14491,1.14389,1.144,8408
2025-12-02T22:00:00.000Z,1.14368,1.1454,1.14214,1.14404,5653
2025-12-03T02:00:00.000Z,1.14406,1.14448,1.14301,1.14401,4961
2025-12-03T06:00:00.000Z,1.14397,1.14661,1.14377,1.14616,9181
2025-12-03T10:00:00.000Z,1.14617,1.1469,1.14531,1.14665,10007
2025-12-03T14:00:00.000Z,1.14667,1.14672,1.14238,1.14282,16349
2025-12-03T18:00:00.000Z,1.1428,1.14339,1.1423,1.14301,6061
2025-12-03T22:00:00.000Z,1.14257,1.14573,1.14222,1.14532,4943
2025-12-04T02:00:00.000Z,1.14534,1.14636,1.1449,1.1455,6042
2025-12-04T06:00:00.000Z,1.14548,1.14622,1.14477,1.14587,9293
2025-12-04T10:00:00.000Z,1.14588,1.14673,1.14533,1.14618,10743
2025-12-04T14:00:00.000Z,1.1462,1.14708,1.1455,1.14596,14516
2025-12-04T18:00:00.000Z,1.14599,1.1471,1.14567,1.14684,6919
2025-12-04T22:00:00.000Z,1.14564,1.14719,1.14384,1.14644,6886
2025-12-05T02:00:00.000Z,1.14645,1.14792,1.1464,1.14759,4543
2025-12-05T06:00:00.000Z,1.14761,1.14837,1.14662,1.14822,8604
2025-12-05T10:00:00.000Z,1.1482,1.14932,1.14807,1.14887,8662
2025-12-05T14:00:00.000Z,1.14889,1.14992,1.14803,1.14955,17303
2025-12-05T18:00:00.000Z,1.14954,1.14998,1.14911,1.1494,7154
2025-12-07T22:00:00.000Z,1.14684,1.14986,1.14628,1.14757,12103
2025-12-08T02:00:00.000Z,1.14755,1.14877,1.1475,1.1485,7401
2025-12-08T06:00:00.000Z,1.14848,1.14919,1.14688,1.14726,12486
2025-12-08T10:00:00.000Z,1.14727,1.14876,1.14679,1.14751,12261
2025-12-08T14:00:00.000Z,1.14753,1.1489,1.14688,1.14722,18326
2025-12-08T18:00:00.000Z,1.14724,1.14734,1.14648,1.14676,8195
2025-12-08T22:00:00.000Z,1.14563,1.14754,1.14559,1.14726,6261
2025-12-09T02:00:00.000Z,1.14723,1.14837,1.14359,1.14773,12285
2025-12-09T06:00:00.000Z,1.14775,1.1488,1.14679,1.14705,12897
2025-12-09T10:00:00.000Z,1.14703,1.14763,1.14633,1.14738,13133
2025-12-09T14:00:00.000Z,1.14736,1.14928,1.14712,1.14873,19964
2025-12-09T18:00:00.000Z,1.14874,1.14895,1.14832,1.14863,7954
2025-12-09T22:00:00.000Z,1.14841,1.15072,1.1473,1.15006,7478
2025-12-10T02:00:00.000Z,1.1501,1.15166,1.14931,1.14988,8610
2025-12-10T06:00:00.000Z,1.14989,1.1503,1.14894,1.14899,11197
2025-12-10T10:00:00.000Z,1.14903,1.14952,1.14851,1.14871,11981
2025-12-10T14:00:00.000Z,1.14873,1.14895,1.14746,1.14784,16979
2025-12-10T18:00:00.000Z,1.14784,1.14904,1.14729,1.14769,23227
2025-12-10T22:00:00.000Z,1.1475,1.14794,1.14541,1.14653,10608
2025-12-11T02:00:00.000Z,1.14654,1.14656,1.14421,1.14495,13601
2025-12-11T06:00:00.000Z,1.14493,1.14586,1.14451,1.14574,15306
2025-12-11T10:00:00.000Z,1.14572,1.1461,1.14401,1.14455,14728
2025-12-11T14:00:00.000Z,1.14457,1.14667,1.14416,1.14638,21752
2025-12-11T18:00:00.000Z,1.14642,1.14764,1.14624,1.14706,9424
2025-12-11T22:00:00.000Z,1.14679,1.14751,1.14551,1.147,8878
2025-12-12T02:00:00.000Z,1.147,1.14715,1.14643,1.14674,8109
2025-12-12T06:00:00.000Z,1.14672,1.14771,1.1464,1.14687,13258
2025-12-12T10:00:00.000Z,1.14685,1.14786,1.14648,1.14706,12349
2025-12-12T14:00:00.000Z,1.14707,1.14736,1.14577,1.14625,25389
2025-12-12T18:00:00.000Z,1.14624,1.14666,1.14565,1.14601,12366
2025-12-14T22:00:00.000Z,1.14427,1.14649,1.14347,1.14555,11308
2025-12-15T02:00:00.000Z,1.14561,1.15189,1.14523,1.14946,13241
2025-12-15T06:00:00.000Z,1.14948,1.15072,1.14871,1.14904,13544
2025-12-15T10:00:00.000Z,1.14903,1.14918,1.14732,1.14817,10822
2025-12-15T14:00:00.000Z,1.14813,1.14833,1.14574,1.14679,23459
2025-12-15T18:00:00.000Z,1.14678,1.14815,1.14643,1.14813,9899
2025-12-15T22:00:00.000Z,1.14765,1.15003,1.14679,1.14866,10695
2025-12-16T02:00:00.000Z,1.14868,1.15002,1.14786,1.1479,12920
2025-12-16T06:00:00.000Z,1.14792,1.14813,1.14673,1.1471,12083
2025-12-16T10:00:00.000Z,1.14712,1.14792,1.14599,1.14732,15271
2025-12-16T14:00:00.000Z,1.14734,1.1479,1.14507,1.14595,25502
2025-12-16T18:00:00.000Z,1.14598,1.14704,1.14576,1.14655,13578
2025-12-16T22:00:00.000Z,1.14617,1.1473,1.14536,1.14596,9481
2025-12-17T02:00:00.000Z,1.14595,1.14719,1.14485,1.14603,12733
2025-12-17T06:00:00.000Z,1.14605,1.14695,1.14562,1.1462,15394
2025-12-17T10:00:00.000Z,1.14622,1.14654,1.14504,1.146,13204
2025-12-17T14:00:00.000Z,1.14598,1.14607,1.14291,1.1437,24124
2025-12-17T18:00:00.000Z,1.14368,1.14381,1.14181,1.14344,11831
2025-12-17T22:00:00.000Z,1.14332,1.14527,1.14147,1.14481,9567
2025-12-18T02:00:00.000Z,1.14484,1.146,1.14398,1.14572,11145
2025-12-18T06:00:00.000Z,1.14567,1.14698,1.14547,1.14592,13089
2025-12-18T10:00:00.000Z,1.14591,1.14647,1.14455,1.14579,15427
2025-12-18T14:00:00.000Z,1.14578,1.1465,1.14458,1.14549,26060
2025-12-18T18:00:00.000Z,1.14549,1.14609,1.14458,1.14472,12050
2025-12-18T22:00:00.000Z,1.14447,1.14595,1.14424,1.14546,8458
2025-12-19T02:00:00.000Z,1.14548,1.14726,1.14508,1.14672,11097
2025-12-19T06:00:00.000Z,1.14676,1.14964,1.14636,1.14945,14492
2025-12-19T10:00:00.000Z,1.14946,1.15084,1.14904,1.15053,13346
2025-12-19T14:00:00.000Z,1.15054,1.15078,1.14825,1.14849,17786
2025-12-19T18:00:00.000Z,1.14848,1.1486,1.14772,1.14803,8175
2025-12-21T22:00:00.000Z,1.14866,1.15029,1.14715,1.14882,15107
2025-12-22T02:00:00.000Z,1.14884,1.14899,1.14758,1.14842,8283
2025-12-22T06:00:00.000Z,1.1484,1.14913,1.14779,1.14808,11128
2025-12-22T10:00:00.000Z,1.1481,1.1482,1.14751,1.14812,11254
2025-12-22T14:00:00.000Z,1.1481,1.14898,1.14705,1.14817,16266
2025-12-22T18:00:00.000Z,1.14819,1.14896,1.14779,1.14879,7523
2025-12-22T22:00:00.000Z,1.14848,1.1496,1.1471,1.1474,7429
2025-12-23T02:00:00.000Z,1.14736,1.14747,1.14603,1.14684,11290
2025-12-23T06:00:00.000Z,1.14682,1.14757,1.14614,1.14634,14019
2025-12-23T10:00:00.000Z,1.14636,1.14756,1.14592,1.14706,13823
2025-12-23T14:00:00.000Z,1.14704,1.14799,1.14671,1.14738,18327
2025-12-23T18:00:00.000Z,1.14739,1.14779,1.14688,1.14697,7176
2025-12-23T22:00:00.000Z,1.14662,1.14779,1.1465,1.14738,7533
2025-12-24T02:00:00.000Z,1.14738,1.14862,1.14646,1.14829,8435
2025-12-24T06:00:00.000Z,1.14839,1.14946,1.14784,1.14811,10781
2025-12-24T10:00:00.000Z,1.14809,1.14893,1.14798,1.14887,10783
2025-12-24T14:00:00.000Z,1.1489,1.1503,1.1484,1.14959,14489
2025-12-24T18:00:00.000Z,1.14961,1.14988,1.14838,1.14852,10998
2025-12-25T22:00:00.000Z,1.14621,1.15006,1.14613,1.14997,9759
2025-12-26T02:00:00.000Z,1.14991,1.15058,1.14948,1.14985,9563
2025-12-26T06:00:00.000Z,1.14983,1.15105,1.14966,1.15097,13529
2025-12-26T10:00:00.000Z,1.15097,1.15219,1.15084,1.15155,12196
2025-12-26T14:00:00.000Z,1.15154,1.15184,1.15064,1.15075,19897
2025-12-26T18:00:00.000Z,1.15076,1.15151,1.15072,1.15112,8901
2025-12-28T22:00:00.000Z,1.14893,1.1531,1.14871,1.15263,12109
2025-12-29T02:00:00.000Z,1.15261,1.15469,1.15233,1.15388,10167
2025-12-29T06:00:00.000Z,1.15387,1.15435,1.15288,1.15351,16298
2025-12-29T10:00:00.000Z,1.15353,1.15488,1.15322,1.1544,16324
2025-12-29T14:00:00.000Z,1.15442,1.1545,1.15199,1.15256,21636
2025-12-29T18:00:00.000Z,1.15258,1.15354,1.15213,1.15298,8278
2025-12-29T22:00:00.000Z,1.15293,1.15448,1.15043,1.15403,7899
2025-12-30T02:00:00.000Z,1.15406,1.15478,1.1536,1.15421,8939
2025-12-30T06:00:00.000Z,1.15419,1.15478,1.15325,1.15449,12441
2025-12-30T10:00:00.000Z,1.15447,1.15602,1.15443,1.15462,12951
2025-12-30T14:00:00.000Z,1.15465,1.15536,1.15414,1.15515,16178
2025-12-30T18:00:00.000Z,1.1551,1.15634,1.15468,1.15573,7758
2025-12-30T22:00:00.000Z,1.15511,1.15811,1.15509,1.15789,6827
2025-12-31T02:00:00.000Z,1.15791,1.15919,1.15784,1.15886,9457
2025-12-31T06:00:00.000Z,1.15884,1.15971,1.15795,1.15903,11402
2025-12-31T10:00:00.000Z,1.15901,1.15951,1.15846,1.15857,13706
2025-12-31T14:00:00.000Z,1.15857,1.16053,1.15825,1.15928,20027
2025-12-31T18:00:00.000Z,1.1593,1.1604,1.15878,1.15933,9297
2026-01-01T22:00:00.000Z,1.15721,1.16094,1.15627,1.16042,6977
2026-01-02T02:00:00.000Z,1.16044,1.16292,1.15997,1.16256,8882
2026-01-02T06:00:00.000Z,1.16255,1.16301,1.16079,1.16102,13526
2026-01-02T10:00:00.000Z,1.16099,1.161,1.15928,1.15994,12406
2026-01-02T14:00:00.000Z,1.15992,1.16026,1.15846,1.15909,22378
2026-01-02T18:00:00.000Z,1.15904,1.16084,1.15899,1.15987,11027
2026-01-04T22:00:00.000Z,1.15801,1.16227,1.15801,1.16057,13879
2026-01-05T02:00:00.000Z,1.16056,1.16083,1.15919,1.15998,14196
2026-01-05T06:00:00.000Z,1.15995,1.16144,1.15973,1.16099,15764
2026-01-05T10:00:00.000Z,1.16095,1.16103,1.15988,1.15991,18070
2026-01-05T14:00:00.000Z,1.15993,1.16063,1.15949,1.15995,23295
2026-01-05T18:00:00.000Z,1.15992,1.16018,1.15959,1.15984,9007
2026-01-05T22:00:00.000Z,1.1594,1.16044,1.15844,1.15891,9189
2026-01-06T02:00:00.000Z,1.15893,1.16005,1.15791,1.15988,11940
2026-01-06T06:00:00.000Z,1.15988,1.16036,1.15922,1.15972,15738
2026-01-06T10:00:00.000Z,1.15974,1.16174,1.1597,1.16171,14427
2026-01-06T14:00:00.000Z,1.16167,1.16571,1.16135,1.16458,21275
2026-01-06T18:00:00.000Z,1.16459,1.16535,1.16422,1.16495,8753
2026-01-06T22:00:00.000Z,1.16427,1.16631,1.16141,1.16581,13796
2026-01-07T02:00:00.000Z,1.16585,1.16931,1.16519,1.16799,12479
2026-01-07T06:00:00.000Z,1.16801,1.16833,1.164,1.16422,14196
2026-01-07T10:00:00.000Z,1.16419,1.16439,1.16255,1.16354,14310
2026-01-07T14:00:00.000Z,1.16356,1.16494,1.16302,1.16388,20265
2026-01-07T18:00:00.000Z,1.1639,1.16455,1.16356,1.16404,9486
2026-01-07T22:00:00.000Z,1.16281,1.16572,1.16185,1.16539,7556
2026-01-08T02:00:00.000Z,1.16538,1.16545,1.16288,1.16325,12295
2026-01-08T06:00:00.000Z,1.16323,1.16563,1.16262,1.16506,15769
2026-01-08T10:00:00.000Z,1.16506,1.16527,1.16433,1.16483,13575
2026-01-08T14:00:00.000Z,1.16484,1.16494,1.16366,1.16442,21919
2026-01-08T18:00:00.000Z,1.16442,1.16514,1.16426,1.16457,9530
2026-01-08T22:00:00.000Z,1.16425,1.16577,1.16397,1.16533,8850
2026-01-09T02:00:00.000Z,1.16533,1.1662,1.16521,1.16613,10650
2026-01-09T06:00:00.000Z,1.16613,1.16644,1.16522,1.16621,13160
2026-01-09T10:00:00.000Z,1.16622,1.16739,1.16519,1.16638,17218
2026-01-09T14:00:00.000Z,1.16636,1.16746,1.16548,1.16666,26871
2026-01-09T18:00:00.000Z,1.16668,1.16717,1.16635,1.16657,6298
2026-01-11T22:00:00.000Z,1.16516,1.16727,1.16482,1.16593,13439
2026-01-12T02:00:00.000Z,1.16591,1.16633,1.16501,1.16518,11744
2026-01-12T06:00:00.000Z,1.16512,1.16611,1.16466,1.16533,14608
2026-01-12T10:00:00.000Z,1.16535,1.16571,1.16414,1.16459,14822
2026-01-12T14:00:00.000Z,1.16459,1.16574,1.16401,1.16405,19319
2026-01-12T18:00:00.000Z,1.16407,1.16432,1.16207,1.16227,6227
2026-01-12T22:00:00.000Z,1.16176,1.16242,1.16136,1.16191,9499
2026-01-13T02:00:00.000Z,1.16191,1.16239,1.16075,1.16139,10885
2026-01-13T06:00:00.000Z,1.16137,1.16232,1.16113,1.16205,13289
2026-01-13T10:00:00.000Z,1.16203,1.16438,1.16181,1.16367,15787
2026-01-13T14:00:00.000Z,1.16367,1.16397,1.16208,1.16375,24951
2026-01-13T18:00:00.000Z,1.16377,1.16456,1.16349,1.16439,9618
2026-01-13T22:00:00.000Z,1.16385,1.1654,1.16267,1.1653,8032
2026-01-14T02:00:00.000Z,1.16531,1.16614,1.16499,1.16575,11554
2026-01-14T06:00:00.000Z,1.16573,1.16585,1.16436,1.16494,13493
2026-01-14T10:00:00.000Z,1.16495,1.16506,1.16211,1.16311,14356
2026-01-14T14:00:00.000Z,1.16311,1.1634,1.1613,1.16233,22744
2026-01-14T18:00:00.000Z,1.16232,1.1632,1.16209,1.16246,10339
2026-01-14T22:00:00.000Z,1.16124,1.16431,1.16005,1.16402,10304
2026-01-15T02:00:00.000Z,1.16402,1.16456,1.16316,1.16432,9695
2026-01-15T06:00:00.000Z,1.1643,1.16498,1.16391,1.16445,11240
2026-01-15T10:00:00.000Z,1.16447,1.16591,1.16365,1.16539,11984
2026-01-15T14:00:00.000Z,1.16537,1.16785,1.1653,1.16725,18223
2026-01-15T18:00:00.000Z,1.16723,1.16747,1.16626,1.1665,9208
2026-01-15T22:00:00.000Z,1.1652,1.1669,1.16435,1.16534,7739
2026-01-16T02:00:00.000Z,1.16535,1.16553,1.16424,1.16443,8501
2026-01-16T06:00:00.000Z,1.16444,1.16456,1.16293,1.1636,9424
2026-01-16T10:00:00.000Z,1.16358,1.16425,1.16245,1.16287,11118
2026-01-16T14:00:00.000Z,1.16285,1.16304,1.16108,1.16187,20231
2026-01-16T18:00:00.000Z,1.16189,1.16227,1.16115,1.16168,7705
2026-01-18T22:00:00.000Z,1.16031,1.16149,1.15838,1.15929,15864
2026-01-19T02:00:00.000Z,1.15929,1.1597,1.15829,1.15954,11090
2026-01-19T06:00:00.000Z,1.15949,1.15978,1.15856,1.15931,13365
2026-01-19T10:00:00.000Z,1.15929,1.15954,1.15851,1.15907,10040
2026-01-19T14:00:00.000Z,1.15909,1.15969,1.15853,1.15886,9925
2026-01-19T18:00:00.000Z,1.15886,1.15944,1.15689,1.15768,2641
2026-01-19T22:00:00.000Z,1.15655,1.15893,1.15572,1.15602,7530
2026-01-20T02:00:00.000Z,1.156,1.15614,1.1544,1.15496,10453
2026-01-20T06:00:00.000Z,1.15496,1.15557,1.15247,1.15254,17951
2026-01-20T10:00:00.000Z,1.15256,1.15384,1.15249,1.15371,18451
2026-01-20T14:00:00.000Z,1.15373,1.15419,1.15248,1.15361,24888
2026-01-20T18:00:00.000Z,1.15361,1.15522,1.15348,1.15489,11675
2026-01-20T22:00:00.000Z,1.15408,1.15638,1.15221,1.15563,8163
2026-01-21T02:00:00.000Z,1.15563,1.15578,1.15344,1.15391,8936
2026-01-21T06:00:00.000Z,1.15392,1.15533,1.15377,1.1547,11923
2026-01-21T10:00:00.000Z,1.15472,1.15511,1.15385,1.15492,13138
2026-01-21T14:00:00.000Z,1.15494,1.1578,1.15448,1.15646,26301
2026-01-21T18:00:00.000Z,1.15646,1.1574,1.15606,1.15689,16573
2026-01-21T22:00:00.000Z,1.15634,1.16252,1.15581,1.16148,10167
2026-01-22T02:00:00.000Z,1.1615,1.16185,1.16036,1.16151,8649
2026-01-22T06:00:00.000Z,1.16149,1.16235,1.15921,1.15949,11649
2026-01-22T10:00:00.000Z,1.15952,1.15967,1.15597,1.15745,13834
2026-01-22T14:00:00.000Z,1.15744,1.15814,1.15688,1.15791,18777
2026-01-22T18:00:00.000Z,1.15791,1.15836,1.15404,1.15476,7711
2026-01-22T22:00:00.000Z,1.15356,1.15769,1.15344,1.15663,7608
2026-01-23T02:00:00.000Z,1.15663,1.15868,1.15576,1.15868,9140
2026-01-23T06:00:00.000Z,1.15864,1.15983,1.15837,1.15968,14676
2026-01-23T10:00:00.000Z,1.15968,1.16085,1.15925,1.16041,13517
2026-01-23T14:00:00.000Z,1.16042,1.16143,1.15935,1.15967,20795
2026-01-23T18:00:00.000Z,1.15969,1.16009,1.15889,1.15902,14454
2026-01-25T22:00:00.000Z,1.16279,1.16279,1.15786,1.1608,17983
2026-01-26T02:00:00.000Z,1.16082,1.16082,1.15962,1.15991,13302
2026-01-26T06:00:00.000Z,1.15993,1.161,1.15886,1.1593,16271
2026-01-26T10:00:00.000Z,1.15934,1.1602,1.15897,1.1597,14640
2026-01-26T14:00:00.000Z,1.15972,1.15974,1.15677,1.15746,20108
2026-01-26T18:00:00.000Z,1.15744,1.15827,1.15654,1.15794,12366
2026-01-26T22:00:00.000Z,1.15696,1.15933,1.15539,1.15906,8943
2026-01-27T02:00:00.000Z,1.15908,1.15958,1.15823,1.15845,10600
2026-01-27T06:00:00.000Z,1.15843,1.16077,1.15826,1.15961,12286
2026-01-27T10:00:00.000Z,1.15965,1.16047,1.15846,1.15916,16391
2026-01-27T14:00:00.000Z,1.15918,1.16032,1.15871,1.15985,24173
2026-01-27T18:00:00.000Z,1.15983,1.16025,1.15873,1.15935,16896
2026-01-27T22:00:00.000Z,1.15915,1.16338,1.15893,1.16196,15925
2026-01-28T02:00:00.000Z,1.16194,1.16304,1.16142,1.16203,13640
2026-01-28T06:00:00.000Z,1.16207,1.16242,1.16042,1.16095,20080
2026-01-28T10:00:00.000Z,1.16093,1.16137,1.15994,1.16049,19501
2026-01-28T14:00:00.000Z,1.16049,1.16059,1.15853,1.16015,28240
2026-01-28T18:00:00.000Z,1.16019,1.16233,1.15921,1.16179,20651
2026-01-28T22:00:00.000Z,1.16115,1.16238,1.16013,1.16168,15327
2026-01-29T02:00:00.000Z,1.16168,1.16457,1.16144,1.16429,17824
2026-01-29T06:00:00.000Z,1.16431,1.16458,1.16302,1.1631,18348
2026-01-29T10:00:00.000Z,1.16312,1.16313,1.16112,1.16268,19855
2026-01-29T14:00:00.000Z,1.1627,1.16362,1.1564,1.15815,44602
2026-01-29T18:00:00.000Z,1.15812,1.15982,1.15787,1.1596,20035
2026-01-29T22:00:00.000Z,1.1593,1.16227,1.15784,1.15805,18202
2026-01-30T02:00:00.000Z,1.15812,1.15836,1.15579,1.1573,23204
2026-01-30T06:00:00.000Z,1.15728,1.15734,1.15515,1.15562,25290
2026-01-30T10:00:00.000Z,1.15563,1.15719,1.15449,1.15477,26252
2026-01-30T14:00:00.000Z,1.15478,1.15868,1.15464,1.15559,40017
2026-01-30T18:00:00.000Z,1.15558,1.15672,1.15451,1.15646,29919
2026-02-01T22:00:00.000Z,1.15488,1.15596,1.15367,1.15528,29858
2026-02-02T02:00:00.000Z,1.15526,1.15584,1.15269,1.15339,27977
2026-02-02T06:00:00.000Z,1.15336,1.15641,1.15269,1.15618,27960
2026-02-02T10:00:00.000Z,1.15621,1.15727,1.15541,1.15711,25468
2026-02-02T14:00:00.000Z,1.15711,1.15931,1.15679,1.15791,34606
2026-02-02T18:00:00.000Z,1.15793,1.15817,1.15698,1.1579,14216
2026-02-02T22:00:00.000Z,1.15838,1.15962,1.15662,1.15891,10848
2026-02-03T02:00:00.000Z,1.15892,1.16472,1.15793,1.16111,19372
2026-02-03T06:00:00.000Z,1.16113,1.16399,1.16009,1.16103,22566
2026-02-03T10:00:00.000Z,1.16104,1.16156,1.16002,1.16004,18303
2026-02-03T14:00:00.000Z,1.16006,1.16069,1.15938,1.15996,30751
2026-02-03T18:00:00.000Z,1.15994,1.16208,1.15816,1.16143,20572
2026-02-03T22:00:00.000Z,1.16088,1.16359,1.15877,1.16317,11145
2026-02-04T02:00:00.000Z,1.16319,1.16443,1.16274,1.16374,11569
2026-02-04T06:00:00.000Z,1.16375,1.16577,1.16323,1.16536,15359
2026-02-04T10:00:00.000Z,1.16537,1.16637,1.16485,1.16632,16739
2026-02-04T14:00:00.000Z,1.16633,1.16688,1.16382,1.16477,37217
2026-02-04T18:00:00.000Z,1.16475,1.16606,1.16412,1.16595,18779
2026-02-04T22:00:00.000Z,1.1641,1.16649,1.16253,1.16622,9904
2026-02-05T02:00:00.000Z,1.16625,1.16634,1.16362,1.16448,21439
2026-02-05T06:00:00.000Z,1.16449,1.16561,1.16422,1.16481,18796
2026-02-05T10:00:00.000Z,1.16481,1.16497,1.16175,1.16192,24228
2026-02-05T14:00:00.000Z,1.16195,1.16509,1.16181,1.16464,39480
2026-02-05T18:00:00.000Z,1.16462,1.16538,1.16419,1.1643,17890
2026-02-05T22:00:00.000Z,1.16403,1.1648,1.16312,1.16447,17387
2026-02-06T02:00:00.000Z,1.16445,1.16476,1.16256,1.16357,16811
2026-02-06T06:00:00.000Z,1.16357,1.1652,1.16354,1.16513,16014
2026-02-06T10:00:00.000Z,1.16513,1.16607,1.16452,1.16516,15359
2026-02-06T14:00:00.000Z,1.16511,1.16619,1.16449,1.16552,25093
2026-02-06T18:00:00.000Z,1.16554,1.16631,1.16528,1.16585,8858
2026-02-08T22:00:00.000Z,1.16289,1.16712,1.16289,1.16676,15127
2026-02-09T02:00:00.000Z,1.16676,1.16827,1.1666,1.16772,10132
2026-02-09T06:00:00.000Z,1.16773,1.17106,1.16736,1.17004,15770
2026-02-09T10:00:00.000Z,1.17004,1.17008,1.16805,1.16877,17552
2026-02-09T14:00:00.000Z,1.16877,1.17227,1.16873,1.17151,20690
2026-02-09T18:00:00.000Z,1.1715,1.17184,1.171,1.17107,8957
2026-02-09T22:00:00.000Z,1.16999,1.17449,1.16999,1.17163,9233
2026-02-10T02:00:00.000Z,1.17161,1.17206,1.17091,1.17115,9742
2026-02-10T06:00:00.000Z,1.17117,1.17123,1.16993,1.17014,11059
2026-02-10T10:00:00.000Z,1.17015,1.1707,1.16888,1.16956,13442
2026-02-10T14:00:00.000Z,1.16957,1.17067,1.16914,1.17037,23907
2026-02-10T18:00:00.000Z,1.17035,1.17072,1.16981,1.17041,10329
2026-02-10T22:00:00.000Z,1.17003,1.17326,1.16913,1.17291,7344
2026-02-11T02:00:00.000Z,1.17289,1.17554,1.17271,1.17382,10428
2026-02-11T06:00:00.000Z,1.17384,1.17393,1.17266,1.17297,11897
2026-02-11T10:00:00.000Z,1.17299,1.17562,1.1722,1.17554,19306
2026-02-11T14:00:00.000Z,1.17553,1.17839,1.17506,1.1783,35568
2026-02-11T18:00:00.000Z,1.17833,1.17833,1.17702,1.17794,12928
2026-02-11T22:00:00.000Z,1.1778,1.17964,1.17625,1.17896,8947
2026-02-12T02:00:00.000Z,1.179,1.17912,1.17657,1.17788,10457
2026-02-12T06:00:00.000Z,1.17786,1.17809,1.17294,1.17322,14280
2026-02-12T10:00:00.000Z,1.1732,1.17577,1.1727,1.17564,13096
2026-02-12T14:00:00.000Z,1.17566,1.17615,1.1733,1.17437,35458
2026-02-12T18:00:00.000Z,1.17434,1.17579,1.174,1.1747,17656
2026-02-12T22:00:00.000Z,1.17446,1.17559,1.17067,1.17443,10355
2026-02-13T02:00:00.000Z,1.17444,1.17479,1.17285,1.17321,10044
2026-02-13T06:00:00.000Z,1.17319,1.17331,1.17093,1.17113,16277
2026-02-13T10:00:00.000Z,1.17113,1.17149,1.16861,1.17088,20352
2026-02-13T14:00:00.000Z,1.17088,1.172,1.16983,1.17069,34089
2026-02-13T18:00:00.000Z,1.1707,1.17147,1.17017,1.17029,13570
2026-02-15T22:00:00.000Z,1.17065,1.17341,1.16875,1.17306,9660
2026-02-16T02:00:00.000Z,1.17305,1.17514,1.17292,1.17417,7632
2026-02-16T06:00:00.000Z,1.17419,1.1742,1.17242,1.17271,10637
2026-02-16T10:00:00.000Z,1.1727,1.17305,1.17176,1.17282,10043
2026-02-16T14:00:00.000Z,1.17282,1.17293,1.17151,1.17245,10672
2026-02-16T18:00:00.000Z,1.17244,1.1726,1.17173,1.17191,2038
2026-02-16T22:00:00.000Z,1.1714,1.17301,1.17136,1.17168,7703
2026-02-17T02:00:00.000Z,1.17171,1.17179,1.17012,1.17063,10949
2026-02-17T06:00:00.000Z,1.17061,1.17216,1.17025,1.17052,13994
2026-02-17T10:00:00.000Z,1.17051,1.17054,1.16791,1.16943,17935
2026-02-17T14:00:00.000Z,1.16943,1.17197,1.16936,1.17159,34380
2026-02-17T18:00:00.000Z,1.17159,1.17193,1.17063,1.17103,13449
2026-02-17T22:00:00.000Z,1.17058,1.17701,1.17038,1.17559,7947
2026-02-18T02:00:00.000Z,1.17557,1.17871,1.17552,1.17839,7481
2026-02-18T06:00:00.000Z,1.17837,1.17951,1.17706,1.17745,12310
2026-02-18T10:00:00.000Z,1.17746,1.17887,1.17714,1.17844,13183
2026-02-18T14:00:00.000Z,1.17846,1.18068,1.1782,1.1806,21128
2026-02-18T18:00:00.000Z,1.18053,1.18053,1.17963,1.18025,12987
2026-02-18T22:00:00.000Z,1.18043,1.18292,1.17715,1.1829,7850
2026-02-19T02:00:00.000Z,1.18287,1.18309,1.18078,1.18138,7878
2026-02-19T06:00:00.000Z,1.18138,1.18236,1.18071,1.18152,12782
2026-02-19T10:00:00.000Z,1.1815,1.1822,1.18006,1.18208,15256
2026-02-19T14:00:00.000Z,1.18208,1.18247,1.18092,1.18123,29141
2026-02-19T18:00:00.000Z,1.18124,1.18173,1.18094,1.18154,11863
2026-02-19T22:00:00.000Z,1.18078,1.18311,1.18022,1.18142,9008
2026-02-20T02:00:00.000Z,1.18131,1.18302,1.18076,1.18302,11157
2026-02-20T06:00:00.000Z,1.183,1.18533,1.18275,1.18465,14568
2026-02-20T10:00:00.000Z,1.18463,1.18516,1.18318,1.18445,16668
2026-02-20T14:00:00.000Z,1.18443,1.18587,1.18374,1.18522,39201
2026-02-20T18:00:00.000Z,1.1852,1.18564,1.1845,1.18525,19990
2026-02-22T22:00:00.000Z,1.18299,1.18554,1.18174,1.18207,17115
2026-02-23T02:00:00.000Z,1.18202,1.18217,1.18104,1.18193,11988
2026-02-23T06:00:00.000Z,1.18191,1.18476,1.18156,1.18459,13387
2026-02-23T10:00:00.000Z,1.18457,1.18505,1.18386,1.18392,14241
2026-02-23T14:00:00.000Z,1.18394,1.18484,1.18323,1.1839,27545
2026-02-23T18:00:00.000Z,1.18389,1.18521,1.18382,1.18461,11271
2026-02-23T22:00:00.000Z,1.18416,1.18496,1.18275,1.1844,10777
2026-02-24T02:00:00.000Z,1.18442,1.18515,1.18391,1.18487,9660
2026-02-24T06:00:00.000Z,1.18485,1.18563,1.18355,1.1836,15904
2026-02-24T10:00:00.000Z,1.18358,1.18383,1.18214,1.18259,13888
2026-02-24T14:00:00.000Z,1.18257,1.18375,1.1819,1.18337,22304
2026-02-24T18:00:00.000Z,1.18339,1.18342,1.18242,1.1828,8776
2026-02-24T22:00:00.000Z,1.184,1.18578,1.18256,1.18571,9575
2026-02-25T02:00:00.000Z,1.18573,1.18915,1.1851,1.18828,13194
2026-02-25T06:00:00.000Z,1.18827,1.18888,1.18628,1.18654,14383
2026-02-25T10:00:00.000Z,1.18652,1.18786,1.18649,1.18779,13220
2026-02-25T14:00:00.000Z,1.18777,1.18783,1.18668,1.18752,19518
2026-02-25T18:00:00.000Z,1.1875,1.18756,1.18672,1.18691,6995
2026-02-25T22:00:00.000Z,1.18705,1.18778,1.18623,1.18641,9173
2026-02-26T02:00:00.000Z,1.18639,1.18747,1.18537,1.18714,10727
2026-02-26T06:00:00.000Z,1.18712,1.18915,1.18698,1.18873,14790
2026-02-26T10:00:00.000Z,1.18871,1.18914,1.18791,1.18819,12032
2026-02-26T14:00:00.000Z,1.18815,1.18834,1.1859,1.18746,29759
2026-02-26T18:00:00.000Z,1.18748,1.18864,1.18735,1.18818,11977
2026-02-26T22:00:00.000Z,1.18752,1.18885,1.18503,1.18835,11835
2026-02-27T02:00:00.000Z,1.18838,1.18984,1.18817,1.1896,9826
2026-02-27T06:00:00.000Z,1.1896,1.18994,1.18802,1.18812,14895
2026-02-27T10:00:00.000Z,1.1881,1.18824,1.18639,1.18757,17231
2026-02-27T14:00:00.000Z,1.18757,1.18856,1.18609,1.18627,29356
2026-02-27T18:00:00.000Z,1.18628,1.18677,1.18596,1.18633,12925
2026-03-01T22:00:00.000Z,1.18263,1.187,1.18177,1.1868,27098
2026-03-02T02:00:00.000Z,1.1868,1.18797,1.1863,1.1875,19231
2026-03-02T06:00:00.000Z,1.18748,1.18967,1.1869,1.18896,28684
2026-03-02T10:00:00.000Z,1.18896,1.18961,1.18827,1.18918,25281
2026-03-02T14:00:00.000Z,1.18915,1.19303,1.18879,1.19231,36079
2026-03-02T18:00:00.000Z,1.1923,1.19375,1.19189,1.1936,19238
2026-03-02T22:00:00.000Z,1.19221,1.19611,1.19182,1.19424,13630
2026-03-03T02:00:00.000Z,1.19422,1.1968,1.19377,1.19581,21858
2026-03-03T06:00:00.000Z,1.19579,1.19797,1.19524,1.19536,31861
2026-03-03T10:00:00.000Z,1.19538,1.19644,1.18939,1.1908,38629
2026-03-03T14:00:00.000Z,1.19078,1.19489,1.18867,1.19457,49661
2026-03-03T18:00:00.000Z,1.19459,1.19568,1.19383,1.1949,27091
2026-03-03T22:00:00.000Z,1.19337,1.19569,1.19121,1.19189,22166
2026-03-04T02:00:00.000Z,1.19187,1.1924,1.18624,1.18767,31413
2026-03-04T06:00:00.000Z,1.18769,1.19189,1.18757,1.191,30948
2026-03-04T10:00:00.000Z,1.19102,1.19351,1.19095,1.19348,34727
2026-03-04T14:00:00.000Z,1.19346,1.19368,1.19076,1.19229,36353
2026-03-04T18:00:00.000Z,1.19232,1.19234,1.19109,1.19129,13846
2026-03-04T22:00:00.000Z,1.19074,1.19239,1.19014,1.19087,13525
2026-03-05T02:00:00.000Z,1.19087,1.19124,1.18914,1.18999,22648
2026-03-05T06:00:00.000Z,1.18996,1.19005,1.18735,1.18978,33319
2026-03-05T10:00:00.000Z,1.18978,1.19068,1.18876,1.18966,27071
2026-03-05T14:00:00.000Z,1.18964,1.19075,1.18751,1.18776,43934
2026-03-05T18:00:00.000Z,1.18778,1.18865,1.18738,1.18828,27488
2026-03-05T22:00:00.000Z,1.18626,1.18985,1.18562,1.18983,12636
2026-03-06T02:00:00.000Z,1.18982,1.19138,1.18972,1.19092,15065
2026-03-06T06:00:00.000Z,1.19089,1.19301,1.19077,1.19189,23841
2026-03-06T10:00:00.000Z,1.19191,1.19354,1.19125,1.19173,33796
2026-03-06T14:00:00.000Z,1.19173,1.19259,1.18937,1.18951,49996
2026-03-06T18:00:00.000Z,1.1895,1.191,1.18923,1.191,28378
2026-03-08T21:00:00.000Z,1.18992,1.19294,1.18827,1.18912,25187
2026-03-09T01:00:00.000Z,1.18912,1.19146,1.18833,1.191,32939
2026-03-09T05:00:00.000Z,1.191,1.19139,1.18745,1.18767,38275
2026-03-09T09:00:00.000Z,1.18768,1.18898,1.187,1.18831,37747
2026-03-09T13:00:00.000Z,1.18834,1.19099,1.18735,1.19023,43778
2026-03-09T17:00:00.000Z,1.19026,1.19309,1.18939,1.19274,26396
2026-03-09T21:00:00.000Z,1.19138,1.19338,1.19096,1.19287,15026
2026-03-10T01:00:00.000Z,1.19289,1.19498,1.19263,1.19466,24202
2026-03-10T05:00:00.000Z,1.19464,1.19869,1.19394,1.19762,24363
2026-03-10T09:00:00.000Z,1.1976,1.19948,1.19703,1.19823,30926
2026-03-10T13:00:00.000Z,1.19821,1.20148,1.19795,1.20113,35739
2026-03-10T17:00:00.000Z,1.20114,1.20197,1.2001,1.20066,30831
2026-03-10T21:00:00.000Z,1.19971,1.20305,1.19907,1.20279,9625
2026-03-11T01:00:00.000Z,1.20277,1.20791,1.20272,1.20773,16629
2026-03-11T05:00:00.000Z,1.20773,1.20846,1.20603,1.20808,23519
2026-03-11T09:00:00.000Z,1.20808,1.20936,1.20706,1.20828,29842
2026-03-11T13:00:00.000Z,1.20824,1.21072,1.20822,1.20911,40120
2026-03-11T17:00:00.000Z,1.20911,1.20936,1.20772,1.20922,19911
2026-03-11T21:00:00.000Z,1.2088,1.21013,1.20591,1.20995,13997
2026-03-12T01:00:00.000Z,1.20997,1.21096,1.20739,1.20748,18321
2026-03-12T05:00:00.000Z,1.2075,1.20891,1.20598,1.20886,22134
2026-03-12T09:00:00.000Z,1.20886,1.20999,1.2075,1.20986,22921
2026-03-12T13:00:00.000Z,1.20987,1.20992,1.20761,1.20963,42780
2026-03-12T17:00:00.000Z,1.20965,1.20997,1.20868,1.20882,20659
2026-03-12T21:00:00.000Z,1.20824,1.21022,1.20735,1.21008,8971
2026-03-13T01:00:00.000Z,1.2101,1.21146,1.20875,1.21136,15383
2026-03-13T05:00:00.000Z,1.21133,1.21205,1.20854,1.20955,23150
2026-03-13T09:00:00.000Z,1.20957,1.21001,1.20822,1.2092,28369
2026-03-13T13:00:00.000Z,1.20922,1.2093,1.20656,1.20775,39811
2026-03-13T17:00:00.000Z,1.20775,1.20927,1.20771,1.20854,21106
2026-03-15T21:00:00.000Z,1.20659,1.20978,1.20391,1.20876,14351
2026-03-16T01:00:00.000Z,1.20878,1.20883,1.20541,1.20647,16940
2026-03-16T05:00:00.000Z,1.20649,1.20867,1.20647,1.20711,18684
2026-03-16T09:00:00.000Z,1.20708,1.20759,1.20604,1.20704,21644
2026-03-16T13:00:00.000Z,1.20702,1.20818,1.20637,1.20689,28510
2026-03-16T17:00:00.000Z,1.20691,1.20708,1.20591,1.20628,17026
2026-03-16T21:00:00.000Z,1.20604,1.20824,1.20515,1.20808,6508
2026-03-17T01:00:00.000Z,1.20806,1.21201,1.20604,1.21073,15099
2026-03-17T05:00:00.000Z,1.21076,1.21486,1.21072,1.21325,20940
2026-03-17T09:00:00.000Z,1.21322,1.21373,1.21203,1.21299,19254
2026-03-17T13:00:00.000Z,1.21298,1.21409,1.21162,1.21213,28074
2026-03-17T17:00:00.000Z,1.21215,1.21297,1.21187,1.2126,11171
2026-03-17T21:00:00.000Z,1.21181,1.21386,1.21044,1.21301,9148
2026-03-18T01:00:00.000Z,1.21302,1.21406,1.21269,1.21355,9358
2026-03-18T05:00:00.000Z,1.21357,1.21442,1.21245,1.21261,12201
2026-03-18T09:00:00.000Z,1.21263,1.21327,1.21159,1.21222,20310
2026-03-18T13:00:00.000Z,1.21212,1.21259,1.21095,1.21228,30069
2026-03-18T17:00:00.000Z,1.21227,1.21289,1.21091,1.21156,22329
2026-03-18T21:00:00.000Z,1.2114,1.21422,1.20744,1.21105,11126
2026-03-19T01:00:00.000Z,1.21103,1.21149,1.20951,1.20962,15397
2026-03-19T05:00:00.000Z,1.20962,1.21083,1.2093,1.2106,22354
2026-03-19T09:00:00.000Z,1.2106,1.2126,1.20842,1.20861,30372
2026-03-19T13:00:00.000Z,1.2086,1.20884,1.20569,1.20696,41999
2026-03-19T17:00:00.000Z,1.20694,1.20702,1.2057,1.20644,24710
2026-03-19T21:00:00.000Z,1.20595,1.2076,1.20345,1.2038,8598
2026-03-20T01:00:00.000Z,1.20377,1.20525,1.20324,1.20516,14015
2026-03-20T05:00:00.000Z,1.20513,1.20575,1.20392,1.20468,16760
2026-03-20T09:00:00.000Z,1.20466,1.20624,1.20435,1.20603,25953
2026-03-20T13:00:00.000Z,1.20602,1.20687,1.20416,1.20476,35331
2026-03-20T17:00:00.000Z,1.20476,1.20544,1.20339,1.20429,24271
2026-03-22T21:00:00.000Z,1.2015,1.20372,1.19909,1.20112,16119
2026-03-23T01:00:00.000Z,1.20115,1.20212,1.20046,1.20075,25275
2026-03-23T05:00:00.000Z,1.20073,1.20216,1.19963,1.20183,27542
2026-03-23T09:00:00.000Z,1.20183,1.20539,1.19897,1.20129,42867
2026-03-23T13:00:00.000Z,1.2013,1.20131,1.19677,1.19694,46117
2026-03-23T17:00:00.000Z,1.19694,1.19717,1.19454,1.19651,24042
2026-03-23T21:00:00.000Z,1.1973,1.19788,1.19315,1.19569,14761
2026-03-24T01:00:00.000Z,1.19576,1.19668,1.19326,1.19493,24663
2026-03-24T05:00:00.000Z,1.19491,1.19691,1.19444,1.19563,29832
2026-03-24T09:00:00.000Z,1.19567,1.19679,1.19395,1.19417,28669
2026-03-24T13:00:00.000Z,1.19415,1.19811,1.19413,1.19789,38263
2026-03-24T17:00:00.000Z,1.19789,1.19868,1.19699,1.19833,27530
2026-03-24T21:00:00.000Z,1.19703,1.1993,1.19501,1.19793,12806
2026-03-25T01:00:00.000Z,1.19791,1.19921,1.19669,1.19903,18019
2026-03-25T05:00:00.000Z,1.19905,1.20007,1.19751,1.19766,20397
2026-03-25T09:00:00.000Z,1.19764,1.19818,1.19589,1.19627,23610
2026-03-25T13:00:00.000Z,1.19629,1.19732,1.19571,1.19637,32520
2026-03-25T17:00:00.000Z,1.19636,1.19673,1.19585,1.19629,16025
2026-03-25T21:00:00.000Z,1.19652,1.19718,1.19426,1.19617,7685
2026-03-26T01:00:00.000Z,1.19617,1.19771,1.1959,1.19749,14033
2026-03-26T05:00:00.000Z,1.19751,1.20009,1.19721,1.19962,18468
2026-03-26T09:00:00.000Z,1.1996,1.19979,1.19496,1.195,20005
2026-03-26T13:00:00.000Z,1.19495,1.19658,1.19494,1.19611,30397
2026-03-26T17:00:00.000Z,1.19609,1.19676,1.19498,1.19529,18064
2026-03-26T21:00:00.000Z,1.19572,1.19664,1.19144,1.19418,10176
2026-03-27T01:00:00.000Z,1.19419,1.19671,1.19373,1.19657,13695
2026-03-27T05:00:00.000Z,1.19661,1.1967,1.19358,1.19577,17417
2026-03-27T09:00:00.000Z,1.19577,1.19737,1.19474,1.19689,20152
2026-03-27T13:00:00.000Z,1.19691,1.19714,1.19572,1.19667,29683
2026-03-27T17:00:00.000Z,1.19665,1.19723,1.19559,1.19666,16075
2026-03-29T21:00:00.000Z,1.19349,1.19618,1.19095,1.19552,16325
2026-03-30T01:00:00.000Z,1.19554,1.19746,1.19465,1.19712,16485
2026-03-30T05:00:00.000Z,1.19711,1.19777,1.19528,1.19763,17297
2026-03-30T09:00:00.000Z,1.19765,1.19952,1.19753,1.19889,17929
2026-03-30T13:00:00.000Z,1.19887,1.20033,1.19746,1.19904,27063
2026-03-30T17:00:00.000Z,1.19907,1.19942,1.19747,1.19764,13237
2026-03-30T21:00:00.000Z,1.19652,1.19853,1.19552,1.19821,11145
2026-03-31T01:00:00.000Z,1.19817,1.19913,1.19766,1.19889,20468
2026-03-31T05:00:00.000Z,1.19891,1.20137,1.1987,1.20062,19448
2026-03-31T09:00:00.000Z,1.20064,1.20243,1.20054,1.20137,22983
2026-03-31T13:00:00.000Z,1.20142,1.2023,1.19952,1.20164,32397
2026-03-31T17:00:00.000Z,1.20164,1.20199,1.20034,1.20065,21963
2026-03-31T21:00:00.000Z,1.20003,1.20399,1.19925,1.20386,8510
2026-04-01T01:00:00.000Z,1.20389,1.20498,1.20295,1.20298,14645
2026-04-01T05:00:00.000Z,1.20296,1.20534,1.20195,1.20409,23613
2026-04-01T09:00:00.000Z,1.20407,1.20535,1.20334,1.20449,21166
2026-04-01T13:00:00.000Z,1.20451,1.20511,1.20307,1.20323,29967
2026-04-01T17:00:00.000Z,1.20325,1.20421,1.20322,1.20399,15826
2026-04-01T21:00:00.000Z,1.20248,1.20485,1.20174,1.20412,9082
2026-04-02T01:00:00.000Z,1.20409,1.20525,1.20257,1.20464,26266
2026-04-02T05:00:00.000Z,1.20465,1.20551,1.20332,1.20374,19258
2026-04-02T09:00:00.000Z,1.20376,1.20514,1.20287,1.20483,18123
2026-04-02T13:00:00.000Z,1.20481,1.20735,1.20442,1.20722,31813
2026-04-02T17:00:00.000Z,1.20721,1.20919,1.20709,1.20857,12133
2026-04-02T21:00:00.000Z,1.20802,1.20935,1.20674,1.2092,4302
2026-04-03T01:00:00.000Z,1.2092,1.20999,1.20902,1.20992,3947
2026-04-03T05:00:00.000Z,1.20988,1.21075,1.20969,1.2107,4759
2026-04-03T09:00:00.000Z,1.2107,1.21121,1.20837,1.20975,7891
2026-04-03T13:00:00.000Z,1.20976,1.21094,1.20956,1.21035,8779
2026-04-03T17:00:00.000Z,1.21037,1.21175,1.20783,1.20946,5318
2026-04-05T21:00:00.000Z,1.20829,1.21184,1.20735,1.21089,11070
2026-04-06T01:00:00.000Z,1.21095,1.21197,1.2108,1.21137,13467
2026-04-06T05:00:00.000Z,1.21135,1.21147,1.21035,1.21079,14215
2026-04-06T09:00:00.000Z,1.21082,1.21141,1.21058,1.21098,14367
2026-04-06T13:00:00.000Z,1.21098,1.21167,1.2095,1.21011,23632
2026-04-06T17:00:00.000Z,1.21011,1.21116,1.21,1.21102,12301
2026-04-06T21:00:00.000Z,1.20965,1.21225,1.20703,1.21135,7908
2026-04-07T01:00:00.000Z,1.21133,1.21304,1.21094,1.21293,15020
2026-04-07T05:00:00.000Z,1.21295,1.21427,1.21231,1.21419,18593
2026-04-07T09:00:00.000Z,1.21418,1.21667,1.21377,1.21665,22608
2026-04-07T13:00:00.000Z,1.2166,1.21765,1.21518,1.21702,28629
2026-04-07T17:00:00.000Z,1.21699,1.21786,1.21666,1.21686,18302
2026-04-07T21:00:00.000Z,1.21612,1.21965,1.21438,1.21858,26428
2026-04-08T01:00:00.000Z,1.21856,1.21984,1.20916,1.2115,23135
2026-04-08T05:00:00.000Z,1.21152,1.21238,1.20942,1.21093,24614
2026-04-08T09:00:00.000Z,1.21095,1.2115,1.20767,1.20826,22091
2026-04-08T13:00:00.000Z,1.20829,1.20996,1.20742,1.20975,29700
2026-04-08T17:00:00.000Z,1.20977,1.21048,1.20931,1.20972,16178
2026-04-08T21:00:00.000Z,1.20646,1.21062,1.20623,1.20784,7579
2026-04-09T01:00:00.000Z,1.20782,1.20784,1.20583,1.20685,12743
2026-04-09T05:00:00.000Z,1.20686,1.20703,1.20471,1.20532,17052
2026-04-09T09:00:00.000Z,1.20534,1.20696,1.20491,1.20644,15814
2026-04-09T13:00:00.000Z,1.20643,1.20796,1.20582,1.20766,24721
2026-04-09T17:00:00.000Z,1.20768,1.20915,1.20706,1.20897,13507
2026-04-09T21:00:00.000Z,1.20624,1.20964,1.20617,1.20939,6606
2026-04-10T01:00:00.000Z,1.20942,1.20987,1.20796,1.20871,9610
2026-04-10T05:00:00.000Z,1.20869,1.20967,1.20797,1.20957,12457
2026-04-10T09:00:00.000Z,1.20956,1.21,1.20715,1.20929,15574
2026-04-10T13:00:00.000Z,1.20929,1.21145,1.20818,1.21112,22331
2026-04-10T17:00:00.000Z,1.21112,1.2115,1.21046,1.21071,10982
2026-04-12T21:00:00.000Z,1.20479,1.21029,1.20446,1.20889,13359
2026-04-13T01:00:00.000Z,1.2089,1.20933,1.20776,1.20789,12167
2026-04-13T05:00:00.000Z,1.20787,1.20965,1.20781,1.20955,14572
2026-04-13T09:00:00.000Z,1.20954,1.20958,1.20821,1.20886,14697
2026-04-13T13:00:00.000Z,1.20886,1.20954,1.20826,1.20888,24862
2026-04-13T17:00:00.000Z,1.20886,1.20952,1.20869,1.2095,11075
2026-04-13T21:00:00.000Z,1.20933,1.21001,1.2071,1.20861,6525
2026-04-14T01:00:00.000Z,1.20862,1.20888,1.20691,1.20705,9315
2026-04-14T05:00:00.000Z,1.20709,1.20709,1.20421,1.20555,15798
2026-04-14T09:00:00.000Z,1.20555,1.20795,1.20548,1.20739,16985
2026-04-14T13:00:00.000Z,1.20737,1.20809,1.20689,1.20717,20350
2026-04-14T17:00:00.000Z,1.20715,1.20759,1.207,1.20752,10255
2026-04-14T21:00:00.000Z,1.20506,1.20791,1.20506,1.20744,7421
2026-04-15T01:00:00.000Z,1.20744,1.20897,1.20719,1.20873,10233
2026-04-15T05:00:00.000Z,1.20873,1.21109,1.20862,1.20951,15197
2026-04-15T09:00:00.000Z,1.2095,1.21112,1.20938,1.21068,18425
2026-04-15T13:00:00.000Z,1.21068,1.21251,1.21066,1.21204,21498
2026-04-15T17:00:00.000Z,1.21205,1.21288,1.21195,1.21247,10345
2026-04-15T21:00:00.000Z,1.21175,1.21383,1.21093,1.2136,6234
2026-04-16T01:00:00.000Z,1.21363,1.21561,1.21302,1.21541,12488
2026-04-16T05:00:00.000Z,1.21543,1.21713,1.21475,1.21699,17251
2026-04-16T09:00:00.000Z,1.21701,1.21784,1.21656,1.21752,15224
2026-04-16T13:00:00.000Z,1.21753,1.21847,1.21557,1.21607,26486
2026-04-16T17:00:00.000Z,1.21609,1.21625,1.21528,1.21573,14581
2026-04-16T21:00:00.000Z,1.21449,1.21667,1.21214,1.21646,8590
2026-04-17T01:00:00.000Z,1.21643,1.21778,1.21643,1.21741,11433
2026-04-17T05:00:00.000Z,1.21742,1.21846,1.21709,1.21825,15925
2026-04-17T09:00:00.000Z,1.21826,1.21918,1.21785,1.21794,20659
2026-04-17T13:00:00.000Z,1.21795,1.21907,1.21636,1.21685,42004
2026-04-17T17:00:00.000Z,1.21685,1.21838,1.2168,1.21818,25068
2026-04-19T21:00:00.000Z,1.21493,1.21817,1.21471,1.21674,18060
2026-04-20T01:00:00.000Z,1.21673,1.21732,1.21616,1.21716,16984
2026-04-20T05:00:00.000Z,1.21717,1.21918,1.21698,1.21789,26358
2026-04-20T09:00:00.000Z,1.21789,1.21795,1.21667,1.21759,20451
2026-04-20T13:00:00.000Z,1.21758,1.21826,1.21672,1.2177,31868
2026-04-20T17:00:00.000Z,1.2177,1.21889,1.2174,1.21833,13411
2026-04-20T21:00:00.000Z,1.21879,1.21934,1.21295,1.21321,9448
2026-04-21T01:00:00.000Z,1.21321,1.2148,1.21204,1.21345,12606
2026-04-21T05:00:00.000Z,1.21344,1.21354,1.21111,1.21202,19466
2026-04-21T09:00:00.000Z,1.21202,1.21269,1.21143,1.21266,17674
2026-04-21T13:00:00.000Z,1.21264,1.21422,1.21227,1.21325,32984
2026-04-21T17:00:00.000Z,1.21325,1.21484,1.21287,1.21359,33824
2026-04-21T21:00:00.000Z,1.21166,1.21461,1.21006,1.21261,8799
2026-04-22T01:00:00.000Z,1.21261,1.2128,1.21135,1.212,11574
2026-04-22T05:00:00.000Z,1.212,1.21225,1.21061,1.21089,19271
2026-04-22T09:00:00.000Z,1.21087,1.21173,1.21073,1.21154,17644
2026-04-22T13:00:00.000Z,1.21157,1.21233,1.2105,1.21206,26528
2026-04-22T17:00:00.000Z,1.21205,1.21257,1.21177,1.21247,12385
2026-04-22T21:00:00.000Z,1.20753,1.21279,1.20753,1.21248,12753
2026-04-23T01:00:00.000Z,1.21248,1.21477,1.21176,1.2144,20255
2026-04-23T05:00:00.000Z,1.21441,1.21527,1.21412,1.21518,17464
2026-04-23T09:00:00.000Z,1.21517,1.21601,1.21427,1.21586,23745
2026-04-23T13:00:00.000Z,1.21588,1.21786,1.21578,1.21777,28376
2026-04-23T17:00:00.000Z,1.21779,1.21834,1.21674,1.21763,30110
2026-04-23T21:00:00.000Z,1.21488,1.2183,1.21368,1.21753,8722
2026-04-24T01:00:00.000Z,1.21754,1.21832,1.21668,1.21724,16462
2026-04-24T05:00:00.000Z,1.21728,1.2186,1.217,1.21771,16430
2026-04-24T09:00:00.000Z,1.21769,1.21784,1.2155,1.21558,22251
2026-04-24T13:00:00.000Z,1.2156,1.21677,1.2151,1.21629,30918
2026-04-24T17:00:00.000Z,1.21628,1.21647,1.21541,1.21575,12506
2026-04-26T21:00:00.000Z,1.21397,1.21714,1.21282,1.21666,9902
2026-04-27T01:00:00.000Z,1.21667,1.2177,1.21641,1.21746,14622
2026-04-27T05:00:00.000Z,1.21744,1.21777,1.21556,1.21591,16399
2026-04-27T09:00:00.000Z,1.21593,1.21601,1.21461,1.21491,15339
2026-04-27T13:00:00.000Z,1.21493,1.21583,1.21473,1.21568,22844
2026-04-27T17:00:00.000Z,1.21567,1.21637,1.21554,1.21589,9840
2026-04-27T21:00:00.000Z,1.21518,1.21671,1.21432,1.21629,8081
2026-04-28T01:00:00.000Z,1.21631,1.21768,1.2159,1.21745,15086
2026-04-28T05:00:00.000Z,1.21743,1.21866,1.2168,1.21848,21545
2026-04-28T09:00:00.000Z,1.21846,1.21938,1.21794,1.21892,25218
2026-04-28T13:00:00.000Z,1.21894,1.22044,1.21886,1.22014,30540
2026-04-28T17:00:00.000Z,1.22014,1.22069,1.21982,1.22018,11680
2026-04-28T21:00:00.000Z,1.22028,1.22085,1.21734,1.22038,7267
2026-04-29T01:00:00.000Z,1.22036,1.22288,1.21734,1.22172,19445
2026-04-29T05:00:00.000Z,1.22172,1.22235,1.22024,1.22133,18014
2026-04-29T09:00:00.000Z,1.22131,1.22292,1.22122,1.22268,18041
2026-04-29T13:00:00.000Z,1.22268,1.22344,1.22062,1.22159,32149
2026-04-29T17:00:00.000Z,1.22159,1.22192,1.22,1.22045,26442
2026-04-29T21:00:00.000Z,1.21832,1.22092,1.21634,1.21986,11714
2026-04-30T01:00:00.000Z,1.21985,1.22256,1.21984,1.22121,22514
2026-04-30T05:00:00.000Z,1.2212,1.22185,1.22042,1.2209,24859
2026-04-30T09:00:00.000Z,1.22092,1.22135,1.21564,1.21856,37612
2026-04-30T13:00:00.000Z,1.21858,1.22165,1.2181,1.21919,36620
2026-04-30T17:00:00.000Z,1.21917,1.21948,1.21814,1.21851,17708
2026-04-30T21:00:00.000Z,1.21747,1.21958,1.21708,1.21953,8880
2026-05-01T01:00:00.000Z,1.21951,1.2201,1.21891,1.22007,12484
2026-05-01T05:00:00.000Z,1.22009,1.22112,1.21991,1.22013,18713
2026-05-01T09:00:00.000Z,1.22012,1.22111,1.21978,1.22048,17923
2026-05-01T13:00:00.000Z,1.2205,1.22102,1.21942,1.22014,30982
2026-05-01T17:00:00.000Z,1.22012,1.22132,1.22008,1.22042,13472
2026-05-03T21:00:00.000Z,1.22128,1.22183,1.21896,1.22096,9862
2026-05-04T01:00:00.000Z,1.22094,1.22105,1.21728,1.21775,17856
2026-05-04T05:00:00.000Z,1.21778,1.21973,1.21754,1.21929,18373
2026-05-04T09:00:00.000Z,1.21927,1.22043,1.21916,1.2197,26191
2026-05-04T13:00:00.000Z,1.21968,1.22132,1.21924,1.22041,36488
2026-05-04T17:00:00.000Z,1.22039,1.2209,1.22009,1.22019,16155
2026-05-04T21:00:00.000Z,1.21958,1.22127,1.21889,1.22116,6954
2026-05-05T01:00:00.000Z,1.22115,1.22195,1.21906,1.22072,12230
2026-05-05T05:00:00.000Z,1.2207,1.22072,1.21543,1.2174,20857
2026-05-05T09:00:00.000Z,1.2174,1.21974,1.21704,1.21966,18457
2026-05-05T13:00:00.000Z,1.21968,1.22044,1.21838,1.21982,23760
2026-05-05T17:00:00.000Z,1.2198,1.22039,1.21966,1.22005,9529
2026-05-05T21:00:00.000Z,1.21891,1.22115,1.21681,1.22025,15443
2026-05-06T01:00:00.000Z,1.22028,1.22059,1.2179,1.21799,22532
2026-05-06T05:00:00.000Z,1.21797,1.2192,1.2155,1.21613,23636
2026-05-06T09:00:00.000Z,1.21616,1.2169,1.21303,1.21425,35067
2026-05-06T13:00:00.000Z,1.21425,1.21518,1.21382,1.21467,30151
2026-05-06T17:00:00.000Z,1.21465,1.21534,1.2143,1.21529,12632
2026-05-06T21:00:00.000Z,1.21297,1.21586,1.21126,1.21505,11097
2026-05-07T01:00:00.000Z,1.21506,1.21586,1.21474,1.21569,16574
2026-05-07T05:00:00.000Z,1.21567,1.21685,1.21436,1.21468,20078
2026-05-07T09:00:00.000Z,1.21469,1.21507,1.21204,1.21304,18490
2026-05-07T13:00:00.000Z,1.21303,1.21482,1.21245,1.21444,27667
2026-05-07T17:00:00.000Z,1.21443,1.21487,1.21321,1.21326,25186
2026-05-07T21:00:00.000Z,1.21276,1.21402,1.21166,1.21372,10838
2026-05-08T01:00:00.000Z,1.21374,1.21477,1.21349,1.21467,17785
2026-05-08T05:00:00.000Z,1.21465,1.21482,1.21277,1.21329,19754
2026-05-08T09:00:00.000Z,1.21329,1.21479,1.2125,1.21466,20064
2026-05-08T13:00:00.000Z,1.21468,1.21606,1.21456,1.21527,27955
2026-05-08T17:00:00.000Z,1.21529,1.21548,1.21474,1.21483,12046
2026-05-10T21:00:00.000Z,1.21481,1.21617,1.21096,1.21508,10954
2026-05-11T01:00:00.000Z,1.21512,1.21646,1.21482,1.21645,15751
2026-05-11T05:00:00.000Z,1.21643,1.21747,1.21627,1.21658,16039
2026-05-11T09:00:00.000Z,1.21656,1.2178,1.21655,1.217,16635
2026-05-11T13:00:00.000Z,1.21698,1.21761,1.21583,1.21587,22411
2026-05-11T17:00:00.000Z,1.21588,1.21612,1.21544,1.21552,12573
2026-05-11T21:00:00.000Z,1.21471,1.21557,1.21352,1.21471,9249
2026-05-12T01:00:00.000Z,1.21469,1.21492,1.21363,1.21407,18579
2026-05-12T05:00:00.000Z,1.21406,1.21462,1.21344,1.21408,24038
2026-05-12T09:00:00.000Z,1.21404,1.21499,1.21262,1.21379,22709
2026-05-12T13:00:00.000Z,1.21379,1.21624,1.21368,1.21521,31636
2026-05-12T17:00:00.000Z,1.21524,1.21609,1.21491,1.21607,15479
2026-05-12T21:00:00.000Z,1.21519,1.21666,1.21362,1.21503,10081
2026-05-13T01:00:00.000Z,1.21505,1.21818,1.2142,1.21806,16681
2026-05-13T05:00:00.000Z,1.21808,1.22119,1.21768,1.22107,17764
2026-05-13T09:00:00.000Z,1.22109,1.22307,1.22081,1.22247,18440
2026-05-13T13:00:00.000Z,1.2225,1.22397,1.22223,1.22305,25599
2026-05-13T17:00:00.000Z,1.22303,1.2236,1.22188,1.22257,12707
2026-05-13T21:00:00.000Z,1.22262,1.22309,1.22073,1.22238,8478
2026-05-14T01:00:00.000Z,1.22236,1.22353,1.22186,1.22309,15296
2026-05-14T05:00:00.000Z,1.22311,1.22345,1.22097,1.22098,20855
2026-05-14T09:00:00.000Z,1.221,1.22119,1.21913,1.22028,19148
2026-05-14T13:00:00.000Z,1.22026,1.22062,1.21915,1.22002,26059
2026-05-14T17:00:00.000Z,1.22005,1.22152,1.21996,1.22122,14522
2026-05-14T21:00:00.000Z,1.22088,1.22326,1.21962,1.22295,9257
2026-05-15T01:00:00.000Z,1.22295,1.22319,1.22136,1.2226,23241
2026-05-15T05:00:00.000Z,1.22251,1.22364,1.22109,1.22348,30732
2026-05-15T09:00:00.000Z,1.22346,1.22423,1.22226,1.22381,26944
2026-05-15T13:00:00.000Z,1.22385,1.22475,1.22323,1.22449,34469
2026-05-15T17:00:00.000Z,1.22448,1.22469,1.22373,1.22383,17110
2026-05-17T21:00:00.000Z,1.22166,1.22501,1.2212,1.22278,19019
2026-05-18T01:00:00.000Z,1.22276,1.2229,1.22122,1.22183,23957
2026-05-18T05:00:00.000Z,1.2218,1.22265,1.22107,1.22136,24090
2026-05-18T09:00:00.000Z,1.22136,1.22216,1.22084,1.22128,25532
2026-05-18T13:00:00.000Z,1.22129,1.22151,1.21971,1.21983,35880
2026-05-18T17:00:00.000Z,1.21982,1.22018,1.21943,1.21994,22967
2026-05-18T21:00:00.000Z,1.21836,1.2211,1.21836,1.2202,11575
2026-05-19T01:00:00.000Z,1.22017,1.22065,1.21814,1.21832,23153
2026-05-19T05:00:00.000Z,1.21832,1.21855,1.21736,1.21748,24469
2026-05-19T09:00:00.000Z,1.21748,1.21833,1.21711,1.21807,23524
2026-05-19T13:00:00.000Z,1.21803,1.21883,1.21622,1.21821,35148
2026-05-19T17:00:00.000Z,1.2182,1.21842,1.2177,1.21776,17225
2026-05-19T21:00:00.000Z,1.21723,1.21899,1.21457,1.21826,12019
2026-05-20T01:00:00.000Z,1.21825,1.21961,1.21747,1.21814,25647
2026-05-20T05:00:00.000Z,1.21815,1.21847,1.21751,1.21788,22367
2026-05-20T09:00:00.000Z,1.2179,1.21997,1.21768,1.21966,16626
2026-05-20T13:00:00.000Z,1.21966,1.21978,1.21795,1.21857,39502
2026-05-20T17:00:00.000Z,1.21859,1.21895,1.21814,1.21832,17541
2026-05-20T21:00:00.000Z,1.21809,1.21922,1.21679,1.21906,9370
2026-05-21T01:00:00.000Z,1.21904,1.21924,1.21348,1.21544,22438
2026-05-21T05:00:00.000Z,1.21546,1.21598,1.21408,1.21588,27617
2026-05-21T09:00:00.000Z,1.21589,1.21733,1.21557,1.21723,28663
2026-05-21T13:00:00.000Z,1.21723,1.21818,1.21396,1.21781,34181
2026-05-21T17:00:00.000Z,1.21783,1.21797,1.21696,1.21711,28698
2026-05-21T21:00:00.000Z,1.21573,1.2175,1.2143,1.21593,8642
2026-05-22T01:00:00.000Z,1.21591,1.21596,1.21504,1.21554,14849
2026-05-22T05:00:00.000Z,1.21552,1.2172,1.21531,1.217,20174
2026-05-22T09:00:00.000Z,1.21699,1.21749,1.21655,1.21717,21758
2026-05-22T13:00:00.000Z,1.21716,1.21824,1.21648,1.21791,29673
2026-05-22T17:00:00.000Z,1.21788,1.21873,1.21765,1.21862,18195
2026-05-24T21:00:00.000Z,1.21587,1.21916,1.21574,1.21892,10403
2026-05-25T01:00:00.000Z,1.21893,1.22004,1.2187,1.21994,12450
2026-05-25T05:00:00.000Z,1.21994,1.22069,1.21963,1.22044,14808
2026-05-25T09:00:00.000Z,1.22046,1.22117,1.22014,1.22027,10643
2026-05-25T13:00:00.000Z,1.22025,1.22205,1.22022,1.22146,11581
2026-05-25T17:00:00.000Z,1.22144,1.22191,1.22138,1.22147,3100
2026-05-25T21:00:00.000Z,1.22078,1.22387,1.22021,1.22367,9917
2026-05-26T01:00:00.000Z,1.22366,1.22481,1.22284,1.22402,13064
2026-05-26T05:00:00.000Z,1.22401,1.22559,1.22375,1.22553,17267
2026-05-26T09:00:00.000Z,1.22556,1.22744,1.22514,1.22737,16460
2026-05-26T13:00:00.000Z,1.22737,1.22801,1.22645,1.22764,24453
2026-05-26T17:00:00.000Z,1.22765,1.22844,1.2274,1.22775,10130
2026-05-26T21:00:00.000Z,1.22704,1.22816,1.22527,1.22744,7093
2026-05-27T01:00:00.000Z,1.22743,1.22759,1.21784,1.21835,18281
2026-05-27T05:00:00.000Z,1.21833,1.21867,1.21454,1.21499,20171
2026-05-27T09:00:00.000Z,1.21497,1.21502,1.20958,1.20991,22850
2026-05-27T13:00:00.000Z,1.20991,1.21142,1.20798,1.21126,33151
2026-05-27T17:00:00.000Z,1.21124,1.21166,1.20956,1.20962,12904
2026-05-27T21:00:00.000Z,1.20983,1.21114,1.20781,1.20839,10516
2026-05-28T01:00:00.000Z,1.20836,1.21131,1.20653,1.21099,22040
2026-05-28T05:00:00.000Z,1.211,1.21154,1.20883,1.20887,22150
2026-05-28T09:00:00.000Z,1.20885,1.20933,1.20644,1.20722,21444
2026-05-28T13:00:00.000Z,1.20722,1.2084,1.20644,1.20806,32603
2026-05-28T17:00:00.000Z,1.20808,1.20841,1.20657,1.20667,13711
2026-05-28T21:00:00.000Z,1.2069,1.20754,1.20326,1.20413,9602
2026-05-29T01:00:00.000Z,1.20411,1.20415,1.20095,1.20212,15738
2026-05-29T05:00:00.000Z,1.2021,1.20276,1.19982,1.19999,17720
2026-05-29T09:00:00.000Z,1.19998,1.2007,1.19887,1.20057,18396
2026-05-29T13:00:00.000Z,1.20055,1.2022,1.19962,1.20009,31321
2026-05-29T17:00:00.000Z,1.2001,1.20076,1.19925,1.19934,17282
2026-05-31T21:00:00.000Z,1.19921,1.20182,1.19635,1.20164,11945
2026-06-01T01:00:00.000Z,1.20166,1.20391,1.20152,1.20361,12647
2026-06-01T05:00:00.000Z,1.20362,1.20427,1.20229,1.20409,16079
2026-06-01T09:00:00.000Z,1.20409,1.20635,1.20386,1.20395,17646
2026-06-01T13:00:00.000Z,1.20393,1.20727,1.20372,1.20598,34512
2026-06-01T17:00:00.000Z,1.20599,1.20688,1.20586,1.20655,15586
2026-06-01T21:00:00.000Z,1.20728,1.2094,1.20432,1.20922,9735
2026-06-02T01:00:00.000Z,1.20924,1.21022,1.20629,1.20702,16123
2026-06-02T05:00:00.000Z,1.20703,1.21082,1.20661,1.21078,17354
2026-06-02T09:00:00.000Z,1.2108,1.21194,1.20924,1.2105,15818
2026-06-02T13:00:00.000Z,1.21052,1.2118,1.20876,1.21162,23262
2026-06-02T17:00:00.000Z,1.2116,1.21229,1.21127,1.21164,10163
2026-06-02T21:00:00.000Z,1.2093,1.21169,1.20883,1.21071,8492
2026-06-03T01:00:00.000Z,1.21065,1.21232,1.20933,1.21231,12379
2026-06-03T05:00:00.000Z,1.21229,1.21481,1.21196,1.21476,19629
2026-06-03T09:00:00.000Z,1.21474,1.21615,1.21376,1.21563,18116
2026-06-03T13:00:00.000Z,1.21565,1.21662,1.21402,1.21642,28982
2026-06-03T17:00:00.000Z,1.21642,1.21664,1.21532,1.21627,12851
2026-06-03T21:00:00.000Z,1.21516,1.2163,1.21362,1.21463,11618
2026-06-04T01:00:00.000Z,1.21461,1.21479,1.2134,1.21384,17033
2026-06-04T05:00:00.000Z,1.21382,1.21596,1.21348,1.21552,19143
2026-06-04T09:00:00.000Z,1.2155,1.21552,1.21261,1.21434,23364
2026-06-04T13:00:00.000Z,1.21436,1.21503,1.21339,1.21498,25349
2026-06-04T17:00:00.000Z,1.21496,1.21585,1.21491,1.21557,10108
2026-06-04T21:00:00.000Z,1.21498,1.21583,1.21413,1.21422,8499
2026-06-05T01:00:00.000Z,1.21424,1.21549,1.21364,1.21466,17737
2026-06-05T05:00:00.000Z,1.21464,1.21475,1.21364,1.21434,18750
2026-06-05T09:00:00.000Z,1.21433,1.21625,1.21297,1.21549,20983
2026-06-05T13:00:00.000Z,1.21551,1.21585,1.21445,1.21514,38229
2026-06-05T17:00:00.000Z,1.21516,1.21584,1.21474,1.21505,27465
2026-06-07T21:00:00.000Z,1.2132,1.2159,1.21297,1.2155,14184
2026-06-08T01:00:00.000Z,1.21547,1.21642,1.21388,1.21413,29540
2026-06-08T05:00:00.000Z,1.21414,1.21545,1.21348,1.21457,31470
2026-06-08T09:00:00.000Z,1.21455,1.21473,1.2125,1.21288,28420
2026-06-08T13:00:00.000Z,1.21286,1.2135,1.21225,1.21264,36926
2026-06-08T17:00:00.000Z,1.21261,1.21286,1.21227,1.21259,21485
2026-06-08T21:00:00.000Z,1.21121,1.21355,1.21082,1.21335,11235
2026-06-09T01:00:00.000Z,1.21335,1.21355,1.21009,1.21043,22532
2026-06-09T05:00:00.000Z,1.21045,1.21085,1.20825,1.20929,25475
2026-06-09T09:00:00.000Z,1.20929,1.20981,1.20816,1.20909,18737
2026-06-09T13:00:00.000Z,1.20909,1.20927,1.20667,1.20737,49005
2026-06-09T17:00:00.000Z,1.20736,1.20885,1.20723,1.20826,33903
2026-06-09T21:00:00.000Z,1.20717,1.20938,1.20528,1.20825,15187
2026-06-10T01:00:00.000Z,1.20826,1.20835,1.20651,1.20695,28149
2026-06-10T05:00:00.000Z,1.20696,1.20774,1.20599,1.20639,29396
2026-06-10T09:00:00.000Z,1.20638,1.20702,1.20377,1.2062,35173
2026-06-10T13:00:00.000Z,1.20618,1.2069,1.20519,1.20566,47477
2026-06-10T17:00:00.000Z,1.20568,1.20704,1.20564,1.20687,31225
2026-06-10T21:00:00.000Z,1.20454,1.20835,1.20309,1.20693,19834
2026-06-11T01:00:00.000Z,1.20691,1.20874,1.20673,1.20865,24101
2026-06-11T05:00:00.000Z,1.20864,1.20965,1.20856,1.20946,22330
2026-06-11T09:00:00.000Z,1.20946,1.2102,1.20709,1.20887,24072
2026-06-11T13:00:00.000Z,1.20888,1.2106,1.20842,1.21007,42730
2026-06-11T17:00:00.000Z,1.21007,1.21013,1.20654,1.20743,41818
2026-06-11T21:00:00.000Z,1.20678,1.20942,1.2044,1.20939,13690
2026-06-12T01:00:00.000Z,1.20939,1.20987,1.20845,1.20877,24120
2026-06-12T05:00:00.000Z,1.20876,1.20935,1.20775,1.20828,30380
2026-06-12T09:00:00.000Z,1.2083,1.20877,1.20706,1.20851,26787
2026-06-12T13:00:00.000Z,1.20853,1.20953,1.2077,1.20832,42934
2026-06-12T17:00:00.000Z,1.20834,1.20888,1.20794,1.20803,19349
2026-06-14T21:00:00.000Z,1.20657,1.21021,1.20573,1.20912,17867
2026-06-15T01:00:00.000Z,1.20911,1.21075,1.20871,1.20921,15731
2026-06-15T05:00:00.000Z,1.20922,1.21016,1.20845,1.20977,20452
2026-06-15T09:00:00.000Z,1.20977,1.21086,1.2094,1.21021,16575
2026-06-15T13:00:00.000Z,1.21025,1.21427,1.21018,1.21403,23042
2026-06-15T17:00:00.000Z,1.21405,1.21481,1.21389,1.2143,12592
2026-06-15T21:00:00.000Z,1.21327,1.21462,1.21132,1.2145,7401
2026-06-16T01:00:00.000Z,1.2145,1.21658,1.21368,1.21392,14954
2026-06-16T05:00:00.000Z,1.21393,1.21475,1.21211,1.21316,18556
2026-06-16T09:00:00.000Z,1.21314,1.21342,1.21213,1.21216,16640
2026-06-16T13:00:00.000Z,1.21218,1.21342,1.21124,1.21129,27183
2026-06-16T17:00:00.000Z,1.21127,1.21179,1.21109,1.21158,12894
2026-06-16T21:00:00.000Z,1.2118,1.21248,1.21094,1.21225,10592
2026-06-17T01:00:00.000Z,1.21227,1.2125,1.21129,1.21206,9771
2026-06-17T05:00:00.000Z,1.21208,1.21423,1.21206,1.21361,14031
2026-06-17T09:00:00.000Z,1.21359,1.21539,1.21355,1.21463,13564
2026-06-17T13:00:00.000Z,1.21463,1.216,1.21434,1.2158,23483
2026-06-17T17:00:00.000Z,1.21578,1.21721,1.21373,1.21572,43252
2026-06-17T21:00:00.000Z,1.21285,1.21622,1.2127,1.21531,10658
2026-06-18T01:00:00.000Z,1.21531,1.21544,1.21342,1.21372,15370
2026-06-18T05:00:00.000Z,1.21373,1.21617,1.2135,1.21557,21768
2026-06-18T09:00:00.000Z,1.21557,1.21686,1.21418,1.21597,25552
2026-06-18T13:00:00.000Z,1.21595,1.2193,1.21575,1.21906,33369
2026-06-18T17:00:00.000Z,1.21908,1.2195,1.21833,1.21881,16741
2026-06-18T21:00:00.000Z,1.21629,1.21937,1.2159,1.21731,7881
2026-06-19T01:00:00.000Z,1.21731,1.2205,1.21723,1.22031,15305
2026-06-19T05:00:00.000Z,1.22028,1.22259,1.22027,1.22214,19920
2026-06-19T09:00:00.000Z,1.22212,1.22255,1.22088,1.22172,17891
2026-06-19T13:00:00.000Z,1.22174,1.22303,1.22148,1.22155,14923
2026-06-19T17:00:00.000Z,1.22157,1.22189,1.22012,1.22058,30660
2026-06-21T21:00:00.000Z,1.22113,1.22258,1.21982,1.22238,10762
2026-06-22T01:00:00.000Z,1.22232,1.22329,1.2222,1.22327,17043
2026-06-22T05:00:00.000Z,1.22327,1.22327,1.22171,1.22264,20168
2026-06-22T09:00:00.000Z,1.22263,1.22302,1.22166,1.2229,17734
2026-06-22T13:00:00.000Z,1.22286,1.22445,1.2225,1.22419,32067
2026-06-22T17:00:00.000Z,1.2242,1.2258,1.22417,1.22514,12350
2026-06-22T21:00:00.000Z,1.22294,1.2257,1.22237,1.22544,8034
2026-06-23T01:00:00.000Z,1.22546,1.22564,1.22305,1.22361,19767
2026-06-23T05:00:00.000Z,1.22362,1.2239,1.22142,1.2217,26626
2026-06-23T09:00:00.000Z,1.2217,1.22286,1.22126,1.22278,20605
2026-06-23T13:00:00.000Z,1.2228,1.22295,1.21962,1.22042,30704
2026-06-23T17:00:00.000Z,1.22044,1.22057,1.21952,1.22017,14147
2026-06-23T21:00:00.000Z,1.21586,1.22119,1.21586,1.22113,10369
2026-06-24T01:00:00.000Z,1.22114,1.22242,1.22019,1.22208,20119
2026-06-24T05:00:00.000Z,1.22208,1.22244,1.22124,1.22142,19924
2026-06-24T09:00:00.000Z,1.22142,1.2234,1.2211,1.22306,21134
2026-06-24T13:00:00.000Z,1.22308,1.22315,1.22089,1.22121,33939
2026-06-24T17:00:00.000Z,1.22123,1.22157,1.22054,1.22094,23814
2026-06-24T21:00:00.000Z,1.21943,1.22236,1.21791,1.22134,12328
2026-06-25T01:00:00.000Z,1.22137,1.22288,1.21974,1.22205,17945
2026-06-25T05:00:00.000Z,1.22204,1.22284,1.22104,1.22212,17310
2026-06-25T09:00:00.000Z,1.22214,1.22335,1.21957,1.22319,16900
2026-06-25T13:00:00.000Z,1.22316,1.2237,1.22121,1.22363,38119
2026-06-25T17:00:00.000Z,1.22365,1.22434,1.22314,1.22336,19245
2026-06-25T21:00:00.000Z,1.22311,1.22371,1.22033,1.2226,10559
2026-06-26T01:00:00.000Z,1.22262,1.2228,1.22059,1.22064,20633
2026-06-26T05:00:00.000Z,1.22062,1.2213,1.21992,1.22036,20931
2026-06-26T09:00:00.000Z,1.22033,1.22182,1.22027,1.22149,19473
2026-06-26T13:00:00.000Z,1.22148,1.22319,1.2208,1.22318,30300
2026-06-26T17:00:00.000Z,1.22319,1.2233,1.22224,1.22254,15257
2026-06-28T21:00:00.000Z,1.21893,1.22279,1.21893,1.22174,10389
2026-06-29T01:00:00.000Z,1.22172,1.22177,1.22027,1.22061,17729
2026-06-29T05:00:00.000Z,1.22058,1.2207,1.21947,1.21995,16049
2026-06-29T09:00:00.000Z,1.21991,1.22093,1.21985,1.22052,15951
2026-06-29T13:00:00.000Z,1.22051,1.22064,1.21851,1.21857,25688
2026-06-29T17:00:00.000Z,1.21855,1.21904,1.21841,1.21851,9780
2026-06-29T21:00:00.000Z,1.21779,1.21901,1.21668,1.21738,6656
2026-06-30T01:00:00.000Z,1.21739,1.21746,1.21598,1.21632,14447
2026-06-30T05:00:00.000Z,1.2163,1.21788,1.21563,1.2175,16702
2026-06-30T09:00:00.000Z,1.21746,1.21758,1.21616,1.21642,14641
2026-06-30T13:00:00.000Z,1.21639,1.21858,1.21615,1.21832,24505
2026-06-30T17:00:00.000Z,1.21829,1.21899,1.21805,1.21899,9455
2026-06-30T21:00:00.000Z,1.21761,1.21878,1.2164,1.21725,6440
2026-07-01T01:00:00.000Z,1.21727,1.21753,1.21444,1.21463,13101
2026-07-01T05:00:00.000Z,1.21461,1.215,1.21382,1.21415,14230
2026-07-01T09:00:00.000Z,1.21415,1.21692,1.2136,1.2168,14071
2026-07-01T13:00:00.000Z,1.2168,1.21711,1.21465,1.21552,29814
2026-07-01T17:00:00.000Z,1.2155,1.21582,1.21493,1.21496,11076
2026-07-01T21:00:00.000Z,1.21444,1.21549,1.21344,1.21437,7201
2026-07-02T01:00:00.000Z,1.21435,1.21511,1.21363,1.21418,14306
2026-07-02T05:00:00.000Z,1.21416,1.21509,1.21309,1.21337,19295
2026-07-02T09:00:00.000Z,1.21335,1.21547,1.21276,1.21469,21882
2026-07-02T13:00:00.000Z,1.21472,1.21599,1.21434,1.21465,37705
2026-07-02T17:00:00.000Z,1.21466,1.215,1.2143,1.21464,15733
2026-07-02T21:00:00.000Z,1.21436,1.21508,1.21215,1.21465,8809
2026-07-03T01:00:00.000Z,1.21467,1.21526,1.21377,1.21448,13940
2026-07-03T05:00:00.000Z,1.2145,1.21455,1.21316,1.21407,15267
2026-07-03T09:00:00.000Z,1.21407,1.21518,1.21389,1.21494,10406
2026-07-03T13:00:00.000Z,1.2149,1.21545,1.21452,1.21502,9239
2026-07-03T17:00:00.000Z,1.21504,1.21577,1.21409,1.21491,19843
2026-07-05T21:00:00.000Z,1.21339,1.21686,1.21274,1.21638,10689
2026-07-06T01:00:00.000Z,1.21636,1.2188,1.21622,1.21839,15708
2026-07-06T05:00:00.000Z,1.21837,1.21982,1.21802,1.21978,14807
2026-07-06T09:00:00.000Z,1.2198,1.22002,1.21919,1.21964,12190
2026-07-06T13:00:00.000Z,1.21965,1.22069,1.21942,1.21982,16788
2026-07-06T17:00:00.000Z,1.21982,1.22009,1.21957,1.21988,7446
2026-07-06T21:00:00.000Z,1.21882,1.22028,1.2186,1.21925,6279
2026-07-07T01:00:00.000Z,1.21924,1.21978,1.21824,1.21892,13726
2026-07-07T05:00:00.000Z,1.21892,1.22036,1.21861,1.21974,15528
2026-07-07T09:00:00.000Z,1.21974,1.22124,1.21973,1.22059,13604
2026-07-07T13:00:00.000Z,1.22059,1.22108,1.21943,1.21996,22927
2026-07-07T17:00:00.000Z,1.21996,1.22086,1.21951,1.22003,13194
2026-07-07T21:00:00.000Z,1.21967,1.22027,1.21762,1.21971,7937
2026-07-08T01:00:00.000Z,1.21972,1.21998,1.21485,1.21489,17090
2026-07-08T05:00:00.000Z,1.2149,1.21524,1.21291,1.21399,24273
2026-07-08T09:00:00.000Z,1.214,1.21557,1.21363,1.21539,24286
2026-07-08T13:00:00.000Z,1.21541,1.21607,1.21497,1.21587,30447
2026-07-08T17:00:00.000Z,1.21587,1.216,1.21472,1.2156,14271
2026-07-08T21:00:00.000Z,1.21253,1.21581,1.21105,1.21121,8912
2026-07-09T01:00:00.000Z,1.2112,1.21229,1.21061,1.21151,14872
2026-07-09T05:00:00.000Z,1.21151,1.2118,1.20896,1.20905,16221
2026-07-09T09:00:00.000Z,1.20903,1.21014,1.20695,1.20703,14811
2026-07-09T13:00:00.000Z,1.20703,1.20769,1.20487,1.20538,19115
2026-07-09T17:00:00.000Z,1.20538,1.20598,1.20505,1.2057,7808
2026-07-09T21:00:00.000Z,1.20516,1.2066,1.20287,1.20302,6580
2026-07-10T01:00:00.000Z,1.20307,1.20414,1.20136,1.20409,14043
2026-07-10T05:00:00.000Z,1.20411,1.20442,1.2034,1.20384,15971
2026-07-10T09:00:00.000Z,1.20385,1.20459,1.20341,1.20455,14776
2026-07-10T13:00:00.000Z,1.20457,1.20589,1.20432,1.2055,24051
2026-07-10T17:00:00.000Z,1.20553,1.20647,1.20544,1.20611,8361
2026-07-12T21:00:00.000Z,1.20481,1.20691,1.20349,1.20567,11111
2026-07-13T01:00:00.000Z,1.20569,1.20571,1.20158,1.20391,17224
2026-07-13T05:00:00.000Z,1.20389,1.20439,1.19985,1.20024,20596
2026-07-13T09:00:00.000Z,1.20022,1.20161,1.20021,1.20043,16583
2026-07-13T13:00:00.000Z,1.20044,1.20268,1.19987,1.20239,27870
2026-07-13T17:00:00.000Z,1.20238,1.20361,1.20232,1.20312,12693
2026-07-13T21:00:00.000Z,1.20242,1.20291,1.19728,1.1976,11396
2026-07-14T01:00:00.000Z,1.19758,1.1982,1.19544,1.19751,20178
2026-07-14T05:00:00.000Z,1.19752,1.19833,1.19631,1.19771,18060
2026-07-14T09:00:00.000Z,1.1977,1.19801,1.19182,1.19733,24387
2026-07-14T13:00:00.000Z,1.19733,1.20121,1.19679,1.20045,32552
2026-07-14T17:00:00.000Z,1.20047,1.20094,1.20009,1.20017,11696
2026-07-14T21:00:00.000Z,1.19869,1.20094,1.19699,1.1997,8428
2026-07-15T01:00:00.000Z,1.19972,1.20237,1.19841,1.20094,15798
2026-07-15T05:00:00.000Z,1.20093,1.20122,1.19997,1.20064,16733
2026-07-15T09:00:00.000Z,1.20061,1.20083,1.1993,1.19964,18333
2026-07-15T13:00:00.000Z,1.19965,1.20016,1.19783,1.19791,27260
2026-07-15T17:00:00.000Z,1.19793,1.1982,1.19701,1.19759,14016
2026-07-15T21:00:00.000Z,1.19745,1.19886,1.196,1.19749,7648
2026-07-16T01:00:00.000Z,1.19751,1.198,1.19595,1.19672,14132
2026-07-16T05:00:00.000Z,1.1967,1.19677,1.19474,1.19613,17065
2026-07-16T09:00:00.000Z,1.19611,1.1974,1.19522,1.19697,17271
2026-07-16T13:00:00.000Z,1.19694,1.19832,1.19653,1.19806,25353
2026-07-16T17:00:00.000Z,1.19807,1.19826,1.19714,1.19741,11073
2026-07-16T21:00:00.000Z,1.19652,1.19835,1.1958,1.19707,7997
2026-07-17T01:00:00.000Z,1.19705,1.19753,1.19537,1.19615,15893
2026-07-17T05:00:00.000Z,1.19615,1.19632,1.1952,1.19604,19621
2026-07-17T09:00:00.000Z,1.19606,1.19634,1.19484,1.19603,18152
2026-07-17T13:00:00.000Z,1.19601,1.19617,1.1943,1.19471,26720
2026-07-17T17:00:00.000Z,1.19473,1.19543,1.19445,1.19476,11310
2026-07-19T21:00:00.000Z,1.19377,1.19596,1.19268,1.1957,12105
2026-07-20T01:00:00.000Z,1.1957,1.1963,1.19367,1.19427,18033
2026-07-20T05:00:00.000Z,1.19425,1.1957,1.19407,1.19569,16548
2026-07-20T09:00:00.000Z,1.19567,1.19713,1.19563,1.1967,16756
2026-07-20T13:00:00.000Z,1.1967,1.199,1.19664,1.1981,22661
2026-07-20T17:00:00.000Z,1.19808,1.1986,1.19794,1.1984,11477
2026-07-20T21:00:00.000Z,1.19759,1.19887,1.19452,1.19476,11022
2026-07-21T01:00:00.000Z,1.19474,1.19551,1.19341,1.19495,15478
2026-07-21T05:00:00.000Z,1.19495,1.1987,1.19474,1.19841,13705
2026-07-21T09:00:00.000Z,1.19843,1.20141,1.1981,1.2014,14349
2026-07-21T13:00:00.000Z,1.20141,1.20284,1.20094,1.20107,21684
2026-07-21T17:00:00.000Z,1.20106,1.2016,1.20064,1.20068,7389
2026-07-21T21:00:00.000Z,1.19989,1.20204,1.19894,1.20172,8104
2026-07-22T01:00:00.000Z,1.20173,1.20255,1.2009,1.20119,14415
2026-07-22T05:00:00.000Z,1.20118,1.20296,1.20094,1.20268,16429
2026-07-22T09:00:00.000Z,1.20268,1.20281,1.20118,1.20146,16461
2026-07-22T13:00:00.000Z,1.20144,1.20291,1.20126,1.20241,19996
2026-07-22T17:00:00.000Z,1.20239,1.20298,1.20217,1.20277,9726
2026-07-22T21:00:00.000Z,1.20162,1.2029,1.19973,1.20226,7552
2026-07-23T01:00:00.000Z,1.20218,1.20634,1.20208,1.20575,16541
2026-07-23T05:00:00.000Z,1.20573,1.20818,1.20441,1.20774,16277
2026-07-23T09:00:00.000Z,1.20774,1.20873,1.20697,1.20775,19322
2026-07-23T13:00:00.000Z,1.20775,1.20873,1.20722,1.20787,32355
2026-07-23T17:00:00.000Z,1.20785,1.20801,1.20651,1.20702,14926
2026-07-23T21:00:00.000Z,1.20604,1.20755,1.20523,1.20623,10058
2026-07-24T01:00:00.000Z,1.20624,1.20774,1.20538,1.20758,18465
2026-07-24T05:00:00.000Z,1.20758,1.20799,1.20638,1.20769,19022
2026-07-24T09:00:00.000Z,1.20771,1.2085,1.20689,1.20703,16171
2026-07-24T13:00:00.000Z,1.20705,1.20722,1.20553,1.20584,24937
2026-07-24T17:00:00.000Z,1.20584,1.20652,1.20561,1.20612,10857
2026-07-26T21:00:00.000Z,1.20473,1.20671,1.20359,1.20524,13244
2026-07-27T01:00:00.000Z,1.20522,1.2084,1.20502,1.20683,17136
2026-07-27T05:00:00.000Z,1.20679,1.20766,1.20656,1.20747,18116
2026-07-27T09:00:00.000Z,1.20743,1.209,1.20741,1.20854,16548
2026-07-27T13:00:00.000Z,1.20856,1.21007,1.20818,1.20972,28421
2026-07-27T17:00:00.000Z,1.20973,1.21046,1.2097,1.21028,12155
2026-07-27T21:00:00.000Z,1.20978,1.21102,1.20755,1.21054,8990
2026-07-28T01:00:00.000Z,1.21058,1.21212,1.20828,1.2089,17131
2026-07-28T05:00:00.000Z,1.20889,1.20895,1.20708,1.20787,19391
2026-07-28T09:00:00.000Z,1.20789,1.20834,1.20702,1.20732,17325
2026-07-28T13:00:00.000Z,1.20732,1.20782,1.2044,1.20508,26497
2026-07-28T17:00:00.000Z,1.20509,1.20551,1.20471,1.205,11618
2026-07-28T21:00:00.000Z,1.20504,1.20678,1.20272,1.20538,9762
2026-07-29T01:00:00.000Z,1.20536,1.20555,1.20019,1.20126,23159
2026-07-29T05:00:00.000Z,1.20126,1.20155,1.20031,1.20033,17410
2026-07-29T09:00:00.000Z,1.20034,1.20231,1.20016,1.20184,17925
2026-07-29T13:00:00.000Z,1.20186,1.20186,1.19943,1.20147,25421
2026-07-29T17:00:00.000Z,1.20147,1.20165,1.1976,1.19969,38127
2026-07-29T21:00:00.000Z,1.19971,1.20037,1.19654,1.19958,12892
2026-07-30T01:00:00.000Z,1.1996,1.1996,1.1967,1.19706,19036
2026-07-30T05:00:00.000Z,1.19704,1.19802,1.19576,1.19594,23352
2026-07-30T09:00:00.000Z,1.19592,1.19636,1.19403,1.19531,25401
2026-07-30T13:00:00.000Z,1.19532,1.1961,1.19437,1.19539,37880
2026-07-30T17:00:00.000Z,1.19541,1.19608,1.19488,1.19512,16737
2026-07-30T21:00:00.000Z,1.1954,1.19745,1.19399,1.19723,10468
2026-07-31T01:00:00.000Z,1.19722,1.19798,1.19602,1.19754,16700
2026-07-31T05:00:00.000Z,1.19752,1.19849,1.19608,1.19646,20243
2026-07-31T09:00:00.000Z,1.19644,1.1977,1.19613,1.19683,21570
2026-07-31T13:00:00.000Z,1.19685,1.19704,1.19451,1.19501,33514
2026-07-31T17:00:00.000Z,1.19502,1.19516,1.19393,1.19425,20143
2026-08-02T21:00:00.000Z,1.19238,1.19473,1.19203,1.1939,15513
2026-08-03T01:00:00.000Z,1.19391,1.19598,1.19333,1.19551,15717
2026-08-03T05:00:00.000Z,1.19549,1.1961,1.19381,1.19406,18336
2026-08-03T09:00:00.000Z,1.19408,1.19445,1.19201,1.19212,17213
2026-08-03T13:00:00.000Z,1.19214,1.19366,1.19129,1.19274,23801
2026-08-03T17:00:00.000Z,1.19271,1.19311,1.19182,1.19219,10465
2026-08-03T21:00:00.000Z,1.19221,1.19354,1.18969,1.19311,8544
2026-08-04T01:00:00.000Z,1.19313,1.1968,1.19262,1.19612,16288
2026-08-04T05:00:00.000Z,1.19614,1.19684,1.19529,1.19619,16156
2026-08-04T09:00:00.000Z,1.19619,1.19677,1.19426,1.19494,18150
2026-08-04T13:00:00.000Z,1.19492,1.19601,1.19388,1.19549,22063
2026-08-04T17:00:00.000Z,1.19549,1.19593,1.19492,1.19513,13107
2026-08-04T21:00:00.000Z,1.19527,1.20002,1.19321,1.19836,9818
2026-08-05T01:00:00.000Z,1.19837,1.2008,1.1983,1.2004,17031
2026-08-05T05:00:00.000Z,1.2004,1.20183,1.19977,1.20173,18329
2026-08-05T09:00:00.000Z,1.20177,1.20191,1.20014,1.20104,18765
2026-08-05T13:00:00.000Z,1.20103,1.20104,1.19886,1.19945,26929
2026-08-05T17:00:00.000Z,1.19948,1.19948,1.19826,1.19839,11200
2026-08-05T21:00:00.000Z,1.19847,1.19998,1.1964,1.19969,9002
2026-08-06T01:00:00.000Z,1.19967,1.19988,1.19734,1.19844,16345
2026-08-06T05:00:00.000Z,1.19844,1.1994,1.19774,1.19831,15605
2026-08-06T09:00:00.000Z,1.19831,1.19845,1.19634,1.19711,16971
2026-08-06T13:00:00.000Z,1.19714,1.19855,1.19646,1.1983,24381
2026-08-06T17:00:00.000Z,1.1983,1.19856,1.1974,1.19796,11291
2026-08-06T21:00:00.000Z,1.19686,1.19868,1.19653,1.19803,6608
2026-08-07T01:00:00.000Z,1.19805,1.19837,1.19718,1.19814,13211
2026-08-07T05:00:00.000Z,1.19814,1.19908,1.19811,1.19847,13077
2026-08-07T09:00:00.000Z,1.19847,1.1995,1.1963,1.19839,18368
2026-08-07T13:00:00.000Z,1.19839,1.20016,1.1983,1.19919,28228
2026-08-07T17:00:00.000Z,1.19917,1.19928,1.1986,1.19887,10952
2026-08-09T21:00:00.000Z,1.19741,1.20057,1.19658,1.20003,8619
2026-08-10T01:00:00.000Z,1.20002,1.2007,1.19901,1.19939,12908
2026-08-10T05:00:00.000Z,1.19937,1.20041,1.19899,1.19917,13214
2026-08-10T09:00:00.000Z,1.19917,1.1996,1.19806,1.19926,13754
2026-08-10T13:00:00.000Z,1.19926,1.19987,1.19872,1.19961,18835
2026-08-10T17:00:00.000Z,1.19959,1.19967,1.19907,1.19918,9400
2026-08-10T21:00:00.000Z,1.1983,1.19948,1.19762,1.19884,6689
2026-08-11T01:00:00.000Z,1.19885,1.19955,1.19445,1.19635,13119
2026-08-11T05:00:00.000Z,1.19637,1.20138,1.19499,1.20088,15814
2026-08-11T09:00:00.000Z,1.2009,1.20175,1.20047,1.20075,16552
2026-08-11T13:00:00.000Z,1.20073,1.20163,1.20014,1.2004,19392
2026-08-11T17:00:00.000Z,1.2004,1.20084,1.20011,1.20068,9156
2026-08-11T21:00:00.000Z,1.19996,1.20261,1.19874,1.2021,5429
2026-08-12T01:00:00.000Z,1.20211,1.20296,1.20185,1.20246,8917
2026-08-12T05:00:00.000Z,1.20244,1.20448,1.20239,1.20446,10363
2026-08-12T09:00:00.000Z,1.20449,1.20656,1.20292,1.20491,18913
2026-08-12T13:00:00.000Z,1.2049,1.20603,1.20433,1.20591,22855
2026-08-12T17:00:00.000Z,1.20591,1.20604,1.20501,1.20547,9145
2026-08-12T21:00:00.000Z,1.20385,1.20605,1.20257,1.20495,5759
2026-08-13T01:00:00.000Z,1.20496,1.20934,1.20466,1.20875,13180
2026-08-13T05:00:00.000Z,1.20876,1.21015,1.2076,1.20812,14211
2026-08-13T09:00:00.000Z,1.2081,1.20814,1.2056,1.20668,14980
2026-08-13T13:00:00.000Z,1.20667,1.20748,1.20631,1.20712,21832
2026-08-13T17:00:00.000Z,1.20714,1.2072,1.20634,1.2064,8325
2026-08-13T21:00:00.000Z,1.20605,1.2071,1.20498,1.20509,6477
2026-08-14T01:00:00.000Z,1.20508,1.20592,1.20336,1.20383,11521
2026-08-14T05:00:00.000Z,1.20384,1.20449,1.2029,1.20351,13281
2026-08-14T09:00:00.000Z,1.20349,1.20364,1.20189,1.20221,13991
2026-08-14T13:00:00.000Z,1.20225,1.2036,1.20215,1.20274,19884
2026-08-14T17:00:00.000Z,1.20276,1.20314,1.20215,1.2025,7623
2026-08-16T21:00:00.000Z,1.2008,1.20312,1.2,1.20019,7871
2026-08-17T01:00:00.000Z,1.20021,1.20249,1.20011,1.20173,12506
2026-08-17T05:00:00.000Z,1.20171,1.20305,1.20115,1.20254,16962
2026-08-17T09:00:00.000Z,1.20257,1.20436,1.20248,1.20355,14985
2026-08-17T13:00:00.000Z,1.20353,1.20386,1.20226,1.20371,18921
2026-08-17T17:00:00.000Z,1.20373,1.20425,1.20311,1.20354,10002
2026-08-17T21:00:00.000Z,1.20287,1.20448,1.20249,1.20415,6404
2026-08-18T01:00:00.000Z,1.20415,1.20773,1.20376,1.20708,12532
2026-08-18T05:00:00.000Z,1.20708,1.20908,1.2068,1.20846,14052
2026-08-18T09:00:00.000Z,1.20848,1.20886,1.20772,1.20773,13707
2026-08-18T13:00:00.000Z,1.20777,1.20863,1.20642,1.20693,21977
2026-08-18T17:00:00.000Z,1.20691,1.20694,1.20595,1.206,9364
2026-08-18T21:00:00.000Z,1.20469,1.20706,1.20346,1.20685,8714
2026-08-19T01:00:00.000Z,1.20687,1.20713,1.204,1.20454,16728
2026-08-19T05:00:00.000Z,1.20456,1.20471,1.20368,1.20429,18343
2026-08-19T09:00:00.000Z,1.20433,1.20462,1.20245,1.20299,20062
2026-08-19T13:00:00.000Z,1.20297,1.2035,1.20022,1.20052,33384
2026-08-19T17:00:00.000Z,1.20051,1.20101,1.19959,1.20009,16681
2026-08-19T21:00:00.000Z,1.19995,1.20082,1.19877,1.19887,9147
2026-08-20T01:00:00.000Z,1.19885,1.19929,1.19509,1.19535,19562
2026-08-20T05:00:00.000Z,1.19537,1.19712,1.19487,1.19646,18994
2026-08-20T09:00:00.000Z,1.19646,1.19665,1.19478,1.19538,22296
2026-08-20T13:00:00.000Z,1.19531,1.19772,1.19482,1.19702,32089
2026-08-20T17:00:00.000Z,1.19702,1.1972,1.1965,1.1966,11669
2026-08-20T21:00:00.000Z,1.19659,1.19701,1.19508,1.19561,8665
2026-08-21T01:00:00.000Z,1.19559,1.19696,1.19483,1.19662,14935
2026-08-21T05:00:00.000Z,1.1966,1.19881,1.19624,1.1977,18125
2026-08-21T09:00:00.000Z,1.19772,1.19805,1.19701,1.19771,20063
2026-08-21T13:00:00.000Z,1.1977,1.20003,1.19767,1.19913,24382
2026-08-21T17:00:00.000Z,1.19911,1.19986,1.19908,1.19919,9550
2026-08-23T21:00:00.000Z,1.19736,1.201,1.19615,1.19952,9479
2026-08-24T01:00:00.000Z,1.19952,1.2006,1.19883,1.19945,16228
2026-08-24T05:00:00.000Z,1.19943,1.2007,1.19925,1.2001,18349
2026-08-24T09:00:00.000Z,1.20011,1.20157,1.19976,1.20072,17076
2026-08-24T13:00:00.000Z,1.2007,1.20098,1.1999,1.19995,21886
2026-08-24T17:00:00.000Z,1.19994,1.20017,1.19955,1.19959,10024
2026-08-24T21:00:00.000Z,1.19923,1.20014,1.1984,1.20008,5531
2026-08-25T01:00:00.000Z,1.20006,1.20059,1.19927,1.20012,12050
2026-08-25T05:00:00.000Z,1.20013,1.20103,1.19977,1.20051,14083
2026-08-25T09:00:00.000Z,1.20051,1.20052,1.19883,1.19935,15547
2026-08-25T13:00:00.000Z,1.19935,1.20005,1.19846,1.19858,19747
2026-08-25T17:00:00.000Z,1.1986,1.19884,1.1979,1.19844,8015
2026-08-25T21:00:00.000Z,1.19836,1.19943,1.19657,1.19869,7154
2026-08-26T01:00:00.000Z,1.19864,1.20642,1.19619,1.20542,13186
2026-08-26T05:00:00.000Z,1.20544,1.2076,1.20517,1.20561,13554
2026-08-26T09:00:00.000Z,1.2056,1.20704,1.20412,1.20695,12965
2026-08-26T13:00:00.000Z,1.20697,1.20791,1.20636,1.207,21406
2026-08-26T17:00:00.000Z,1.207,1.20711,1.2065,1.20693,7207
2026-08-26T21:00:00.000Z,1.20464,1.20783,1.20367,1.20718,8061
2026-08-27T01:00:00.000Z,1.20716,1.20791,1.20606,1.20719,10271
2026-08-27T05:00:00.000Z,1.20719,1.20886,1.2069,1.20873,13697
2026-08-27T09:00:00.000Z,1.20873,1.20895,1.20643,1.20846,15156
2026-08-27T13:00:00.000Z,1.20845,1.20953,1.20761,1.20924,17922
2026-08-27T17:00:00.000Z,1.2092,1.20963,1.20898,1.20902,7490
2026-08-27T21:00:00.000Z,1.20819,1.20938,1.20696,1.20829,4188
2026-08-28T01:00:00.000Z,1.20828,1.20841,1.20721,1.20812,8327
2026-08-28T05:00:00.000Z,1.20814,1.2089,1.20725,1.20885,12983
2026-08-28T09:00:00.000Z,1.20885,1.21052,1.20868,1.2104,12374
2026-08-28T13:00:00.000Z,1.2104,1.21202,1.20837,1.21173,34173
2026-08-28T17:00:00.000Z,1.21173,1.21175,1.21089,1.21098,12586
2026-08-30T21:00:00.000Z,1.2067,1.21126,1.20669,1.21101,8468
2026-08-31T01:00:00.000Z,1.21103,1.21326,1.21024,1.21054,14751
2026-08-31T05:00:00.000Z,1.21054,1.21138,1.20963,1.21022,14710
2026-08-31T09:00:00.000Z,1.21023,1.2109,1.2099,1.21059,14170
2026-08-31T13:00:00.000Z,1.21059,1.21187,1.20986,1.21095,19430
2026-08-31T17:00:00.000Z,1.21096,1.21131,1.21062,1.21114,8773
2026-08-31T21:00:00.000Z,1.21098,1.21185,1.20924,1.21114,7974
2026-09-01T01:00:00.000Z,1.21112,1.21374,1.21108,1.21318,13221
2026-09-01T05:00:00.000Z,1.2132,1.21353,1.21164,1.21187,19501
2026-09-01T09:00:00.000Z,1.21185,1.21233,1.21116,1.2119,18105
2026-09-01T13:00:00.000Z,1.21188,1.21367,1.20905,1.21344,22614
2026-09-01T17:00:00.000Z,1.21346,1.21348,1.21263,1.21269,11109
2026-09-01T21:00:00.000Z,1.21175,1.21299,1.21123,1.21202,8179
2026-09-02T01:00:00.000Z,1.21206,1.22358,1.21087,1.22348,19645
2026-09-02T05:00:00.000Z,1.22347,1.22698,1.22168,1.22689,21000
2026-09-02T09:00:00.000Z,1.22691,1.22799,1.22535,1.22792,20437
2026-09-02T13:00:00.000Z,1.22792,1.22859,1.2257,1.22614,27174
2026-09-02T17:00:00.000Z,1.22615,1.22652,1.22482,1.2252,11082
2026-09-02T21:00:00.000Z,1.22475,1.22596,1.22347,1.224,6783
2026-09-03T01:00:00.000Z,1.224,1.22409,1.2216,1.2222,17409
2026-09-03T05:00:00.000Z,1.22222,1.22498,1.22129,1.2247,22602
2026-09-03T09:00:00.000Z,1.22469,1.22597,1.22409,1.22512,22979
2026-09-03T13:00:00.000Z,1.22514,1.22618,1.22249,1.22344,29790
2026-09-03T17:00:00.000Z,1.22344,1.22493,1.22344,1.22414,10187
2026-09-03T21:00:00.000Z,1.22424,1.22516,1.22115,1.2231,8516
2026-09-04T01:00:00.000Z,1.22308,1.22406,1.2216,1.2228,12283
2026-09-04T05:00:00.000Z,1.2228,1.22431,1.22168,1.22407,13893
2026-09-04T09:00:00.000Z,1.22409,1.22626,1.22161,1.22517,20155
2026-09-04T13:00:00.000Z,1.22515,1.22541,1.22351,1.22422,31828
2026-09-04T17:00:00.000Z,1.22422,1.22521,1.22419,1.2251,9351
2026-09-06T21:00:00.000Z,1.22276,1.22593,1.2224,1.22572,5710
2026-09-07T01:00:00.000Z,1.22571,1.2274,1.22569,1.2263,10474
2026-09-07T05:00:00.000Z,1.22631,1.22937,1.2262,1.22713,16185
2026-09-07T09:00:00.000Z,1.22715,1.22803,1.22686,1.22758,11160
2026-09-07T13:00:00.000Z,1.22762,1.22813,1.22722,1.22801,9090
2026-09-07T17:00:00.000Z,1.22801,1.22819,1.22781,1.22795,1814
2026-09-07T21:00:00.000Z,1.22742,1.22817,1.22469,1.22768,8501
2026-09-08T01:00:00.000Z,1.22768,1.23314,1.22693,1.23168,15468
2026-09-08T05:00:00.000Z,1.23166,1.23521,1.23047,1.23454,19311
2026-09-08T09:00:00.000Z,1.23456,1.2352,1.23269,1.23378,18511
2026-09-08T13:00:00.000Z,1.23376,1.2342,1.23223,1.23306,22185
2026-09-08T17:00:00.000Z,1.23304,1.23307,1.23221,1.23263,12132
2026-09-08T21:00:00.000Z,1.23321,1.23359,1.23006,1.2326,9600
2026-09-09T01:00:00.000Z,1.23261,1.23457,1.23208,1.23448,11898
2026-09-09T05:00:00.000Z,1.2345,1.23604,1.23346,1.23595,15479
2026-09-09T09:00:00.000Z,1.23597,1.23694,1.23335,1.23404,16512
2026-09-09T13:00:00.000Z,1.23399,1.23605,1.23378,1.23599,23571
2026-09-09T17:00:00.000Z,1.23597,1.23642,1.23575,1.23608,8200
2026-09-09T21:00:00.000Z,1.236,1.23658,1.23302,1.23423,7062
2026-09-10T01:00:00.000Z,1.23423,1.23474,1.2325,1.23434,10297