time,open,high,low,close,volume
2023-09-10T21:00:00.000Z,0.6384,0.64024,0.63732,0.63933,9467
2023-09-11T01:00:00.000Z,0.63932,0.64374,0.63918,0.64368,19609
2023-09-11T05:00:00.000Z,0.6437,0.64437,0.64308,0.64353,20105
2023-09-11T09:00:00.000Z,0.64353,0.64411,0.64231,0.64355,15356
2023-09-11T13:00:00.000Z,0.64352,0.64495,0.64276,0.64353,20318
2023-09-11T17:00:00.000Z,0.64352,0.64366,0.64257,0.64308,7006
2023-09-11T21:00:00.000Z,0.64296,0.64333,0.64201,0.64213,5835
2023-09-12T01:00:00.000Z,0.64212,0.64393,0.64159,0.64275,15632
2023-09-12T05:00:00.000Z,0.64275,0.64397,0.6421,0.6428,17208
2023-09-12T09:00:00.000Z,0.6428,0.64294,0.64125,0.64156,14759
2023-09-12T13:00:00.000Z,0.64155,0.64275,0.64082,0.64193,19391
2023-09-12T17:00:00.000Z,0.64192,0.64279,0.64172,0.64274,12036
2023-09-12T21:00:00.000Z,0.64196,0.64329,0.64154,0.64223,6682
2023-09-13T01:00:00.000Z,0.64223,0.64287,0.63993,0.64095,14980
2023-09-13T05:00:00.000Z,0.64096,0.64165,0.63991,0.64128,18929
2023-09-13T09:00:00.000Z,0.6413,0.64228,0.63799,0.64109,22323
2023-09-13T13:00:00.000Z,0.64108,0.64341,0.64044,0.64281,26527
2023-09-13T17:00:00.000Z,0.6428,0.64328,0.64122,0.64206,9803
2023-09-13T21:00:00.000Z,0.64202,0.6448,0.64152,0.64468,7611
2023-09-14T01:00:00.000Z,0.64468,0.64539,0.64204,0.64387,16116
2023-09-14T05:00:00.000Z,0.64389,0.64478,0.64285,0.6434,16921
2023-09-14T09:00:00.000Z,0.6434,0.64507,0.64186,0.64408,24779
2023-09-14T13:00:00.000Z,0.64407,0.64595,0.64272,0.6448,30392
2023-09-14T17:00:00.000Z,0.64482,0.6449,0.643,0.64409,10054
2023-09-14T21:00:00.000Z,0.64335,0.64477,0.64295,0.64422,8033
2023-09-15T01:00:00.000Z,0.64422,0.64735,0.6438,0.64724,16378
2023-09-15T05:00:00.000Z,0.64724,0.64731,0.64494,0.64506,18241
2023-09-15T09:00:00.000Z,0.64506,0.64611,0.64403,0.64406,15341
2023-09-15T13:00:00.000Z,0.64405,0.6457,0.64316,0.64373,26861
2023-09-15T17:00:00.000Z,0.64376,0.64386,0.64246,0.64311,9322
2023-09-17T21:00:00.000Z,0.64371,0.64433,0.6425,0.64407,5106
2023-09-18T01:00:00.000Z,0.64409,0.64472,0.6427,0.64444,13271
2023-09-18T05:00:00.000Z,0.64447,0.64489,0.64301,0.6438,16034
2023-09-18T09:00:00.000Z,0.64379,0.64416,0.64289,0.64299,13963
2023-09-18T13:00:00.000Z,0.64299,0.64449,0.64165,0.6438,20607
2023-09-18T17:00:00.000Z,0.64383,0.64416,0.64324,0.64371,7569
2023-09-18T21:00:00.000Z,0.64367,0.64475,0.64323,0.64364,5779
2023-09-19T01:00:00.000Z,0.64362,0.64392,0.64288,0.64378,11505
2023-09-19T05:00:00.000Z,0.64378,0.64586,0.64277,0.64506,14224
2023-09-19T09:00:00.000Z,0.64507,0.64737,0.64467,0.64704,13940
2023-09-19T13:00:00.000Z,0.64701,0.64714,0.6452,0.64549,20458
2023-09-19T17:00:00.000Z,0.6455,0.64601,0.6453,0.64543,8601
2023-09-19T21:00:00.000Z,0.6452,0.64655,0.6452,0.64564,5759
2023-09-20T01:00:00.000Z,0.64564,0.64586,0.64478,0.64504,11771
2023-09-20T05:00:00.000Z,0.64505,0.6466,0.64484,0.64656,18711
2023-09-20T09:00:00.000Z,0.64658,0.64883,0.64631,0.64855,13143
2023-09-20T13:00:00.000Z,0.64855,0.6511,0.64824,0.65102,17937
2023-09-20T17:00:00.000Z,0.65101,0.65101,0.64394,0.64473,27113
2023-09-20T21:00:00.000Z,0.64426,0.64523,0.64211,0.64241,9757
2023-09-21T01:00:00.000Z,0.6424,0.64269,0.64027,0.64059,14125
2023-09-21T05:00:00.000Z,0.64063,0.64224,0.64018,0.64059,16350
2023-09-21T09:00:00.000Z,0.64059,0.641,0.6385,0.64014,20204
2023-09-21T13:00:00.000Z,0.64014,0.64276,0.63956,0.64179,23267
2023-09-21T17:00:00.000Z,0.64178,0.64319,0.64126,0.64153,10991
2023-09-21T21:00:00.000Z,0.64121,0.64189,0.64037,0.6411,6068
2023-09-22T01:00:00.000Z,0.64109,0.64271,0.64036,0.64253,14651
2023-09-22T05:00:00.000Z,0.64254,0.64402,0.64174,0.64376,22325
2023-09-22T09:00:00.000Z,0.64375,0.64609,0.64356,0.64573,15006
2023-09-22T13:00:00.000Z,0.64574,0.64649,0.64471,0.64491,19227
2023-09-22T17:00:00.000Z,0.6449,0.64515,0.64362,0.64401,8920
2023-09-24T21:00:00.000Z,0.64397,0.64467,0.64342,0.64436,6906
2023-09-25T01:00:00.000Z,0.64437,0.64451,0.6422,0.64273,10203
2023-09-25T05:00:00.000Z,0.64274,0.64289,0.64129,0.64152,16053
2023-09-25T09:00:00.000Z,0.6415,0.64357,0.64137,0.64245,16647
2023-09-25T13:00:00.000Z,0.64244,0.643,0.64041,0.64186,21084
2023-09-25T17:00:00.000Z,0.64187,0.64268,0.64174,0.64238,8855
2023-09-25T21:00:00.000Z,0.64136,0.64256,0.64136,0.64187,7423
2023-09-26T01:00:00.000Z,0.64187,0.64305,0.64155,0.64175,17056
2023-09-26T05:00:00.000Z,0.64174,0.64198,0.63874,0.64069,22043
2023-09-26T09:00:00.000Z,0.6407,0.64187,0.63988,0.64169,18585
2023-09-26T13:00:00.000Z,0.6417,0.64213,0.64005,0.64062,24850
2023-09-26T17:00:00.000Z,0.64063,0.64103,0.63912,0.63967,10043
2023-09-26T21:00:00.000Z,0.63946,0.64025,0.63867,0.6391,7271
2023-09-27T01:00:00.000Z,0.63911,0.64089,0.63764,0.63828,14280
2023-09-27T05:00:00.000Z,0.63828,0.63855,0.63707,0.63811,15325
2023-09-27T09:00:00.000Z,0.63811,0.63819,0.63613,0.63758,14880
2023-09-27T13:00:00.000Z,0.63757,0.63874,0.63537,0.63551,22912
2023-09-27T17:00:00.000Z,0.6355,0.63664,0.63312,0.63529,16102
2023-09-27T21:00:00.000Z,0.63536,0.63618,0.63446,0.63599,7753
2023-09-28T01:00:00.000Z,0.63601,0.63773,0.63589,0.63756,16145
2023-09-28T05:00:00.000Z,0.63759,0.63812,0.63637,0.63776,18846
2023-09-28T09:00:00.000Z,0.63776,0.64043,0.63703,0.63887,20782
2023-09-28T13:00:00.000Z,0.63887,0.64322,0.6387,0.64226,33018
2023-09-28T17:00:00.000Z,0.64226,0.64286,0.64157,0.64286,14938
2023-09-28T21:00:00.000Z,0.64193,0.64312,0.6416,0.64238,5437
2023-09-29T01:00:00.000Z,0.64239,0.64609,0.64231,0.64572,11742
2023-09-29T05:00:00.000Z,0.64572,0.64861,0.6455,0.64815,19028
2023-09-29T09:00:00.000Z,0.64815,0.65008,0.64777,0.64934,19518
2023-09-29T13:00:00.000Z,0.64931,0.64943,0.6439,0.64403,28966
2023-09-29T17:00:00.000Z,0.64404,0.64404,0.64221,0.64341,14514
2023-10-01T21:00:00.000Z,0.64205,0.6445,0.64205,0.64293,8315
2023-10-02T01:00:00.000Z,0.64294,0.64352,0.64042,0.64045,9064
2023-10-02T05:00:00.000Z,0.64045,0.64261,0.63939,0.64048,15962
2023-10-02T09:00:00.000Z,0.64045,0.6407,0.63895,0.63899,16800
2023-10-02T13:00:00.000Z,0.63896,0.6392,0.63629,0.63651,31056
2023-10-02T17:00:00.000Z,0.63651,0.63757,0.63626,0.63648,12999
2023-10-02T21:00:00.000Z,0.63621,0.63668,0.63534,0.63624,8505
2023-10-03T01:00:00.000Z,0.63623,0.6363,0.63143,0.63171,14097
2023-10-03T05:00:00.000Z,0.63169,0.63316,0.63053,0.63221,18061
2023-10-03T09:00:00.000Z,0.63222,0.63226,0.62949,0.63023,17721
2023-10-03T13:00:00.000Z,0.63024,0.63175,0.62863,0.62988,38456
2023-10-03T17:00:00.000Z,0.62987,0.63067,0.62852,0.63021,12408
2023-10-03T21:00:00.000Z,0.63041,0.63148,0.62972,0.63107,7524
2023-10-04T01:00:00.000Z,0.63106,0.63241,0.62863,0.63201,16318
2023-10-04T05:00:00.000Z,0.63203,0.63261,0.63013,0.63229,21700
2023-10-04T09:00:00.000Z,0.6323,0.63423,0.63149,0.63366,23493
2023-10-04T13:00:00.000Z,0.63367,0.63407,0.6306,0.63301,32210
2023-10-04T17:00:00.000Z,0.63299,0.63333,0.63172,0.63246,14695
2023-10-04T21:00:00.000Z,0.63219,0.63463,0.63176,0.63439,7500
2023-10-05T01:00:00.000Z,0.63439,0.63775,0.63439,0.63722,14537
2023-10-05T05:00:00.000Z,0.63722,0.63722,0.63309,0.63321,19158
2023-10-05T09:00:00.000Z,0.63323,0.63509,0.63269,0.63426,20665
2023-10-05T13:00:00.000Z,0.63427,0.63601,0.63362,0.63583,31681
2023-10-05T17:00:00.000Z,0.63584,0.63737,0.63532,0.63705,12995
2023-10-05T21:00:00.000Z,0.63683,0.6374,0.63584,0.63678,6849
2023-10-06T01:00:00.000Z,0.63679,0.63816,0.63643,0.63674,11318
2023-10-06T05:00:00.000Z,0.63675,0.63704,0.63545,0.63639,17089
2023-10-06T09:00:00.000Z,0.63639,0.63669,0.63123,0.63254,24057
2023-10-06T13:00:00.000Z,0.63255,0.63948,0.63195,0.6379,41331
2023-10-06T17:00:00.000Z,0.63791,0.64002,0.63764,0.63833,12641
2023-10-08T21:00:00.000Z,0.63581,0.63803,0.63443,0.63802,16016
2023-10-09T01:00:00.000Z,0.63803,0.63809,0.6347,0.63483,13505
2023-10-09T05:00:00.000Z,0.63483,0.6363,0.63425,0.63597,24455
2023-10-09T09:00:00.000Z,0.63596,0.63687,0.6356,0.63673,18827
2023-10-09T13:00:00.000Z,0.63673,0.63862,0.6367,0.63776,27802
2023-10-09T17:00:00.000Z,0.63776,0.64149,0.63767,0.64103,13801
2023-10-09T21:00:00.000Z,0.64095,0.64276,0.64071,0.64173,9723
2023-10-10T01:00:00.000Z,0.64173,0.64329,0.64077,0.64097,18104
2023-10-10T05:00:00.000Z,0.64096,0.64262,0.6391,0.64202,29000
2023-10-10T09:00:00.000Z,0.64203,0.64212,0.639,0.63997,27303
2023-10-10T13:00:00.000Z,0.63996,0.64319,0.63935,0.64272,33601
2023-10-10T17:00:00.000Z,0.64273,0.64321,0.64127,0.64307,16747
2023-10-10T21:00:00.000Z,0.64297,0.64451,0.6426,0.64385,7518
2023-10-11T01:00:00.000Z,0.64384,0.64425,0.64168,0.64199,15677
2023-10-11T05:00:00.000Z,0.64201,0.64342,0.64095,0.64228,24529
2023-10-11T09:00:00.000Z,0.64228,0.64261,0.64002,0.6422,27388
2023-10-11T13:00:00.000Z,0.64219,0.64274,0.63976,0.64035,34624
2023-10-11T17:00:00.000Z,0.64035,0.6415,0.6388,0.64136,15593
2023-10-11T21:00:00.000Z,0.64025,0.64215,0.64025,0.64169,7845
2023-10-12T01:00:00.000Z,0.6417,0.64268,0.64116,0.64225,15425
2023-10-12T05:00:00.000Z,0.64224,0.64308,0.6406,0.64134,19921
2023-10-12T09:00:00.000Z,0.64135,0.64137,0.63729,0.63834,26358
2023-10-12T13:00:00.000Z,0.63836,0.63862,0.63255,0.63276,37839
2023-10-12T17:00:00.000Z,0.63276,0.63284,0.6307,0.63136,20298
2023-10-12T21:00:00.000Z,0.63135,0.63238,0.63076,0.63213,9067
2023-10-13T01:00:00.000Z,0.63214,0.63342,0.63153,0.63163,13201
2023-10-13T05:00:00.000Z,0.63163,0.63316,0.63101,0.6322,21381
2023-10-13T09:00:00.000Z,0.63218,0.6329,0.63052,0.63258,27806
2023-10-13T13:00:00.000Z,0.63259,0.63282,0.62862,0.62939,27230
2023-10-13T17:00:00.000Z,0.62941,0.63014,0.62893,0.62962,11537
2023-10-15T21:00:00.000Z,0.63018,0.63126,0.62968,0.63028,8525
2023-10-16T01:00:00.000Z,0.6303,0.63267,0.6303,0.63226,10716
2023-10-16T05:00:00.000Z,0.63225,0.63321,0.6318,0.63264,18759
2023-10-16T09:00:00.000Z,0.63263,0.63335,0.63168,0.63305,15710
2023-10-16T13:00:00.000Z,0.63306,0.6342,0.63117,0.6342,19802
2023-10-16T17:00:00.000Z,0.63421,0.63449,0.63361,0.63422,8959
2023-10-16T21:00:00.000Z,0.6331,0.63595,0.6331,0.63535,8085
2023-10-17T01:00:00.000Z,0.63534,0.63669,0.6344,0.63537,12103
2023-10-17T05:00:00.000Z,0.63537,0.63628,0.63427,0.63442,16461
2023-10-17T09:00:00.000Z,0.63442,0.63658,0.63363,0.6341,20602
2023-10-17T13:00:00.000Z,0.6341,0.63797,0.63364,0.63712,31918
2023-10-17T17:00:00.000Z,0.63712,0.63713,0.63535,0.63657,15119
2023-10-17T21:00:00.000Z,0.63621,0.63667,0.63517,0.63531,7601
2023-10-18T01:00:00.000Z,0.63531,0.63814,0.6351,0.6377,16891
2023-10-18T05:00:00.000Z,0.6377,0.63933,0.63743,0.63819,22397
2023-10-18T09:00:00.000Z,0.63819,0.63844,0.63551,0.63608,21722
2023-10-18T13:00:00.000Z,0.63609,0.63643,0.63279,0.63346,31899
2023-10-18T17:00:00.000Z,0.63346,0.63545,0.63325,0.63365,19177
2023-10-18T21:00:00.000Z,0.63339,0.63387,0.63125,0.63175,9349
2023-10-19T01:00:00.000Z,0.63174,0.63212,0.62956,0.6302,15965
2023-10-19T05:00:00.000Z,0.6302,0.63107,0.62967,0.63043,22620
2023-10-19T09:00:00.000Z,0.63044,0.63244,0.62979,0.63194,20584
2023-10-19T13:00:00.000Z,0.63196,0.63564,0.63127,0.63469,38253
2023-10-19T17:00:00.000Z,0.63471,0.63562,0.63248,0.63281,28174
2023-10-19T21:00:00.000Z,0.63244,0.63291,0.631,0.6314,8588
2023-10-20T01:00:00.000Z,0.63141,0.63244,0.63049,0.6315,15095
2023-10-20T05:00:00.000Z,0.63149,0.63198,0.6297,0.63126,21310
2023-10-20T09:00:00.000Z,0.63126,0.63169,0.62991,0.63098,19620
2023-10-20T13:00:00.000Z,0.63095,0.63256,0.63088,0.63189,29809
2023-10-20T17:00:00.000Z,0.63189,0.63246,0.63091,0.6313,15446
2023-10-22T21:00:00.000Z,0.63139,0.63218,0.63074,0.6312,8414
2023-10-23T01:00:00.000Z,0.63121,0.63174,0.63075,0.63108,10753
2023-10-23T05:00:00.000Z,0.63107,0.63194,0.63018,0.63066,16671
2023-10-23T09:00:00.000Z,0.63064,0.63211,0.62887,0.63114,18108
2023-10-23T13:00:00.000Z,0.63115,0.6344,0.63023,0.63438,29457
2023-10-23T17:00:00.000Z,0.63441,0.63488,0.63298,0.63347,15967
2023-10-23T21:00:00.000Z,0.63309,0.63443,0.63293,0.63432,9049
2023-10-24T01:00:00.000Z,0.63431,0.63619,0.63385,0.63588,16747
2023-10-24T05:00:00.000Z,0.63587,0.63788,0.63517,0.63652,22175
2023-10-24T09:00:00.000Z,0.6365,0.63662,0.6353,0.63625,20571
2023-10-24T13:00:00.000Z,0.63625,0.63657,0.63439,0.63469,30873
2023-10-24T17:00:00.000Z,0.63472,0.63598,0.6347,0.63552,14174
2023-10-24T21:00:00.000Z,0.63494,0.63923,0.63491,0.63915,11140
2023-10-25T01:00:00.000Z,0.63914,0.63994,0.6378,0.63864,14247
2023-10-25T05:00:00.000Z,0.63864,0.63872,0.63513,0.6353,19829
2023-10-25T09:00:00.000Z,0.63529,0.63534,0.63282,0.63391,18540
2023-10-25T13:00:00.000Z,0.6339,0.6344,0.63172,0.63196,31685
2023-10-25T17:00:00.000Z,0.63197,0.63216,0.63053,0.63087,18326
2023-10-25T21:00:00.000Z,0.6309,0.63097,0.62756,0.62796,11421
2023-10-26T01:00:00.000Z,0.62794,0.62943,0.62701,0.62771,16588
2023-10-26T05:00:00.000Z,0.62772,0.63129,0.62771,0.63095,22376
2023-10-26T09:00:00.000Z,0.63095,0.63226,0.62926,0.63216,22353
2023-10-26T13:00:00.000Z,0.63217,0.63292,0.63016,0.63025,34877
2023-10-26T17:00:00.000Z,0.63024,0.63306,0.63018,0.63211,17903
2023-10-26T21:00:00.000Z,0.6321,0.634,0.63183,0.63348,11690
2023-10-27T01:00:00.000Z,0.63347,0.63448,0.63245,0.63437,14185
2023-10-27T05:00:00.000Z,0.63433,0.63517,0.63309,0.63504,18126
2023-10-27T09:00:00.000Z,0.63503,0.63584,0.63361,0.63503,18698
2023-10-27T13:00:00.000Z,0.63504,0.6368,0.63394,0.63404,31069
2023-10-27T17:00:00.000Z,0.63403,0.6341,0.6331,0.63332,17964
2023-10-29T21:00:00.000Z,0.63324,0.63485,0.63308,0.6345,8992
2023-10-30T01:00:00.000Z,0.6345,0.63597,0.63432,0.63532,12854
2023-10-30T05:00:00.000Z,0.63531,0.63644,0.63487,0.63571,14799
2023-10-30T09:00:00.000Z,0.63571,0.63783,0.63571,0.63737,17482
2023-10-30T13:00:00.000Z,0.63738,0.63837,0.63613,0.63693,29737
2023-10-30T17:00:00.000Z,0.63693,0.63783,0.63648,0.63763,13309
2023-10-30T21:00:00.000Z,0.637,0.63754,0.63642,0.63681,6806
2023-10-31T01:00:00.000Z,0.6368,0.63734,0.63412,0.6344,18570
2023-10-31T05:00:00.000Z,0.63438,0.63729,0.6343,0.63721,17153
2023-10-31T09:00:00.000Z,0.63722,0.63739,0.6345,0.6345,19641
2023-10-31T13:00:00.000Z,0.63452,0.63467,0.63142,0.63289,30868
2023-10-31T17:00:00.000Z,0.63289,0.63452,0.63276,0.63365,13739
2023-10-31T21:00:00.000Z,0.63311,0.63436,0.63243,0.63264,8664
2023-11-01T01:00:00.000Z,0.63264,0.63404,0.6318,0.63297,15116
2023-11-01T05:00:00.000Z,0.63296,0.63448,0.63281,0.63412,15374
2023-11-01T09:00:00.000Z,0.63409,0.63679,0.63315,0.63594,19319
2023-11-01T13:00:00.000Z,0.63592,0.6394,0.63443,0.63588,30979
2023-11-01T17:00:00.000Z,0.63588,0.63994,0.63541,0.63929,29215
2023-11-01T21:00:00.000Z,0.63912,0.64335,0.63862,0.64335,11144
2023-11-02T01:00:00.000Z,0.64335,0.64387,0.64222,0.64234,13759
2023-11-02T05:00:00.000Z,0.64234,0.6436,0.64168,0.64302,15784
2023-11-02T09:00:00.000Z,0.64302,0.64556,0.64284,0.64552,21537
2023-11-02T13:00:00.000Z,0.64551,0.64551,0.64126,0.6416,29789
2023-11-02T17:00:00.000Z,0.64162,0.64334,0.64153,0.64332,12531
2023-11-02T21:00:00.000Z,0.64339,0.64343,0.64195,0.64252,6987
2023-11-03T01:00:00.000Z,0.64249,0.64386,0.64218,0.64319,13156
2023-11-03T05:00:00.000Z,0.64319,0.64482,0.64301,0.64368,13111
2023-11-03T09:00:00.000Z,0.64369,0.6504,0.64334,0.64935,20052
2023-11-03T13:00:00.000Z,0.64936,0.65145,0.64787,0.65115,37701
2023-11-03T17:00:00.000Z,0.65114,0.65181,0.65053,0.65115,12953
2023-11-05T22:00:00.000Z,0.65062,0.65192,0.65032,0.65157,12415
2023-11-06T02:00:00.000Z,0.65156,0.65197,0.6504,0.65135,12839
2023-11-06T06:00:00.000Z,0.65134,0.65226,0.65044,0.6507,18063
2023-11-06T10:00:00.000Z,0.6507,0.6512,0.64952,0.65005,14563
2023-11-06T14:00:00.000Z,0.65006,0.65076,0.64928,0.64966,21192
2023-11-06T18:00:00.000Z,0.64965,0.64976,0.64849,0.64883,11151
2023-11-06T22:00:00.000Z,0.64867,0.6495,0.64715,0.64756,10245
2023-11-07T02:00:00.000Z,0.64755,0.65012,0.64301,0.64373,17486
2023-11-07T06:00:00.000Z,0.64373,0.64401,0.64201,0.64212,17115
2023-11-07T10:00:00.000Z,0.64213,0.6428,0.64088,0.64158,16973
2023-11-07T14:00:00.000Z,0.64158,0.64272,0.64039,0.64178,22195
2023-11-07T18:00:00.000Z,0.64178,0.64378,0.64168,0.64353,10756
2023-11-07T22:00:00.000Z,0.64315,0.64358,0.64222,0.64328,10057
2023-11-08T02:00:00.000Z,0.64327,0.64492,0.64296,0.64304,13136
2023-11-08T06:00:00.000Z,0.64303,0.64437,0.64212,0.64227,18240
2023-11-08T10:00:00.000Z,0.64227,0.64349,0.64199,0.64269,16023
2023-11-08T14:00:00.000Z,0.64268,0.64353,0.64069,0.64119,24799
2023-11-08T18:00:00.000Z,0.64117,0.64176,0.63971,0.6403,11243
2023-11-08T22:00:00.000Z,0.64021,0.6417,0.63994,0.64142,9166
2023-11-09T02:00:00.000Z,0.64141,0.64172,0.64028,0.64086,12018
2023-11-09T06:00:00.000Z,0.64086,0.64212,0.63954,0.64062,17307
2023-11-09T10:00:00.000Z,0.64062,0.64155,0.63916,0.64127,16266
2023-11-09T14:00:00.000Z,0.64128,0.64283,0.64085,0.64123,24222
2023-11-09T18:00:00.000Z,0.64122,0.64134,0.63632,0.63663,26619
2023-11-09T22:00:00.000Z,0.63668,0.63692,0.63517,0.63629,12476
2023-11-10T02:00:00.000Z,0.63629,0.63641,0.63537,0.63583,10399
2023-11-10T06:00:00.000Z,0.63582,0.63667,0.6352,0.63582,15997
2023-11-10T10:00:00.000Z,0.63582,0.6365,0.63486,0.63631,15592
2023-11-10T14:00:00.000Z,0.63632,0.63634,0.63384,0.6357,25614
2023-11-10T18:00:00.000Z,0.63569,0.63628,0.63517,0.63597,9294
2023-11-12T22:00:00.000Z,0.63536,0.63686,0.63503,0.6361,10871
2023-11-13T02:00:00.000Z,0.63611,0.6365,0.63539,0.63634,8972
2023-11-13T06:00:00.000Z,0.63635,0.63849,0.63621,0.63756,13832
2023-11-13T10:00:00.000Z,0.63759,0.63798,0.63654,0.63684,10212
2023-11-13T14:00:00.000Z,0.63684,0.63915,0.63619,0.63836,17346
2023-11-13T18:00:00.000Z,0.63836,0.63864,0.63753,0.63765,6976
2023-11-13T22:00:00.000Z,0.63748,0.6384,0.63706,0.63779,7232
2023-11-14T02:00:00.000Z,0.63779,0.63808,0.63633,0.63663,8653
2023-11-14T06:00:00.000Z,0.63663,0.63792,0.63604,0.63764,11941
2023-11-14T10:00:00.000Z,0.63765,0.64459,0.63657,0.64416,17772
2023-11-14T14:00:00.000Z,0.64415,0.64967,0.64413,0.6495,28432
2023-11-14T18:00:00.000Z,0.64951,0.65124,0.64944,0.65076,8109
2023-11-14T22:00:00.000Z,0.65062,0.65074,0.64834,0.64913,10565
2023-11-15T02:00:00.000Z,0.64912,0.65052,0.64908,0.65014,10844
2023-11-15T06:00:00.000Z,0.65015,0.65159,0.64928,0.65067,17274
2023-11-15T10:00:00.000Z,0.65068,0.65419,0.64938,0.65088,17222
2023-11-15T14:00:00.000Z,0.6509,0.65315,0.64851,0.65185,24397
2023-11-15T18:00:00.000Z,0.65182,0.65189,0.65044,0.65086,9267
2023-11-15T22:00:00.000Z,0.65057,0.65168,0.64755,0.64812,10200
2023-11-16T02:00:00.000Z,0.64814,0.64819,0.64611,0.64755,12175
2023-11-16T06:00:00.000Z,0.64754,0.65039,0.64722,0.64966,15463
2023-11-16T10:00:00.000Z,0.64967,0.65086,0.6474,0.65073,16666
2023-11-16T14:00:00.000Z,0.65072,0.65076,0.64607,0.64746,26532
2023-11-16T18:00:00.000Z,0.64746,0.6481,0.64624,0.64722,9115
2023-11-16T22:00:00.000Z,0.64693,0.64724,0.64591,0.64628,9317
2023-11-17T02:00:00.000Z,0.64627,0.64695,0.64577,0.64688,8719
2023-11-17T06:00:00.000Z,0.64687,0.64907,0.64524,0.6487,17104
2023-11-17T10:00:00.000Z,0.64869,0.65126,0.64862,0.64989,18700
2023-11-17T14:00:00.000Z,0.64988,0.65064,0.64872,0.65038,22502
2023-11-17T18:00:00.000Z,0.65037,0.6516,0.65028,0.65147,6640
2023-11-19T22:00:00.000Z,0.65047,0.65269,0.65009,0.65203,11602
2023-11-20T02:00:00.000Z,0.65203,0.65628,0.65169,0.65458,16122
2023-11-20T06:00:00.000Z,0.6546,0.65626,0.65452,0.65624,18614
2023-11-20T10:00:00.000Z,0.65625,0.65628,0.65446,0.65487,14484
2023-11-20T14:00:00.000Z,0.65488,0.65619,0.65344,0.65491,18638
2023-11-20T18:00:00.000Z,0.6549,0.65648,0.6548,0.65569,10291
2023-11-20T22:00:00.000Z,0.65524,0.65774,0.65504,0.65688,11662
2023-11-21T02:00:00.000Z,0.65687,0.65866,0.65635,0.65692,14438
2023-11-21T06:00:00.000Z,0.65693,0.65827,0.65575,0.65586,19392
2023-11-21T10:00:00.000Z,0.65586,0.65856,0.6557,0.65694,17847
2023-11-21T14:00:00.000Z,0.65693,0.65894,0.65595,0.6561,22640
2023-11-21T18:00:00.000Z,0.65608,0.65613,0.65441,0.65555,11142
2023-11-21T22:00:00.000Z,0.65577,0.65695,0.65491,0.65543,9369
2023-11-22T02:00:00.000Z,0.65542,0.65601,0.65399,0.65412,11224
2023-11-22T06:00:00.000Z,0.65412,0.65583,0.65274,0.6554,18670
2023-11-22T10:00:00.000Z,0.65541,0.65688,0.65481,0.65525,20511
2023-11-22T14:00:00.000Z,0.65524,0.65542,0.6521,0.65399,26860
2023-11-22T18:00:00.000Z,0.65397,0.65455,0.65365,0.65429,9476
2023-11-22T22:00:00.000Z,0.6542,0.65542,0.65372,0.65529,8154
2023-11-23T02:00:00.000Z,0.65528,0.65639,0.65471,0.65631,9656
2023-11-23T06:00:00.000Z,0.65632,0.65746,0.65588,0.65624,17865
2023-11-23T10:00:00.000Z,0.65623,0.65705,0.65507,0.65578,10740
2023-11-23T14:00:00.000Z,0.65578,0.65655,0.65521,0.65603,9543
2023-11-23T18:00:00.000Z,0.65603,0.6561,0.65563,0.65586,1625
2023-11-23T22:00:00.000Z,0.65565,0.65696,0.65522,0.65634,9267
2023-11-24T02:00:00.000Z,0.65634,0.6569,0.65496,0.6569,8224
2023-11-24T06:00:00.000Z,0.65689,0.65713,0.65555,0.65629,13165
2023-11-24T10:00:00.000Z,0.65629,0.65776,0.6561,0.65699,12363
2023-11-24T14:00:00.000Z,0.65698,0.65908,0.65668,0.65894,15772
2023-11-24T18:00:00.000Z,0.65894,0.65908,0.658,0.65841,9124
2023-11-26T22:00:00.000Z,0.65782,0.65948,0.65762,0.65876,10700
2023-11-27T02:00:00.000Z,0.65876,0.65881,0.65668,0.65753,12021
2023-11-27T06:00:00.000Z,0.65755,0.66006,0.65752,0.65962,15115
2023-11-27T10:00:00.000Z,0.65964,0.66141,0.65914,0.66009,16476
2023-11-27T14:00:00.000Z,0.6601,0.66035,0.65868,0.65935,20494
2023-11-27T18:00:00.000Z,0.65934,0.66119,0.6591,0.66064,8144
2023-11-27T22:00:00.000Z,0.6606,0.66252,0.66014,0.66188,10340
2023-11-28T02:00:00.000Z,0.66188,0.66318,0.66125,0.6614,11295
2023-11-28T06:00:00.000Z,0.66141,0.66227,0.65963,0.66153,15336
2023-11-28T10:00:00.000Z,0.66154,0.66215,0.66064,0.6621,15386
2023-11-28T14:00:00.000Z,0.66211,0.66657,0.66178,0.66475,29774
2023-11-28T18:00:00.000Z,0.66474,0.66547,0.66321,0.66485,12633
2023-11-28T22:00:00.000Z,0.66476,0.66765,0.6637,0.66574,15582
2023-11-29T02:00:00.000Z,0.66575,0.66597,0.66406,0.66442,13635
2023-11-29T06:00:00.000Z,0.66443,0.66446,0.66209,0.66262,20331
2023-11-29T10:00:00.000Z,0.66262,0.66305,0.66124,0.66152,20868
2023-11-29T14:00:00.000Z,0.66153,0.66357,0.66056,0.6621,27981
2023-11-29T18:00:00.000Z,0.6621,0.66339,0.66115,0.66174,10674
2023-11-29T22:00:00.000Z,0.66178,0.66284,0.66129,0.66205,10068
2023-11-30T02:00:00.000Z,0.66204,0.66485,0.66189,0.66389,12159
2023-11-30T06:00:00.000Z,0.6639,0.66504,0.66114,0.66131,18761
2023-11-30T10:00:00.000Z,0.6613,0.66208,0.65878,0.65908,21337
2023-11-30T14:00:00.000Z,0.6591,0.66345,0.65708,0.66047,35129
2023-11-30T18:00:00.000Z,0.66047,0.66134,0.65999,0.66054,12108
2023-11-30T22:00:00.000Z,0.66045,0.66278,0.66015,0.66268,9559
2023-12-01T02:00:00.000Z,0.66267,0.66294,0.66004,0.66127,13982
2023-12-01T06:00:00.000Z,0.66126,0.66351,0.65994,0.66309,17086
2023-12-01T10:00:00.000Z,0.66307,0.66314,0.6607,0.6611,16958
2023-12-01T14:00:00.000Z,0.66109,0.66729,0.66099,0.66714,36649
2023-12-01T18:00:00.000Z,0.66712,0.66756,0.66658,0.66747,13129
2023-12-03T22:00:00.000Z,0.6668,0.66902,0.66648,0.66759,17027
2023-12-04T02:00:00.000Z,0.6676,0.66796,0.66524,0.66569,13585
2023-12-04T06:00:00.000Z,0.66568,0.66634,0.66343,0.66522,18958
2023-12-04T10:00:00.000Z,0.66521,0.66565,0.66411,0.66452,18250
2023-12-04T14:00:00.000Z,0.66455,0.66459,0.6609,0.66204,29957
2023-12-04T18:00:00.000Z,0.66205,0.66212,0.66045,0.66192,9661
2023-12-04T22:00:00.000Z,0.66159,0.66215,0.66062,0.66115,11935
2023-12-05T02:00:00.000Z,0.66114,0.66136,0.65713,0.65832,15296
2023-12-05T06:00:00.000Z,0.65833,0.65852,0.65689,0.65766,20113
2023-12-05T10:00:00.000Z,0.65766,0.65794,0.65564,0.65594,13369
2023-12-05T14:00:00.000Z,0.65594,0.65793,0.65438,0.65574,24584
2023-12-05T18:00:00.000Z,0.65575,0.65595,0.65501,0.6552,6522
2023-12-05T22:00:00.000Z,0.65482,0.65888,0.65478,0.65874,7864
2023-12-06T02:00:00.000Z,0.65874,0.65971,0.65757,0.65882,8106
2023-12-06T06:00:00.000Z,0.65882,0.6596,0.65703,0.65735,12315
2023-12-06T10:00:00.000Z,0.65736,0.65872,0.65643,0.65861,12036
2023-12-06T14:00:00.000Z,0.6586,0.65912,0.65601,0.65605,16553
2023-12-06T18:00:00.000Z,0.65604,0.65663,0.65473,0.65478,5896
2023-12-06T22:00:00.000Z,0.65494,0.65584,0.65458,0.65503,6660
2023-12-07T02:00:00.000Z,0.65503,0.65526,0.65252,0.65346,9561
2023-12-07T06:00:00.000Z,0.65346,0.65717,0.65326,0.6571,13770
2023-12-07T10:00:00.000Z,0.65714,0.65904,0.65551,0.65831,14252
2023-12-07T14:00:00.000Z,0.65833,0.66198,0.65671,0.66084,23135
2023-12-07T18:00:00.000Z,0.66084,0.66098,0.65983,0.66019,8702
2023-12-07T22:00:00.000Z,0.65943,0.66095,0.65913,0.6605,9719
2023-12-08T02:00:00.000Z,0.6605,0.66194,0.66011,0.66133,9935
2023-12-08T06:00:00.000Z,0.66133,0.66165,0.66012,0.66066,13820
2023-12-08T10:00:00.000Z,0.66065,0.66141,0.65661,0.65868,16981
2023-12-08T14:00:00.000Z,0.65867,0.66012,0.65578,0.65755,27133
2023-12-08T18:00:00.000Z,0.65756,0.6582,0.65749,0.6577,6576
2023-12-10T22:00:00.000Z,0.65692,0.65829,0.65549,0.65565,9582
2023-12-11T02:00:00.000Z,0.65565,0.65627,0.65513,0.65595,6664
2023-12-11T06:00:00.000Z,0.65594,0.65674,0.65516,0.65574,12781
2023-12-11T10:00:00.000Z,0.65574,0.65667,0.655,0.65619,10292
2023-12-11T14:00:00.000Z,0.65621,0.6569,0.65552,0.65571,17008
2023-12-11T18:00:00.000Z,0.65571,0.65719,0.65552,0.65675,6870
2023-12-11T22:00:00.000Z,0.65623,0.65816,0.65608,0.65763,6314
2023-12-12T02:00:00.000Z,0.65762,0.65978,0.65752,0.65963,6835
2023-12-12T06:00:00.000Z,0.65963,0.65998,0.65819,0.65919,9955
2023-12-12T10:00:00.000Z,0.65918,0.66121,0.6557,0.65592,13812
2023-12-12T14:00:00.000Z,0.65592,0.65743,0.65397,0.65497,19129
2023-12-12T18:00:00.000Z,0.65499,0.65619,0.65486,0.65593,6157
2023-12-12T22:00:00.000Z,0.65587,0.65676,0.6548,0.65644,5929
2023-12-13T02:00:00.000Z,0.65644,0.65648,0.65484,0.65577,6104
2023-12-13T06:00:00.000Z,0.65577,0.65601,0.65413,0.65548,10070
2023-12-13T10:00:00.000Z,0.65547,0.65763,0.65509,0.65752,10241
2023-12-13T14:00:00.000Z,0.65753,0.6585,0.65675,0.65761,13431
2023-12-13T18:00:00.000Z,0.65762,0.66732,0.6566,0.66612,24186
2023-12-13T22:00:00.000Z,0.66583,0.67081,0.66544,0.67048,12202
2023-12-14T02:00:00.000Z,0.67048,0.67285,0.66994,0.67173,14290
2023-12-14T06:00:00.000Z,0.67176,0.67263,0.66897,0.67103,17841
2023-12-14T10:00:00.000Z,0.67102,0.67211,0.66862,0.67058,20769
2023-12-14T14:00:00.000Z,0.67056,0.67197,0.66818,0.6712,24692
2023-12-14T18:00:00.000Z,0.67118,0.67118,0.66894,0.66984,10852
2023-12-14T22:00:00.000Z,0.66975,0.67049,0.6692,0.66977,7366
2023-12-15T02:00:00.000Z,0.66974,0.67244,0.66962,0.6697,9210
2023-12-15T06:00:00.000Z,0.6697,0.67226,0.6694,0.67211,14269
2023-12-15T10:00:00.000Z,0.67212,0.67259,0.66632,0.66713,15240
2023-12-15T14:00:00.000Z,0.66714,0.67282,0.66707,0.67094,22308
2023-12-15T18:00:00.000Z,0.67094,0.67171,0.66928,0.67017,9599
2023-12-17T22:00:00.000Z,0.6697,0.6711,0.66927,0.66994,8598
2023-12-18T02:00:00.000Z,0.66995,0.67194,0.66995,0.67126,7790
2023-12-18T06:00:00.000Z,0.67126,0.67353,0.67104,0.67293,12033
2023-12-18T10:00:00.000Z,0.67293,0.67331,0.67137,0.67265,12132
2023-12-18T14:00:00.000Z,0.67266,0.67275,0.66901,0.67027,15905
2023-12-18T18:00:00.000Z,0.67027,0.67068,0.66923,0.67058,5964
2023-12-18T22:00:00.000Z,0.67061,0.67166,0.67003,0.67115,7185
2023-12-19T02:00:00.000Z,0.67115,0.67274,0.67067,0.67172,11006
2023-12-19T06:00:00.000Z,0.67172,0.67327,0.67063,0.67312,12928
2023-12-19T10:00:00.000Z,0.67312,0.67463,0.67269,0.67426,11545
2023-12-19T14:00:00.000Z,0.67427,0.67745,0.67374,0.67613,16258
2023-12-19T18:00:00.000Z,0.67612,0.67646,0.67563,0.67623,6433
2023-12-19T22:00:00.000Z,0.67637,0.67664,0.67481,0.67645,7047
2023-12-20T02:00:00.000Z,0.67645,0.67764,0.67549,0.67692,8883
2023-12-20T06:00:00.000Z,0.67692,0.6777,0.67622,0.67663,11682
2023-12-20T10:00:00.000Z,0.67663,0.67721,0.6757,0.67705,10282
2023-12-20T14:00:00.000Z,0.67705,0.67789,0.67584,0.67663,15263
2023-12-20T18:00:00.000Z,0.67664,0.67693,0.6724,0.67299,13379
2023-12-20T22:00:00.000Z,0.67308,0.67475,0.67223,0.67468,6521
2023-12-21T02:00:00.000Z,0.67466,0.67532,0.67424,0.67518,6592
2023-12-21T06:00:00.000Z,0.67518,0.67526,0.67386,0.67489,9035
2023-12-21T10:00:00.000Z,0.67488,0.67909,0.674,0.67782,13484
2023-12-21T14:00:00.000Z,0.67783,0.67969,0.67691,0.67802,23210
2023-12-21T18:00:00.000Z,0.67802,0.68035,0.67727,0.68021,10527
2023-12-21T22:00:00.000Z,0.67982,0.68018,0.67888,0.67906,8075
2023-12-22T02:00:00.000Z,0.67906,0.67912,0.67734,0.6775,9228
2023-12-22T06:00:00.000Z,0.67753,0.6798,0.67729,0.6792,10353
2023-12-22T10:00:00.000Z,0.6792,0.68155,0.6789,0.68147,13134
2023-12-22T14:00:00.000Z,0.68146,0.68248,0.67943,0.68043,18117
2023-12-22T18:00:00.000Z,0.68044,0.68073,0.67911,0.67993,7512
2023-12-25T22:00:00.000Z,0.68018,0.68095,0.67866,0.68088,3915
2023-12-26T02:00:00.000Z,0.68088,0.68168,0.68075,0.6815,3499
2023-12-26T06:00:00.000Z,0.68151,0.68175,0.67976,0.67986,4109
2023-12-26T10:00:00.000Z,0.67987,0.68185,0.67983,0.68149,5882
2023-12-26T14:00:00.000Z,0.6815,0.68198,0.6806,0.68137,9848
2023-12-26T18:00:00.000Z,0.68136,0.68268,0.68127,0.6826,6495
2023-12-26T22:00:00.000Z,0.68235,0.68294,0.68157,0.6828,5164
2023-12-27T02:00:00.000Z,0.6828,0.68405,0.68192,0.68281,6190
2023-12-27T06:00:00.000Z,0.68282,0.68378,0.68241,0.68331,9078
2023-12-27T10:00:00.000Z,0.68331,0.68435,0.68272,0.68343,7676
2023-12-27T14:00:00.000Z,0.6834,0.68511,0.68322,0.68452,13013
2023-12-27T18:00:00.000Z,0.68452,0.68517,0.68366,0.68468,8441
2023-12-27T22:00:00.000Z,0.68451,0.68703,0.6841,0.68699,5629
2023-12-28T02:00:00.000Z,0.68699,0.6871,0.6837,0.68465,7754
2023-12-28T06:00:00.000Z,0.68465,0.68536,0.68241,0.68297,10853
2023-12-28T10:00:00.000Z,0.68298,0.68473,0.6826,0.68266,10610
2023-12-28T14:00:00.000Z,0.68265,0.68649,0.68248,0.6846,14900
2023-12-28T18:00:00.000Z,0.68461,0.68463,0.68265,0.68292,8091
2023-12-28T22:00:00.000Z,0.68294,0.68445,0.68225,0.68419,6194
2023-12-29T02:00:00.000Z,0.68419,0.68464,0.68288,0.68429,5735
2023-12-29T06:00:00.000Z,0.68429,0.68458,0.68044,0.68045,7452
2023-12-29T10:00:00.000Z,0.68045,0.68061,0.67822,0.67834,10000
2023-12-29T14:00:00.000Z,0.67836,0.68387,0.67811,0.68352,16554
2023-12-29T18:00:00.000Z,0.68351,0.68352,0.68081,0.68105,7807
2024-01-01T22:00:00.000Z,0.68124,0.68226,0.68046,0.68122,7393
2024-01-02T02:00:00.000Z,0.68122,0.6839,0.6802,0.68386,8412
2024-01-02T06:00:00.000Z,0.68385,0.68386,0.68188,0.68213,13340
2024-01-02T10:00:00.000Z,0.68213,0.68241,0.67772,0.67797,14768
2024-01-02T14:00:00.000Z,0.67797,0.67909,0.67611,0.67731,21458
2024-01-02T18:00:00.000Z,0.6773,0.67735,0.67569,0.67608,7155
2024-01-02T22:00:00.000Z,0.67616,0.67705,0.67518,0.67563,7321
2024-01-03T02:00:00.000Z,0.67563,0.67706,0.67507,0.67643,8225
2024-01-03T06:00:00.000Z,0.67643,0.677,0.67449,0.67491,13833
2024-01-03T10:00:00.000Z,0.6749,0.67513,0.67119,0.67148,14006
2024-01-03T14:00:00.000Z,0.6715,0.67393,0.67019,0.672,24892
2024-01-03T18:00:00.000Z,0.67201,0.67373,0.67067,0.67309,15171
2024-01-03T22:00:00.000Z,0.6728,0.67358,0.67202,0.67299,6521
2024-01-04T02:00:00.000Z,0.67301,0.67464,0.67207,0.67396,8245
2024-01-04T06:00:00.000Z,0.67396,0.67599,0.67394,0.67427,14499
2024-01-04T10:00:00.000Z,0.67426,0.67453,0.67086,0.67126,13395
2024-01-04T14:00:00.000Z,0.67127,0.67172,0.66963,0.67028,18865
2024-01-04T18:00:00.000Z,0.67027,0.67079,0.66982,0.67072,6984
2024-01-04T22:00:00.000Z,0.67073,0.67164,0.67,0.67111,6622
2024-01-05T02:00:00.000Z,0.67111,0.67183,0.66924,0.67033,7237
2024-01-05T06:00:00.000Z,0.67033,0.67091,0.66818,0.66822,12703
2024-01-05T10:00:00.000Z,0.66823,0.66893,0.66402,0.66862,16099
2024-01-05T14:00:00.000Z,0.66861,0.67478,0.66827,0.67141,30424
2024-01-05T18:00:00.000Z,0.6714,0.67265,0.67049,0.67143,9507
2024-01-07T22:00:00.000Z,0.6713,0.67344,0.67096,0.6726,5377
2024-01-08T02:00:00.000Z,0.6726,0.6726,0.66938,0.66997,7563
2024-01-08T06:00:00.000Z,0.66998,0.67149,0.66813,0.66975,13372
2024-01-08T10:00:00.000Z,0.66976,0.66995,0.66774,0.66813,12393
2024-01-08T14:00:00.000Z,0.66813,0.67215,0.66796,0.67122,17783
2024-01-08T18:00:00.000Z,0.67122,0.6723,0.67051,0.67186,6358
2024-01-08T22:00:00.000Z,0.67187,0.67311,0.67143,0.67283,6878
2024-01-09T02:00:00.000Z,0.67283,0.67343,0.67073,0.67085,7711
2024-01-09T06:00:00.000Z,0.67086,0.67135,0.66949,0.67039,11111
2024-01-09T10:00:00.000Z,0.67039,0.67054,0.66877,0.66984,11273
2024-01-09T14:00:00.000Z,0.66984,0.67012,0.66771,0.66865,16597
2024-01-09T18:00:00.000Z,0.66865,0.66922,0.66771,0.66881,9065
2024-01-09T22:00:00.000Z,0.66846,0.67001,0.668,0.66984,7300
2024-01-10T02:00:00.000Z,0.66984,0.67081,0.66965,0.67038,7046
2024-01-10T06:00:00.000Z,0.67038,0.6711,0.66906,0.67084,11437
2024-01-10T10:00:00.000Z,0.67084,0.67128,0.6695,0.66981,9250
2024-01-10T14:00:00.000Z,0.66981,0.67009,0.66859,0.66963,13802
2024-01-10T18:00:00.000Z,0.66962,0.67035,0.66902,0.66998,7686
2024-01-10T22:00:00.000Z,0.66938,0.6718,0.66927,0.67173,5987
2024-01-11T02:00:00.000Z,0.67175,0.67255,0.67119,0.67186,7365
2024-01-11T06:00:00.000Z,0.67186,0.67245,0.67069,0.67109,8771
2024-01-11T10:00:00.000Z,0.67109,0.67236,0.66622,0.66649,14692
2024-01-11T14:00:00.000Z,0.6665,0.66927,0.6647,0.66555,33034
2024-01-11T18:00:00.000Z,0.66556,0.66915,0.66541,0.66881,11652
2024-01-11T22:00:00.000Z,0.66847,0.67137,0.66846,0.67118,9179
2024-01-12T02:00:00.000Z,0.67118,0.67134,0.66952,0.66959,8342
2024-01-12T06:00:00.000Z,0.66959,0.67112,0.66919,0.66994,13720
2024-01-12T10:00:00.000Z,0.66994,0.67161,0.66778,0.67042,17075
2024-01-12T14:00:00.000Z,0.67043,0.67287,0.6682,0.66862,24175
2024-01-12T18:00:00.000Z,0.66863,0.66947,0.66827,0.66859,8333
2024-01-14T22:00:00.000Z,0.66805,0.66957,0.66802,0.66946,8284
2024-01-15T02:00:00.000Z,0.66947,0.67043,0.66841,0.66843,7127
2024-01-15T06:00:00.000Z,0.66845,0.66881,0.66557,0.66573,11273
2024-01-15T10:00:00.000Z,0.66572,0.66669,0.66518,0.66565,9724
2024-01-15T14:00:00.000Z,0.66566,0.66629,0.66503,0.66597,7412
2024-01-15T18:00:00.000Z,0.66597,0.66608,0.66568,0.66594,1045
2024-01-15T22:00:00.000Z,0.66575,0.66608,0.66188,0.66326,9359
2024-01-16T02:00:00.000Z,0.66326,0.6633,0.66098,0.66121,10512
2024-01-16T06:00:00.000Z,0.66122,0.66327,0.66007,0.66049,15488
2024-01-16T10:00:00.000Z,0.66047,0.66175,0.65953,0.65989,15699
2024-01-16T14:00:00.000Z,0.6599,0.66093,0.65814,0.65822,27066
2024-01-16T18:00:00.000Z,0.65822,0.65888,0.65759,0.65846,9336
2024-01-16T22:00:00.000Z,0.65831,0.65932,0.65792,0.6592,7248
2024-01-17T02:00:00.000Z,0.6592,0.65944,0.65551,0.65601,11489
2024-01-17T06:00:00.000Z,0.65602,0.65621,0.65348,0.65528,18125
2024-01-17T10:00:00.000Z,0.65528,0.65654,0.65391,0.65453,14957
2024-01-17T14:00:00.000Z,0.65454,0.65461,0.65249,0.65394,21690
2024-01-17T18:00:00.000Z,0.65395,0.65526,0.6532,0.65513,8718
2024-01-17T22:00:00.000Z,0.65518,0.6562,0.65252,0.65589,8558
2024-01-18T02:00:00.000Z,0.65589,0.65667,0.65483,0.65568,10419
2024-01-18T06:00:00.000Z,0.65571,0.65676,0.65487,0.65633,13816
2024-01-18T10:00:00.000Z,0.65632,0.65746,0.65438,0.65449,13521
2024-01-18T14:00:00.000Z,0.6545,0.65683,0.65448,0.65569,21657
2024-01-18T18:00:00.000Z,0.65569,0.65745,0.65529,0.65745,9871
2024-01-18T22:00:00.000Z,0.65715,0.6588,0.65652,0.65833,8380
2024-01-19T02:00:00.000Z,0.65827,0.6589,0.65683,0.6571,7683
2024-01-19T06:00:00.000Z,0.65708,0.65989,0.65652,0.65989,12648
2024-01-19T10:00:00.000Z,0.65988,0.66016,0.65879,0.659,11617
2024-01-19T14:00:00.000Z,0.65899,0.65933,0.65708,0.65911,20919
2024-01-19T18:00:00.000Z,0.65911,0.65991,0.65858,0.65981,7631
2024-01-21T22:00:00.000Z,0.65882,0.66136,0.65882,0.66039,8977
2024-01-22T02:00:00.000Z,0.66039,0.66061,0.65853,0.65883,9713
2024-01-22T06:00:00.000Z,0.65883,0.65947,0.65809,0.65874,14946
2024-01-22T10:00:00.000Z,0.65873,0.65978,0.65839,0.65903,11664
2024-01-22T14:00:00.000Z,0.65903,0.65962,0.65785,0.65845,16435
2024-01-22T18:00:00.000Z,0.65845,0.65845,0.65661,0.65687,8245
2024-01-22T22:00:00.000Z,0.65701,0.65929,0.6565,0.65898,7323
2024-01-23T02:00:00.000Z,0.65899,0.66086,0.65806,0.66071,14546
2024-01-23T06:00:00.000Z,0.66071,0.66123,0.65836,0.65876,14554
2024-01-23T10:00:00.000Z,0.65875,0.65997,0.65755,0.65925,10578
2024-01-23T14:00:00.000Z,0.65925,0.65925,0.65513,0.65588,17194
2024-01-23T18:00:00.000Z,0.65589,0.65809,0.65581,0.65796,7478
2024-01-23T22:00:00.000Z,0.6579,0.65865,0.65736,0.6576,8003
2024-01-24T02:00:00.000Z,0.65759,0.65763,0.65657,0.65738,8745
2024-01-24T06:00:00.000Z,0.65739,0.66093,0.65705,0.6601,14035
2024-01-24T10:00:00.000Z,0.66009,0.66191,0.65925,0.66167,12791
2024-01-24T14:00:00.000Z,0.66166,0.66208,0.65912,0.66069,23225
2024-01-24T18:00:00.000Z,0.66068,0.66077,0.6574,0.65772,13634
2024-01-24T22:00:00.000Z,0.65731,0.65803,0.65659,0.65744,8152
2024-01-25T02:00:00.000Z,0.65744,0.65809,0.65687,0.65736,9677
2024-01-25T06:00:00.000Z,0.65736,0.6588,0.65708,0.65863,11798
2024-01-25T10:00:00.000Z,0.65863,0.66068,0.65744,0.66056,15287
2024-01-25T14:00:00.000Z,0.66058,0.66095,0.65718,0.65771,25604
2024-01-25T18:00:00.000Z,0.65772,0.65868,0.65703,0.65857,12125
2024-01-25T22:00:00.000Z,0.65786,0.6591,0.65761,0.65873,5953
2024-01-26T02:00:00.000Z,0.65873,0.65966,0.65859,0.65925,7294
2024-01-26T06:00:00.000Z,0.65925,0.65925,0.65767,0.65904,12960
2024-01-26T10:00:00.000Z,0.65904,0.66094,0.65873,0.66041,13586
2024-01-26T14:00:00.000Z,0.66042,0.66064,0.6578,0.65808,18894
2024-01-26T18:00:00.000Z,0.65807,0.65846,0.6576,0.65787,7037
2024-01-28T22:00:00.000Z,0.65713,0.65949,0.65696,0.65915,7719
2024-01-29T02:00:00.000Z,0.65916,0.65948,0.65843,0.65885,7400
2024-01-29T06:00:00.000Z,0.65885,0.66039,0.65875,0.66005,11095
2024-01-29T10:00:00.000Z,0.66005,0.66059,0.65948,0.65992,10163
2024-01-29T14:00:00.000Z,0.65991,0.66004,0.65814,0.65915,13434
2024-01-29T18:00:00.000Z,0.65916,0.66156,0.65881,0.66115,9829
2024-01-29T22:00:00.000Z,0.66105,0.66245,0.65982,0.66151,7848
2024-01-30T02:00:00.000Z,0.6615,0.66185,0.66062,0.66159,7774
2024-01-30T06:00:00.000Z,0.66159,0.6617,0.6596,0.66051,12522
2024-01-30T10:00:00.000Z,0.6605,0.66055,0.65843,0.65875,10051
2024-01-30T14:00:00.000Z,0.65875,0.66031,0.65751,0.65922,19413
2024-01-30T18:00:00.000Z,0.65922,0.66059,0.65903,0.66025,9036
2024-01-30T22:00:00.000Z,0.65999,0.66027,0.6571,0.65735,9536
2024-01-31T02:00:00.000Z,0.65735,0.6575,0.65591,0.65665,9710
2024-01-31T06:00:00.000Z,0.65665,0.65907,0.65608,0.65829,13150
2024-01-31T10:00:00.000Z,0.65829,0.65987,0.65744,0.65962,15009
2024-01-31T14:00:00.000Z,0.65961,0.66224,0.65928,0.65952,26102
2024-01-31T18:00:00.000Z,0.65953,0.66182,0.65513,0.65651,31206
2024-01-31T22:00:00.000Z,0.65659,0.65781,0.65594,0.65637,9978
2024-02-01T02:00:00.000Z,0.65638,0.65789,0.65369,0.65377,11814
2024-02-01T06:00:00.000Z,0.65377,0.65433,0.65188,0.65274,14597
2024-02-01T10:00:00.000Z,0.65276,0.65305,0.65081,0.65192,15853
2024-02-01T14:00:00.000Z,0.65192,0.65717,0.65157,0.65671,28644
2024-02-01T18:00:00.000Z,0.65671,0.6575,0.65609,0.65724,13471
2024-02-01T22:00:00.000Z,0.65713,0.65892,0.65682,0.65891,7311
2024-02-02T02:00:00.000Z,0.65892,0.65995,0.65884,0.65937,9733
2024-02-02T06:00:00.000Z,0.65936,0.66041,0.65865,0.66023,12789
2024-02-02T10:00:00.000Z,0.66024,0.66102,0.65406,0.65424,15069
2024-02-02T14:00:00.000Z,0.65424,0.65438,0.65022,0.65073,27102
2024-02-02T18:00:00.000Z,0.65075,0.65195,0.65063,0.65134,9907
2024-02-04T22:00:00.000Z,0.65072,0.65138,0.64858,0.6507,13013
2024-02-05T02:00:00.000Z,0.65069,0.65163,0.64973,0.65156,11798
2024-02-05T06:00:00.000Z,0.65156,0.652,0.64969,0.64997,12879
2024-02-05T10:00:00.000Z,0.64997,0.65064,0.64854,0.64881,13270
2024-02-05T14:00:00.000Z,0.64881,0.64928,0.64687,0.64858,18703
2024-02-05T18:00:00.000Z,0.64858,0.64905,0.64773,0.6483,8240
2024-02-05T22:00:00.000Z,0.64806,0.64958,0.6478,0.64951,7579
2024-02-06T02:00:00.000Z,0.6495,0.6521,0.64875,0.65103,14368
2024-02-06T06:00:00.000Z,0.65103,0.6518,0.64935,0.64944,12220
2024-02-06T10:00:00.000Z,0.64943,0.65059,0.64872,0.64919,12727
2024-02-06T14:00:00.000Z,0.64919,0.65245,0.64905,0.65218,21184
2024-02-06T18:00:00.000Z,0.65218,0.6525,0.65141,0.65226,12452
2024-02-06T22:00:00.000Z,0.65215,0.65402,0.65189,0.65389,7450
2024-02-07T02:00:00.000Z,0.65388,0.65393,0.65247,0.65297,10011
2024-02-07T06:00:00.000Z,0.65296,0.65374,0.65206,0.65292,12427
2024-02-07T10:00:00.000Z,0.65292,0.65342,0.65171,0.65255,11346
2024-02-07T14:00:00.000Z,0.65255,0.65336,0.6517,0.65192,20377
2024-02-07T18:00:00.000Z,0.65193,0.6526,0.65156,0.65206,9469
2024-02-07T22:00:00.000Z,0.65174,0.65297,0.65174,0.65267,7450
2024-02-08T02:00:00.000Z,0.6527,0.6532,0.65171,0.6521,7672
2024-02-08T06:00:00.000Z,0.65211,0.65251,0.65054,0.65098,11465
2024-02-08T10:00:00.000Z,0.65099,0.65123,0.64817,0.64845,11966
2024-02-08T14:00:00.000Z,0.64839,0.64914,0.64806,0.64895,15231
2024-02-08T18:00:00.000Z,0.64894,0.64975,0.64862,0.64923,8333
2024-02-08T22:00:00.000Z,0.6491,0.64996,0.64873,0.64929,6507
2024-02-09T02:00:00.000Z,0.64929,0.64987,0.649,0.64927,6859
2024-02-09T06:00:00.000Z,0.64928,0.65129,0.64918,0.65074,10582
2024-02-09T10:00:00.000Z,0.65074,0.6534,0.65044,0.65222,14896
2024-02-09T14:00:00.000Z,0.65221,0.65306,0.6513,0.65184,16959
2024-02-09T18:00:00.000Z,0.65185,0.6527,0.65184,0.65243,6180
2024-02-11T22:00:00.000Z,0.65193,0.653,0.651,0.65249,6350
2024-02-12T02:00:00.000Z,0.65249,0.65263,0.65151,0.65188,4411
2024-02-12T06:00:00.000Z,0.65188,0.65309,0.6512,0.65162,9552
2024-02-12T10:00:00.000Z,0.65163,0.65285,0.65147,0.65194,9462
2024-02-12T14:00:00.000Z,0.65193,0.65426,0.6519,0.65423,12648
2024-02-12T18:00:00.000Z,0.65422,0.6543,0.65253,0.65304,7700
2024-02-12T22:00:00.000Z,0.6523,0.65309,0.65226,0.65272,4854
2024-02-13T02:00:00.000Z,0.65272,0.65275,0.65134,0.65161,5869
2024-02-13T06:00:00.000Z,0.65161,0.65235,0.65094,0.65165,10493
2024-02-13T10:00:00.000Z,0.65165,0.65372,0.64639,0.64672,15567
2024-02-13T14:00:00.000Z,0.64672,0.64758,0.64529,0.64558,22735
2024-02-13T18:00:00.000Z,0.64558,0.64575,0.64424,0.64535,9436
2024-02-13T22:00:00.000Z,0.64518,0.64563,0.64462,0.64561,7743
2024-02-14T02:00:00.000Z,0.64561,0.64674,0.64527,0.64669,7231
2024-02-14T06:00:00.000Z,0.64669,0.64807,0.64666,0.64766,12285
2024-02-14T10:00:00.000Z,0.64765,0.64879,0.64717,0.64738,11988
2024-02-14T14:00:00.000Z,0.64737,0.64917,0.64722,0.64908,17526
2024-02-14T18:00:00.000Z,0.64909,0.64954,0.64872,0.64913,9009
2024-02-14T22:00:00.000Z,0.64857,0.65014,0.64775,0.6482,7766
2024-02-15T02:00:00.000Z,0.6482,0.64907,0.64777,0.64877,6492
2024-02-15T06:00:00.000Z,0.64877,0.65007,0.64864,0.64954,11673
2024-02-15T10:00:00.000Z,0.64954,0.65278,0.64949,0.65186,12825
2024-02-15T14:00:00.000Z,0.65184,0.65294,0.65042,0.65099,20827
2024-02-15T18:00:00.000Z,0.65099,0.65253,0.65088,0.6525,10671
2024-02-15T22:00:00.000Z,0.65215,0.65284,0.6507,0.65141,6068
2024-02-16T02:00:00.000Z,0.65141,0.65199,0.65093,0.65183,7551
2024-02-16T06:00:00.000Z,0.65184,0.65289,0.65167,0.65231,11820
2024-02-16T10:00:00.000Z,0.65232,0.65296,0.64963,0.65064,13335
2024-02-16T14:00:00.000Z,0.65065,0.65397,0.64977,0.65394,20388
2024-02-16T18:00:00.000Z,0.65394,0.65445,0.65305,0.65325,8587
2024-02-18T22:00:00.000Z,0.65281,0.65518,0.6524,0.65403,8943
2024-02-19T02:00:00.000Z,0.65402,0.65446,0.65361,0.6543,8544
2024-02-19T06:00:00.000Z,0.6543,0.65475,0.65392,0.65402,10776
2024-02-19T10:00:00.000Z,0.65401,0.65411,0.65359,0.65383,7884
2024-02-19T14:00:00.000Z,0.65382,0.65404,0.65333,0.6537,5011
2024-02-19T18:00:00.000Z,0.6537,0.65415,0.6537,0.65401,1482
2024-02-19T22:00:00.000Z,0.65337,0.65399,0.65246,0.65288,8303
2024-02-20T02:00:00.000Z,0.65288,0.65328,0.65212,0.653,8329
2024-02-20T06:00:00.000Z,0.65299,0.65544,0.65278,0.65539,11304
2024-02-20T10:00:00.000Z,0.65539,0.65749,0.65486,0.65727,15229
2024-02-20T14:00:00.000Z,0.65729,0.6579,0.65493,0.65552,18749
2024-02-20T18:00:00.000Z,0.65552,0.65557,0.65478,0.65491,9426
2024-02-20T22:00:00.000Z,0.65476,0.65569,0.65464,0.65559,7666
2024-02-21T02:00:00.000Z,0.65559,0.65731,0.65558,0.65692,9551
2024-02-21T06:00:00.000Z,0.65691,0.65697,0.65524,0.65538,12869
2024-02-21T10:00:00.000Z,0.65538,0.65597,0.65488,0.65534,12757
2024-02-21T14:00:00.000Z,0.65534,0.65577,0.65377,0.65409,15281
2024-02-21T18:00:00.000Z,0.65409,0.65531,0.65331,0.6551,12993
2024-02-21T22:00:00.000Z,0.6549,0.65609,0.65459,0.65518,6890
2024-02-22T02:00:00.000Z,0.65516,0.65637,0.65422,0.65607,8748
2024-02-22T06:00:00.000Z,0.65607,0.6595,0.65599,0.65827,14297
2024-02-22T10:00:00.000Z,0.65826,0.65876,0.65512,0.65528,13631
2024-02-22T14:00:00.000Z,0.65528,0.65613,0.65402,0.65512,18632
2024-02-22T18:00:00.000Z,0.65511,0.65576,0.65469,0.65573,9776
2024-02-22T22:00:00.000Z,0.65566,0.6574,0.65495,0.6571,8590
2024-02-23T02:00:00.000Z,0.6571,0.65743,0.65648,0.65677,7207
2024-02-23T06:00:00.000Z,0.65676,0.65797,0.6551,0.65535,11588
2024-02-23T10:00:00.000Z,0.65535,0.65805,0.6553,0.6574,13751
2024-02-23T14:00:00.000Z,0.6574,0.65753,0.6554,0.6564,16284
2024-02-23T18:00:00.000Z,0.6564,0.65683,0.65584,0.65644,5536
2024-02-25T22:00:00.000Z,0.65616,0.65669,0.65491,0.65551,7610
2024-02-26T02:00:00.000Z,0.65552,0.65587,0.65503,0.65556,6816
2024-02-26T06:00:00.000Z,0.65556,0.65586,0.65414,0.65465,10281
2024-02-26T10:00:00.000Z,0.65466,0.65586,0.65457,0.65554,11081
2024-02-26T14:00:00.000Z,0.65555,0.65563,0.65331,0.65353,12709
2024-02-26T18:00:00.000Z,0.65353,0.65424,0.65307,0.65399,7346
2024-02-26T22:00:00.000Z,0.65369,0.65408,0.65304,0.65353,6975
2024-02-27T02:00:00.000Z,0.65353,0.65473,0.65247,0.65433,9557
2024-02-27T06:00:00.000Z,0.65436,0.65577,0.65418,0.6553,11350
2024-02-27T10:00:00.000Z,0.6553,0.65574,0.65441,0.65505,13802
2024-02-27T14:00:00.000Z,0.65503,0.65516,0.65313,0.65435,14445
2024-02-27T18:00:00.000Z,0.65434,0.6551,0.65396,0.65434,7181
2024-02-27T22:00:00.000Z,0.65397,0.65493,0.6531,0.6537,8012
2024-02-28T02:00:00.000Z,0.65369,0.65383,0.6512,0.65156,9711
2024-02-28T06:00:00.000Z,0.65156,0.65172,0.64905,0.64906,11387
2024-02-28T10:00:00.000Z,0.64906,0.65035,0.64903,0.64949,12200
2024-02-28T14:00:00.000Z,0.64949,0.64993,0.64885,0.64958,14216
2024-02-28T18:00:00.000Z,0.64959,0.64996,0.64901,0.64953,9389
2024-02-28T22:00:00.000Z,0.64904,0.65075,0.64898,0.65018,8339
2024-02-29T02:00:00.000Z,0.65018,0.65218,0.65011,0.65164,11961
2024-02-29T06:00:00.000Z,0.65164,0.65193,0.64996,0.65029,13426
2024-02-29T10:00:00.000Z,0.65029,0.65154,0.64868,0.65112,14004
2024-02-29T14:00:00.000Z,0.6511,0.65309,0.64911,0.64941,17884
2024-02-29T18:00:00.000Z,0.6494,0.65012,0.64922,0.64972,5962
2024-02-29T22:00:00.000Z,0.64943,0.65075,0.64921,0.65063,6967
2024-03-01T02:00:00.000Z,0.65064,0.6514,0.65047,0.6509,6115
2024-03-01T06:00:00.000Z,0.65091,0.65142,0.64898,0.65007,11005
2024-03-01T10:00:00.000Z,0.65007,0.65095,0.64925,0.6498,13242
2024-03-01T14:00:00.000Z,0.64981,0.65339,0.64892,0.65302,19853
2024-03-01T18:00:00.000Z,0.65302,0.65327,0.65243,0.65256,8750
2024-03-03T22:00:00.000Z,0.65224,0.65352,0.65201,0.65226,8351
2024-03-04T02:00:00.000Z,0.65225,0.65288,0.65159,0.65168,7587
2024-03-04T06:00:00.000Z,0.65167,0.65273,0.65149,0.65232,11116
2024-03-04T10:00:00.000Z,0.65232,0.65245,0.6509,0.65168,12093
2024-03-04T14:00:00.000Z,0.65168,0.65231,0.65124,0.65146,12726
2024-03-04T18:00:00.000Z,0.65147,0.65156,0.65073,0.65094,5350
2024-03-04T22:00:00.000Z,0.65079,0.65113,0.65037,0.65086,6369
2024-03-05T02:00:00.000Z,0.65085,0.65093,0.64895,0.64898,6452
2024-03-05T06:00:00.000Z,0.64898,0.64927,0.64773,0.64864,8988
2024-03-05T10:00:00.000Z,0.64864,0.64979,0.64852,0.64942,9409
2024-03-05T14:00:00.000Z,0.64942,0.65209,0.64914,0.65102,18105
2024-03-05T18:00:00.000Z,0.65104,0.65131,0.64997,0.65035,11568
2024-03-05T22:00:00.000Z,0.65028,0.65072,0.64923,0.64981,8479
2024-03-06T02:00:00.000Z,0.64982,0.65198,0.64968,0.65167,8268
2024-03-06T06:00:00.000Z,0.65169,0.65249,0.65121,0.65242,12578
2024-03-06T10:00:00.000Z,0.65242,0.65418,0.65197,0.65404,14042
2024-03-06T14:00:00.000Z,0.65404,0.65811,0.65404,0.65719,19806
2024-03-06T18:00:00.000Z,0.65719,0.65781,0.65611,0.65642,12151
2024-03-06T22:00:00.000Z,0.65622,0.65757,0.65594,0.65691,7496
2024-03-07T02:00:00.000Z,0.65692,0.65882,0.65637,0.65756,9286
2024-03-07T06:00:00.000Z,0.65754,0.65973,0.65736,0.65965,12562
2024-03-07T10:00:00.000Z,0.65966,0.66176,0.65966,0.66092,13156
2024-03-07T14:00:00.000Z,0.66091,0.66242,0.66012,0.66167,17362
2024-03-07T18:00:00.000Z,0.6617,0.66225,0.66168,0.66203,8484
2024-03-07T22:00:00.000Z,0.66155,0.66295,0.66129,0.66194,6461
2024-03-08T02:00:00.000Z,0.66191,0.66336,0.66138,0.66333,6994
2024-03-08T06:00:00.000Z,0.66332,0.66451,0.66258,0.6644,11317
2024-03-08T10:00:00.000Z,0.6644,0.66672,0.66205,0.66443,14605
2024-03-08T14:00:00.000Z,0.66442,0.66531,0.66211,0.66233,23343
2024-03-08T18:00:00.000Z,0.66232,0.66264,0.66156,0.66262,10256
2024-03-10T21:00:00.000Z,0.66224,0.66265,0.66178,0.66216,6450
2024-03-11T01:00:00.000Z,0.66215,0.66267,0.66068,0.66108,9663
2024-03-11T05:00:00.000Z,0.66108,0.66199,0.66056,0.66101,12069
2024-03-11T09:00:00.000Z,0.66101,0.66207,0.66,0.66004,11129
2024-03-11T13:00:00.000Z,0.66004,0.66117,0.65967,0.661,14651
2024-03-11T17:00:00.000Z,0.66103,0.66142,0.66034,0.66135,6162
2024-03-11T21:00:00.000Z,0.66067,0.66202,0.66058,0.6615,5842
2024-03-12T01:00:00.000Z,0.6615,0.66214,0.6609,0.66146,8179
2024-03-12T05:00:00.000Z,0.66145,0.66202,0.66083,0.66152,9830
2024-03-12T09:00:00.000Z,0.66152,0.66387,0.65856,0.6612,16531
2024-03-12T13:00:00.000Z,0.6612,0.66121,0.65842,0.65977,27180
2024-03-12T17:00:00.000Z,0.65977,0.66074,0.65914,0.66069,13395
2024-03-12T21:00:00.000Z,0.66053,0.66117,0.66009,0.66042,6068
2024-03-13T01:00:00.000Z,0.66044,0.66166,0.66001,0.66133,10185
2024-03-13T05:00:00.000Z,0.66133,0.66183,0.6607,0.66102,15055
2024-03-13T09:00:00.000Z,0.66102,0.66153,0.66034,0.66106,11873
2024-03-13T13:00:00.000Z,0.66107,0.6625,0.66103,0.66238,14650
2024-03-13T17:00:00.000Z,0.66236,0.66352,0.66201,0.66213,8563
2024-03-13T21:00:00.000Z,0.66209,0.66318,0.66166,0.66248,4317
2024-03-14T01:00:00.000Z,0.6625,0.66308,0.66094,0.66153,7064
2024-03-14T05:00:00.000Z,0.6615,0.66237,0.66121,0.66185,8991
2024-03-14T09:00:00.000Z,0.66185,0.66296,0.66084,0.66135,12937
2024-03-14T13:00:00.000Z,0.66134,0.66161,0.65694,0.65845,21773
2024-03-14T17:00:00.000Z,0.65844,0.65855,0.65737,0.6581,9290
2024-03-14T21:00:00.000Z,0.65763,0.65825,0.6566,0.65671,5492
2024-03-15T01:00:00.000Z,0.65669,0.65708,0.65572,0.65662,9971
2024-03-15T05:00:00.000Z,0.65662,0.65729,0.6552,0.65564,12134
2024-03-15T09:00:00.000Z,0.65567,0.65728,0.65559,0.65641,11239
2024-03-15T13:00:00.000Z,0.65642,0.65743,0.6558,0.65583,15404
2024-03-15T17:00:00.000Z,0.65582,0.65642,0.65554,0.65604,6027
2024-03-17T21:00:00.000Z,0.65583,0.65629,0.65547,0.656,3985
2024-03-18T01:00:00.000Z,0.656,0.6569,0.65538,0.65657,8391
2024-03-18T05:00:00.000Z,0.65659,0.65734,0.65602,0.65717,8200
2024-03-18T09:00:00.000Z,0.65716,0.65739,0.65645,0.65685,7715
2024-03-18T13:00:00.000Z,0.65685,0.65713,0.65531,0.65538,11372
2024-03-18T17:00:00.000Z,0.65539,0.65594,0.65507,0.65592,6068
2024-03-18T21:00:00.000Z,0.65541,0.65598,0.65493,0.65504,4148
2024-03-19T01:00:00.000Z,0.65504,0.65638,0.65261,0.6528,15993
2024-03-19T05:00:00.000Z,0.6528,0.65286,0.65091,0.65155,14235
2024-03-19T09:00:00.000Z,0.65154,0.65197,0.65039,0.6518,11621
2024-03-19T13:00:00.000Z,0.65181,0.65335,0.65156,0.65318,11508
2024-03-19T17:00:00.000Z,0.65318,0.65362,0.65287,0.65314,5885
2024-03-19T21:00:00.000Z,0.6532,0.65337,0.65195,0.65313,5496
2024-03-20T01:00:00.000Z,0.65314,0.65409,0.65252,0.65252,7740
2024-03-20T05:00:00.000Z,0.65255,0.65357,0.65192,0.6523,8225
2024-03-20T09:00:00.000Z,0.65229,0.65232,0.65115,0.65199,8810
2024-03-20T13:00:00.000Z,0.65199,0.65332,0.65149,0.6533,9372
2024-03-20T17:00:00.000Z,0.65329,0.6587,0.65293,0.65864,22589
2024-03-20T21:00:00.000Z,0.65853,0.66149,0.6575,0.66124,8767
2024-03-21T01:00:00.000Z,0.66125,0.6628,0.66118,0.66234,11713
2024-03-21T05:00:00.000Z,0.66234,0.66344,0.66057,0.66061,13607
2024-03-21T09:00:00.000Z,0.66064,0.66168,0.65953,0.65998,15504
2024-03-21T13:00:00.000Z,0.65998,0.66,0.65609,0.65708,17750
2024-03-21T17:00:00.000Z,0.65709,0.65731,0.65664,0.65703,6546
2024-03-21T21:00:00.000Z,0.65676,0.65768,0.65668,0.65746,4769
2024-03-22T01:00:00.000Z,0.65746,0.65762,0.6522,0.65239,12142
2024-03-22T05:00:00.000Z,0.6524,0.65321,0.65101,0.65177,11749
2024-03-22T09:00:00.000Z,0.65177,0.65277,0.651,0.65235,11918
2024-03-22T13:00:00.000Z,0.65235,0.6531,0.65141,0.65184,13921
2024-03-22T17:00:00.000Z,0.65183,0.65203,0.65103,0.65136,5383
2024-03-24T21:00:00.000Z,0.65117,0.65208,0.65099,0.65172,5871
2024-03-25T01:00:00.000Z,0.65172,0.65437,0.65148,0.65268,14069
2024-03-25T05:00:00.000Z,0.65267,0.65304,0.65166,0.65283,10495
2024-03-25T09:00:00.000Z,0.65283,0.65364,0.65234,0.65324,9824
2024-03-25T13:00:00.000Z,0.65323,0.65469,0.65307,0.65378,11202
2024-03-25T17:00:00.000Z,0.65379,0.65404,0.65356,0.65389,4503
2024-03-25T21:00:00.000Z,0.65364,0.65439,0.65347,0.65432,3495
2024-03-26T01:00:00.000Z,0.65431,0.65546,0.65313,0.65382,9687
2024-03-26T05:00:00.000Z,0.65382,0.6547,0.65353,0.65427,9049
2024-03-26T09:00:00.000Z,0.65426,0.6559,0.65421,0.65487,9791
2024-03-26T13:00:00.000Z,0.65486,0.65524,0.65327,0.65369,11821
2024-03-26T17:00:00.000Z,0.6537,0.65403,0.65305,0.65337,5876
2024-03-26T21:00:00.000Z,0.6533,0.65388,0.65201,0.65259,4705
2024-03-27T01:00:00.000Z,0.65257,0.65305,0.65111,0.65291,10491
2024-03-27T05:00:00.000Z,0.6529,0.65326,0.65156,0.65171,9517
2024-03-27T09:00:00.000Z,0.65171,0.65318,0.65163,0.65168,13064
2024-03-27T13:00:00.000Z,0.65169,0.65322,0.65135,0.65257,12707
2024-03-27T17:00:00.000Z,0.65257,0.6535,0.65225,0.65345,5512
2024-03-27T21:00:00.000Z,0.65333,0.65347,0.65154,0.65258,6381
2024-03-28T01:00:00.000Z,0.65257,0.65408,0.65213,0.6531,9197
2024-03-28T05:00:00.000Z,0.65311,0.65323,0.64929,0.64932,9475
2024-03-28T09:00:00.000Z,0.64931,0.65074,0.64852,0.65071,10582
2024-03-28T13:00:00.000Z,0.65071,0.6528,0.65032,0.65218,13574
2024-03-28T17:00:00.000Z,0.65219,0.65241,0.65129,0.65154,7841
2024-03-28T21:00:00.000Z,0.65152,0.65247,0.65115,0.65176,2963
2024-03-29T01:00:00.000Z,0.65173,0.65184,0.65097,0.65105,2732
2024-03-29T05:00:00.000Z,0.65105,0.65147,0.65051,0.65125,1847
2024-03-29T09:00:00.000Z,0.65125,0.65328,0.65092,0.65269,1924
2024-03-29T13:00:00.000Z,0.65269,0.65314,0.65199,0.65213,4505
2024-03-29T17:00:00.000Z,0.65214,0.65223,0.65083,0.65163,2733
2024-03-31T21:00:00.000Z,0.65146,0.65387,0.65126,0.65321,6889
2024-04-01T01:00:00.000Z,0.65324,0.65351,0.65175,0.65238,7593
2024-04-01T05:00:00.000Z,0.65238,0.65278,0.65145,0.65256,6148
2024-04-01T09:00:00.000Z,0.65256,0.65268,0.65074,0.65156,5985
2024-04-01T13:00:00.000Z,0.65156,0.65191,0.64806,0.64839,12075
2024-04-01T17:00:00.000Z,0.64839,0.64891,0.64819,0.64887,3960
2024-04-01T21:00:00.000Z,0.64882,0.64929,0.64829,0.64916,7104
2024-04-02T01:00:00.000Z,0.64915,0.64985,0.64847,0.64893,8054
2024-04-02T05:00:00.000Z,0.64894,0.65086,0.6486,0.65054,9788
2024-04-02T09:00:00.000Z,0.65054,0.6511,0.64959,0.64984,8608
2024-04-02T13:00:00.000Z,0.64984,0.65237,0.64955,0.65108,13747
2024-04-02T17:00:00.000Z,0.65109,0.65181,0.65089,0.65176,5035
2024-04-02T21:00:00.000Z,0.65186,0.65215,0.65079,0.65079,5483
2024-04-03T01:00:00.000Z,0.65078,0.65251,0.6504,0.65191,9084
2024-04-03T05:00:00.000Z,0.65191,0.65209,0.65032,0.6508,9704
2024-04-03T09:00:00.000Z,0.65079,0.65205,0.65052,0.65158,10764
2024-04-03T13:00:00.000Z,0.65159,0.65677,0.65114,0.65641,20475
2024-04-03T17:00:00.000Z,0.65642,0.65696,0.65602,0.65643,6470
2024-04-03T21:00:00.000Z,0.65596,0.65782,0.65595,0.65778,5263
2024-04-04T01:00:00.000Z,0.6578,0.65874,0.65737,0.6585,6747
2024-04-04T05:00:00.000Z,0.6585,0.65987,0.65848,0.65969,8774
2024-04-04T09:00:00.000Z,0.65969,0.66164,0.65952,0.66151,9061
2024-04-04T13:00:00.000Z,0.66152,0.66188,0.6609,0.66144,9178
2024-04-04T17:00:00.000Z,0.66143,0.66162,0.6579,0.65881,13344
2024-04-04T21:00:00.000Z,0.65867,0.65922,0.65821,0.65896,7891
2024-04-05T01:00:00.000Z,0.65894,0.65912,0.65617,0.65715,10769
2024-04-05T05:00:00.000Z,0.65715,0.65857,0.65695,0.65833,9830
2024-04-05T09:00:00.000Z,0.65833,0.65919,0.65505,0.6562,13071
2024-04-05T13:00:00.000Z,0.65619,0.65864,0.65492,0.65839,20095
2024-04-05T17:00:00.000Z,0.65837,0.65857,0.65772,0.65785,7209
2024-04-07T21:00:00.000Z,0.65699,0.65756,0.65591,0.6561,7178
2024-04-08T01:00:00.000Z,0.65607,0.65887,0.65599,0.65789,12427
2024-04-08T05:00:00.000Z,0.65791,0.65878,0.65756,0.65801,12325
2024-04-08T09:00:00.000Z,0.658,0.65929,0.65781,0.65922,9572
2024-04-08T13:00:00.000Z,0.65923,0.66099,0.65923,0.66005,15041
2024-04-08T17:00:00.000Z,0.66005,0.6608,0.65996,0.66039,5726
2024-04-08T21:00:00.000Z,0.66024,0.66084,0.65997,0.66047,3886
2024-04-09T01:00:00.000Z,0.66048,0.66123,0.65986,0.66084,8847
2024-04-09T05:00:00.000Z,0.66085,0.66118,0.65985,0.66113,9967
2024-04-09T09:00:00.000Z,0.66113,0.66355,0.66094,0.66317,10319
2024-04-09T13:00:00.000Z,0.66317,0.66443,0.66153,0.66188,16560
2024-04-09T17:00:00.000Z,0.66185,0.66288,0.66159,0.6628,6354
2024-04-09T21:00:00.000Z,0.66271,0.66311,0.66208,0.66268,4300
2024-04-10T01:00:00.000Z,0.66268,0.66295,0.66171,0.6621,8319
2024-04-10T05:00:00.000Z,0.6621,0.66283,0.66196,0.66263,9003
2024-04-10T09:00:00.000Z,0.66262,0.66272,0.65475,0.65552,14106
2024-04-10T13:00:00.000Z,0.65553,0.65557,0.64984,0.65068,27892
2024-04-10T17:00:00.000Z,0.65068,0.65223,0.64986,0.65117,15735
2024-04-10T21:00:00.000Z,0.65117,0.6514,0.65018,0.6508,7578
2024-04-11T01:00:00.000Z,0.65079,0.65216,0.65064,0.65184,11975
2024-04-11T05:00:00.000Z,0.65185,0.65299,0.6514,0.65213,14334
2024-04-11T09:00:00.000Z,0.65212,0.65473,0.65082,0.65448,18368
2024-04-11T13:00:00.000Z,0.65448,0.65527,0.65093,0.6524,24020
2024-04-11T17:00:00.000Z,0.65241,0.65454,0.65209,0.65367,8210
2024-04-11T21:00:00.000Z,0.65338,0.65421,0.6533,0.65386,4594
2024-04-12T01:00:00.000Z,0.65386,0.65431,0.65257,0.65263,9438
2024-04-12T05:00:00.000Z,0.65264,0.653,0.65086,0.65136,13991
2024-04-12T09:00:00.000Z,0.65138,0.65151,0.64749,0.64762,14468
2024-04-12T13:00:00.000Z,0.64762,0.64795,0.64611,0.64626,21916
2024-04-12T17:00:00.000Z,0.64626,0.64683,0.64557,0.64616,10633
2024-04-14T21:00:00.000Z,0.64626,0.64799,0.646,0.64706,7235
2024-04-15T01:00:00.000Z,0.64705,0.64883,0.64591,0.64864,15178
2024-04-15T05:00:00.000Z,0.64865,0.6493,0.64759,0.64821,17262
2024-04-15T09:00:00.000Z,0.64821,0.64879,0.64634,0.64793,16490
2024-04-15T13:00:00.000Z,0.64794,0.6487,0.64536,0.64582,22738
2024-04-15T17:00:00.000Z,0.64582,0.6461,0.64375,0.64415,12017
2024-04-15T21:00:00.000Z,0.64409,0.64445,0.64241,0.64243,8035
2024-04-16T01:00:00.000Z,0.64242,0.64276,0.64079,0.64222,14706
2024-04-16T05:00:00.000Z,0.64222,0.64288,0.64118,0.64141,17200
2024-04-16T09:00:00.000Z,0.64141,0.64265,0.64091,0.64173,15244
2024-04-16T13:00:00.000Z,0.64174,0.64179,0.63972,0.64082,22604
2024-04-16T17:00:00.000Z,0.64084,0.64195,0.63893,0.64002,19144
2024-04-16T21:00:00.000Z,0.64034,0.64187,0.63989,0.64131,6496
2024-04-17T01:00:00.000Z,0.64133,0.64236,0.64093,0.64136,10910
2024-04-17T05:00:00.000Z,0.64135,0.6432,0.64026,0.64267,14075
2024-04-17T09:00:00.000Z,0.64266,0.64295,0.64183,0.64239,11707
2024-04-17T13:00:00.000Z,0.64239,0.64374,0.64086,0.6418,20379
2024-04-17T17:00:00.000Z,0.6418,0.64461,0.6417,0.64344,13332
2024-04-17T21:00:00.000Z,0.64309,0.64418,0.64248,0.64397,5888
2024-04-18T01:00:00.000Z,0.64398,0.64564,0.64316,0.64472,12784
2024-04-18T05:00:00.000Z,0.64474,0.64554,0.64409,0.64475,13386
2024-04-18T09:00:00.000Z,0.64475,0.64486,0.64333,0.64407,13823
2024-04-18T13:00:00.000Z,0.64408,0.64459,0.64251,0.64285,22004
2024-04-18T17:00:00.000Z,0.64284,0.64289,0.64163,0.64201,12145
2024-04-18T21:00:00.000Z,0.64172,0.64254,0.64052,0.64064,7106
2024-04-19T01:00:00.000Z,0.64065,0.64094,0.63622,0.64,30697
2024-04-19T05:00:00.000Z,0.64001,0.6425,0.63936,0.64153,18810
2024-04-19T09:00:00.000Z,0.64153,0.64267,0.64056,0.6421,14234
2024-04-19T13:00:00.000Z,0.64209,0.64328,0.64077,0.64214,22506
2024-04-19T17:00:00.000Z,0.64213,0.6426,0.6413,0.64179,11226
2024-04-21T21:00:00.000Z,0.6409,0.64433,0.64084,0.64324,7489
2024-04-22T01:00:00.000Z,0.64323,0.6455,0.64318,0.64346,10953
2024-04-22T05:00:00.000Z,0.64347,0.64372,0.64259,0.64354,12033
2024-04-22T09:00:00.000Z,0.64354,0.64439,0.64325,0.64375,12743
2024-04-22T13:00:00.000Z,0.64374,0.64444,0.64243,0.64417,14205
2024-04-22T17:00:00.000Z,0.64417,0.64537,0.64416,0.64491,6472
2024-04-22T21:00:00.000Z,0.64455,0.64597,0.64451,0.64594,4171
2024-04-23T01:00:00.000Z,0.64593,0.64653,0.64501,0.64586,10812
2024-04-23T05:00:00.000Z,0.64586,0.64616,0.64441,0.64442,12697
2024-04-23T09:00:00.000Z,0.64442,0.64571,0.64409,0.64556,11000
2024-04-23T13:00:00.000Z,0.64557,0.64899,0.64504,0.64842,19120
2024-04-23T17:00:00.000Z,0.64843,0.64899,0.64831,0.64869,7133
2024-04-23T21:00:00.000Z,0.64772,0.64955,0.64766,0.64944,5229
2024-04-24T01:00:00.000Z,0.64944,0.65294,0.6493,0.65176,11726
2024-04-24T05:00:00.000Z,0.65177,0.65206,0.65013,0.65047,10867
2024-04-24T09:00:00.000Z,0.65048,0.65094,0.64959,0.64992,10924
2024-04-24T13:00:00.000Z,0.64992,0.65062,0.6483,0.64924,16859
2024-04-24T17:00:00.000Z,0.64922,0.65036,0.64902,0.64974,8102
2024-04-24T21:00:00.000Z,0.64938,0.6503,0.64888,0.65,5080
2024-04-25T01:00:00.000Z,0.65001,0.65102,0.64912,0.65064,7427
2024-04-25T05:00:00.000Z,0.65065,0.65299,0.65048,0.65288,10406
2024-04-25T09:00:00.000Z,0.65288,0.65385,0.64917,0.64976,13557
2024-04-25T13:00:00.000Z,0.64977,0.65142,0.6485,0.65125,23296
2024-04-25T17:00:00.000Z,0.65126,0.65218,0.65099,0.65186,9914
2024-04-25T21:00:00.000Z,0.65167,0.65267,0.65158,0.65251,5067
2024-04-26T01:00:00.000Z,0.6525,0.6532,0.65179,0.65273,10459
2024-04-26T05:00:00.000Z,0.65274,0.6554,0.65265,0.65481,14540
2024-04-26T09:00:00.000Z,0.65481,0.65538,0.65308,0.65437,14598
2024-04-26T13:00:00.000Z,0.65437,0.65492,0.65169,0.65308,18868
2024-04-26T17:00:00.000Z,0.65307,0.65402,0.65293,0.65328,4399
2024-04-28T21:00:00.000Z,0.65238,0.65513,0.65232,0.65503,3865
2024-04-29T01:00:00.000Z,0.65503,0.65866,0.65457,0.65757,14202
2024-04-29T05:00:00.000Z,0.65757,0.65803,0.65493,0.65566,18068
2024-04-29T09:00:00.000Z,0.65568,0.657,0.65536,0.65559,10210
2024-04-29T13:00:00.000Z,0.65559,0.65721,0.65461,0.65688,13888
2024-04-29T17:00:00.000Z,0.65688,0.65737,0.65591,0.65658,7652
2024-04-29T21:00:00.000Z,0.65618,0.65678,0.65539,0.65602,4303
2024-04-30T01:00:00.000Z,0.65604,0.65643,0.65301,0.65331,8781
2024-04-30T05:00:00.000Z,0.65332,0.65332,0.65139,0.65273,9550
2024-04-30T09:00:00.000Z,0.65276,0.65364,0.64976,0.64995,13840
2024-04-30T13:00:00.000Z,0.64996,0.651,0.64817,0.6487,22038
2024-04-30T17:00:00.000Z,0.64871,0.64922,0.64726,0.64743,8948
2024-04-30T21:00:00.000Z,0.6473,0.64784,0.64657,0.6466,5529
2024-05-01T01:00:00.000Z,0.6466,0.64732,0.64651,0.64713,6871
2024-05-01T05:00:00.000Z,0.64711,0.64814,0.64699,0.648,7201
2024-05-01T09:00:00.000Z,0.64801,0.64925,0.64779,0.6485,9814
2024-05-01T13:00:00.000Z,0.64849,0.64976,0.64828,0.6489,16605
2024-05-01T17:00:00.000Z,0.64891,0.65399,0.64829,0.65238,28865
2024-05-01T21:00:00.000Z,0.65227,0.65329,0.65137,0.65221,8599
2024-05-02T01:00:00.000Z,0.65221,0.65387,0.65154,0.65346,11568
2024-05-02T05:00:00.000Z,0.65346,0.65487,0.65322,0.65369,15890
2024-05-02T09:00:00.000Z,0.6537,0.6543,0.65199,0.65291,14984
2024-05-02T13:00:00.000Z,0.65291,0.65596,0.65168,0.65568,23069
2024-05-02T17:00:00.000Z,0.65568,0.65731,0.65544,0.65655,10239
2024-05-02T21:00:00.000Z,0.65623,0.65792,0.65612,0.65785,6184
2024-05-03T01:00:00.000Z,0.65786,0.65853,0.65705,0.65733,9451
2024-05-03T05:00:00.000Z,0.65733,0.65836,0.65678,0.65821,12178
2024-05-03T09:00:00.000Z,0.65821,0.6647,0.65773,0.66372,15859
2024-05-03T13:00:00.000Z,0.66368,0.66475,0.66002,0.66111,31534
2024-05-03T17:00:00.000Z,0.66111,0.66153,0.66054,0.661,6793
2024-05-05T21:00:00.000Z,0.66161,0.66179,0.66015,0.66163,4754
2024-05-06T01:00:00.000Z,0.66164,0.66241,0.66103,0.66142,9187
2024-05-06T05:00:00.000Z,0.66141,0.66299,0.66095,0.66274,9040
2024-05-06T09:00:00.000Z,0.66275,0.66383,0.66232,0.66339,7919
2024-05-06T13:00:00.000Z,0.6634,0.66366,0.66193,0.66265,10594
2024-05-06T17:00:00.000Z,0.66264,0.66293,0.66197,0.66257,4886
2024-05-06T21:00:00.000Z,0.66193,0.66436,0.66188,0.66391,5343
2024-05-07T01:00:00.000Z,0.66386,0.66429,0.6597,0.66076,11670
2024-05-07T05:00:00.000Z,0.66078,0.66134,0.65863,0.65997,11798
2024-05-07T09:00:00.000Z,0.65996,0.66192,0.65922,0.66186,9608
2024-05-07T13:00:00.000Z,0.66187,0.66238,0.66001,0.66013,12866
2024-05-07T17:00:00.000Z,0.66013,0.66026,0.65881,0.65981,6625
2024-05-07T21:00:00.000Z,0.6597,0.65988,0.6581,0.65818,4822
2024-05-08T01:00:00.000Z,0.6582,0.65825,0.65689,0.6577,9344
2024-05-08T05:00:00.000Z,0.6577,0.65817,0.65643,0.65651,9258
2024-05-08T09:00:00.000Z,0.65652,0.65735,0.65578,0.65619,8641
2024-05-08T13:00:00.000Z,0.6562,0.65851,0.65617,0.65767,11040
2024-05-08T17:00:00.000Z,0.65767,0.65795,0.65747,0.65792,3833
2024-05-08T21:00:00.000Z,0.65777,0.65818,0.65693,0.65705,3945
2024-05-09T01:00:00.000Z,0.65705,0.65863,0.65694,0.65788,9056
2024-05-09T05:00:00.000Z,0.65789,0.65808,0.65651,0.65759,8720
2024-05-09T09:00:00.000Z,0.6576,0.66076,0.65732,0.66026,11424
2024-05-09T13:00:00.000Z,0.66026,0.66124,0.65897,0.66089,14323
2024-05-09T17:00:00.000Z,0.66089,0.66211,0.66072,0.66195,5466
2024-05-09T21:00:00.000Z,0.66173,0.66229,0.66105,0.66116,4429
2024-05-10T01:00:00.000Z,0.66116,0.6618,0.65989,0.66066,8516
2024-05-10T05:00:00.000Z,0.66066,0.66169,0.66063,0.66085,10225
2024-05-10T09:00:00.000Z,0.66086,0.66131,0.66038,0.66091,9565
2024-05-10T13:00:00.000Z,0.6609,0.66226,0.65959,0.66067,14960
2024-05-10T17:00:00.000Z,0.66066,0.66093,0.66021,0.66032,4031
2024-05-12T21:00:00.000Z,0.65978,0.66067,0.6594,0.65952,3776
2024-05-13T01:00:00.000Z,0.65951,0.66003,0.65856,0.65947,7823
2024-05-13T05:00:00.000Z,0.65947,0.66098,0.65936,0.6608,7952
2024-05-13T09:00:00.000Z,0.66079,0.66247,0.66063,0.66224,8161
2024-05-13T13:00:00.000Z,0.66224,0.66288,0.66049,0.66076,12494
2024-05-13T17:00:00.000Z,0.66077,0.66101,0.66016,0.66075,4975
2024-05-13T21:00:00.000Z,0.6605,0.66122,0.66025,0.6605,4371
2024-05-14T01:00:00.000Z,0.66049,0.66088,0.65981,0.65997,7945
2024-05-14T05:00:00.000Z,0.65997,0.66087,0.65979,0.66032,8603
2024-05-14T09:00:00.000Z,0.66033,0.66224,0.65791,0.66176,12290
2024-05-14T13:00:00.000Z,0.66177,0.66278,0.66125,0.66205,15898
2024-05-14T17:00:00.000Z,0.66206,0.66275,0.66165,0.66268,4171
2024-05-14T21:00:00.000Z,0.66228,0.66307,0.66208,0.66263,3724
2024-05-15T01:00:00.000Z,0.66264,0.6651,0.66212,0.66417,6463
2024-05-15T05:00:00.000Z,0.66417,0.66482,0.66387,0.66457,7906
2024-05-15T09:00:00.000Z,0.66457,0.66789,0.66335,0.66616,12757
2024-05-15T13:00:00.000Z,0.66615,0.66872,0.66282,0.66863,19579
2024-05-15T17:00:00.000Z,0.66863,0.66949,0.66846,0.6693,6244
2024-05-15T21:00:00.000Z,0.66923,0.67142,0.66901,0.67121,5945
2024-05-16T01:00:00.000Z,0.67122,0.67122,0.66771,0.66865,11136
2024-05-16T05:00:00.000Z,0.66867,0.66898,0.66742,0.668,9610
2024-05-16T09:00:00.000Z,0.66799,0.66822,0.66648,0.66666,10210
2024-05-16T13:00:00.000Z,0.66665,0.66824,0.66541,0.66782,12070
2024-05-16T17:00:00.000Z,0.66783,0.66831,0.6674,0.6678,5141
2024-05-16T21:00:00.000Z,0.66741,0.66834,0.66721,0.66731,4147
2024-05-17T01:00:00.000Z,0.66732,0.66763,0.66584,0.66625,6942
2024-05-17T05:00:00.000Z,0.66624,0.66769,0.66506,0.66545,8291
2024-05-17T09:00:00.000Z,0.66546,0.66629,0.66487,0.66622,5552
2024-05-17T13:00:00.000Z,0.66622,0.66924,0.66622,0.66857,12233
2024-05-17T17:00:00.000Z,0.66856,0.6701,0.66853,0.66947,5850
2024-05-19T21:00:00.000Z,0.66919,0.67047,0.66882,0.67001,5233
2024-05-20T01:00:00.000Z,0.67,0.67092,0.66944,0.67064,8177
2024-05-20T05:00:00.000Z,0.67065,0.67084,0.66895,0.66927,7997
2024-05-20T09:00:00.000Z,0.66925,0.66965,0.66617,0.66653,8215
2024-05-20T13:00:00.000Z,0.66653,0.66817,0.6665,0.66747,13128
2024-05-20T17:00:00.000Z,0.66747,0.66794,0.66665,0.66667,5776
2024-05-20T21:00:00.000Z,0.66677,0.66748,0.66649,0.66711,3225
2024-05-21T01:00:00.000Z,0.66711,0.66751,0.66463,0.66571,9804
2024-05-21T05:00:00.000Z,0.66571,0.66693,0.66525,0.66653,8093
2024-05-21T09:00:00.000Z,0.66652,0.66789,0.66645,0.6671,8146
2024-05-21T13:00:00.000Z,0.6671,0.66786,0.66571,0.66641,17400
2024-05-21T17:00:00.000Z,0.66641,0.66679,0.66599,0.66643,5299
2024-05-21T21:00:00.000Z,0.66636,0.66718,0.66635,0.66682,3666
2024-05-22T01:00:00.000Z,0.66681,0.66852,0.66628,0.66677,9105
2024-05-22T05:00:00.000Z,0.66678,0.66745,0.6653,0.66609,9591
2024-05-22T09:00:00.000Z,0.66612,0.66668,0.6644,0.66453,9856
2024-05-22T13:00:00.000Z,0.66452,0.66562,0.66326,0.66395,14598
2024-05-22T17:00:00.000Z,0.66394,0.66427,0.66077,0.66194,12143
2024-05-22T21:00:00.000Z,0.6611,0.66246,0.6611,0.66177,5139
2024-05-23T01:00:00.000Z,0.66178,0.66331,0.66146,0.66272,8992
2024-05-23T05:00:00.000Z,0.66271,0.66304,0.66173,0.66278,9924
2024-05-23T09:00:00.000Z,0.66278,0.66457,0.66263,0.66413,9639
2024-05-23T13:00:00.000Z,0.66414,0.6653,0.66193,0.66204,21967
2024-05-23T17:00:00.000Z,0.66204,0.66204,0.65974,0.66055,11233
2024-05-23T21:00:00.000Z,0.6604,0.66068,0.65947,0.66014,4860
2024-05-24T01:00:00.000Z,0.66013,0.66048,0.6592,0.66013,7778
2024-05-24T05:00:00.000Z,0.66014,0.66135,0.65942,0.66116,9152
2024-05-24T09:00:00.000Z,0.66115,0.66202,0.66073,0.66162,8963
2024-05-24T13:00:00.000Z,0.66163,0.66363,0.66128,0.66289,14800
2024-05-24T17:00:00.000Z,0.66289,0.66361,0.66263,0.66277,6001
2024-05-26T21:00:00.000Z,0.66229,0.66345,0.66221,0.66293,3426
2024-05-27T01:00:00.000Z,0.66292,0.66378,0.66271,0.66358,5556
2024-05-27T05:00:00.000Z,0.66357,0.66428,0.66316,0.66413,6033
2024-05-27T09:00:00.000Z,0.66414,0.66503,0.66409,0.66496,5816
2024-05-27T13:00:00.000Z,0.66496,0.66598,0.66492,0.6655,8816
2024-05-27T17:00:00.000Z,0.66549,0.66584,0.66546,0.66549,2008
2024-05-27T21:00:00.000Z,0.66529,0.66605,0.66529,0.66544,4008
2024-05-28T01:00:00.000Z,0.66543,0.66739,0.66541,0.66687,8145
2024-05-28T05:00:00.000Z,0.66687,0.66705,0.66552,0.66591,9047
2024-05-28T09:00:00.000Z,0.66592,0.66719,0.66562,0.66696,8586
2024-05-28T13:00:00.000Z,0.66697,0.66797,0.66515,0.6659,15963
2024-05-28T17:00:00.000Z,0.6659,0.66602,0.66425,0.66487,10099
2024-05-28T21:00:00.000Z,0.66488,0.66516,0.66385,0.66417,5044
2024-05-29T01:00:00.000Z,0.66417,0.66659,0.66402,0.66499,9901
2024-05-29T05:00:00.000Z,0.66498,0.66617,0.66421,0.66505,12035
2024-05-29T09:00:00.000Z,0.66506,0.66519,0.66265,0.66303,11043
2024-05-29T13:00:00.000Z,0.66304,0.66315,0.6612,0.66188,17889
2024-05-29T17:00:00.000Z,0.66187,0.66228,0.66095,0.661,7707
2024-05-29T21:00:00.000Z,0.66111,0.66144,0.66059,0.66106,5219
2024-05-30T01:00:00.000Z,0.66106,0.66203,0.66001,0.6607,10351
2024-05-30T05:00:00.000Z,0.66069,0.66166,0.65907,0.66142,13340
2024-05-30T09:00:00.000Z,0.66143,0.66359,0.66076,0.6633,12624
2024-05-30T13:00:00.000Z,0.66331,0.66476,0.6628,0.66442,17465
2024-05-30T17:00:00.000Z,0.66443,0.66457,0.66267,0.66324,7045
2024-05-30T21:00:00.000Z,0.6632,0.66382,0.66278,0.66367,5273
2024-05-31T01:00:00.000Z,0.66367,0.66398,0.66267,0.66334,10873
2024-05-31T05:00:00.000Z,0.66334,0.66437,0.66283,0.66394,10645
2024-05-31T09:00:00.000Z,0.66395,0.66677,0.66365,0.66655,13042
2024-05-31T13:00:00.000Z,0.66654,0.66728,0.66329,0.66405,21689
2024-05-31T17:00:00.000Z,0.66404,0.6655,0.66397,0.66533,8541
2024-06-02T21:00:00.000Z,0.66503,0.66636,0.66474,0.66616,5122
2024-06-03T01:00:00.000Z,0.66616,0.66649,0.66445,0.66477,7756
2024-06-03T05:00:00.000Z,0.66477,0.66485,0.66325,0.66424,11683
2024-06-03T09:00:00.000Z,0.66424,0.66667,0.66349,0.66635,11878
2024-06-03T13:00:00.000Z,0.66636,0.6695,0.66602,0.66722,21486
2024-06-03T17:00:00.000Z,0.66722,0.66895,0.66635,0.66893,9773
2024-06-03T21:00:00.000Z,0.66824,0.66986,0.66786,0.66881,5452
2024-06-04T01:00:00.000Z,0.66881,0.6689,0.66753,0.66816,9201
2024-06-04T05:00:00.000Z,0.66815,0.66829,0.66464,0.66505,14287
2024-06-04T09:00:00.000Z,0.66505,0.66516,0.66309,0.6644,15840
2024-06-04T13:00:00.000Z,0.6644,0.6653,0.66344,0.66438,21881
2024-06-04T17:00:00.000Z,0.66438,0.66539,0.66405,0.66493,10496
2024-06-04T21:00:00.000Z,0.66429,0.66556,0.6642,0.66501,5201
2024-06-05T01:00:00.000Z,0.66502,0.66645,0.66441,0.66607,8804
2024-06-05T05:00:00.000Z,0.66606,0.66624,0.66508,0.66517,11021
2024-06-05T09:00:00.000Z,0.66516,0.66517,0.66396,0.66493,11078
2024-06-05T13:00:00.000Z,0.66491,0.66547,0.66261,0.66422,21270
2024-06-05T17:00:00.000Z,0.66425,0.66535,0.66389,0.66473,5518
2024-06-05T21:00:00.000Z,0.66471,0.66673,0.66471,0.66658,4270
2024-06-06T01:00:00.000Z,0.66657,0.66834,0.666,0.66617,9556
2024-06-06T05:00:00.000Z,0.66616,0.66628,0.6644,0.66504,9500
2024-06-06T09:00:00.000Z,0.66504,0.66544,0.66356,0.66389,11411
2024-06-06T13:00:00.000Z,0.66389,0.6663,0.66335,0.66613,16994
2024-06-06T17:00:00.000Z,0.66613,0.66729,0.66606,0.66662,8048
2024-06-06T21:00:00.000Z,0.66648,0.66703,0.66631,0.66659,4569
2024-06-07T01:00:00.000Z,0.66661,0.66779,0.66625,0.6675,7975
2024-06-07T05:00:00.000Z,0.66751,0.66812,0.66618,0.66661,11245
2024-06-07T09:00:00.000Z,0.66661,0.66702,0.6606,0.66073,16661
2024-06-07T13:00:00.000Z,0.66073,0.6614,0.65802,0.65895,22956
2024-06-07T17:00:00.000Z,0.65895,0.65899,0.65789,0.65817,10279
2024-06-09T21:00:00.000Z,0.65783,0.65847,0.65753,0.6579,5477
2024-06-10T01:00:00.000Z,0.6579,0.65928,0.65759,0.65903,7249
2024-06-10T05:00:00.000Z,0.65904,0.65977,0.65846,0.65856,12101
2024-06-10T09:00:00.000Z,0.65856,0.66013,0.65834,0.65912,11170
2024-06-10T13:00:00.000Z,0.65913,0.66105,0.65855,0.66051,13812
2024-06-10T17:00:00.000Z,0.66051,0.66109,0.66014,0.66101,6036
2024-06-10T21:00:00.000Z,0.66103,0.66123,0.66011,0.6602,4540
2024-06-11T01:00:00.000Z,0.66019,0.66035,0.65909,0.65975,8490
2024-06-11T05:00:00.000Z,0.65973,0.66084,0.65969,0.65999,9363
2024-06-11T09:00:00.000Z,0.66,0.66046,0.65884,0.66038,12754
2024-06-11T13:00:00.000Z,0.66038,0.66097,0.65892,0.66012,15839
2024-06-11T17:00:00.000Z,0.66011,0.66134,0.65991,0.66056,8043
2024-06-11T21:00:00.000Z,0.6605,0.66092,0.65969,0.65994,3643
2024-06-12T01:00:00.000Z,0.65994,0.66176,0.65986,0.66129,7679
2024-06-12T05:00:00.000Z,0.66128,0.66218,0.66074,0.66124,8676
2024-06-12T09:00:00.000Z,0.66125,0.6691,0.66076,0.66878,8609
2024-06-12T13:00:00.000Z,0.66877,0.67039,0.668,0.67007,13217
2024-06-12T17:00:00.000Z,0.67007,0.67017,0.66551,0.66616,14979
2024-06-12T21:00:00.000Z,0.66618,0.66666,0.66559,0.66573,3262
2024-06-13T01:00:00.000Z,0.66572,0.66669,0.66462,0.66473,6232
2024-06-13T05:00:00.000Z,0.66473,0.66548,0.66391,0.66526,6461
2024-06-13T09:00:00.000Z,0.66525,0.66749,0.66401,0.66581,8042
2024-06-13T13:00:00.000Z,0.66582,0.66619,0.66257,0.66296,13556
2024-06-13T17:00:00.000Z,0.66297,0.66393,0.66296,0.66355,5655
2024-06-13T21:00:00.000Z,0.66306,0.66363,0.66203,0.66215,3471
2024-06-14T01:00:00.000Z,0.66216,0.66412,0.66216,0.66257,6700
2024-06-14T05:00:00.000Z,0.66259,0.6633,0.66093,0.66126,9918
2024-06-14T09:00:00.000Z,0.66127,0.66217,0.6601,0.66082,11592
2024-06-14T13:00:00.000Z,0.66082,0.66196,0.65911,0.66166,12174
2024-06-14T17:00:00.000Z,0.66166,0.66196,0.66046,0.66146,4550
2024-06-16T21:00:00.000Z,0.66032,0.66178,0.66032,0.6609,3259
2024-06-17T01:00:00.000Z,0.6609,0.6609,0.65988,0.66032,5359
2024-06-17T05:00:00.000Z,0.66032,0.66086,0.65908,0.66055,7781
2024-06-17T09:00:00.000Z,0.66055,0.6608,0.6585,0.65907,6610
2024-06-17T13:00:00.000Z,0.65912,0.66077,0.65884,0.66061,8202
2024-06-17T17:00:00.000Z,0.6606,0.66164,0.66059,0.66123,4383
2024-06-17T21:00:00.000Z,0.66044,0.6621,0.66044,0.6616,2882
2024-06-18T01:00:00.000Z,0.6616,0.66182,0.65999,0.66081,6260
2024-06-18T05:00:00.000Z,0.6608,0.66324,0.6607,0.66157,8571
2024-06-18T09:00:00.000Z,0.66158,0.66298,0.6609,0.6626,8172
2024-06-18T13:00:00.000Z,0.6626,0.66568,0.6625,0.66538,10737
2024-06-18T17:00:00.000Z,0.66538,0.66575,0.66487,0.66554,5155
2024-06-18T21:00:00.000Z,0.66536,0.66629,0.66536,0.66615,2230
2024-06-19T01:00:00.000Z,0.66616,0.66692,0.66594,0.66622,4467
2024-06-19T05:00:00.000Z,0.6662,0.66751,0.66615,0.66709,5917
2024-06-19T09:00:00.000Z,0.66709,0.66757,0.66649,0.66704,4704
2024-06-19T13:00:00.000Z,0.66707,0.66773,0.66672,0.66714,3976
2024-06-19T17:00:00.000Z,0.66714,0.6672,0.66689,0.66718,712
2024-06-19T21:00:00.000Z,0.6668,0.66761,0.6668,0.66723,2698
2024-06-20T01:00:00.000Z,0.66725,0.66773,0.66669,0.6671,5387
2024-06-20T05:00:00.000Z,0.6671,0.66792,0.66612,0.66673,6894
2024-06-20T09:00:00.000Z,0.66673,0.66777,0.66619,0.66639,7424
2024-06-20T13:00:00.000Z,0.66638,0.66739,0.66475,0.66535,10601
2024-06-20T17:00:00.000Z,0.66534,0.66651,0.6648,0.66553,6778
2024-06-20T21:00:00.000Z,0.66542,0.6663,0.66533,0.66552,2759
2024-06-21T01:00:00.000Z,0.66552,0.6668,0.66542,0.66672,4872
2024-06-21T05:00:00.000Z,0.66672,0.66695,0.66467,0.66532,7477
2024-06-21T09:00:00.000Z,0.66532,0.66697,0.66456,0.66608,6641
2024-06-21T13:00:00.000Z,0.66607,0.66619,0.66315,0.66415,11442
2024-06-21T17:00:00.000Z,0.66414,0.66456,0.66373,0.66413,4358
2024-06-23T21:00:00.000Z,0.66355,0.66416,0.66328,0.66382,3273
2024-06-24T01:00:00.000Z,0.66382,0.66394,0.6626,0.66377,6272
2024-06-24T05:00:00.000Z,0.66378,0.66565,0.66376,0.66527,6227
2024-06-24T09:00:00.000Z,0.66525,0.66555,0.66376,0.66456,7317
2024-06-24T13:00:00.000Z,0.66456,0.66675,0.66456,0.66546,11272
2024-06-24T17:00:00.000Z,0.66543,0.66617,0.66486,0.66562,5317
2024-06-24T21:00:00.000Z,0.66505,0.66575,0.66492,0.66533,3635
2024-06-25T01:00:00.000Z,0.66535,0.66647,0.6651,0.66611,7459
2024-06-25T05:00:00.000Z,0.66611,0.66726,0.66605,0.66633,7807
2024-06-25T09:00:00.000Z,0.6663,0.66637,0.66432,0.66466,8337
2024-06-25T13:00:00.000Z,0.66465,0.66501,0.66349,0.66382,11521
2024-06-25T17:00:00.000Z,0.66383,0.66504,0.66363,0.66461,4616
2024-06-25T21:00:00.000Z,0.66398,0.66495,0.66358,0.66426,3702
2024-06-26T01:00:00.000Z,0.66425,0.66809,0.6642,0.66779,9719
2024-06-26T05:00:00.000Z,0.66779,0.66885,0.66743,0.66753,8738
2024-06-26T09:00:00.000Z,0.66753,0.66806,0.66519,0.66555,9243
2024-06-26T13:00:00.000Z,0.66555,0.66599,0.66401,0.66492,13301
2024-06-26T17:00:00.000Z,0.6649,0.66573,0.66453,0.66477,5981
2024-06-26T21:00:00.000Z,0.66444,0.66499,0.66397,0.66436,4732
2024-06-27T01:00:00.000Z,0.66435,0.66649,0.66433,0.66648,7202
2024-06-27T05:00:00.000Z,0.6665,0.66724,0.66585,0.66658,10070
2024-06-27T09:00:00.000Z,0.66658,0.66701,0.66482,0.66656,12984
2024-06-27T13:00:00.000Z,0.66655,0.66674,0.66429,0.66491,15785
2024-06-27T17:00:00.000Z,0.66491,0.66523,0.66427,0.66477,7292
2024-06-27T21:00:00.000Z,0.6645,0.66512,0.66395,0.66398,4164
2024-06-28T01:00:00.000Z,0.66399,0.66402,0.66197,0.66226,13039
2024-06-28T05:00:00.000Z,0.66227,0.66432,0.66205,0.6642,9991
2024-06-28T09:00:00.000Z,0.66421,0.66718,0.66396,0.66678,14430
2024-06-28T13:00:00.000Z,0.66678,0.66843,0.66597,0.66739,22372
2024-06-28T17:00:00.000Z,0.66738,0.66827,0.66631,0.66693,8711
2024-06-30T21:00:00.000Z,0.66793,0.66798,0.66647,0.66706,6724
2024-07-01T01:00:00.000Z,0.66707,0.66747,0.66643,0.66659,9522
2024-07-01T05:00:00.000Z,0.66658,0.66867,0.66638,0.66846,11994
2024-07-01T09:00:00.000Z,0.66846,0.66846,0.6656,0.66635,10720
2024-07-01T13:00:00.000Z,0.66634,0.66882,0.66439,0.66533,19337
2024-07-01T17:00:00.000Z,0.66532,0.66594,0.66482,0.66592,6062
2024-07-01T21:00:00.000Z,0.66508,0.66603,0.66476,0.66492,4273
2024-07-02T01:00:00.000Z,0.66492,0.66519,0.6634,0.66429,9504
2024-07-02T05:00:00.000Z,0.66429,0.66518,0.66383,0.66508,12238
2024-07-02T09:00:00.000Z,0.66507,0.66603,0.66454,0.6655,9632
2024-07-02T13:00:00.000Z,0.66547,0.66706,0.66501,0.66571,19864
2024-07-02T17:00:00.000Z,0.66572,0.66705,0.66564,0.66675,5950
2024-07-02T21:00:00.000Z,0.66648,0.66744,0.6664,0.66694,4021
2024-07-03T01:00:00.000Z,0.66693,0.66808,0.66651,0.66753,8025
2024-07-03T05:00:00.000Z,0.66753,0.66841,0.66688,0.66751,9768
2024-07-03T09:00:00.000Z,0.66751,0.66832,0.66693,0.66782,10263
2024-07-03T13:00:00.000Z,0.66782,0.67336,0.66778,0.67142,19699
2024-07-03T17:00:00.000Z,0.67143,0.67143,0.66999,0.67056,4564
2024-07-03T21:00:00.000Z,0.67027,0.67181,0.67018,0.67167,4283
2024-07-04T01:00:00.000Z,0.67167,0.67214,0.67107,0.67132,8212
2024-07-04T05:00:00.000Z,0.67132,0.6726,0.6711,0.67215,8698
2024-07-04T09:00:00.000Z,0.67216,0.67316,0.67184,0.67267,6828
2024-07-04T13:00:00.000Z,0.67269,0.67316,0.67237,0.67281,5978
2024-07-04T17:00:00.000Z,0.67282,0.67289,0.67257,0.67258,738
2024-07-04T21:00:00.000Z,0.6725,0.67358,0.67239,0.67324,4821
2024-07-05T01:00:00.000Z,0.67324,0.67388,0.6731,0.67337,9220
2024-07-05T05:00:00.000Z,0.67337,0.67365,0.67271,0.67353,8858
2024-07-05T09:00:00.000Z,0.67354,0.67524,0.67094,0.67358,12595
2024-07-05T13:00:00.000Z,0.67358,0.67474,0.67184,0.674,22418
2024-07-05T17:00:00.000Z,0.67399,0.67529,0.67382,0.67488,6649
2024-07-07T21:00:00.000Z,0.67349,0.67493,0.67349,0.67399,6649
2024-07-08T01:00:00.000Z,0.67398,0.67609,0.6738,0.67528,10138
2024-07-08T05:00:00.000Z,0.67529,0.6753,0.6736,0.67365,10485
2024-07-08T09:00:00.000Z,0.67364,0.67497,0.67349,0.67487,8927
2024-07-08T13:00:00.000Z,0.67487,0.67513,0.67362,0.67412,12948
2024-07-08T17:00:00.000Z,0.67412,0.67441,0.67316,0.67365,5228
2024-07-08T21:00:00.000Z,0.6735,0.67475,0.67349,0.67372,4442
2024-07-09T01:00:00.000Z,0.67371,0.67442,0.67277,0.67417,9006
2024-07-09T05:00:00.000Z,0.67416,0.67475,0.67352,0.67359,9432
2024-07-09T09:00:00.000Z,0.67359,0.67435,0.67288,0.67323,8953
2024-07-09T13:00:00.000Z,0.67323,0.67456,0.67237,0.67373,18106
2024-07-09T17:00:00.000Z,0.67373,0.67436,0.67365,0.67407,6068
2024-07-09T21:00:00.000Z,0.67374,0.67445,0.67342,0.67351,4423
2024-07-10T01:00:00.000Z,0.67351,0.67461,0.67318,0.67452,9901
2024-07-10T05:00:00.000Z,0.67451,0.67504,0.67332,0.67396,10092
2024-07-10T09:00:00.000Z,0.67397,0.67462,0.67349,0.67446,8347
2024-07-10T13:00:00.000Z,0.67445,0.6752,0.67416,0.67463,12616
2024-07-10T17:00:00.000Z,0.67467,0.67485,0.67383,0.67461,6260
2024-07-10T21:00:00.000Z,0.67463,0.67547,0.67424,0.67507,4070
2024-07-11T01:00:00.000Z,0.67507,0.67634,0.67488,0.67574,7119
2024-07-11T05:00:00.000Z,0.67575,0.67628,0.67527,0.67595,8885
2024-07-11T09:00:00.000Z,0.67595,0.67985,0.67505,0.679,13628
2024-07-11T13:00:00.000Z,0.67899,0.67982,0.67616,0.67643,30593
2024-07-11T17:00:00.000Z,0.67643,0.67668,0.67545,0.67591,9877
2024-07-11T21:00:00.000Z,0.67578,0.67724,0.67558,0.67591,10729
2024-07-12T01:00:00.000Z,0.67591,0.67715,0.67539,0.67691,11836
2024-07-12T05:00:00.000Z,0.67689,0.67774,0.67594,0.67767,11647
2024-07-12T09:00:00.000Z,0.67766,0.67793,0.67619,0.67745,13279
2024-07-12T13:00:00.000Z,0.67746,0.67935,0.67719,0.67882,21811
2024-07-12T17:00:00.000Z,0.67883,0.67901,0.67825,0.67835,6181
2024-07-14T21:00:00.000Z,0.6769,0.6777,0.67633,0.67674,8827
2024-07-15T01:00:00.000Z,0.67674,0.67783,0.67624,0.67748,8874
2024-07-15T05:00:00.000Z,0.67748,0.67887,0.67662,0.67849,11360
2024-07-15T09:00:00.000Z,0.67849,0.6788,0.67706,0.67754,12106
2024-07-15T13:00:00.000Z,0.67754,0.67825,0.67677,0.67708,18184
2024-07-15T17:00:00.000Z,0.67709,0.6771,0.67524,0.67599,11346
2024-07-15T21:00:00.000Z,0.67593,0.67642,0.67504,0.67505,5059
2024-07-16T01:00:00.000Z,0.67506,0.67522,0.67414,0.67418,10548
2024-07-16T05:00:00.000Z,0.67418,0.67466,0.67325,0.67385,12278
2024-07-16T09:00:00.000Z,0.67385,0.6748,0.6718,0.67237,13423
2024-07-16T13:00:00.000Z,0.67237,0.67269,0.67145,0.67258,16847
2024-07-16T17:00:00.000Z,0.67258,0.67363,0.67242,0.67338,6008
2024-07-16T21:00:00.000Z,0.67334,0.67353,0.67252,0.67312,6294
2024-07-17T01:00:00.000Z,0.67313,0.67414,0.6728,0.67369,9431
2024-07-17T05:00:00.000Z,0.67368,0.67541,0.6729,0.67527,17409
2024-07-17T09:00:00.000Z,0.67528,0.67548,0.67375,0.67389,15129
2024-07-17T13:00:00.000Z,0.67388,0.67439,0.67209,0.67257,20766
2024-07-17T17:00:00.000Z,0.67257,0.67301,0.67209,0.67292,9005
2024-07-17T21:00:00.000Z,0.67249,0.67319,0.67217,0.67221,7231
2024-07-18T01:00:00.000Z,0.6722,0.67406,0.67149,0.67374,13770
2024-07-18T05:00:00.000Z,0.67374,0.67435,0.67324,0.67363,16287
2024-07-18T09:00:00.000Z,0.67362,0.67398,0.67299,0.67346,12858
2024-07-18T13:00:00.000Z,0.67345,0.67406,0.67211,0.67258,21362
2024-07-18T17:00:00.000Z,0.67257,0.67262,0.66977,0.67059,11814
2024-07-18T21:00:00.000Z,0.67028,0.67087,0.66946,0.66999,7139
2024-07-19T01:00:00.000Z,0.67,0.67063,0.66957,0.66993,12102
2024-07-19T05:00:00.000Z,0.66993,0.67075,0.66896,0.6691,13769
2024-07-19T09:00:00.000Z,0.66909,0.6697,0.66874,0.66898,11588
2024-07-19T13:00:00.000Z,0.66897,0.66958,0.66837,0.66875,18533
2024-07-19T17:00:00.000Z,0.66876,0.66886,0.66801,0.66839,8524
2024-07-21T21:00:00.000Z,0.66865,0.67021,0.66827,0.66901,8838
2024-07-22T01:00:00.000Z,0.66901,0.66908,0.66624,0.6668,12656
2024-07-22T05:00:00.000Z,0.66679,0.66683,0.66608,0.66653,14258
2024-07-22T09:00:00.000Z,0.66654,0.66676,0.66434,0.6647,11458
2024-07-22T13:00:00.000Z,0.6647,0.66483,0.66312,0.66391,15827
2024-07-22T17:00:00.000Z,0.66391,0.66438,0.66391,0.66419,5941
2024-07-22T21:00:00.000Z,0.66407,0.66453,0.66321,0.66346,6209
2024-07-23T01:00:00.000Z,0.66345,0.66458,0.66312,0.66312,10984
2024-07-23T05:00:00.000Z,0.66311,0.66336,0.66209,0.66223,12144
2024-07-23T09:00:00.000Z,0.66223,0.66289,0.66188,0.66219,10728
2024-07-23T13:00:00.000Z,0.66218,0.66238,0.66115,0.66152,13383
2024-07-23T17:00:00.000Z,0.66151,0.66197,0.66112,0.66157,7176
2024-07-23T21:00:00.000Z,0.66142,0.66164,0.66071,0.66107,4494
2024-07-24T01:00:00.000Z,0.66107,0.66126,0.65833,0.65855,13848
2024-07-24T05:00:00.000Z,0.65856,0.66049,0.65848,0.65956,15130
2024-07-24T09:00:00.000Z,0.65955,0.66088,0.65899,0.66078,11215
2024-07-24T13:00:00.000Z,0.66077,0.66101,0.65933,0.65965,19036
2024-07-24T17:00:00.000Z,0.65965,0.65997,0.65774,0.65812,9480
2024-07-24T21:00:00.000Z,0.65787,0.65825,0.65569,0.65639,7355
2024-07-25T01:00:00.000Z,0.65639,0.6569,0.65404,0.65412,15149
2024-07-25T05:00:00.000Z,0.65412,0.6549,0.65253,0.65361,18086
2024-07-25T09:00:00.000Z,0.6536,0.65367,0.65129,0.65332,18401
2024-07-25T13:00:00.000Z,0.65332,0.65585,0.65297,0.65559,25236
2024-07-25T17:00:00.000Z,0.65558,0.65604,0.65334,0.65374,12436
2024-07-25T21:00:00.000Z,0.65369,0.65468,0.65346,0.65464,5790
2024-07-26T01:00:00.000Z,0.65463,0.65549,0.65428,0.65523,9826
2024-07-26T05:00:00.000Z,0.65523,0.65664,0.65509,0.65657,12049
2024-07-26T09:00:00.000Z,0.65657,0.65659,0.65515,0.65616,11042
2024-07-26T13:00:00.000Z,0.65616,0.65683,0.65503,0.65636,18705
2024-07-26T17:00:00.000Z,0.65638,0.65646,0.65477,0.65481,9150
2024-07-28T21:00:00.000Z,0.6547,0.65683,0.65469,0.65663,6978
2024-07-29T01:00:00.000Z,0.65662,0.65678,0.65471,0.65494,10688
2024-07-29T05:00:00.000Z,0.65494,0.65578,0.65409,0.65431,11793
2024-07-29T09:00:00.000Z,0.65432,0.65568,0.65376,0.65381,9093
2024-07-29T13:00:00.000Z,0.65381,0.65446,0.6524,0.65421,14180
2024-07-29T17:00:00.000Z,0.65422,0.65511,0.65388,0.65494,7659
2024-07-29T21:00:00.000Z,0.65422,0.65578,0.65422,0.65476,4958
2024-07-30T01:00:00.000Z,0.65477,0.65568,0.65335,0.65555,11129
2024-07-30T05:00:00.000Z,0.65554,0.65623,0.65474,0.655,10935
2024-07-30T09:00:00.000Z,0.655,0.65506,0.65342,0.65344,8442
2024-07-30T13:00:00.000Z,0.65344,0.6542,0.6529,0.65364,20278
2024-07-30T17:00:00.000Z,0.65365,0.65438,0.65319,0.65368,10746
2024-07-30T21:00:00.000Z,0.65314,0.65445,0.65305,0.65358,7319
2024-07-31T01:00:00.000Z,0.65358,0.65376,0.64823,0.64939,17721
2024-07-31T05:00:00.000Z,0.6494,0.65091,0.64794,0.64925,17712
2024-07-31T09:00:00.000Z,0.64924,0.6526,0.64866,0.65253,14668
2024-07-31T13:00:00.000Z,0.65254,0.65395,0.65237,0.65314,18487
2024-07-31T17:00:00.000Z,0.65314,0.65557,0.65162,0.65415,21167
2024-07-31T21:00:00.000Z,0.6539,0.65508,0.65375,0.65379,7133
2024-08-01T01:00:00.000Z,0.65379,0.65473,0.65238,0.65286,14333
2024-08-01T05:00:00.000Z,0.65286,0.65355,0.65145,0.65179,15453
2024-08-01T09:00:00.000Z,0.65179,0.65532,0.65137,0.65459,14909
2024-08-01T13:00:00.000Z,0.65458,0.656,0.65063,0.65116,25376
2024-08-01T17:00:00.000Z,0.65118,0.65122,0.64887,0.64998,15154
2024-08-01T21:00:00.000Z,0.64971,0.6501,0.64867,0.64891,9031
2024-08-02T01:00:00.000Z,0.64892,0.65178,0.64867,0.65131,14279
2024-08-02T05:00:00.000Z,0.65132,0.65262,0.65075,0.65132,18069
2024-08-02T09:00:00.000Z,0.65131,0.65401,0.65012,0.65305,19205
2024-08-02T13:00:00.000Z,0.65306,0.65475,0.65109,0.65155,36670
2024-08-02T17:00:00.000Z,0.65155,0.65234,0.65071,0.65097,15936
2024-08-04T21:00:00.000Z,0.65089,0.65177,0.64822,0.64901,17865
2024-08-05T01:00:00.000Z,0.649,0.65119,0.64827,0.64907,27429
2024-08-05T05:00:00.000Z,0.64907,0.64938,0.63482,0.64499,42182
2024-08-05T09:00:00.000Z,0.645,0.6458,0.64355,0.64389,29436
2024-08-05T13:00:00.000Z,0.64389,0.65114,0.64386,0.64805,46979
2024-08-05T17:00:00.000Z,0.64806,0.65023,0.64798,0.64951,24586
2024-08-05T21:00:00.000Z,0.64928,0.65398,0.64917,0.65374,18638
2024-08-06T01:00:00.000Z,0.65373,0.65404,0.64912,0.65054,25949
2024-08-06T05:00:00.000Z,0.65054,0.6528,0.64921,0.65008,31912
2024-08-06T09:00:00.000Z,0.65003,0.65003,0.64721,0.64764,24304
2024-08-06T13:00:00.000Z,0.64764,0.65364,0.6475,0.65351,34718
2024-08-06T17:00:00.000Z,0.65349,0.65416,0.65166,0.65181,20219
2024-08-06T21:00:00.000Z,0.65167,0.654,0.65094,0.65393,12861
2024-08-07T01:00:00.000Z,0.65395,0.65648,0.65306,0.65568,24927
2024-08-07T05:00:00.000Z,0.65568,0.65636,0.65352,0.6559,23298
2024-08-07T09:00:00.000Z,0.6559,0.65746,0.65536,0.65639,16892
2024-08-07T13:00:00.000Z,0.6564,0.6565,0.65404,0.65442,23226
2024-08-07T17:00:00.000Z,0.65443,0.65455,0.65137,0.652,18427
2024-08-07T21:00:00.000Z,0.65181,0.65259,0.65073,0.65178,10303
2024-08-08T01:00:00.000Z,0.65177,0.65658,0.65171,0.65554,19432
2024-08-08T05:00:00.000Z,0.65554,0.65655,0.65428,0.65564,19371
2024-08-08T09:00:00.000Z,0.65564,0.65648,0.65458,0.65494,18266
2024-08-08T13:00:00.000Z,0.65495,0.65858,0.65452,0.65776,26234
2024-08-08T17:00:00.000Z,0.65776,0.65938,0.65719,0.65924,13302
2024-08-08T21:00:00.000Z,0.65893,0.65944,0.65803,0.65845,7679
2024-08-09T01:00:00.000Z,0.65844,0.66046,0.65836,0.65888,14659
2024-08-09T05:00:00.000Z,0.65887,0.66051,0.65826,0.65905,14726
2024-08-09T09:00:00.000Z,0.65906,0.65919,0.65666,0.65727,12353
2024-08-09T13:00:00.000Z,0.65728,0.65869,0.65682,0.65746,20084
2024-08-09T17:00:00.000Z,0.65746,0.658,0.65692,0.65717,9291
2024-08-11T21:00:00.000Z,0.65659,0.65836,0.6565,0.65775,7866
2024-08-12T01:00:00.000Z,0.65776,0.65877,0.65768,0.65838,9416
2024-08-12T05:00:00.000Z,0.65837,0.6602,0.65775,0.65966,12425
2024-08-12T09:00:00.000Z,0.65966,0.66027,0.65901,0.65929,9571
2024-08-12T13:00:00.000Z,0.65929,0.66049,0.65834,0.65851,18237
2024-08-12T17:00:00.000Z,0.6585,0.65919,0.65817,0.65855,9818
2024-08-12T21:00:00.000Z,0.65837,0.6588,0.65789,0.65841,4754
2024-08-13T01:00:00.000Z,0.65841,0.66003,0.65806,0.65948,11815
2024-08-13T05:00:00.000Z,0.65947,0.66087,0.65858,0.66028,10453
2024-08-13T09:00:00.000Z,0.66028,0.6611,0.65904,0.66072,12756
2024-08-13T13:00:00.000Z,0.66072,0.66263,0.65934,0.66241,18388
2024-08-13T17:00:00.000Z,0.66241,0.66379,0.66182,0.66339,10399
2024-08-13T21:00:00.000Z,0.66274,0.66418,0.66254,0.66407,6116
2024-08-14T01:00:00.000Z,0.66405,0.66428,0.66178,0.66244,16622
2024-08-14T05:00:00.000Z,0.66243,0.66422,0.66227,0.66306,12241
2024-08-14T09:00:00.000Z,0.66306,0.6642,0.66131,0.66227,12354
2024-08-14T13:00:00.000Z,0.66226,0.66351,0.66011,0.66062,21565
2024-08-14T17:00:00.000Z,0.66063,0.66074,0.65954,0.65961,9812
2024-08-14T21:00:00.000Z,0.65956,0.66009,0.65887,0.65893,5723
2024-08-15T01:00:00.000Z,0.65896,0.66271,0.65646,0.66244,14325
2024-08-15T05:00:00.000Z,0.66242,0.66249,0.66163,0.66165,8101
2024-08-15T09:00:00.000Z,0.66164,0.66333,0.66045,0.66075,10569
2024-08-15T13:00:00.000Z,0.66075,0.66344,0.65955,0.66236,19449
2024-08-15T17:00:00.000Z,0.66237,0.66239,0.66089,0.66108,7392
2024-08-15T21:00:00.000Z,0.66103,0.66154,0.66074,0.66144,5904
2024-08-16T01:00:00.000Z,0.66144,0.66278,0.66119,0.66259,8417
2024-08-16T05:00:00.000Z,0.6626,0.66368,0.66243,0.66321,8877
2024-08-16T09:00:00.000Z,0.6632,0.66407,0.66227,0.66265,10442
2024-08-16T13:00:00.000Z,0.66266,0.66571,0.66235,0.66557,16355
2024-08-16T17:00:00.000Z,0.66557,0.66712,0.66544,0.66696,7223
2024-08-18T21:00:00.000Z,0.66634,0.66868,0.66541,0.66802,6274
2024-08-19T01:00:00.000Z,0.66803,0.66948,0.66771,0.6687,11429
2024-08-19T05:00:00.000Z,0.66872,0.66934,0.66772,0.66881,13681
2024-08-19T09:00:00.000Z,0.66881,0.6699,0.66833,0.66967,9749
2024-08-19T13:00:00.000Z,0.66967,0.67225,0.66927,0.67199,16162
2024-08-19T17:00:00.000Z,0.672,0.67336,0.67174,0.67329,8018
2024-08-19T21:00:00.000Z,0.67249,0.67381,0.67238,0.67261,5512
2024-08-20T01:00:00.000Z,0.6726,0.67354,0.67131,0.67182,11635
2024-08-20T05:00:00.000Z,0.67181,0.67324,0.67134,0.67281,11617
2024-08-20T09:00:00.000Z,0.67282,0.67418,0.67276,0.67415,10844
2024-08-20T13:00:00.000Z,0.67415,0.67476,0.67343,0.67363,18224
2024-08-20T17:00:00.000Z,0.67363,0.67492,0.67334,0.67471,7640
2024-08-20T21:00:00.000Z,0.67417,0.67525,0.67417,0.67501,5410
2024-08-21T01:00:00.000Z,0.67501,0.6751,0.67392,0.67444,9218
2024-08-21T05:00:00.000Z,0.67444,0.67495,0.67318,0.67356,11309
2024-08-21T09:00:00.000Z,0.67358,0.67448,0.67349,0.67429,8289
2024-08-21T13:00:00.000Z,0.67431,0.67566,0.67307,0.67413,21888
2024-08-21T17:00:00.000Z,0.67414,0.6761,0.67378,0.6743,8106
2024-08-21T21:00:00.000Z,0.67431,0.67523,0.67409,0.67434,3867
2024-08-22T01:00:00.000Z,0.67435,0.67446,0.67272,0.67353,7623
2024-08-22T05:00:00.000Z,0.67354,0.67527,0.67335,0.67459,8448
2024-08-22T09:00:00.000Z,0.6746,0.67465,0.67235,0.6734,9889
2024-08-22T13:00:00.000Z,0.6734,0.67343,0.6699,0.67062,18932
2024-08-22T17:00:00.000Z,0.67063,0.67097,0.66971,0.6706,9328
2024-08-22T21:00:00.000Z,0.67035,0.67124,0.67005,0.67094,3834
2024-08-23T01:00:00.000Z,0.67094,0.67242,0.67083,0.67237,7464
2024-08-23T05:00:00.000Z,0.67238,0.67286,0.67173,0.67247,9703
2024-08-23T09:00:00.000Z,0.67247,0.67343,0.67236,0.67314,8437
2024-08-23T13:00:00.000Z,0.67313,0.67916,0.6723,0.67824,28516
2024-08-23T17:00:00.000Z,0.67824,0.67984,0.67812,0.6797,10483
2024-08-25T21:00:00.000Z,0.67893,0.6797,0.67853,0.679,6613
2024-08-26T01:00:00.000Z,0.67901,0.67963,0.67748,0.67753,8777
2024-08-26T05:00:00.000Z,0.67753,0.67806,0.67702,0.67743,9581
2024-08-26T09:00:00.000Z,0.67742,0.67774,0.67664,0.67752,9653
2024-08-26T13:00:00.000Z,0.67751,0.67871,0.67698,0.67818,16366
2024-08-26T17:00:00.000Z,0.67818,0.67853,0.67698,0.6771,6957
2024-08-26T21:00:00.000Z,0.67711,0.67753,0.67615,0.67626,4208
2024-08-27T01:00:00.000Z,0.67627,0.67855,0.67627,0.67839,8511
2024-08-27T05:00:00.000Z,0.67839,0.6791,0.67718,0.67766,10205
2024-08-27T09:00:00.000Z,0.67765,0.67872,0.67713,0.67729,10448
2024-08-27T13:00:00.000Z,0.67728,0.67839,0.67696,0.67768,16664
2024-08-27T17:00:00.000Z,0.67769,0.67955,0.67765,0.6793,6353
2024-08-27T21:00:00.000Z,0.67899,0.67957,0.67867,0.6789,4286
2024-08-28T01:00:00.000Z,0.67888,0.68128,0.67833,0.67944,11736
2024-08-28T05:00:00.000Z,0.67944,0.67991,0.67815,0.67967,12076
2024-08-28T09:00:00.000Z,0.67968,0.6798,0.67701,0.67751,12219
2024-08-28T13:00:00.000Z,0.6775,0.67954,0.6767,0.67754,17245
2024-08-28T17:00:00.000Z,0.67755,0.67851,0.67642,0.67847,8360
2024-08-28T21:00:00.000Z,0.67817,0.68003,0.67808,0.67992,5209
2024-08-29T01:00:00.000Z,0.67992,0.68065,0.67874,0.68035,9775
2024-08-29T05:00:00.000Z,0.68036,0.68126,0.67973,0.68066,14679
2024-08-29T09:00:00.000Z,0.68065,0.68239,0.67998,0.68022,14622
2024-08-29T13:00:00.000Z,0.68023,0.68103,0.67844,0.68032,19534
2024-08-29T17:00:00.000Z,0.68031,0.68103,0.67928,0.67975,10486
2024-08-29T21:00:00.000Z,0.67966,0.67994,0.67929,0.67989,4201
2024-08-30T01:00:00.000Z,0.67988,0.68088,0.67893,0.67999,8284
2024-08-30T05:00:00.000Z,0.67999,0.68163,0.67986,0.6807,9511
2024-08-30T09:00:00.000Z,0.68069,0.6809,0.67773,0.67844,10410
2024-08-30T13:00:00.000Z,0.67844,0.67923,0.67513,0.6758,23734
2024-08-30T17:00:00.000Z,0.67579,0.67705,0.67562,0.67648,8147
2024-09-01T21:00:00.000Z,0.67622,0.67784,0.67616,0.67747,4072
2024-09-02T01:00:00.000Z,0.67746,0.67775,0.67566,0.67607,7723
2024-09-02T05:00:00.000Z,0.67609,0.67855,0.67609,0.67825,9549
2024-09-02T09:00:00.000Z,0.67825,0.67856,0.67731,0.67798,6274
2024-09-02T13:00:00.000Z,0.67798,0.67946,0.67739,0.67906,6395
2024-09-02T17:00:00.000Z,0.67905,0.67944,0.67905,0.67912,1070
2024-09-02T21:00:00.000Z,0.67888,0.67921,0.678,0.67838,5392
2024-09-03T01:00:00.000Z,0.67841,0.67881,0.67319,0.67419,12593
2024-09-03T05:00:00.000Z,0.67419,0.67531,0.673,0.67464,12384
2024-09-03T09:00:00.000Z,0.67464,0.67475,0.67292,0.67384,11768
2024-09-03T13:00:00.000Z,0.67384,0.67471,0.6712,0.67169,20606
2024-09-03T17:00:00.000Z,0.67169,0.67197,0.67077,0.67111,8355
2024-09-03T21:00:00.000Z,0.67097,0.67155,0.66854,0.66878,6776
2024-09-04T01:00:00.000Z,0.66874,0.67067,0.66874,0.67038,11168
2024-09-04T05:00:00.000Z,0.67037,0.67166,0.66964,0.67031,11753
2024-09-04T09:00:00.000Z,0.67033,0.67242,0.67031,0.67237,8822
2024-09-04T13:00:00.000Z,0.67237,0.67494,0.67179,0.67246,19928
2024-09-04T17:00:00.000Z,0.67244,0.67269,0.67111,0.6725,9720
2024-09-04T21:00:00.000Z,0.67178,0.6725,0.67134,0.67223,4894
2024-09-05T01:00:00.000Z,0.67224,0.67319,0.67183,0.67233,8341
2024-09-05T05:00:00.000Z,0.67233,0.67329,0.67136,0.67311,9560
2024-09-05T09:00:00.000Z,0.6731,0.67365,0.67183,0.67314,11718
2024-09-05T13:00:00.000Z,0.67317,0.67404,0.67189,0.67316,19136
2024-09-05T17:00:00.000Z,0.67314,0.67414,0.67287,0.67413,8421
2024-09-05T21:00:00.000Z,0.67381,0.67434,0.67368,0.67405,3745
2024-09-06T01:00:00.000Z,0.67405,0.6741,0.67263,0.67322,6952
2024-09-06T05:00:00.000Z,0.67321,0.67377,0.67187,0.67346,10241
2024-09-06T09:00:00.000Z,0.67345,0.6767,0.67194,0.67492,14059
2024-09-06T13:00:00.000Z,0.6749,0.6752,0.66598,0.66671,34861
2024-09-06T17:00:00.000Z,0.6667,0.66795,0.6664,0.66679,12819
2024-09-08T21:00:00.000Z,0.66658,0.66758,0.66651,0.6668,5752
2024-09-09T01:00:00.000Z,0.66679,0.6689,0.66679,0.66756,9292
2024-09-09T05:00:00.000Z,0.66757,0.66757,0.66526,0.6655,10431
2024-09-09T09:00:00.000Z,0.66548,0.66632,0.66477,0.66515,7847
2024-09-09T13:00:00.000Z,0.66515,0.66706,0.66481,0.66698,12535
2024-09-09T17:00:00.000Z,0.66699,0.6673,0.66566,0.66597,6939
2024-09-09T21:00:00.000Z,0.66574,0.6666,0.66443,0.665,4969
2024-09-10T01:00:00.000Z,0.665,0.66659,0.6648,0.66645,7897
2024-09-10T05:00:00.000Z,0.66644,0.66731,0.66548,0.66575,8874
2024-09-10T09:00:00.000Z,0.66574,0.66764,0.6653,0.66645,8775
2024-09-10T13:00:00.000Z,0.66644,0.66665,0.6641,0.66518,16863
2024-09-10T17:00:00.000Z,0.66517,0.6662,0.66502,0.66523,6895
2024-09-10T21:00:00.000Z,0.66476,0.66567,0.66447,0.66479,4442
2024-09-11T01:00:00.000Z,0.6648,0.66599,0.66464,0.66534,11769
2024-09-11T05:00:00.000Z,0.66533,0.6669,0.66529,0.66595,11223
2024-09-11T09:00:00.000Z,0.66596,0.66738,0.66362,0.66541,14586
2024-09-11T13:00:00.000Z,0.6654,0.66614,0.6622,0.6657,24639
2024-09-11T17:00:00.000Z,0.66571,0.6676,0.66569,0.66755,11332
2024-09-11T21:00:00.000Z,0.66735,0.66823,0.6671,0.66735,4129
2024-09-12T01:00:00.000Z,0.66734,0.66925,0.6671,0.66904,8264
2024-09-12T05:00:00.000Z,0.66903,0.66946,0.66566,0.66717,10829
2024-09-12T09:00:00.000Z,0.66718,0.66895,0.66713,0.66782,12698
2024-09-12T13:00:00.000Z,0.66782,0.67073,0.66718,0.67054,19690
2024-09-12T17:00:00.000Z,0.67055,0.67253,0.67046,0.6722,11880
2024-09-12T21:00:00.000Z,0.67202,0.67309,0.67198,0.67304,5186
2024-09-13T01:00:00.000Z,0.67305,0.67326,0.67205,0.67249,8769
2024-09-13T05:00:00.000Z,0.67249,0.67259,0.67107,0.6715,10271
2024-09-13T09:00:00.000Z,0.67151,0.67271,0.66922,0.67076,12682
2024-09-13T13:00:00.000Z,0.67076,0.67232,0.67034,0.67088,18414
2024-09-13T17:00:00.000Z,0.67088,0.67109,0.67,0.67045,9763
2024-09-15T21:00:00.000Z,0.67027,0.67148,0.67007,0.67119,4540
2024-09-16T01:00:00.000Z,0.67118,0.67299,0.67057,0.67273,5679
2024-09-16T05:00:00.000Z,0.67271,0.67457,0.67201,0.6738,10022
2024-09-16T09:00:00.000Z,0.67381,0.67487,0.6735,0.67401,10082
2024-09-16T13:00:00.000Z,0.67402,0.67469,0.67315,0.67433,14544
2024-09-16T17:00:00.000Z,0.67432,0.67536,0.67383,0.6752,6158
2024-09-16T21:00:00.000Z,0.6751,0.67537,0.67423,0.6743,3808
2024-09-17T01:00:00.000Z,0.67431,0.67537,0.67413,0.67425,6323
2024-09-17T05:00:00.000Z,0.67425,0.67658,0.67417,0.67641,9351
2024-09-17T09:00:00.000Z,0.67641,0.67684,0.67458,0.67499,12656
2024-09-17T13:00:00.000Z,0.67499,0.67672,0.67453,0.6752,18819
2024-09-17T17:00:00.000Z,0.6752,0.67608,0.67438,0.67549,10457
2024-09-17T21:00:00.000Z,0.67543,0.67699,0.67532,0.67676,4197
2024-09-18T01:00:00.000Z,0.67677,0.67733,0.6749,0.67508,7610
2024-09-18T05:00:00.000Z,0.67508,0.67805,0.67503,0.67786,10455
2024-09-18T09:00:00.000Z,0.67787,0.67893,0.67741,0.67768,9614
2024-09-18T13:00:00.000Z,0.67769,0.67883,0.67561,0.67661,14224
2024-09-18T17:00:00.000Z,0.6766,0.68202,0.67422,0.6763,34764
2024-09-18T21:00:00.000Z,0.6757,0.67726,0.67419,0.67446,10153
2024-09-19T01:00:00.000Z,0.67447,0.67944,0.67374,0.67913,18542
2024-09-19T05:00:00.000Z,0.67914,0.68317,0.67913,0.68267,17493
2024-09-19T09:00:00.000Z,0.68267,0.6839,0.68062,0.68065,18003
2024-09-19T13:00:00.000Z,0.68064,0.68229,0.6786,0.68183,22361
2024-09-19T17:00:00.000Z,0.68184,0.6824,0.68102,0.68143,9969
2024-09-19T21:00:00.000Z,0.68082,0.6816,0.68043,0.68054,4344
2024-09-20T01:00:00.000Z,0.68054,0.68274,0.68002,0.68162,11073
2024-09-20T05:00:00.000Z,0.68163,0.68287,0.68048,0.68099,14207
2024-09-20T09:00:00.000Z,0.68099,0.68231,0.68023,0.68213,11504
2024-09-20T13:00:00.000Z,0.68212,0.68213,0.67828,0.68172,23505
2024-09-20T17:00:00.000Z,0.68171,0.68176,0.6803,0.68068,11633
2024-09-22T21:00:00.000Z,0.67963,0.6815,0.67963,0.68144,4465
2024-09-23T01:00:00.000Z,0.68143,0.68361,0.6811,0.68334,7846
2024-09-23T05:00:00.000Z,0.68333,0.68351,0.68001,0.68114,13949
2024-09-23T09:00:00.000Z,0.68114,0.68396,0.68113,0.68376,12200
2024-09-23T13:00:00.000Z,0.68377,0.68536,0.68316,0.68388,20314
2024-09-23T17:00:00.000Z,0.68388,0.68496,0.68348,0.68375,8124
2024-09-23T21:00:00.000Z,0.68349,0.68393,0.68256,0.68303,4420
2024-09-24T01:00:00.000Z,0.68303,0.68652,0.68303,0.68618,12607
2024-09-24T05:00:00.000Z,0.68618,0.68691,0.68143,0.68358,17680
2024-09-24T09:00:00.000Z,0.68357,0.68626,0.68337,0.68581,12362
2024-09-24T13:00:00.000Z,0.6858,0.68839,0.68577,0.6881,19140
2024-09-24T17:00:00.000Z,0.6881,0.68932,0.68757,0.68926,7516
2024-09-24T21:00:00.000Z,0.68913,0.69081,0.68891,0.68978,6276
2024-09-25T01:00:00.000Z,0.68978,0.6901,0.68808,0.68882,13493
2024-09-25T05:00:00.000Z,0.68882,0.68963,0.68728,0.68851,12797
2024-09-25T09:00:00.000Z,0.68851,0.68851,0.6864,0.68708,11501
2024-09-25T13:00:00.000Z,0.68708,0.68834,0.68262,0.68268,20666
2024-09-25T17:00:00.000Z,0.68268,0.68327,0.6818,0.68231,9504
2024-09-25T21:00:00.000Z,0.68213,0.68346,0.68189,0.68327,4913
2024-09-26T01:00:00.000Z,0.68328,0.68484,0.68287,0.68441,10252
2024-09-26T05:00:00.000Z,0.6844,0.68708,0.68417,0.68614,14337
2024-09-26T09:00:00.000Z,0.68615,0.68888,0.68615,0.68856,15954
2024-09-26T13:00:00.000Z,0.68857,0.69048,0.68625,0.68862,26494
2024-09-26T17:00:00.000Z,0.68861,0.69025,0.68848,0.6895,11501
2024-09-26T21:00:00.000Z,0.68842,0.68998,0.68782,0.68872,5816
2024-09-27T01:00:00.000Z,0.68872,0.68912,0.68719,0.6878,12487
2024-09-27T05:00:00.000Z,0.6878,0.68906,0.68681,0.68861,19849
2024-09-27T09:00:00.000Z,0.68861,0.69297,0.68819,0.69247,14419
2024-09-27T13:00:00.000Z,0.69246,0.69372,0.69013,0.69096,22982
2024-09-27T17:00:00.000Z,0.69097,0.6913,0.6899,0.69008,10237
2024-09-29T21:00:00.000Z,0.68972,0.69241,0.68952,0.69222,5957
2024-09-30T01:00:00.000Z,0.69221,0.69368,0.69138,0.69318,13553
2024-09-30T05:00:00.000Z,0.69318,0.69415,0.69199,0.69262,14316
2024-09-30T09:00:00.000Z,0.69262,0.69289,0.69146,0.69279,11441
2024-09-30T13:00:00.000Z,0.69279,0.69414,0.69202,0.69387,20894
2024-09-30T17:00:00.000Z,0.69388,0.69423,0.68986,0.69133,16266
2024-09-30T21:00:00.000Z,0.69115,0.692,0.69076,0.69124,5298
2024-10-01T01:00:00.000Z,0.69124,0.69345,0.69112,0.69292,10332
2024-10-01T05:00:00.000Z,0.69294,0.69332,0.68985,0.69074,14817
2024-10-01T09:00:00.000Z,0.69074,0.69151,0.68944,0.69087,14775
2024-10-01T13:00:00.000Z,0.69086,0.69134,0.68653,0.68727,31923
2024-10-01T17:00:00.000Z,0.68728,0.68989,0.68562,0.68835,14314
2024-10-01T21:00:00.000Z,0.68832,0.68868,0.6878,0.68824,5570
2024-10-02T01:00:00.000Z,0.68825,0.69156,0.68825,0.68901,14206
2024-10-02T05:00:00.000Z,0.689,0.69045,0.68753,0.68946,17029
2024-10-02T09:00:00.000Z,0.68945,0.69035,0.68893,0.68941,13317
2024-10-02T13:00:00.000Z,0.68942,0.69007,0.68779,0.68838,21059
2024-10-02T17:00:00.000Z,0.68837,0.68894,0.68789,0.68845,9063
2024-10-02T21:00:00.000Z,0.68835,0.68884,0.68732,0.68801,4618
2024-10-03T01:00:00.000Z,0.688,0.68833,0.68594,0.68597,13023
2024-10-03T05:00:00.000Z,0.68595,0.68761,0.68485,0.68505,16035
2024-10-03T09:00:00.000Z,0.68505,0.68536,0.68347,0.68382,14473
2024-10-03T13:00:00.000Z,0.68382,0.68549,0.68298,0.68498,25994
2024-10-03T17:00:00.000Z,0.68498,0.68511,0.68395,0.68401,8534
2024-10-03T21:00:00.000Z,0.6835,0.68521,0.68346,0.68497,4129
2024-10-04T01:00:00.000Z,0.68497,0.68515,0.68392,0.68405,14596
2024-10-04T05:00:00.000Z,0.68406,0.68497,0.68367,0.68413,11604
2024-10-04T09:00:00.000Z,0.68413,0.68453,0.67921,0.67938,12962
2024-10-04T13:00:00.000Z,0.67934,0.68108,0.67853,0.67956,24596
2024-10-04T17:00:00.000Z,0.67955,0.68038,0.6792,0.67944,7448
2024-10-06T21:00:00.000Z,0.67871,0.68077,0.6787,0.67999,7021
2024-10-07T01:00:00.000Z,0.67999,0.68103,0.67964,0.68055,15162
2024-10-07T05:00:00.000Z,0.68054,0.68068,0.67849,0.67854,13997
2024-10-07T09:00:00.000Z,0.67854,0.67985,0.67774,0.67863,14210
2024-10-07T13:00:00.000Z,0.67864,0.67922,0.67564,0.67614,21168
2024-10-07T17:00:00.000Z,0.67614,0.67669,0.67432,0.6758,10608
2024-10-07T21:00:00.000Z,0.6752,0.67694,0.67498,0.67682,7176
2024-10-08T01:00:00.000Z,0.67682,0.67688,0.6715,0.6737,25507
2024-10-08T05:00:00.000Z,0.6737,0.67424,0.67188,0.67304,20423
2024-10-08T09:00:00.000Z,0.67305,0.67447,0.67208,0.67329,12564
2024-10-08T13:00:00.000Z,0.67328,0.67426,0.67218,0.67383,19498
2024-10-08T17:00:00.000Z,0.67383,0.67501,0.67285,0.67473,10474
2024-10-08T21:00:00.000Z,0.67436,0.67475,0.67353,0.67401,4868
2024-10-09T01:00:00.000Z,0.67398,0.67483,0.6723,0.67299,23190
2024-10-09T05:00:00.000Z,0.673,0.67617,0.67238,0.67297,22516
2024-10-09T09:00:00.000Z,0.67297,0.67399,0.67173,0.67213,12253
2024-10-09T13:00:00.000Z,0.67213,0.67277,0.67077,0.67164,16384
2024-10-09T17:00:00.000Z,0.67163,0.67197,0.67111,0.67175,8605
2024-10-09T21:00:00.000Z,0.67158,0.67223,0.67107,0.67164,5009
2024-10-10T01:00:00.000Z,0.67163,0.67401,0.67149,0.67385,17977
2024-10-10T05:00:00.000Z,0.67385,0.67423,0.6722,0.6723,13836
2024-10-10T09:00:00.000Z,0.67232,0.67377,0.66993,0.67326,15454
2024-10-10T13:00:00.000Z,0.67326,0.67396,0.67131,0.67183,24776
2024-10-10T17:00:00.000Z,0.67183,0.67421,0.67115,0.67405,10785
2024-10-10T21:00:00.000Z,0.67348,0.67448,0.67346,0.6741,4930
2024-10-11T01:00:00.000Z,0.6741,0.67493,0.67364,0.67426,8006
2024-10-11T05:00:00.000Z,0.67426,0.67447,0.67259,0.67383,9812
2024-10-11T09:00:00.000Z,0.67382,0.6751,0.67248,0.67328,11869
2024-10-11T13:00:00.000Z,0.67328,0.67591,0.67276,0.67574,16672
2024-10-11T17:00:00.000Z,0.67575,0.67592,0.67493,0.67502,4984
2024-10-13T21:00:00.000Z,0.67379,0.67435,0.67232,0.67338,7491
2024-10-14T01:00:00.000Z,0.67339,0.67448,0.67221,0.67369,15990
2024-10-14T05:00:00.000Z,0.67369,0.67436,0.67254,0.67274,11517
2024-10-14T09:00:00.000Z,0.67275,0.67335,0.67044,0.6705,10167
2024-10-14T13:00:00.000Z,0.67049,0.67374,0.6702,0.67241,15712
2024-10-14T17:00:00.000Z,0.67241,0.67262,0.67122,0.6725,6525
2024-10-14T21:00:00.000Z,0.67179,0.67287,0.67156,0.67273,4263
2024-10-15T01:00:00.000Z,0.67272,0.67325,0.67115,0.67132,12270
2024-10-15T05:00:00.000Z,0.67131,0.67173,0.6702,0.6715,14803
2024-10-15T09:00:00.000Z,0.67151,0.67199,0.6707,0.67167,12745
2024-10-15T13:00:00.000Z,0.67165,0.67259,0.67019,0.67061,18645
2024-10-15T17:00:00.000Z,0.6706,0.67061,0.6698,0.67028,8890
2024-10-15T21:00:00.000Z,0.66979,0.67044,0.66678,0.66796,7134
2024-10-16T01:00:00.000Z,0.66797,0.67009,0.66763,0.66904,14137
2024-10-16T05:00:00.000Z,0.66905,0.66989,0.66834,0.66892,14186
2024-10-16T09:00:00.000Z,0.66893,0.66932,0.66733,0.66741,10515
2024-10-16T13:00:00.000Z,0.66741,0.66777,0.66582,0.6667,14056
2024-10-16T17:00:00.000Z,0.6667,0.66677,0.6662,0.66667,5930
2024-10-16T21:00:00.000Z,0.66578,0.66947,0.66578,0.66934,5951
2024-10-17T01:00:00.000Z,0.66933,0.67101,0.66816,0.66893,14548
2024-10-17T05:00:00.000Z,0.66894,0.66951,0.66719,0.66781,12375
2024-10-17T09:00:00.000Z,0.66782,0.67014,0.6678,0.66904,12860
2024-10-17T13:00:00.000Z,0.66904,0.67092,0.66824,0.66995,21245
2024-10-17T17:00:00.000Z,0.66995,0.67022,0.66926,0.66961,6593
2024-10-17T21:00:00.000Z,0.66933,0.67039,0.66933,0.66979,4639
2024-10-18T01:00:00.000Z,0.66979,0.67181,0.66979,0.67024,13340
2024-10-18T05:00:00.000Z,0.67025,0.67178,0.66979,0.67118,13134
2024-10-18T09:00:00.000Z,0.67118,0.6716,0.67065,0.67128,9581
2024-10-18T13:00:00.000Z,0.67127,0.67193,0.66977,0.67089,12483
2024-10-18T17:00:00.000Z,0.6709,0.67093,0.66996,0.67051,6884
2024-10-20T21:00:00.000Z,0.67028,0.67163,0.66987,0.67078,5373
2024-10-21T01:00:00.000Z,0.67077,0.67233,0.67029,0.67042,12424
2024-10-21T05:00:00.000Z,0.67042,0.67059,0.66821,0.66912,11620
2024-10-21T09:00:00.000Z,0.66911,0.6699,0.66798,0.6692,9782
2024-10-21T13:00:00.000Z,0.6692,0.66948,0.6655,0.666,13739
2024-10-21T17:00:00.000Z,0.66599,0.6663,0.66528,0.66581,6145
2024-10-21T21:00:00.000Z,0.66548,0.6659,0.66509,0.6655,4506
2024-10-22T01:00:00.000Z,0.6655,0.66887,0.66546,0.66864,13777
2024-10-22T05:00:00.000Z,0.66863,0.66924,0.66784,0.66788,10778
2024-10-22T09:00:00.000Z,0.66787,0.66906,0.66777,0.66854,10559
2024-10-22T13:00:00.000Z,0.66853,0.6695,0.66759,0.66829,15493
2024-10-22T17:00:00.000Z,0.66829,0.66904,0.66785,0.66821,6911
2024-10-22T21:00:00.000Z,0.66806,0.66897,0.66692,0.66705,4894
2024-10-23T01:00:00.000Z,0.66706,0.66916,0.66626,0.66766,14180
2024-10-23T05:00:00.000Z,0.66765,0.66795,0.66583,0.66584,12203
2024-10-23T09:00:00.000Z,0.66585,0.66597,0.66292,0.66349,10367
2024-10-23T13:00:00.000Z,0.66349,0.66428,0.66251,0.6627,16775
2024-10-23T17:00:00.000Z,0.66269,0.66358,0.6614,0.66348,9768
2024-10-23T21:00:00.000Z,0.66283,0.6641,0.66283,0.6641,4690
2024-10-24T01:00:00.000Z,0.66409,0.66507,0.66361,0.6647,10472
2024-10-24T05:00:00.000Z,0.6647,0.66602,0.66415,0.6655,11259
2024-10-24T09:00:00.000Z,0.66549,0.66614,0.66453,0.66504,10258
2024-10-24T13:00:00.000Z,0.66503,0.66531,0.66209,0.66317,16884
2024-10-24T17:00:00.000Z,0.66317,0.66438,0.66312,0.66394,7780
2024-10-24T21:00:00.000Z,0.66344,0.66419,0.66282,0.66339,4601
2024-10-25T01:00:00.000Z,0.66339,0.66386,0.66173,0.662,10383
2024-10-25T05:00:00.000Z,0.66199,0.66307,0.66199,0.66274,10307
2024-10-25T09:00:00.000Z,0.66275,0.66465,0.66264,0.66451,7626
2024-10-25T13:00:00.000Z,0.6645,0.6646,0.66114,0.66124,14606
2024-10-25T17:00:00.000Z,0.66125,0.66126,0.66009,0.66034,7789
2024-10-27T21:00:00.000Z,0.66102,0.66144,0.65973,0.6598,6244
2024-10-28T01:00:00.000Z,0.6598,0.66032,0.65793,0.659,10288
2024-10-28T05:00:00.000Z,0.659,0.66057,0.65858,0.66049,9553
2024-10-28T09:00:00.000Z,0.66049,0.661,0.6599,0.66072,8843
2024-10-28T13:00:00.000Z,0.66072,0.66093,0.65831,0.65839,12621
2024-10-28T17:00:00.000Z,0.65839,0.65876,0.65799,0.65831,6362
2024-10-28T21:00:00.000Z,0.65826,0.65845,0.65716,0.65756,4139
2024-10-29T01:00:00.000Z,0.65756,0.65845,0.65601,0.65645,11056
2024-10-29T05:00:00.000Z,0.65645,0.65807,0.65586,0.65753,10319
2024-10-29T09:00:00.000Z,0.65753,0.658,0.65537,0.65574,10173
2024-10-29T13:00:00.000Z,0.65575,0.6573,0.65447,0.65526,19804
2024-10-29T17:00:00.000Z,0.65525,0.65617,0.65518,0.65592,7701
2024-10-29T21:00:00.000Z,0.65585,0.65676,0.65537,0.6561,4491
2024-10-30T01:00:00.000Z,0.65611,0.65705,0.65366,0.65425,10727
2024-10-30T05:00:00.000Z,0.65424,0.65837,0.65378,0.65797,10294
2024-10-30T09:00:00.000Z,0.65796,0.65849,0.65635,0.65729,13728
2024-10-30T13:00:00.000Z,0.6573,0.6596,0.65658,0.65785,20037
2024-10-30T17:00:00.000Z,0.65784,0.65843,0.65706,0.65736,8465
2024-10-30T21:00:00.000Z,0.65708,0.65748,0.65641,0.65646,4598
2024-10-31T01:00:00.000Z,0.65645,0.65766,0.65639,0.65685,11123
2024-10-31T05:00:00.000Z,0.65683,0.65789,0.65669,0.65713,10626
2024-10-31T09:00:00.000Z,0.65712,0.65765,0.65609,0.65751,11733
2024-10-31T13:00:00.000Z,0.65751,0.65755,0.65394,0.65605,23487
2024-10-31T17:00:00.000Z,0.65605,0.65841,0.65601,0.65807,10944
2024-10-31T21:00:00.000Z,0.65803,0.65837,0.65711,0.65722,4872
2024-11-01T01:00:00.000Z,0.65721,0.65833,0.65684,0.65759,10883
2024-11-01T05:00:00.000Z,0.65759,0.65768,0.65558,0.65644,9770
2024-11-01T09:00:00.000Z,0.65644,0.65911,0.65576,0.65843,12213
2024-11-01T13:00:00.000Z,0.65841,0.65889,0.65686,0.6576,21367
2024-11-01T17:00:00.000Z,0.65759,0.65769,0.65537,0.65591,9153
2024-11-03T22:00:00.000Z,0.66056,0.66073,0.65845,0.66024,11461
2024-11-04T02:00:00.000Z,0.66024,0.66188,0.65978,0.66111,12791
2024-11-04T06:00:00.000Z,0.66111,0.66119,0.65839,0.65936,12293
2024-11-04T10:00:00.000Z,0.65935,0.66057,0.65867,0.65952,10721
2024-11-04T14:00:00.000Z,0.65952,0.6611,0.65794,0.6592,17781
2024-11-04T18:00:00.000Z,0.65921,0.65925,0.65824,0.65842,8807
2024-11-04T22:00:00.000Z,0.65778,0.65924,0.65777,0.65908,6411
2024-11-05T02:00:00.000Z,0.65909,0.66008,0.65838,0.65971,10485
2024-11-05T06:00:00.000Z,0.65971,0.66196,0.65959,0.66165,8654
2024-11-05T10:00:00.000Z,0.66164,0.66304,0.66151,0.6626,7627
2024-11-05T14:00:00.000Z,0.66259,0.66412,0.66233,0.66336,15893
2024-11-05T18:00:00.000Z,0.66338,0.66393,0.66314,0.66375,7647
2024-11-05T22:00:00.000Z,0.66321,0.66447,0.65791,0.65924,21520
2024-11-06T02:00:00.000Z,0.65925,0.65954,0.65121,0.65477,38089
2024-11-06T06:00:00.000Z,0.65479,0.65943,0.65204,0.65857,31793
2024-11-06T10:00:00.000Z,0.65856,0.65959,0.65509,0.65565,24524
2024-11-06T14:00:00.000Z,0.65564,0.65799,0.65472,0.65686,27247
2024-11-06T18:00:00.000Z,0.65687,0.65929,0.65634,0.65696,14015
2024-11-06T22:00:00.000Z,0.65688,0.65836,0.65638,0.65814,9816
2024-11-07T02:00:00.000Z,0.65814,0.66277,0.65813,0.66229,14368
2024-11-07T06:00:00.000Z,0.66229,0.66375,0.66165,0.66292,16446
2024-11-07T10:00:00.000Z,0.66292,0.66637,0.66245,0.66628,17394
2024-11-07T14:00:00.000Z,0.66628,0.66876,0.66573,0.66769,21178
2024-11-07T18:00:00.000Z,0.6677,0.6685,0.66527,0.66782,20403
2024-11-07T22:00:00.000Z,0.66701,0.66802,0.6656,0.66606,8968
2024-11-08T02:00:00.000Z,0.66606,0.66638,0.6645,0.66542,12576
2024-11-08T06:00:00.000Z,0.66543,0.66569,0.66222,0.66427,20221
2024-11-08T10:00:00.000Z,0.66428,0.66431,0.66049,0.66074,15725
2024-11-08T14:00:00.000Z,0.66074,0.66149,0.6558,0.65762,22605
2024-11-08T18:00:00.000Z,0.65762,0.65861,0.65674,0.65823,9487
2024-11-10T22:00:00.000Z,0.65819,0.65983,0.65748,0.65901,10387
2024-11-11T02:00:00.000Z,0.65901,0.65971,0.65844,0.65901,11011
2024-11-11T06:00:00.000Z,0.65901,0.65952,0.65743,0.65829,14427
2024-11-11T10:00:00.000Z,0.65828,0.65898,0.65653,0.6572,12188
2024-11-11T14:00:00.000Z,0.65722,0.6581,0.65649,0.6568,15114
2024-11-11T18:00:00.000Z,0.6568,0.65749,0.65624,0.6574,6223
2024-11-11T22:00:00.000Z,0.65731,0.65817,0.65604,0.65669,9038
2024-11-12T02:00:00.000Z,0.65668,0.65669,0.65493,0.65503,14134
2024-11-12T06:00:00.000Z,0.65503,0.65578,0.65367,0.65429,16069
2024-11-12T10:00:00.000Z,0.6543,0.6557,0.65343,0.65507,15691
2024-11-12T14:00:00.000Z,0.65507,0.65507,0.6514,0.65165,21610
2024-11-12T18:00:00.000Z,0.65166,0.65396,0.6516,0.65338,9523
2024-11-12T22:00:00.000Z,0.65334,0.65376,0.6516,0.65369,9833
2024-11-13T02:00:00.000Z,0.6537,0.65394,0.65286,0.65327,9450
2024-11-13T06:00:00.000Z,0.65326,0.65356,0.65178,0.65322,13149
2024-11-13T10:00:00.000Z,0.65322,0.65458,0.65165,0.65311,16266
2024-11-13T14:00:00.000Z,0.65312,0.65328,0.64802,0.64878,29599
2024-11-13T18:00:00.000Z,0.64879,0.64953,0.64806,0.64859,9942
2024-11-13T22:00:00.000Z,0.64847,0.64972,0.64813,0.64842,9765
2024-11-14T02:00:00.000Z,0.64842,0.64843,0.64596,0.64639,12592
2024-11-14T06:00:00.000Z,0.6464,0.64799,0.64618,0.64638,16313
2024-11-14T10:00:00.000Z,0.64638,0.64776,0.64527,0.64644,18840
2024-11-14T14:00:00.000Z,0.64643,0.64882,0.64635,0.64776,25095
2024-11-14T18:00:00.000Z,0.64779,0.64795,0.64406,0.64546,16707
2024-11-14T22:00:00.000Z,0.64534,0.64573,0.64452,0.6454,9632
2024-11-15T02:00:00.000Z,0.6454,0.64684,0.64538,0.64626,11279
2024-11-15T06:00:00.000Z,0.64627,0.64755,0.64545,0.64662,15463
2024-11-15T10:00:00.000Z,0.64662,0.64811,0.64576,0.6463,16820
2024-11-15T14:00:00.000Z,0.6463,0.6468,0.64428,0.64627,26575
2024-11-15T18:00:00.000Z,0.64628,0.64658,0.64502,0.64598,11288
2024-11-17T22:00:00.000Z,0.64598,0.64782,0.64553,0.64716,11299
2024-11-18T02:00:00.000Z,0.64716,0.64788,0.64617,0.64658,10495
2024-11-18T06:00:00.000Z,0.64657,0.64676,0.645,0.64592,14135
2024-11-18T10:00:00.000Z,0.64591,0.64651,0.64477,0.64645,13334
2024-11-18T14:00:00.000Z,0.64644,0.65058,0.64623,0.65043,18085
2024-11-18T18:00:00.000Z,0.65043,0.6511,0.65022,0.65077,8541
2024-11-18T22:00:00.000Z,0.65032,0.65102,0.64958,0.6508,8292
2024-11-19T02:00:00.000Z,0.6508,0.65238,0.65024,0.65062,9627
2024-11-19T06:00:00.000Z,0.65062,0.65177,0.6482,0.64894,20378
2024-11-19T10:00:00.000Z,0.64893,0.65161,0.64882,0.65025,19459
2024-11-19T14:00:00.000Z,0.65024,0.65277,0.64972,0.65204,24320
2024-11-19T18:00:00.000Z,0.65204,0.65335,0.65141,0.65322,9680
2024-11-19T22:00:00.000Z,0.65266,0.65441,0.65254,0.65353,7357
2024-11-20T02:00:00.000Z,0.65354,0.65379,0.65218,0.65225,7642
2024-11-20T06:00:00.000Z,0.65226,0.65316,0.6508,0.65113,13955
2024-11-20T10:00:00.000Z,0.65112,0.65142,0.64971,0.65023,12813
2024-11-20T14:00:00.000Z,0.65024,0.65033,0.64843,0.64982,17787
2024-11-20T18:00:00.000Z,0.64981,0.65062,0.64902,0.65055,9086
2024-11-20T22:00:00.000Z,0.65033,0.65186,0.65019,0.6515,6179
2024-11-21T02:00:00.000Z,0.65149,0.65236,0.65104,0.65112,8549
2024-11-21T06:00:00.000Z,0.65111,0.65216,0.65059,0.6509,17747
2024-11-21T10:00:00.000Z,0.6509,0.65297,0.6508,0.65256,16529
2024-11-21T14:00:00.000Z,0.65257,0.65323,0.6497,0.65166,25264
2024-11-21T18:00:00.000Z,0.65165,0.652,0.65087,0.65099,8858
2024-11-21T22:00:00.000Z,0.65107,0.65213,0.65078,0.65156,7631
2024-11-22T02:00:00.000Z,0.65155,0.65196,0.64869,0.64893,12007
2024-11-22T06:00:00.000Z,0.64893,0.65184,0.6471,0.64879,22470
2024-11-22T10:00:00.000Z,0.6488,0.65082,0.64815,0.6503,19438
2024-11-22T14:00:00.000Z,0.65031,0.65081,0.64815,0.65012,23622
2024-11-22T18:00:00.000Z,0.65012,0.65057,0.64941,0.65005,8224
2024-11-24T22:00:00.000Z,0.65317,0.65497,0.65234,0.65357,11715
2024-11-25T02:00:00.000Z,0.65356,0.65393,0.65161,0.652,11077
2024-11-25T06:00:00.000Z,0.65199,0.65232,0.64982,0.6515,16237
2024-11-25T10:00:00.000Z,0.65148,0.65273,0.6497,0.65248,15486
2024-11-25T14:00:00.000Z,0.65249,0.6526,0.64872,0.64912,20702
2024-11-25T18:00:00.000Z,0.64913,0.65059,0.64908,0.65039,7416
2024-11-25T22:00:00.000Z,0.65001,0.65069,0.64338,0.64675,19195
2024-11-26T02:00:00.000Z,0.64674,0.65021,0.64644,0.64891,13509
2024-11-26T06:00:00.000Z,0.6489,0.6497,0.6474,0.64851,16810
2024-11-26T10:00:00.000Z,0.6485,0.65075,0.64816,0.64829,17387
2024-11-26T14:00:00.000Z,0.64829,0.64839,0.64506,0.64549,23082
2024-11-26T18:00:00.000Z,0.64549,0.64734,0.64477,0.64731,11134
2024-11-26T22:00:00.000Z,0.64684,0.64848,0.64577,0.64724,11662
2024-11-27T02:00:00.000Z,0.64723,0.6483,0.64646,0.64725,10827
2024-11-27T06:00:00.000Z,0.64726,0.65006,0.64724,0.64871,18705
2024-11-27T10:00:00.000Z,0.64871,0.64966,0.64731,0.64961,16846
2024-11-27T14:00:00.000Z,0.64961,0.64995,0.64791,0.64938,24105
2024-11-27T18:00:00.000Z,0.64938,0.64997,0.64919,0.64972,8863
2024-11-27T22:00:00.000Z,0.64916,0.65093,0.64916,0.65038,8311
2024-11-28T02:00:00.000Z,0.65039,0.65069,0.64839,0.64887,9299
2024-11-28T06:00:00.000Z,0.64888,0.65003,0.64771,0.6497,14510
2024-11-28T10:00:00.000Z,0.6497,0.65053,0.64926,0.65003,10584
2024-11-28T14:00:00.000Z,0.65004,0.65039,0.64902,0.6502,8565
2024-11-28T18:00:00.000Z,0.6502,0.65027,0.64992,0.64995,883
2024-11-28T22:00:00.000Z,0.64886,0.65153,0.64852,0.65073,9632
2024-11-29T02:00:00.000Z,0.65072,0.65236,0.65026,0.65148,11236
2024-11-29T06:00:00.000Z,0.65148,0.6528,0.65019,0.65079,15251
2024-11-29T10:00:00.000Z,0.65078,0.65107,0.64966,0.65038,14685
2024-11-29T14:00:00.000Z,0.65039,0.65217,0.64956,0.65215,19494
2024-11-29T18:00:00.000Z,0.65216,0.65259,0.65158,0.65172,9443
2024-12-01T22:00:00.000Z,0.65111,0.65131,0.64921,0.65021,11429
2024-12-02T02:00:00.000Z,0.6502,0.65031,0.64902,0.6498,13318
2024-12-02T06:00:00.000Z,0.6498,0.65108,0.64881,0.64941,18683
2024-12-02T10:00:00.000Z,0.64941,0.6499,0.64669,0.64697,15995
2024-12-02T14:00:00.000Z,0.64698,0.64728,0.64428,0.64609,22468
2024-12-02T18:00:00.000Z,0.64609,0.64839,0.64585,0.64753,9505
2024-12-02T22:00:00.000Z,0.64728,0.64812,0.64633,0.64662,7267
2024-12-03T02:00:00.000Z,0.64662,0.64731,0.64549,0.64693,9039
2024-12-03T06:00:00.000Z,0.64693,0.65044,0.64664,0.64952,12320
2024-12-03T10:00:00.000Z,0.64952,0.64969,0.64775,0.64864,10964
2024-12-03T14:00:00.000Z,0.64865,0.64915,0.64607,0.649,17550
2024-12-03T18:00:00.000Z,0.649,0.64935,0.64781,0.64824,6539
2024-12-03T22:00:00.000Z,0.64812,0.64881,0.64529,0.64539,7628
2024-12-04T02:00:00.000Z,0.64539,0.6457,0.64076,0.64421,12542
2024-12-04T06:00:00.000Z,0.64421,0.64507,0.64164,0.64187,13666
2024-12-04T10:00:00.000Z,0.64188,0.64205,0.6399,0.64074,12484
2024-12-04T14:00:00.000Z,0.64074,0.64405,0.64041,0.64393,17704
2024-12-04T18:00:00.000Z,0.64393,0.64431,0.64277,0.64277,9480
2024-12-04T22:00:00.000Z,0.64287,0.64345,0.64211,0.64284,6270
2024-12-05T02:00:00.000Z,0.64285,0.64381,0.64265,0.64365,6478
2024-12-05T06:00:00.000Z,0.64365,0.64527,0.64336,0.64382,9410
2024-12-05T10:00:00.000Z,0.6438,0.64465,0.64277,0.64427,11374
2024-12-05T14:00:00.000Z,0.64427,0.64527,0.6423,0.64378,15027
2024-12-05T18:00:00.000Z,0.64378,0.64546,0.64263,0.64522,7649
2024-12-05T22:00:00.000Z,0.64496,0.64556,0.64192,0.64233,8929
2024-12-06T02:00:00.000Z,0.64233,0.64412,0.64218,0.6432,8587
2024-12-06T06:00:00.000Z,0.6432,0.6432,0.64222,0.64261,9357
2024-12-06T10:00:00.000Z,0.64261,0.64447,0.64087,0.64344,13138
2024-12-06T14:00:00.000Z,0.64344,0.64358,0.63725,0.63784,20440
2024-12-06T18:00:00.000Z,0.63782,0.63921,0.63741,0.63893,7053
2024-12-08T22:00:00.000Z,0.6389,0.64018,0.63884,0.63963,5921
2024-12-09T02:00:00.000Z,0.63963,0.64034,0.63795,0.63851,7318
2024-12-09T06:00:00.000Z,0.63851,0.64463,0.63827,0.64396,12525
2024-12-09T10:00:00.000Z,0.64399,0.64666,0.64391,0.64642,9789
2024-12-09T14:00:00.000Z,0.64641,0.64715,0.64536,0.64546,12582
2024-12-09T18:00:00.000Z,0.64546,0.64557,0.64337,0.64386,6776
2024-12-09T22:00:00.000Z,0.64363,0.64415,0.64165,0.64238,6519
2024-12-10T02:00:00.000Z,0.64239,0.64324,0.63793,0.63963,13164
2024-12-10T06:00:00.000Z,0.63962,0.64031,0.63806,0.6394,11903
2024-12-10T10:00:00.000Z,0.63939,0.64024,0.63873,0.63938,12105
2024-12-10T14:00:00.000Z,0.63938,0.63995,0.63651,0.63731,15248
2024-12-10T18:00:00.000Z,0.63731,0.63841,0.63727,0.63782,6805
2024-12-10T22:00:00.000Z,0.63755,0.6382,0.63689,0.63805,6978
2024-12-11T02:00:00.000Z,0.63805,0.63892,0.63674,0.63715,8652
2024-12-11T06:00:00.000Z,0.63715,0.63748,0.63398,0.63467,17040
2024-12-11T10:00:00.000Z,0.63467,0.63768,0.63364,0.63679,15532
2024-12-11T14:00:00.000Z,0.63679,0.63777,0.63547,0.63649,19702
2024-12-11T18:00:00.000Z,0.6365,0.63759,0.63627,0.63681,9239
2024-12-11T22:00:00.000Z,0.63652,0.6414,0.63652,0.64109,9517
2024-12-12T02:00:00.000Z,0.6411,0.642,0.64032,0.64168,9632
2024-12-12T06:00:00.000Z,0.64169,0.64292,0.64014,0.64145,13880
2024-12-12T10:00:00.000Z,0.64145,0.64189,0.6388,0.63977,17250
2024-12-12T14:00:00.000Z,0.63977,0.64028,0.63679,0.638,23149
2024-12-12T18:00:00.000Z,0.638,0.63815,0.63609,0.63681,10616
2024-12-12T22:00:00.000Z,0.63692,0.63722,0.63588,0.63622,8247
2024-12-13T02:00:00.000Z,0.63622,0.63681,0.63542,0.63637,9201
2024-12-13T06:00:00.000Z,0.63636,0.63723,0.63545,0.63665,14083
2024-12-13T10:00:00.000Z,0.63665,0.63835,0.63649,0.63806,12526
2024-12-13T14:00:00.000Z,0.63805,0.63805,0.63517,0.63571,15906
2024-12-13T18:00:00.000Z,0.63571,0.63609,0.63534,0.63591,6865
2024-12-15T22:00:00.000Z,0.63511,0.63729,0.63511,0.63717,7575
2024-12-16T02:00:00.000Z,0.63718,0.63824,0.63617,0.63747,8277
2024-12-16T06:00:00.000Z,0.63746,0.63775,0.63637,0.63649,11374
2024-12-16T10:00:00.000Z,0.63648,0.63658,0.63497,0.63599,9609
2024-12-16T14:00:00.000Z,0.63599,0.63769,0.6345,0.63718,15970
2024-12-16T18:00:00.000Z,0.63719,0.6375,0.63638,0.63704,5747
2024-12-16T22:00:00.000Z,0.6361,0.63777,0.6361,0.6373,6992
2024-12-17T02:00:00.000Z,0.63731,0.63751,0.63498,0.63503,7940
2024-12-17T06:00:00.000Z,0.63503,0.63569,0.63397,0.63416,10529
2024-12-17T10:00:00.000Z,0.63415,0.6352,0.63365,0.63509,11786
2024-12-17T14:00:00.000Z,0.63509,0.63548,0.63322,0.63409,15915
2024-12-17T18:00:00.000Z,0.63408,0.63427,0.63313,0.63366,6251
2024-12-17T22:00:00.000Z,0.63338,0.63389,0.63247,0.63289,6068
2024-12-18T02:00:00.000Z,0.6329,0.63311,0.63096,0.63129,8209
2024-12-18T06:00:00.000Z,0.63128,0.63231,0.63051,0.63066,10781
2024-12-18T10:00:00.000Z,0.63067,0.63257,0.63066,0.63226,10084
2024-12-18T14:00:00.000Z,0.63227,0.6327,0.62989,0.63025,13701
2024-12-18T18:00:00.000Z,0.63026,0.63075,0.62136,0.62136,27976
2024-12-18T22:00:00.000Z,0.62147,0.62273,0.61989,0.62244,12226
2024-12-19T02:00:00.000Z,0.62244,0.62339,0.62143,0.62167,11084
2024-12-19T06:00:00.000Z,0.62166,0.62467,0.62148,0.62431,17823
2024-12-19T10:00:00.000Z,0.6243,0.62582,0.6239,0.62523,16864
2024-12-19T14:00:00.000Z,0.62522,0.6265,0.62465,0.6247,21710
2024-12-19T18:00:00.000Z,0.62469,0.62547,0.62365,0.62387,11180
2024-12-19T22:00:00.000Z,0.62315,0.62385,0.62197,0.62294,9039
2024-12-20T02:00:00.000Z,0.62294,0.62309,0.62147,0.62241,9916
2024-12-20T06:00:00.000Z,0.62241,0.62492,0.62217,0.6233,16347
2024-12-20T10:00:00.000Z,0.6233,0.62473,0.62245,0.62355,14833
2024-12-20T14:00:00.000Z,0.62355,0.62743,0.6229,0.62649,23735
2024-12-20T18:00:00.000Z,0.62648,0.62705,0.62494,0.62519,9847
2024-12-22T22:00:00.000Z,0.62559,0.62585,0.6244,0.62549,8205
2024-12-23T02:00:00.000Z,0.62548,0.62613,0.62475,0.62604,6252
2024-12-23T06:00:00.000Z,0.62605,0.62649,0.62465,0.62584,9903
2024-12-23T10:00:00.000Z,0.62583,0.62589,0.62283,0.62291,10424
2024-12-23T14:00:00.000Z,0.62292,0.62486,0.62185,0.62444,16695
2024-12-23T18:00:00.000Z,0.62443,0.62523,0.62435,0.62486,8977
2024-12-23T22:00:00.000Z,0.62422,0.62485,0.62322,0.62365,5083
2024-12-24T02:00:00.000Z,0.62366,0.62447,0.62244,0.62415,6513
2024-12-24T06:00:00.000Z,0.62415,0.62485,0.62354,0.62358,7433
2024-12-24T10:00:00.000Z,0.62358,0.62381,0.62267,0.6237,8708
2024-12-24T14:00:00.000Z,0.6237,0.62412,0.62259,0.62281,11772
2024-12-24T18:00:00.000Z,0.62283,0.62424,0.62267,0.62384,3783
2024-12-25T22:00:00.000Z,0.62366,0.62469,0.62322,0.62429,6495
2024-12-26T02:00:00.000Z,0.62429,0.62541,0.62368,0.62374,6110
2024-12-26T06:00:00.000Z,0.62374,0.62394,0.62227,0.62259,7635
2024-12-26T10:00:00.000Z,0.62259,0.62351,0.62221,0.62249,9282
2024-12-26T14:00:00.000Z,0.62249,0.62291,0.62155,0.622,13143
2024-12-26T18:00:00.000Z,0.62199,0.62292,0.62192,0.62208,7978
2024-12-26T22:00:00.000Z,0.62194,0.62258,0.62145,0.62198,6666
2024-12-27T02:00:00.000Z,0.62198,0.62212,0.62047,0.6205,6411
2024-12-27T06:00:00.000Z,0.62051,0.6226,0.62048,0.62095,9843
2024-12-27T10:00:00.000Z,0.62095,0.62257,0.62053,0.62194,10294
2024-12-27T14:00:00.000Z,0.62195,0.62211,0.62004,0.62067,17716
2024-12-27T18:00:00.000Z,0.62066,0.62197,0.62066,0.62152,8802
2024-12-29T22:00:00.000Z,0.62138,0.6234,0.62115,0.62313,4528
2024-12-30T02:00:00.000Z,0.62313,0.62463,0.62289,0.62424,4938
2024-12-30T06:00:00.000Z,0.62424,0.62465,0.62204,0.62239,8861
2024-12-30T10:00:00.000Z,0.62239,0.62429,0.62154,0.62164,9555
2024-12-30T14:00:00.000Z,0.62165,0.62261,0.62016,0.62255,19462
2024-12-30T18:00:00.000Z,0.62255,0.6233,0.6219,0.62209,7818
2024-12-30T22:00:00.000Z,0.62152,0.62314,0.62112,0.62284,5185
2024-12-31T02:00:00.000Z,0.62283,0.62287,0.62104,0.62161,5302
2024-12-31T06:00:00.000Z,0.6216,0.6225,0.62073,0.62183,8426
2024-12-31T10:00:00.000Z,0.62184,0.62184,0.61911,0.62005,11389
2024-12-31T14:00:00.000Z,0.62005,0.62062,0.61789,0.61851,19688
2024-12-31T18:00:00.000Z,0.61845,0.6194,0.61824,0.61877,8104
2025-01-01T22:00:00.000Z,0.61817,0.62155,0.61794,0.62114,7364
2025-01-02T02:00:00.000Z,0.62114,0.62226,0.62097,0.62162,7160
2025-01-02T06:00:00.000Z,0.62162,0.62197,0.62006,0.62175,10747
2025-01-02T10:00:00.000Z,0.62177,0.62202,0.62037,0.6215,13780
2025-01-02T14:00:00.000Z,0.6215,0.62208,0.61963,0.62017,22640
2025-01-02T18:00:00.000Z,0.62017,0.62058,0.61919,0.62016,10859
2025-01-02T22:00:00.000Z,0.6197,0.62169,0.61938,0.62116,5733
2025-01-03T02:00:00.000Z,0.62115,0.62207,0.62084,0.62161,6981
2025-01-03T06:00:00.000Z,0.62161,0.62208,0.62019,0.62131,12732
2025-01-03T10:00:00.000Z,0.62129,0.6225,0.62116,0.62166,9780
2025-01-03T14:00:00.000Z,0.62166,0.622,0.61976,0.62107,16837
2025-01-03T18:00:00.000Z,0.62107,0.62208,0.62083,0.62162,6960
2025-01-05T22:00:00.000Z,0.62084,0.62396,0.6205,0.62269,8401
2025-01-06T02:00:00.000Z,0.62269,0.62334,0.62188,0.6229,7870
2025-01-06T06:00:00.000Z,0.62289,0.62524,0.6224,0.62451,10986
2025-01-06T10:00:00.000Z,0.62452,0.6302,0.62342,0.62897,21610
2025-01-06T14:00:00.000Z,0.62898,0.62953,0.62362,0.62413,24657
2025-01-06T18:00:00.000Z,0.62413,0.62469,0.62343,0.62452,8960
2025-01-06T22:00:00.000Z,0.62402,0.62539,0.62371,0.62501,8126
2025-01-07T02:00:00.000Z,0.62502,0.62689,0.62466,0.62677,8847
2025-01-07T06:00:00.000Z,0.62676,0.6287,0.62634,0.62836,12215
2025-01-07T10:00:00.000Z,0.62838,0.6288,0.62715,0.62715,11117
2025-01-07T14:00:00.000Z,0.62717,0.62717,0.6237,0.62448,19691
2025-01-07T18:00:00.000Z,0.62448,0.62471,0.62277,0.62295,7516
2025-01-07T22:00:00.000Z,0.62288,0.62419,0.62116,0.62226,7265
2025-01-08T02:00:00.000Z,0.62226,0.62352,0.62209,0.62323,5879
2025-01-08T06:00:00.000Z,0.62324,0.62356,0.62159,0.62207,10646
2025-01-08T10:00:00.000Z,0.62208,0.62215,0.61873,0.6204,16138
2025-01-08T14:00:00.000Z,0.6204,0.62168,0.61969,0.62064,16606
2025-01-08T18:00:00.000Z,0.62064,0.62193,0.62057,0.62141,11079
2025-01-08T22:00:00.000Z,0.62094,0.62153,0.61978,0.62012,6384
2025-01-09T02:00:00.000Z,0.62012,0.62079,0.61939,0.61996,6429
2025-01-09T06:00:00.000Z,0.61995,0.6201,0.61718,0.61916,12527
2025-01-09T10:00:00.000Z,0.61915,0.62042,0.61898,0.61973,10388
2025-01-09T14:00:00.000Z,0.61973,0.62014,0.61892,0.61952,8743
2025-01-09T18:00:00.000Z,0.61951,0.61995,0.61927,0.6195,3925
2025-01-09T22:00:00.000Z,0.61949,0.62058,0.6188,0.61999,4973
2025-01-10T02:00:00.000Z,0.61998,0.62008,0.61886,0.61918,5606
2025-01-10T06:00:00.000Z,0.61918,0.61971,0.61818,0.61829,8997
2025-01-10T10:00:00.000Z,0.61829,0.61913,0.61392,0.61536,13126
2025-01-10T14:00:00.000Z,0.61536,0.61717,0.61405,0.61546,24391
2025-01-10T18:00:00.000Z,0.61545,0.61562,0.61402,0.61417,10469
2025-01-12T22:00:00.000Z,0.6146,0.61624,0.61419,0.61585,6320
2025-01-13T02:00:00.000Z,0.61585,0.61628,0.61309,0.61389,7590
2025-01-13T06:00:00.000Z,0.61389,0.61567,0.61363,0.61375,12692
2025-01-13T10:00:00.000Z,0.61375,0.61582,0.61372,0.61498,12034
2025-01-13T14:00:00.000Z,0.61497,0.61605,0.61445,0.616,15333
2025-01-13T18:00:00.000Z,0.61601,0.61724,0.61541,0.61717,8326
2025-01-13T22:00:00.000Z,0.61761,0.62028,0.61674,0.61891,7617
2025-01-14T02:00:00.000Z,0.61891,0.61924,0.61792,0.61834,6749
2025-01-14T06:00:00.000Z,0.61835,0.62071,0.61823,0.61898,11857
2025-01-14T10:00:00.000Z,0.61898,0.6195,0.61658,0.61742,12184
2025-01-14T14:00:00.000Z,0.61745,0.61987,0.61682,0.6183,17747
2025-01-14T18:00:00.000Z,0.61828,0.61936,0.61815,0.61922,7973
2025-01-14T22:00:00.000Z,0.61927,0.61958,0.61809,0.61868,4318
2025-01-15T02:00:00.000Z,0.61868,0.61953,0.61823,0.61871,4931
2025-01-15T06:00:00.000Z,0.61871,0.62115,0.61857,0.62062,9513
2025-01-15T10:00:00.000Z,0.62061,0.62465,0.6194,0.62429,11719
2025-01-15T14:00:00.000Z,0.62431,0.62455,0.62088,0.62201,18824
2025-01-15T18:00:00.000Z,0.62202,0.62308,0.62187,0.62243,6624
2025-01-15T22:00:00.000Z,0.62204,0.62463,0.62199,0.62232,6758
2025-01-16T02:00:00.000Z,0.62235,0.62257,0.61952,0.61988,6876
2025-01-16T06:00:00.000Z,0.61988,0.62196,0.61988,0.62133,9853
2025-01-16T10:00:00.000Z,0.62133,0.62155,0.61919,0.62066,11093
2025-01-16T14:00:00.000Z,0.62067,0.62288,0.62004,0.62169,19550
2025-01-16T18:00:00.000Z,0.62169,0.62198,0.62075,0.62092,7972
2025-01-16T22:00:00.000Z,0.62082,0.62143,0.62056,0.62116,4595
2025-01-17T02:00:00.000Z,0.62121,0.62193,0.6195,0.62023,6398
2025-01-17T06:00:00.000Z,0.62023,0.62139,0.61958,0.62028,8596
2025-01-17T10:00:00.000Z,0.62029,0.62062,0.61743,0.61774,9615
2025-01-17T14:00:00.000Z,0.61774,0.62272,0.61645,0.62044,18677
2025-01-17T18:00:00.000Z,0.62045,0.62065,0.61897,0.61904,7018
2025-01-19T22:00:00.000Z,0.61971,0.62093,0.61897,0.62081,5543
2025-01-20T02:00:00.000Z,0.62081,0.62181,0.6204,0.62068,6128
2025-01-20T06:00:00.000Z,0.62068,0.62225,0.61968,0.61994,8625
2025-01-20T10:00:00.000Z,0.61994,0.62686,0.61986,0.62652,12975
2025-01-20T14:00:00.000Z,0.6265,0.62866,0.62319,0.62545,19153
2025-01-20T18:00:00.000Z,0.62545,0.62842,0.62508,0.62708,5467
2025-01-20T22:00:00.000Z,0.62669,0.62886,0.6208,0.62309,15552
2025-01-21T02:00:00.000Z,0.62312,0.626,0.62306,0.62321,9933
2025-01-21T06:00:00.000Z,0.62322,0.62428,0.62243,0.62319,11087
2025-01-21T10:00:00.000Z,0.62319,0.62404,0.62142,0.62383,12518
2025-01-21T14:00:00.000Z,0.62385,0.62745,0.62343,0.62673,17541
2025-01-21T18:00:00.000Z,0.62673,0.62753,0.62627,0.62738,6692
2025-01-21T22:00:00.000Z,0.62725,0.62773,0.62549,0.62632,7548
2025-01-22T02:00:00.000Z,0.62632,0.62693,0.62597,0.62647,6023
2025-01-22T06:00:00.000Z,0.62647,0.62844,0.62526,0.62844,11177
2025-01-22T10:00:00.000Z,0.62844,0.62954,0.62753,0.62828,10833
2025-01-22T14:00:00.000Z,0.62828,0.62838,0.62638,0.62771,14235
2025-01-22T18:00:00.000Z,0.62771,0.62815,0.62693,0.62719,7185
2025-01-22T22:00:00.000Z,0.62718,0.62817,0.62665,0.62733,5306
2025-01-23T02:00:00.000Z,0.62733,0.62778,0.62673,0.62712,6322
2025-01-23T06:00:00.000Z,0.62711,0.62739,0.62551,0.6264,8293
2025-01-23T10:00:00.000Z,0.6264,0.62745,0.62595,0.62723,9641
2025-01-23T14:00:00.000Z,0.62724,0.62996,0.62549,0.62974,17681
2025-01-23T18:00:00.000Z,0.62975,0.62985,0.62824,0.62828,8627
2025-01-23T22:00:00.000Z,0.6284,0.62861,0.62782,0.62826,4118
2025-01-24T02:00:00.000Z,0.62825,0.63239,0.62825,0.63237,12256
2025-01-24T06:00:00.000Z,0.63237,0.63306,0.63119,0.63228,14773
2025-01-24T10:00:00.000Z,0.63229,0.63242,0.63031,0.63049,11043
2025-01-24T14:00:00.000Z,0.6305,0.63265,0.63016,0.63189,16320
2025-01-24T18:00:00.000Z,0.63189,0.632,0.63102,0.63146,7986
2025-01-26T22:00:00.000Z,0.63007,0.63032,0.62857,0.62878,6646
2025-01-27T02:00:00.000Z,0.62876,0.63018,0.62826,0.62905,7717
2025-01-27T06:00:00.000Z,0.62905,0.62972,0.6277,0.62927,13549
2025-01-27T10:00:00.000Z,0.62927,0.63078,0.6289,0.62926,16965
2025-01-27T14:00:00.000Z,0.62926,0.6294,0.62749,0.62766,16921
2025-01-27T18:00:00.000Z,0.62766,0.62956,0.62746,0.6292,9350
2025-01-27T22:00:00.000Z,0.62895,0.62931,0.62522,0.62574,10500
2025-01-28T02:00:00.000Z,0.62571,0.62645,0.62458,0.62526,8181
2025-01-28T06:00:00.000Z,0.62526,0.62581,0.6243,0.62534,11109
2025-01-28T10:00:00.000Z,0.62532,0.62573,0.62363,0.6239,10752
2025-01-28T14:00:00.000Z,0.6239,0.62546,0.6239,0.62478,13746
2025-01-28T18:00:00.000Z,0.62478,0.62563,0.62442,0.62515,8036
2025-01-28T22:00:00.000Z,0.62482,0.62554,0.62265,0.62317,4500
2025-01-29T02:00:00.000Z,0.62317,0.62459,0.6231,0.62457,4919
2025-01-29T06:00:00.000Z,0.62457,0.62497,0.62253,0.62259,9749
2025-01-29T10:00:00.000Z,0.62259,0.62301,0.621,0.62132,10540
2025-01-29T14:00:00.000Z,0.62132,0.62357,0.62131,0.62306,15599
2025-01-29T18:00:00.000Z,0.62308,0.62389,0.62132,0.62309,17442
2025-01-29T22:00:00.000Z,0.62269,0.62434,0.62258,0.62381,4261
2025-01-30T02:00:00.000Z,0.62381,0.62424,0.6219,0.62199,5627
2025-01-30T06:00:00.000Z,0.62199,0.62346,0.62149,0.62269,9331
2025-01-30T10:00:00.000Z,0.62269,0.62364,0.6221,0.62345,11620
2025-01-30T14:00:00.000Z,0.62344,0.62389,0.62245,0.62296,15437
2025-01-30T18:00:00.000Z,0.62299,0.62399,0.61987,0.62084,10348
2025-01-30T22:00:00.000Z,0.62044,0.6217,0.62018,0.62139,5454
2025-01-31T02:00:00.000Z,0.62139,0.62302,0.62123,0.62232,5412
2025-01-31T06:00:00.000Z,0.62232,0.62369,0.62194,0.62236,9873
2025-01-31T10:00:00.000Z,0.62236,0.62247,0.62098,0.62203,10315
2025-01-31T14:00:00.000Z,0.62203,0.62625,0.62103,0.62556,18533
2025-01-31T18:00:00.000Z,0.62557,0.62568,0.62067,0.62093,19618
2025-02-02T22:00:00.000Z,0.61571,0.61646,0.61132,0.61155,18610
2025-02-03T02:00:00.000Z,0.61154,0.61264,0.60875,0.61206,15406
2025-02-03T06:00:00.000Z,0.61206,0.61494,0.61195,0.61413,16411
2025-02-03T10:00:00.000Z,0.61413,0.61741,0.61361,0.61602,13873
2025-02-03T14:00:00.000Z,0.61602,0.61975,0.61399,0.61785,29952
2025-02-03T18:00:00.000Z,0.61783,0.62375,0.61715,0.62235,13866
2025-02-03T22:00:00.000Z,0.62224,0.62335,0.61991,0.62084,8218
2025-02-04T02:00:00.000Z,0.62084,0.62132,0.61705,0.6185,10436
2025-02-04T06:00:00.000Z,0.61849,0.6211,0.61845,0.62069,13145
2025-02-04T10:00:00.000Z,0.6207,0.62173,0.62043,0.62163,10556
2025-02-04T14:00:00.000Z,0.62163,0.62595,0.62163,0.62519,17444
2025-02-04T18:00:00.000Z,0.62518,0.62617,0.62499,0.62564,6946
2025-02-04T22:00:00.000Z,0.62531,0.626,0.62425,0.62427,6172
2025-02-05T02:00:00.000Z,0.62426,0.62559,0.62399,0.62524,6678
2025-02-05T06:00:00.000Z,0.62524,0.62841,0.62485,0.62786,12236
2025-02-05T10:00:00.000Z,0.62787,0.62898,0.62756,0.62777,11096
2025-02-05T14:00:00.000Z,0.62777,0.62968,0.62745,0.62919,15249
2025-02-05T18:00:00.000Z,0.62919,0.6293,0.62824,0.62844,5802
2025-02-05T22:00:00.000Z,0.62837,0.62879,0.62788,0.62842,4655
2025-02-06T02:00:00.000Z,0.62841,0.62841,0.62613,0.62625,5371
2025-02-06T06:00:00.000Z,0.62625,0.6272,0.62551,0.62612,8853
2025-02-06T10:00:00.000Z,0.62612,0.62696,0.62574,0.62634,10765
2025-02-06T14:00:00.000Z,0.62636,0.62863,0.62604,0.6285,11188
2025-02-06T18:00:00.000Z,0.6285,0.62878,0.62789,0.62839,5911
2025-02-06T22:00:00.000Z,0.62736,0.62914,0.62726,0.62897,3984
2025-02-07T02:00:00.000Z,0.62897,0.62955,0.62786,0.62795,5080
2025-02-07T06:00:00.000Z,0.62795,0.62976,0.62782,0.62939,7583
2025-02-07T10:00:00.000Z,0.62938,0.63003,0.62652,0.62768,10891
2025-02-07T14:00:00.000Z,0.62767,0.6298,0.62528,0.62683,25421
2025-02-07T18:00:00.000Z,0.62683,0.62785,0.62664,0.62692,8104
2025-02-09T22:00:00.000Z,0.62376,0.62685,0.62374,0.62546,8407
2025-02-10T02:00:00.000Z,0.62546,0.62772,0.62539,0.62717,5461
2025-02-10T06:00:00.000Z,0.62717,0.62825,0.6267,0.62786,9581
2025-02-10T10:00:00.000Z,0.62785,0.62841,0.6268,0.62824,8166
2025-02-10T14:00:00.000Z,0.62824,0.62874,0.62732,0.62765,10100
2025-02-10T18:00:00.000Z,0.62764,0.62812,0.62745,0.62774,4337
2025-02-10T22:00:00.000Z,0.6273,0.62825,0.62643,0.62724,5127
2025-02-11T02:00:00.000Z,0.62724,0.62767,0.62604,0.62758,5171
2025-02-11T06:00:00.000Z,0.62755,0.62868,0.62733,0.62765,8822
2025-02-11T10:00:00.000Z,0.62765,0.62837,0.62692,0.62786,8451
2025-02-11T14:00:00.000Z,0.62784,0.62967,0.6278,0.62911,10037
2025-02-11T18:00:00.000Z,0.62911,0.63017,0.62863,0.62936,6144
2025-02-11T22:00:00.000Z,0.62931,0.6301,0.6288,0.63009,4421
2025-02-12T02:00:00.000Z,0.63009,0.63094,0.62881,0.62917,5784
2025-02-12T06:00:00.000Z,0.62917,0.62934,0.62763,0.62778,9051
2025-02-12T10:00:00.000Z,0.62778,0.62822,0.6238,0.62436,11271
2025-02-12T14:00:00.000Z,0.62433,0.63057,0.62349,0.63028,19555
2025-02-12T18:00:00.000Z,0.63028,0.63056,0.6277,0.62789,8340
2025-02-12T22:00:00.000Z,0.6278,0.62864,0.62739,0.62822,4569
2025-02-13T02:00:00.000Z,0.62822,0.62989,0.62757,0.62963,7682
2025-02-13T06:00:00.000Z,0.62963,0.62969,0.62638,0.62672,10789
2025-02-13T10:00:00.000Z,0.62673,0.62718,0.62547,0.62627,11513
2025-02-13T14:00:00.000Z,0.62628,0.63033,0.62546,0.62882,14620
2025-02-13T18:00:00.000Z,0.62884,0.63226,0.62697,0.63187,11557
2025-02-13T22:00:00.000Z,0.63137,0.63253,0.63102,0.63218,6009
2025-02-14T02:00:00.000Z,0.63218,0.63276,0.63156,0.6319,6159
2025-02-14T06:00:00.000Z,0.6319,0.63452,0.6318,0.63411,10997
2025-02-14T10:00:00.000Z,0.63411,0.6358,0.63319,0.63535,10195
2025-02-14T14:00:00.000Z,0.63535,0.63677,0.63523,0.63591,11760
2025-02-14T18:00:00.000Z,0.63592,0.63597,0.6354,0.63541,4860
2025-02-16T22:00:00.000Z,0.63461,0.63721,0.63456,0.63684,7040
2025-02-17T02:00:00.000Z,0.63683,0.63737,0.63585,0.63674,7597
2025-02-17T06:00:00.000Z,0.63674,0.63725,0.63571,0.63669,9073
2025-02-17T10:00:00.000Z,0.63667,0.63677,0.63597,0.63654,6706
2025-02-17T14:00:00.000Z,0.63654,0.63693,0.63629,0.63647,5118
2025-02-17T18:00:00.000Z,0.63647,0.63653,0.63544,0.63564,2899
2025-02-17T22:00:00.000Z,0.63548,0.63576,0.63353,0.63405,5027
2025-02-18T02:00:00.000Z,0.63405,0.63677,0.63343,0.63564,9110
2025-02-18T06:00:00.000Z,0.63564,0.63648,0.63491,0.63605,8682
2025-02-18T10:00:00.000Z,0.63606,0.63625,0.6341,0.6343,7525
2025-02-18T14:00:00.000Z,0.6343,0.63559,0.63423,0.63458,9099
2025-02-18T18:00:00.000Z,0.63458,0.63544,0.63436,0.63529,4059
2025-02-18T22:00:00.000Z,0.6347,0.63549,0.63419,0.63507,5374
2025-02-19T02:00:00.000Z,0.63505,0.63678,0.63452,0.6367,5904
2025-02-19T06:00:00.000Z,0.6367,0.63699,0.6356,0.63571,8129
2025-02-19T10:00:00.000Z,0.63571,0.63574,0.63444,0.63503,8002
2025-02-19T14:00:00.000Z,0.63502,0.63657,0.63365,0.63411,10912
2025-02-19T18:00:00.000Z,0.63411,0.6352,0.63372,0.63461,5464
2025-02-19T22:00:00.000Z,0.63396,0.63551,0.63275,0.63333,6180
2025-02-20T02:00:00.000Z,0.63333,0.63665,0.63309,0.63624,8644
2025-02-20T06:00:00.000Z,0.63624,0.63797,0.63612,0.63756,9310
2025-02-20T10:00:00.000Z,0.63756,0.63838,0.63679,0.63754,9766
2025-02-20T14:00:00.000Z,0.63754,0.64022,0.63716,0.63965,12877
2025-02-20T18:00:00.000Z,0.63962,0.6404,0.63944,0.64012,5088
2025-02-20T22:00:00.000Z,0.63935,0.64082,0.63911,0.6392,5960
2025-02-21T02:00:00.000Z,0.6392,0.64078,0.63868,0.63886,7901
2025-02-21T06:00:00.000Z,0.63886,0.6393,0.63812,0.63861,10261
2025-02-21T10:00:00.000Z,0.63861,0.63908,0.63796,0.6384,7217
2025-02-21T14:00:00.000Z,0.6384,0.63922,0.63699,0.63714,11934
2025-02-21T18:00:00.000Z,0.63712,0.63714,0.63517,0.63564,7729
2025-02-23T22:00:00.000Z,0.63579,0.63765,0.63578,0.63698,8837
2025-02-24T02:00:00.000Z,0.63696,0.63921,0.63679,0.63764,8878
2025-02-24T06:00:00.000Z,0.63764,0.63818,0.63607,0.63654,11223
2025-02-24T10:00:00.000Z,0.63654,0.63719,0.63601,0.63683,8539
2025-02-24T14:00:00.000Z,0.63683,0.63711,0.63441,0.63581,12842
2025-02-24T18:00:00.000Z,0.63581,0.6365,0.63446,0.6348,6350
2025-02-24T22:00:00.000Z,0.63482,0.63491,0.63363,0.63443,5522
2025-02-25T02:00:00.000Z,0.63442,0.63563,0.63415,0.63546,6323
2025-02-25T06:00:00.000Z,0.63546,0.63563,0.63319,0.63322,10533
2025-02-25T10:00:00.000Z,0.63322,0.63516,0.63257,0.63456,9211
2025-02-25T14:00:00.000Z,0.63456,0.63461,0.63221,0.63345,15306
2025-02-25T18:00:00.000Z,0.63345,0.6348,0.63345,0.63444,8195
2025-02-25T22:00:00.000Z,0.63416,0.63536,0.63293,0.63379,5677
2025-02-26T02:00:00.000Z,0.63379,0.6341,0.632,0.63232,7710
2025-02-26T06:00:00.000Z,0.63232,0.63393,0.63218,0.63236,9623
2025-02-26T10:00:00.000Z,0.63234,0.63258,0.63046,0.63051,8372
2025-02-26T14:00:00.000Z,0.63051,0.6335,0.62992,0.63158,15105
2025-02-26T18:00:00.000Z,0.63157,0.63208,0.62957,0.63033,8929
2025-02-26T22:00:00.000Z,0.63017,0.63144,0.62964,0.63068,6405
2025-02-27T02:00:00.000Z,0.63068,0.63097,0.62852,0.62917,8153
2025-02-27T06:00:00.000Z,0.62918,0.63035,0.62913,0.63021,9541
2025-02-27T10:00:00.000Z,0.63021,0.63042,0.62654,0.62668,11422
2025-02-27T14:00:00.000Z,0.62667,0.62746,0.6244,0.62464,17897
2025-02-27T18:00:00.000Z,0.62465,0.62544,0.62316,0.62343,8619
2025-02-27T22:00:00.000Z,0.62336,0.62382,0.62204,0.6221,7132
2025-02-28T02:00:00.000Z,0.62209,0.62255,0.62099,0.62138,8891
2025-02-28T06:00:00.000Z,0.62138,0.622,0.62085,0.62143,10312
2025-02-28T10:00:00.000Z,0.62143,0.62218,0.62109,0.62127,8543
2025-02-28T14:00:00.000Z,0.62128,0.62201,0.62048,0.62055,15203
2025-02-28T18:00:00.000Z,0.62055,0.62087,0.61924,0.62082,11933
2025-03-02T22:00:00.000Z,0.6213,0.62302,0.62078,0.62268,9010
2025-03-03T02:00:00.000Z,0.62268,0.62305,0.62104,0.62169,8021
2025-03-03T06:00:00.000Z,0.62168,0.62253,0.62083,0.62237,9974
2025-03-03T10:00:00.000Z,0.62237,0.62335,0.62201,0.62329,10432
2025-03-03T14:00:00.000Z,0.62329,0.62542,0.62323,0.62475,14805
2025-03-03T18:00:00.000Z,0.62472,0.62512,0.62035,0.6222,15155
2025-03-03T22:00:00.000Z,0.62202,0.62244,0.62051,0.62099,9312
2025-03-04T02:00:00.000Z,0.62097,0.62124,0.61867,0.62013,12177
2025-03-04T06:00:00.000Z,0.62014,0.62297,0.6198,0.62215,14470
2025-03-04T10:00:00.000Z,0.62214,0.62439,0.62166,0.62253,14674
2025-03-04T14:00:00.000Z,0.62253,0.62302,0.61962,0.62152,22335
2025-03-04T18:00:00.000Z,0.62151,0.62713,0.6214,0.62696,17487
2025-03-04T22:00:00.000Z,0.62649,0.62792,0.62499,0.62502,9292
2025-03-05T02:00:00.000Z,0.62502,0.62561,0.62336,0.62542,11279
2025-03-05T06:00:00.000Z,0.62542,0.62908,0.62522,0.62841,14374
2025-03-05T10:00:00.000Z,0.6284,0.62947,0.627,0.62943,14458
2025-03-05T14:00:00.000Z,0.62943,0.63244,0.62921,0.63235,23443
2025-03-05T18:00:00.000Z,0.63234,0.63422,0.63127,0.63357,11455
2025-03-05T22:00:00.000Z,0.63267,0.63529,0.63263,0.63512,7263
2025-03-06T02:00:00.000Z,0.63512,0.63564,0.63334,0.63375,8824
2025-03-06T06:00:00.000Z,0.63375,0.63489,0.63239,0.63326,14981
2025-03-06T10:00:00.000Z,0.63326,0.63449,0.63222,0.63321,14567
2025-03-06T14:00:00.000Z,0.63322,0.63634,0.6329,0.6339,23270
2025-03-06T18:00:00.000Z,0.63389,0.63458,0.63291,0.63316,13361
2025-03-06T22:00:00.000Z,0.63265,0.63375,0.63138,0.63194,6615
2025-03-07T02:00:00.000Z,0.63194,0.63211,0.63,0.63012,8638
2025-03-07T06:00:00.000Z,0.63012,0.63215,0.62966,0.63133,12190
2025-03-07T10:00:00.000Z,0.63133,0.63136,0.6285,0.62852,14613
2025-03-07T14:00:00.000Z,0.62856,0.63167,0.62819,0.62927,23295
2025-03-07T18:00:00.000Z,0.62927,0.63126,0.62897,0.6307,12167
2025-03-09T21:00:00.000Z,0.63046,0.63143,0.62955,0.63108,7349
2025-03-10T01:00:00.000Z,0.63108,0.632,0.63012,0.63064,8881
2025-03-10T05:00:00.000Z,0.63064,0.63236,0.63042,0.63125,11278
2025-03-10T09:00:00.000Z,0.63125,0.63308,0.63115,0.63254,12870
2025-03-10T13:00:00.000Z,0.63254,0.63289,0.62982,0.62997,17220
2025-03-10T17:00:00.000Z,0.62996,0.63,0.62645,0.6277,12223
2025-03-10T21:00:00.000Z,0.62776,0.62848,0.62708,0.62769,5514
2025-03-11T01:00:00.000Z,0.6277,0.62883,0.62586,0.62771,12324
2025-03-11T05:00:00.000Z,0.62771,0.6292,0.62625,0.62907,13207
2025-03-11T09:00:00.000Z,0.62908,0.62975,0.62794,0.62908,11691
2025-03-11T13:00:00.000Z,0.62908,0.62978,0.62657,0.62834,21719
2025-03-11T17:00:00.000Z,0.62835,0.63115,0.62768,0.62972,14816
2025-03-11T21:00:00.000Z,0.62971,0.62996,0.62835,0.62933,4301
2025-03-12T01:00:00.000Z,0.62933,0.62972,0.62819,0.62885,8337
2025-03-12T05:00:00.000Z,0.62887,0.62988,0.62762,0.62982,11129
2025-03-12T09:00:00.000Z,0.62982,0.63207,0.62776,0.62846,12891
2025-03-12T13:00:00.000Z,0.62847,0.63146,0.62806,0.63085,18308
2025-03-12T17:00:00.000Z,0.63085,0.63223,0.63068,0.63214,9523
2025-03-12T21:00:00.000Z,0.63185,0.63333,0.63164,0.63267,3919
2025-03-13T01:00:00.000Z,0.6327,0.63302,0.63077,0.63098,7940
2025-03-13T05:00:00.000Z,0.63098,0.63099,0.62877,0.62908,11521
2025-03-13T09:00:00.000Z,0.62908,0.63006,0.62716,0.62759,11677
2025-03-13T13:00:00.000Z,0.6276,0.62969,0.62691,0.629,16721
2025-03-13T17:00:00.000Z,0.62899,0.62906,0.62756,0.6285,8882
2025-03-13T21:00:00.000Z,0.62836,0.62892,0.62777,0.62845,4776
2025-03-14T01:00:00.000Z,0.62845,0.62947,0.62801,0.62936,9210
2025-03-14T05:00:00.000Z,0.62936,0.63106,0.62895,0.631,9321
2025-03-14T09:00:00.000Z,0.63101,0.63253,0.62978,0.63207,11615
2025-03-14T13:00:00.000Z,0.63207,0.63254,0.63122,0.63239,13832
2025-03-14T17:00:00.000Z,0.63237,0.63311,0.632,0.63275,6469
2025-03-16T21:00:00.000Z,0.63151,0.63335,0.63147,0.63293,4175
2025-03-17T01:00:00.000Z,0.63293,0.6338,0.63235,0.63254,6897
2025-03-17T05:00:00.000Z,0.63254,0.63421,0.6321,0.63402,7445
2025-03-17T09:00:00.000Z,0.63402,0.63536,0.63383,0.63465,8833
2025-03-17T13:00:00.000Z,0.63465,0.63808,0.63464,0.63794,11431
2025-03-17T17:00:00.000Z,0.63794,0.63906,0.63782,0.63844,6419
2025-03-17T21:00:00.000Z,0.63824,0.63872,0.6379,0.63809,3136
2025-03-18T01:00:00.000Z,0.6381,0.63882,0.63669,0.63741,5987
2025-03-18T05:00:00.000Z,0.63741,0.63907,0.63665,0.63874,6489
2025-03-18T09:00:00.000Z,0.63875,0.63881,0.63619,0.63647,7426
2025-03-18T13:00:00.000Z,0.63646,0.63692,0.63439,0.63584,11421
2025-03-18T17:00:00.000Z,0.63584,0.6364,0.63556,0.63608,6543
2025-03-18T21:00:00.000Z,0.63599,0.63646,0.63573,0.63614,2796
2025-03-19T01:00:00.000Z,0.63614,0.63664,0.63551,0.63558,5451
2025-03-19T05:00:00.000Z,0.63558,0.63607,0.63243,0.63271,9106
2025-03-19T09:00:00.000Z,0.63272,0.63392,0.63211,0.63335,8129
2025-03-19T13:00:00.000Z,0.63335,0.63354,0.63225,0.63318,9495
2025-03-19T17:00:00.000Z,0.63318,0.63631,0.6319,0.63565,13683
2025-03-19T21:00:00.000Z,0.63558,0.63636,0.63284,0.63431,4919
2025-03-20T01:00:00.000Z,0.63431,0.63482,0.63283,0.63434,8713
2025-03-20T05:00:00.000Z,0.63434,0.63434,0.6308,0.63108,8283
2025-03-20T09:00:00.000Z,0.63109,0.63134,0.62827,0.62857,10824
2025-03-20T13:00:00.000Z,0.62857,0.63014,0.62709,0.62931,12417
2025-03-20T17:00:00.000Z,0.62931,0.63059,0.62898,0.63019,6141
2025-03-20T21:00:00.000Z,0.62982,0.6306,0.6297,0.63021,3361
2025-03-21T01:00:00.000Z,0.63021,0.63036,0.62859,0.62889,6321
2025-03-21T05:00:00.000Z,0.62889,0.63004,0.6284,0.62921,8044
2025-03-21T09:00:00.000Z,0.62921,0.62984,0.62836,0.62848,8081
2025-03-21T13:00:00.000Z,0.62848,0.62848,0.62577,0.62745,12688
2025-03-21T17:00:00.000Z,0.62746,0.62792,0.62698,0.62708,5297
2025-03-23T21:00:00.000Z,0.62687,0.62949,0.62676,0.62925,4417
2025-03-24T01:00:00.000Z,0.62925,0.62932,0.62723,0.62786,6882
2025-03-24T05:00:00.000Z,0.62786,0.6299,0.62745,0.62946,8055
2025-03-24T09:00:00.000Z,0.62948,0.63052,0.62817,0.62848,7401
2025-03-24T13:00:00.000Z,0.62848,0.62975,0.62673,0.62714,11592
2025-03-24T17:00:00.000Z,0.62714,0.62884,0.62683,0.62859,6404
2025-03-24T21:00:00.000Z,0.62833,0.62872,0.62798,0.62842,2868
2025-03-25T01:00:00.000Z,0.62842,0.62946,0.62829,0.62864,6123
2025-03-25T05:00:00.000Z,0.62864,0.62928,0.62782,0.62839,7147
2025-03-25T09:00:00.000Z,0.62838,0.63236,0.62831,0.63197,8972
2025-03-25T13:00:00.000Z,0.63197,0.63252,0.63038,0.63047,10725
2025-03-25T17:00:00.000Z,0.63051,0.63103,0.62959,0.6301,5461
2025-03-25T21:00:00.000Z,0.62982,0.6309,0.62888,0.6289,3900
2025-03-26T01:00:00.000Z,0.6289,0.63109,0.6278,0.63104,7732
2025-03-26T05:00:00.000Z,0.63104,0.63233,0.63054,0.63218,8935
2025-03-26T09:00:00.000Z,0.63218,0.63303,0.6313,0.63144,8536
2025-03-26T13:00:00.000Z,0.63149,0.63185,0.62984,0.63033,11620
2025-03-26T17:00:00.000Z,0.63032,0.63041,0.62835,0.62964,8674
2025-03-26T21:00:00.000Z,0.62965,0.63,0.6279,0.62917,6109
2025-03-27T01:00:00.000Z,0.62917,0.63178,0.62897,0.63128,7516
2025-03-27T05:00:00.000Z,0.63128,0.63181,0.62985,0.63134,9845
2025-03-27T09:00:00.000Z,0.63134,0.63178,0.63033,0.63094,8217
2025-03-27T13:00:00.000Z,0.63096,0.6315,0.62944,0.63025,11347
2025-03-27T17:00:00.000Z,0.63026,0.6309,0.62982,0.63043,5011
2025-03-27T21:00:00.000Z,0.62987,0.6305,0.62899,0.62955,3159
2025-03-28T01:00:00.000Z,0.62955,0.62967,0.62806,0.62825,5939
2025-03-28T05:00:00.000Z,0.62825,0.62996,0.62818,0.62969,6869
2025-03-28T09:00:00.000Z,0.62969,0.63043,0.62887,0.63024,6745
2025-03-28T13:00:00.000Z,0.63026,0.6312,0.62898,0.62914,13072
2025-03-28T17:00:00.000Z,0.62914,0.62917,0.62836,0.62882,6169
2025-03-30T21:00:00.000Z,0.62838,0.62891,0.62689,0.62866,6483
2025-03-31T01:00:00.000Z,0.62866,0.63002,0.62748,0.62786,8265
2025-03-31T05:00:00.000Z,0.62786,0.629,0.62543,0.62574,10245
2025-03-31T09:00:00.000Z,0.62574,0.62595,0.62358,0.6236,7525
2025-03-31T13:00:00.000Z,0.6236,0.62473,0.62185,0.62407,11668
2025-03-31T17:00:00.000Z,0.62407,0.62534,0.62406,0.6247,5961
2025-03-31T21:00:00.000Z,0.62431,0.62469,0.62369,0.62412,3941
2025-04-01T01:00:00.000Z,0.62412,0.62687,0.62317,0.62684,8118
2025-04-01T05:00:00.000Z,0.62685,0.62685,0.62425,0.62564,9464
2025-04-01T09:00:00.000Z,0.62563,0.62621,0.62448,0.62527,9803
2025-04-01T13:00:00.000Z,0.62527,0.6283,0.62494,0.62715,12902
2025-04-01T17:00:00.000Z,0.62717,0.6281,0.62629,0.62783,6696
2025-04-01T21:00:00.000Z,0.62736,0.62893,0.62664,0.62766,6229
2025-04-02T01:00:00.000Z,0.62766,0.63018,0.62731,0.62985,9182
2025-04-02T05:00:00.000Z,0.62985,0.63072,0.62914,0.63069,11381
2025-04-02T09:00:00.000Z,0.63069,0.63137,0.62972,0.63061,9779
2025-04-02T13:00:00.000Z,0.63061,0.63077,0.62917,0.62967,11180
2025-04-02T17:00:00.000Z,0.62966,0.63405,0.62578,0.62848,12650
2025-04-02T21:00:00.000Z,0.62867,0.62911,0.62259,0.6268,17007
2025-04-03T01:00:00.000Z,0.62681,0.62873,0.62646,0.62653,14258
2025-04-03T05:00:00.000Z,0.62652,0.63407,0.62652,0.63358,17519
2025-04-03T09:00:00.000Z,0.63358,0.63662,0.6331,0.63615,20061
2025-04-03T13:00:00.000Z,0.63616,0.63889,0.63438,0.63495,21117
2025-04-03T17:00:00.000Z,0.63494,0.63497,0.63152,0.63264,9436
2025-04-03T21:00:00.000Z,0.6325,0.63316,0.63161,0.63244,7922
2025-04-04T01:00:00.000Z,0.63245,0.63257,0.62296,0.62329,13416
2025-04-04T05:00:00.000Z,0.62329,0.6253,0.6201,0.62059,17211
2025-04-04T09:00:00.000Z,0.62063,0.62073,0.60494,0.61157,32638
2025-04-04T13:00:00.000Z,0.61158,0.61389,0.60038,0.60075,35144
2025-04-04T17:00:00.000Z,0.60075,0.6063,0.59862,0.60427,23513
2025-04-06T21:00:00.000Z,0.59921,0.60097,0.59316,0.60003,24533
2025-04-07T01:00:00.000Z,0.60003,0.60292,0.5986,0.60144,23595
2025-04-07T05:00:00.000Z,0.60143,0.60609,0.59955,0.60012,31658
2025-04-07T09:00:00.000Z,0.60012,0.60889,0.59885,0.608,30287
2025-04-07T13:00:00.000Z,0.608,0.61262,0.59441,0.59492,42574
2025-04-07T17:00:00.000Z,0.59492,0.60057,0.59492,0.59861,23527
2025-04-07T21:00:00.000Z,0.59795,0.60176,0.59745,0.59934,9963
2025-04-08T01:00:00.000Z,0.59934,0.60614,0.59769,0.60593,17280
2025-04-08T05:00:00.000Z,0.60593,0.60746,0.60421,0.60639,22328
2025-04-08T09:00:00.000Z,0.60639,0.60717,0.6032,0.60585,21279
2025-04-08T13:00:00.000Z,0.60584,0.60851,0.59818,0.59827,30650
2025-04-08T17:00:00.000Z,0.59822,0.59925,0.59462,0.59527,24695
2025-04-08T21:00:00.000Z,0.59554,0.5964,0.59133,0.59601,13090
2025-04-09T01:00:00.000Z,0.596,0.60029,0.59513,0.59759,22847
2025-04-09T05:00:00.000Z,0.59759,0.60283,0.59519,0.60093,30136
2025-04-09T09:00:00.000Z,0.60093,0.60468,0.59864,0.60267,28059
2025-04-09T13:00:00.000Z,0.60271,0.60581,0.59918,0.60245,25872
2025-04-09T17:00:00.000Z,0.60245,0.61756,0.60207,0.61495,30366
2025-04-09T21:00:00.000Z,0.61479,0.61715,0.6119,0.61271,12529
2025-04-10T01:00:00.000Z,0.61271,0.61871,0.61153,0.6185,18596
2025-04-10T05:00:00.000Z,0.6185,0.62035,0.61355,0.61533,21636
2025-04-10T09:00:00.000Z,0.6153,0.62103,0.6145,0.61814,22945
2025-04-10T13:00:00.000Z,0.61815,0.62484,0.61697,0.61978,33987
2025-04-10T17:00:00.000Z,0.61973,0.62491,0.61846,0.62258,27762
2025-04-10T21:00:00.000Z,0.62229,0.62427,0.62034,0.62144,16509
2025-04-11T01:00:00.000Z,0.62144,0.62587,0.61941,0.61952,25141
2025-04-11T05:00:00.000Z,0.61951,0.6229,0.61808,0.62181,28013
2025-04-11T09:00:00.000Z,0.62177,0.62694,0.621,0.62604,25427
2025-04-11T13:00:00.000Z,0.62604,0.62876,0.62224,0.62542,32808
2025-04-11T17:00:00.000Z,0.62543,0.63003,0.6247,0.62886,17781
2025-04-13T21:00:00.000Z,0.62971,0.6314,0.62781,0.62912,13216
2025-04-14T01:00:00.000Z,0.62917,0.63092,0.62855,0.62963,14732
2025-04-14T05:00:00.000Z,0.62963,0.63421,0.62949,0.63367,13210
2025-04-14T09:00:00.000Z,0.63367,0.63426,0.62945,0.62958,12328
2025-04-14T13:00:00.000Z,0.62959,0.63339,0.62748,0.63081,23240
2025-04-14T17:00:00.000Z,0.63084,0.6341,0.63077,0.63254,10982
2025-04-14T21:00:00.000Z,0.63192,0.63332,0.63158,0.63274,5487
2025-04-15T01:00:00.000Z,0.63273,0.63775,0.63265,0.6369,10915
2025-04-15T05:00:00.000Z,0.6369,0.63738,0.63459,0.63501,14357
2025-04-15T09:00:00.000Z,0.63496,0.63747,0.63441,0.63711,12178
2025-04-15T13:00:00.000Z,0.63711,0.6383,0.63493,0.63525,18183
2025-04-15T17:00:00.000Z,0.63525,0.63575,0.63409,0.6345,8097
2025-04-15T21:00:00.000Z,0.63493,0.63493,0.63222,0.63345,8180
2025-04-16T01:00:00.000Z,0.63344,0.63575,0.63344,0.63523,11350
2025-04-16T05:00:00.000Z,0.63524,0.63771,0.63406,0.63673,15107
2025-04-16T09:00:00.000Z,0.63673,0.63785,0.63592,0.63617,12305
2025-04-16T13:00:00.000Z,0.63618,0.63913,0.63584,0.63834,15150
2025-04-16T17:00:00.000Z,0.63832,0.6386,0.63571,0.63718,12637
2025-04-16T21:00:00.000Z,0.63664,0.63763,0.63597,0.6361,6385
2025-04-17T01:00:00.000Z,0.6361,0.63652,0.63369,0.63385,10865
2025-04-17T05:00:00.000Z,0.63386,0.63579,0.63329,0.63544,11081
2025-04-17T09:00:00.000Z,0.63544,0.63821,0.63501,0.63814,10895
2025-04-17T13:00:00.000Z,0.63814,0.63907,0.63653,0.63843,15931
2025-04-17T17:00:00.000Z,0.63843,0.63938,0.63793,0.63903,7043
2025-04-17T21:00:00.000Z,0.63768,0.63933,0.63759,0.63874,5629
2025-04-18T01:00:00.000Z,0.6387,0.63881,0.6367,0.63812,39622
2025-04-18T05:00:00.000Z,0.63814,0.6382,0.6368,0.63689,25699
2025-04-18T09:00:00.000Z,0.6369,0.63775,0.63686,0.63737,38248
2025-04-18T13:00:00.000Z,0.6374,0.63754,0.63692,0.63741,14550
2025-04-18T17:00:00.000Z,0.63745,0.63765,0.63735,0.63748,14500
2025-04-20T21:00:00.000Z,0.63691,0.63998,0.63658,0.63857,8946
2025-04-21T01:00:00.000Z,0.63857,0.64264,0.6383,0.64172,10894
2025-04-21T05:00:00.000Z,0.64172,0.64357,0.64151,0.64294,10014
2025-04-21T09:00:00.000Z,0.64294,0.64374,0.64143,0.64297,9117
2025-04-21T13:00:00.000Z,0.64297,0.64338,0.64071,0.64125,12203
2025-04-21T17:00:00.000Z,0.64125,0.64227,0.64017,0.64178,6472
2025-04-21T21:00:00.000Z,0.64085,0.64222,0.64008,0.64081,6724
2025-04-22T01:00:00.000Z,0.64081,0.6439,0.64081,0.64315,10900
2025-04-22T05:00:00.000Z,0.64315,0.64389,0.64068,0.64086,13086
2025-04-22T09:00:00.000Z,0.64086,0.64106,0.6386,0.63907,10250
2025-04-22T13:00:00.000Z,0.63909,0.64052,0.63767,0.63966,13517
2025-04-22T17:00:00.000Z,0.63967,0.64009,0.63611,0.63645,8616
2025-04-22T21:00:00.000Z,0.63665,0.63957,0.63489,0.63954,11820
2025-04-23T01:00:00.000Z,0.63954,0.64051,0.63788,0.6395,11187
2025-04-23T05:00:00.000Z,0.6395,0.64248,0.63905,0.64121,12617
2025-04-23T09:00:00.000Z,0.64121,0.64203,0.64015,0.6417,10719
2025-04-23T13:00:00.000Z,0.6417,0.6435,0.63598,0.63693,20247
2025-04-23T17:00:00.000Z,0.63692,0.63753,0.6352,0.63594,9118
2025-04-23T21:00:00.000Z,0.63578,0.63719,0.63545,0.63644,6306
2025-04-24T01:00:00.000Z,0.63644,0.6369,0.63513,0.6359,11089
2025-04-24T05:00:00.000Z,0.63589,0.63887,0.63435,0.63765,12978
2025-04-24T09:00:00.000Z,0.63766,0.63897,0.63747,0.63813,10677
2025-04-24T13:00:00.000Z,0.63816,0.64075,0.63788,0.6407,14568
2025-04-24T17:00:00.000Z,0.6407,0.64125,0.63973,0.64107,5824
2025-04-24T21:00:00.000Z,0.64041,0.64144,0.63987,0.64025,5055
2025-04-25T01:00:00.000Z,0.64024,0.64207,0.63926,0.64057,9489
2025-04-25T05:00:00.000Z,0.64057,0.64145,0.63861,0.63898,11825
2025-04-25T09:00:00.000Z,0.63899,0.63913,0.63743,0.63807,9783
2025-04-25T13:00:00.000Z,0.63808,0.64002,0.63757,0.63954,10961
2025-04-25T17:00:00.000Z,0.63954,0.6404,0.63888,0.63958,5788
2025-04-27T21:00:00.000Z,0.63863,0.64044,0.63778,0.6387,5856
2025-04-28T01:00:00.000Z,0.6387,0.64028,0.63726,0.64024,8318
2025-04-28T05:00:00.000Z,0.64027,0.64059,0.63676,0.63798,9882
2025-04-28T09:00:00.000Z,0.63798,0.64055,0.63787,0.6395,8561
2025-04-28T13:00:00.000Z,0.6395,0.64296,0.63928,0.6418,13948
2025-04-28T17:00:00.000Z,0.64179,0.64347,0.6414,0.64313,6116
2025-04-28T21:00:00.000Z,0.64283,0.64334,0.64213,0.64277,4524
2025-04-29T01:00:00.000Z,0.64277,0.64495,0.64095,0.64124,9933
2025-04-29T05:00:00.000Z,0.64124,0.64322,0.64102,0.64187,10790
2025-04-29T09:00:00.000Z,0.64184,0.64204,0.63978,0.64109,8942
2025-04-29T13:00:00.000Z,0.6411,0.64114,0.63759,0.63856,12711
2025-04-29T17:00:00.000Z,0.63856,0.63919,0.63786,0.63821,5813
2025-04-29T21:00:00.000Z,0.63797,0.63914,0.63775,0.63829,4458
2025-04-30T01:00:00.000Z,0.63827,0.64137,0.63816,0.64137,8465
2025-04-30T05:00:00.000Z,0.64138,0.64174,0.63857,0.63897,9300
2025-04-30T09:00:00.000Z,0.63896,0.63982,0.63659,0.63723,10819
2025-04-30T13:00:00.000Z,0.63724,0.64023,0.63558,0.63946,15486
2025-04-30T17:00:00.000Z,0.63946,0.64132,0.63938,0.64013,8879
2025-04-30T21:00:00.000Z,0.63964,0.64149,0.63945,0.64132,4406
2025-05-01T01:00:00.000Z,0.64131,0.64269,0.6397,0.64005,7078
2025-05-01T05:00:00.000Z,0.64005,0.64029,0.6383,0.63868,9309
2025-05-01T09:00:00.000Z,0.63868,0.63989,0.63742,0.63862,9439
2025-05-01T13:00:00.000Z,0.63859,0.63923,0.63653,0.63721,13641
2025-05-01T17:00:00.000Z,0.63722,0.63917,0.63704,0.63839,6746
2025-05-01T21:00:00.000Z,0.63725,0.64093,0.63706,0.64057,6501
2025-05-02T01:00:00.000Z,0.64061,0.64199,0.63993,0.64126,9421
2025-05-02T05:00:00.000Z,0.64126,0.6423,0.64047,0.64198,9154
2025-05-02T09:00:00.000Z,0.64197,0.64493,0.64124,0.64452,11698
2025-05-02T13:00:00.000Z,0.64452,0.64697,0.64408,0.64487,16493
2025-05-02T17:00:00.000Z,0.64487,0.64508,0.64383,0.64458,6099
2025-05-04T21:00:00.000Z,0.64408,0.64576,0.64341,0.64453,4809
2025-05-05T01:00:00.000Z,0.64458,0.64806,0.64451,0.64683,7853
2025-05-05T05:00:00.000Z,0.64683,0.64883,0.64639,0.64777,9032
2025-05-05T09:00:00.000Z,0.64778,0.64935,0.64778,0.64871,8234
2025-05-05T13:00:00.000Z,0.64871,0.6492,0.64631,0.64641,10996
2025-05-05T17:00:00.000Z,0.64641,0.64728,0.64616,0.64678,4989
2025-05-05T21:00:00.000Z,0.64601,0.6468,0.64439,0.64482,3837
2025-05-06T01:00:00.000Z,0.64482,0.64708,0.64426,0.6469,8402
2025-05-06T05:00:00.000Z,0.6469,0.64691,0.64436,0.64517,10747
2025-05-06T09:00:00.000Z,0.64517,0.64704,0.64377,0.64687,8685
2025-05-06T13:00:00.000Z,0.64686,0.64971,0.64627,0.64869,10735
2025-05-06T17:00:00.000Z,0.64869,0.65012,0.64848,0.64939,5933
2025-05-06T21:00:00.000Z,0.64906,0.65143,0.64878,0.64999,7324
2025-05-07T01:00:00.000Z,0.64999,0.65117,0.64765,0.64796,11854
2025-05-07T05:00:00.000Z,0.64796,0.64914,0.64719,0.64719,10185
2025-05-07T09:00:00.000Z,0.64719,0.64804,0.64637,0.64691,8060
2025-05-07T13:00:00.000Z,0.6469,0.64752,0.64503,0.6462,9787
2025-05-07T17:00:00.000Z,0.6462,0.64661,0.64211,0.64253,12168
2025-05-07T21:00:00.000Z,0.6422,0.64477,0.64206,0.64414,3906
2025-05-08T01:00:00.000Z,0.64414,0.64642,0.64397,0.64515,8571
2025-05-08T05:00:00.000Z,0.64515,0.64521,0.64023,0.64135,12265
2025-05-08T09:00:00.000Z,0.64136,0.64269,0.64067,0.64177,10689
2025-05-08T13:00:00.000Z,0.64176,0.6433,0.64029,0.64108,13878
2025-05-08T17:00:00.000Z,0.64108,0.64111,0.63948,0.6401,5769
2025-05-08T21:00:00.000Z,0.63957,0.64024,0.63868,0.63903,4280
2025-05-09T01:00:00.000Z,0.63903,0.64101,0.63708,0.64091,9373
2025-05-09T05:00:00.000Z,0.64091,0.64147,0.63965,0.64076,8981
2025-05-09T09:00:00.000Z,0.64077,0.64094,0.63936,0.64086,7934
2025-05-09T13:00:00.000Z,0.64086,0.64322,0.64086,0.64138,8888
2025-05-09T17:00:00.000Z,0.64139,0.64198,0.64064,0.64084,4177
2025-05-11T21:00:00.000Z,0.64087,0.64309,0.64087,0.64213,7410
2025-05-12T01:00:00.000Z,0.64213,0.64349,0.6415,0.64302,10347
2025-05-12T05:00:00.000Z,0.64302,0.6461,0.63918,0.64096,16377
2025-05-12T09:00:00.000Z,0.64094,0.64146,0.63821,0.63871,12824
2025-05-12T13:00:00.000Z,0.63872,0.64006,0.63583,0.63638,12782
2025-05-12T17:00:00.000Z,0.63638,0.63757,0.63565,0.63714,6120
2025-05-12T21:00:00.000Z,0.63635,0.63778,0.63624,0.63643,4315
2025-05-13T01:00:00.000Z,0.63643,0.64134,0.6361,0.6412,10139
2025-05-13T05:00:00.000Z,0.6412,0.64191,0.64005,0.64056,11207
2025-05-13T09:00:00.000Z,0.64057,0.643,0.64031,0.64299,10476
2025-05-13T13:00:00.000Z,0.64299,0.64762,0.64186,0.64732,13930
2025-05-13T17:00:00.000Z,0.64732,0.64785,0.64699,0.64704,4851
2025-05-13T21:00:00.000Z,0.64633,0.64776,0.64606,0.64721,4199
2025-05-14T01:00:00.000Z,0.64722,0.64867,0.64681,0.64706,9709
2025-05-14T05:00:00.000Z,0.64706,0.65008,0.64648,0.64905,10995
2025-05-14T09:00:00.000Z,0.64909,0.64978,0.64613,0.64668,10765
2025-05-14T13:00:00.000Z,0.64668,0.64669,0.64232,0.64341,13880
2025-05-14T17:00:00.000Z,0.64341,0.64389,0.64222,0.64272,6766
2025-05-14T21:00:00.000Z,0.64267,0.64357,0.64193,0.64327,3898
2025-05-15T01:00:00.000Z,0.64325,0.64576,0.64305,0.64313,9074
2025-05-15T05:00:00.000Z,0.64314,0.64428,0.64143,0.64207,9382
2025-05-15T09:00:00.000Z,0.64208,0.64224,0.64013,0.64156,8898
2025-05-15T13:00:00.000Z,0.64156,0.64222,0.63904,0.64031,11984
2025-05-15T17:00:00.000Z,0.64032,0.6409,0.63986,0.64062,4630
2025-05-15T21:00:00.000Z,0.64001,0.64105,0.63943,0.63983,4253
2025-05-16T01:00:00.000Z,0.63983,0.64297,0.63974,0.64251,8097
2025-05-16T05:00:00.000Z,0.64251,0.64358,0.64197,0.64275,7944
2025-05-16T09:00:00.000Z,0.64275,0.64283,0.64079,0.6414,7120
2025-05-16T13:00:00.000Z,0.64141,0.64176,0.63875,0.6399,10044
2025-05-16T17:00:00.000Z,0.6399,0.64071,0.63971,0.64035,4128
2025-05-18T21:00:00.000Z,0.64016,0.64143,0.6395,0.64138,5439
2025-05-19T01:00:00.000Z,0.64138,0.64214,0.64027,0.64061,7661
2025-05-19T05:00:00.000Z,0.64061,0.64345,0.63977,0.64336,9453
2025-05-19T09:00:00.000Z,0.64339,0.64518,0.64309,0.64392,9825
2025-05-19T13:00:00.000Z,0.64392,0.64648,0.64355,0.64555,11259
2025-05-19T17:00:00.000Z,0.64556,0.64589,0.64477,0.64569,3780
2025-05-19T21:00:00.000Z,0.64554,0.64586,0.64457,0.64464,2817
2025-05-20T01:00:00.000Z,0.64464,0.64511,0.64228,0.6425,8273
2025-05-20T05:00:00.000Z,0.64248,0.64377,0.64076,0.64182,11281
2025-05-20T09:00:00.000Z,0.64181,0.64204,0.63915,0.6397,7688
2025-05-20T13:00:00.000Z,0.6397,0.64177,0.63944,0.64171,10021
2025-05-20T17:00:00.000Z,0.64171,0.6424,0.64117,0.64237,5035
2025-05-20T21:00:00.000Z,0.64213,0.64399,0.64163,0.64387,3678
2025-05-21T01:00:00.000Z,0.64387,0.64533,0.64297,0.6451,8046
2025-05-21T05:00:00.000Z,0.6451,0.64586,0.64351,0.64396,10734
2025-05-21T09:00:00.000Z,0.64396,0.64543,0.64353,0.64448,9491
2025-05-21T13:00:00.000Z,0.64451,0.64692,0.64369,0.64636,11379
2025-05-21T17:00:00.000Z,0.64636,0.64669,0.64307,0.6435,8374
2025-05-21T21:00:00.000Z,0.6433,0.64436,0.64293,0.64396,4195
2025-05-22T01:00:00.000Z,0.64396,0.64531,0.64266,0.64513,7823
2025-05-22T05:00:00.000Z,0.64513,0.64587,0.6435,0.64369,10255
2025-05-22T09:00:00.000Z,0.64369,0.64372,0.64145,0.64213,9809
2025-05-22T13:00:00.000Z,0.64216,0.64272,0.64074,0.64099,11774
2025-05-22T17:00:00.000Z,0.64099,0.64163,0.6407,0.64094,4668
2025-05-22T21:00:00.000Z,0.64084,0.64179,0.64079,0.64179,2908
2025-05-23T01:00:00.000Z,0.64179,0.64384,0.64152,0.64343,6286
2025-05-23T05:00:00.000Z,0.64342,0.64563,0.64276,0.64535,8384
2025-05-23T09:00:00.000Z,0.64535,0.64699,0.64296,0.64585,12776
2025-05-23T13:00:00.000Z,0.64584,0.64892,0.6445,0.64876,12621
2025-05-23T17:00:00.000Z,0.64876,0.64991,0.6487,0.64946,4318
2025-05-25T21:00:00.000Z,0.64828,0.65076,0.64811,0.6505,5466
2025-05-26T01:00:00.000Z,0.65048,0.65371,0.65029,0.65213,7403
2025-05-26T05:00:00.000Z,0.65213,0.65306,0.65083,0.6512,7169
2025-05-26T09:00:00.000Z,0.65122,0.65127,0.65011,0.65025,5450
2025-05-26T13:00:00.000Z,0.65025,0.65082,0.64887,0.64894,4417
2025-05-26T17:00:00.000Z,0.64893,0.64904,0.64821,0.64885,1986
2025-05-26T21:00:00.000Z,0.64827,0.64935,0.64796,0.64923,3650
2025-05-27T01:00:00.000Z,0.64923,0.64953,0.64702,0.64713,6577
2025-05-27T05:00:00.000Z,0.64714,0.64881,0.64451,0.64488,11094
2025-05-27T09:00:00.000Z,0.64488,0.64565,0.64419,0.64551,8093
2025-05-27T13:00:00.000Z,0.6455,0.64607,0.64346,0.64427,9819
2025-05-27T17:00:00.000Z,0.64426,0.64471,0.64388,0.64432,4480
2025-05-27T21:00:00.000Z,0.64389,0.64532,0.64373,0.64484,3336
2025-05-28T01:00:00.000Z,0.64483,0.64534,0.64254,0.64262,8854
2025-05-28T05:00:00.000Z,0.64262,0.64491,0.64252,0.64467,8521
2025-05-28T09:00:00.000Z,0.64467,0.64483,0.64208,0.64214,7451
2025-05-28T13:00:00.000Z,0.64214,0.64282,0.64099,0.64219,11179
2025-05-28T17:00:00.000Z,0.64219,0.64295,0.64213,0.64267,4908
2025-05-28T21:00:00.000Z,0.64163,0.64357,0.64101,0.64203,7843
2025-05-29T01:00:00.000Z,0.64202,0.64312,0.6407,0.64301,9920
2025-05-29T05:00:00.000Z,0.64301,0.64494,0.64166,0.64365,9767
2025-05-29T09:00:00.000Z,0.64365,0.64567,0.64318,0.64556,9789
2025-05-29T13:00:00.000Z,0.64556,0.646,0.643,0.64483,12495
2025-05-29T17:00:00.000Z,0.64483,0.64525,0.64419,0.64427,4879
2025-05-29T21:00:00.000Z,0.64367,0.64522,0.6435,0.6446,4277
2025-05-30T01:00:00.000Z,0.6446,0.64505,0.64213,0.64299,8392
2025-05-30T05:00:00.000Z,0.64299,0.644,0.64072,0.64148,8826
2025-05-30T09:00:00.000Z,0.64147,0.64294,0.64115,0.64222,10228
2025-05-30T13:00:00.000Z,0.64223,0.64399,0.64081,0.64246,13729
2025-05-30T17:00:00.000Z,0.64248,0.64476,0.64244,0.6433,6020
2025-06-01T21:00:00.000Z,0.64308,0.64586,0.64302,0.64558,4295
2025-06-02T01:00:00.000Z,0.64558,0.64727,0.64443,0.64551,7603
2025-06-02T05:00:00.000Z,0.64551,0.64892,0.64528,0.64777,9324
2025-06-02T09:00:00.000Z,0.64777,0.6489,0.64769,0.6488,8423
2025-06-02T13:00:00.000Z,0.6488,0.65002,0.64713,0.64859,11851
2025-06-02T17:00:00.000Z,0.6486,0.64986,0.64807,0.64978,4773
2025-06-02T21:00:00.000Z,0.64883,0.64999,0.64855,0.64928,3143
2025-06-03T01:00:00.000Z,0.64928,0.64947,0.64633,0.64664,7877
2025-06-03T05:00:00.000Z,0.64664,0.64682,0.64503,0.64552,9357
2025-06-03T09:00:00.000Z,0.64548,0.64644,0.64481,0.64519,8356
2025-06-03T13:00:00.000Z,0.6452,0.64717,0.64468,0.64594,11078
2025-06-03T17:00:00.000Z,0.64594,0.64701,0.64591,0.64639,4402
2025-06-03T21:00:00.000Z,0.64539,0.64669,0.64518,0.64603,3438
2025-06-04T01:00:00.000Z,0.64603,0.64801,0.64532,0.6456,8314
2025-06-04T05:00:00.000Z,0.6456,0.64761,0.64503,0.64745,8111
2025-06-04T09:00:00.000Z,0.64745,0.64937,0.64712,0.64922,8164
2025-06-04T13:00:00.000Z,0.64923,0.6504,0.64862,0.65032,11010
2025-06-04T17:00:00.000Z,0.65032,0.65044,0.64908,0.64937,4136
2025-06-04T21:00:00.000Z,0.6486,0.65032,0.64841,0.65013,3408
2025-06-05T01:00:00.000Z,0.65013,0.65091,0.64857,0.64928,7468
2025-06-05T05:00:00.000Z,0.64929,0.65085,0.64874,0.65048,6981
2025-06-05T09:00:00.000Z,0.65049,0.65256,0.65042,0.65176,9518
2025-06-05T13:00:00.000Z,0.65175,0.65376,0.65101,0.65137,14242
2025-06-05T17:00:00.000Z,0.65137,0.65178,0.6503,0.65059,6020
2025-06-05T21:00:00.000Z,0.65031,0.65168,0.65007,0.65096,3601
2025-06-06T01:00:00.000Z,0.65096,0.65134,0.64927,0.65036,7087
2025-06-06T05:00:00.000Z,0.65035,0.65041,0.64868,0.64894,7300
2025-06-06T09:00:00.000Z,0.64896,0.65065,0.6479,0.64923,9326
2025-06-06T13:00:00.000Z,0.64923,0.65032,0.64792,0.64884,13551
2025-06-06T17:00:00.000Z,0.64885,0.64994,0.64882,0.64914,4432
2025-06-08T21:00:00.000Z,0.64946,0.65038,0.64937,0.64986,2979
2025-06-09T01:00:00.000Z,0.64986,0.6518,0.64983,0.65143,5824
2025-06-09T05:00:00.000Z,0.65143,0.65337,0.6509,0.65268,6169
2025-06-09T09:00:00.000Z,0.65268,0.65316,0.65094,0.65124,6200
2025-06-09T13:00:00.000Z,0.65123,0.65263,0.65058,0.65221,7643
2025-06-09T17:00:00.000Z,0.65221,0.65268,0.6515,0.65153,3317
2025-06-09T21:00:00.000Z,0.65097,0.65218,0.65072,0.65176,2891
2025-06-10T01:00:00.000Z,0.65176,0.65296,0.65011,0.65208,7707
2025-06-10T05:00:00.000Z,0.65209,0.65245,0.64897,0.65143,10422
2025-06-10T09:00:00.000Z,0.65143,0.65228,0.65086,0.65164,6863
2025-06-10T13:00:00.000Z,0.65164,0.65328,0.65153,0.6521,8442
2025-06-10T17:00:00.000Z,0.65211,0.65249,0.65147,0.65226,4125
2025-06-10T21:00:00.000Z,0.65196,0.65313,0.65122,0.65139,4092
2025-06-11T01:00:00.000Z,0.65138,0.65203,0.6497,0.65109,6618
2025-06-11T05:00:00.000Z,0.65111,0.65181,0.65073,0.65097,6337
2025-06-11T09:00:00.000Z,0.65098,0.65456,0.64994,0.65286,9071
2025-06-11T13:00:00.000Z,0.65285,0.65299,0.65094,0.65218,9881
2025-06-11T17:00:00.000Z,0.65218,0.65294,0.64957,0.65013,4880
2025-06-11T21:00:00.000Z,0.64978,0.65109,0.64971,0.65028,4279
2025-06-12T01:00:00.000Z,0.65028,0.65085,0.64836,0.64942,8145
2025-06-12T05:00:00.000Z,0.64941,0.6505,0.6477,0.65013,9040
2025-06-12T09:00:00.000Z,0.65013,0.65334,0.64947,0.65264,10688
2025-06-12T13:00:00.000Z,0.65262,0.65304,0.65159,0.65273,10558
2025-06-12T17:00:00.000Z,0.65274,0.65312,0.65218,0.65293,3244
2025-06-12T21:00:00.000Z,0.65313,0.65334,0.64679,0.64768,7738
2025-06-13T01:00:00.000Z,0.64768,0.64972,0.64563,0.64695,12898
2025-06-13T05:00:00.000Z,0.64695,0.64962,0.6466,0.64892,11058
2025-06-13T09:00:00.000Z,0.64892,0.64918,0.64621,0.64788,8822
2025-06-13T13:00:00.000Z,0.64785,0.65192,0.64682,0.65129,9668
2025-06-13T17:00:00.000Z,0.65129,0.65131,0.64826,0.64865,6966
2025-06-15T21:00:00.000Z,0.64727,0.64963,0.64727,0.64903,8188
2025-06-16T01:00:00.000Z,0.64902,0.64902,0.64662,0.64809,9715
2025-06-16T05:00:00.000Z,0.64808,0.65156,0.64808,0.65121,8860
2025-06-16T09:00:00.000Z,0.65123,0.65287,0.65103,0.65271,7346
2025-06-16T13:00:00.000Z,0.65271,0.65517,0.65252,0.65453,10403
2025-06-16T17:00:00.000Z,0.65454,0.65463,0.65214,0.65236,4419
2025-06-16T21:00:00.000Z,0.65195,0.65256,0.65025,0.65134,6481
2025-06-17T01:00:00.000Z,0.65134,0.65374,0.65091,0.65349,9625
2025-06-17T05:00:00.000Z,0.65349,0.65437,0.65267,0.65334,9856
2025-06-17T09:00:00.000Z,0.65335,0.65421,0.65196,0.65217,8685
2025-06-17T13:00:00.000Z,0.65218,0.65378,0.64917,0.64931,11498
2025-06-17T17:00:00.000Z,0.64931,0.64973,0.6466,0.64752,7867
2025-06-17T21:00:00.000Z,0.64768,0.6488,0.64684,0.64822,4923
2025-06-18T01:00:00.000Z,0.64822,0.65055,0.64803,0.65036,8541
2025-06-18T05:00:00.000Z,0.65036,0.65133,0.64931,0.64976,7985
2025-06-18T09:00:00.000Z,0.64976,0.65058,0.64867,0.64993,7595
2025-06-18T13:00:00.000Z,0.64992,0.65239,0.64938,0.65147,11601
2025-06-18T17:00:00.000Z,0.65145,0.65374,0.64941,0.65084,13357
2025-06-18T21:00:00.000Z,0.65009,0.65107,0.64956,0.64978,4430
2025-06-19T01:00:00.000Z,0.64978,0.64981,0.64752,0.64885,9199
2025-06-19T05:00:00.000Z,0.64885,0.6489,0.646,0.64748,10195
2025-06-19T09:00:00.000Z,0.64748,0.64786,0.64572,0.64621,7932
2025-06-19T13:00:00.000Z,0.64618,0.64701,0.64454,0.64525,7462
2025-06-19T17:00:00.000Z,0.64525,0.64803,0.64525,0.64795,2104
2025-06-19T21:00:00.000Z,0.64655,0.6494,0.64655,0.64869,4516
2025-06-20T01:00:00.000Z,0.64869,0.64948,0.64741,0.64918,8185
2025-06-20T05:00:00.000Z,0.64917,0.64941,0.64724,0.64872,7572
2025-06-20T09:00:00.000Z,0.64872,0.64953,0.64816,0.64894,7293
2025-06-20T13:00:00.000Z,0.64898,0.64909,0.64518,0.64584,10390
2025-06-20T17:00:00.000Z,0.64583,0.64603,0.64477,0.64512,5258
2025-06-22T21:00:00.000Z,0.64229,0.64486,0.64144,0.64363,7208
2025-06-23T01:00:00.000Z,0.64363,0.64423,0.63976,0.64047,10058
2025-06-23T05:00:00.000Z,0.64043,0.64274,0.64009,0.6402,10493
2025-06-23T09:00:00.000Z,0.64021,0.64028,0.63723,0.6391,10536
2025-06-23T13:00:00.000Z,0.63909,0.64392,0.63849,0.64211,14024
2025-06-23T17:00:00.000Z,0.64212,0.64633,0.64186,0.64579,6737
2025-06-23T21:00:00.000Z,0.64553,0.64866,0.64535,0.648,6288
2025-06-24T01:00:00.000Z,0.648,0.64976,0.64751,0.64957,9371
2025-06-24T05:00:00.000Z,0.64956,0.65132,0.64878,0.65028,12269
2025-06-24T09:00:00.000Z,0.65028,0.65155,0.65001,0.65034,8302
2025-06-24T13:00:00.000Z,0.65036,0.65191,0.64868,0.65053,11721
2025-06-24T17:00:00.000Z,0.65053,0.65096,0.64877,0.64892,4165
2025-06-24T21:00:00.000Z,0.6487,0.65003,0.6487,0.64979,3378
2025-06-25T01:00:00.000Z,0.6498,0.65077,0.64882,0.64991,7869
2025-06-25T05:00:00.000Z,0.64992,0.65066,0.64922,0.64968,8333
2025-06-25T09:00:00.000Z,0.64968,0.64993,0.64883,0.64914,6841
2025-06-25T13:00:00.000Z,0.64914,0.65036,0.64842,0.65022,8911
2025-06-25T17:00:00.000Z,0.65022,0.65149,0.64976,0.65116,4630
2025-06-25T21:00:00.000Z,0.6507,0.65242,0.65024,0.65197,3686
2025-06-26T01:00:00.000Z,0.65197,0.6536,0.65098,0.65225,8866
2025-06-26T05:00:00.000Z,0.65225,0.65497,0.6518,0.65444,9790
2025-06-26T09:00:00.000Z,0.65438,0.65453,0.65287,0.65407,9893
2025-06-26T13:00:00.000Z,0.65408,0.65626,0.65353,0.65551,13006
2025-06-26T17:00:00.000Z,0.65551,0.65638,0.65444,0.65448,5041
2025-06-26T21:00:00.000Z,0.65435,0.65549,0.654,0.65541,4105
2025-06-27T01:00:00.000Z,0.65541,0.6561,0.65418,0.65418,8658
2025-06-27T05:00:00.000Z,0.65421,0.65607,0.65392,0.65508,8803
2025-06-27T09:00:00.000Z,0.65511,0.65513,0.65289,0.65449,9056
2025-06-27T13:00:00.000Z,0.65449,0.65476,0.65226,0.65343,10548
2025-06-27T17:00:00.000Z,0.65343,0.65353,0.6508,0.65293,6628
2025-06-29T21:00:00.000Z,0.65344,0.65379,0.6527,0.65297,4794
2025-06-30T01:00:00.000Z,0.65297,0.65444,0.65272,0.6543,8427
2025-06-30T05:00:00.000Z,0.6543,0.65525,0.6532,0.65376,9464
2025-06-30T09:00:00.000Z,0.65376,0.65397,0.65226,0.65314,6927
2025-06-30T13:00:00.000Z,0.65313,0.65723,0.65303,0.65722,10800
2025-06-30T17:00:00.000Z,0.65722,0.65826,0.65677,0.65807,4361
2025-06-30T21:00:00.000Z,0.6573,0.65836,0.65708,0.65756,3094
2025-07-01T01:00:00.000Z,0.65756,0.65761,0.65536,0.65725,7306
2025-07-01T05:00:00.000Z,0.65725,0.65902,0.65706,0.65868,8997
2025-07-01T09:00:00.000Z,0.65869,0.65897,0.65722,0.65733,8541
2025-07-01T13:00:00.000Z,0.65733,0.65804,0.65615,0.6567,13016
2025-07-01T17:00:00.000Z,0.6567,0.65832,0.65655,0.65816,4267
2025-07-01T21:00:00.000Z,0.65633,0.65827,0.65633,0.65816,3027
2025-07-02T01:00:00.000Z,0.65816,0.65833,0.65647,0.65801,6738
2025-07-02T05:00:00.000Z,0.65801,0.65806,0.65594,0.65636,7541
2025-07-02T09:00:00.000Z,0.65636,0.6571,0.65431,0.65508,9664
2025-07-02T13:00:00.000Z,0.65508,0.6575,0.65454,0.65739,11595
2025-07-02T17:00:00.000Z,0.65737,0.65884,0.65735,0.65846,5414
2025-07-02T21:00:00.000Z,0.65811,0.65874,0.65752,0.65796,3264
2025-07-03T01:00:00.000Z,0.65796,0.65807,0.65649,0.65699,6312
2025-07-03T05:00:00.000Z,0.65699,0.65839,0.65622,0.65776,7778
2025-07-03T09:00:00.000Z,0.65775,0.65793,0.65367,0.65459,10068
2025-07-03T13:00:00.000Z,0.65459,0.65798,0.65406,0.65711,13600
2025-07-03T17:00:00.000Z,0.65709,0.65735,0.65658,0.65702,2137
2025-07-03T21:00:00.000Z,0.65703,0.65782,0.65642,0.65758,2746
2025-07-04T01:00:00.000Z,0.65758,0.65788,0.65627,0.65711,6914
2025-07-04T05:00:00.000Z,0.65711,0.65784,0.65485,0.65582,8161
2025-07-04T09:00:00.000Z,0.65582,0.65616,0.65499,0.65508,7540
2025-07-04T13:00:00.000Z,0.65508,0.6555,0.65458,0.655,5763
2025-07-04T17:00:00.000Z,0.65501,0.65531,0.65446,0.65467,14624
2025-07-06T21:00:00.000Z,0.65523,0.6556,0.65357,0.65396,4537
2025-07-07T01:00:00.000Z,0.65395,0.65395,0.6503,0.65042,9380
2025-07-07T05:00:00.000Z,0.65041,0.65151,0.64904,0.64908,10338
2025-07-07T09:00:00.000Z,0.6491,0.65044,0.64859,0.6502,7795
2025-07-07T13:00:00.000Z,0.6502,0.65186,0.64891,0.64906,10184
2025-07-07T17:00:00.000Z,0.64907,0.65026,0.64852,0.64896,7182
2025-07-07T21:00:00.000Z,0.64895,0.65157,0.64884,0.65123,3733
2025-07-08T01:00:00.000Z,0.65123,0.6558,0.65061,0.65401,9245
2025-07-08T05:00:00.000Z,0.654,0.65466,0.65262,0.65414,11482
2025-07-08T09:00:00.000Z,0.65413,0.65474,0.65321,0.65421,7956
2025-07-08T13:00:00.000Z,0.65421,0.65426,0.65077,0.65251,14100
2025-07-08T17:00:00.000Z,0.6525,0.65336,0.65234,0.65286,7450
2025-07-08T21:00:00.000Z,0.65263,0.6531,0.65191,0.65264,3221
2025-07-09T01:00:00.000Z,0.65264,0.65394,0.65094,0.65357,9598
2025-07-09T05:00:00.000Z,0.65356,0.65445,0.65201,0.65298,10874
2025-07-09T09:00:00.000Z,0.65299,0.65357,0.65141,0.65332,8307
2025-07-09T13:00:00.000Z,0.65334,0.65479,0.65266,0.65328,9838
2025-07-09T17:00:00.000Z,0.65328,0.65423,0.65317,0.65346,4378
2025-07-09T21:00:00.000Z,0.65295,0.65484,0.6527,0.65436,3670
2025-07-10T01:00:00.000Z,0.65429,0.65512,0.65379,0.65445,5355
2025-07-10T05:00:00.000Z,0.65445,0.65627,0.65426,0.65566,6324
2025-07-10T09:00:00.000Z,0.65566,0.65656,0.65443,0.65509,6173
2025-07-10T13:00:00.000Z,0.65509,0.65765,0.65416,0.65732,10395
2025-07-10T17:00:00.000Z,0.65732,0.6591,0.65723,0.65887,4284
2025-07-10T21:00:00.000Z,0.65712,0.65948,0.65561,0.65672,6104
2025-07-11T01:00:00.000Z,0.65672,0.65944,0.65597,0.65762,9026
2025-07-11T05:00:00.000Z,0.65761,0.65908,0.65703,0.65721,9417
2025-07-11T09:00:00.000Z,0.65721,0.65901,0.65696,0.65792,8301
2025-07-11T13:00:00.000Z,0.65791,0.65901,0.65697,0.65789,11375
2025-07-11T17:00:00.000Z,0.65789,0.6584,0.65716,0.65768,4281
2025-07-13T21:00:00.000Z,0.65625,0.65873,0.65601,0.6581,4548
2025-07-14T01:00:00.000Z,0.6581,0.65836,0.65578,0.65616,7827
2025-07-14T05:00:00.000Z,0.65616,0.65749,0.6555,0.65658,7589
2025-07-14T09:00:00.000Z,0.65657,0.65733,0.65539,0.65578,5745
2025-07-14T13:00:00.000Z,0.65578,0.65661,0.6545,0.65471,8947
2025-07-14T17:00:00.000Z,0.65471,0.65503,0.65424,0.65443,3705
2025-07-14T21:00:00.000Z,0.65441,0.65533,0.65393,0.65486,2895
2025-07-15T01:00:00.000Z,0.65486,0.65546,0.65389,0.65436,7325
2025-07-15T05:00:00.000Z,0.65436,0.65715,0.6542,0.65656,6974
2025-07-15T09:00:00.000Z,0.65656,0.65754,0.65586,0.65713,8113
2025-07-15T13:00:00.000Z,0.65713,0.65731,0.65075,0.6509,14188
2025-07-15T17:00:00.000Z,0.6509,0.65201,0.65082,0.6513,4990
2025-07-15T21:00:00.000Z,0.65132,0.65339,0.65106,0.65265,3167
2025-07-16T01:00:00.000Z,0.65265,0.65323,0.65174,0.6526,6305
2025-07-16T05:00:00.000Z,0.65261,0.65293,0.65195,0.65213,7944
2025-07-16T09:00:00.000Z,0.65214,0.65279,0.65134,0.65178,7723
2025-07-16T13:00:00.000Z,0.65178,0.6554,0.64952,0.65252,19962
2025-07-16T17:00:00.000Z,0.65252,0.65365,0.65186,0.65273,5811
2025-07-16T21:00:00.000Z,0.65261,0.65307,0.65087,0.65137,3311
2025-07-17T01:00:00.000Z,0.65141,0.65208,0.64725,0.64904,9252
2025-07-17T05:00:00.000Z,0.64904,0.64952,0.64616,0.64724,9984
2025-07-17T09:00:00.000Z,0.64724,0.64739,0.6454,0.64688,7687
2025-07-17T13:00:00.000Z,0.64688,0.64883,0.64622,0.64821,9361
2025-07-17T17:00:00.000Z,0.64821,0.64918,0.64819,0.64876,4198
2025-07-17T21:00:00.000Z,0.6481,0.65085,0.6479,0.65059,3117
2025-07-18T01:00:00.000Z,0.6506,0.65104,0.64976,0.64987,6117
2025-07-18T05:00:00.000Z,0.64986,0.652,0.64975,0.65182,6926
2025-07-18T09:00:00.000Z,0.65181,0.65321,0.65163,0.65318,6327
2025-07-18T13:00:00.000Z,0.65319,0.65407,0.65115,0.65121,8708
2025-07-18T17:00:00.000Z,0.65122,0.65131,0.65024,0.65055,3776
2025-07-20T21:00:00.000Z,0.65055,0.65163,0.65016,0.65052,4390
2025-07-21T01:00:00.000Z,0.65047,0.65122,0.64976,0.65084,5622
2025-07-21T05:00:00.000Z,0.65084,0.65194,0.65059,0.65166,8300
2025-07-21T09:00:00.000Z,0.65166,0.65277,0.65085,0.65223,6790
2025-07-21T13:00:00.000Z,0.65223,0.65372,0.6515,0.65313,7969
2025-07-21T17:00:00.000Z,0.65313,0.65322,0.65223,0.65227,3317
2025-07-21T21:00:00.000Z,0.65207,0.65301,0.65162,0.65178,2915
2025-07-22T01:00:00.000Z,0.65177,0.65261,0.65132,0.6517,6154
2025-07-22T05:00:00.000Z,0.6517,0.6519,0.65037,0.65106,7742
2025-07-22T09:00:00.000Z,0.65106,0.65288,0.65099,0.65261,7981
2025-07-22T13:00:00.000Z,0.65261,0.65578,0.65226,0.65525,12117
2025-07-22T17:00:00.000Z,0.65527,0.65547,0.65467,0.65537,4438
2025-07-22T21:00:00.000Z,0.6545,0.65593,0.65432,0.6557,4195
2025-07-23T01:00:00.000Z,0.6557,0.65685,0.65537,0.6567,8270
2025-07-23T05:00:00.000Z,0.6567,0.65842,0.65611,0.65831,9494
2025-07-23T09:00:00.000Z,0.6583,0.66005,0.65799,0.6588,7471
2025-07-23T13:00:00.000Z,0.6588,0.65954,0.65793,0.65827,11362
2025-07-23T17:00:00.000Z,0.65827,0.66025,0.65809,0.66022,4999
2025-07-23T21:00:00.000Z,0.65986,0.66046,0.65962,0.66007,3283
2025-07-24T01:00:00.000Z,0.66007,0.66192,0.66006,0.66189,8109
2025-07-24T05:00:00.000Z,0.66189,0.66248,0.66075,0.66201,9343
2025-07-24T09:00:00.000Z,0.66199,0.662,0.6604,0.66054,8080
2025-07-24T13:00:00.000Z,0.66054,0.66161,0.65922,0.65962,11525
2025-07-24T17:00:00.000Z,0.65963,0.66019,0.65858,0.65872,3689
2025-07-24T21:00:00.000Z,0.6589,0.65984,0.65847,0.65942,3098
2025-07-25T01:00:00.000Z,0.65942,0.65961,0.65663,0.65711,7115
2025-07-25T05:00:00.000Z,0.65711,0.65833,0.65638,0.6568,9891
2025-07-25T09:00:00.000Z,0.6568,0.65686,0.65558,0.65592,7477
2025-07-25T13:00:00.000Z,0.65592,0.65666,0.65506,0.65601,12353
2025-07-25T17:00:00.000Z,0.65599,0.65659,0.65592,0.65639,3458
2025-07-27T21:00:00.000Z,0.65727,0.65811,0.65674,0.6581,4443
2025-07-28T01:00:00.000Z,0.65812,0.65856,0.65622,0.65663,7470
2025-07-28T05:00:00.000Z,0.65664,0.65673,0.65157,0.65225,10994
2025-07-28T09:00:00.000Z,0.65225,0.65338,0.65201,0.65338,10675
2025-07-28T13:00:00.000Z,0.65338,0.65367,0.65129,0.65164,10880
2025-07-28T17:00:00.000Z,0.65164,0.65222,0.65128,0.65194,3958
2025-07-28T21:00:00.000Z,0.65162,0.65255,0.65112,0.65132,2867
2025-07-29T01:00:00.000Z,0.65133,0.65298,0.65129,0.65233,6280
2025-07-29T05:00:00.000Z,0.65233,0.65286,0.64987,0.65143,10612
2025-07-29T09:00:00.000Z,0.65144,0.65195,0.64959,0.64981,8540
2025-07-29T13:00:00.000Z,0.64981,0.65132,0.64966,0.65097,11828
2025-07-29T17:00:00.000Z,0.65097,0.65186,0.65088,0.65098,5379
2025-07-29T21:00:00.000Z,0.65091,0.65258,0.6507,0.65252,3320
2025-07-30T01:00:00.000Z,0.65251,0.65285,0.65021,0.65111,8960
2025-07-30T05:00:00.000Z,0.65111,0.65169,0.64964,0.65012,9483
2025-07-30T09:00:00.000Z,0.65012,0.65032,0.64653,0.64666,9424
2025-07-30T13:00:00.000Z,0.64666,0.64669,0.64484,0.64561,10944
2025-07-30T17:00:00.000Z,0.6456,0.64706,0.64258,0.64333,14569
2025-07-30T21:00:00.000Z,0.64327,0.645,0.6431,0.64427,4441
2025-07-31T01:00:00.000Z,0.64426,0.64681,0.64331,0.64677,9883
2025-07-31T05:00:00.000Z,0.64677,0.64762,0.64536,0.64574,10820
2025-07-31T09:00:00.000Z,0.64574,0.64578,0.64353,0.64395,9421
2025-07-31T13:00:00.000Z,0.64395,0.64431,0.64265,0.64318,12328
2025-07-31T17:00:00.000Z,0.64318,0.64345,0.64235,0.64251,7245
2025-07-31T21:00:00.000Z,0.64252,0.64343,0.6421,0.64312,5667
2025-08-01T01:00:00.000Z,0.64311,0.64399,0.64247,0.64357,8622
2025-08-01T05:00:00.000Z,0.64357,0.6439,0.64224,0.64228,8466
2025-08-01T09:00:00.000Z,0.64228,0.64864,0.64177,0.64809,11419
2025-08-01T13:00:00.000Z,0.64811,0.64932,0.64519,0.6454,22235
2025-08-01T17:00:00.000Z,0.64539,0.64756,0.64371,0.64724,11511
2025-08-03T21:00:00.000Z,0.64589,0.64754,0.64588,0.64735,7006
2025-08-04T01:00:00.000Z,0.64733,0.64861,0.64679,0.64819,8906
2025-08-04T05:00:00.000Z,0.64819,0.64853,0.64692,0.64778,10078
2025-08-04T09:00:00.000Z,0.64778,0.64876,0.64696,0.64809,8873
2025-08-04T13:00:00.000Z,0.64809,0.64893,0.64609,0.64642,11915
2025-08-04T17:00:00.000Z,0.64641,0.64699,0.64591,0.64687,6219
2025-08-04T21:00:00.000Z,0.64683,0.64792,0.64599,0.64721,4776
2025-08-05T01:00:00.000Z,0.6472,0.64734,0.64534,0.6464,7325
2025-08-05T05:00:00.000Z,0.6464,0.64715,0.64493,0.64527,9773
2025-08-05T09:00:00.000Z,0.64527,0.64679,0.64514,0.64652,8928
2025-08-05T13:00:00.000Z,0.64654,0.64779,0.64547,0.64749,13731
2025-08-05T17:00:00.000Z,0.64749,0.64783,0.64652,0.6472,6159
2025-08-05T21:00:00.000Z,0.6466,0.64817,0.64597,0.64765,4214
2025-08-06T01:00:00.000Z,0.64765,0.64947,0.64715,0.6493,6008
2025-08-06T05:00:00.000Z,0.64931,0.64954,0.6484,0.64909,7096
2025-08-06T09:00:00.000Z,0.6491,0.65077,0.64904,0.65034,7519
2025-08-06T13:00:00.000Z,0.65033,0.65077,0.64885,0.64982,11002
2025-08-06T17:00:00.000Z,0.64982,0.65086,0.64968,0.6502,6313
2025-08-06T21:00:00.000Z,0.64993,0.65059,0.64961,0.64964,3661
2025-08-07T01:00:00.000Z,0.64964,0.65173,0.64955,0.65165,7063
2025-08-07T05:00:00.000Z,0.65166,0.65411,0.65111,0.65306,8893
2025-08-07T09:00:00.000Z,0.65309,0.65322,0.65171,0.65248,9182
2025-08-07T13:00:00.000Z,0.65248,0.653,0.64893,0.65007,13010
2025-08-07T17:00:00.000Z,0.65008,0.65254,0.64946,0.65236,8360
2025-08-07T21:00:00.000Z,0.6514,0.65277,0.65017,0.65212,4073
2025-08-08T01:00:00.000Z,0.65212,0.65242,0.6511,0.65216,6024
2025-08-08T05:00:00.000Z,0.65216,0.65346,0.65159,0.65193,7991
2025-08-08T09:00:00.000Z,0.65193,0.65265,0.6514,0.65166,7410
2025-08-08T13:00:00.000Z,0.65166,0.65308,0.65163,0.65249,8156
2025-08-08T17:00:00.000Z,0.65249,0.65321,0.65169,0.65186,4483
2025-08-10T21:00:00.000Z,0.652,0.65227,0.65134,0.65161,3719
2025-08-11T01:00:00.000Z,0.65159,0.65283,0.65135,0.65241,6319
2025-08-11T05:00:00.000Z,0.65241,0.65283,0.65133,0.65209,7001
2025-08-11T09:00:00.000Z,0.65208,0.65228,0.65013,0.65064,7418
2025-08-11T13:00:00.000Z,0.65064,0.65164,0.6501,0.65119,8980
2025-08-11T17:00:00.000Z,0.65119,0.6516,0.65067,0.65135,4300
2025-08-11T21:00:00.000Z,0.65094,0.65214,0.65058,0.65175,3557
2025-08-12T01:00:00.000Z,0.65175,0.65254,0.64998,0.65148,7886
2025-08-12T05:00:00.000Z,0.65149,0.65167,0.64896,0.64927,11768
2025-08-12T09:00:00.000Z,0.64927,0.6512,0.64816,0.65052,12881
2025-08-12T13:00:00.000Z,0.65052,0.65403,0.64903,0.6531,21306
2025-08-12T17:00:00.000Z,0.65308,0.65341,0.6526,0.65284,4978
2025-08-12T21:00:00.000Z,0.65263,0.65313,0.65214,0.65252,3820
2025-08-13T01:00:00.000Z,0.65252,0.6534,0.65162,0.65312,6858
2025-08-13T05:00:00.000Z,0.65312,0.65546,0.65273,0.65504,8401
2025-08-13T09:00:00.000Z,0.65504,0.65625,0.65419,0.65448,7270
2025-08-13T13:00:00.000Z,0.65448,0.65579,0.65418,0.65432,9785
2025-08-13T17:00:00.000Z,0.65432,0.65462,0.65386,0.65454,4044
2025-08-13T21:00:00.000Z,0.65446,0.65549,0.65381,0.6553,3996
2025-08-14T01:00:00.000Z,0.6553,0.65686,0.65458,0.65506,8302
2025-08-14T05:00:00.000Z,0.65506,0.6553,0.6525,0.65253,10590
2025-08-14T09:00:00.000Z,0.65253,0.65331,0.65025,0.65055,11682
2025-08-14T13:00:00.000Z,0.65055,0.65067,0.64824,0.64878,15480
2025-08-14T17:00:00.000Z,0.64878,0.64989,0.64877,0.6496,5446
2025-08-14T21:00:00.000Z,0.64895,0.65004,0.64811,0.64977,4035
2025-08-15T01:00:00.000Z,0.64977,0.65047,0.64876,0.65005,7379
2025-08-15T05:00:00.000Z,0.65005,0.65146,0.64992,0.65092,7686
2025-08-15T09:00:00.000Z,0.65091,0.65188,0.65041,0.65157,8786
2025-08-15T13:00:00.000Z,0.65157,0.65225,0.65092,0.65113,12855
2025-08-15T17:00:00.000Z,0.65112,0.65112,0.65025,0.65074,4518
2025-08-17T21:00:00.000Z,0.65079,0.65173,0.65044,0.6513,3670
2025-08-18T01:00:00.000Z,0.6513,0.6522,0.65116,0.65204,6416
2025-08-18T05:00:00.000Z,0.65204,0.65241,0.6506,0.65153,8794
2025-08-18T09:00:00.000Z,0.65152,0.65174,0.65055,0.65074,7413
2025-08-18T13:00:00.000Z,0.65074,0.65077,0.64813,0.64889,8805
2025-08-18T17:00:00.000Z,0.64889,0.64953,0.64882,0.64921,3840
2025-08-18T21:00:00.000Z,0.64934,0.64973,0.64892,0.64939,4348
2025-08-19T01:00:00.000Z,0.6494,0.64956,0.64843,0.64887,8391
2025-08-19T05:00:00.000Z,0.64888,0.6496,0.6477,0.64841,9423
2025-08-19T09:00:00.000Z,0.6484,0.64954,0.64837,0.64844,7839
2025-08-19T13:00:00.000Z,0.64842,0.6485,0.64555,0.64566,10295
2025-08-19T17:00:00.000Z,0.64566,0.64598,0.64495,0.64529,4981
2025-08-19T21:00:00.000Z,0.64561,0.64607,0.64452,0.64508,4463
2025-08-20T01:00:00.000Z,0.64508,0.64542,0.64288,0.64434,10650
2025-08-20T05:00:00.000Z,0.64436,0.6449,0.64252,0.64338,10158
2025-08-20T09:00:00.000Z,0.64338,0.64482,0.64304,0.64434,8015
2025-08-20T13:00:00.000Z,0.64434,0.64442,0.64235,0.64346,11891
2025-08-20T17:00:00.000Z,0.64347,0.64389,0.64291,0.64342,6321
2025-08-20T21:00:00.000Z,0.6429,0.64366,0.64245,0.64274,4243
2025-08-21T01:00:00.000Z,0.64275,0.64349,0.64185,0.64199,7992
2025-08-21T05:00:00.000Z,0.64199,0.64274,0.64143,0.6424,9716
2025-08-21T09:00:00.000Z,0.64241,0.6432,0.64187,0.64202,8708
2025-08-21T13:00:00.000Z,0.64202,0.64317,0.64148,0.64218,14262
2025-08-21T17:00:00.000Z,0.64219,0.64292,0.64188,0.64192,5171
2025-08-21T21:00:00.000Z,0.64181,0.64296,0.64158,0.64246,4525
2025-08-22T01:00:00.000Z,0.64245,0.64298,0.64174,0.64187,7569
2025-08-22T05:00:00.000Z,0.64187,0.64316,0.64149,0.64302,7651
2025-08-22T09:00:00.000Z,0.64302,0.64312,0.64154,0.64215,6578
2025-08-22T13:00:00.000Z,0.64214,0.65009,0.64209,0.64881,22317
2025-08-22T17:00:00.000Z,0.64881,0.6498,0.64846,0.64909,6373
2025-08-24T21:00:00.000Z,0.6483,0.64937,0.64797,0.64834,5162
2025-08-25T01:00:00.000Z,0.64834,0.64918,0.64713,0.64892,7200
2025-08-25T05:00:00.000Z,0.64892,0.65048,0.64857,0.64955,8674
2025-08-25T09:00:00.000Z,0.64955,0.64993,0.64861,0.64919,6115
2025-08-25T13:00:00.000Z,0.64919,0.65042,0.64886,0.64961,9609
2025-08-25T17:00:00.000Z,0.64961,0.64966,0.64776,0.64821,5229
2025-08-25T21:00:00.000Z,0.64778,0.64933,0.64765,0.649,7708
2025-08-26T01:00:00.000Z,0.64901,0.6493,0.64707,0.64794,9714
2025-08-26T05:00:00.000Z,0.64794,0.64849,0.64698,0.64765,11038
2025-08-26T09:00:00.000Z,0.64765,0.64933,0.64764,0.64862,8321
2025-08-26T13:00:00.000Z,0.64861,0.65005,0.64802,0.64959,10339
2025-08-26T17:00:00.000Z,0.64959,0.64976,0.64915,0.6494,4634
2025-08-26T21:00:00.000Z,0.6488,0.64975,0.64817,0.64927,3577
2025-08-27T01:00:00.000Z,0.64927,0.65042,0.64834,0.64845,8337
2025-08-27T05:00:00.000Z,0.64845,0.64902,0.64644,0.64706,9081
2025-08-27T09:00:00.000Z,0.64706,0.64741,0.64622,0.64715,8505
2025-08-27T13:00:00.000Z,0.64715,0.65098,0.64692,0.65087,11513
2025-08-27T17:00:00.000Z,0.65087,0.65127,0.65041,0.65065,5968
2025-08-27T21:00:00.000Z,0.65029,0.65152,0.65,0.65122,4109
2025-08-28T01:00:00.000Z,0.65122,0.65218,0.65095,0.65108,7107
2025-08-28T05:00:00.000Z,0.65108,0.65201,0.65053,0.65191,8344
2025-08-28T09:00:00.000Z,0.65191,0.65343,0.65175,0.65282,9206
2025-08-28T13:00:00.000Z,0.65282,0.65364,0.65192,0.65342,11431
2025-08-28T17:00:00.000Z,0.65342,0.65375,0.65292,0.65313,3701
2025-08-28T21:00:00.000Z,0.65259,0.65357,0.65239,0.65355,3721
2025-08-29T01:00:00.000Z,0.65355,0.6542,0.65279,0.65392,7041
2025-08-29T05:00:00.000Z,0.65392,0.65404,0.65277,0.65358,7815
2025-08-29T09:00:00.000Z,0.65358,0.65363,0.65225,0.65289,8286
2025-08-29T13:00:00.000Z,0.65289,0.65485,0.65246,0.65459,12273
2025-08-29T17:00:00.000Z,0.65459,0.65465,0.65345,0.65378,4438
2025-08-31T21:00:00.000Z,0.65434,0.65485,0.65358,0.65473,3092
2025-09-01T01:00:00.000Z,0.65473,0.65489,0.65347,0.65428,7863
2025-09-01T05:00:00.000Z,0.65428,0.65573,0.65348,0.65568,8636
2025-09-01T09:00:00.000Z,0.65568,0.65599,0.65484,0.65519,6772
2025-09-01T13:00:00.000Z,0.65521,0.65582,0.65491,0.65535,6551
2025-09-01T17:00:00.000Z,0.65535,0.65551,0.65514,0.65536,3380
2025-09-01T21:00:00.000Z,0.65473,0.65583,0.65408,0.65526,3968
2025-09-02T01:00:00.000Z,0.65526,0.65531,0.65358,0.6537,7924
2025-09-02T05:00:00.000Z,0.6537,0.65435,0.65002,0.65135,13573
2025-09-02T09:00:00.000Z,0.65135,0.65147,0.64828,0.64868,14128
2025-09-02T13:00:00.000Z,0.64868,0.65248,0.64838,0.65204,15457
2025-09-02T17:00:00.000Z,0.65204,0.65224,0.65121,0.65202,6765
2025-09-02T21:00:00.000Z,0.6513,0.65211,0.65108,0.65147,3899
2025-09-03T01:00:00.000Z,0.65147,0.65251,0.65121,0.65209,8014
2025-09-03T05:00:00.000Z,0.65209,0.65291,0.65019,0.65249,10779
2025-09-03T09:00:00.000Z,0.65249,0.65404,0.65228,0.65403,9398
2025-09-03T13:00:00.000Z,0.65403,0.65515,0.65335,0.65508,14151
2025-09-03T17:00:00.000Z,0.65508,0.65542,0.65391,0.6542,6618
2025-09-03T21:00:00.000Z,0.65385,0.65495,0.6533,0.65467,4011
2025-09-04T01:00:00.000Z,0.65467,0.65484,0.65279,0.65283,8295
2025-09-04T05:00:00.000Z,0.65283,0.65283,0.65205,0.65272,9248
2025-09-04T09:00:00.000Z,0.65272,0.65277,0.65089,0.65205,9491
2025-09-04T13:00:00.000Z,0.65205,0.65268,0.65013,0.65101,12973
2025-09-04T17:00:00.000Z,0.65101,0.65185,0.65089,0.65178,5557
2025-09-04T21:00:00.000Z,0.65095,0.65265,0.65002,0.65264,3711
2025-09-05T01:00:00.000Z,0.65264,0.65312,0.65253,0.65275,5434
2025-09-05T05:00:00.000Z,0.65275,0.65472,0.65267,0.65441,7214
2025-09-05T09:00:00.000Z,0.65441,0.65721,0.65394,0.65717,11414
2025-09-05T13:00:00.000Z,0.65716,0.65887,0.65512,0.65635,19255
2025-09-05T17:00:00.000Z,0.65635,0.65635,0.65497,0.65546,7480
2025-09-07T21:00:00.000Z,0.6549,0.65569,0.65457,0.65557,4251
2025-09-08T01:00:00.000Z,0.65561,0.65673,0.65518,0.65625,7575
2025-09-08T05:00:00.000Z,0.65626,0.6588,0.65611,0.65843,8432
2025-09-08T09:00:00.000Z,0.65842,0.65964,0.65798,0.65955,6282
2025-09-08T13:00:00.000Z,0.65956,0.65984,0.65808,0.6585,8310
2025-09-08T17:00:00.000Z,0.65849,0.65955,0.65806,0.65912,4593
2025-09-08T21:00:00.000Z,0.65862,0.65996,0.65839,0.65957,2979
2025-09-09T01:00:00.000Z,0.65956,0.66065,0.65911,0.66063,5307
2025-09-09T05:00:00.000Z,0.66061,0.66145,0.65986,0.66123,8787
2025-09-09T09:00:00.000Z,0.66124,0.66196,0.65958,0.65976,6420
2025-09-09T13:00:00.000Z,0.65977,0.66126,0.65848,0.65904,12221
2025-09-09T17:00:00.000Z,0.65903,0.65917,0.65819,0.65835,4723
2025-09-09T21:00:00.000Z,0.65805,0.65883,0.65805,0.65878,3036
2025-09-10T01:00:00.000Z,0.65879,0.66125,0.65799,0.66124,6510
2025-09-10T05:00:00.000Z,0.66123,0.66152,0.65943,0.66001,8116
2025-09-10T09:00:00.000Z,0.66002,0.66238,0.66,0.66117,8208
2025-09-10T13:00:00.000Z,0.66119,0.66354,0.66057,0.66193,10390
2025-09-10T17:00:00.000Z,0.66196,0.66247,0.66113,0.66123,4632
2025-09-10T21:00:00.000Z,0.66118,0.66211,0.6609,0.66103,2429
2025-09-11T01:00:00.000Z,0.66104,0.66199,0.66075,0.66098,4530
2025-09-11T05:00:00.000Z,0.66099,0.66139,0.66012,0.66086,8367
2025-09-11T09:00:00.000Z,0.66084,0.66241,0.65871,0.66226,10495
2025-09-11T13:00:00.000Z,0.66227,0.66642,0.66195,0.66593,12895
2025-09-11T17:00:00.000Z,0.66594,0.66648,0.66567,0.66615,5286
2025-09-11T21:00:00.000Z,0.66564,0.66679,0.66554,0.66674,2956
2025-09-12T01:00:00.000Z,0.66677,0.66687,0.66553,0.66576,5077
2025-09-12T05:00:00.000Z,0.66577,0.66654,0.66433,0.66453,7598
2025-09-12T09:00:00.000Z,0.66454,0.66536,0.66306,0.66388,7980
2025-09-12T13:00:00.000Z,0.66382,0.66482,0.66321,0.66427,10069
2025-09-12T17:00:00.000Z,0.66426,0.66531,0.66423,0.6647,4929
2025-09-14T21:00:00.000Z,0.66345,0.66513,0.66306,0.66511,2593
2025-09-15T01:00:00.000Z,0.66512,0.66657,0.66494,0.66638,4215
2025-09-15T05:00:00.000Z,0.66642,0.66666,0.66519,0.66594,7014
2025-09-15T09:00:00.000Z,0.66595,0.66685,0.66538,0.66658,7269
2025-09-15T13:00:00.000Z,0.66657,0.66718,0.66531,0.66653,8667
2025-09-15T17:00:00.000Z,0.66652,0.66746,0.66645,0.66698,5229
2025-09-15T21:00:00.000Z,0.66669,0.66762,0.66625,0.66677,2271
2025-09-16T01:00:00.000Z,0.66678,0.66733,0.66601,0.66615,4713
2025-09-16T05:00:00.000Z,0.66616,0.66723,0.66596,0.66624,7378
2025-09-16T09:00:00.000Z,0.66626,0.66764,0.66612,0.66678,9127
2025-09-16T13:00:00.000Z,0.66677,0.66852,0.66645,0.66829,12122
2025-09-16T17:00:00.000Z,0.66828,0.66881,0.66796,0.66851,4951
2025-09-16T21:00:00.000Z,0.668,0.66895,0.66703,0.66824,2502
2025-09-17T01:00:00.000Z,0.66825,0.66844,0.66722,0.66753,3970
2025-09-17T05:00:00.000Z,0.66754,0.66774,0.66659,0.6671,5869
2025-09-17T09:00:00.000Z,0.66709,0.66812,0.66668,0.66799,5565
2025-09-17T13:00:00.000Z,0.668,0.66829,0.66615,0.66634,6904
2025-09-17T17:00:00.000Z,0.66635,0.67066,0.66409,0.66517,21591
2025-09-17T21:00:00.000Z,0.66492,0.66584,0.66436,0.66503,4703
2025-09-18T01:00:00.000Z,0.66505,0.66535,0.66286,0.66306,6975
2025-09-18T05:00:00.000Z,0.66305,0.66467,0.66156,0.66383,9770
2025-09-18T09:00:00.000Z,0.66382,0.66597,0.66309,0.6631,9569
2025-09-18T13:00:00.000Z,0.66307,0.66321,0.66067,0.66182,13361
2025-09-18T17:00:00.000Z,0.66182,0.66227,0.66095,0.66099,5695
2025-09-18T21:00:00.000Z,0.66097,0.66193,0.66064,0.66118,2950
2025-09-19T01:00:00.000Z,0.66119,0.66163,0.65993,0.66039,6798
2025-09-19T05:00:00.000Z,0.66038,0.66122,0.65877,0.66068,9812
2025-09-19T09:00:00.000Z,0.66072,0.66108,0.65856,0.65879,7663
2025-09-19T13:00:00.000Z,0.65878,0.65999,0.65876,0.65955,10360
2025-09-19T17:00:00.000Z,0.65954,0.65975,0.65894,0.65904,4151
2025-09-21T21:00:00.000Z,0.65901,0.65967,0.65818,0.65846,3706
2025-09-22T01:00:00.000Z,0.65845,0.65963,0.65805,0.65947,5202
2025-09-22T05:00:00.000Z,0.65946,0.65966,0.65747,0.6594,7801
2025-09-22T09:00:00.000Z,0.65941,0.65996,0.6592,0.65977,6390
2025-09-22T13:00:00.000Z,0.65976,0.65996,0.65774,0.65928,8492
2025-09-22T17:00:00.000Z,0.65929,0.66023,0.65928,0.65983,3359
2025-09-22T21:00:00.000Z,0.65963,0.66012,0.65918,0.65964,1854
2025-09-23T01:00:00.000Z,0.65963,0.65971,0.65811,0.65828,4393
2025-09-23T05:00:00.000Z,0.65827,0.66006,0.6581,0.65987,7575
2025-09-23T09:00:00.000Z,0.65991,0.66113,0.65983,0.66078,6564
2025-09-23T13:00:00.000Z,0.6608,0.66152,0.65935,0.66022,10911
2025-09-23T17:00:00.000Z,0.66023,0.66058,0.6593,0.65982,6756
2025-09-23T21:00:00.000Z,0.65933,0.66023,0.65867,0.65942,2646
2025-09-24T01:00:00.000Z,0.65943,0.66228,0.65886,0.66197,6401
2025-09-24T05:00:00.000Z,0.66196,0.66279,0.66073,0.66126,7471
2025-09-24T09:00:00.000Z,0.66127,0.66156,0.65909,0.65937,7157
2025-09-24T13:00:00.000Z,0.65936,0.65965,0.65745,0.65763,10984
2025-09-24T17:00:00.000Z,0.65764,0.65845,0.65759,0.65823,5656
2025-09-24T21:00:00.000Z,0.65798,0.65937,0.65741,0.65928,3174
2025-09-25T01:00:00.000Z,0.65927,0.66004,0.65842,0.65974,4849
2025-09-25T05:00:00.000Z,0.65975,0.66006,0.65849,0.65983,7676
2025-09-25T09:00:00.000Z,0.65984,0.66036,0.65552,0.65604,9259
2025-09-25T13:00:00.000Z,0.65602,0.6563,0.65412,0.65428,12562
2025-09-25T17:00:00.000Z,0.65426,0.6543,0.65255,0.6539,6752
2025-09-25T21:00:00.000Z,0.65255,0.65414,0.65255,0.65373,4325
2025-09-26T01:00:00.000Z,0.65374,0.65444,0.65325,0.65416,4579
2025-09-26T05:00:00.000Z,0.65417,0.65438,0.6526,0.65315,7313
2025-09-26T09:00:00.000Z,0.65316,0.65398,0.65204,0.65379,7634
2025-09-26T13:00:00.000Z,0.6538,0.65491,0.65328,0.65486,11822
2025-09-26T17:00:00.000Z,0.65487,0.65512,0.65444,0.65451,4416
2025-09-28T21:00:00.000Z,0.65418,0.65576,0.65418,0.65564,2392
2025-09-29T01:00:00.000Z,0.65562,0.65731,0.65476,0.65709,4677
2025-09-29T05:00:00.000Z,0.65708,0.65731,0.65628,0.65693,7179
2025-09-29T09:00:00.000Z,0.65694,0.6572,0.65595,0.65679,6547
2025-09-29T13:00:00.000Z,0.65679,0.658,0.65624,0.65756,9368
2025-09-29T17:00:00.000Z,0.65756,0.6581,0.65738,0.65757,3650
2025-09-29T21:00:00.000Z,0.65753,0.65806,0.65698,0.65784,2624
2025-09-30T01:00:00.000Z,0.65785,0.66085,0.6575,0.66063,6674
2025-09-30T05:00:00.000Z,0.66061,0.66137,0.65753,0.66097,10842
2025-09-30T09:00:00.000Z,0.66096,0.66159,0.66033,0.66124,7760
2025-09-30T13:00:00.000Z,0.66125,0.66283,0.66078,0.66194,11374
2025-09-30T17:00:00.000Z,0.66194,0.66215,0.66114,0.66128,5435
2025-09-30T21:00:00.000Z,0.6604,0.66184,0.66022,0.66044,3522
2025-10-01T01:00:00.000Z,0.66043,0.66051,0.65893,0.66032,4782
2025-10-01T05:00:00.000Z,0.66033,0.66198,0.65985,0.66144,9155
2025-10-01T09:00:00.000Z,0.66143,0.66287,0.66056,0.66196,10137
2025-10-01T13:00:00.000Z,0.66195,0.66229,0.6599,0.66085,13228
2025-10-01T17:00:00.000Z,0.66086,0.66205,0.66078,0.66115,4974
2025-10-01T21:00:00.000Z,0.66105,0.66156,0.66062,0.66068,2427
2025-10-02T01:00:00.000Z,0.66073,0.66212,0.66022,0.66173,4449
2025-10-02T05:00:00.000Z,0.66174,0.66244,0.66114,0.66208,6701
2025-10-02T09:00:00.000Z,0.66207,0.6622,0.6599,0.66022,6595
2025-10-02T13:00:00.000Z,0.66026,0.66068,0.65769,0.65936,10462
2025-10-02T17:00:00.000Z,0.65935,0.65996,0.65913,0.65953,4009
2025-10-02T21:00:00.000Z,0.6587,0.66027,0.6587,0.66007,2121
2025-10-03T01:00:00.000Z,0.66006,0.6604,0.65906,0.65909,3822
2025-10-03T05:00:00.000Z,0.6591,0.66089,0.65887,0.66066,5963
2025-10-03T09:00:00.000Z,0.66067,0.66076,0.65993,0.66063,5742
2025-10-03T13:00:00.000Z,0.66064,0.6614,0.65992,0.66088,10205
2025-10-03T17:00:00.000Z,0.66089,0.66095,0.65949,0.66011,5471
2025-10-05T21:00:00.000Z,0.6577,0.65984,0.6577,0.65982,5726
2025-10-06T01:00:00.000Z,0.65984,0.66134,0.65927,0.66028,4539
2025-10-06T05:00:00.000Z,0.66029,0.66177,0.65922,0.65993,9341
2025-10-06T09:00:00.000Z,0.65988,0.66102,0.65901,0.66097,7748
2025-10-06T13:00:00.000Z,0.66095,0.66203,0.66069,0.6617,7733
2025-10-06T17:00:00.000Z,0.66169,0.66202,0.66144,0.66177,2994
2025-10-06T21:00:00.000Z,0.66136,0.66203,0.66078,0.66089,2759
2025-10-07T01:00:00.000Z,0.6609,0.66242,0.66041,0.66111,3497
2025-10-07T05:00:00.000Z,0.66111,0.66123,0.65853,0.65905,6726
2025-10-07T09:00:00.000Z,0.65902,0.65969,0.65808,0.65869,6152
2025-10-07T13:00:00.000Z,0.65868,0.65969,0.65838,0.65855,10343
2025-10-07T17:00:00.000Z,0.65856,0.65917,0.65786,0.65805,4562
2025-10-07T21:00:00.000Z,0.65796,0.65859,0.65743,0.65758,2703
2025-10-08T01:00:00.000Z,0.65754,0.65799,0.65581,0.65636,6336
2025-10-08T05:00:00.000Z,0.65634,0.65697,0.65564,0.65605,7669
2025-10-08T09:00:00.000Z,0.65606,0.65809,0.65593,0.65795,7176
2025-10-08T13:00:00.000Z,0.65796,0.65885,0.65752,0.65795,8701
2025-10-08T17:00:00.000Z,0.65797,0.65889,0.65765,0.65865,5174
2025-10-08T21:00:00.000Z,0.65816,0.65953,0.65782,0.65938,2650
2025-10-09T01:00:00.000Z,0.65936,0.6609,0.65895,0.66063,4594
2025-10-09T05:00:00.000Z,0.66062,0.66101,0.65693,0.6581,8557
2025-10-09T09:00:00.000Z,0.65812,0.66099,0.6581,0.66059,7917
2025-10-09T13:00:00.000Z,0.6606,0.66122,0.65462,0.65484,14567
2025-10-09T17:00:00.000Z,0.65484,0.65554,0.65399,0.65543,7215
2025-10-09T21:00:00.000Z,0.65542,0.6567,0.65498,0.65659,3003
2025-10-10T01:00:00.000Z,0.6566,0.65727,0.65634,0.65664,4220
2025-10-10T05:00:00.000Z,0.65663,0.65688,0.65452,0.65572,8286
2025-10-10T09:00:00.000Z,0.65573,0.65592,0.65496,0.65549,7566
2025-10-10T13:00:00.000Z,0.6555,0.65553,0.64805,0.64838,18439
2025-10-10T17:00:00.000Z,0.64834,0.6492,0.64719,0.64763,10365
2025-10-12T21:00:00.000Z,0.65001,0.65145,0.64912,0.65144,7374
2025-10-13T01:00:00.000Z,0.65158,0.65325,0.65133,0.65225,6286
2025-10-13T05:00:00.000Z,0.65221,0.65282,0.65119,0.65209,9094
2025-10-13T09:00:00.000Z,0.6521,0.65247,0.65058,0.65086,8018
2025-10-13T13:00:00.000Z,0.65084,0.65243,0.65048,0.65236,10842
2025-10-13T17:00:00.000Z,0.65237,0.65246,0.65128,0.65133,4765
2025-10-13T21:00:00.000Z,0.651,0.65209,0.65074,0.65185,4578
2025-10-14T01:00:00.000Z,0.65186,0.65196,0.64757,0.64804,9460
2025-10-14T05:00:00.000Z,0.64799,0.64803,0.64488,0.64579,13736
2025-10-14T09:00:00.000Z,0.6458,0.64605,0.64402,0.64468,10347
2025-10-14T13:00:00.000Z,0.64467,0.64969,0.64462,0.64917,14481
2025-10-14T17:00:00.000Z,0.64914,0.64949,0.64783,0.64851,6722
2025-10-14T21:00:00.000Z,0.64799,0.64959,0.64794,0.64957,4049
2025-10-15T01:00:00.000Z,0.64958,0.65181,0.64924,0.65141,7329
2025-10-15T05:00:00.000Z,0.65156,0.65233,0.65106,0.65176,8505
2025-10-15T09:00:00.000Z,0.65175,0.65229,0.65073,0.65084,8542
2025-10-15T13:00:00.000Z,0.65085,0.65229,0.65037,0.65131,12986
2025-10-15T17:00:00.000Z,0.65133,0.65133,0.64885,0.65116,6709
2025-10-15T21:00:00.000Z,0.6506,0.65156,0.64799,0.64887,4771
2025-10-16T01:00:00.000Z,0.6489,0.65051,0.6482,0.64906,7839
2025-10-16T05:00:00.000Z,0.64904,0.6513,0.64888,0.65063,10493
2025-10-16T09:00:00.000Z,0.65064,0.65107,0.64957,0.65003,9309
2025-10-16T13:00:00.000Z,0.65004,0.65075,0.64732,0.64903,14981
2025-10-16T17:00:00.000Z,0.64908,0.64962,0.6471,0.64869,9071
2025-10-16T21:00:00.000Z,0.64811,0.64899,0.64751,0.64837,3940
2025-10-17T01:00:00.000Z,0.64835,0.64918,0.6462,0.64743,8279
2025-10-17T05:00:00.000Z,0.64741,0.64791,0.64433,0.64594,12871
2025-10-17T09:00:00.000Z,0.64593,0.65022,0.64581,0.64748,13659
2025-10-17T13:00:00.000Z,0.64743,0.64907,0.6471,0.64845,15025
2025-10-17T17:00:00.000Z,0.64843,0.65012,0.64821,0.64934,5356
2025-10-19T21:00:00.000Z,0.64859,0.65058,0.64852,0.65055,4577
2025-10-20T01:00:00.000Z,0.65056,0.65148,0.64995,0.65023,6168
2025-10-20T05:00:00.000Z,0.65022,0.65083,0.64913,0.64969,8679
2025-10-20T09:00:00.000Z,0.64968,0.65014,0.64845,0.64923,8845
2025-10-20T13:00:00.000Z,0.64925,0.65211,0.64901,0.65138,9859
2025-10-20T17:00:00.000Z,0.65137,0.65174,0.65115,0.65121,2873
2025-10-20T21:00:00.000Z,0.65113,0.65249,0.65092,0.65238,2982
2025-10-21T01:00:00.000Z,0.65237,0.65237,0.64998,0.65034,6814
2025-10-21T05:00:00.000Z,0.65035,0.6504,0.64763,0.64853,10186
2025-10-21T09:00:00.000Z,0.64852,0.64979,0.64802,0.64951,10273
2025-10-21T13:00:00.000Z,0.6495,0.65035,0.64727,0.64913,13354
2025-10-21T17:00:00.000Z,0.64912,0.64921,0.64856,0.64872,4153
2025-10-21T21:00:00.000Z,0.64864,0.64945,0.64851,0.64854,4221
2025-10-22T01:00:00.000Z,0.64852,0.65018,0.64831,0.64997,6471
2025-10-22T05:00:00.000Z,0.64996,0.65119,0.64927,0.64946,9171
2025-10-22T09:00:00.000Z,0.64944,0.64965,0.64817,0.64884,9476
2025-10-22T13:00:00.000Z,0.64885,0.65023,0.64788,0.64949,13221
2025-10-22T17:00:00.000Z,0.6495,0.6496,0.64782,0.64882,7012
2025-10-22T21:00:00.000Z,0.64869,0.6492,0.6483,0.6492,3456
2025-10-23T01:00:00.000Z,0.64922,0.64951,0.64786,0.64851,5663
2025-10-23T05:00:00.000Z,0.64849,0.65119,0.64843,0.65083,7520
2025-10-23T09:00:00.000Z,0.65087,0.65125,0.64981,0.65046,7025
2025-10-23T13:00:00.000Z,0.65047,0.65175,0.65039,0.65114,10191
2025-10-23T17:00:00.000Z,0.65113,0.65178,0.65064,0.65118,3397
2025-10-23T21:00:00.000Z,0.65025,0.65172,0.65025,0.65136,2613
2025-10-24T01:00:00.000Z,0.65135,0.65147,0.64962,0.65015,5446
2025-10-24T05:00:00.000Z,0.65014,0.65086,0.64931,0.64957,7512
2025-10-24T09:00:00.000Z,0.64954,0.65287,0.64926,0.65175,8730
2025-10-24T13:00:00.000Z,0.65177,0.65217,0.64935,0.65092,12148
2025-10-24T17:00:00.000Z,0.65096,0.65134,0.65082,0.65099,2610
2025-10-26T21:00:00.000Z,0.65324,0.65438,0.65276,0.65309,5313
2025-10-27T01:00:00.000Z,0.65308,0.65413,0.65282,0.65318,6389
2025-10-27T05:00:00.000Z,0.65319,0.65545,0.65305,0.65528,7311
2025-10-27T09:00:00.000Z,0.6553,0.65591,0.65479,0.65554,8172
2025-10-27T13:00:00.000Z,0.65553,0.65594,0.65435,0.65559,9337
2025-10-27T17:00:00.000Z,0.65561,0.65581,0.65525,0.65553,3328
2025-10-27T21:00:00.000Z,0.65507,0.65626,0.65501,0.65576,3114
2025-10-28T01:00:00.000Z,0.65574,0.65641,0.65534,0.65634,6291
2025-10-28T05:00:00.000Z,0.65633,0.65641,0.65443,0.65462,7150
2025-10-28T09:00:00.000Z,0.65461,0.65603,0.65455,0.65539,7226
2025-10-28T13:00:00.000Z,0.65539,0.65896,0.65508,0.65884,9801
2025-10-28T17:00:00.000Z,0.65885,0.65905,0.65831,0.65846,3094
2025-10-28T21:00:00.000Z,0.65825,0.66074,0.65783,0.65973,4598
2025-10-29T01:00:00.000Z,0.65969,0.66007,0.65888,0.65958,6582
2025-10-29T05:00:00.000Z,0.65956,0.66174,0.65938,0.65948,8339
2025-10-29T09:00:00.000Z,0.65947,0.66028,0.65864,0.65971,8752
2025-10-29T13:00:00.000Z,0.65972,0.66148,0.65957,0.66122,10298
2025-10-29T17:00:00.000Z,0.66121,0.66159,0.65571,0.65739,15287
2025-10-29T21:00:00.000Z,0.65616,0.65874,0.65616,0.65862,3840
2025-10-30T01:00:00.000Z,0.65863,0.65973,0.65738,0.65941,11567
2025-10-30T05:00:00.000Z,0.65936,0.65958,0.65732,0.65772,11462
2025-10-30T09:00:00.000Z,0.65771,0.65797,0.6538,0.65386,9721
2025-10-30T13:00:00.000Z,0.65382,0.65583,0.65326,0.65544,13456
2025-10-30T17:00:00.000Z,0.65543,0.65583,0.65463,0.65544,5421
2025-10-30T21:00:00.000Z,0.6553,0.656,0.65477,0.65567,3234
2025-10-31T01:00:00.000Z,0.65566,0.65593,0.65458,0.655,6376
2025-10-31T05:00:00.000Z,0.65501,0.65501,0.65332,0.65433,8018
2025-10-31T09:00:00.000Z,0.65434,0.65452,0.65355,0.65365,7879
2025-10-31T13:00:00.000Z,0.65363,0.65528,0.6533,0.65401,11971
2025-10-31T17:00:00.000Z,0.65402,0.65462,0.65333,0.65444,4295
2025-11-02T22:00:00.000Z,0.65415,0.65492,0.65367,0.65434,4179
2025-11-03T02:00:00.000Z,0.65436,0.65622,0.65412,0.65583,4544
2025-11-03T06:00:00.000Z,0.65582,0.65601,0.65466,0.65466,7001
2025-11-03T10:00:00.000Z,0.65467,0.65517,0.65373,0.6539,6352
2025-11-03T14:00:00.000Z,0.65391,0.65431,0.65174,0.65376,11347
2025-11-03T18:00:00.000Z,0.65377,0.65409,0.65345,0.65375,4330
2025-11-03T22:00:00.000Z,0.65327,0.65395,0.65289,0.6534,4775
2025-11-04T02:00:00.000Z,0.65341,0.65364,0.65108,0.65119,8092
2025-11-04T06:00:00.000Z,0.65124,0.65198,0.64939,0.64949,10739
2025-11-04T10:00:00.000Z,0.64946,0.65046,0.64909,0.64922,7503
2025-11-04T14:00:00.000Z,0.64921,0.65041,0.64807,0.6492,11362
2025-11-04T18:00:00.000Z,0.64918,0.64925,0.64821,0.64877,6665
2025-11-04T22:00:00.000Z,0.64881,0.64931,0.64586,0.64672,6357
2025-11-05T02:00:00.000Z,0.64671,0.6499,0.64668,0.649,7633
2025-11-05T06:00:00.000Z,0.64901,0.64958,0.64808,0.64817,7397
2025-11-05T10:00:00.000Z,0.64818,0.64873,0.64736,0.64854,7959
2025-11-05T14:00:00.000Z,0.64853,0.65127,0.64824,0.65062,11869
2025-11-05T18:00:00.000Z,0.65061,0.65106,0.65017,0.65062,2728
2025-11-05T22:00:00.000Z,0.65035,0.65112,0.64969,0.65102,4829
2025-11-06T02:00:00.000Z,0.65102,0.65179,0.65049,0.65076,5078
2025-11-06T06:00:00.000Z,0.65069,0.65174,0.6504,0.65134,8026
2025-11-06T10:00:00.000Z,0.65135,0.65185,0.65059,0.65088,8499
2025-11-06T14:00:00.000Z,0.65086,0.65095,0.64631,0.64777,15918
2025-11-06T18:00:00.000Z,0.64775,0.64891,0.64714,0.64794,7445
2025-11-06T22:00:00.000Z,0.64783,0.64865,0.64701,0.64775,5190
2025-11-07T02:00:00.000Z,0.64777,0.64832,0.64672,0.64794,6354
2025-11-07T06:00:00.000Z,0.64795,0.64906,0.64777,0.64823,8092
2025-11-07T10:00:00.000Z,0.64824,0.6493,0.64758,0.6487,10272
2025-11-07T14:00:00.000Z,0.64871,0.64897,0.64681,0.64838,15218
2025-11-07T18:00:00.000Z,0.6484,0.64988,0.64822,0.64937,7310
2025-11-09T22:00:00.000Z,0.64939,0.6522,0.64888,0.65172,8430
2025-11-10T02:00:00.000Z,0.65171,0.65295,0.65122,0.65267,7431
2025-11-10T06:00:00.000Z,0.65268,0.65392,0.65233,0.65369,8136
2025-11-10T10:00:00.000Z,0.65371,0.65381,0.65261,0.6529,7281
2025-11-10T14:00:00.000Z,0.65289,0.65396,0.65144,0.65379,10919
2025-11-10T18:00:00.000Z,0.6538,0.654,0.65353,0.65356,3395
2025-11-10T22:00:00.000Z,0.65323,0.6537,0.65281,0.65308,4579
2025-11-11T02:00:00.000Z,0.65309,0.65327,0.65176,0.65176,6372
2025-11-11T06:00:00.000Z,0.65175,0.65254,0.65148,0.65187,8327
2025-11-11T10:00:00.000Z,0.65189,0.6538,0.65177,0.65351,9264
2025-11-11T14:00:00.000Z,0.65352,0.65378,0.65205,0.65311,12062
2025-11-11T18:00:00.000Z,0.6531,0.65338,0.65266,0.65275,3919
2025-11-11T22:00:00.000Z,0.65229,0.65316,0.65195,0.65233,5035
2025-11-12T02:00:00.000Z,0.65231,0.6531,0.6516,0.6529,6451
2025-11-12T06:00:00.000Z,0.65291,0.65443,0.65285,0.65328,8596
2025-11-12T10:00:00.000Z,0.65326,0.65444,0.65302,0.6537,9004
2025-11-12T14:00:00.000Z,0.65369,0.65447,0.65309,0.65425,12950
2025-11-12T18:00:00.000Z,0.65426,0.65502,0.65386,0.65401,4364
2025-11-12T22:00:00.000Z,0.65397,0.65632,0.65322,0.65576,8144
2025-11-13T02:00:00.000Z,0.65577,0.6565,0.65524,0.6557,7774
2025-11-13T06:00:00.000Z,0.65568,0.658,0.65552,0.65729,10859
2025-11-13T10:00:00.000Z,0.6573,0.6573,0.65483,0.65532,10788
2025-11-13T14:00:00.000Z,0.65534,0.65582,0.65391,0.65491,18890
2025-11-13T18:00:00.000Z,0.6549,0.65506,0.65236,0.65292,9772
2025-11-13T22:00:00.000Z,0.65286,0.65433,0.65237,0.65403,7021
2025-11-14T02:00:00.000Z,0.65404,0.65496,0.653,0.65384,8267
2025-11-14T06:00:00.000Z,0.65386,0.65398,0.65176,0.65212,12745
2025-11-14T10:00:00.000Z,0.65211,0.65299,0.65035,0.65238,13602
2025-11-14T14:00:00.000Z,0.65236,0.65512,0.65196,0.6542,17250
2025-11-14T18:00:00.000Z,0.65421,0.65423,0.65331,0.65361,8176
2025-11-16T22:00:00.000Z,0.65308,0.65352,0.65182,0.65188,6947
2025-11-17T02:00:00.000Z,0.65189,0.65245,0.65116,0.65227,5571
2025-11-17T06:00:00.000Z,0.65226,0.65373,0.65181,0.65198,9684
2025-11-17T10:00:00.000Z,0.65198,0.65249,0.65069,0.65103,10247
2025-11-17T14:00:00.000Z,0.65099,0.65175,0.65005,0.65094,14289
2025-11-17T18:00:00.000Z,0.65093,0.65097,0.64818,0.64927,7263
2025-11-17T22:00:00.000Z,0.64909,0.64987,0.64827,0.64905,5705
2025-11-18T02:00:00.000Z,0.64907,0.64975,0.64648,0.64817,10438
2025-11-18T06:00:00.000Z,0.64815,0.64991,0.64743,0.64957,11387
2025-11-18T10:00:00.000Z,0.64955,0.65121,0.64916,0.65058,9777
2025-11-18T14:00:00.000Z,0.65056,0.65112,0.64824,0.65095,20129
2025-11-18T18:00:00.000Z,0.65097,0.65183,0.65062,0.65071,8013
2025-11-18T22:00:00.000Z,0.65028,0.65117,0.64905,0.64921,6009
2025-11-19T02:00:00.000Z,0.64922,0.64983,0.64764,0.64893,8928
2025-11-19T06:00:00.000Z,0.64895,0.64974,0.64767,0.64867,10003
2025-11-19T10:00:00.000Z,0.64866,0.64926,0.64813,0.6484,10158
2025-11-19T14:00:00.000Z,0.64839,0.64926,0.6451,0.64601,17046
2025-11-19T18:00:00.000Z,0.646,0.64805,0.64577,0.64791,9296
2025-11-19T22:00:00.000Z,0.64743,0.64911,0.64728,0.64797,6134
2025-11-20T02:00:00.000Z,0.64796,0.64887,0.64738,0.64787,7546
2025-11-20T06:00:00.000Z,0.64783,0.64831,0.64707,0.64827,9816
2025-11-20T10:00:00.000Z,0.64826,0.65013,0.64667,0.64907,11920
2025-11-20T14:00:00.000Z,0.64909,0.65025,0.64361,0.64453,22917
2025-11-20T18:00:00.000Z,0.6445,0.64608,0.64388,0.64398,12382
2025-11-20T22:00:00.000Z,0.64389,0.64574,0.64372,0.64536,7230
2025-11-21T02:00:00.000Z,0.64543,0.64573,0.64412,0.64466,9335
2025-11-21T06:00:00.000Z,0.64465,0.64538,0.64336,0.64363,12813
2025-11-21T10:00:00.000Z,0.64362,0.6453,0.64211,0.64493,15108
2025-11-21T14:00:00.000Z,0.64492,0.64606,0.6423,0.64545,22486
2025-11-21T18:00:00.000Z,0.64544,0.64599,0.64459,0.64557,10003
2025-11-23T22:00:00.000Z,0.64551,0.64658,0.64489,0.64534,6354
2025-11-24T02:00:00.000Z,0.64536,0.64649,0.64516,0.64629,6935
2025-11-24T06:00:00.000Z,0.64628,0.64672,0.6442,0.64465,10172
2025-11-24T10:00:00.000Z,0.64464,0.64595,0.64439,0.64538,9877
2025-11-24T14:00:00.000Z,0.64536,0.64612,0.64448,0.64592,13119
2025-11-24T18:00:00.000Z,0.64591,0.64683,0.64588,0.6464,5001
2025-11-24T22:00:00.000Z,0.64607,0.64688,0.64574,0.64631,4625
2025-11-25T02:00:00.000Z,0.64632,0.64669,0.64514,0.64576,6414
2025-11-25T06:00:00.000Z,0.64575,0.64613,0.64482,0.64584,8288
2025-11-25T10:00:00.000Z,0.64585,0.6469,0.64448,0.64613,10865
2025-11-25T14:00:00.000Z,0.64612,0.64756,0.6436,0.64716,18034
2025-11-25T18:00:00.000Z,0.64719,0.64754,0.64661,0.64696,6684
2025-11-25T22:00:00.000Z,0.64655,0.64956,0.64641,0.64904,7861
2025-11-26T02:00:00.000Z,0.64901,0.65078,0.64889,0.65057,8719
2025-11-26T06:00:00.000Z,0.65056,0.6512,0.64909,0.64993,11550
2025-11-26T10:00:00.000Z,0.64994,0.65046,0.64838,0.64904,14366
2025-11-26T14:00:00.000Z,0.64905,0.65168,0.64876,0.65145,13274
2025-11-26T18:00:00.000Z,0.65146,0.65209,0.65121,0.65181,5592
2025-11-26T22:00:00.000Z,0.65156,0.65315,0.65153,0.65312,5367
2025-11-27T02:00:00.000Z,0.65313,0.65396,0.65265,0.65329,6911
2025-11-27T06:00:00.000Z,0.65331,0.6534,0.65213,0.65237,8980
2025-11-27T10:00:00.000Z,0.65239,0.65291,0.65221,0.65265,8180
2025-11-27T14:00:00.000Z,0.65264,0.6534,0.6523,0.65314,5751
2025-11-27T18:00:00.000Z,0.65315,0.6533,0.65294,0.65325,2174
2025-11-27T22:00:00.000Z,0.65315,0.65408,0.65283,0.65349,5875
2025-11-28T02:00:00.000Z,0.65347,0.65404,0.6525,0.65296,26482
2025-11-28T06:00:00.000Z,0.65297,0.65298,0.65202,0.65246,28194
2025-11-28T10:00:00.000Z,0.65245,0.65367,0.65207,0.65354,29289
2025-11-28T14:00:00.000Z,0.65353,0.6559,0.65314,0.65513,12817
2025-11-28T18:00:00.000Z,0.65511,0.6553,0.65428,0.65491,9513
2025-11-30T22:00:00.000Z,0.65365,0.65568,0.65343,0.65522,5800
2025-12-01T02:00:00.000Z,0.65523,0.65529,0.65373,0.65415,5114
2025-12-01T06:00:00.000Z,0.65414,0.65544,0.65387,0.65497,8203
2025-12-01T10:00:00.000Z,0.65496,0.65663,0.65444,0.656,8033
2025-12-01T14:00:00.000Z,0.65599,0.65643,0.65463,0.65524,12623
2025-12-01T18:00:00.000Z,0.65523,0.65537,0.65402,0.65436,5838
2025-12-01T22:00:00.000Z,0.65421,0.6546,0.65336,0.65452,2871
2025-12-02T02:00:00.000Z,0.65451,0.65548,0.65433,0.65531,3115
2025-12-02T06:00:00.000Z,0.6553,0.65584,0.65453,0.6548,4708
2025-12-02T10:00:00.000Z,0.65482,0.65626,0.65433,0.65626,5240
2025-12-02T14:00:00.000Z,0.65625,0.65707,0.65532,0.65549,11894
2025-12-02T18:00:00.000Z,0.65544,0.6567,0.65531,0.65643,6751
2025-12-02T22:00:00.000Z,0.65605,0.65759,0.65522,0.65743,4235
2025-12-03T02:00:00.000Z,0.65744,0.65839,0.65707,0.65829,3530
2025-12-03T06:00:00.000Z,0.65828,0.65863,0.65739,0.65814,5756
2025-12-03T10:00:00.000Z,0.65815,0.65948,0.65812,0.65904,6209
2025-12-03T14:00:00.000Z,0.65906,0.65997,0.65747,0.65962,12037
2025-12-03T18:00:00.000Z,0.65961,0.66017,0.65937,0.6601,4794
2025-12-03T22:00:00.000Z,0.65955,0.66103,0.65954,0.66064,3618
2025-12-04T02:00:00.000Z,0.66065,0.66147,0.6602,0.66112,4649
2025-12-04T06:00:00.000Z,0.66113,0.66191,0.66052,0.66156,6383
2025-12-04T10:00:00.000Z,0.66157,0.66174,0.66022,0.66078,6709
2025-12-04T14:00:00.000Z,0.6608,0.66239,0.66061,0.66157,10586
2025-12-04T18:00:00.000Z,0.66158,0.66179,0.66072,0.66083,5419
2025-12-04T22:00:00.000Z,0.66081,0.66152,0.66043,0.66134,2548
2025-12-05T02:00:00.000Z,0.66135,0.66227,0.66105,0.66219,2716
2025-12-05T06:00:00.000Z,0.66221,0.66342,0.66202,0.66308,5184
2025-12-05T10:00:00.000Z,0.66307,0.66439,0.66256,0.66411,5776
2025-12-05T14:00:00.000Z,0.66412,0.66488,0.66265,0.66396,11988
2025-12-05T18:00:00.000Z,0.66397,0.66421,0.66353,0.66379,5484
2025-12-07T22:00:00.000Z,0.66317,0.66457,0.66258,0.6643,8143
2025-12-08T02:00:00.000Z,0.66429,0.66482,0.66396,0.66453,5466
2025-12-08T06:00:00.000Z,0.66454,0.66488,0.66337,0.66359,9542
2025-12-08T10:00:00.000Z,0.6636,0.66435,0.66323,0.66369,8787
2025-12-08T14:00:00.000Z,0.66371,0.6641,0.66142,0.6628,13014
2025-12-08T18:00:00.000Z,0.66282,0.66293,0.66186,0.66238,6321
2025-12-08T22:00:00.000Z,0.66219,0.66278,0.66175,0.66258,4330
2025-12-09T02:00:00.000Z,0.66259,0.66483,0.66087,0.66431,9751
2025-12-09T06:00:00.000Z,0.6643,0.66482,0.66335,0.6645,10072
2025-12-09T10:00:00.000Z,0.66449,0.66453,0.66311,0.66382,9789
2025-12-09T14:00:00.000Z,0.66381,0.66542,0.66346,0.66382,14777
2025-12-09T18:00:00.000Z,0.66383,0.66413,0.66336,0.66392,5539
2025-12-09T22:00:00.000Z,0.66349,0.66468,0.66324,0.66327,5483
2025-12-10T02:00:00.000Z,0.66326,0.66426,0.66287,0.66421,6406
2025-12-10T06:00:00.000Z,0.6642,0.66537,0.66417,0.66488,8258
2025-12-10T10:00:00.000Z,0.6649,0.66523,0.66363,0.6642,8336
2025-12-10T14:00:00.000Z,0.66421,0.66451,0.66293,0.66433,11920
2025-12-10T18:00:00.000Z,0.66432,0.66857,0.66307,0.66764,18805
2025-12-10T22:00:00.000Z,0.66747,0.66788,0.66593,0.66694,8199
2025-12-11T02:00:00.000Z,0.66696,0.66731,0.66294,0.66347,10945
2025-12-11T06:00:00.000Z,0.66346,0.66518,0.66263,0.66514,12140
2025-12-11T10:00:00.000Z,0.66516,0.66673,0.6648,0.66643,10738
2025-12-11T14:00:00.000Z,0.66642,0.66757,0.6656,0.66697,16342
2025-12-11T18:00:00.000Z,0.66696,0.66731,0.66613,0.66642,6337
2025-12-11T22:00:00.000Z,0.66636,0.66743,0.66565,0.6667,6201
2025-12-12T02:00:00.000Z,0.66669,0.66694,0.66596,0.66672,6030
2025-12-12T06:00:00.000Z,0.66674,0.66768,0.66606,0.66692,10020
2025-12-12T10:00:00.000Z,0.66691,0.66694,0.66607,0.66633,8936
2025-12-12T14:00:00.000Z,0.66632,0.66702,0.66325,0.66529,19680
2025-12-12T18:00:00.000Z,0.66528,0.66585,0.66472,0.66502,8808
2025-12-14T22:00:00.000Z,0.66397,0.66536,0.6634,0.66534,8376
2025-12-15T02:00:00.000Z,0.66529,0.66549,0.66406,0.66452,9176
2025-12-15T06:00:00.000Z,0.66453,0.66533,0.66414,0.66485,10116
2025-12-15T10:00:00.000Z,0.6648,0.66564,0.66414,0.66499,7273
2025-12-15T14:00:00.000Z,0.66497,0.6655,0.66352,0.66377,17953
2025-12-15T18:00:00.000Z,0.66376,0.66428,0.66319,0.66395,7213
2025-12-15T22:00:00.000Z,0.66384,0.66479,0.66179,0.66221,7852
2025-12-16T02:00:00.000Z,0.66222,0.66402,0.66194,0.66323,9810
2025-12-16T06:00:00.000Z,0.66321,0.66437,0.66284,0.66343,9206
2025-12-16T10:00:00.000Z,0.66344,0.66609,0.66316,0.66459,11408
2025-12-16T14:00:00.000Z,0.6646,0.66593,0.66287,0.66342,19615
2025-12-16T18:00:00.000Z,0.66343,0.66398,0.66205,0.66322,10215
2025-12-16T22:00:00.000Z,0.66295,0.66347,0.66189,0.6633,7235
2025-12-17T02:00:00.000Z,0.66329,0.66333,0.66133,0.66192,9357
2025-12-17T06:00:00.000Z,0.66193,0.66232,0.66119,0.66144,11426
2025-12-17T10:00:00.000Z,0.66143,0.66243,0.66122,0.6623,9533
2025-12-17T14:00:00.000Z,0.66229,0.66288,0.66035,0.66073,18296
2025-12-17T18:00:00.000Z,0.66072,0.66126,0.65989,0.66045,8193
2025-12-17T22:00:00.000Z,0.66044,0.66086,0.65939,0.65993,7195
2025-12-18T02:00:00.000Z,0.65995,0.66056,0.65924,0.66047,8496
2025-12-18T06:00:00.000Z,0.66045,0.66123,0.66027,0.66047,9967
2025-12-18T10:00:00.000Z,0.66046,0.66307,0.66032,0.66226,11085
2025-12-18T14:00:00.000Z,0.66223,0.66306,0.66029,0.66133,19653
2025-12-18T18:00:00.000Z,0.66134,0.66201,0.66095,0.66119,8820
2025-12-18T22:00:00.000Z,0.66083,0.66222,0.66077,0.66122,5531
2025-12-19T02:00:00.000Z,0.66121,0.6616,0.66036,0.66039,8180
2025-12-19T06:00:00.000Z,0.66037,0.66099,0.66001,0.66081,10357
2025-12-19T10:00:00.000Z,0.66082,0.66107,0.6601,0.66104,9520
2025-12-19T14:00:00.000Z,0.66106,0.66249,0.66064,0.66148,12183
2025-12-19T18:00:00.000Z,0.66147,0.66203,0.66065,0.66075,5055
2025-12-21T22:00:00.000Z,0.66116,0.66228,0.6604,0.66208,7960
2025-12-22T02:00:00.000Z,0.66209,0.66289,0.66202,0.66253,5714
2025-12-22T06:00:00.000Z,0.66252,0.66415,0.66252,0.66393,8186
2025-12-22T10:00:00.000Z,0.66392,0.66498,0.66383,0.66462,7783
2025-12-22T14:00:00.000Z,0.66464,0.66603,0.66436,0.66567,11241
2025-12-22T18:00:00.000Z,0.66566,0.66582,0.66514,0.66577,4730
2025-12-22T22:00:00.000Z,0.66541,0.66662,0.66539,0.66631,5288
2025-12-23T02:00:00.000Z,0.66632,0.66704,0.66631,0.66657,8207
2025-12-23T06:00:00.000Z,0.66658,0.66933,0.66647,0.66925,9123
2025-12-23T10:00:00.000Z,0.66926,0.67002,0.66853,0.66859,9068
2025-12-23T14:00:00.000Z,0.66858,0.66953,0.66756,0.66888,13145
2025-12-23T18:00:00.000Z,0.66889,0.6702,0.66877,0.67017,4472
2025-12-23T22:00:00.000Z,0.6698,0.67117,0.6697,0.67111,5032
2025-12-24T02:00:00.000Z,0.67112,0.67135,0.67024,0.67117,6094
2025-12-24T06:00:00.000Z,0.67116,0.67174,0.67052,0.67126,8091
2025-12-24T10:00:00.000Z,0.67125,0.67139,0.67001,0.67059,7956
2025-12-24T14:00:00.000Z,0.67057,0.67148,0.67023,0.67069,10507
2025-12-24T18:00:00.000Z,0.67065,0.67065,0.67022,0.67028,7038
2025-12-25T22:00:00.000Z,0.6696,0.67153,0.6696,0.671,7332
2025-12-26T02:00:00.000Z,0.67098,0.67176,0.67035,0.67093,7163
2025-12-26T06:00:00.000Z,0.67097,0.67114,0.66972,0.66978,9663
2025-12-26T10:00:00.000Z,0.66977,0.67178,0.66971,0.67161,8497
2025-12-26T14:00:00.000Z,0.67164,0.67246,0.67052,0.67089,14832
2025-12-26T18:00:00.000Z,0.6709,0.6715,0.67081,0.67103,6457
2025-12-28T22:00:00.000Z,0.66972,0.67224,0.66966,0.67192,8735
2025-12-29T02:00:00.000Z,0.67191,0.67273,0.67148,0.67152,6827
2025-12-29T06:00:00.000Z,0.67151,0.67216,0.66928,0.66993,11525
2025-12-29T10:00:00.000Z,0.66994,0.67057,0.66829,0.66935,11550
2025-12-29T14:00:00.000Z,0.66936,0.6703,0.66849,0.66886,15781
2025-12-29T18:00:00.000Z,0.66887,0.66975,0.66868,0.66926,5326
2025-12-29T22:00:00.000Z,0.66911,0.67041,0.66882,0.67039,5726
2025-12-30T02:00:00.000Z,0.67041,0.67149,0.66969,0.67136,6614
2025-12-30T06:00:00.000Z,0.67135,0.67176,0.67022,0.67045,8497
2025-12-30T10:00:00.000Z,0.67043,0.6712,0.66922,0.66939,9113
2025-12-30T14:00:00.000Z,0.66941,0.67036,0.66878,0.67029,11228
2025-12-30T18:00:00.000Z,0.67029,0.67039,0.66926,0.66952,5129
2025-12-30T22:00:00.000Z,0.66925,0.67012,0.66923,0.66939,4828
2025-12-31T02:00:00.000Z,0.66938,0.66986,0.66879,0.66898,6995
2025-12-31T06:00:00.000Z,0.66897,0.66904,0.66801,0.66831,7754
2025-12-31T10:00:00.000Z,0.66832,0.66899,0.66756,0.66832,9523
2025-12-31T14:00:00.000Z,0.66831,0.66835,0.66595,0.66716,14226
2025-12-31T18:00:00.000Z,0.66717,0.66749,0.66682,0.6673,6401
2026-01-01T22:00:00.000Z,0.66685,0.66948,0.66648,0.66928,4892
2026-01-02T02:00:00.000Z,0.66929,0.6702,0.66908,0.66955,6324
2026-01-02T06:00:00.000Z,0.66954,0.6707,0.66888,0.66987,9449
2026-01-02T10:00:00.000Z,0.66986,0.67,0.66866,0.66878,8564
2026-01-02T14:00:00.000Z,0.66879,0.6697,0.66796,0.6685,17687
2026-01-02T18:00:00.000Z,0.66848,0.66977,0.66772,0.66932,7922
2026-01-04T22:00:00.000Z,0.66793,0.66931,0.66747,0.66812,10259
2026-01-05T02:00:00.000Z,0.66813,0.66875,0.66649,0.66753,9961
2026-01-05T06:00:00.000Z,0.66752,0.66825,0.66707,0.66755,10749
2026-01-05T10:00:00.000Z,0.66755,0.66884,0.66628,0.66772,12865
2026-01-05T14:00:00.000Z,0.66773,0.67188,0.66769,0.67121,17024
2026-01-05T18:00:00.000Z,0.67119,0.67173,0.67108,0.67139,5835
2026-01-05T22:00:00.000Z,0.67099,0.67162,0.6703,0.67155,5706
2026-01-06T02:00:00.000Z,0.67155,0.67316,0.67134,0.6727,7500
2026-01-06T06:00:00.000Z,0.67269,0.67392,0.67162,0.67167,10490
2026-01-06T10:00:00.000Z,0.67166,0.67275,0.67117,0.67267,9780
2026-01-06T14:00:00.000Z,0.67266,0.67365,0.67197,0.67354,15643
2026-01-06T18:00:00.000Z,0.67353,0.67417,0.67308,0.67383,5927
2026-01-06T22:00:00.000Z,0.67341,0.67514,0.67169,0.67474,8420
2026-01-07T02:00:00.000Z,0.67472,0.67663,0.67439,0.67523,8302
2026-01-07T06:00:00.000Z,0.67527,0.67563,0.67347,0.67381,9673
2026-01-07T10:00:00.000Z,0.67379,0.67412,0.67273,0.67393,9997
2026-01-07T14:00:00.000Z,0.67394,0.67462,0.67219,0.67287,14924
2026-01-07T18:00:00.000Z,0.67288,0.67336,0.67181,0.67203,6508
2026-01-07T22:00:00.000Z,0.67202,0.67254,0.67165,0.67241,4824
2026-01-08T02:00:00.000Z,0.67244,0.67244,0.67006,0.67035,8339
2026-01-08T06:00:00.000Z,0.67034,0.67041,0.66894,0.6693,10611
2026-01-08T10:00:00.000Z,0.66931,0.67003,0.66892,0.66926,9318
2026-01-08T14:00:00.000Z,0.66925,0.67009,0.66816,0.66949,16192
2026-01-08T18:00:00.000Z,0.66947,0.67008,0.66882,0.66998,6465
2026-01-08T22:00:00.000Z,0.66976,0.6704,0.66881,0.66928,5117
2026-01-09T02:00:00.000Z,0.6693,0.66983,0.66911,0.66947,7020
2026-01-09T06:00:00.000Z,0.66946,0.66964,0.66761,0.66808,8226
2026-01-09T10:00:00.000Z,0.6681,0.67032,0.66685,0.66897,12479
2026-01-09T14:00:00.000Z,0.66898,0.66944,0.66635,0.66814,20498
2026-01-09T18:00:00.000Z,0.66812,0.66908,0.66807,0.66854,4133
2026-01-11T22:00:00.000Z,0.66752,0.67064,0.66745,0.66983,9579
2026-01-12T02:00:00.000Z,0.66982,0.67015,0.66922,0.66988,7629
2026-01-12T06:00:00.000Z,0.66986,0.67121,0.66954,0.67065,9760
2026-01-12T10:00:00.000Z,0.67064,0.67178,0.67034,0.67154,10383
2026-01-12T14:00:00.000Z,0.67153,0.67223,0.67029,0.67137,14362
2026-01-12T18:00:00.000Z,0.67137,0.67153,0.6709,0.67091,3912
2026-01-12T22:00:00.000Z,0.67081,0.67144,0.67062,0.67109,6172
2026-01-13T02:00:00.000Z,0.67108,0.67167,0.67068,0.67095,6884
2026-01-13T06:00:00.000Z,0.67094,0.671,0.66988,0.67058,8565
2026-01-13T10:00:00.000Z,0.67057,0.67269,0.6697,0.67091,11075
2026-01-13T14:00:00.000Z,0.67088,0.67143,0.66728,0.66809,18361
2026-01-13T18:00:00.000Z,0.66808,0.6685,0.66774,0.66802,6023
2026-01-13T22:00:00.000Z,0.6681,0.66884,0.66769,0.66821,5012
2026-01-14T02:00:00.000Z,0.66822,0.67003,0.66819,0.66946,7661
2026-01-14T06:00:00.000Z,0.66948,0.67023,0.66863,0.66958,9990
2026-01-14T10:00:00.000Z,0.66957,0.66961,0.66754,0.66793,11162
2026-01-14T14:00:00.000Z,0.66793,0.66891,0.66731,0.66739,17775
2026-01-14T18:00:00.000Z,0.66737,0.66859,0.66731,0.66798,7586
2026-01-14T22:00:00.000Z,0.66802,0.66859,0.66753,0.66805,6498
2026-01-15T02:00:00.000Z,0.66805,0.66813,0.66671,0.66766,6516
2026-01-15T06:00:00.000Z,0.66765,0.66989,0.66757,0.66953,7703
2026-01-15T10:00:00.000Z,0.66952,0.67008,0.66758,0.66776,8219
2026-01-15T14:00:00.000Z,0.66775,0.67096,0.66743,0.67045,13319
2026-01-15T18:00:00.000Z,0.67044,0.67086,0.66956,0.66998,5668
2026-01-15T22:00:00.000Z,0.66956,0.67042,0.6695,0.66974,4312
2026-01-16T02:00:00.000Z,0.66973,0.67069,0.66951,0.67011,4944
2026-01-16T06:00:00.000Z,0.67012,0.67054,0.66957,0.67017,5919
2026-01-16T10:00:00.000Z,0.67019,0.67094,0.66907,0.66942,7904
2026-01-16T14:00:00.000Z,0.6694,0.66951,0.6671,0.66808,15629
2026-01-16T18:00:00.000Z,0.66809,0.66861,0.66797,0.6682,4416
2026-01-18T22:00:00.000Z,0.6669,0.66951,0.66676,0.6683,10212
2026-01-19T02:00:00.000Z,0.6683,0.67007,0.6678,0.66957,6127
2026-01-19T06:00:00.000Z,0.66953,0.66987,0.66884,0.66968,8136
2026-01-19T10:00:00.000Z,0.66967,0.67079,0.66966,0.67054,6271
2026-01-19T14:00:00.000Z,0.67056,0.67165,0.6702,0.67162,6315
2026-01-19T18:00:00.000Z,0.67162,0.6717,0.6712,0.67149,1076
2026-01-19T22:00:00.000Z,0.67066,0.67142,0.67066,0.67113,4644
2026-01-20T02:00:00.000Z,0.67112,0.67409,0.67083,0.67359,6618
2026-01-20T06:00:00.000Z,0.67359,0.67471,0.67237,0.6728,13270
2026-01-20T10:00:00.000Z,0.67281,0.67388,0.67251,0.673,13692
2026-01-20T14:00:00.000Z,0.67301,0.67455,0.67266,0.67391,19349
2026-01-20T18:00:00.000Z,0.6739,0.67424,0.67307,0.67358,8942
2026-01-20T22:00:00.000Z,0.67291,0.67436,0.6729,0.67426,4934
2026-01-21T02:00:00.000Z,0.67428,0.67429,0.67274,0.67361,5914
2026-01-21T06:00:00.000Z,0.67362,0.6758,0.67351,0.67472,8069
2026-01-21T10:00:00.000Z,0.67471,0.67732,0.67434,0.67709,9514
2026-01-21T14:00:00.000Z,0.67708,0.67777,0.6753,0.67591,20326
2026-01-21T18:00:00.000Z,0.67592,0.67646,0.67542,0.67626,12703
2026-01-21T22:00:00.000Z,0.67581,0.67989,0.67536,0.6797,7113
2026-01-22T02:00:00.000Z,0.67971,0.68104,0.67911,0.68048,5593
2026-01-22T06:00:00.000Z,0.68049,0.6811,0.6797,0.68019,8010
2026-01-22T10:00:00.000Z,0.68021,0.68153,0.67956,0.68147,9463
2026-01-22T14:00:00.000Z,0.68148,0.68405,0.68104,0.684,13423
2026-01-22T18:00:00.000Z,0.68398,0.68442,0.68372,0.68413,4878
2026-01-22T22:00:00.000Z,0.68377,0.6853,0.6837,0.68448,4868
2026-01-23T02:00:00.000Z,0.68448,0.68504,0.68363,0.68487,5499
2026-01-23T06:00:00.000Z,0.68485,0.68539,0.68376,0.68398,10413
2026-01-23T10:00:00.000Z,0.68398,0.6867,0.68341,0.68499,9433
2026-01-23T14:00:00.000Z,0.68498,0.6891,0.68483,0.68823,15070
2026-01-23T18:00:00.000Z,0.68824,0.68986,0.68735,0.68966,10751
2026-01-25T22:00:00.000Z,0.69209,0.69298,0.69059,0.69196,13040
2026-01-26T02:00:00.000Z,0.69197,0.69285,0.69093,0.69143,8942
2026-01-26T06:00:00.000Z,0.69144,0.69269,0.69083,0.69218,11496
2026-01-26T10:00:00.000Z,0.6922,0.69274,0.69071,0.69173,10182
2026-01-26T14:00:00.000Z,0.69172,0.69407,0.69147,0.69343,14171
2026-01-26T18:00:00.000Z,0.69342,0.69379,0.69163,0.69173,8782
2026-01-26T22:00:00.000Z,0.69113,0.69196,0.6907,0.69173,5400
2026-01-27T02:00:00.000Z,0.69173,0.69284,0.69063,0.6913,6965
2026-01-27T06:00:00.000Z,0.69129,0.69284,0.69013,0.69272,8879
2026-01-27T10:00:00.000Z,0.6927,0.69525,0.69203,0.69446,11717
2026-01-27T14:00:00.000Z,0.69447,0.69819,0.69435,0.69783,18141
2026-01-27T18:00:00.000Z,0.69782,0.70159,0.69723,0.70126,12294
2026-01-27T22:00:00.000Z,0.7008,0.70224,0.69834,0.69859,11653
2026-01-28T02:00:00.000Z,0.6986,0.70033,0.69799,0.70029,9601
2026-01-28T06:00:00.000Z,0.70035,0.70195,0.69897,0.70021,15452
2026-01-28T10:00:00.000Z,0.70022,0.70141,0.69918,0.69961,13975
2026-01-28T14:00:00.000Z,0.69962,0.7008,0.69768,0.70003,21744
2026-01-28T18:00:00.000Z,0.70002,0.70426,0.69785,0.70423,15415
2026-01-28T22:00:00.000Z,0.70307,0.70493,0.70212,0.70279,10849
2026-01-29T02:00:00.000Z,0.7028,0.70939,0.70207,0.70878,13692
2026-01-29T06:00:00.000Z,0.70879,0.70884,0.70523,0.7056,14113
2026-01-29T10:00:00.000Z,0.70561,0.70707,0.70269,0.70653,15065
2026-01-29T14:00:00.000Z,0.70659,0.70823,0.69689,0.70187,39918
2026-01-29T18:00:00.000Z,0.70185,0.7054,0.70144,0.70503,15315
2026-01-29T22:00:00.000Z,0.70437,0.70551,0.70049,0.70057,13485
2026-01-30T02:00:00.000Z,0.70062,0.70088,0.69772,0.69995,19238
2026-01-30T06:00:00.000Z,0.69993,0.70114,0.69679,0.69761,21262
2026-01-30T10:00:00.000Z,0.69758,0.7032,0.69754,0.69907,21778
2026-01-30T14:00:00.000Z,0.69911,0.70263,0.69671,0.69721,34138
2026-01-30T18:00:00.000Z,0.69718,0.69863,0.69399,0.69624,25574
2026-02-01T22:00:00.000Z,0.69482,0.69706,0.69204,0.69641,24338
2026-02-02T02:00:00.000Z,0.6964,0.69689,0.69138,0.69251,22772
2026-02-02T06:00:00.000Z,0.69255,0.69657,0.69083,0.69642,22166
2026-02-02T10:00:00.000Z,0.6964,0.69703,0.69404,0.69476,19552
2026-02-02T14:00:00.000Z,0.69472,0.69678,0.69398,0.69526,27187
2026-02-02T18:00:00.000Z,0.69526,0.69537,0.69354,0.69499,9690
2026-02-02T22:00:00.000Z,0.69506,0.69781,0.69429,0.69773,8071
2026-02-03T02:00:00.000Z,0.69772,0.70333,0.6957,0.7006,15942
2026-02-03T06:00:00.000Z,0.70061,0.70502,0.70026,0.70057,17749
2026-02-03T10:00:00.000Z,0.70061,0.70155,0.69973,0.7008,13353
2026-02-03T14:00:00.000Z,0.70081,0.70243,0.69806,0.70106,24009
2026-02-03T18:00:00.000Z,0.70105,0.70264,0.69932,0.70224,16116
2026-02-03T22:00:00.000Z,0.70186,0.70364,0.70088,0.70278,8361
2026-02-04T02:00:00.000Z,0.7028,0.70353,0.70135,0.70288,9062
2026-02-04T06:00:00.000Z,0.70289,0.70429,0.70145,0.70204,11371
2026-02-04T10:00:00.000Z,0.70205,0.70357,0.70104,0.70327,12402
2026-02-04T14:00:00.000Z,0.70328,0.70332,0.69721,0.69789,32216
2026-02-04T18:00:00.000Z,0.6979,0.70004,0.69713,0.69983,15438
2026-02-04T22:00:00.000Z,0.69928,0.70071,0.69926,0.69968,7269
2026-02-05T02:00:00.000Z,0.6997,0.69978,0.69582,0.69717,17806
2026-02-05T06:00:00.000Z,0.69718,0.69905,0.69647,0.69668,14538
2026-02-05T10:00:00.000Z,0.69668,0.69855,0.69626,0.69693,19056
2026-02-05T14:00:00.000Z,0.69691,0.69822,0.694,0.69707,34071
2026-02-05T18:00:00.000Z,0.69707,0.69748,0.69276,0.69282,14121
2026-02-05T22:00:00.000Z,0.69274,0.69374,0.68969,0.69346,14793
2026-02-06T02:00:00.000Z,0.69345,0.69555,0.69331,0.69553,14174
2026-02-06T06:00:00.000Z,0.69552,0.69781,0.6952,0.69756,12837
2026-02-06T10:00:00.000Z,0.69756,0.69939,0.69668,0.69939,11695
2026-02-06T14:00:00.000Z,0.69937,0.70246,0.69904,0.70207,20176
2026-02-06T18:00:00.000Z,0.70206,0.70246,0.70137,0.70167,5805
2026-02-08T22:00:00.000Z,0.7006,0.70375,0.7006,0.70185,11195
2026-02-09T02:00:00.000Z,0.70185,0.70333,0.70166,0.70289,7109
2026-02-09T06:00:00.000Z,0.7029,0.70452,0.70234,0.70334,12102
2026-02-09T10:00:00.000Z,0.70335,0.70618,0.70135,0.70563,13513
2026-02-09T14:00:00.000Z,0.70563,0.70923,0.7056,0.70878,15850
2026-02-09T18:00:00.000Z,0.70877,0.70985,0.70824,0.70932,6212
2026-02-09T22:00:00.000Z,0.70828,0.70932,0.70759,0.70877,6714
2026-02-10T02:00:00.000Z,0.70878,0.70902,0.70692,0.70725,7293
2026-02-10T06:00:00.000Z,0.70724,0.70809,0.7064,0.7074,8501
2026-02-10T10:00:00.000Z,0.70741,0.70793,0.70646,0.70747,9863
2026-02-10T14:00:00.000Z,0.7075,0.70904,0.70681,0.70739,18721
2026-02-10T18:00:00.000Z,0.7074,0.708,0.70661,0.70747,6910
2026-02-10T22:00:00.000Z,0.70675,0.70982,0.70643,0.7095,5349
2026-02-11T02:00:00.000Z,0.70949,0.7128,0.70938,0.71153,7923
2026-02-11T06:00:00.000Z,0.71154,0.71205,0.70984,0.71138,9381
2026-02-11T10:00:00.000Z,0.71139,0.71238,0.70718,0.71149,15632
2026-02-11T14:00:00.000Z,0.71147,0.71419,0.70922,0.71394,30030
2026-02-11T18:00:00.000Z,0.71395,0.7143,0.7122,0.71266,9608
2026-02-11T22:00:00.000Z,0.71214,0.71468,0.71193,0.71435,6905
2026-02-12T02:00:00.000Z,0.71434,0.7147,0.71115,0.71247,8411
2026-02-12T06:00:00.000Z,0.71248,0.71255,0.71049,0.71234,11244
2026-02-12T10:00:00.000Z,0.71238,0.71411,0.71175,0.71408,9601
2026-02-12T14:00:00.000Z,0.71409,0.71446,0.70841,0.70861,30684
2026-02-12T18:00:00.000Z,0.70858,0.70986,0.70755,0.70904,13884
2026-02-12T22:00:00.000Z,0.70864,0.70972,0.70807,0.70868,8177
2026-02-13T02:00:00.000Z,0.7087,0.7093,0.70667,0.70697,7968
2026-02-13T06:00:00.000Z,0.70697,0.70793,0.70434,0.70717,12852
2026-02-13T10:00:00.000Z,0.70718,0.70754,0.70446,0.70704,16872
2026-02-13T14:00:00.000Z,0.7069,0.70819,0.7047,0.70763,29836
2026-02-13T18:00:00.000Z,0.70767,0.70859,0.70651,0.70702,11104
2026-02-15T22:00:00.000Z,0.70589,0.70862,0.70535,0.70843,7042
2026-02-16T02:00:00.000Z,0.70842,0.70892,0.70793,0.7087,5841
2026-02-16T06:00:00.000Z,0.70871,0.70965,0.70812,0.70836,7512
2026-02-16T10:00:00.000Z,0.70835,0.70885,0.70769,0.70832,7507
2026-02-16T14:00:00.000Z,0.70831,0.70872,0.7067,0.70724,8131
2026-02-16T18:00:00.000Z,0.70725,0.70765,0.70706,0.70715,975
2026-02-16T22:00:00.000Z,0.70682,0.70757,0.70557,0.70585,6229
2026-02-17T02:00:00.000Z,0.70582,0.7069,0.7046,0.70612,8841
2026-02-17T06:00:00.000Z,0.70613,0.70733,0.70543,0.70726,10482
2026-02-17T10:00:00.000Z,0.70724,0.70766,0.70423,0.70447,14072
2026-02-17T14:00:00.000Z,0.70448,0.70696,0.7028,0.70659,30510
2026-02-17T18:00:00.000Z,0.7066,0.70902,0.70639,0.70844,10411
2026-02-17T22:00:00.000Z,0.70813,0.70871,0.70726,0.70757,5640
2026-02-18T02:00:00.000Z,0.7076,0.70773,0.70649,0.70685,5183
2026-02-18T06:00:00.000Z,0.70686,0.70799,0.70633,0.70777,8594
2026-02-18T10:00:00.000Z,0.70778,0.70809,0.7056,0.70561,9636
2026-02-18T14:00:00.000Z,0.70562,0.70774,0.70509,0.70643,16390
2026-02-18T18:00:00.000Z,0.70642,0.70661,0.70348,0.70419,9862
2026-02-18T22:00:00.000Z,0.70406,0.70673,0.70382,0.70667,6091
2026-02-19T02:00:00.000Z,0.70665,0.70713,0.70453,0.70536,5611
2026-02-19T06:00:00.000Z,0.70536,0.70801,0.70512,0.70601,9196
2026-02-19T10:00:00.000Z,0.706,0.7063,0.70367,0.70526,12002
2026-02-19T14:00:00.000Z,0.70525,0.70675,0.70239,0.70495,24913
2026-02-19T18:00:00.000Z,0.70496,0.70608,0.70424,0.70586,8942
2026-02-19T22:00:00.000Z,0.70523,0.70617,0.70227,0.70314,6934
2026-02-20T02:00:00.000Z,0.70312,0.70437,0.70152,0.70434,8847
2026-02-20T06:00:00.000Z,0.70432,0.70667,0.70387,0.70582,10900
2026-02-20T10:00:00.000Z,0.70587,0.70609,0.70402,0.70519,13096
2026-02-20T14:00:00.000Z,0.70518,0.70908,0.704,0.70763,35560
2026-02-20T18:00:00.000Z,0.70762,0.70944,0.70676,0.70843,16045
2026-02-22T22:00:00.000Z,0.7071,0.71117,0.70695,0.70804,13614
2026-02-23T02:00:00.000Z,0.70801,0.70815,0.70662,0.70733,9143
2026-02-23T06:00:00.000Z,0.70734,0.70905,0.70703,0.7084,10451
2026-02-23T10:00:00.000Z,0.7084,0.7084,0.70556,0.70682,10943
2026-02-23T14:00:00.000Z,0.70683,0.70822,0.70483,0.70588,23060
2026-02-23T18:00:00.000Z,0.70587,0.70669,0.70522,0.70556,8111
2026-02-23T22:00:00.000Z,0.70495,0.70656,0.70483,0.7058,8253
2026-02-24T02:00:00.000Z,0.70579,0.70732,0.70566,0.70652,7343
2026-02-24T06:00:00.000Z,0.70653,0.70735,0.70594,0.70632,12299
2026-02-24T10:00:00.000Z,0.70631,0.70654,0.7032,0.70346,10543
2026-02-24T14:00:00.000Z,0.70346,0.70701,0.70264,0.70649,17706
2026-02-24T18:00:00.000Z,0.70648,0.70657,0.70568,0.70578,5522
2026-02-24T22:00:00.000Z,0.706,0.70847,0.7056,0.70783,7482
2026-02-25T02:00:00.000Z,0.70782,0.71112,0.70778,0.71104,10241
2026-02-25T06:00:00.000Z,0.71102,0.71165,0.70844,0.70861,10683
2026-02-25T10:00:00.000Z,0.70862,0.70968,0.7073,0.70896,9865
2026-02-25T14:00:00.000Z,0.70895,0.71242,0.70881,0.7119,14988
2026-02-25T18:00:00.000Z,0.71189,0.71257,0.71164,0.71237,4463
2026-02-25T22:00:00.000Z,0.71198,0.71363,0.71155,0.71312,7116
2026-02-26T02:00:00.000Z,0.71311,0.7135,0.71138,0.71337,8063
2026-02-26T06:00:00.000Z,0.71336,0.71356,0.71097,0.71184,11401
2026-02-26T10:00:00.000Z,0.71184,0.7124,0.71089,0.71108,8878
2026-02-26T14:00:00.000Z,0.71102,0.71112,0.70668,0.70773,25572
2026-02-26T18:00:00.000Z,0.70772,0.71122,0.70747,0.71062,8599
2026-02-26T22:00:00.000Z,0.71017,0.71076,0.70961,0.71039,9199
2026-02-27T02:00:00.000Z,0.71043,0.7132,0.7103,0.71259,7662
2026-02-27T06:00:00.000Z,0.71259,0.71285,0.71121,0.71138,11333
2026-02-27T10:00:00.000Z,0.71139,0.71147,0.70863,0.70976,14134
2026-02-27T14:00:00.000Z,0.70977,0.7132,0.70953,0.71154,25242
2026-02-27T18:00:00.000Z,0.71155,0.7122,0.71109,0.71141,9369
2026-03-01T22:00:00.000Z,0.70406,0.71091,0.70382,0.71065,23068
2026-03-02T02:00:00.000Z,0.71065,0.71167,0.70768,0.70773,15607
2026-03-02T06:00:00.000Z,0.70772,0.70916,0.70448,0.70784,24202
2026-03-02T10:00:00.000Z,0.70783,0.70975,0.70551,0.70576,21599
2026-03-02T14:00:00.000Z,0.70572,0.70874,0.70517,0.70832,31364
2026-03-02T18:00:00.000Z,0.70831,0.71059,0.70716,0.7093,15349
2026-03-02T22:00:00.000Z,0.70887,0.71226,0.7087,0.71004,11282
2026-03-03T02:00:00.000Z,0.71003,0.71142,0.70848,0.70881,19120
2026-03-03T06:00:00.000Z,0.7088,0.70972,0.70389,0.70399,27434
2026-03-03T10:00:00.000Z,0.704,0.70464,0.70007,0.70115,33554
2026-03-03T14:00:00.000Z,0.70114,0.70289,0.6944,0.70209,47077
2026-03-03T18:00:00.000Z,0.7021,0.70572,0.70204,0.70372,24305
2026-03-03T22:00:00.000Z,0.70304,0.70455,0.69859,0.70055,19185
2026-03-04T02:00:00.000Z,0.70057,0.7022,0.69845,0.70002,27402
2026-03-04T06:00:00.000Z,0.7,0.70446,0.69917,0.70385,27203
2026-03-04T10:00:00.000Z,0.70384,0.70731,0.70374,0.70545,30736
2026-03-04T14:00:00.000Z,0.70534,0.7077,0.7033,0.70707,32059
2026-03-04T18:00:00.000Z,0.70708,0.70832,0.70607,0.70782,11065
2026-03-04T22:00:00.000Z,0.70734,0.70892,0.70629,0.70648,11054
2026-03-05T02:00:00.000Z,0.70649,0.70744,0.70388,0.70393,19429
2026-03-05T06:00:00.000Z,0.70394,0.70708,0.70112,0.70446,29714
2026-03-05T10:00:00.000Z,0.70445,0.70583,0.70239,0.70295,23285
2026-03-05T14:00:00.000Z,0.70294,0.70448,0.69782,0.6984,40286
2026-03-05T18:00:00.000Z,0.69838,0.70146,0.69739,0.70072,25368
2026-03-05T22:00:00.000Z,0.70057,0.70341,0.70043,0.70315,10295
2026-03-06T02:00:00.000Z,0.70314,0.70407,0.70271,0.70286,11871
2026-03-06T06:00:00.000Z,0.70287,0.70473,0.69973,0.69993,19910
2026-03-06T10:00:00.000Z,0.69994,0.70238,0.69813,0.69837,29628
2026-03-06T14:00:00.000Z,0.69837,0.70294,0.69768,0.70101,46211
2026-03-06T18:00:00.000Z,0.701,0.70308,0.70092,0.70267,24610
2026-03-08T21:00:00.000Z,0.69834,0.69962,0.69562,0.69634,20569
2026-03-09T01:00:00.000Z,0.69633,0.69998,0.69561,0.69923,28949
2026-03-09T05:00:00.000Z,0.69923,0.70221,0.69816,0.69926,33335
2026-03-09T09:00:00.000Z,0.69931,0.70334,0.6988,0.70107,32888
2026-03-09T13:00:00.000Z,0.7011,0.70572,0.7011,0.70506,39217
2026-03-09T17:00:00.000Z,0.70508,0.70785,0.70333,0.7076,22969
2026-03-09T21:00:00.000Z,0.707,0.70819,0.70611,0.70695,12160
2026-03-10T01:00:00.000Z,0.70696,0.70762,0.70533,0.70612,20293
2026-03-10T05:00:00.000Z,0.70611,0.71195,0.7059,0.70956,20589
2026-03-10T09:00:00.000Z,0.70955,0.71247,0.70944,0.7115,26969
2026-03-10T13:00:00.000Z,0.71149,0.71541,0.71079,0.71498,31293
2026-03-10T17:00:00.000Z,0.71495,0.71683,0.71148,0.71185,27003
2026-03-10T21:00:00.000Z,0.71149,0.71367,0.71124,0.71298,7631
2026-03-11T01:00:00.000Z,0.71297,0.71852,0.7127,0.71818,13937
2026-03-11T05:00:00.000Z,0.71818,0.71831,0.71523,0.71612,20138
2026-03-11T09:00:00.000Z,0.71612,0.71709,0.7143,0.71463,25635
2026-03-11T13:00:00.000Z,0.71461,0.71872,0.71451,0.71528,36021
2026-03-11T17:00:00.000Z,0.71529,0.71566,0.71363,0.71518,17062
2026-03-11T21:00:00.000Z,0.71505,0.71557,0.71235,0.71453,11815
2026-03-12T01:00:00.000Z,0.71452,0.71607,0.7123,0.71236,15557
2026-03-12T05:00:00.000Z,0.71238,0.7145,0.71108,0.71344,19266
2026-03-12T09:00:00.000Z,0.71349,0.7148,0.71232,0.71307,18953
2026-03-12T13:00:00.000Z,0.71308,0.71352,0.70721,0.70874,39161
2026-03-12T17:00:00.000Z,0.70875,0.70968,0.70756,0.70766,17324
2026-03-12T21:00:00.000Z,0.70754,0.70868,0.70711,0.7084,6968
2026-03-13T01:00:00.000Z,0.70841,0.70921,0.70591,0.70625,13109
2026-03-13T05:00:00.000Z,0.70626,0.70669,0.70157,0.70372,20081
2026-03-13T09:00:00.000Z,0.70372,0.70626,0.70319,0.70561,24793
2026-03-13T13:00:00.000Z,0.70562,0.70577,0.69993,0.70057,36032
2026-03-13T17:00:00.000Z,0.70059,0.70137,0.69793,0.69802,18088
2026-03-15T21:00:00.000Z,0.69894,0.70186,0.69856,0.70156,11922
2026-03-16T01:00:00.000Z,0.70157,0.70189,0.69967,0.70041,14131
2026-03-16T05:00:00.000Z,0.70042,0.70223,0.70042,0.70222,16266
2026-03-16T09:00:00.000Z,0.70219,0.70584,0.70161,0.70504,17644
2026-03-16T13:00:00.000Z,0.7051,0.7076,0.70445,0.70536,24039
2026-03-16T17:00:00.000Z,0.70542,0.70824,0.70522,0.70714,14513
2026-03-16T21:00:00.000Z,0.70697,0.7074,0.70593,0.70621,4755
2026-03-17T01:00:00.000Z,0.7062,0.7094,0.7049,0.70728,12893
2026-03-17T05:00:00.000Z,0.70728,0.70894,0.70553,0.7083,18170
2026-03-17T09:00:00.000Z,0.70827,0.70977,0.7077,0.70974,16115
2026-03-17T13:00:00.000Z,0.70973,0.71181,0.70848,0.71023,26644
2026-03-17T17:00:00.000Z,0.71024,0.71154,0.71013,0.71044,9797
2026-03-17T21:00:00.000Z,0.71009,0.7114,0.70963,0.71066,6287
2026-03-18T01:00:00.000Z,0.71066,0.71182,0.70996,0.71145,7714
2026-03-18T05:00:00.000Z,0.71146,0.71233,0.71005,0.7108,10619
2026-03-18T09:00:00.000Z,0.71079,0.71133,0.70574,0.70577,18821
2026-03-18T13:00:00.000Z,0.70576,0.70886,0.70454,0.70804,28522
2026-03-18T17:00:00.000Z,0.70803,0.70907,0.7018,0.70213,20180
2026-03-18T21:00:00.000Z,0.70219,0.70445,0.7021,0.70444,8719
2026-03-19T01:00:00.000Z,0.70447,0.70555,0.70337,0.70376,13586
2026-03-19T05:00:00.000Z,0.70377,0.70448,0.70231,0.70369,21101
2026-03-19T09:00:00.000Z,0.70369,0.7063,0.70109,0.70188,30161
2026-03-19T13:00:00.000Z,0.70185,0.70606,0.69996,0.7047,44480
2026-03-19T17:00:00.000Z,0.70469,0.71088,0.70376,0.70859,24018
2026-03-19T21:00:00.000Z,0.70861,0.70924,0.70732,0.70824,6763
2026-03-20T01:00:00.000Z,0.70822,0.70922,0.70787,0.70877,11822
2026-03-20T05:00:00.000Z,0.70878,0.70971,0.70747,0.70862,14901
2026-03-20T09:00:00.000Z,0.70864,0.70872,0.70524,0.70744,24416
2026-03-20T13:00:00.000Z,0.70743,0.70755,0.70262,0.70385,34943
2026-03-20T17:00:00.000Z,0.70386,0.70437,0.70052,0.70209,21522
2026-03-22T21:00:00.000Z,0.69962,0.70151,0.69879,0.69944,14548
2026-03-23T01:00:00.000Z,0.69947,0.70092,0.69759,0.69793,24888
2026-03-23T05:00:00.000Z,0.69792,0.69818,0.69497,0.69668,26437
2026-03-23T09:00:00.000Z,0.69671,0.70433,0.69105,0.703,46981
2026-03-23T13:00:00.000Z,0.70302,0.70623,0.69827,0.70037,50686
2026-03-23T17:00:00.000Z,0.70037,0.7029,0.70003,0.70106,22567
2026-03-23T21:00:00.000Z,0.70087,0.70242,0.69684,0.69872,12312
2026-03-24T01:00:00.000Z,0.69877,0.69939,0.69595,0.6966,24153
2026-03-24T05:00:00.000Z,0.69661,0.70147,0.69553,0.69629,29463
2026-03-24T09:00:00.000Z,0.69633,0.69801,0.69514,0.69562,26953
2026-03-24T13:00:00.000Z,0.6956,0.69887,0.6945,0.69653,40246
2026-03-24T17:00:00.000Z,0.69652,0.70133,0.6938,0.69942,26473
2026-03-24T21:00:00.000Z,0.69888,0.70037,0.69821,0.6995,10472
2026-03-25T01:00:00.000Z,0.69942,0.69989,0.69695,0.6974,16176
2026-03-25T05:00:00.000Z,0.69741,0.69895,0.6961,0.69806,18750
2026-03-25T09:00:00.000Z,0.69805,0.69852,0.69507,0.6959,21712
2026-03-25T13:00:00.000Z,0.69591,0.69711,0.69426,0.69596,31920
2026-03-25T17:00:00.000Z,0.69595,0.69705,0.69452,0.69458,14158
2026-03-25T21:00:00.000Z,0.69496,0.69517,0.69364,0.69381,6292
2026-03-26T01:00:00.000Z,0.69382,0.69569,0.69319,0.6954,12426
2026-03-26T05:00:00.000Z,0.69539,0.69559,0.69318,0.69425,16188
2026-03-26T09:00:00.000Z,0.69424,0.69442,0.69012,0.69043,17235
2026-03-26T13:00:00.000Z,0.69043,0.69288,0.68962,0.68991,29384
2026-03-26T17:00:00.000Z,0.6899,0.69186,0.68753,0.6887,15669
2026-03-26T21:00:00.000Z,0.68911,0.68964,0.68724,0.68748,8393
2026-03-27T01:00:00.000Z,0.68748,0.69118,0.68718,0.69101,11828
2026-03-27T05:00:00.000Z,0.69099,0.69119,0.68826,0.68961,14399
2026-03-27T09:00:00.000Z,0.68962,0.69016,0.68809,0.68867,17039
2026-03-27T13:00:00.000Z,0.68867,0.69019,0.68767,0.68839,28312
2026-03-27T17:00:00.000Z,0.68838,0.68943,0.68642,0.68778,13855
2026-03-29T21:00:00.000Z,0.68628,0.68653,0.68428,0.68528,14806
2026-03-30T01:00:00.000Z,0.68529,0.68738,0.68486,0.68666,14603
2026-03-30T05:00:00.000Z,0.68667,0.68742,0.68478,0.68537,14047
2026-03-30T09:00:00.000Z,0.68541,0.68691,0.68472,0.6862,15215
2026-03-30T13:00:00.000Z,0.68621,0.68655,0.68332,0.68557,26015
2026-03-30T17:00:00.000Z,0.6856,0.68612,0.68417,0.68499,11357
2026-03-30T21:00:00.000Z,0.68461,0.68641,0.68338,0.68568,9986
2026-03-31T01:00:00.000Z,0.68566,0.68747,0.68439,0.68439,18840
2026-03-31T05:00:00.000Z,0.68438,0.68689,0.68386,0.68609,17201
2026-03-31T09:00:00.000Z,0.6861,0.68904,0.68498,0.68761,20946
2026-03-31T13:00:00.000Z,0.68765,0.68983,0.6835,0.6885,32241
2026-03-31T17:00:00.000Z,0.68851,0.69036,0.68819,0.69004,20642
2026-03-31T21:00:00.000Z,0.68926,0.69301,0.68926,0.69273,6581
2026-04-01T01:00:00.000Z,0.69277,0.69279,0.68996,0.69025,12341
2026-04-01T05:00:00.000Z,0.69026,0.69527,0.69012,0.69409,20832
2026-04-01T09:00:00.000Z,0.69408,0.69626,0.69343,0.69407,18439
2026-04-01T13:00:00.000Z,0.69408,0.69555,0.69331,0.69463,29081
2026-04-01T17:00:00.000Z,0.69463,0.69509,0.69126,0.69285,12570
2026-04-01T21:00:00.000Z,0.69206,0.69346,0.69194,0.69306,7109
2026-04-02T01:00:00.000Z,0.69305,0.69405,0.68737,0.68787,26278
2026-04-02T05:00:00.000Z,0.68788,0.68856,0.68659,0.68746,16376
2026-04-02T09:00:00.000Z,0.68747,0.68867,0.68595,0.68813,15345
2026-04-02T13:00:00.000Z,0.68819,0.6918,0.68757,0.6909,32082
2026-04-02T17:00:00.000Z,0.69087,0.69152,0.69027,0.69105,10265
2026-04-02T21:00:00.000Z,0.69003,0.69159,0.68988,0.69128,3044
2026-04-03T01:00:00.000Z,0.69127,0.69134,0.69045,0.69064,3051
2026-04-03T05:00:00.000Z,0.69063,0.69149,0.69033,0.69089,3190
2026-04-03T09:00:00.000Z,0.69088,0.69112,0.68954,0.68996,6126
2026-04-03T13:00:00.000Z,0.68997,0.69062,0.689,0.68912,5351
2026-04-03T17:00:00.000Z,0.68915,0.68964,0.68834,0.68876,3820
2026-04-05T21:00:00.000Z,0.68823,0.68959,0.68761,0.68951,8825
2026-04-06T01:00:00.000Z,0.68957,0.69164,0.68916,0.6909,10083
2026-04-06T05:00:00.000Z,0.69091,0.69347,0.69052,0.69305,11924
2026-04-06T09:00:00.000Z,0.69306,0.6936,0.69183,0.69281,11417
2026-04-06T13:00:00.000Z,0.69282,0.6938,0.69113,0.69157,20805
2026-04-06T17:00:00.000Z,0.69157,0.69245,0.69055,0.69182,11524
2026-04-06T21:00:00.000Z,0.69145,0.6923,0.6911,0.69112,4992
2026-04-07T01:00:00.000Z,0.69113,0.69197,0.68982,0.69172,11199
2026-04-07T05:00:00.000Z,0.69173,0.69485,0.69088,0.69455,15612
2026-04-07T09:00:00.000Z,0.69455,0.69469,0.69241,0.69374,20846
2026-04-07T13:00:00.000Z,0.69378,0.69522,0.69243,0.69458,27183
2026-04-07T17:00:00.000Z,0.69457,0.6978,0.69438,0.69754,18113
2026-04-07T21:00:00.000Z,0.69678,0.70845,0.69635,0.70532,24358
2026-04-08T01:00:00.000Z,0.70531,0.70726,0.70426,0.70671,18266
2026-04-08T05:00:00.000Z,0.70672,0.7083,0.70324,0.70442,21115
2026-04-08T09:00:00.000Z,0.70442,0.70735,0.70329,0.70706,18170
2026-04-08T13:00:00.000Z,0.70705,0.70779,0.70433,0.70604,28883
2026-04-08T17:00:00.000Z,0.70603,0.70624,0.70285,0.70443,16044
2026-04-08T21:00:00.000Z,0.70398,0.70477,0.70298,0.70351,6216
2026-04-09T01:00:00.000Z,0.70348,0.70462,0.70247,0.704,9961
2026-04-09T05:00:00.000Z,0.70401,0.70448,0.70224,0.70265,12335
2026-04-09T09:00:00.000Z,0.70264,0.70458,0.7022,0.7041,11636
2026-04-09T13:00:00.000Z,0.70413,0.70922,0.70394,0.70854,23232
2026-04-09T17:00:00.000Z,0.70855,0.70946,0.70727,0.70841,12514
2026-04-09T21:00:00.000Z,0.70778,0.70861,0.707,0.70754,5146
2026-04-10T01:00:00.000Z,0.70754,0.70829,0.70651,0.70668,7172
2026-04-10T05:00:00.000Z,0.70668,0.70728,0.70533,0.70579,9325
2026-04-10T09:00:00.000Z,0.70582,0.70824,0.70567,0.70761,12360
2026-04-10T13:00:00.000Z,0.70757,0.70936,0.70648,0.7071,20359
2026-04-10T17:00:00.000Z,0.70709,0.70819,0.70676,0.70723,8712
2026-04-12T21:00:00.000Z,0.69887,0.70336,0.69886,0.70336,10229
2026-04-13T01:00:00.000Z,0.70336,0.70424,0.70274,0.70365,8271
2026-04-13T05:00:00.000Z,0.70365,0.70586,0.70342,0.70521,11103
2026-04-13T09:00:00.000Z,0.70521,0.70553,0.7029,0.70436,11828
2026-04-13T13:00:00.000Z,0.70438,0.7084,0.70418,0.7081,23263
2026-04-13T17:00:00.000Z,0.70811,0.71004,0.7081,0.70971,8319
2026-04-13T21:00:00.000Z,0.70922,0.71024,0.70867,0.709,4519
2026-04-14T01:00:00.000Z,0.709,0.70912,0.70784,0.7088,6287
2026-04-14T05:00:00.000Z,0.70881,0.71073,0.70769,0.71041,12210
2026-04-14T09:00:00.000Z,0.71042,0.71365,0.71036,0.71361,12435
2026-04-14T13:00:00.000Z,0.71358,0.71477,0.71278,0.7129,16700
2026-04-14T17:00:00.000Z,0.71289,0.71351,0.71241,0.71264,6763
2026-04-14T21:00:00.000Z,0.71187,0.71328,0.7115,0.71254,4726
2026-04-15T01:00:00.000Z,0.71254,0.71338,0.71221,0.71328,6289
2026-04-15T05:00:00.000Z,0.71327,0.71478,0.71327,0.71436,10119
2026-04-15T09:00:00.000Z,0.71435,0.71477,0.71296,0.71386,13568
2026-04-15T13:00:00.000Z,0.71387,0.71681,0.71386,0.7166,16701
2026-04-15T17:00:00.000Z,0.7166,0.71774,0.71608,0.71706,7303
2026-04-15T21:00:00.000Z,0.71621,0.71776,0.71591,0.7176,4014
2026-04-16T01:00:00.000Z,0.71758,0.71973,0.71627,0.71885,9462
2026-04-16T05:00:00.000Z,0.71884,0.71909,0.71686,0.7174,13188
2026-04-16T09:00:00.000Z,0.71741,0.71754,0.7164,0.71719,10797
2026-04-16T13:00:00.000Z,0.71719,0.7178,0.71528,0.71586,21061
2026-04-16T17:00:00.000Z,0.71586,0.71632,0.7152,0.71615,10609
2026-04-16T21:00:00.000Z,0.71623,0.71649,0.71529,0.71609,4643
2026-04-17T01:00:00.000Z,0.71608,0.71694,0.71585,0.71684,5942
2026-04-17T05:00:00.000Z,0.71684,0.71809,0.71606,0.71794,9763
2026-04-17T09:00:00.000Z,0.71793,0.72113,0.71668,0.7211,13885
2026-04-17T13:00:00.000Z,0.72111,0.72216,0.71845,0.71881,31767
2026-04-17T17:00:00.000Z,0.7188,0.7188,0.71657,0.71661,13578
2026-04-19T21:00:00.000Z,0.71232,0.71502,0.71137,0.71495,10489
2026-04-20T01:00:00.000Z,0.71496,0.71584,0.7146,0.71556,8352
2026-04-20T05:00:00.000Z,0.71555,0.71652,0.7142,0.71493,16769
2026-04-20T09:00:00.000Z,0.71493,0.71642,0.71492,0.71582,11618
2026-04-20T13:00:00.000Z,0.71585,0.71773,0.71538,0.71725,21731
2026-04-20T17:00:00.000Z,0.71725,0.71798,0.71701,0.71785,7328
2026-04-20T21:00:00.000Z,0.71732,0.71825,0.71689,0.71737,5131
2026-04-21T01:00:00.000Z,0.71739,0.7182,0.71647,0.71662,6525
2026-04-21T05:00:00.000Z,0.71663,0.71727,0.71433,0.71553,12078
2026-04-21T09:00:00.000Z,0.71553,0.71659,0.71487,0.71599,11564
2026-04-21T13:00:00.000Z,0.71603,0.71858,0.71503,0.71504,21983
2026-04-21T17:00:00.000Z,0.71504,0.71636,0.71299,0.71534,26267
2026-04-21T21:00:00.000Z,0.71513,0.71636,0.71454,0.71607,5077
2026-04-22T01:00:00.000Z,0.71607,0.71635,0.71529,0.71566,7138
2026-04-22T05:00:00.000Z,0.71566,0.7176,0.71563,0.71649,13119
2026-04-22T09:00:00.000Z,0.71648,0.71682,0.71462,0.7148,12833
2026-04-22T13:00:00.000Z,0.7148,0.71697,0.71464,0.71579,19841
2026-04-22T17:00:00.000Z,0.71578,0.7165,0.71555,0.71599,9119
2026-04-22T21:00:00.000Z,0.71545,0.71666,0.71366,0.71622,9240
2026-04-23T01:00:00.000Z,0.71622,0.71629,0.71364,0.7148,15489
2026-04-23T05:00:00.000Z,0.71481,0.71582,0.71467,0.71536,12495
2026-04-23T09:00:00.000Z,0.71534,0.71544,0.71328,0.71459,17836
2026-04-23T13:00:00.000Z,0.7146,0.71632,0.71374,0.71546,21668
2026-04-23T17:00:00.000Z,0.71548,0.71562,0.7111,0.71275,24331
2026-04-23T21:00:00.000Z,0.71315,0.71353,0.71228,0.71322,5042
2026-04-24T01:00:00.000Z,0.71323,0.71359,0.71145,0.71247,11945
2026-04-24T05:00:00.000Z,0.71248,0.71378,0.71198,0.71322,11864
2026-04-24T09:00:00.000Z,0.71323,0.71518,0.71264,0.71354,16713
2026-04-24T13:00:00.000Z,0.71356,0.71551,0.71258,0.71512,23771
2026-04-24T17:00:00.000Z,0.71513,0.71545,0.7146,0.71518,8370
2026-04-26T21:00:00.000Z,0.71275,0.71574,0.7127,0.71572,5504
2026-04-27T01:00:00.000Z,0.71577,0.71773,0.71577,0.71681,10251
2026-04-27T05:00:00.000Z,0.7168,0.71898,0.71573,0.71879,11494
2026-04-27T09:00:00.000Z,0.71878,0.71957,0.71825,0.71878,10957
2026-04-27T13:00:00.000Z,0.71877,0.71998,0.71826,0.71896,16512
2026-04-27T17:00:00.000Z,0.71895,0.71936,0.71843,0.71853,6849
2026-04-27T21:00:00.000Z,0.71823,0.71947,0.71823,0.7191,4398
2026-04-28T01:00:00.000Z,0.71911,0.71914,0.71736,0.71825,10511
2026-04-28T05:00:00.000Z,0.71824,0.71836,0.71622,0.7178,16415
2026-04-28T09:00:00.000Z,0.71779,0.7178,0.71508,0.7165,19633
2026-04-28T13:00:00.000Z,0.71649,0.71824,0.71601,0.71808,23224
2026-04-28T17:00:00.000Z,0.71808,0.71866,0.71772,0.71821,7808
2026-04-28T21:00:00.000Z,0.71781,0.71896,0.71776,0.7186,3883
2026-04-29T01:00:00.000Z,0.71859,0.7186,0.71595,0.7163,14286
2026-04-29T05:00:00.000Z,0.71631,0.71666,0.71544,0.71556,13169
2026-04-29T09:00:00.000Z,0.71556,0.71662,0.71488,0.71552,12980
2026-04-29T13:00:00.000Z,0.71552,0.71596,0.71185,0.71269,25484
2026-04-29T17:00:00.000Z,0.71269,0.71333,0.71015,0.71158,21350
2026-04-29T21:00:00.000Z,0.7112,0.71327,0.71095,0.71215,7570
2026-04-30T01:00:00.000Z,0.71214,0.71304,0.71151,0.71156,16142
2026-04-30T05:00:00.000Z,0.71157,0.71395,0.71098,0.71295,17952
2026-04-30T09:00:00.000Z,0.71297,0.7167,0.71273,0.71497,28249
2026-04-30T13:00:00.000Z,0.71498,0.71915,0.71495,0.71823,28134
2026-04-30T17:00:00.000Z,0.71822,0.7203,0.71805,0.72014,12625
2026-04-30T21:00:00.000Z,0.71909,0.72046,0.71909,0.72008,5501
2026-05-01T01:00:00.000Z,0.72009,0.7205,0.71897,0.71909,8982
2026-05-01T05:00:00.000Z,0.71908,0.72029,0.71861,0.71949,13288
2026-05-01T09:00:00.000Z,0.7195,0.72084,0.71833,0.72022,12897
2026-05-01T13:00:00.000Z,0.7202,0.72277,0.72,0.72113,23087
2026-05-01T17:00:00.000Z,0.72112,0.72155,0.71989,0.71994,9364
2026-05-03T21:00:00.000Z,0.72083,0.72202,0.72057,0.72091,6966
2026-05-04T01:00:00.000Z,0.72092,0.72173,0.72006,0.72077,12738
2026-05-04T05:00:00.000Z,0.72077,0.72098,0.71877,0.71946,13665
2026-05-04T09:00:00.000Z,0.71947,0.71997,0.71679,0.71874,20206
2026-05-04T13:00:00.000Z,0.71875,0.71946,0.71533,0.71575,28016
2026-05-04T17:00:00.000Z,0.71576,0.71746,0.71571,0.71656,12094
2026-05-04T21:00:00.000Z,0.71665,0.71714,0.71577,0.71597,4240
2026-05-05T01:00:00.000Z,0.71598,0.71705,0.71513,0.71513,9026
2026-05-05T05:00:00.000Z,0.71508,0.71635,0.71356,0.71574,15669
2026-05-05T09:00:00.000Z,0.71574,0.71825,0.71534,0.71753,13334
2026-05-05T13:00:00.000Z,0.71752,0.71977,0.7175,0.7187,16621
2026-05-05T17:00:00.000Z,0.71871,0.7191,0.71811,0.71825,5994
2026-05-05T21:00:00.000Z,0.71795,0.72239,0.71775,0.72236,9835
2026-05-06T01:00:00.000Z,0.72237,0.72507,0.72207,0.72443,15743
2026-05-06T05:00:00.000Z,0.72442,0.72674,0.72326,0.72606,16309
2026-05-06T09:00:00.000Z,0.72604,0.72775,0.72316,0.72377,26178
2026-05-06T13:00:00.000Z,0.72377,0.72474,0.72239,0.72266,23220
2026-05-06T17:00:00.000Z,0.72265,0.72413,0.72256,0.72363,8627
2026-05-06T21:00:00.000Z,0.72321,0.724,0.72279,0.72353,5726
2026-05-07T01:00:00.000Z,0.72354,0.72503,0.72317,0.72475,11378
2026-05-07T05:00:00.000Z,0.72474,0.72642,0.72403,0.72586,14572
2026-05-07T09:00:00.000Z,0.72587,0.72636,0.72498,0.72526,12856
2026-05-07T13:00:00.000Z,0.72525,0.72582,0.72327,0.72385,20646
2026-05-07T17:00:00.000Z,0.72384,0.72415,0.72069,0.72095,19397
2026-05-07T21:00:00.000Z,0.72039,0.72119,0.71999,0.72075,7157
2026-05-08T01:00:00.000Z,0.72076,0.7222,0.72038,0.72203,12858
2026-05-08T05:00:00.000Z,0.72204,0.72362,0.72175,0.72343,13423
2026-05-08T09:00:00.000Z,0.72343,0.72488,0.7228,0.72382,14721
2026-05-08T13:00:00.000Z,0.72381,0.72483,0.72287,0.72405,20148
2026-05-08T17:00:00.000Z,0.72404,0.7249,0.72401,0.72477,7547
2026-05-10T21:00:00.000Z,0.72183,0.72402,0.7217,0.72377,7010
2026-05-11T01:00:00.000Z,0.7238,0.72393,0.7225,0.7227,10795
2026-05-11T05:00:00.000Z,0.72271,0.72475,0.72263,0.72382,10385
2026-05-11T09:00:00.000Z,0.72379,0.72484,0.72354,0.72434,11395
2026-05-11T13:00:00.000Z,0.72433,0.72594,0.72428,0.72504,16274
2026-05-11T17:00:00.000Z,0.72506,0.72554,0.72439,0.72483,7860
2026-05-11T21:00:00.000Z,0.72464,0.7252,0.72329,0.72346,5008
2026-05-12T01:00:00.000Z,0.72345,0.72378,0.72222,0.72318,12968
2026-05-12T05:00:00.000Z,0.72317,0.72346,0.72087,0.72175,17441
2026-05-12T09:00:00.000Z,0.72173,0.72329,0.72144,0.72307,16573
2026-05-12T13:00:00.000Z,0.72306,0.7232,0.72143,0.72155,24045
2026-05-12T17:00:00.000Z,0.72156,0.72418,0.72154,0.72394,10615
2026-05-12T21:00:00.000Z,0.72394,0.72419,0.72325,0.72364,5396
2026-05-13T01:00:00.000Z,0.72363,0.72474,0.72305,0.72347,10670
2026-05-13T05:00:00.000Z,0.72348,0.72426,0.72326,0.7241,11969
2026-05-13T09:00:00.000Z,0.72412,0.72534,0.72351,0.72416,12909
2026-05-13T13:00:00.000Z,0.72418,0.72716,0.72397,0.72603,18495
2026-05-13T17:00:00.000Z,0.72602,0.72641,0.72504,0.72588,8338
2026-05-13T21:00:00.000Z,0.72582,0.72608,0.72483,0.72511,5702
2026-05-14T01:00:00.000Z,0.72512,0.72597,0.72436,0.72563,10041
2026-05-14T05:00:00.000Z,0.72564,0.72642,0.72405,0.72522,14656
2026-05-14T09:00:00.000Z,0.72523,0.72537,0.72345,0.72347,13779
2026-05-14T13:00:00.000Z,0.72347,0.72361,0.72157,0.72211,19563
2026-05-14T17:00:00.000Z,0.72214,0.72268,0.72175,0.72199,9849
2026-05-14T21:00:00.000Z,0.72203,0.72227,0.7201,0.72057,6016
2026-05-15T01:00:00.000Z,0.72057,0.7207,0.71809,0.7181,16818
2026-05-15T05:00:00.000Z,0.71811,0.71813,0.71547,0.71567,23077
2026-05-15T09:00:00.000Z,0.71568,0.718,0.71396,0.7153,19955
2026-05-15T13:00:00.000Z,0.71531,0.71662,0.71434,0.71567,26382
2026-05-15T17:00:00.000Z,0.71565,0.71633,0.71444,0.71445,11939
2026-05-17T21:00:00.000Z,0.71466,0.7154,0.71185,0.71247,12541
2026-05-18T01:00:00.000Z,0.71245,0.71377,0.712,0.71315,17776
2026-05-18T05:00:00.000Z,0.71316,0.71646,0.71264,0.71583,17658
2026-05-18T09:00:00.000Z,0.71583,0.71842,0.7146,0.71784,18638
2026-05-18T13:00:00.000Z,0.71783,0.71809,0.71485,0.71618,28294
2026-05-18T17:00:00.000Z,0.71615,0.71747,0.71475,0.71679,16256
2026-05-18T21:00:00.000Z,0.71611,0.71766,0.71502,0.71509,6542
2026-05-19T01:00:00.000Z,0.71506,0.71526,0.71275,0.71293,16562
2026-05-19T05:00:00.000Z,0.71295,0.71365,0.71145,0.71173,17636
2026-05-19T09:00:00.000Z,0.71172,0.71229,0.71086,0.71147,17331
2026-05-19T13:00:00.000Z,0.71143,0.7115,0.70794,0.7111,26755
2026-05-19T17:00:00.000Z,0.71109,0.71161,0.71051,0.71064,11875
2026-05-19T21:00:00.000Z,0.71056,0.71126,0.7092,0.70923,7587
2026-05-20T01:00:00.000Z,0.70922,0.71094,0.70867,0.70996,17953
2026-05-20T05:00:00.000Z,0.70997,0.71161,0.70971,0.71115,15831
2026-05-20T09:00:00.000Z,0.71115,0.71347,0.71086,0.71242,11476
2026-05-20T13:00:00.000Z,0.71241,0.71743,0.71149,0.71544,29336
2026-05-20T17:00:00.000Z,0.71545,0.71621,0.71486,0.71532,11850
2026-05-20T21:00:00.000Z,0.71482,0.71549,0.71442,0.71478,6294
2026-05-21T01:00:00.000Z,0.71479,0.71567,0.70998,0.71269,16661
2026-05-21T05:00:00.000Z,0.7127,0.71395,0.7108,0.71317,20220
2026-05-21T09:00:00.000Z,0.71315,0.71421,0.71173,0.71251,21726
2026-05-21T13:00:00.000Z,0.71251,0.71389,0.71161,0.71368,26285
2026-05-21T17:00:00.000Z,0.71369,0.71684,0.71348,0.71508,21334
2026-05-21T21:00:00.000Z,0.7149,0.71527,0.71402,0.71412,5470
2026-05-22T01:00:00.000Z,0.7141,0.71441,0.71343,0.71405,10196
2026-05-22T05:00:00.000Z,0.71404,0.7146,0.71272,0.71334,14301
2026-05-22T09:00:00.000Z,0.71333,0.71337,0.71195,0.71316,16169
2026-05-22T13:00:00.000Z,0.71315,0.71427,0.71163,0.71352,22317
2026-05-22T17:00:00.000Z,0.71351,0.71422,0.71254,0.71288,12103
2026-05-24T21:00:00.000Z,0.71537,0.71651,0.71513,0.71585,6844
2026-05-25T01:00:00.000Z,0.71586,0.71725,0.71581,0.71689,8051
2026-05-25T05:00:00.000Z,0.71688,0.71716,0.71521,0.71666,10095
2026-05-25T09:00:00.000Z,0.71667,0.71752,0.7164,0.71696,7275
2026-05-25T13:00:00.000Z,0.71695,0.71818,0.71669,0.71732,8487
2026-05-25T17:00:00.000Z,0.71731,0.71765,0.71728,0.71747,1572
2026-05-25T21:00:00.000Z,0.71708,0.71756,0.71639,0.71703,5266
2026-05-26T01:00:00.000Z,0.71702,0.71723,0.71607,0.71607,8743
2026-05-26T05:00:00.000Z,0.71606,0.71689,0.71551,0.71635,11664
2026-05-26T09:00:00.000Z,0.71637,0.71688,0.7159,0.7168,11626
2026-05-26T13:00:00.000Z,0.71679,0.71762,0.71581,0.71627,17903
2026-05-26T17:00:00.000Z,0.71628,0.71701,0.71608,0.71664,6414
2026-05-26T21:00:00.000Z,0.71647,0.71795,0.71647,0.71754,4142
2026-05-27T01:00:00.000Z,0.71751,0.71786,0.71526,0.71609,12194
2026-05-27T05:00:00.000Z,0.71607,0.71627,0.71355,0.71415,13754
2026-05-27T09:00:00.000Z,0.71413,0.71493,0.71238,0.71337,16570
2026-05-27T13:00:00.000Z,0.71333,0.71421,0.71246,0.7139,24545
2026-05-27T17:00:00.000Z,0.71391,0.71426,0.71319,0.71412,8305
2026-05-27T21:00:00.000Z,0.7135,0.71443,0.7128,0.71314,6349
2026-05-28T01:00:00.000Z,0.71312,0.7133,0.70977,0.71042,14970
2026-05-28T05:00:00.000Z,0.71043,0.7127,0.71015,0.71173,15311
2026-05-28T09:00:00.000Z,0.71172,0.71329,0.71082,0.71317,15287
2026-05-28T13:00:00.000Z,0.71319,0.71695,0.7125,0.7168,24979
2026-05-28T17:00:00.000Z,0.71681,0.71686,0.71602,0.71619,8936
2026-05-28T21:00:00.000Z,0.71586,0.71671,0.7155,0.71602,5770
2026-05-29T01:00:00.000Z,0.71601,0.71654,0.71532,0.71633,10905
2026-05-29T05:00:00.000Z,0.71633,0.71672,0.7149,0.71526,11814
2026-05-29T09:00:00.000Z,0.71527,0.7179,0.71508,0.7179,12091
2026-05-29T13:00:00.000Z,0.7179,0.72005,0.71756,0.71886,23866
2026-05-29T17:00:00.000Z,0.71887,0.71894,0.7181,0.7184,11096
2026-05-31T21:00:00.000Z,0.71678,0.7185,0.71678,0.71837,7617
2026-06-01T01:00:00.000Z,0.71838,0.71872,0.71756,0.71851,8538
2026-06-01T05:00:00.000Z,0.71852,0.71901,0.71766,0.7184,10656
2026-06-01T09:00:00.000Z,0.7184,0.71857,0.71675,0.71696,11431
2026-06-01T13:00:00.000Z,0.71697,0.71702,0.71328,0.71601,25885
2026-06-01T17:00:00.000Z,0.71604,0.71716,0.71575,0.71598,10861
2026-06-01T21:00:00.000Z,0.71617,0.71655,0.71552,0.7159,5308
2026-06-02T01:00:00.000Z,0.71591,0.71675,0.71527,0.7162,11428
2026-06-02T05:00:00.000Z,0.71621,0.71865,0.71611,0.71794,11900
2026-06-02T09:00:00.000Z,0.71795,0.71848,0.71758,0.7177,10239
2026-06-02T13:00:00.000Z,0.71772,0.71879,0.71683,0.7179,16851
2026-06-02T17:00:00.000Z,0.71789,0.71827,0.7171,0.71801,6485
2026-06-02T21:00:00.000Z,0.71771,0.71816,0.71713,0.71809,5357
2026-06-03T01:00:00.000Z,0.71808,0.71814,0.71671,0.71689,8607
2026-06-03T05:00:00.000Z,0.71688,0.71713,0.71524,0.71607,13920
2026-06-03T09:00:00.000Z,0.71608,0.71767,0.71498,0.71527,12291
2026-06-03T13:00:00.000Z,0.71528,0.71547,0.71302,0.71351,21043
2026-06-03T17:00:00.000Z,0.71352,0.71384,0.71265,0.71276,8350
2026-06-03T21:00:00.000Z,0.7127,0.71393,0.71256,0.71307,7975
2026-06-04T01:00:00.000Z,0.71306,0.71365,0.71223,0.71293,12052
2026-06-04T05:00:00.000Z,0.71294,0.71382,0.71232,0.71308,12539
2026-06-04T09:00:00.000Z,0.71309,0.71488,0.71294,0.7141,16329
2026-06-04T13:00:00.000Z,0.71411,0.71458,0.71347,0.71398,18390
2026-06-04T17:00:00.000Z,0.71397,0.71409,0.71324,0.71329,6583
2026-06-04T21:00:00.000Z,0.71332,0.71363,0.71226,0.71232,5682
2026-06-05T01:00:00.000Z,0.71233,0.71301,0.71057,0.71276,12202
2026-06-05T05:00:00.000Z,0.71277,0.71376,0.71153,0.71306,12085
2026-06-05T09:00:00.000Z,0.71305,0.71436,0.71024,0.71027,14770
2026-06-05T13:00:00.000Z,0.71028,0.71108,0.70496,0.70603,28172
2026-06-05T17:00:00.000Z,0.70607,0.70608,0.70374,0.70419,20419
2026-06-07T21:00:00.000Z,0.7022,0.70589,0.70197,0.70582,10452
2026-06-08T01:00:00.000Z,0.70583,0.70621,0.70351,0.70447,22117
2026-06-08T05:00:00.000Z,0.70446,0.70594,0.70343,0.70477,24291
2026-06-08T09:00:00.000Z,0.70475,0.70781,0.70381,0.70703,21944
2026-06-08T13:00:00.000Z,0.70702,0.70747,0.70455,0.70508,29316
2026-06-08T17:00:00.000Z,0.70508,0.70541,0.70421,0.70442,15972
2026-06-08T21:00:00.000Z,0.70421,0.70459,0.70342,0.70432,8552
2026-06-09T01:00:00.000Z,0.70432,0.70591,0.70408,0.70554,17163
2026-06-09T05:00:00.000Z,0.70555,0.70704,0.70465,0.70519,18698
2026-06-09T09:00:00.000Z,0.7052,0.70625,0.70463,0.70599,12628
2026-06-09T13:00:00.000Z,0.70604,0.70626,0.7005,0.70161,40835
2026-06-09T17:00:00.000Z,0.70164,0.70356,0.70156,0.70268,27553
2026-06-09T21:00:00.000Z,0.70262,0.70321,0.70133,0.70287,10970
2026-06-10T01:00:00.000Z,0.70288,0.70311,0.70153,0.70176,21469
2026-06-10T05:00:00.000Z,0.70177,0.70252,0.70087,0.70098,22262
2026-06-10T09:00:00.000Z,0.70097,0.70266,0.69979,0.70117,27846
2026-06-10T13:00:00.000Z,0.70116,0.70373,0.70059,0.70175,39850
2026-06-10T17:00:00.000Z,0.70176,0.70226,0.69943,0.69954,25236
2026-06-10T21:00:00.000Z,0.69941,0.7002,0.69873,0.69977,15675
2026-06-11T01:00:00.000Z,0.69976,0.70101,0.69976,0.70085,18106
2026-06-11T05:00:00.000Z,0.70086,0.70119,0.69906,0.6993,15892
2026-06-11T09:00:00.000Z,0.6993,0.70002,0.69789,0.69883,18226
2026-06-11T13:00:00.000Z,0.69887,0.69987,0.69795,0.69883,35459
2026-06-11T17:00:00.000Z,0.69883,0.70551,0.69845,0.70472,35188
2026-06-11T21:00:00.000Z,0.70454,0.70535,0.70404,0.70445,9364
2026-06-12T01:00:00.000Z,0.70444,0.70453,0.70283,0.70408,18273
2026-06-12T05:00:00.000Z,0.70407,0.70488,0.7021,0.70407,22686
2026-06-12T09:00:00.000Z,0.70408,0.70532,0.7032,0.70349,20075
2026-06-12T13:00:00.000Z,0.7035,0.70597,0.70314,0.70489,35589
2026-06-12T17:00:00.000Z,0.70488,0.70537,0.70443,0.70448,13765
2026-06-14T21:00:00.000Z,0.70398,0.70882,0.70387,0.70675,11883
2026-06-15T01:00:00.000Z,0.70674,0.70843,0.70652,0.70814,11109
2026-06-15T05:00:00.000Z,0.70815,0.70872,0.70655,0.70709,13773
2026-06-15T09:00:00.000Z,0.70709,0.70765,0.70642,0.70719,11330
2026-06-15T13:00:00.000Z,0.70718,0.70883,0.70693,0.70804,16352
2026-06-15T17:00:00.000Z,0.70805,0.70807,0.70689,0.70697,8414
2026-06-15T21:00:00.000Z,0.70713,0.70747,0.70665,0.70711,4755
2026-06-16T01:00:00.000Z,0.7071,0.70733,0.70456,0.70506,10438
2026-06-16T05:00:00.000Z,0.70507,0.70692,0.7042,0.70678,12649
2026-06-16T09:00:00.000Z,0.70677,0.70786,0.7063,0.7069,11264
2026-06-16T13:00:00.000Z,0.70691,0.70796,0.70654,0.70735,19463
2026-06-16T17:00:00.000Z,0.70736,0.70741,0.70647,0.70661,8727
2026-06-16T21:00:00.000Z,0.70657,0.70703,0.70627,0.70687,5269
2026-06-17T01:00:00.000Z,0.70688,0.70722,0.70598,0.70609,7001
2026-06-17T05:00:00.000Z,0.70609,0.70646,0.70539,0.70612,9341
2026-06-17T09:00:00.000Z,0.70611,0.70652,0.70566,0.70647,8757
2026-06-17T13:00:00.000Z,0.70648,0.70733,0.70609,0.7072,16833
2026-06-17T17:00:00.000Z,0.7072,0.70754,0.69948,0.70129,36039
2026-06-17T21:00:00.000Z,0.70118,0.70316,0.70109,0.70225,7105
2026-06-18T01:00:00.000Z,0.70225,0.70415,0.70222,0.70339,10802
2026-06-18T05:00:00.000Z,0.7034,0.70403,0.70102,0.70117,15709
2026-06-18T09:00:00.000Z,0.70118,0.702,0.70009,0.70178,18703
2026-06-18T13:00:00.000Z,0.70179,0.70374,0.70129,0.70189,25754
2026-06-18T17:00:00.000Z,0.70192,0.7025,0.70073,0.70137,11602
2026-06-18T21:00:00.000Z,0.70138,0.70177,0.70098,0.70119,4931
2026-06-19T01:00:00.000Z,0.7012,0.70132,0.69908,0.69924,10451
2026-06-19T05:00:00.000Z,0.69925,0.70196,0.69891,0.70188,14106
2026-06-19T09:00:00.000Z,0.70189,0.70241,0.70098,0.70214,12663
2026-06-19T13:00:00.000Z,0.70215,0.70221,0.70074,0.70083,10289
2026-06-19T17:00:00.000Z,0.70084,0.70164,0.70046,0.70082,21797
2026-06-21T21:00:00.000Z,0.70074,0.70123,0.6999,0.70121,6650
2026-06-22T01:00:00.000Z,0.70126,0.70189,0.69998,0.70044,12308
2026-06-22T05:00:00.000Z,0.70044,0.70107,0.69938,0.69955,14217
2026-06-22T09:00:00.000Z,0.69957,0.70119,0.69953,0.70069,12583
2026-06-22T13:00:00.000Z,0.70068,0.70138,0.69962,0.70024,25511
2026-06-22T17:00:00.000Z,0.70025,0.70035,0.69949,0.69996,8674
2026-06-22T21:00:00.000Z,0.70027,0.70038,0.69826,0.69885,4971
2026-06-23T01:00:00.000Z,0.69886,0.69899,0.69651,0.69669,14627
2026-06-23T05:00:00.000Z,0.6967,0.69685,0.69422,0.69464,19788
2026-06-23T09:00:00.000Z,0.69465,0.69598,0.69313,0.69364,14465
2026-06-23T13:00:00.000Z,0.69365,0.69417,0.69165,0.69175,22991
2026-06-23T17:00:00.000Z,0.69174,0.69189,0.69067,0.69152,9681
2026-06-23T21:00:00.000Z,0.69152,0.69218,0.69103,0.69187,7331
2026-06-24T01:00:00.000Z,0.69189,0.69232,0.69013,0.69097,15089
2026-06-24T05:00:00.000Z,0.69098,0.69184,0.68921,0.68973,13870
2026-06-24T09:00:00.000Z,0.68974,0.69011,0.6884,0.68903,15553
2026-06-24T13:00:00.000Z,0.68904,0.6906,0.6886,0.69016,26463
2026-06-24T17:00:00.000Z,0.69016,0.69024,0.68823,0.68999,17497
2026-06-24T21:00:00.000Z,0.68899,0.69007,0.68895,0.68938,6425
2026-06-25T01:00:00.000Z,0.68937,0.69076,0.68876,0.69016,13735
2026-06-25T05:00:00.000Z,0.69015,0.69069,0.68867,0.69015,12595
2026-06-25T09:00:00.000Z,0.69016,0.69143,0.68851,0.69052,12323
2026-06-25T13:00:00.000Z,0.69053,0.69272,0.6891,0.69164,32549
2026-06-25T17:00:00.000Z,0.69165,0.69202,0.6907,0.69093,15235
2026-06-25T21:00:00.000Z,0.69058,0.69126,0.68959,0.68982,7144
2026-06-26T01:00:00.000Z,0.68983,0.69021,0.68752,0.68859,16714
2026-06-26T05:00:00.000Z,0.68858,0.69,0.68846,0.68953,15690
2026-06-26T09:00:00.000Z,0.68954,0.69066,0.68926,0.69028,14406
2026-06-26T13:00:00.000Z,0.6903,0.69171,0.68957,0.69006,23571
2026-06-26T17:00:00.000Z,0.69007,0.69023,0.68908,0.68911,10975
2026-06-28T21:00:00.000Z,0.68861,0.68976,0.68827,0.68853,7843
2026-06-29T01:00:00.000Z,0.68852,0.68956,0.68807,0.68887,13775
2026-06-29T05:00:00.000Z,0.68885,0.69042,0.68874,0.68914,11209
2026-06-29T09:00:00.000Z,0.68913,0.69022,0.68907,0.68966,11847
2026-06-29T13:00:00.000Z,0.68969,0.68976,0.68772,0.68863,19911
2026-06-29T17:00:00.000Z,0.68864,0.68923,0.68854,0.68862,7411
2026-06-29T21:00:00.000Z,0.68858,0.68894,0.68671,0.68729,4914
2026-06-30T01:00:00.000Z,0.6873,0.68835,0.68652,0.68686,10790
2026-06-30T05:00:00.000Z,0.68685,0.68822,0.68677,0.6881,11280
2026-06-30T09:00:00.000Z,0.6881,0.68901,0.68802,0.68846,9827
2026-06-30T13:00:00.000Z,0.68848,0.69297,0.68848,0.69118,18163
2026-06-30T17:00:00.000Z,0.69121,0.69238,0.69114,0.69198,6897
2026-06-30T21:00:00.000Z,0.69146,0.69201,0.69007,0.6901,4498
2026-07-01T01:00:00.000Z,0.69009,0.69024,0.68825,0.68921,9277
2026-07-01T05:00:00.000Z,0.6892,0.68963,0.68855,0.68917,9715
2026-07-01T09:00:00.000Z,0.68917,0.68995,0.68884,0.6892,10268
2026-07-01T13:00:00.000Z,0.68919,0.69159,0.68847,0.69008,23853
2026-07-01T17:00:00.000Z,0.69009,0.69029,0.68897,0.68922,7836
2026-07-01T21:00:00.000Z,0.68908,0.68952,0.68839,0.68887,5230
2026-07-02T01:00:00.000Z,0.68888,0.69015,0.68846,0.68944,10633
2026-07-02T05:00:00.000Z,0.68943,0.69112,0.68896,0.69092,14931
2026-07-02T09:00:00.000Z,0.6909,0.69418,0.68865,0.69245,18246
2026-07-02T13:00:00.000Z,0.69248,0.69433,0.69181,0.69232,31589
2026-07-02T17:00:00.000Z,0.69231,0.69236,0.69141,0.6922,12557
2026-07-02T21:00:00.000Z,0.69184,0.69219,0.69106,0.69187,6593
2026-07-03T01:00:00.000Z,0.69188,0.69408,0.69176,0.69385,10396
2026-07-03T05:00:00.000Z,0.69386,0.69494,0.69375,0.69409,11008
2026-07-03T09:00:00.000Z,0.69409,0.69433,0.69365,0.6937,7298
2026-07-03T13:00:00.000Z,0.69369,0.69391,0.69341,0.69376,7065
2026-07-03T17:00:00.000Z,0.69377,0.69394,0.6933,0.69359,15233
2026-07-05T21:00:00.000Z,0.6935,0.69415,0.69299,0.69345,5561
2026-07-06T01:00:00.000Z,0.69343,0.6937,0.69217,0.69332,11507
2026-07-06T05:00:00.000Z,0.69334,0.69383,0.69253,0.69324,10027
2026-07-06T09:00:00.000Z,0.69324,0.69372,0.69237,0.6926,8422
2026-07-06T13:00:00.000Z,0.69262,0.69466,0.6925,0.69463,12574
2026-07-06T17:00:00.000Z,0.69463,0.69589,0.69462,0.6956,4984
2026-07-06T21:00:00.000Z,0.69508,0.69599,0.69482,0.69487,3969
2026-07-07T01:00:00.000Z,0.69486,0.69599,0.69418,0.69418,9546
2026-07-07T05:00:00.000Z,0.69419,0.69459,0.69348,0.69417,10900
2026-07-07T09:00:00.000Z,0.69416,0.69547,0.69406,0.69506,9775
2026-07-07T13:00:00.000Z,0.69505,0.69508,0.69336,0.6937,17505
2026-07-07T17:00:00.000Z,0.6937,0.69426,0.69211,0.69284,10221
2026-07-07T21:00:00.000Z,0.6927,0.69356,0.69194,0.69354,5555
2026-07-08T01:00:00.000Z,0.69355,0.69466,0.69287,0.69402,12520
2026-07-08T05:00:00.000Z,0.694,0.69452,0.69108,0.69148,17966
2026-07-08T09:00:00.000Z,0.69147,0.69315,0.69064,0.69207,18146
2026-07-08T13:00:00.000Z,0.69208,0.69283,0.69068,0.69265,23875
2026-07-08T17:00:00.000Z,0.69267,0.69398,0.69263,0.69304,10664
2026-07-08T21:00:00.000Z,0.69281,0.69402,0.69219,0.6933,4881
2026-07-09T01:00:00.000Z,0.69331,0.69376,0.69248,0.6937,11019
2026-07-09T05:00:00.000Z,0.6937,0.69456,0.69332,0.69348,11082
2026-07-09T09:00:00.000Z,0.69347,0.69404,0.69294,0.69319,10512
2026-07-09T13:00:00.000Z,0.6932,0.6947,0.69319,0.6941,14054
2026-07-09T17:00:00.000Z,0.69411,0.69456,0.69375,0.69404,5164
2026-07-09T21:00:00.000Z,0.69399,0.69464,0.69335,0.69451,3745
2026-07-10T01:00:00.000Z,0.69454,0.69695,0.69427,0.69543,9809
2026-07-10T05:00:00.000Z,0.69544,0.69559,0.69414,0.69427,10604
2026-07-10T09:00:00.000Z,0.69428,0.69578,0.69415,0.69497,10277
2026-07-10T13:00:00.000Z,0.69498,0.69648,0.69356,0.69581,18717
2026-07-10T17:00:00.000Z,0.6958,0.69589,0.69497,0.69528,5823
2026-07-12T21:00:00.000Z,0.69465,0.69465,0.69317,0.69334,7947
2026-07-13T01:00:00.000Z,0.69336,0.69378,0.6924,0.69323,12706
2026-07-13T05:00:00.000Z,0.69324,0.69469,0.69236,0.6942,15673
2026-07-13T09:00:00.000Z,0.69419,0.69495,0.6938,0.69461,12610
2026-07-13T13:00:00.000Z,0.69461,0.69481,0.69177,0.69217,22587
2026-07-13T17:00:00.000Z,0.69219,0.6926,0.69129,0.69164,9533
2026-07-13T21:00:00.000Z,0.69144,0.6922,0.69126,0.69187,8232
2026-07-14T01:00:00.000Z,0.69186,0.69334,0.69157,0.69328,14451
2026-07-14T05:00:00.000Z,0.6933,0.69451,0.69275,0.69433,13087
2026-07-14T09:00:00.000Z,0.69436,0.69833,0.69382,0.69691,18832
2026-07-14T13:00:00.000Z,0.69691,0.69925,0.69681,0.69778,26284
2026-07-14T17:00:00.000Z,0.69777,0.69791,0.69692,0.69736,8671
2026-07-14T21:00:00.000Z,0.69736,0.69852,0.69671,0.69846,4740
2026-07-15T01:00:00.000Z,0.69848,0.69926,0.69796,0.69835,10155
2026-07-15T05:00:00.000Z,0.69838,0.69907,0.69774,0.6988,10998
2026-07-15T09:00:00.000Z,0.69882,0.69972,0.69799,0.6996,13289
2026-07-15T13:00:00.000Z,0.69962,0.70027,0.6989,0.69931,20431
2026-07-15T17:00:00.000Z,0.69933,0.70211,0.69931,0.70069,10460
2026-07-15T21:00:00.000Z,0.70049,0.70106,0.69956,0.69982,4153
2026-07-16T01:00:00.000Z,0.69983,0.70032,0.6986,0.69991,9027
2026-07-16T05:00:00.000Z,0.69992,0.70012,0.69939,0.69984,11563
2026-07-16T09:00:00.000Z,0.69986,0.70103,0.69951,0.69974,12746
2026-07-16T13:00:00.000Z,0.69976,0.70124,0.69922,0.69937,19310
2026-07-16T17:00:00.000Z,0.69938,0.69973,0.69898,0.69967,7963
2026-07-16T21:00:00.000Z,0.69908,0.70009,0.699,0.69985,4609
2026-07-17T01:00:00.000Z,0.69986,0.70003,0.69762,0.6979,10522
2026-07-17T05:00:00.000Z,0.6979,0.69903,0.69718,0.69726,14741
2026-07-17T09:00:00.000Z,0.69727,0.69776,0.69659,0.69693,13385
2026-07-17T13:00:00.000Z,0.69694,0.69872,0.69661,0.69834,20830
2026-07-17T17:00:00.000Z,0.69835,0.69854,0.69788,0.69816,8636
2026-07-19T21:00:00.000Z,0.6963,0.69856,0.69614,0.69845,7727
2026-07-20T01:00:00.000Z,0.69846,0.6999,0.69843,0.69967,12635
2026-07-20T05:00:00.000Z,0.69967,0.70047,0.69857,0.70002,10855
2026-07-20T09:00:00.000Z,0.70003,0.70148,0.69958,0.70047,12201
2026-07-20T13:00:00.000Z,0.70048,0.70142,0.69977,0.70032,17258
2026-07-20T17:00:00.000Z,0.70032,0.70073,0.69962,0.69975,8610
2026-07-20T21:00:00.000Z,0.6994,0.70054,0.69917,0.70018,6333
2026-07-21T01:00:00.000Z,0.70017,0.70095,0.70006,0.70075,10221
2026-07-21T05:00:00.000Z,0.70076,0.70228,0.70062,0.70218,9038
2026-07-21T09:00:00.000Z,0.70219,0.70267,0.70108,0.70161,10046
2026-07-21T13:00:00.000Z,0.70165,0.70166,0.70025,0.70065,16286
2026-07-21T17:00:00.000Z,0.70064,0.70077,0.69972,0.69982,5221
2026-07-21T21:00:00.000Z,0.69991,0.70091,0.69963,0.70087,4365
2026-07-22T01:00:00.000Z,0.70089,0.70123,0.69962,0.69989,9150
2026-07-22T05:00:00.000Z,0.6999,0.70048,0.69897,0.69971,11411
2026-07-22T09:00:00.000Z,0.6997,0.69988,0.69802,0.69844,12452
2026-07-22T13:00:00.000Z,0.69845,0.70004,0.69845,0.69952,15008
2026-07-22T17:00:00.000Z,0.69953,0.6998,0.69906,0.69958,7250
2026-07-22T21:00:00.000Z,0.69924,0.69943,0.69824,0.69941,4214
2026-07-23T01:00:00.000Z,0.6994,0.7021,0.6994,0.7015,11044
2026-07-23T05:00:00.000Z,0.70149,0.70168,0.69972,0.70006,11122
2026-07-23T09:00:00.000Z,0.70006,0.70058,0.69746,0.69789,14613
2026-07-23T13:00:00.000Z,0.69788,0.69823,0.69645,0.69777,25338
2026-07-23T17:00:00.000Z,0.69779,0.6978,0.69621,0.69667,11530
2026-07-23T21:00:00.000Z,0.69637,0.69767,0.69609,0.69765,5991
2026-07-24T01:00:00.000Z,0.69766,0.69806,0.69712,0.69731,11132
2026-07-24T05:00:00.000Z,0.69734,0.69894,0.69726,0.69875,12009
2026-07-24T09:00:00.000Z,0.69876,0.69954,0.69745,0.69763,10702
2026-07-24T13:00:00.000Z,0.69762,0.70009,0.69726,0.69903,18494
2026-07-24T17:00:00.000Z,0.69901,0.69907,0.69784,0.69809,8522
2026-07-26T21:00:00.000Z,0.69955,0.70066,0.69906,0.6993,8055
2026-07-27T01:00:00.000Z,0.69931,0.70055,0.69925,0.69963,11652
2026-07-27T05:00:00.000Z,0.69964,0.70111,0.69959,0.7003,11859
2026-07-27T09:00:00.000Z,0.70029,0.70055,0.69926,0.69963,11582
2026-07-27T13:00:00.000Z,0.69963,0.70011,0.69853,0.69945,21422
2026-07-27T17:00:00.000Z,0.69946,0.69946,0.69857,0.6989,8955
2026-07-27T21:00:00.000Z,0.69857,0.69903,0.69812,0.69891,4429
2026-07-28T01:00:00.000Z,0.69892,0.69964,0.69698,0.69712,12176
2026-07-28T05:00:00.000Z,0.69711,0.69762,0.69628,0.69732,13523
2026-07-28T09:00:00.000Z,0.69733,0.69746,0.69624,0.69693,12205
2026-07-28T13:00:00.000Z,0.69693,0.69862,0.69632,0.69817,19740
2026-07-28T17:00:00.000Z,0.69816,0.69834,0.6973,0.69736,8562
2026-07-28T21:00:00.000Z,0.69742,0.69774,0.69689,0.69697,6442
2026-07-29T01:00:00.000Z,0.69696,0.69725,0.6937,0.69522,18111
2026-07-29T05:00:00.000Z,0.69522,0.69593,0.69408,0.6943,11583
2026-07-29T09:00:00.000Z,0.69431,0.69453,0.69349,0.69421,12224
2026-07-29T13:00:00.000Z,0.69422,0.69512,0.69221,0.69282,19156
2026-07-29T17:00:00.000Z,0.69282,0.69885,0.69272,0.69533,32717
2026-07-29T21:00:00.000Z,0.69545,0.69654,0.69461,0.69567,8730
2026-07-30T01:00:00.000Z,0.69568,0.69639,0.69492,0.69503,13637
2026-07-30T05:00:00.000Z,0.69504,0.69634,0.69461,0.69599,16319
2026-07-30T09:00:00.000Z,0.696,0.69845,0.69596,0.6975,17567
2026-07-30T13:00:00.000Z,0.69751,0.70283,0.69733,0.70262,28814
2026-07-30T17:00:00.000Z,0.70263,0.70329,0.70219,0.70288,12143
2026-07-30T21:00:00.000Z,0.70236,0.70319,0.70175,0.70297,6671
2026-07-31T01:00:00.000Z,0.70298,0.70329,0.70197,0.70271,11297
2026-07-31T05:00:00.000Z,0.70271,0.70436,0.70255,0.70416,13154
2026-07-31T09:00:00.000Z,0.70414,0.70444,0.7009,0.70119,14964
2026-07-31T13:00:00.000Z,0.7012,0.70284,0.69912,0.70253,25035
2026-07-31T17:00:00.000Z,0.70254,0.70419,0.70253,0.70397,14167
2026-08-02T21:00:00.000Z,0.70399,0.70501,0.70346,0.70419,10754
2026-08-03T01:00:00.000Z,0.7042,0.70427,0.70273,0.70305,10002
2026-08-03T05:00:00.000Z,0.70304,0.70373,0.70073,0.70092,11999
2026-08-03T09:00:00.000Z,0.70091,0.70106,0.69961,0.69983,11313
2026-08-03T13:00:00.000Z,0.69985,0.70005,0.69837,0.69969,16908
2026-08-03T17:00:00.000Z,0.69967,0.70013,0.69913,0.69996,7135
2026-08-03T21:00:00.000Z,0.6999,0.7006,0.69962,0.69999,4710
2026-08-04T01:00:00.000Z,0.69998,0.70234,0.69967,0.7019,10092
2026-08-04T05:00:00.000Z,0.70191,0.70244,0.70117,0.70225,10578
2026-08-04T09:00:00.000Z,0.70224,0.70374,0.70203,0.70332,12407
2026-08-04T13:00:00.000Z,0.70333,0.70418,0.70302,0.70378,15570
2026-08-04T17:00:00.000Z,0.70378,0.70484,0.70378,0.7046,8757
2026-08-04T21:00:00.000Z,0.70441,0.7053,0.70362,0.70433,5016
2026-08-05T01:00:00.000Z,0.70435,0.70558,0.70396,0.70483,11258
2026-08-05T05:00:00.000Z,0.70483,0.70507,0.704,0.70429,11927
2026-08-05T09:00:00.000Z,0.7043,0.7054,0.70401,0.70475,12512
2026-08-05T13:00:00.000Z,0.70476,0.70645,0.70446,0.70516,19116
2026-08-05T17:00:00.000Z,0.70519,0.70627,0.70498,0.70566,7618
2026-08-05T21:00:00.000Z,0.70521,0.70598,0.70506,0.70572,4885
2026-08-06T01:00:00.000Z,0.70571,0.70601,0.70438,0.70475,11285
2026-08-06T05:00:00.000Z,0.70476,0.70487,0.70359,0.70441,10459
2026-08-06T09:00:00.000Z,0.70442,0.70444,0.70364,0.7038,11246
2026-08-06T13:00:00.000Z,0.70384,0.70422,0.70225,0.70311,17399
2026-08-06T17:00:00.000Z,0.70312,0.70354,0.70293,0.70311,8109
2026-08-06T21:00:00.000Z,0.70257,0.70338,0.70255,0.70283,4333
2026-08-07T01:00:00.000Z,0.70284,0.70316,0.70222,0.70262,8852
2026-08-07T05:00:00.000Z,0.70262,0.70385,0.70251,0.70369,8323
2026-08-07T09:00:00.000Z,0.70369,0.70776,0.70347,0.70678,13154
2026-08-07T13:00:00.000Z,0.70678,0.70698,0.70558,0.70653,22360
2026-08-07T17:00:00.000Z,0.70652,0.70749,0.70636,0.70647,7894
2026-08-09T21:00:00.000Z,0.70592,0.70701,0.70552,0.7062,4881
2026-08-10T01:00:00.000Z,0.70619,0.70653,0.70564,0.70605,9185
2026-08-10T05:00:00.000Z,0.70604,0.70741,0.706,0.70695,8434
2026-08-10T09:00:00.000Z,0.70695,0.70704,0.70554,0.70566,9255
2026-08-10T13:00:00.000Z,0.70566,0.70664,0.7053,0.70607,13532
2026-08-10T17:00:00.000Z,0.70607,0.70612,0.7053,0.70532,6969
2026-08-10T21:00:00.000Z,0.70535,0.7058,0.70501,0.70552,4655
2026-08-11T01:00:00.000Z,0.70553,0.70622,0.70391,0.70499,10014
2026-08-11T05:00:00.000Z,0.705,0.70585,0.70415,0.70521,10661
2026-08-11T09:00:00.000Z,0.70522,0.70685,0.70506,0.70638,10901
2026-08-11T13:00:00.000Z,0.70637,0.70692,0.70561,0.70614,12601
2026-08-11T17:00:00.000Z,0.70615,0.70623,0.70537,0.7061,6230
2026-08-11T21:00:00.000Z,0.7059,0.70686,0.70544,0.70643,3334
2026-08-12T01:00:00.000Z,0.70644,0.70645,0.70542,0.70562,5748
2026-08-12T05:00:00.000Z,0.70563,0.70622,0.7054,0.70595,6315
2026-08-12T09:00:00.000Z,0.70595,0.70887,0.70595,0.70876,13069
2026-08-12T13:00:00.000Z,0.7088,0.70911,0.70611,0.70632,17350
2026-08-12T17:00:00.000Z,0.70632,0.70654,0.70598,0.70625,6512
2026-08-12T21:00:00.000Z,0.70573,0.70665,0.70559,0.70612,3672
2026-08-13T01:00:00.000Z,0.70611,0.70618,0.70451,0.70491,8487
2026-08-13T05:00:00.000Z,0.70492,0.70518,0.70438,0.7048,8970
2026-08-13T09:00:00.000Z,0.70481,0.70649,0.70465,0.70648,10207
2026-08-13T13:00:00.000Z,0.7065,0.70671,0.70532,0.70593,15891
2026-08-13T17:00:00.000Z,0.70594,0.70611,0.70547,0.70594,5483
2026-08-13T21:00:00.000Z,0.70576,0.70661,0.70519,0.70613,4438
2026-08-14T01:00:00.000Z,0.70612,0.70632,0.70552,0.70623,7522
2026-08-14T05:00:00.000Z,0.70624,0.7075,0.70616,0.70726,8535
2026-08-14T09:00:00.000Z,0.70725,0.70896,0.70719,0.70806,8981
2026-08-14T13:00:00.000Z,0.70807,0.70957,0.70785,0.70837,13631
2026-08-14T17:00:00.000Z,0.70836,0.70841,0.70788,0.7083,4665
2026-08-16T21:00:00.000Z,0.70799,0.70953,0.70768,0.70921,4388
2026-08-17T01:00:00.000Z,0.70922,0.71056,0.70887,0.71013,7498
2026-08-17T05:00:00.000Z,0.71012,0.71241,0.71007,0.71198,10081
2026-08-17T09:00:00.000Z,0.71199,0.71292,0.71166,0.71218,9648
2026-08-17T13:00:00.000Z,0.71217,0.71244,0.71071,0.71117,12185
2026-08-17T17:00:00.000Z,0.71118,0.71124,0.71006,0.71034,6266
2026-08-17T21:00:00.000Z,0.71021,0.71107,0.71016,0.71091,3429
2026-08-18T01:00:00.000Z,0.7109,0.71134,0.70991,0.71001,6986
2026-08-18T05:00:00.000Z,0.71001,0.71048,0.70951,0.71034,8799
2026-08-18T09:00:00.000Z,0.71035,0.71138,0.71011,0.71109,8243
2026-08-18T13:00:00.000Z,0.71107,0.71197,0.70901,0.70922,15415
2026-08-18T17:00:00.000Z,0.70921,0.70924,0.70822,0.70846,6048
2026-08-18T21:00:00.000Z,0.7085,0.70873,0.70739,0.70739,4789
2026-08-19T01:00:00.000Z,0.70739,0.70849,0.70667,0.70725,11027
2026-08-19T05:00:00.000Z,0.70725,0.70816,0.70669,0.70773,12231
2026-08-19T09:00:00.000Z,0.70774,0.71019,0.70699,0.7099,13641
2026-08-19T13:00:00.000Z,0.70989,0.71289,0.70989,0.71226,24217
2026-08-19T17:00:00.000Z,0.71227,0.71267,0.71119,0.7125,11590
2026-08-19T21:00:00.000Z,0.71204,0.71283,0.7115,0.71164,5353
2026-08-20T01:00:00.000Z,0.71165,0.7126,0.71027,0.71136,12904
2026-08-20T05:00:00.000Z,0.71137,0.71283,0.71116,0.71239,12064
2026-08-20T09:00:00.000Z,0.7124,0.71326,0.71027,0.71166,14796
2026-08-20T13:00:00.000Z,0.71167,0.71321,0.71106,0.71126,20100
2026-08-20T17:00:00.000Z,0.71126,0.71134,0.71056,0.71125,7540
2026-08-20T21:00:00.000Z,0.71121,0.71252,0.71046,0.71212,5543
2026-08-21T01:00:00.000Z,0.7121,0.71439,0.71205,0.71403,8912
2026-08-21T05:00:00.000Z,0.71404,0.71629,0.71378,0.7161,11668
2026-08-21T09:00:00.000Z,0.71611,0.71691,0.71575,0.71657,13345
2026-08-21T13:00:00.000Z,0.71658,0.71768,0.71597,0.71723,16195
2026-08-21T17:00:00.000Z,0.71724,0.718,0.71691,0.71696,5964
2026-08-23T21:00:00.000Z,0.71564,0.71758,0.71564,0.71757,5179
2026-08-24T01:00:00.000Z,0.71756,0.71766,0.71618,0.7167,9936
2026-08-24T05:00:00.000Z,0.7167,0.71713,0.71581,0.71603,11204
2026-08-24T09:00:00.000Z,0.71603,0.71691,0.71574,0.7162,10537
2026-08-24T13:00:00.000Z,0.71619,0.71676,0.71488,0.71491,15899
2026-08-24T17:00:00.000Z,0.71492,0.71521,0.71403,0.71493,7376
2026-08-24T21:00:00.000Z,0.71471,0.7159,0.71415,0.71578,3766
2026-08-25T01:00:00.000Z,0.71577,0.71589,0.71458,0.71488,8599
2026-08-25T05:00:00.000Z,0.71489,0.7153,0.71375,0.71485,9612
2026-08-25T09:00:00.000Z,0.71486,0.71578,0.71476,0.71544,10423
2026-08-25T13:00:00.000Z,0.71542,0.71635,0.71521,0.7155,14300
2026-08-25T17:00:00.000Z,0.71551,0.71681,0.71528,0.7165,5206
2026-08-25T21:00:00.000Z,0.71581,0.71687,0.71551,0.71625,4157
2026-08-26T01:00:00.000Z,0.71622,0.71862,0.71596,0.71769,9278
2026-08-26T05:00:00.000Z,0.7177,0.71856,0.71735,0.71809,8803
2026-08-26T09:00:00.000Z,0.7181,0.71876,0.71758,0.71766,8816
2026-08-26T13:00:00.000Z,0.71767,0.71798,0.71643,0.71688,16031
2026-08-26T17:00:00.000Z,0.71688,0.71746,0.7168,0.71737,4910
2026-08-26T21:00:00.000Z,0.7167,0.71844,0.71647,0.71806,4876
2026-08-27T01:00:00.000Z,0.71809,0.71854,0.71791,0.7185,6814
2026-08-27T05:00:00.000Z,0.71851,0.71873,0.71789,0.71828,8848
2026-08-27T09:00:00.000Z,0.71829,0.71923,0.71748,0.71871,9869
2026-08-27T13:00:00.000Z,0.71872,0.71976,0.71858,0.71972,12046
2026-08-27T17:00:00.000Z,0.7197,0.71978,0.71923,0.7195,4839
2026-08-27T21:00:00.000Z,0.71903,0.71988,0.71879,0.71963,2411
2026-08-28T01:00:00.000Z,0.71962,0.72048,0.71949,0.71983,5323
2026-08-28T05:00:00.000Z,0.71984,0.72015,0.7192,0.71933,7620
2026-08-28T09:00:00.000Z,0.71932,0.72013,0.71921,0.72012,7813
2026-08-28T13:00:00.000Z,0.72011,0.72079,0.71553,0.71603,26434
2026-08-28T17:00:00.000Z,0.71603,0.71648,0.71555,0.71602,9223
2026-08-30T21:00:00.000Z,0.71528,0.71644,0.71522,0.71633,5464
2026-08-31T01:00:00.000Z,0.71632,0.71707,0.71583,0.71661,10352
2026-08-31T05:00:00.000Z,0.7166,0.7167,0.71559,0.7158,9806
2026-08-31T09:00:00.000Z,0.71581,0.71657,0.71545,0.71589,9138
2026-08-31T13:00:00.000Z,0.7159,0.71702,0.71579,0.71674,13878
2026-08-31T17:00:00.000Z,0.71675,0.71679,0.71629,0.71656,6241
2026-08-31T21:00:00.000Z,0.71653,0.71805,0.71625,0.71705,5505
2026-09-01T01:00:00.000Z,0.71705,0.7175,0.71656,0.71675,9348
2026-09-01T05:00:00.000Z,0.71675,0.71714,0.71427,0.71438,13214
2026-09-01T09:00:00.000Z,0.71439,0.71537,0.71388,0.71534,11646
2026-09-01T13:00:00.000Z,0.71533,0.71605,0.71457,0.71499,15633
2026-09-01T17:00:00.000Z,0.715,0.71516,0.71419,0.71443,7785
2026-09-01T21:00:00.000Z,0.71448,0.71479,0.71405,0.71409,5544
2026-09-02T01:00:00.000Z,0.7141,0.71527,0.71319,0.71326,13146
2026-09-02T05:00:00.000Z,0.71325,0.71489,0.71262,0.71272,14159
2026-09-02T09:00:00.000Z,0.71273,0.71527,0.71213,0.7148,14408
2026-09-02T13:00:00.000Z,0.71479,0.71755,0.71477,0.71678,18889
2026-09-02T17:00:00.000Z,0.71679,0.71721,0.71644,0.717,7994
2026-09-02T21:00:00.000Z,0.71637,0.71704,0.7158,0.71657,4222
2026-09-03T01:00:00.000Z,0.71658,0.71726,0.71612,0.71679,11269
2026-09-03T05:00:00.000Z,0.7168,0.71849,0.71585,0.71813,14843
2026-09-03T09:00:00.000Z,0.71814,0.72066,0.71784,0.72045,15660
2026-09-03T13:00:00.000Z,0.72046,0.72066,0.71861,0.72049,21057
2026-09-03T17:00:00.000Z,0.72049,0.72079,0.72002,0.7201,7113
2026-09-03T21:00:00.000Z,0.71993,0.72065,0.71901,0.72052,5168
2026-09-04T01:00:00.000Z,0.72053,0.72144,0.72026,0.72099,7835
2026-09-04T05:00:00.000Z,0.72099,0.72117,0.71981,0.72004,8827
2026-09-04T09:00:00.000Z,0.72005,0.72102,0.71731,0.71933,14309
2026-09-04T13:00:00.000Z,0.71932,0.72123,0.71862,0.72102,22268
2026-09-04T17:00:00.000Z,0.72101,0.72101,0.72014,0.72047,5588
2026-09-06T21:00:00.000Z,0.7193,0.72111,0.71924,0.72074,3466
2026-09-07T01:00:00.000Z,0.72075,0.72084,0.71977,0.72052,7049
2026-09-07T05:00:00.000Z,0.72051,0.72246,0.72039,0.72184,10231
2026-09-07T09:00:00.000Z,0.72185,0.72209,0.72129,0.72155,7198
2026-09-07T13:00:00.000Z,0.72159,0.72223,0.72146,0.72199,6098
2026-09-07T17:00:00.000Z,0.72199,0.722,0.72167,0.72185,927
2026-09-07T21:00:00.000Z,0.72152,0.72234,0.72146,0.72172,5767
2026-09-08T01:00:00.000Z,0.72172,0.72187,0.72056,0.72165,11146
2026-09-08T05:00:00.000Z,0.72164,0.72216,0.7207,0.72096,13027
2026-09-08T09:00:00.000Z,0.72095,0.7224,0.72046,0.72236,12647
2026-09-08T13:00:00.000Z,0.72235,0.72307,0.72128,0.72179,15678
2026-09-08T17:00:00.000Z,0.7218,0.72262,0.72143,0.72158,8515
2026-09-08T21:00:00.000Z,0.7219,0.72265,0.72116,0.72259,5475
2026-09-09T01:00:00.000Z,0.7226,0.72299,0.72193,0.72299,8228
2026-09-09T05:00:00.000Z,0.72298,0.72377,0.72228,0.72237,10159
2026-09-09T09:00:00.000Z,0.72237,0.7226,0.72116,0.7223,11497
2026-09-09T13:00:00.000Z,0.72232,0.72336,0.72098,0.72201,16429
2026-09-09T17:00:00.000Z,0.72201,0.72242,0.72146,0.72174,4511
2026-09-09T21:00:00.000Z,0.72164,0.72228,0.72099,0.7214,4474
2026-09-10T01:00:00.000Z,0.72139,0.72224,0.7208,0.72205,6203