time,open,high,low,close,volume
2023-09-10T21:00:00.000Z,0.65384,0.65463,0.65322,0.6543,9779
2023-09-11T01:00:00.000Z,0.65431,0.65457,0.65418,0.65455,11219
2023-09-11T05:00:00.000Z,0.65456,0.65552,0.65437,0.65538,15703
2023-09-11T09:00:00.000Z,0.65541,0.65677,0.65526,0.65673,17295
2023-09-11T13:00:00.000Z,0.65673,0.65717,0.65499,0.65597,18509
2023-09-11T17:00:00.000Z,0.65596,0.65636,0.65582,0.65627,9062
2023-09-11T21:00:00.000Z,0.65588,0.65639,0.65559,0.65624,5867
2023-09-12T01:00:00.000Z,0.65623,0.65651,0.65566,0.65612,9403
2023-09-12T05:00:00.000Z,0.65611,0.65648,0.65512,0.65645,15816
2023-09-12T09:00:00.000Z,0.65646,0.65774,0.6561,0.65759,15241
2023-09-12T13:00:00.000Z,0.65758,0.65915,0.65694,0.65762,13707
2023-09-12T17:00:00.000Z,0.6576,0.65791,0.65717,0.65766,8887
2023-09-12T21:00:00.000Z,0.65683,0.65774,0.6563,0.65763,6045
2023-09-13T01:00:00.000Z,0.65764,0.65787,0.6571,0.65735,10400
2023-09-13T05:00:00.000Z,0.65735,0.65874,0.65682,0.65855,17348
2023-09-13T09:00:00.000Z,0.65854,0.659,0.65706,0.65839,23267
2023-09-13T13:00:00.000Z,0.65839,0.66006,0.65812,0.65867,20290
2023-09-13T17:00:00.000Z,0.6587,0.65948,0.65833,0.65947,10498
2023-09-13T21:00:00.000Z,0.65869,0.65948,0.65827,0.65927,6111
2023-09-14T01:00:00.000Z,0.65927,0.65961,0.65884,0.65924,11192
2023-09-14T05:00:00.000Z,0.65923,0.66032,0.65873,0.66029,13855
2023-09-14T09:00:00.000Z,0.66029,0.66272,0.65995,0.66175,25546
2023-09-14T13:00:00.000Z,0.66174,0.66399,0.66029,0.66392,30156
2023-09-14T17:00:00.000Z,0.6639,0.66413,0.66268,0.66295,10048
2023-09-14T21:00:00.000Z,0.66249,0.66321,0.66234,0.66262,7168
2023-09-15T01:00:00.000Z,0.66262,0.66346,0.6625,0.66326,9506
2023-09-15T05:00:00.000Z,0.66328,0.66336,0.66238,0.6629,17647
2023-09-15T09:00:00.000Z,0.6629,0.66325,0.66228,0.66241,17454
2023-09-15T13:00:00.000Z,0.66239,0.66342,0.6604,0.66307,27077
2023-09-15T17:00:00.000Z,0.66307,0.66381,0.66245,0.66341,11534
2023-09-17T21:00:00.000Z,0.66207,0.6636,0.66151,0.66322,2847
2023-09-18T01:00:00.000Z,0.66322,0.66395,0.66314,0.66384,5385
2023-09-18T05:00:00.000Z,0.66384,0.66433,0.66273,0.66331,13367
2023-09-18T09:00:00.000Z,0.6633,0.66496,0.66285,0.66494,12468
2023-09-18T13:00:00.000Z,0.66496,0.66591,0.66416,0.66527,18597
2023-09-18T17:00:00.000Z,0.66528,0.6655,0.66491,0.66517,6874
2023-09-18T21:00:00.000Z,0.66427,0.66543,0.66427,0.66529,7986
2023-09-19T01:00:00.000Z,0.66529,0.6661,0.66526,0.66575,7414
2023-09-19T05:00:00.000Z,0.66575,0.66663,0.6648,0.66622,13617
2023-09-19T09:00:00.000Z,0.66623,0.66928,0.66623,0.66896,17695
2023-09-19T13:00:00.000Z,0.66895,0.67035,0.66774,0.66795,20711
2023-09-19T17:00:00.000Z,0.66795,0.66827,0.66746,0.66756,8901
2023-09-19T21:00:00.000Z,0.66749,0.66768,0.66709,0.66747,4776
2023-09-20T01:00:00.000Z,0.66749,0.66769,0.6669,0.66724,5004
2023-09-20T05:00:00.000Z,0.66725,0.66779,0.66624,0.66724,18116
2023-09-20T09:00:00.000Z,0.66725,0.66857,0.6671,0.66727,16133
2023-09-20T13:00:00.000Z,0.66726,0.66822,0.66619,0.66659,20639
2023-09-20T17:00:00.000Z,0.6666,0.6683,0.66622,0.66754,26755
2023-09-20T21:00:00.000Z,0.66749,0.66783,0.66714,0.66776,11904
2023-09-21T01:00:00.000Z,0.66776,0.66792,0.66696,0.66708,11272
2023-09-21T05:00:00.000Z,0.66708,0.67238,0.66576,0.67215,22561
2023-09-21T09:00:00.000Z,0.67216,0.67276,0.66945,0.66954,24439
2023-09-21T13:00:00.000Z,0.66954,0.67097,0.66871,0.67091,22091
2023-09-21T17:00:00.000Z,0.6709,0.67142,0.67036,0.67076,7198
2023-09-21T21:00:00.000Z,0.66974,0.67151,0.66974,0.67137,5358
2023-09-22T01:00:00.000Z,0.67137,0.67221,0.67128,0.67181,11497
2023-09-22T05:00:00.000Z,0.67181,0.67313,0.67148,0.67305,22683
2023-09-22T09:00:00.000Z,0.67305,0.6749,0.67271,0.67329,15465
2023-09-22T13:00:00.000Z,0.67333,0.67407,0.67241,0.6728,23518
2023-09-22T17:00:00.000Z,0.67281,0.67359,0.6721,0.6727,12386
2023-09-24T21:00:00.000Z,0.67165,0.67338,0.67131,0.67311,6990
2023-09-25T01:00:00.000Z,0.67312,0.67356,0.6726,0.67348,6940
2023-09-25T05:00:00.000Z,0.67347,0.67563,0.67291,0.67471,14936
2023-09-25T09:00:00.000Z,0.67469,0.67657,0.67467,0.67602,16367
2023-09-25T13:00:00.000Z,0.67601,0.67773,0.67594,0.67713,24501
2023-09-25T17:00:00.000Z,0.67712,0.67782,0.67647,0.6778,10691
2023-09-25T21:00:00.000Z,0.67754,0.67836,0.67737,0.67806,5480
2023-09-26T01:00:00.000Z,0.67808,0.67834,0.6768,0.67692,9075
2023-09-26T05:00:00.000Z,0.67692,0.67811,0.67625,0.67631,17467
2023-09-26T09:00:00.000Z,0.67631,0.67672,0.67534,0.67566,17498
2023-09-26T13:00:00.000Z,0.67567,0.67747,0.6755,0.67691,24158
2023-09-26T17:00:00.000Z,0.67692,0.67759,0.67638,0.67749,11476
2023-09-26T21:00:00.000Z,0.67609,0.67787,0.67573,0.67764,5080
2023-09-27T01:00:00.000Z,0.67764,0.67862,0.6775,0.67838,12322
2023-09-27T05:00:00.000Z,0.67837,0.67873,0.67701,0.67797,14718
2023-09-27T09:00:00.000Z,0.67797,0.67942,0.67674,0.67917,17970
2023-09-27T13:00:00.000Z,0.67917,0.68129,0.67865,0.68093,21798
2023-09-27T17:00:00.000Z,0.68092,0.68266,0.68022,0.68231,13353
2023-09-27T21:00:00.000Z,0.68103,0.68224,0.681,0.68222,4538
2023-09-28T01:00:00.000Z,0.68223,0.68281,0.68222,0.68248,7457
2023-09-28T05:00:00.000Z,0.68248,0.68289,0.68028,0.68046,15193
2023-09-28T09:00:00.000Z,0.68044,0.68139,0.67952,0.68131,21109
2023-09-28T13:00:00.000Z,0.6813,0.6813,0.67838,0.67947,34329
2023-09-28T17:00:00.000Z,0.67947,0.67953,0.67775,0.6783,15079
2023-09-28T21:00:00.000Z,0.67829,0.67864,0.67722,0.6776,4616
2023-09-29T01:00:00.000Z,0.67757,0.67823,0.67716,0.67755,7318
2023-09-29T05:00:00.000Z,0.67756,0.67824,0.67597,0.67633,18463
2023-09-29T09:00:00.000Z,0.67635,0.68003,0.67614,0.67863,21361
2023-09-29T13:00:00.000Z,0.67864,0.67877,0.6747,0.67513,31903
2023-09-29T17:00:00.000Z,0.67512,0.67539,0.67372,0.67442,18104
2023-10-01T21:00:00.000Z,0.67344,0.67484,0.67338,0.67474,6305
2023-10-02T01:00:00.000Z,0.67473,0.67497,0.67381,0.67391,6013
2023-10-02T05:00:00.000Z,0.6739,0.67421,0.67042,0.67046,15092
2023-10-02T09:00:00.000Z,0.67045,0.67254,0.67014,0.67212,19222
2023-10-02T13:00:00.000Z,0.67213,0.67301,0.67087,0.6715,29469
2023-10-02T17:00:00.000Z,0.6715,0.6715,0.67024,0.67139,14494
2023-10-02T21:00:00.000Z,0.67104,0.67161,0.67086,0.67131,7040
2023-10-03T01:00:00.000Z,0.67132,0.67141,0.67047,0.67053,11172
2023-10-03T05:00:00.000Z,0.67052,0.67261,0.67027,0.67146,19822
2023-10-03T09:00:00.000Z,0.67149,0.67359,0.6708,0.67283,22347
2023-10-03T13:00:00.000Z,0.67282,0.67378,0.6711,0.67183,41447
2023-10-03T17:00:00.000Z,0.67184,0.67207,0.67127,0.67176,18226
2023-10-03T21:00:00.000Z,0.67157,0.67234,0.67121,0.67205,7756
2023-10-04T01:00:00.000Z,0.67205,0.67277,0.67188,0.67261,15384
2023-10-04T05:00:00.000Z,0.67261,0.673,0.67041,0.6707,21253
2023-10-04T09:00:00.000Z,0.67071,0.67111,0.66657,0.66696,23126
2023-10-04T13:00:00.000Z,0.66696,0.66751,0.66594,0.66682,28796
2023-10-04T17:00:00.000Z,0.66684,0.66728,0.66633,0.66724,16017
2023-10-04T21:00:00.000Z,0.66659,0.66746,0.66576,0.6659,6950
2023-10-05T01:00:00.000Z,0.6659,0.66648,0.66565,0.66645,13452
2023-10-05T05:00:00.000Z,0.66646,0.66733,0.66585,0.66585,21114
2023-10-05T09:00:00.000Z,0.66587,0.66632,0.66443,0.66584,24321
2023-10-05T13:00:00.000Z,0.66584,0.66641,0.66456,0.66565,35234
2023-10-05T17:00:00.000Z,0.66566,0.66623,0.665,0.66573,15356
2023-10-05T21:00:00.000Z,0.66529,0.66616,0.665,0.66609,5125
2023-10-06T01:00:00.000Z,0.66609,0.66627,0.66578,0.66604,12872
2023-10-06T05:00:00.000Z,0.66604,0.6663,0.66536,0.66581,19151
2023-10-06T09:00:00.000Z,0.6658,0.66884,0.66392,0.66836,25444
2023-10-06T13:00:00.000Z,0.66835,0.66861,0.66422,0.66569,39352
2023-10-06T17:00:00.000Z,0.66569,0.66625,0.66549,0.666,8872
2023-10-08T21:00:00.000Z,0.66437,0.66606,0.66433,0.66561,14337
2023-10-09T01:00:00.000Z,0.66561,0.66669,0.66561,0.66635,11065
2023-10-09T05:00:00.000Z,0.66634,0.6673,0.66603,0.66649,23914
2023-10-09T09:00:00.000Z,0.66649,0.66683,0.66471,0.66576,23246
2023-10-09T13:00:00.000Z,0.66578,0.66692,0.66487,0.66665,31539
2023-10-09T17:00:00.000Z,0.66665,0.66725,0.66562,0.66717,8093
2023-10-09T21:00:00.000Z,0.66529,0.66704,0.66529,0.66678,8647
2023-10-10T01:00:00.000Z,0.66679,0.66723,0.66612,0.66703,15109
2023-10-10T05:00:00.000Z,0.66703,0.66757,0.66509,0.66547,29830
2023-10-10T09:00:00.000Z,0.66547,0.66752,0.66462,0.66695,31400
2023-10-10T13:00:00.000Z,0.66696,0.66756,0.66523,0.66559,31643
2023-10-10T17:00:00.000Z,0.66558,0.66642,0.66525,0.66596,13915
2023-10-10T21:00:00.000Z,0.66528,0.66612,0.66502,0.66575,7077
2023-10-11T01:00:00.000Z,0.66575,0.66593,0.66518,0.66579,10416
2023-10-11T05:00:00.000Z,0.66579,0.66615,0.66388,0.66399,25323
2023-10-11T09:00:00.000Z,0.66398,0.66459,0.66333,0.66375,31608
2023-10-11T13:00:00.000Z,0.66374,0.66408,0.66242,0.66342,38066
2023-10-11T17:00:00.000Z,0.66341,0.66422,0.66315,0.66353,16672
2023-10-11T21:00:00.000Z,0.66269,0.66357,0.66244,0.66317,9221
2023-10-12T01:00:00.000Z,0.66318,0.6632,0.66247,0.66281,11742
2023-10-12T05:00:00.000Z,0.6628,0.66335,0.6617,0.66208,20731
2023-10-12T09:00:00.000Z,0.66207,0.66481,0.6617,0.66372,26887
2023-10-12T13:00:00.000Z,0.66372,0.66438,0.66296,0.66354,37809
2023-10-12T17:00:00.000Z,0.66353,0.6639,0.66313,0.66352,18915
2023-10-12T21:00:00.000Z,0.66314,0.66352,0.66214,0.66306,7840
2023-10-13T01:00:00.000Z,0.66305,0.66315,0.66228,0.66228,12880
2023-10-13T05:00:00.000Z,0.66228,0.66367,0.66224,0.66316,23630
2023-10-13T09:00:00.000Z,0.66315,0.66396,0.66204,0.66258,27039
2023-10-13T13:00:00.000Z,0.66259,0.6636,0.65971,0.66002,21750
2023-10-13T17:00:00.000Z,0.66001,0.66075,0.65875,0.66063,8221
2023-10-15T21:00:00.000Z,0.65896,0.66161,0.6588,0.66095,6077
2023-10-16T01:00:00.000Z,0.66095,0.66115,0.66063,0.66078,5663
2023-10-16T05:00:00.000Z,0.66077,0.66263,0.66031,0.6615,14483
2023-10-16T09:00:00.000Z,0.66151,0.66216,0.66115,0.66183,13182
2023-10-16T13:00:00.000Z,0.66183,0.66327,0.66106,0.66177,17027
2023-10-16T17:00:00.000Z,0.66178,0.66184,0.66058,0.66133,9021
2023-10-16T21:00:00.000Z,0.6608,0.66166,0.66064,0.66119,6338
2023-10-17T01:00:00.000Z,0.66118,0.66135,0.6607,0.66102,6612
2023-10-17T05:00:00.000Z,0.66104,0.6622,0.66094,0.66156,12043
2023-10-17T09:00:00.000Z,0.66155,0.66163,0.65855,0.65927,17180
2023-10-17T13:00:00.000Z,0.65928,0.66053,0.6584,0.66023,27187
2023-10-17T17:00:00.000Z,0.66023,0.66042,0.65932,0.65966,10769
2023-10-17T21:00:00.000Z,0.65882,0.65982,0.65879,0.65936,6698
2023-10-18T01:00:00.000Z,0.65936,0.65973,0.65889,0.65937,10162
2023-10-18T05:00:00.000Z,0.65939,0.66006,0.65841,0.65943,17731
2023-10-18T09:00:00.000Z,0.65944,0.66001,0.65682,0.65771,19328
2023-10-18T13:00:00.000Z,0.65771,0.65821,0.65497,0.65572,26790
2023-10-18T17:00:00.000Z,0.65571,0.65621,0.6554,0.65541,15209
2023-10-18T21:00:00.000Z,0.65514,0.6557,0.65488,0.65525,8157
2023-10-19T01:00:00.000Z,0.65525,0.65543,0.65463,0.65475,10387
2023-10-19T05:00:00.000Z,0.65478,0.65545,0.65396,0.65474,18104
2023-10-19T09:00:00.000Z,0.65473,0.65481,0.65238,0.65282,19081
2023-10-19T13:00:00.000Z,0.65284,0.65375,0.6523,0.65247,30437
2023-10-19T17:00:00.000Z,0.65247,0.65266,0.64932,0.64983,19504
2023-10-19T21:00:00.000Z,0.64939,0.65067,0.64934,0.65013,8067
2023-10-20T01:00:00.000Z,0.65014,0.65117,0.64976,0.65109,11410
2023-10-20T05:00:00.000Z,0.65108,0.65123,0.64935,0.65104,17146
2023-10-20T09:00:00.000Z,0.65105,0.65235,0.65056,0.65223,17460
2023-10-20T13:00:00.000Z,0.65224,0.6528,0.65022,0.65144,22598
2023-10-20T17:00:00.000Z,0.65145,0.65151,0.65042,0.65071,14490
2023-10-22T21:00:00.000Z,0.64959,0.6518,0.64932,0.65163,8076
2023-10-23T01:00:00.000Z,0.65162,0.65231,0.65155,0.65214,6382
2023-10-23T05:00:00.000Z,0.65215,0.6531,0.65011,0.65082,15863
2023-10-23T09:00:00.000Z,0.65085,0.65185,0.64946,0.65165,17222
2023-10-23T13:00:00.000Z,0.65166,0.65253,0.65081,0.65196,22949
2023-10-23T17:00:00.000Z,0.65196,0.65221,0.65064,0.65071,11021
2023-10-23T21:00:00.000Z,0.65017,0.65109,0.65008,0.65084,6660
2023-10-24T01:00:00.000Z,0.65084,0.65147,0.65074,0.65132,9917
2023-10-24T05:00:00.000Z,0.65131,0.65194,0.65027,0.65128,17820
2023-10-24T09:00:00.000Z,0.65127,0.65275,0.65121,0.65215,15317
2023-10-24T13:00:00.000Z,0.65217,0.65246,0.64949,0.64983,22537
2023-10-24T17:00:00.000Z,0.64983,0.65112,0.64976,0.64991,10004
2023-10-24T21:00:00.000Z,0.64974,0.65018,0.64964,0.64999,8096
2023-10-25T01:00:00.000Z,0.64997,0.65018,0.64948,0.64955,7890
2023-10-25T05:00:00.000Z,0.64955,0.6507,0.64881,0.65042,14348
2023-10-25T09:00:00.000Z,0.65042,0.6513,0.64982,0.65008,15287
2023-10-25T13:00:00.000Z,0.65007,0.65041,0.64861,0.65011,21358
2023-10-25T17:00:00.000Z,0.65011,0.65033,0.6497,0.64991,12191
2023-10-25T21:00:00.000Z,0.64979,0.65014,0.64947,0.64959,8293
2023-10-26T01:00:00.000Z,0.64958,0.65036,0.64934,0.65005,12982
2023-10-26T05:00:00.000Z,0.65005,0.65228,0.65,0.65198,17217
2023-10-26T09:00:00.000Z,0.65197,0.65238,0.64894,0.64908,19730
2023-10-26T13:00:00.000Z,0.64914,0.6508,0.64882,0.65033,24613
2023-10-26T17:00:00.000Z,0.65031,0.65094,0.64979,0.64993,15143
2023-10-26T21:00:00.000Z,0.64932,0.65062,0.64899,0.65041,7649
2023-10-27T01:00:00.000Z,0.65042,0.65097,0.65024,0.65085,9512
2023-10-27T05:00:00.000Z,0.65086,0.65288,0.64995,0.65243,15474
2023-10-27T09:00:00.000Z,0.65244,0.6532,0.65111,0.65211,16739
2023-10-27T13:00:00.000Z,0.65212,0.65222,0.65024,0.65126,25744
2023-10-27T17:00:00.000Z,0.65125,0.65144,0.64934,0.65013,14116
2023-10-29T21:00:00.000Z,0.64966,0.65158,0.64879,0.65156,5058
2023-10-30T01:00:00.000Z,0.65154,0.65208,0.65132,0.65145,4266
2023-10-30T05:00:00.000Z,0.65146,0.65232,0.65099,0.65104,10071
2023-10-30T09:00:00.000Z,0.65103,0.65387,0.65096,0.65194,15349
2023-10-30T13:00:00.000Z,0.65194,0.65339,0.65098,0.65174,21487
2023-10-30T17:00:00.000Z,0.65174,0.65267,0.65163,0.65241,10517
2023-10-30T21:00:00.000Z,0.65124,0.65264,0.65114,0.65177,5518
2023-10-31T01:00:00.000Z,0.65178,0.65227,0.65143,0.65151,10787
2023-10-31T05:00:00.000Z,0.6515,0.65279,0.65132,0.65201,14280
2023-10-31T09:00:00.000Z,0.65203,0.65355,0.65182,0.65331,17454
2023-10-31T13:00:00.000Z,0.6533,0.65568,0.65259,0.65481,26638
2023-10-31T17:00:00.000Z,0.65481,0.65626,0.6539,0.65598,12336
2023-10-31T21:00:00.000Z,0.6549,0.65617,0.65477,0.65558,6719
2023-11-01T01:00:00.000Z,0.65558,0.65582,0.65532,0.65548,11734
2023-11-01T05:00:00.000Z,0.65548,0.65556,0.65457,0.65529,14209
2023-11-01T09:00:00.000Z,0.65531,0.65543,0.65405,0.65461,17957
2023-11-01T13:00:00.000Z,0.65462,0.6561,0.65431,0.65552,26798
2023-11-01T17:00:00.000Z,0.6555,0.65558,0.6543,0.65507,22228
2023-11-01T21:00:00.000Z,0.65476,0.65527,0.65404,0.65419,8709
2023-11-02T01:00:00.000Z,0.6542,0.6544,0.65247,0.65288,10541
2023-11-02T05:00:00.000Z,0.65287,0.65436,0.65267,0.65435,14889
2023-11-02T09:00:00.000Z,0.65434,0.6555,0.65341,0.65429,19005
2023-11-02T13:00:00.000Z,0.6543,0.65811,0.65373,0.65737,21600
2023-11-02T17:00:00.000Z,0.65736,0.65951,0.65723,0.65941,10876
2023-11-02T21:00:00.000Z,0.65919,0.65941,0.65824,0.65832,5774
2023-11-03T01:00:00.000Z,0.65831,0.65909,0.65823,0.65894,8335
2023-11-03T05:00:00.000Z,0.65894,0.65998,0.65872,0.65976,10288
2023-11-03T09:00:00.000Z,0.65976,0.65999,0.65618,0.6565,18509
2023-11-03T13:00:00.000Z,0.65651,0.65839,0.65568,0.65687,29902
2023-11-03T17:00:00.000Z,0.65687,0.6582,0.6562,0.65811,11789
2023-11-05T22:00:00.000Z,0.65769,0.65852,0.65709,0.65758,7669
2023-11-06T02:00:00.000Z,0.65758,0.65797,0.65681,0.65713,7133
2023-11-06T06:00:00.000Z,0.65714,0.65787,0.65655,0.65685,14374
2023-11-06T10:00:00.000Z,0.65684,0.65801,0.65671,0.6574,14558
2023-11-06T14:00:00.000Z,0.6574,0.65755,0.65581,0.65659,17955
2023-11-06T18:00:00.000Z,0.65659,0.65701,0.65604,0.65632,9926
2023-11-06T22:00:00.000Z,0.65585,0.65672,0.65585,0.65602,8081
2023-11-07T02:00:00.000Z,0.65602,0.65636,0.65589,0.65613,10404
2023-11-07T06:00:00.000Z,0.65612,0.65644,0.65416,0.6547,14702
2023-11-07T10:00:00.000Z,0.65469,0.65592,0.65405,0.65487,15768
2023-11-07T14:00:00.000Z,0.65486,0.65552,0.65362,0.65417,21401
2023-11-07T18:00:00.000Z,0.65417,0.6546,0.65371,0.65386,11509
2023-11-07T22:00:00.000Z,0.65307,0.65417,0.65247,0.65401,7615
2023-11-08T02:00:00.000Z,0.65402,0.65428,0.65376,0.6539,8428
2023-11-08T06:00:00.000Z,0.65391,0.65492,0.6538,0.6542,15795
2023-11-08T10:00:00.000Z,0.65421,0.65442,0.652,0.65255,16603
2023-11-08T14:00:00.000Z,0.65255,0.65325,0.65036,0.65134,23256
2023-11-08T18:00:00.000Z,0.65134,0.65216,0.65113,0.65199,12053
2023-11-08T22:00:00.000Z,0.65159,0.65225,0.65069,0.65183,8639
2023-11-09T02:00:00.000Z,0.65184,0.65229,0.65182,0.65208,6953
2023-11-09T06:00:00.000Z,0.65207,0.65305,0.65201,0.65296,15587
2023-11-09T10:00:00.000Z,0.65296,0.654,0.65262,0.65296,15944
2023-11-09T14:00:00.000Z,0.65295,0.65442,0.65293,0.65386,20705
2023-11-09T18:00:00.000Z,0.65386,0.65457,0.65308,0.65383,19190
2023-11-09T22:00:00.000Z,0.65369,0.65432,0.65331,0.65429,8724
2023-11-10T02:00:00.000Z,0.65429,0.65496,0.6541,0.65468,7161
2023-11-10T06:00:00.000Z,0.65468,0.65542,0.65326,0.65347,14562
2023-11-10T10:00:00.000Z,0.65347,0.65355,0.6518,0.65221,14869
2023-11-10T14:00:00.000Z,0.65224,0.65365,0.65183,0.65337,20704
2023-11-10T18:00:00.000Z,0.65337,0.65412,0.6533,0.65389,8608
2023-11-12T22:00:00.000Z,0.65353,0.65411,0.65314,0.65326,5677
2023-11-13T02:00:00.000Z,0.65326,0.6536,0.65295,0.65318,4531
2023-11-13T06:00:00.000Z,0.65318,0.65365,0.65279,0.65326,11875
2023-11-13T10:00:00.000Z,0.65326,0.6548,0.65308,0.65398,12501
2023-11-13T14:00:00.000Z,0.65398,0.65434,0.65326,0.65395,18100
2023-11-13T18:00:00.000Z,0.65396,0.65414,0.6529,0.65296,7844
2023-11-13T22:00:00.000Z,0.65274,0.65364,0.65264,0.65348,5044
2023-11-14T02:00:00.000Z,0.65348,0.6535,0.65291,0.65302,5423
2023-11-14T06:00:00.000Z,0.65302,0.65315,0.65186,0.65226,12321
2023-11-14T10:00:00.000Z,0.65227,0.6524,0.64976,0.65119,18053
2023-11-14T14:00:00.000Z,0.65118,0.65123,0.64887,0.64912,24867
2023-11-14T18:00:00.000Z,0.64913,0.64944,0.64853,0.64927,8683
2023-11-14T22:00:00.000Z,0.64869,0.64945,0.64842,0.64905,8391
2023-11-15T02:00:00.000Z,0.64905,0.64952,0.64901,0.64923,7992
2023-11-15T06:00:00.000Z,0.64923,0.64975,0.6478,0.64909,15849
2023-11-15T10:00:00.000Z,0.64908,0.64937,0.64787,0.64863,16723
2023-11-15T14:00:00.000Z,0.64864,0.65036,0.64841,0.64936,22832
2023-11-15T18:00:00.000Z,0.64934,0.64971,0.64882,0.64892,8772
2023-11-15T22:00:00.000Z,0.64839,0.64884,0.64737,0.64819,8514
2023-11-16T02:00:00.000Z,0.64819,0.64859,0.64799,0.64853,7575
2023-11-16T06:00:00.000Z,0.64854,0.64947,0.64829,0.64913,14393
2023-11-16T10:00:00.000Z,0.64913,0.6493,0.64679,0.64706,17332
2023-11-16T14:00:00.000Z,0.64708,0.64719,0.64408,0.64525,25036
2023-11-16T18:00:00.000Z,0.64525,0.64624,0.64517,0.64605,8265
2023-11-16T22:00:00.000Z,0.64554,0.64651,0.64514,0.64637,7345
2023-11-17T02:00:00.000Z,0.64636,0.64648,0.6458,0.64633,8078
2023-11-17T06:00:00.000Z,0.64632,0.64638,0.64536,0.64586,16972
2023-11-17T10:00:00.000Z,0.64587,0.64707,0.6458,0.64637,17654
2023-11-17T14:00:00.000Z,0.64636,0.6476,0.64519,0.64578,23605
2023-11-17T18:00:00.000Z,0.64578,0.6462,0.64539,0.64557,10729
2023-11-19T22:00:00.000Z,0.6448,0.64588,0.6447,0.64506,7284
2023-11-20T02:00:00.000Z,0.64506,0.64568,0.64472,0.64476,8582
2023-11-20T06:00:00.000Z,0.64475,0.64563,0.64404,0.64423,15620
2023-11-20T10:00:00.000Z,0.64423,0.64539,0.64407,0.64516,14005
2023-11-20T14:00:00.000Z,0.64516,0.64521,0.64259,0.6446,15475
2023-11-20T18:00:00.000Z,0.6446,0.64484,0.64419,0.6448,9553
2023-11-20T22:00:00.000Z,0.64429,0.64471,0.64379,0.64438,9440
2023-11-21T02:00:00.000Z,0.64439,0.6445,0.64365,0.64366,9001
2023-11-21T06:00:00.000Z,0.64367,0.64448,0.64338,0.64398,17004
2023-11-21T10:00:00.000Z,0.64397,0.64515,0.64328,0.64394,15915
2023-11-21T14:00:00.000Z,0.64393,0.64532,0.64391,0.64519,19857
2023-11-21T18:00:00.000Z,0.6452,0.64585,0.64474,0.64487,10785
2023-11-21T22:00:00.000Z,0.64447,0.64508,0.64447,0.64467,6421
2023-11-22T02:00:00.000Z,0.64464,0.64485,0.64436,0.64462,8166
2023-11-22T06:00:00.000Z,0.64463,0.64559,0.64414,0.64497,16520
2023-11-22T10:00:00.000Z,0.64499,0.64541,0.64253,0.64386,19843
2023-11-22T14:00:00.000Z,0.64387,0.64538,0.64357,0.64522,24500
2023-11-22T18:00:00.000Z,0.64524,0.64586,0.64488,0.64576,9680
2023-11-22T22:00:00.000Z,0.64545,0.64664,0.64514,0.64526,6013
2023-11-23T02:00:00.000Z,0.64526,0.64588,0.6449,0.64581,5837
2023-11-23T06:00:00.000Z,0.64581,0.64659,0.64488,0.6451,16027
2023-11-23T10:00:00.000Z,0.6451,0.64619,0.64482,0.64498,14838
2023-11-23T14:00:00.000Z,0.64498,0.64545,0.64431,0.64517,11159
2023-11-23T18:00:00.000Z,0.64516,0.64572,0.64496,0.64558,3962
2023-11-23T22:00:00.000Z,0.64505,0.64582,0.64394,0.64552,8024
2023-11-24T02:00:00.000Z,0.64552,0.64552,0.64456,0.64461,7335
2023-11-24T06:00:00.000Z,0.64462,0.64603,0.64454,0.64578,13513
2023-11-24T10:00:00.000Z,0.64578,0.6466,0.6451,0.64623,13947
2023-11-24T14:00:00.000Z,0.64622,0.64866,0.64616,0.64765,15462
2023-11-24T18:00:00.000Z,0.64761,0.64813,0.64524,0.64619,15966
2023-11-26T22:00:00.000Z,0.64639,0.6474,0.64624,0.64681,4738
2023-11-27T02:00:00.000Z,0.64679,0.64688,0.64576,0.64592,10321
2023-11-27T06:00:00.000Z,0.64591,0.64654,0.64524,0.64566,13339
2023-11-27T10:00:00.000Z,0.64566,0.64612,0.64452,0.64504,14869
2023-11-27T14:00:00.000Z,0.64504,0.64648,0.64502,0.6461,19409
2023-11-27T18:00:00.000Z,0.64609,0.64672,0.6458,0.64649,7761
2023-11-27T22:00:00.000Z,0.64613,0.64684,0.64579,0.64661,9703
2023-11-28T02:00:00.000Z,0.64662,0.64707,0.64661,0.64699,7084
2023-11-28T06:00:00.000Z,0.64699,0.6483,0.64696,0.64762,14023
2023-11-28T10:00:00.000Z,0.64762,0.64912,0.64647,0.64653,17289
2023-11-28T14:00:00.000Z,0.64652,0.64717,0.64557,0.64637,26491
2023-11-28T18:00:00.000Z,0.64637,0.64739,0.64628,0.64684,11069
2023-11-28T22:00:00.000Z,0.64649,0.64709,0.64586,0.64702,9428
2023-11-29T02:00:00.000Z,0.64701,0.64737,0.64679,0.64686,8299
2023-11-29T06:00:00.000Z,0.64685,0.64756,0.6454,0.64566,16796
2023-11-29T10:00:00.000Z,0.64566,0.64621,0.64468,0.64468,20029
2023-11-29T14:00:00.000Z,0.64467,0.64489,0.64299,0.64369,24816
2023-11-29T18:00:00.000Z,0.64367,0.64371,0.64245,0.643,11756
2023-11-29T22:00:00.000Z,0.64285,0.64325,0.6418,0.6423,8163
2023-11-30T02:00:00.000Z,0.6423,0.64317,0.64196,0.64286,9332
2023-11-30T06:00:00.000Z,0.64288,0.64351,0.64217,0.64289,17772
2023-11-30T10:00:00.000Z,0.64288,0.64368,0.64218,0.64255,20218
2023-11-30T14:00:00.000Z,0.64257,0.64512,0.64052,0.64398,34756
2023-11-30T18:00:00.000Z,0.64397,0.64612,0.64368,0.64531,12010
2023-11-30T22:00:00.000Z,0.64435,0.64576,0.64374,0.64566,9447
2023-12-01T02:00:00.000Z,0.64566,0.64603,0.64533,0.64568,6889
2023-12-01T06:00:00.000Z,0.64569,0.64653,0.64509,0.64637,15786
2023-12-01T10:00:00.000Z,0.64638,0.64792,0.64577,0.64781,15521
2023-12-01T14:00:00.000Z,0.6478,0.64896,0.64418,0.64491,31569
2023-12-01T18:00:00.000Z,0.6449,0.64493,0.6429,0.64401,13464
2023-12-03T22:00:00.000Z,0.64362,0.64452,0.64282,0.64424,11219
2023-12-04T02:00:00.000Z,0.64424,0.64435,0.64343,0.64393,7877
2023-12-04T06:00:00.000Z,0.64393,0.64685,0.64338,0.64433,17696
2023-12-04T10:00:00.000Z,0.64433,0.64524,0.6437,0.64455,17185
2023-12-04T14:00:00.000Z,0.64456,0.64661,0.64371,0.64488,28113
2023-12-04T18:00:00.000Z,0.64488,0.64491,0.64427,0.64465,9774
2023-12-04T22:00:00.000Z,0.64429,0.6447,0.64341,0.64384,9442
2023-12-05T02:00:00.000Z,0.64383,0.64387,0.64313,0.64314,7922
2023-12-05T06:00:00.000Z,0.64313,0.64532,0.643,0.64449,16949
2023-12-05T10:00:00.000Z,0.64448,0.64477,0.6426,0.64265,12210
2023-12-05T14:00:00.000Z,0.64265,0.64537,0.6426,0.64457,18840
2023-12-05T18:00:00.000Z,0.64457,0.64507,0.64347,0.64366,5028
2023-12-05T22:00:00.000Z,0.64365,0.64465,0.64289,0.64457,7096
2023-12-06T02:00:00.000Z,0.64457,0.64489,0.64425,0.64429,4306
2023-12-06T06:00:00.000Z,0.64429,0.64545,0.64339,0.64352,9302
2023-12-06T10:00:00.000Z,0.64352,0.64531,0.6433,0.64388,10833
2023-12-06T14:00:00.000Z,0.64387,0.64497,0.64299,0.64392,13985
2023-12-06T18:00:00.000Z,0.64392,0.6443,0.64335,0.64341,5942
2023-12-06T22:00:00.000Z,0.64319,0.64363,0.64309,0.64358,4955
2023-12-07T02:00:00.000Z,0.64358,0.64395,0.64317,0.64356,4109
2023-12-07T06:00:00.000Z,0.64356,0.64377,0.64252,0.64277,9724
2023-12-07T10:00:00.000Z,0.64277,0.64534,0.64235,0.64398,13375
2023-12-07T14:00:00.000Z,0.64398,0.64554,0.64227,0.64293,16764
2023-12-07T18:00:00.000Z,0.64293,0.64411,0.64276,0.64336,5489
2023-12-07T22:00:00.000Z,0.64347,0.64454,0.64324,0.64438,7632
2023-12-08T02:00:00.000Z,0.64438,0.64493,0.64423,0.64452,5941
2023-12-08T06:00:00.000Z,0.64451,0.64498,0.64357,0.64444,8618
2023-12-08T10:00:00.000Z,0.64444,0.64786,0.64386,0.64725,12551
2023-12-08T14:00:00.000Z,0.64726,0.64833,0.64653,0.64758,18824
2023-12-08T18:00:00.000Z,0.64758,0.64835,0.64736,0.64751,6394
2023-12-10T22:00:00.000Z,0.64786,0.64791,0.64652,0.64663,6152
2023-12-11T02:00:00.000Z,0.64663,0.64721,0.6464,0.64716,4189
2023-12-11T06:00:00.000Z,0.64716,0.64795,0.64609,0.64659,9556
2023-12-11T10:00:00.000Z,0.64659,0.64937,0.64652,0.64834,8396
2023-12-11T14:00:00.000Z,0.64834,0.64956,0.64698,0.64815,12476
2023-12-11T18:00:00.000Z,0.64815,0.64826,0.64682,0.6471,5022
2023-12-11T22:00:00.000Z,0.64694,0.64719,0.64672,0.64699,4786
2023-12-12T02:00:00.000Z,0.64699,0.64722,0.64652,0.64674,3580
2023-12-12T06:00:00.000Z,0.64674,0.64733,0.64587,0.6469,8340
2023-12-12T10:00:00.000Z,0.64689,0.6469,0.64346,0.64541,11072
2023-12-12T14:00:00.000Z,0.64539,0.64539,0.64312,0.64376,14034
2023-12-12T18:00:00.000Z,0.64376,0.64423,0.64346,0.64406,5503
2023-12-12T22:00:00.000Z,0.64369,0.64445,0.64302,0.64419,6356
2023-12-13T02:00:00.000Z,0.64419,0.64423,0.64385,0.64411,5639
2023-12-13T06:00:00.000Z,0.64411,0.64494,0.6436,0.64442,7257
2023-12-13T10:00:00.000Z,0.64442,0.64576,0.64422,0.64554,8998
2023-12-13T14:00:00.000Z,0.64554,0.64627,0.64495,0.64569,11467
2023-12-13T18:00:00.000Z,0.64569,0.64619,0.64359,0.64487,18849
2023-12-13T22:00:00.000Z,0.64431,0.64491,0.64385,0.6444,8494
2023-12-14T02:00:00.000Z,0.6444,0.64494,0.64385,0.64432,7897
2023-12-14T06:00:00.000Z,0.64432,0.6489,0.64422,0.6474,16046
2023-12-14T10:00:00.000Z,0.6474,0.64807,0.64535,0.6475,15351
2023-12-14T14:00:00.000Z,0.64751,0.64796,0.64362,0.64417,17682
2023-12-14T18:00:00.000Z,0.64417,0.64708,0.64396,0.64699,6323
2023-12-14T22:00:00.000Z,0.64653,0.64724,0.6452,0.64686,8101
2023-12-15T02:00:00.000Z,0.64686,0.64727,0.64619,0.64718,6439
2023-12-15T06:00:00.000Z,0.64718,0.64879,0.647,0.64793,11136
2023-12-15T10:00:00.000Z,0.64794,0.64903,0.64693,0.64854,12317
2023-12-15T14:00:00.000Z,0.64854,0.65013,0.64797,0.64978,16152
2023-12-15T18:00:00.000Z,0.64978,0.65129,0.64948,0.65046,7666
2023-12-17T22:00:00.000Z,0.64996,0.65089,0.64972,0.65042,7736
2023-12-18T02:00:00.000Z,0.65042,0.65046,0.64977,0.6499,5076
2023-12-18T06:00:00.000Z,0.64989,0.65026,0.64875,0.64949,7071
2023-12-18T10:00:00.000Z,0.64949,0.65022,0.64857,0.64917,9652
2023-12-18T14:00:00.000Z,0.64917,0.64972,0.64672,0.64795,12321
2023-12-18T18:00:00.000Z,0.64796,0.64853,0.64704,0.64711,5539
2023-12-18T22:00:00.000Z,0.64701,0.64769,0.64697,0.64756,5203
2023-12-19T02:00:00.000Z,0.64756,0.64773,0.6466,0.64664,5195
2023-12-19T06:00:00.000Z,0.64662,0.64782,0.64594,0.64694,8889
2023-12-19T10:00:00.000Z,0.64694,0.64767,0.64479,0.64702,8635
2023-12-19T14:00:00.000Z,0.64703,0.64794,0.64404,0.64594,13528
2023-12-19T18:00:00.000Z,0.64594,0.64616,0.64511,0.64568,4346
2023-12-19T22:00:00.000Z,0.64434,0.64545,0.644,0.64514,6071
2023-12-20T02:00:00.000Z,0.64514,0.64542,0.64498,0.64519,3313
2023-12-20T06:00:00.000Z,0.64519,0.64666,0.64445,0.64622,9674
2023-12-20T10:00:00.000Z,0.64622,0.64813,0.6458,0.6461,8164
2023-12-20T14:00:00.000Z,0.64611,0.64727,0.64547,0.64686,10587
2023-12-20T18:00:00.000Z,0.64687,0.6472,0.64519,0.64523,7502
2023-12-20T22:00:00.000Z,0.64489,0.646,0.64437,0.64545,4786
2023-12-21T02:00:00.000Z,0.64545,0.64577,0.64495,0.64523,5920
2023-12-21T06:00:00.000Z,0.64523,0.64706,0.64522,0.64579,9558
2023-12-21T10:00:00.000Z,0.64579,0.64605,0.6422,0.64358,13769
2023-12-21T14:00:00.000Z,0.64359,0.64541,0.64263,0.64466,20465
2023-12-21T18:00:00.000Z,0.64466,0.64524,0.64446,0.64446,8579
2023-12-21T22:00:00.000Z,0.64457,0.64503,0.64419,0.64467,7422
2023-12-22T02:00:00.000Z,0.64467,0.64504,0.64459,0.64485,5986
2023-12-22T06:00:00.000Z,0.64485,0.6454,0.64399,0.64432,10693
2023-12-22T10:00:00.000Z,0.64432,0.64449,0.64229,0.64309,13703
2023-12-22T14:00:00.000Z,0.64305,0.64614,0.64198,0.64541,19012
2023-12-22T18:00:00.000Z,0.64541,0.64555,0.6447,0.64491,7439
2023-12-25T22:00:00.000Z,0.64415,0.64611,0.64412,0.64557,3661
2023-12-26T02:00:00.000Z,0.64558,0.64565,0.64502,0.64512,2489
2023-12-26T06:00:00.000Z,0.64513,0.64727,0.64494,0.6469,4906
2023-12-26T10:00:00.000Z,0.64688,0.64752,0.64604,0.64731,5132
2023-12-26T14:00:00.000Z,0.64731,0.6479,0.64665,0.64723,5646
2023-12-26T18:00:00.000Z,0.64725,0.64726,0.64615,0.64675,3377
2023-12-26T22:00:00.000Z,0.64629,0.64711,0.64579,0.64689,2516
2023-12-27T02:00:00.000Z,0.64689,0.64734,0.64683,0.64723,3004
2023-12-27T06:00:00.000Z,0.64724,0.64794,0.6449,0.64521,5965
2023-12-27T10:00:00.000Z,0.64521,0.64662,0.64515,0.64524,6031
2023-12-27T14:00:00.000Z,0.64524,0.64603,0.63705,0.63854,13155
2023-12-27T18:00:00.000Z,0.63854,0.63879,0.63724,0.63828,6042
2023-12-27T22:00:00.000Z,0.63729,0.63871,0.63702,0.63709,4615
2023-12-28T02:00:00.000Z,0.63709,0.63736,0.63564,0.63662,6636
2023-12-28T06:00:00.000Z,0.63662,0.63704,0.63108,0.63218,10798
2023-12-28T10:00:00.000Z,0.63218,0.63561,0.63196,0.63537,9287
2023-12-28T14:00:00.000Z,0.63536,0.63686,0.63145,0.63623,12909
2023-12-28T18:00:00.000Z,0.63624,0.63882,0.63605,0.63865,6842
2023-12-28T22:00:00.000Z,0.63799,0.63861,0.63657,0.63696,5633
2023-12-29T02:00:00.000Z,0.63696,0.63767,0.63682,0.63753,7279
2023-12-29T06:00:00.000Z,0.63752,0.63755,0.63347,0.63406,8485
2023-12-29T10:00:00.000Z,0.63406,0.63408,0.63027,0.63371,9825
2023-12-29T14:00:00.000Z,0.63371,0.63943,0.63307,0.63536,14549
2023-12-29T18:00:00.000Z,0.63536,0.63608,0.63444,0.63471,6191
2024-01-01T22:00:00.000Z,0.63389,0.63659,0.633,0.63628,4484
2024-01-02T02:00:00.000Z,0.63628,0.6378,0.6361,0.63752,5556
2024-01-02T06:00:00.000Z,0.63752,0.63916,0.63644,0.63846,11652
2024-01-02T10:00:00.000Z,0.63846,0.6409,0.63743,0.63863,13049
2024-01-02T14:00:00.000Z,0.63864,0.63904,0.63558,0.63895,18434
2024-01-02T18:00:00.000Z,0.63895,0.63895,0.63702,0.63827,6569
2024-01-02T22:00:00.000Z,0.63769,0.63827,0.63728,0.63741,5140
2024-01-03T02:00:00.000Z,0.63741,0.63789,0.63688,0.6377,5949
2024-01-03T06:00:00.000Z,0.6377,0.63919,0.63721,0.63891,12107
2024-01-03T10:00:00.000Z,0.63891,0.64111,0.63816,0.63816,12962
2024-01-03T14:00:00.000Z,0.63816,0.63969,0.63682,0.63742,19240
2024-01-03T18:00:00.000Z,0.63742,0.63802,0.63572,0.63594,12250
2024-01-03T22:00:00.000Z,0.63597,0.63724,0.63541,0.63711,6411
2024-01-04T02:00:00.000Z,0.63711,0.63716,0.63587,0.63698,5463
2024-01-04T06:00:00.000Z,0.63698,0.63875,0.63633,0.63752,12242
2024-01-04T10:00:00.000Z,0.63752,0.6387,0.63701,0.63736,11763
2024-01-04T14:00:00.000Z,0.63736,0.63802,0.63576,0.63752,15930
2024-01-04T18:00:00.000Z,0.63752,0.63816,0.63637,0.6367,5434
2024-01-04T22:00:00.000Z,0.63629,0.63687,0.63568,0.63607,5337
2024-01-05T02:00:00.000Z,0.63607,0.63672,0.63594,0.63645,3535
2024-01-05T06:00:00.000Z,0.63645,0.63815,0.63642,0.63781,11471
2024-01-05T10:00:00.000Z,0.63781,0.64037,0.637,0.63833,12429
2024-01-05T14:00:00.000Z,0.63833,0.63839,0.63477,0.63702,22315
2024-01-05T18:00:00.000Z,0.63702,0.63723,0.63539,0.63643,7887
2024-01-07T22:00:00.000Z,0.63541,0.63693,0.63538,0.63662,4516
2024-01-08T02:00:00.000Z,0.63662,0.63717,0.63658,0.63677,3919
2024-01-08T06:00:00.000Z,0.63678,0.63701,0.63465,0.63589,11528
2024-01-08T10:00:00.000Z,0.63589,0.63628,0.63416,0.63438,10702
2024-01-08T14:00:00.000Z,0.63438,0.6346,0.63249,0.63367,12809
2024-01-08T18:00:00.000Z,0.63367,0.63544,0.63367,0.6354,5411
2024-01-08T22:00:00.000Z,0.63528,0.63544,0.63413,0.63415,4989
2024-01-09T02:00:00.000Z,0.63416,0.6348,0.63405,0.63437,4509
2024-01-09T06:00:00.000Z,0.63437,0.63643,0.63427,0.63626,9776
2024-01-09T10:00:00.000Z,0.63626,0.6377,0.63552,0.63557,9957
2024-01-09T14:00:00.000Z,0.63557,0.63649,0.63461,0.6359,13169
2024-01-09T18:00:00.000Z,0.6359,0.63676,0.63567,0.63657,6472
2024-01-09T22:00:00.000Z,0.63629,0.63694,0.63542,0.63677,4384
2024-01-10T02:00:00.000Z,0.63677,0.637,0.63661,0.63684,4158
2024-01-10T06:00:00.000Z,0.63684,0.63756,0.63612,0.63726,9265
2024-01-10T10:00:00.000Z,0.63726,0.6379,0.6365,0.63695,7835
2024-01-10T14:00:00.000Z,0.63695,0.63767,0.63577,0.63599,11343
2024-01-10T18:00:00.000Z,0.63599,0.6367,0.63573,0.6359,6243
2024-01-10T22:00:00.000Z,0.63584,0.636,0.63545,0.63555,3932
2024-01-11T02:00:00.000Z,0.63555,0.63627,0.63552,0.6362,3807
2024-01-11T06:00:00.000Z,0.6362,0.63665,0.63553,0.63633,7777
2024-01-11T10:00:00.000Z,0.63633,0.63799,0.63499,0.63774,12206
2024-01-11T14:00:00.000Z,0.63775,0.63872,0.63574,0.63716,22335
2024-01-11T18:00:00.000Z,0.63716,0.63778,0.63593,0.63607,8589
2024-01-11T22:00:00.000Z,0.63594,0.6369,0.6356,0.63673,8643
2024-01-12T02:00:00.000Z,0.63673,0.63708,0.63654,0.63698,3589
2024-01-12T06:00:00.000Z,0.63698,0.63924,0.63684,0.63914,9127
2024-01-12T10:00:00.000Z,0.63914,0.6393,0.63725,0.63832,12071
2024-01-12T14:00:00.000Z,0.63832,0.63836,0.63561,0.6367,17327
2024-01-12T18:00:00.000Z,0.63672,0.63683,0.63544,0.63591,6445
2024-01-14T22:00:00.000Z,0.63553,0.63688,0.63516,0.63683,4933
2024-01-15T02:00:00.000Z,0.63683,0.63691,0.6363,0.63634,3268
2024-01-15T06:00:00.000Z,0.63634,0.63743,0.63554,0.63651,7973
2024-01-15T10:00:00.000Z,0.63651,0.63696,0.6356,0.63568,8524
2024-01-15T14:00:00.000Z,0.63568,0.63696,0.63559,0.63692,7208
2024-01-15T18:00:00.000Z,0.63692,0.63747,0.63687,0.63721,1624
2024-01-15T22:00:00.000Z,0.63694,0.63745,0.63668,0.63688,9992
2024-01-16T02:00:00.000Z,0.63688,0.63762,0.63647,0.63745,5386
2024-01-16T06:00:00.000Z,0.63745,0.63861,0.63658,0.6375,12316
2024-01-16T10:00:00.000Z,0.63749,0.6397,0.63724,0.63943,12284
2024-01-16T14:00:00.000Z,0.63944,0.63956,0.63744,0.63887,18725
2024-01-16T18:00:00.000Z,0.63887,0.63887,0.63787,0.63844,6190
2024-01-16T22:00:00.000Z,0.63764,0.63894,0.6375,0.63849,6953
2024-01-17T02:00:00.000Z,0.63849,0.63893,0.63839,0.63841,4346
2024-01-17T06:00:00.000Z,0.63841,0.63877,0.63706,0.63752,12032
2024-01-17T10:00:00.000Z,0.63756,0.64128,0.63675,0.64061,12546
2024-01-17T14:00:00.000Z,0.64061,0.64238,0.63943,0.63973,15130
2024-01-17T18:00:00.000Z,0.63973,0.6405,0.63962,0.63994,6444
2024-01-17T22:00:00.000Z,0.63954,0.64048,0.63944,0.6404,5568
2024-01-18T02:00:00.000Z,0.64042,0.64093,0.64013,0.64087,4602
2024-01-18T06:00:00.000Z,0.64086,0.6417,0.64023,0.64048,10559
2024-01-18T10:00:00.000Z,0.64048,0.64271,0.64038,0.6426,10592
2024-01-18T14:00:00.000Z,0.6426,0.64365,0.64193,0.64312,17484
2024-01-18T18:00:00.000Z,0.64312,0.64387,0.64284,0.6436,7572
2024-01-18T22:00:00.000Z,0.64354,0.64395,0.64238,0.64366,6645
2024-01-19T02:00:00.000Z,0.64366,0.64398,0.64346,0.64358,4603
2024-01-19T06:00:00.000Z,0.64358,0.64516,0.64326,0.64487,9082
2024-01-19T10:00:00.000Z,0.64487,0.64566,0.64438,0.64483,8339
2024-01-19T14:00:00.000Z,0.64483,0.64598,0.64436,0.64561,15318
2024-01-19T18:00:00.000Z,0.64561,0.64689,0.6456,0.64632,6329
2024-01-21T22:00:00.000Z,0.64642,0.64703,0.64544,0.64631,8380
2024-01-22T02:00:00.000Z,0.6463,0.64638,0.64592,0.64603,4827
2024-01-22T06:00:00.000Z,0.64603,0.64694,0.64547,0.64627,10451
2024-01-22T10:00:00.000Z,0.64627,0.64716,0.64534,0.64549,9570
2024-01-22T14:00:00.000Z,0.64549,0.64704,0.64523,0.6456,11338
2024-01-22T18:00:00.000Z,0.6456,0.64571,0.64434,0.64467,5888
2024-01-22T22:00:00.000Z,0.64462,0.64496,0.64385,0.64386,4999
2024-01-23T02:00:00.000Z,0.64386,0.64397,0.64305,0.64308,6957
2024-01-23T06:00:00.000Z,0.64308,0.64467,0.64281,0.64417,11532
2024-01-23T10:00:00.000Z,0.64417,0.64529,0.64395,0.64456,8598
2024-01-23T14:00:00.000Z,0.64456,0.64741,0.64455,0.64625,10669
2024-01-23T18:00:00.000Z,0.64625,0.64684,0.64586,0.64656,4505
2024-01-23T22:00:00.000Z,0.64619,0.64647,0.64556,0.64557,3953
2024-01-24T02:00:00.000Z,0.64557,0.64559,0.64503,0.64525,4989
2024-01-24T06:00:00.000Z,0.64526,0.64596,0.64345,0.64351,10562
2024-01-24T10:00:00.000Z,0.64351,0.64377,0.64077,0.64101,11367
2024-01-24T14:00:00.000Z,0.64105,0.64201,0.6395,0.63954,16232
2024-01-24T18:00:00.000Z,0.63954,0.63978,0.63789,0.63801,8036
2024-01-24T22:00:00.000Z,0.63789,0.63912,0.63752,0.63896,5170
2024-01-25T02:00:00.000Z,0.63896,0.63963,0.63882,0.63936,5343
2024-01-25T06:00:00.000Z,0.63936,0.63947,0.63799,0.63923,9970
2024-01-25T10:00:00.000Z,0.63922,0.64123,0.63894,0.64117,12372
2024-01-25T14:00:00.000Z,0.64117,0.64314,0.64065,0.64273,18505
2024-01-25T18:00:00.000Z,0.64273,0.64388,0.64229,0.64361,8488
2024-01-25T22:00:00.000Z,0.64304,0.64377,0.64209,0.64331,5453
2024-01-26T02:00:00.000Z,0.64331,0.64382,0.64322,0.64359,4294
2024-01-26T06:00:00.000Z,0.64359,0.64433,0.64196,0.64284,9478
2024-01-26T10:00:00.000Z,0.64284,0.64375,0.64106,0.64288,11878
2024-01-26T14:00:00.000Z,0.64289,0.64302,0.64082,0.64154,14257
2024-01-26T18:00:00.000Z,0.64154,0.64281,0.64149,0.64221,6015
2024-01-28T22:00:00.000Z,0.64215,0.64275,0.64144,0.64203,4713
2024-01-29T02:00:00.000Z,0.64203,0.64239,0.64169,0.64234,3801
2024-01-29T06:00:00.000Z,0.64234,0.64253,0.64042,0.64148,9660
2024-01-29T10:00:00.000Z,0.64149,0.64271,0.64099,0.64231,8352
2024-01-29T14:00:00.000Z,0.64231,0.643,0.64153,0.64241,11507
2024-01-29T18:00:00.000Z,0.64241,0.64277,0.64165,0.64202,6765
2024-01-29T22:00:00.000Z,0.64144,0.64266,0.64143,0.64245,5780
2024-01-30T02:00:00.000Z,0.64245,0.64275,0.64239,0.64262,3794
2024-01-30T06:00:00.000Z,0.64263,0.64424,0.64206,0.64381,10647
2024-01-30T10:00:00.000Z,0.64381,0.64449,0.64152,0.64161,9372
2024-01-30T14:00:00.000Z,0.64161,0.6435,0.64146,0.64303,13668
2024-01-30T18:00:00.000Z,0.64303,0.64347,0.64279,0.6432,4878
2024-01-30T22:00:00.000Z,0.64294,0.64333,0.64255,0.64293,5122
2024-01-31T02:00:00.000Z,0.64293,0.64346,0.64275,0.64302,4285
2024-01-31T06:00:00.000Z,0.64302,0.64382,0.64218,0.64276,10028
2024-01-31T10:00:00.000Z,0.64276,0.64355,0.64151,0.6429,10758
2024-01-31T14:00:00.000Z,0.6429,0.64325,0.63917,0.64183,20560
2024-01-31T18:00:00.000Z,0.64183,0.64358,0.64091,0.64105,20749
2024-01-31T22:00:00.000Z,0.64014,0.64263,0.64007,0.64253,6028
2024-02-01T02:00:00.000Z,0.64253,0.64259,0.64206,0.64214,4947
2024-02-01T06:00:00.000Z,0.64214,0.64264,0.64112,0.6416,10652
2024-02-01T10:00:00.000Z,0.64157,0.64228,0.64067,0.64167,12787
2024-02-01T14:00:00.000Z,0.64167,0.64265,0.64015,0.64156,21179
2024-02-01T18:00:00.000Z,0.64155,0.64199,0.64033,0.64091,8304
2024-02-01T22:00:00.000Z,0.63974,0.64119,0.63974,0.64105,5591
2024-02-02T02:00:00.000Z,0.64105,0.64115,0.64047,0.64092,5926
2024-02-02T06:00:00.000Z,0.64093,0.6412,0.63994,0.64051,9027
2024-02-02T10:00:00.000Z,0.64051,0.64326,0.63941,0.64275,11943
2024-02-02T14:00:00.000Z,0.64275,0.64476,0.64098,0.64417,20637
2024-02-02T18:00:00.000Z,0.64417,0.64443,0.64347,0.64369,7887
2024-02-04T22:00:00.000Z,0.64311,0.64408,0.64226,0.64381,6864
2024-02-05T02:00:00.000Z,0.64381,0.64432,0.64356,0.64413,5753
2024-02-05T06:00:00.000Z,0.64413,0.64533,0.64343,0.64522,10731
2024-02-05T10:00:00.000Z,0.64522,0.64542,0.64391,0.64455,9740
2024-02-05T14:00:00.000Z,0.64454,0.64486,0.64257,0.64318,14777
2024-02-05T18:00:00.000Z,0.64318,0.64333,0.64263,0.64289,6051
2024-02-05T22:00:00.000Z,0.64285,0.64375,0.64267,0.64371,3721
2024-02-06T02:00:00.000Z,0.64371,0.64384,0.64327,0.64345,5601
2024-02-06T06:00:00.000Z,0.64345,0.64483,0.6433,0.6448,9403
2024-02-06T10:00:00.000Z,0.6448,0.64525,0.64414,0.645,10906
2024-02-06T14:00:00.000Z,0.645,0.64584,0.64349,0.64514,17429
2024-02-06T18:00:00.000Z,0.64514,0.64546,0.64452,0.64459,7824
2024-02-06T22:00:00.000Z,0.64439,0.64494,0.64413,0.64485,4400
2024-02-07T02:00:00.000Z,0.64486,0.64524,0.64466,0.64477,5168
2024-02-07T06:00:00.000Z,0.64477,0.64691,0.64451,0.64673,9932
2024-02-07T10:00:00.000Z,0.64673,0.64783,0.64657,0.64703,10520
2024-02-07T14:00:00.000Z,0.64703,0.64894,0.64604,0.64855,17927
2024-02-07T18:00:00.000Z,0.64855,0.64959,0.64832,0.6495,7794
2024-02-07T22:00:00.000Z,0.64854,0.64964,0.64854,0.64899,5060
2024-02-08T02:00:00.000Z,0.64899,0.6491,0.6486,0.64889,5269
2024-02-08T06:00:00.000Z,0.64889,0.64931,0.64788,0.64827,9729
2024-02-08T10:00:00.000Z,0.64827,0.64952,0.64805,0.64949,12780
2024-02-08T14:00:00.000Z,0.64949,0.65029,0.64862,0.6493,15138
2024-02-08T18:00:00.000Z,0.6493,0.64992,0.64885,0.64908,6432
2024-02-08T22:00:00.000Z,0.64818,0.64915,0.64818,0.64898,4514
2024-02-09T02:00:00.000Z,0.64898,0.64939,0.6489,0.64932,3958
2024-02-09T06:00:00.000Z,0.64932,0.65102,0.64932,0.65071,8578
2024-02-09T10:00:00.000Z,0.65071,0.65183,0.65034,0.6509,11299
2024-02-09T14:00:00.000Z,0.65094,0.65103,0.64895,0.6495,15217
2024-02-09T18:00:00.000Z,0.64951,0.65035,0.64929,0.64965,5467
2024-02-11T22:00:00.000Z,0.64903,0.64986,0.64887,0.6496,2637
2024-02-12T02:00:00.000Z,0.64961,0.64978,0.64944,0.64959,2793
2024-02-12T06:00:00.000Z,0.64959,0.65034,0.64864,0.65016,8966
2024-02-12T10:00:00.000Z,0.65016,0.65114,0.6497,0.65082,8621
2024-02-12T14:00:00.000Z,0.65082,0.65194,0.65053,0.65132,10843
2024-02-12T18:00:00.000Z,0.65132,0.65171,0.65074,0.65094,5542
2024-02-12T22:00:00.000Z,0.65016,0.65124,0.64999,0.65119,4379
2024-02-13T02:00:00.000Z,0.65119,0.65132,0.65082,0.65095,5338
2024-02-13T06:00:00.000Z,0.65095,0.65518,0.65086,0.65391,11265
2024-02-13T10:00:00.000Z,0.65391,0.65587,0.65266,0.65488,14054
2024-02-13T14:00:00.000Z,0.65486,0.65543,0.65301,0.65375,19899
2024-02-13T18:00:00.000Z,0.65376,0.65416,0.65294,0.65393,7562
2024-02-13T22:00:00.000Z,0.65355,0.65417,0.65341,0.65374,5261
2024-02-14T02:00:00.000Z,0.65374,0.65379,0.65342,0.65351,3766
2024-02-14T06:00:00.000Z,0.65351,0.65566,0.65347,0.6551,10372
2024-02-14T10:00:00.000Z,0.6551,0.65584,0.65396,0.65414,10286
2024-02-14T14:00:00.000Z,0.65414,0.65493,0.65293,0.65331,14056
2024-02-14T18:00:00.000Z,0.65333,0.65407,0.65312,0.65399,5431
2024-02-14T22:00:00.000Z,0.65335,0.65411,0.6531,0.65374,5213
2024-02-15T02:00:00.000Z,0.65374,0.65384,0.65335,0.65341,4008
2024-02-15T06:00:00.000Z,0.65341,0.65351,0.65177,0.65242,8961
2024-02-15T10:00:00.000Z,0.65242,0.65271,0.65091,0.65184,10586
2024-02-15T14:00:00.000Z,0.65184,0.65299,0.65102,0.65275,17130
2024-02-15T18:00:00.000Z,0.65275,0.65351,0.65235,0.65349,6606
2024-02-15T22:00:00.000Z,0.6526,0.65352,0.65253,0.65328,4657
2024-02-16T02:00:00.000Z,0.65328,0.65361,0.65313,0.6534,3029
2024-02-16T06:00:00.000Z,0.6534,0.65405,0.65314,0.65354,7495
2024-02-16T10:00:00.000Z,0.65355,0.65463,0.65308,0.65388,9145
2024-02-16T14:00:00.000Z,0.65386,0.65433,0.65291,0.65358,14234
2024-02-16T18:00:00.000Z,0.65357,0.65369,0.65271,0.65318,6928
2024-02-18T22:00:00.000Z,0.65262,0.65342,0.65242,0.65338,4108
2024-02-19T02:00:00.000Z,0.65338,0.65389,0.65322,0.65355,6354
2024-02-19T06:00:00.000Z,0.65356,0.65416,0.65306,0.65392,8020
2024-02-19T10:00:00.000Z,0.65392,0.65399,0.65307,0.65359,6218
2024-02-19T14:00:00.000Z,0.65359,0.65435,0.65329,0.65434,5468
2024-02-19T18:00:00.000Z,0.65434,0.65434,0.65371,0.65402,1635
2024-02-19T22:00:00.000Z,0.65359,0.65426,0.65359,0.65382,5179
2024-02-20T02:00:00.000Z,0.65383,0.65397,0.6533,0.65356,4862
2024-02-20T06:00:00.000Z,0.65356,0.65434,0.65311,0.65342,7156
2024-02-20T10:00:00.000Z,0.65342,0.65452,0.6505,0.65095,10037
2024-02-20T14:00:00.000Z,0.65094,0.65196,0.65018,0.65173,15453
2024-02-20T18:00:00.000Z,0.65173,0.65229,0.65147,0.65208,6211
2024-02-20T22:00:00.000Z,0.65164,0.65227,0.65127,0.65198,3704
2024-02-21T02:00:00.000Z,0.65198,0.6521,0.65176,0.65189,3375
2024-02-21T06:00:00.000Z,0.65189,0.65237,0.65057,0.65096,7876
2024-02-21T10:00:00.000Z,0.65095,0.6512,0.6503,0.65067,7749
2024-02-21T14:00:00.000Z,0.65068,0.65199,0.6505,0.65176,11190
2024-02-21T18:00:00.000Z,0.65178,0.65185,0.6508,0.65125,9419
2024-02-21T22:00:00.000Z,0.65061,0.65168,0.65048,0.65158,6152
2024-02-22T02:00:00.000Z,0.65157,0.6518,0.65105,0.65142,5062
2024-02-22T06:00:00.000Z,0.65143,0.65215,0.6501,0.65197,10355
2024-02-22T10:00:00.000Z,0.65199,0.65273,0.65109,0.65175,10768
2024-02-22T14:00:00.000Z,0.65175,0.65351,0.65173,0.65335,13181
2024-02-22T18:00:00.000Z,0.65335,0.65356,0.65256,0.65299,8543
2024-02-22T22:00:00.000Z,0.65258,0.65299,0.65223,0.65293,5356
2024-02-23T02:00:00.000Z,0.65294,0.65342,0.65286,0.65336,3899
2024-02-23T06:00:00.000Z,0.65336,0.65354,0.65275,0.65316,8885
2024-02-23T10:00:00.000Z,0.65314,0.65351,0.65202,0.65342,10257
2024-02-23T14:00:00.000Z,0.65344,0.65347,0.65169,0.65238,11904
2024-02-23T18:00:00.000Z,0.65238,0.65277,0.65221,0.65239,5748
2024-02-25T22:00:00.000Z,0.6516,0.65252,0.65116,0.65233,3942
2024-02-26T02:00:00.000Z,0.65233,0.65265,0.65192,0.65201,3162
2024-02-26T06:00:00.000Z,0.65201,0.65215,0.65053,0.65056,8149
2024-02-26T10:00:00.000Z,0.65056,0.6513,0.65014,0.65117,8585
2024-02-26T14:00:00.000Z,0.65119,0.652,0.65089,0.65156,11191
2024-02-26T18:00:00.000Z,0.65157,0.65205,0.65149,0.65152,7251
2024-02-26T22:00:00.000Z,0.65116,0.65188,0.65083,0.65161,5320
2024-02-27T02:00:00.000Z,0.65161,0.6517,0.65104,0.65155,5944
2024-02-27T06:00:00.000Z,0.65157,0.65194,0.65084,0.65189,9522
2024-02-27T10:00:00.000Z,0.65189,0.6525,0.65106,0.65174,9921
2024-02-27T14:00:00.000Z,0.65172,0.65194,0.64968,0.65053,11385
2024-02-27T18:00:00.000Z,0.65053,0.65059,0.64929,0.64936,7569
2024-02-27T22:00:00.000Z,0.64968,0.64987,0.64894,0.64956,5611
2024-02-28T02:00:00.000Z,0.64957,0.6498,0.64936,0.64965,5765
2024-02-28T06:00:00.000Z,0.64966,0.6501,0.64851,0.64861,8753
2024-02-28T10:00:00.000Z,0.64861,0.64867,0.64729,0.64808,10146
2024-02-28T14:00:00.000Z,0.64808,0.64906,0.64713,0.64776,10996
2024-02-28T18:00:00.000Z,0.64776,0.64782,0.64702,0.64723,7356
2024-02-28T22:00:00.000Z,0.64682,0.64731,0.64664,0.64696,4947
2024-02-29T02:00:00.000Z,0.64695,0.64751,0.64682,0.64699,6774
2024-02-29T06:00:00.000Z,0.64699,0.64766,0.64624,0.6463,9326
2024-02-29T10:00:00.000Z,0.6463,0.64847,0.6462,0.64805,11010
2024-02-29T14:00:00.000Z,0.64804,0.65121,0.64752,0.65091,13446
2024-02-29T18:00:00.000Z,0.65091,0.65174,0.6507,0.65134,7130
2024-02-29T22:00:00.000Z,0.65129,0.65186,0.65095,0.65172,5242
2024-03-01T02:00:00.000Z,0.65171,0.65204,0.65159,0.652,4944
2024-03-01T06:00:00.000Z,0.65203,0.65292,0.65176,0.65185,9691
2024-03-01T10:00:00.000Z,0.65183,0.65388,0.65164,0.65348,9915
2024-03-01T14:00:00.000Z,0.65347,0.65391,0.65203,0.65215,13137
2024-03-01T18:00:00.000Z,0.65216,0.65243,0.65106,0.65116,7286
2024-03-03T22:00:00.000Z,0.65105,0.6519,0.651,0.65144,4757
2024-03-04T02:00:00.000Z,0.65144,0.65148,0.65082,0.651,3855
2024-03-04T06:00:00.000Z,0.651,0.65118,0.64927,0.65066,8799
2024-03-04T10:00:00.000Z,0.65066,0.65287,0.65066,0.65187,8426
2024-03-04T14:00:00.000Z,0.65186,0.6529,0.65148,0.65158,11394
2024-03-04T18:00:00.000Z,0.65159,0.65193,0.65122,0.65188,5954
2024-03-04T22:00:00.000Z,0.65086,0.65235,0.65086,0.65234,5396
2024-03-05T02:00:00.000Z,0.65235,0.65244,0.65165,0.65181,4640
2024-03-05T06:00:00.000Z,0.65181,0.652,0.65074,0.65181,8898
2024-03-05T10:00:00.000Z,0.65181,0.65256,0.65135,0.65147,7810
2024-03-05T14:00:00.000Z,0.65147,0.65206,0.65034,0.65081,12386
2024-03-05T18:00:00.000Z,0.65081,0.65094,0.64937,0.64976,8374
2024-03-05T22:00:00.000Z,0.64925,0.65129,0.64925,0.65125,6160
2024-03-06T02:00:00.000Z,0.65124,0.65126,0.65077,0.65107,5858
2024-03-06T06:00:00.000Z,0.65106,0.65162,0.65039,0.65118,8300
2024-03-06T10:00:00.000Z,0.6512,0.65193,0.65074,0.6513,9582
2024-03-06T14:00:00.000Z,0.65131,0.6531,0.65029,0.65295,12683
2024-03-06T18:00:00.000Z,0.65295,0.65302,0.65232,0.65265,8745
2024-03-06T22:00:00.000Z,0.65198,0.65284,0.65181,0.65232,5943
2024-03-07T02:00:00.000Z,0.65235,0.65272,0.65191,0.65257,6248
2024-03-07T06:00:00.000Z,0.65255,0.6528,0.65194,0.65206,8973
2024-03-07T10:00:00.000Z,0.65207,0.65254,0.65117,0.65201,10213
2024-03-07T14:00:00.000Z,0.65201,0.65252,0.6515,0.65226,12707
2024-03-07T18:00:00.000Z,0.65226,0.65276,0.65182,0.65201,8469
2024-03-07T22:00:00.000Z,0.65102,0.6523,0.65102,0.65218,5345
2024-03-08T02:00:00.000Z,0.65218,0.65254,0.65199,0.65243,4629
2024-03-08T06:00:00.000Z,0.65243,0.65275,0.65178,0.65221,8518
2024-03-08T10:00:00.000Z,0.65221,0.65246,0.65009,0.65068,9954
2024-03-08T14:00:00.000Z,0.6507,0.65121,0.65012,0.65022,14831
2024-03-08T18:00:00.000Z,0.65022,0.65081,0.64999,0.6506,7103
2024-03-10T21:00:00.000Z,0.649,0.65091,0.64864,0.65078,4630
2024-03-11T01:00:00.000Z,0.65078,0.65094,0.65042,0.65075,6610
2024-03-11T05:00:00.000Z,0.65075,0.65112,0.64954,0.64972,7775
2024-03-11T09:00:00.000Z,0.64972,0.65112,0.6496,0.64972,9845
2024-03-11T13:00:00.000Z,0.64971,0.65154,0.64971,0.65151,11618
2024-03-11T17:00:00.000Z,0.65152,0.65155,0.6506,0.65078,6761
2024-03-11T21:00:00.000Z,0.65072,0.65097,0.65015,0.6508,5227
2024-03-12T01:00:00.000Z,0.6508,0.65114,0.65063,0.65083,6547
2024-03-12T05:00:00.000Z,0.65083,0.65104,0.65017,0.65048,7347
2024-03-12T09:00:00.000Z,0.65045,0.65087,0.64912,0.65007,10105
2024-03-12T13:00:00.000Z,0.65007,0.65139,0.64994,0.65028,14314
2024-03-12T17:00:00.000Z,0.65029,0.65082,0.65,0.65014,9027
2024-03-12T21:00:00.000Z,0.64991,0.6504,0.64961,0.65021,4437
2024-03-13T01:00:00.000Z,0.65021,0.65053,0.65001,0.65041,6431
2024-03-13T05:00:00.000Z,0.6504,0.65136,0.65025,0.65129,8082
2024-03-13T09:00:00.000Z,0.65129,0.65142,0.6501,0.65031,9175
2024-03-13T13:00:00.000Z,0.65033,0.65193,0.6502,0.65169,11640
2024-03-13T17:00:00.000Z,0.65169,0.6524,0.65123,0.65236,7352
2024-03-13T21:00:00.000Z,0.65183,0.65237,0.65181,0.65222,4250
2024-03-14T01:00:00.000Z,0.65224,0.65278,0.65211,0.65247,6244
2024-03-14T05:00:00.000Z,0.6525,0.65344,0.65235,0.65317,7625
2024-03-14T09:00:00.000Z,0.65316,0.65341,0.65224,0.65262,9035
2024-03-14T13:00:00.000Z,0.65262,0.65364,0.65256,0.65303,13180
2024-03-14T17:00:00.000Z,0.65302,0.6533,0.65268,0.65295,7025
2024-03-14T21:00:00.000Z,0.65278,0.65348,0.65225,0.65339,4503
2024-03-15T01:00:00.000Z,0.65339,0.65371,0.65324,0.65348,5926
2024-03-15T05:00:00.000Z,0.65349,0.65383,0.65239,0.65258,8369
2024-03-15T09:00:00.000Z,0.65258,0.65296,0.65165,0.65235,9149
2024-03-15T13:00:00.000Z,0.65235,0.65357,0.65228,0.65267,11650
2024-03-15T17:00:00.000Z,0.65267,0.65285,0.65215,0.65245,6009
2024-03-17T21:00:00.000Z,0.65174,0.65243,0.65157,0.65232,4390
2024-03-18T01:00:00.000Z,0.65232,0.65265,0.65211,0.65264,5368
2024-03-18T05:00:00.000Z,0.65264,0.65382,0.65245,0.6531,7588
2024-03-18T09:00:00.000Z,0.65313,0.6535,0.65146,0.65294,8673
2024-03-18T13:00:00.000Z,0.65293,0.65484,0.65279,0.65476,11014
2024-03-18T17:00:00.000Z,0.65475,0.65636,0.65463,0.65583,6386
2024-03-18T21:00:00.000Z,0.65472,0.65594,0.65452,0.65591,4569
2024-03-19T01:00:00.000Z,0.65591,0.65613,0.6554,0.65552,7919
2024-03-19T05:00:00.000Z,0.65551,0.65604,0.65357,0.65377,10020
2024-03-19T09:00:00.000Z,0.65377,0.65535,0.65184,0.65187,10438
2024-03-19T13:00:00.000Z,0.65186,0.65496,0.65158,0.6548,10079
2024-03-19T17:00:00.000Z,0.6548,0.65487,0.65442,0.6546,5731
2024-03-19T21:00:00.000Z,0.65416,0.65473,0.65375,0.65457,4814
2024-03-20T01:00:00.000Z,0.65456,0.65512,0.6545,0.65486,5251
2024-03-20T05:00:00.000Z,0.65486,0.65507,0.65423,0.65482,8031
2024-03-20T09:00:00.000Z,0.65482,0.65589,0.65471,0.65547,8653
2024-03-20T13:00:00.000Z,0.65548,0.65734,0.65519,0.65731,9358
2024-03-20T17:00:00.000Z,0.65731,0.6582,0.65613,0.65727,12602
2024-03-20T21:00:00.000Z,0.65666,0.65741,0.65651,0.65693,6910
2024-03-21T01:00:00.000Z,0.65694,0.65749,0.65623,0.65743,6220
2024-03-21T05:00:00.000Z,0.65745,0.66518,0.65711,0.66295,10302
2024-03-21T09:00:00.000Z,0.66292,0.66447,0.66081,0.66231,13062
2024-03-21T13:00:00.000Z,0.66231,0.66546,0.66226,0.66389,13254
2024-03-21T17:00:00.000Z,0.6639,0.66416,0.6633,0.66337,6858
2024-03-21T21:00:00.000Z,0.66332,0.66365,0.66297,0.66363,4238
2024-03-22T01:00:00.000Z,0.66363,0.664,0.66279,0.66297,7249
2024-03-22T05:00:00.000Z,0.66298,0.66456,0.66236,0.66401,8678
2024-03-22T09:00:00.000Z,0.66399,0.664,0.66206,0.66225,10220
2024-03-22T13:00:00.000Z,0.66225,0.66266,0.65983,0.66068,11562
2024-03-22T17:00:00.000Z,0.66068,0.66074,0.65884,0.65933,6203
2024-03-24T21:00:00.000Z,0.65904,0.65994,0.65891,0.65989,5084
2024-03-25T01:00:00.000Z,0.65989,0.66035,0.65957,0.66006,7835
2024-03-25T05:00:00.000Z,0.66006,0.6609,0.65947,0.66089,7055
2024-03-25T09:00:00.000Z,0.66089,0.66106,0.66019,0.66037,7684
2024-03-25T13:00:00.000Z,0.66037,0.66193,0.66032,0.6619,8860
2024-03-25T17:00:00.000Z,0.6619,0.66208,0.6613,0.66202,4674
2024-03-25T21:00:00.000Z,0.66165,0.66239,0.66117,0.66229,4557
2024-03-26T01:00:00.000Z,0.66228,0.66293,0.66219,0.66285,5713
2024-03-26T05:00:00.000Z,0.66285,0.6636,0.66255,0.66345,7639
2024-03-26T09:00:00.000Z,0.66345,0.66653,0.66341,0.66634,9216
2024-03-26T13:00:00.000Z,0.66634,0.66708,0.66467,0.66555,10564
2024-03-26T17:00:00.000Z,0.66555,0.66598,0.66505,0.66539,5041
2024-03-26T21:00:00.000Z,0.6652,0.66544,0.66451,0.66495,3825
2024-03-27T01:00:00.000Z,0.66496,0.66512,0.66461,0.66509,6166
2024-03-27T05:00:00.000Z,0.6651,0.6664,0.66484,0.66541,7517
2024-03-27T09:00:00.000Z,0.6654,0.66722,0.66473,0.66659,9734
2024-03-27T13:00:00.000Z,0.66658,0.66755,0.66578,0.66612,9911
2024-03-27T17:00:00.000Z,0.6661,0.66715,0.66594,0.66606,5389
2024-03-27T21:00:00.000Z,0.66617,0.66692,0.66563,0.66671,4884
2024-03-28T01:00:00.000Z,0.66671,0.66674,0.66621,0.6665,6375
2024-03-28T05:00:00.000Z,0.66651,0.66693,0.66572,0.66601,7959
2024-03-28T09:00:00.000Z,0.66601,0.66683,0.66515,0.66582,9416
2024-03-28T13:00:00.000Z,0.66582,0.66622,0.6647,0.66544,11867
2024-03-28T17:00:00.000Z,0.66541,0.66619,0.66536,0.66579,6707
2024-03-28T21:00:00.000Z,0.66562,0.66652,0.66513,0.66621,7910
2024-03-29T01:00:00.000Z,0.66621,0.66651,0.66543,0.66555,3254
2024-03-29T05:00:00.000Z,0.66555,0.66599,0.66452,0.66504,5691
2024-03-29T09:00:00.000Z,0.66514,0.66588,0.66467,0.66544,8622
2024-03-29T13:00:00.000Z,0.66544,0.66624,0.66505,0.66619,7986
2024-03-29T17:00:00.000Z,0.66621,0.66642,0.66495,0.66506,3572
2024-03-31T21:00:00.000Z,0.66542,0.66712,0.66461,0.66685,6777
2024-04-01T01:00:00.000Z,0.66686,0.66692,0.66636,0.66655,6572
2024-04-01T05:00:00.000Z,0.66657,0.66676,0.66558,0.66584,6138
2024-04-01T09:00:00.000Z,0.66585,0.66623,0.66498,0.66534,7069
2024-04-01T13:00:00.000Z,0.66534,0.66705,0.66531,0.66651,10791
2024-04-01T17:00:00.000Z,0.66648,0.66649,0.6656,0.66637,5616
2024-04-01T21:00:00.000Z,0.66619,0.66699,0.66554,0.66677,4886
2024-04-02T01:00:00.000Z,0.66677,0.66742,0.66677,0.66736,4803
2024-04-02T05:00:00.000Z,0.66736,0.67016,0.66707,0.66972,8144
2024-04-02T09:00:00.000Z,0.66972,0.67039,0.66891,0.66901,8885
2024-04-02T13:00:00.000Z,0.66901,0.66902,0.66697,0.66838,11942
2024-04-02T17:00:00.000Z,0.66837,0.66944,0.66828,0.66924,5655
2024-04-02T21:00:00.000Z,0.66826,0.66937,0.66813,0.66914,5252
2024-04-03T01:00:00.000Z,0.66916,0.66957,0.66887,0.66934,5814
2024-04-03T05:00:00.000Z,0.66934,0.6699,0.6683,0.66877,7447
2024-04-03T09:00:00.000Z,0.66875,0.67004,0.66869,0.66989,8422
2024-04-03T13:00:00.000Z,0.66987,0.6707,0.66765,0.66796,12222
2024-04-03T17:00:00.000Z,0.66797,0.66821,0.66723,0.66742,6131
2024-04-03T21:00:00.000Z,0.66708,0.66788,0.66706,0.66778,4109
2024-04-04T01:00:00.000Z,0.66778,0.66852,0.66778,0.66842,4179
2024-04-04T05:00:00.000Z,0.66842,0.6716,0.66809,0.67078,8384
2024-04-04T09:00:00.000Z,0.67077,0.67209,0.67072,0.6709,7497
2024-04-04T13:00:00.000Z,0.67091,0.67131,0.6697,0.66993,8885
2024-04-04T17:00:00.000Z,0.66993,0.67012,0.66478,0.66541,9118
2024-04-04T21:00:00.000Z,0.66478,0.66598,0.66408,0.66533,6389
2024-04-05T01:00:00.000Z,0.66532,0.66545,0.66451,0.66503,6594
2024-04-05T05:00:00.000Z,0.66504,0.66677,0.66461,0.66612,8578
2024-04-05T09:00:00.000Z,0.6661,0.66742,0.66422,0.66427,9023
2024-04-05T13:00:00.000Z,0.66426,0.66466,0.6618,0.66345,12832
2024-04-05T17:00:00.000Z,0.66345,0.66405,0.66322,0.66385,7507
2024-04-07T21:00:00.000Z,0.66266,0.66456,0.66205,0.66407,6280
2024-04-08T01:00:00.000Z,0.66409,0.66479,0.6639,0.66459,8262
2024-04-08T05:00:00.000Z,0.66459,0.66622,0.664,0.66595,10000
2024-04-08T09:00:00.000Z,0.66595,0.66694,0.66566,0.66616,8734
2024-04-08T13:00:00.000Z,0.66616,0.66685,0.6657,0.66668,11017
2024-04-08T17:00:00.000Z,0.66668,0.6673,0.6661,0.66727,6051
2024-04-08T21:00:00.000Z,0.66631,0.66725,0.66592,0.66711,5360
2024-04-09T01:00:00.000Z,0.66712,0.66712,0.66608,0.66636,4852
2024-04-09T05:00:00.000Z,0.66637,0.66658,0.66588,0.66634,6559
2024-04-09T09:00:00.000Z,0.66634,0.66645,0.66479,0.66485,9545
2024-04-09T13:00:00.000Z,0.66485,0.66562,0.66433,0.665,11860
2024-04-09T17:00:00.000Z,0.665,0.66579,0.66496,0.66569,6858
2024-04-09T21:00:00.000Z,0.66485,0.66585,0.66471,0.6658,4571
2024-04-10T01:00:00.000Z,0.66581,0.6663,0.6656,0.666,5601
2024-04-10T05:00:00.000Z,0.66602,0.66659,0.6657,0.66621,7555
2024-04-10T09:00:00.000Z,0.66621,0.66677,0.66518,0.66594,13171
2024-04-10T13:00:00.000Z,0.66593,0.66843,0.66563,0.66773,23069
2024-04-10T17:00:00.000Z,0.66773,0.66788,0.66569,0.66708,14742
2024-04-10T21:00:00.000Z,0.66713,0.66727,0.66661,0.66708,7062
2024-04-11T01:00:00.000Z,0.66708,0.66727,0.66689,0.66716,7687
2024-04-11T05:00:00.000Z,0.66716,0.66826,0.667,0.66767,13106
2024-04-11T09:00:00.000Z,0.66767,0.66787,0.66389,0.66479,17226
2024-04-11T13:00:00.000Z,0.66479,0.66574,0.66385,0.66441,20051
2024-04-11T17:00:00.000Z,0.66442,0.6651,0.66424,0.66466,9799
2024-04-11T21:00:00.000Z,0.66453,0.66502,0.66394,0.66463,5148
2024-04-12T01:00:00.000Z,0.66464,0.6649,0.66432,0.66467,8232
2024-04-12T05:00:00.000Z,0.66467,0.66525,0.66431,0.66437,12398
2024-04-12T09:00:00.000Z,0.66436,0.66501,0.66141,0.66209,14327
2024-04-12T13:00:00.000Z,0.6621,0.66377,0.66143,0.66243,22580
2024-04-12T17:00:00.000Z,0.66244,0.664,0.66204,0.66392,10790
2024-04-14T21:00:00.000Z,0.66152,0.66435,0.66111,0.66404,10518
2024-04-15T01:00:00.000Z,0.66403,0.66466,0.66344,0.66461,10908
2024-04-15T05:00:00.000Z,0.66461,0.6647,0.66337,0.66444,13413
2024-04-15T09:00:00.000Z,0.66443,0.66529,0.66387,0.66487,13607
2024-04-15T13:00:00.000Z,0.66489,0.66561,0.66332,0.66364,18486
2024-04-15T17:00:00.000Z,0.66364,0.6637,0.6612,0.66123,13264
2024-04-15T21:00:00.000Z,0.66068,0.6617,0.66054,0.66165,5866
2024-04-16T01:00:00.000Z,0.66166,0.66167,0.66108,0.66152,9739
2024-04-16T05:00:00.000Z,0.66152,0.66251,0.66081,0.66189,13477
2024-04-16T09:00:00.000Z,0.66189,0.66242,0.65946,0.65994,14373
2024-04-16T13:00:00.000Z,0.65996,0.6608,0.6591,0.66006,19869
2024-04-16T17:00:00.000Z,0.66007,0.66089,0.65984,0.66002,14406
2024-04-16T21:00:00.000Z,0.65974,0.66057,0.65957,0.65996,6124
2024-04-17T01:00:00.000Z,0.65996,0.66035,0.6598,0.66011,7830
2024-04-17T05:00:00.000Z,0.66011,0.66011,0.65869,0.659,12855
2024-04-17T09:00:00.000Z,0.65899,0.66035,0.65887,0.66017,11668
2024-04-17T13:00:00.000Z,0.66019,0.66157,0.65971,0.65979,18877
2024-04-17T17:00:00.000Z,0.65979,0.66129,0.65958,0.66116,13135
2024-04-17T21:00:00.000Z,0.66082,0.66137,0.66045,0.66115,5975
2024-04-18T01:00:00.000Z,0.66115,0.66175,0.66103,0.66167,8457
2024-04-18T05:00:00.000Z,0.66168,0.66171,0.66038,0.66056,11908
2024-04-18T09:00:00.000Z,0.66057,0.66136,0.66017,0.66121,12284
2024-04-18T13:00:00.000Z,0.66122,0.66321,0.66118,0.66238,17829
2024-04-18T17:00:00.000Z,0.66237,0.66278,0.66148,0.66264,9893
2024-04-18T21:00:00.000Z,0.66223,0.66296,0.66174,0.66177,6227
2024-04-19T01:00:00.000Z,0.66179,0.662,0.65296,0.65913,23484
2024-04-19T05:00:00.000Z,0.65912,0.66088,0.65834,0.66007,18744
2024-04-19T09:00:00.000Z,0.66007,0.66089,0.65945,0.65994,14487
2024-04-19T13:00:00.000Z,0.65994,0.66245,0.6598,0.66214,18166
2024-04-19T17:00:00.000Z,0.66212,0.66229,0.66143,0.6619,10483
2024-04-21T21:00:00.000Z,0.66126,0.66347,0.66122,0.66293,7687
2024-04-22T01:00:00.000Z,0.66292,0.66441,0.66281,0.66405,8912
2024-04-22T05:00:00.000Z,0.66404,0.6645,0.66236,0.66339,12290
2024-04-22T09:00:00.000Z,0.6634,0.6647,0.66328,0.66375,12837
2024-04-22T13:00:00.000Z,0.66374,0.66514,0.66322,0.66488,14270
2024-04-22T17:00:00.000Z,0.66488,0.66569,0.66465,0.6656,8264
2024-04-22T21:00:00.000Z,0.66534,0.66576,0.66471,0.66557,9180
2024-04-23T01:00:00.000Z,0.66557,0.66594,0.66532,0.66592,8445
2024-04-23T05:00:00.000Z,0.66592,0.66625,0.66437,0.66514,12327
2024-04-23T09:00:00.000Z,0.66513,0.66569,0.66468,0.66549,11269
2024-04-23T13:00:00.000Z,0.6655,0.66743,0.66453,0.66693,17386
2024-04-23T17:00:00.000Z,0.66694,0.66746,0.66637,0.66739,8054
2024-04-23T21:00:00.000Z,0.66681,0.66752,0.66652,0.66733,5124
2024-04-24T01:00:00.000Z,0.66733,0.66756,0.66707,0.66713,6924
2024-04-24T05:00:00.000Z,0.66713,0.6686,0.66704,0.66828,10018
2024-04-24T09:00:00.000Z,0.66828,0.6686,0.66597,0.66602,10002
2024-04-24T13:00:00.000Z,0.66602,0.66654,0.66474,0.66621,16091
2024-04-24T17:00:00.000Z,0.66621,0.66786,0.66583,0.66785,8602
2024-04-24T21:00:00.000Z,0.66717,0.6677,0.66706,0.66755,5495
2024-04-25T01:00:00.000Z,0.66755,0.66802,0.66717,0.66789,6482
2024-04-25T05:00:00.000Z,0.66788,0.66803,0.66704,0.66743,9939
2024-04-25T09:00:00.000Z,0.66742,0.66824,0.66695,0.6676,12180
2024-04-25T13:00:00.000Z,0.66762,0.66767,0.66624,0.66731,18019
2024-04-25T17:00:00.000Z,0.6673,0.66822,0.66684,0.66799,10499
2024-04-25T21:00:00.000Z,0.66746,0.66848,0.66711,0.66826,5975
2024-04-26T01:00:00.000Z,0.66827,0.66883,0.66822,0.6688,7466
2024-04-26T05:00:00.000Z,0.6688,0.66921,0.66676,0.66798,12143
2024-04-26T09:00:00.000Z,0.66799,0.66891,0.66712,0.66871,14394
2024-04-26T13:00:00.000Z,0.66872,0.66875,0.66775,0.66837,16976
2024-04-26T17:00:00.000Z,0.66837,0.66926,0.66825,0.66895,6536
2024-04-28T21:00:00.000Z,0.6681,0.66908,0.66756,0.66876,3625
2024-04-29T01:00:00.000Z,0.66876,0.6702,0.6673,0.66768,10691
2024-04-29T05:00:00.000Z,0.66768,0.66856,0.66687,0.66742,14375
2024-04-29T09:00:00.000Z,0.66742,0.66827,0.66704,0.66767,9654
2024-04-29T13:00:00.000Z,0.66767,0.66839,0.66596,0.66648,13193
2024-04-29T17:00:00.000Z,0.66645,0.66683,0.6657,0.66651,7978
2024-04-29T21:00:00.000Z,0.66573,0.66673,0.66557,0.66652,5710
2024-04-30T01:00:00.000Z,0.66652,0.66676,0.66596,0.66608,5668
2024-04-30T05:00:00.000Z,0.66609,0.66718,0.66572,0.6661,9918
2024-04-30T09:00:00.000Z,0.6661,0.66785,0.66531,0.66613,11699
2024-04-30T13:00:00.000Z,0.66613,0.66804,0.66429,0.66715,18709
2024-04-30T17:00:00.000Z,0.66715,0.66806,0.66675,0.66745,7402
2024-04-30T21:00:00.000Z,0.66698,0.66767,0.66635,0.66758,5968
2024-05-01T01:00:00.000Z,0.66759,0.66883,0.66751,0.6685,3764
2024-05-01T05:00:00.000Z,0.66851,0.66934,0.66822,0.66873,7292
2024-05-01T09:00:00.000Z,0.66874,0.66892,0.66789,0.66822,8222
2024-05-01T13:00:00.000Z,0.66822,0.66867,0.66744,0.66829,12758
2024-05-01T17:00:00.000Z,0.66829,0.6688,0.66574,0.6661,20555
2024-05-01T21:00:00.000Z,0.6665,0.668,0.66597,0.66758,7374
2024-05-02T01:00:00.000Z,0.66757,0.66824,0.66753,0.66774,6454
2024-05-02T05:00:00.000Z,0.66775,0.66797,0.66345,0.66531,12897
2024-05-02T09:00:00.000Z,0.66532,0.66544,0.66414,0.66479,11951
2024-05-02T13:00:00.000Z,0.66479,0.6665,0.66472,0.66578,17154
2024-05-02T17:00:00.000Z,0.6658,0.66629,0.66514,0.66604,8289
2024-05-02T21:00:00.000Z,0.6656,0.66599,0.6649,0.66563,5591
2024-05-03T01:00:00.000Z,0.66563,0.66577,0.66533,0.66549,5798
2024-05-03T05:00:00.000Z,0.6655,0.6655,0.66344,0.6644,9454
2024-05-03T09:00:00.000Z,0.6644,0.6644,0.66143,0.66257,12550
2024-05-03T13:00:00.000Z,0.66259,0.66329,0.66075,0.66175,21613
2024-05-03T17:00:00.000Z,0.66176,0.66194,0.66101,0.66118,6927
2024-05-05T21:00:00.000Z,0.66115,0.66182,0.66048,0.66161,3876
2024-05-06T01:00:00.000Z,0.66162,0.66215,0.66159,0.66194,5312
2024-05-06T05:00:00.000Z,0.66193,0.66249,0.661,0.66134,7722
2024-05-06T09:00:00.000Z,0.66133,0.66243,0.66131,0.66155,7945
2024-05-06T13:00:00.000Z,0.66155,0.66337,0.66143,0.6631,8916
2024-05-06T17:00:00.000Z,0.66308,0.66342,0.66289,0.6631,4760
2024-05-06T21:00:00.000Z,0.6625,0.66345,0.66203,0.66311,4663
2024-05-07T01:00:00.000Z,0.66312,0.66371,0.66294,0.66312,5573
2024-05-07T05:00:00.000Z,0.66312,0.66374,0.66209,0.66363,8495
2024-05-07T09:00:00.000Z,0.66364,0.66382,0.66272,0.66301,8060
2024-05-07T13:00:00.000Z,0.663,0.66306,0.66128,0.66188,9846
2024-05-07T17:00:00.000Z,0.66187,0.66229,0.66164,0.66177,5615
2024-05-07T21:00:00.000Z,0.66097,0.66184,0.66096,0.66142,3961
2024-05-08T01:00:00.000Z,0.66143,0.66143,0.66088,0.66102,4453
2024-05-08T05:00:00.000Z,0.66103,0.66117,0.66028,0.66029,7021
2024-05-08T09:00:00.000Z,0.66028,0.6611,0.66003,0.66059,6981
2024-05-08T13:00:00.000Z,0.66059,0.66201,0.66055,0.66152,9639
2024-05-08T17:00:00.000Z,0.66152,0.66155,0.66105,0.66152,4088
2024-05-08T21:00:00.000Z,0.66092,0.66165,0.66092,0.66153,3574
2024-05-09T01:00:00.000Z,0.66154,0.66189,0.66126,0.66176,4083
2024-05-09T05:00:00.000Z,0.66175,0.6623,0.66128,0.66225,6205
2024-05-09T09:00:00.000Z,0.66226,0.66284,0.66131,0.66187,8705
2024-05-09T13:00:00.000Z,0.66187,0.66278,0.6616,0.66248,9910
2024-05-09T17:00:00.000Z,0.66248,0.66253,0.66207,0.66237,4720
2024-05-09T21:00:00.000Z,0.66173,0.6626,0.66151,0.66244,4703
2024-05-10T01:00:00.000Z,0.66244,0.66269,0.66215,0.66235,4306
2024-05-10T05:00:00.000Z,0.66237,0.66305,0.66195,0.66233,7459
2024-05-10T09:00:00.000Z,0.66233,0.66539,0.66201,0.66487,8128
2024-05-10T13:00:00.000Z,0.66487,0.66487,0.66275,0.6628,11571
2024-05-10T17:00:00.000Z,0.6628,0.66301,0.6623,0.66301,4462
2024-05-12T21:00:00.000Z,0.66228,0.66298,0.662,0.66252,1412
2024-05-13T01:00:00.000Z,0.66252,0.66272,0.66236,0.6627,2485
2024-05-13T05:00:00.000Z,0.6627,0.66332,0.66238,0.66297,4055
2024-05-13T09:00:00.000Z,0.66298,0.6636,0.6622,0.66226,9611
2024-05-13T13:00:00.000Z,0.66225,0.66369,0.66169,0.66353,12389
2024-05-13T17:00:00.000Z,0.66353,0.66476,0.66338,0.6645,6185
2024-05-13T21:00:00.000Z,0.66393,0.6646,0.66393,0.66437,4600
2024-05-14T01:00:00.000Z,0.66437,0.66443,0.66387,0.6642,5986
2024-05-14T05:00:00.000Z,0.6642,0.66437,0.6634,0.66346,7550
2024-05-14T09:00:00.000Z,0.66345,0.66526,0.66342,0.66484,10570
2024-05-14T13:00:00.000Z,0.66484,0.66515,0.66359,0.66359,13526
2024-05-14T17:00:00.000Z,0.66358,0.66435,0.66338,0.66406,5216
2024-05-14T21:00:00.000Z,0.6631,0.66439,0.6631,0.66409,5854
2024-05-15T01:00:00.000Z,0.66409,0.6642,0.66392,0.66407,4502
2024-05-15T05:00:00.000Z,0.66406,0.66425,0.66347,0.66412,7594
2024-05-15T09:00:00.000Z,0.66409,0.66436,0.66242,0.66328,10927
2024-05-15T13:00:00.000Z,0.6633,0.66441,0.66266,0.66386,15994
2024-05-15T17:00:00.000Z,0.66386,0.66424,0.66296,0.66324,7116
2024-05-15T21:00:00.000Z,0.66298,0.66329,0.66135,0.66143,7354
2024-05-16T01:00:00.000Z,0.66142,0.66204,0.66093,0.66184,7955
2024-05-16T05:00:00.000Z,0.66184,0.6622,0.66074,0.66216,8849
2024-05-16T09:00:00.000Z,0.66215,0.66358,0.66182,0.66347,8882
2024-05-16T13:00:00.000Z,0.66348,0.66472,0.66344,0.66439,11246
2024-05-16T17:00:00.000Z,0.66437,0.66551,0.66423,0.66536,5329
2024-05-16T21:00:00.000Z,0.66511,0.66601,0.66413,0.66567,5567
2024-05-17T01:00:00.000Z,0.66567,0.66589,0.66545,0.66583,5805
2024-05-17T05:00:00.000Z,0.66582,0.66695,0.66551,0.66651,7867
2024-05-17T09:00:00.000Z,0.6665,0.66701,0.66629,0.66681,7132
2024-05-17T13:00:00.000Z,0.66681,0.66741,0.66646,0.6669,11101
2024-05-17T17:00:00.000Z,0.66689,0.66791,0.66671,0.66788,5450
2024-05-19T21:00:00.000Z,0.66711,0.66811,0.66628,0.66808,2483
2024-05-20T01:00:00.000Z,0.66808,0.66853,0.66803,0.66839,5132
2024-05-20T05:00:00.000Z,0.66839,0.66845,0.66749,0.66771,6901
2024-05-20T09:00:00.000Z,0.66771,0.66808,0.66721,0.66788,7650
2024-05-20T13:00:00.000Z,0.66788,0.66833,0.66673,0.66775,10512
2024-05-20T17:00:00.000Z,0.66776,0.66856,0.66758,0.66831,5866
2024-05-20T21:00:00.000Z,0.66765,0.66832,0.66712,0.66819,5509
2024-05-21T01:00:00.000Z,0.6682,0.6684,0.66776,0.66787,6142
2024-05-21T05:00:00.000Z,0.66787,0.66796,0.66719,0.66757,7877
2024-05-21T09:00:00.000Z,0.66756,0.66805,0.66582,0.66618,8919
2024-05-21T13:00:00.000Z,0.66618,0.66784,0.66586,0.66714,14311
2024-05-21T17:00:00.000Z,0.66714,0.66755,0.66705,0.66708,6178
2024-05-21T21:00:00.000Z,0.66717,0.66816,0.6666,0.66803,4950
2024-05-22T01:00:00.000Z,0.66805,0.66843,0.668,0.66804,6176
2024-05-22T05:00:00.000Z,0.66804,0.66879,0.66773,0.66816,8692
2024-05-22T09:00:00.000Z,0.66816,0.66994,0.66813,0.66856,9623
2024-05-22T13:00:00.000Z,0.66856,0.66916,0.668,0.6688,12243
2024-05-22T17:00:00.000Z,0.66879,0.66923,0.66806,0.66869,9170
2024-05-22T21:00:00.000Z,0.6684,0.66871,0.66742,0.6685,5156
2024-05-23T01:00:00.000Z,0.66851,0.66858,0.66793,0.66846,6573
2024-05-23T05:00:00.000Z,0.66846,0.66895,0.66817,0.66869,9482
2024-05-23T09:00:00.000Z,0.66869,0.66877,0.66766,0.66832,9081
2024-05-23T13:00:00.000Z,0.66832,0.66874,0.66695,0.66731,17092
2024-05-23T17:00:00.000Z,0.66731,0.66732,0.66558,0.66597,9778
2024-05-23T21:00:00.000Z,0.66559,0.66621,0.66535,0.66598,9263
2024-05-24T01:00:00.000Z,0.66598,0.66639,0.66583,0.66633,5378
2024-05-24T05:00:00.000Z,0.66633,0.66697,0.66602,0.66664,7731
2024-05-24T09:00:00.000Z,0.66664,0.66776,0.66628,0.66696,8415
2024-05-24T13:00:00.000Z,0.66696,0.66947,0.6668,0.66941,12574
2024-05-24T17:00:00.000Z,0.66941,0.66993,0.6691,0.66928,5841
2024-05-26T21:00:00.000Z,0.66802,0.66937,0.66802,0.66912,3414
2024-05-27T01:00:00.000Z,0.66912,0.66928,0.66887,0.66908,4649
2024-05-27T05:00:00.000Z,0.66909,0.66986,0.66889,0.66941,5571
2024-05-27T09:00:00.000Z,0.66941,0.67009,0.66887,0.66999,6768
2024-05-27T13:00:00.000Z,0.66999,0.67053,0.66973,0.67003,7049
2024-05-27T17:00:00.000Z,0.67003,0.67017,0.66994,0.67011,3110
2024-05-27T21:00:00.000Z,0.66944,0.67028,0.66936,0.66987,7793
2024-05-28T01:00:00.000Z,0.66987,0.66995,0.66943,0.66954,6491
2024-05-28T05:00:00.000Z,0.66956,0.6697,0.66845,0.66921,8136
2024-05-28T09:00:00.000Z,0.66922,0.6693,0.66693,0.66806,9605
2024-05-28T13:00:00.000Z,0.66808,0.66826,0.66729,0.6681,13948
2024-05-28T17:00:00.000Z,0.6681,0.6686,0.66772,0.66857,9077
2024-05-28T21:00:00.000Z,0.66839,0.66872,0.66789,0.66808,8112
2024-05-29T01:00:00.000Z,0.6681,0.66821,0.66773,0.66783,6589
2024-05-29T05:00:00.000Z,0.66782,0.66853,0.66727,0.66812,9777
2024-05-29T09:00:00.000Z,0.66811,0.66858,0.66627,0.66639,10378
2024-05-29T13:00:00.000Z,0.66639,0.66687,0.6659,0.66652,14983
2024-05-29T17:00:00.000Z,0.66652,0.66665,0.66556,0.66557,8244
2024-05-29T21:00:00.000Z,0.66542,0.66582,0.66541,0.66578,5074
2024-05-30T01:00:00.000Z,0.66578,0.66624,0.66499,0.66518,7788
2024-05-30T05:00:00.000Z,0.66519,0.66522,0.66128,0.66133,12693
2024-05-30T09:00:00.000Z,0.66133,0.66208,0.66027,0.66069,12746
2024-05-30T13:00:00.000Z,0.66069,0.66175,0.66042,0.66144,14570
2024-05-30T17:00:00.000Z,0.66144,0.66146,0.65995,0.66032,7144
2024-05-30T21:00:00.000Z,0.66015,0.6604,0.65951,0.65983,5166
2024-05-31T01:00:00.000Z,0.65982,0.6613,0.65955,0.66119,8527
2024-05-31T05:00:00.000Z,0.66119,0.66346,0.66114,0.66326,10163
2024-05-31T09:00:00.000Z,0.66325,0.66479,0.66201,0.66232,12459
2024-05-31T13:00:00.000Z,0.66233,0.66263,0.6603,0.66205,17845
2024-05-31T17:00:00.000Z,0.66207,0.66268,0.66189,0.66217,8453
2024-06-02T21:00:00.000Z,0.66213,0.66219,0.66114,0.66207,5759
2024-06-03T01:00:00.000Z,0.66207,0.66207,0.66118,0.66141,6263
2024-06-03T05:00:00.000Z,0.66144,0.66155,0.66051,0.66104,10817
2024-06-03T09:00:00.000Z,0.66104,0.6615,0.65951,0.66136,11299
2024-06-03T13:00:00.000Z,0.66136,0.66145,0.65625,0.65635,17111
2024-06-03T17:00:00.000Z,0.65636,0.65724,0.65562,0.65719,9000
2024-06-03T21:00:00.000Z,0.65638,0.65726,0.65638,0.65692,6006
2024-06-04T01:00:00.000Z,0.65692,0.65702,0.6566,0.65665,6297
2024-06-04T05:00:00.000Z,0.65666,0.65713,0.65306,0.6543,13255
2024-06-04T09:00:00.000Z,0.6543,0.65447,0.65169,0.65306,13918
2024-06-04T13:00:00.000Z,0.65305,0.65335,0.64944,0.6498,17529
2024-06-04T17:00:00.000Z,0.6498,0.65086,0.64941,0.6508,9257
2024-06-04T21:00:00.000Z,0.6503,0.65121,0.65014,0.6511,5255
2024-06-05T01:00:00.000Z,0.6511,0.65169,0.65081,0.65158,4683
2024-06-05T05:00:00.000Z,0.65159,0.6531,0.65145,0.65214,8735
2024-06-05T09:00:00.000Z,0.65215,0.65269,0.65168,0.65248,8860
2024-06-05T13:00:00.000Z,0.65248,0.65283,0.65032,0.65239,15606
2024-06-05T17:00:00.000Z,0.6524,0.65276,0.65223,0.65244,5934
2024-06-05T21:00:00.000Z,0.65211,0.65252,0.65157,0.65159,4597
2024-06-06T01:00:00.000Z,0.65158,0.65203,0.651,0.65142,5903
2024-06-06T05:00:00.000Z,0.65142,0.65226,0.65122,0.65141,7605
2024-06-06T09:00:00.000Z,0.65142,0.65156,0.6501,0.65084,9406
2024-06-06T13:00:00.000Z,0.65084,0.65187,0.65062,0.65152,12492
2024-06-06T17:00:00.000Z,0.65152,0.65205,0.65027,0.65032,6689
2024-06-06T21:00:00.000Z,0.65019,0.65134,0.65011,0.65129,5253
2024-06-07T01:00:00.000Z,0.65132,0.65154,0.65094,0.65113,5855
2024-06-07T05:00:00.000Z,0.65113,0.65125,0.64966,0.64992,9632
2024-06-07T09:00:00.000Z,0.64992,0.65266,0.64956,0.65245,12476
2024-06-07T13:00:00.000Z,0.65246,0.65356,0.65104,0.65191,16195
2024-06-07T17:00:00.000Z,0.65191,0.65212,0.65112,0.65131,7737
2024-06-09T21:00:00.000Z,0.65076,0.65196,0.65039,0.65145,5860
2024-06-10T01:00:00.000Z,0.65145,0.65226,0.65123,0.65185,5527
2024-06-10T05:00:00.000Z,0.65186,0.65261,0.65082,0.65096,9991
2024-06-10T09:00:00.000Z,0.65097,0.6515,0.65048,0.65127,9484
2024-06-10T13:00:00.000Z,0.65126,0.6521,0.65045,0.6515,11067
2024-06-10T17:00:00.000Z,0.6515,0.65165,0.65102,0.65165,7021
2024-06-10T21:00:00.000Z,0.6511,0.65174,0.65089,0.65165,4515
2024-06-11T01:00:00.000Z,0.65165,0.65175,0.65118,0.65133,4921
2024-06-11T05:00:00.000Z,0.65132,0.65195,0.65072,0.65132,8033
2024-06-11T09:00:00.000Z,0.65132,0.65147,0.65049,0.65137,11090
2024-06-11T13:00:00.000Z,0.65137,0.65293,0.6508,0.65282,12161
2024-06-11T17:00:00.000Z,0.65283,0.6529,0.65213,0.65241,6876
2024-06-11T21:00:00.000Z,0.65225,0.65301,0.65214,0.65278,4155
2024-06-12T01:00:00.000Z,0.65279,0.65295,0.65256,0.65281,5094
2024-06-12T05:00:00.000Z,0.65281,0.65296,0.652,0.65204,6196
2024-06-12T09:00:00.000Z,0.65203,0.65234,0.64883,0.65037,9400
2024-06-12T13:00:00.000Z,0.65039,0.65191,0.65029,0.65128,14484
2024-06-12T17:00:00.000Z,0.65127,0.65191,0.64959,0.65174,13306
2024-06-12T21:00:00.000Z,0.65126,0.652,0.65083,0.6512,5095
2024-06-13T01:00:00.000Z,0.65121,0.65161,0.65103,0.65157,5331
2024-06-13T05:00:00.000Z,0.65156,0.65196,0.65112,0.6519,7311
2024-06-13T09:00:00.000Z,0.6519,0.6523,0.65108,0.65143,9671
2024-06-13T13:00:00.000Z,0.65143,0.65226,0.64925,0.65059,13960
2024-06-13T17:00:00.000Z,0.65059,0.65076,0.65014,0.65056,6735
2024-06-13T21:00:00.000Z,0.65008,0.65055,0.64978,0.65015,4442
2024-06-14T01:00:00.000Z,0.65015,0.65075,0.65008,0.65063,6963
2024-06-14T05:00:00.000Z,0.65062,0.65083,0.64779,0.64839,11374
2024-06-14T09:00:00.000Z,0.6484,0.64984,0.64784,0.64824,13195
2024-06-14T13:00:00.000Z,0.64824,0.64884,0.64666,0.64855,13262
2024-06-14T17:00:00.000Z,0.64855,0.64859,0.64747,0.64815,5799
2024-06-16T21:00:00.000Z,0.64746,0.64868,0.64686,0.64827,5364
2024-06-17T01:00:00.000Z,0.64827,0.6484,0.64786,0.64794,5279
2024-06-17T05:00:00.000Z,0.64794,0.64896,0.64734,0.64896,9635
2024-06-17T09:00:00.000Z,0.64895,0.64953,0.64871,0.64944,9068
2024-06-17T13:00:00.000Z,0.64945,0.64964,0.64789,0.64838,10524
2024-06-17T17:00:00.000Z,0.64838,0.64866,0.64799,0.64817,5936
2024-06-17T21:00:00.000Z,0.64785,0.64837,0.64731,0.64734,4318
2024-06-18T01:00:00.000Z,0.64734,0.6477,0.6471,0.64742,5496
2024-06-18T05:00:00.000Z,0.64742,0.64808,0.646,0.64633,8044
2024-06-18T09:00:00.000Z,0.64632,0.64633,0.64445,0.64453,9263
2024-06-18T13:00:00.000Z,0.64454,0.64522,0.6435,0.64429,12093
2024-06-18T17:00:00.000Z,0.64429,0.64464,0.64409,0.64449,6462
2024-06-18T21:00:00.000Z,0.64403,0.64468,0.64402,0.64441,5318
2024-06-19T01:00:00.000Z,0.64441,0.64474,0.64421,0.64437,3994
2024-06-19T05:00:00.000Z,0.64439,0.64489,0.64387,0.64462,7602
2024-06-19T09:00:00.000Z,0.64462,0.64571,0.64445,0.64501,7509
2024-06-19T13:00:00.000Z,0.64502,0.64545,0.64457,0.64477,5640
2024-06-19T17:00:00.000Z,0.64477,0.64522,0.64475,0.64519,2011
2024-06-19T21:00:00.000Z,0.64456,0.64529,0.64436,0.64461,4365
2024-06-20T01:00:00.000Z,0.64461,0.64469,0.64416,0.6445,5032
2024-06-20T05:00:00.000Z,0.64449,0.64975,0.64402,0.64826,9131
2024-06-20T09:00:00.000Z,0.64826,0.65102,0.64817,0.6509,10411
2024-06-20T13:00:00.000Z,0.65086,0.65177,0.64986,0.65055,11377
2024-06-20T17:00:00.000Z,0.65055,0.65147,0.64997,0.65106,6669
2024-06-20T21:00:00.000Z,0.65072,0.65155,0.65068,0.65154,4370
2024-06-21T01:00:00.000Z,0.65153,0.65176,0.65141,0.65142,5100
2024-06-21T05:00:00.000Z,0.65143,0.65222,0.65018,0.65156,9190
2024-06-21T09:00:00.000Z,0.65156,0.65194,0.65119,0.65146,8150
2024-06-21T13:00:00.000Z,0.65147,0.65258,0.65096,0.65247,12292
2024-06-21T17:00:00.000Z,0.65247,0.653,0.65224,0.65298,5311
2024-06-23T21:00:00.000Z,0.65185,0.65309,0.65177,0.65248,4887
2024-06-24T01:00:00.000Z,0.65248,0.65257,0.65192,0.65248,5261
2024-06-24T05:00:00.000Z,0.65249,0.65374,0.65229,0.65354,7373
2024-06-24T09:00:00.000Z,0.65353,0.65375,0.65212,0.65217,9344
2024-06-24T13:00:00.000Z,0.65217,0.65475,0.65214,0.65465,11400
2024-06-24T17:00:00.000Z,0.65463,0.65474,0.65357,0.65362,6500
2024-06-24T21:00:00.000Z,0.65329,0.654,0.65298,0.65308,4715
2024-06-25T01:00:00.000Z,0.65309,0.65386,0.65297,0.65359,4999
2024-06-25T05:00:00.000Z,0.6536,0.65495,0.65332,0.65463,7766
2024-06-25T09:00:00.000Z,0.65466,0.65555,0.65298,0.6548,8952
2024-06-25T13:00:00.000Z,0.65482,0.6554,0.65418,0.65489,11408
2024-06-25T17:00:00.000Z,0.6549,0.65548,0.65459,0.65497,5520
2024-06-25T21:00:00.000Z,0.65483,0.65543,0.65464,0.65523,4381
2024-06-26T01:00:00.000Z,0.65522,0.6557,0.6551,0.6553,6022
2024-06-26T05:00:00.000Z,0.65532,0.65621,0.65527,0.6561,6972
2024-06-26T09:00:00.000Z,0.6561,0.65671,0.65433,0.65477,9904
2024-06-26T13:00:00.000Z,0.65476,0.65568,0.65415,0.65509,13601
2024-06-26T17:00:00.000Z,0.65509,0.65523,0.65464,0.65497,6513
2024-06-26T21:00:00.000Z,0.65416,0.65486,0.65391,0.65446,5103
2024-06-27T01:00:00.000Z,0.65446,0.65486,0.65445,0.6548,5421
2024-06-27T05:00:00.000Z,0.65479,0.65602,0.65464,0.65592,7642
2024-06-27T09:00:00.000Z,0.65589,0.65612,0.65469,0.65491,9308
2024-06-27T13:00:00.000Z,0.65488,0.65611,0.65423,0.65595,12508
2024-06-27T17:00:00.000Z,0.65595,0.65638,0.65573,0.65605,6763
2024-06-27T21:00:00.000Z,0.65579,0.65609,0.65542,0.6556,4293
2024-06-28T01:00:00.000Z,0.6556,0.65583,0.65497,0.65506,7592
2024-06-28T05:00:00.000Z,0.65505,0.65663,0.65488,0.65612,8299
2024-06-28T09:00:00.000Z,0.65611,0.65712,0.65595,0.65641,10677
2024-06-28T13:00:00.000Z,0.65641,0.65731,0.65582,0.65694,16968
2024-06-28T17:00:00.000Z,0.65694,0.65768,0.65613,0.65698,8587
2024-06-30T21:00:00.000Z,0.65612,0.65853,0.65586,0.65777,6507
2024-07-01T01:00:00.000Z,0.65776,0.65805,0.65744,0.6579,5148
2024-07-01T05:00:00.000Z,0.65789,0.65886,0.65726,0.6584,9530
2024-07-01T09:00:00.000Z,0.6584,0.65878,0.65767,0.65843,8889
2024-07-01T13:00:00.000Z,0.65839,0.65904,0.65698,0.65769,13670
2024-07-01T17:00:00.000Z,0.65768,0.65794,0.65716,0.6572,5858
2024-07-01T21:00:00.000Z,0.65679,0.65773,0.65658,0.65737,4684
2024-07-02T01:00:00.000Z,0.65737,0.65761,0.65693,0.65733,4458
2024-07-02T05:00:00.000Z,0.65733,0.65852,0.65716,0.65849,8720
2024-07-02T09:00:00.000Z,0.6585,0.65905,0.6579,0.659,7992
2024-07-02T13:00:00.000Z,0.659,0.66067,0.65889,0.66041,14179
2024-07-02T17:00:00.000Z,0.66041,0.6612,0.66041,0.66079,5615
2024-07-02T21:00:00.000Z,0.66018,0.66099,0.66018,0.66079,3858
2024-07-03T01:00:00.000Z,0.66079,0.66108,0.66066,0.66091,3730
2024-07-03T05:00:00.000Z,0.66092,0.66177,0.6605,0.66064,7069
2024-07-03T09:00:00.000Z,0.66066,0.6613,0.65975,0.66085,8173
2024-07-03T13:00:00.000Z,0.66085,0.66118,0.65969,0.66072,14480
2024-07-03T17:00:00.000Z,0.66072,0.66127,0.66058,0.66087,4517
2024-07-03T21:00:00.000Z,0.66006,0.66118,0.65958,0.66078,4450
2024-07-04T01:00:00.000Z,0.66079,0.66084,0.66047,0.6608,4504
2024-07-04T05:00:00.000Z,0.6608,0.66331,0.66028,0.6616,8488
2024-07-04T09:00:00.000Z,0.6616,0.66162,0.66034,0.66109,7128
2024-07-04T13:00:00.000Z,0.66109,0.66139,0.66049,0.6612,6375
2024-07-04T17:00:00.000Z,0.6612,0.66122,0.66094,0.66111,1955
2024-07-04T21:00:00.000Z,0.661,0.66136,0.66071,0.66111,3247
2024-07-05T01:00:00.000Z,0.66111,0.66112,0.65996,0.66029,4952
2024-07-05T05:00:00.000Z,0.66029,0.66057,0.65983,0.66025,6594
2024-07-05T09:00:00.000Z,0.66025,0.66071,0.65887,0.65918,9808
2024-07-05T13:00:00.000Z,0.65918,0.65924,0.65799,0.65814,15131
2024-07-05T17:00:00.000Z,0.65814,0.65815,0.65652,0.65657,6136
2024-07-07T21:00:00.000Z,0.65606,0.65641,0.65541,0.65629,5265
2024-07-08T01:00:00.000Z,0.65629,0.65679,0.65619,0.65626,5240
2024-07-08T05:00:00.000Z,0.65626,0.65702,0.6555,0.65662,8728
2024-07-08T09:00:00.000Z,0.65662,0.65775,0.65653,0.6577,8332
2024-07-08T13:00:00.000Z,0.6577,0.65829,0.65688,0.65821,11335
2024-07-08T17:00:00.000Z,0.65821,0.65829,0.65753,0.65829,4401
2024-07-08T21:00:00.000Z,0.65781,0.65876,0.6576,0.65857,3556
2024-07-09T01:00:00.000Z,0.65858,0.65888,0.65846,0.65885,5202
2024-07-09T05:00:00.000Z,0.65885,0.65923,0.65851,0.65867,7072
2024-07-09T09:00:00.000Z,0.65868,0.65869,0.65781,0.6584,7869
2024-07-09T13:00:00.000Z,0.6584,0.65848,0.65761,0.65836,13508
2024-07-09T17:00:00.000Z,0.65837,0.65875,0.658,0.65831,6373
2024-07-09T21:00:00.000Z,0.65787,0.65859,0.65781,0.65856,3775
2024-07-10T01:00:00.000Z,0.65856,0.6587,0.65815,0.65819,4320
2024-07-10T05:00:00.000Z,0.6582,0.65824,0.65738,0.65796,6555
2024-07-10T09:00:00.000Z,0.65796,0.65936,0.65795,0.65925,6995
2024-07-10T13:00:00.000Z,0.65925,0.66084,0.65925,0.6604,11404
2024-07-10T17:00:00.000Z,0.6604,0.66068,0.66025,0.66031,4942
2024-07-10T21:00:00.000Z,0.65999,0.66052,0.65997,0.66001,2499
2024-07-11T01:00:00.000Z,0.66002,0.66033,0.65984,0.66016,3332
2024-07-11T05:00:00.000Z,0.66015,0.66034,0.65898,0.65907,7011
2024-07-11T09:00:00.000Z,0.65907,0.65944,0.65607,0.65646,10830
2024-07-11T13:00:00.000Z,0.65648,0.65677,0.65527,0.65606,19498
2024-07-11T17:00:00.000Z,0.65606,0.65765,0.6557,0.6575,8867
2024-07-11T21:00:00.000Z,0.65659,0.65792,0.65618,0.65723,7768
2024-07-12T01:00:00.000Z,0.65724,0.6583,0.6572,0.65798,5650
2024-07-12T05:00:00.000Z,0.65798,0.65813,0.6571,0.65799,7927
2024-07-12T09:00:00.000Z,0.65798,0.65839,0.65583,0.65627,10431
2024-07-12T13:00:00.000Z,0.65627,0.65687,0.65534,0.6567,15919
2024-07-12T17:00:00.000Z,0.65671,0.65671,0.65572,0.65598,5645
2024-07-14T21:00:00.000Z,0.65477,0.65731,0.65477,0.65628,5852
2024-07-15T01:00:00.000Z,0.65628,0.65654,0.65572,0.65575,4765
2024-07-15T05:00:00.000Z,0.65575,0.65611,0.65484,0.65566,8464
2024-07-15T09:00:00.000Z,0.65566,0.65599,0.65484,0.65524,9787
2024-07-15T13:00:00.000Z,0.65525,0.6555,0.65407,0.65462,13856
2024-07-15T17:00:00.000Z,0.65462,0.65515,0.65424,0.65465,8580
2024-07-15T21:00:00.000Z,0.65428,0.65493,0.65393,0.65469,3936
2024-07-16T01:00:00.000Z,0.65469,0.65492,0.65416,0.65423,4911
2024-07-16T05:00:00.000Z,0.65423,0.65427,0.65332,0.65413,8488
2024-07-16T09:00:00.000Z,0.65413,0.65546,0.65407,0.65484,10615
2024-07-16T13:00:00.000Z,0.65485,0.65502,0.6539,0.65414,12903
2024-07-16T17:00:00.000Z,0.65414,0.6543,0.65342,0.65359,5936
2024-07-16T21:00:00.000Z,0.65351,0.65406,0.65335,0.65363,3514
2024-07-17T01:00:00.000Z,0.65362,0.65401,0.65351,0.65352,4483
2024-07-17T05:00:00.000Z,0.65352,0.65361,0.64922,0.64939,12343
2024-07-17T09:00:00.000Z,0.64939,0.65055,0.6474,0.64805,12858
2024-07-17T13:00:00.000Z,0.64804,0.64806,0.64544,0.64581,15873
2024-07-17T17:00:00.000Z,0.64582,0.64628,0.64497,0.64559,7590
2024-07-17T21:00:00.000Z,0.64533,0.64588,0.64467,0.6458,5587
2024-07-18T01:00:00.000Z,0.6458,0.64669,0.6457,0.64662,7072
2024-07-18T05:00:00.000Z,0.64663,0.64676,0.64556,0.64662,11064
2024-07-18T09:00:00.000Z,0.64663,0.64677,0.6456,0.64573,9720
2024-07-18T13:00:00.000Z,0.64572,0.64711,0.64526,0.64699,13909
2024-07-18T17:00:00.000Z,0.64698,0.64777,0.64647,0.64774,9399
2024-07-18T21:00:00.000Z,0.64589,0.6479,0.64582,0.64776,5109
2024-07-19T01:00:00.000Z,0.64776,0.64879,0.64775,0.64878,5996
2024-07-19T05:00:00.000Z,0.64878,0.64894,0.64737,0.64756,10391
2024-07-19T09:00:00.000Z,0.64756,0.649,0.64714,0.64834,9605
2024-07-19T13:00:00.000Z,0.64833,0.64846,0.6468,0.64703,13250
2024-07-19T17:00:00.000Z,0.64703,0.64776,0.64695,0.64718,7117
2024-07-21T21:00:00.000Z,0.64702,0.64787,0.64672,0.64762,5691
2024-07-22T01:00:00.000Z,0.64762,0.64767,0.64681,0.64703,6330
2024-07-22T05:00:00.000Z,0.64702,0.64714,0.64561,0.64599,10378
2024-07-22T09:00:00.000Z,0.64599,0.64659,0.64553,0.64638,9557
2024-07-22T13:00:00.000Z,0.64639,0.64717,0.64543,0.64701,12509
2024-07-22T17:00:00.000Z,0.64703,0.64712,0.64657,0.64659,5237
2024-07-22T21:00:00.000Z,0.64635,0.64687,0.64565,0.64601,5084
2024-07-23T01:00:00.000Z,0.64601,0.64655,0.64573,0.64583,5673
2024-07-23T05:00:00.000Z,0.64583,0.64679,0.64574,0.64648,9495
2024-07-23T09:00:00.000Z,0.64648,0.64813,0.64643,0.64782,9235
2024-07-23T13:00:00.000Z,0.64782,0.64807,0.64696,0.64759,10971
2024-07-23T17:00:00.000Z,0.64759,0.64763,0.64648,0.64654,6081
2024-07-23T21:00:00.000Z,0.6464,0.64718,0.64597,0.64705,3276
2024-07-24T01:00:00.000Z,0.64705,0.64711,0.64577,0.64591,7220
2024-07-24T05:00:00.000Z,0.64592,0.64621,0.64441,0.64456,10648
2024-07-24T09:00:00.000Z,0.64456,0.6446,0.64174,0.64195,10158
2024-07-24T13:00:00.000Z,0.64195,0.64208,0.63994,0.64104,15603
2024-07-24T17:00:00.000Z,0.64105,0.64204,0.64086,0.64106,8125
2024-07-24T21:00:00.000Z,0.64053,0.64111,0.64013,0.64028,6951
2024-07-25T01:00:00.000Z,0.64029,0.64032,0.6389,0.6389,8774
2024-07-25T05:00:00.000Z,0.63892,0.63921,0.63578,0.63694,14083
2024-07-25T09:00:00.000Z,0.63693,0.63698,0.63415,0.63662,15221
2024-07-25T13:00:00.000Z,0.63662,0.63813,0.63585,0.63763,17873
2024-07-25T17:00:00.000Z,0.63764,0.63772,0.63686,0.63768,9352
2024-07-25T21:00:00.000Z,0.63705,0.63773,0.63666,0.63767,5572
2024-07-26T01:00:00.000Z,0.63768,0.63781,0.63733,0.63777,6352
2024-07-26T05:00:00.000Z,0.63776,0.63995,0.63755,0.63968,9019
2024-07-26T09:00:00.000Z,0.63967,0.63987,0.63825,0.63855,9718
2024-07-26T13:00:00.000Z,0.63858,0.6392,0.6372,0.63885,14728
2024-07-26T17:00:00.000Z,0.63886,0.63896,0.63833,0.63887,7362
2024-07-28T21:00:00.000Z,0.63849,0.63961,0.63738,0.63901,5491
2024-07-29T01:00:00.000Z,0.63901,0.63913,0.63816,0.63871,7116
2024-07-29T05:00:00.000Z,0.63871,0.6398,0.6385,0.63944,10152
2024-07-29T09:00:00.000Z,0.63944,0.63977,0.63886,0.63924,8695
2024-07-29T13:00:00.000Z,0.63924,0.64019,0.63887,0.63939,11912
2024-07-29T17:00:00.000Z,0.63939,0.63985,0.63917,0.63965,6157
2024-07-29T21:00:00.000Z,0.63932,0.63982,0.63929,0.63974,4232
2024-07-30T01:00:00.000Z,0.63972,0.64047,0.63943,0.64047,5736
2024-07-30T05:00:00.000Z,0.64047,0.64104,0.63952,0.64007,9454
2024-07-30T09:00:00.000Z,0.64007,0.64026,0.63914,0.63925,8328
2024-07-30T13:00:00.000Z,0.63926,0.63993,0.63783,0.63786,16525
2024-07-30T17:00:00.000Z,0.63786,0.63854,0.63725,0.63728,9273
2024-07-30T21:00:00.000Z,0.63691,0.63771,0.63619,0.63652,7274
2024-07-31T01:00:00.000Z,0.63652,0.63771,0.63594,0.63634,10192
2024-07-31T05:00:00.000Z,0.63634,0.63778,0.63581,0.63641,13277
2024-07-31T09:00:00.000Z,0.6364,0.63698,0.63522,0.63615,12472
2024-07-31T13:00:00.000Z,0.63615,0.63784,0.6347,0.63759,15562
2024-07-31T17:00:00.000Z,0.63759,0.63808,0.63529,0.63603,15253
2024-07-31T21:00:00.000Z,0.63531,0.63629,0.63519,0.6353,5949
2024-08-01T01:00:00.000Z,0.63532,0.63575,0.63435,0.63509,10034
2024-08-01T05:00:00.000Z,0.63509,0.63548,0.63282,0.63299,12942
2024-08-01T09:00:00.000Z,0.63303,0.63494,0.63281,0.6342,12451
2024-08-01T13:00:00.000Z,0.6342,0.63503,0.62995,0.63071,19068
2024-08-01T17:00:00.000Z,0.63072,0.63086,0.62829,0.62933,10282
2024-08-01T21:00:00.000Z,0.6286,0.62936,0.62797,0.62854,7524
2024-08-02T01:00:00.000Z,0.62853,0.62974,0.62832,0.629,8463
2024-08-02T05:00:00.000Z,0.62901,0.62974,0.62797,0.62824,14459
2024-08-02T09:00:00.000Z,0.62823,0.62826,0.62296,0.62359,15377
2024-08-02T13:00:00.000Z,0.62359,0.62585,0.61893,0.62027,26983
2024-08-02T17:00:00.000Z,0.62027,0.62033,0.618,0.6183,11940
2024-08-04T21:00:00.000Z,0.61812,0.61956,0.61481,0.61575,14826
2024-08-05T01:00:00.000Z,0.61573,0.61723,0.61159,0.61192,19623
2024-08-05T05:00:00.000Z,0.61192,0.61506,0.60595,0.61245,28680
2024-08-05T09:00:00.000Z,0.61245,0.6143,0.60978,0.61034,21815
2024-08-05T13:00:00.000Z,0.61035,0.6187,0.60998,0.61651,29495
2024-08-05T17:00:00.000Z,0.61651,0.61727,0.61433,0.61603,16205
2024-08-05T21:00:00.000Z,0.61619,0.61982,0.61566,0.61932,12691
2024-08-06T01:00:00.000Z,0.61933,0.62013,0.61786,0.61941,16634
2024-08-06T05:00:00.000Z,0.61941,0.62042,0.61679,0.61749,20986
2024-08-06T09:00:00.000Z,0.61748,0.61833,0.61574,0.61626,19365
2024-08-06T13:00:00.000Z,0.61626,0.61969,0.61514,0.61944,24987
2024-08-06T17:00:00.000Z,0.61946,0.62047,0.61757,0.61759,13577
2024-08-06T21:00:00.000Z,0.61668,0.62002,0.61668,0.61946,9790
2024-08-07T01:00:00.000Z,0.61948,0.62411,0.61896,0.62355,16659
2024-08-07T05:00:00.000Z,0.62355,0.62452,0.62042,0.62436,17432
2024-08-07T09:00:00.000Z,0.62436,0.62885,0.62426,0.62661,13785
2024-08-07T13:00:00.000Z,0.62661,0.63115,0.62618,0.62843,20191
2024-08-07T17:00:00.000Z,0.62843,0.62865,0.62593,0.62626,14999
2024-08-07T21:00:00.000Z,0.62594,0.62698,0.62347,0.62463,11103
2024-08-08T01:00:00.000Z,0.62466,0.62703,0.6246,0.62557,13237
2024-08-08T05:00:00.000Z,0.62557,0.62664,0.62443,0.62509,15531
2024-08-08T09:00:00.000Z,0.62509,0.62747,0.62251,0.62672,16571
2024-08-08T13:00:00.000Z,0.6267,0.63092,0.6264,0.63035,21697
2024-08-08T17:00:00.000Z,0.63035,0.63133,0.62959,0.6311,10685
2024-08-08T21:00:00.000Z,0.63035,0.63121,0.62968,0.63035,9830
2024-08-09T01:00:00.000Z,0.63036,0.6314,0.62959,0.62981,10021
2024-08-09T05:00:00.000Z,0.62981,0.63165,0.62935,0.63017,11968
2024-08-09T09:00:00.000Z,0.63017,0.63033,0.62812,0.62944,11902
2024-08-09T13:00:00.000Z,0.62945,0.63028,0.62876,0.62974,15722
2024-08-09T17:00:00.000Z,0.62974,0.63036,0.6293,0.63015,8029
2024-08-11T21:00:00.000Z,0.629,0.63081,0.62854,0.62971,4584
2024-08-12T01:00:00.000Z,0.62971,0.63118,0.62933,0.63111,5557
2024-08-12T05:00:00.000Z,0.63111,0.63337,0.63109,0.63282,10728
2024-08-12T09:00:00.000Z,0.63282,0.63365,0.63201,0.63264,9492
2024-08-12T13:00:00.000Z,0.63264,0.63442,0.63004,0.63062,17369
2024-08-12T17:00:00.000Z,0.63061,0.63069,0.62898,0.62964,9979
2024-08-12T21:00:00.000Z,0.62901,0.63042,0.62901,0.63017,6403
2024-08-13T01:00:00.000Z,0.63018,0.63179,0.62989,0.6313,6012
2024-08-13T05:00:00.000Z,0.6313,0.63197,0.63035,0.63146,9857
2024-08-13T09:00:00.000Z,0.63147,0.63203,0.63033,0.63123,11976
2024-08-13T13:00:00.000Z,0.63124,0.63133,0.62914,0.63035,16065
2024-08-13T17:00:00.000Z,0.63035,0.63112,0.62986,0.63084,8970
2024-08-13T21:00:00.000Z,0.63088,0.63133,0.63041,0.63128,6578
2024-08-14T01:00:00.000Z,0.63128,0.63153,0.62963,0.63027,9742
2024-08-14T05:00:00.000Z,0.63027,0.63104,0.62877,0.62909,10512
2024-08-14T09:00:00.000Z,0.6291,0.63136,0.62856,0.63058,11746
2024-08-14T13:00:00.000Z,0.63058,0.63118,0.62932,0.6306,16818
2024-08-14T17:00:00.000Z,0.6306,0.63103,0.63035,0.63063,7466
2024-08-14T21:00:00.000Z,0.62997,0.63108,0.62986,0.6306,4836
2024-08-15T01:00:00.000Z,0.63061,0.63174,0.63049,0.63115,7472
2024-08-15T05:00:00.000Z,0.63115,0.63199,0.63081,0.6318,7565
2024-08-15T09:00:00.000Z,0.6318,0.63657,0.63175,0.63605,10689
2024-08-15T13:00:00.000Z,0.63603,0.63707,0.63482,0.63614,17270
2024-08-15T17:00:00.000Z,0.63614,0.63628,0.63487,0.63555,6781
2024-08-15T21:00:00.000Z,0.6354,0.63564,0.63466,0.635,4961
2024-08-16T01:00:00.000Z,0.635,0.63507,0.63454,0.63465,5677
2024-08-16T05:00:00.000Z,0.63465,0.63519,0.63253,0.63299,7437
2024-08-16T09:00:00.000Z,0.63299,0.63366,0.63093,0.63146,10498
2024-08-16T13:00:00.000Z,0.63146,0.63425,0.63127,0.63405,14131
2024-08-16T17:00:00.000Z,0.63406,0.63408,0.63288,0.63305,6204
2024-08-18T21:00:00.000Z,0.63215,0.63461,0.63154,0.63397,6302
2024-08-19T01:00:00.000Z,0.634,0.63452,0.63171,0.63216,8276
2024-08-19T05:00:00.000Z,0.63215,0.63257,0.63024,0.63224,12276
2024-08-19T09:00:00.000Z,0.63226,0.6329,0.63167,0.6329,8978
2024-08-19T13:00:00.000Z,0.6329,0.63365,0.63161,0.63225,13563
2024-08-19T17:00:00.000Z,0.63224,0.63282,0.63188,0.63282,6430
2024-08-19T21:00:00.000Z,0.63231,0.63306,0.632,0.63215,5087
2024-08-20T01:00:00.000Z,0.63216,0.63229,0.63124,0.63211,9012
2024-08-20T05:00:00.000Z,0.63211,0.6326,0.63062,0.63159,10084
2024-08-20T09:00:00.000Z,0.63158,0.63182,0.63058,0.63069,9643
2024-08-20T13:00:00.000Z,0.63071,0.63071,0.6279,0.62807,15582
2024-08-20T17:00:00.000Z,0.62807,0.62852,0.62702,0.62707,7569
2024-08-20T21:00:00.000Z,0.6267,0.6271,0.62576,0.62678,6554
2024-08-21T01:00:00.000Z,0.62678,0.62743,0.62668,0.62736,7166
2024-08-21T05:00:00.000Z,0.62736,0.62867,0.62664,0.62825,9414
2024-08-21T09:00:00.000Z,0.62825,0.62928,0.62781,0.62798,8188
2024-08-21T13:00:00.000Z,0.62797,0.62894,0.62615,0.6264,20015
2024-08-21T17:00:00.000Z,0.6264,0.62668,0.62525,0.62656,8743
2024-08-21T21:00:00.000Z,0.62618,0.627,0.62564,0.6269,4822
2024-08-22T01:00:00.000Z,0.6269,0.62734,0.62631,0.6266,5246
2024-08-22T05:00:00.000Z,0.62659,0.62699,0.62536,0.62693,8921
2024-08-22T09:00:00.000Z,0.62694,0.62766,0.62629,0.62699,10558
2024-08-22T13:00:00.000Z,0.62699,0.62714,0.62561,0.62637,15718
2024-08-22T17:00:00.000Z,0.62637,0.6267,0.62577,0.62602,7626
2024-08-22T21:00:00.000Z,0.62498,0.62626,0.62493,0.62606,5342
2024-08-23T01:00:00.000Z,0.62606,0.62682,0.6254,0.62651,6157
2024-08-23T05:00:00.000Z,0.6265,0.62699,0.6258,0.6269,8264
2024-08-23T09:00:00.000Z,0.62689,0.62781,0.62683,0.62746,7587
2024-08-23T13:00:00.000Z,0.62748,0.62907,0.62707,0.62884,20562
2024-08-23T17:00:00.000Z,0.62884,0.62885,0.62699,0.62743,8998
2024-08-25T21:00:00.000Z,0.62692,0.62781,0.62613,0.62664,7223
2024-08-26T01:00:00.000Z,0.62666,0.62709,0.62635,0.62694,6830
2024-08-26T05:00:00.000Z,0.62694,0.62757,0.62615,0.62631,8633
2024-08-26T09:00:00.000Z,0.62629,0.6287,0.6261,0.62807,9048
2024-08-26T13:00:00.000Z,0.62806,0.62924,0.62789,0.62896,12723
2024-08-26T17:00:00.000Z,0.62896,0.62908,0.62804,0.62814,6077
2024-08-26T21:00:00.000Z,0.62766,0.62859,0.62664,0.62844,4883
2024-08-27T01:00:00.000Z,0.62844,0.62878,0.62798,0.62832,5057
2024-08-27T05:00:00.000Z,0.62833,0.62935,0.6282,0.62906,8775
2024-08-27T09:00:00.000Z,0.62904,0.62912,0.62701,0.62732,10364
2024-08-27T13:00:00.000Z,0.62731,0.62766,0.62577,0.62622,14276
2024-08-27T17:00:00.000Z,0.62623,0.62643,0.62509,0.62585,6554
2024-08-27T21:00:00.000Z,0.62532,0.62643,0.6253,0.62599,5981
2024-08-28T01:00:00.000Z,0.62601,0.62716,0.62591,0.62684,6403
2024-08-28T05:00:00.000Z,0.62684,0.62727,0.62628,0.62633,10331
2024-08-28T09:00:00.000Z,0.62633,0.62701,0.62555,0.62686,10915
2024-08-28T13:00:00.000Z,0.62686,0.62746,0.6249,0.62581,14220
2024-08-28T17:00:00.000Z,0.62582,0.62602,0.62417,0.62477,8215
2024-08-28T21:00:00.000Z,0.62438,0.6254,0.62405,0.62489,5669
2024-08-29T01:00:00.000Z,0.6249,0.62525,0.62412,0.62445,5845
2024-08-29T05:00:00.000Z,0.62445,0.6279,0.62409,0.62706,11581
2024-08-29T09:00:00.000Z,0.62706,0.62935,0.62663,0.62858,12493
2024-08-29T13:00:00.000Z,0.62858,0.63003,0.62777,0.62864,15537
2024-08-29T17:00:00.000Z,0.62865,0.62898,0.62747,0.62821,7960
2024-08-29T21:00:00.000Z,0.62752,0.62849,0.62741,0.62814,4672
2024-08-30T01:00:00.000Z,0.62812,0.62858,0.62798,0.62837,5473
2024-08-30T05:00:00.000Z,0.62837,0.62969,0.6283,0.62959,8647
2024-08-30T09:00:00.000Z,0.62959,0.63112,0.62924,0.63041,10559
2024-08-30T13:00:00.000Z,0.63041,0.63083,0.62889,0.63007,18352
2024-08-30T17:00:00.000Z,0.63009,0.63096,0.62957,0.62986,7855
2024-09-01T21:00:00.000Z,0.62928,0.63089,0.62852,0.63012,4212
2024-09-02T01:00:00.000Z,0.63013,0.63031,0.62919,0.62958,5300
2024-09-02T05:00:00.000Z,0.62958,0.63009,0.62858,0.63001,8468
2024-09-02T09:00:00.000Z,0.63001,0.63096,0.62957,0.63091,6949
2024-09-02T13:00:00.000Z,0.6309,0.63212,0.63042,0.63088,6928
2024-09-02T17:00:00.000Z,0.63088,0.63114,0.63082,0.63102,1774
2024-09-02T21:00:00.000Z,0.63046,0.63153,0.63042,0.63152,3462
2024-09-03T01:00:00.000Z,0.6315,0.63156,0.6301,0.63037,7447
2024-09-03T05:00:00.000Z,0.63038,0.6319,0.62915,0.63098,11562
2024-09-03T09:00:00.000Z,0.63095,0.63124,0.62809,0.62812,11267
2024-09-03T13:00:00.000Z,0.62812,0.6282,0.6258,0.62775,18406
2024-09-03T17:00:00.000Z,0.62774,0.62808,0.6274,0.62763,7906
2024-09-03T21:00:00.000Z,0.62687,0.62775,0.62582,0.62593,6740
2024-09-04T01:00:00.000Z,0.62593,0.62734,0.62583,0.62682,8426
2024-09-04T05:00:00.000Z,0.62682,0.62705,0.62532,0.62574,12077
2024-09-04T09:00:00.000Z,0.62573,0.62829,0.62573,0.62795,10001
2024-09-04T13:00:00.000Z,0.62795,0.62932,0.62692,0.62754,18810
2024-09-04T17:00:00.000Z,0.62752,0.62754,0.62634,0.62656,8305
2024-09-04T21:00:00.000Z,0.62591,0.6271,0.62591,0.62692,4954
2024-09-05T01:00:00.000Z,0.62691,0.62716,0.62637,0.62666,6563
2024-09-05T05:00:00.000Z,0.62667,0.62703,0.62587,0.62654,10595
2024-09-05T09:00:00.000Z,0.62653,0.62682,0.62405,0.62606,12618
2024-09-05T13:00:00.000Z,0.62606,0.62834,0.62528,0.62557,18209
2024-09-05T17:00:00.000Z,0.62558,0.62576,0.62466,0.62512,8907
2024-09-05T21:00:00.000Z,0.62477,0.62528,0.62435,0.62467,4095
2024-09-06T01:00:00.000Z,0.62466,0.62495,0.62428,0.62456,6139
2024-09-06T05:00:00.000Z,0.62456,0.62456,0.62247,0.62279,12038
2024-09-06T09:00:00.000Z,0.62279,0.62736,0.62178,0.62499,14165
2024-09-06T13:00:00.000Z,0.62494,0.62709,0.62048,0.6217,28230
2024-09-06T17:00:00.000Z,0.6217,0.62213,0.62104,0.62127,11561
2024-09-08T21:00:00.000Z,0.6219,0.62268,0.62032,0.62248,6919
2024-09-09T01:00:00.000Z,0.62247,0.62414,0.6224,0.62389,8017
2024-09-09T05:00:00.000Z,0.62389,0.62527,0.62328,0.62509,11539
2024-09-09T09:00:00.000Z,0.62509,0.62634,0.62466,0.62557,9826
2024-09-09T13:00:00.000Z,0.62557,0.62612,0.62421,0.62601,13876
2024-09-09T17:00:00.000Z,0.62601,0.62639,0.62539,0.62634,8019
2024-09-09T21:00:00.000Z,0.62525,0.62646,0.62525,0.62619,4348
2024-09-10T01:00:00.000Z,0.62619,0.62649,0.62537,0.6254,5742
2024-09-10T05:00:00.000Z,0.6254,0.6259,0.62479,0.62481,9608
2024-09-10T09:00:00.000Z,0.6248,0.62508,0.62311,0.62373,10333
2024-09-10T13:00:00.000Z,0.62371,0.6243,0.62134,0.62226,16183
2024-09-10T17:00:00.000Z,0.62225,0.6226,0.62182,0.62226,8475
2024-09-10T21:00:00.000Z,0.62206,0.62238,0.62157,0.62175,3952
2024-09-11T01:00:00.000Z,0.62175,0.62203,0.61966,0.61987,10065
2024-09-11T05:00:00.000Z,0.61987,0.62243,0.61937,0.62236,11911
2024-09-11T09:00:00.000Z,0.62237,0.62576,0.62201,0.62537,13534
2024-09-11T13:00:00.000Z,0.62537,0.62654,0.62224,0.62577,21832
2024-09-11T17:00:00.000Z,0.62576,0.62864,0.62573,0.62778,10336
2024-09-11T21:00:00.000Z,0.62686,0.62854,0.62684,0.62793,3716
2024-09-12T01:00:00.000Z,0.62794,0.62872,0.62707,0.62868,6945
2024-09-12T05:00:00.000Z,0.62869,0.62979,0.62793,0.6292,10295
2024-09-12T09:00:00.000Z,0.6292,0.63001,0.62724,0.62777,11984
2024-09-12T13:00:00.000Z,0.62777,0.62882,0.62692,0.62772,18055
2024-09-12T17:00:00.000Z,0.62772,0.62782,0.6264,0.62677,11785
2024-09-12T21:00:00.000Z,0.62619,0.62685,0.6255,0.62617,5023
2024-09-13T01:00:00.000Z,0.62617,0.62621,0.62522,0.62579,7025
2024-09-13T05:00:00.000Z,0.62578,0.62604,0.62422,0.62477,10843
2024-09-13T09:00:00.000Z,0.62477,0.6253,0.62269,0.62284,11978
2024-09-13T13:00:00.000Z,0.62285,0.62466,0.62188,0.62377,15078
2024-09-13T17:00:00.000Z,0.62378,0.62514,0.62357,0.62473,7306
2024-09-15T21:00:00.000Z,0.62298,0.62482,0.62277,0.62398,4365
2024-09-16T01:00:00.000Z,0.62397,0.62401,0.62289,0.62341,5362
2024-09-16T05:00:00.000Z,0.62341,0.62352,0.62138,0.622,10420
2024-09-16T09:00:00.000Z,0.62199,0.62256,0.6209,0.62152,12161
2024-09-16T13:00:00.000Z,0.62148,0.62197,0.62085,0.62128,14216
2024-09-16T17:00:00.000Z,0.62128,0.62229,0.62117,0.62169,7036
2024-09-16T21:00:00.000Z,0.62138,0.6221,0.62115,0.62136,4057
2024-09-17T01:00:00.000Z,0.62136,0.62143,0.62074,0.6209,5191
2024-09-17T05:00:00.000Z,0.6209,0.62182,0.62044,0.62075,8826
2024-09-17T09:00:00.000Z,0.62074,0.62224,0.62038,0.62202,11894
2024-09-17T13:00:00.000Z,0.62202,0.62318,0.62188,0.62224,17452
2024-09-17T17:00:00.000Z,0.62224,0.62321,0.62212,0.62294,9180
2024-09-17T21:00:00.000Z,0.62221,0.62315,0.62221,0.62239,4059
2024-09-18T01:00:00.000Z,0.62239,0.62251,0.62159,0.62181,5427
2024-09-18T05:00:00.000Z,0.62181,0.62238,0.62081,0.62101,10025
2024-09-18T09:00:00.000Z,0.62101,0.62157,0.61999,0.6214,10295
2024-09-18T13:00:00.000Z,0.62139,0.62235,0.62102,0.62158,13485
2024-09-18T17:00:00.000Z,0.62159,0.62253,0.61921,0.622,23133
2024-09-18T21:00:00.000Z,0.62145,0.62349,0.62133,0.62331,7708
2024-09-19T01:00:00.000Z,0.62332,0.62414,0.62303,0.62407,12179
2024-09-19T05:00:00.000Z,0.62407,0.625,0.6228,0.62456,14930
2024-09-19T09:00:00.000Z,0.62456,0.62685,0.62416,0.62683,15949
2024-09-19T13:00:00.000Z,0.62684,0.62692,0.62415,0.62561,19498
2024-09-19T17:00:00.000Z,0.62561,0.62584,0.62415,0.62519,9870
2024-09-19T21:00:00.000Z,0.6245,0.62519,0.62425,0.6243,4652
2024-09-20T01:00:00.000Z,0.6243,0.62459,0.62382,0.62412,8563
2024-09-20T05:00:00.000Z,0.62411,0.62492,0.62345,0.62439,14258
2024-09-20T09:00:00.000Z,0.62437,0.62636,0.62431,0.62577,11490
2024-09-20T13:00:00.000Z,0.62577,0.62675,0.6252,0.62648,18756
2024-09-20T17:00:00.000Z,0.62649,0.62792,0.62647,0.62667,9637
2024-09-22T21:00:00.000Z,0.6258,0.62751,0.6257,0.62733,4205
2024-09-23T01:00:00.000Z,0.62735,0.62774,0.6272,0.6276,5354
2024-09-23T05:00:00.000Z,0.62759,0.62764,0.62613,0.62706,12918
2024-09-23T09:00:00.000Z,0.62706,0.62776,0.62628,0.62772,11111
2024-09-23T13:00:00.000Z,0.62774,0.62925,0.62657,0.62693,17269
2024-09-23T17:00:00.000Z,0.62693,0.62762,0.62577,0.62579,7012
2024-09-23T21:00:00.000Z,0.62545,0.62656,0.62532,0.62578,4425
2024-09-24T01:00:00.000Z,0.62578,0.62695,0.62575,0.6268,8006
2024-09-24T05:00:00.000Z,0.6268,0.62801,0.62665,0.62745,13097
2024-09-24T09:00:00.000Z,0.62745,0.62819,0.62723,0.62741,11790
2024-09-24T13:00:00.000Z,0.62741,0.62884,0.62647,0.62795,16416
2024-09-24T17:00:00.000Z,0.62796,0.62855,0.62737,0.62779,7229
2024-09-24T21:00:00.000Z,0.62705,0.62781,0.62682,0.62697,5674
2024-09-25T01:00:00.000Z,0.62696,0.62764,0.62674,0.62714,7852
2024-09-25T05:00:00.000Z,0.62714,0.63054,0.62638,0.63035,11804
2024-09-25T09:00:00.000Z,0.63036,0.63259,0.62986,0.6304,11540
2024-09-25T13:00:00.000Z,0.63042,0.63132,0.62993,0.63071,16226
2024-09-25T17:00:00.000Z,0.63072,0.63087,0.63002,0.63058,8648
2024-09-25T21:00:00.000Z,0.62948,0.63093,0.62948,0.63082,5910
2024-09-26T01:00:00.000Z,0.63082,0.63153,0.63062,0.63074,6792
2024-09-26T05:00:00.000Z,0.63073,0.6321,0.62758,0.63081,14691
2024-09-26T09:00:00.000Z,0.63081,0.63096,0.6281,0.63034,15092
2024-09-26T13:00:00.000Z,0.63035,0.6307,0.62783,0.62822,19783
2024-09-26T17:00:00.000Z,0.62821,0.62829,0.62731,0.62821,9995
2024-09-26T21:00:00.000Z,0.62781,0.62845,0.62737,0.62837,5396
2024-09-27T01:00:00.000Z,0.62838,0.62879,0.62755,0.62862,8306
2024-09-27T05:00:00.000Z,0.6286,0.62938,0.62585,0.62685,19259
2024-09-27T09:00:00.000Z,0.62683,0.62712,0.62397,0.62404,14447
2024-09-27T13:00:00.000Z,0.62404,0.62538,0.62285,0.62326,19157
2024-09-27T17:00:00.000Z,0.62325,0.62353,0.62137,0.62156,10139
2024-09-29T21:00:00.000Z,0.62184,0.62302,0.62138,0.62237,6016
2024-09-30T01:00:00.000Z,0.62235,0.62324,0.62187,0.62285,8982
2024-09-30T05:00:00.000Z,0.62285,0.62419,0.62237,0.6239,13203
2024-09-30T09:00:00.000Z,0.62394,0.62462,0.62294,0.62452,11935
2024-09-30T13:00:00.000Z,0.62453,0.62569,0.62388,0.62514,17664
2024-09-30T17:00:00.000Z,0.62513,0.62632,0.62465,0.62528,13022
2024-09-30T21:00:00.000Z,0.62484,0.62541,0.62405,0.62487,5176
2024-10-01T01:00:00.000Z,0.62487,0.62591,0.62461,0.6256,7068
2024-10-01T05:00:00.000Z,0.6256,0.62676,0.62488,0.62556,13605
2024-10-01T09:00:00.000Z,0.62556,0.62711,0.62465,0.62695,13457
2024-10-01T13:00:00.000Z,0.62695,0.62717,0.62412,0.62692,23701
2024-10-01T17:00:00.000Z,0.62692,0.62847,0.62584,0.6275,13252
2024-10-01T21:00:00.000Z,0.62578,0.62749,0.62578,0.62724,4441
2024-10-02T01:00:00.000Z,0.62723,0.62829,0.6266,0.62713,7771
2024-10-02T05:00:00.000Z,0.62714,0.62762,0.62629,0.6275,13652
2024-10-02T09:00:00.000Z,0.6275,0.63039,0.62739,0.63026,13200
2024-10-02T13:00:00.000Z,0.63026,0.63093,0.62965,0.62976,16820
2024-10-02T17:00:00.000Z,0.62976,0.62983,0.62895,0.62924,7312
2024-10-02T21:00:00.000Z,0.62881,0.62972,0.62866,0.6297,5649
2024-10-03T01:00:00.000Z,0.62971,0.62983,0.62805,0.62825,7622
2024-10-03T05:00:00.000Z,0.62822,0.63191,0.628,0.62898,15484
2024-10-03T09:00:00.000Z,0.62897,0.62993,0.62728,0.62844,13515
2024-10-03T13:00:00.000Z,0.62845,0.63124,0.62811,0.62996,19901
2024-10-03T17:00:00.000Z,0.62996,0.62999,0.62888,0.62906,8442
2024-10-03T21:00:00.000Z,0.62822,0.62897,0.62801,0.62881,4112
2024-10-04T01:00:00.000Z,0.62881,0.62891,0.62778,0.62795,7047
2024-10-04T05:00:00.000Z,0.62795,0.62872,0.62678,0.628,10184
2024-10-04T09:00:00.000Z,0.62799,0.63313,0.62787,0.63305,12042
2024-10-04T13:00:00.000Z,0.63307,0.63345,0.63181,0.6329,19813
2024-10-04T17:00:00.000Z,0.63289,0.63289,0.63182,0.63194,7672
2024-10-06T21:00:00.000Z,0.63207,0.63318,0.63165,0.632,6166
2024-10-07T01:00:00.000Z,0.63199,0.63217,0.63124,0.63144,7285
2024-10-07T05:00:00.000Z,0.63144,0.63223,0.6308,0.63125,10801
2024-10-07T09:00:00.000Z,0.63124,0.63145,0.62832,0.62857,11818
2024-10-07T13:00:00.000Z,0.62857,0.62905,0.62741,0.62749,15476
2024-10-07T17:00:00.000Z,0.6275,0.62798,0.62607,0.62726,7699
2024-10-07T21:00:00.000Z,0.62697,0.6278,0.62614,0.62721,6200
2024-10-08T01:00:00.000Z,0.62721,0.62743,0.62592,0.62699,10453
2024-10-08T05:00:00.000Z,0.62699,0.62712,0.62534,0.62638,12168
2024-10-08T09:00:00.000Z,0.62637,0.62863,0.62634,0.62802,10661
2024-10-08T13:00:00.000Z,0.62802,0.62833,0.62676,0.62742,13848
2024-10-08T17:00:00.000Z,0.62743,0.62853,0.62734,0.62808,7010
2024-10-08T21:00:00.000Z,0.62733,0.62833,0.62725,0.62804,4033
2024-10-09T01:00:00.000Z,0.62805,0.62827,0.62749,0.62801,7608
2024-10-09T05:00:00.000Z,0.62801,0.62863,0.62656,0.62729,10774
2024-10-09T09:00:00.000Z,0.62729,0.62774,0.62663,0.62725,8849
2024-10-09T13:00:00.000Z,0.62724,0.62835,0.62695,0.62801,12425
2024-10-09T17:00:00.000Z,0.62801,0.62836,0.62734,0.62774,6937
2024-10-09T21:00:00.000Z,0.62772,0.62788,0.62723,0.62759,4019
2024-10-10T01:00:00.000Z,0.62758,0.62803,0.6274,0.628,6555
2024-10-10T05:00:00.000Z,0.628,0.62816,0.6259,0.62652,8569
2024-10-10T09:00:00.000Z,0.62652,0.62666,0.62299,0.62406,12479
2024-10-10T13:00:00.000Z,0.62407,0.62425,0.62228,0.62323,18770
2024-10-10T17:00:00.000Z,0.62323,0.62339,0.6223,0.62303,8188
2024-10-10T21:00:00.000Z,0.62269,0.6234,0.62268,0.62291,4744
2024-10-11T01:00:00.000Z,0.6229,0.62334,0.6228,0.62313,5316
2024-10-11T05:00:00.000Z,0.62313,0.62341,0.62179,0.62195,7692
2024-10-11T09:00:00.000Z,0.62195,0.62464,0.62185,0.62364,10130
2024-10-11T13:00:00.000Z,0.62365,0.62433,0.62221,0.62234,13247
2024-10-11T17:00:00.000Z,0.62234,0.62304,0.62227,0.62275,4536
2024-10-13T21:00:00.000Z,0.62209,0.62302,0.62198,0.62284,4150
2024-10-14T01:00:00.000Z,0.62283,0.62317,0.62248,0.62293,5708
2024-10-14T05:00:00.000Z,0.62293,0.62423,0.62282,0.62364,7226
2024-10-14T09:00:00.000Z,0.62365,0.62565,0.62311,0.62555,8392
2024-10-14T13:00:00.000Z,0.62558,0.6264,0.62535,0.62579,10484
2024-10-14T17:00:00.000Z,0.62579,0.62582,0.62509,0.62522,5146
2024-10-14T21:00:00.000Z,0.62484,0.6253,0.62436,0.62456,3925
2024-10-15T01:00:00.000Z,0.62454,0.62553,0.6243,0.6255,5307
2024-10-15T05:00:00.000Z,0.6255,0.6255,0.62384,0.62397,9787
2024-10-15T09:00:00.000Z,0.62398,0.62428,0.62245,0.62311,10047
2024-10-15T13:00:00.000Z,0.62312,0.62558,0.62288,0.62542,13687
2024-10-15T17:00:00.000Z,0.62542,0.62602,0.62504,0.62596,6524
2024-10-15T21:00:00.000Z,0.62525,0.62622,0.62497,0.62562,4264
2024-10-16T01:00:00.000Z,0.62562,0.62595,0.62516,0.62593,6061
2024-10-16T05:00:00.000Z,0.62594,0.62621,0.62512,0.6252,9537
2024-10-16T09:00:00.000Z,0.6252,0.62647,0.62471,0.62637,9090
2024-10-16T13:00:00.000Z,0.62636,0.62823,0.62599,0.62803,12317
2024-10-16T17:00:00.000Z,0.62804,0.62943,0.62782,0.62928,5276
2024-10-16T21:00:00.000Z,0.62876,0.62965,0.62809,0.62932,4209
2024-10-17T01:00:00.000Z,0.62932,0.62956,0.62895,0.62929,6326
2024-10-17T05:00:00.000Z,0.62929,0.62981,0.62746,0.62774,8311
2024-10-17T09:00:00.000Z,0.62775,0.62785,0.62609,0.62734,10099
2024-10-17T13:00:00.000Z,0.62734,0.62831,0.62697,0.62791,15788
2024-10-17T17:00:00.000Z,0.62791,0.62822,0.62755,0.62776,5693
2024-10-17T21:00:00.000Z,0.62736,0.62786,0.62732,0.62782,4530
2024-10-18T01:00:00.000Z,0.62781,0.62798,0.62739,0.62756,6586
2024-10-18T05:00:00.000Z,0.62753,0.62845,0.62715,0.62796,8767
2024-10-18T09:00:00.000Z,0.62796,0.62856,0.62695,0.62723,8522
2024-10-18T13:00:00.000Z,0.62722,0.62781,0.62647,0.62699,10264
2024-10-18T17:00:00.000Z,0.627,0.62724,0.62609,0.62641,6691
2024-10-20T21:00:00.000Z,0.62596,0.62682,0.62583,0.62666,4286
2024-10-21T01:00:00.000Z,0.62667,0.62682,0.62612,0.62628,7259
2024-10-21T05:00:00.000Z,0.62627,0.62655,0.62571,0.62606,7961
2024-10-21T09:00:00.000Z,0.62606,0.62626,0.62465,0.62494,8257
2024-10-21T13:00:00.000Z,0.62495,0.62548,0.62447,0.62511,10740
2024-10-21T17:00:00.000Z,0.62511,0.62635,0.62508,0.62626,5579
2024-10-21T21:00:00.000Z,0.62559,0.62617,0.62532,0.6254,3560
2024-10-22T01:00:00.000Z,0.62541,0.62577,0.62501,0.62559,6777
2024-10-22T05:00:00.000Z,0.62558,0.62598,0.62517,0.6255,8324
2024-10-22T09:00:00.000Z,0.6255,0.62617,0.62535,0.62601,9444
2024-10-22T13:00:00.000Z,0.62601,0.62658,0.62549,0.62579,11492
2024-10-22T17:00:00.000Z,0.62578,0.62654,0.62572,0.62629,6033
2024-10-22T21:00:00.000Z,0.62574,0.62699,0.62574,0.62683,3477
2024-10-23T01:00:00.000Z,0.6268,0.62744,0.62667,0.62728,7137
2024-10-23T05:00:00.000Z,0.62728,0.62839,0.62675,0.62681,9186
2024-10-23T09:00:00.000Z,0.62681,0.62759,0.62627,0.62638,9219
2024-10-23T13:00:00.000Z,0.62635,0.62707,0.6254,0.62639,11783
2024-10-23T17:00:00.000Z,0.62638,0.62693,0.62582,0.62614,6995
2024-10-23T21:00:00.000Z,0.62591,0.6268,0.62588,0.62669,4229
2024-10-24T01:00:00.000Z,0.62668,0.62688,0.62616,0.62634,6377
2024-10-24T05:00:00.000Z,0.62633,0.62738,0.62617,0.62665,9674
2024-10-24T09:00:00.000Z,0.62665,0.62684,0.62607,0.6265,9391
2024-10-24T13:00:00.000Z,0.62651,0.62677,0.6246,0.62468,13154
2024-10-24T17:00:00.000Z,0.62468,0.62521,0.62453,0.62487,6438
2024-10-24T21:00:00.000Z,0.62415,0.62543,0.62415,0.62533,3565
2024-10-25T01:00:00.000Z,0.62532,0.62548,0.62465,0.62472,6459
2024-10-25T05:00:00.000Z,0.62472,0.62585,0.6244,0.62581,8344
2024-10-25T09:00:00.000Z,0.62581,0.62626,0.62505,0.62539,7419
2024-10-25T13:00:00.000Z,0.62542,0.62614,0.62382,0.62395,11526
2024-10-25T17:00:00.000Z,0.62395,0.62411,0.62309,0.62375,6352
2024-10-27T21:00:00.000Z,0.62408,0.62572,0.624,0.6254,6304
2024-10-28T01:00:00.000Z,0.6254,0.62597,0.6252,0.62568,7572
2024-10-28T05:00:00.000Z,0.62568,0.62592,0.62428,0.62439,7560
2024-10-28T09:00:00.000Z,0.6244,0.62442,0.62244,0.62349,8046
2024-10-28T13:00:00.000Z,0.62348,0.6236,0.6222,0.62261,10476
2024-10-28T17:00:00.000Z,0.62262,0.623,0.62245,0.62293,5828
2024-10-28T21:00:00.000Z,0.62223,0.62288,0.62201,0.62271,3287
2024-10-29T01:00:00.000Z,0.6227,0.62291,0.62228,0.62244,6022
2024-10-29T05:00:00.000Z,0.62245,0.62439,0.62211,0.62405,7526
2024-10-29T09:00:00.000Z,0.62405,0.62549,0.62349,0.62533,8918
2024-10-29T13:00:00.000Z,0.62532,0.62548,0.62376,0.62423,14991
2024-10-29T17:00:00.000Z,0.62424,0.62435,0.62294,0.62314,6863
2024-10-29T21:00:00.000Z,0.62276,0.62344,0.62276,0.62335,3904
2024-10-30T01:00:00.000Z,0.62335,0.62351,0.62303,0.62312,5954
2024-10-30T05:00:00.000Z,0.62311,0.62339,0.62234,0.62301,7773
2024-10-30T09:00:00.000Z,0.62301,0.62396,0.62248,0.62316,11257
2024-10-30T13:00:00.000Z,0.62316,0.62347,0.62199,0.62224,15109
2024-10-30T17:00:00.000Z,0.6222,0.62361,0.62218,0.62317,7418
2024-10-30T21:00:00.000Z,0.62296,0.62332,0.62239,0.62257,3245
2024-10-31T01:00:00.000Z,0.62257,0.62275,0.6216,0.6219,6001
2024-10-31T05:00:00.000Z,0.62189,0.62242,0.62129,0.62192,9627
2024-10-31T09:00:00.000Z,0.62192,0.62254,0.62122,0.62212,10857
2024-10-31T13:00:00.000Z,0.62212,0.62278,0.61962,0.6213,17748
2024-10-31T17:00:00.000Z,0.6213,0.62172,0.61951,0.6198,9461
2024-10-31T21:00:00.000Z,0.61904,0.6202,0.61904,0.61978,4284
2024-11-01T01:00:00.000Z,0.61978,0.62044,0.61966,0.6204,6292
2024-11-01T05:00:00.000Z,0.62039,0.62374,0.61978,0.6231,8407
2024-11-01T09:00:00.000Z,0.62309,0.62335,0.62111,0.62206,10217
2024-11-01T13:00:00.000Z,0.62205,0.62505,0.62202,0.62336,15870
2024-11-01T17:00:00.000Z,0.62335,0.62425,0.62326,0.62329,7671
2024-11-03T22:00:00.000Z,0.62247,0.62345,0.62222,0.62237,7043
2024-11-04T02:00:00.000Z,0.62238,0.62244,0.62157,0.62227,6622
2024-11-04T06:00:00.000Z,0.62228,0.62268,0.62017,0.6207,9410
2024-11-04T10:00:00.000Z,0.6207,0.62125,0.62002,0.62073,8913
2024-11-04T14:00:00.000Z,0.62073,0.62168,0.62041,0.6212,13145
2024-11-04T18:00:00.000Z,0.62119,0.62181,0.62108,0.62155,7011
2024-11-04T22:00:00.000Z,0.62094,0.62173,0.62094,0.62154,4337
2024-11-05T02:00:00.000Z,0.62154,0.62192,0.62149,0.62174,5195
2024-11-05T06:00:00.000Z,0.62173,0.62226,0.62061,0.62087,6893
2024-11-05T10:00:00.000Z,0.62087,0.62184,0.62055,0.62174,6509
2024-11-05T14:00:00.000Z,0.62174,0.62415,0.62172,0.62311,12888
2024-11-05T18:00:00.000Z,0.62311,0.6244,0.62264,0.62423,6645
2024-11-05T22:00:00.000Z,0.62386,0.62607,0.623,0.6258,15529
2024-11-06T02:00:00.000Z,0.62579,0.62849,0.62471,0.62607,25883
2024-11-06T06:00:00.000Z,0.62604,0.62934,0.6258,0.62872,22486
2024-11-06T10:00:00.000Z,0.62871,0.63063,0.62815,0.62861,17746
2024-11-06T14:00:00.000Z,0.62861,0.62925,0.62734,0.62852,19397
2024-11-06T18:00:00.000Z,0.62851,0.62894,0.6278,0.6288,8644
2024-11-06T22:00:00.000Z,0.6281,0.62952,0.62774,0.62912,6591
2024-11-07T02:00:00.000Z,0.62913,0.63063,0.62908,0.62993,6941
2024-11-07T06:00:00.000Z,0.62993,0.63164,0.62934,0.63076,11133
2024-11-07T10:00:00.000Z,0.63076,0.63156,0.62922,0.62967,11948
2024-11-07T14:00:00.000Z,0.62967,0.63058,0.62837,0.62974,14776
2024-11-07T18:00:00.000Z,0.62975,0.63077,0.62871,0.62944,13024
2024-11-07T22:00:00.000Z,0.62845,0.62962,0.62845,0.6291,5753
2024-11-08T02:00:00.000Z,0.6291,0.62914,0.62837,0.62886,6121
2024-11-08T06:00:00.000Z,0.62886,0.62898,0.62748,0.62752,10906
2024-11-08T10:00:00.000Z,0.62752,0.62812,0.62633,0.6279,10943
2024-11-08T14:00:00.000Z,0.6279,0.62956,0.6273,0.62947,14906
2024-11-08T18:00:00.000Z,0.62946,0.62968,0.62909,0.62926,6913
2024-11-10T22:00:00.000Z,0.62859,0.63022,0.62841,0.62967,5580
2024-11-11T02:00:00.000Z,0.62966,0.63016,0.62939,0.62991,5134
2024-11-11T06:00:00.000Z,0.62991,0.63125,0.6299,0.63063,8808
2024-11-11T10:00:00.000Z,0.63063,0.63146,0.63049,0.63082,8537
2024-11-11T14:00:00.000Z,0.63082,0.63247,0.63053,0.63209,9711
2024-11-11T18:00:00.000Z,0.63207,0.63258,0.63171,0.63253,4514
2024-11-11T22:00:00.000Z,0.6313,0.63276,0.6308,0.63269,5104
2024-11-12T02:00:00.000Z,0.63269,0.63269,0.63158,0.63182,6926
2024-11-12T06:00:00.000Z,0.63181,0.63248,0.63123,0.63209,10882
2024-11-12T10:00:00.000Z,0.63208,0.63284,0.63066,0.6328,11730
2024-11-12T14:00:00.000Z,0.6328,0.6335,0.63201,0.63242,13249
2024-11-12T18:00:00.000Z,0.63242,0.6329,0.63202,0.6324,6541
2024-11-12T22:00:00.000Z,0.63134,0.63284,0.63125,0.63231,5646
2024-11-13T02:00:00.000Z,0.63231,0.63264,0.63211,0.6325,5444
2024-11-13T06:00:00.000Z,0.6325,0.6333,0.63226,0.63271,9333
2024-11-13T10:00:00.000Z,0.6327,0.63292,0.63109,0.63183,11560
2024-11-13T14:00:00.000Z,0.63185,0.63317,0.63094,0.63295,18284
2024-11-13T18:00:00.000Z,0.63295,0.6336,0.63252,0.63291,6771
2024-11-13T22:00:00.000Z,0.63202,0.63338,0.63183,0.63312,6678
2024-11-14T02:00:00.000Z,0.63312,0.63348,0.63302,0.63323,6024
2024-11-14T06:00:00.000Z,0.63322,0.63517,0.63265,0.63502,10292
2024-11-14T10:00:00.000Z,0.63502,0.63559,0.63427,0.63509,13822
2024-11-14T14:00:00.000Z,0.6351,0.63527,0.63225,0.63282,15968
2024-11-14T18:00:00.000Z,0.63281,0.63427,0.63278,0.63345,10818
2024-11-14T22:00:00.000Z,0.63229,0.63331,0.63216,0.63273,5737
2024-11-15T02:00:00.000Z,0.63273,0.63278,0.63219,0.63226,5761
2024-11-15T06:00:00.000Z,0.63225,0.6324,0.63092,0.63224,10928
2024-11-15T10:00:00.000Z,0.63224,0.63279,0.63145,0.63177,12863
2024-11-15T14:00:00.000Z,0.63176,0.63214,0.62935,0.62975,18443
2024-11-15T18:00:00.000Z,0.62974,0.63052,0.62894,0.6303,9525
2024-11-17T22:00:00.000Z,0.62907,0.63121,0.62887,0.63065,7672
2024-11-18T02:00:00.000Z,0.63065,0.63085,0.62992,0.6301,5914
2024-11-18T06:00:00.000Z,0.63009,0.6301,0.62849,0.62881,10022
2024-11-18T10:00:00.000Z,0.62883,0.63023,0.62875,0.62891,9994
2024-11-18T14:00:00.000Z,0.62892,0.63109,0.62881,0.63091,12595
2024-11-18T18:00:00.000Z,0.6309,0.63104,0.62972,0.62994,6286
2024-11-18T22:00:00.000Z,0.62926,0.63005,0.62917,0.62976,4542
2024-11-19T02:00:00.000Z,0.62975,0.63044,0.62966,0.63029,5414
2024-11-19T06:00:00.000Z,0.63029,0.6311,0.62925,0.62979,13840
2024-11-19T10:00:00.000Z,0.62978,0.63058,0.62851,0.6288,13498
2024-11-19T14:00:00.000Z,0.62879,0.63179,0.62863,0.63179,16169
2024-11-19T18:00:00.000Z,0.63179,0.63257,0.63154,0.63215,6789
2024-11-19T22:00:00.000Z,0.63132,0.63259,0.63132,0.63218,4369
2024-11-20T02:00:00.000Z,0.63218,0.63296,0.63209,0.63289,4454
2024-11-20T06:00:00.000Z,0.63289,0.63379,0.63277,0.6334,10018
2024-11-20T10:00:00.000Z,0.63339,0.63349,0.63213,0.63227,9207
2024-11-20T14:00:00.000Z,0.63228,0.63276,0.63059,0.632,12761
2024-11-20T18:00:00.000Z,0.632,0.63287,0.63171,0.63251,6180
2024-11-20T22:00:00.000Z,0.63225,0.63265,0.63209,0.63224,4199
2024-11-21T02:00:00.000Z,0.63225,0.63229,0.63176,0.63209,4810
2024-11-21T06:00:00.000Z,0.63208,0.63316,0.6317,0.63258,12690
2024-11-21T10:00:00.000Z,0.63258,0.63334,0.6321,0.63263,11011
2024-11-21T14:00:00.000Z,0.63263,0.63522,0.63223,0.63478,16901
2024-11-21T18:00:00.000Z,0.63478,0.63529,0.63443,0.6347,6398
2024-11-21T22:00:00.000Z,0.63428,0.6347,0.63402,0.63456,4871
2024-11-22T02:00:00.000Z,0.63456,0.63461,0.63384,0.63408,5726
2024-11-22T06:00:00.000Z,0.63409,0.63573,0.63384,0.63477,14411
2024-11-22T10:00:00.000Z,0.63477,0.63972,0.63461,0.6391,13726
2024-11-22T14:00:00.000Z,0.6391,0.64064,0.6387,0.6392,15916
2024-11-22T18:00:00.000Z,0.63919,0.63995,0.63915,0.63959,6298
2024-11-24T22:00:00.000Z,0.6375,0.63945,0.63733,0.63861,8004
2024-11-25T02:00:00.000Z,0.63861,0.63911,0.63806,0.63867,6071
2024-11-25T06:00:00.000Z,0.63867,0.63894,0.63685,0.63688,11558
2024-11-25T10:00:00.000Z,0.63688,0.6373,0.63518,0.63542,11363
2024-11-25T14:00:00.000Z,0.63542,0.63547,0.63338,0.63392,15782
2024-11-25T18:00:00.000Z,0.63392,0.63417,0.6334,0.63364,7599
2024-11-25T22:00:00.000Z,0.63339,0.63375,0.62696,0.62796,12967
2024-11-26T02:00:00.000Z,0.62796,0.62964,0.6278,0.6287,7492
2024-11-26T06:00:00.000Z,0.62869,0.6292,0.62658,0.62846,11259
2024-11-26T10:00:00.000Z,0.62846,0.62937,0.62757,0.62799,12807
2024-11-26T14:00:00.000Z,0.62799,0.63147,0.62782,0.63057,16886
2024-11-26T18:00:00.000Z,0.63057,0.63136,0.63028,0.63068,8925
2024-11-26T22:00:00.000Z,0.6301,0.63086,0.62975,0.62981,6865
2024-11-27T02:00:00.000Z,0.62981,0.63021,0.62909,0.62926,5860
2024-11-27T06:00:00.000Z,0.62927,0.6293,0.6277,0.62833,12707
2024-11-27T10:00:00.000Z,0.62833,0.62868,0.62751,0.62767,13469
2024-11-27T14:00:00.000Z,0.62766,0.62892,0.62694,0.628,17762
2024-11-27T18:00:00.000Z,0.62799,0.62893,0.62784,0.62855,7441
2024-11-27T22:00:00.000Z,0.62763,0.63027,0.62751,0.63007,6172
2024-11-28T02:00:00.000Z,0.63007,0.63034,0.62974,0.63001,4841
2024-11-28T06:00:00.000Z,0.63003,0.63158,0.62955,0.63157,9309
2024-11-28T10:00:00.000Z,0.63155,0.63171,0.6303,0.63061,7000
2024-11-28T14:00:00.000Z,0.63061,0.63077,0.62972,0.6303,6704
2024-11-28T18:00:00.000Z,0.6303,0.63035,0.62984,0.63,2530
2024-11-28T22:00:00.000Z,0.62878,0.63007,0.62878,0.6293,7956
2024-11-29T02:00:00.000Z,0.6293,0.6302,0.62923,0.62988,6750
2024-11-29T06:00:00.000Z,0.6299,0.63006,0.62818,0.62939,10271
2024-11-29T10:00:00.000Z,0.62939,0.62965,0.62744,0.62767,9749
2024-11-29T14:00:00.000Z,0.62767,0.62991,0.6271,0.62924,13685
2024-11-29T18:00:00.000Z,0.62922,0.62926,0.62835,0.62889,17955
2024-12-01T22:00:00.000Z,0.62824,0.63,0.62819,0.62987,8464
2024-12-02T02:00:00.000Z,0.62988,0.6308,0.62972,0.6306,6954
2024-12-02T06:00:00.000Z,0.6306,0.63144,0.62963,0.63144,12522
2024-12-02T10:00:00.000Z,0.63144,0.63184,0.63054,0.63158,11908
2024-12-02T14:00:00.000Z,0.63158,0.63192,0.62968,0.631,17246
2024-12-02T18:00:00.000Z,0.631,0.63156,0.6304,0.63074,9492
2024-12-02T22:00:00.000Z,0.62996,0.63186,0.62996,0.63164,6903
2024-12-03T02:00:00.000Z,0.63164,0.63239,0.63141,0.63221,7201
2024-12-03T06:00:00.000Z,0.6322,0.63265,0.63101,0.63136,11972
2024-12-03T10:00:00.000Z,0.63136,0.63138,0.62885,0.62914,10737
2024-12-03T14:00:00.000Z,0.62914,0.63018,0.62887,0.62972,18313
2024-12-03T18:00:00.000Z,0.62973,0.63005,0.62926,0.62959,8126
2024-12-03T22:00:00.000Z,0.62972,0.63041,0.62955,0.63024,7024
2024-12-04T02:00:00.000Z,0.63024,0.63045,0.62977,0.63008,8386
2024-12-04T06:00:00.000Z,0.63008,0.6307,0.62976,0.63047,11581
2024-12-04T10:00:00.000Z,0.63047,0.63083,0.62991,0.63063,12304
2024-12-04T14:00:00.000Z,0.63062,0.63094,0.62725,0.62766,18078
2024-12-04T18:00:00.000Z,0.62766,0.62893,0.62763,0.62804,10074
2024-12-04T22:00:00.000Z,0.62766,0.62862,0.62747,0.62841,5722
2024-12-05T02:00:00.000Z,0.62841,0.62858,0.62791,0.628,6373
2024-12-05T06:00:00.000Z,0.628,0.6297,0.62773,0.62934,9394
2024-12-05T10:00:00.000Z,0.62935,0.62964,0.62721,0.62813,11853
2024-12-05T14:00:00.000Z,0.62813,0.62827,0.62577,0.62594,16877
2024-12-05T18:00:00.000Z,0.62594,0.62662,0.62553,0.62613,8729
2024-12-05T22:00:00.000Z,0.62543,0.62654,0.62539,0.62609,7403
2024-12-06T02:00:00.000Z,0.62609,0.62647,0.62589,0.62642,6630
2024-12-06T06:00:00.000Z,0.62643,0.62658,0.6257,0.62597,8561
2024-12-06T10:00:00.000Z,0.62597,0.626,0.62074,0.62098,13180
2024-12-06T14:00:00.000Z,0.62098,0.62191,0.61975,0.62076,20718
2024-12-06T18:00:00.000Z,0.62075,0.62125,0.62014,0.62021,7876
2024-12-08T22:00:00.000Z,0.61974,0.62129,0.61973,0.62113,6780
2024-12-09T02:00:00.000Z,0.62112,0.62142,0.62088,0.6211,6232
2024-12-09T06:00:00.000Z,0.6211,0.6222,0.62051,0.62194,10233
2024-12-09T10:00:00.000Z,0.62194,0.6235,0.62136,0.62294,9889
2024-12-09T14:00:00.000Z,0.62294,0.62315,0.62031,0.62124,14554
2024-12-09T18:00:00.000Z,0.62124,0.62129,0.61963,0.61963,7430
2024-12-09T22:00:00.000Z,0.61958,0.62019,0.61944,0.61978,5131
2024-12-10T02:00:00.000Z,0.61978,0.61978,0.61873,0.61875,7106
2024-12-10T06:00:00.000Z,0.61875,0.6211,0.61873,0.62099,9628
2024-12-10T10:00:00.000Z,0.62099,0.6217,0.62048,0.62123,9529
2024-12-10T14:00:00.000Z,0.62121,0.62334,0.62056,0.62307,13108
2024-12-10T18:00:00.000Z,0.62306,0.62335,0.62265,0.62267,6034
2024-12-10T22:00:00.000Z,0.62204,0.6234,0.62178,0.62332,3789
2024-12-11T02:00:00.000Z,0.62332,0.6239,0.62327,0.62359,4425
2024-12-11T06:00:00.000Z,0.6236,0.62395,0.62308,0.62335,10529
2024-12-11T10:00:00.000Z,0.62335,0.62342,0.62097,0.62236,11905
2024-12-11T14:00:00.000Z,0.62235,0.62555,0.62189,0.6248,16609
2024-12-11T18:00:00.000Z,0.62481,0.62509,0.62417,0.62435,7613
2024-12-11T22:00:00.000Z,0.62395,0.62504,0.62391,0.62447,4854
2024-12-12T02:00:00.000Z,0.62447,0.62498,0.62433,0.62485,4837
2024-12-12T06:00:00.000Z,0.62484,0.62899,0.62332,0.62714,10824
2024-12-12T10:00:00.000Z,0.62716,0.62787,0.62606,0.62719,12468
2024-12-12T14:00:00.000Z,0.62719,0.6273,0.62576,0.62654,17311
2024-12-12T18:00:00.000Z,0.62654,0.62798,0.62644,0.62753,8754
2024-12-12T22:00:00.000Z,0.62658,0.62745,0.62657,0.62697,5594
2024-12-13T02:00:00.000Z,0.62698,0.62711,0.62666,0.62669,5098
2024-12-13T06:00:00.000Z,0.62669,0.62883,0.62663,0.62883,8475
2024-12-13T10:00:00.000Z,0.62882,0.62894,0.62669,0.62768,9754
2024-12-13T14:00:00.000Z,0.62769,0.62816,0.62657,0.62706,12921
2024-12-13T18:00:00.000Z,0.62707,0.62769,0.62672,0.627,5912
2024-12-15T22:00:00.000Z,0.62633,0.62734,0.62623,0.62675,6290
2024-12-16T02:00:00.000Z,0.62677,0.62687,0.6259,0.62595,5458
2024-12-16T06:00:00.000Z,0.62595,0.62695,0.62553,0.62565,9127
2024-12-16T10:00:00.000Z,0.62565,0.62715,0.62553,0.62669,8243
2024-12-16T14:00:00.000Z,0.62669,0.62853,0.62643,0.62822,13712
2024-12-16T18:00:00.000Z,0.62821,0.6285,0.62736,0.62787,6268
2024-12-16T22:00:00.000Z,0.62745,0.62816,0.62694,0.62715,5755
2024-12-17T02:00:00.000Z,0.62715,0.62782,0.62693,0.62714,4812
2024-12-17T06:00:00.000Z,0.62714,0.62848,0.62705,0.62846,8790
2024-12-17T10:00:00.000Z,0.62846,0.62849,0.62663,0.62726,10771
2024-12-17T14:00:00.000Z,0.62726,0.62726,0.6231,0.62322,14314
2024-12-17T18:00:00.000Z,0.62322,0.62392,0.62299,0.62376,6299
2024-12-17T22:00:00.000Z,0.62341,0.62378,0.62309,0.62334,4543
2024-12-18T02:00:00.000Z,0.62333,0.62359,0.62271,0.6229,4331
2024-12-18T06:00:00.000Z,0.62288,0.62428,0.62245,0.62364,8201
2024-12-18T10:00:00.000Z,0.62363,0.62479,0.62361,0.62417,8435
2024-12-18T14:00:00.000Z,0.62417,0.62459,0.62276,0.62284,11640
2024-12-18T18:00:00.000Z,0.62284,0.62486,0.62237,0.6237,17707
2024-12-18T22:00:00.000Z,0.62336,0.62449,0.6229,0.62359,7881
2024-12-19T02:00:00.000Z,0.62358,0.62441,0.62288,0.62297,7092
2024-12-19T06:00:00.000Z,0.62297,0.62418,0.62231,0.62261,13189
2024-12-19T10:00:00.000Z,0.62261,0.62425,0.62224,0.62405,13233
2024-12-19T14:00:00.000Z,0.62403,0.6261,0.62391,0.62548,17965
2024-12-19T18:00:00.000Z,0.62548,0.62564,0.6239,0.62421,9020
2024-12-19T22:00:00.000Z,0.62344,0.62442,0.62274,0.62278,6495
2024-12-20T02:00:00.000Z,0.62277,0.62296,0.62202,0.6227,6462
2024-12-20T06:00:00.000Z,0.6227,0.62389,0.62209,0.62224,10762
2024-12-20T10:00:00.000Z,0.62223,0.62227,0.62082,0.62105,11339
2024-12-20T14:00:00.000Z,0.62104,0.62326,0.6207,0.62175,17641
2024-12-20T18:00:00.000Z,0.62175,0.62184,0.62073,0.62141,8058
2024-12-22T22:00:00.000Z,0.62015,0.62224,0.61983,0.62215,7064
2024-12-23T02:00:00.000Z,0.62213,0.62247,0.62195,0.62231,4161
2024-12-23T06:00:00.000Z,0.62232,0.62289,0.62147,0.62259,7177
2024-12-23T10:00:00.000Z,0.62259,0.62368,0.62163,0.6217,8681
2024-12-23T14:00:00.000Z,0.62169,0.62568,0.62157,0.62542,12696
2024-12-23T18:00:00.000Z,0.62543,0.62558,0.62496,0.62523,6519
2024-12-23T22:00:00.000Z,0.62461,0.62529,0.62461,0.62497,3526
2024-12-24T02:00:00.000Z,0.62498,0.62544,0.62462,0.62468,3933
2024-12-24T06:00:00.000Z,0.62467,0.62595,0.62465,0.62564,5411
2024-12-24T10:00:00.000Z,0.62565,0.62566,0.62406,0.62539,5867
2024-12-24T14:00:00.000Z,0.62539,0.62689,0.62539,0.62672,9523
2024-12-24T18:00:00.000Z,0.62672,0.62752,0.62569,0.62616,4670
2024-12-25T22:00:00.000Z,0.62561,0.62695,0.62538,0.62659,5179
2024-12-26T02:00:00.000Z,0.62659,0.62682,0.62616,0.62621,3805
2024-12-26T06:00:00.000Z,0.62621,0.62631,0.62479,0.62492,5058
2024-12-26T10:00:00.000Z,0.62493,0.62603,0.62491,0.62571,5902
2024-12-26T14:00:00.000Z,0.62571,0.62587,0.62395,0.62403,8630
2024-12-26T18:00:00.000Z,0.62402,0.62403,0.62346,0.6238,5140
2024-12-26T22:00:00.000Z,0.62326,0.62416,0.62326,0.62386,3880
2024-12-27T02:00:00.000Z,0.62386,0.62438,0.62373,0.62431,3417
2024-12-27T06:00:00.000Z,0.6243,0.62571,0.62426,0.62469,7221
2024-12-27T10:00:00.000Z,0.6247,0.62644,0.62448,0.62574,7524
2024-12-27T14:00:00.000Z,0.62573,0.62588,0.62452,0.62513,13149
2024-12-27T18:00:00.000Z,0.62512,0.62599,0.62501,0.62584,5873
2024-12-29T22:00:00.000Z,0.62442,0.62627,0.62415,0.62618,2677
2024-12-30T02:00:00.000Z,0.62617,0.62662,0.62601,0.6265,2609
2024-12-30T06:00:00.000Z,0.6265,0.6278,0.62617,0.62666,5921
2024-12-30T10:00:00.000Z,0.62666,0.62885,0.62629,0.62871,8840
2024-12-30T14:00:00.000Z,0.62871,0.63085,0.62739,0.63036,15055
2024-12-30T18:00:00.000Z,0.63036,0.63044,0.62932,0.62961,6944
2024-12-30T22:00:00.000Z,0.62879,0.62982,0.62873,0.62943,4023
2024-12-31T02:00:00.000Z,0.62943,0.62957,0.62902,0.62932,3668
2024-12-31T06:00:00.000Z,0.62933,0.6299,0.62795,0.62898,6441
2024-12-31T10:00:00.000Z,0.62898,0.62997,0.62831,0.62853,8530
2024-12-31T14:00:00.000Z,0.62852,0.63083,0.62835,0.6308,15108
2024-12-31T18:00:00.000Z,0.63082,0.63144,0.63051,0.63077,5837
2025-01-01T22:00:00.000Z,0.62936,0.63148,0.62872,0.63036,5695
2025-01-02T02:00:00.000Z,0.63037,0.63038,0.62902,0.62974,3927
2025-01-02T06:00:00.000Z,0.62975,0.62982,0.62721,0.62769,8078
2025-01-02T10:00:00.000Z,0.62769,0.63012,0.62752,0.63011,10539
2025-01-02T14:00:00.000Z,0.6301,0.63402,0.62949,0.63347,17268
2025-01-02T18:00:00.000Z,0.63347,0.63401,0.63268,0.63336,7153
2025-01-02T22:00:00.000Z,0.63208,0.63358,0.632,0.63335,4968
2025-01-03T02:00:00.000Z,0.63335,0.63415,0.63309,0.63321,4301
2025-01-03T06:00:00.000Z,0.6332,0.63341,0.63112,0.63176,8298
2025-01-03T10:00:00.000Z,0.63176,0.63197,0.63054,0.63081,7927
2025-01-03T14:00:00.000Z,0.63081,0.63126,0.62849,0.62887,12661
2025-01-03T18:00:00.000Z,0.62888,0.62932,0.62866,0.62888,5975
2025-01-05T22:00:00.000Z,0.6281,0.63189,0.6281,0.6318,5459
2025-01-06T02:00:00.000Z,0.6318,0.63211,0.63114,0.63205,4781
2025-01-06T06:00:00.000Z,0.63205,0.63212,0.62962,0.63023,9210
2025-01-06T10:00:00.000Z,0.63023,0.63078,0.62933,0.63068,16055
2025-01-06T14:00:00.000Z,0.63069,0.6325,0.62901,0.62929,17909
2025-01-06T18:00:00.000Z,0.62927,0.63126,0.62922,0.63113,7772
2025-01-06T22:00:00.000Z,0.63055,0.63158,0.63055,0.63144,6018
2025-01-07T02:00:00.000Z,0.63145,0.6318,0.63102,0.63132,5193
2025-01-07T06:00:00.000Z,0.63131,0.63249,0.63035,0.63206,9967
2025-01-07T10:00:00.000Z,0.63212,0.63401,0.63201,0.63327,10432
2025-01-07T14:00:00.000Z,0.63327,0.63389,0.63209,0.63262,20042
2025-01-07T18:00:00.000Z,0.63262,0.63357,0.63262,0.6328,9666
2025-01-07T22:00:00.000Z,0.63282,0.63372,0.63238,0.63349,6173
2025-01-08T02:00:00.000Z,0.63349,0.63391,0.63334,0.63368,4744
2025-01-08T06:00:00.000Z,0.63367,0.63511,0.63338,0.6348,10444
2025-01-08T10:00:00.000Z,0.63479,0.63498,0.63228,0.63234,16720
2025-01-08T14:00:00.000Z,0.63235,0.63379,0.63212,0.63339,16984
2025-01-08T18:00:00.000Z,0.63339,0.63416,0.63322,0.63361,10301
2025-01-08T22:00:00.000Z,0.63314,0.63397,0.63314,0.63346,5259
2025-01-09T02:00:00.000Z,0.63346,0.63382,0.63323,0.6336,6142
2025-01-09T06:00:00.000Z,0.63359,0.63432,0.63337,0.63371,11050
2025-01-09T10:00:00.000Z,0.63371,0.63432,0.6328,0.63305,9896
2025-01-09T14:00:00.000Z,0.63305,0.63421,0.63268,0.63401,9516
2025-01-09T18:00:00.000Z,0.63401,0.63423,0.63372,0.63394,3829
2025-01-09T22:00:00.000Z,0.63297,0.63362,0.63295,0.63309,4907
2025-01-10T02:00:00.000Z,0.63309,0.63339,0.63266,0.63325,4695
2025-01-10T06:00:00.000Z,0.63324,0.63403,0.63291,0.63383,9324
2025-01-10T10:00:00.000Z,0.63383,0.63718,0.63281,0.63639,12830
2025-01-10T14:00:00.000Z,0.63639,0.63719,0.63501,0.63574,22522
2025-01-10T18:00:00.000Z,0.63574,0.63605,0.63472,0.63502,9920
2025-01-12T22:00:00.000Z,0.6344,0.63605,0.63429,0.63543,6301
2025-01-13T02:00:00.000Z,0.63543,0.63558,0.6351,0.63525,5969
2025-01-13T06:00:00.000Z,0.63525,0.63627,0.63481,0.63521,12763
2025-01-13T10:00:00.000Z,0.6352,0.63636,0.63465,0.63621,12427
2025-01-13T14:00:00.000Z,0.6362,0.63809,0.63588,0.6373,16686
2025-01-13T18:00:00.000Z,0.6373,0.63791,0.63701,0.63766,8541
2025-01-13T22:00:00.000Z,0.63726,0.63814,0.6369,0.63736,8032
2025-01-14T02:00:00.000Z,0.63736,0.63746,0.6368,0.63687,6594
2025-01-14T06:00:00.000Z,0.63687,0.63742,0.63568,0.63712,12054
2025-01-14T10:00:00.000Z,0.63714,0.63768,0.63559,0.63647,12728
2025-01-14T14:00:00.000Z,0.63647,0.63767,0.63567,0.63621,18646
2025-01-14T18:00:00.000Z,0.63621,0.63633,0.63499,0.63555,8263
2025-01-14T22:00:00.000Z,0.63553,0.63587,0.63503,0.6355,4248
2025-01-15T02:00:00.000Z,0.6355,0.63579,0.6351,0.63536,4656
2025-01-15T06:00:00.000Z,0.63536,0.63615,0.63493,0.63551,9839
2025-01-15T10:00:00.000Z,0.63551,0.63591,0.63351,0.63552,12280
2025-01-15T14:00:00.000Z,0.63551,0.63703,0.63501,0.63682,19469
2025-01-15T18:00:00.000Z,0.63678,0.63717,0.63602,0.63611,7330
2025-01-15T22:00:00.000Z,0.636,0.63681,0.63593,0.63608,6387
2025-01-16T02:00:00.000Z,0.63605,0.63609,0.63534,0.63534,5877
2025-01-16T06:00:00.000Z,0.63536,0.6355,0.63361,0.63399,9598
2025-01-16T10:00:00.000Z,0.63398,0.63493,0.63383,0.63427,11166
2025-01-16T14:00:00.000Z,0.63427,0.63497,0.63277,0.63318,19555
2025-01-16T18:00:00.000Z,0.63318,0.63351,0.63241,0.63243,7872
2025-01-16T22:00:00.000Z,0.63176,0.63299,0.63172,0.63211,4476
2025-01-17T02:00:00.000Z,0.63211,0.633,0.63205,0.63286,4983
2025-01-17T06:00:00.000Z,0.63286,0.63349,0.63138,0.63214,8981
2025-01-17T10:00:00.000Z,0.63212,0.63283,0.63179,0.63247,10162
2025-01-17T14:00:00.000Z,0.63248,0.63465,0.63195,0.63344,18484
2025-01-17T18:00:00.000Z,0.63344,0.63372,0.63127,0.63127,7599
2025-01-19T22:00:00.000Z,0.63048,0.63221,0.63038,0.63196,5640
2025-01-20T02:00:00.000Z,0.63196,0.63221,0.63168,0.63178,5064
2025-01-20T06:00:00.000Z,0.63179,0.63192,0.63087,0.63118,8750
2025-01-20T10:00:00.000Z,0.63117,0.63508,0.63088,0.63502,12628
2025-01-20T14:00:00.000Z,0.63502,0.63617,0.63284,0.63339,20191
2025-01-20T18:00:00.000Z,0.63338,0.63423,0.63293,0.63309,6742
2025-01-20T22:00:00.000Z,0.63239,0.63396,0.62604,0.62895,15506
2025-01-21T02:00:00.000Z,0.62895,0.62977,0.62865,0.62903,10298
2025-01-21T06:00:00.000Z,0.62903,0.63141,0.62847,0.63126,11091
2025-01-21T10:00:00.000Z,0.63126,0.63162,0.62925,0.62933,12912
2025-01-21T14:00:00.000Z,0.6293,0.63318,0.62919,0.63288,18489
2025-01-21T18:00:00.000Z,0.63289,0.63298,0.63182,0.63215,7864
2025-01-21T22:00:00.000Z,0.63168,0.63265,0.6314,0.63241,8625
2025-01-22T02:00:00.000Z,0.63241,0.63268,0.63228,0.63244,5863
2025-01-22T06:00:00.000Z,0.63244,0.63289,0.63108,0.63114,11422
2025-01-22T10:00:00.000Z,0.63114,0.63201,0.63061,0.63119,11739
2025-01-22T14:00:00.000Z,0.63121,0.63175,0.63029,0.63108,14792
2025-01-22T18:00:00.000Z,0.63108,0.63143,0.6298,0.63008,6656
2025-01-22T22:00:00.000Z,0.6297,0.63016,0.62921,0.62968,6250
2025-01-23T02:00:00.000Z,0.62968,0.63032,0.62937,0.62987,8056
2025-01-23T06:00:00.000Z,0.62987,0.63106,0.62967,0.63049,10871
2025-01-23T10:00:00.000Z,0.63051,0.63087,0.62963,0.62999,11394
2025-01-23T14:00:00.000Z,0.62998,0.63273,0.62995,0.632,19109
2025-01-23T18:00:00.000Z,0.63201,0.63208,0.63054,0.63058,7587
2025-01-23T22:00:00.000Z,0.62992,0.63123,0.62992,0.631,4840
2025-01-24T02:00:00.000Z,0.631,0.63202,0.63096,0.63153,10723
2025-01-24T06:00:00.000Z,0.63153,0.63175,0.63009,0.63119,16106
2025-01-24T10:00:00.000Z,0.6312,0.63281,0.63114,0.63269,11981
2025-01-24T14:00:00.000Z,0.63268,0.63324,0.63068,0.63123,16419
2025-01-24T18:00:00.000Z,0.63123,0.63199,0.63106,0.63145,6263
2025-01-26T22:00:00.000Z,0.63001,0.63073,0.62983,0.63018,7556
2025-01-27T02:00:00.000Z,0.63017,0.6307,0.62957,0.63031,7431
2025-01-27T06:00:00.000Z,0.63032,0.63071,0.62707,0.62739,14364
2025-01-27T10:00:00.000Z,0.6274,0.6274,0.62439,0.62587,18933
2025-01-27T14:00:00.000Z,0.62587,0.62681,0.62485,0.62581,18032
2025-01-27T18:00:00.000Z,0.62582,0.6278,0.62576,0.62766,9025
2025-01-27T22:00:00.000Z,0.62684,0.6287,0.62675,0.62846,10971
2025-01-28T02:00:00.000Z,0.62845,0.62906,0.62828,0.62867,7571
2025-01-28T06:00:00.000Z,0.62867,0.62983,0.62832,0.62908,11735
2025-01-28T10:00:00.000Z,0.62908,0.62928,0.62822,0.62905,10916
2025-01-28T14:00:00.000Z,0.62905,0.62985,0.62813,0.62816,14242
2025-01-28T18:00:00.000Z,0.62816,0.62865,0.62771,0.62789,7162
2025-01-28T22:00:00.000Z,0.6273,0.62809,0.62728,0.62775,6193
2025-01-29T02:00:00.000Z,0.62775,0.62786,0.62737,0.62739,4870
2025-01-29T06:00:00.000Z,0.62741,0.62831,0.6273,0.62807,10141
2025-01-29T10:00:00.000Z,0.62807,0.62855,0.62741,0.62779,11185
2025-01-29T14:00:00.000Z,0.62779,0.62989,0.62694,0.62879,17328
2025-01-29T18:00:00.000Z,0.62879,0.62993,0.62797,0.62878,15244
2025-01-29T22:00:00.000Z,0.62798,0.6296,0.62798,0.62906,9001
2025-01-30T02:00:00.000Z,0.62906,0.62911,0.62839,0.6284,6879
2025-01-30T06:00:00.000Z,0.6284,0.63015,0.62817,0.62989,9472
2025-01-30T10:00:00.000Z,0.6299,0.63081,0.6285,0.62921,12688
2025-01-30T14:00:00.000Z,0.6292,0.63084,0.62867,0.63047,15770
2025-01-30T18:00:00.000Z,0.63047,0.63118,0.62344,0.62782,12809
2025-01-30T22:00:00.000Z,0.62721,0.62836,0.62676,0.62813,9765
2025-01-31T02:00:00.000Z,0.62813,0.6287,0.62788,0.6286,6160
2025-01-31T06:00:00.000Z,0.6286,0.63021,0.62857,0.62897,11673
2025-01-31T10:00:00.000Z,0.62897,0.62918,0.62789,0.62804,12158
2025-01-31T14:00:00.000Z,0.62805,0.63147,0.62571,0.63048,22069
2025-01-31T18:00:00.000Z,0.63048,0.63085,0.62563,0.62646,21057
2025-02-02T22:00:00.000Z,0.62006,0.62438,0.61937,0.62096,20566
2025-02-03T02:00:00.000Z,0.62096,0.62212,0.61938,0.62199,13873
2025-02-03T06:00:00.000Z,0.62199,0.62533,0.62086,0.62431,17509
2025-02-03T10:00:00.000Z,0.62431,0.62584,0.62271,0.62375,16765
2025-02-03T14:00:00.000Z,0.62374,0.62822,0.62199,0.62674,29059
2025-02-03T18:00:00.000Z,0.62675,0.63243,0.62583,0.63138,15341
2025-02-03T22:00:00.000Z,0.63014,0.63272,0.63014,0.63103,10229
2025-02-04T02:00:00.000Z,0.63103,0.63106,0.62915,0.63002,10054
2025-02-04T06:00:00.000Z,0.63002,0.63168,0.6292,0.63057,13254
2025-02-04T10:00:00.000Z,0.63057,0.63197,0.62936,0.63175,11810
2025-02-04T14:00:00.000Z,0.63175,0.63276,0.63063,0.63138,18751
2025-02-04T18:00:00.000Z,0.63135,0.63269,0.63091,0.63183,8353
2025-02-04T22:00:00.000Z,0.63133,0.63219,0.63106,0.63195,7059
2025-02-05T02:00:00.000Z,0.63195,0.63207,0.63115,0.63155,6378
2025-02-05T06:00:00.000Z,0.63156,0.63323,0.63077,0.63176,11996
2025-02-05T10:00:00.000Z,0.63176,0.63242,0.63086,0.63173,12119
2025-02-05T14:00:00.000Z,0.63172,0.63207,0.6301,0.63018,17414
2025-02-05T18:00:00.000Z,0.63018,0.6303,0.62896,0.62976,7053
2025-02-05T22:00:00.000Z,0.62949,0.6299,0.62914,0.62947,5458
2025-02-06T02:00:00.000Z,0.62947,0.6298,0.62917,0.62934,4941
2025-02-06T06:00:00.000Z,0.62934,0.63063,0.62878,0.63049,9229
2025-02-06T10:00:00.000Z,0.63049,0.63146,0.63022,0.63122,11997
2025-02-06T14:00:00.000Z,0.63122,0.63276,0.63119,0.6323,13716
2025-02-06T18:00:00.000Z,0.63229,0.63272,0.63192,0.63256,7500
2025-02-06T22:00:00.000Z,0.63154,0.63317,0.63154,0.63305,5012
2025-02-07T02:00:00.000Z,0.63305,0.63347,0.63254,0.6326,4528
2025-02-07T06:00:00.000Z,0.63261,0.63351,0.63258,0.63299,7443
2025-02-07T10:00:00.000Z,0.63299,0.63603,0.63159,0.63553,11664
2025-02-07T14:00:00.000Z,0.63552,0.63714,0.63443,0.6369,25039
2025-02-07T18:00:00.000Z,0.63688,0.63741,0.63604,0.63649,8843
2025-02-09T22:00:00.000Z,0.63414,0.63589,0.63297,0.6354,8566
2025-02-10T02:00:00.000Z,0.6354,0.63554,0.63494,0.63508,5774
2025-02-10T06:00:00.000Z,0.63508,0.63574,0.63435,0.63533,9538
2025-02-10T10:00:00.000Z,0.63533,0.63536,0.63428,0.6347,8908
2025-02-10T14:00:00.000Z,0.63469,0.63669,0.63437,0.63635,11889
2025-02-10T18:00:00.000Z,0.63635,0.63704,0.63619,0.63654,5744
2025-02-10T22:00:00.000Z,0.63571,0.63625,0.63508,0.63567,5743
2025-02-11T02:00:00.000Z,0.63568,0.6362,0.63553,0.63605,4357
2025-02-11T06:00:00.000Z,0.63606,0.63649,0.6357,0.6361,7840
2025-02-11T10:00:00.000Z,0.6361,0.63841,0.63572,0.63824,8974
2025-02-11T14:00:00.000Z,0.63824,0.63858,0.63763,0.63823,12466
2025-02-11T18:00:00.000Z,0.63823,0.63944,0.63815,0.63912,7499
2025-02-11T22:00:00.000Z,0.63804,0.63935,0.63804,0.63892,4407
2025-02-12T02:00:00.000Z,0.63892,0.63934,0.63865,0.63866,4942
2025-02-12T06:00:00.000Z,0.63867,0.63885,0.63608,0.63634,8596
2025-02-12T10:00:00.000Z,0.63634,0.63877,0.63624,0.63816,12290
2025-02-12T14:00:00.000Z,0.63816,0.63943,0.63764,0.63925,20777
2025-02-12T18:00:00.000Z,0.63923,0.63976,0.63863,0.63864,9428
2025-02-12T22:00:00.000Z,0.63766,0.63924,0.63758,0.63912,5103
2025-02-13T02:00:00.000Z,0.63911,0.63938,0.63886,0.6392,6934
2025-02-13T06:00:00.000Z,0.6392,0.63939,0.63466,0.63533,11494
2025-02-13T10:00:00.000Z,0.63533,0.63612,0.63422,0.63536,12814
2025-02-13T14:00:00.000Z,0.63538,0.63751,0.63488,0.63494,16143
2025-02-13T18:00:00.000Z,0.63494,0.63673,0.63474,0.63646,12695
2025-02-13T22:00:00.000Z,0.63578,0.63652,0.63567,0.63637,7421
2025-02-14T02:00:00.000Z,0.63637,0.63761,0.63637,0.63742,5821
2025-02-14T06:00:00.000Z,0.63742,0.6388,0.63627,0.63651,11076
2025-02-14T10:00:00.000Z,0.6365,0.63669,0.63448,0.63458,11835
2025-02-14T14:00:00.000Z,0.63459,0.63494,0.63341,0.63394,13769
2025-02-14T18:00:00.000Z,0.63394,0.635,0.63385,0.63448,6692
2025-02-16T22:00:00.000Z,0.63324,0.63522,0.63309,0.63501,8768
2025-02-17T02:00:00.000Z,0.63501,0.63559,0.63457,0.63518,7568
2025-02-17T06:00:00.000Z,0.63518,0.63528,0.63417,0.63448,8880
2025-02-17T10:00:00.000Z,0.63445,0.63567,0.63441,0.63497,7173
2025-02-17T14:00:00.000Z,0.63497,0.63529,0.6346,0.635,5888
2025-02-17T18:00:00.000Z,0.635,0.63531,0.63489,0.63506,3550
2025-02-17T22:00:00.000Z,0.63461,0.63517,0.63445,0.63507,5408
2025-02-18T02:00:00.000Z,0.63507,0.63591,0.63497,0.63584,6512
2025-02-18T06:00:00.000Z,0.63584,0.63587,0.63407,0.63445,9055
2025-02-18T10:00:00.000Z,0.63445,0.63575,0.63443,0.63484,9301
2025-02-18T14:00:00.000Z,0.63484,0.63665,0.63451,0.63646,10978
2025-02-18T18:00:00.000Z,0.63646,0.6372,0.63635,0.6365,5722
2025-02-18T22:00:00.000Z,0.63556,0.63719,0.63552,0.63718,6751
2025-02-19T02:00:00.000Z,0.63718,0.63719,0.63672,0.63673,5443
2025-02-19T06:00:00.000Z,0.63673,0.63772,0.63654,0.63697,7771
2025-02-19T10:00:00.000Z,0.63697,0.63741,0.63589,0.63633,9514
2025-02-19T14:00:00.000Z,0.63633,0.63647,0.63513,0.63556,13154
2025-02-19T18:00:00.000Z,0.63556,0.63572,0.63459,0.63538,7313
2025-02-19T22:00:00.000Z,0.63475,0.63532,0.6345,0.63455,5789
2025-02-20T02:00:00.000Z,0.63455,0.635,0.63415,0.6345,7836
2025-02-20T06:00:00.000Z,0.6345,0.63507,0.63431,0.63478,9059
2025-02-20T10:00:00.000Z,0.63478,0.63526,0.63452,0.63497,10458
2025-02-20T14:00:00.000Z,0.63497,0.63577,0.63322,0.6333,14701
2025-02-20T18:00:00.000Z,0.6333,0.63383,0.63316,0.63328,6595
2025-02-20T22:00:00.000Z,0.63322,0.63404,0.63283,0.63389,7003
2025-02-21T02:00:00.000Z,0.63389,0.63408,0.63354,0.63387,7457
2025-02-21T06:00:00.000Z,0.63387,0.63419,0.63211,0.63317,10517
2025-02-21T10:00:00.000Z,0.63317,0.63475,0.63289,0.63452,8891
2025-02-21T14:00:00.000Z,0.63452,0.63463,0.63124,0.63128,14933
2025-02-21T18:00:00.000Z,0.63128,0.63129,0.63018,0.63091,10082
2025-02-23T22:00:00.000Z,0.63003,0.63225,0.62979,0.63106,9540
2025-02-24T02:00:00.000Z,0.63106,0.63151,0.63096,0.63137,7605
2025-02-24T06:00:00.000Z,0.63137,0.63289,0.63129,0.6327,11493
2025-02-24T10:00:00.000Z,0.6327,0.63314,0.63192,0.63209,9605
2025-02-24T14:00:00.000Z,0.6321,0.63239,0.62961,0.63054,15791
2025-02-24T18:00:00.000Z,0.63054,0.63095,0.62854,0.62908,8396
2025-02-24T22:00:00.000Z,0.62875,0.62928,0.62839,0.62921,5753
2025-02-25T02:00:00.000Z,0.62921,0.62991,0.6291,0.62974,6043
2025-02-25T06:00:00.000Z,0.62974,0.62979,0.62811,0.62816,11009
2025-02-25T10:00:00.000Z,0.62817,0.62862,0.62624,0.62662,11426
2025-02-25T14:00:00.000Z,0.62662,0.62712,0.62343,0.62441,18820
2025-02-25T18:00:00.000Z,0.62441,0.62498,0.62347,0.62372,9635
2025-02-25T22:00:00.000Z,0.62332,0.62419,0.62306,0.62401,6095
2025-02-26T02:00:00.000Z,0.62401,0.62428,0.62359,0.62425,6698
2025-02-26T06:00:00.000Z,0.62425,0.62484,0.62384,0.62423,9564
2025-02-26T10:00:00.000Z,0.62423,0.6249,0.62317,0.62352,10147
2025-02-26T14:00:00.000Z,0.62352,0.62488,0.622,0.62451,19057
2025-02-26T18:00:00.000Z,0.6245,0.62486,0.6226,0.62385,11606
2025-02-26T22:00:00.000Z,0.6236,0.62405,0.62325,0.62391,5511
2025-02-27T02:00:00.000Z,0.62391,0.62499,0.62383,0.62498,6907
2025-02-27T06:00:00.000Z,0.62498,0.62664,0.62438,0.62648,10247
2025-02-27T10:00:00.000Z,0.62649,0.62691,0.62331,0.62391,13373
2025-02-27T14:00:00.000Z,0.6239,0.6249,0.62263,0.62327,20645
2025-02-27T18:00:00.000Z,0.62326,0.62383,0.62234,0.62297,9383
2025-02-27T22:00:00.000Z,0.62253,0.62347,0.62207,0.62231,7483
2025-02-28T02:00:00.000Z,0.62231,0.6229,0.62197,0.62276,8012
2025-02-28T06:00:00.000Z,0.62277,0.62481,0.62273,0.62467,11133
2025-02-28T10:00:00.000Z,0.62468,0.62626,0.62402,0.62571,11224
2025-02-28T14:00:00.000Z,0.62571,0.62668,0.62425,0.62458,19904
2025-02-28T18:00:00.000Z,0.62459,0.62514,0.62388,0.6242,12256
2025-03-02T22:00:00.000Z,0.624,0.6253,0.62396,0.62492,9232
2025-03-03T02:00:00.000Z,0.62492,0.62495,0.62387,0.62448,6243
2025-03-03T06:00:00.000Z,0.62448,0.62524,0.62353,0.62435,9969
2025-03-03T10:00:00.000Z,0.62435,0.62504,0.62365,0.62437,12697
2025-03-03T14:00:00.000Z,0.62437,0.62441,0.62205,0.62218,17508
2025-03-03T18:00:00.000Z,0.62219,0.62226,0.61638,0.61886,17061
2025-03-03T22:00:00.000Z,0.61902,0.61931,0.61724,0.61808,9533
2025-03-04T02:00:00.000Z,0.61808,0.61854,0.61703,0.61822,11235
2025-03-04T06:00:00.000Z,0.61822,0.61892,0.61639,0.61797,15580
2025-03-04T10:00:00.000Z,0.61797,0.61837,0.61499,0.61529,16664
2025-03-04T14:00:00.000Z,0.61528,0.61683,0.61214,0.61245,26825
2025-03-04T18:00:00.000Z,0.61245,0.61863,0.61144,0.61751,19092
2025-03-04T22:00:00.000Z,0.61689,0.61851,0.61683,0.61742,9680
2025-03-05T02:00:00.000Z,0.61742,0.61766,0.61654,0.61677,10477
2025-03-05T06:00:00.000Z,0.61677,0.61787,0.61565,0.61584,15130
2025-03-05T10:00:00.000Z,0.61584,0.61823,0.61553,0.61757,16197
2025-03-05T14:00:00.000Z,0.61757,0.6205,0.61574,0.62042,27590
2025-03-05T18:00:00.000Z,0.62042,0.62172,0.61941,0.6212,13742
2025-03-05T22:00:00.000Z,0.62068,0.62204,0.62054,0.62199,7805
2025-03-06T02:00:00.000Z,0.62199,0.62296,0.6213,0.62133,9265
2025-03-06T06:00:00.000Z,0.62133,0.62168,0.61732,0.61763,17365
2025-03-06T10:00:00.000Z,0.61763,0.61899,0.61588,0.61603,16186
2025-03-06T14:00:00.000Z,0.61603,0.62163,0.61526,0.61839,26204
2025-03-06T18:00:00.000Z,0.61839,0.61848,0.61648,0.61795,12760
2025-03-06T22:00:00.000Z,0.61743,0.61819,0.61705,0.61723,6565
2025-03-07T02:00:00.000Z,0.61724,0.61738,0.61577,0.61578,7106
2025-03-07T06:00:00.000Z,0.61579,0.61622,0.6133,0.61435,12385
2025-03-07T10:00:00.000Z,0.61435,0.61472,0.61172,0.61175,15098
2025-03-07T14:00:00.000Z,0.61176,0.61385,0.60824,0.61079,27044
2025-03-07T18:00:00.000Z,0.61079,0.61305,0.61069,0.61187,12113
2025-03-09T21:00:00.000Z,0.61182,0.61198,0.60999,0.61046,9120
2025-03-10T01:00:00.000Z,0.61046,0.6118,0.61041,0.61169,7329
2025-03-10T05:00:00.000Z,0.61169,0.61308,0.61068,0.61105,11307
2025-03-10T09:00:00.000Z,0.61106,0.61156,0.60752,0.60832,15367
2025-03-10T13:00:00.000Z,0.60831,0.61131,0.60787,0.61084,20128
2025-03-10T17:00:00.000Z,0.61083,0.61093,0.60861,0.60983,12620
2025-03-10T21:00:00.000Z,0.60941,0.61022,0.60789,0.60855,6543
2025-03-11T01:00:00.000Z,0.60855,0.60968,0.6075,0.60922,10745
2025-03-11T05:00:00.000Z,0.60922,0.61128,0.60884,0.61074,13507
2025-03-11T09:00:00.000Z,0.61074,0.61269,0.61052,0.61086,13189
2025-03-11T13:00:00.000Z,0.61086,0.61164,0.60541,0.6083,28084
2025-03-11T17:00:00.000Z,0.6083,0.61353,0.60678,0.6115,17445
2025-03-11T21:00:00.000Z,0.61058,0.61234,0.61058,0.61232,4308
2025-03-12T01:00:00.000Z,0.61232,0.61235,0.61148,0.61152,5948
2025-03-12T05:00:00.000Z,0.61151,0.61202,0.60911,0.61084,10152
2025-03-12T09:00:00.000Z,0.61084,0.6143,0.61049,0.61378,12967
2025-03-12T13:00:00.000Z,0.61377,0.61444,0.61229,0.61355,20255
2025-03-12T17:00:00.000Z,0.61355,0.61475,0.61274,0.6138,9707
2025-03-12T21:00:00.000Z,0.61329,0.61415,0.61321,0.61356,3408
2025-03-13T01:00:00.000Z,0.61355,0.61361,0.61238,0.61261,6653
2025-03-13T05:00:00.000Z,0.61261,0.61346,0.61128,0.61271,11440
2025-03-13T09:00:00.000Z,0.61271,0.61434,0.61236,0.61391,13695
2025-03-13T13:00:00.000Z,0.61388,0.61513,0.613,0.61338,20181
2025-03-13T17:00:00.000Z,0.61338,0.61346,0.61089,0.61092,11108
2025-03-13T21:00:00.000Z,0.61022,0.61204,0.61006,0.61197,4600
2025-03-14T01:00:00.000Z,0.61197,0.61273,0.61173,0.61264,7610
2025-03-14T05:00:00.000Z,0.61262,0.61342,0.61208,0.613,10379
2025-03-14T09:00:00.000Z,0.613,0.61457,0.61238,0.61437,13650
2025-03-14T13:00:00.000Z,0.61436,0.61603,0.61398,0.61539,18394
2025-03-14T17:00:00.000Z,0.61538,0.61641,0.61505,0.61619,7641
2025-03-16T21:00:00.000Z,0.61475,0.61618,0.61424,0.61549,5402
2025-03-17T01:00:00.000Z,0.6155,0.61572,0.61485,0.61537,6545
2025-03-17T05:00:00.000Z,0.61538,0.61579,0.61473,0.61505,8510
2025-03-17T09:00:00.000Z,0.61504,0.61589,0.61416,0.61518,10503
2025-03-17T13:00:00.000Z,0.61518,0.61692,0.61464,0.61592,15737
2025-03-17T17:00:00.000Z,0.61592,0.61698,0.61582,0.61622,7646
2025-03-17T21:00:00.000Z,0.61593,0.6166,0.61563,0.61653,3585
2025-03-18T01:00:00.000Z,0.61653,0.61688,0.61575,0.61593,5225
2025-03-18T05:00:00.000Z,0.61593,0.61681,0.61561,0.61604,7239
2025-03-18T09:00:00.000Z,0.61605,0.61685,0.61493,0.61569,10129
2025-03-18T13:00:00.000Z,0.61569,0.61642,0.61218,0.61284,16886
2025-03-18T17:00:00.000Z,0.61284,0.61332,0.61192,0.61294,8726
2025-03-18T21:00:00.000Z,0.61256,0.61375,0.61221,0.61367,3767
2025-03-19T01:00:00.000Z,0.61367,0.61369,0.61277,0.61301,4653
2025-03-19T05:00:00.000Z,0.613,0.61335,0.61204,0.61234,9778
2025-03-19T09:00:00.000Z,0.61233,0.61425,0.61209,0.61379,9525
2025-03-19T13:00:00.000Z,0.61379,0.61516,0.61352,0.6138,11425
2025-03-19T17:00:00.000Z,0.6138,0.61418,0.61234,0.61237,14412
2025-03-19T21:00:00.000Z,0.61236,0.61272,0.61157,0.61188,4594
2025-03-20T01:00:00.000Z,0.61188,0.61218,0.61121,0.61194,7902
2025-03-20T05:00:00.000Z,0.61194,0.61427,0.61079,0.61366,9608
2025-03-20T09:00:00.000Z,0.61366,0.61455,0.61197,0.61373,13948
2025-03-20T13:00:00.000Z,0.61372,0.61677,0.61305,0.61526,14674
2025-03-20T17:00:00.000Z,0.61526,0.61634,0.61517,0.61536,6757
2025-03-20T21:00:00.000Z,0.61517,0.61612,0.61468,0.61589,4229
2025-03-21T01:00:00.000Z,0.61589,0.61671,0.61566,0.61644,5360
2025-03-21T05:00:00.000Z,0.61644,0.61731,0.61621,0.61659,7896
2025-03-21T09:00:00.000Z,0.61659,0.61671,0.61322,0.61365,9635
2025-03-21T13:00:00.000Z,0.61365,0.61607,0.61323,0.61596,14931
2025-03-21T17:00:00.000Z,0.61597,0.61602,0.61516,0.61542,7199
2025-03-23T21:00:00.000Z,0.61468,0.61647,0.61461,0.61613,4346
2025-03-24T01:00:00.000Z,0.61612,0.61647,0.61578,0.61597,5591
2025-03-24T05:00:00.000Z,0.61597,0.61613,0.61506,0.6155,7874
2025-03-24T09:00:00.000Z,0.61551,0.61591,0.61443,0.61499,9159
2025-03-24T13:00:00.000Z,0.61499,0.61896,0.61452,0.617,14576
2025-03-24T17:00:00.000Z,0.617,0.61734,0.61652,0.61659,7847
2025-03-24T21:00:00.000Z,0.61636,0.6168,0.61624,0.61658,3210
2025-03-25T01:00:00.000Z,0.61658,0.61692,0.61626,0.61628,4855
2025-03-25T05:00:00.000Z,0.61629,0.61772,0.61622,0.61711,7147
2025-03-25T09:00:00.000Z,0.61711,0.61772,0.61643,0.6169,10166
2025-03-25T13:00:00.000Z,0.6169,0.61704,0.61522,0.61642,12884
2025-03-25T17:00:00.000Z,0.61643,0.61836,0.61599,0.61807,6678
2025-03-25T21:00:00.000Z,0.61747,0.61841,0.61744,0.61814,3861
2025-03-26T01:00:00.000Z,0.61813,0.61911,0.61778,0.6191,5937
2025-03-26T05:00:00.000Z,0.6191,0.62029,0.61887,0.61989,8135
2025-03-26T09:00:00.000Z,0.61989,0.62042,0.61904,0.61953,8866
2025-03-26T13:00:00.000Z,0.61955,0.62108,0.61902,0.61938,13239
2025-03-26T17:00:00.000Z,0.61938,0.61971,0.61864,0.61925,8409
2025-03-26T21:00:00.000Z,0.61901,0.61958,0.61782,0.61841,6819
2025-03-27T01:00:00.000Z,0.61841,0.61884,0.61831,0.61867,6428
2025-03-27T05:00:00.000Z,0.61867,0.61949,0.61776,0.61873,9990
2025-03-27T09:00:00.000Z,0.61873,0.61931,0.61753,0.61756,10095
2025-03-27T13:00:00.000Z,0.61755,0.61767,0.61555,0.61604,15797
2025-03-27T17:00:00.000Z,0.61604,0.61686,0.61593,0.61631,6530
2025-03-27T21:00:00.000Z,0.61543,0.61656,0.61507,0.6164,3694
2025-03-28T01:00:00.000Z,0.6164,0.61676,0.61616,0.6165,4840
2025-03-28T05:00:00.000Z,0.6165,0.61664,0.615,0.61602,6931
2025-03-28T09:00:00.000Z,0.61602,0.61696,0.61581,0.61643,8460
2025-03-28T13:00:00.000Z,0.61643,0.61734,0.61449,0.61652,17470
2025-03-28T17:00:00.000Z,0.61652,0.61669,0.61505,0.6151,7916
2025-03-30T21:00:00.000Z,0.61398,0.61561,0.61345,0.61426,8161
2025-03-31T01:00:00.000Z,0.61426,0.61474,0.61356,0.61404,6877
2025-03-31T05:00:00.000Z,0.61404,0.6149,0.61305,0.61381,10899
2025-03-31T09:00:00.000Z,0.61381,0.61444,0.61329,0.61348,9009
2025-03-31T13:00:00.000Z,0.61348,0.61561,0.61263,0.61519,16241
2025-03-31T17:00:00.000Z,0.61519,0.6158,0.61446,0.61456,7739
2025-03-31T21:00:00.000Z,0.61403,0.61458,0.61358,0.61385,3975
2025-04-01T01:00:00.000Z,0.61385,0.61431,0.61331,0.61421,5802
2025-04-01T05:00:00.000Z,0.61421,0.61443,0.61295,0.61367,8707
2025-04-01T09:00:00.000Z,0.61367,0.61403,0.61243,0.61353,10248
2025-04-01T13:00:00.000Z,0.61353,0.61697,0.61236,0.61669,18021
2025-04-01T17:00:00.000Z,0.61669,0.61792,0.61608,0.6179,8512
2025-04-01T21:00:00.000Z,0.61679,0.61848,0.61679,0.61775,4872
2025-04-02T01:00:00.000Z,0.61775,0.61815,0.61757,0.6177,4866
2025-04-02T05:00:00.000Z,0.6177,0.61857,0.61732,0.6183,7772
2025-04-02T09:00:00.000Z,0.6183,0.61855,0.61613,0.61647,9006
2025-04-02T13:00:00.000Z,0.61648,0.61779,0.61571,0.61692,15647
2025-04-02T17:00:00.000Z,0.61692,0.61839,0.61447,0.61719,15449
2025-04-02T21:00:00.000Z,0.61886,0.62046,0.61527,0.61611,19110
2025-04-03T01:00:00.000Z,0.61611,0.61647,0.61428,0.61457,15358
2025-04-03T05:00:00.000Z,0.61456,0.61477,0.61216,0.61292,21663
2025-04-03T09:00:00.000Z,0.61293,0.61306,0.60824,0.61023,24311
2025-04-03T13:00:00.000Z,0.61023,0.61254,0.60861,0.61167,31467
2025-04-03T17:00:00.000Z,0.61168,0.61236,0.60974,0.6098,13729
2025-04-03T21:00:00.000Z,0.60856,0.61068,0.60799,0.60971,8532
2025-04-04T01:00:00.000Z,0.60971,0.61031,0.60495,0.60496,12953
2025-04-04T05:00:00.000Z,0.60496,0.60681,0.60381,0.60541,19964
2025-04-04T09:00:00.000Z,0.6054,0.60544,0.59737,0.6002,35886
2025-04-04T13:00:00.000Z,0.60019,0.60507,0.59835,0.60412,40262
2025-04-04T17:00:00.000Z,0.60413,0.60688,0.60329,0.60487,26206
2025-04-06T21:00:00.000Z,0.59944,0.6018,0.59651,0.60005,25226
2025-04-07T01:00:00.000Z,0.60004,0.60239,0.59934,0.59991,21874
2025-04-07T05:00:00.000Z,0.59991,0.60168,0.59345,0.59729,31743
2025-04-07T09:00:00.000Z,0.59729,0.60183,0.5967,0.60108,31430
2025-04-07T13:00:00.000Z,0.60107,0.61135,0.59877,0.60331,42993
2025-04-07T17:00:00.000Z,0.60325,0.60508,0.60181,0.60346,26579
2025-04-07T21:00:00.000Z,0.60282,0.60484,0.60196,0.60318,12138
2025-04-08T01:00:00.000Z,0.60318,0.60496,0.60254,0.60491,14542
2025-04-08T05:00:00.000Z,0.60491,0.60652,0.60324,0.60598,20403
2025-04-08T09:00:00.000Z,0.60598,0.60603,0.60164,0.60215,20974
2025-04-08T13:00:00.000Z,0.60214,0.60627,0.60034,0.60037,31217
2025-04-08T17:00:00.000Z,0.60038,0.60071,0.59349,0.59395,26755
2025-04-08T21:00:00.000Z,0.59339,0.59423,0.59128,0.59212,16506
2025-04-09T01:00:00.000Z,0.59211,0.59499,0.58911,0.59098,22716
2025-04-09T05:00:00.000Z,0.59098,0.59612,0.59044,0.59341,29562
2025-04-09T09:00:00.000Z,0.59341,0.59384,0.59007,0.59033,28136
2025-04-09T13:00:00.000Z,0.59033,0.5945,0.58968,0.59371,29513
2025-04-09T17:00:00.000Z,0.59372,0.60887,0.59232,0.60814,34225
2025-04-09T21:00:00.000Z,0.60805,0.6084,0.6039,0.60447,17017
2025-04-10T01:00:00.000Z,0.60447,0.60602,0.60409,0.6058,17274
2025-04-10T05:00:00.000Z,0.6058,0.6098,0.60017,0.60115,21823
2025-04-10T09:00:00.000Z,0.60115,0.6016,0.59377,0.5965,23305
2025-04-10T13:00:00.000Z,0.59651,0.5976,0.5895,0.5905,35387
2025-04-10T17:00:00.000Z,0.59049,0.59261,0.58903,0.58945,26947
2025-04-10T21:00:00.000Z,0.58889,0.58985,0.58503,0.58668,18703
2025-04-11T01:00:00.000Z,0.58668,0.58954,0.5854,0.58568,24818
2025-04-11T05:00:00.000Z,0.58568,0.59096,0.58367,0.58477,30961
2025-04-11T09:00:00.000Z,0.58475,0.59009,0.58475,0.58562,30218
2025-04-11T13:00:00.000Z,0.58563,0.58878,0.58306,0.58771,35480
2025-04-11T17:00:00.000Z,0.58774,0.58933,0.58596,0.58735,17077
2025-04-13T21:00:00.000Z,0.58957,0.59054,0.58848,0.58853,14557
2025-04-14T01:00:00.000Z,0.58852,0.59048,0.58703,0.58952,16472
2025-04-14T05:00:00.000Z,0.58952,0.59189,0.58692,0.59033,20013
2025-04-14T09:00:00.000Z,0.59033,0.59373,0.58913,0.59363,17562
2025-04-14T13:00:00.000Z,0.59361,0.59511,0.58486,0.58669,28091
2025-04-14T17:00:00.000Z,0.58669,0.58763,0.58571,0.58706,12236
2025-04-14T21:00:00.000Z,0.58681,0.58871,0.58554,0.58857,8047
2025-04-15T01:00:00.000Z,0.58857,0.58936,0.58808,0.58891,9350
2025-04-15T05:00:00.000Z,0.58891,0.59046,0.58689,0.58799,14819
2025-04-15T09:00:00.000Z,0.588,0.58895,0.5863,0.58834,15448
2025-04-15T13:00:00.000Z,0.58834,0.59033,0.58703,0.58766,20785
2025-04-15T17:00:00.000Z,0.58766,0.59006,0.58741,0.58987,9090
2025-04-15T21:00:00.000Z,0.58886,0.58952,0.5864,0.58668,10232
2025-04-16T01:00:00.000Z,0.58668,0.5871,0.58493,0.58595,10908
2025-04-16T05:00:00.000Z,0.58595,0.58952,0.58394,0.58745,17473
2025-04-16T09:00:00.000Z,0.58745,0.5884,0.58514,0.58615,15925
2025-04-16T13:00:00.000Z,0.58616,0.58881,0.58454,0.58782,19360
2025-04-16T17:00:00.000Z,0.58782,0.5887,0.58549,0.58711,14577
2025-04-16T21:00:00.000Z,0.58605,0.58861,0.58517,0.58852,8493
2025-04-17T01:00:00.000Z,0.58852,0.58962,0.5879,0.58837,9914
2025-04-17T05:00:00.000Z,0.58836,0.59079,0.58783,0.5885,12898
2025-04-17T09:00:00.000Z,0.5885,0.59044,0.58729,0.58959,14189
2025-04-17T13:00:00.000Z,0.58959,0.59433,0.58841,0.59305,19869
2025-04-17T17:00:00.000Z,0.59305,0.59402,0.59108,0.59208,9418
2025-04-17T21:00:00.000Z,0.59098,0.5914,0.59027,0.59116,8822
2025-04-18T01:00:00.000Z,0.59113,0.59134,0.58984,0.59044,46372
2025-04-18T05:00:00.000Z,0.59045,0.5916,0.58983,0.59092,43572
2025-04-18T09:00:00.000Z,0.59088,0.59126,0.58962,0.59026,41025
2025-04-18T13:00:00.000Z,0.5902,0.59079,0.58925,0.59009,35480
2025-04-18T17:00:00.000Z,0.59009,0.59063,0.58901,0.58918,29115
2025-04-20T21:00:00.000Z,0.5889,0.58959,0.58673,0.58755,10566
2025-04-21T01:00:00.000Z,0.58754,0.58756,0.58457,0.58564,11283
2025-04-21T05:00:00.000Z,0.58564,0.5869,0.58284,0.58371,11487
2025-04-21T09:00:00.000Z,0.58371,0.58498,0.58289,0.58352,13288
2025-04-21T13:00:00.000Z,0.58351,0.58539,0.58313,0.5832,17167
2025-04-21T17:00:00.000Z,0.5832,0.58487,0.58268,0.5845,9098
2025-04-21T21:00:00.000Z,0.58386,0.58649,0.58223,0.58613,8081
2025-04-22T01:00:00.000Z,0.58613,0.58735,0.5847,0.58547,10440
2025-04-22T05:00:00.000Z,0.58547,0.58761,0.58469,0.58658,16669
2025-04-22T09:00:00.000Z,0.58657,0.58732,0.58531,0.58684,14228
2025-04-22T13:00:00.000Z,0.58685,0.59248,0.58675,0.59225,17635
2025-04-22T17:00:00.000Z,0.59227,0.59319,0.59036,0.59292,11219
2025-04-22T21:00:00.000Z,0.59099,0.59809,0.59097,0.59494,14889
2025-04-23T01:00:00.000Z,0.59494,0.59569,0.59363,0.59476,11527
2025-04-23T05:00:00.000Z,0.59476,0.59556,0.59392,0.59478,16407
2025-04-23T09:00:00.000Z,0.59479,0.59677,0.59326,0.5946,14560
2025-04-23T13:00:00.000Z,0.5946,0.59823,0.59397,0.59699,26619
2025-04-23T17:00:00.000Z,0.59699,0.59869,0.59628,0.59862,10334
2025-04-23T21:00:00.000Z,0.59744,0.59829,0.5967,0.59769,7357
2025-04-24T01:00:00.000Z,0.59769,0.59793,0.59661,0.5976,9030
2025-04-24T05:00:00.000Z,0.5976,0.59797,0.59629,0.59684,12815
2025-04-24T09:00:00.000Z,0.59685,0.59701,0.59515,0.59566,12980
2025-04-24T13:00:00.000Z,0.59565,0.5966,0.59482,0.59595,16453
2025-04-24T17:00:00.000Z,0.59595,0.5976,0.59575,0.59696,7770
2025-04-24T21:00:00.000Z,0.59582,0.59937,0.59548,0.59918,6191
2025-04-25T01:00:00.000Z,0.59918,0.6003,0.59837,0.59932,9907
2025-04-25T05:00:00.000Z,0.59932,0.60037,0.59781,0.59805,13506
2025-04-25T09:00:00.000Z,0.59805,0.59893,0.59665,0.59873,12375
2025-04-25T13:00:00.000Z,0.59873,0.59978,0.59714,0.59816,13784
2025-04-25T17:00:00.000Z,0.59816,0.59829,0.59605,0.5977,7475
2025-04-27T21:00:00.000Z,0.59742,0.59811,0.59543,0.59647,6473
2025-04-28T01:00:00.000Z,0.59647,0.59725,0.59635,0.5964,6922
2025-04-28T05:00:00.000Z,0.5964,0.59906,0.59618,0.59821,10715
2025-04-28T09:00:00.000Z,0.59818,0.59893,0.59739,0.59862,10457
2025-04-28T13:00:00.000Z,0.59861,0.59917,0.59221,0.59291,16243
2025-04-28T17:00:00.000Z,0.59291,0.59393,0.59208,0.59272,8019
2025-04-28T21:00:00.000Z,0.5925,0.59417,0.59233,0.59403,5105
2025-04-29T01:00:00.000Z,0.59403,0.59542,0.59372,0.5947,9256
2025-04-29T05:00:00.000Z,0.5947,0.59683,0.59324,0.59651,12112
2025-04-29T09:00:00.000Z,0.59651,0.59695,0.59471,0.59481,11416
2025-04-29T13:00:00.000Z,0.59482,0.59549,0.59341,0.59422,17223
2025-04-29T17:00:00.000Z,0.59422,0.59592,0.5941,0.59551,7271
2025-04-29T21:00:00.000Z,0.59491,0.59593,0.59452,0.59555,5984
2025-04-30T01:00:00.000Z,0.59555,0.596,0.59476,0.59543,7963
2025-04-30T05:00:00.000Z,0.59542,0.59715,0.59528,0.59649,10444
2025-04-30T09:00:00.000Z,0.59649,0.59717,0.59428,0.59459,13693
2025-04-30T13:00:00.000Z,0.5946,0.59683,0.59379,0.59544,20545
2025-04-30T17:00:00.000Z,0.59544,0.59987,0.59517,0.5995,10050
2025-04-30T21:00:00.000Z,0.59748,0.59938,0.59745,0.59922,4979
2025-05-01T01:00:00.000Z,0.59922,0.59998,0.59899,0.59991,6529
2025-05-01T05:00:00.000Z,0.59991,0.60051,0.59782,0.59843,10175
2025-05-01T09:00:00.000Z,0.59844,0.60008,0.59797,0.59986,11334
2025-05-01T13:00:00.000Z,0.59986,0.60277,0.59944,0.59996,16634
2025-05-01T17:00:00.000Z,0.59996,0.60089,0.59863,0.59867,7944
2025-05-01T21:00:00.000Z,0.59844,0.60082,0.59793,0.60067,5228
2025-05-02T01:00:00.000Z,0.60066,0.60074,0.59944,0.6,8631
2025-05-02T05:00:00.000Z,0.6,0.60001,0.59709,0.59738,11161
2025-05-02T09:00:00.000Z,0.59738,0.59853,0.59416,0.59835,14418
2025-05-02T13:00:00.000Z,0.59836,0.60038,0.59694,0.59998,20522
2025-05-02T17:00:00.000Z,0.59998,0.60014,0.59798,0.59808,8551
2025-05-04T21:00:00.000Z,0.59666,0.5976,0.59604,0.59634,5347
2025-05-05T01:00:00.000Z,0.59634,0.59664,0.59572,0.59661,7310
2025-05-05T05:00:00.000Z,0.59661,0.59918,0.59653,0.59736,10818
2025-05-05T09:00:00.000Z,0.59735,0.59757,0.59541,0.59571,10845
2025-05-05T13:00:00.000Z,0.59571,0.59692,0.59421,0.5966,14623
2025-05-05T17:00:00.000Z,0.5966,0.59662,0.5946,0.59463,5429
2025-05-05T21:00:00.000Z,0.59383,0.59586,0.59354,0.59575,4446
2025-05-06T01:00:00.000Z,0.59575,0.59619,0.59476,0.59556,8629
2025-05-06T05:00:00.000Z,0.59556,0.597,0.59503,0.5963,11709
2025-05-06T09:00:00.000Z,0.5963,0.59811,0.59569,0.59713,11828
2025-05-06T13:00:00.000Z,0.59714,0.59911,0.59661,0.59803,14467
2025-05-06T17:00:00.000Z,0.59803,0.59818,0.59615,0.5964,7444
2025-05-06T21:00:00.000Z,0.59576,0.60034,0.59557,0.60001,10220
2025-05-07T01:00:00.000Z,0.60001,0.6003,0.59822,0.5984,10571
2025-05-07T05:00:00.000Z,0.5984,0.59937,0.59691,0.59849,11042
2025-05-07T09:00:00.000Z,0.59849,0.59883,0.5952,0.59551,10981
2025-05-07T13:00:00.000Z,0.59551,0.5966,0.59443,0.59498,14111
2025-05-07T17:00:00.000Z,0.595,0.596,0.59329,0.59527,14366
2025-05-07T21:00:00.000Z,0.59419,0.596,0.59415,0.59597,4709
2025-05-08T01:00:00.000Z,0.59597,0.59607,0.59514,0.59594,10427
2025-05-08T05:00:00.000Z,0.59594,0.59731,0.59532,0.59639,13696
2025-05-08T09:00:00.000Z,0.59638,0.59646,0.59317,0.59358,14178
2025-05-08T13:00:00.000Z,0.59358,0.59733,0.59337,0.59687,19561
2025-05-08T17:00:00.000Z,0.59687,0.59846,0.5965,0.59738,8181
2025-05-08T21:00:00.000Z,0.59608,0.59754,0.59559,0.59661,5794
2025-05-09T01:00:00.000Z,0.59661,0.59828,0.5965,0.59731,8935
2025-05-09T05:00:00.000Z,0.59731,0.59765,0.59611,0.59678,10309
2025-05-09T09:00:00.000Z,0.59677,0.59816,0.59644,0.59663,10345
2025-05-09T13:00:00.000Z,0.59663,0.59713,0.59366,0.59657,14243
2025-05-09T17:00:00.000Z,0.59657,0.59689,0.59624,0.59633,6664
2025-05-11T21:00:00.000Z,0.59985,0.59985,0.59818,0.5983,7692
2025-05-12T01:00:00.000Z,0.5983,0.59914,0.59782,0.59888,9729
2025-05-12T05:00:00.000Z,0.59888,0.6058,0.59859,0.60293,19333
2025-05-12T09:00:00.000Z,0.60294,0.60599,0.60163,0.60214,17303
2025-05-12T13:00:00.000Z,0.60213,0.60343,0.60124,0.60341,18283
2025-05-12T17:00:00.000Z,0.60342,0.60512,0.60306,0.60508,8613
2025-05-12T21:00:00.000Z,0.60352,0.60512,0.6033,0.60341,5780
2025-05-13T01:00:00.000Z,0.60341,0.60415,0.60324,0.60368,9332
2025-05-13T05:00:00.000Z,0.60368,0.60423,0.60023,0.60031,12154
2025-05-13T09:00:00.000Z,0.6003,0.60259,0.60022,0.60216,12335
2025-05-13T13:00:00.000Z,0.60214,0.60326,0.60028,0.60292,17784
2025-05-13T17:00:00.000Z,0.60292,0.60324,0.60168,0.60225,7130
2025-05-13T21:00:00.000Z,0.60129,0.6028,0.60128,0.60225,6313
2025-05-14T01:00:00.000Z,0.60224,0.6027,0.60167,0.6021,10000
2025-05-14T05:00:00.000Z,0.6021,0.60296,0.59979,0.60057,14476
2025-05-14T09:00:00.000Z,0.60057,0.60112,0.59867,0.60056,15975
2025-05-14T13:00:00.000Z,0.60057,0.6024,0.59984,0.60182,18395
2025-05-14T17:00:00.000Z,0.60182,0.60349,0.60168,0.60225,8922
2025-05-14T21:00:00.000Z,0.60048,0.60258,0.60028,0.60133,5662
2025-05-15T01:00:00.000Z,0.60133,0.60165,0.60069,0.60157,9276
2025-05-15T05:00:00.000Z,0.60158,0.60166,0.59798,0.59835,12699
2025-05-15T09:00:00.000Z,0.59835,0.6,0.59767,0.59819,12895
2025-05-15T13:00:00.000Z,0.59818,0.59844,0.59675,0.59813,15859
2025-05-15T17:00:00.000Z,0.59813,0.59915,0.59791,0.59845,6680
2025-05-15T21:00:00.000Z,0.59781,0.59872,0.59695,0.59707,5049
2025-05-16T01:00:00.000Z,0.59707,0.59865,0.59678,0.59851,8409
2025-05-16T05:00:00.000Z,0.59851,0.59882,0.59693,0.59871,10234
2025-05-16T09:00:00.000Z,0.59871,0.60026,0.59842,0.59977,10149
2025-05-16T13:00:00.000Z,0.59977,0.60066,0.59931,0.5999,12472
2025-05-16T17:00:00.000Z,0.5999,0.60067,0.59888,0.59898,5927
2025-05-18T21:00:00.000Z,0.59762,0.59893,0.59756,0.59806,7226
2025-05-19T01:00:00.000Z,0.59806,0.59888,0.59785,0.59858,9285
2025-05-19T05:00:00.000Z,0.59858,0.5987,0.59694,0.59722,13190
2025-05-19T09:00:00.000Z,0.59722,0.59839,0.5964,0.59839,12736
2025-05-19T13:00:00.000Z,0.59839,0.59874,0.59728,0.5982,15221
2025-05-19T17:00:00.000Z,0.5982,0.59844,0.59772,0.59817,5711
2025-05-19T21:00:00.000Z,0.59713,0.59889,0.5967,0.59825,5715
2025-05-20T01:00:00.000Z,0.59825,0.59844,0.5971,0.59754,10466
2025-05-20T05:00:00.000Z,0.59755,0.59786,0.59619,0.59664,13370
2025-05-20T09:00:00.000Z,0.59664,0.5991,0.59656,0.59885,11679
2025-05-20T13:00:00.000Z,0.59886,0.59905,0.59569,0.59737,15475
2025-05-20T17:00:00.000Z,0.59737,0.59767,0.59531,0.59535,6812
2025-05-20T21:00:00.000Z,0.59477,0.59551,0.59379,0.59423,5811
2025-05-21T01:00:00.000Z,0.59423,0.59425,0.59164,0.59195,11237
2025-05-21T05:00:00.000Z,0.59195,0.59463,0.59137,0.59411,13235
2025-05-21T09:00:00.000Z,0.59409,0.59508,0.59291,0.59447,13518
2025-05-21T13:00:00.000Z,0.59449,0.59738,0.5941,0.59714,15742
2025-05-21T17:00:00.000Z,0.59713,0.59722,0.59474,0.59515,11003
2025-05-21T21:00:00.000Z,0.5946,0.59596,0.59406,0.59531,6501
2025-05-22T01:00:00.000Z,0.59534,0.5957,0.59471,0.59559,10217
2025-05-22T05:00:00.000Z,0.59559,0.59605,0.59511,0.59554,13748
2025-05-22T09:00:00.000Z,0.59554,0.59649,0.59491,0.59617,13629
2025-05-22T13:00:00.000Z,0.59617,0.59857,0.59566,0.59806,17152
2025-05-22T17:00:00.000Z,0.59806,0.59894,0.59738,0.59808,7352
2025-05-22T21:00:00.000Z,0.59748,0.59821,0.59684,0.5977,4969
2025-05-23T01:00:00.000Z,0.5977,0.59789,0.59729,0.59759,8875
2025-05-23T05:00:00.000Z,0.59758,0.59831,0.59736,0.59797,10311
2025-05-23T09:00:00.000Z,0.59798,0.59853,0.59433,0.59664,19125
2025-05-23T13:00:00.000Z,0.59664,0.59802,0.5961,0.59761,17563
2025-05-23T17:00:00.000Z,0.59762,0.59859,0.5975,0.5977,8466
2025-05-25T21:00:00.000Z,0.59693,0.59933,0.59662,0.59893,8220
2025-05-26T01:00:00.000Z,0.59894,0.599,0.59826,0.59855,10187
2025-05-26T05:00:00.000Z,0.59855,0.59957,0.59826,0.59906,10217
2025-05-26T09:00:00.000Z,0.59906,0.60006,0.59821,0.59947,7157
2025-05-26T13:00:00.000Z,0.59946,0.59986,0.5971,0.59722,6606
2025-05-26T17:00:00.000Z,0.59722,0.59766,0.59716,0.59756,2903
2025-05-26T21:00:00.000Z,0.5971,0.5976,0.59621,0.59728,5475
2025-05-27T01:00:00.000Z,0.59728,0.59785,0.59633,0.59777,8142
2025-05-27T05:00:00.000Z,0.59777,0.5999,0.59744,0.59942,14506
2025-05-27T09:00:00.000Z,0.59942,0.60115,0.59914,0.59963,11973
2025-05-27T13:00:00.000Z,0.59963,0.60116,0.59916,0.60027,14392
2025-05-27T17:00:00.000Z,0.60026,0.60057,0.59802,0.59907,7268
2025-05-27T21:00:00.000Z,0.59803,0.59928,0.59772,0.59924,4874
2025-05-28T01:00:00.000Z,0.59924,0.59991,0.59874,0.59883,10498
2025-05-28T05:00:00.000Z,0.59883,0.5992,0.59751,0.59825,10663
2025-05-28T09:00:00.000Z,0.59825,0.59923,0.5975,0.59793,10276
2025-05-28T13:00:00.000Z,0.59793,0.59904,0.59658,0.59829,15839
2025-05-28T17:00:00.000Z,0.59829,0.5985,0.59761,0.59781,7222
2025-05-28T21:00:00.000Z,0.59725,0.60233,0.5968,0.60187,11053
2025-05-29T01:00:00.000Z,0.60187,0.60239,0.60077,0.6012,11457
2025-05-29T05:00:00.000Z,0.60119,0.60187,0.59974,0.5999,12242
2025-05-29T09:00:00.000Z,0.5999,0.60034,0.59742,0.59761,13471
2025-05-29T13:00:00.000Z,0.59761,0.5979,0.59571,0.59626,16545
2025-05-29T17:00:00.000Z,0.59626,0.59674,0.59544,0.59582,7564
2025-05-29T21:00:00.000Z,0.59483,0.5959,0.59454,0.59514,5978
2025-05-30T01:00:00.000Z,0.59514,0.59564,0.59399,0.59543,9754
2025-05-30T05:00:00.000Z,0.59544,0.59672,0.59543,0.59626,11454
2025-05-30T09:00:00.000Z,0.59626,0.59727,0.59532,0.5963,12783
2025-05-30T13:00:00.000Z,0.5963,0.5989,0.59611,0.59766,18958
2025-05-30T17:00:00.000Z,0.59766,0.59976,0.59729,0.59909,8711
2025-06-01T21:00:00.000Z,0.59758,0.59916,0.59709,0.59903,6372
2025-06-02T01:00:00.000Z,0.59903,0.59954,0.59877,0.59931,9034
2025-06-02T05:00:00.000Z,0.59932,0.59941,0.59701,0.59706,11707
2025-06-02T09:00:00.000Z,0.59706,0.59769,0.59591,0.59727,11826
2025-06-02T13:00:00.000Z,0.59727,0.59776,0.59538,0.59658,17166
2025-06-02T17:00:00.000Z,0.59658,0.59665,0.59558,0.59574,7257
2025-06-02T21:00:00.000Z,0.59557,0.59599,0.59497,0.59543,4398
2025-06-03T01:00:00.000Z,0.59543,0.59627,0.59542,0.59552,7870
2025-06-03T05:00:00.000Z,0.59554,0.59651,0.59499,0.59641,10433
2025-06-03T09:00:00.000Z,0.59641,0.59971,0.59622,0.5995,10678
2025-06-03T13:00:00.000Z,0.59949,0.60074,0.59863,0.60027,14537
2025-06-03T17:00:00.000Z,0.60027,0.60081,0.59994,0.60042,5698
2025-06-03T21:00:00.000Z,0.5996,0.60054,0.59934,0.60044,4584
2025-06-04T01:00:00.000Z,0.60044,0.60083,0.59995,0.60072,8218
2025-06-04T05:00:00.000Z,0.60072,0.60097,0.59953,0.59975,10587
2025-06-04T09:00:00.000Z,0.59976,0.60107,0.59905,0.5994,11858
2025-06-04T13:00:00.000Z,0.5994,0.60016,0.59787,0.59835,16627
2025-06-04T17:00:00.000Z,0.59835,0.59901,0.5981,0.59827,7494
2025-06-04T21:00:00.000Z,0.59742,0.59873,0.59726,0.59807,6265
2025-06-05T01:00:00.000Z,0.59807,0.59902,0.59779,0.59888,8846
2025-06-05T05:00:00.000Z,0.59886,0.6006,0.59876,0.60042,9175
2025-06-05T09:00:00.000Z,0.60042,0.60169,0.59929,0.60081,12328
2025-06-05T13:00:00.000Z,0.6008,0.6014,0.59882,0.59943,20385
2025-06-05T17:00:00.000Z,0.59943,0.60098,0.59935,0.5994,9209
2025-06-05T21:00:00.000Z,0.59922,0.6003,0.59803,0.60019,4269
2025-06-06T01:00:00.000Z,0.60019,0.60062,0.60007,0.60045,6614
2025-06-06T05:00:00.000Z,0.60045,0.60136,0.6004,0.60087,9121
2025-06-06T09:00:00.000Z,0.60087,0.60219,0.59979,0.60208,12421
2025-06-06T13:00:00.000Z,0.60209,0.60242,0.59998,0.60085,18389
2025-06-06T17:00:00.000Z,0.60085,0.601,0.59985,0.6001,7034
2025-06-08T21:00:00.000Z,0.59918,0.60071,0.59918,0.60071,4003
2025-06-09T01:00:00.000Z,0.60071,0.60071,0.5997,0.59987,6561
2025-06-09T05:00:00.000Z,0.59987,0.60009,0.59898,0.59965,7722
2025-06-09T09:00:00.000Z,0.59965,0.60075,0.59923,0.60051,8933
2025-06-09T13:00:00.000Z,0.6005,0.60079,0.5992,0.60037,11408
2025-06-09T17:00:00.000Z,0.60037,0.60066,0.59967,0.59971,5873
2025-06-09T21:00:00.000Z,0.59929,0.59984,0.599,0.59963,4560
2025-06-10T01:00:00.000Z,0.59963,0.60097,0.59953,0.60009,8965
2025-06-10T05:00:00.000Z,0.60009,0.60011,0.59874,0.59901,12749
2025-06-10T09:00:00.000Z,0.59901,0.60046,0.59894,0.60016,9474
2025-06-10T13:00:00.000Z,0.60016,0.60163,0.59953,0.60091,12676
2025-06-10T17:00:00.000Z,0.60091,0.60194,0.60065,0.60174,6270
2025-06-10T21:00:00.000Z,0.60128,0.60203,0.60078,0.60132,5991
2025-06-11T01:00:00.000Z,0.60133,0.60181,0.60117,0.60129,7636
2025-06-11T05:00:00.000Z,0.60129,0.60186,0.60048,0.60078,8577
2025-06-11T09:00:00.000Z,0.60078,0.60139,0.59901,0.60058,12792
2025-06-11T13:00:00.000Z,0.60058,0.60076,0.59945,0.60076,14193
2025-06-11T17:00:00.000Z,0.60076,0.60081,0.59957,0.59999,7556
2025-06-11T21:00:00.000Z,0.59895,0.59992,0.59811,0.5984,6142
2025-06-12T01:00:00.000Z,0.5984,0.5985,0.59714,0.59822,9309
2025-06-12T05:00:00.000Z,0.59822,0.59899,0.59574,0.59653,11696
2025-06-12T09:00:00.000Z,0.59653,0.5972,0.59487,0.5957,14875
2025-06-12T13:00:00.000Z,0.5957,0.59827,0.59537,0.59694,14930
2025-06-12T17:00:00.000Z,0.59693,0.59715,0.59545,0.59561,6069
2025-06-12T21:00:00.000Z,0.59502,0.59582,0.59173,0.59216,9783
2025-06-13T01:00:00.000Z,0.59216,0.59368,0.59119,0.59312,14611
2025-06-13T05:00:00.000Z,0.59312,0.59694,0.5929,0.59664,15205
2025-06-13T09:00:00.000Z,0.59664,0.59738,0.59607,0.59704,13610
2025-06-13T13:00:00.000Z,0.59705,0.59817,0.59641,0.5972,15457
2025-06-13T17:00:00.000Z,0.5972,0.59745,0.59636,0.59718,9736
2025-06-15T21:00:00.000Z,0.59624,0.59785,0.5957,0.59735,14207
2025-06-16T01:00:00.000Z,0.59738,0.59768,0.59656,0.59743,9194
2025-06-16T05:00:00.000Z,0.59743,0.59908,0.59691,0.5983,11681
2025-06-16T09:00:00.000Z,0.59828,0.59852,0.59702,0.59816,9708
2025-06-16T13:00:00.000Z,0.59816,0.59917,0.59706,0.5988,14699
2025-06-16T17:00:00.000Z,0.59881,0.60035,0.59872,0.59964,6462
2025-06-16T21:00:00.000Z,0.59864,0.59999,0.59835,0.59994,6583
2025-06-17T01:00:00.000Z,0.59994,0.6,0.59895,0.59941,9782
2025-06-17T05:00:00.000Z,0.59942,0.59949,0.59822,0.59904,10834
2025-06-17T09:00:00.000Z,0.59904,0.60007,0.59875,0.59948,11090
2025-06-17T13:00:00.000Z,0.59948,0.60045,0.59835,0.5988,14733
2025-06-17T17:00:00.000Z,0.5988,0.5991,0.5964,0.59693,9911
2025-06-17T21:00:00.000Z,0.59511,0.59752,0.59496,0.59727,6373
2025-06-18T01:00:00.000Z,0.59727,0.59773,0.59703,0.59771,7960
2025-06-18T05:00:00.000Z,0.59771,0.59819,0.59687,0.59791,10027
2025-06-18T09:00:00.000Z,0.5979,0.59905,0.59767,0.59836,10232
2025-06-18T13:00:00.000Z,0.59836,0.59871,0.5968,0.59786,13829
2025-06-18T17:00:00.000Z,0.59785,0.59871,0.59622,0.5978,14383
2025-06-18T21:00:00.000Z,0.5968,0.59817,0.59656,0.59782,5149
2025-06-19T01:00:00.000Z,0.59782,0.59842,0.59741,0.59802,7673
2025-06-19T05:00:00.000Z,0.59802,0.59866,0.5952,0.59533,11643
2025-06-19T09:00:00.000Z,0.59533,0.59688,0.59503,0.59599,9575
2025-06-19T13:00:00.000Z,0.59598,0.59656,0.59532,0.59633,9168
2025-06-19T17:00:00.000Z,0.59633,0.59649,0.5954,0.5959,4464
2025-06-19T21:00:00.000Z,0.59408,0.59648,0.59398,0.59594,5370
2025-06-20T01:00:00.000Z,0.59594,0.59656,0.5957,0.59648,8747
2025-06-20T05:00:00.000Z,0.59648,0.59659,0.59488,0.59572,9437
2025-06-20T09:00:00.000Z,0.59572,0.59661,0.59546,0.59563,9529
2025-06-20T13:00:00.000Z,0.59564,0.59626,0.59453,0.59479,12869
2025-06-20T17:00:00.000Z,0.59479,0.59559,0.59448,0.59551,6604
2025-06-22T21:00:00.000Z,0.59282,0.59554,0.59282,0.59528,10183
2025-06-23T01:00:00.000Z,0.59529,0.59542,0.59378,0.59459,10721
2025-06-23T05:00:00.000Z,0.5946,0.59469,0.5931,0.5936,13153
2025-06-23T09:00:00.000Z,0.5936,0.59419,0.59284,0.59369,13409
2025-06-23T13:00:00.000Z,0.59369,0.59418,0.59017,0.59044,19361
2025-06-23T17:00:00.000Z,0.59045,0.59171,0.59024,0.59151,10325
2025-06-23T21:00:00.000Z,0.59068,0.59211,0.59033,0.59157,8336
2025-06-24T01:00:00.000Z,0.59157,0.59218,0.59128,0.59176,9084
2025-06-24T05:00:00.000Z,0.59176,0.59212,0.59088,0.59149,13058
2025-06-24T09:00:00.000Z,0.59149,0.59184,0.58916,0.58968,10959
2025-06-24T13:00:00.000Z,0.58968,0.59023,0.58632,0.58661,16685
2025-06-24T17:00:00.000Z,0.58661,0.58694,0.58588,0.58666,6599
2025-06-24T21:00:00.000Z,0.58634,0.58692,0.58597,0.58626,5292
2025-06-25T01:00:00.000Z,0.58626,0.58677,0.58608,0.58626,6832
2025-06-25T05:00:00.000Z,0.58626,0.58712,0.58582,0.5869,9033
2025-06-25T09:00:00.000Z,0.5869,0.58836,0.58679,0.58746,9142
2025-06-25T13:00:00.000Z,0.58746,0.58768,0.58574,0.58607,11734
2025-06-25T17:00:00.000Z,0.58607,0.5866,0.58559,0.58637,6927
2025-06-25T21:00:00.000Z,0.58546,0.5866,0.58541,0.58596,4626
2025-06-26T01:00:00.000Z,0.58595,0.5864,0.58559,0.58583,8244
2025-06-26T05:00:00.000Z,0.58583,0.58611,0.58329,0.58423,11926
2025-06-26T09:00:00.000Z,0.58423,0.5861,0.58416,0.58535,12649
2025-06-26T13:00:00.000Z,0.58535,0.58728,0.58509,0.58631,15746
2025-06-26T17:00:00.000Z,0.58631,0.58688,0.58613,0.58684,7558
2025-06-26T21:00:00.000Z,0.58519,0.58737,0.5851,0.58726,5634
2025-06-27T01:00:00.000Z,0.58726,0.58736,0.58668,0.587,7087
2025-06-27T05:00:00.000Z,0.587,0.5875,0.58484,0.58519,9925
2025-06-27T09:00:00.000Z,0.58517,0.58571,0.58345,0.58366,11206
2025-06-27T13:00:00.000Z,0.58366,0.58636,0.58329,0.58447,14306
2025-06-27T17:00:00.000Z,0.58448,0.58484,0.5816,0.58326,11402
2025-06-29T21:00:00.000Z,0.58293,0.58374,0.58279,0.58343,6050
2025-06-30T01:00:00.000Z,0.58346,0.58454,0.5831,0.58389,8349
2025-06-30T05:00:00.000Z,0.58388,0.58457,0.58307,0.58316,11308
2025-06-30T09:00:00.000Z,0.58317,0.58424,0.58238,0.58394,9960
2025-06-30T13:00:00.000Z,0.58394,0.58451,0.58252,0.58278,15362
2025-06-30T17:00:00.000Z,0.58279,0.58298,0.58163,0.58275,7061
2025-06-30T21:00:00.000Z,0.58245,0.58297,0.58204,0.58213,4271
2025-07-01T01:00:00.000Z,0.58213,0.58254,0.58167,0.58238,6608
2025-07-01T05:00:00.000Z,0.58238,0.58247,0.58033,0.58073,10386
2025-07-01T09:00:00.000Z,0.58074,0.58079,0.57906,0.57983,12070
2025-07-01T13:00:00.000Z,0.57983,0.58122,0.57835,0.5809,16363
2025-07-01T17:00:00.000Z,0.5809,0.58098,0.5797,0.57975,6397
2025-07-01T21:00:00.000Z,0.57905,0.57993,0.57732,0.57955,3232
2025-07-02T01:00:00.000Z,0.57955,0.58001,0.57944,0.57994,5411
2025-07-02T05:00:00.000Z,0.57994,0.58138,0.57987,0.58063,8273
2025-07-02T09:00:00.000Z,0.58064,0.58182,0.57991,0.58087,11752
2025-07-02T13:00:00.000Z,0.58087,0.58219,0.5806,0.58204,13046
2025-07-02T17:00:00.000Z,0.58204,0.58294,0.58196,0.58261,5752
2025-07-02T21:00:00.000Z,0.58222,0.58284,0.58137,0.58256,3835
2025-07-03T01:00:00.000Z,0.58256,0.58259,0.58218,0.58233,4999
2025-07-03T05:00:00.000Z,0.58233,0.58277,0.58108,0.58275,7987
2025-07-03T09:00:00.000Z,0.58276,0.58626,0.58264,0.5856,11599
2025-07-03T13:00:00.000Z,0.5856,0.58669,0.58482,0.58651,15868
2025-07-03T17:00:00.000Z,0.58651,0.5869,0.5854,0.5855,3739
2025-07-03T21:00:00.000Z,0.58496,0.58557,0.58388,0.58522,6508
2025-07-04T01:00:00.000Z,0.58521,0.58552,0.58405,0.58424,6479
2025-07-04T05:00:00.000Z,0.58423,0.58477,0.5837,0.58372,9220
2025-07-04T09:00:00.000Z,0.58372,0.58437,0.58351,0.58381,9044
2025-07-04T13:00:00.000Z,0.58381,0.58407,0.58259,0.58296,7313
2025-07-04T17:00:00.000Z,0.58295,0.58444,0.5825,0.58353,25603
2025-07-06T21:00:00.000Z,0.5828,0.58419,0.5827,0.58335,5170
2025-07-07T01:00:00.000Z,0.58336,0.5836,0.58287,0.58299,7099
2025-07-07T05:00:00.000Z,0.58299,0.58306,0.58237,0.58255,9778
2025-07-07T09:00:00.000Z,0.58255,0.58472,0.58236,0.5847,9542
2025-07-07T13:00:00.000Z,0.58471,0.58492,0.58327,0.58407,11506
2025-07-07T17:00:00.000Z,0.58405,0.58469,0.58348,0.58355,7133
2025-07-07T21:00:00.000Z,0.58302,0.58364,0.58244,0.58359,4313
2025-07-08T01:00:00.000Z,0.58359,0.5838,0.58297,0.58328,6289
2025-07-08T05:00:00.000Z,0.58328,0.58401,0.58298,0.58364,9286
2025-07-08T09:00:00.000Z,0.58363,0.58465,0.58327,0.58441,8780
2025-07-08T13:00:00.000Z,0.58441,0.5848,0.58224,0.58248,13516
2025-07-08T17:00:00.000Z,0.58248,0.58257,0.58132,0.5823,6907
2025-07-08T21:00:00.000Z,0.58219,0.5826,0.58182,0.5823,3524
2025-07-09T01:00:00.000Z,0.5823,0.58292,0.58205,0.58274,6417
2025-07-09T05:00:00.000Z,0.58274,0.58311,0.58171,0.58191,8707
2025-07-09T09:00:00.000Z,0.58192,0.582,0.58104,0.58126,8504
2025-07-09T13:00:00.000Z,0.58126,0.58138,0.58016,0.58076,9943
2025-07-09T17:00:00.000Z,0.58076,0.58091,0.58021,0.58025,4312
2025-07-09T21:00:00.000Z,0.57969,0.58022,0.57883,0.57934,3883
2025-07-10T01:00:00.000Z,0.57934,0.58054,0.57933,0.58041,4485
2025-07-10T05:00:00.000Z,0.58041,0.58169,0.5801,0.58137,6222
2025-07-10T09:00:00.000Z,0.58137,0.58213,0.58063,0.5817,6986
2025-07-10T13:00:00.000Z,0.5817,0.58323,0.58137,0.583,11308
2025-07-10T17:00:00.000Z,0.58299,0.58342,0.58256,0.58337,4420
2025-07-10T21:00:00.000Z,0.58281,0.58365,0.58085,0.58245,6054
2025-07-11T01:00:00.000Z,0.58246,0.58275,0.58201,0.58228,7463
2025-07-11T05:00:00.000Z,0.58227,0.58239,0.58117,0.5819,8259
2025-07-11T09:00:00.000Z,0.5819,0.58316,0.58059,0.5822,10001
2025-07-11T13:00:00.000Z,0.58217,0.58239,0.58091,0.58196,12152
2025-07-11T17:00:00.000Z,0.58196,0.58301,0.58164,0.5817,4752
2025-07-13T21:00:00.000Z,0.58131,0.58231,0.58032,0.58171,5406
2025-07-14T01:00:00.000Z,0.5817,0.58216,0.58139,0.58205,6089
2025-07-14T05:00:00.000Z,0.58205,0.58308,0.58191,0.58253,7751
2025-07-14T09:00:00.000Z,0.58254,0.58284,0.58144,0.58152,7271
2025-07-14T13:00:00.000Z,0.58151,0.58272,0.58115,0.58267,10647
2025-07-14T17:00:00.000Z,0.58267,0.58272,0.58206,0.58226,3786
2025-07-14T21:00:00.000Z,0.58186,0.58231,0.58101,0.58178,3320
2025-07-15T01:00:00.000Z,0.58178,0.58247,0.58152,0.58169,5303
2025-07-15T05:00:00.000Z,0.5817,0.58193,0.58067,0.58149,6368
2025-07-15T09:00:00.000Z,0.58149,0.58276,0.58079,0.58228,9251
2025-07-15T13:00:00.000Z,0.58228,0.58441,0.58226,0.58424,14721
2025-07-15T17:00:00.000Z,0.58424,0.58497,0.5841,0.58425,4725
2025-07-15T21:00:00.000Z,0.58341,0.58462,0.58312,0.58461,4868
2025-07-16T01:00:00.000Z,0.58462,0.58467,0.58418,0.58428,4166
2025-07-16T05:00:00.000Z,0.5843,0.58446,0.58369,0.58398,6973
2025-07-16T09:00:00.000Z,0.58398,0.58605,0.58383,0.58563,9510
2025-07-16T13:00:00.000Z,0.58563,0.58628,0.5808,0.58475,22746
2025-07-16T17:00:00.000Z,0.58474,0.58541,0.58375,0.58508,7273
2025-07-16T21:00:00.000Z,0.58417,0.58554,0.58414,0.58553,4285
2025-07-17T01:00:00.000Z,0.58553,0.58568,0.58466,0.5851,6073
2025-07-17T05:00:00.000Z,0.5851,0.58657,0.58431,0.58459,9170
2025-07-17T09:00:00.000Z,0.58459,0.58554,0.58397,0.58483,9967
2025-07-17T13:00:00.000Z,0.58483,0.58587,0.58429,0.58577,10988
2025-07-17T17:00:00.000Z,0.58577,0.58609,0.58472,0.58487,4639
2025-07-17T21:00:00.000Z,0.58461,0.58491,0.58409,0.58456,3957
2025-07-18T01:00:00.000Z,0.58456,0.58473,0.58397,0.58428,4798
2025-07-18T05:00:00.000Z,0.58428,0.58495,0.58376,0.58448,6442
2025-07-18T09:00:00.000Z,0.58448,0.58474,0.58308,0.58352,7855
2025-07-18T13:00:00.000Z,0.58352,0.58405,0.58248,0.5834,11262
2025-07-18T17:00:00.000Z,0.58341,0.58413,0.58314,0.58376,4847
2025-07-20T21:00:00.000Z,0.58213,0.58399,0.58211,0.58398,5821
2025-07-21T01:00:00.000Z,0.58397,0.58426,0.58378,0.58393,5059
2025-07-21T05:00:00.000Z,0.58394,0.58413,0.58283,0.58321,7350
2025-07-21T09:00:00.000Z,0.58321,0.58377,0.58275,0.58341,7874
2025-07-21T13:00:00.000Z,0.58341,0.58353,0.58216,0.58273,10289
2025-07-21T17:00:00.000Z,0.58273,0.58364,0.5827,0.58303,3995
2025-07-21T21:00:00.000Z,0.58297,0.58409,0.58215,0.58318,4709
2025-07-22T01:00:00.000Z,0.58319,0.58344,0.58261,0.58281,5552
2025-07-22T05:00:00.000Z,0.58281,0.58342,0.58204,0.58254,7135
2025-07-22T09:00:00.000Z,0.58254,0.58366,0.58244,0.58308,7568
2025-07-22T13:00:00.000Z,0.58308,0.58374,0.58183,0.58189,12817
2025-07-22T17:00:00.000Z,0.58189,0.58269,0.58177,0.58226,4636
2025-07-22T21:00:00.000Z,0.58177,0.5837,0.58143,0.58334,5636
2025-07-23T01:00:00.000Z,0.58334,0.58388,0.58311,0.58364,7091
2025-07-23T05:00:00.000Z,0.58364,0.58389,0.58228,0.58349,8794
2025-07-23T09:00:00.000Z,0.58349,0.58451,0.58325,0.5834,7945
2025-07-23T13:00:00.000Z,0.5834,0.58394,0.58256,0.58335,12534
2025-07-23T17:00:00.000Z,0.58335,0.5836,0.58228,0.58274,5899
2025-07-23T21:00:00.000Z,0.58257,0.58283,0.58143,0.58264,4880
2025-07-24T01:00:00.000Z,0.58264,0.58266,0.58193,0.58261,7151
2025-07-24T05:00:00.000Z,0.58261,0.58362,0.58243,0.58358,8211
2025-07-24T09:00:00.000Z,0.58358,0.58437,0.58329,0.58414,8954
2025-07-24T13:00:00.000Z,0.58414,0.58427,0.58244,0.58266,13703
2025-07-24T17:00:00.000Z,0.58264,0.58283,0.58209,0.58264,5551
2025-07-24T21:00:00.000Z,0.58262,0.58319,0.58137,0.58318,5744
2025-07-25T01:00:00.000Z,0.58318,0.58364,0.58269,0.58276,6812
2025-07-25T05:00:00.000Z,0.58276,0.58308,0.58153,0.58197,8757
2025-07-25T09:00:00.000Z,0.58197,0.58321,0.58191,0.58252,8581
2025-07-25T13:00:00.000Z,0.58252,0.58255,0.57987,0.57992,13316
2025-07-25T17:00:00.000Z,0.57992,0.58042,0.57963,0.58041,4341
2025-07-27T21:00:00.000Z,0.57937,0.58078,0.57937,0.58049,6079
2025-07-28T01:00:00.000Z,0.58049,0.58092,0.58031,0.58085,6969
2025-07-28T05:00:00.000Z,0.58086,0.58202,0.58028,0.58202,11471
2025-07-28T09:00:00.000Z,0.58202,0.58403,0.58185,0.58373,11079
2025-07-28T13:00:00.000Z,0.58372,0.58538,0.58348,0.58521,11993
2025-07-28T17:00:00.000Z,0.58521,0.58533,0.58456,0.58487,4267
2025-07-28T21:00:00.000Z,0.58423,0.58518,0.58287,0.58495,4105
2025-07-29T01:00:00.000Z,0.58495,0.5854,0.58428,0.58521,6332
2025-07-29T05:00:00.000Z,0.58521,0.58689,0.58505,0.5858,10614
2025-07-29T09:00:00.000Z,0.58579,0.58629,0.58453,0.58603,10144
2025-07-29T13:00:00.000Z,0.58602,0.58674,0.58487,0.5853,12791
2025-07-29T17:00:00.000Z,0.5853,0.5856,0.58471,0.58525,5456
2025-07-29T21:00:00.000Z,0.58487,0.58512,0.58428,0.58433,5204
2025-07-30T01:00:00.000Z,0.58434,0.58507,0.58407,0.58503,6408
2025-07-30T05:00:00.000Z,0.58503,0.5852,0.5838,0.58403,7964
2025-07-30T09:00:00.000Z,0.58404,0.58724,0.58366,0.58694,10934
2025-07-30T13:00:00.000Z,0.58694,0.58837,0.58636,0.58694,12877
2025-07-30T17:00:00.000Z,0.58695,0.58898,0.58517,0.58886,13279
2025-07-30T21:00:00.000Z,0.58889,0.58912,0.58751,0.58798,5932
2025-07-31T01:00:00.000Z,0.58798,0.58885,0.58757,0.58828,8334
2025-07-31T05:00:00.000Z,0.58827,0.58827,0.58696,0.58734,10044
2025-07-31T09:00:00.000Z,0.58733,0.58802,0.58641,0.58787,10300
2025-07-31T13:00:00.000Z,0.58787,0.58869,0.58629,0.58673,13236
2025-07-31T17:00:00.000Z,0.58673,0.58699,0.58589,0.5864,6966
2025-07-31T21:00:00.000Z,0.58616,0.58755,0.58559,0.587,7116
2025-08-01T01:00:00.000Z,0.58699,0.58771,0.58687,0.58752,8669
2025-08-01T05:00:00.000Z,0.58752,0.58881,0.58651,0.58876,9338
2025-08-01T09:00:00.000Z,0.58877,0.5889,0.58371,0.58381,13767
2025-08-01T13:00:00.000Z,0.5838,0.58549,0.58282,0.58467,22792
2025-08-01T17:00:00.000Z,0.58467,0.58519,0.58285,0.58296,11036
2025-08-03T21:00:00.000Z,0.58291,0.58476,0.58204,0.58476,7521
2025-08-04T01:00:00.000Z,0.58476,0.585,0.58414,0.58455,8505
2025-08-04T05:00:00.000Z,0.58455,0.58722,0.58386,0.58692,11544
2025-08-04T09:00:00.000Z,0.58692,0.58732,0.58525,0.58578,11602
2025-08-04T13:00:00.000Z,0.58576,0.58716,0.58541,0.58644,13502
2025-08-04T17:00:00.000Z,0.58644,0.58694,0.58616,0.58634,6721
2025-08-04T21:00:00.000Z,0.58603,0.5872,0.58429,0.58708,5895
2025-08-05T01:00:00.000Z,0.58709,0.58736,0.58677,0.5871,6357
2025-08-05T05:00:00.000Z,0.5871,0.58784,0.58669,0.58744,8750
2025-08-05T09:00:00.000Z,0.58744,0.58788,0.58662,0.58683,9155
2025-08-05T13:00:00.000Z,0.58683,0.58742,0.58518,0.5858,13895
2025-08-05T17:00:00.000Z,0.5858,0.58627,0.58562,0.58613,5588
2025-08-05T21:00:00.000Z,0.58564,0.58624,0.58514,0.58614,6046
2025-08-06T01:00:00.000Z,0.58614,0.5865,0.58568,0.58584,5996
2025-08-06T05:00:00.000Z,0.58584,0.58763,0.58579,0.58745,7473
2025-08-06T09:00:00.000Z,0.58745,0.58754,0.58625,0.58654,9640
2025-08-06T13:00:00.000Z,0.58654,0.58755,0.58557,0.58716,13244
2025-08-06T17:00:00.000Z,0.58717,0.58756,0.58644,0.58708,6536
2025-08-06T21:00:00.000Z,0.58633,0.58707,0.58587,0.58684,5440
2025-08-07T01:00:00.000Z,0.58685,0.58689,0.58615,0.5863,6315
2025-08-07T05:00:00.000Z,0.5863,0.58789,0.58606,0.58681,8952
2025-08-07T09:00:00.000Z,0.58683,0.58866,0.58677,0.58823,11682
2025-08-07T13:00:00.000Z,0.58823,0.58872,0.58675,0.58693,13223
2025-08-07T17:00:00.000Z,0.58693,0.58753,0.58628,0.5866,7239
2025-08-07T21:00:00.000Z,0.58583,0.5869,0.58538,0.58676,5959
2025-08-08T01:00:00.000Z,0.58676,0.58732,0.58673,0.58707,5507
2025-08-08T05:00:00.000Z,0.58706,0.58878,0.58699,0.58858,7869
2025-08-08T09:00:00.000Z,0.58858,0.58882,0.58646,0.58708,8744
2025-08-08T13:00:00.000Z,0.58708,0.58754,0.58657,0.5875,10513
2025-08-08T17:00:00.000Z,0.5875,0.58775,0.58694,0.58742,7185
2025-08-10T21:00:00.000Z,0.58691,0.58757,0.58639,0.58697,3982
2025-08-11T01:00:00.000Z,0.58697,0.58702,0.58636,0.58642,5842
2025-08-11T05:00:00.000Z,0.58642,0.58737,0.58622,0.58723,7187
2025-08-11T09:00:00.000Z,0.58724,0.58867,0.58715,0.58845,7869
2025-08-11T13:00:00.000Z,0.58845,0.58975,0.58841,0.58952,10384
2025-08-11T17:00:00.000Z,0.58952,0.58976,0.58919,0.58944,5951
2025-08-11T21:00:00.000Z,0.58902,0.58984,0.58836,0.5892,4336
2025-08-12T01:00:00.000Z,0.5892,0.58925,0.58856,0.58872,6883
2025-08-12T05:00:00.000Z,0.58872,0.58897,0.58676,0.58735,9249
2025-08-12T09:00:00.000Z,0.58735,0.5883,0.58661,0.58752,11206
2025-08-12T13:00:00.000Z,0.58752,0.58819,0.58641,0.58663,17325
2025-08-12T17:00:00.000Z,0.58663,0.58676,0.58511,0.58555,7473
2025-08-12T21:00:00.000Z,0.58531,0.5857,0.58504,0.5853,5239
2025-08-13T01:00:00.000Z,0.58527,0.58571,0.58516,0.58539,5830
2025-08-13T05:00:00.000Z,0.58539,0.58588,0.58314,0.5837,8743
2025-08-13T09:00:00.000Z,0.58369,0.58428,0.58312,0.58411,9157
2025-08-13T13:00:00.000Z,0.58411,0.58479,0.58385,0.58456,10397
2025-08-13T17:00:00.000Z,0.58456,0.58536,0.58448,0.5852,5427
2025-08-13T21:00:00.000Z,0.58427,0.58552,0.58359,0.58536,5190
2025-08-14T01:00:00.000Z,0.58536,0.58579,0.58518,0.58533,7396
2025-08-14T05:00:00.000Z,0.58532,0.586,0.58512,0.58537,9191
2025-08-14T09:00:00.000Z,0.58537,0.58564,0.58415,0.58469,9971
2025-08-14T13:00:00.000Z,0.58468,0.5858,0.58415,0.58549,14451
2025-08-14T17:00:00.000Z,0.58549,0.58558,0.58432,0.58435,6686
2025-08-14T21:00:00.000Z,0.58407,0.58488,0.58392,0.58474,4540
2025-08-15T01:00:00.000Z,0.58474,0.58481,0.58426,0.58431,5805
2025-08-15T05:00:00.000Z,0.58431,0.58462,0.58333,0.58353,6921
2025-08-15T09:00:00.000Z,0.58353,0.58463,0.58341,0.58391,8654
2025-08-15T13:00:00.000Z,0.58391,0.58421,0.58294,0.58377,11201
2025-08-15T17:00:00.000Z,0.58376,0.58408,0.5834,0.58359,6054
2025-08-17T21:00:00.000Z,0.58177,0.58422,0.58167,0.58415,4323
2025-08-18T01:00:00.000Z,0.58414,0.58447,0.58382,0.58396,5294
2025-08-18T05:00:00.000Z,0.58396,0.58526,0.58363,0.58511,7978
2025-08-18T09:00:00.000Z,0.58512,0.58601,0.58471,0.58542,7850
2025-08-18T13:00:00.000Z,0.58542,0.5857,0.58338,0.58444,9605
2025-08-18T17:00:00.000Z,0.58443,0.58505,0.58428,0.58502,5480
2025-08-18T21:00:00.000Z,0.58468,0.58507,0.5843,0.58465,3921
2025-08-19T01:00:00.000Z,0.58465,0.5852,0.58445,0.5845,6933
2025-08-19T05:00:00.000Z,0.5845,0.58481,0.58301,0.58324,7650
2025-08-19T09:00:00.000Z,0.58324,0.58345,0.58207,0.58231,7551
2025-08-19T13:00:00.000Z,0.58232,0.58248,0.58166,0.58229,10119
2025-08-19T17:00:00.000Z,0.58229,0.5828,0.58221,0.58235,5763
2025-08-19T21:00:00.000Z,0.58196,0.58335,0.5811,0.58296,6324
2025-08-20T01:00:00.000Z,0.58296,0.58314,0.58249,0.58286,6974
2025-08-20T05:00:00.000Z,0.58286,0.58316,0.58206,0.58208,7775
2025-08-20T09:00:00.000Z,0.58209,0.58232,0.58136,0.58136,7687
2025-08-20T13:00:00.000Z,0.58136,0.58163,0.57933,0.57967,11538
2025-08-20T17:00:00.000Z,0.57966,0.57982,0.57895,0.57948,5989
2025-08-20T21:00:00.000Z,0.57922,0.58009,0.57877,0.57962,4212
2025-08-21T01:00:00.000Z,0.57962,0.58028,0.57944,0.58026,5806
2025-08-21T05:00:00.000Z,0.58025,0.58104,0.5799,0.58025,7393
2025-08-21T09:00:00.000Z,0.58025,0.58117,0.57983,0.58023,8028
2025-08-21T13:00:00.000Z,0.58023,0.58185,0.57998,0.58154,12706
2025-08-21T17:00:00.000Z,0.58153,0.58209,0.58131,0.58137,5132
2025-08-21T21:00:00.000Z,0.58085,0.58194,0.57971,0.58158,4115
2025-08-22T01:00:00.000Z,0.58159,0.58236,0.58156,0.58234,5215
2025-08-22T05:00:00.000Z,0.58233,0.58236,0.58141,0.5819,6682
2025-08-22T09:00:00.000Z,0.5819,0.58193,0.58051,0.58065,6882
2025-08-22T13:00:00.000Z,0.58065,0.58113,0.57825,0.5793,18372
2025-08-22T17:00:00.000Z,0.5793,0.57981,0.57898,0.5794,6861
2025-08-24T21:00:00.000Z,0.57869,0.58046,0.57821,0.58034,5083
2025-08-25T01:00:00.000Z,0.58034,0.58054,0.58009,0.58035,4770
2025-08-25T05:00:00.000Z,0.58035,0.58073,0.57965,0.57993,6049
2025-08-25T09:00:00.000Z,0.57993,0.58071,0.57983,0.58047,6201
2025-08-25T13:00:00.000Z,0.58048,0.5815,0.58018,0.58126,9535
2025-08-25T17:00:00.000Z,0.58125,0.58223,0.58116,0.58152,6917
2025-08-25T21:00:00.000Z,0.58087,0.58189,0.57981,0.5803,7028
2025-08-26T01:00:00.000Z,0.5803,0.58149,0.58026,0.58132,6727
2025-08-26T05:00:00.000Z,0.58132,0.5823,0.58106,0.58213,9500
2025-08-26T09:00:00.000Z,0.58213,0.58236,0.58049,0.58101,8405
2025-08-26T13:00:00.000Z,0.58103,0.5815,0.5804,0.58085,11185
2025-08-26T17:00:00.000Z,0.58084,0.5811,0.58041,0.58063,5979
2025-08-26T21:00:00.000Z,0.58034,0.58125,0.57943,0.58123,4469
2025-08-27T01:00:00.000Z,0.58123,0.58177,0.58104,0.58167,5269
2025-08-27T05:00:00.000Z,0.58166,0.58284,0.58144,0.5823,7388
2025-08-27T09:00:00.000Z,0.5823,0.58281,0.58106,0.58132,7889
2025-08-27T13:00:00.000Z,0.58132,0.58156,0.5806,0.58117,11660
2025-08-27T17:00:00.000Z,0.58117,0.58217,0.58097,0.58176,6912
2025-08-27T21:00:00.000Z,0.58165,0.58195,0.58134,0.58175,4161
2025-08-28T01:00:00.000Z,0.58175,0.58194,0.58157,0.58168,5141
2025-08-28T05:00:00.000Z,0.58168,0.58201,0.58134,0.58164,7297
2025-08-28T09:00:00.000Z,0.58164,0.58295,0.58091,0.58288,9450
2025-08-28T13:00:00.000Z,0.58288,0.58332,0.58206,0.58231,12373
2025-08-28T17:00:00.000Z,0.58231,0.58332,0.58189,0.58304,5651
2025-08-28T21:00:00.000Z,0.5823,0.58355,0.58157,0.58341,4988
2025-08-29T01:00:00.000Z,0.58341,0.58399,0.58331,0.58347,5993
2025-08-29T05:00:00.000Z,0.58346,0.58355,0.58192,0.58266,7239
2025-08-29T09:00:00.000Z,0.58267,0.58416,0.58224,0.58268,8955
2025-08-29T13:00:00.000Z,0.58268,0.58288,0.58148,0.58201,13456
2025-08-29T17:00:00.000Z,0.58201,0.58281,0.58186,0.5826,6414
2025-08-31T21:00:00.000Z,0.58101,0.58314,0.58084,0.5829,3911
2025-09-01T01:00:00.000Z,0.5829,0.58298,0.58189,0.582,5700
2025-09-01T05:00:00.000Z,0.582,0.58208,0.58097,0.58136,7154
2025-09-01T09:00:00.000Z,0.58136,0.58273,0.58129,0.58249,7020
2025-09-01T13:00:00.000Z,0.58249,0.5827,0.58189,0.58245,7813
2025-09-01T17:00:00.000Z,0.58245,0.58251,0.58194,0.58219,3527
2025-09-01T21:00:00.000Z,0.58179,0.58283,0.58123,0.58276,4519
2025-09-02T01:00:00.000Z,0.58276,0.58289,0.58231,0.58245,6880
2025-09-02T05:00:00.000Z,0.58245,0.58416,0.58215,0.58406,11304
2025-09-02T09:00:00.000Z,0.58406,0.58485,0.58295,0.5831,13060
2025-09-02T13:00:00.000Z,0.5831,0.58376,0.58176,0.58364,14292
2025-09-02T17:00:00.000Z,0.58364,0.58413,0.58332,0.58359,7314
2025-09-02T21:00:00.000Z,0.58345,0.58423,0.58243,0.58414,4011
2025-09-03T01:00:00.000Z,0.58415,0.5843,0.58375,0.58378,6256
2025-09-03T05:00:00.000Z,0.58378,0.58437,0.58254,0.58264,8902
2025-09-03T09:00:00.000Z,0.58263,0.58359,0.58216,0.58349,9175
2025-09-03T13:00:00.000Z,0.58349,0.58369,0.5818,0.58258,13138
2025-09-03T17:00:00.000Z,0.58258,0.58316,0.58239,0.58299,6588
2025-09-03T21:00:00.000Z,0.58243,0.58301,0.58201,0.5828,4700
2025-09-04T01:00:00.000Z,0.58279,0.58286,0.58244,0.58263,6253
2025-09-04T05:00:00.000Z,0.58263,0.58317,0.58219,0.58248,7960
2025-09-04T09:00:00.000Z,0.58247,0.58333,0.58206,0.58313,9538
2025-09-04T13:00:00.000Z,0.58313,0.58336,0.58238,0.58321,11561
2025-09-04T17:00:00.000Z,0.58321,0.58359,0.58256,0.58296,5777
2025-09-04T21:00:00.000Z,0.58267,0.58308,0.5817,0.5829,4456
2025-09-05T01:00:00.000Z,0.5829,0.58295,0.5825,0.58273,4957
2025-09-05T05:00:00.000Z,0.58273,0.58289,0.58241,0.58242,6603
2025-09-05T09:00:00.000Z,0.58242,0.58256,0.57891,0.57933,10582
2025-09-05T13:00:00.000Z,0.57932,0.57932,0.57552,0.57613,16492
2025-09-05T17:00:00.000Z,0.57613,0.57736,0.57573,0.57714,6449
2025-09-07T21:00:00.000Z,0.57653,0.57768,0.57407,0.57692,6252
2025-09-08T01:00:00.000Z,0.57692,0.57719,0.57638,0.57644,7421
2025-09-08T05:00:00.000Z,0.57644,0.57674,0.57556,0.57603,8543
2025-09-08T09:00:00.000Z,0.57603,0.5767,0.57582,0.5761,7984
2025-09-08T13:00:00.000Z,0.5761,0.57613,0.57363,0.57446,10013
2025-09-08T17:00:00.000Z,0.57447,0.57466,0.57397,0.57453,5614
2025-09-08T21:00:00.000Z,0.57453,0.57483,0.57394,0.57409,5045
2025-09-09T01:00:00.000Z,0.5741,0.57433,0.57377,0.57389,5604
2025-09-09T05:00:00.000Z,0.5739,0.57527,0.57352,0.57475,9184
2025-09-09T09:00:00.000Z,0.57473,0.57546,0.57402,0.57509,7556
2025-09-09T13:00:00.000Z,0.57508,0.57606,0.5743,0.57606,12178
2025-09-09T17:00:00.000Z,0.57605,0.57625,0.57541,0.57595,5490
2025-09-09T21:00:00.000Z,0.57535,0.576,0.57305,0.5758,3453
2025-09-10T01:00:00.000Z,0.57582,0.57607,0.57543,0.57557,5921
2025-09-10T05:00:00.000Z,0.57555,0.5762,0.57498,0.57572,7536
2025-09-10T09:00:00.000Z,0.57571,0.57651,0.57445,0.57603,8465
2025-09-10T13:00:00.000Z,0.57606,0.57648,0.57513,0.5764,11179
2025-09-10T17:00:00.000Z,0.5764,0.5766,0.57613,0.57637,5021
2025-09-10T21:00:00.000Z,0.57615,0.57655,0.57554,0.57623,3160
2025-09-11T01:00:00.000Z,0.57625,0.57627,0.57578,0.57578,4287
2025-09-11T05:00:00.000Z,0.57579,0.57644,0.57575,0.57585,8897
2025-09-11T09:00:00.000Z,0.57585,0.57645,0.57469,0.5757,10317
2025-09-11T13:00:00.000Z,0.57565,0.57576,0.57449,0.57541,12620
2025-09-11T17:00:00.000Z,0.5754,0.57559,0.57495,0.57531,5588
2025-09-11T21:00:00.000Z,0.57456,0.57537,0.57398,0.57524,3021
2025-09-12T01:00:00.000Z,0.57523,0.57574,0.57514,0.57555,3478
2025-09-12T05:00:00.000Z,0.57554,0.57588,0.57498,0.57576,5438
2025-09-12T09:00:00.000Z,0.57577,0.57647,0.57543,0.57626,6131
2025-09-12T13:00:00.000Z,0.57627,0.5763,0.57485,0.57513,8135
2025-09-12T17:00:00.000Z,0.57512,0.57534,0.57491,0.57527,4106
2025-09-14T21:00:00.000Z,0.57477,0.57573,0.57417,0.57542,3207
2025-09-15T01:00:00.000Z,0.57541,0.57564,0.57533,0.57551,2829
2025-09-15T05:00:00.000Z,0.57552,0.57614,0.57522,0.57543,4473
2025-09-15T09:00:00.000Z,0.57544,0.57553,0.57477,0.57484,5551
2025-09-15T13:00:00.000Z,0.57484,0.57585,0.5744,0.5758,7791
2025-09-15T17:00:00.000Z,0.57579,0.57696,0.57566,0.57671,5153
2025-09-15T21:00:00.000Z,0.57641,0.57697,0.57592,0.57674,3446
2025-09-16T01:00:00.000Z,0.57674,0.57695,0.57625,0.57628,4598
2025-09-16T05:00:00.000Z,0.57627,0.5764,0.57489,0.57507,6012
2025-09-16T09:00:00.000Z,0.57505,0.57553,0.57443,0.57483,8161
2025-09-16T13:00:00.000Z,0.57482,0.57491,0.57217,0.57219,11295
2025-09-16T17:00:00.000Z,0.57216,0.57237,0.57175,0.572,5725
2025-09-16T21:00:00.000Z,0.57171,0.57241,0.57153,0.57235,3493
2025-09-17T01:00:00.000Z,0.57238,0.57249,0.57209,0.57231,3496
2025-09-17T05:00:00.000Z,0.5723,0.57255,0.57189,0.57203,5387
2025-09-17T09:00:00.000Z,0.57201,0.57259,0.57174,0.57214,5459
2025-09-17T13:00:00.000Z,0.57212,0.57224,0.57107,0.5719,8131
2025-09-17T17:00:00.000Z,0.57189,0.57296,0.57,0.57268,18122
2025-09-17T21:00:00.000Z,0.57208,0.57286,0.57177,0.57281,5097
2025-09-18T01:00:00.000Z,0.57282,0.57359,0.57266,0.57356,5175
2025-09-18T05:00:00.000Z,0.57357,0.5737,0.57218,0.57263,8549
2025-09-18T09:00:00.000Z,0.57265,0.57388,0.57165,0.5738,8900
2025-09-18T13:00:00.000Z,0.57381,0.57506,0.57347,0.57409,12956
2025-09-18T17:00:00.000Z,0.57407,0.57499,0.57395,0.57443,4997
2025-09-18T21:00:00.000Z,0.57238,0.57498,0.57233,0.57438,6509
2025-09-19T01:00:00.000Z,0.57437,0.57485,0.57434,0.57473,7094
2025-09-19T05:00:00.000Z,0.57474,0.576,0.57424,0.57588,7978
2025-09-19T09:00:00.000Z,0.57587,0.57632,0.57525,0.57596,7209
2025-09-19T13:00:00.000Z,0.57597,0.57749,0.57503,0.57685,11320
2025-09-19T17:00:00.000Z,0.57686,0.57766,0.57675,0.5772,5562
2025-09-21T21:00:00.000Z,0.57517,0.57809,0.57509,0.57768,5750
2025-09-22T01:00:00.000Z,0.57769,0.5778,0.57724,0.57764,5911
2025-09-22T05:00:00.000Z,0.57763,0.57768,0.57512,0.57525,6656
2025-09-22T09:00:00.000Z,0.57526,0.5757,0.57426,0.5748,6260
2025-09-22T13:00:00.000Z,0.5748,0.57519,0.57331,0.57339,8586
2025-09-22T17:00:00.000Z,0.57339,0.57372,0.57279,0.57311,4562
2025-09-22T21:00:00.000Z,0.57333,0.57393,0.57269,0.57275,5151
2025-09-23T01:00:00.000Z,0.57274,0.57304,0.57208,0.573,6160
2025-09-23T05:00:00.000Z,0.57303,0.5733,0.57226,0.57249,6860
2025-09-23T09:00:00.000Z,0.57249,0.57348,0.57243,0.57326,6409
2025-09-23T13:00:00.000Z,0.57327,0.57362,0.57226,0.57258,11110
2025-09-23T17:00:00.000Z,0.57258,0.57267,0.57142,0.57184,6829
2025-09-23T21:00:00.000Z,0.57143,0.57213,0.57088,0.5721,7667
2025-09-24T01:00:00.000Z,0.57211,0.57238,0.5719,0.57212,5889
2025-09-24T05:00:00.000Z,0.57211,0.57297,0.57187,0.57281,6742
2025-09-24T09:00:00.000Z,0.57281,0.57311,0.57228,0.57255,7537
2025-09-24T13:00:00.000Z,0.57255,0.57279,0.57168,0.5721,10620
2025-09-24T17:00:00.000Z,0.57211,0.57233,0.57189,0.5722,4728
2025-09-24T21:00:00.000Z,0.57184,0.57209,0.57098,0.57184,5093
2025-09-25T01:00:00.000Z,0.57186,0.57254,0.57174,0.57232,4022
2025-09-25T05:00:00.000Z,0.57232,0.57331,0.57213,0.57285,6775
2025-09-25T09:00:00.000Z,0.57284,0.57501,0.57226,0.57462,8453
2025-09-25T13:00:00.000Z,0.57462,0.57503,0.57343,0.57471,13097
2025-09-25T17:00:00.000Z,0.57472,0.57485,0.57347,0.5735,7248
2025-09-25T21:00:00.000Z,0.57349,0.57416,0.57281,0.57372,5468
2025-09-26T01:00:00.000Z,0.57371,0.57378,0.57338,0.57341,4620
2025-09-26T05:00:00.000Z,0.5734,0.5736,0.57266,0.57297,6268
2025-09-26T09:00:00.000Z,0.57295,0.57351,0.57264,0.57321,7876
2025-09-26T13:00:00.000Z,0.5732,0.57327,0.57208,0.57281,11868
2025-09-26T17:00:00.000Z,0.57282,0.57282,0.57193,0.57226,6329
2025-09-28T21:00:00.000Z,0.57148,0.57225,0.57093,0.57188,4590
2025-09-29T01:00:00.000Z,0.57189,0.57206,0.5716,0.57176,4480
2025-09-29T05:00:00.000Z,0.57177,0.57214,0.57128,0.57194,6380
2025-09-29T09:00:00.000Z,0.57193,0.57329,0.57148,0.5716,7097
2025-09-29T13:00:00.000Z,0.57161,0.57319,0.57159,0.57287,9902
2025-09-29T17:00:00.000Z,0.57285,0.57324,0.57269,0.57302,4013
2025-09-29T21:00:00.000Z,0.57309,0.57337,0.57218,0.57316,4650
2025-09-30T01:00:00.000Z,0.57315,0.57336,0.57277,0.57277,4743
2025-09-30T05:00:00.000Z,0.57277,0.57319,0.57171,0.57233,7759
2025-09-30T09:00:00.000Z,0.57232,0.57333,0.5723,0.57265,7194
2025-09-30T13:00:00.000Z,0.57264,0.57336,0.57069,0.57078,11528
2025-09-30T17:00:00.000Z,0.57079,0.57218,0.57027,0.57199,4793
2025-09-30T21:00:00.000Z,0.57183,0.5722,0.57064,0.57175,4792
2025-10-01T01:00:00.000Z,0.57177,0.57192,0.57075,0.57087,4844
2025-10-01T05:00:00.000Z,0.57088,0.57183,0.56991,0.57177,9623
2025-10-01T09:00:00.000Z,0.57177,0.57337,0.57127,0.57245,10884
2025-10-01T13:00:00.000Z,0.57244,0.57289,0.57117,0.57228,13420
2025-10-01T17:00:00.000Z,0.57227,0.57227,0.57148,0.57191,4798
2025-10-01T21:00:00.000Z,0.57156,0.57193,0.57102,0.57171,4239
2025-10-02T01:00:00.000Z,0.5717,0.57175,0.57122,0.57135,4227
2025-10-02T05:00:00.000Z,0.57134,0.57218,0.57111,0.57135,6783
2025-10-02T09:00:00.000Z,0.57136,0.57137,0.57034,0.57126,7069
2025-10-02T13:00:00.000Z,0.57125,0.57205,0.57118,0.57147,10891
2025-10-02T17:00:00.000Z,0.57147,0.57174,0.57099,0.57115,4347
2025-10-02T21:00:00.000Z,0.57078,0.57119,0.57027,0.57099,3226
2025-10-03T01:00:00.000Z,0.57098,0.5713,0.57085,0.5711,4586
2025-10-03T05:00:00.000Z,0.57109,0.57149,0.56997,0.5703,5668
2025-10-03T09:00:00.000Z,0.57032,0.57078,0.56972,0.57038,5859
2025-10-03T13:00:00.000Z,0.5704,0.5708,0.56958,0.57017,10094
2025-10-03T17:00:00.000Z,0.57018,0.57042,0.5697,0.57005,4274
2025-10-05T21:00:00.000Z,0.56958,0.57129,0.56944,0.5707,8049
2025-10-06T01:00:00.000Z,0.57068,0.57096,0.5702,0.57048,5488
2025-10-06T05:00:00.000Z,0.57048,0.57276,0.57023,0.57247,9286
2025-10-06T09:00:00.000Z,0.57251,0.57272,0.57097,0.57097,7581
2025-10-06T13:00:00.000Z,0.57096,0.57116,0.56973,0.56996,8110
2025-10-06T17:00:00.000Z,0.56999,0.5702,0.56974,0.57001,3665
2025-10-06T21:00:00.000Z,0.56987,0.57024,0.56956,0.56993,4787
2025-10-07T01:00:00.000Z,0.56992,0.57048,0.5699,0.57038,4062
2025-10-07T05:00:00.000Z,0.57037,0.57162,0.57033,0.57159,5964
2025-10-07T09:00:00.000Z,0.5716,0.57245,0.5713,0.57154,6942
2025-10-07T13:00:00.000Z,0.57154,0.57242,0.57109,0.5715,9703
2025-10-07T17:00:00.000Z,0.5715,0.57246,0.57099,0.57214,5345
2025-10-07T21:00:00.000Z,0.57154,0.57263,0.57072,0.57247,4327
2025-10-08T01:00:00.000Z,0.57249,0.57362,0.57246,0.57351,5089
2025-10-08T05:00:00.000Z,0.57351,0.57419,0.57329,0.57407,6711
2025-10-08T09:00:00.000Z,0.57409,0.5742,0.57322,0.57414,6702
2025-10-08T13:00:00.000Z,0.57414,0.57512,0.57375,0.57471,9468
2025-10-08T17:00:00.000Z,0.57472,0.57508,0.57429,0.57467,5131
2025-10-08T21:00:00.000Z,0.57433,0.57461,0.57409,0.5743,3226
2025-10-09T01:00:00.000Z,0.57432,0.57474,0.57402,0.5745,3480
2025-10-09T05:00:00.000Z,0.57451,0.57577,0.57443,0.57485,6957
2025-10-09T09:00:00.000Z,0.57486,0.57542,0.57389,0.57542,7045
2025-10-09T13:00:00.000Z,0.57543,0.57612,0.57447,0.57533,13161
2025-10-09T17:00:00.000Z,0.57531,0.57572,0.57484,0.5749,6311
2025-10-09T21:00:00.000Z,0.5747,0.57532,0.5741,0.57521,3632
2025-10-10T01:00:00.000Z,0.57521,0.57549,0.57489,0.57496,3728
2025-10-10T05:00:00.000Z,0.57497,0.57504,0.57401,0.57438,7372
2025-10-10T09:00:00.000Z,0.57438,0.57627,0.5742,0.57602,7083
2025-10-10T13:00:00.000Z,0.57603,0.57627,0.57125,0.57202,16293
2025-10-10T17:00:00.000Z,0.57198,0.57265,0.57074,0.57083,8257
2025-10-12T21:00:00.000Z,0.57128,0.57426,0.57072,0.57255,7334
2025-10-13T01:00:00.000Z,0.57254,0.57309,0.57236,0.5725,5526
2025-10-13T05:00:00.000Z,0.57249,0.57438,0.57173,0.5743,8442
2025-10-13T09:00:00.000Z,0.57431,0.57444,0.57322,0.57421,8214
2025-10-13T13:00:00.000Z,0.5742,0.57454,0.57282,0.57304,9322
2025-10-13T17:00:00.000Z,0.57304,0.57318,0.57266,0.57285,4196
2025-10-13T21:00:00.000Z,0.57272,0.57347,0.57184,0.57314,4105
2025-10-14T01:00:00.000Z,0.57315,0.57316,0.57128,0.57149,6116
2025-10-14T05:00:00.000Z,0.57149,0.5722,0.57063,0.57135,12031
2025-10-14T09:00:00.000Z,0.57134,0.5722,0.57081,0.57154,9630
2025-10-14T13:00:00.000Z,0.57153,0.57245,0.56997,0.57026,15414
2025-10-14T17:00:00.000Z,0.57027,0.57081,0.57005,0.5703,6877
2025-10-14T21:00:00.000Z,0.56986,0.5708,0.56889,0.57039,4166
2025-10-15T01:00:00.000Z,0.57038,0.57045,0.56984,0.56997,5619
2025-10-15T05:00:00.000Z,0.56996,0.57007,0.56903,0.5695,8306
2025-10-15T09:00:00.000Z,0.56953,0.57058,0.56948,0.56979,9092
2025-10-15T13:00:00.000Z,0.56979,0.56997,0.5672,0.56767,12614
2025-10-15T17:00:00.000Z,0.56767,0.56773,0.56667,0.56734,6473
2025-10-15T21:00:00.000Z,0.567,0.5674,0.56639,0.56659,4455
2025-10-16T01:00:00.000Z,0.56658,0.5669,0.56571,0.56686,6344
2025-10-16T05:00:00.000Z,0.56685,0.56825,0.56684,0.56747,9116
2025-10-16T09:00:00.000Z,0.56748,0.5685,0.56712,0.56715,8837
2025-10-16T13:00:00.000Z,0.56714,0.56822,0.56518,0.56561,14859
2025-10-16T17:00:00.000Z,0.56561,0.56573,0.5638,0.56415,9787
2025-10-16T21:00:00.000Z,0.56392,0.56412,0.5633,0.56361,4674
2025-10-17T01:00:00.000Z,0.56362,0.56374,0.56246,0.56291,6406
2025-10-17T05:00:00.000Z,0.56293,0.56294,0.56012,0.56178,13868
2025-10-17T09:00:00.000Z,0.56177,0.56482,0.56133,0.56423,13652
2025-10-17T13:00:00.000Z,0.56424,0.56475,0.56297,0.56421,14822
2025-10-17T17:00:00.000Z,0.56422,0.56609,0.56405,0.56568,7283
2025-10-19T21:00:00.000Z,0.56398,0.5667,0.56394,0.56575,5157
2025-10-20T01:00:00.000Z,0.56576,0.56642,0.56567,0.56579,4670
2025-10-20T05:00:00.000Z,0.5658,0.56618,0.5647,0.56473,8123
2025-10-20T09:00:00.000Z,0.56474,0.56539,0.56399,0.56425,8263
2025-10-20T13:00:00.000Z,0.56424,0.56478,0.56329,0.56456,10138
2025-10-20T17:00:00.000Z,0.56458,0.56469,0.56406,0.56439,4355
2025-10-20T21:00:00.000Z,0.56424,0.56477,0.56361,0.56428,3799
2025-10-21T01:00:00.000Z,0.56429,0.56461,0.5641,0.56445,5333
2025-10-21T05:00:00.000Z,0.56444,0.56466,0.56337,0.56444,10314
2025-10-21T09:00:00.000Z,0.56444,0.56776,0.56444,0.5671,11126
2025-10-21T13:00:00.000Z,0.56711,0.56819,0.56546,0.56777,13852
2025-10-21T17:00:00.000Z,0.56778,0.56816,0.56737,0.56773,5321
2025-10-21T21:00:00.000Z,0.56733,0.56846,0.56672,0.568,5047
2025-10-22T01:00:00.000Z,0.56798,0.56858,0.56776,0.56833,4628
2025-10-22T05:00:00.000Z,0.56834,0.56878,0.56798,0.56828,9113
2025-10-22T09:00:00.000Z,0.56827,0.56863,0.56737,0.56832,9915
2025-10-22T13:00:00.000Z,0.56831,0.56955,0.56811,0.56882,13194
2025-10-22T17:00:00.000Z,0.56882,0.56947,0.56821,0.56861,5970
2025-10-22T21:00:00.000Z,0.56845,0.56941,0.56811,0.56926,4023
2025-10-23T01:00:00.000Z,0.56927,0.56971,0.56926,0.56956,3722
2025-10-23T05:00:00.000Z,0.56957,0.57052,0.56946,0.56991,6298
2025-10-23T09:00:00.000Z,0.56992,0.57063,0.56941,0.56953,6615
2025-10-23T13:00:00.000Z,0.56952,0.56987,0.56828,0.56845,9221
2025-10-23T17:00:00.000Z,0.56845,0.56883,0.56825,0.56825,4296
2025-10-23T21:00:00.000Z,0.56814,0.56884,0.56806,0.56843,3762
2025-10-24T01:00:00.000Z,0.56844,0.56874,0.56721,0.56812,4542
2025-10-24T05:00:00.000Z,0.56811,0.56825,0.56728,0.56759,7549
2025-10-24T09:00:00.000Z,0.5676,0.56804,0.56566,0.56673,8837
2025-10-24T13:00:00.000Z,0.56674,0.56832,0.56617,0.56813,11406
2025-10-24T17:00:00.000Z,0.56812,0.56843,0.56785,0.56799,4473
2025-10-26T21:00:00.000Z,0.56798,0.56924,0.56734,0.56871,4912
2025-10-27T01:00:00.000Z,0.56869,0.56925,0.56826,0.56916,5023
2025-10-27T05:00:00.000Z,0.56916,0.5704,0.56908,0.57026,6984
2025-10-27T09:00:00.000Z,0.57027,0.57031,0.56855,0.56905,8113
2025-10-27T13:00:00.000Z,0.56906,0.56936,0.56832,0.56843,9054
2025-10-27T17:00:00.000Z,0.56844,0.56867,0.5682,0.5685,4201
2025-10-27T21:00:00.000Z,0.56819,0.56851,0.56772,0.56788,3802
2025-10-28T01:00:00.000Z,0.56786,0.56786,0.56725,0.56728,5664
2025-10-28T05:00:00.000Z,0.56729,0.56768,0.56673,0.56698,7352
2025-10-28T09:00:00.000Z,0.56699,0.56861,0.56675,0.56828,7875
2025-10-28T13:00:00.000Z,0.5683,0.56927,0.5682,0.56868,11693
2025-10-28T17:00:00.000Z,0.56867,0.56936,0.56855,0.56888,4608
2025-10-28T21:00:00.000Z,0.56862,0.56919,0.56811,0.56888,4809
2025-10-29T01:00:00.000Z,0.56889,0.56972,0.5688,0.5696,4885
2025-10-29T05:00:00.000Z,0.5696,0.57182,0.56958,0.57124,7557
2025-10-29T09:00:00.000Z,0.57125,0.57255,0.57083,0.57245,8009
2025-10-29T13:00:00.000Z,0.57246,0.57393,0.57186,0.57305,10984
2025-10-29T17:00:00.000Z,0.57303,0.57504,0.57287,0.57357,13813
2025-10-29T21:00:00.000Z,0.57353,0.57422,0.57245,0.57389,4409
2025-10-30T01:00:00.000Z,0.5739,0.5739,0.57229,0.57282,8312
2025-10-30T05:00:00.000Z,0.57282,0.57347,0.57265,0.57287,8617
2025-10-30T09:00:00.000Z,0.57286,0.57353,0.57203,0.57348,9720
2025-10-30T13:00:00.000Z,0.57348,0.57412,0.57244,0.57324,13723
2025-10-30T17:00:00.000Z,0.57324,0.57412,0.57306,0.57317,6246
2025-10-30T21:00:00.000Z,0.57314,0.57341,0.5729,0.57301,3295
2025-10-31T01:00:00.000Z,0.573,0.57334,0.57281,0.57318,5380
2025-10-31T05:00:00.000Z,0.57317,0.57355,0.57283,0.57302,6936
2025-10-31T09:00:00.000Z,0.57303,0.57348,0.57222,0.57297,8401
2025-10-31T13:00:00.000Z,0.57299,0.5741,0.57252,0.57323,13303
2025-10-31T17:00:00.000Z,0.57323,0.57462,0.57314,0.57434,6389
2025-11-02T22:00:00.000Z,0.57288,0.5745,0.57268,0.57412,6918
2025-11-03T02:00:00.000Z,0.57412,0.57437,0.57398,0.57421,4342
2025-11-03T06:00:00.000Z,0.5742,0.57517,0.57373,0.57494,6480
2025-11-03T10:00:00.000Z,0.57496,0.57536,0.57443,0.57485,7581
2025-11-03T14:00:00.000Z,0.57484,0.57542,0.57385,0.57462,10685
2025-11-03T18:00:00.000Z,0.57461,0.57512,0.57421,0.57472,4743
2025-11-03T22:00:00.000Z,0.57452,0.57562,0.5742,0.57544,5349
2025-11-04T02:00:00.000Z,0.57544,0.57554,0.57482,0.57486,5435
2025-11-04T06:00:00.000Z,0.57486,0.57487,0.57361,0.5747,8315
2025-11-04T10:00:00.000Z,0.5747,0.57528,0.57395,0.57417,7678
2025-11-04T14:00:00.000Z,0.57418,0.57524,0.57412,0.57443,10553
2025-11-04T18:00:00.000Z,0.57442,0.57521,0.57415,0.57454,5912
2025-11-04T22:00:00.000Z,0.57436,0.57474,0.57239,0.57295,6424
2025-11-05T02:00:00.000Z,0.57296,0.5739,0.57272,0.57333,6546
2025-11-05T06:00:00.000Z,0.57333,0.57395,0.57297,0.5738,7206
2025-11-05T10:00:00.000Z,0.57379,0.57425,0.57267,0.57378,8780
2025-11-05T14:00:00.000Z,0.57377,0.57488,0.57307,0.57448,12161
2025-11-05T18:00:00.000Z,0.57445,0.5745,0.57404,0.57418,4882
2025-11-05T22:00:00.000Z,0.57406,0.57458,0.57338,0.57365,5937
2025-11-06T02:00:00.000Z,0.57365,0.57403,0.57364,0.57379,5358
2025-11-06T06:00:00.000Z,0.57379,0.57428,0.5734,0.57376,7320
2025-11-06T10:00:00.000Z,0.57378,0.5742,0.57254,0.57286,9072
2025-11-06T14:00:00.000Z,0.57287,0.57299,0.57088,0.57178,13018
2025-11-06T18:00:00.000Z,0.5718,0.57194,0.57098,0.5711,6042
2025-11-06T22:00:00.000Z,0.5708,0.57169,0.5707,0.57137,7594
2025-11-07T02:00:00.000Z,0.57136,0.57197,0.57116,0.57185,4389
2025-11-07T06:00:00.000Z,0.57183,0.5727,0.57181,0.57251,5379
2025-11-07T10:00:00.000Z,0.57251,0.57286,0.57064,0.57254,8878
2025-11-07T14:00:00.000Z,0.57252,0.57277,0.57075,0.57198,12079
2025-11-07T18:00:00.000Z,0.57197,0.574,0.57185,0.57319,6390
2025-11-09T22:00:00.000Z,0.57204,0.57486,0.57198,0.57471,8989
2025-11-10T02:00:00.000Z,0.57469,0.57487,0.57443,0.57459,7344
2025-11-10T06:00:00.000Z,0.5746,0.57538,0.57446,0.57515,10538
2025-11-10T10:00:00.000Z,0.57514,0.57525,0.57414,0.57431,8596
2025-11-10T14:00:00.000Z,0.57429,0.57513,0.57384,0.5741,11647
2025-11-10T18:00:00.000Z,0.5741,0.57432,0.57384,0.57426,4856
2025-11-10T22:00:00.000Z,0.57438,0.57458,0.57374,0.57389,4074
2025-11-11T02:00:00.000Z,0.57389,0.57389,0.57286,0.57288,3701
2025-11-11T06:00:00.000Z,0.57289,0.5734,0.57208,0.57237,7682
2025-11-11T10:00:00.000Z,0.57236,0.57239,0.57031,0.57072,9579
2025-11-11T14:00:00.000Z,0.57071,0.57127,0.57011,0.5712,10787
2025-11-11T18:00:00.000Z,0.57121,0.57143,0.57081,0.57108,5065
2025-11-11T22:00:00.000Z,0.57065,0.57137,0.57008,0.57132,4717
2025-11-12T02:00:00.000Z,0.57131,0.5715,0.57105,0.57148,4158
2025-11-12T06:00:00.000Z,0.57148,0.57173,0.56997,0.57014,8103
2025-11-12T10:00:00.000Z,0.57012,0.5705,0.56965,0.56967,9405
2025-11-12T14:00:00.000Z,0.56966,0.56996,0.56874,0.5694,11905
2025-11-12T18:00:00.000Z,0.56941,0.57005,0.56941,0.56959,5041
2025-11-12T22:00:00.000Z,0.56934,0.57007,0.56891,0.56975,5102
2025-11-13T02:00:00.000Z,0.56976,0.57059,0.56968,0.57051,4138
2025-11-13T06:00:00.000Z,0.5705,0.57057,0.56785,0.5686,9470
2025-11-13T10:00:00.000Z,0.5686,0.56881,0.56792,0.56813,9151
2025-11-13T14:00:00.000Z,0.56813,0.56827,0.564,0.56427,14029
2025-11-13T18:00:00.000Z,0.56426,0.56547,0.564,0.56477,7624
2025-11-13T22:00:00.000Z,0.56435,0.56566,0.56389,0.56561,7166
2025-11-14T02:00:00.000Z,0.56562,0.56587,0.56439,0.56461,5761
2025-11-14T06:00:00.000Z,0.5646,0.56472,0.56272,0.56441,9846
2025-11-14T10:00:00.000Z,0.56442,0.56477,0.56181,0.56291,12239
2025-11-14T14:00:00.000Z,0.5629,0.56662,0.56271,0.56609,14684
2025-11-14T18:00:00.000Z,0.56608,0.56675,0.56579,0.56618,7023
2025-11-16T22:00:00.000Z,0.56582,0.56666,0.56537,0.5662,5543
2025-11-17T02:00:00.000Z,0.5662,0.56673,0.56609,0.56658,5452
2025-11-17T06:00:00.000Z,0.5666,0.56698,0.5658,0.56625,8121
2025-11-17T10:00:00.000Z,0.56624,0.56739,0.56622,0.56695,8992
2025-11-17T14:00:00.000Z,0.56696,0.56746,0.56652,0.56725,11285
2025-11-17T18:00:00.000Z,0.56725,0.56742,0.56629,0.56633,6740
2025-11-17T22:00:00.000Z,0.56606,0.56675,0.56559,0.56657,5640
2025-11-18T02:00:00.000Z,0.56657,0.5668,0.56481,0.56553,6909
2025-11-18T06:00:00.000Z,0.56552,0.56736,0.56483,0.56735,10151
2025-11-18T10:00:00.000Z,0.56734,0.56863,0.56723,0.56843,9628
2025-11-18T14:00:00.000Z,0.56842,0.57223,0.56805,0.57211,15058
2025-11-18T18:00:00.000Z,0.57212,0.57229,0.57102,0.5715,7141
2025-11-18T22:00:00.000Z,0.57118,0.57225,0.57095,0.57178,5635
2025-11-19T02:00:00.000Z,0.57179,0.57223,0.57062,0.5711,6188
2025-11-19T06:00:00.000Z,0.57109,0.57245,0.57075,0.5724,8798
2025-11-19T10:00:00.000Z,0.57239,0.57348,0.57178,0.57251,10799
2025-11-19T14:00:00.000Z,0.5725,0.57405,0.57228,0.57251,15006
2025-11-19T18:00:00.000Z,0.5725,0.57391,0.57245,0.57341,8346
2025-11-19T22:00:00.000Z,0.57289,0.57395,0.57289,0.5737,5535
2025-11-20T02:00:00.000Z,0.57369,0.57427,0.57363,0.57386,5903
2025-11-20T06:00:00.000Z,0.57387,0.57397,0.57314,0.57335,8922
2025-11-20T10:00:00.000Z,0.57337,0.57433,0.5731,0.57401,10956
2025-11-20T14:00:00.000Z,0.57405,0.57435,0.5709,0.57137,18096
2025-11-20T18:00:00.000Z,0.57138,0.57206,0.57086,0.57165,8942
2025-11-20T22:00:00.000Z,0.5713,0.5721,0.57074,0.57169,7620
2025-11-21T02:00:00.000Z,0.57169,0.5717,0.57067,0.57097,6087
2025-11-21T06:00:00.000Z,0.57097,0.57194,0.56988,0.57153,11075
2025-11-21T10:00:00.000Z,0.57153,0.57297,0.57111,0.57263,13599
2025-11-21T14:00:00.000Z,0.57261,0.57403,0.57157,0.57356,16328
2025-11-21T18:00:00.000Z,0.57357,0.574,0.57291,0.57319,8108
2025-11-23T22:00:00.000Z,0.57202,0.57385,0.572,0.57359,6272
2025-11-24T02:00:00.000Z,0.5736,0.57374,0.57329,0.57341,5037
2025-11-24T06:00:00.000Z,0.57341,0.5744,0.57179,0.57191,9128
2025-11-24T10:00:00.000Z,0.57191,0.57277,0.57127,0.57257,8442
2025-11-24T14:00:00.000Z,0.57257,0.57325,0.57218,0.57292,10792
2025-11-24T18:00:00.000Z,0.57293,0.57307,0.57243,0.5729,4834
2025-11-24T22:00:00.000Z,0.57275,0.57319,0.57266,0.5729,4686
2025-11-25T02:00:00.000Z,0.57291,0.57323,0.5728,0.57297,4515
2025-11-25T06:00:00.000Z,0.57298,0.57353,0.57275,0.57349,7540
2025-11-25T10:00:00.000Z,0.57349,0.57401,0.57274,0.5731,9792
2025-11-25T14:00:00.000Z,0.57311,0.5733,0.57141,0.57225,14671
2025-11-25T18:00:00.000Z,0.57226,0.57304,0.57208,0.57283,7045
2025-11-25T22:00:00.000Z,0.57257,0.57328,0.57192,0.5729,6582
2025-11-26T02:00:00.000Z,0.5729,0.57307,0.57141,0.5716,6365
2025-11-26T06:00:00.000Z,0.57162,0.57294,0.57156,0.5727,9534
2025-11-26T10:00:00.000Z,0.57268,0.57348,0.57209,0.57325,13238
2025-11-26T14:00:00.000Z,0.57325,0.57356,0.57247,0.57254,12593
2025-11-26T18:00:00.000Z,0.57255,0.57302,0.57247,0.57261,5890
2025-11-26T22:00:00.000Z,0.57246,0.57267,0.57206,0.57218,5008
2025-11-27T02:00:00.000Z,0.57217,0.57296,0.57214,0.57266,4741
2025-11-27T06:00:00.000Z,0.57267,0.57375,0.57259,0.57355,7963
2025-11-27T10:00:00.000Z,0.57356,0.57404,0.5732,0.57324,6594
2025-11-27T14:00:00.000Z,0.57324,0.57426,0.57321,0.57376,4705
2025-11-27T18:00:00.000Z,0.57375,0.57399,0.57365,0.57373,2644
2025-11-27T22:00:00.000Z,0.57288,0.57397,0.57288,0.57396,5359
2025-11-28T02:00:00.000Z,0.57397,0.57411,0.5732,0.5732,24857
2025-11-28T06:00:00.000Z,0.57324,0.57454,0.57308,0.57436,26965
2025-11-28T10:00:00.000Z,0.57434,0.57558,0.57385,0.57507,22813
2025-11-28T14:00:00.000Z,0.57507,0.5768,0.57447,0.57466,13077
2025-11-28T18:00:00.000Z,0.57468,0.57538,0.57439,0.57445,11337
2025-11-30T22:00:00.000Z,0.57457,0.57522,0.5744,0.57504,6571
2025-12-01T02:00:00.000Z,0.57505,0.57525,0.57474,0.57512,4861
2025-12-01T06:00:00.000Z,0.57512,0.57529,0.57363,0.57406,8669
2025-12-01T10:00:00.000Z,0.57407,0.57449,0.57295,0.57346,8261
2025-12-01T14:00:00.000Z,0.57348,0.57493,0.57335,0.5748,11569
2025-12-01T18:00:00.000Z,0.57477,0.57492,0.5745,0.57476,5745
2025-12-01T22:00:00.000Z,0.57415,0.57497,0.57384,0.57454,2681
2025-12-02T02:00:00.000Z,0.57454,0.57485,0.57433,0.57476,2523
2025-12-02T06:00:00.000Z,0.57476,0.57489,0.57399,0.5741,5617
2025-12-02T10:00:00.000Z,0.57411,0.57483,0.574,0.5747,5788
2025-12-02T14:00:00.000Z,0.57468,0.57579,0.57447,0.57487,10553
2025-12-02T18:00:00.000Z,0.57485,0.57523,0.57434,0.57459,5434
2025-12-02T22:00:00.000Z,0.57449,0.5748,0.57401,0.57426,3478
2025-12-03T02:00:00.000Z,0.57425,0.57435,0.57381,0.57397,2579
2025-12-03T06:00:00.000Z,0.57396,0.57457,0.57342,0.57456,6455
2025-12-03T10:00:00.000Z,0.57455,0.57472,0.57325,0.57376,7757
2025-12-03T14:00:00.000Z,0.57377,0.57436,0.57292,0.57334,11642
2025-12-03T18:00:00.000Z,0.57334,0.5734,0.57288,0.5732,4687
2025-12-03T22:00:00.000Z,0.57293,0.57351,0.5726,0.57311,4482
2025-12-04T02:00:00.000Z,0.5731,0.57378,0.57307,0.57367,4154
2025-12-04T06:00:00.000Z,0.57367,0.57381,0.57271,0.5729,6875
2025-12-04T10:00:00.000Z,0.57291,0.57371,0.57232,0.5733,7729
2025-12-04T14:00:00.000Z,0.57327,0.57559,0.57294,0.5755,10039
2025-12-04T18:00:00.000Z,0.57552,0.57606,0.57525,0.5757,5812
2025-12-04T22:00:00.000Z,0.57546,0.57587,0.57476,0.57569,2618
2025-12-05T02:00:00.000Z,0.5757,0.57581,0.57537,0.57556,2893
2025-12-05T06:00:00.000Z,0.57556,0.57625,0.57512,0.57563,6031
2025-12-05T10:00:00.000Z,0.57564,0.57859,0.57554,0.57856,7555
2025-12-05T14:00:00.000Z,0.57857,0.58179,0.57809,0.58168,13410
2025-12-05T18:00:00.000Z,0.58169,0.58206,0.58099,0.58203,6316
2025-12-07T22:00:00.000Z,0.58066,0.58215,0.58046,0.58126,8679
2025-12-08T02:00:00.000Z,0.58125,0.58149,0.58106,0.58131,3253
2025-12-08T06:00:00.000Z,0.5813,0.58211,0.58089,0.58179,8092
2025-12-08T10:00:00.000Z,0.58182,0.58395,0.5816,0.58352,9040
2025-12-08T14:00:00.000Z,0.58351,0.58469,0.58277,0.58277,12697
2025-12-08T18:00:00.000Z,0.58279,0.58288,0.58198,0.58199,5858
2025-12-08T22:00:00.000Z,0.58211,0.58262,0.58195,0.58215,3657
2025-12-09T02:00:00.000Z,0.58216,0.58251,0.58137,0.58156,4752
2025-12-09T06:00:00.000Z,0.58155,0.58226,0.58116,0.58209,8430
2025-12-09T10:00:00.000Z,0.58208,0.58302,0.582,0.58241,9698
2025-12-09T14:00:00.000Z,0.58242,0.58368,0.58186,0.58199,13179
2025-12-09T18:00:00.000Z,0.58199,0.58228,0.58175,0.58212,4953
2025-12-09T22:00:00.000Z,0.58157,0.58244,0.58111,0.58202,4238
2025-12-10T02:00:00.000Z,0.58201,0.58204,0.58167,0.58183,3072
2025-12-10T06:00:00.000Z,0.58183,0.58198,0.5805,0.58112,6720
2025-12-10T10:00:00.000Z,0.58113,0.58171,0.58016,0.5802,8331
2025-12-10T14:00:00.000Z,0.5802,0.58045,0.57898,0.58002,11241
2025-12-10T18:00:00.000Z,0.58002,0.58041,0.57927,0.58022,14141
2025-12-10T22:00:00.000Z,0.57966,0.57999,0.57902,0.57922,5247
2025-12-11T02:00:00.000Z,0.57922,0.57923,0.57831,0.57903,5815
2025-12-11T06:00:00.000Z,0.57902,0.57904,0.57792,0.57804,8998
2025-12-11T10:00:00.000Z,0.57803,0.57825,0.57681,0.57707,11037
2025-12-11T14:00:00.000Z,0.57706,0.57748,0.5757,0.57619,13819
2025-12-11T18:00:00.000Z,0.57618,0.57752,0.57611,0.57731,7012
2025-12-11T22:00:00.000Z,0.57731,0.57732,0.57584,0.577,6556
2025-12-12T02:00:00.000Z,0.57699,0.5772,0.57682,0.57699,3709
2025-12-12T06:00:00.000Z,0.57698,0.57801,0.57691,0.57761,7657
2025-12-12T10:00:00.000Z,0.5776,0.57854,0.5776,0.57838,8032
2025-12-12T14:00:00.000Z,0.57841,0.57864,0.57658,0.57777,14643
2025-12-12T18:00:00.000Z,0.57778,0.5784,0.57767,0.5781,7030
2025-12-14T22:00:00.000Z,0.57698,0.57866,0.57642,0.5784,6355
2025-12-15T02:00:00.000Z,0.57841,0.57841,0.57788,0.57822,5776
2025-12-15T06:00:00.000Z,0.57822,0.57939,0.5782,0.57834,7635
2025-12-15T10:00:00.000Z,0.57833,0.57873,0.57768,0.57822,7369
2025-12-15T14:00:00.000Z,0.57824,0.57872,0.57689,0.5785,13204
2025-12-15T18:00:00.000Z,0.5785,0.57865,0.57802,0.57831,6244
2025-12-15T22:00:00.000Z,0.57781,0.57838,0.57712,0.57753,5560
2025-12-16T02:00:00.000Z,0.57752,0.57842,0.57746,0.57827,5607
2025-12-16T06:00:00.000Z,0.57828,0.57886,0.57768,0.5777,7284
2025-12-16T10:00:00.000Z,0.57768,0.57829,0.57644,0.57787,10334
2025-12-16T14:00:00.000Z,0.57788,0.57862,0.57717,0.57776,15470
2025-12-16T18:00:00.000Z,0.57777,0.57868,0.57776,0.5781,8239
2025-12-16T22:00:00.000Z,0.57776,0.57818,0.57696,0.5779,4763
2025-12-17T02:00:00.000Z,0.57791,0.57815,0.57779,0.57804,4625
2025-12-17T06:00:00.000Z,0.57805,0.57987,0.57801,0.57911,9363
2025-12-17T10:00:00.000Z,0.57912,0.57931,0.57697,0.57758,9783
2025-12-17T14:00:00.000Z,0.57757,0.5781,0.57603,0.57648,14127
2025-12-17T18:00:00.000Z,0.57647,0.57746,0.57628,0.57707,6978
2025-12-17T22:00:00.000Z,0.57672,0.57714,0.57604,0.57707,4984
2025-12-18T02:00:00.000Z,0.57708,0.57725,0.57688,0.57706,4182
2025-12-18T06:00:00.000Z,0.57706,0.57807,0.57693,0.57798,7853
2025-12-18T10:00:00.000Z,0.57797,0.57813,0.57514,0.57621,11674
2025-12-18T14:00:00.000Z,0.57623,0.57732,0.57605,0.57709,15946
2025-12-18T18:00:00.000Z,0.57706,0.57711,0.57609,0.5762,7227
2025-12-18T22:00:00.000Z,0.57629,0.57681,0.57599,0.57671,4696
2025-12-19T02:00:00.000Z,0.5767,0.57695,0.57644,0.5765,5133
2025-12-19T06:00:00.000Z,0.5765,0.57708,0.57615,0.57643,9153
2025-12-19T10:00:00.000Z,0.57644,0.57725,0.57607,0.57686,9464
2025-12-19T14:00:00.000Z,0.57685,0.57812,0.57648,0.57698,12156
2025-12-19T18:00:00.000Z,0.57698,0.57711,0.57607,0.57626,5985
2025-12-21T22:00:00.000Z,0.57522,0.57699,0.57486,0.576,10672
2025-12-22T02:00:00.000Z,0.57602,0.57635,0.57572,0.57617,3703
2025-12-22T06:00:00.000Z,0.57617,0.57678,0.576,0.57609,8307
2025-12-22T10:00:00.000Z,0.57609,0.57649,0.57584,0.57648,8253
2025-12-22T14:00:00.000Z,0.57647,0.57685,0.57597,0.57647,10860
2025-12-22T18:00:00.000Z,0.57647,0.57683,0.57581,0.576,5396
2025-12-22T22:00:00.000Z,0.57578,0.57606,0.57528,0.57548,4440
2025-12-23T02:00:00.000Z,0.57547,0.57549,0.57463,0.57493,6305
2025-12-23T06:00:00.000Z,0.57492,0.57576,0.57464,0.57532,8567
2025-12-23T10:00:00.000Z,0.57531,0.57633,0.57418,0.57623,10022
2025-12-23T14:00:00.000Z,0.57622,0.57664,0.57548,0.57584,12088
2025-12-23T18:00:00.000Z,0.57585,0.57601,0.57516,0.57534,5489
2025-12-23T22:00:00.000Z,0.57497,0.57553,0.5746,0.57492,5240
2025-12-24T02:00:00.000Z,0.57491,0.57589,0.57491,0.57529,4923
2025-12-24T06:00:00.000Z,0.5753,0.57588,0.57495,0.57497,7945
2025-12-24T10:00:00.000Z,0.57498,0.57622,0.57485,0.57619,7966
2025-12-24T14:00:00.000Z,0.5762,0.57736,0.57611,0.57674,10214
2025-12-24T18:00:00.000Z,0.57669,0.57676,0.5756,0.57564,11788
2025-12-25T22:00:00.000Z,0.57523,0.57682,0.57486,0.57618,8473
2025-12-26T02:00:00.000Z,0.57618,0.57652,0.57602,0.57625,5716
2025-12-26T06:00:00.000Z,0.57626,0.57773,0.57624,0.57729,6605
2025-12-26T10:00:00.000Z,0.5773,0.57754,0.57641,0.57733,6184
2025-12-26T14:00:00.000Z,0.57733,0.57817,0.57726,0.57778,13217
2025-12-26T18:00:00.000Z,0.57776,0.57786,0.57706,0.57712,7439
2025-12-28T22:00:00.000Z,0.57638,0.57756,0.57596,0.57719,7626
2025-12-29T02:00:00.000Z,0.5772,0.57808,0.57716,0.57769,5402
2025-12-29T06:00:00.000Z,0.57767,0.57773,0.57561,0.57603,9067
2025-12-29T10:00:00.000Z,0.57603,0.57808,0.57596,0.57718,11807
2025-12-29T14:00:00.000Z,0.57717,0.5779,0.57597,0.57748,15593
2025-12-29T18:00:00.000Z,0.57748,0.57758,0.57632,0.57639,6067
2025-12-29T22:00:00.000Z,0.57574,0.57661,0.57574,0.57655,5184
2025-12-30T02:00:00.000Z,0.57653,0.57667,0.57608,0.57633,4094
2025-12-30T06:00:00.000Z,0.57632,0.57705,0.5761,0.57647,7366
2025-12-30T10:00:00.000Z,0.57646,0.57714,0.5757,0.5765,9532
2025-12-30T14:00:00.000Z,0.57649,0.5784,0.57648,0.57821,11783
2025-12-30T18:00:00.000Z,0.57822,0.57863,0.57791,0.57816,4905
2025-12-30T22:00:00.000Z,0.57785,0.5783,0.57769,0.57824,4097
2025-12-31T02:00:00.000Z,0.57825,0.57871,0.57823,0.57862,4167
2025-12-31T06:00:00.000Z,0.57864,0.57943,0.57842,0.57911,6344
2025-12-31T10:00:00.000Z,0.5791,0.57929,0.57813,0.57861,10076
2025-12-31T14:00:00.000Z,0.57862,0.57917,0.5778,0.57833,14275
2025-12-31T18:00:00.000Z,0.57834,0.57837,0.57691,0.57755,6015
2026-01-01T22:00:00.000Z,0.57734,0.57759,0.57642,0.57709,3866
2026-01-02T02:00:00.000Z,0.57711,0.57771,0.57689,0.57771,4357
2026-01-02T06:00:00.000Z,0.57771,0.57925,0.57759,0.57839,8198
2026-01-02T10:00:00.000Z,0.5784,0.57868,0.57716,0.57721,8167
2026-01-02T14:00:00.000Z,0.5772,0.57731,0.57569,0.57633,12856
2026-01-02T18:00:00.000Z,0.57632,0.57724,0.57631,0.57705,5700
2026-01-04T22:00:00.000Z,0.57542,0.57725,0.57528,0.57665,7554
2026-01-05T02:00:00.000Z,0.57666,0.57745,0.57645,0.57675,7340
2026-01-05T06:00:00.000Z,0.57676,0.57805,0.57618,0.57799,9406
2026-01-05T10:00:00.000Z,0.57801,0.57834,0.57629,0.57645,12267
2026-01-05T14:00:00.000Z,0.57645,0.57757,0.57583,0.57596,15362
2026-01-05T18:00:00.000Z,0.57597,0.57613,0.57473,0.57492,6005
2026-01-05T22:00:00.000Z,0.57451,0.57545,0.57438,0.57492,4700
2026-01-06T02:00:00.000Z,0.57491,0.57497,0.57454,0.57496,4789
2026-01-06T06:00:00.000Z,0.57495,0.5759,0.5746,0.57566,8889
2026-01-06T10:00:00.000Z,0.57565,0.57617,0.57524,0.57571,9940
2026-01-06T14:00:00.000Z,0.5757,0.5772,0.57552,0.57645,14252
2026-01-06T18:00:00.000Z,0.57646,0.5767,0.5759,0.57593,5573
2026-01-06T22:00:00.000Z,0.57556,0.57606,0.57508,0.57522,5904
2026-01-07T02:00:00.000Z,0.57522,0.57577,0.57497,0.57563,6011
2026-01-07T06:00:00.000Z,0.57563,0.57655,0.57506,0.57609,7912
2026-01-07T10:00:00.000Z,0.57608,0.57716,0.57592,0.57686,9546
2026-01-07T14:00:00.000Z,0.57687,0.57735,0.57579,0.57615,14621
2026-01-07T18:00:00.000Z,0.57614,0.57636,0.57547,0.57551,6747
2026-01-07T22:00:00.000Z,0.57519,0.57572,0.57456,0.57551,3952
2026-01-08T02:00:00.000Z,0.57552,0.57565,0.57478,0.57491,5006
2026-01-08T06:00:00.000Z,0.57491,0.57524,0.57427,0.57468,8617
2026-01-08T10:00:00.000Z,0.57468,0.57603,0.57424,0.57582,9207
2026-01-08T14:00:00.000Z,0.57583,0.57666,0.57552,0.57648,12692
2026-01-08T18:00:00.000Z,0.57647,0.57688,0.57612,0.57623,6140
2026-01-08T22:00:00.000Z,0.57594,0.57672,0.57507,0.57657,4179
2026-01-09T02:00:00.000Z,0.57658,0.57669,0.57606,0.57656,5273
2026-01-09T06:00:00.000Z,0.57657,0.57684,0.57612,0.57667,7707
2026-01-09T10:00:00.000Z,0.57668,0.57692,0.57531,0.57621,10822
2026-01-09T14:00:00.000Z,0.57622,0.57714,0.57585,0.57649,17303
2026-01-09T18:00:00.000Z,0.57648,0.5765,0.57542,0.5755,5687
2026-01-11T22:00:00.000Z,0.57454,0.57633,0.57413,0.57466,8312
2026-01-12T02:00:00.000Z,0.57465,0.57512,0.57432,0.57447,5956
2026-01-12T06:00:00.000Z,0.57448,0.57471,0.57344,0.5742,9985
2026-01-12T10:00:00.000Z,0.57419,0.57488,0.57366,0.57413,10548
2026-01-12T14:00:00.000Z,0.57414,0.57472,0.57365,0.57459,12604
2026-01-12T18:00:00.000Z,0.57458,0.57496,0.57424,0.57463,5766
2026-01-12T22:00:00.000Z,0.57408,0.57489,0.57382,0.57484,5200
2026-01-13T02:00:00.000Z,0.57486,0.57513,0.57451,0.57474,5760
2026-01-13T06:00:00.000Z,0.57473,0.57514,0.57407,0.57486,8286
2026-01-13T10:00:00.000Z,0.57485,0.57584,0.5746,0.57551,10724
2026-01-13T14:00:00.000Z,0.57552,0.57695,0.57519,0.57631,14585
2026-01-13T18:00:00.000Z,0.5763,0.57699,0.57615,0.57671,6297
2026-01-13T22:00:00.000Z,0.57624,0.57694,0.57624,0.57688,5327
2026-01-14T02:00:00.000Z,0.57687,0.57716,0.57663,0.57706,4952
2026-01-14T06:00:00.000Z,0.57706,0.57786,0.57663,0.57729,9146
2026-01-14T10:00:00.000Z,0.5773,0.57761,0.57646,0.57722,9258
2026-01-14T14:00:00.000Z,0.57725,0.57731,0.57517,0.57612,13941
2026-01-14T18:00:00.000Z,0.57611,0.57699,0.57608,0.57628,6299
2026-01-14T22:00:00.000Z,0.57577,0.57629,0.57526,0.57594,5801
2026-01-15T02:00:00.000Z,0.57594,0.5764,0.57576,0.57631,3922
2026-01-15T06:00:00.000Z,0.5763,0.57668,0.57547,0.57575,7105
2026-01-15T10:00:00.000Z,0.57574,0.57714,0.57567,0.57687,9113
2026-01-15T14:00:00.000Z,0.57687,0.57853,0.57647,0.57788,12025
2026-01-15T18:00:00.000Z,0.57787,0.57863,0.57766,0.57822,5751
2026-01-15T22:00:00.000Z,0.57803,0.57846,0.57752,0.57808,4653
2026-01-16T02:00:00.000Z,0.57808,0.57816,0.57758,0.57772,5257
2026-01-16T06:00:00.000Z,0.57773,0.57782,0.57703,0.57732,6518
2026-01-16T10:00:00.000Z,0.57733,0.57748,0.57648,0.57662,7596
2026-01-16T14:00:00.000Z,0.57662,0.5775,0.57614,0.57666,12331
2026-01-16T18:00:00.000Z,0.57665,0.57728,0.57655,0.57687,5160
2026-01-18T22:00:00.000Z,0.57551,0.57632,0.57389,0.57509,11661
2026-01-19T02:00:00.000Z,0.57508,0.5753,0.57455,0.57502,7776
2026-01-19T06:00:00.000Z,0.57501,0.57583,0.57449,0.57518,10299
2026-01-19T10:00:00.000Z,0.5752,0.57537,0.57434,0.57464,8250
2026-01-19T14:00:00.000Z,0.57465,0.5754,0.57414,0.57501,8725
2026-01-19T18:00:00.000Z,0.575,0.5751,0.57476,0.57485,2472
2026-01-19T22:00:00.000Z,0.57484,0.57535,0.57439,0.575,4318
2026-01-20T02:00:00.000Z,0.57499,0.57511,0.57454,0.57485,5034
2026-01-20T06:00:00.000Z,0.57484,0.5749,0.57108,0.57172,12843
2026-01-20T10:00:00.000Z,0.57173,0.57225,0.57005,0.57142,13925
2026-01-20T14:00:00.000Z,0.57137,0.57243,0.57055,0.57071,15819
2026-01-20T18:00:00.000Z,0.5707,0.57139,0.57047,0.57087,6831
2026-01-20T22:00:00.000Z,0.57006,0.57121,0.56982,0.57093,4926
2026-01-21T02:00:00.000Z,0.57094,0.57214,0.5708,0.5716,4442
2026-01-21T06:00:00.000Z,0.5716,0.57294,0.57149,0.5728,8371
2026-01-21T10:00:00.000Z,0.57281,0.57312,0.57161,0.57283,10465
2026-01-21T14:00:00.000Z,0.57283,0.5755,0.57269,0.5742,17531
2026-01-21T18:00:00.000Z,0.57421,0.576,0.57377,0.57508,10057
2026-01-21T22:00:00.000Z,0.57498,0.57557,0.57447,0.57538,5784
2026-01-22T02:00:00.000Z,0.57539,0.57553,0.57461,0.575,5169
2026-01-22T06:00:00.000Z,0.57499,0.57545,0.57376,0.5738,8642
2026-01-22T10:00:00.000Z,0.5738,0.57424,0.57328,0.57395,10204
2026-01-22T14:00:00.000Z,0.57396,0.57405,0.57245,0.5731,13344
2026-01-22T18:00:00.000Z,0.57311,0.57324,0.57227,0.57229,6227
2026-01-22T22:00:00.000Z,0.5728,0.57297,0.57194,0.57275,5046
2026-01-23T02:00:00.000Z,0.57276,0.5732,0.57251,0.57295,4639
2026-01-23T06:00:00.000Z,0.57296,0.57356,0.5724,0.5735,10741
2026-01-23T10:00:00.000Z,0.5735,0.57449,0.57333,0.57447,8082
2026-01-23T14:00:00.000Z,0.57446,0.57497,0.57275,0.57298,13477
2026-01-23T18:00:00.000Z,0.57298,0.5736,0.56857,0.56925,11120
2026-01-25T22:00:00.000Z,0.56514,0.56888,0.56495,0.56818,13584
2026-01-26T02:00:00.000Z,0.56819,0.56829,0.56741,0.56793,9423
2026-01-26T06:00:00.000Z,0.56792,0.56914,0.56682,0.56727,13124
2026-01-26T10:00:00.000Z,0.56726,0.56862,0.56723,0.56752,10813
2026-01-26T14:00:00.000Z,0.56751,0.56774,0.56525,0.56643,15021
2026-01-26T18:00:00.000Z,0.56642,0.56683,0.56579,0.56672,8471
2026-01-26T22:00:00.000Z,0.5661,0.56685,0.5651,0.56642,5264
2026-01-27T02:00:00.000Z,0.56642,0.56647,0.56535,0.56598,6257
2026-01-27T06:00:00.000Z,0.56597,0.56692,0.56545,0.56588,9764
2026-01-27T10:00:00.000Z,0.56587,0.56671,0.56287,0.56383,14696
2026-01-27T14:00:00.000Z,0.56381,0.56444,0.56231,0.5636,19586
2026-01-27T18:00:00.000Z,0.56361,0.56371,0.56004,0.56072,13889
2026-01-27T22:00:00.000Z,0.56008,0.56258,0.5597,0.56257,13955
2026-01-28T02:00:00.000Z,0.56257,0.56372,0.56241,0.5633,7857
2026-01-28T06:00:00.000Z,0.5633,0.56662,0.5621,0.5655,13992
2026-01-28T10:00:00.000Z,0.5655,0.56703,0.56528,0.56675,12450
2026-01-28T14:00:00.000Z,0.56674,0.5686,0.56569,0.56689,19986
2026-01-28T18:00:00.000Z,0.56689,0.56834,0.56651,0.56676,14294
2026-01-28T22:00:00.000Z,0.56622,0.56667,0.565,0.56623,11384
2026-01-29T02:00:00.000Z,0.56625,0.56653,0.56583,0.56616,9091
2026-01-29T06:00:00.000Z,0.56617,0.56737,0.56595,0.56732,12351
2026-01-29T10:00:00.000Z,0.56734,0.56839,0.56657,0.56771,12834
2026-01-29T14:00:00.000Z,0.56772,0.56845,0.56613,0.56719,26265
2026-01-29T18:00:00.000Z,0.5672,0.56813,0.56624,0.56662,11732
2026-01-29T22:00:00.000Z,0.56739,0.56823,0.56561,0.56792,14179
2026-01-30T02:00:00.000Z,0.56792,0.56881,0.56755,0.56858,12791
2026-01-30T06:00:00.000Z,0.5686,0.56873,0.5675,0.56821,15585
2026-01-30T10:00:00.000Z,0.5682,0.56837,0.56728,0.56763,15613
2026-01-30T14:00:00.000Z,0.56764,0.56923,0.56745,0.56821,22306
2026-01-30T18:00:00.000Z,0.56822,0.56861,0.56731,0.5674,16984
2026-02-01T22:00:00.000Z,0.56676,0.56778,0.56648,0.56668,15318
2026-02-02T02:00:00.000Z,0.56668,0.5671,0.56544,0.56578,13284
2026-02-02T06:00:00.000Z,0.56579,0.56841,0.56533,0.56841,16668
2026-02-02T10:00:00.000Z,0.56839,0.57023,0.5679,0.56993,15047
2026-02-02T14:00:00.000Z,0.56991,0.57173,0.5697,0.56971,20944
2026-02-02T18:00:00.000Z,0.56969,0.57045,0.56961,0.56984,9612
2026-02-02T22:00:00.000Z,0.56933,0.57029,0.56913,0.56966,6573
2026-02-03T02:00:00.000Z,0.56967,0.56997,0.56902,0.56952,8296
2026-02-03T06:00:00.000Z,0.56953,0.56971,0.56817,0.56916,12200
2026-02-03T10:00:00.000Z,0.56916,0.56933,0.56867,0.56881,10998
2026-02-03T14:00:00.000Z,0.56879,0.56947,0.5674,0.56785,17157
2026-02-03T18:00:00.000Z,0.56784,0.56878,0.56769,0.56812,10194
2026-02-03T22:00:00.000Z,0.56874,0.56913,0.56767,0.56884,5842
2026-02-04T02:00:00.000Z,0.56885,0.56887,0.56804,0.56838,5578
2026-02-04T06:00:00.000Z,0.5684,0.56948,0.56828,0.56878,9603
2026-02-04T10:00:00.000Z,0.56876,0.56889,0.56759,0.56817,10570
2026-02-04T14:00:00.000Z,0.56818,0.5686,0.56737,0.56813,20061
2026-02-04T18:00:00.000Z,0.56812,0.56891,0.5678,0.56891,9378
2026-02-04T22:00:00.000Z,0.56814,0.56923,0.56779,0.56849,6866
2026-02-05T02:00:00.000Z,0.56849,0.5688,0.56806,0.56868,8693
2026-02-05T06:00:00.000Z,0.56867,0.56898,0.56748,0.5683,10792
2026-02-05T10:00:00.000Z,0.56831,0.56838,0.56627,0.56686,14036
2026-02-05T14:00:00.000Z,0.56685,0.56871,0.56685,0.56817,20279
2026-02-05T18:00:00.000Z,0.56816,0.5685,0.56762,0.56767,8202
2026-02-05T22:00:00.000Z,0.56703,0.56763,0.56666,0.56718,7920
2026-02-06T02:00:00.000Z,0.56717,0.56749,0.56677,0.56716,5775
2026-02-06T06:00:00.000Z,0.56717,0.56915,0.56698,0.56887,9407
2026-02-06T10:00:00.000Z,0.56887,0.56976,0.56811,0.56894,9196
2026-02-06T14:00:00.000Z,0.56893,0.56947,0.56825,0.56828,14145
2026-02-06T18:00:00.000Z,0.56829,0.56844,0.56752,0.56781,5749
2026-02-08T22:00:00.000Z,0.56594,0.56841,0.56593,0.56772,8781
2026-02-09T02:00:00.000Z,0.56772,0.56832,0.56731,0.56746,5288
2026-02-09T06:00:00.000Z,0.56747,0.56749,0.56584,0.56612,11031
2026-02-09T10:00:00.000Z,0.56614,0.56624,0.56486,0.56518,11950
2026-02-09T14:00:00.000Z,0.56519,0.56596,0.56433,0.56551,14190
2026-02-09T18:00:00.000Z,0.56552,0.56565,0.5647,0.56508,6559
2026-02-09T22:00:00.000Z,0.56499,0.56588,0.56429,0.56563,5455
2026-02-10T02:00:00.000Z,0.56562,0.56611,0.56509,0.5659,4532
2026-02-10T06:00:00.000Z,0.5659,0.5661,0.56422,0.56442,7552
2026-02-10T10:00:00.000Z,0.56443,0.56544,0.56417,0.56476,9508
2026-02-10T14:00:00.000Z,0.56476,0.56701,0.56372,0.5668,14676
2026-02-10T18:00:00.000Z,0.56681,0.56717,0.56633,0.56661,6097
2026-02-10T22:00:00.000Z,0.564,0.56723,0.56392,0.56719,5991
2026-02-11T02:00:00.000Z,0.5672,0.56721,0.56606,0.56613,5548
2026-02-11T06:00:00.000Z,0.56613,0.56737,0.56575,0.5667,8416
2026-02-11T10:00:00.000Z,0.56669,0.56842,0.56541,0.56739,13870
2026-02-11T14:00:00.000Z,0.56742,0.56873,0.56691,0.56808,20222
2026-02-11T18:00:00.000Z,0.56808,0.56852,0.56771,0.56841,7283
2026-02-11T22:00:00.000Z,0.56754,0.56839,0.56595,0.56778,5219
2026-02-12T02:00:00.000Z,0.56779,0.56821,0.56755,0.56809,6030
2026-02-12T06:00:00.000Z,0.56808,0.56856,0.56624,0.56627,9311
2026-02-12T10:00:00.000Z,0.56628,0.56732,0.56558,0.56668,9830
2026-02-12T14:00:00.000Z,0.56669,0.56722,0.56401,0.565,19733
2026-02-12T18:00:00.000Z,0.56501,0.56583,0.56468,0.56538,9131
2026-02-12T22:00:00.000Z,0.56339,0.5654,0.56328,0.56513,5616
2026-02-13T02:00:00.000Z,0.56514,0.56568,0.56505,0.56517,4718
2026-02-13T06:00:00.000Z,0.56516,0.56622,0.56498,0.56571,8969
2026-02-13T10:00:00.000Z,0.56571,0.56581,0.56286,0.56481,11343
2026-02-13T14:00:00.000Z,0.56479,0.56503,0.56398,0.56436,16545
2026-02-13T18:00:00.000Z,0.56437,0.56471,0.5635,0.56355,6718
2026-02-15T22:00:00.000Z,0.56352,0.56462,0.56296,0.56433,6485
2026-02-16T02:00:00.000Z,0.56434,0.56455,0.56414,0.56442,4297
2026-02-16T06:00:00.000Z,0.56443,0.56523,0.56438,0.56506,6089
2026-02-16T10:00:00.000Z,0.56505,0.56565,0.56482,0.56488,5255
2026-02-16T14:00:00.000Z,0.56489,0.56495,0.56418,0.56432,4941
2026-02-16T18:00:00.000Z,0.56433,0.56438,0.56412,0.56421,1281
2026-02-16T22:00:00.000Z,0.56388,0.56453,0.56329,0.56416,5061
2026-02-17T02:00:00.000Z,0.56415,0.56435,0.56365,0.56387,5304
2026-02-17T06:00:00.000Z,0.56388,0.56466,0.56342,0.56374,7599
2026-02-17T10:00:00.000Z,0.56374,0.56481,0.56355,0.56411,9063
2026-02-17T14:00:00.000Z,0.56411,0.56574,0.56397,0.56496,16716
2026-02-17T18:00:00.000Z,0.56495,0.56504,0.56452,0.56458,6320
2026-02-17T22:00:00.000Z,0.56556,0.56556,0.56389,0.56452,5361
2026-02-18T02:00:00.000Z,0.56453,0.56487,0.56453,0.56457,3876
2026-02-18T06:00:00.000Z,0.56456,0.56501,0.5644,0.56493,6533
2026-02-18T10:00:00.000Z,0.56492,0.56534,0.5644,0.56453,7633
2026-02-18T14:00:00.000Z,0.56452,0.56493,0.5642,0.56479,11766
2026-02-18T18:00:00.000Z,0.56479,0.56483,0.56396,0.56425,7078
2026-02-18T22:00:00.000Z,0.56092,0.56423,0.56092,0.56408,4511
2026-02-19T02:00:00.000Z,0.56408,0.56447,0.564,0.56414,4264
2026-02-19T06:00:00.000Z,0.56413,0.56547,0.56405,0.56546,6976
2026-02-19T10:00:00.000Z,0.56543,0.56638,0.56477,0.56605,8994
2026-02-19T14:00:00.000Z,0.56606,0.56688,0.56543,0.56626,15368
2026-02-19T18:00:00.000Z,0.56624,0.56652,0.56593,0.56635,6164
2026-02-19T22:00:00.000Z,0.5663,0.56662,0.56589,0.56634,5292
2026-02-20T02:00:00.000Z,0.56635,0.56688,0.56628,0.56682,4864
2026-02-20T06:00:00.000Z,0.56682,0.56699,0.56619,0.56639,8686
2026-02-20T10:00:00.000Z,0.5664,0.56745,0.56586,0.567,9206
2026-02-20T14:00:00.000Z,0.56702,0.5674,0.56527,0.56645,20668
2026-02-20T18:00:00.000Z,0.56646,0.56689,0.56587,0.56654,10035
2026-02-22T22:00:00.000Z,0.56528,0.56621,0.5646,0.56475,9151
2026-02-23T02:00:00.000Z,0.56473,0.56524,0.56438,0.56518,5937
2026-02-23T06:00:00.000Z,0.56517,0.56647,0.56475,0.56638,8275
2026-02-23T10:00:00.000Z,0.56637,0.56732,0.56587,0.56659,9036
2026-02-23T14:00:00.000Z,0.5666,0.56691,0.56498,0.56524,14561
2026-02-23T18:00:00.000Z,0.56525,0.56559,0.56508,0.56535,5453
2026-02-23T22:00:00.000Z,0.565,0.5658,0.56483,0.56578,6196
2026-02-24T02:00:00.000Z,0.56576,0.56664,0.56564,0.56607,5778
2026-02-24T06:00:00.000Z,0.56606,0.56657,0.56475,0.56495,9308
2026-02-24T10:00:00.000Z,0.56496,0.5651,0.56416,0.56494,8671
2026-02-24T14:00:00.000Z,0.56495,0.56505,0.56399,0.56429,12044
2026-02-24T18:00:00.000Z,0.56428,0.56507,0.56419,0.565,5090
2026-02-24T22:00:00.000Z,0.56515,0.56517,0.5642,0.56462,5146
2026-02-25T02:00:00.000Z,0.56462,0.5649,0.56436,0.56457,7783
2026-02-25T06:00:00.000Z,0.56456,0.56541,0.56447,0.56534,8023
2026-02-25T10:00:00.000Z,0.56533,0.56606,0.56528,0.56562,8047
2026-02-25T14:00:00.000Z,0.56563,0.56572,0.56422,0.5645,11710
2026-02-25T18:00:00.000Z,0.56449,0.56523,0.56432,0.56511,4761
2026-02-25T22:00:00.000Z,0.56294,0.565,0.56293,0.56448,7507
2026-02-26T02:00:00.000Z,0.56449,0.565,0.56443,0.56495,5802
2026-02-26T06:00:00.000Z,0.56495,0.5661,0.56482,0.56588,7608
2026-02-26T10:00:00.000Z,0.56587,0.56676,0.56552,0.5656,7576
2026-02-26T14:00:00.000Z,0.56559,0.56594,0.56466,0.56578,14253
2026-02-26T18:00:00.000Z,0.56578,0.56628,0.56557,0.56572,6059
2026-02-26T22:00:00.000Z,0.56565,0.56603,0.56485,0.56569,6515
2026-02-27T02:00:00.000Z,0.56569,0.56581,0.56523,0.56565,5542
2026-02-27T06:00:00.000Z,0.56566,0.56588,0.56492,0.56544,8786
2026-02-27T10:00:00.000Z,0.56543,0.56546,0.56295,0.56347,9972
2026-02-27T14:00:00.000Z,0.5635,0.56421,0.56233,0.56404,15750
2026-02-27T18:00:00.000Z,0.56403,0.56421,0.56299,0.56371,6513
2026-03-01T22:00:00.000Z,0.56142,0.56367,0.56138,0.56308,13536
2026-03-02T02:00:00.000Z,0.56309,0.5633,0.56275,0.56286,9117
2026-03-02T06:00:00.000Z,0.56287,0.5661,0.56285,0.56554,15727
2026-03-02T10:00:00.000Z,0.56557,0.57025,0.56521,0.56873,14367
2026-03-02T14:00:00.000Z,0.56873,0.57006,0.56791,0.56801,18761
2026-03-02T18:00:00.000Z,0.568,0.57031,0.56797,0.56975,9771
2026-03-02T22:00:00.000Z,0.56909,0.57026,0.56843,0.56998,8625
2026-03-03T02:00:00.000Z,0.56999,0.5715,0.56988,0.57132,10340
2026-03-03T06:00:00.000Z,0.5713,0.57373,0.5711,0.57359,17062
2026-03-03T10:00:00.000Z,0.57359,0.5744,0.57264,0.57288,18776
2026-03-03T14:00:00.000Z,0.5729,0.57324,0.57113,0.57242,26563
2026-03-03T18:00:00.000Z,0.57243,0.57273,0.57118,0.57136,13459
2026-03-03T22:00:00.000Z,0.57288,0.57288,0.57076,0.57136,10686
2026-03-04T02:00:00.000Z,0.57137,0.57154,0.57031,0.57113,12785
2026-03-04T06:00:00.000Z,0.57114,0.57289,0.5703,0.57287,15296
2026-03-04T10:00:00.000Z,0.57287,0.57295,0.57054,0.571,17092
2026-03-04T14:00:00.000Z,0.57102,0.57176,0.57004,0.57073,18008
2026-03-04T18:00:00.000Z,0.57072,0.57156,0.57047,0.57104,7909
2026-03-04T22:00:00.000Z,0.57159,0.57197,0.5703,0.57117,7947
2026-03-05T02:00:00.000Z,0.57118,0.57209,0.57112,0.57199,9261
2026-03-05T06:00:00.000Z,0.57197,0.57242,0.5706,0.57086,16614
2026-03-05T10:00:00.000Z,0.57085,0.57314,0.57058,0.57258,13272
2026-03-05T14:00:00.000Z,0.57259,0.57259,0.57077,0.5711,21596
2026-03-05T18:00:00.000Z,0.57109,0.57244,0.57088,0.57111,14076
2026-03-05T22:00:00.000Z,0.57088,0.57158,0.57039,0.57149,7556
2026-03-06T02:00:00.000Z,0.5715,0.57167,0.57115,0.5716,7066
2026-03-06T06:00:00.000Z,0.57159,0.5721,0.57093,0.5721,11364
2026-03-06T10:00:00.000Z,0.57209,0.57313,0.57076,0.57276,15714
2026-03-06T14:00:00.000Z,0.57277,0.57297,0.57057,0.57175,23412
2026-03-06T18:00:00.000Z,0.57174,0.57229,0.57112,0.57177,13529
2026-03-08T21:00:00.000Z,0.57281,0.57504,0.57076,0.57483,13458
2026-03-09T01:00:00.000Z,0.57484,0.57631,0.57472,0.57601,14407
2026-03-09T05:00:00.000Z,0.576,0.57606,0.57372,0.57487,20180
2026-03-09T09:00:00.000Z,0.57485,0.57597,0.57414,0.57457,18267
2026-03-09T13:00:00.000Z,0.57454,0.57486,0.57273,0.57399,21222
2026-03-09T17:00:00.000Z,0.574,0.57461,0.5719,0.57205,14390
2026-03-09T21:00:00.000Z,0.57221,0.57259,0.57145,0.57178,8031
2026-03-10T01:00:00.000Z,0.57181,0.57249,0.57151,0.57247,10123
2026-03-10T05:00:00.000Z,0.57248,0.57255,0.57089,0.5714,11821
2026-03-10T09:00:00.000Z,0.5714,0.57315,0.5709,0.5726,13877
2026-03-10T13:00:00.000Z,0.57259,0.57259,0.57106,0.57155,16798
2026-03-10T17:00:00.000Z,0.57156,0.57366,0.57132,0.57318,14497
2026-03-10T21:00:00.000Z,0.57208,0.57343,0.57168,0.5733,5673
2026-03-11T01:00:00.000Z,0.57331,0.57359,0.57301,0.57304,6957
2026-03-11T05:00:00.000Z,0.57303,0.57392,0.57267,0.57335,10776
2026-03-11T09:00:00.000Z,0.57334,0.57441,0.57244,0.57339,14210
2026-03-11T13:00:00.000Z,0.5734,0.57407,0.57276,0.57398,18630
2026-03-11T17:00:00.000Z,0.57397,0.57451,0.5735,0.5742,9369
2026-03-11T21:00:00.000Z,0.57322,0.57503,0.57251,0.57501,7167
2026-03-12T01:00:00.000Z,0.575,0.57571,0.57488,0.57549,7979
2026-03-12T05:00:00.000Z,0.5755,0.57632,0.575,0.57558,10597
2026-03-12T09:00:00.000Z,0.57557,0.57571,0.57399,0.57506,10838
2026-03-12T13:00:00.000Z,0.57507,0.57636,0.57452,0.57565,18581
2026-03-12T17:00:00.000Z,0.57564,0.57699,0.5753,0.57642,9244
2026-03-12T21:00:00.000Z,0.57531,0.57645,0.57531,0.57615,5762
2026-03-13T01:00:00.000Z,0.57614,0.5769,0.57609,0.5766,7399
2026-03-13T05:00:00.000Z,0.5766,0.57768,0.57642,0.57712,10221
2026-03-13T09:00:00.000Z,0.57707,0.57707,0.57403,0.57438,14153
2026-03-13T13:00:00.000Z,0.57435,0.57546,0.57359,0.57503,17837
2026-03-13T17:00:00.000Z,0.57503,0.57674,0.57468,0.5763,9792
2026-03-15T21:00:00.000Z,0.5746,0.57653,0.57257,0.57562,8031
2026-03-16T01:00:00.000Z,0.57563,0.57618,0.57543,0.57618,7696
2026-03-16T05:00:00.000Z,0.57617,0.57764,0.57591,0.57633,9335
2026-03-16T09:00:00.000Z,0.57633,0.57646,0.57496,0.57535,10695
2026-03-16T13:00:00.000Z,0.57533,0.57682,0.57527,0.57599,13243
2026-03-16T17:00:00.000Z,0.57598,0.57631,0.57513,0.57549,8589
2026-03-16T21:00:00.000Z,0.57486,0.57613,0.57478,0.57601,3880
2026-03-17T01:00:00.000Z,0.57601,0.5766,0.57581,0.57595,5957
2026-03-17T05:00:00.000Z,0.57594,0.57679,0.57456,0.57487,8577
2026-03-17T09:00:00.000Z,0.57486,0.57499,0.57386,0.57403,9169
2026-03-17T13:00:00.000Z,0.57403,0.57483,0.57268,0.57295,13756
2026-03-17T17:00:00.000Z,0.57294,0.57337,0.57266,0.57319,5430
2026-03-17T21:00:00.000Z,0.57297,0.57357,0.5725,0.57346,5318
2026-03-18T01:00:00.000Z,0.57345,0.57371,0.57307,0.57316,5038
2026-03-18T05:00:00.000Z,0.57316,0.57456,0.5728,0.574,6958
2026-03-18T09:00:00.000Z,0.574,0.57496,0.57365,0.57493,11220
2026-03-18T13:00:00.000Z,0.5749,0.57636,0.57426,0.57631,15750
2026-03-18T17:00:00.000Z,0.57632,0.5778,0.57556,0.57763,11899
2026-03-18T21:00:00.000Z,0.57736,0.57755,0.57674,0.5773,5894
2026-03-19T01:00:00.000Z,0.57729,0.57747,0.57668,0.57742,7579
2026-03-19T05:00:00.000Z,0.57742,0.57794,0.57614,0.57664,11881
2026-03-19T09:00:00.000Z,0.57663,0.57936,0.57644,0.57838,16632
2026-03-19T13:00:00.000Z,0.5784,0.57867,0.57583,0.57684,23853
2026-03-19T17:00:00.000Z,0.57686,0.57687,0.57287,0.57347,14027
2026-03-19T21:00:00.000Z,0.57349,0.57444,0.57313,0.57406,5624
2026-03-20T01:00:00.000Z,0.57404,0.5749,0.57383,0.57478,6709
2026-03-20T05:00:00.000Z,0.57479,0.57522,0.57438,0.57503,8607
2026-03-20T09:00:00.000Z,0.57504,0.57505,0.57285,0.57339,13582
2026-03-20T13:00:00.000Z,0.57336,0.5758,0.57313,0.57463,18968
2026-03-20T17:00:00.000Z,0.57462,0.57529,0.57405,0.57406,12368
2026-03-22T21:00:00.000Z,0.57352,0.57515,0.57311,0.57501,8431
2026-03-23T01:00:00.000Z,0.575,0.57569,0.57477,0.5752,8790
2026-03-23T05:00:00.000Z,0.57521,0.57601,0.57429,0.57599,13567
2026-03-23T09:00:00.000Z,0.57596,0.57743,0.57333,0.57345,26010
2026-03-23T13:00:00.000Z,0.57344,0.57468,0.57231,0.57375,28050
2026-03-23T17:00:00.000Z,0.57376,0.57385,0.57192,0.5728,12276
2026-03-23T21:00:00.000Z,0.57271,0.57376,0.57207,0.57355,6382
2026-03-24T01:00:00.000Z,0.57352,0.57366,0.57293,0.57331,9743
2026-03-24T05:00:00.000Z,0.5733,0.57347,0.57188,0.57254,15004
2026-03-24T09:00:00.000Z,0.57255,0.57422,0.57233,0.57422,13871
2026-03-24T13:00:00.000Z,0.57422,0.57554,0.57408,0.57442,19838
2026-03-24T17:00:00.000Z,0.57442,0.57499,0.57244,0.57245,14632
2026-03-24T21:00:00.000Z,0.57238,0.57292,0.57186,0.57244,6289
2026-03-25T01:00:00.000Z,0.57243,0.57336,0.57227,0.57317,7218
2026-03-25T05:00:00.000Z,0.57318,0.57368,0.57213,0.57243,10193
2026-03-25T09:00:00.000Z,0.57243,0.57321,0.57151,0.57278,12020
2026-03-25T13:00:00.000Z,0.57276,0.57458,0.57259,0.57331,16844
2026-03-25T17:00:00.000Z,0.5733,0.57351,0.5727,0.57323,7946
2026-03-25T21:00:00.000Z,0.57351,0.57352,0.57282,0.5729,3775
2026-03-26T01:00:00.000Z,0.5729,0.57307,0.57269,0.57281,4875
2026-03-26T05:00:00.000Z,0.57282,0.57357,0.57222,0.57231,8677
2026-03-26T09:00:00.000Z,0.5723,0.57353,0.57217,0.57325,9621
2026-03-26T13:00:00.000Z,0.57326,0.574,0.57274,0.57389,15028
2026-03-26T17:00:00.000Z,0.57388,0.57448,0.57314,0.57343,8773
2026-03-26T21:00:00.000Z,0.57341,0.57399,0.57244,0.57369,5625
2026-03-27T01:00:00.000Z,0.57368,0.57426,0.57352,0.57413,6221
2026-03-27T05:00:00.000Z,0.57412,0.57534,0.57383,0.57505,8942
2026-03-27T09:00:00.000Z,0.57505,0.57589,0.57456,0.57468,9897
2026-03-27T13:00:00.000Z,0.57467,0.57523,0.57386,0.57405,15452
2026-03-27T17:00:00.000Z,0.57407,0.57544,0.57388,0.57504,8272
2026-03-29T21:00:00.000Z,0.57277,0.57558,0.57231,0.57508,7660
2026-03-30T01:00:00.000Z,0.57507,0.5752,0.57467,0.57481,6776
2026-03-30T05:00:00.000Z,0.57484,0.57548,0.57422,0.57484,8084
2026-03-30T09:00:00.000Z,0.57483,0.57521,0.57375,0.57436,9502
2026-03-30T13:00:00.000Z,0.57435,0.57494,0.57381,0.57462,13766
2026-03-30T17:00:00.000Z,0.57463,0.57502,0.57399,0.57405,7207
2026-03-30T21:00:00.000Z,0.57249,0.57438,0.57249,0.57378,5622
2026-03-31T01:00:00.000Z,0.57377,0.57381,0.57322,0.57329,8029
2026-03-31T05:00:00.000Z,0.57329,0.57423,0.5732,0.57381,8566
2026-03-31T09:00:00.000Z,0.5738,0.57455,0.57353,0.57402,10688
2026-03-31T13:00:00.000Z,0.57402,0.57623,0.5736,0.5749,19122
2026-03-31T17:00:00.000Z,0.57489,0.57491,0.57406,0.57436,12368
2026-03-31T21:00:00.000Z,0.57532,0.57545,0.57337,0.57339,5123
2026-04-01T01:00:00.000Z,0.57341,0.57415,0.57335,0.57353,6863
2026-04-01T05:00:00.000Z,0.57352,0.57362,0.57047,0.57144,13096
2026-04-01T09:00:00.000Z,0.57145,0.57172,0.56938,0.57006,12542
2026-04-01T13:00:00.000Z,0.57005,0.57182,0.56992,0.57105,15878
2026-04-01T17:00:00.000Z,0.57108,0.5727,0.57081,0.57237,7316
2026-04-01T21:00:00.000Z,0.57286,0.57286,0.57152,0.57173,6332
2026-04-02T01:00:00.000Z,0.57173,0.5741,0.57157,0.57401,12501
2026-04-02T05:00:00.000Z,0.57402,0.57523,0.57387,0.57439,10451
2026-04-02T09:00:00.000Z,0.57438,0.57507,0.57398,0.57413,9589
2026-04-02T13:00:00.000Z,0.57412,0.57504,0.57318,0.57404,17192
2026-04-02T17:00:00.000Z,0.57404,0.5742,0.57365,0.57368,6484
2026-04-02T21:00:00.000Z,0.57333,0.57399,0.57231,0.57379,2744
2026-04-03T01:00:00.000Z,0.57382,0.57392,0.57355,0.57363,1637
2026-04-03T05:00:00.000Z,0.57362,0.57371,0.57303,0.57329,2467
2026-04-03T09:00:00.000Z,0.57328,0.57431,0.57265,0.57341,4220
2026-04-03T13:00:00.000Z,0.5734,0.57441,0.57255,0.57437,11558
2026-04-03T17:00:00.000Z,0.57437,0.57455,0.57263,0.573,11901
2026-04-05T21:00:00.000Z,0.57319,0.5746,0.57255,0.57457,5960
2026-04-06T01:00:00.000Z,0.57456,0.57489,0.57426,0.57435,6641
2026-04-06T05:00:00.000Z,0.57434,0.57438,0.57232,0.57272,9729
2026-04-06T09:00:00.000Z,0.57272,0.57368,0.57261,0.57299,8555
2026-04-06T13:00:00.000Z,0.57299,0.57361,0.57233,0.57339,14953
2026-04-06T17:00:00.000Z,0.57339,0.57374,0.57315,0.57363,9100
2026-04-06T21:00:00.000Z,0.57331,0.57401,0.57275,0.57397,3586
2026-04-07T01:00:00.000Z,0.57397,0.57442,0.57381,0.57381,4816
2026-04-07T05:00:00.000Z,0.57381,0.57463,0.57332,0.57367,9585
2026-04-07T09:00:00.000Z,0.57366,0.57495,0.57307,0.57468,11638
2026-04-07T13:00:00.000Z,0.57468,0.57566,0.57436,0.57497,15504
2026-04-07T17:00:00.000Z,0.57499,0.5753,0.5739,0.57425,10154
2026-04-07T21:00:00.000Z,0.57459,0.57459,0.57071,0.57133,20463
2026-04-08T01:00:00.000Z,0.57134,0.57155,0.57051,0.57069,10478
2026-04-08T05:00:00.000Z,0.57068,0.57081,0.5686,0.56886,16141
2026-04-08T09:00:00.000Z,0.56886,0.56914,0.56821,0.56891,13827
2026-04-08T13:00:00.000Z,0.5689,0.5709,0.56844,0.57069,19502
2026-04-08T17:00:00.000Z,0.5707,0.57199,0.57053,0.57155,10694
2026-04-08T21:00:00.000Z,0.57135,0.57171,0.57059,0.57159,4933
2026-04-09T01:00:00.000Z,0.57159,0.57168,0.57095,0.57126,4523
2026-04-09T05:00:00.000Z,0.57127,0.5718,0.5706,0.5712,6852
2026-04-09T09:00:00.000Z,0.57122,0.57181,0.57088,0.57142,7473
2026-04-09T13:00:00.000Z,0.57138,0.57208,0.57053,0.5707,17218
2026-04-09T17:00:00.000Z,0.57069,0.57237,0.57037,0.57205,8426
2026-04-09T21:00:00.000Z,0.57116,0.57241,0.57062,0.5723,3898
2026-04-10T01:00:00.000Z,0.5723,0.57234,0.57158,0.57166,3443
2026-04-10T05:00:00.000Z,0.57167,0.57179,0.57048,0.57105,5817
2026-04-10T09:00:00.000Z,0.57105,0.57131,0.56995,0.57034,10291
2026-04-10T13:00:00.000Z,0.57033,0.57145,0.56909,0.57064,18130
2026-04-10T17:00:00.000Z,0.57063,0.57088,0.56998,0.57004,9777
2026-04-12T21:00:00.000Z,0.56925,0.57179,0.56915,0.57165,12985
2026-04-13T01:00:00.000Z,0.57164,0.57174,0.57119,0.57146,10211
2026-04-13T05:00:00.000Z,0.57146,0.57173,0.5704,0.57095,12271
2026-04-13T09:00:00.000Z,0.57096,0.57136,0.57032,0.57042,10743
2026-04-13T13:00:00.000Z,0.57042,0.57098,0.56927,0.56954,15972
2026-04-13T17:00:00.000Z,0.56954,0.56962,0.56781,0.56833,7593
2026-04-13T21:00:00.000Z,0.56791,0.56835,0.56747,0.56797,3495
2026-04-14T01:00:00.000Z,0.56798,0.56849,0.56795,0.56817,3049
2026-04-14T05:00:00.000Z,0.56816,0.56846,0.56661,0.56714,8855
2026-04-14T09:00:00.000Z,0.56714,0.56776,0.56674,0.56773,9036
2026-04-14T13:00:00.000Z,0.56772,0.56826,0.56695,0.5676,11980
2026-04-14T17:00:00.000Z,0.5676,0.56768,0.56691,0.56721,4262
2026-04-14T21:00:00.000Z,0.5669,0.5676,0.56649,0.56726,4186
2026-04-15T01:00:00.000Z,0.56727,0.56752,0.56703,0.56714,3239
2026-04-15T05:00:00.000Z,0.56713,0.56751,0.56665,0.5672,6287
2026-04-15T09:00:00.000Z,0.5672,0.56837,0.5671,0.56799,9598
2026-04-15T13:00:00.000Z,0.56798,0.56915,0.56749,0.56914,11692
2026-04-15T17:00:00.000Z,0.56915,0.56964,0.56882,0.56899,5470
2026-04-15T21:00:00.000Z,0.5695,0.56973,0.56852,0.56894,3912
2026-04-16T01:00:00.000Z,0.56895,0.56926,0.56869,0.56918,4099
2026-04-16T05:00:00.000Z,0.56919,0.57043,0.56905,0.56993,7373
2026-04-16T09:00:00.000Z,0.56992,0.57108,0.56989,0.57096,8331
2026-04-16T13:00:00.000Z,0.57097,0.57222,0.57069,0.57219,13284
2026-04-16T17:00:00.000Z,0.57218,0.57245,0.57151,0.57167,6399
2026-04-16T21:00:00.000Z,0.57141,0.57188,0.57093,0.57165,2911
2026-04-17T01:00:00.000Z,0.57164,0.57225,0.57161,0.57225,2566
2026-04-17T05:00:00.000Z,0.57224,0.57283,0.57208,0.57208,5478
2026-04-17T09:00:00.000Z,0.57208,0.57244,0.57014,0.57037,8760
2026-04-17T13:00:00.000Z,0.57037,0.57073,0.56918,0.57024,21907
2026-04-17T17:00:00.000Z,0.57025,0.57119,0.56989,0.57111,9098
2026-04-19T21:00:00.000Z,0.56989,0.57189,0.56988,0.57145,6761
2026-04-20T01:00:00.000Z,0.57145,0.57157,0.571,0.57136,4564
2026-04-20T05:00:00.000Z,0.57136,0.57193,0.57074,0.57106,9428
2026-04-20T09:00:00.000Z,0.57107,0.57108,0.57004,0.57033,8303
2026-04-20T13:00:00.000Z,0.57034,0.57117,0.56958,0.57031,16524
2026-04-20T17:00:00.000Z,0.57031,0.57086,0.57016,0.57035,6207
2026-04-20T21:00:00.000Z,0.57003,0.57098,0.56963,0.57067,4400
2026-04-21T01:00:00.000Z,0.57068,0.57105,0.57051,0.57098,2802
2026-04-21T05:00:00.000Z,0.57099,0.57149,0.57049,0.57133,8059
2026-04-21T09:00:00.000Z,0.57134,0.57152,0.57057,0.57145,7738
2026-04-21T13:00:00.000Z,0.57144,0.572,0.57089,0.57166,13008
2026-04-21T17:00:00.000Z,0.57165,0.57233,0.57106,0.57151,15812
2026-04-21T21:00:00.000Z,0.57094,0.5718,0.57044,0.57157,4093
2026-04-22T01:00:00.000Z,0.57157,0.5717,0.57126,0.5717,3978
2026-04-22T05:00:00.000Z,0.57169,0.5717,0.57078,0.57158,7807
2026-04-22T09:00:00.000Z,0.57157,0.57301,0.57144,0.57289,9241
2026-04-22T13:00:00.000Z,0.5729,0.57396,0.57218,0.57396,13369
2026-04-22T17:00:00.000Z,0.57395,0.57412,0.5736,0.57403,7274
2026-04-22T21:00:00.000Z,0.57356,0.57456,0.57247,0.57395,6146
2026-04-23T01:00:00.000Z,0.57393,0.57467,0.57377,0.57461,9074
2026-04-23T05:00:00.000Z,0.5746,0.57463,0.57378,0.57389,8516
2026-04-23T09:00:00.000Z,0.57391,0.57476,0.57372,0.57419,10141
2026-04-23T13:00:00.000Z,0.5742,0.57475,0.5727,0.57301,13332
2026-04-23T17:00:00.000Z,0.573,0.57426,0.573,0.57408,14100
2026-04-23T21:00:00.000Z,0.57224,0.57414,0.57224,0.57398,4761
2026-04-24T01:00:00.000Z,0.57399,0.57415,0.57381,0.57405,7473
2026-04-24T05:00:00.000Z,0.57404,0.57451,0.57375,0.57423,7949
2026-04-24T09:00:00.000Z,0.57424,0.57492,0.57368,0.5746,10311
2026-04-24T13:00:00.000Z,0.57459,0.575,0.57362,0.57398,13424
2026-04-24T17:00:00.000Z,0.57399,0.57478,0.57389,0.57416,7106
2026-04-26T21:00:00.000Z,0.57452,0.57505,0.57338,0.57476,6030
2026-04-27T01:00:00.000Z,0.57475,0.57475,0.57409,0.5743,7808
2026-04-27T05:00:00.000Z,0.57431,0.57575,0.57426,0.57541,8216
2026-04-27T09:00:00.000Z,0.57543,0.57671,0.57541,0.57668,8145
2026-04-27T13:00:00.000Z,0.57668,0.57674,0.57565,0.57672,10970
2026-04-27T17:00:00.000Z,0.5767,0.57698,0.57604,0.57657,5855
2026-04-27T21:00:00.000Z,0.5757,0.57682,0.57489,0.57674,4653
2026-04-28T01:00:00.000Z,0.57675,0.57718,0.57664,0.57716,8429
2026-04-28T05:00:00.000Z,0.57716,0.57898,0.57712,0.57805,10761
2026-04-28T09:00:00.000Z,0.57806,0.57872,0.57739,0.57741,11514
2026-04-28T13:00:00.000Z,0.57743,0.57864,0.57667,0.57683,15125
2026-04-28T17:00:00.000Z,0.57683,0.57723,0.57655,0.57664,7047
2026-04-28T21:00:00.000Z,0.57716,0.57716,0.57615,0.57675,3949
2026-04-29T01:00:00.000Z,0.57675,0.57702,0.57632,0.57658,8223
2026-04-29T05:00:00.000Z,0.57659,0.57732,0.57634,0.57706,9052
2026-04-29T09:00:00.000Z,0.57707,0.57787,0.57662,0.57775,8695
2026-04-29T13:00:00.000Z,0.57776,0.5783,0.57696,0.57817,15107
2026-04-29T17:00:00.000Z,0.57816,0.5789,0.57736,0.57858,12382
2026-04-29T21:00:00.000Z,0.57685,0.57869,0.57673,0.57833,7300
2026-04-30T01:00:00.000Z,0.57833,0.57893,0.57813,0.57872,10956
2026-04-30T05:00:00.000Z,0.57872,0.57881,0.57711,0.57761,12413
2026-04-30T09:00:00.000Z,0.57765,0.57765,0.57309,0.57349,20829
2026-04-30T13:00:00.000Z,0.57348,0.57527,0.57314,0.5749,20798
2026-04-30T17:00:00.000Z,0.5749,0.57551,0.57431,0.57535,9717
2026-04-30T21:00:00.000Z,0.57506,0.57582,0.57427,0.57556,5335
2026-05-01T01:00:00.000Z,0.57554,0.57585,0.57537,0.57567,6863
2026-05-01T05:00:00.000Z,0.57568,0.57632,0.57446,0.57532,11431
2026-05-01T09:00:00.000Z,0.57532,0.57579,0.57467,0.57517,10886
2026-05-01T13:00:00.000Z,0.5752,0.5759,0.57338,0.57442,16090
2026-05-01T17:00:00.000Z,0.57443,0.5753,0.57431,0.57505,8123
2026-05-03T21:00:00.000Z,0.57347,0.57529,0.5725,0.57469,4886
2026-05-04T01:00:00.000Z,0.57468,0.57512,0.57413,0.57461,9036
2026-05-04T05:00:00.000Z,0.57462,0.57585,0.5742,0.57528,9621
2026-05-04T09:00:00.000Z,0.57527,0.57636,0.57499,0.57514,12543
2026-05-04T13:00:00.000Z,0.57514,0.57633,0.57465,0.57628,16724
2026-05-04T17:00:00.000Z,0.57627,0.57633,0.57547,0.5755,7981
2026-05-04T21:00:00.000Z,0.57468,0.57579,0.57458,0.57563,3765
2026-05-05T01:00:00.000Z,0.57562,0.5758,0.57544,0.57577,5499
2026-05-05T05:00:00.000Z,0.57577,0.57602,0.57498,0.57533,9361
2026-05-05T09:00:00.000Z,0.57532,0.57603,0.57509,0.57524,9847
2026-05-05T13:00:00.000Z,0.57526,0.57549,0.57384,0.5748,13489
2026-05-05T17:00:00.000Z,0.57479,0.57499,0.5745,0.57493,5840
2026-05-05T21:00:00.000Z,0.57463,0.57507,0.57415,0.57458,7147
2026-05-06T01:00:00.000Z,0.57458,0.57479,0.57329,0.57373,10905
2026-05-06T05:00:00.000Z,0.57378,0.57519,0.57302,0.57328,12500
2026-05-06T09:00:00.000Z,0.57329,0.5738,0.57177,0.57254,15791
2026-05-06T13:00:00.000Z,0.57254,0.57307,0.57169,0.57187,15649
2026-05-06T17:00:00.000Z,0.57188,0.57189,0.5708,0.57113,6821
2026-05-06T21:00:00.000Z,0.57019,0.57135,0.57007,0.57125,5313
2026-05-07T01:00:00.000Z,0.57125,0.57142,0.57074,0.57133,7743
2026-05-07T05:00:00.000Z,0.57132,0.57139,0.5703,0.57067,10475
2026-05-07T09:00:00.000Z,0.57068,0.57108,0.56998,0.57013,10163
2026-05-07T13:00:00.000Z,0.57012,0.571,0.5696,0.57098,13989
2026-05-07T17:00:00.000Z,0.57097,0.57177,0.57095,0.5713,11181
2026-05-07T21:00:00.000Z,0.57083,0.57153,0.56955,0.57137,6509
2026-05-08T01:00:00.000Z,0.57138,0.57157,0.57107,0.57107,6746
2026-05-08T05:00:00.000Z,0.57108,0.57126,0.56972,0.57004,8701
2026-05-08T09:00:00.000Z,0.57003,0.57051,0.56777,0.56797,10136
2026-05-08T13:00:00.000Z,0.56798,0.5683,0.5668,0.56772,13349
2026-05-08T17:00:00.000Z,0.56772,0.56792,0.56738,0.56763,6258
2026-05-10T21:00:00.000Z,0.5675,0.56861,0.56684,0.56844,4778
2026-05-11T01:00:00.000Z,0.56845,0.56917,0.56842,0.56914,6365
2026-05-11T05:00:00.000Z,0.56915,0.56947,0.56845,0.56947,8174
2026-05-11T09:00:00.000Z,0.56948,0.56996,0.56891,0.56936,8675
2026-05-11T13:00:00.000Z,0.56937,0.56955,0.56847,0.56924,11976
2026-05-11T17:00:00.000Z,0.56923,0.56933,0.56859,0.56873,5840
2026-05-11T21:00:00.000Z,0.56837,0.56917,0.56723,0.56908,4013
2026-05-12T01:00:00.000Z,0.56908,0.56962,0.56901,0.56947,7192
2026-05-12T05:00:00.000Z,0.56947,0.56985,0.56891,0.56961,11186
2026-05-12T09:00:00.000Z,0.56962,0.57012,0.56896,0.56956,11198
2026-05-12T13:00:00.000Z,0.56958,0.57035,0.5694,0.57025,15000
2026-05-12T17:00:00.000Z,0.57024,0.5703,0.56965,0.56987,7592
2026-05-12T21:00:00.000Z,0.56963,0.57002,0.56929,0.56969,4366
2026-05-13T01:00:00.000Z,0.56968,0.57025,0.56962,0.56997,5589
2026-05-13T05:00:00.000Z,0.56997,0.57111,0.56967,0.57098,7734
2026-05-13T09:00:00.000Z,0.57099,0.5717,0.57047,0.57148,10188
2026-05-13T13:00:00.000Z,0.57147,0.57164,0.57029,0.57092,13082
2026-05-13T17:00:00.000Z,0.57092,0.571,0.57027,0.57034,6391
2026-05-13T21:00:00.000Z,0.57009,0.57039,0.56975,0.57017,4036
2026-05-14T01:00:00.000Z,0.57019,0.57046,0.57005,0.57043,6808
2026-05-14T05:00:00.000Z,0.57042,0.57072,0.5698,0.57054,8926
2026-05-14T09:00:00.000Z,0.57053,0.57059,0.5692,0.5698,9234
2026-05-14T13:00:00.000Z,0.5698,0.57088,0.56965,0.57075,13638
2026-05-14T17:00:00.000Z,0.57074,0.57139,0.5705,0.57131,7074
2026-05-14T21:00:00.000Z,0.57071,0.57153,0.57022,0.57126,4054
2026-05-15T01:00:00.000Z,0.57127,0.57165,0.57118,0.5715,7885
2026-05-15T05:00:00.000Z,0.57151,0.57176,0.57082,0.57146,12858
2026-05-15T09:00:00.000Z,0.57147,0.57198,0.57058,0.57193,12709
2026-05-15T13:00:00.000Z,0.57192,0.57269,0.57103,0.57262,15866
2026-05-15T17:00:00.000Z,0.57261,0.57274,0.57168,0.57195,8227
2026-05-17T21:00:00.000Z,0.57126,0.57226,0.57118,0.57216,6434
2026-05-18T01:00:00.000Z,0.57216,0.57248,0.57194,0.5721,9266
2026-05-18T05:00:00.000Z,0.57211,0.5722,0.57107,0.57134,11082
2026-05-18T09:00:00.000Z,0.57134,0.57204,0.57095,0.57134,11387
2026-05-18T13:00:00.000Z,0.57135,0.57198,0.57071,0.57111,14927
2026-05-18T17:00:00.000Z,0.57111,0.57168,0.57071,0.57086,9414
2026-05-18T21:00:00.000Z,0.5707,0.57122,0.5702,0.57114,4480
2026-05-19T01:00:00.000Z,0.57115,0.5716,0.57093,0.57142,8176
2026-05-19T05:00:00.000Z,0.57143,0.57203,0.57097,0.57182,10568
2026-05-19T09:00:00.000Z,0.57181,0.57281,0.57147,0.57233,10821
2026-05-19T13:00:00.000Z,0.57235,0.57433,0.57225,0.5738,15690
2026-05-19T17:00:00.000Z,0.57381,0.57401,0.57337,0.57394,7617
2026-05-19T21:00:00.000Z,0.57367,0.57402,0.57343,0.57372,5312
2026-05-20T01:00:00.000Z,0.5737,0.57431,0.57368,0.57408,9766
2026-05-20T05:00:00.000Z,0.57409,0.57438,0.57373,0.57376,10488
2026-05-20T09:00:00.000Z,0.57376,0.57451,0.57335,0.57437,9256
2026-05-20T13:00:00.000Z,0.57438,0.57456,0.57213,0.57259,18841
2026-05-20T17:00:00.000Z,0.5726,0.57282,0.57217,0.57272,9179
2026-05-20T21:00:00.000Z,0.57218,0.57278,0.57181,0.57247,4919
2026-05-21T01:00:00.000Z,0.57246,0.57247,0.5717,0.57181,7493
2026-05-21T05:00:00.000Z,0.57182,0.57258,0.57112,0.57168,11272
2026-05-21T09:00:00.000Z,0.5717,0.57289,0.57093,0.57266,12925
2026-05-21T13:00:00.000Z,0.57268,0.5733,0.57189,0.57227,15260
2026-05-21T17:00:00.000Z,0.57225,0.57233,0.57041,0.57088,13421
2026-05-21T21:00:00.000Z,0.57064,0.57107,0.5701,0.57086,3902
2026-05-22T01:00:00.000Z,0.57085,0.57088,0.57017,0.5702,5843
2026-05-22T05:00:00.000Z,0.57021,0.57094,0.56985,0.57031,9382
2026-05-22T09:00:00.000Z,0.57032,0.57034,0.56915,0.56921,9526
2026-05-22T13:00:00.000Z,0.5692,0.56997,0.5678,0.56795,14144
2026-05-22T17:00:00.000Z,0.56794,0.56841,0.56756,0.56784,7509
2026-05-24T21:00:00.000Z,0.56701,0.56742,0.56626,0.56678,5257
2026-05-25T01:00:00.000Z,0.56678,0.56684,0.56626,0.56634,6306
2026-05-25T05:00:00.000Z,0.56631,0.56637,0.5658,0.5659,6985
2026-05-25T09:00:00.000Z,0.5659,0.566,0.56546,0.56569,5721
2026-05-25T13:00:00.000Z,0.5657,0.56774,0.56564,0.56726,7298
2026-05-25T17:00:00.000Z,0.56727,0.56734,0.56684,0.56696,2049
2026-05-25T21:00:00.000Z,0.56661,0.56756,0.5664,0.56744,3974
2026-05-26T01:00:00.000Z,0.56743,0.56759,0.56699,0.56725,6627
2026-05-26T05:00:00.000Z,0.56726,0.56853,0.56712,0.56841,8964
2026-05-26T09:00:00.000Z,0.56841,0.56867,0.5679,0.56815,9010
2026-05-26T13:00:00.000Z,0.56817,0.56949,0.568,0.56888,13085
2026-05-26T17:00:00.000Z,0.56888,0.56901,0.56859,0.56867,6008
2026-05-26T21:00:00.000Z,0.5686,0.56889,0.56836,0.56866,3779
2026-05-27T01:00:00.000Z,0.56865,0.56887,0.56845,0.56854,5716
2026-05-27T05:00:00.000Z,0.56854,0.56877,0.56756,0.56849,7786
2026-05-27T09:00:00.000Z,0.56849,0.5686,0.56739,0.56787,10194
2026-05-27T13:00:00.000Z,0.56786,0.56929,0.56746,0.56886,15278
2026-05-27T17:00:00.000Z,0.56885,0.56926,0.56854,0.56866,6956
2026-05-27T21:00:00.000Z,0.5684,0.56919,0.56791,0.56895,4644
2026-05-28T01:00:00.000Z,0.56896,0.56986,0.56893,0.56963,8005
2026-05-28T05:00:00.000Z,0.56963,0.56963,0.56856,0.5692,9321
2026-05-28T09:00:00.000Z,0.56919,0.56983,0.56837,0.56839,10019
2026-05-28T13:00:00.000Z,0.56838,0.5687,0.56752,0.56818,16641
2026-05-28T17:00:00.000Z,0.56818,0.56901,0.56816,0.56881,7466
2026-05-28T21:00:00.000Z,0.56829,0.56876,0.56768,0.56863,3866
2026-05-29T01:00:00.000Z,0.56862,0.56892,0.56828,0.56861,6987
2026-05-29T05:00:00.000Z,0.56861,0.56874,0.56776,0.5681,8829
2026-05-29T09:00:00.000Z,0.56809,0.56814,0.56531,0.56546,10482
2026-05-29T13:00:00.000Z,0.56546,0.56761,0.56532,0.56622,16669
2026-05-29T17:00:00.000Z,0.56621,0.56735,0.56559,0.56618,9509
2026-05-31T21:00:00.000Z,0.56499,0.56708,0.56483,0.56698,6019
2026-06-01T01:00:00.000Z,0.567,0.56724,0.5668,0.56702,7797
2026-06-01T05:00:00.000Z,0.56701,0.56718,0.5664,0.56682,9271
2026-06-01T09:00:00.000Z,0.56683,0.56785,0.5663,0.56781,9800
2026-06-01T13:00:00.000Z,0.5678,0.56949,0.56771,0.56865,16689
2026-06-01T17:00:00.000Z,0.56866,0.56895,0.56804,0.56823,6890
2026-06-01T21:00:00.000Z,0.56789,0.56848,0.56732,0.56834,3598
2026-06-02T01:00:00.000Z,0.56834,0.56843,0.56781,0.56785,5904
2026-06-02T05:00:00.000Z,0.56786,0.56807,0.56688,0.56758,9306
2026-06-02T09:00:00.000Z,0.56755,0.56792,0.56679,0.56783,9382
2026-06-02T13:00:00.000Z,0.56783,0.56921,0.56746,0.56903,12946
2026-06-02T17:00:00.000Z,0.56903,0.56965,0.56867,0.56873,6467
2026-06-02T21:00:00.000Z,0.56875,0.56941,0.56802,0.56911,4645
2026-06-03T01:00:00.000Z,0.56911,0.5694,0.56895,0.56924,5061
2026-06-03T05:00:00.000Z,0.56925,0.56991,0.56903,0.56971,9973
2026-06-03T09:00:00.000Z,0.5697,0.57004,0.56912,0.56991,9466
2026-06-03T13:00:00.000Z,0.56992,0.57022,0.56908,0.56993,14560
2026-06-03T17:00:00.000Z,0.56991,0.57039,0.5699,0.56999,6338
2026-06-03T21:00:00.000Z,0.56961,0.57006,0.56923,0.56951,5547
2026-06-04T01:00:00.000Z,0.56949,0.56958,0.56866,0.56869,6503
2026-06-04T05:00:00.000Z,0.56868,0.56904,0.56816,0.56836,10167
2026-06-04T09:00:00.000Z,0.56835,0.56845,0.56637,0.56708,12307
2026-06-04T13:00:00.000Z,0.56709,0.56787,0.56696,0.56769,12357
2026-06-04T17:00:00.000Z,0.5677,0.56805,0.5675,0.56761,6180
2026-06-04T21:00:00.000Z,0.56719,0.56782,0.56622,0.56743,4711
2026-06-05T01:00:00.000Z,0.56744,0.5678,0.56725,0.56752,5770
2026-06-05T05:00:00.000Z,0.5675,0.56756,0.56685,0.56745,8563
2026-06-05T09:00:00.000Z,0.56745,0.5708,0.56717,0.57079,11575
2026-06-05T13:00:00.000Z,0.57082,0.57115,0.5696,0.57066,18704
2026-06-05T17:00:00.000Z,0.57066,0.57138,0.57063,0.57107,9262
2026-06-07T21:00:00.000Z,0.56945,0.57166,0.56912,0.57092,5794
2026-06-08T01:00:00.000Z,0.57091,0.5721,0.57073,0.57142,10894
2026-06-08T05:00:00.000Z,0.57141,0.57213,0.57117,0.57206,13270
2026-06-08T09:00:00.000Z,0.57205,0.57238,0.57106,0.57123,13537
2026-06-08T13:00:00.000Z,0.5712,0.572,0.57041,0.57147,15847
2026-06-08T17:00:00.000Z,0.57146,0.57211,0.57126,0.57179,8909
2026-06-08T21:00:00.000Z,0.57138,0.57214,0.57122,0.57197,5658
2026-06-09T01:00:00.000Z,0.57196,0.57202,0.57145,0.5715,8382
2026-06-09T05:00:00.000Z,0.5715,0.57192,0.57117,0.57139,11148
2026-06-09T09:00:00.000Z,0.5714,0.57162,0.57115,0.57154,9082
2026-06-09T13:00:00.000Z,0.57152,0.57218,0.57063,0.5718,18616
2026-06-09T17:00:00.000Z,0.57178,0.57258,0.57135,0.57221,10849
2026-06-09T21:00:00.000Z,0.57181,0.57283,0.57122,0.57267,5591
2026-06-10T01:00:00.000Z,0.57267,0.57303,0.57253,0.57291,9841
2026-06-10T05:00:00.000Z,0.57291,0.57355,0.57211,0.57336,10809
2026-06-10T09:00:00.000Z,0.57336,0.57386,0.57216,0.57275,13966
2026-06-10T13:00:00.000Z,0.57275,0.5736,0.57235,0.57316,19032
2026-06-10T17:00:00.000Z,0.57315,0.5738,0.57301,0.57374,10487
2026-06-10T21:00:00.000Z,0.57275,0.57397,0.57138,0.57334,8394
2026-06-11T01:00:00.000Z,0.57334,0.57334,0.57278,0.57282,10486
2026-06-11T05:00:00.000Z,0.57281,0.57293,0.57195,0.57247,10880
2026-06-11T09:00:00.000Z,0.57249,0.57261,0.57123,0.57137,12510
2026-06-11T13:00:00.000Z,0.57134,0.57198,0.57078,0.5719,16862
2026-06-11T17:00:00.000Z,0.57188,0.57194,0.56887,0.56905,17098
2026-06-11T21:00:00.000Z,0.56879,0.56947,0.56832,0.5694,6776
2026-06-12T01:00:00.000Z,0.56938,0.56963,0.56931,0.56953,9193
2026-06-12T05:00:00.000Z,0.56952,0.57002,0.56868,0.56897,13523
2026-06-12T09:00:00.000Z,0.56897,0.57019,0.56857,0.57007,13083
2026-06-12T13:00:00.000Z,0.57008,0.57052,0.56953,0.57006,17767
2026-06-12T17:00:00.000Z,0.57003,0.57005,0.56956,0.56963,8129
2026-06-14T21:00:00.000Z,0.56803,0.56876,0.56738,0.56872,8728
2026-06-15T01:00:00.000Z,0.56873,0.56879,0.56812,0.56827,8024
2026-06-15T05:00:00.000Z,0.56828,0.56852,0.56725,0.5677,11042
2026-06-15T09:00:00.000Z,0.56769,0.56784,0.56714,0.56731,9912
2026-06-15T13:00:00.000Z,0.56732,0.56769,0.5666,0.56759,11518
2026-06-15T17:00:00.000Z,0.5676,0.5681,0.56751,0.56801,6340
2026-06-15T21:00:00.000Z,0.56725,0.568,0.56707,0.56775,4113
2026-06-16T01:00:00.000Z,0.56776,0.5681,0.56766,0.56785,8297
2026-06-16T05:00:00.000Z,0.56786,0.56787,0.56715,0.56741,9147
2026-06-16T09:00:00.000Z,0.56741,0.56789,0.56731,0.56734,8976
2026-06-16T13:00:00.000Z,0.56734,0.56783,0.56655,0.56677,12752
2026-06-16T17:00:00.000Z,0.56676,0.56692,0.56648,0.56669,6403
2026-06-16T21:00:00.000Z,0.56621,0.5668,0.56621,0.56642,5359
2026-06-17T01:00:00.000Z,0.56643,0.56643,0.56586,0.56593,5789
2026-06-17T05:00:00.000Z,0.56593,0.56593,0.56491,0.56571,8288
2026-06-17T09:00:00.000Z,0.56572,0.56615,0.5653,0.56554,8405
2026-06-17T13:00:00.000Z,0.56554,0.56643,0.56515,0.56542,11635
2026-06-17T17:00:00.000Z,0.56543,0.56785,0.56428,0.56707,19752
2026-06-17T21:00:00.000Z,0.56685,0.56736,0.56617,0.56662,7123
2026-06-18T01:00:00.000Z,0.56663,0.56665,0.56603,0.56619,7822
2026-06-18T05:00:00.000Z,0.56619,0.56839,0.56602,0.56821,10717
2026-06-18T09:00:00.000Z,0.56817,0.56955,0.56796,0.56924,13703
2026-06-18T13:00:00.000Z,0.56922,0.56957,0.56782,0.56905,16557
2026-06-18T17:00:00.000Z,0.56904,0.57,0.56881,0.56906,9216
2026-06-18T21:00:00.000Z,0.56821,0.56932,0.56809,0.56912,4806
2026-06-19T01:00:00.000Z,0.56912,0.57107,0.56886,0.57096,7542
2026-06-19T05:00:00.000Z,0.57097,0.57146,0.56991,0.57007,11205
2026-06-19T09:00:00.000Z,0.57006,0.57038,0.56954,0.56978,9078
2026-06-19T13:00:00.000Z,0.56976,0.57015,0.56929,0.5696,8078
2026-06-19T17:00:00.000Z,0.5696,0.56975,0.5689,0.56912,9311
2026-06-21T21:00:00.000Z,0.56921,0.5704,0.56911,0.57004,4984
2026-06-22T01:00:00.000Z,0.57004,0.57004,0.56944,0.56981,8687
2026-06-22T05:00:00.000Z,0.56981,0.57067,0.56926,0.56977,10763
2026-06-22T09:00:00.000Z,0.56975,0.57109,0.56933,0.57109,11114
2026-06-22T13:00:00.000Z,0.57108,0.57165,0.57032,0.57112,15910
2026-06-22T17:00:00.000Z,0.57111,0.57158,0.57077,0.57101,6269
2026-06-22T21:00:00.000Z,0.57086,0.57143,0.57006,0.57102,5132
2026-06-23T01:00:00.000Z,0.57102,0.57108,0.57071,0.57088,8586
2026-06-23T05:00:00.000Z,0.57089,0.57132,0.5699,0.57098,11812
2026-06-23T09:00:00.000Z,0.57099,0.57139,0.57031,0.5704,10973
2026-06-23T13:00:00.000Z,0.57039,0.57074,0.56948,0.57025,15017
2026-06-23T17:00:00.000Z,0.57026,0.57038,0.5696,0.56976,6902
2026-06-23T21:00:00.000Z,0.56929,0.57021,0.56927,0.57001,4849
2026-06-24T01:00:00.000Z,0.56999,0.57042,0.56985,0.57037,8414
2026-06-24T05:00:00.000Z,0.57036,0.57074,0.57012,0.57034,9655
2026-06-24T09:00:00.000Z,0.57034,0.57145,0.57021,0.57133,11653
2026-06-24T13:00:00.000Z,0.57131,0.57142,0.5702,0.57097,15907
2026-06-24T17:00:00.000Z,0.57097,0.57117,0.57049,0.57064,8845
2026-06-24T21:00:00.000Z,0.57014,0.57091,0.5699,0.57069,5853
2026-06-25T01:00:00.000Z,0.57068,0.57072,0.56971,0.56996,8877
2026-06-25T05:00:00.000Z,0.56995,0.57065,0.56963,0.56991,9464
2026-06-25T09:00:00.000Z,0.5699,0.57116,0.56978,0.57051,10708
2026-06-25T13:00:00.000Z,0.57048,0.57084,0.57006,0.57083,18143
2026-06-25T17:00:00.000Z,0.57081,0.57091,0.57022,0.57046,8430
2026-06-25T21:00:00.000Z,0.57,0.57098,0.5697,0.57075,5946
2026-06-26T01:00:00.000Z,0.57075,0.5711,0.5697,0.56976,9803
2026-06-26T05:00:00.000Z,0.56977,0.57021,0.56913,0.56982,10725
2026-06-26T09:00:00.000Z,0.56983,0.57029,0.5693,0.56934,11110
2026-06-26T13:00:00.000Z,0.56933,0.57044,0.56894,0.57031,16123
2026-06-26T17:00:00.000Z,0.5703,0.57102,0.5703,0.57069,8322
2026-06-28T21:00:00.000Z,0.56988,0.57095,0.56988,0.57055,4976
2026-06-29T01:00:00.000Z,0.57054,0.57081,0.57042,0.57066,7447
2026-06-29T05:00:00.000Z,0.57065,0.57068,0.56973,0.56981,8072
2026-06-29T09:00:00.000Z,0.56979,0.57006,0.56879,0.56932,9223
2026-06-29T13:00:00.000Z,0.56931,0.56935,0.56824,0.56869,13444
2026-06-29T17:00:00.000Z,0.5687,0.56873,0.5681,0.56811,6269
2026-06-29T21:00:00.000Z,0.56816,0.56852,0.56783,0.56821,4880
2026-06-30T01:00:00.000Z,0.56822,0.5687,0.56818,0.56868,8139
2026-06-30T05:00:00.000Z,0.56867,0.56903,0.56812,0.56867,10271
2026-06-30T09:00:00.000Z,0.56866,0.56892,0.56792,0.56871,10246
2026-06-30T13:00:00.000Z,0.56872,0.56939,0.56815,0.56913,14302
2026-06-30T17:00:00.000Z,0.56914,0.5698,0.56857,0.56917,6983
2026-06-30T21:00:00.000Z,0.56889,0.56947,0.56851,0.56913,3679
2026-07-01T01:00:00.000Z,0.56912,0.56938,0.56896,0.56919,6366
2026-07-01T05:00:00.000Z,0.56919,0.5697,0.56912,0.56936,7307
2026-07-01T09:00:00.000Z,0.56937,0.57037,0.56924,0.5702,8726
2026-07-01T13:00:00.000Z,0.57021,0.57045,0.56884,0.56917,16754
2026-07-01T17:00:00.000Z,0.56916,0.56949,0.56897,0.56942,5967
2026-07-01T21:00:00.000Z,0.56927,0.56947,0.56864,0.56927,3007
2026-07-02T01:00:00.000Z,0.56926,0.56933,0.56878,0.56896,6311
2026-07-02T05:00:00.000Z,0.56897,0.56924,0.5667,0.56677,11683
2026-07-02T09:00:00.000Z,0.56678,0.56793,0.56581,0.56661,14909
2026-07-02T13:00:00.000Z,0.56659,0.56703,0.56542,0.5663,19843
2026-07-02T17:00:00.000Z,0.56631,0.56694,0.56627,0.56645,8016
2026-07-02T21:00:00.000Z,0.56619,0.5669,0.56563,0.56662,4600
2026-07-03T01:00:00.000Z,0.56663,0.56664,0.56615,0.56644,7045
2026-07-03T05:00:00.000Z,0.56645,0.56645,0.5654,0.56594,8923
2026-07-03T09:00:00.000Z,0.56594,0.56631,0.56509,0.56551,7860
2026-07-03T13:00:00.000Z,0.56553,0.56601,0.56546,0.56577,7241
2026-07-03T17:00:00.000Z,0.56578,0.56603,0.56522,0.56524,28941
2026-07-05T21:00:00.000Z,0.56493,0.56598,0.56487,0.56566,4271
2026-07-06T01:00:00.000Z,0.56567,0.56629,0.56561,0.56616,6079
2026-07-06T05:00:00.000Z,0.56616,0.56681,0.56587,0.56605,8557
2026-07-06T09:00:00.000Z,0.56604,0.56694,0.566,0.56646,8355
2026-07-06T13:00:00.000Z,0.56646,0.56743,0.56631,0.56695,10440
2026-07-06T17:00:00.000Z,0.56694,0.56697,0.56632,0.56675,6600
2026-07-06T21:00:00.000Z,0.5664,0.56692,0.56587,0.56687,3377
2026-07-07T01:00:00.000Z,0.56686,0.56686,0.56626,0.56668,5995
2026-07-07T05:00:00.000Z,0.56667,0.56749,0.56663,0.56727,7990
2026-07-07T09:00:00.000Z,0.56726,0.56789,0.56652,0.56674,7835
2026-07-07T13:00:00.000Z,0.56673,0.56882,0.56673,0.56867,11810
2026-07-07T17:00:00.000Z,0.56866,0.5694,0.5685,0.56927,8201
2026-07-07T21:00:00.000Z,0.56891,0.56985,0.56796,0.56953,4299
2026-07-08T01:00:00.000Z,0.56952,0.56986,0.56934,0.56953,6887
2026-07-08T05:00:00.000Z,0.56957,0.5704,0.56908,0.57033,11966
2026-07-08T09:00:00.000Z,0.57033,0.57076,0.56985,0.57011,13346
2026-07-08T13:00:00.000Z,0.57014,0.57133,0.57007,0.57063,15774
2026-07-08T17:00:00.000Z,0.57064,0.57067,0.56987,0.57034,9725
2026-07-08T21:00:00.000Z,0.57004,0.57052,0.56956,0.57013,3148
2026-07-09T01:00:00.000Z,0.57013,0.5703,0.56975,0.56984,6251
2026-07-09T05:00:00.000Z,0.56985,0.56989,0.56822,0.56884,9505
2026-07-09T09:00:00.000Z,0.56884,0.56986,0.5688,0.56966,9779
2026-07-09T13:00:00.000Z,0.56967,0.56972,0.56879,0.56941,12178
2026-07-09T17:00:00.000Z,0.56941,0.56959,0.56901,0.56956,5966
2026-07-09T21:00:00.000Z,0.56876,0.56948,0.5685,0.5689,3222
2026-07-10T01:00:00.000Z,0.56891,0.56901,0.56805,0.56839,9120
2026-07-10T05:00:00.000Z,0.5684,0.56915,0.56801,0.56906,9618
2026-07-10T09:00:00.000Z,0.56907,0.57088,0.56896,0.57054,9863
2026-07-10T13:00:00.000Z,0.57053,0.57147,0.57015,0.57146,14199
2026-07-10T17:00:00.000Z,0.57146,0.57156,0.57101,0.57122,7034
2026-07-12T21:00:00.000Z,0.56951,0.57185,0.56925,0.5718,5330
2026-07-13T01:00:00.000Z,0.57179,0.57203,0.57172,0.57183,7740
2026-07-13T05:00:00.000Z,0.57182,0.57222,0.57117,0.57173,11662
2026-07-13T09:00:00.000Z,0.57173,0.57317,0.5717,0.57276,10906
2026-07-13T13:00:00.000Z,0.57274,0.57512,0.57264,0.57499,15389
2026-07-13T17:00:00.000Z,0.57498,0.57572,0.57488,0.57543,8399
2026-07-13T21:00:00.000Z,0.57517,0.57591,0.57478,0.57573,4803
2026-07-14T01:00:00.000Z,0.57574,0.57598,0.57543,0.57588,7775
2026-07-14T05:00:00.000Z,0.57589,0.57718,0.57549,0.57661,10554
2026-07-14T09:00:00.000Z,0.5766,0.57693,0.57269,0.57417,14868
2026-07-14T13:00:00.000Z,0.57419,0.57528,0.57338,0.57515,19636
2026-07-14T17:00:00.000Z,0.57516,0.57566,0.57497,0.57556,8982
2026-07-14T21:00:00.000Z,0.57449,0.57587,0.57399,0.57549,3750
2026-07-15T01:00:00.000Z,0.57548,0.57614,0.57523,0.57597,6322
2026-07-15T05:00:00.000Z,0.57597,0.5765,0.57532,0.57633,9232
2026-07-15T09:00:00.000Z,0.57631,0.57676,0.57555,0.57565,10460
2026-07-15T13:00:00.000Z,0.57563,0.57574,0.5739,0.57443,13863
2026-07-15T17:00:00.000Z,0.57444,0.57445,0.57276,0.57355,9158
2026-07-15T21:00:00.000Z,0.57338,0.57351,0.57282,0.57328,3979
2026-07-16T01:00:00.000Z,0.57329,0.574,0.57323,0.57389,4905
2026-07-16T05:00:00.000Z,0.57388,0.57476,0.57364,0.57468,7393
2026-07-16T09:00:00.000Z,0.57467,0.57616,0.57458,0.57612,8417
2026-07-16T13:00:00.000Z,0.5761,0.57671,0.5755,0.57611,12238
2026-07-16T17:00:00.000Z,0.57611,0.57616,0.57552,0.57584,6170
2026-07-16T21:00:00.000Z,0.57561,0.57595,0.57475,0.57585,2702
2026-07-17T01:00:00.000Z,0.57584,0.57646,0.57579,0.57643,5230
2026-07-17T05:00:00.000Z,0.57643,0.57652,0.57476,0.57479,8044
2026-07-17T09:00:00.000Z,0.5748,0.57582,0.57476,0.57567,8561
2026-07-17T13:00:00.000Z,0.57567,0.57649,0.57528,0.57627,11431
2026-07-17T17:00:00.000Z,0.57626,0.57643,0.57585,0.57589,6303
2026-07-19T21:00:00.000Z,0.57575,0.5769,0.57553,0.57662,3565
2026-07-20T01:00:00.000Z,0.57661,0.57687,0.57619,0.57621,4310
2026-07-20T05:00:00.000Z,0.5762,0.57657,0.57503,0.57549,6022
2026-07-20T09:00:00.000Z,0.5755,0.57645,0.57533,0.57585,8266
2026-07-20T13:00:00.000Z,0.57584,0.57692,0.57569,0.57641,10046
2026-07-20T17:00:00.000Z,0.5764,0.5764,0.57576,0.5758,5372
2026-07-20T21:00:00.000Z,0.57511,0.57577,0.57444,0.57577,3336
2026-07-21T01:00:00.000Z,0.57578,0.5759,0.57554,0.57576,4597
2026-07-21T05:00:00.000Z,0.57576,0.57622,0.5753,0.57601,6582
2026-07-21T09:00:00.000Z,0.576,0.57648,0.57562,0.57599,8019
2026-07-21T13:00:00.000Z,0.57601,0.5767,0.57578,0.57614,10319
2026-07-21T17:00:00.000Z,0.57615,0.57641,0.576,0.57612,4834
2026-07-21T21:00:00.000Z,0.57578,0.57623,0.57528,0.57613,2836
2026-07-22T01:00:00.000Z,0.57614,0.57657,0.57603,0.57631,4191
2026-07-22T05:00:00.000Z,0.57632,0.57655,0.57589,0.576,6574
2026-07-22T09:00:00.000Z,0.57599,0.57688,0.57586,0.57666,7560
2026-07-22T13:00:00.000Z,0.57665,0.57782,0.5762,0.57782,9842
2026-07-22T17:00:00.000Z,0.57783,0.5784,0.5777,0.57808,4582
2026-07-22T21:00:00.000Z,0.57802,0.5783,0.57771,0.57809,2990
2026-07-23T01:00:00.000Z,0.57808,0.57852,0.57805,0.57823,5769
2026-07-23T05:00:00.000Z,0.57823,0.57959,0.57811,0.57883,7704
2026-07-23T09:00:00.000Z,0.57883,0.58009,0.57845,0.57992,9979
2026-07-23T13:00:00.000Z,0.57993,0.58063,0.57932,0.57989,16042
2026-07-23T17:00:00.000Z,0.5799,0.58051,0.57962,0.57995,7366
2026-07-23T21:00:00.000Z,0.57937,0.58034,0.57937,0.58012,3828
2026-07-24T01:00:00.000Z,0.58011,0.58055,0.57997,0.58042,7384
2026-07-24T05:00:00.000Z,0.58042,0.58045,0.57953,0.57996,9742
2026-07-24T09:00:00.000Z,0.57996,0.58057,0.57962,0.57987,9466
2026-07-24T13:00:00.000Z,0.57988,0.58064,0.57967,0.5803,11993
2026-07-24T17:00:00.000Z,0.58029,0.58059,0.58018,0.5805,5874
2026-07-26T21:00:00.000Z,0.5785,0.5798,0.57839,0.57881,5617
2026-07-27T01:00:00.000Z,0.57882,0.57882,0.57838,0.5787,6463
2026-07-27T05:00:00.000Z,0.57871,0.57884,0.57751,0.578,9342
2026-07-27T09:00:00.000Z,0.57799,0.57871,0.57741,0.57861,9097
2026-07-27T13:00:00.000Z,0.57864,0.58042,0.57862,0.57963,13589
2026-07-27T17:00:00.000Z,0.57962,0.58019,0.57959,0.57999,6644
2026-07-27T21:00:00.000Z,0.57969,0.58016,0.57862,0.57995,3259
2026-07-28T01:00:00.000Z,0.57994,0.58025,0.57976,0.58019,5549
2026-07-28T05:00:00.000Z,0.5802,0.58094,0.58001,0.58059,7811
2026-07-28T09:00:00.000Z,0.5806,0.58135,0.58056,0.5807,7919
2026-07-28T13:00:00.000Z,0.5807,0.58104,0.57967,0.58047,11992
2026-07-28T17:00:00.000Z,0.58047,0.5808,0.58007,0.58072,5518
2026-07-28T21:00:00.000Z,0.58022,0.58113,0.57909,0.58079,4347
2026-07-29T01:00:00.000Z,0.58079,0.58096,0.57982,0.58002,7343
2026-07-29T05:00:00.000Z,0.58001,0.58128,0.57985,0.58092,8567
2026-07-29T09:00:00.000Z,0.58093,0.58193,0.5809,0.58163,8837
2026-07-29T13:00:00.000Z,0.58164,0.58226,0.58099,0.58201,10903
2026-07-29T17:00:00.000Z,0.582,0.58204,0.57888,0.57914,18895
2026-07-29T21:00:00.000Z,0.57894,0.58026,0.57884,0.58006,6522
2026-07-30T01:00:00.000Z,0.58006,0.58039,0.57995,0.58023,6561
2026-07-30T05:00:00.000Z,0.58024,0.58111,0.57978,0.58063,10354
2026-07-30T09:00:00.000Z,0.58062,0.58066,0.57785,0.57837,14221
2026-07-30T13:00:00.000Z,0.57837,0.57837,0.574,0.575,23272
2026-07-30T17:00:00.000Z,0.57502,0.5755,0.57439,0.57464,10472
2026-07-30T21:00:00.000Z,0.57439,0.57545,0.57379,0.57518,5990
2026-07-31T01:00:00.000Z,0.57517,0.5759,0.57506,0.57569,8706
2026-07-31T05:00:00.000Z,0.57568,0.57634,0.57519,0.57539,12029
2026-07-31T09:00:00.000Z,0.57541,0.57747,0.57507,0.57746,11709
2026-07-31T13:00:00.000Z,0.57746,0.57882,0.57592,0.57649,19991
2026-07-31T17:00:00.000Z,0.57646,0.57691,0.57569,0.57598,13699
2026-08-02T21:00:00.000Z,0.57476,0.57608,0.57469,0.57541,8753
2026-08-03T01:00:00.000Z,0.57542,0.57676,0.57518,0.57623,8054
2026-08-03T05:00:00.000Z,0.57624,0.57659,0.57549,0.57608,9407
2026-08-03T09:00:00.000Z,0.57607,0.57647,0.57542,0.57625,9723
2026-08-03T13:00:00.000Z,0.57626,0.57784,0.5757,0.57745,13110
2026-08-03T17:00:00.000Z,0.57746,0.57766,0.57664,0.57689,6267
2026-08-03T21:00:00.000Z,0.57657,0.57698,0.57609,0.5769,4473
2026-08-04T01:00:00.000Z,0.57691,0.57707,0.57653,0.57684,7467
2026-08-04T05:00:00.000Z,0.57683,0.57711,0.57594,0.57705,9462
2026-08-04T09:00:00.000Z,0.57705,0.57718,0.57494,0.57514,10474
2026-08-04T13:00:00.000Z,0.57513,0.57561,0.57454,0.57554,13168
2026-08-04T17:00:00.000Z,0.57553,0.57565,0.57505,0.57516,6842
2026-08-04T21:00:00.000Z,0.5752,0.57545,0.57449,0.57499,4209
2026-08-05T01:00:00.000Z,0.57498,0.57513,0.57401,0.57427,7030
2026-08-05T05:00:00.000Z,0.57429,0.57567,0.57384,0.5756,9329
2026-08-05T09:00:00.000Z,0.5756,0.57604,0.57508,0.57603,9957
2026-08-05T13:00:00.000Z,0.57604,0.57634,0.57474,0.57589,13669
2026-08-05T17:00:00.000Z,0.5759,0.57632,0.57571,0.57602,6442
2026-08-05T21:00:00.000Z,0.57566,0.57613,0.57529,0.57579,3677
2026-08-06T01:00:00.000Z,0.5758,0.57618,0.57546,0.57615,5332
2026-08-06T05:00:00.000Z,0.57615,0.57736,0.57609,0.57717,6632
2026-08-06T09:00:00.000Z,0.57716,0.57883,0.57713,0.57818,7417
2026-08-06T13:00:00.000Z,0.57819,0.57975,0.57714,0.57936,12320
2026-08-06T17:00:00.000Z,0.57936,0.58002,0.57922,0.57974,5637
2026-08-06T21:00:00.000Z,0.57946,0.57997,0.57919,0.57977,3082
2026-08-07T01:00:00.000Z,0.57978,0.57983,0.57948,0.57964,4675
2026-08-07T05:00:00.000Z,0.57964,0.57965,0.57824,0.57851,6668
2026-08-07T09:00:00.000Z,0.5785,0.57904,0.57697,0.57862,10843
2026-08-07T13:00:00.000Z,0.57861,0.57994,0.57839,0.5796,13992
2026-08-07T17:00:00.000Z,0.5796,0.57972,0.57884,0.57935,6291
2026-08-09T21:00:00.000Z,0.57791,0.57975,0.57764,0.57943,3849
2026-08-10T01:00:00.000Z,0.57942,0.57977,0.57927,0.57958,5566
2026-08-10T05:00:00.000Z,0.57957,0.5798,0.57862,0.57971,7822
2026-08-10T09:00:00.000Z,0.5797,0.58038,0.5794,0.5803,7906
2026-08-10T13:00:00.000Z,0.5803,0.58115,0.57986,0.58103,10620
2026-08-10T17:00:00.000Z,0.58103,0.58139,0.58069,0.58124,5140
2026-08-10T21:00:00.000Z,0.58081,0.58129,0.5801,0.58116,3176
2026-08-11T01:00:00.000Z,0.58115,0.58171,0.58101,0.58156,5562
2026-08-11T05:00:00.000Z,0.58157,0.58225,0.58133,0.58205,7501
2026-08-11T09:00:00.000Z,0.58205,0.58234,0.58128,0.58179,8637
2026-08-11T13:00:00.000Z,0.5818,0.58293,0.58122,0.58293,9950
2026-08-11T17:00:00.000Z,0.58295,0.58327,0.58218,0.58231,5088
2026-08-11T21:00:00.000Z,0.58206,0.5829,0.58157,0.58282,2762
2026-08-12T01:00:00.000Z,0.58281,0.58314,0.58257,0.58296,4216
2026-08-12T05:00:00.000Z,0.58297,0.5835,0.58243,0.58339,5992
2026-08-12T09:00:00.000Z,0.58339,0.58341,0.58127,0.58204,10437
2026-08-12T13:00:00.000Z,0.58203,0.58328,0.5819,0.58302,11709
2026-08-12T17:00:00.000Z,0.58303,0.58374,0.58289,0.58362,5029
2026-08-12T21:00:00.000Z,0.58289,0.58363,0.58275,0.58314,3067
2026-08-13T01:00:00.000Z,0.58314,0.58384,0.583,0.58352,5434
2026-08-13T05:00:00.000Z,0.58353,0.58368,0.58232,0.58259,7396
2026-08-13T09:00:00.000Z,0.58257,0.58313,0.58225,0.58257,8124
2026-08-13T13:00:00.000Z,0.58258,0.58383,0.58189,0.5837,11857
2026-08-13T17:00:00.000Z,0.58369,0.58492,0.58348,0.58437,4772
2026-08-13T21:00:00.000Z,0.58397,0.58467,0.58348,0.5845,3408
2026-08-14T01:00:00.000Z,0.58451,0.58463,0.58433,0.58449,5511
2026-08-14T05:00:00.000Z,0.58449,0.58598,0.58434,0.58558,7538
2026-08-14T09:00:00.000Z,0.5856,0.58571,0.5843,0.58474,10002
2026-08-14T13:00:00.000Z,0.58475,0.58577,0.5844,0.58571,12544
2026-08-14T17:00:00.000Z,0.58572,0.58633,0.58568,0.58623,5160
2026-08-16T21:00:00.000Z,0.58416,0.5863,0.58404,0.58541,4002
2026-08-17T01:00:00.000Z,0.5854,0.58556,0.58515,0.58536,5809
2026-08-17T05:00:00.000Z,0.58536,0.58539,0.58269,0.58378,9546
2026-08-17T09:00:00.000Z,0.58379,0.58504,0.58358,0.58433,9309
2026-08-17T13:00:00.000Z,0.58432,0.58439,0.58354,0.58406,10779
2026-08-17T17:00:00.000Z,0.58405,0.58505,0.58395,0.58435,5805
2026-08-17T21:00:00.000Z,0.58392,0.58465,0.58372,0.58451,2958
2026-08-18T01:00:00.000Z,0.58452,0.5851,0.58428,0.58499,5674
2026-08-18T05:00:00.000Z,0.585,0.58549,0.58463,0.58517,7563
2026-08-18T09:00:00.000Z,0.58517,0.58579,0.58516,0.58545,7647
2026-08-18T13:00:00.000Z,0.58546,0.58611,0.58398,0.58422,11471
2026-08-18T17:00:00.000Z,0.58423,0.58469,0.584,0.58457,5108
2026-08-18T21:00:00.000Z,0.58457,0.58462,0.58398,0.58423,4034
2026-08-19T01:00:00.000Z,0.58422,0.58485,0.58404,0.58433,6846
2026-08-19T05:00:00.000Z,0.58432,0.58454,0.58374,0.58427,8986
2026-08-19T09:00:00.000Z,0.58428,0.58448,0.58187,0.58216,10734
2026-08-19T13:00:00.000Z,0.58217,0.58259,0.57823,0.57867,22236
2026-08-19T17:00:00.000Z,0.57867,0.57905,0.577,0.5772,11107
2026-08-19T21:00:00.000Z,0.57724,0.57867,0.57705,0.57859,4736
2026-08-20T01:00:00.000Z,0.5786,0.5798,0.57854,0.57962,9237
2026-08-20T05:00:00.000Z,0.57961,0.58015,0.57896,0.57936,11249
2026-08-20T09:00:00.000Z,0.57937,0.58026,0.57778,0.57893,13505
2026-08-20T13:00:00.000Z,0.57895,0.58071,0.57878,0.58039,16914
2026-08-20T17:00:00.000Z,0.58039,0.58085,0.58032,0.5805,6350
2026-08-20T21:00:00.000Z,0.58019,0.58084,0.5796,0.5808,3978
2026-08-21T01:00:00.000Z,0.58078,0.5811,0.58017,0.581,6679
2026-08-21T05:00:00.000Z,0.58099,0.582,0.58063,0.58152,9727
2026-08-21T09:00:00.000Z,0.58151,0.58228,0.58082,0.58192,11926
2026-08-21T13:00:00.000Z,0.58192,0.58239,0.58137,0.58193,14240
2026-08-21T17:00:00.000Z,0.58192,0.58231,0.58164,0.58199,5732
2026-08-23T21:00:00.000Z,0.57992,0.58102,0.57975,0.58006,4949
2026-08-24T01:00:00.000Z,0.58006,0.58037,0.57991,0.58,7237
2026-08-24T05:00:00.000Z,0.58,0.5804,0.57927,0.5795,10655
2026-08-24T09:00:00.000Z,0.57949,0.58016,0.57887,0.58009,11330
2026-08-24T13:00:00.000Z,0.58008,0.58027,0.57933,0.57935,12368
2026-08-24T17:00:00.000Z,0.57934,0.57975,0.57911,0.57956,5653
2026-08-24T21:00:00.000Z,0.57894,0.57968,0.57881,0.57934,2949
2026-08-25T01:00:00.000Z,0.57933,0.58007,0.57932,0.57996,5192
2026-08-25T05:00:00.000Z,0.57995,0.58015,0.57908,0.57911,7892
2026-08-25T09:00:00.000Z,0.57912,0.57947,0.57885,0.57941,9495
2026-08-25T13:00:00.000Z,0.57941,0.58049,0.57908,0.57988,10737
2026-08-25T17:00:00.000Z,0.57989,0.58008,0.57899,0.57911,5430
2026-08-25T21:00:00.000Z,0.57898,0.57954,0.57854,0.57919,3575
2026-08-26T01:00:00.000Z,0.5792,0.57962,0.57897,0.57955,5940
2026-08-26T05:00:00.000Z,0.57955,0.57992,0.57918,0.57953,7291
2026-08-26T09:00:00.000Z,0.57952,0.58039,0.57911,0.58029,8098
2026-08-26T13:00:00.000Z,0.5803,0.58087,0.57995,0.58048,11302
2026-08-26T17:00:00.000Z,0.5805,0.58053,0.58021,0.58038,4261
2026-08-26T21:00:00.000Z,0.58028,0.58048,0.57934,0.5804,3805
2026-08-27T01:00:00.000Z,0.58041,0.58042,0.58005,0.58027,4529
2026-08-27T05:00:00.000Z,0.58028,0.58069,0.57999,0.58051,7327
2026-08-27T09:00:00.000Z,0.58052,0.58075,0.58007,0.5802,8882
2026-08-27T13:00:00.000Z,0.5802,0.5803,0.57955,0.58014,11962
2026-08-27T17:00:00.000Z,0.58013,0.58068,0.57998,0.58031,4635
2026-08-27T21:00:00.000Z,0.58019,0.58064,0.57938,0.58055,2447
2026-08-28T01:00:00.000Z,0.58054,0.58108,0.58035,0.58106,3791
2026-08-28T05:00:00.000Z,0.58107,0.58139,0.58028,0.58031,6974
2026-08-28T09:00:00.000Z,0.58032,0.58075,0.57994,0.58022,7657
2026-08-28T13:00:00.000Z,0.58021,0.58231,0.57955,0.58215,17535
2026-08-28T17:00:00.000Z,0.58216,0.58235,0.58187,0.5819,6493
2026-08-30T21:00:00.000Z,0.57997,0.58235,0.57996,0.58174,3491
2026-08-31T01:00:00.000Z,0.58174,0.58261,0.58171,0.58252,6141
2026-08-31T05:00:00.000Z,0.58251,0.58261,0.58107,0.58191,8131
2026-08-31T09:00:00.000Z,0.5819,0.58258,0.58177,0.58246,8608
2026-08-31T13:00:00.000Z,0.58245,0.58326,0.58214,0.58308,11100
2026-08-31T17:00:00.000Z,0.58306,0.58355,0.583,0.58325,4668
2026-08-31T21:00:00.000Z,0.58309,0.58375,0.58264,0.58362,3290
2026-09-01T01:00:00.000Z,0.58361,0.58403,0.58357,0.58387,4851
2026-09-01T05:00:00.000Z,0.58387,0.58443,0.58354,0.58393,8422
2026-09-01T09:00:00.000Z,0.58395,0.58407,0.58327,0.58337,9262
2026-09-01T13:00:00.000Z,0.58338,0.58439,0.5827,0.5842,12214
2026-09-01T17:00:00.000Z,0.58419,0.5843,0.58384,0.58399,5424
2026-09-01T21:00:00.000Z,0.58389,0.58456,0.58332,0.58456,3378
2026-09-02T01:00:00.000Z,0.58455,0.585,0.58401,0.58414,6699
2026-09-02T05:00:00.000Z,0.58414,0.58479,0.58375,0.58466,11113
2026-09-02T09:00:00.000Z,0.58466,0.58556,0.58426,0.58552,10812
2026-09-02T13:00:00.000Z,0.58552,0.58743,0.58388,0.58725,15933
2026-09-02T17:00:00.000Z,0.58724,0.58778,0.58695,0.58702,6077
2026-09-02T21:00:00.000Z,0.5871,0.58741,0.58669,0.5873,3237
2026-09-03T01:00:00.000Z,0.58731,0.58758,0.58688,0.58697,7740
2026-09-03T05:00:00.000Z,0.58696,0.58703,0.58478,0.58597,14105
2026-09-03T09:00:00.000Z,0.58596,0.58656,0.58492,0.58516,13692
2026-09-03T13:00:00.000Z,0.58517,0.58677,0.58419,0.58524,16966
2026-09-03T17:00:00.000Z,0.58522,0.58586,0.58492,0.58553,6627
2026-09-03T21:00:00.000Z,0.58492,0.58582,0.58405,0.58574,3748
2026-09-04T01:00:00.000Z,0.58573,0.58606,0.58556,0.58578,6023
2026-09-04T05:00:00.000Z,0.58577,0.58619,0.58541,0.58595,8903
2026-09-04T09:00:00.000Z,0.58594,0.58701,0.58472,0.58484,12053
2026-09-04T13:00:00.000Z,0.58487,0.58555,0.58431,0.58478,16109
2026-09-04T17:00:00.000Z,0.58479,0.58557,0.58479,0.58524,5871
2026-09-06T21:00:00.000Z,0.58391,0.58554,0.58389,0.58533,3202
2026-09-07T01:00:00.000Z,0.58532,0.58593,0.5853,0.5858,4895
2026-09-07T05:00:00.000Z,0.58581,0.58618,0.58497,0.58543,9207
2026-09-07T09:00:00.000Z,0.58543,0.58571,0.58499,0.5857,7019
2026-09-07T13:00:00.000Z,0.5857,0.58602,0.58547,0.58579,5752
2026-09-07T17:00:00.000Z,0.5858,0.58609,0.58579,0.58599,1207
2026-09-07T21:00:00.000Z,0.58572,0.5861,0.58502,0.58603,4459
2026-09-08T01:00:00.000Z,0.58605,0.58637,0.58562,0.58628,6853
2026-09-08T05:00:00.000Z,0.58629,0.5882,0.58609,0.58812,10597
2026-09-08T09:00:00.000Z,0.58813,0.58829,0.58718,0.5874,10590
2026-09-08T13:00:00.000Z,0.58741,0.58785,0.58662,0.58689,12120
2026-09-08T17:00:00.000Z,0.58689,0.5876,0.58667,0.58738,6851
2026-09-08T21:00:00.000Z,0.58667,0.58726,0.58611,0.58718,3656
2026-09-09T01:00:00.000Z,0.58718,0.58746,0.58706,0.58718,5470
2026-09-09T05:00:00.000Z,0.58717,0.58758,0.58659,0.58755,8618
2026-09-09T09:00:00.000Z,0.58754,0.58802,0.58587,0.5863,9082
2026-09-09T13:00:00.000Z,0.58629,0.58712,0.58511,0.58662,14758
2026-09-09T17:00:00.000Z,0.58663,0.58712,0.58637,0.58681,5943
2026-09-09T21:00:00.000Z,0.58597,0.58694,0.58557,0.58667,3166
2026-09-10T01:00:00.000Z,0.58666,0.5867,0.5858,0.58603,5191