time,open,high,low,close,volume
2023-09-10T21:00:00.000Z,1.46034,1.46124,1.45958,1.46015,7279
2023-09-11T01:00:00.000Z,1.46017,1.46095,1.45985,1.46013,11315
2023-09-11T05:00:00.000Z,1.46013,1.46062,1.45765,1.45917,17536
2023-09-11T09:00:00.000Z,1.45917,1.45935,1.45564,1.45594,16282
2023-09-11T13:00:00.000Z,1.45592,1.4615,1.4556,1.45915,23856
2023-09-11T17:00:00.000Z,1.45919,1.45981,1.45774,1.45906,8355
2023-09-11T21:00:00.000Z,1.45832,1.45989,1.45827,1.45946,4496
2023-09-12T01:00:00.000Z,1.45948,1.46209,1.45847,1.4586,9300
2023-09-12T05:00:00.000Z,1.45864,1.45903,1.45483,1.45521,16436
2023-09-12T09:00:00.000Z,1.45519,1.45636,1.45322,1.45377,18901
2023-09-12T13:00:00.000Z,1.45378,1.45536,1.45117,1.45374,21753
2023-09-12T17:00:00.000Z,1.45376,1.45852,1.45367,1.45788,10979
2023-09-12T21:00:00.000Z,1.45684,1.45873,1.45669,1.4581,4418
2023-09-13T01:00:00.000Z,1.45809,1.45865,1.45733,1.45734,8973
2023-09-13T05:00:00.000Z,1.45733,1.45773,1.45515,1.45556,19544
2023-09-13T09:00:00.000Z,1.45562,1.45919,1.45476,1.45659,25088
2023-09-13T13:00:00.000Z,1.45659,1.45721,1.45204,1.45489,31593
2023-09-13T17:00:00.000Z,1.4549,1.45635,1.45382,1.45388,12496
2023-09-13T21:00:00.000Z,1.45306,1.45465,1.45254,1.45333,5366
2023-09-14T01:00:00.000Z,1.45335,1.45458,1.45299,1.45438,9048
2023-09-14T05:00:00.000Z,1.45437,1.45495,1.45208,1.45223,15170
2023-09-14T09:00:00.000Z,1.45224,1.45274,1.44218,1.4438,27755
2023-09-14T13:00:00.000Z,1.44376,1.44653,1.43686,1.43694,34602
2023-09-14T17:00:00.000Z,1.43693,1.43876,1.43582,1.43737,10432
2023-09-14T21:00:00.000Z,1.43711,1.43825,1.43656,1.43806,5422
2023-09-15T01:00:00.000Z,1.43806,1.43826,1.43672,1.43771,8846
2023-09-15T05:00:00.000Z,1.43771,1.44099,1.43752,1.44064,19493
2023-09-15T09:00:00.000Z,1.44069,1.44211,1.43995,1.44196,17329
2023-09-15T13:00:00.000Z,1.442,1.44592,1.44115,1.44264,30750
2023-09-15T17:00:00.000Z,1.44265,1.44412,1.44078,1.44204,11321
2023-09-17T21:00:00.000Z,1.44074,1.4429,1.44072,1.44261,3979
2023-09-18T01:00:00.000Z,1.44261,1.44261,1.44126,1.44142,7189
2023-09-18T05:00:00.000Z,1.44147,1.44174,1.43894,1.44076,14360
2023-09-18T09:00:00.000Z,1.44075,1.44178,1.43863,1.43868,15570
2023-09-18T13:00:00.000Z,1.43862,1.44303,1.43689,1.44123,24429
2023-09-18T17:00:00.000Z,1.44125,1.44221,1.44069,1.44159,8377
2023-09-18T21:00:00.000Z,1.44074,1.4422,1.44024,1.44101,6157
2023-09-19T01:00:00.000Z,1.44102,1.44104,1.43931,1.43933,6701
2023-09-19T05:00:00.000Z,1.43932,1.43971,1.43654,1.43747,15657
2023-09-19T09:00:00.000Z,1.43747,1.43909,1.43276,1.43361,21455
2023-09-19T13:00:00.000Z,1.43361,1.43654,1.43035,1.43645,24308
2023-09-19T17:00:00.000Z,1.43645,1.43691,1.4352,1.43614,8928
2023-09-19T21:00:00.000Z,1.43535,1.43695,1.43535,1.43664,4515
2023-09-20T01:00:00.000Z,1.43666,1.43821,1.43634,1.43718,5794
2023-09-20T05:00:00.000Z,1.43718,1.43859,1.4357,1.43819,15606
2023-09-20T09:00:00.000Z,1.43819,1.43854,1.43605,1.43752,15306
2023-09-20T13:00:00.000Z,1.43754,1.43952,1.4358,1.43888,23565
2023-09-20T17:00:00.000Z,1.43887,1.43943,1.43431,1.43493,32909
2023-09-20T21:00:00.000Z,1.43308,1.43565,1.43293,1.43335,6272
2023-09-21T01:00:00.000Z,1.43331,1.4351,1.43271,1.43481,12862
2023-09-21T05:00:00.000Z,1.43481,1.43941,1.43429,1.43787,20516
2023-09-21T09:00:00.000Z,1.43786,1.43979,1.436,1.4371,25651
2023-09-21T13:00:00.000Z,1.43708,1.43976,1.43584,1.43593,30834
2023-09-21T17:00:00.000Z,1.43593,1.43767,1.43572,1.43746,11529
2023-09-21T21:00:00.000Z,1.43549,1.43744,1.43548,1.43617,5026
2023-09-22T01:00:00.000Z,1.43616,1.43619,1.43357,1.43444,9603
2023-09-22T05:00:00.000Z,1.43439,1.43673,1.43056,1.43325,23034
2023-09-22T09:00:00.000Z,1.43325,1.43357,1.4285,1.43268,18559
2023-09-22T13:00:00.000Z,1.43269,1.43619,1.4308,1.43534,25119
2023-09-22T17:00:00.000Z,1.43535,1.43707,1.43409,1.43499,12406
2023-09-24T21:00:00.000Z,1.4347,1.43572,1.43364,1.43559,6231
2023-09-25T01:00:00.000Z,1.43555,1.4362,1.43481,1.43555,6852
2023-09-25T05:00:00.000Z,1.43557,1.43618,1.43234,1.43269,13751
2023-09-25T09:00:00.000Z,1.43269,1.43304,1.42989,1.4303,15134
2023-09-25T13:00:00.000Z,1.43031,1.4306,1.42557,1.42609,25796
2023-09-25T17:00:00.000Z,1.42611,1.42745,1.4249,1.42498,9943
2023-09-25T21:00:00.000Z,1.42501,1.42541,1.4239,1.42453,5304
2023-09-26T01:00:00.000Z,1.42452,1.42736,1.42408,1.42731,7519
2023-09-26T05:00:00.000Z,1.42724,1.42951,1.42583,1.4294,16842
2023-09-26T09:00:00.000Z,1.42937,1.43255,1.42903,1.43174,17177
2023-09-26T13:00:00.000Z,1.43178,1.4322,1.42735,1.42787,27176
2023-09-26T17:00:00.000Z,1.42788,1.42948,1.42777,1.42884,11216
2023-09-26T21:00:00.000Z,1.42831,1.42947,1.42742,1.42779,5688
2023-09-27T01:00:00.000Z,1.4278,1.42844,1.42679,1.42755,10093
2023-09-27T05:00:00.000Z,1.42757,1.42961,1.42726,1.42757,12976
2023-09-27T09:00:00.000Z,1.42756,1.42969,1.42466,1.42509,18990
2023-09-27T13:00:00.000Z,1.42509,1.42544,1.41887,1.41964,29917
2023-09-27T17:00:00.000Z,1.41966,1.42119,1.41741,1.41794,20516
2023-09-27T21:00:00.000Z,1.41777,1.41897,1.41711,1.41851,5361
2023-09-28T01:00:00.000Z,1.41852,1.41857,1.41665,1.41694,8709
2023-09-28T05:00:00.000Z,1.41696,1.42136,1.41571,1.41937,17972
2023-09-28T09:00:00.000Z,1.41943,1.42295,1.4193,1.41943,23758
2023-09-28T13:00:00.000Z,1.41942,1.42631,1.41939,1.42363,37291
2023-09-28T17:00:00.000Z,1.42363,1.4266,1.42351,1.42484,15939
2023-09-28T21:00:00.000Z,1.42425,1.4269,1.42399,1.42648,4008
2023-09-29T01:00:00.000Z,1.42652,1.42726,1.4255,1.42622,7513
2023-09-29T05:00:00.000Z,1.42628,1.42755,1.42319,1.42694,19627
2023-09-29T09:00:00.000Z,1.42688,1.42688,1.42196,1.42339,22572
2023-09-29T13:00:00.000Z,1.42335,1.43316,1.42335,1.43264,38119
2023-09-29T17:00:00.000Z,1.43261,1.43615,1.4326,1.43458,18250
2023-10-01T21:00:00.000Z,1.43385,1.43434,1.43273,1.43403,6487
2023-10-02T01:00:00.000Z,1.43404,1.43609,1.43387,1.43605,7432
2023-10-02T05:00:00.000Z,1.43608,1.4369,1.43408,1.4358,15783
2023-10-02T09:00:00.000Z,1.4358,1.43592,1.43285,1.43464,20305
2023-10-02T13:00:00.000Z,1.43464,1.43737,1.43358,1.43463,36813
2023-10-02T17:00:00.000Z,1.43462,1.43568,1.4326,1.43287,14599
2023-10-02T21:00:00.000Z,1.43112,1.43363,1.43112,1.43263,6652
2023-10-03T01:00:00.000Z,1.43262,1.43452,1.43248,1.43447,8969
2023-10-03T05:00:00.000Z,1.43447,1.43688,1.43329,1.43617,17070
2023-10-03T09:00:00.000Z,1.43613,1.43954,1.43386,1.4345,21892
2023-10-03T13:00:00.000Z,1.43449,1.43747,1.43261,1.43489,47388
2023-10-03T17:00:00.000Z,1.43489,1.43648,1.43432,1.43474,17272
2023-10-03T21:00:00.000Z,1.43475,1.43576,1.43386,1.4348,5275
2023-10-04T01:00:00.000Z,1.43479,1.43535,1.43375,1.43408,10989
2023-10-04T05:00:00.000Z,1.43406,1.43736,1.43373,1.43607,19427
2023-10-04T09:00:00.000Z,1.43604,1.44491,1.43583,1.44387,26176
2023-10-04T13:00:00.000Z,1.44386,1.44671,1.44224,1.44394,40657
2023-10-04T17:00:00.000Z,1.44393,1.44521,1.44348,1.44371,15997
2023-10-04T21:00:00.000Z,1.44323,1.44567,1.44251,1.44533,5081
2023-10-05T01:00:00.000Z,1.44535,1.44561,1.44287,1.44288,8469
2023-10-05T05:00:00.000Z,1.4429,1.44778,1.44287,1.44776,17914
2023-10-05T09:00:00.000Z,1.44777,1.44892,1.44469,1.44627,22015
2023-10-05T13:00:00.000Z,1.44626,1.44788,1.44397,1.44596,41288
2023-10-05T17:00:00.000Z,1.44594,1.44744,1.44473,1.44582,15716
2023-10-05T21:00:00.000Z,1.44531,1.44623,1.44507,1.44511,4865
2023-10-06T01:00:00.000Z,1.44512,1.44575,1.44474,1.44547,7903
2023-10-06T05:00:00.000Z,1.44548,1.44674,1.44473,1.44618,15239
2023-10-06T09:00:00.000Z,1.44619,1.4497,1.43775,1.43945,27094
2023-10-06T13:00:00.000Z,1.43946,1.44852,1.43892,1.4462,52824
2023-10-06T17:00:00.000Z,1.44622,1.44733,1.44567,1.44588,11666
2023-10-08T21:00:00.000Z,1.44284,1.44415,1.44171,1.44227,12568
2023-10-09T01:00:00.000Z,1.44227,1.44233,1.44084,1.44125,10312
2023-10-09T05:00:00.000Z,1.4413,1.44187,1.43795,1.44003,24818
2023-10-09T09:00:00.000Z,1.44004,1.44016,1.43692,1.4374,21679
2023-10-09T13:00:00.000Z,1.43739,1.43904,1.43497,1.43498,37099
2023-10-09T17:00:00.000Z,1.43501,1.43724,1.43484,1.43569,11670
2023-10-09T21:00:00.000Z,1.43591,1.43699,1.43517,1.43555,9395
2023-10-10T01:00:00.000Z,1.43554,1.43622,1.43449,1.43471,12131
2023-10-10T05:00:00.000Z,1.43473,1.44118,1.43428,1.44058,31036
2023-10-10T09:00:00.000Z,1.44058,1.44225,1.43754,1.44021,31944
2023-10-10T13:00:00.000Z,1.44018,1.44254,1.43919,1.44178,43144
2023-10-10T17:00:00.000Z,1.44176,1.44202,1.4395,1.44039,17433
2023-10-10T21:00:00.000Z,1.44009,1.44111,1.43962,1.44093,4907
2023-10-11T01:00:00.000Z,1.44093,1.44161,1.44042,1.44094,8443
2023-10-11T05:00:00.000Z,1.44094,1.44355,1.44023,1.44218,25120
2023-10-11T09:00:00.000Z,1.44217,1.44303,1.43988,1.4422,31343
2023-10-11T13:00:00.000Z,1.44219,1.44544,1.44163,1.44319,44590
2023-10-11T17:00:00.000Z,1.44319,1.44372,1.44158,1.44317,16544
2023-10-11T21:00:00.000Z,1.44304,1.44429,1.44274,1.44323,5715
2023-10-12T01:00:00.000Z,1.44323,1.44435,1.44311,1.44428,7114
2023-10-12T05:00:00.000Z,1.44428,1.44479,1.44312,1.44429,16701
2023-10-12T09:00:00.000Z,1.44433,1.44453,1.43818,1.43908,27309
2023-10-12T13:00:00.000Z,1.43906,1.44257,1.43766,1.44174,45921
2023-10-12T17:00:00.000Z,1.44174,1.44273,1.44089,1.44134,22941
2023-10-12T21:00:00.000Z,1.44087,1.44204,1.44078,1.44184,6766
2023-10-13T01:00:00.000Z,1.44185,1.44387,1.4417,1.44384,7871
2023-10-13T05:00:00.000Z,1.44385,1.44396,1.44082,1.44249,19963
2023-10-13T09:00:00.000Z,1.4425,1.44274,1.43851,1.43952,26597
2023-10-13T13:00:00.000Z,1.4395,1.44019,1.43297,1.43487,24635
2023-10-13T17:00:00.000Z,1.4349,1.43622,1.43439,1.43507,10700
2023-10-15T21:00:00.000Z,1.43534,1.43695,1.43345,1.43575,6626
2023-10-16T01:00:00.000Z,1.43574,1.43638,1.43525,1.43592,6046
2023-10-16T05:00:00.000Z,1.43593,1.43851,1.43564,1.43828,13589
2023-10-16T09:00:00.000Z,1.43829,1.43849,1.43466,1.43512,13464
2023-10-16T13:00:00.000Z,1.43512,1.43842,1.43346,1.43523,20226
2023-10-16T17:00:00.000Z,1.43522,1.43796,1.43515,1.43702,10774
2023-10-16T21:00:00.000Z,1.4365,1.43763,1.43632,1.43704,4736
2023-10-17T01:00:00.000Z,1.43705,1.4381,1.43692,1.43774,6479
2023-10-17T05:00:00.000Z,1.43773,1.43798,1.43518,1.43731,12609
2023-10-17T09:00:00.000Z,1.43728,1.44503,1.43728,1.44331,19785
2023-10-17T13:00:00.000Z,1.44328,1.44472,1.44086,1.44304,30979
2023-10-17T17:00:00.000Z,1.44305,1.44365,1.4421,1.44339,14637
2023-10-17T21:00:00.000Z,1.44307,1.44357,1.44198,1.4428,5043
2023-10-18T01:00:00.000Z,1.44279,1.44281,1.44153,1.44208,9376
2023-10-18T05:00:00.000Z,1.44207,1.44382,1.44144,1.44273,18028
2023-10-18T09:00:00.000Z,1.44266,1.44454,1.43882,1.44228,20082
2023-10-18T13:00:00.000Z,1.44231,1.44365,1.44028,1.44365,32687
2023-10-18T17:00:00.000Z,1.44368,1.44506,1.44312,1.44499,18911
2023-10-18T21:00:00.000Z,1.44476,1.44561,1.4441,1.44551,6490
2023-10-19T01:00:00.000Z,1.4455,1.4469,1.44481,1.44604,11338
2023-10-19T05:00:00.000Z,1.44606,1.44763,1.44562,1.44719,18912
2023-10-19T09:00:00.000Z,1.44719,1.45274,1.44682,1.45218,20094
2023-10-19T13:00:00.000Z,1.45219,1.45274,1.44883,1.45069,37092
2023-10-19T17:00:00.000Z,1.45068,1.4529,1.45044,1.45155,21635
2023-10-19T21:00:00.000Z,1.45119,1.45222,1.4507,1.45142,5639
2023-10-20T01:00:00.000Z,1.45141,1.45162,1.44971,1.45011,9117
2023-10-20T05:00:00.000Z,1.45012,1.45122,1.44929,1.44968,16376
2023-10-20T09:00:00.000Z,1.44962,1.45113,1.44754,1.44845,19343
2023-10-20T13:00:00.000Z,1.44844,1.45156,1.44651,1.44998,28080
2023-10-20T17:00:00.000Z,1.44997,1.45263,1.44982,1.45246,15196
2023-10-22T21:00:00.000Z,1.45203,1.45288,1.45,1.45148,6047
2023-10-23T01:00:00.000Z,1.45149,1.45183,1.45035,1.4506,7120
2023-10-23T05:00:00.000Z,1.45058,1.4563,1.44982,1.45367,15143
2023-10-23T09:00:00.000Z,1.45367,1.45661,1.45312,1.45446,18904
2023-10-23T13:00:00.000Z,1.45443,1.45929,1.45219,1.458,28996
2023-10-23T17:00:00.000Z,1.45799,1.4608,1.45762,1.46063,14188
2023-10-23T21:00:00.000Z,1.45955,1.46094,1.45901,1.46056,6450
2023-10-24T01:00:00.000Z,1.46055,1.46096,1.45994,1.46013,11109
2023-10-24T05:00:00.000Z,1.46013,1.46152,1.4573,1.45779,18044
2023-10-24T09:00:00.000Z,1.45778,1.45789,1.4543,1.45483,16665
2023-10-24T13:00:00.000Z,1.45476,1.45731,1.45425,1.45575,26589
2023-10-24T17:00:00.000Z,1.45575,1.45614,1.4531,1.45511,10310
2023-10-24T21:00:00.000Z,1.45423,1.45617,1.45414,1.45514,7639
2023-10-25T01:00:00.000Z,1.45515,1.4574,1.45474,1.45739,8541
2023-10-25T05:00:00.000Z,1.4574,1.45756,1.45594,1.45655,13875
2023-10-25T09:00:00.000Z,1.45656,1.45752,1.45386,1.45623,15835
2023-10-25T13:00:00.000Z,1.45624,1.46033,1.45526,1.45779,26285
2023-10-25T17:00:00.000Z,1.45779,1.4582,1.45702,1.45789,13344
2023-10-25T21:00:00.000Z,1.45766,1.45857,1.45702,1.45817,6442
2023-10-26T01:00:00.000Z,1.45816,1.45854,1.45618,1.45687,10458
2023-10-26T05:00:00.000Z,1.45688,1.45691,1.45456,1.45469,17024
2023-10-26T09:00:00.000Z,1.45469,1.45863,1.45383,1.45863,19905
2023-10-26T13:00:00.000Z,1.45863,1.45873,1.45539,1.45717,30135
2023-10-26T17:00:00.000Z,1.45724,1.46072,1.45692,1.46069,18194
2023-10-26T21:00:00.000Z,1.45978,1.46105,1.4591,1.4595,5177
2023-10-27T01:00:00.000Z,1.45946,1.45973,1.45824,1.45876,8454
2023-10-27T05:00:00.000Z,1.45878,1.45998,1.45689,1.45766,14144
2023-10-27T09:00:00.000Z,1.45766,1.46076,1.45568,1.45906,16889
2023-10-27T13:00:00.000Z,1.45905,1.46944,1.45895,1.46727,30745
2023-10-27T17:00:00.000Z,1.46727,1.46737,1.46425,1.46573,15749
2023-10-29T21:00:00.000Z,1.46388,1.46566,1.46313,1.46374,5217
2023-10-30T01:00:00.000Z,1.46374,1.46413,1.46283,1.46398,6631
2023-10-30T05:00:00.000Z,1.46397,1.46422,1.46152,1.46376,12077
2023-10-30T09:00:00.000Z,1.46376,1.46759,1.46336,1.46741,16174
2023-10-30T13:00:00.000Z,1.46741,1.47102,1.46459,1.46835,29277
2023-10-30T17:00:00.000Z,1.46836,1.46863,1.46684,1.46752,13162
2023-10-30T21:00:00.000Z,1.46771,1.46825,1.46698,1.46807,6331
2023-10-31T01:00:00.000Z,1.46807,1.46826,1.46653,1.46709,14168
2023-10-31T05:00:00.000Z,1.46708,1.47128,1.46656,1.47109,14749
2023-10-31T09:00:00.000Z,1.47108,1.47466,1.47005,1.47123,20237
2023-10-31T13:00:00.000Z,1.47123,1.4721,1.46623,1.46756,32576
2023-10-31T17:00:00.000Z,1.46754,1.46896,1.46682,1.4672,14479
2023-10-31T21:00:00.000Z,1.4662,1.46807,1.46616,1.46778,6473
2023-11-01T01:00:00.000Z,1.46777,1.46792,1.46658,1.46671,10804
2023-11-01T05:00:00.000Z,1.46668,1.4673,1.46536,1.46593,14399
2023-11-01T09:00:00.000Z,1.46587,1.46611,1.46159,1.46177,20077
2023-11-01T13:00:00.000Z,1.46179,1.46326,1.4599,1.46281,32781
2023-11-01T17:00:00.000Z,1.46281,1.46639,1.4616,1.46431,26620
2023-11-01T21:00:00.000Z,1.46364,1.46626,1.46326,1.46607,7786
2023-11-02T01:00:00.000Z,1.46608,1.46628,1.46486,1.46584,10672
2023-11-02T05:00:00.000Z,1.46586,1.46816,1.46563,1.46621,17052
2023-11-02T09:00:00.000Z,1.46616,1.47186,1.46564,1.4704,23984
2023-11-02T13:00:00.000Z,1.47042,1.47119,1.46215,1.46288,30213
2023-11-02T17:00:00.000Z,1.46287,1.46317,1.45858,1.45902,13955
2023-11-02T21:00:00.000Z,1.45918,1.4608,1.45816,1.46068,5455
2023-11-03T01:00:00.000Z,1.46069,1.46124,1.45987,1.45992,7658
2023-11-03T05:00:00.000Z,1.45995,1.46079,1.4589,1.46052,11994
2023-11-03T09:00:00.000Z,1.46052,1.46791,1.4603,1.4666,21613
2023-11-03T13:00:00.000Z,1.46659,1.46912,1.46455,1.46649,38864
2023-11-03T17:00:00.000Z,1.46649,1.46867,1.46553,1.46556,13337
2023-11-05T22:00:00.000Z,1.46471,1.46604,1.46468,1.46504,8110
2023-11-06T02:00:00.000Z,1.46507,1.46592,1.46446,1.46532,7166
2023-11-06T06:00:00.000Z,1.46532,1.46683,1.46456,1.46607,16701
2023-11-06T10:00:00.000Z,1.46611,1.46767,1.46546,1.46697,17191
2023-11-06T14:00:00.000Z,1.46699,1.46989,1.46654,1.46781,23177
2023-11-06T18:00:00.000Z,1.46781,1.46902,1.46715,1.46827,13734
2023-11-06T22:00:00.000Z,1.46683,1.4685,1.46683,1.46778,8309
2023-11-07T02:00:00.000Z,1.46778,1.4695,1.46747,1.46946,9223
2023-11-07T06:00:00.000Z,1.46949,1.46998,1.46864,1.46886,17448
2023-11-07T10:00:00.000Z,1.46884,1.47053,1.4672,1.4682,19871
2023-11-07T14:00:00.000Z,1.4682,1.47203,1.4671,1.47097,27424
2023-11-07T18:00:00.000Z,1.47097,1.47297,1.47072,1.47269,14904
2023-11-07T22:00:00.000Z,1.47237,1.47293,1.47184,1.4721,6488
2023-11-08T02:00:00.000Z,1.47211,1.4724,1.47131,1.47232,8425
2023-11-08T06:00:00.000Z,1.47233,1.4726,1.46938,1.47035,16851
2023-11-08T10:00:00.000Z,1.47035,1.47213,1.46964,1.47168,17114
2023-11-08T14:00:00.000Z,1.47168,1.479,1.47065,1.4782,28705
2023-11-08T18:00:00.000Z,1.47818,1.47859,1.47667,1.47686,15799
2023-11-08T22:00:00.000Z,1.47665,1.4773,1.47611,1.4769,7389
2023-11-09T02:00:00.000Z,1.4769,1.47734,1.47629,1.47641,7919
2023-11-09T06:00:00.000Z,1.47638,1.47746,1.47492,1.47517,16838
2023-11-09T10:00:00.000Z,1.47515,1.47573,1.4729,1.47573,18451
2023-11-09T14:00:00.000Z,1.47573,1.47609,1.47264,1.47398,26900
2023-11-09T18:00:00.000Z,1.47397,1.47432,1.47202,1.47296,23806
2023-11-09T22:00:00.000Z,1.47232,1.47357,1.47232,1.47302,8846
2023-11-10T02:00:00.000Z,1.47301,1.47338,1.47178,1.47217,8175
2023-11-10T06:00:00.000Z,1.47221,1.47451,1.47078,1.47412,15826
2023-11-10T10:00:00.000Z,1.47411,1.47776,1.47368,1.47732,16294
2023-11-10T14:00:00.000Z,1.47738,1.47828,1.47417,1.47477,23121
2023-11-10T18:00:00.000Z,1.47477,1.47505,1.47395,1.47431,9771
2023-11-12T22:00:00.000Z,1.47337,1.47581,1.47234,1.47565,7268
2023-11-13T02:00:00.000Z,1.47563,1.47653,1.47499,1.47596,5586
2023-11-13T06:00:00.000Z,1.47594,1.47653,1.47463,1.47596,11765
2023-11-13T10:00:00.000Z,1.47596,1.47683,1.47436,1.47524,14691
2023-11-13T14:00:00.000Z,1.47529,1.476,1.47403,1.47501,22161
2023-11-13T18:00:00.000Z,1.47501,1.47723,1.47461,1.47716,8230
2023-11-13T22:00:00.000Z,1.47534,1.47715,1.47495,1.47674,5469
2023-11-14T02:00:00.000Z,1.47675,1.47804,1.47667,1.47795,5138
2023-11-14T06:00:00.000Z,1.47795,1.48092,1.47768,1.48079,12632
2023-11-14T10:00:00.000Z,1.48082,1.48707,1.47942,1.48477,19727
2023-11-14T14:00:00.000Z,1.48481,1.49109,1.4846,1.49102,32685
2023-11-14T18:00:00.000Z,1.49102,1.49109,1.48907,1.48952,12176
2023-11-14T22:00:00.000Z,1.48825,1.49036,1.48817,1.48973,7448
2023-11-15T02:00:00.000Z,1.48969,1.48981,1.48821,1.48822,7409
2023-11-15T06:00:00.000Z,1.48822,1.48869,1.48564,1.48637,16327
2023-11-15T10:00:00.000Z,1.48637,1.48735,1.48376,1.48562,18691
2023-11-15T14:00:00.000Z,1.48561,1.48586,1.48103,1.48326,27506
2023-11-15T18:00:00.000Z,1.4833,1.48435,1.48276,1.48418,10267
2023-11-15T22:00:00.000Z,1.48372,1.48559,1.48333,1.48537,9267
2023-11-16T02:00:00.000Z,1.48536,1.48601,1.48435,1.4846,8089
2023-11-16T06:00:00.000Z,1.48457,1.48703,1.4838,1.48618,13671
2023-11-16T10:00:00.000Z,1.48617,1.49214,1.48569,1.49194,18765
2023-11-16T14:00:00.000Z,1.49193,1.49788,1.4915,1.4942,29975
2023-11-16T18:00:00.000Z,1.4942,1.49491,1.49234,1.49269,11006
2023-11-16T22:00:00.000Z,1.49148,1.49307,1.49132,1.49231,8015
2023-11-17T02:00:00.000Z,1.49231,1.49285,1.49191,1.49239,6742
2023-11-17T06:00:00.000Z,1.4924,1.49275,1.49,1.49145,16502
2023-11-17T10:00:00.000Z,1.49143,1.49264,1.49009,1.49166,20188
2023-11-17T14:00:00.000Z,1.49167,1.49567,1.48925,1.49467,27815
2023-11-17T18:00:00.000Z,1.49465,1.49671,1.49382,1.49669,12401
2023-11-19T22:00:00.000Z,1.49559,1.49667,1.49548,1.49633,9211
2023-11-20T02:00:00.000Z,1.49634,1.49712,1.49593,1.49643,12993
2023-11-20T06:00:00.000Z,1.49643,1.49931,1.49513,1.49829,18014
2023-11-20T10:00:00.000Z,1.4983,1.49995,1.49754,1.49838,15631
2023-11-20T14:00:00.000Z,1.49837,1.50386,1.49821,1.50129,19429
2023-11-20T18:00:00.000Z,1.5013,1.50233,1.50126,1.50156,11130
2023-11-20T22:00:00.000Z,1.50039,1.5025,1.49978,1.50207,10322
2023-11-21T02:00:00.000Z,1.50199,1.50355,1.50174,1.5035,10814
2023-11-21T06:00:00.000Z,1.5035,1.50438,1.50111,1.50235,16747
2023-11-21T10:00:00.000Z,1.50237,1.50314,1.49904,1.50022,16757
2023-11-21T14:00:00.000Z,1.50024,1.50165,1.49529,1.49537,24292
2023-11-21T18:00:00.000Z,1.49534,1.49563,1.4932,1.495,12866
2023-11-21T22:00:00.000Z,1.49457,1.49601,1.49407,1.49544,6960
2023-11-22T02:00:00.000Z,1.49545,1.49608,1.49487,1.49543,7666
2023-11-22T06:00:00.000Z,1.49541,1.49705,1.49347,1.49485,17590
2023-11-22T10:00:00.000Z,1.49486,1.49856,1.49351,1.49614,22083
2023-11-22T14:00:00.000Z,1.49615,1.49658,1.49119,1.49125,31434
2023-11-22T18:00:00.000Z,1.49121,1.4919,1.49009,1.49027,12497
2023-11-22T22:00:00.000Z,1.49012,1.49114,1.48944,1.49111,6893
2023-11-23T02:00:00.000Z,1.4911,1.49219,1.49074,1.4909,6690
2023-11-23T06:00:00.000Z,1.4909,1.49485,1.48948,1.49464,19086
2023-11-23T10:00:00.000Z,1.49465,1.49495,1.49261,1.4939,14909
2023-11-23T14:00:00.000Z,1.49391,1.49455,1.49232,1.49375,11387
2023-11-23T18:00:00.000Z,1.49372,1.49404,1.49286,1.49365,1932
2023-11-23T22:00:00.000Z,1.49213,1.49391,1.49189,1.49313,5477
2023-11-24T02:00:00.000Z,1.49313,1.49458,1.49306,1.49454,7434
2023-11-24T06:00:00.000Z,1.49454,1.49482,1.49257,1.49283,11841
2023-11-24T10:00:00.000Z,1.49282,1.49472,1.4906,1.49179,15601
2023-11-24T14:00:00.000Z,1.49179,1.49183,1.48681,1.48891,20750
2023-11-24T18:00:00.000Z,1.48891,1.4936,1.48856,1.49121,15614
2023-11-26T22:00:00.000Z,1.49178,1.49246,1.49011,1.4921,7349
2023-11-27T02:00:00.000Z,1.49208,1.49517,1.4919,1.49473,10021
2023-11-27T06:00:00.000Z,1.49474,1.49506,1.49131,1.49451,13833
2023-11-27T10:00:00.000Z,1.49451,1.4956,1.49195,1.49293,17316
2023-11-27T14:00:00.000Z,1.49293,1.49294,1.48981,1.49147,24446
2023-11-27T18:00:00.000Z,1.49149,1.49269,1.49066,1.49148,9394
2023-11-27T22:00:00.000Z,1.49168,1.49191,1.49057,1.49103,7926
2023-11-28T02:00:00.000Z,1.49101,1.49101,1.48985,1.49001,9044
2023-11-28T06:00:00.000Z,1.49001,1.49005,1.4869,1.48811,15172
2023-11-28T10:00:00.000Z,1.48809,1.49192,1.48676,1.49168,18804
2023-11-28T14:00:00.000Z,1.49167,1.49456,1.49024,1.49157,34087
2023-11-28T18:00:00.000Z,1.4916,1.49226,1.49003,1.49226,13517
2023-11-28T22:00:00.000Z,1.49104,1.49285,1.49072,1.4908,10482
2023-11-29T02:00:00.000Z,1.4908,1.49104,1.48985,1.49055,11276
2023-11-29T06:00:00.000Z,1.49055,1.49195,1.4889,1.48993,18509
2023-11-29T10:00:00.000Z,1.48994,1.49271,1.48946,1.49157,21764
2023-11-29T14:00:00.000Z,1.49156,1.49277,1.49074,1.49094,29725
2023-11-29T18:00:00.000Z,1.49094,1.49234,1.49049,1.49051,13674
2023-11-29T22:00:00.000Z,1.48957,1.49235,1.48957,1.49091,8260
2023-11-30T02:00:00.000Z,1.49092,1.49128,1.48883,1.48983,9805
2023-11-30T06:00:00.000Z,1.4898,1.49036,1.48535,1.48634,20976
2023-11-30T10:00:00.000Z,1.48634,1.48872,1.48472,1.48668,22736
2023-11-30T14:00:00.000Z,1.4867,1.48678,1.47767,1.47925,40069
2023-11-30T18:00:00.000Z,1.47928,1.47966,1.47571,1.47663,14275
2023-11-30T22:00:00.000Z,1.47576,1.47723,1.47491,1.4764,10753
2023-12-01T02:00:00.000Z,1.47639,1.47743,1.4761,1.47709,8922
2023-12-01T06:00:00.000Z,1.47701,1.47793,1.47279,1.47314,16955
2023-12-01T10:00:00.000Z,1.47314,1.47526,1.46996,1.47007,19619
2023-12-01T14:00:00.000Z,1.4701,1.47055,1.46393,1.46849,35044
2023-12-01T18:00:00.000Z,1.4685,1.47125,1.46673,1.4683,15860
2023-12-03T22:00:00.000Z,1.46892,1.46957,1.46721,1.46878,12340
2023-12-04T02:00:00.000Z,1.46879,1.47112,1.46863,1.46961,8537
2023-12-04T06:00:00.000Z,1.46961,1.47316,1.46831,1.47227,17777
2023-12-04T10:00:00.000Z,1.47224,1.47351,1.46922,1.46966,18081
2023-12-04T14:00:00.000Z,1.46965,1.46975,1.4626,1.46478,33049
2023-12-04T18:00:00.000Z,1.46479,1.46799,1.46477,1.4668,12098
2023-12-04T22:00:00.000Z,1.46549,1.46886,1.46519,1.46852,8848
2023-12-05T02:00:00.000Z,1.46855,1.47045,1.46844,1.47035,8093
2023-12-05T06:00:00.000Z,1.47033,1.4704,1.46466,1.46806,17394
2023-12-05T10:00:00.000Z,1.46805,1.4718,1.46755,1.47114,15472
2023-12-05T14:00:00.000Z,1.47113,1.47122,1.46357,1.46453,25130
2023-12-05T18:00:00.000Z,1.46453,1.46785,1.46339,1.46756,7245
2023-12-05T22:00:00.000Z,1.46666,1.46731,1.46454,1.46472,5595
2023-12-06T02:00:00.000Z,1.46472,1.46616,1.46431,1.46609,4565
2023-12-06T06:00:00.000Z,1.46609,1.46669,1.46166,1.46581,10166
2023-12-06T10:00:00.000Z,1.46581,1.46655,1.4614,1.46445,12852
2023-12-06T14:00:00.000Z,1.46442,1.46604,1.46224,1.46435,18615
2023-12-06T18:00:00.000Z,1.46435,1.46499,1.46199,1.46332,8268
2023-12-06T22:00:00.000Z,1.4624,1.46383,1.4624,1.46344,6601
2023-12-07T02:00:00.000Z,1.46345,1.46426,1.4632,1.46423,4721
2023-12-07T06:00:00.000Z,1.46423,1.4659,1.46264,1.46458,13412
2023-12-07T10:00:00.000Z,1.46457,1.46763,1.46292,1.46641,14905
2023-12-07T14:00:00.000Z,1.46641,1.47009,1.46531,1.46956,22999
2023-12-07T18:00:00.000Z,1.46958,1.46971,1.4673,1.46807,8364
2023-12-07T22:00:00.000Z,1.46722,1.468,1.46451,1.46507,7846
2023-12-08T02:00:00.000Z,1.46509,1.46544,1.46369,1.46431,6347
2023-12-08T06:00:00.000Z,1.46431,1.46585,1.46295,1.46339,10111
2023-12-08T10:00:00.000Z,1.46339,1.4648,1.458,1.46014,15284
2023-12-08T14:00:00.000Z,1.46014,1.46348,1.45892,1.46259,23019
2023-12-08T18:00:00.000Z,1.46259,1.46312,1.46116,1.46238,6899
2023-12-10T22:00:00.000Z,1.46167,1.46432,1.46118,1.46395,6605
2023-12-11T02:00:00.000Z,1.46395,1.46439,1.46351,1.46398,4795
2023-12-11T06:00:00.000Z,1.46396,1.46416,1.4604,1.46348,10513
2023-12-11T10:00:00.000Z,1.46347,1.46528,1.45941,1.46112,12314
2023-12-11T14:00:00.000Z,1.46112,1.46132,1.45655,1.4586,15634
2023-12-11T18:00:00.000Z,1.4586,1.46122,1.45835,1.46104,7115
2023-12-11T22:00:00.000Z,1.46,1.46172,1.45984,1.46041,4232
2023-12-12T02:00:00.000Z,1.46039,1.46074,1.45924,1.45957,3858
2023-12-12T06:00:00.000Z,1.45957,1.46475,1.45922,1.46422,9836
2023-12-12T10:00:00.000Z,1.4642,1.46707,1.46288,1.4642,14441
2023-12-12T14:00:00.000Z,1.46417,1.46921,1.46417,1.46812,17805
2023-12-12T18:00:00.000Z,1.46812,1.46899,1.46659,1.467,7295
2023-12-12T22:00:00.000Z,1.46661,1.46732,1.46629,1.46669,4282
2023-12-13T02:00:00.000Z,1.46669,1.46679,1.46601,1.46639,4351
2023-12-13T06:00:00.000Z,1.46641,1.4685,1.46533,1.46624,9249
2023-12-13T10:00:00.000Z,1.46625,1.46633,1.46378,1.46434,10854
2023-12-13T14:00:00.000Z,1.46434,1.46571,1.46282,1.46479,15813
2023-12-13T18:00:00.000Z,1.46479,1.47142,1.46438,1.46978,22146
2023-12-13T22:00:00.000Z,1.46957,1.4707,1.46833,1.46918,9110
2023-12-14T02:00:00.000Z,1.46918,1.46923,1.46712,1.46722,9281
2023-12-14T06:00:00.000Z,1.46723,1.46983,1.46544,1.46679,16277
2023-12-14T10:00:00.000Z,1.46679,1.4709,1.4653,1.46965,19971
2023-12-14T14:00:00.000Z,1.46962,1.47639,1.46778,1.47556,24460
2023-12-14T18:00:00.000Z,1.47554,1.47626,1.47282,1.47361,11980
2023-12-14T22:00:00.000Z,1.47358,1.47439,1.4722,1.47236,7176
2023-12-15T02:00:00.000Z,1.47234,1.47306,1.47128,1.47137,6875
2023-12-15T06:00:00.000Z,1.47137,1.47195,1.46441,1.46595,13694
2023-12-15T10:00:00.000Z,1.46595,1.46792,1.46125,1.46297,17492
2023-12-15T14:00:00.000Z,1.46297,1.46351,1.45708,1.45826,24081
2023-12-15T18:00:00.000Z,1.45826,1.4591,1.45634,1.45717,12227
2023-12-17T22:00:00.000Z,1.4569,1.45872,1.4565,1.45868,5140
2023-12-18T02:00:00.000Z,1.45868,1.45992,1.45859,1.45977,5157
2023-12-18T06:00:00.000Z,1.45977,1.462,1.4591,1.46042,11356
2023-12-18T10:00:00.000Z,1.46042,1.46108,1.45752,1.45944,14697
2023-12-18T14:00:00.000Z,1.45951,1.46439,1.45945,1.46328,19000
2023-12-18T18:00:00.000Z,1.46324,1.46367,1.46161,1.46355,7340
2023-12-18T22:00:00.000Z,1.46261,1.46358,1.46204,1.46225,5535
2023-12-19T02:00:00.000Z,1.46225,1.46386,1.46185,1.46383,7389
2023-12-19T06:00:00.000Z,1.46383,1.46576,1.46286,1.46462,12973
2023-12-19T10:00:00.000Z,1.46462,1.46828,1.46167,1.46313,13033
2023-12-19T14:00:00.000Z,1.46313,1.46577,1.46243,1.46411,18614
2023-12-19T18:00:00.000Z,1.46411,1.46475,1.46293,1.464,6532
2023-12-19T22:00:00.000Z,1.46396,1.46463,1.46338,1.46381,6223
2023-12-20T02:00:00.000Z,1.46381,1.46457,1.46348,1.46362,5014
2023-12-20T06:00:00.000Z,1.46364,1.46387,1.46064,1.46145,10822
2023-12-20T10:00:00.000Z,1.46146,1.46269,1.45831,1.46217,13899
2023-12-20T14:00:00.000Z,1.46215,1.46301,1.45881,1.45947,17611
2023-12-20T18:00:00.000Z,1.45951,1.46293,1.45903,1.46276,13354
2023-12-20T22:00:00.000Z,1.46234,1.46316,1.46132,1.46223,5116
2023-12-21T02:00:00.000Z,1.46224,1.4625,1.4618,1.46233,7007
2023-12-21T06:00:00.000Z,1.46234,1.46237,1.45909,1.46065,10651
2023-12-21T10:00:00.000Z,1.46065,1.46683,1.45999,1.46504,16444
2023-12-21T14:00:00.000Z,1.46503,1.46613,1.46025,1.46223,23796
2023-12-21T18:00:00.000Z,1.46223,1.46254,1.46072,1.46245,9653
2023-12-21T22:00:00.000Z,1.46198,1.46245,1.45971,1.46083,5743
2023-12-22T02:00:00.000Z,1.46085,1.46179,1.46043,1.46164,6282
2023-12-22T06:00:00.000Z,1.46164,1.46212,1.46017,1.46111,11856
2023-12-22T10:00:00.000Z,1.46111,1.46482,1.46082,1.46285,15459
2023-12-22T14:00:00.000Z,1.46283,1.46373,1.45856,1.46069,22626
2023-12-22T18:00:00.000Z,1.46069,1.46178,1.45972,1.4609,11830
2023-12-25T22:00:00.000Z,1.45835,1.46157,1.45828,1.46091,2810
2023-12-26T02:00:00.000Z,1.46091,1.46151,1.46037,1.46103,3065
2023-12-26T06:00:00.000Z,1.46103,1.46227,1.4588,1.45968,5040
2023-12-26T10:00:00.000Z,1.4597,1.46036,1.45518,1.45581,7402
2023-12-26T14:00:00.000Z,1.4558,1.45819,1.45503,1.45786,10802
2023-12-26T18:00:00.000Z,1.45783,1.4583,1.45698,1.45701,7346
2023-12-26T22:00:00.000Z,1.45686,1.45799,1.456,1.4566,3270
2023-12-27T02:00:00.000Z,1.4566,1.45668,1.45532,1.45647,3765
2023-12-27T06:00:00.000Z,1.45647,1.46005,1.45573,1.45942,8654
2023-12-27T10:00:00.000Z,1.45942,1.46171,1.45835,1.46095,8055
2023-12-27T14:00:00.000Z,1.46096,1.46843,1.45995,1.46695,12985
2023-12-27T18:00:00.000Z,1.46695,1.46859,1.46625,1.46686,6865
2023-12-27T22:00:00.000Z,1.46594,1.46734,1.46501,1.46731,4339
2023-12-28T02:00:00.000Z,1.46731,1.46747,1.46611,1.46624,7529
2023-12-28T06:00:00.000Z,1.46624,1.4717,1.46531,1.47023,12331
2023-12-28T10:00:00.000Z,1.47023,1.47136,1.46254,1.46274,9346
2023-12-28T14:00:00.000Z,1.46277,1.46621,1.46075,1.46329,13443
2023-12-28T18:00:00.000Z,1.46327,1.46399,1.46121,1.4631,7327
2023-12-28T22:00:00.000Z,1.46259,1.46591,1.46252,1.46514,4321
2023-12-29T02:00:00.000Z,1.46514,1.46516,1.46297,1.46338,5360
2023-12-29T06:00:00.000Z,1.46338,1.4667,1.46334,1.46401,7988
2023-12-29T10:00:00.000Z,1.46401,1.46897,1.46399,1.46457,8060
2023-12-29T14:00:00.000Z,1.46456,1.4656,1.45556,1.46113,15912
2023-12-29T18:00:00.000Z,1.46112,1.4631,1.45996,1.46277,10850
2024-01-01T22:00:00.000Z,1.4614,1.46318,1.46069,1.46112,4234
2024-01-02T02:00:00.000Z,1.46112,1.46159,1.46026,1.4603,5846
2024-01-02T06:00:00.000Z,1.4603,1.46236,1.4586,1.45978,13308
2024-01-02T10:00:00.000Z,1.45978,1.45999,1.45488,1.4566,16238
2024-01-02T14:00:00.000Z,1.45661,1.46036,1.45639,1.45689,22744
2024-01-02T18:00:00.000Z,1.45689,1.45962,1.45686,1.45762,9434
2024-01-02T22:00:00.000Z,1.45763,1.45961,1.45694,1.45935,5516
2024-01-03T02:00:00.000Z,1.45933,1.46105,1.45933,1.45942,6898
2024-01-03T06:00:00.000Z,1.45943,1.46114,1.45721,1.45725,12220
2024-01-03T10:00:00.000Z,1.45725,1.4593,1.45628,1.4593,15090
2024-01-03T14:00:00.000Z,1.4593,1.45978,1.45528,1.45716,23758
2024-01-03T18:00:00.000Z,1.45717,1.4589,1.45639,1.45798,15665
2024-01-03T22:00:00.000Z,1.45771,1.45878,1.45692,1.45706,5718
2024-01-04T02:00:00.000Z,1.45706,1.45805,1.45696,1.4575,5858
2024-01-04T06:00:00.000Z,1.4575,1.46133,1.45585,1.46117,15391
2024-01-04T10:00:00.000Z,1.46119,1.46202,1.45895,1.46202,14139
2024-01-04T14:00:00.000Z,1.46206,1.46434,1.4606,1.4623,21354
2024-01-04T18:00:00.000Z,1.4623,1.46241,1.46089,1.46126,8223
2024-01-04T22:00:00.000Z,1.46102,1.46262,1.46047,1.46198,5434
2024-01-05T02:00:00.000Z,1.46199,1.46225,1.46099,1.46139,4146
2024-01-05T06:00:00.000Z,1.46139,1.46139,1.45705,1.45916,10779
2024-01-05T10:00:00.000Z,1.45924,1.46056,1.45648,1.45888,14523
2024-01-05T14:00:00.000Z,1.45888,1.46447,1.45888,1.46032,27857
2024-01-05T18:00:00.000Z,1.46032,1.46296,1.45978,1.46194,10104
2024-01-07T22:00:00.000Z,1.46084,1.46246,1.46017,1.46199,4854
2024-01-08T02:00:00.000Z,1.46199,1.46288,1.46124,1.46268,4229
2024-01-08T06:00:00.000Z,1.46268,1.46417,1.46235,1.46321,11753
2024-01-08T10:00:00.000Z,1.46321,1.46718,1.46285,1.46687,13746
2024-01-08T14:00:00.000Z,1.46685,1.46881,1.46537,1.46553,16628
2024-01-08T18:00:00.000Z,1.46553,1.46553,1.46146,1.46167,6552
2024-01-08T22:00:00.000Z,1.46129,1.46324,1.46126,1.46315,5865
2024-01-09T02:00:00.000Z,1.46315,1.46365,1.46248,1.46311,4188
2024-01-09T06:00:00.000Z,1.46311,1.46407,1.46061,1.46134,9297
2024-01-09T10:00:00.000Z,1.46138,1.46368,1.46041,1.46354,11374
2024-01-09T14:00:00.000Z,1.46354,1.46772,1.46252,1.46413,18184
2024-01-09T18:00:00.000Z,1.46415,1.46452,1.46295,1.4635,8896
2024-01-09T22:00:00.000Z,1.46328,1.464,1.46247,1.46289,6406
2024-01-10T02:00:00.000Z,1.46289,1.4632,1.46251,1.46286,4399
2024-01-10T06:00:00.000Z,1.46286,1.46473,1.46238,1.46367,9738
2024-01-10T10:00:00.000Z,1.46367,1.46557,1.46324,1.46426,10012
2024-01-10T14:00:00.000Z,1.46426,1.46806,1.46239,1.46734,14044
2024-01-10T18:00:00.000Z,1.46734,1.46806,1.4667,1.46788,7067
2024-01-10T22:00:00.000Z,1.46674,1.46827,1.46663,1.46722,4808
2024-01-11T02:00:00.000Z,1.46722,1.46736,1.46643,1.46648,4319
2024-01-11T06:00:00.000Z,1.46648,1.46764,1.46549,1.46584,9100
2024-01-11T10:00:00.000Z,1.46584,1.46874,1.46501,1.46611,16517
2024-01-11T14:00:00.000Z,1.46609,1.47192,1.4656,1.47012,28470
2024-01-11T18:00:00.000Z,1.47011,1.4716,1.46865,1.46967,11919
2024-01-11T22:00:00.000Z,1.46963,1.47007,1.46841,1.46854,5567
2024-01-12T02:00:00.000Z,1.46854,1.46923,1.46816,1.46835,4821
2024-01-12T06:00:00.000Z,1.46835,1.46841,1.46413,1.46415,10070
2024-01-12T10:00:00.000Z,1.46415,1.46611,1.46264,1.46305,14994
2024-01-12T14:00:00.000Z,1.46303,1.4692,1.46279,1.46749,23419
2024-01-12T18:00:00.000Z,1.46749,1.4693,1.46723,1.46771,7447
2024-01-14T22:00:00.000Z,1.46658,1.46816,1.46629,1.46727,6976
2024-01-15T02:00:00.000Z,1.46727,1.46906,1.46702,1.46901,5506
2024-01-15T06:00:00.000Z,1.46897,1.47016,1.46765,1.46845,10677
2024-01-15T10:00:00.000Z,1.46846,1.47068,1.46728,1.47058,11889
2024-01-15T14:00:00.000Z,1.47056,1.47244,1.46918,1.47123,9044
2024-01-15T18:00:00.000Z,1.47123,1.47171,1.46995,1.47012,1585
2024-01-15T22:00:00.000Z,1.46964,1.47075,1.46847,1.47014,10786
2024-01-16T02:00:00.000Z,1.47014,1.47153,1.46994,1.47098,7531
2024-01-16T06:00:00.000Z,1.47097,1.47264,1.46855,1.46918,15797
2024-01-16T10:00:00.000Z,1.46919,1.46983,1.46344,1.46393,16033
2024-01-16T14:00:00.000Z,1.46393,1.46724,1.46372,1.46534,24978
2024-01-16T18:00:00.000Z,1.46533,1.46787,1.46533,1.46742,10129
2024-01-16T22:00:00.000Z,1.46641,1.46775,1.46637,1.4671,5473
2024-01-17T02:00:00.000Z,1.4671,1.46767,1.46628,1.46765,5510
2024-01-17T06:00:00.000Z,1.46765,1.47106,1.46715,1.47025,14647
2024-01-17T10:00:00.000Z,1.47021,1.47163,1.46725,1.46874,15590
2024-01-17T14:00:00.000Z,1.46876,1.47078,1.46607,1.46991,21694
2024-01-17T18:00:00.000Z,1.46992,1.47056,1.46892,1.46967,8866
2024-01-17T22:00:00.000Z,1.46933,1.47085,1.46887,1.46985,6487
2024-01-18T02:00:00.000Z,1.46985,1.47048,1.46948,1.4699,6016
2024-01-18T06:00:00.000Z,1.4699,1.47067,1.46829,1.4686,11059
2024-01-18T10:00:00.000Z,1.4686,1.46998,1.46704,1.46706,13973
2024-01-18T14:00:00.000Z,1.46706,1.46778,1.46512,1.46681,23713
2024-01-18T18:00:00.000Z,1.4668,1.46733,1.46625,1.46665,9761
2024-01-18T22:00:00.000Z,1.46626,1.46838,1.46481,1.46796,6047
2024-01-19T02:00:00.000Z,1.468,1.46861,1.46776,1.4685,5323
2024-01-19T06:00:00.000Z,1.4685,1.46867,1.46499,1.46543,12029
2024-01-19T10:00:00.000Z,1.46543,1.46721,1.46434,1.46623,12509
2024-01-19T14:00:00.000Z,1.46624,1.46703,1.46492,1.46579,20436
2024-01-19T18:00:00.000Z,1.46579,1.46666,1.46301,1.46347,9333
2024-01-21T22:00:00.000Z,1.46244,1.46398,1.46151,1.46391,8249
2024-01-22T02:00:00.000Z,1.46391,1.46526,1.46382,1.46492,4427
2024-01-22T06:00:00.000Z,1.46492,1.46599,1.46228,1.46297,9859
2024-01-22T10:00:00.000Z,1.46296,1.464,1.46058,1.46344,10990
2024-01-22T14:00:00.000Z,1.46344,1.46609,1.4621,1.46565,13969
2024-01-22T18:00:00.000Z,1.46565,1.46734,1.46539,1.46677,6402
2024-01-22T22:00:00.000Z,1.4665,1.46774,1.46575,1.46772,5904
2024-01-23T02:00:00.000Z,1.46772,1.46804,1.46665,1.468,6952
2024-01-23T06:00:00.000Z,1.468,1.46929,1.46655,1.46719,12731
2024-01-23T10:00:00.000Z,1.46719,1.46742,1.46342,1.46531,11075
2024-01-23T14:00:00.000Z,1.46531,1.46544,1.45887,1.46033,14334
2024-01-23T18:00:00.000Z,1.46033,1.46161,1.46004,1.46074,5273
2024-01-23T22:00:00.000Z,1.45959,1.46205,1.45955,1.46202,4745
2024-01-24T02:00:00.000Z,1.46202,1.46365,1.46201,1.46291,5633
2024-01-24T06:00:00.000Z,1.4629,1.46593,1.46074,1.46552,14209
2024-01-24T10:00:00.000Z,1.46552,1.46769,1.46438,1.46737,14286
2024-01-24T14:00:00.000Z,1.46739,1.47051,1.46582,1.47002,22583
2024-01-24T18:00:00.000Z,1.47002,1.47221,1.46956,1.47194,9448
2024-01-24T22:00:00.000Z,1.47086,1.47222,1.47056,1.47104,5898
2024-01-25T02:00:00.000Z,1.47102,1.47106,1.46993,1.47094,5615
2024-01-25T06:00:00.000Z,1.47094,1.47348,1.47068,1.47156,11499
2024-01-25T10:00:00.000Z,1.47158,1.4719,1.46625,1.46757,15085
2024-01-25T14:00:00.000Z,1.46756,1.4677,1.46164,1.46261,23238
2024-01-25T18:00:00.000Z,1.46261,1.46317,1.46018,1.46099,10992
2024-01-25T22:00:00.000Z,1.46036,1.46212,1.46025,1.46089,4360
2024-01-26T02:00:00.000Z,1.4609,1.46103,1.45957,1.45985,4857
2024-01-26T06:00:00.000Z,1.45986,1.46091,1.45702,1.45916,11489
2024-01-26T10:00:00.000Z,1.45916,1.46206,1.45876,1.45981,12754
2024-01-26T14:00:00.000Z,1.45981,1.46298,1.4586,1.46251,14873
2024-01-26T18:00:00.000Z,1.46251,1.46289,1.45911,1.45975,6773
2024-01-28T22:00:00.000Z,1.45887,1.45948,1.45803,1.45821,5549
2024-01-29T02:00:00.000Z,1.45821,1.45911,1.45747,1.4577,6033
2024-01-29T06:00:00.000Z,1.4577,1.45847,1.45418,1.45431,9432
2024-01-29T10:00:00.000Z,1.45431,1.45516,1.45274,1.45399,9857
2024-01-29T14:00:00.000Z,1.45397,1.4551,1.45215,1.45376,12227
2024-01-29T18:00:00.000Z,1.45376,1.45432,1.4521,1.45322,7251
2024-01-29T22:00:00.000Z,1.45285,1.45333,1.45232,1.45262,4914
2024-01-30T02:00:00.000Z,1.45262,1.45271,1.45074,1.45101,4708
2024-01-30T06:00:00.000Z,1.45101,1.45205,1.44982,1.45121,9570
2024-01-30T10:00:00.000Z,1.45121,1.45668,1.45076,1.4558,13442
2024-01-30T14:00:00.000Z,1.4558,1.45692,1.45361,1.45379,19155
2024-01-30T18:00:00.000Z,1.45379,1.45384,1.45227,1.45293,5495
2024-01-30T22:00:00.000Z,1.45217,1.45345,1.45208,1.45254,6441
2024-01-31T02:00:00.000Z,1.45254,1.45269,1.45121,1.45182,6753
2024-01-31T06:00:00.000Z,1.45182,1.45383,1.45004,1.45259,10914
2024-01-31T10:00:00.000Z,1.45259,1.45682,1.45259,1.45448,12783
2024-01-31T14:00:00.000Z,1.45448,1.45724,1.45041,1.45298,23008
2024-01-31T18:00:00.000Z,1.45299,1.45367,1.44979,1.45335,27017
2024-01-31T22:00:00.000Z,1.45313,1.45346,1.45068,1.4519,6404
2024-02-01T02:00:00.000Z,1.4519,1.45278,1.45147,1.45261,7748
2024-02-01T06:00:00.000Z,1.45261,1.45298,1.45025,1.4518,12519
2024-02-01T10:00:00.000Z,1.45197,1.45533,1.45155,1.45339,15229
2024-02-01T14:00:00.000Z,1.45339,1.4553,1.45136,1.45488,25773
2024-02-01T18:00:00.000Z,1.4549,1.4558,1.45342,1.45495,13085
2024-02-01T22:00:00.000Z,1.45469,1.45551,1.45393,1.45397,4793
2024-02-02T02:00:00.000Z,1.45395,1.45544,1.45387,1.45486,5003
2024-02-02T06:00:00.000Z,1.45485,1.45701,1.45448,1.45594,10426
2024-02-02T10:00:00.000Z,1.45594,1.45641,1.45072,1.45186,13703
2024-02-02T14:00:00.000Z,1.45186,1.45564,1.45076,1.45217,23933
2024-02-02T18:00:00.000Z,1.45217,1.45309,1.45151,1.45233,10586
2024-02-04T22:00:00.000Z,1.45112,1.45288,1.451,1.45209,9617
2024-02-05T02:00:00.000Z,1.45209,1.45282,1.45168,1.45233,6431
2024-02-05T06:00:00.000Z,1.45233,1.45329,1.4501,1.45025,11192
2024-02-05T10:00:00.000Z,1.45021,1.45165,1.44936,1.45079,12149
2024-02-05T14:00:00.000Z,1.45077,1.45346,1.45032,1.4527,18635
2024-02-05T18:00:00.000Z,1.4527,1.4546,1.45226,1.45458,8758
2024-02-05T22:00:00.000Z,1.45387,1.45477,1.45283,1.45296,5292
2024-02-06T02:00:00.000Z,1.45296,1.45348,1.45231,1.45304,6992
2024-02-06T06:00:00.000Z,1.45304,1.45453,1.45141,1.45198,11641
2024-02-06T10:00:00.000Z,1.45198,1.45323,1.45141,1.45223,12790
2024-02-06T14:00:00.000Z,1.45222,1.45358,1.44979,1.44996,21322
2024-02-06T18:00:00.000Z,1.44996,1.45113,1.44916,1.45098,10481
2024-02-06T22:00:00.000Z,1.45019,1.45134,1.4495,1.45063,7195
2024-02-07T02:00:00.000Z,1.45063,1.45141,1.45026,1.45126,6513
2024-02-07T06:00:00.000Z,1.45126,1.45244,1.44996,1.45071,11490
2024-02-07T10:00:00.000Z,1.45071,1.45208,1.44971,1.45025,14139
2024-02-07T14:00:00.000Z,1.45025,1.45193,1.44821,1.45034,21478
2024-02-07T18:00:00.000Z,1.45035,1.45147,1.44996,1.45032,8551
2024-02-07T22:00:00.000Z,1.44983,1.45082,1.44948,1.45011,6382
2024-02-08T02:00:00.000Z,1.45011,1.45101,1.44992,1.45065,7096
2024-02-08T06:00:00.000Z,1.45069,1.45193,1.45,1.45162,13247
2024-02-08T10:00:00.000Z,1.45162,1.45191,1.44879,1.44892,14496
2024-02-08T14:00:00.000Z,1.44887,1.45124,1.44814,1.45057,20019
2024-02-08T18:00:00.000Z,1.45057,1.45135,1.44965,1.45043,9409
2024-02-08T22:00:00.000Z,1.45003,1.45083,1.44983,1.45036,5026
2024-02-09T02:00:00.000Z,1.45036,1.45071,1.44991,1.45024,4428
2024-02-09T06:00:00.000Z,1.45024,1.45152,1.44855,1.44892,9950
2024-02-09T10:00:00.000Z,1.44891,1.44964,1.44589,1.44895,15377
2024-02-09T14:00:00.000Z,1.44893,1.45343,1.44841,1.45272,19344
2024-02-09T18:00:00.000Z,1.45272,1.45293,1.45105,1.45135,6569
2024-02-11T22:00:00.000Z,1.45128,1.45316,1.45084,1.45288,4310
2024-02-12T02:00:00.000Z,1.45288,1.45325,1.45242,1.4526,2729
2024-02-12T06:00:00.000Z,1.4526,1.45339,1.44965,1.45004,10208
2024-02-12T10:00:00.000Z,1.45004,1.45136,1.44935,1.45012,11160
2024-02-12T14:00:00.000Z,1.45012,1.45048,1.44718,1.44868,14989
2024-02-12T18:00:00.000Z,1.44868,1.44967,1.44824,1.44885,7987
2024-02-12T22:00:00.000Z,1.44897,1.44962,1.44829,1.44834,4025
2024-02-13T02:00:00.000Z,1.44834,1.44918,1.44818,1.44889,3423
2024-02-13T06:00:00.000Z,1.44889,1.44946,1.44776,1.44813,11238
2024-02-13T10:00:00.000Z,1.44813,1.45125,1.44682,1.44813,16562
2024-02-13T14:00:00.000Z,1.44812,1.45474,1.44758,1.4539,25243
2024-02-13T18:00:00.000Z,1.45391,1.45524,1.45239,1.45261,11199
2024-02-13T22:00:00.000Z,1.45211,1.45351,1.45191,1.45291,6261
2024-02-14T02:00:00.000Z,1.4529,1.45323,1.45225,1.45249,4495
2024-02-14T06:00:00.000Z,1.4525,1.45271,1.44877,1.44906,12740
2024-02-14T10:00:00.000Z,1.44906,1.45146,1.4478,1.45106,12677
2024-02-14T14:00:00.000Z,1.45106,1.45488,1.45087,1.45372,21048
2024-02-14T18:00:00.000Z,1.45372,1.45383,1.45248,1.45273,8469
2024-02-14T22:00:00.000Z,1.45201,1.45347,1.45181,1.45305,4215
2024-02-15T02:00:00.000Z,1.45305,1.45357,1.45249,1.4531,4326
2024-02-15T06:00:00.000Z,1.4531,1.45433,1.45182,1.45281,10404
2024-02-15T10:00:00.000Z,1.45282,1.45606,1.45238,1.45521,14554
2024-02-15T14:00:00.000Z,1.45519,1.45573,1.4513,1.45155,22005
2024-02-15T18:00:00.000Z,1.45155,1.45161,1.45021,1.45031,9568
2024-02-15T22:00:00.000Z,1.44991,1.45124,1.44982,1.45085,4978
2024-02-16T02:00:00.000Z,1.45085,1.45122,1.45056,1.45074,7970
2024-02-16T06:00:00.000Z,1.45074,1.45225,1.45024,1.4513,10716
2024-02-16T10:00:00.000Z,1.45125,1.45289,1.44901,1.45021,13835
2024-02-16T14:00:00.000Z,1.45028,1.45251,1.45003,1.45226,20262
2024-02-16T18:00:00.000Z,1.45226,1.45405,1.45195,1.45322,9075
2024-02-18T22:00:00.000Z,1.45183,1.45363,1.45175,1.45291,6140
2024-02-19T02:00:00.000Z,1.45291,1.45339,1.45251,1.45302,5977
2024-02-19T06:00:00.000Z,1.45301,1.45357,1.45144,1.45171,8956
2024-02-19T10:00:00.000Z,1.45174,1.45289,1.45144,1.45175,8379
2024-02-19T14:00:00.000Z,1.45175,1.45374,1.45093,1.45371,7646
2024-02-19T18:00:00.000Z,1.45371,1.4545,1.45368,1.45398,1939
2024-02-19T22:00:00.000Z,1.4534,1.45463,1.45271,1.4539,5252
2024-02-20T02:00:00.000Z,1.4539,1.45482,1.4535,1.45446,5352
2024-02-20T06:00:00.000Z,1.45446,1.457,1.45403,1.45687,9834
2024-02-20T10:00:00.000Z,1.45688,1.46361,1.45535,1.46256,16045
2024-02-20T14:00:00.000Z,1.46258,1.46472,1.46097,1.46169,19456
2024-02-20T18:00:00.000Z,1.46169,1.46216,1.46093,1.46162,9184
2024-02-20T22:00:00.000Z,1.4613,1.46192,1.46062,1.46156,3967
2024-02-21T02:00:00.000Z,1.46156,1.4619,1.46059,1.46093,6003
2024-02-21T06:00:00.000Z,1.46093,1.46174,1.46023,1.46079,11237
2024-02-21T10:00:00.000Z,1.46079,1.46212,1.45986,1.46185,16720
2024-02-21T14:00:00.000Z,1.46186,1.46239,1.45969,1.45988,32011
2024-02-21T18:00:00.000Z,1.45988,1.46162,1.45953,1.46089,25315
2024-02-21T22:00:00.000Z,1.45943,1.46101,1.4594,1.46012,10321
2024-02-22T02:00:00.000Z,1.46013,1.46078,1.4595,1.46005,10290
2024-02-22T06:00:00.000Z,1.46002,1.46394,1.45916,1.45979,26099
2024-02-22T10:00:00.000Z,1.45977,1.4626,1.45935,1.46157,28041
2024-02-22T14:00:00.000Z,1.46159,1.46167,1.45764,1.45972,34533
2024-02-22T18:00:00.000Z,1.45974,1.4606,1.45861,1.45889,18918
2024-02-22T22:00:00.000Z,1.45863,1.46054,1.45781,1.45971,13011
2024-02-23T02:00:00.000Z,1.4597,1.45997,1.45871,1.45891,17867
2024-02-23T06:00:00.000Z,1.4589,1.4609,1.45879,1.45994,22579
2024-02-23T10:00:00.000Z,1.45997,1.46057,1.45775,1.45833,28000
2024-02-23T14:00:00.000Z,1.45834,1.46262,1.45829,1.46093,35734
2024-02-23T18:00:00.000Z,1.46093,1.46158,1.46069,1.4614,16363
2024-02-25T22:00:00.000Z,1.46113,1.46218,1.45987,1.46161,5695
2024-02-26T02:00:00.000Z,1.4616,1.46224,1.46147,1.46214,5075
2024-02-26T06:00:00.000Z,1.46214,1.46639,1.46208,1.46578,11231
2024-02-26T10:00:00.000Z,1.46577,1.46778,1.46533,1.46601,21103
2024-02-26T14:00:00.000Z,1.46602,1.46723,1.46497,1.46594,25982
2024-02-26T18:00:00.000Z,1.46594,1.46601,1.46493,1.46545,15525
2024-02-26T22:00:00.000Z,1.46483,1.46568,1.46455,1.46548,10913
2024-02-27T02:00:00.000Z,1.46548,1.46629,1.46489,1.46516,15126
2024-02-27T06:00:00.000Z,1.46515,1.46611,1.46422,1.4643,22134
2024-02-27T10:00:00.000Z,1.46429,1.46528,1.46294,1.46431,22937
2024-02-27T14:00:00.000Z,1.46432,1.46895,1.46386,1.46729,31311
2024-02-27T18:00:00.000Z,1.4673,1.46766,1.4668,1.46707,17054
2024-02-27T22:00:00.000Z,1.4665,1.4676,1.46632,1.46693,10086
2024-02-28T02:00:00.000Z,1.46695,1.46737,1.46668,1.46673,9756
2024-02-28T06:00:00.000Z,1.46673,1.4684,1.46613,1.46739,23659
2024-02-28T10:00:00.000Z,1.46738,1.47059,1.46731,1.47026,27036
2024-02-28T14:00:00.000Z,1.47024,1.47191,1.46853,1.47074,28926
2024-02-28T18:00:00.000Z,1.47077,1.47165,1.47018,1.47143,16278
2024-02-28T22:00:00.000Z,1.47106,1.47196,1.47052,1.47053,12956
2024-02-29T02:00:00.000Z,1.47054,1.4708,1.47006,1.47069,17452
2024-02-29T06:00:00.000Z,1.47069,1.474,1.46966,1.47395,27511
2024-02-29T10:00:00.000Z,1.47395,1.47476,1.46917,1.47006,29042
2024-02-29T14:00:00.000Z,1.47008,1.47104,1.46559,1.46633,38261
2024-02-29T18:00:00.000Z,1.46633,1.46743,1.46601,1.46708,19815
2024-02-29T22:00:00.000Z,1.46534,1.46796,1.46534,1.46795,12188
2024-03-01T02:00:00.000Z,1.46794,1.46812,1.4669,1.46718,9367
2024-03-01T06:00:00.000Z,1.46718,1.47006,1.46659,1.46827,22816
2024-03-01T10:00:00.000Z,1.46828,1.4694,1.4663,1.4689,26198
2024-03-01T14:00:00.000Z,1.46889,1.4703,1.46698,1.46884,32560
2024-03-01T18:00:00.000Z,1.46883,1.47001,1.46861,1.46964,17929
2024-03-03T22:00:00.000Z,1.46826,1.47022,1.46819,1.47,5675
2024-03-04T02:00:00.000Z,1.47,1.47108,1.46999,1.47089,3691
2024-03-04T06:00:00.000Z,1.47089,1.47214,1.47025,1.47131,8948
2024-03-04T10:00:00.000Z,1.4713,1.47345,1.4709,1.47179,14230
2024-03-04T14:00:00.000Z,1.47179,1.47464,1.47134,1.47349,28958
2024-03-04T18:00:00.000Z,1.47348,1.47441,1.473,1.47345,14878
2024-03-04T22:00:00.000Z,1.47284,1.47382,1.47243,1.47248,11998
2024-03-05T02:00:00.000Z,1.47248,1.4744,1.47238,1.47433,8985
2024-03-05T06:00:00.000Z,1.47436,1.47621,1.47384,1.47445,19828
2024-03-05T10:00:00.000Z,1.47444,1.47504,1.47293,1.47377,22329
2024-03-05T14:00:00.000Z,1.47377,1.4757,1.47169,1.47432,32709
2024-03-05T18:00:00.000Z,1.47434,1.47603,1.47372,1.47556,20224
2024-03-05T22:00:00.000Z,1.47539,1.4759,1.47312,1.47321,12115
2024-03-06T02:00:00.000Z,1.47321,1.47452,1.47321,1.4744,12433
2024-03-06T06:00:00.000Z,1.47438,1.47751,1.47423,1.47708,22521
2024-03-06T10:00:00.000Z,1.47707,1.47795,1.47519,1.47656,24076
2024-03-06T14:00:00.000Z,1.47656,1.47738,1.47212,1.47232,36781
2024-03-06T18:00:00.000Z,1.47237,1.47345,1.47219,1.47271,22539
2024-03-06T22:00:00.000Z,1.472,1.47399,1.47166,1.47281,10717
2024-03-07T02:00:00.000Z,1.47282,1.47369,1.47225,1.47271,12705
2024-03-07T06:00:00.000Z,1.47269,1.473,1.4709,1.47238,21354
2024-03-07T10:00:00.000Z,1.47237,1.47239,1.46575,1.46613,25703
2024-03-07T14:00:00.000Z,1.46613,1.47369,1.46573,1.47317,33839
2024-03-07T18:00:00.000Z,1.47317,1.47383,1.47233,1.47346,16672
2024-03-07T22:00:00.000Z,1.47247,1.47348,1.47193,1.4725,11025
2024-03-08T02:00:00.000Z,1.47249,1.47279,1.47165,1.47175,9661
2024-03-08T06:00:00.000Z,1.47175,1.47217,1.46803,1.46931,23952
2024-03-08T10:00:00.000Z,1.4693,1.47412,1.4684,1.47348,27796
2024-03-08T14:00:00.000Z,1.4735,1.47515,1.47215,1.47479,40334
2024-03-08T18:00:00.000Z,1.47479,1.47609,1.47445,1.47501,19512
2024-03-10T21:00:00.000Z,1.47475,1.47573,1.47413,1.47489,10137
2024-03-11T01:00:00.000Z,1.47488,1.47546,1.4742,1.47517,14667
2024-03-11T05:00:00.000Z,1.47517,1.47655,1.47398,1.47528,18815
2024-03-11T09:00:00.000Z,1.47529,1.47645,1.47286,1.47632,22904
2024-03-11T13:00:00.000Z,1.47633,1.47633,1.47268,1.47298,31427
2024-03-11T17:00:00.000Z,1.47299,1.47368,1.47266,1.47315,16867
2024-03-11T21:00:00.000Z,1.47249,1.47342,1.47183,1.47317,8759
2024-03-12T01:00:00.000Z,1.47318,1.47384,1.47283,1.47366,10737
2024-03-12T05:00:00.000Z,1.47368,1.47401,1.4718,1.47191,16091
2024-03-12T09:00:00.000Z,1.47191,1.47447,1.47172,1.47346,27989
2024-03-12T13:00:00.000Z,1.47345,1.47484,1.47238,1.47392,37220
2024-03-12T17:00:00.000Z,1.47391,1.47448,1.47375,1.47406,18197
2024-03-12T21:00:00.000Z,1.47388,1.47452,1.47352,1.47427,10959
2024-03-13T01:00:00.000Z,1.47427,1.47477,1.47385,1.47403,19396
2024-03-13T05:00:00.000Z,1.47403,1.47482,1.47346,1.47387,20702
2024-03-13T09:00:00.000Z,1.47387,1.47628,1.47303,1.47545,24696
2024-03-13T13:00:00.000Z,1.47546,1.47589,1.47247,1.47461,29735
2024-03-13T17:00:00.000Z,1.4746,1.4759,1.4743,1.47474,15814
2024-03-13T21:00:00.000Z,1.4746,1.47519,1.47385,1.47447,7747
2024-03-14T01:00:00.000Z,1.47449,1.47468,1.47389,1.47448,9248
2024-03-14T05:00:00.000Z,1.47446,1.47478,1.47297,1.47336,16743
2024-03-14T09:00:00.000Z,1.47336,1.47392,1.47171,1.47303,21761
2024-03-14T13:00:00.000Z,1.47301,1.47332,1.47145,1.4722,35251
2024-03-14T17:00:00.000Z,1.47219,1.47364,1.47215,1.47293,19456
2024-03-14T21:00:00.000Z,1.47252,1.47369,1.47204,1.47286,10766
2024-03-15T01:00:00.000Z,1.47286,1.47294,1.47191,1.47238,13829
2024-03-15T05:00:00.000Z,1.47239,1.47481,1.47205,1.47438,19942
2024-03-15T09:00:00.000Z,1.47436,1.47496,1.4728,1.47296,21524
2024-03-15T13:00:00.000Z,1.47296,1.47472,1.47102,1.47441,31787
2024-03-15T17:00:00.000Z,1.47442,1.47505,1.47403,1.47421,15016
2024-03-17T21:00:00.000Z,1.47361,1.47479,1.47232,1.47432,7441
2024-03-18T01:00:00.000Z,1.47433,1.47482,1.47349,1.47381,9559
2024-03-18T05:00:00.000Z,1.4738,1.47469,1.47284,1.47361,13338
2024-03-18T09:00:00.000Z,1.47363,1.47674,1.47317,1.47403,19007
2024-03-18T13:00:00.000Z,1.47403,1.47556,1.47222,1.47264,25353
2024-03-18T17:00:00.000Z,1.47264,1.47279,1.47085,1.4714,14031
2024-03-18T21:00:00.000Z,1.47084,1.4721,1.47074,1.47199,8524
2024-03-19T01:00:00.000Z,1.47198,1.47304,1.47181,1.47288,16500
2024-03-19T05:00:00.000Z,1.47289,1.47462,1.47139,1.47206,20937
2024-03-19T09:00:00.000Z,1.47205,1.47716,1.47113,1.47646,25159
2024-03-19T13:00:00.000Z,1.47643,1.47791,1.4731,1.4732,27754
2024-03-19T17:00:00.000Z,1.47319,1.47418,1.4727,1.47397,14681
2024-03-19T21:00:00.000Z,1.47336,1.47507,1.47283,1.4748,8532
2024-03-20T01:00:00.000Z,1.4748,1.47554,1.47431,1.47545,9560
2024-03-20T05:00:00.000Z,1.47544,1.47644,1.47479,1.47498,14377
2024-03-20T09:00:00.000Z,1.47498,1.47506,1.47259,1.47282,21774
2024-03-20T13:00:00.000Z,1.47281,1.47392,1.47163,1.47167,20995
2024-03-20T17:00:00.000Z,1.47167,1.47354,1.47119,1.47347,31852
2024-03-20T21:00:00.000Z,1.47318,1.47398,1.47266,1.47281,11979
2024-03-21T01:00:00.000Z,1.47281,1.47308,1.472,1.47214,16456
2024-03-21T05:00:00.000Z,1.47214,1.47279,1.46921,1.46987,20990
2024-03-21T09:00:00.000Z,1.46988,1.47451,1.46966,1.47381,26241
2024-03-21T13:00:00.000Z,1.47381,1.47399,1.46898,1.46931,35077
2024-03-21T17:00:00.000Z,1.46931,1.47008,1.46851,1.46908,14955
2024-03-21T21:00:00.000Z,1.46902,1.46957,1.46848,1.46925,7047
2024-03-22T01:00:00.000Z,1.46924,1.47036,1.46881,1.469,14824
2024-03-22T05:00:00.000Z,1.46899,1.46978,1.46641,1.46697,19380
2024-03-22T09:00:00.000Z,1.46697,1.46966,1.46694,1.46857,23716
2024-03-22T13:00:00.000Z,1.46859,1.472,1.46788,1.46977,24889
2024-03-22T17:00:00.000Z,1.46977,1.47105,1.46973,1.47058,10972
2024-03-24T21:00:00.000Z,1.46968,1.47107,1.46949,1.47051,6616
2024-03-25T01:00:00.000Z,1.47052,1.47083,1.47004,1.47047,17300
2024-03-25T05:00:00.000Z,1.47049,1.47181,1.46951,1.4697,15378
2024-03-25T09:00:00.000Z,1.46968,1.47228,1.46952,1.47201,18754
2024-03-25T13:00:00.000Z,1.47201,1.47244,1.47073,1.47168,22412
2024-03-25T17:00:00.000Z,1.47167,1.47279,1.47146,1.4722,9977
2024-03-25T21:00:00.000Z,1.47204,1.47243,1.47133,1.47228,7128
2024-03-26T01:00:00.000Z,1.47229,1.4725,1.47165,1.47234,10764
2024-03-26T05:00:00.000Z,1.47235,1.4735,1.47233,1.47314,15217
2024-03-26T09:00:00.000Z,1.47314,1.47387,1.47084,1.47101,23161
2024-03-26T13:00:00.000Z,1.47101,1.47242,1.46905,1.4701,25463
2024-03-26T17:00:00.000Z,1.4701,1.47164,1.46979,1.47123,12507
2024-03-26T21:00:00.000Z,1.47126,1.47154,1.4697,1.47141,8847
2024-03-27T01:00:00.000Z,1.47142,1.47218,1.47116,1.47167,12838
2024-03-27T05:00:00.000Z,1.47167,1.47327,1.47114,1.4731,15627
2024-03-27T09:00:00.000Z,1.47311,1.47338,1.47075,1.47155,22106
2024-03-27T13:00:00.000Z,1.47155,1.47163,1.46787,1.47009,25865
2024-03-27T17:00:00.000Z,1.47008,1.47036,1.46853,1.46902,13819
2024-03-27T21:00:00.000Z,1.46825,1.4698,1.46809,1.46931,9058
2024-03-28T01:00:00.000Z,1.46932,1.46979,1.46867,1.46924,10577
2024-03-28T05:00:00.000Z,1.46924,1.46986,1.4672,1.46805,15972
2024-03-28T09:00:00.000Z,1.46805,1.46813,1.46506,1.46667,21634
2024-03-28T13:00:00.000Z,1.46665,1.4674,1.46097,1.46179,28278
2024-03-28T17:00:00.000Z,1.46179,1.46207,1.46032,1.46052,14958
2024-03-28T21:00:00.000Z,1.45938,1.46124,1.45938,1.45975,10201
2024-03-29T01:00:00.000Z,1.45975,1.46049,1.45841,1.46035,7446
2024-03-29T05:00:00.000Z,1.46035,1.46124,1.45891,1.46046,7666
2024-03-29T09:00:00.000Z,1.46046,1.4631,1.45967,1.46214,10302
2024-03-29T13:00:00.000Z,1.46216,1.46328,1.46029,1.46067,8871
2024-03-29T17:00:00.000Z,1.46068,1.46194,1.46054,1.4612,6491
2024-03-31T21:00:00.000Z,1.45998,1.46159,1.45891,1.45927,12425
2024-04-01T01:00:00.000Z,1.45926,1.45978,1.45905,1.45926,11769
2024-04-01T05:00:00.000Z,1.4593,1.46003,1.45873,1.45966,11628
2024-04-01T09:00:00.000Z,1.45967,1.46266,1.45897,1.46183,15697
2024-04-01T13:00:00.000Z,1.46183,1.46186,1.45694,1.45758,27226
2024-04-01T17:00:00.000Z,1.4576,1.45927,1.4576,1.45766,12091
2024-04-01T21:00:00.000Z,1.45722,1.45826,1.45678,1.45745,8098
2024-04-02T01:00:00.000Z,1.45744,1.45764,1.45643,1.4575,9961
2024-04-02T05:00:00.000Z,1.45752,1.4578,1.45458,1.45558,19485
2024-04-02T09:00:00.000Z,1.45556,1.45881,1.45556,1.45873,20227
2024-04-02T13:00:00.000Z,1.45874,1.46246,1.45872,1.46133,28483
2024-04-02T17:00:00.000Z,1.46134,1.46158,1.4604,1.46076,12215
2024-04-02T21:00:00.000Z,1.46093,1.46137,1.46022,1.4613,7265
2024-04-03T01:00:00.000Z,1.46131,1.46241,1.46089,1.46185,11167
2024-04-03T05:00:00.000Z,1.46186,1.4639,1.46113,1.46267,15997
2024-04-03T09:00:00.000Z,1.46267,1.46348,1.46143,1.46227,18974
2024-04-03T13:00:00.000Z,1.46227,1.46561,1.46142,1.46534,34050
2024-04-03T17:00:00.000Z,1.46537,1.46629,1.4648,1.46568,15454
2024-04-03T21:00:00.000Z,1.46488,1.46595,1.46469,1.46564,7169
2024-04-04T01:00:00.000Z,1.46561,1.46567,1.46505,1.46533,8639
2024-04-04T05:00:00.000Z,1.46533,1.46688,1.46433,1.46673,17760
2024-04-04T09:00:00.000Z,1.46672,1.46681,1.46475,1.46578,17905
2024-04-04T13:00:00.000Z,1.46575,1.46663,1.46492,1.46593,21373
2024-04-04T17:00:00.000Z,1.46594,1.46935,1.46577,1.46772,22949
2024-04-04T21:00:00.000Z,1.46719,1.46902,1.46668,1.46871,13307
2024-04-05T01:00:00.000Z,1.46869,1.4697,1.46849,1.46918,14796
2024-04-05T05:00:00.000Z,1.46921,1.47076,1.46846,1.46967,18595
2024-04-05T09:00:00.000Z,1.46968,1.47341,1.46786,1.47305,23522
2024-04-05T13:00:00.000Z,1.47308,1.47419,1.47116,1.47197,35039
2024-04-05T17:00:00.000Z,1.47195,1.47279,1.47156,1.47264,15958
2024-04-07T21:00:00.000Z,1.47224,1.47417,1.47211,1.47363,6563
2024-04-08T01:00:00.000Z,1.47365,1.474,1.47261,1.4733,12873
2024-04-08T05:00:00.000Z,1.4733,1.47379,1.47157,1.47173,19880
2024-04-08T09:00:00.000Z,1.47172,1.47275,1.47104,1.47155,18419
2024-04-08T13:00:00.000Z,1.47154,1.47506,1.47103,1.47373,28311
2024-04-08T17:00:00.000Z,1.47372,1.47439,1.47353,1.47359,12469
2024-04-08T21:00:00.000Z,1.47382,1.47426,1.47309,1.47378,7667
2024-04-09T01:00:00.000Z,1.47376,1.47462,1.47368,1.47401,12468
2024-04-09T05:00:00.000Z,1.47404,1.47451,1.47337,1.47367,16412
2024-04-09T09:00:00.000Z,1.47368,1.47634,1.47314,1.47592,21514
2024-04-09T13:00:00.000Z,1.47594,1.47636,1.47408,1.47451,32212
2024-04-09T17:00:00.000Z,1.47449,1.47457,1.47315,1.47342,15828
2024-04-09T21:00:00.000Z,1.47301,1.47392,1.47274,1.47293,7384
2024-04-10T01:00:00.000Z,1.47294,1.4732,1.472,1.47255,11008
2024-04-10T05:00:00.000Z,1.4726,1.47313,1.47138,1.47302,17026
2024-04-10T09:00:00.000Z,1.47301,1.47391,1.47039,1.47135,23590
2024-04-10T13:00:00.000Z,1.47131,1.47207,1.46684,1.46959,41891
2024-04-10T17:00:00.000Z,1.46958,1.47103,1.46917,1.46959,27778
2024-04-10T21:00:00.000Z,1.46937,1.47068,1.46885,1.47031,10226
2024-04-11T01:00:00.000Z,1.47029,1.47063,1.46952,1.46965,17725
2024-04-11T05:00:00.000Z,1.46965,1.47029,1.46858,1.46978,21802
2024-04-11T09:00:00.000Z,1.46977,1.46987,1.46667,1.46824,28683
2024-04-11T13:00:00.000Z,1.46822,1.47046,1.46699,1.46854,40556
2024-04-11T17:00:00.000Z,1.46854,1.46876,1.46707,1.46809,17528
2024-04-11T21:00:00.000Z,1.46814,1.46853,1.46752,1.46787,5884
2024-04-12T01:00:00.000Z,1.46786,1.46854,1.46749,1.4683,11549
2024-04-12T05:00:00.000Z,1.4683,1.46856,1.46497,1.46579,22973
2024-04-12T09:00:00.000Z,1.46579,1.46614,1.46312,1.46415,26348
2024-04-12T13:00:00.000Z,1.46417,1.46567,1.46174,1.46565,39261
2024-04-12T17:00:00.000Z,1.46568,1.46666,1.46521,1.46531,20320
2024-04-14T21:00:00.000Z,1.46465,1.46622,1.46355,1.46554,12588
2024-04-15T01:00:00.000Z,1.46554,1.46649,1.46499,1.4651,17372
2024-04-15T05:00:00.000Z,1.46511,1.46602,1.46355,1.46392,27930
2024-04-15T09:00:00.000Z,1.46392,1.46533,1.46194,1.46253,26808
2024-04-15T13:00:00.000Z,1.46253,1.46441,1.46111,1.46366,35182
2024-04-15T17:00:00.000Z,1.46366,1.46527,1.46338,1.46472,22118
2024-04-15T21:00:00.000Z,1.46475,1.46509,1.46423,1.46471,8136
2024-04-16T01:00:00.000Z,1.46472,1.46541,1.46395,1.46442,17150
2024-04-16T05:00:00.000Z,1.46442,1.46563,1.46371,1.46468,26225
2024-04-16T09:00:00.000Z,1.46467,1.4717,1.46465,1.46997,28678
2024-04-16T13:00:00.000Z,1.46997,1.47288,1.46789,1.46856,39272
2024-04-16T17:00:00.000Z,1.46857,1.46872,1.46722,1.46856,29412
2024-04-16T21:00:00.000Z,1.46736,1.46851,1.46695,1.46819,10260
2024-04-17T01:00:00.000Z,1.46821,1.46898,1.46795,1.46835,14587
2024-04-17T05:00:00.000Z,1.46835,1.46987,1.46727,1.46905,26191
2024-04-17T09:00:00.000Z,1.46904,1.46982,1.46811,1.46844,21815
2024-04-17T13:00:00.000Z,1.46842,1.47104,1.46687,1.47015,39339
2024-04-17T17:00:00.000Z,1.47013,1.47025,1.46894,1.46991,25024
2024-04-17T21:00:00.000Z,1.46939,1.46992,1.46807,1.46907,7807
2024-04-18T01:00:00.000Z,1.46906,1.46917,1.46812,1.46852,13087
2024-04-18T05:00:00.000Z,1.4685,1.46969,1.46808,1.46862,22863
2024-04-18T09:00:00.000Z,1.46863,1.46926,1.46652,1.46654,22553
2024-04-18T13:00:00.000Z,1.46652,1.46722,1.46532,1.46627,35194
2024-04-18T17:00:00.000Z,1.46624,1.46704,1.46508,1.46523,19051
2024-04-18T21:00:00.000Z,1.46528,1.46644,1.46487,1.46584,9023
2024-04-19T01:00:00.000Z,1.46583,1.46593,1.46397,1.46517,37092
2024-04-19T05:00:00.000Z,1.46518,1.46623,1.46411,1.46495,30240
2024-04-19T09:00:00.000Z,1.46496,1.46746,1.46467,1.46722,27157
2024-04-19T13:00:00.000Z,1.46722,1.46801,1.46384,1.46389,37134
2024-04-19T17:00:00.000Z,1.46389,1.46529,1.46387,1.46515,21781
2024-04-21T21:00:00.000Z,1.46377,1.46531,1.46292,1.46381,9372
2024-04-22T01:00:00.000Z,1.46381,1.4642,1.46318,1.46408,13719
2024-04-22T05:00:00.000Z,1.46411,1.46458,1.46237,1.46304,21820
2024-04-22T09:00:00.000Z,1.46303,1.46319,1.45851,1.46048,21877
2024-04-22T13:00:00.000Z,1.46049,1.46158,1.4591,1.45995,27430
2024-04-22T17:00:00.000Z,1.45994,1.46041,1.45891,1.45942,14821
2024-04-22T21:00:00.000Z,1.45884,1.45971,1.45854,1.45944,7100
2024-04-23T01:00:00.000Z,1.45944,1.46005,1.45921,1.45954,13972
2024-04-23T05:00:00.000Z,1.45954,1.4643,1.45796,1.4627,22945
2024-04-23T09:00:00.000Z,1.4627,1.46325,1.4601,1.46133,22894
2024-04-23T13:00:00.000Z,1.46131,1.46356,1.46028,1.4624,33545
2024-04-23T17:00:00.000Z,1.46237,1.46288,1.46179,1.4621,14670
2024-04-23T21:00:00.000Z,1.46174,1.46281,1.4611,1.46271,6598
2024-04-24T01:00:00.000Z,1.46272,1.4631,1.46229,1.46279,11939
2024-04-24T05:00:00.000Z,1.46281,1.46286,1.46093,1.46145,19273
2024-04-24T09:00:00.000Z,1.46144,1.46542,1.46124,1.46528,19579
2024-04-24T13:00:00.000Z,1.46527,1.46703,1.46461,1.46634,30357
2024-04-24T17:00:00.000Z,1.46635,1.46687,1.46505,1.46601,17728
2024-04-24T21:00:00.000Z,1.46465,1.46642,1.46444,1.46601,6352
2024-04-25T01:00:00.000Z,1.46601,1.46674,1.46577,1.46609,10045
2024-04-25T05:00:00.000Z,1.46611,1.46748,1.46555,1.46635,20112
2024-04-25T09:00:00.000Z,1.46635,1.46759,1.46491,1.46552,21509
2024-04-25T13:00:00.000Z,1.46551,1.46907,1.46525,1.46789,36467
2024-04-25T17:00:00.000Z,1.46787,1.46847,1.46481,1.46529,18241
2024-04-25T21:00:00.000Z,1.46463,1.46553,1.46449,1.46517,7146
2024-04-26T01:00:00.000Z,1.46518,1.46523,1.46378,1.46383,12975
2024-04-26T05:00:00.000Z,1.46383,1.4665,1.46341,1.46556,22905
2024-04-26T09:00:00.000Z,1.46555,1.4662,1.46244,1.46286,24767
2024-04-26T13:00:00.000Z,1.46288,1.46473,1.46081,1.46218,32035
2024-04-26T17:00:00.000Z,1.46219,1.46248,1.46105,1.46159,11413
2024-04-28T21:00:00.000Z,1.46111,1.46249,1.4608,1.46208,5649
2024-04-29T01:00:00.000Z,1.46209,1.46352,1.46207,1.46317,16872
2024-04-29T05:00:00.000Z,1.46317,1.46436,1.46169,1.46189,25352
2024-04-29T09:00:00.000Z,1.4619,1.46448,1.46101,1.462,17114
2024-04-29T13:00:00.000Z,1.46197,1.46427,1.46054,1.46408,21014
2024-04-29T17:00:00.000Z,1.46409,1.46502,1.46365,1.46428,13130
2024-04-29T21:00:00.000Z,1.46454,1.46474,1.46389,1.46442,6347
2024-04-30T01:00:00.000Z,1.46441,1.46475,1.46355,1.46454,8071
2024-04-30T05:00:00.000Z,1.46456,1.46723,1.46419,1.46691,15718
2024-04-30T09:00:00.000Z,1.46692,1.46963,1.46514,1.46932,22002
2024-04-30T13:00:00.000Z,1.46928,1.47278,1.46827,1.46882,33205
2024-04-30T17:00:00.000Z,1.46883,1.46968,1.46844,1.46904,13570
2024-04-30T21:00:00.000Z,1.46812,1.46993,1.46744,1.46904,7025
2024-05-01T01:00:00.000Z,1.46904,1.46926,1.46807,1.4682,6800
2024-05-01T05:00:00.000Z,1.46817,1.46937,1.46756,1.46933,10186
2024-05-01T09:00:00.000Z,1.46932,1.47054,1.46886,1.47029,15121
2024-05-01T13:00:00.000Z,1.4703,1.47126,1.46859,1.46911,24566
2024-05-01T17:00:00.000Z,1.46913,1.47271,1.46894,1.47201,36618
2024-05-01T21:00:00.000Z,1.47072,1.47247,1.46974,1.47084,8436
2024-05-02T01:00:00.000Z,1.47083,1.47096,1.47016,1.47065,10369
2024-05-02T05:00:00.000Z,1.47065,1.47095,1.46785,1.46819,20219
2024-05-02T09:00:00.000Z,1.4682,1.46916,1.46701,1.46803,20151
2024-05-02T13:00:00.000Z,1.46805,1.46806,1.46417,1.46699,31349
2024-05-02T17:00:00.000Z,1.46699,1.46726,1.46613,1.46644,15285
2024-05-02T21:00:00.000Z,1.46586,1.46667,1.4658,1.4662,7502
2024-05-03T01:00:00.000Z,1.46622,1.46692,1.46609,1.46662,10174
2024-05-03T05:00:00.000Z,1.46662,1.46843,1.46632,1.46771,16550
2024-05-03T09:00:00.000Z,1.46771,1.47155,1.46724,1.47082,21719
2024-05-03T13:00:00.000Z,1.47083,1.47452,1.4696,1.47293,38794
2024-05-03T17:00:00.000Z,1.47293,1.47345,1.47234,1.47297,11433
2024-05-05T21:00:00.000Z,1.47191,1.47383,1.47171,1.47369,5262
2024-05-06T01:00:00.000Z,1.4737,1.4737,1.4727,1.473,9395
2024-05-06T05:00:00.000Z,1.473,1.47374,1.47161,1.4729,13737
2024-05-06T09:00:00.000Z,1.4729,1.47404,1.4722,1.47359,13235
2024-05-06T13:00:00.000Z,1.47359,1.47365,1.47128,1.47207,16803
2024-05-06T17:00:00.000Z,1.47206,1.47236,1.4712,1.47152,8450
2024-05-06T21:00:00.000Z,1.47047,1.47227,1.47046,1.47218,5382
2024-05-07T01:00:00.000Z,1.47218,1.47281,1.47172,1.47251,9399
2024-05-07T05:00:00.000Z,1.47252,1.47361,1.4717,1.47226,15016
2024-05-07T09:00:00.000Z,1.47226,1.47432,1.47176,1.47335,14620
2024-05-07T13:00:00.000Z,1.47336,1.47741,1.47315,1.47685,21315
2024-05-07T17:00:00.000Z,1.47686,1.47694,1.47593,1.47611,12606
2024-05-07T21:00:00.000Z,1.47507,1.47672,1.47493,1.47648,5742
2024-05-08T01:00:00.000Z,1.47648,1.47733,1.47625,1.47721,9709
2024-05-08T05:00:00.000Z,1.47724,1.47829,1.47674,1.47792,14792
2024-05-08T09:00:00.000Z,1.47793,1.47869,1.47701,1.47801,16127
2024-05-08T13:00:00.000Z,1.47802,1.47815,1.47445,1.47501,20715
2024-05-08T17:00:00.000Z,1.47501,1.4757,1.47465,1.47505,9736
2024-05-08T21:00:00.000Z,1.47407,1.47559,1.47407,1.47514,5493
2024-05-09T01:00:00.000Z,1.47512,1.47555,1.4747,1.47485,8084
2024-05-09T05:00:00.000Z,1.47486,1.47537,1.47281,1.47308,12401
2024-05-09T09:00:00.000Z,1.47308,1.47505,1.47203,1.47469,19754
2024-05-09T13:00:00.000Z,1.47469,1.47619,1.4741,1.47471,22079
2024-05-09T17:00:00.000Z,1.4747,1.47512,1.47421,1.47453,10720
2024-05-09T21:00:00.000Z,1.47417,1.47481,1.47409,1.47461,5878
2024-05-10T01:00:00.000Z,1.47461,1.47508,1.47408,1.47458,9241
2024-05-10T05:00:00.000Z,1.47457,1.47542,1.474,1.47504,17242
2024-05-10T09:00:00.000Z,1.47509,1.47574,1.46889,1.46997,18095
2024-05-10T13:00:00.000Z,1.46996,1.47322,1.46958,1.47296,26158
2024-05-10T17:00:00.000Z,1.47295,1.47336,1.47228,1.47234,9893
2024-05-12T21:00:00.000Z,1.47182,1.47352,1.47131,1.47322,5487
2024-05-13T01:00:00.000Z,1.47323,1.47421,1.47316,1.47358,7494
2024-05-13T05:00:00.000Z,1.47358,1.47439,1.47328,1.47429,11477
2024-05-13T09:00:00.000Z,1.4743,1.47643,1.47413,1.47636,17954
2024-05-13T13:00:00.000Z,1.47637,1.4773,1.47561,1.47578,24283
2024-05-13T17:00:00.000Z,1.47578,1.47606,1.47427,1.47459,12177
2024-05-13T21:00:00.000Z,1.47433,1.47504,1.47406,1.47479,5453
2024-05-14T01:00:00.000Z,1.47478,1.47602,1.4747,1.47529,11057
2024-05-14T05:00:00.000Z,1.47529,1.47567,1.47397,1.47485,15918
2024-05-14T09:00:00.000Z,1.47487,1.47599,1.47366,1.47427,21176
2024-05-14T13:00:00.000Z,1.47428,1.47781,1.47409,1.47758,26651
2024-05-14T17:00:00.000Z,1.47758,1.47826,1.47661,1.47677,9878
2024-05-14T21:00:00.000Z,1.47608,1.47676,1.47605,1.47648,6216
2024-05-15T01:00:00.000Z,1.47648,1.47702,1.47628,1.47646,8087
2024-05-15T05:00:00.000Z,1.47644,1.47711,1.47537,1.47559,14468
2024-05-15T09:00:00.000Z,1.47559,1.4794,1.47518,1.47937,21014
2024-05-15T13:00:00.000Z,1.47938,1.48145,1.47772,1.47859,31718
2024-05-15T17:00:00.000Z,1.47859,1.48098,1.47856,1.48042,12886
2024-05-15T21:00:00.000Z,1.48028,1.48109,1.47914,1.48047,7908
2024-05-16T01:00:00.000Z,1.48048,1.48151,1.48037,1.48111,12539
2024-05-16T05:00:00.000Z,1.48111,1.48181,1.48032,1.48122,16082
2024-05-16T09:00:00.000Z,1.48123,1.48211,1.48013,1.48067,17455
2024-05-16T13:00:00.000Z,1.48066,1.48089,1.47952,1.4805,23587
2024-05-16T17:00:00.000Z,1.48051,1.4808,1.47942,1.47981,10699
2024-05-16T21:00:00.000Z,1.47868,1.48,1.47842,1.47964,6309
2024-05-17T01:00:00.000Z,1.47964,1.47988,1.47908,1.47913,9622
2024-05-17T05:00:00.000Z,1.47913,1.48027,1.47859,1.47878,14633
2024-05-17T09:00:00.000Z,1.47878,1.47922,1.47748,1.47751,14204
2024-05-17T13:00:00.000Z,1.47752,1.48051,1.47711,1.47962,22838
2024-05-17T17:00:00.000Z,1.47963,1.48098,1.4793,1.47947,11016
2024-05-19T21:00:00.000Z,1.47921,1.47999,1.47836,1.47985,3932
2024-05-20T01:00:00.000Z,1.47984,1.48034,1.47919,1.48,7195
2024-05-20T05:00:00.000Z,1.48,1.48118,1.47973,1.4801,11083
2024-05-20T09:00:00.000Z,1.4801,1.48034,1.47913,1.48006,15632
2024-05-20T13:00:00.000Z,1.48006,1.48044,1.47751,1.47952,20947
2024-05-20T17:00:00.000Z,1.4795,1.47999,1.47907,1.47918,11047
2024-05-20T21:00:00.000Z,1.47887,1.48018,1.47884,1.48011,5168
2024-05-21T01:00:00.000Z,1.48011,1.48079,1.47978,1.4806,12136
2024-05-21T05:00:00.000Z,1.4806,1.48156,1.48018,1.48111,16177
2024-05-21T09:00:00.000Z,1.4811,1.48338,1.47892,1.48285,17671
2024-05-21T13:00:00.000Z,1.48285,1.4834,1.48045,1.48132,28307
2024-05-21T17:00:00.000Z,1.48133,1.48213,1.48097,1.48203,11232
2024-05-21T21:00:00.000Z,1.48159,1.48181,1.47939,1.48068,6411
2024-05-22T01:00:00.000Z,1.48063,1.48084,1.47982,1.48074,11139
2024-05-22T05:00:00.000Z,1.48074,1.48294,1.48048,1.48187,17377
2024-05-22T09:00:00.000Z,1.48188,1.48221,1.47909,1.48126,20069
2024-05-22T13:00:00.000Z,1.48125,1.48201,1.48023,1.48127,26198
2024-05-22T17:00:00.000Z,1.48126,1.48215,1.48102,1.48182,19175
2024-05-22T21:00:00.000Z,1.48138,1.48207,1.48125,1.48181,6122
2024-05-23T01:00:00.000Z,1.48179,1.48243,1.48114,1.48117,11596
2024-05-23T05:00:00.000Z,1.48117,1.48319,1.47908,1.48229,19968
2024-05-23T09:00:00.000Z,1.4823,1.48338,1.48167,1.48311,19451
2024-05-23T13:00:00.000Z,1.48311,1.48423,1.48195,1.48298,34515
2024-05-23T17:00:00.000Z,1.48301,1.48494,1.48272,1.48474,19885
2024-05-23T21:00:00.000Z,1.48431,1.48494,1.48395,1.48452,7579
2024-05-24T01:00:00.000Z,1.48452,1.48494,1.48416,1.48453,10605
2024-05-24T05:00:00.000Z,1.48453,1.48589,1.48433,1.48532,16529
2024-05-24T09:00:00.000Z,1.48533,1.48825,1.48529,1.48798,18170
2024-05-24T13:00:00.000Z,1.48797,1.48801,1.48123,1.48131,27029
2024-05-24T17:00:00.000Z,1.4813,1.4827,1.48111,1.48219,12577
2024-05-26T21:00:00.000Z,1.48201,1.48283,1.48131,1.48258,5653
2024-05-27T01:00:00.000Z,1.48258,1.4829,1.48228,1.48241,7329
2024-05-27T05:00:00.000Z,1.48245,1.48266,1.48169,1.48199,10890
2024-05-27T09:00:00.000Z,1.48201,1.48372,1.4808,1.48105,14193
2024-05-27T13:00:00.000Z,1.48104,1.48119,1.47914,1.4805,13331
2024-05-27T17:00:00.000Z,1.48049,1.48061,1.47983,1.48034,3580
2024-05-27T21:00:00.000Z,1.47973,1.48091,1.47917,1.48057,7869
2024-05-28T01:00:00.000Z,1.48058,1.48165,1.4803,1.48137,11612
2024-05-28T05:00:00.000Z,1.48137,1.48237,1.48101,1.48125,15343
2024-05-28T09:00:00.000Z,1.48125,1.4832,1.48089,1.48129,17551
2024-05-28T13:00:00.000Z,1.4813,1.48345,1.48099,1.48265,27567
2024-05-28T17:00:00.000Z,1.48264,1.48334,1.48133,1.48145,17842
2024-05-28T21:00:00.000Z,1.48105,1.48198,1.48071,1.48178,8239
2024-05-29T01:00:00.000Z,1.48177,1.4822,1.4811,1.48205,11480
2024-05-29T05:00:00.000Z,1.48206,1.48288,1.4791,1.48028,19664
2024-05-29T09:00:00.000Z,1.48027,1.48407,1.48014,1.48365,20593
2024-05-29T13:00:00.000Z,1.48367,1.48458,1.48094,1.48229,32349
2024-05-29T17:00:00.000Z,1.48228,1.48278,1.48087,1.48169,16210
2024-05-29T21:00:00.000Z,1.48145,1.48197,1.48094,1.4812,6814
2024-05-30T01:00:00.000Z,1.48119,1.48197,1.48109,1.48153,12754
2024-05-30T05:00:00.000Z,1.48154,1.48337,1.48112,1.48317,21486
2024-05-30T09:00:00.000Z,1.48318,1.48402,1.48199,1.48311,23097
2024-05-30T13:00:00.000Z,1.48313,1.48371,1.48073,1.48108,30007
2024-05-30T17:00:00.000Z,1.48109,1.48244,1.48103,1.48166,14890
2024-05-30T21:00:00.000Z,1.48127,1.48224,1.48123,1.48196,8326
2024-05-31T01:00:00.000Z,1.48197,1.48203,1.47886,1.47891,14957
2024-05-31T05:00:00.000Z,1.4789,1.48024,1.47801,1.47978,19197
2024-05-31T09:00:00.000Z,1.47976,1.48383,1.47885,1.48347,24758
2024-05-31T13:00:00.000Z,1.48347,1.48364,1.47876,1.47978,35841
2024-05-31T17:00:00.000Z,1.47979,1.47985,1.47741,1.47829,17560
2024-06-02T21:00:00.000Z,1.47789,1.47921,1.47711,1.47733,8287
2024-06-03T01:00:00.000Z,1.47731,1.4793,1.47726,1.47879,10544
2024-06-03T05:00:00.000Z,1.47879,1.48154,1.47852,1.48013,20356
2024-06-03T09:00:00.000Z,1.48014,1.48088,1.47693,1.47735,23217
2024-06-03T13:00:00.000Z,1.47735,1.4853,1.47735,1.48499,34951
2024-06-03T17:00:00.000Z,1.48498,1.48713,1.48485,1.48585,17707
2024-06-03T21:00:00.000Z,1.4856,1.48732,1.48501,1.48693,8568
2024-06-04T01:00:00.000Z,1.48693,1.48796,1.48688,1.48783,11257
2024-06-04T05:00:00.000Z,1.48783,1.48939,1.48727,1.48841,23888
2024-06-04T09:00:00.000Z,1.48842,1.48898,1.48564,1.486,27133
2024-06-04T13:00:00.000Z,1.48603,1.48959,1.48542,1.48879,35441
2024-06-04T17:00:00.000Z,1.48879,1.48915,1.48762,1.48773,19759
2024-06-04T21:00:00.000Z,1.48773,1.48841,1.48747,1.4884,6214
2024-06-05T01:00:00.000Z,1.48841,1.48871,1.48705,1.48764,10059
2024-06-05T05:00:00.000Z,1.48766,1.48804,1.48625,1.48772,17968
2024-06-05T09:00:00.000Z,1.48772,1.48851,1.48558,1.48766,20140
2024-06-05T13:00:00.000Z,1.48767,1.49284,1.48732,1.48834,34052
2024-06-05T17:00:00.000Z,1.48834,1.48878,1.48759,1.48836,13897
2024-06-05T21:00:00.000Z,1.4884,1.48897,1.48795,1.48858,6891
2024-06-06T01:00:00.000Z,1.48859,1.48962,1.48837,1.48906,12840
2024-06-06T05:00:00.000Z,1.48905,1.48935,1.4879,1.48933,17324
2024-06-06T09:00:00.000Z,1.48929,1.49228,1.48756,1.49079,21143
2024-06-06T13:00:00.000Z,1.49077,1.49214,1.48885,1.48891,28560
2024-06-06T17:00:00.000Z,1.48892,1.48916,1.48823,1.48892,15052
2024-06-06T21:00:00.000Z,1.48836,1.48879,1.48772,1.48828,6334
2024-06-07T01:00:00.000Z,1.48827,1.48956,1.48811,1.48878,12698
2024-06-07T05:00:00.000Z,1.48877,1.48997,1.48815,1.48991,21477
2024-06-07T09:00:00.000Z,1.48992,1.49074,1.48576,1.48636,27028
2024-06-07T13:00:00.000Z,1.48637,1.48659,1.48434,1.48509,34399
2024-06-07T17:00:00.000Z,1.48511,1.487,1.48504,1.48685,18438
2024-06-09T21:00:00.000Z,1.48173,1.48382,1.48095,1.48335,10985
2024-06-10T01:00:00.000Z,1.48336,1.48373,1.48006,1.4804,11450
2024-06-10T05:00:00.000Z,1.48041,1.48267,1.4789,1.48191,23176
2024-06-10T09:00:00.000Z,1.48192,1.48199,1.47856,1.4789,22328
2024-06-10T13:00:00.000Z,1.47888,1.48068,1.47809,1.4801,26754
2024-06-10T17:00:00.000Z,1.48009,1.48142,1.47985,1.48088,16341
2024-06-10T21:00:00.000Z,1.48063,1.48144,1.47977,1.48139,8020
2024-06-11T01:00:00.000Z,1.48139,1.48254,1.48118,1.48224,12493
2024-06-11T05:00:00.000Z,1.48225,1.48233,1.47927,1.47931,20652
2024-06-11T09:00:00.000Z,1.47931,1.48132,1.47734,1.47805,27988
2024-06-11T13:00:00.000Z,1.47805,1.47916,1.47625,1.47748,28658
2024-06-11T17:00:00.000Z,1.47747,1.47825,1.47703,1.47754,15430
2024-06-11T21:00:00.000Z,1.47738,1.47784,1.4767,1.47717,6052
2024-06-12T01:00:00.000Z,1.47717,1.47727,1.47636,1.47652,10274
2024-06-12T05:00:00.000Z,1.47651,1.47831,1.47628,1.47758,15638
2024-06-12T09:00:00.000Z,1.47759,1.4832,1.47722,1.48215,14257
2024-06-12T13:00:00.000Z,1.48215,1.48585,1.48127,1.48386,20433
2024-06-12T17:00:00.000Z,1.48385,1.48601,1.48278,1.48327,19310
2024-06-12T21:00:00.000Z,1.48273,1.48441,1.48202,1.48429,5624
2024-06-13T01:00:00.000Z,1.48429,1.48494,1.48414,1.48459,8387
2024-06-13T05:00:00.000Z,1.48459,1.48606,1.48406,1.48411,12727
2024-06-13T09:00:00.000Z,1.48411,1.48503,1.48122,1.48216,15183
2024-06-13T13:00:00.000Z,1.48222,1.48391,1.47598,1.47609,20887
2024-06-13T17:00:00.000Z,1.47611,1.47692,1.47507,1.47521,10147
2024-06-13T21:00:00.000Z,1.47528,1.47627,1.47468,1.47606,5345
2024-06-14T01:00:00.000Z,1.47605,1.47647,1.47525,1.47538,9776
2024-06-14T05:00:00.000Z,1.47538,1.47551,1.47046,1.47089,16368
2024-06-14T09:00:00.000Z,1.47088,1.47207,1.46899,1.47131,20042
2024-06-14T13:00:00.000Z,1.47131,1.47168,1.46879,1.46919,19455
2024-06-14T17:00:00.000Z,1.4692,1.47049,1.46907,1.47022,9139
2024-06-16T21:00:00.000Z,1.46981,1.47059,1.46903,1.47018,6452
2024-06-17T01:00:00.000Z,1.47017,1.47108,1.47004,1.47085,7263
2024-06-17T05:00:00.000Z,1.47085,1.47172,1.46927,1.47124,15173
2024-06-17T09:00:00.000Z,1.47124,1.4732,1.4711,1.47287,13888
2024-06-17T13:00:00.000Z,1.47287,1.47495,1.47249,1.4736,16264
2024-06-17T17:00:00.000Z,1.4736,1.4736,1.47243,1.47306,9531
2024-06-17T21:00:00.000Z,1.47281,1.47349,1.47231,1.47284,5018
2024-06-18T01:00:00.000Z,1.47285,1.47372,1.4723,1.47312,8364
2024-06-18T05:00:00.000Z,1.47312,1.47468,1.47232,1.47407,12556
2024-06-18T09:00:00.000Z,1.47408,1.47432,1.47172,1.47375,13894
2024-06-18T13:00:00.000Z,1.4737,1.47541,1.47229,1.47333,17831
2024-06-18T17:00:00.000Z,1.47333,1.47365,1.47242,1.47311,10223
2024-06-18T21:00:00.000Z,1.47277,1.47328,1.47248,1.47309,3956
2024-06-19T01:00:00.000Z,1.47309,1.47323,1.47245,1.47316,5817
2024-06-19T05:00:00.000Z,1.47315,1.47336,1.47169,1.47313,12484
2024-06-19T09:00:00.000Z,1.47313,1.47424,1.47218,1.4727,12213
2024-06-19T13:00:00.000Z,1.47274,1.47392,1.47193,1.47368,8465
2024-06-19T17:00:00.000Z,1.47368,1.47369,1.47234,1.47257,2195
2024-06-19T21:00:00.000Z,1.47228,1.47363,1.47195,1.47353,4268
2024-06-20T01:00:00.000Z,1.47352,1.47376,1.47261,1.47303,7793
2024-06-20T05:00:00.000Z,1.47304,1.4731,1.46928,1.47017,11272
2024-06-20T09:00:00.000Z,1.47021,1.47155,1.46811,1.46835,13678
2024-06-20T13:00:00.000Z,1.46842,1.46968,1.46638,1.4667,17000
2024-06-20T17:00:00.000Z,1.46672,1.4674,1.46453,1.46499,10775
2024-06-20T21:00:00.000Z,1.46464,1.46576,1.46455,1.46551,4613
2024-06-21T01:00:00.000Z,1.46553,1.46639,1.46535,1.46601,7134
2024-06-21T05:00:00.000Z,1.46601,1.46615,1.46127,1.46347,13842
2024-06-21T09:00:00.000Z,1.46347,1.4652,1.46243,1.46507,13847
2024-06-21T13:00:00.000Z,1.46508,1.46608,1.46331,1.46534,17636
2024-06-21T17:00:00.000Z,1.46534,1.46573,1.46401,1.46408,9206
2024-06-23T21:00:00.000Z,1.46349,1.46474,1.46313,1.46448,5865
2024-06-24T01:00:00.000Z,1.46446,1.4649,1.46398,1.46448,8199
2024-06-24T05:00:00.000Z,1.46447,1.46601,1.46438,1.46522,11840
2024-06-24T09:00:00.000Z,1.4652,1.46894,1.46511,1.46887,14420
2024-06-24T13:00:00.000Z,1.46886,1.46951,1.46442,1.46482,19298
2024-06-24T17:00:00.000Z,1.46484,1.46637,1.46455,1.46623,11885
2024-06-24T21:00:00.000Z,1.46529,1.46592,1.46524,1.46566,5310
2024-06-25T01:00:00.000Z,1.46565,1.46593,1.4646,1.46533,8450
2024-06-25T05:00:00.000Z,1.46535,1.46593,1.46347,1.4651,14133
2024-06-25T09:00:00.000Z,1.46505,1.46583,1.45855,1.46166,16305
2024-06-25T13:00:00.000Z,1.46167,1.4632,1.46079,1.46269,20382
2024-06-25T17:00:00.000Z,1.46268,1.46353,1.46231,1.46319,10385
2024-06-25T21:00:00.000Z,1.4619,1.46362,1.4619,1.46352,5692
2024-06-26T01:00:00.000Z,1.46352,1.46376,1.46235,1.46268,10048
2024-06-26T05:00:00.000Z,1.46268,1.46284,1.46021,1.46223,13904
2024-06-26T09:00:00.000Z,1.46222,1.46371,1.46097,1.46128,17823
2024-06-26T13:00:00.000Z,1.46128,1.46414,1.46075,1.46341,23335
2024-06-26T17:00:00.000Z,1.46343,1.46411,1.46278,1.46303,11677
2024-06-26T21:00:00.000Z,1.46291,1.46415,1.46207,1.46375,6311
2024-06-27T01:00:00.000Z,1.46375,1.46462,1.46362,1.46418,8992
2024-06-27T05:00:00.000Z,1.46418,1.46459,1.46189,1.46244,18108
2024-06-27T09:00:00.000Z,1.46242,1.46722,1.46234,1.46676,23467
2024-06-27T13:00:00.000Z,1.46676,1.4681,1.46522,1.46558,28338
2024-06-27T17:00:00.000Z,1.46555,1.46621,1.46451,1.46612,15890
2024-06-27T21:00:00.000Z,1.46627,1.46765,1.46572,1.46758,7841
2024-06-28T01:00:00.000Z,1.46758,1.46805,1.46662,1.46727,16589
2024-06-28T05:00:00.000Z,1.46727,1.46788,1.46575,1.46642,19763
2024-06-28T09:00:00.000Z,1.46642,1.46758,1.46516,1.46656,23649
2024-06-28T13:00:00.000Z,1.46654,1.46733,1.46311,1.46539,36611
2024-06-28T17:00:00.000Z,1.4654,1.46629,1.46417,1.46513,19819
2024-06-30T21:00:00.000Z,1.46819,1.46965,1.46686,1.4693,9915
2024-07-01T01:00:00.000Z,1.46928,1.47093,1.4691,1.47044,13984
2024-07-01T05:00:00.000Z,1.47044,1.47252,1.47025,1.47223,22204
2024-07-01T09:00:00.000Z,1.47222,1.47307,1.47059,1.47282,20979
2024-07-01T13:00:00.000Z,1.47285,1.47478,1.47195,1.47412,31972
2024-07-01T17:00:00.000Z,1.47412,1.47555,1.47391,1.47518,14747
2024-07-01T21:00:00.000Z,1.47453,1.47524,1.47422,1.47492,7919
2024-07-02T01:00:00.000Z,1.47492,1.47628,1.47469,1.47538,10179
2024-07-02T05:00:00.000Z,1.47538,1.47567,1.4717,1.47197,21357
2024-07-02T09:00:00.000Z,1.47198,1.47307,1.4705,1.47237,20467
2024-07-02T13:00:00.000Z,1.47239,1.47307,1.46938,1.46963,32117
2024-07-02T17:00:00.000Z,1.46965,1.46979,1.46852,1.46976,13323
2024-07-02T21:00:00.000Z,1.46927,1.47041,1.46917,1.46991,7595
2024-07-03T01:00:00.000Z,1.46992,1.47018,1.46923,1.46952,8238
2024-07-03T05:00:00.000Z,1.46952,1.47202,1.46903,1.47134,17906
2024-07-03T09:00:00.000Z,1.47133,1.47214,1.46979,1.47153,19550
2024-07-03T13:00:00.000Z,1.47153,1.47351,1.4706,1.47152,32329
2024-07-03T17:00:00.000Z,1.47152,1.47153,1.46977,1.47129,9770
2024-07-03T21:00:00.000Z,1.46968,1.4713,1.46968,1.47083,5403
2024-07-04T01:00:00.000Z,1.47083,1.47126,1.47046,1.47065,9064
2024-07-04T05:00:00.000Z,1.47066,1.47165,1.46985,1.47141,15320
2024-07-04T09:00:00.000Z,1.47139,1.47153,1.46962,1.46962,14640
2024-07-04T13:00:00.000Z,1.46962,1.47209,1.46947,1.47122,13564
2024-07-04T17:00:00.000Z,1.47122,1.47184,1.47112,1.47156,2512
2024-07-04T21:00:00.000Z,1.47152,1.47201,1.47131,1.47166,6663
2024-07-05T01:00:00.000Z,1.47166,1.47309,1.4716,1.47244,9649
2024-07-05T05:00:00.000Z,1.47243,1.47356,1.47184,1.47302,15193
2024-07-05T09:00:00.000Z,1.47303,1.47681,1.47071,1.47512,21160
2024-07-05T13:00:00.000Z,1.47513,1.47694,1.47444,1.4762,33001
2024-07-05T17:00:00.000Z,1.47621,1.47858,1.47621,1.47852,13532
2024-07-07T21:00:00.000Z,1.47392,1.47766,1.47384,1.47642,9050
2024-07-08T01:00:00.000Z,1.47643,1.47692,1.47608,1.47668,11196
2024-07-08T05:00:00.000Z,1.47669,1.47824,1.47552,1.47791,20893
2024-07-08T09:00:00.000Z,1.4779,1.47798,1.47612,1.47742,20434
2024-07-08T13:00:00.000Z,1.47749,1.47862,1.47612,1.47633,25939
2024-07-08T17:00:00.000Z,1.47632,1.47692,1.47569,1.47569,10909
2024-07-08T21:00:00.000Z,1.47534,1.47664,1.4753,1.47646,6370
2024-07-09T01:00:00.000Z,1.47646,1.47693,1.47609,1.47625,11228
2024-07-09T05:00:00.000Z,1.47625,1.47638,1.47497,1.47615,16914
2024-07-09T09:00:00.000Z,1.47615,1.47665,1.47495,1.47507,18565
2024-07-09T13:00:00.000Z,1.47505,1.47639,1.47357,1.47387,30419
2024-07-09T17:00:00.000Z,1.47387,1.47451,1.47333,1.47445,13827
2024-07-09T21:00:00.000Z,1.47443,1.47452,1.47367,1.47413,5101
2024-07-10T01:00:00.000Z,1.47412,1.47497,1.47398,1.47467,9899
2024-07-10T05:00:00.000Z,1.47467,1.47593,1.47459,1.47483,15912
2024-07-10T09:00:00.000Z,1.47483,1.47611,1.47445,1.47481,17542
2024-07-10T13:00:00.000Z,1.47481,1.47541,1.47269,1.47401,25879
2024-07-10T17:00:00.000Z,1.474,1.47508,1.47352,1.47507,12037
2024-07-10T21:00:00.000Z,1.47413,1.47577,1.47397,1.47574,5243
2024-07-11T01:00:00.000Z,1.47572,1.47605,1.47552,1.47594,7934
2024-07-11T05:00:00.000Z,1.47595,1.47857,1.47557,1.47844,16097
2024-07-11T09:00:00.000Z,1.47844,1.48141,1.47763,1.48113,23354
2024-07-11T13:00:00.000Z,1.48115,1.48253,1.47952,1.48115,41929
2024-07-11T17:00:00.000Z,1.48118,1.48221,1.48092,1.48126,19250
2024-07-11T21:00:00.000Z,1.48084,1.48202,1.4805,1.4817,11880
2024-07-12T01:00:00.000Z,1.4817,1.48191,1.48023,1.48043,12375
2024-07-12T05:00:00.000Z,1.48042,1.48237,1.48003,1.48199,18574
2024-07-12T09:00:00.000Z,1.48198,1.48498,1.48168,1.48459,23473
2024-07-12T13:00:00.000Z,1.48457,1.48622,1.48403,1.48541,34166
2024-07-12T17:00:00.000Z,1.48541,1.48725,1.48538,1.48671,14098
2024-07-14T21:00:00.000Z,1.48481,1.48684,1.48405,1.48679,11292
2024-07-15T01:00:00.000Z,1.4868,1.48769,1.48625,1.4876,10154
2024-07-15T05:00:00.000Z,1.48761,1.48795,1.4868,1.48714,19020
2024-07-15T09:00:00.000Z,1.48715,1.48937,1.48686,1.48836,23211
2024-07-15T13:00:00.000Z,1.48836,1.49149,1.48826,1.49046,30542
2024-07-15T17:00:00.000Z,1.49046,1.49147,1.48982,1.49061,20030
2024-07-15T21:00:00.000Z,1.49007,1.49076,1.48976,1.48988,7969
2024-07-16T01:00:00.000Z,1.4899,1.49062,1.48962,1.49042,10841
2024-07-16T05:00:00.000Z,1.49043,1.49224,1.49,1.49162,19176
2024-07-16T09:00:00.000Z,1.49161,1.49207,1.48801,1.49053,24309
2024-07-16T13:00:00.000Z,1.49051,1.49074,1.48846,1.4898,30360
2024-07-16T17:00:00.000Z,1.48981,1.49065,1.48934,1.49034,13968
2024-07-16T21:00:00.000Z,1.49002,1.49075,1.48989,1.49055,8160
2024-07-17T01:00:00.000Z,1.49056,1.49112,1.4903,1.49088,11225
2024-07-17T05:00:00.000Z,1.49088,1.49522,1.49062,1.49502,26036
2024-07-17T09:00:00.000Z,1.49503,1.49662,1.4937,1.49594,26005
2024-07-17T13:00:00.000Z,1.49595,1.49713,1.49444,1.49655,34327
2024-07-17T17:00:00.000Z,1.49656,1.49746,1.49647,1.49696,16711
2024-07-17T21:00:00.000Z,1.49658,1.49685,1.49607,1.49631,9057
2024-07-18T01:00:00.000Z,1.49631,1.49672,1.49548,1.49561,15044
2024-07-18T05:00:00.000Z,1.49559,1.49609,1.49418,1.49458,23663
2024-07-18T09:00:00.000Z,1.49458,1.49587,1.49403,1.495,21339
2024-07-18T13:00:00.000Z,1.49499,1.4952,1.49263,1.49462,34129
2024-07-18T17:00:00.000Z,1.49463,1.49499,1.49312,1.49316,21455
2024-07-18T21:00:00.000Z,1.49298,1.49433,1.49265,1.49294,9705
2024-07-19T01:00:00.000Z,1.49293,1.49327,1.49203,1.49217,13799
2024-07-19T05:00:00.000Z,1.49218,1.49334,1.49184,1.49218,23802
2024-07-19T09:00:00.000Z,1.49218,1.49446,1.49199,1.49429,23884
2024-07-19T13:00:00.000Z,1.49429,1.49666,1.49315,1.49459,31824
2024-07-19T17:00:00.000Z,1.49459,1.49473,1.49332,1.49431,17620
2024-07-21T21:00:00.000Z,1.49267,1.49434,1.49263,1.49383,11275
2024-07-22T01:00:00.000Z,1.49383,1.49549,1.49376,1.49503,14582
2024-07-22T05:00:00.000Z,1.49503,1.49669,1.49453,1.49614,22630
2024-07-22T09:00:00.000Z,1.49614,1.49728,1.4954,1.49575,21514
2024-07-22T13:00:00.000Z,1.49573,1.49861,1.49528,1.49665,29394
2024-07-22T17:00:00.000Z,1.49665,1.49819,1.49649,1.49816,13231
2024-07-22T21:00:00.000Z,1.4975,1.49903,1.4974,1.49891,8286
2024-07-23T01:00:00.000Z,1.4989,1.49947,1.49828,1.49901,13070
2024-07-23T05:00:00.000Z,1.49901,1.49908,1.4965,1.49744,20791
2024-07-23T09:00:00.000Z,1.49746,1.49748,1.49348,1.49354,21916
2024-07-23T13:00:00.000Z,1.49354,1.49465,1.49314,1.49412,26416
2024-07-23T17:00:00.000Z,1.49411,1.49648,1.49404,1.4964,14646
2024-07-23T21:00:00.000Z,1.49571,1.49592,1.49481,1.49488,7418
2024-07-24T01:00:00.000Z,1.49488,1.4967,1.49482,1.49643,14881
2024-07-24T05:00:00.000Z,1.49643,1.49682,1.49329,1.49441,23803
2024-07-24T09:00:00.000Z,1.49442,1.49677,1.49411,1.49634,21643
2024-07-24T13:00:00.000Z,1.49633,1.49974,1.4954,1.49649,33828
2024-07-24T17:00:00.000Z,1.49647,1.49739,1.49614,1.49661,18698
2024-07-24T21:00:00.000Z,1.49625,1.49759,1.49598,1.49716,10930
2024-07-25T01:00:00.000Z,1.49716,1.49805,1.49703,1.49784,17023
2024-07-25T05:00:00.000Z,1.49784,1.50027,1.49749,1.49955,29819
2024-07-25T09:00:00.000Z,1.49953,1.50238,1.4994,1.50099,30591
2024-07-25T13:00:00.000Z,1.50098,1.50133,1.49674,1.49923,38440
2024-07-25T17:00:00.000Z,1.49922,1.4998,1.4983,1.49914,23215
2024-07-25T21:00:00.000Z,1.49878,1.50002,1.49868,1.49972,8661
2024-07-26T01:00:00.000Z,1.49972,1.50024,1.49934,1.49973,12055
2024-07-26T05:00:00.000Z,1.49973,1.49999,1.49761,1.49839,19381
2024-07-26T09:00:00.000Z,1.49841,1.50165,1.4984,1.50109,21284
2024-07-26T13:00:00.000Z,1.50109,1.50345,1.4998,1.50172,32118
2024-07-26T17:00:00.000Z,1.50172,1.50248,1.50128,1.5015,18003
2024-07-28T21:00:00.000Z,1.50147,1.50204,1.50053,1.50114,9590
2024-07-29T01:00:00.000Z,1.50114,1.50212,1.50093,1.50126,13123
2024-07-29T05:00:00.000Z,1.50125,1.50182,1.49933,1.49933,21504
2024-07-29T09:00:00.000Z,1.49935,1.49983,1.49659,1.49697,21194
2024-07-29T13:00:00.000Z,1.49697,1.49983,1.49603,1.49963,28817
2024-07-29T17:00:00.000Z,1.49961,1.49988,1.49875,1.49895,16019
2024-07-29T21:00:00.000Z,1.49817,1.49927,1.49817,1.49847,7770
2024-07-30T01:00:00.000Z,1.49849,1.49948,1.49811,1.49838,12165
2024-07-30T05:00:00.000Z,1.49839,1.49948,1.49767,1.49891,20832
2024-07-30T09:00:00.000Z,1.49892,1.5002,1.49736,1.49739,19659
2024-07-30T13:00:00.000Z,1.4974,1.49869,1.49516,1.4971,34818
2024-07-30T17:00:00.000Z,1.4971,1.49798,1.49685,1.49778,19880
2024-07-30T21:00:00.000Z,1.49747,1.49871,1.49696,1.49867,9772
2024-07-31T01:00:00.000Z,1.49866,1.49925,1.49814,1.49862,19081
2024-07-31T05:00:00.000Z,1.49863,1.49893,1.49615,1.49832,27279
2024-07-31T09:00:00.000Z,1.49832,1.49957,1.49679,1.4971,25432
2024-07-31T13:00:00.000Z,1.49711,1.49842,1.4919,1.49248,34054
2024-07-31T17:00:00.000Z,1.49248,1.49497,1.49219,1.49442,31467
2024-07-31T21:00:00.000Z,1.49356,1.49533,1.49356,1.49514,9013
2024-08-01T01:00:00.000Z,1.49515,1.49599,1.49397,1.49479,18147
2024-08-01T05:00:00.000Z,1.4948,1.4957,1.49141,1.49163,27132
2024-08-01T09:00:00.000Z,1.49163,1.49335,1.49041,1.49124,27496
2024-08-01T13:00:00.000Z,1.49124,1.4949,1.48945,1.49422,41625
2024-08-01T17:00:00.000Z,1.49422,1.49784,1.49407,1.49698,26166
2024-08-01T21:00:00.000Z,1.49654,1.49808,1.49649,1.49777,14030
2024-08-02T01:00:00.000Z,1.49776,1.49803,1.49561,1.49645,17033
2024-08-02T05:00:00.000Z,1.49648,1.50062,1.49558,1.50047,30806
2024-08-02T09:00:00.000Z,1.50047,1.50925,1.50046,1.50912,32798
2024-08-02T13:00:00.000Z,1.50913,1.5139,1.50712,1.51256,50365
2024-08-02T17:00:00.000Z,1.51255,1.51396,1.51176,1.51377,27561
2024-08-04T21:00:00.000Z,1.51388,1.51615,1.51263,1.51498,22816
2024-08-05T01:00:00.000Z,1.51497,1.51793,1.51312,1.51696,32536
2024-08-05T05:00:00.000Z,1.51695,1.52205,1.51333,1.51987,51676
2024-08-05T09:00:00.000Z,1.51985,1.52135,1.51605,1.52049,44484
2024-08-05T13:00:00.000Z,1.52049,1.52272,1.5138,1.51696,56571
2024-08-05T17:00:00.000Z,1.51696,1.51749,1.51418,1.51441,30929
2024-08-05T21:00:00.000Z,1.51269,1.51444,1.51128,1.51219,20529
2024-08-06T01:00:00.000Z,1.51218,1.51366,1.51183,1.51353,29317
2024-08-06T05:00:00.000Z,1.51355,1.51422,1.51077,1.51174,40804
2024-08-06T09:00:00.000Z,1.51172,1.51182,1.50887,1.50928,37153
2024-08-06T13:00:00.000Z,1.50929,1.51012,1.5051,1.50563,47020
2024-08-06T17:00:00.000Z,1.50562,1.50656,1.50346,1.50653,30298
2024-08-06T21:00:00.000Z,1.50591,1.50672,1.5049,1.50573,16609
2024-08-07T01:00:00.000Z,1.50573,1.50608,1.50251,1.50271,27339
2024-08-07T05:00:00.000Z,1.50272,1.50459,1.50151,1.5016,31329
2024-08-07T09:00:00.000Z,1.5016,1.50194,1.49944,1.50072,27637
2024-08-07T13:00:00.000Z,1.50072,1.5015,1.49936,1.4998,35688
2024-08-07T17:00:00.000Z,1.49978,1.50265,1.49959,1.50264,29694
2024-08-07T21:00:00.000Z,1.50208,1.504,1.50158,1.50184,15062
2024-08-08T01:00:00.000Z,1.50185,1.502,1.50047,1.50109,21060
2024-08-08T05:00:00.000Z,1.50109,1.50315,1.50088,1.50175,27760
2024-08-08T09:00:00.000Z,1.50174,1.50275,1.4978,1.49874,28394
2024-08-08T13:00:00.000Z,1.49877,1.50011,1.49691,1.49877,39544
2024-08-08T17:00:00.000Z,1.49878,1.4998,1.4983,1.49932,21979
2024-08-08T21:00:00.000Z,1.49833,1.50005,1.49833,1.49954,10560
2024-08-09T01:00:00.000Z,1.49954,1.50027,1.49865,1.50011,16128
2024-08-09T05:00:00.000Z,1.50012,1.50068,1.49856,1.49914,23101
2024-08-09T09:00:00.000Z,1.49916,1.50089,1.49874,1.49882,22754
2024-08-09T13:00:00.000Z,1.49882,1.50079,1.4983,1.49868,32547
2024-08-09T17:00:00.000Z,1.49869,1.49981,1.49843,1.4985,19840
2024-08-11T21:00:00.000Z,1.49803,1.49969,1.49797,1.49967,7235
2024-08-12T01:00:00.000Z,1.49965,1.50001,1.49895,1.49931,8979
2024-08-12T05:00:00.000Z,1.49933,1.50017,1.49782,1.49858,17172
2024-08-12T09:00:00.000Z,1.49859,1.50038,1.49854,1.49995,16890
2024-08-12T13:00:00.000Z,1.49995,1.50294,1.49931,1.50116,31073
2024-08-12T17:00:00.000Z,1.50117,1.50236,1.50108,1.50202,19399
2024-08-12T21:00:00.000Z,1.50186,1.50287,1.50162,1.50231,7290
2024-08-13T01:00:00.000Z,1.50231,1.50292,1.50201,1.50271,10373
2024-08-13T05:00:00.000Z,1.50272,1.50325,1.49963,1.50011,18323
2024-08-13T09:00:00.000Z,1.5001,1.50253,1.4992,1.50188,21270
2024-08-13T13:00:00.000Z,1.50189,1.50547,1.50151,1.50526,32818
2024-08-13T17:00:00.000Z,1.50526,1.50818,1.50499,1.50672,21657
2024-08-13T21:00:00.000Z,1.50504,1.50758,1.50469,1.50679,9866
2024-08-14T01:00:00.000Z,1.50678,1.50801,1.5066,1.50785,14031
2024-08-14T05:00:00.000Z,1.50786,1.51066,1.50698,1.51052,19207
2024-08-14T09:00:00.000Z,1.51052,1.51206,1.50956,1.51127,22220
2024-08-14T13:00:00.000Z,1.51128,1.51375,1.50935,1.51077,32639
2024-08-14T17:00:00.000Z,1.51077,1.5117,1.51005,1.51029,18274
2024-08-14T21:00:00.000Z,1.50971,1.51064,1.50968,1.51003,6384
2024-08-15T01:00:00.000Z,1.51002,1.51033,1.50923,1.5096,13695
2024-08-15T05:00:00.000Z,1.5096,1.50996,1.50841,1.50871,13856
2024-08-15T09:00:00.000Z,1.5087,1.50954,1.50292,1.50373,19307
2024-08-15T13:00:00.000Z,1.50373,1.50564,1.503,1.50496,33237
2024-08-15T17:00:00.000Z,1.50494,1.50727,1.50486,1.50622,17186
2024-08-15T21:00:00.000Z,1.50559,1.50738,1.50559,1.50692,7005
2024-08-16T01:00:00.000Z,1.50693,1.50728,1.50653,1.50719,10766
2024-08-16T05:00:00.000Z,1.5072,1.50815,1.50637,1.50671,15139
2024-08-16T09:00:00.000Z,1.50672,1.50985,1.50634,1.50892,20086
2024-08-16T13:00:00.000Z,1.50893,1.50942,1.50675,1.50695,27487
2024-08-16T17:00:00.000Z,1.50695,1.50886,1.50688,1.50852,14960
2024-08-18T21:00:00.000Z,1.50798,1.50898,1.50729,1.50799,8591
2024-08-19T01:00:00.000Z,1.50799,1.50876,1.50705,1.50852,11853
2024-08-19T05:00:00.000Z,1.50852,1.51052,1.50834,1.50917,20002
2024-08-19T09:00:00.000Z,1.50918,1.51031,1.50898,1.50919,17795
2024-08-19T13:00:00.000Z,1.50919,1.51201,1.50766,1.51137,28968
2024-08-19T17:00:00.000Z,1.51138,1.51187,1.5105,1.51116,15936
2024-08-19T21:00:00.000Z,1.51045,1.51144,1.51045,1.51107,8081
2024-08-20T01:00:00.000Z,1.51107,1.51122,1.51011,1.51043,13337
2024-08-20T05:00:00.000Z,1.51041,1.51064,1.50851,1.50861,20262
2024-08-20T09:00:00.000Z,1.50862,1.51199,1.50764,1.51155,20876
2024-08-20T13:00:00.000Z,1.51152,1.51552,1.51152,1.51495,33588
2024-08-20T17:00:00.000Z,1.51496,1.51583,1.51421,1.51565,19625
2024-08-20T21:00:00.000Z,1.51499,1.51606,1.51471,1.51516,9320
2024-08-21T01:00:00.000Z,1.51519,1.51519,1.51367,1.51375,11021
2024-08-21T05:00:00.000Z,1.51375,1.5154,1.51263,1.51334,19007
2024-08-21T09:00:00.000Z,1.51334,1.51362,1.51114,1.51273,18291
2024-08-21T13:00:00.000Z,1.51272,1.51485,1.5099,1.5147,37810
2024-08-21T17:00:00.000Z,1.51469,1.51763,1.51468,1.51594,18512
2024-08-21T21:00:00.000Z,1.51447,1.51588,1.51407,1.51446,6707
2024-08-22T01:00:00.000Z,1.51445,1.51463,1.51366,1.51394,8927
2024-08-22T05:00:00.000Z,1.51394,1.51548,1.51086,1.51275,18076
2024-08-22T09:00:00.000Z,1.51274,1.51382,1.51154,1.51241,21024
2024-08-22T13:00:00.000Z,1.51244,1.51405,1.51056,1.51111,31034
2024-08-22T17:00:00.000Z,1.51113,1.5125,1.5101,1.51236,16658
2024-08-22T21:00:00.000Z,1.51236,1.51283,1.51178,1.51243,6970
2024-08-23T01:00:00.000Z,1.51243,1.51302,1.51202,1.51261,9568
2024-08-23T05:00:00.000Z,1.51262,1.51279,1.51067,1.51135,15768
2024-08-23T09:00:00.000Z,1.51135,1.5115,1.50905,1.50939,17135
2024-08-23T13:00:00.000Z,1.50936,1.51224,1.50793,1.50976,39527
2024-08-23T17:00:00.000Z,1.50977,1.51247,1.50973,1.51195,19783
2024-08-25T21:00:00.000Z,1.51027,1.51233,1.51025,1.51169,10223
2024-08-26T01:00:00.000Z,1.51167,1.51198,1.51076,1.511,11791
2024-08-26T05:00:00.000Z,1.51099,1.51125,1.50965,1.50975,18025
2024-08-26T09:00:00.000Z,1.50978,1.51022,1.50564,1.50578,20190
2024-08-26T13:00:00.000Z,1.5058,1.50633,1.50421,1.50473,28563
2024-08-26T17:00:00.000Z,1.50474,1.50548,1.50393,1.50525,14679
2024-08-26T21:00:00.000Z,1.50371,1.50536,1.50371,1.50515,7066
2024-08-27T01:00:00.000Z,1.50515,1.50595,1.50492,1.50542,9271
2024-08-27T05:00:00.000Z,1.50542,1.50572,1.50424,1.50441,17410
2024-08-27T09:00:00.000Z,1.50441,1.50526,1.50229,1.50346,22245
2024-08-27T13:00:00.000Z,1.50344,1.50413,1.50168,1.50323,29298
2024-08-27T17:00:00.000Z,1.50323,1.50502,1.50293,1.50353,14572
2024-08-27T21:00:00.000Z,1.50233,1.50409,1.50233,1.50312,7155
2024-08-28T01:00:00.000Z,1.50314,1.50316,1.50087,1.50134,10989
2024-08-28T05:00:00.000Z,1.50134,1.50143,1.49941,1.49952,21984
2024-08-28T09:00:00.000Z,1.49952,1.5001,1.49639,1.49676,24149
2024-08-28T13:00:00.000Z,1.49676,1.49806,1.49631,1.49704,32009
2024-08-28T17:00:00.000Z,1.49704,1.49873,1.49625,1.49869,18969
2024-08-28T21:00:00.000Z,1.49815,1.49929,1.49802,1.49897,7121
2024-08-29T01:00:00.000Z,1.49897,1.49936,1.49828,1.49874,9357
2024-08-29T05:00:00.000Z,1.49875,1.49893,1.49161,1.49259,22716
2024-08-29T09:00:00.000Z,1.49259,1.49372,1.4908,1.49319,24592
2024-08-29T13:00:00.000Z,1.4932,1.49471,1.49046,1.49253,32869
2024-08-29T17:00:00.000Z,1.49252,1.49388,1.49154,1.49378,19702
2024-08-29T21:00:00.000Z,1.49313,1.49468,1.49313,1.49407,6589
2024-08-30T01:00:00.000Z,1.49406,1.49419,1.49271,1.49374,9823
2024-08-30T05:00:00.000Z,1.49375,1.4949,1.49236,1.49248,17667
2024-08-30T09:00:00.000Z,1.49249,1.4941,1.49144,1.49228,23178
2024-08-30T13:00:00.000Z,1.49234,1.49426,1.49125,1.49192,38255
2024-08-30T17:00:00.000Z,1.49191,1.49298,1.48887,1.49064,18864
2024-09-01T21:00:00.000Z,1.48936,1.49101,1.48933,1.49093,6021
2024-09-02T01:00:00.000Z,1.49091,1.49189,1.49053,1.49129,9563
2024-09-02T05:00:00.000Z,1.49129,1.49388,1.49093,1.49282,16905
2024-09-02T09:00:00.000Z,1.49283,1.49381,1.49258,1.49306,16208
2024-09-02T13:00:00.000Z,1.49311,1.49467,1.49298,1.49314,13712
2024-09-02T17:00:00.000Z,1.49316,1.49401,1.49306,1.49396,2037
2024-09-02T21:00:00.000Z,1.49287,1.4941,1.49287,1.4929,5678
2024-09-03T01:00:00.000Z,1.49292,1.4956,1.49288,1.49519,12693
2024-09-03T05:00:00.000Z,1.49518,1.49592,1.49263,1.49273,20739
2024-09-03T09:00:00.000Z,1.49275,1.49638,1.49164,1.49628,24799
2024-09-03T13:00:00.000Z,1.49627,1.4993,1.49506,1.49575,35468
2024-09-03T17:00:00.000Z,1.49575,1.4965,1.49444,1.4965,17611
2024-09-03T21:00:00.000Z,1.49553,1.49761,1.4951,1.49743,10033
2024-09-04T01:00:00.000Z,1.49743,1.49766,1.49604,1.49636,12131
2024-09-04T05:00:00.000Z,1.49635,1.49919,1.49574,1.4988,21372
2024-09-04T09:00:00.000Z,1.49882,1.4989,1.49662,1.49781,20444
2024-09-04T13:00:00.000Z,1.49781,1.49891,1.49452,1.49757,35075
2024-09-04T17:00:00.000Z,1.49758,1.49776,1.49594,1.49676,19402
2024-09-04T21:00:00.000Z,1.49659,1.49724,1.49625,1.49641,7177
2024-09-05T01:00:00.000Z,1.49641,1.49684,1.49601,1.49634,10496
2024-09-05T05:00:00.000Z,1.49632,1.49897,1.49614,1.49879,19889
2024-09-05T09:00:00.000Z,1.49881,1.5026,1.49837,1.49896,24780
2024-09-05T13:00:00.000Z,1.49897,1.50061,1.49675,1.50013,33818
2024-09-05T17:00:00.000Z,1.50014,1.5013,1.49946,1.5,19196
2024-09-05T21:00:00.000Z,1.49992,1.50028,1.49958,1.50009,5449
2024-09-06T01:00:00.000Z,1.5001,1.50041,1.49968,1.49982,10472
2024-09-06T05:00:00.000Z,1.49983,1.50151,1.4994,1.50101,19544
2024-09-06T09:00:00.000Z,1.50101,1.50219,1.4942,1.50138,25859
2024-09-06T13:00:00.000Z,1.5014,1.50559,1.49548,1.50292,48510
2024-09-06T17:00:00.000Z,1.50293,1.50491,1.50242,1.50445,24256
2024-09-08T21:00:00.000Z,1.50271,1.50463,1.50247,1.50336,10750
2024-09-09T01:00:00.000Z,1.50336,1.50342,1.50164,1.50195,11884
2024-09-09T05:00:00.000Z,1.50194,1.5021,1.49866,1.49905,20469
2024-09-09T09:00:00.000Z,1.49907,1.5,1.49669,1.49782,20981
2024-09-09T13:00:00.000Z,1.49782,1.49963,1.49665,1.49694,28510
2024-09-09T17:00:00.000Z,1.49693,1.49792,1.49594,1.49615,18112
2024-09-09T21:00:00.000Z,1.4958,1.49724,1.49535,1.49671,6019
2024-09-10T01:00:00.000Z,1.4967,1.49757,1.49625,1.49748,9224
2024-09-10T05:00:00.000Z,1.49747,1.49863,1.49665,1.4981,19008
2024-09-10T09:00:00.000Z,1.49811,1.49841,1.49655,1.49692,20700
2024-09-10T13:00:00.000Z,1.49692,1.50071,1.49683,1.50035,31020
2024-09-10T17:00:00.000Z,1.50037,1.50089,1.49944,1.49957,19020
2024-09-10T21:00:00.000Z,1.49964,1.50032,1.49939,1.50021,6502
2024-09-11T01:00:00.000Z,1.50021,1.50251,1.50004,1.50227,15251
2024-09-11T05:00:00.000Z,1.50231,1.50253,1.50017,1.50029,20144
2024-09-11T09:00:00.000Z,1.50028,1.50131,1.49643,1.49771,24695
2024-09-11T13:00:00.000Z,1.4977,1.49968,1.49578,1.49636,37807
2024-09-11T17:00:00.000Z,1.49636,1.49674,1.49455,1.49487,21344
2024-09-11T21:00:00.000Z,1.49432,1.4951,1.49418,1.4945,5738
2024-09-12T01:00:00.000Z,1.4945,1.49545,1.4945,1.49485,10606
2024-09-12T05:00:00.000Z,1.49484,1.49603,1.49361,1.49543,18796
2024-09-12T09:00:00.000Z,1.49542,1.49804,1.49449,1.49768,23323
2024-09-12T13:00:00.000Z,1.49768,1.50186,1.49767,1.50115,33197
2024-09-12T17:00:00.000Z,1.50112,1.50371,1.50069,1.50351,23260
2024-09-12T21:00:00.000Z,1.50329,1.50422,1.50327,1.50403,7179
2024-09-13T01:00:00.000Z,1.50403,1.50503,1.50373,1.50473,11804
2024-09-13T05:00:00.000Z,1.50473,1.50626,1.50371,1.50589,18614
2024-09-13T09:00:00.000Z,1.50589,1.50732,1.50481,1.50596,22928
2024-09-13T13:00:00.000Z,1.50596,1.50677,1.50486,1.50654,31894
2024-09-13T17:00:00.000Z,1.50653,1.50692,1.50416,1.50482,16810
2024-09-15T21:00:00.000Z,1.50504,1.50625,1.50462,1.50542,7292
2024-09-16T01:00:00.000Z,1.50541,1.50659,1.50531,1.50591,9216
2024-09-16T05:00:00.000Z,1.50591,1.51008,1.50577,1.50983,18311
2024-09-16T09:00:00.000Z,1.50983,1.51195,1.50951,1.5115,23406
2024-09-16T13:00:00.000Z,1.51149,1.5132,1.51124,1.51301,29263
2024-09-16T17:00:00.000Z,1.51302,1.51315,1.51116,1.51243,17323
2024-09-16T21:00:00.000Z,1.51162,1.51229,1.51141,1.5119,6513
2024-09-17T01:00:00.000Z,1.51188,1.51256,1.5118,1.51233,8416
2024-09-17T05:00:00.000Z,1.51232,1.51387,1.51027,1.51376,17668
2024-09-17T09:00:00.000Z,1.51373,1.51582,1.51255,1.51349,23696
2024-09-17T13:00:00.000Z,1.51348,1.51353,1.5109,1.51191,33684
2024-09-17T17:00:00.000Z,1.51192,1.51209,1.51075,1.51109,21531
2024-09-17T21:00:00.000Z,1.51062,1.5121,1.51055,1.51174,5796
2024-09-18T01:00:00.000Z,1.51174,1.51224,1.51148,1.51148,10127
2024-09-18T05:00:00.000Z,1.51149,1.51285,1.51061,1.5123,19634
2024-09-18T09:00:00.000Z,1.51229,1.51329,1.51095,1.5114,20932
2024-09-18T13:00:00.000Z,1.51141,1.51325,1.51056,1.51235,28974
2024-09-18T17:00:00.000Z,1.51233,1.51591,1.51033,1.5126,42961
2024-09-18T21:00:00.000Z,1.51116,1.51285,1.5105,1.51086,12689
2024-09-19T01:00:00.000Z,1.51085,1.51237,1.51015,1.51202,20535
2024-09-19T05:00:00.000Z,1.51202,1.51304,1.51057,1.51186,28081
2024-09-19T09:00:00.000Z,1.51185,1.51379,1.50942,1.50957,31563
2024-09-19T13:00:00.000Z,1.50957,1.51223,1.50947,1.51172,38136
2024-09-19T17:00:00.000Z,1.51171,1.51391,1.5114,1.51335,22299
2024-09-19T21:00:00.000Z,1.51216,1.5138,1.51216,1.51373,6017
2024-09-20T01:00:00.000Z,1.51374,1.51424,1.51351,1.51395,13950
2024-09-20T05:00:00.000Z,1.51394,1.51625,1.51379,1.51477,25335
2024-09-20T09:00:00.000Z,1.51479,1.51508,1.51312,1.51356,22842
2024-09-20T13:00:00.000Z,1.51356,1.51498,1.51241,1.51448,38102
2024-09-20T17:00:00.000Z,1.51448,1.51471,1.51315,1.51439,23449
2024-09-22T21:00:00.000Z,1.51281,1.51452,1.51279,1.51345,6634
2024-09-23T01:00:00.000Z,1.51344,1.51393,1.51303,1.51352,10050
2024-09-23T05:00:00.000Z,1.51353,1.51387,1.50486,1.50532,25309
2024-09-23T09:00:00.000Z,1.50532,1.50728,1.50523,1.50567,23077
2024-09-23T13:00:00.000Z,1.50566,1.50664,1.50149,1.50204,34687
2024-09-23T17:00:00.000Z,1.50206,1.5045,1.50039,1.50449,17103
2024-09-23T21:00:00.000Z,1.5038,1.50434,1.5024,1.50255,6813
2024-09-24T01:00:00.000Z,1.50256,1.50271,1.50155,1.50228,14308
2024-09-24T05:00:00.000Z,1.5023,1.50572,1.50182,1.50519,24899
2024-09-24T09:00:00.000Z,1.50517,1.50583,1.50243,1.50395,21966
2024-09-24T13:00:00.000Z,1.50394,1.50538,1.50125,1.50157,33015
2024-09-24T17:00:00.000Z,1.50156,1.50175,1.50027,1.50163,16038
2024-09-24T21:00:00.000Z,1.50138,1.50266,1.50113,1.50239,7714
2024-09-25T01:00:00.000Z,1.50239,1.50384,1.50192,1.5034,13854
2024-09-25T05:00:00.000Z,1.5034,1.50401,1.50168,1.5019,20643
2024-09-25T09:00:00.000Z,1.50191,1.50632,1.50183,1.50593,22360
2024-09-25T13:00:00.000Z,1.50594,1.50683,1.49963,1.5003,33893
2024-09-25T17:00:00.000Z,1.5003,1.50116,1.49922,1.5011,19893
2024-09-25T21:00:00.000Z,1.50034,1.50114,1.49979,1.50031,7498
2024-09-26T01:00:00.000Z,1.50032,1.50118,1.49977,1.50083,11473
2024-09-26T05:00:00.000Z,1.50084,1.50302,1.49901,1.50028,24399
2024-09-26T09:00:00.000Z,1.50029,1.5035,1.50028,1.50119,28238
2024-09-26T13:00:00.000Z,1.50118,1.50646,1.50026,1.50564,38483
2024-09-26T17:00:00.000Z,1.50566,1.50669,1.50486,1.50495,21245
2024-09-26T21:00:00.000Z,1.50486,1.50656,1.50456,1.5061,9891
2024-09-27T01:00:00.000Z,1.50611,1.50671,1.50571,1.50609,14638
2024-09-27T05:00:00.000Z,1.50609,1.50711,1.5007,1.50251,29639
2024-09-27T09:00:00.000Z,1.50253,1.50907,1.50193,1.5089,27692
2024-09-27T13:00:00.000Z,1.50888,1.50888,1.50559,1.50667,37377
2024-09-27T17:00:00.000Z,1.50668,1.5098,1.50653,1.50855,24075
2024-09-29T21:00:00.000Z,1.50653,1.50987,1.50653,1.50967,9094
2024-09-30T01:00:00.000Z,1.50966,1.50969,1.50744,1.5077,15026
2024-09-30T05:00:00.000Z,1.50769,1.5151,1.5068,1.51456,23270
2024-09-30T09:00:00.000Z,1.51449,1.51464,1.51111,1.51136,23101
2024-09-30T13:00:00.000Z,1.51136,1.51178,1.50502,1.50573,35407
2024-09-30T17:00:00.000Z,1.50573,1.50722,1.50415,1.50594,27097
2024-09-30T21:00:00.000Z,1.50399,1.50696,1.50398,1.50611,7977
2024-10-01T01:00:00.000Z,1.50612,1.50704,1.50588,1.50647,11711
2024-10-01T05:00:00.000Z,1.5065,1.50714,1.50237,1.50281,25302
2024-10-01T09:00:00.000Z,1.50282,1.50414,1.497,1.49712,27264
2024-10-01T13:00:00.000Z,1.49712,1.49805,1.49194,1.49254,42875
2024-10-01T17:00:00.000Z,1.49254,1.4947,1.49242,1.493,27116
2024-10-01T21:00:00.000Z,1.49273,1.49374,1.49213,1.49246,7971
2024-10-02T01:00:00.000Z,1.49246,1.49271,1.49128,1.49164,14560
2024-10-02T05:00:00.000Z,1.49162,1.49399,1.49079,1.49335,24155
2024-10-02T09:00:00.000Z,1.49336,1.49387,1.49076,1.49124,24319
2024-10-02T13:00:00.000Z,1.49125,1.49214,1.4874,1.4902,32929
2024-10-02T17:00:00.000Z,1.49021,1.49169,1.49011,1.49168,16333
2024-10-02T21:00:00.000Z,1.49009,1.49212,1.49009,1.49125,7704
2024-10-03T01:00:00.000Z,1.49122,1.49211,1.49104,1.49203,12982
2024-10-03T05:00:00.000Z,1.49204,1.49383,1.49039,1.49275,25354
2024-10-03T09:00:00.000Z,1.49276,1.49504,1.49221,1.49297,26001
2024-10-03T13:00:00.000Z,1.49297,1.4952,1.49002,1.49247,38275
2024-10-03T17:00:00.000Z,1.49248,1.49522,1.49246,1.49508,19628
2024-10-03T21:00:00.000Z,1.49443,1.49565,1.49384,1.49471,6643
2024-10-04T01:00:00.000Z,1.49471,1.49526,1.49444,1.49472,14109
2024-10-04T05:00:00.000Z,1.49472,1.4968,1.4943,1.49487,19818
2024-10-04T09:00:00.000Z,1.49488,1.49557,1.48841,1.48855,24283
2024-10-04T13:00:00.000Z,1.48856,1.49083,1.48737,1.48803,36958
2024-10-04T17:00:00.000Z,1.48804,1.49017,1.48774,1.49003,17586
2024-10-06T21:00:00.000Z,1.48795,1.49031,1.48733,1.48977,10328
2024-10-07T01:00:00.000Z,1.48976,1.4905,1.4896,1.4897,14461
2024-10-07T05:00:00.000Z,1.48969,1.49203,1.4891,1.49104,21418
2024-10-07T09:00:00.000Z,1.49106,1.49214,1.48875,1.49203,24096
2024-10-07T13:00:00.000Z,1.49202,1.49459,1.49187,1.49453,29893
2024-10-07T17:00:00.000Z,1.4945,1.49595,1.49404,1.49455,18161
2024-10-07T21:00:00.000Z,1.49425,1.49568,1.49389,1.495,8925
2024-10-08T01:00:00.000Z,1.49501,1.49649,1.49493,1.49622,20526
2024-10-08T05:00:00.000Z,1.49621,1.49997,1.4959,1.49958,23667
2024-10-08T09:00:00.000Z,1.49958,1.49988,1.49699,1.49764,20566
2024-10-08T13:00:00.000Z,1.49762,1.50002,1.49721,1.49963,28945
2024-10-08T17:00:00.000Z,1.49964,1.49976,1.49772,1.49833,16982
2024-10-08T21:00:00.000Z,1.49698,1.49883,1.49682,1.49846,5680
2024-10-09T01:00:00.000Z,1.49844,1.49874,1.49758,1.49761,16440
2024-10-09T05:00:00.000Z,1.49762,1.49876,1.49653,1.4979,24022
2024-10-09T09:00:00.000Z,1.49789,1.49967,1.49777,1.49917,18724
2024-10-09T13:00:00.000Z,1.49918,1.49926,1.4976,1.49815,25922
2024-10-09T17:00:00.000Z,1.49815,1.50042,1.49765,1.49997,15216
2024-10-09T21:00:00.000Z,1.4978,1.50013,1.49729,1.49994,7737
2024-10-10T01:00:00.000Z,1.49994,1.50039,1.49913,1.49938,14314
2024-10-10T05:00:00.000Z,1.49938,1.50198,1.4992,1.50141,17293
2024-10-10T09:00:00.000Z,1.5014,1.50436,1.49955,1.50366,22524
2024-10-10T13:00:00.000Z,1.50366,1.50588,1.5006,1.501,36341
2024-10-10T17:00:00.000Z,1.501,1.50308,1.50078,1.50278,18560
2024-10-10T21:00:00.000Z,1.50206,1.50379,1.50162,1.50362,6707
2024-10-11T01:00:00.000Z,1.50363,1.50488,1.50294,1.50398,9418
2024-10-11T05:00:00.000Z,1.50399,1.50732,1.50371,1.50705,14434
2024-10-11T09:00:00.000Z,1.50707,1.50801,1.50156,1.50318,19701
2024-10-11T13:00:00.000Z,1.50317,1.50814,1.50284,1.50581,26466
2024-10-11T17:00:00.000Z,1.5058,1.50614,1.50447,1.50507,10441
2024-10-13T21:00:00.000Z,1.50347,1.50596,1.50325,1.50486,7584
2024-10-14T01:00:00.000Z,1.50485,1.50591,1.50478,1.50486,12547
2024-10-14T05:00:00.000Z,1.50487,1.50696,1.50472,1.5064,15367
2024-10-14T09:00:00.000Z,1.50639,1.50795,1.50422,1.50501,16189
2024-10-14T13:00:00.000Z,1.50501,1.50605,1.50378,1.50378,23134
2024-10-14T17:00:00.000Z,1.50379,1.50491,1.5029,1.50487,12543
2024-10-14T21:00:00.000Z,1.50275,1.50574,1.50271,1.50473,6234
2024-10-15T01:00:00.000Z,1.50476,1.50509,1.50361,1.50371,10738
2024-10-15T05:00:00.000Z,1.50372,1.50683,1.50315,1.50624,19183
2024-10-15T09:00:00.000Z,1.50623,1.50955,1.5054,1.50826,20785
2024-10-15T13:00:00.000Z,1.50827,1.50835,1.50256,1.50262,28564
2024-10-15T17:00:00.000Z,1.50261,1.50333,1.49967,1.49993,15869
2024-10-15T21:00:00.000Z,1.50002,1.5009,1.49965,1.50067,7559
2024-10-16T01:00:00.000Z,1.50069,1.50114,1.50007,1.50016,12685
2024-10-16T05:00:00.000Z,1.50017,1.5009,1.4985,1.50073,20501
2024-10-16T09:00:00.000Z,1.50073,1.50227,1.5001,1.50041,18755
2024-10-16T13:00:00.000Z,1.50044,1.50123,1.49602,1.49603,24881
2024-10-16T17:00:00.000Z,1.496,1.496,1.49283,1.4935,13790
2024-10-16T21:00:00.000Z,1.49307,1.49473,1.49304,1.49403,7484
2024-10-17T01:00:00.000Z,1.49403,1.49416,1.49329,1.49378,13982
2024-10-17T05:00:00.000Z,1.49376,1.49621,1.49333,1.49538,18145
2024-10-17T09:00:00.000Z,1.49538,1.49838,1.49386,1.49406,20701
2024-10-17T13:00:00.000Z,1.49407,1.49452,1.49011,1.4925,32072
2024-10-17T17:00:00.000Z,1.49249,1.49436,1.49242,1.49387,14034
2024-10-17T21:00:00.000Z,1.49275,1.49445,1.49266,1.49406,6888
2024-10-18T01:00:00.000Z,1.49405,1.4954,1.49371,1.49531,15227
2024-10-18T05:00:00.000Z,1.49533,1.49646,1.49441,1.49494,19723
2024-10-18T09:00:00.000Z,1.49493,1.49809,1.49433,1.49801,18680
2024-10-18T13:00:00.000Z,1.49802,1.49951,1.4972,1.49909,22976
2024-10-18T17:00:00.000Z,1.49909,1.50068,1.4989,1.50003,16424
2024-10-20T21:00:00.000Z,1.4985,1.50043,1.49829,1.50006,7629
2024-10-21T01:00:00.000Z,1.50006,1.50034,1.49945,1.49951,15961
2024-10-21T05:00:00.000Z,1.4995,1.50018,1.49853,1.49952,18628
2024-10-21T09:00:00.000Z,1.49951,1.50066,1.49888,1.50035,18229
2024-10-21T13:00:00.000Z,1.50035,1.50077,1.49749,1.49759,23625
2024-10-21T17:00:00.000Z,1.49758,1.49809,1.49539,1.49546,14749
2024-10-21T21:00:00.000Z,1.49546,1.49664,1.49508,1.49633,8195
2024-10-22T01:00:00.000Z,1.49632,1.49666,1.49579,1.49631,15303
2024-10-22T05:00:00.000Z,1.49631,1.49853,1.49596,1.49774,18628
2024-10-22T09:00:00.000Z,1.49775,1.498,1.49494,1.49499,20689
2024-10-22T13:00:00.000Z,1.49498,1.49565,1.49292,1.49455,26289
2024-10-22T17:00:00.000Z,1.49455,1.49464,1.49157,1.49179,14270
2024-10-22T21:00:00.000Z,1.49138,1.49296,1.49122,1.4924,6395
2024-10-23T01:00:00.000Z,1.49238,1.49296,1.49189,1.49277,17887
2024-10-23T05:00:00.000Z,1.49276,1.49336,1.48988,1.4914,21711
2024-10-23T09:00:00.000Z,1.49139,1.49183,1.48913,1.49165,21299
2024-10-23T13:00:00.000Z,1.49165,1.49363,1.49056,1.49098,26988
2024-10-23T17:00:00.000Z,1.49102,1.49255,1.48998,1.49204,18690
2024-10-23T21:00:00.000Z,1.49179,1.49233,1.49097,1.49126,7316
2024-10-24T01:00:00.000Z,1.49126,1.49187,1.49059,1.49173,13682
2024-10-24T05:00:00.000Z,1.49173,1.49294,1.48862,1.4923,23305
2024-10-24T09:00:00.000Z,1.4923,1.49268,1.49099,1.49242,20853
2024-10-24T13:00:00.000Z,1.49243,1.4985,1.49238,1.49849,28523
2024-10-24T17:00:00.000Z,1.49848,1.50022,1.49802,1.49995,16543
2024-10-24T21:00:00.000Z,1.49925,1.50003,1.49862,1.4988,7474
2024-10-25T01:00:00.000Z,1.49881,1.49947,1.49857,1.49919,14191
2024-10-25T05:00:00.000Z,1.4992,1.50041,1.49783,1.49889,19160
2024-10-25T09:00:00.000Z,1.4989,1.50032,1.49835,1.49998,16888
2024-10-25T13:00:00.000Z,1.49997,1.50236,1.49875,1.49977,25076
2024-10-25T17:00:00.000Z,1.49978,1.50069,1.49891,1.49977,16588
2024-10-27T21:00:00.000Z,1.49797,1.50067,1.49776,1.49993,9863
2024-10-28T01:00:00.000Z,1.49993,1.5,1.49911,1.49924,15079
2024-10-28T05:00:00.000Z,1.49923,1.50271,1.49862,1.50242,17058
2024-10-28T09:00:00.000Z,1.50241,1.50429,1.50183,1.50248,18273
2024-10-28T13:00:00.000Z,1.50248,1.50439,1.50172,1.50317,24279
2024-10-28T17:00:00.000Z,1.50317,1.50332,1.50156,1.50165,13661
2024-10-28T21:00:00.000Z,1.50134,1.50253,1.50108,1.50227,5960
2024-10-29T01:00:00.000Z,1.50227,1.50245,1.50158,1.50216,14065
2024-10-29T05:00:00.000Z,1.50216,1.50252,1.50071,1.50156,17605
2024-10-29T09:00:00.000Z,1.50155,1.5023,1.49757,1.49821,22236
2024-10-29T13:00:00.000Z,1.4982,1.50344,1.49715,1.50336,34853
2024-10-29T17:00:00.000Z,1.50334,1.5055,1.50328,1.50542,17729
2024-10-29T21:00:00.000Z,1.50393,1.50594,1.50345,1.50551,7189
2024-10-30T01:00:00.000Z,1.50552,1.50574,1.50522,1.50562,15486
2024-10-30T05:00:00.000Z,1.50562,1.50845,1.5053,1.50666,17882
2024-10-30T09:00:00.000Z,1.50669,1.50993,1.50538,1.50673,26385
2024-10-30T13:00:00.000Z,1.50673,1.51181,1.5067,1.51141,35031
2024-10-30T17:00:00.000Z,1.51141,1.51174,1.50856,1.50926,18138
2024-10-30T21:00:00.000Z,1.50922,1.51044,1.50885,1.51007,7565
2024-10-31T01:00:00.000Z,1.51007,1.51019,1.50888,1.50978,15162
2024-10-31T05:00:00.000Z,1.50978,1.51176,1.50948,1.51093,20633
2024-10-31T09:00:00.000Z,1.51092,1.5144,1.51066,1.51264,24826
2024-10-31T13:00:00.000Z,1.51263,1.51398,1.50915,1.51232,38078
2024-10-31T17:00:00.000Z,1.51232,1.5165,1.5109,1.51613,21894
2024-10-31T21:00:00.000Z,1.51604,1.51673,1.51523,1.51651,7033
2024-11-01T01:00:00.000Z,1.51652,1.51675,1.51466,1.51485,15816
2024-11-01T05:00:00.000Z,1.51485,1.51592,1.51254,1.51315,17494
2024-11-01T09:00:00.000Z,1.5131,1.51654,1.51205,1.51429,22868
2024-11-01T13:00:00.000Z,1.51431,1.51459,1.50993,1.51309,34093
2024-11-01T17:00:00.000Z,1.5131,1.51311,1.51122,1.51159,18522
2024-11-03T22:00:00.000Z,1.51473,1.51488,1.51279,1.51399,14760
2024-11-04T02:00:00.000Z,1.51398,1.51524,1.51379,1.51493,17073
2024-11-04T06:00:00.000Z,1.51493,1.51699,1.51386,1.51584,21637
2024-11-04T10:00:00.000Z,1.51583,1.51691,1.51464,1.51622,20556
2024-11-04T14:00:00.000Z,1.51627,1.51643,1.51171,1.51238,30657
2024-11-04T18:00:00.000Z,1.51239,1.51271,1.51146,1.51215,17780
2024-11-04T22:00:00.000Z,1.51187,1.51228,1.5113,1.51193,7916
2024-11-05T02:00:00.000Z,1.51193,1.51213,1.51147,1.51164,12678
2024-11-05T06:00:00.000Z,1.51165,1.51279,1.51101,1.5121,16169
2024-11-05T10:00:00.000Z,1.51212,1.51316,1.51122,1.51198,15185
2024-11-05T14:00:00.000Z,1.51198,1.51335,1.50969,1.5133,27955
2024-11-05T18:00:00.000Z,1.5133,1.51398,1.51052,1.51105,15625
2024-11-05T22:00:00.000Z,1.50975,1.51256,1.50392,1.50459,29475
2024-11-06T02:00:00.000Z,1.50459,1.50487,1.4929,1.49734,46928
2024-11-06T06:00:00.000Z,1.49736,1.49749,1.49161,1.49517,42496
2024-11-06T10:00:00.000Z,1.49519,1.49541,1.48611,1.4926,38715
2024-11-06T14:00:00.000Z,1.49261,1.49656,1.49245,1.49533,40286
2024-11-06T18:00:00.000Z,1.49537,1.49883,1.49494,1.49548,22241
2024-11-06T22:00:00.000Z,1.49509,1.49686,1.49286,1.4929,12202
2024-11-07T02:00:00.000Z,1.49291,1.49333,1.49146,1.49247,15020
2024-11-07T06:00:00.000Z,1.49247,1.49461,1.49193,1.49262,26094
2024-11-07T10:00:00.000Z,1.49263,1.49842,1.49258,1.49776,26914
2024-11-07T14:00:00.000Z,1.49778,1.49997,1.4954,1.49628,31872
2024-11-07T18:00:00.000Z,1.49629,1.49738,1.49345,1.49703,28523
2024-11-07T22:00:00.000Z,1.49661,1.49788,1.49569,1.4965,10995
2024-11-08T02:00:00.000Z,1.49651,1.4974,1.49618,1.49652,13329
2024-11-08T06:00:00.000Z,1.49652,1.49796,1.4955,1.49686,25728
2024-11-08T10:00:00.000Z,1.49685,1.49911,1.49479,1.49628,25860
2024-11-08T14:00:00.000Z,1.4963,1.49721,1.48816,1.49044,33618
2024-11-08T18:00:00.000Z,1.49045,1.49156,1.48967,1.49095,16299
2024-11-10T22:00:00.000Z,1.48921,1.4921,1.48913,1.49151,13173
2024-11-11T02:00:00.000Z,1.49151,1.49265,1.49075,1.49155,11924
2024-11-11T06:00:00.000Z,1.49156,1.49161,1.48631,1.48747,22126
2024-11-11T10:00:00.000Z,1.48746,1.48802,1.48366,1.48479,21597
2024-11-11T14:00:00.000Z,1.4848,1.48576,1.48149,1.4827,22764
2024-11-11T18:00:00.000Z,1.48269,1.48413,1.48265,1.48369,12028
2024-11-11T22:00:00.000Z,1.48225,1.48443,1.48225,1.48345,11124
2024-11-12T02:00:00.000Z,1.48345,1.48443,1.48336,1.48394,15765
2024-11-12T06:00:00.000Z,1.48393,1.48393,1.48177,1.48338,23987
2024-11-12T10:00:00.000Z,1.48342,1.48342,1.47913,1.47925,26025
2024-11-12T14:00:00.000Z,1.47924,1.4809,1.47785,1.47988,31890
2024-11-12T18:00:00.000Z,1.47988,1.48193,1.4793,1.48115,16392
2024-11-12T22:00:00.000Z,1.47994,1.48198,1.47963,1.48197,12270
2024-11-13T02:00:00.000Z,1.48197,1.48235,1.48056,1.48104,12180
2024-11-13T06:00:00.000Z,1.48107,1.4824,1.47873,1.48213,20561
2024-11-13T10:00:00.000Z,1.48213,1.48449,1.48111,1.48344,26193
2024-11-13T14:00:00.000Z,1.48344,1.48437,1.47678,1.47774,40611
2024-11-13T18:00:00.000Z,1.47773,1.4793,1.47609,1.47853,17165
2024-11-13T22:00:00.000Z,1.47784,1.4786,1.47684,1.47788,12007
2024-11-14T02:00:00.000Z,1.47788,1.47818,1.47664,1.47785,13993
2024-11-14T06:00:00.000Z,1.47783,1.47862,1.47278,1.47308,23442
2024-11-14T10:00:00.000Z,1.47306,1.47703,1.4711,1.47556,30401
2024-11-14T14:00:00.000Z,1.47557,1.48352,1.47526,1.4811,35174
2024-11-14T18:00:00.000Z,1.4811,1.48127,1.47725,1.47981,23014
2024-11-14T22:00:00.000Z,1.47907,1.482,1.47898,1.48131,12342
2024-11-15T02:00:00.000Z,1.48132,1.48247,1.4812,1.48218,13707
2024-11-15T06:00:00.000Z,1.48216,1.48542,1.48174,1.48383,23782
2024-11-15T10:00:00.000Z,1.48383,1.48669,1.48318,1.48464,26517
2024-11-15T14:00:00.000Z,1.48464,1.48641,1.48177,1.48529,38822
2024-11-15T18:00:00.000Z,1.4853,1.48633,1.48262,1.48442,21099
2024-11-17T22:00:00.000Z,1.48324,1.48513,1.48309,1.48366,15472
2024-11-18T02:00:00.000Z,1.48367,1.485,1.48339,1.48433,14282
2024-11-18T06:00:00.000Z,1.48434,1.48898,1.48418,1.48846,22049
2024-11-18T10:00:00.000Z,1.48842,1.48859,1.48434,1.48815,23098
2024-11-18T14:00:00.000Z,1.48818,1.48842,1.48378,1.48411,27293
2024-11-18T18:00:00.000Z,1.4841,1.48584,1.48373,1.48553,14615
2024-11-18T22:00:00.000Z,1.48502,1.48567,1.4848,1.48507,10338
2024-11-19T02:00:00.000Z,1.48507,1.48528,1.48382,1.4839,13255
2024-11-19T06:00:00.000Z,1.4839,1.4849,1.4766,1.47983,30165
2024-11-19T10:00:00.000Z,1.47981,1.48425,1.47885,1.48125,28031
2024-11-19T14:00:00.000Z,1.48127,1.48283,1.47769,1.47887,34590
2024-11-19T18:00:00.000Z,1.47886,1.48013,1.47793,1.47873,16597
2024-11-19T22:00:00.000Z,1.47797,1.48033,1.47797,1.47965,10538
2024-11-20T02:00:00.000Z,1.47968,1.47993,1.47775,1.47779,10311
2024-11-20T06:00:00.000Z,1.47779,1.47824,1.47508,1.4754,23065
2024-11-20T10:00:00.000Z,1.4754,1.47731,1.4753,1.47651,22986
2024-11-20T14:00:00.000Z,1.47654,1.47654,1.47177,1.47328,29917
2024-11-20T18:00:00.000Z,1.47328,1.47426,1.47268,1.47342,15211
2024-11-20T22:00:00.000Z,1.47289,1.47349,1.47249,1.47324,8575
2024-11-21T02:00:00.000Z,1.47323,1.47415,1.47284,1.4733,11070
2024-11-21T06:00:00.000Z,1.4733,1.47358,1.46873,1.46964,26624
2024-11-21T10:00:00.000Z,1.46964,1.47115,1.46823,1.47053,25003
2024-11-21T14:00:00.000Z,1.47051,1.47059,1.46105,1.4635,37099
2024-11-21T18:00:00.000Z,1.46348,1.46447,1.46263,1.46314,14657
2024-11-21T22:00:00.000Z,1.46261,1.46408,1.46234,1.46259,10118
2024-11-22T02:00:00.000Z,1.46259,1.46386,1.46259,1.46328,12757
2024-11-22T06:00:00.000Z,1.46327,1.46555,1.44872,1.45659,31994
2024-11-22T10:00:00.000Z,1.4566,1.45953,1.45465,1.45718,31323
2024-11-22T14:00:00.000Z,1.45719,1.45801,1.45358,1.45611,33879
2024-11-22T18:00:00.000Z,1.45609,1.45668,1.4551,1.45635,14863
2024-11-24T22:00:00.000Z,1.46084,1.46304,1.4593,1.4603,17822
2024-11-25T02:00:00.000Z,1.46029,1.46194,1.46016,1.4613,14628
2024-11-25T06:00:00.000Z,1.46129,1.46451,1.45945,1.46383,27731
2024-11-25T10:00:00.000Z,1.46383,1.46964,1.46338,1.46928,26724
2024-11-25T14:00:00.000Z,1.46927,1.47055,1.46566,1.46735,33204
2024-11-25T18:00:00.000Z,1.46736,1.46871,1.46669,1.46777,15889
2024-11-25T22:00:00.000Z,1.46622,1.47875,1.46622,1.47777,25976
2024-11-26T02:00:00.000Z,1.47776,1.47874,1.4751,1.4777,15975
2024-11-26T06:00:00.000Z,1.47768,1.48318,1.47734,1.48094,27887
2024-11-26T10:00:00.000Z,1.48096,1.48478,1.48051,1.48262,29381
2024-11-26T14:00:00.000Z,1.48261,1.48326,1.47239,1.47418,35251
2024-11-26T18:00:00.000Z,1.47418,1.47508,1.47179,1.47413,19688
2024-11-26T22:00:00.000Z,1.47307,1.47481,1.47307,1.4745,13193
2024-11-27T02:00:00.000Z,1.4745,1.47529,1.47375,1.47462,12846
2024-11-27T06:00:00.000Z,1.47462,1.47965,1.47428,1.47743,28073
2024-11-27T10:00:00.000Z,1.47744,1.48477,1.47724,1.48467,27870
2024-11-27T14:00:00.000Z,1.48467,1.4859,1.47964,1.48359,36556
2024-11-27T18:00:00.000Z,1.48358,1.48383,1.48131,1.48232,15715
2024-11-27T22:00:00.000Z,1.48107,1.48235,1.47836,1.47913,11305
2024-11-28T02:00:00.000Z,1.47911,1.48045,1.47869,1.4791,11696
2024-11-28T06:00:00.000Z,1.4791,1.47941,1.475,1.47508,24620
2024-11-28T10:00:00.000Z,1.47508,1.47847,1.47496,1.47559,19693
2024-11-28T14:00:00.000Z,1.4756,1.47945,1.47542,1.478,17100
2024-11-28T18:00:00.000Z,1.478,1.47932,1.478,1.47884,3494
2024-11-28T22:00:00.000Z,1.47753,1.48014,1.47753,1.47828,13249
2024-11-29T02:00:00.000Z,1.47827,1.47961,1.47804,1.47889,14135
2024-11-29T06:00:00.000Z,1.47886,1.48223,1.47776,1.47794,26006
2024-11-29T10:00:00.000Z,1.47792,1.48247,1.47756,1.48163,27520
2024-11-29T14:00:00.000Z,1.48163,1.48191,1.47688,1.47918,32290
2024-11-29T18:00:00.000Z,1.47919,1.48188,1.47919,1.48091,34141
2024-12-01T22:00:00.000Z,1.47818,1.47909,1.4765,1.47767,17455
2024-12-02T02:00:00.000Z,1.47767,1.478,1.47609,1.47628,16431
2024-12-02T06:00:00.000Z,1.47627,1.47722,1.47367,1.47494,29950
2024-12-02T10:00:00.000Z,1.47495,1.4783,1.47353,1.47435,28249
2024-12-02T14:00:00.000Z,1.47434,1.4768,1.47226,1.47401,38690
2024-12-02T18:00:00.000Z,1.474,1.47637,1.47282,1.47401,18051
2024-12-02T22:00:00.000Z,1.4738,1.47494,1.47317,1.47384,10688
2024-12-03T02:00:00.000Z,1.47385,1.47465,1.47313,1.4734,11963
2024-12-03T06:00:00.000Z,1.4734,1.4757,1.47228,1.4749,20966
2024-12-03T10:00:00.000Z,1.4749,1.4778,1.47469,1.47738,20124
2024-12-03T14:00:00.000Z,1.47745,1.47989,1.47564,1.47939,29216
2024-12-03T18:00:00.000Z,1.4794,1.48019,1.47772,1.47824,14161
2024-12-03T22:00:00.000Z,1.477,1.47884,1.477,1.47823,10406
2024-12-04T02:00:00.000Z,1.47823,1.4791,1.47671,1.47865,13794
2024-12-04T06:00:00.000Z,1.47865,1.47985,1.47596,1.47753,19580
2024-12-04T10:00:00.000Z,1.47755,1.47789,1.47402,1.47452,19895
2024-12-04T14:00:00.000Z,1.47455,1.48312,1.47372,1.48206,29150
2024-12-04T18:00:00.000Z,1.48206,1.48226,1.47739,1.47858,15896
2024-12-04T22:00:00.000Z,1.47796,1.47987,1.4778,1.47904,8800
2024-12-05T02:00:00.000Z,1.47906,1.48101,1.47888,1.48074,9550
2024-12-05T06:00:00.000Z,1.48074,1.4824,1.47886,1.4802,15730
2024-12-05T10:00:00.000Z,1.48011,1.48392,1.47921,1.48292,20271
2024-12-05T14:00:00.000Z,1.48292,1.4851,1.48138,1.48485,26828
2024-12-05T18:00:00.000Z,1.48486,1.48584,1.4835,1.48386,13605
2024-12-05T22:00:00.000Z,1.48358,1.48458,1.48326,1.48383,10740
2024-12-06T02:00:00.000Z,1.48383,1.48432,1.48326,1.48352,10778
2024-12-06T06:00:00.000Z,1.48352,1.48631,1.48332,1.4848,15498
2024-12-06T10:00:00.000Z,1.48482,1.49464,1.48415,1.49417,21226
2024-12-06T14:00:00.000Z,1.49418,1.49536,1.49037,1.49334,32504
2024-12-06T18:00:00.000Z,1.49337,1.49572,1.49261,1.49553,13095
2024-12-08T22:00:00.000Z,1.49424,1.49668,1.493,1.4933,9055
2024-12-09T02:00:00.000Z,1.4933,1.49391,1.492,1.49293,10008
2024-12-09T06:00:00.000Z,1.49293,1.49597,1.49289,1.49424,18858
2024-12-09T10:00:00.000Z,1.49426,1.49602,1.48988,1.49128,17623
2024-12-09T14:00:00.000Z,1.49127,1.49529,1.49125,1.49361,22788
2024-12-09T18:00:00.000Z,1.49361,1.49548,1.49347,1.49512,12879
2024-12-09T22:00:00.000Z,1.49521,1.49602,1.49474,1.49571,8411
2024-12-10T02:00:00.000Z,1.49573,1.49737,1.4957,1.49719,12932
2024-12-10T06:00:00.000Z,1.49719,1.49724,1.49215,1.49285,16281
2024-12-10T10:00:00.000Z,1.49283,1.49338,1.48961,1.49027,21778
2024-12-10T14:00:00.000Z,1.49022,1.49345,1.48733,1.48885,28905
2024-12-10T18:00:00.000Z,1.48885,1.49247,1.48874,1.49242,13695
2024-12-10T22:00:00.000Z,1.49185,1.49294,1.49173,1.49218,7789
2024-12-11T02:00:00.000Z,1.49218,1.4923,1.49042,1.49078,10408
2024-12-11T06:00:00.000Z,1.49077,1.49124,1.48808,1.48933,24521
2024-12-11T10:00:00.000Z,1.48931,1.49418,1.48824,1.49108,26638
2024-12-11T14:00:00.000Z,1.49107,1.49161,1.48203,1.48488,35890
2024-12-11T18:00:00.000Z,1.48487,1.48632,1.48438,1.48596,17464
2024-12-11T22:00:00.000Z,1.48491,1.48637,1.48475,1.48619,9832
2024-12-12T02:00:00.000Z,1.48618,1.48659,1.48557,1.48597,9734
2024-12-12T06:00:00.000Z,1.48598,1.48845,1.48469,1.48552,22311
2024-12-12T10:00:00.000Z,1.48553,1.48727,1.48349,1.48536,27964
2024-12-12T14:00:00.000Z,1.48537,1.49102,1.48433,1.48996,38301
2024-12-12T18:00:00.000Z,1.48996,1.49024,1.487,1.48828,18643
2024-12-12T22:00:00.000Z,1.48762,1.49034,1.48742,1.48953,12065
2024-12-13T02:00:00.000Z,1.48954,1.48997,1.48918,1.4897,11748
2024-12-13T06:00:00.000Z,1.48969,1.49253,1.48761,1.49144,21578
2024-12-13T10:00:00.000Z,1.49144,1.49636,1.49083,1.49361,24898
2024-12-13T14:00:00.000Z,1.4936,1.49519,1.49169,1.49363,30106
2024-12-13T18:00:00.000Z,1.49364,1.49523,1.49242,1.49502,14197
2024-12-15T22:00:00.000Z,1.49211,1.49606,1.49207,1.49555,11214
2024-12-16T02:00:00.000Z,1.49553,1.49641,1.495,1.49633,10257
2024-12-16T06:00:00.000Z,1.49631,1.49645,1.49342,1.49489,21493
2024-12-16T10:00:00.000Z,1.49489,1.49732,1.49305,1.49721,19567
2024-12-16T14:00:00.000Z,1.49719,1.49724,1.49307,1.49542,30554
2024-12-16T18:00:00.000Z,1.49543,1.49749,1.4951,1.49735,13477
2024-12-16T22:00:00.000Z,1.49622,1.49918,1.49581,1.49826,9799
2024-12-17T02:00:00.000Z,1.49825,1.49929,1.49794,1.49822,10108
2024-12-17T06:00:00.000Z,1.49822,1.49947,1.49647,1.49698,21706
2024-12-17T10:00:00.000Z,1.49703,1.50102,1.49687,1.49942,24478
2024-12-17T14:00:00.000Z,1.49942,1.50477,1.49939,1.50252,32313
2024-12-17T18:00:00.000Z,1.5025,1.503,1.50066,1.50115,15069
2024-12-17T22:00:00.000Z,1.50113,1.50325,1.50106,1.50318,7622
2024-12-18T02:00:00.000Z,1.50321,1.50508,1.50266,1.50441,9745
2024-12-18T06:00:00.000Z,1.50442,1.50594,1.50222,1.50366,18962
2024-12-18T10:00:00.000Z,1.50365,1.50412,1.50014,1.50157,20396
2024-12-18T14:00:00.000Z,1.50156,1.50243,1.4995,1.50132,27678
2024-12-18T18:00:00.000Z,1.50131,1.5031,1.49296,1.49512,38263
2024-12-18T22:00:00.000Z,1.49504,1.49951,1.49447,1.49738,17457
2024-12-19T02:00:00.000Z,1.49737,1.49951,1.49722,1.49888,15222
2024-12-19T06:00:00.000Z,1.49886,1.50182,1.49645,1.49851,31143
2024-12-19T10:00:00.000Z,1.49851,1.49897,1.4923,1.49487,31761
2024-12-19T14:00:00.000Z,1.49484,1.49529,1.48753,1.48971,39238
2024-12-19T18:00:00.000Z,1.48972,1.49208,1.48931,1.4919,21256
2024-12-19T22:00:00.000Z,1.49123,1.49453,1.49095,1.49427,12698
2024-12-20T02:00:00.000Z,1.49426,1.49542,1.49354,1.49425,13469
2024-12-20T06:00:00.000Z,1.49426,1.49549,1.49106,1.4936,27043
2024-12-20T10:00:00.000Z,1.49362,1.49845,1.49337,1.49785,26009
2024-12-20T14:00:00.000Z,1.49786,1.4981,1.49246,1.49633,39216
2024-12-20T18:00:00.000Z,1.49632,1.49968,1.49617,1.49847,19054
2024-12-22T22:00:00.000Z,1.49786,1.50052,1.49738,1.49784,10269
2024-12-23T02:00:00.000Z,1.49783,1.4992,1.49779,1.49904,8833
2024-12-23T06:00:00.000Z,1.49902,1.49995,1.49611,1.49677,17387
2024-12-23T10:00:00.000Z,1.49677,1.50084,1.49539,1.50056,20271
2024-12-23T14:00:00.000Z,1.50057,1.50119,1.49407,1.49467,28007
2024-12-23T18:00:00.000Z,1.49466,1.49644,1.49452,1.49531,13623
2024-12-23T22:00:00.000Z,1.49445,1.49589,1.49395,1.49558,6410
2024-12-24T02:00:00.000Z,1.49558,1.49593,1.49414,1.49521,9150
2024-12-24T06:00:00.000Z,1.4952,1.4968,1.4939,1.49581,11214
2024-12-24T10:00:00.000Z,1.49579,1.49943,1.49559,1.49644,13674
2024-12-24T14:00:00.000Z,1.49644,1.49677,1.49286,1.49319,21660
2024-12-24T18:00:00.000Z,1.49315,1.49338,1.49106,1.49193,8743
2024-12-25T22:00:00.000Z,1.49271,1.49365,1.49204,1.49245,10033
2024-12-26T02:00:00.000Z,1.49247,1.49386,1.49235,1.49367,8403
2024-12-26T06:00:00.000Z,1.49367,1.49707,1.49357,1.49664,10519
2024-12-26T10:00:00.000Z,1.49662,1.49736,1.49559,1.4972,9775
2024-12-26T14:00:00.000Z,1.49724,1.50125,1.49648,1.50085,19326
2024-12-26T18:00:00.000Z,1.50087,1.50239,1.50087,1.50126,12631
2024-12-26T22:00:00.000Z,1.50007,1.50206,1.49988,1.50072,9324
2024-12-27T02:00:00.000Z,1.50071,1.50081,1.4995,1.49975,8368
2024-12-27T06:00:00.000Z,1.49976,1.50162,1.49857,1.50022,14491
2024-12-27T10:00:00.000Z,1.50023,1.50279,1.49962,1.50236,15824
2024-12-27T14:00:00.000Z,1.50237,1.50502,1.50085,1.50445,28851
2024-12-27T18:00:00.000Z,1.50446,1.5048,1.50238,1.50243,14440
2024-12-29T22:00:00.000Z,1.50292,1.50341,1.50089,1.50092,5492
2024-12-30T02:00:00.000Z,1.50097,1.5013,1.49989,1.50024,5765
2024-12-30T06:00:00.000Z,1.50025,1.50207,1.49883,1.50136,15608
2024-12-30T10:00:00.000Z,1.50134,1.5038,1.49602,1.49649,22998
2024-12-30T14:00:00.000Z,1.49651,1.49982,1.49107,1.49226,33829
2024-12-30T18:00:00.000Z,1.49225,1.49364,1.49213,1.49286,16675
2024-12-30T22:00:00.000Z,1.49255,1.49403,1.49183,1.49329,8497
2024-12-31T02:00:00.000Z,1.49329,1.49371,1.49244,1.49267,8482
2024-12-31T06:00:00.000Z,1.49266,1.49766,1.49253,1.49698,16841
2024-12-31T10:00:00.000Z,1.49698,1.49794,1.49434,1.4967,21433
2024-12-31T14:00:00.000Z,1.49672,1.49702,1.48809,1.48908,34835
2024-12-31T18:00:00.000Z,1.48901,1.48985,1.48863,1.48898,15194
2025-01-01T22:00:00.000Z,1.48857,1.48957,1.48715,1.4885,11427
2025-01-02T02:00:00.000Z,1.4885,1.49119,1.48849,1.48914,10008
2025-01-02T06:00:00.000Z,1.48914,1.49364,1.48885,1.49193,20732
2025-01-02T10:00:00.000Z,1.49191,1.49256,1.4871,1.48712,27631
2025-01-02T14:00:00.000Z,1.48711,1.4886,1.47598,1.47827,39582
2025-01-02T18:00:00.000Z,1.47828,1.47929,1.47663,1.47865,16137
2025-01-02T22:00:00.000Z,1.47655,1.47908,1.47653,1.4775,11678
2025-01-03T02:00:00.000Z,1.47751,1.47849,1.47691,1.47825,9426
2025-01-03T06:00:00.000Z,1.47825,1.48248,1.47797,1.48066,21857
2025-01-03T10:00:00.000Z,1.48065,1.48448,1.47965,1.48352,20207
2025-01-03T14:00:00.000Z,1.48353,1.48943,1.4826,1.48869,30414
2025-01-03T18:00:00.000Z,1.4887,1.48933,1.48757,1.48914,14974
2025-01-05T22:00:00.000Z,1.48743,1.48878,1.48458,1.48487,11971
2025-01-06T02:00:00.000Z,1.48487,1.48595,1.48322,1.48328,11271
2025-01-06T06:00:00.000Z,1.48327,1.49035,1.48325,1.48845,23886
2025-01-06T10:00:00.000Z,1.48845,1.49364,1.48499,1.49007,37904
2025-01-06T14:00:00.000Z,1.49005,1.49404,1.48361,1.49191,39599
2025-01-06T18:00:00.000Z,1.49193,1.49254,1.48831,1.48887,18385
2025-01-06T22:00:00.000Z,1.48731,1.48925,1.48727,1.48815,10278
2025-01-07T02:00:00.000Z,1.48813,1.48895,1.48777,1.48816,10707
2025-01-07T06:00:00.000Z,1.48816,1.49254,1.48812,1.49117,23370
2025-01-07T10:00:00.000Z,1.49117,1.49239,1.48675,1.48878,23781
2025-01-07T14:00:00.000Z,1.48878,1.49024,1.48426,1.487,31811
2025-01-07T18:00:00.000Z,1.487,1.487,1.48457,1.48509,14531
2025-01-07T22:00:00.000Z,1.48471,1.486,1.4844,1.48545,9021
2025-01-08T02:00:00.000Z,1.48545,1.48569,1.48465,1.48508,7646
2025-01-08T06:00:00.000Z,1.48507,1.48556,1.48198,1.48223,18726
2025-01-08T10:00:00.000Z,1.48221,1.48325,1.47917,1.48311,27313
2025-01-08T14:00:00.000Z,1.48311,1.4839,1.48122,1.48293,27174
2025-01-08T18:00:00.000Z,1.4829,1.48448,1.48232,1.48248,15852
2025-01-08T22:00:00.000Z,1.48256,1.4832,1.48182,1.48275,8974
2025-01-09T02:00:00.000Z,1.48276,1.48298,1.48116,1.48125,9751
2025-01-09T06:00:00.000Z,1.48127,1.48336,1.48024,1.48225,19237
2025-01-09T10:00:00.000Z,1.48225,1.48454,1.48147,1.48361,17803
2025-01-09T14:00:00.000Z,1.48362,1.48468,1.48152,1.48221,16085
2025-01-09T18:00:00.000Z,1.48224,1.48259,1.48167,1.48211,6280
2025-01-09T22:00:00.000Z,1.48239,1.48369,1.48183,1.48345,8211
2025-01-10T02:00:00.000Z,1.48345,1.4843,1.48265,1.48274,7872
2025-01-10T06:00:00.000Z,1.48275,1.48519,1.48188,1.48418,16007
2025-01-10T10:00:00.000Z,1.48418,1.48565,1.47435,1.47713,20801
2025-01-10T14:00:00.000Z,1.47713,1.47998,1.47445,1.47664,34679
2025-01-10T18:00:00.000Z,1.47665,1.47871,1.47642,1.47715,15626
2025-01-12T22:00:00.000Z,1.47573,1.47812,1.47563,1.47699,9562
2025-01-13T02:00:00.000Z,1.47699,1.47766,1.47448,1.47503,10863
2025-01-13T06:00:00.000Z,1.47501,1.47554,1.46836,1.47138,21905
2025-01-13T10:00:00.000Z,1.47137,1.47319,1.46966,1.47074,21468
2025-01-13T14:00:00.000Z,1.47074,1.47299,1.46909,1.47213,25966
2025-01-13T18:00:00.000Z,1.47213,1.47265,1.47052,1.4715,12539
2025-01-13T22:00:00.000Z,1.47236,1.47543,1.47151,1.47334,13108
2025-01-14T02:00:00.000Z,1.47332,1.47395,1.47294,1.47341,9965
2025-01-14T06:00:00.000Z,1.47343,1.47532,1.47319,1.47481,20589
2025-01-14T10:00:00.000Z,1.47481,1.47616,1.47395,1.47597,21263
2025-01-14T14:00:00.000Z,1.47599,1.4791,1.47514,1.47801,29293
2025-01-14T18:00:00.000Z,1.47802,1.48019,1.47747,1.47844,12355
2025-01-14T22:00:00.000Z,1.47799,1.47915,1.47796,1.47851,6593
2025-01-15T02:00:00.000Z,1.47851,1.47933,1.47792,1.47824,7560
2025-01-15T06:00:00.000Z,1.47824,1.47939,1.47694,1.47905,16696
2025-01-15T10:00:00.000Z,1.47904,1.4816,1.47707,1.48,19837
2025-01-15T14:00:00.000Z,1.48006,1.48055,1.47275,1.47455,29582
2025-01-15T18:00:00.000Z,1.47454,1.47556,1.47442,1.47498,10327
2025-01-15T22:00:00.000Z,1.47353,1.47602,1.47328,1.47536,10176
2025-01-16T02:00:00.000Z,1.47541,1.477,1.47533,1.47698,9286
2025-01-16T06:00:00.000Z,1.47696,1.48027,1.4768,1.47804,16699
2025-01-16T10:00:00.000Z,1.47802,1.47967,1.47603,1.47818,19069
2025-01-16T14:00:00.000Z,1.47815,1.48313,1.4768,1.48103,30475
2025-01-16T18:00:00.000Z,1.48103,1.48334,1.48074,1.48216,11517
2025-01-16T22:00:00.000Z,1.4808,1.4843,1.48067,1.48387,6488
2025-01-17T02:00:00.000Z,1.48389,1.48412,1.48179,1.48243,7777
2025-01-17T06:00:00.000Z,1.48243,1.48452,1.48072,1.48405,15711
2025-01-17T10:00:00.000Z,1.48409,1.4869,1.48366,1.48545,17916
2025-01-17T14:00:00.000Z,1.48547,1.48654,1.4822,1.48435,29161
2025-01-17T18:00:00.000Z,1.48435,1.4875,1.48408,1.487,13247
2025-01-19T22:00:00.000Z,1.48585,1.48852,1.48565,1.48748,8550
2025-01-20T02:00:00.000Z,1.48748,1.4889,1.48692,1.48861,8617
2025-01-20T06:00:00.000Z,1.48861,1.49228,1.48848,1.49197,15278
2025-01-20T10:00:00.000Z,1.49197,1.49343,1.48685,1.48811,20144
2025-01-20T14:00:00.000Z,1.4882,1.49207,1.48644,1.4889,29714
2025-01-20T18:00:00.000Z,1.4889,1.49107,1.48857,1.49008,11087
2025-01-20T22:00:00.000Z,1.48903,1.50498,1.48903,1.49745,21896
2025-01-21T02:00:00.000Z,1.49731,1.49825,1.49631,1.49784,17185
2025-01-21T06:00:00.000Z,1.49787,1.4997,1.49286,1.49332,20084
2025-01-21T10:00:00.000Z,1.49331,1.49929,1.49236,1.49924,21894
2025-01-21T14:00:00.000Z,1.49935,1.49951,1.4927,1.49376,29254
2025-01-21T18:00:00.000Z,1.49374,1.49479,1.49179,1.49248,13033
2025-01-21T22:00:00.000Z,1.4925,1.49424,1.49104,1.49234,12936
2025-01-22T02:00:00.000Z,1.49234,1.49356,1.49196,1.49322,9583
2025-01-22T06:00:00.000Z,1.49321,1.49675,1.49119,1.49665,19944
2025-01-22T10:00:00.000Z,1.49665,1.49832,1.49511,1.49722,19939
2025-01-22T14:00:00.000Z,1.49719,1.49953,1.49577,1.49639,24030
2025-01-22T18:00:00.000Z,1.49638,1.49821,1.49551,1.49648,11626
2025-01-22T22:00:00.000Z,1.49504,1.49872,1.49474,1.49734,9310
2025-01-23T02:00:00.000Z,1.49733,1.49811,1.49616,1.49737,10059
2025-01-23T06:00:00.000Z,1.49737,1.49822,1.4956,1.49799,17533
2025-01-23T10:00:00.000Z,1.498,1.50035,1.49688,1.49931,19257
2025-01-23T14:00:00.000Z,1.49935,1.49954,1.49355,1.49614,29277
2025-01-23T18:00:00.000Z,1.49612,1.49829,1.49569,1.49733,12915
2025-01-23T22:00:00.000Z,1.49739,1.49816,1.49706,1.49718,7319
2025-01-24T02:00:00.000Z,1.49718,1.49836,1.49659,1.49768,16494
2025-01-24T06:00:00.000Z,1.49769,1.50534,1.49724,1.50327,24943
2025-01-24T10:00:00.000Z,1.50327,1.50397,1.49916,1.49945,18580
2025-01-24T14:00:00.000Z,1.49943,1.5077,1.49935,1.5069,26020
2025-01-24T18:00:00.000Z,1.50688,1.50701,1.50441,1.50528,10926
2025-01-26T22:00:00.000Z,1.50493,1.50688,1.50422,1.50481,11593
2025-01-27T02:00:00.000Z,1.50481,1.50648,1.50438,1.50494,12583
2025-01-27T06:00:00.000Z,1.50493,1.50816,1.50376,1.50699,23026
2025-01-27T10:00:00.000Z,1.50699,1.51073,1.50616,1.51032,28136
2025-01-27T14:00:00.000Z,1.51033,1.51292,1.50882,1.51011,27682
2025-01-27T18:00:00.000Z,1.51009,1.51033,1.50684,1.50741,15086
2025-01-27T22:00:00.000Z,1.50739,1.50804,1.50205,1.50261,16534
2025-01-28T02:00:00.000Z,1.50259,1.50291,1.50109,1.5026,12363
2025-01-28T06:00:00.000Z,1.5026,1.50351,1.50106,1.5023,19788
2025-01-28T10:00:00.000Z,1.50232,1.50311,1.50064,1.50134,18967
2025-01-28T14:00:00.000Z,1.50132,1.50188,1.499,1.50123,23929
2025-01-28T18:00:00.000Z,1.50121,1.50281,1.50039,1.50163,13039
2025-01-28T22:00:00.000Z,1.50056,1.50282,1.50037,1.5017,8607
2025-01-29T02:00:00.000Z,1.5017,1.50309,1.50153,1.50306,8074
2025-01-29T06:00:00.000Z,1.50306,1.50326,1.50084,1.5011,17892
2025-01-29T10:00:00.000Z,1.50108,1.50279,1.49981,1.50239,20132
2025-01-29T14:00:00.000Z,1.50244,1.50608,1.49954,1.5028,27211
2025-01-29T18:00:00.000Z,1.5028,1.50391,1.4999,1.50258,22993
2025-01-29T22:00:00.000Z,1.50118,1.50267,1.50047,1.50168,8808
2025-01-30T02:00:00.000Z,1.50168,1.50305,1.50167,1.50304,9359
2025-01-30T06:00:00.000Z,1.50304,1.50316,1.4985,1.4995,16621
2025-01-30T10:00:00.000Z,1.4995,1.50676,1.49709,1.5065,20913
2025-01-30T14:00:00.000Z,1.5064,1.50779,1.5007,1.50139,25826
2025-01-30T18:00:00.000Z,1.50141,1.51713,1.50082,1.50548,18672
2025-01-30T22:00:00.000Z,1.50525,1.50717,1.50382,1.50452,12110
2025-01-31T02:00:00.000Z,1.50452,1.5053,1.50349,1.50395,10043
2025-01-31T06:00:00.000Z,1.50395,1.50415,1.50023,1.50328,19878
2025-01-31T10:00:00.000Z,1.50327,1.50449,1.5019,1.50409,20792
2025-01-31T14:00:00.000Z,1.50412,1.50835,1.49808,1.50043,32563
2025-01-31T18:00:00.000Z,1.50039,1.50896,1.49914,1.50597,31895
2025-02-02T22:00:00.000Z,1.50736,1.51209,1.50012,1.5098,30378
2025-02-03T02:00:00.000Z,1.50979,1.51218,1.50755,1.50811,22915
2025-02-03T06:00:00.000Z,1.5081,1.51107,1.50242,1.50304,27323
2025-02-03T10:00:00.000Z,1.50308,1.5069,1.4996,1.50537,25591
2025-02-03T14:00:00.000Z,1.50538,1.50801,1.49503,1.49857,41122
2025-02-03T18:00:00.000Z,1.49857,1.50048,1.48834,1.49019,22748
2025-02-03T22:00:00.000Z,1.48947,1.49253,1.48843,1.4913,16888
2025-02-04T02:00:00.000Z,1.4913,1.49278,1.48924,1.49099,16523
2025-02-04T06:00:00.000Z,1.49099,1.49444,1.48832,1.49126,22015
2025-02-04T10:00:00.000Z,1.49126,1.49195,1.48655,1.48715,19490
2025-02-04T14:00:00.000Z,1.48718,1.49015,1.48479,1.48795,29385
2025-02-04T18:00:00.000Z,1.48802,1.48908,1.48473,1.48658,14154
2025-02-04T22:00:00.000Z,1.48589,1.48712,1.4856,1.48684,10763
2025-02-05T02:00:00.000Z,1.48687,1.48812,1.48665,1.48791,11378
2025-02-05T06:00:00.000Z,1.48791,1.48985,1.48514,1.48613,20633
2025-02-05T10:00:00.000Z,1.48613,1.48891,1.48603,1.48743,19639
2025-02-05T14:00:00.000Z,1.48743,1.49046,1.4868,1.48911,26264
2025-02-05T18:00:00.000Z,1.48911,1.49061,1.48809,1.48876,11817
2025-02-05T22:00:00.000Z,1.48897,1.48949,1.48836,1.48887,9060
2025-02-06T02:00:00.000Z,1.48884,1.49051,1.48878,1.49004,9794
2025-02-06T06:00:00.000Z,1.49005,1.49108,1.48717,1.48735,16355
2025-02-06T10:00:00.000Z,1.48735,1.48802,1.48544,1.48566,19775
2025-02-06T14:00:00.000Z,1.48563,1.48731,1.4834,1.48516,21690
2025-02-06T18:00:00.000Z,1.48516,1.48713,1.48447,1.48529,12103
2025-02-06T22:00:00.000Z,1.48523,1.48612,1.4847,1.4854,8246
2025-02-07T02:00:00.000Z,1.4854,1.48682,1.48503,1.48615,9381
2025-02-07T06:00:00.000Z,1.48614,1.48813,1.48481,1.48706,13058
2025-02-07T10:00:00.000Z,1.48707,1.48844,1.48145,1.48241,18581
2025-02-07T14:00:00.000Z,1.48243,1.48466,1.47432,1.47519,35720
2025-02-07T18:00:00.000Z,1.47519,1.47691,1.47422,1.47601,14636
2025-02-09T22:00:00.000Z,1.476,1.48001,1.47559,1.4783,13836
2025-02-10T02:00:00.000Z,1.4783,1.4799,1.47802,1.47971,10118
2025-02-10T06:00:00.000Z,1.47969,1.48055,1.47799,1.47938,17102
2025-02-10T10:00:00.000Z,1.47936,1.48152,1.47838,1.4797,15686
2025-02-10T14:00:00.000Z,1.47971,1.48004,1.47564,1.47662,19117
2025-02-10T18:00:00.000Z,1.47662,1.47725,1.47444,1.47538,9060
2025-02-10T22:00:00.000Z,1.47525,1.47731,1.47514,1.47669,9304
2025-02-11T02:00:00.000Z,1.47668,1.47712,1.47576,1.47688,8610
2025-02-11T06:00:00.000Z,1.47689,1.47955,1.47612,1.47887,14225
2025-02-11T10:00:00.000Z,1.47887,1.48008,1.47665,1.47708,15300
2025-02-11T14:00:00.000Z,1.47709,1.48102,1.47709,1.48002,20327
2025-02-11T18:00:00.000Z,1.48002,1.48239,1.47862,1.48021,12926
2025-02-11T22:00:00.000Z,1.47977,1.48082,1.47955,1.48022,7021
2025-02-12T02:00:00.000Z,1.48022,1.48083,1.47977,1.48079,9443
2025-02-12T06:00:00.000Z,1.48079,1.48448,1.48052,1.48419,15060
2025-02-12T10:00:00.000Z,1.48418,1.48484,1.47854,1.48053,20004
2025-02-12T14:00:00.000Z,1.4805,1.48734,1.48049,1.48688,32658
2025-02-12T18:00:00.000Z,1.48692,1.48732,1.48332,1.48494,15771
2025-02-12T22:00:00.000Z,1.48485,1.48606,1.48412,1.4857,8637
2025-02-13T02:00:00.000Z,1.4857,1.48822,1.48537,1.48761,12904
2025-02-13T06:00:00.000Z,1.48761,1.48955,1.48702,1.48935,19191
2025-02-13T10:00:00.000Z,1.48935,1.4898,1.48188,1.48436,20868
2025-02-13T14:00:00.000Z,1.48434,1.48513,1.48147,1.48472,25788
2025-02-13T18:00:00.000Z,1.48472,1.48586,1.47913,1.48459,19661
2025-02-13T22:00:00.000Z,1.48482,1.48576,1.48375,1.48407,10784
2025-02-14T02:00:00.000Z,1.48407,1.48412,1.48251,1.48292,10012
2025-02-14T06:00:00.000Z,1.48292,1.48535,1.482,1.48492,18576
2025-02-14T10:00:00.000Z,1.48492,1.48751,1.48362,1.48559,18565
2025-02-14T14:00:00.000Z,1.48559,1.48916,1.48542,1.4883,21913
2025-02-14T18:00:00.000Z,1.4883,1.48847,1.48634,1.48691,10948
2025-02-16T22:00:00.000Z,1.48487,1.48819,1.48468,1.48756,11235
2025-02-17T02:00:00.000Z,1.48756,1.48827,1.48595,1.48672,12300
2025-02-17T06:00:00.000Z,1.48673,1.48755,1.48568,1.48621,15483
2025-02-17T10:00:00.000Z,1.48623,1.48851,1.48503,1.48609,12560
2025-02-17T14:00:00.000Z,1.48609,1.48718,1.48573,1.48664,10122
2025-02-17T18:00:00.000Z,1.48663,1.4873,1.48619,1.48683,5363
2025-02-17T22:00:00.000Z,1.48473,1.48788,1.48469,1.48607,8731
2025-02-18T02:00:00.000Z,1.48607,1.48635,1.48477,1.48496,11674
2025-02-18T06:00:00.000Z,1.48496,1.48565,1.4837,1.48489,15905
2025-02-18T10:00:00.000Z,1.48493,1.48559,1.48183,1.48355,15288
2025-02-18T14:00:00.000Z,1.48353,1.48535,1.48169,1.48251,18492
2025-02-18T18:00:00.000Z,1.4825,1.48271,1.48062,1.48239,9891
2025-02-18T22:00:00.000Z,1.48196,1.4832,1.48167,1.4817,9709
2025-02-19T02:00:00.000Z,1.48169,1.48269,1.48167,1.48262,10370
2025-02-19T06:00:00.000Z,1.48262,1.48322,1.48065,1.48074,14017
2025-02-19T10:00:00.000Z,1.48076,1.48257,1.48005,1.4814,16534
2025-02-19T14:00:00.000Z,1.4814,1.48303,1.48003,1.48194,20934
2025-02-19T18:00:00.000Z,1.48194,1.48416,1.48192,1.48365,12557
2025-02-19T22:00:00.000Z,1.4827,1.48433,1.48263,1.48397,9811
2025-02-20T02:00:00.000Z,1.48397,1.48487,1.48269,1.48326,13161
2025-02-20T06:00:00.000Z,1.48326,1.48421,1.48233,1.48303,15715
2025-02-20T10:00:00.000Z,1.483,1.48437,1.48274,1.48411,17273
2025-02-20T14:00:00.000Z,1.4841,1.48809,1.48284,1.48779,23167
2025-02-20T18:00:00.000Z,1.48779,1.4887,1.48694,1.48849,11323
2025-02-20T22:00:00.000Z,1.4875,1.48882,1.48723,1.48756,10492
2025-02-21T02:00:00.000Z,1.48756,1.4886,1.48747,1.48766,12811
2025-02-21T06:00:00.000Z,1.48766,1.4896,1.48525,1.48617,17781
2025-02-21T10:00:00.000Z,1.48618,1.48631,1.48416,1.48493,15229
2025-02-21T14:00:00.000Z,1.48493,1.48759,1.48373,1.48753,22981
2025-02-21T18:00:00.000Z,1.48753,1.48938,1.48677,1.48818,16322
2025-02-23T22:00:00.000Z,1.48791,1.49327,1.48733,1.49309,14553
2025-02-24T02:00:00.000Z,1.49308,1.49372,1.49172,1.4926,14281
2025-02-24T06:00:00.000Z,1.49259,1.49259,1.48736,1.48816,19450
2025-02-24T10:00:00.000Z,1.48815,1.48964,1.48691,1.48793,15785
2025-02-24T14:00:00.000Z,1.48793,1.49053,1.48692,1.48953,23954
2025-02-24T18:00:00.000Z,1.48954,1.4932,1.48917,1.49238,14941
2025-02-24T22:00:00.000Z,1.49181,1.49371,1.49159,1.49253,9795
2025-02-25T02:00:00.000Z,1.49254,1.49307,1.49167,1.49233,11664
2025-02-25T06:00:00.000Z,1.49233,1.49425,1.49219,1.49415,18437
2025-02-25T10:00:00.000Z,1.49414,1.49841,1.49313,1.49741,18161
2025-02-25T14:00:00.000Z,1.49746,1.50276,1.4962,1.50096,27553
2025-02-25T18:00:00.000Z,1.50096,1.50532,1.50047,1.50486,16440
2025-02-25T22:00:00.000Z,1.50436,1.50526,1.5036,1.50405,10074
2025-02-26T02:00:00.000Z,1.50405,1.50471,1.50327,1.50345,11598
2025-02-26T06:00:00.000Z,1.50345,1.50501,1.50276,1.50434,16848
2025-02-26T10:00:00.000Z,1.50433,1.50586,1.50302,1.50454,16513
2025-02-26T14:00:00.000Z,1.50455,1.50945,1.50087,1.50217,28599
2025-02-26T18:00:00.000Z,1.50219,1.5057,1.50115,1.5032,18201
2025-02-26T22:00:00.000Z,1.50246,1.50415,1.50246,1.50319,9002
2025-02-27T02:00:00.000Z,1.50319,1.50342,1.50178,1.50191,12316
2025-02-27T06:00:00.000Z,1.50192,1.50298,1.50029,1.5019,16248
2025-02-27T10:00:00.000Z,1.50187,1.50646,1.50127,1.50346,19772
2025-02-27T14:00:00.000Z,1.50342,1.50472,1.5005,1.50146,29419
2025-02-27T18:00:00.000Z,1.50148,1.50299,1.50098,1.50121,15430
2025-02-27T22:00:00.000Z,1.501,1.50198,1.49978,1.49988,11785
2025-02-28T02:00:00.000Z,1.49987,1.501,1.4996,1.50007,13980
2025-02-28T06:00:00.000Z,1.50005,1.50242,1.49938,1.50069,18023
2025-02-28T10:00:00.000Z,1.50068,1.50286,1.49924,1.50007,17426
2025-02-28T14:00:00.000Z,1.50007,1.50429,1.49739,1.5011,28730
2025-02-28T18:00:00.000Z,1.50108,1.50174,1.49771,1.50044,20077
2025-03-02T22:00:00.000Z,1.50256,1.50483,1.50184,1.50391,14389
2025-03-03T02:00:00.000Z,1.50391,1.50487,1.50361,1.50417,11271
2025-03-03T06:00:00.000Z,1.50419,1.50458,1.50032,1.50424,17254
2025-03-03T10:00:00.000Z,1.5043,1.5118,1.50423,1.50904,21584
2025-03-03T14:00:00.000Z,1.50904,1.51262,1.50817,1.5119,25290
2025-03-03T18:00:00.000Z,1.51191,1.52306,1.51157,1.51906,24562
2025-03-03T22:00:00.000Z,1.51831,1.52062,1.51757,1.51995,14778
2025-03-04T02:00:00.000Z,1.51996,1.52109,1.51819,1.51918,18115
2025-03-04T06:00:00.000Z,1.51919,1.52176,1.51594,1.5163,24279
2025-03-04T10:00:00.000Z,1.51629,1.52391,1.51531,1.5226,24566
2025-03-04T14:00:00.000Z,1.5226,1.5317,1.52058,1.5314,35443
2025-03-04T18:00:00.000Z,1.5314,1.53743,1.52663,1.52987,28431
2025-03-04T22:00:00.000Z,1.52791,1.53235,1.52757,1.53114,15396
2025-03-05T02:00:00.000Z,1.53115,1.53324,1.53033,1.53318,17666
2025-03-05T06:00:00.000Z,1.53318,1.54245,1.53198,1.54045,26269
2025-03-05T10:00:00.000Z,1.54047,1.543,1.53566,1.54091,25451
2025-03-05T14:00:00.000Z,1.54091,1.55386,1.54045,1.54831,38086
2025-03-05T18:00:00.000Z,1.54832,1.54832,1.5454,1.54635,21570
2025-03-05T22:00:00.000Z,1.54647,1.54977,1.54587,1.54789,12517
2025-03-06T02:00:00.000Z,1.54786,1.54985,1.54542,1.54966,15198
2025-03-06T06:00:00.000Z,1.54966,1.55133,1.54698,1.54913,28196
2025-03-06T10:00:00.000Z,1.54915,1.55674,1.54722,1.55475,25322
2025-03-06T14:00:00.000Z,1.55477,1.55671,1.54234,1.54415,37305
2025-03-06T18:00:00.000Z,1.54415,1.54567,1.54017,1.54174,20157
2025-03-06T22:00:00.000Z,1.54082,1.54299,1.5401,1.54297,10789
2025-03-07T02:00:00.000Z,1.54296,1.54787,1.54279,1.54754,12808
2025-03-07T06:00:00.000Z,1.54754,1.55378,1.54734,1.55306,21051
2025-03-07T10:00:00.000Z,1.55304,1.56071,1.5522,1.55842,24330
2025-03-07T14:00:00.000Z,1.55839,1.56529,1.55523,1.56036,37041
2025-03-07T18:00:00.000Z,1.56036,1.56068,1.55666,1.55764,18076
2025-03-09T21:00:00.000Z,1.55467,1.56158,1.55435,1.56042,12195
2025-03-10T01:00:00.000Z,1.56042,1.56065,1.55578,1.55587,14034
2025-03-10T05:00:00.000Z,1.55587,1.55734,1.55249,1.55439,20325
2025-03-10T09:00:00.000Z,1.5544,1.56496,1.55362,1.56338,26005
2025-03-10T13:00:00.000Z,1.56345,1.56501,1.56056,1.56308,28478
2025-03-10T17:00:00.000Z,1.56308,1.56651,1.56261,1.56419,19822
2025-03-10T21:00:00.000Z,1.5636,1.56644,1.56334,1.56578,9605
2025-03-11T01:00:00.000Z,1.56578,1.5676,1.56495,1.5659,17575
2025-03-11T05:00:00.000Z,1.5659,1.57428,1.56468,1.57371,23634
2025-03-11T09:00:00.000Z,1.57371,1.5742,1.56798,1.57355,22102
2025-03-11T13:00:00.000Z,1.57359,1.58568,1.57214,1.58218,35171
2025-03-11T17:00:00.000Z,1.58219,1.58502,1.57142,1.57557,23630
2025-03-11T21:00:00.000Z,1.5757,1.57582,1.5736,1.57393,7322
2025-03-12T01:00:00.000Z,1.57396,1.57512,1.57379,1.57474,12899
2025-03-12T05:00:00.000Z,1.57473,1.57798,1.57369,1.57632,19732
2025-03-12T09:00:00.000Z,1.57632,1.57742,1.56546,1.56596,23222
2025-03-12T13:00:00.000Z,1.56596,1.57283,1.56586,1.56905,29562
2025-03-12T17:00:00.000Z,1.56906,1.56964,1.56208,1.56384,16872
2025-03-12T21:00:00.000Z,1.56402,1.56428,1.56278,1.56403,6380
2025-03-13T01:00:00.000Z,1.56405,1.56708,1.56395,1.56704,13324
2025-03-13T05:00:00.000Z,1.56704,1.56714,1.56301,1.56419,20301
2025-03-13T09:00:00.000Z,1.56418,1.56491,1.55818,1.55972,24071
2025-03-13T13:00:00.000Z,1.55975,1.56795,1.5574,1.5677,30628
2025-03-13T17:00:00.000Z,1.56773,1.56965,1.56424,1.56665,17901
2025-03-13T21:00:00.000Z,1.56612,1.56743,1.5654,1.56564,7715
2025-03-14T01:00:00.000Z,1.56564,1.56614,1.56399,1.56412,14213
2025-03-14T05:00:00.000Z,1.56412,1.5659,1.56153,1.56436,18397
2025-03-14T09:00:00.000Z,1.56436,1.57382,1.56347,1.56967,24897
2025-03-14T13:00:00.000Z,1.56969,1.57002,1.56269,1.56423,27525
2025-03-14T17:00:00.000Z,1.56429,1.56521,1.56222,1.56236,13610
2025-03-16T21:00:00.000Z,1.56297,1.56416,1.56204,1.56324,7592
2025-03-17T01:00:00.000Z,1.56328,1.5649,1.56268,1.56399,11887
2025-03-17T05:00:00.000Z,1.56399,1.5649,1.56125,1.56309,15833
2025-03-17T09:00:00.000Z,1.56311,1.56613,1.56172,1.56316,18058
2025-03-17T13:00:00.000Z,1.56318,1.56368,1.55911,1.56088,23217
2025-03-17T17:00:00.000Z,1.56089,1.56114,1.55829,1.56087,12303
2025-03-17T21:00:00.000Z,1.56022,1.56114,1.55968,1.56026,5486
2025-03-18T01:00:00.000Z,1.56029,1.5607,1.55967,1.56044,9956
2025-03-18T05:00:00.000Z,1.56044,1.56436,1.55965,1.56349,13525
2025-03-18T09:00:00.000Z,1.56353,1.56406,1.55613,1.55915,18209
2025-03-18T13:00:00.000Z,1.55916,1.56569,1.55749,1.56514,25491
2025-03-18T17:00:00.000Z,1.56514,1.56725,1.56423,1.56488,13199
2025-03-18T21:00:00.000Z,1.56414,1.56498,1.56291,1.5633,6314
2025-03-19T01:00:00.000Z,1.5633,1.56544,1.56324,1.56402,8734
2025-03-19T05:00:00.000Z,1.56402,1.56471,1.55798,1.56202,16677
2025-03-19T09:00:00.000Z,1.56202,1.56315,1.56061,1.56127,16135
2025-03-19T13:00:00.000Z,1.5613,1.56172,1.558,1.55988,19362
2025-03-19T17:00:00.000Z,1.55988,1.56227,1.55644,1.5622,22793
2025-03-19T21:00:00.000Z,1.56119,1.56344,1.56085,1.56269,7219
2025-03-20T01:00:00.000Z,1.56269,1.5638,1.56158,1.56218,11727
2025-03-20T05:00:00.000Z,1.56218,1.56232,1.55817,1.55938,14321
2025-03-20T09:00:00.000Z,1.55935,1.56065,1.55702,1.5582,21029
2025-03-20T13:00:00.000Z,1.55821,1.55925,1.55289,1.55467,23383
2025-03-20T17:00:00.000Z,1.5547,1.55527,1.55237,1.55453,11598
2025-03-20T21:00:00.000Z,1.5531,1.55531,1.5531,1.55413,6181
2025-03-21T01:00:00.000Z,1.55413,1.55469,1.55175,1.55212,10522
2025-03-21T05:00:00.000Z,1.55211,1.55291,1.5504,1.55263,14586
2025-03-21T09:00:00.000Z,1.55263,1.55691,1.55184,1.5551,16314
2025-03-21T13:00:00.000Z,1.5551,1.55662,1.55078,1.55127,23544
2025-03-21T17:00:00.000Z,1.55123,1.5529,1.54985,1.55159,13389
2025-03-23T21:00:00.000Z,1.55169,1.55316,1.55007,1.5531,7217
2025-03-24T01:00:00.000Z,1.55309,1.55338,1.55184,1.55233,11371
2025-03-24T05:00:00.000Z,1.55233,1.55545,1.55199,1.55414,15063
2025-03-24T09:00:00.000Z,1.55398,1.55436,1.55143,1.55241,15923
2025-03-24T13:00:00.000Z,1.55239,1.55267,1.54192,1.54493,24052
2025-03-24T17:00:00.000Z,1.54492,1.5472,1.54376,1.54631,13537
2025-03-24T21:00:00.000Z,1.54617,1.54706,1.54535,1.54652,5037
2025-03-25T01:00:00.000Z,1.54652,1.54758,1.54583,1.54735,9156
2025-03-25T05:00:00.000Z,1.54732,1.5474,1.54399,1.5456,13847
2025-03-25T09:00:00.000Z,1.5456,1.54703,1.54478,1.54578,17417
2025-03-25T13:00:00.000Z,1.5458,1.54806,1.54449,1.54523,21731
2025-03-25T17:00:00.000Z,1.54521,1.54641,1.54007,1.54055,12143
2025-03-25T21:00:00.000Z,1.54031,1.54136,1.53938,1.54062,5898
2025-03-26T01:00:00.000Z,1.54064,1.54109,1.53907,1.53928,10852
2025-03-26T05:00:00.000Z,1.53928,1.53985,1.53658,1.53892,15216
2025-03-26T09:00:00.000Z,1.53886,1.53943,1.5368,1.5386,16285
2025-03-26T13:00:00.000Z,1.53855,1.53922,1.53427,1.5388,22457
2025-03-26T17:00:00.000Z,1.5388,1.53934,1.5338,1.5342,15360
2025-03-26T21:00:00.000Z,1.53386,1.53661,1.53238,1.53639,10829
2025-03-27T01:00:00.000Z,1.53639,1.53799,1.53618,1.53758,11145
2025-03-27T05:00:00.000Z,1.53758,1.53954,1.53639,1.5389,18248
2025-03-27T09:00:00.000Z,1.5389,1.54282,1.53735,1.54194,17465
2025-03-27T13:00:00.000Z,1.54196,1.54732,1.54155,1.54559,23858
2025-03-27T17:00:00.000Z,1.54566,1.54587,1.54345,1.54494,11173
2025-03-27T21:00:00.000Z,1.54331,1.54541,1.54329,1.5447,4995
2025-03-28T01:00:00.000Z,1.54472,1.54548,1.54355,1.54405,9551
2025-03-28T05:00:00.000Z,1.54405,1.54653,1.5432,1.54346,12724
2025-03-28T09:00:00.000Z,1.54346,1.54412,1.54105,1.54393,13940
2025-03-28T13:00:00.000Z,1.54391,1.5514,1.54295,1.54667,26340
2025-03-28T17:00:00.000Z,1.54666,1.55129,1.54622,1.55038,13414
2025-03-30T21:00:00.000Z,1.54799,1.55119,1.54632,1.55119,12738
2025-03-31T01:00:00.000Z,1.55116,1.55177,1.5499,1.55086,12806
2025-03-31T05:00:00.000Z,1.55086,1.55372,1.54978,1.55341,18829
2025-03-31T09:00:00.000Z,1.55344,1.55427,1.55151,1.55329,15928
2025-03-31T13:00:00.000Z,1.55329,1.55599,1.55053,1.55415,24825
2025-03-31T17:00:00.000Z,1.55413,1.55657,1.55369,1.55604,12846
2025-03-31T21:00:00.000Z,1.55584,1.55802,1.5556,1.55778,6598
2025-04-01T01:00:00.000Z,1.55778,1.55859,1.55585,1.55586,11509
2025-04-01T05:00:00.000Z,1.55586,1.55649,1.5544,1.55563,15683
2025-04-01T09:00:00.000Z,1.55563,1.55676,1.55163,1.5527,18246
2025-04-01T13:00:00.000Z,1.55269,1.5565,1.54516,1.54645,26589
2025-04-01T17:00:00.000Z,1.54645,1.54762,1.54308,1.54346,13540
2025-04-01T21:00:00.000Z,1.54217,1.54454,1.54217,1.54342,7689
2025-04-02T01:00:00.000Z,1.54342,1.54424,1.54299,1.54387,9374
2025-04-02T05:00:00.000Z,1.54387,1.54507,1.54247,1.54426,13500
2025-04-02T09:00:00.000Z,1.54426,1.54935,1.54407,1.5493,14911
2025-04-02T13:00:00.000Z,1.5493,1.55561,1.54856,1.55397,23379
2025-04-02T17:00:00.000Z,1.55397,1.55832,1.54508,1.5499,21732
2025-04-02T21:00:00.000Z,1.54253,1.55312,1.53785,1.55208,26044
2025-04-03T01:00:00.000Z,1.55207,1.55565,1.55144,1.55453,22072
2025-04-03T05:00:00.000Z,1.55455,1.5586,1.55257,1.55547,29228
2025-04-03T09:00:00.000Z,1.55547,1.57306,1.55509,1.56024,33284
2025-04-03T13:00:00.000Z,1.56024,1.56468,1.55,1.55192,39271
2025-04-03T17:00:00.000Z,1.55189,1.5567,1.55062,1.5567,18434
2025-04-03T21:00:00.000Z,1.55631,1.55879,1.55353,1.55544,12157
2025-04-04T01:00:00.000Z,1.55545,1.56356,1.55447,1.56333,19121
2025-04-04T05:00:00.000Z,1.56333,1.56474,1.55375,1.55388,28221
2025-04-04T09:00:00.000Z,1.55392,1.574,1.55251,1.56561,44462
2025-04-04T13:00:00.000Z,1.56566,1.5685,1.5568,1.55897,48734
2025-04-04T17:00:00.000Z,1.55897,1.56089,1.55478,1.55855,33490
2025-04-06T21:00:00.000Z,1.54981,1.56612,1.54887,1.56051,32146
2025-04-07T01:00:00.000Z,1.56051,1.56231,1.55611,1.56147,29903
2025-04-07T05:00:00.000Z,1.56145,1.57307,1.55996,1.56626,42118
2025-04-07T09:00:00.000Z,1.56619,1.56718,1.55774,1.56327,41143
2025-04-07T13:00:00.000Z,1.56341,1.56502,1.54972,1.55539,51349
2025-04-07T17:00:00.000Z,1.55541,1.55657,1.55062,1.55326,31682
2025-04-07T21:00:00.000Z,1.55233,1.55557,1.55233,1.55507,14514
2025-04-08T01:00:00.000Z,1.55508,1.55678,1.55284,1.55449,21489
2025-04-08T05:00:00.000Z,1.55449,1.55647,1.54964,1.55052,30064
2025-04-08T09:00:00.000Z,1.55053,1.55285,1.54901,1.5506,30856
2025-04-08T13:00:00.000Z,1.55062,1.55238,1.543,1.55212,41063
2025-04-08T17:00:00.000Z,1.55216,1.56329,1.55123,1.56286,33099
2025-04-08T21:00:00.000Z,1.56139,1.56897,1.56096,1.56866,17677
2025-04-09T01:00:00.000Z,1.56866,1.57411,1.56551,1.57394,30647
2025-04-09T05:00:00.000Z,1.57389,1.57452,1.56182,1.56615,40690
2025-04-09T09:00:00.000Z,1.5661,1.57144,1.56371,1.56966,38819
2025-04-09T13:00:00.000Z,1.56969,1.57124,1.55928,1.56227,38353
2025-04-09T17:00:00.000Z,1.56225,1.56463,1.54058,1.54251,43791
2025-04-09T21:00:00.000Z,1.54123,1.5489,1.54116,1.54881,19181
2025-04-10T01:00:00.000Z,1.54882,1.54938,1.54478,1.54524,23518
2025-04-10T05:00:00.000Z,1.54524,1.5565,1.54158,1.55337,30148
2025-04-10T09:00:00.000Z,1.55344,1.56413,1.55247,1.56141,32856
2025-04-10T13:00:00.000Z,1.5615,1.57165,1.56014,1.56716,44338
2025-04-10T17:00:00.000Z,1.56725,1.57035,1.56167,1.56559,34051
2025-04-10T21:00:00.000Z,1.56395,1.58335,1.56316,1.57756,24275
2025-04-11T01:00:00.000Z,1.57756,1.58204,1.57309,1.581,32940
2025-04-11T05:00:00.000Z,1.581,1.59318,1.5722,1.58871,39745
2025-04-11T09:00:00.000Z,1.58871,1.58871,1.56994,1.5789,38930
2025-04-11T13:00:00.000Z,1.57887,1.58359,1.56888,1.57179,46024
2025-04-11T17:00:00.000Z,1.57161,1.57624,1.56793,1.57368,24108
2025-04-13T21:00:00.000Z,1.56771,1.57709,1.56732,1.57656,18787
2025-04-14T01:00:00.000Z,1.57656,1.58085,1.57459,1.57596,22440
2025-04-14T05:00:00.000Z,1.57596,1.58162,1.57445,1.57585,27197
2025-04-14T09:00:00.000Z,1.57585,1.58054,1.57334,1.57393,22911
2025-04-14T13:00:00.000Z,1.57394,1.58017,1.56928,1.57531,32792
2025-04-14T17:00:00.000Z,1.57532,1.57746,1.57308,1.57507,17526
2025-04-14T21:00:00.000Z,1.57299,1.5777,1.57258,1.57394,11109
2025-04-15T01:00:00.000Z,1.57398,1.57532,1.57158,1.57336,15095
2025-04-15T05:00:00.000Z,1.57336,1.57643,1.57034,1.57209,22099
2025-04-15T09:00:00.000Z,1.57179,1.57694,1.5696,1.57241,21570
2025-04-15T13:00:00.000Z,1.57235,1.5775,1.5672,1.57486,28528
2025-04-15T17:00:00.000Z,1.57488,1.57633,1.5731,1.57477,14435
2025-04-15T21:00:00.000Z,1.57301,1.57867,1.57301,1.57839,12443
2025-04-16T01:00:00.000Z,1.57839,1.58107,1.57816,1.58078,15245
2025-04-16T05:00:00.000Z,1.58078,1.58518,1.57721,1.58144,23635
2025-04-16T09:00:00.000Z,1.58142,1.58207,1.57845,1.57934,23258
2025-04-16T13:00:00.000Z,1.57936,1.58282,1.57584,1.57806,27773
2025-04-16T17:00:00.000Z,1.5779,1.58264,1.57609,1.57912,21217
2025-04-16T21:00:00.000Z,1.57861,1.58068,1.57596,1.57625,10867
2025-04-17T01:00:00.000Z,1.57627,1.57857,1.57568,1.57808,14671
2025-04-17T05:00:00.000Z,1.57811,1.57947,1.57568,1.57884,18388
2025-04-17T09:00:00.000Z,1.57885,1.58013,1.5731,1.57521,20921
2025-04-17T13:00:00.000Z,1.57527,1.57828,1.57033,1.57126,28191
2025-04-17T17:00:00.000Z,1.57126,1.57501,1.56942,1.57227,13633
2025-04-17T21:00:00.000Z,1.57213,1.57623,1.57123,1.57466,8228
2025-04-18T01:00:00.000Z,1.57466,1.57676,1.57434,1.57598,46467
2025-04-18T05:00:00.000Z,1.57595,1.57687,1.57246,1.57612,40633
2025-04-18T09:00:00.000Z,1.57613,1.57828,1.57429,1.57727,38131
2025-04-18T13:00:00.000Z,1.57725,1.57987,1.57566,1.57814,24384
2025-04-18T17:00:00.000Z,1.57816,1.57817,1.57542,1.57692,17228
2025-04-20T21:00:00.000Z,1.57743,1.58572,1.57562,1.58435,15293
2025-04-21T01:00:00.000Z,1.58436,1.5915,1.58436,1.58893,17544
2025-04-21T05:00:00.000Z,1.58893,1.59547,1.58753,1.59405,17984
2025-04-21T09:00:00.000Z,1.59405,1.59598,1.5901,1.59194,18350
2025-04-21T13:00:00.000Z,1.59194,1.59293,1.5856,1.59257,23100
2025-04-21T17:00:00.000Z,1.59257,1.59506,1.59053,1.59278,15080
2025-04-21T21:00:00.000Z,1.59237,1.59457,1.58905,1.58995,10050
2025-04-22T01:00:00.000Z,1.58995,1.59439,1.58861,1.59154,15667
2025-04-22T05:00:00.000Z,1.59154,1.59295,1.58587,1.5889,24240
2025-04-22T09:00:00.000Z,1.58894,1.59195,1.588,1.58807,21400
2025-04-22T13:00:00.000Z,1.5881,1.58969,1.57846,1.57857,25071
2025-04-22T17:00:00.000Z,1.57859,1.5827,1.57682,1.57703,15915
2025-04-22T21:00:00.000Z,1.57721,1.57787,1.56665,1.57595,20751
2025-04-23T01:00:00.000Z,1.57595,1.57784,1.57428,1.5755,17377
2025-04-23T05:00:00.000Z,1.57549,1.57637,1.57146,1.57616,22378
2025-04-23T09:00:00.000Z,1.57616,1.57928,1.57396,1.57782,19376
2025-04-23T13:00:00.000Z,1.5778,1.57907,1.56878,1.57543,34519
2025-04-23T17:00:00.000Z,1.57543,1.57607,1.56981,1.56985,15801
2025-04-23T21:00:00.000Z,1.56973,1.57389,1.56962,1.57306,11535
2025-04-24T01:00:00.000Z,1.573,1.57483,1.57156,1.5722,14283
2025-04-24T05:00:00.000Z,1.57219,1.57675,1.57121,1.57592,19544
2025-04-24T09:00:00.000Z,1.57593,1.57814,1.57476,1.57658,17889
2025-04-24T13:00:00.000Z,1.57664,1.57986,1.57505,1.57915,23689
2025-04-24T17:00:00.000Z,1.57914,1.5798,1.57621,1.5775,12750
2025-04-24T21:00:00.000Z,1.57625,1.57795,1.57288,1.57309,9950
2025-04-25T01:00:00.000Z,1.57309,1.57432,1.57003,1.5727,15270
2025-04-25T05:00:00.000Z,1.5727,1.57757,1.57212,1.57613,18118
2025-04-25T09:00:00.000Z,1.57612,1.5777,1.57396,1.57479,16822
2025-04-25T13:00:00.000Z,1.57477,1.57859,1.57082,1.57562,20328
2025-04-25T17:00:00.000Z,1.57562,1.57875,1.57316,1.5737,12185
2025-04-27T21:00:00.000Z,1.57441,1.57658,1.57203,1.57646,7705
2025-04-28T01:00:00.000Z,1.57646,1.57678,1.57475,1.57669,11930
2025-04-28T05:00:00.000Z,1.57669,1.57793,1.57288,1.5749,17050
2025-04-28T09:00:00.000Z,1.5749,1.5761,1.57275,1.57415,15491
2025-04-28T13:00:00.000Z,1.57415,1.58126,1.57218,1.58005,24169
2025-04-28T17:00:00.000Z,1.58005,1.58181,1.57789,1.57972,12629
2025-04-28T21:00:00.000Z,1.57848,1.57972,1.57705,1.57715,7832
2025-04-29T01:00:00.000Z,1.57716,1.57948,1.57531,1.57712,14495
2025-04-29T05:00:00.000Z,1.57712,1.57936,1.57386,1.57432,17917
2025-04-29T09:00:00.000Z,1.57432,1.57842,1.57366,1.57818,17316
2025-04-29T13:00:00.000Z,1.57819,1.58095,1.577,1.57961,24055
2025-04-29T17:00:00.000Z,1.57958,1.57987,1.57424,1.57469,11635
2025-04-29T21:00:00.000Z,1.57355,1.57544,1.57274,1.57392,8349
2025-04-30T01:00:00.000Z,1.57395,1.57445,1.571,1.57295,12384
2025-04-30T05:00:00.000Z,1.57294,1.57535,1.57147,1.57378,15988
2025-04-30T09:00:00.000Z,1.57381,1.57526,1.57071,1.57486,18141
2025-04-30T13:00:00.000Z,1.57487,1.57511,1.5645,1.56784,27686
2025-04-30T17:00:00.000Z,1.56785,1.56864,1.56033,1.56164,15145
2025-04-30T21:00:00.000Z,1.56185,1.56305,1.56061,1.56076,8890
2025-05-01T01:00:00.000Z,1.56078,1.56084,1.55864,1.5588,11511
2025-05-01T05:00:00.000Z,1.55882,1.56471,1.55757,1.56359,14906
2025-05-01T09:00:00.000Z,1.56359,1.56581,1.56248,1.56347,15463
2025-05-01T13:00:00.000Z,1.56348,1.56453,1.55756,1.56386,22824
2025-05-01T17:00:00.000Z,1.56386,1.56404,1.56129,1.56376,12029
2025-05-01T21:00:00.000Z,1.56287,1.56476,1.56074,1.56145,8255
2025-05-02T01:00:00.000Z,1.56149,1.56343,1.56101,1.56229,14019
2025-05-02T05:00:00.000Z,1.56227,1.56777,1.56218,1.56701,16393
2025-05-02T09:00:00.000Z,1.56726,1.56849,1.56371,1.56464,19930
2025-05-02T13:00:00.000Z,1.56463,1.56903,1.56081,1.56107,27974
2025-05-02T17:00:00.000Z,1.56107,1.56174,1.5595,1.56101,13222
2025-05-04T21:00:00.000Z,1.55905,1.56523,1.55844,1.56461,8969
2025-05-05T01:00:00.000Z,1.56466,1.56548,1.56355,1.56422,12676
2025-05-05T05:00:00.000Z,1.56422,1.56484,1.56267,1.564,16060
2025-05-05T09:00:00.000Z,1.56407,1.56913,1.56322,1.56889,16307
2025-05-05T13:00:00.000Z,1.56891,1.5692,1.56069,1.56099,21040
2025-05-05T17:00:00.000Z,1.56099,1.56394,1.56064,1.56376,8918
2025-05-05T21:00:00.000Z,1.56304,1.56475,1.56092,1.56177,6580
2025-05-06T01:00:00.000Z,1.56176,1.56475,1.56101,1.56435,13637
2025-05-06T05:00:00.000Z,1.56436,1.5673,1.56381,1.56527,17438
2025-05-06T09:00:00.000Z,1.56527,1.56567,1.56236,1.56503,16853
2025-05-06T13:00:00.000Z,1.565,1.5668,1.56051,1.56279,21642
2025-05-06T17:00:00.000Z,1.56279,1.56711,1.5627,1.56638,13160
2025-05-06T21:00:00.000Z,1.56469,1.56636,1.55981,1.56173,15094
2025-05-07T01:00:00.000Z,1.56173,1.56507,1.56101,1.56481,16327
2025-05-07T05:00:00.000Z,1.5648,1.5684,1.56476,1.5665,16360
2025-05-07T09:00:00.000Z,1.5665,1.56846,1.56579,1.56763,15507
2025-05-07T13:00:00.000Z,1.56762,1.5685,1.56232,1.5644,19464
2025-05-07T17:00:00.000Z,1.56439,1.56795,1.56229,1.56352,21635
2025-05-07T21:00:00.000Z,1.56376,1.5653,1.56326,1.56343,7840
2025-05-08T01:00:00.000Z,1.56343,1.56648,1.56326,1.56497,14482
2025-05-08T05:00:00.000Z,1.56497,1.56628,1.56309,1.56485,19114
2025-05-08T09:00:00.000Z,1.56485,1.57102,1.56472,1.5691,18326
2025-05-08T13:00:00.000Z,1.5691,1.56968,1.56191,1.56248,26187
2025-05-08T17:00:00.000Z,1.56248,1.56384,1.56124,1.56293,12630
2025-05-08T21:00:00.000Z,1.56151,1.56364,1.56151,1.56336,7903
2025-05-09T01:00:00.000Z,1.56337,1.56374,1.56075,1.56243,14439
2025-05-09T05:00:00.000Z,1.56243,1.56664,1.56178,1.5658,14686
2025-05-09T09:00:00.000Z,1.56582,1.5667,1.5644,1.56588,13876
2025-05-09T13:00:00.000Z,1.56588,1.57248,1.56517,1.56875,19323
2025-05-09T17:00:00.000Z,1.56872,1.5688,1.56702,1.56755,9227
2025-05-11T21:00:00.000Z,1.55607,1.56619,1.55533,1.56615,10521
2025-05-12T01:00:00.000Z,1.56615,1.56636,1.56324,1.5634,13918
2025-05-12T05:00:00.000Z,1.5634,1.56378,1.54921,1.55442,25967
2025-05-12T09:00:00.000Z,1.55435,1.55629,1.54831,1.55548,22635
2025-05-12T13:00:00.000Z,1.55549,1.55734,1.55219,1.55226,23072
2025-05-12T17:00:00.000Z,1.55226,1.5532,1.54923,1.54929,12229
2025-05-12T21:00:00.000Z,1.54923,1.55277,1.54893,1.55257,8331
2025-05-13T01:00:00.000Z,1.55257,1.55309,1.55074,1.55182,13507
2025-05-13T05:00:00.000Z,1.55182,1.55489,1.55036,1.55433,16864
2025-05-13T09:00:00.000Z,1.55432,1.55656,1.55182,1.55584,15736
2025-05-13T13:00:00.000Z,1.55589,1.56151,1.55582,1.55947,24397
2025-05-13T17:00:00.000Z,1.55947,1.56004,1.55815,1.55886,10945
2025-05-13T21:00:00.000Z,1.55839,1.55997,1.55774,1.5592,7376
2025-05-14T01:00:00.000Z,1.55918,1.55982,1.55713,1.55808,14232
2025-05-14T05:00:00.000Z,1.55808,1.56518,1.5575,1.56352,19346
2025-05-14T09:00:00.000Z,1.56359,1.56639,1.56256,1.5652,19363
2025-05-14T13:00:00.000Z,1.5652,1.5674,1.56269,1.56333,23773
2025-05-14T17:00:00.000Z,1.56331,1.56387,1.56032,1.5622,11805
2025-05-14T21:00:00.000Z,1.56121,1.56372,1.56007,1.56335,6602
2025-05-15T01:00:00.000Z,1.56331,1.56394,1.56269,1.56341,12204
2025-05-15T05:00:00.000Z,1.56341,1.56874,1.56315,1.56721,17000
2025-05-15T09:00:00.000Z,1.5672,1.56762,1.56338,1.56715,16152
2025-05-15T13:00:00.000Z,1.56715,1.56932,1.56284,1.56362,21010
2025-05-15T17:00:00.000Z,1.56362,1.56426,1.56003,1.56124,10397
2025-05-15T21:00:00.000Z,1.56047,1.56379,1.56043,1.56334,7201
2025-05-16T01:00:00.000Z,1.56335,1.56393,1.56122,1.562,11129
2025-05-16T05:00:00.000Z,1.56203,1.56469,1.56182,1.56262,14063
2025-05-16T09:00:00.000Z,1.56261,1.56449,1.56196,1.56292,13850
2025-05-16T13:00:00.000Z,1.56292,1.56351,1.55745,1.55869,18642
2025-05-16T17:00:00.000Z,1.55869,1.56045,1.55655,1.55825,9414
2025-05-18T21:00:00.000Z,1.56021,1.56281,1.55939,1.56281,9780
2025-05-19T01:00:00.000Z,1.56281,1.56308,1.56058,1.5624,11755
2025-05-19T05:00:00.000Z,1.5624,1.57068,1.5614,1.57061,17456
2025-05-19T09:00:00.000Z,1.57066,1.57416,1.56929,1.56933,17244
2025-05-19T13:00:00.000Z,1.56936,1.57083,1.56562,1.56721,19754
2025-05-19T17:00:00.000Z,1.56721,1.56888,1.56644,1.56851,8108
2025-05-19T21:00:00.000Z,1.56579,1.56853,1.56554,1.56751,7005
2025-05-20T01:00:00.000Z,1.56751,1.57047,1.56751,1.56969,14026
2025-05-20T05:00:00.000Z,1.56964,1.57146,1.56747,1.56953,17701
2025-05-20T09:00:00.000Z,1.56952,1.57015,1.56383,1.56443,14913
2025-05-20T13:00:00.000Z,1.56442,1.57121,1.56375,1.5679,20340
2025-05-20T17:00:00.000Z,1.5679,1.57095,1.56711,1.57009,10193
2025-05-20T21:00:00.000Z,1.56941,1.57081,1.56884,1.57025,7914
2025-05-21T01:00:00.000Z,1.57025,1.57453,1.56985,1.57349,14126
2025-05-21T05:00:00.000Z,1.57347,1.57572,1.57163,1.573,17449
2025-05-21T09:00:00.000Z,1.573,1.57599,1.5712,1.57207,16731
2025-05-21T13:00:00.000Z,1.57197,1.57395,1.56678,1.56689,20454
2025-05-21T17:00:00.000Z,1.56691,1.57148,1.5667,1.57037,15494
2025-05-21T21:00:00.000Z,1.56809,1.57126,1.56809,1.56943,9597
2025-05-22T01:00:00.000Z,1.5694,1.57104,1.56831,1.56895,14520
2025-05-22T05:00:00.000Z,1.56894,1.57079,1.56614,1.56782,18816
2025-05-22T09:00:00.000Z,1.56782,1.56886,1.56644,1.56721,17877
2025-05-22T13:00:00.000Z,1.56721,1.56865,1.56219,1.56234,22433
2025-05-22T17:00:00.000Z,1.56237,1.5645,1.56086,1.56267,10656
2025-05-22T21:00:00.000Z,1.56182,1.56501,1.56171,1.56467,6817
2025-05-23T01:00:00.000Z,1.56468,1.56581,1.56401,1.56493,11119
2025-05-23T05:00:00.000Z,1.56494,1.56729,1.56385,1.56706,14025
2025-05-23T09:00:00.000Z,1.56705,1.57044,1.56103,1.56365,23194
2025-05-23T13:00:00.000Z,1.56364,1.56445,1.55896,1.55994,22289
2025-05-23T17:00:00.000Z,1.55994,1.56062,1.55777,1.56018,11479
2025-05-25T21:00:00.000Z,1.55901,1.56366,1.55856,1.5634,10847
2025-05-26T01:00:00.000Z,1.5634,1.56376,1.56186,1.56355,13630
2025-05-26T05:00:00.000Z,1.56354,1.56453,1.56043,1.56119,14000
2025-05-26T09:00:00.000Z,1.56119,1.56191,1.55963,1.56122,9101
2025-05-26T13:00:00.000Z,1.56122,1.56328,1.56084,1.56325,8573
2025-05-26T17:00:00.000Z,1.5632,1.56398,1.5629,1.56393,3715
2025-05-26T21:00:00.000Z,1.56267,1.5649,1.56267,1.56441,6484
2025-05-27T01:00:00.000Z,1.5644,1.5658,1.56364,1.56377,10910
2025-05-27T05:00:00.000Z,1.56385,1.56465,1.56012,1.56182,17967
2025-05-27T09:00:00.000Z,1.56178,1.5646,1.56072,1.56429,15041
2025-05-27T13:00:00.000Z,1.5643,1.56537,1.55933,1.56102,19489
2025-05-27T17:00:00.000Z,1.561,1.56752,1.56068,1.5642,10825
2025-05-27T21:00:00.000Z,1.56353,1.56632,1.56353,1.56461,6263
2025-05-28T01:00:00.000Z,1.56461,1.56563,1.5623,1.56397,15235
2025-05-28T05:00:00.000Z,1.56397,1.56598,1.56275,1.56568,14747
2025-05-28T09:00:00.000Z,1.56568,1.56713,1.56369,1.56513,14252
2025-05-28T13:00:00.000Z,1.56514,1.56555,1.55915,1.56097,21206
2025-05-28T17:00:00.000Z,1.56097,1.56262,1.56037,1.56244,10076
2025-05-28T21:00:00.000Z,1.56149,1.5627,1.55351,1.55623,14786
2025-05-29T01:00:00.000Z,1.55619,1.55807,1.55508,1.55672,15503
2025-05-29T05:00:00.000Z,1.55675,1.55975,1.55572,1.55889,16996
2025-05-29T09:00:00.000Z,1.55889,1.56556,1.55808,1.56546,17143
2025-05-29T13:00:00.000Z,1.56547,1.57055,1.56428,1.5695,22057
2025-05-29T17:00:00.000Z,1.5695,1.57096,1.56866,1.56963,10147
2025-05-29T21:00:00.000Z,1.56867,1.5711,1.5684,1.5705,8964
2025-05-30T01:00:00.000Z,1.57047,1.57217,1.56793,1.56802,13032
2025-05-30T05:00:00.000Z,1.56802,1.56838,1.5646,1.56462,14902
2025-05-30T09:00:00.000Z,1.56461,1.5679,1.5636,1.56494,16568
2025-05-30T13:00:00.000Z,1.56494,1.56504,1.55883,1.5613,24216
2025-05-30T17:00:00.000Z,1.5613,1.56247,1.55753,1.55875,11984
2025-06-01T21:00:00.000Z,1.55845,1.55995,1.55793,1.55937,9076
2025-06-02T01:00:00.000Z,1.55937,1.56037,1.55848,1.55947,12549
2025-06-02T05:00:00.000Z,1.55947,1.56401,1.5592,1.56386,16043
2025-06-02T09:00:00.000Z,1.56387,1.56582,1.56224,1.56373,16183
2025-06-02T13:00:00.000Z,1.56373,1.56854,1.56268,1.56551,21475
2025-06-02T17:00:00.000Z,1.56548,1.56909,1.56534,1.56875,9967
2025-06-02T21:00:00.000Z,1.56751,1.57073,1.56735,1.56992,6791
2025-06-03T01:00:00.000Z,1.56992,1.56996,1.56773,1.56888,11413
2025-06-03T05:00:00.000Z,1.56885,1.5696,1.5665,1.56667,14224
2025-06-03T09:00:00.000Z,1.56668,1.56693,1.56199,1.56262,14843
2025-06-03T13:00:00.000Z,1.56264,1.56336,1.56015,1.56091,19060
2025-06-03T17:00:00.000Z,1.56091,1.56137,1.55945,1.56013,8003
2025-06-03T21:00:00.000Z,1.55906,1.56179,1.55886,1.56081,6775
2025-06-04T01:00:00.000Z,1.56081,1.56149,1.55941,1.5597,12522
2025-06-04T05:00:00.000Z,1.5597,1.56314,1.55889,1.56258,14826
2025-06-04T09:00:00.000Z,1.56258,1.56363,1.55911,1.5629,15509
2025-06-04T13:00:00.000Z,1.56293,1.56402,1.56062,1.56109,20790
2025-06-04T17:00:00.000Z,1.56109,1.56207,1.55986,1.56148,8967
2025-06-04T21:00:00.000Z,1.56033,1.56247,1.56017,1.56235,7992
2025-06-05T01:00:00.000Z,1.56236,1.56309,1.56038,1.56047,12459
2025-06-05T05:00:00.000Z,1.56052,1.56097,1.55878,1.55925,13193
2025-06-05T09:00:00.000Z,1.55921,1.56243,1.55883,1.56042,16394
2025-06-05T13:00:00.000Z,1.56042,1.56812,1.55915,1.5643,26162
2025-06-05T17:00:00.000Z,1.56431,1.56452,1.56147,1.56449,11614
2025-06-05T21:00:00.000Z,1.56486,1.56551,1.56406,1.56455,6235
2025-06-06T01:00:00.000Z,1.56455,1.56455,1.5624,1.56274,9883
2025-06-06T05:00:00.000Z,1.56277,1.56347,1.56092,1.56148,12599
2025-06-06T09:00:00.000Z,1.56149,1.56371,1.5582,1.55912,16087
2025-06-06T13:00:00.000Z,1.55912,1.5608,1.55732,1.55984,23878
2025-06-06T17:00:00.000Z,1.55985,1.56185,1.55935,1.56062,9774
2025-06-08T21:00:00.000Z,1.56053,1.56248,1.55911,1.55994,6446
2025-06-09T01:00:00.000Z,1.55994,1.56298,1.55994,1.5624,9557
2025-06-09T05:00:00.000Z,1.5624,1.56354,1.56197,1.56303,11253
2025-06-09T09:00:00.000Z,1.56302,1.56414,1.55961,1.56039,11755
2025-06-09T13:00:00.000Z,1.56032,1.5635,1.55863,1.56212,14742
2025-06-09T17:00:00.000Z,1.5621,1.56422,1.56145,1.5642,8095
2025-06-09T21:00:00.000Z,1.56283,1.56616,1.56283,1.56485,6355
2025-06-10T01:00:00.000Z,1.56485,1.56497,1.56133,1.56238,12908
2025-06-10T05:00:00.000Z,1.56236,1.56467,1.56091,1.56358,16566
2025-06-10T09:00:00.000Z,1.56356,1.56615,1.56298,1.56506,12662
2025-06-10T13:00:00.000Z,1.56509,1.56668,1.56141,1.563,16006
2025-06-10T17:00:00.000Z,1.56309,1.56465,1.56149,1.56182,8953
2025-06-10T21:00:00.000Z,1.56091,1.5633,1.56064,1.56139,9302
2025-06-11T01:00:00.000Z,1.56138,1.56209,1.56015,1.56165,11128
2025-06-11T05:00:00.000Z,1.56165,1.56444,1.56,1.56383,11995
2025-06-11T09:00:00.000Z,1.56384,1.56819,1.56327,1.56574,16720
2025-06-11T13:00:00.000Z,1.56574,1.57057,1.56531,1.56895,18901
2025-06-11T17:00:00.000Z,1.56896,1.57109,1.56871,1.57027,11799
2025-06-11T21:00:00.000Z,1.56929,1.57465,1.56929,1.574,8183
2025-06-12T01:00:00.000Z,1.574,1.5749,1.57226,1.57229,12641
2025-06-12T05:00:00.000Z,1.57222,1.57693,1.57101,1.57625,16092
2025-06-12T09:00:00.000Z,1.57624,1.58439,1.57588,1.58079,20564
2025-06-12T13:00:00.000Z,1.5808,1.58157,1.57385,1.5749,19887
2025-06-12T17:00:00.000Z,1.57491,1.57625,1.57352,1.57588,9432
2025-06-12T21:00:00.000Z,1.57512,1.57886,1.57286,1.57496,12935
2025-06-13T01:00:00.000Z,1.57495,1.57543,1.57094,1.573,20205
2025-06-13T05:00:00.000Z,1.57301,1.57499,1.56922,1.5696,19785
2025-06-13T09:00:00.000Z,1.56959,1.5717,1.56747,1.56793,18660
2025-06-13T13:00:00.000Z,1.56796,1.57078,1.56695,1.56961,20523
2025-06-13T17:00:00.000Z,1.56963,1.5701,1.56747,1.56839,14617
2025-06-15T21:00:00.000Z,1.56623,1.56816,1.56571,1.56747,17699
2025-06-16T01:00:00.000Z,1.56741,1.56913,1.56724,1.56896,14105
2025-06-16T05:00:00.000Z,1.56896,1.5728,1.56835,1.57135,16838
2025-06-16T09:00:00.000Z,1.57132,1.57214,1.56936,1.57064,13711
2025-06-16T13:00:00.000Z,1.57064,1.57325,1.56916,1.5701,20116
2025-06-16T17:00:00.000Z,1.5701,1.57044,1.56823,1.56859,10045
2025-06-16T21:00:00.000Z,1.56775,1.56898,1.56748,1.56781,10131
2025-06-17T01:00:00.000Z,1.56781,1.5697,1.56759,1.56895,13012
2025-06-17T05:00:00.000Z,1.56895,1.57088,1.56711,1.56724,14117
2025-06-17T09:00:00.000Z,1.56729,1.56989,1.56715,1.56867,14692
2025-06-17T13:00:00.000Z,1.5687,1.57095,1.56498,1.56572,20163
2025-06-17T17:00:00.000Z,1.56573,1.57143,1.56445,1.56994,16338
2025-06-17T21:00:00.000Z,1.56879,1.57182,1.56795,1.57161,9027
2025-06-18T01:00:00.000Z,1.57157,1.5721,1.57095,1.57142,12864
2025-06-18T05:00:00.000Z,1.57141,1.57374,1.57081,1.57183,14670
2025-06-18T09:00:00.000Z,1.57183,1.57287,1.56915,1.57022,13980
2025-06-18T13:00:00.000Z,1.57016,1.57758,1.56928,1.57316,20567
2025-06-18T17:00:00.000Z,1.5732,1.57447,1.56975,1.57168,21991
2025-06-18T21:00:00.000Z,1.57003,1.57291,1.56994,1.57268,8768
2025-06-19T01:00:00.000Z,1.57268,1.57286,1.57021,1.57187,12464
2025-06-19T05:00:00.000Z,1.57187,1.57365,1.57093,1.57297,16237
2025-06-19T09:00:00.000Z,1.57297,1.57491,1.5724,1.57421,14088
2025-06-19T13:00:00.000Z,1.57421,1.57644,1.57252,1.57292,13250
2025-06-19T17:00:00.000Z,1.57292,1.57602,1.57269,1.57487,6749
2025-06-19T21:00:00.000Z,1.57412,1.57756,1.57385,1.57753,8156
2025-06-20T01:00:00.000Z,1.57754,1.57858,1.57689,1.57797,12207
2025-06-20T05:00:00.000Z,1.57797,1.57889,1.57713,1.5781,14407
2025-06-20T09:00:00.000Z,1.57808,1.58028,1.57773,1.57926,13680
2025-06-20T13:00:00.000Z,1.57922,1.58384,1.5786,1.58375,18541
2025-06-20T17:00:00.000Z,1.58375,1.58493,1.5816,1.5817,11081
2025-06-22T21:00:00.000Z,1.57555,1.58101,1.57485,1.57989,13436
2025-06-23T01:00:00.000Z,1.57989,1.58283,1.57916,1.58085,15588
2025-06-23T05:00:00.000Z,1.58091,1.58427,1.5808,1.58194,18107
2025-06-23T09:00:00.000Z,1.58194,1.58337,1.57932,1.58037,18282
2025-06-23T13:00:00.000Z,1.58038,1.59039,1.57959,1.58965,26569
2025-06-23T17:00:00.000Z,1.58964,1.59144,1.58887,1.59019,15929
2025-06-23T21:00:00.000Z,1.58935,1.59318,1.58895,1.59226,12691
2025-06-24T01:00:00.000Z,1.59228,1.59308,1.59082,1.59208,13846
2025-06-24T05:00:00.000Z,1.59208,1.59356,1.58937,1.58999,19190
2025-06-24T09:00:00.000Z,1.58999,1.59271,1.58894,1.58993,14980
2025-06-24T13:00:00.000Z,1.58994,1.59368,1.58743,1.59329,22272
2025-06-24T17:00:00.000Z,1.59326,1.59509,1.59282,1.59327,11020
2025-06-24T21:00:00.000Z,1.59143,1.59536,1.59111,1.59521,8217
2025-06-25T01:00:00.000Z,1.59521,1.59604,1.59403,1.59474,11405
2025-06-25T05:00:00.000Z,1.59477,1.59522,1.59113,1.59313,13661
2025-06-25T09:00:00.000Z,1.59312,1.59448,1.59183,1.59265,12448
2025-06-25T13:00:00.000Z,1.59265,1.59888,1.59223,1.59772,17202
2025-06-25T17:00:00.000Z,1.59773,1.60084,1.59751,1.59972,11290
2025-06-25T21:00:00.000Z,1.59839,1.60222,1.59839,1.60185,7074
2025-06-26T01:00:00.000Z,1.60187,1.60516,1.60072,1.60197,12767
2025-06-26T05:00:00.000Z,1.60197,1.60637,1.60068,1.60469,17300
2025-06-26T09:00:00.000Z,1.6047,1.60497,1.59913,1.60016,17034
2025-06-26T13:00:00.000Z,1.6002,1.60053,1.59373,1.59812,22243
2025-06-26T17:00:00.000Z,1.59812,1.59821,1.59508,1.59554,11996
2025-06-26T21:00:00.000Z,1.59585,1.59615,1.59373,1.59477,8148
2025-06-27T01:00:00.000Z,1.59472,1.59644,1.59434,1.59486,10662
2025-06-27T05:00:00.000Z,1.59494,1.59915,1.59423,1.59731,13998
2025-06-27T09:00:00.000Z,1.59731,1.60285,1.59661,1.60247,15279
2025-06-27T13:00:00.000Z,1.60247,1.60327,1.59824,1.60264,19890
2025-06-27T17:00:00.000Z,1.60264,1.60913,1.60136,1.60367,17817
2025-06-29T21:00:00.000Z,1.60363,1.60601,1.60308,1.60461,9411
2025-06-30T01:00:00.000Z,1.60455,1.60582,1.60111,1.60373,13542
2025-06-30T05:00:00.000Z,1.60369,1.60455,1.60135,1.60402,17167
2025-06-30T09:00:00.000Z,1.60402,1.60404,1.59976,1.60067,13590
2025-06-30T13:00:00.000Z,1.60069,1.60399,1.5999,1.60278,21434
2025-06-30T17:00:00.000Z,1.60278,1.60537,1.60263,1.60303,11646
2025-06-30T21:00:00.000Z,1.6028,1.60483,1.60143,1.60477,7866
2025-07-01T01:00:00.000Z,1.60479,1.60634,1.60339,1.60363,10455
2025-07-01T05:00:00.000Z,1.60363,1.6063,1.60148,1.60514,14891
2025-07-01T09:00:00.000Z,1.6051,1.60913,1.60447,1.60833,15782
2025-07-01T13:00:00.000Z,1.60834,1.60975,1.60627,1.60706,21370
2025-07-01T17:00:00.000Z,1.60708,1.61082,1.60705,1.61072,9558
2025-07-01T21:00:00.000Z,1.60962,1.61076,1.60919,1.61015,5921
2025-07-02T01:00:00.000Z,1.61013,1.61061,1.609,1.60964,9569
2025-07-02T05:00:00.000Z,1.60964,1.60983,1.60635,1.60707,12681
2025-07-02T09:00:00.000Z,1.60705,1.60751,1.60268,1.60444,17115
2025-07-02T13:00:00.000Z,1.60445,1.60642,1.60264,1.6036,19624
2025-07-02T17:00:00.000Z,1.60363,1.60435,1.602,1.60273,9615
2025-07-02T21:00:00.000Z,1.60273,1.60375,1.60146,1.60356,6064
2025-07-03T01:00:00.000Z,1.60356,1.60431,1.60261,1.60299,8961
2025-07-03T05:00:00.000Z,1.60297,1.60489,1.60282,1.60302,11738
2025-07-03T09:00:00.000Z,1.60302,1.60323,1.59562,1.5983,15604
2025-07-03T13:00:00.000Z,1.5983,1.59973,1.59284,1.59373,22485
2025-07-03T17:00:00.000Z,1.59368,1.59693,1.59325,1.59681,6712
2025-07-03T21:00:00.000Z,1.59667,1.59786,1.5956,1.59696,8047
2025-07-04T01:00:00.000Z,1.59696,1.59911,1.59601,1.59895,9894
2025-07-04T05:00:00.000Z,1.59895,1.60071,1.59785,1.60017,12766
2025-07-04T09:00:00.000Z,1.60017,1.60146,1.59897,1.60065,12097
2025-07-04T13:00:00.000Z,1.60065,1.60346,1.6004,1.6021,11134
2025-07-04T17:00:00.000Z,1.60212,1.60344,1.60081,1.60083,21179
2025-07-06T21:00:00.000Z,1.60183,1.60308,1.60064,1.60293,7770
2025-07-07T01:00:00.000Z,1.60292,1.60435,1.60234,1.60413,12055
2025-07-07T05:00:00.000Z,1.60413,1.60526,1.60332,1.60406,14716
2025-07-07T09:00:00.000Z,1.60406,1.60478,1.59959,1.59969,13626
2025-07-07T13:00:00.000Z,1.5997,1.60249,1.59783,1.59865,17754
2025-07-07T17:00:00.000Z,1.59869,1.60215,1.59814,1.60156,12457
2025-07-07T21:00:00.000Z,1.60102,1.60489,1.60048,1.60351,8444
2025-07-08T01:00:00.000Z,1.60352,1.604,1.60229,1.60292,11186
2025-07-08T05:00:00.000Z,1.60292,1.60461,1.60193,1.60312,14520
2025-07-08T09:00:00.000Z,1.60312,1.60328,1.5998,1.6006,13089
2025-07-08T13:00:00.000Z,1.6006,1.60199,1.5989,1.60172,20765
2025-07-08T17:00:00.000Z,1.60172,1.60474,1.60154,1.60206,11842
2025-07-08T21:00:00.000Z,1.60058,1.60326,1.59995,1.60308,6714
2025-07-09T01:00:00.000Z,1.60308,1.60316,1.60137,1.60207,11512
2025-07-09T05:00:00.000Z,1.60205,1.60361,1.60157,1.60284,14104
2025-07-09T09:00:00.000Z,1.60284,1.60421,1.60165,1.60359,13234
2025-07-09T13:00:00.000Z,1.60359,1.60471,1.60097,1.60294,15723
2025-07-09T17:00:00.000Z,1.60286,1.60475,1.60266,1.60432,8101
2025-07-09T21:00:00.000Z,1.60283,1.60709,1.60241,1.60601,6152
2025-07-10T01:00:00.000Z,1.606,1.60617,1.60499,1.60528,8164
2025-07-10T05:00:00.000Z,1.60527,1.60637,1.60247,1.60376,10890
2025-07-10T09:00:00.000Z,1.60376,1.60462,1.60166,1.60252,11100
2025-07-10T13:00:00.000Z,1.60252,1.60318,1.59742,1.59868,17999
2025-07-10T17:00:00.000Z,1.5987,1.59887,1.59693,1.59728,8339
2025-07-10T21:00:00.000Z,1.59689,1.60312,1.59655,1.59831,9704
2025-07-11T01:00:00.000Z,1.5983,1.59988,1.59793,1.59908,13192
2025-07-11T05:00:00.000Z,1.59909,1.60147,1.59874,1.60043,14106
2025-07-11T09:00:00.000Z,1.60043,1.60223,1.59532,1.59869,14826
2025-07-11T13:00:00.000Z,1.59869,1.60248,1.59848,1.59935,18523
2025-07-11T17:00:00.000Z,1.59935,1.60052,1.59769,1.60038,9984
2025-07-13T21:00:00.000Z,1.59793,1.60012,1.59653,1.59992,9517
2025-07-14T01:00:00.000Z,1.59992,1.60077,1.59893,1.59912,10885
2025-07-14T05:00:00.000Z,1.59914,1.59938,1.59627,1.59838,12520
2025-07-14T09:00:00.000Z,1.59838,1.59965,1.59801,1.59961,11337
2025-07-14T13:00:00.000Z,1.59961,1.60024,1.59669,1.59683,16444
2025-07-14T17:00:00.000Z,1.59683,1.59907,1.59672,1.59843,7675
2025-07-14T21:00:00.000Z,1.59704,1.59941,1.59671,1.59899,6262
2025-07-15T01:00:00.000Z,1.59899,1.59963,1.59804,1.59939,9974
2025-07-15T05:00:00.000Z,1.59939,1.60121,1.59875,1.59927,11073
2025-07-15T09:00:00.000Z,1.59927,1.59997,1.59593,1.59677,13474
2025-07-15T13:00:00.000Z,1.59677,1.59692,1.59114,1.59135,22643
2025-07-15T17:00:00.000Z,1.59137,1.59226,1.5903,1.59158,8599
2025-07-15T21:00:00.000Z,1.59084,1.59236,1.59004,1.59162,7044
2025-07-16T01:00:00.000Z,1.59157,1.59363,1.59138,1.59357,8186
2025-07-16T05:00:00.000Z,1.59357,1.59501,1.59257,1.59485,11986
2025-07-16T09:00:00.000Z,1.59485,1.59497,1.59058,1.59179,13214
2025-07-16T13:00:00.000Z,1.59179,1.60382,1.58964,1.59319,31626
2025-07-16T17:00:00.000Z,1.59319,1.59586,1.59159,1.59301,12011
2025-07-16T21:00:00.000Z,1.59209,1.59296,1.5914,1.59224,6443
2025-07-17T01:00:00.000Z,1.59226,1.59398,1.59175,1.59392,10282
2025-07-17T05:00:00.000Z,1.59392,1.59441,1.58882,1.59413,14580
2025-07-17T09:00:00.000Z,1.5942,1.59518,1.59133,1.59397,13859
2025-07-17T13:00:00.000Z,1.59399,1.59526,1.59212,1.59309,16387
2025-07-17T17:00:00.000Z,1.5931,1.59441,1.5924,1.59441,8475
2025-07-17T21:00:00.000Z,1.59381,1.59679,1.59325,1.59653,6437
2025-07-18T01:00:00.000Z,1.59653,1.59788,1.59604,1.59643,8915
2025-07-18T05:00:00.000Z,1.59643,1.59823,1.59534,1.597,11001
2025-07-18T09:00:00.000Z,1.59694,1.59859,1.59624,1.5972,11757
2025-07-18T13:00:00.000Z,1.5972,1.59945,1.59572,1.59595,17485
2025-07-18T17:00:00.000Z,1.59599,1.59672,1.59474,1.59537,8609
2025-07-20T21:00:00.000Z,1.59373,1.59664,1.59345,1.59522,9183
2025-07-21T01:00:00.000Z,1.59517,1.59593,1.59465,1.59581,8649
2025-07-21T05:00:00.000Z,1.59581,1.59836,1.59536,1.59736,11428
2025-07-21T09:00:00.000Z,1.59736,1.59938,1.59677,1.59793,11550
2025-07-21T13:00:00.000Z,1.59793,1.60289,1.59753,1.60115,15810
2025-07-21T17:00:00.000Z,1.60117,1.60125,1.59887,1.59985,8167
2025-07-21T21:00:00.000Z,1.59897,1.60015,1.59828,1.5997,4949
2025-07-22T01:00:00.000Z,1.59968,1.60035,1.59908,1.59983,7039
2025-07-22T05:00:00.000Z,1.59983,1.60096,1.59907,1.60041,10150
2025-07-22T09:00:00.000Z,1.60041,1.6013,1.59798,1.59911,11765
2025-07-22T13:00:00.000Z,1.59911,1.60043,1.59722,1.60021,19338
2025-07-22T17:00:00.000Z,1.60021,1.60054,1.5978,1.59842,8275
2025-07-22T21:00:00.000Z,1.59838,1.59886,1.5959,1.59688,7278
2025-07-23T01:00:00.000Z,1.59693,1.59703,1.59534,1.59578,11176
2025-07-23T05:00:00.000Z,1.59578,1.59735,1.59347,1.59362,13376
2025-07-23T09:00:00.000Z,1.59362,1.59491,1.59192,1.59485,11964
2025-07-23T13:00:00.000Z,1.59485,1.601,1.59329,1.60002,18537
2025-07-23T17:00:00.000Z,1.60002,1.60175,1.5996,1.60053,10751
2025-07-23T21:00:00.000Z,1.59922,1.6018,1.59899,1.60072,6582
2025-07-24T01:00:00.000Z,1.60072,1.60218,1.60042,1.60135,10850
2025-07-24T05:00:00.000Z,1.60135,1.60165,1.59926,1.59941,13364
2025-07-24T09:00:00.000Z,1.59941,1.60063,1.59759,1.59791,12636
2025-07-24T13:00:00.000Z,1.59791,1.60584,1.59749,1.60374,19851
2025-07-24T17:00:00.000Z,1.60377,1.6051,1.60326,1.6035,9010
2025-07-24T21:00:00.000Z,1.60093,1.60382,1.60093,1.60337,8499
2025-07-25T01:00:00.000Z,1.60337,1.6038,1.60207,1.60345,11676
2025-07-25T05:00:00.000Z,1.60344,1.60747,1.60298,1.60593,14730
2025-07-25T09:00:00.000Z,1.60592,1.60595,1.60165,1.60359,13496
2025-07-25T13:00:00.000Z,1.60359,1.60945,1.60218,1.60863,20841
2025-07-25T17:00:00.000Z,1.60862,1.61027,1.60801,1.60816,8273
2025-07-27T21:00:00.000Z,1.61045,1.61186,1.60983,1.61076,9248
2025-07-28T01:00:00.000Z,1.61075,1.61119,1.60863,1.60882,10485
2025-07-28T05:00:00.000Z,1.6088,1.60882,1.60312,1.60334,17338
2025-07-28T09:00:00.000Z,1.60332,1.60392,1.59801,1.59907,17743
2025-07-28T13:00:00.000Z,1.59905,1.59933,1.5911,1.59117,18973
2025-07-28T17:00:00.000Z,1.59117,1.59248,1.59069,1.59189,8613
2025-07-28T21:00:00.000Z,1.59146,1.59296,1.59126,1.59184,5883
2025-07-29T01:00:00.000Z,1.59186,1.59295,1.58996,1.59118,10166
2025-07-29T05:00:00.000Z,1.59118,1.59168,1.5852,1.58992,16556
2025-07-29T09:00:00.000Z,1.58995,1.59313,1.5876,1.58781,15437
2025-07-29T13:00:00.000Z,1.58781,1.5907,1.58574,1.59,20152
2025-07-29T17:00:00.000Z,1.58998,1.59163,1.58883,1.58992,10448
2025-07-29T21:00:00.000Z,1.58945,1.592,1.58899,1.59186,5742
2025-07-30T01:00:00.000Z,1.59185,1.59238,1.5902,1.59037,10532
2025-07-30T05:00:00.000Z,1.59037,1.59208,1.5894,1.59161,12823
2025-07-30T09:00:00.000Z,1.59159,1.5922,1.58306,1.58371,15859
2025-07-30T13:00:00.000Z,1.58371,1.5863,1.58219,1.58428,19465
2025-07-30T17:00:00.000Z,1.58431,1.58745,1.57744,1.57773,21556
2025-07-30T21:00:00.000Z,1.57659,1.58136,1.57587,1.58113,8442
2025-07-31T01:00:00.000Z,1.58113,1.58137,1.57746,1.57967,13817
2025-07-31T05:00:00.000Z,1.57967,1.58487,1.57939,1.58443,15692
2025-07-31T09:00:00.000Z,1.58441,1.58458,1.58058,1.58072,16156
2025-07-31T13:00:00.000Z,1.58072,1.58424,1.57807,1.58157,21438
2025-07-31T17:00:00.000Z,1.58158,1.58361,1.57997,1.58093,12548
2025-07-31T21:00:00.000Z,1.58063,1.58354,1.57986,1.58192,9608
2025-08-01T01:00:00.000Z,1.58194,1.58237,1.58045,1.58196,14437
2025-08-01T05:00:00.000Z,1.58197,1.58515,1.58175,1.58268,14517
2025-08-01T09:00:00.000Z,1.58267,1.59411,1.58021,1.59281,19306
2025-08-01T13:00:00.000Z,1.59288,1.59515,1.59061,1.59183,31807
2025-08-01T17:00:00.000Z,1.59183,1.59834,1.58973,1.59734,17471
2025-08-03T21:00:00.000Z,1.59547,1.59782,1.59372,1.59381,11095
2025-08-04T01:00:00.000Z,1.59384,1.59552,1.59296,1.59417,13600
2025-08-04T05:00:00.000Z,1.59417,1.59496,1.5919,1.593,15823
2025-08-04T09:00:00.000Z,1.593,1.59574,1.59269,1.59414,16300
2025-08-04T13:00:00.000Z,1.59414,1.59491,1.59167,1.59395,20268
2025-08-04T17:00:00.000Z,1.59395,1.59475,1.59313,1.5946,10496
2025-08-04T21:00:00.000Z,1.59318,1.59521,1.59236,1.59311,7034
2025-08-05T01:00:00.000Z,1.5931,1.59386,1.59236,1.59337,9941
2025-08-05T05:00:00.000Z,1.59337,1.59337,1.59024,1.59272,13179
2025-08-05T09:00:00.000Z,1.59275,1.59375,1.59059,1.59172,13997
2025-08-05T13:00:00.000Z,1.59173,1.59625,1.58978,1.59573,21598
2025-08-05T17:00:00.000Z,1.59573,1.59581,1.59366,1.594,10789
2025-08-05T21:00:00.000Z,1.59357,1.59479,1.59357,1.59406,6450
2025-08-06T01:00:00.000Z,1.59405,1.59522,1.59296,1.59494,9551
2025-08-06T05:00:00.000Z,1.59494,1.59495,1.59323,1.59359,11497
2025-08-06T09:00:00.000Z,1.5935,1.59819,1.5935,1.59781,13641
2025-08-06T13:00:00.000Z,1.59781,1.60059,1.59708,1.59893,20177
2025-08-06T17:00:00.000Z,1.59893,1.60309,1.59891,1.60126,11232
2025-08-06T21:00:00.000Z,1.60062,1.60252,1.60024,1.60123,7186
2025-08-07T01:00:00.000Z,1.60122,1.6029,1.60094,1.60226,9639
2025-08-07T05:00:00.000Z,1.60228,1.60532,1.60199,1.60405,13310
2025-08-07T09:00:00.000Z,1.60408,1.60416,1.59876,1.6003,16813
2025-08-07T13:00:00.000Z,1.6003,1.60119,1.59789,1.60029,20708
2025-08-07T17:00:00.000Z,1.60032,1.60353,1.59922,1.60306,13139
2025-08-07T21:00:00.000Z,1.60261,1.60413,1.60221,1.60349,8415
2025-08-08T01:00:00.000Z,1.60349,1.60359,1.60161,1.60185,9370
2025-08-08T05:00:00.000Z,1.60179,1.60209,1.59815,1.5984,12827
2025-08-08T09:00:00.000Z,1.59837,1.60312,1.59683,1.60157,14078
2025-08-08T13:00:00.000Z,1.60157,1.60443,1.60107,1.60288,15784
2025-08-08T17:00:00.000Z,1.60288,1.60348,1.60068,1.60096,11007
2025-08-10T21:00:00.000Z,1.60073,1.60239,1.60058,1.60239,5499
2025-08-11T01:00:00.000Z,1.60239,1.60509,1.60221,1.60489,8438
2025-08-11T05:00:00.000Z,1.60489,1.60516,1.60333,1.60417,11515
2025-08-11T09:00:00.000Z,1.60407,1.60441,1.60129,1.60215,12148
2025-08-11T13:00:00.000Z,1.60217,1.60229,1.59842,1.59985,15815
2025-08-11T17:00:00.000Z,1.59985,1.6008,1.59883,1.60053,9460
2025-08-11T21:00:00.000Z,1.59982,1.60085,1.59959,1.60039,7436
2025-08-12T01:00:00.000Z,1.60039,1.60157,1.60014,1.6015,10449
2025-08-12T05:00:00.000Z,1.60149,1.60248,1.59953,1.60147,16123
2025-08-12T09:00:00.000Z,1.60147,1.60559,1.59972,1.60418,20257
2025-08-12T13:00:00.000Z,1.60418,1.60876,1.6021,1.60726,33260
2025-08-12T17:00:00.000Z,1.60724,1.60868,1.60676,1.60764,12503
2025-08-12T21:00:00.000Z,1.60733,1.60929,1.60622,1.6092,7427
2025-08-13T01:00:00.000Z,1.60919,1.60983,1.60824,1.6095,10468
2025-08-13T05:00:00.000Z,1.60948,1.61291,1.60873,1.61211,16077
2025-08-13T09:00:00.000Z,1.61214,1.61338,1.61046,1.61087,14306
2025-08-13T13:00:00.000Z,1.61087,1.61329,1.61031,1.61194,19699
2025-08-13T17:00:00.000Z,1.61196,1.61231,1.60996,1.61064,10493
2025-08-13T21:00:00.000Z,1.60957,1.61078,1.60926,1.61022,6715
2025-08-14T01:00:00.000Z,1.6102,1.61058,1.60913,1.60993,11967
2025-08-14T05:00:00.000Z,1.60996,1.61044,1.60777,1.60783,16717
2025-08-14T09:00:00.000Z,1.60783,1.61121,1.60734,1.60889,19035
2025-08-14T13:00:00.000Z,1.60889,1.61007,1.60649,1.607,26564
2025-08-14T17:00:00.000Z,1.607,1.60931,1.60681,1.60928,11835
2025-08-14T21:00:00.000Z,1.60895,1.60963,1.60868,1.60923,6728
2025-08-15T01:00:00.000Z,1.60925,1.60985,1.60888,1.60961,9525
2025-08-15T05:00:00.000Z,1.6096,1.61202,1.60939,1.61171,11654
2025-08-15T09:00:00.000Z,1.61171,1.61318,1.6109,1.61287,13687
2025-08-15T13:00:00.000Z,1.61287,1.61722,1.6122,1.61615,21080
2025-08-15T17:00:00.000Z,1.61615,1.61698,1.61562,1.6169,10282
2025-08-17T21:00:00.000Z,1.61696,1.61804,1.61556,1.6156,7250
2025-08-18T01:00:00.000Z,1.61559,1.61598,1.6144,1.61579,9850
2025-08-18T05:00:00.000Z,1.61578,1.61582,1.61086,1.61123,14099
2025-08-18T09:00:00.000Z,1.61124,1.61222,1.60886,1.61017,13753
2025-08-18T13:00:00.000Z,1.6102,1.61365,1.60961,1.61009,18464
2025-08-18T17:00:00.000Z,1.61009,1.61119,1.60907,1.60913,10310
2025-08-18T21:00:00.000Z,1.60873,1.61085,1.60871,1.60983,7064
2025-08-19T01:00:00.000Z,1.60983,1.61037,1.60799,1.61015,13127
2025-08-19T05:00:00.000Z,1.61015,1.61429,1.60911,1.61324,13972
2025-08-19T09:00:00.000Z,1.61324,1.61559,1.6127,1.61499,13494
2025-08-19T13:00:00.000Z,1.61499,1.61736,1.61476,1.61574,19159
2025-08-19T17:00:00.000Z,1.61574,1.61602,1.61389,1.61517,10082
2025-08-19T21:00:00.000Z,1.614,1.61518,1.61323,1.61411,11096
2025-08-20T01:00:00.000Z,1.61411,1.6144,1.61295,1.61356,13647
2025-08-20T05:00:00.000Z,1.61357,1.61597,1.6122,1.61516,15078
2025-08-20T09:00:00.000Z,1.61516,1.61741,1.61459,1.61722,13963
2025-08-20T13:00:00.000Z,1.61725,1.6177,1.61493,1.61694,20674
2025-08-20T17:00:00.000Z,1.61695,1.61832,1.61595,1.6165,11667
2025-08-20T21:00:00.000Z,1.61549,1.61641,1.61508,1.61615,7120
2025-08-21T01:00:00.000Z,1.61614,1.61649,1.61553,1.61605,10452
2025-08-21T05:00:00.000Z,1.616,1.61807,1.61344,1.61723,13835
2025-08-21T09:00:00.000Z,1.61724,1.6184,1.61581,1.61798,14724
2025-08-21T13:00:00.000Z,1.61798,1.61816,1.61243,1.61333,24290
2025-08-21T17:00:00.000Z,1.61331,1.61438,1.61274,1.61429,10439
2025-08-21T21:00:00.000Z,1.61371,1.61524,1.61342,1.61518,7451
2025-08-22T01:00:00.000Z,1.61518,1.6153,1.61152,1.61185,9988
2025-08-22T05:00:00.000Z,1.61185,1.61375,1.61172,1.61314,11169
2025-08-22T09:00:00.000Z,1.61314,1.61609,1.61301,1.6154,12243
2025-08-22T13:00:00.000Z,1.61542,1.6225,1.61405,1.62125,35667
2025-08-22T17:00:00.000Z,1.62126,1.62235,1.61979,1.62021,13732
2025-08-24T21:00:00.000Z,1.61929,1.62098,1.61821,1.61837,7462
2025-08-25T01:00:00.000Z,1.61837,1.61945,1.61815,1.61931,8681
2025-08-25T05:00:00.000Z,1.61931,1.62037,1.61786,1.61823,11437
2025-08-25T09:00:00.000Z,1.61823,1.61832,1.61583,1.6171,11566
2025-08-25T13:00:00.000Z,1.6171,1.61823,1.61183,1.61221,18838
2025-08-25T17:00:00.000Z,1.61221,1.61229,1.60813,1.61049,14057
2025-08-25T21:00:00.000Z,1.60961,1.61389,1.60869,1.61254,12325
2025-08-26T01:00:00.000Z,1.61254,1.61318,1.61074,1.61139,12841
2025-08-26T05:00:00.000Z,1.61139,1.61282,1.60856,1.60986,17947
2025-08-26T09:00:00.000Z,1.60986,1.61408,1.60972,1.61237,15746
2025-08-26T13:00:00.000Z,1.61232,1.61437,1.61069,1.61085,21683
2025-08-26T17:00:00.000Z,1.61085,1.61155,1.6093,1.61086,11176
2025-08-26T21:00:00.000Z,1.61061,1.61156,1.60945,1.60961,6296
2025-08-27T01:00:00.000Z,1.60961,1.60994,1.60735,1.60763,9168
2025-08-27T05:00:00.000Z,1.60763,1.60843,1.60405,1.6047,13936
2025-08-27T09:00:00.000Z,1.60472,1.60585,1.60357,1.60465,15480
2025-08-27T13:00:00.000Z,1.60465,1.60719,1.60273,1.60569,22929
2025-08-27T17:00:00.000Z,1.60569,1.60618,1.60344,1.60461,12760
2025-08-27T21:00:00.000Z,1.60379,1.60514,1.60304,1.60462,6001
2025-08-28T01:00:00.000Z,1.60462,1.60528,1.60344,1.6038,9396
2025-08-28T05:00:00.000Z,1.60378,1.60505,1.60264,1.6035,14941
2025-08-28T09:00:00.000Z,1.6035,1.60733,1.60302,1.60544,18529
2025-08-28T13:00:00.000Z,1.60545,1.60821,1.60455,1.60666,22864
2025-08-28T17:00:00.000Z,1.60666,1.60755,1.60521,1.60548,10035
2025-08-28T21:00:00.000Z,1.60546,1.60639,1.60456,1.60479,7063
2025-08-29T01:00:00.000Z,1.60479,1.60489,1.60286,1.60419,10127
2025-08-29T05:00:00.000Z,1.60419,1.60621,1.60363,1.6043,13177
2025-08-29T09:00:00.000Z,1.6043,1.60616,1.60274,1.60536,16311
2025-08-29T13:00:00.000Z,1.60536,1.60769,1.60455,1.60676,24290
2025-08-29T17:00:00.000Z,1.60676,1.60723,1.60476,1.60536,11027
2025-08-31T21:00:00.000Z,1.60485,1.60667,1.60481,1.60657,6086
2025-09-01T01:00:00.000Z,1.60657,1.6087,1.60613,1.6084,10893
2025-09-01T05:00:00.000Z,1.6084,1.61245,1.60838,1.61225,14026
2025-09-01T09:00:00.000Z,1.61225,1.61233,1.6094,1.60988,12741
2025-09-01T13:00:00.000Z,1.6099,1.61058,1.6091,1.60982,14055
2025-09-01T17:00:00.000Z,1.60982,1.61059,1.60952,1.61016,4710
2025-09-01T21:00:00.000Z,1.60911,1.6108,1.60867,1.60896,7456
2025-09-02T01:00:00.000Z,1.60896,1.60922,1.60812,1.60856,12212
2025-09-02T05:00:00.000Z,1.60856,1.60924,1.60249,1.60335,21766
2025-09-02T09:00:00.000Z,1.60332,1.60629,1.6013,1.60405,23384
2025-09-02T13:00:00.000Z,1.60405,1.61021,1.60355,1.60366,27848
2025-09-02T17:00:00.000Z,1.60366,1.60475,1.60335,1.60461,12508
2025-09-02T21:00:00.000Z,1.60348,1.60467,1.60284,1.6041,7077
2025-09-03T01:00:00.000Z,1.6041,1.6044,1.60301,1.60415,10446
2025-09-03T05:00:00.000Z,1.60415,1.60876,1.60241,1.60858,16424
2025-09-03T09:00:00.000Z,1.60858,1.60903,1.60613,1.60722,16661
2025-09-03T13:00:00.000Z,1.60723,1.61037,1.60642,1.60952,24338
2025-09-03T17:00:00.000Z,1.60952,1.60995,1.60798,1.60826,11942
2025-09-03T21:00:00.000Z,1.60752,1.60857,1.60721,1.60841,6380
2025-09-04T01:00:00.000Z,1.60841,1.60944,1.60793,1.60852,9461
2025-09-04T05:00:00.000Z,1.60852,1.61012,1.60825,1.60966,14382
2025-09-04T09:00:00.000Z,1.60966,1.61064,1.60741,1.60867,17570
2025-09-04T13:00:00.000Z,1.60867,1.6113,1.60762,1.60971,21494
2025-09-04T17:00:00.000Z,1.60973,1.61071,1.60901,1.60953,9466
2025-09-04T21:00:00.000Z,1.60904,1.61055,1.60829,1.61003,6823
2025-09-05T01:00:00.000Z,1.61003,1.61172,1.61003,1.61108,7752
2025-09-05T05:00:00.000Z,1.61108,1.61174,1.61008,1.61124,12043
2025-09-05T09:00:00.000Z,1.61124,1.62104,1.61083,1.61972,19486
2025-09-05T13:00:00.000Z,1.61971,1.62567,1.61795,1.62383,31311
2025-09-05T17:00:00.000Z,1.62383,1.62465,1.62001,1.62028,13804
2025-09-07T21:00:00.000Z,1.61983,1.62168,1.61934,1.62073,7060
2025-09-08T01:00:00.000Z,1.62074,1.62113,1.61941,1.62019,10375
2025-09-08T05:00:00.000Z,1.62017,1.62213,1.61933,1.62074,13216
2025-09-08T09:00:00.000Z,1.62074,1.62075,1.61789,1.61884,11904
2025-09-08T13:00:00.000Z,1.61883,1.62438,1.61867,1.62311,15388
2025-09-08T17:00:00.000Z,1.62311,1.62478,1.62295,1.62334,9816
2025-09-08T21:00:00.000Z,1.62287,1.625,1.62228,1.62487,6802
2025-09-09T01:00:00.000Z,1.62485,1.62577,1.62428,1.62504,8764
2025-09-09T05:00:00.000Z,1.62503,1.62538,1.62154,1.62242,14127
2025-09-09T09:00:00.000Z,1.62248,1.62461,1.62106,1.62232,11843
2025-09-09T13:00:00.000Z,1.62231,1.62371,1.62043,1.62085,18993
2025-09-09T17:00:00.000Z,1.62089,1.62237,1.62048,1.62084,9392
2025-09-09T21:00:00.000Z,1.62002,1.62167,1.61967,1.62058,6580
2025-09-10T01:00:00.000Z,1.62061,1.62223,1.6201,1.62135,9262
2025-09-10T05:00:00.000Z,1.62141,1.62223,1.61908,1.6206,13048
2025-09-10T09:00:00.000Z,1.62057,1.62348,1.61968,1.62076,14275
2025-09-10T13:00:00.000Z,1.62074,1.62436,1.62029,1.62193,17910
2025-09-10T17:00:00.000Z,1.62194,1.62295,1.62077,1.62116,9125
2025-09-10T21:00:00.000Z,1.62057,1.62229,1.62006,1.62164,5140
2025-09-11T01:00:00.000Z,1.62162,1.62263,1.62146,1.6226,7327
2025-09-11T05:00:00.000Z,1.62263,1.62306,1.62115,1.62269,13490
2025-09-11T09:00:00.000Z,1.62268,1.62471,1.61848,1.62311,17758
2025-09-11T13:00:00.000Z,1.62314,1.62683,1.62212,1.62321,21725
2025-09-11T17:00:00.000Z,1.62321,1.62441,1.62244,1.62304,9858
2025-09-11T21:00:00.000Z,1.6225,1.6239,1.62195,1.62351,5451
2025-09-12T01:00:00.000Z,1.6235,1.62371,1.6223,1.623,7244
2025-09-12T05:00:00.000Z,1.62298,1.62519,1.62219,1.62247,11687
2025-09-12T09:00:00.000Z,1.62246,1.62393,1.62073,1.62122,12927
2025-09-12T13:00:00.000Z,1.62122,1.62463,1.62078,1.62402,15786
2025-09-12T17:00:00.000Z,1.62409,1.62505,1.62368,1.62402,8356
2025-09-14T21:00:00.000Z,1.62313,1.62396,1.62201,1.62308,4562
2025-09-15T01:00:00.000Z,1.62306,1.62354,1.62251,1.62325,6189
2025-09-15T05:00:00.000Z,1.62326,1.62442,1.62117,1.62367,9893
2025-09-15T09:00:00.000Z,1.62363,1.62729,1.62336,1.62706,10864
2025-09-15T13:00:00.000Z,1.62705,1.62752,1.62226,1.62251,14009
2025-09-15T17:00:00.000Z,1.62251,1.62325,1.61969,1.62001,9769
2025-09-15T21:00:00.000Z,1.61936,1.62104,1.6193,1.61998,5453
2025-09-16T01:00:00.000Z,1.62002,1.62221,1.61963,1.62176,8027
2025-09-16T05:00:00.000Z,1.62179,1.62493,1.62126,1.6247,11657
2025-09-16T09:00:00.000Z,1.62469,1.62676,1.62055,1.62392,15328
2025-09-16T13:00:00.000Z,1.62388,1.63074,1.62368,1.63025,20012
2025-09-16T17:00:00.000Z,1.63022,1.63177,1.62899,1.6298,10633
2025-09-16T21:00:00.000Z,1.62863,1.63105,1.62783,1.62958,5581
2025-09-17T01:00:00.000Z,1.62953,1.63056,1.62926,1.6299,7080
2025-09-17T05:00:00.000Z,1.62994,1.63051,1.62884,1.62973,9999
2025-09-17T09:00:00.000Z,1.62977,1.62991,1.62742,1.62874,10557
2025-09-17T13:00:00.000Z,1.62878,1.63176,1.62864,1.63087,14158
2025-09-17T17:00:00.000Z,1.63084,1.63594,1.62621,1.62669,27447
2025-09-17T21:00:00.000Z,1.62629,1.62857,1.6262,1.6278,7360
2025-09-18T01:00:00.000Z,1.62778,1.6283,1.62569,1.62572,9531
2025-09-18T05:00:00.000Z,1.62575,1.63075,1.6251,1.6297,15683
2025-09-18T09:00:00.000Z,1.62973,1.63127,1.62577,1.62588,15925
2025-09-18T13:00:00.000Z,1.62586,1.62667,1.62204,1.6266,21778
2025-09-18T17:00:00.000Z,1.62658,1.62703,1.62455,1.62584,9428
2025-09-18T21:00:00.000Z,1.62451,1.62626,1.62432,1.62592,6543
2025-09-19T01:00:00.000Z,1.62591,1.62633,1.62421,1.62438,10720
2025-09-19T05:00:00.000Z,1.62437,1.62625,1.62358,1.62391,15351
2025-09-19T09:00:00.000Z,1.62392,1.62506,1.62097,1.62165,12617
2025-09-19T13:00:00.000Z,1.62163,1.62446,1.61692,1.61908,17852
2025-09-19T17:00:00.000Z,1.61909,1.61997,1.61751,1.61824,8254
2025-09-21T21:00:00.000Z,1.61761,1.6188,1.61694,1.61778,6288
2025-09-22T01:00:00.000Z,1.6178,1.61898,1.61757,1.6185,8781
2025-09-22T05:00:00.000Z,1.61853,1.62448,1.61823,1.62373,10917
2025-09-22T09:00:00.000Z,1.62371,1.62748,1.62371,1.62566,10779
2025-09-22T13:00:00.000Z,1.62568,1.63015,1.62482,1.62988,14667
2025-09-22T17:00:00.000Z,1.62989,1.63191,1.62911,1.63119,7388
2025-09-22T21:00:00.000Z,1.62855,1.63284,1.62847,1.63241,5172
2025-09-23T01:00:00.000Z,1.63239,1.63389,1.63123,1.63147,8311
2025-09-23T05:00:00.000Z,1.63143,1.63293,1.62956,1.63242,12538
2025-09-23T09:00:00.000Z,1.63242,1.63306,1.62923,1.62989,11238
2025-09-23T13:00:00.000Z,1.62991,1.63317,1.62947,1.63239,17066
2025-09-23T17:00:00.000Z,1.63238,1.63584,1.63215,1.63443,10631
2025-09-23T21:00:00.000Z,1.63389,1.63502,1.6327,1.63387,7236
2025-09-24T01:00:00.000Z,1.63388,1.63441,1.63268,1.63396,8691
2025-09-24T05:00:00.000Z,1.63395,1.63422,1.63097,1.63153,11416
2025-09-24T09:00:00.000Z,1.63153,1.63252,1.62901,1.62934,12749
2025-09-24T13:00:00.000Z,1.62934,1.63227,1.62801,1.63144,18676
2025-09-24T17:00:00.000Z,1.63145,1.63196,1.63056,1.63091,9742
2025-09-24T21:00:00.000Z,1.63016,1.63204,1.63001,1.6317,5319
2025-09-25T01:00:00.000Z,1.63169,1.63206,1.63094,1.63172,6836
2025-09-25T05:00:00.000Z,1.63173,1.63253,1.63003,1.63118,11212
2025-09-25T09:00:00.000Z,1.63115,1.63291,1.62548,1.62649,14239
2025-09-25T13:00:00.000Z,1.62647,1.62811,1.62449,1.62606,21191
2025-09-25T17:00:00.000Z,1.62607,1.62677,1.62389,1.62593,11707
2025-09-25T21:00:00.000Z,1.62379,1.62671,1.62323,1.6267,7966
2025-09-26T01:00:00.000Z,1.6267,1.62791,1.62652,1.62753,7183
2025-09-26T05:00:00.000Z,1.62754,1.62914,1.62733,1.62896,10765
2025-09-26T09:00:00.000Z,1.62895,1.63005,1.62691,1.62798,12934
2025-09-26T13:00:00.000Z,1.62802,1.63134,1.62767,1.62951,18998
2025-09-26T17:00:00.000Z,1.6295,1.63181,1.62945,1.63112,9395
2025-09-28T21:00:00.000Z,1.62966,1.63261,1.62946,1.63247,5682
2025-09-29T01:00:00.000Z,1.63242,1.63311,1.63207,1.63253,7374
2025-09-29T05:00:00.000Z,1.63254,1.63332,1.63008,1.63158,11152
2025-09-29T09:00:00.000Z,1.63159,1.63669,1.6307,1.63653,12083
2025-09-29T13:00:00.000Z,1.63653,1.63714,1.63073,1.63183,14808
2025-09-29T17:00:00.000Z,1.63188,1.63281,1.63086,1.63173,6923
2025-09-29T21:00:00.000Z,1.63082,1.63256,1.63048,1.63156,5574
2025-09-30T01:00:00.000Z,1.63158,1.63178,1.63036,1.63177,8075
2025-09-30T05:00:00.000Z,1.63177,1.63543,1.63173,1.63512,12670
2025-09-30T09:00:00.000Z,1.63511,1.63547,1.63279,1.63355,10648
2025-09-30T13:00:00.000Z,1.63359,1.63674,1.63042,1.63655,17318
2025-09-30T17:00:00.000Z,1.63656,1.63706,1.63326,1.63332,8112
2025-09-30T21:00:00.000Z,1.63254,1.63435,1.63189,1.63435,6264
2025-10-01T01:00:00.000Z,1.63436,1.63607,1.63383,1.63596,6160
2025-10-01T05:00:00.000Z,1.63595,1.63854,1.63501,1.63518,15504
2025-10-01T09:00:00.000Z,1.63505,1.63778,1.63263,1.6364,16052
2025-10-01T13:00:00.000Z,1.63642,1.63849,1.63434,1.63496,19678
2025-10-01T17:00:00.000Z,1.63498,1.63641,1.63444,1.63451,8565
2025-10-01T21:00:00.000Z,1.63351,1.63579,1.63274,1.63531,5944
2025-10-02T01:00:00.000Z,1.63532,1.63623,1.63476,1.63612,5996
2025-10-02T05:00:00.000Z,1.63611,1.63803,1.63555,1.63778,10978
2025-10-02T09:00:00.000Z,1.63779,1.63902,1.63643,1.63665,11429
2025-10-02T13:00:00.000Z,1.63667,1.63727,1.63373,1.63594,17583
2025-10-02T17:00:00.000Z,1.63592,1.63698,1.63549,1.63617,7154
2025-10-02T21:00:00.000Z,1.63558,1.63712,1.63523,1.63711,4494
2025-10-03T01:00:00.000Z,1.63709,1.63769,1.63636,1.63666,6875
2025-10-03T05:00:00.000Z,1.63665,1.63956,1.63591,1.63895,9955
2025-10-03T09:00:00.000Z,1.63894,1.63978,1.63726,1.63759,10319
2025-10-03T13:00:00.000Z,1.63759,1.64033,1.63675,1.63728,15404
2025-10-03T17:00:00.000Z,1.63726,1.63884,1.63691,1.6374,7872
2025-10-05T21:00:00.000Z,1.63538,1.63696,1.63453,1.63507,9761
2025-10-06T01:00:00.000Z,1.63508,1.63637,1.63471,1.63517,7566
2025-10-06T05:00:00.000Z,1.63518,1.63573,1.62612,1.62761,14828
2025-10-06T09:00:00.000Z,1.62722,1.63189,1.6262,1.63185,13410
2025-10-06T13:00:00.000Z,1.63189,1.63495,1.63162,1.63361,13959
2025-10-06T17:00:00.000Z,1.63361,1.63424,1.6324,1.63246,6607
2025-10-06T21:00:00.000Z,1.63199,1.63335,1.63112,1.63314,6096
2025-10-07T01:00:00.000Z,1.63313,1.63313,1.63111,1.63159,5601
2025-10-07T05:00:00.000Z,1.63158,1.63173,1.62786,1.628,10753
2025-10-07T09:00:00.000Z,1.628,1.6287,1.6268,1.62784,11417
2025-10-07T13:00:00.000Z,1.62783,1.6291,1.62523,1.62806,15783
2025-10-07T17:00:00.000Z,1.62805,1.62921,1.6254,1.6261,9172
2025-10-07T21:00:00.000Z,1.6247,1.62652,1.6247,1.62538,5953
2025-10-08T01:00:00.000Z,1.62537,1.62537,1.62202,1.62241,9267
2025-10-08T05:00:00.000Z,1.6224,1.62333,1.6202,1.62058,12240
2025-10-08T09:00:00.000Z,1.62052,1.62252,1.61992,1.62121,11640
2025-10-08T13:00:00.000Z,1.62122,1.62286,1.61882,1.61979,14577
2025-10-08T17:00:00.000Z,1.61981,1.62322,1.61922,1.62228,9214
2025-10-08T21:00:00.000Z,1.62154,1.62334,1.62061,1.62288,6561
2025-10-09T01:00:00.000Z,1.6228,1.62342,1.62207,1.62252,7210
2025-10-09T05:00:00.000Z,1.6225,1.62283,1.6191,1.61997,12903
2025-10-09T09:00:00.000Z,1.61999,1.62138,1.61839,1.61937,12822
2025-10-09T13:00:00.000Z,1.61936,1.62227,1.61787,1.62038,20437
2025-10-09T17:00:00.000Z,1.62043,1.62146,1.61937,1.62117,10482
2025-10-09T21:00:00.000Z,1.6199,1.62179,1.61933,1.62141,5294
2025-10-10T01:00:00.000Z,1.6214,1.62222,1.62056,1.62204,6676
2025-10-10T05:00:00.000Z,1.62201,1.62456,1.62121,1.62295,12144
2025-10-10T09:00:00.000Z,1.62293,1.62369,1.61746,1.61814,12424
2025-10-10T13:00:00.000Z,1.61813,1.62864,1.61729,1.62583,22521
2025-10-10T17:00:00.000Z,1.62594,1.62751,1.62432,1.62737,11940
2025-10-12T21:00:00.000Z,1.6243,1.62532,1.62256,1.62529,9900
2025-10-13T01:00:00.000Z,1.62538,1.62642,1.62455,1.62589,8612
2025-10-13T05:00:00.000Z,1.62592,1.62718,1.62188,1.62195,13981
2025-10-13T09:00:00.000Z,1.62195,1.62355,1.61999,1.62096,11899
2025-10-13T13:00:00.000Z,1.62098,1.6242,1.62083,1.62398,14252
2025-10-13T17:00:00.000Z,1.62396,1.62451,1.62327,1.6235,8215
2025-10-13T21:00:00.000Z,1.6229,1.62414,1.62192,1.62272,7063
2025-10-14T01:00:00.000Z,1.62276,1.62792,1.62267,1.62773,10362
2025-10-14T05:00:00.000Z,1.62776,1.62823,1.62316,1.62489,18900
2025-10-14T09:00:00.000Z,1.62492,1.62675,1.62418,1.62592,16087
2025-10-14T13:00:00.000Z,1.62593,1.63101,1.62403,1.63015,22844
2025-10-14T17:00:00.000Z,1.63009,1.63066,1.62856,1.62987,12117
2025-10-14T21:00:00.000Z,1.62971,1.63095,1.62891,1.63052,6961
2025-10-15T01:00:00.000Z,1.63054,1.63151,1.63008,1.63069,9892
2025-10-15T05:00:00.000Z,1.63071,1.6351,1.63062,1.63344,14203
2025-10-15T09:00:00.000Z,1.63342,1.63451,1.63119,1.63227,14074
2025-10-15T13:00:00.000Z,1.63225,1.63397,1.63111,1.63347,19359
2025-10-15T17:00:00.000Z,1.63343,1.6358,1.63336,1.63521,11491
2025-10-15T21:00:00.000Z,1.63433,1.63731,1.63393,1.6371,7635
2025-10-16T01:00:00.000Z,1.63713,1.63728,1.63552,1.63556,10550
2025-10-16T05:00:00.000Z,1.63555,1.63675,1.63404,1.63642,14782
2025-10-16T09:00:00.000Z,1.63642,1.63835,1.63557,1.63821,14871
2025-10-16T13:00:00.000Z,1.63827,1.64112,1.63606,1.63972,22081
2025-10-16T17:00:00.000Z,1.63971,1.64334,1.63957,1.64194,15343
2025-10-16T21:00:00.000Z,1.64156,1.64409,1.64151,1.64352,7517
2025-10-17T01:00:00.000Z,1.6435,1.64493,1.64294,1.64397,9631
2025-10-17T05:00:00.000Z,1.64395,1.64666,1.64297,1.64341,18887
2025-10-17T09:00:00.000Z,1.64344,1.64437,1.63834,1.63918,18013
2025-10-17T13:00:00.000Z,1.63917,1.63996,1.63673,1.63838,21991
2025-10-17T17:00:00.000Z,1.63844,1.63875,1.6332,1.63364,12730
2025-10-19T21:00:00.000Z,1.6344,1.63483,1.63287,1.63467,6375
2025-10-20T01:00:00.000Z,1.63466,1.63555,1.63342,1.63521,6738
2025-10-20T05:00:00.000Z,1.6352,1.63674,1.63486,1.63651,13362
2025-10-20T09:00:00.000Z,1.63654,1.63736,1.6344,1.63661,15187
2025-10-20T13:00:00.000Z,1.63662,1.63738,1.63422,1.63428,16208
2025-10-20T17:00:00.000Z,1.63421,1.63486,1.63318,1.63438,8422
2025-10-20T21:00:00.000Z,1.63292,1.63515,1.63292,1.63498,5309
2025-10-21T01:00:00.000Z,1.63497,1.63535,1.63413,1.63462,8354
2025-10-21T05:00:00.000Z,1.63461,1.63529,1.63297,1.63393,15388
2025-10-21T09:00:00.000Z,1.63395,1.63417,1.62589,1.62864,17237
2025-10-21T13:00:00.000Z,1.62861,1.63059,1.62633,1.6271,21148
2025-10-21T17:00:00.000Z,1.62711,1.6276,1.62559,1.62653,9944
2025-10-21T21:00:00.000Z,1.62584,1.62685,1.62581,1.62614,6786
2025-10-22T01:00:00.000Z,1.6261,1.62627,1.62479,1.62529,7658
2025-10-22T05:00:00.000Z,1.6253,1.6261,1.62333,1.6244,15052
2025-10-22T09:00:00.000Z,1.62439,1.62574,1.62362,1.62417,16316
2025-10-22T13:00:00.000Z,1.62419,1.6259,1.62144,1.62415,20152
2025-10-22T17:00:00.000Z,1.62414,1.62551,1.62274,1.62484,10573
2025-10-22T21:00:00.000Z,1.62354,1.62472,1.62263,1.62314,6002
2025-10-23T01:00:00.000Z,1.62318,1.62391,1.62263,1.62332,7671
2025-10-23T05:00:00.000Z,1.62334,1.62394,1.62136,1.62257,11778
2025-10-23T09:00:00.000Z,1.62258,1.6236,1.62122,1.62308,11985
2025-10-23T13:00:00.000Z,1.62309,1.62523,1.62221,1.62447,16336
2025-10-23T17:00:00.000Z,1.62445,1.6253,1.62407,1.6252,8481
2025-10-23T21:00:00.000Z,1.62455,1.62558,1.62345,1.62498,5469
2025-10-24T01:00:00.000Z,1.62497,1.62834,1.62413,1.62626,7716
2025-10-24T05:00:00.000Z,1.62627,1.62866,1.62565,1.62762,12982
2025-10-24T09:00:00.000Z,1.62757,1.63165,1.62731,1.63095,14528
2025-10-24T13:00:00.000Z,1.63097,1.6328,1.62803,1.62832,18917
2025-10-24T17:00:00.000Z,1.62833,1.62905,1.62646,1.62772,8941
2025-10-26T21:00:00.000Z,1.62912,1.62964,1.62636,1.62706,8708
2025-10-27T01:00:00.000Z,1.62707,1.62829,1.62574,1.62614,8107
2025-10-27T05:00:00.000Z,1.62615,1.62635,1.62368,1.62527,12331
2025-10-27T09:00:00.000Z,1.62524,1.62831,1.62497,1.62755,13308
2025-10-27T13:00:00.000Z,1.62753,1.6301,1.62698,1.62888,15484
2025-10-27T17:00:00.000Z,1.62886,1.63022,1.62832,1.62857,8401
2025-10-27T21:00:00.000Z,1.62855,1.63023,1.62855,1.62994,6465
2025-10-28T01:00:00.000Z,1.62997,1.63134,1.62989,1.63114,9097
2025-10-28T05:00:00.000Z,1.63113,1.63259,1.63082,1.63158,11510
2025-10-28T09:00:00.000Z,1.63156,1.63233,1.62876,1.62954,12754
2025-10-28T13:00:00.000Z,1.62948,1.62951,1.62455,1.62653,18282
2025-10-28T17:00:00.000Z,1.62655,1.6268,1.62351,1.62471,9002
2025-10-28T21:00:00.000Z,1.62434,1.62517,1.62379,1.62437,6888
2025-10-29T01:00:00.000Z,1.62434,1.62453,1.62157,1.62193,7881
2025-10-29T05:00:00.000Z,1.62193,1.62214,1.61964,1.62085,11073
2025-10-29T09:00:00.000Z,1.62084,1.62345,1.61993,1.62054,12459
2025-10-29T13:00:00.000Z,1.62053,1.62156,1.61801,1.61994,17188
2025-10-29T17:00:00.000Z,1.61999,1.62013,1.61454,1.61767,21124
2025-10-29T21:00:00.000Z,1.61671,1.61834,1.61671,1.61799,5949
2025-10-30T01:00:00.000Z,1.61798,1.62153,1.61784,1.61984,12293
2025-10-30T05:00:00.000Z,1.6199,1.62047,1.61833,1.61976,15074
2025-10-30T09:00:00.000Z,1.61967,1.62163,1.61718,1.61752,15657
2025-10-30T13:00:00.000Z,1.61756,1.62089,1.61575,1.61741,20982
2025-10-30T17:00:00.000Z,1.61741,1.61811,1.61627,1.61766,11517
2025-10-30T21:00:00.000Z,1.61693,1.61848,1.61685,1.61801,6083
2025-10-31T01:00:00.000Z,1.618,1.61863,1.61727,1.6184,8591
2025-10-31T05:00:00.000Z,1.61841,1.62004,1.61813,1.61998,10955
2025-10-31T09:00:00.000Z,1.62001,1.62173,1.6196,1.62095,12917
2025-10-31T13:00:00.000Z,1.62097,1.62097,1.61392,1.61624,20474
2025-10-31T17:00:00.000Z,1.61626,1.61668,1.61475,1.61587,11761
2025-11-02T22:00:00.000Z,1.61428,1.61665,1.61428,1.61602,10057
2025-11-03T02:00:00.000Z,1.61608,1.61639,1.61562,1.61594,6953
2025-11-03T06:00:00.000Z,1.61596,1.61769,1.61453,1.6164,11705
2025-11-03T10:00:00.000Z,1.6164,1.61849,1.61567,1.61847,12239
2025-11-03T14:00:00.000Z,1.61845,1.62142,1.61767,1.61964,17511
2025-11-03T18:00:00.000Z,1.61963,1.62062,1.61834,1.61912,9444
2025-11-03T22:00:00.000Z,1.61849,1.61934,1.61762,1.61883,7568
2025-11-04T02:00:00.000Z,1.61883,1.61987,1.61838,1.61946,8607
2025-11-04T06:00:00.000Z,1.61947,1.62172,1.618,1.6182,13595
2025-11-04T10:00:00.000Z,1.61821,1.61942,1.61613,1.61801,12471
2025-11-04T14:00:00.000Z,1.61799,1.61889,1.61647,1.61826,16835
2025-11-04T18:00:00.000Z,1.61828,1.61957,1.61779,1.61908,10510
2025-11-04T22:00:00.000Z,1.61861,1.62233,1.6181,1.6215,9012
2025-11-05T02:00:00.000Z,1.62152,1.62196,1.6206,1.62137,8415
2025-11-05T06:00:00.000Z,1.62138,1.62258,1.62087,1.62222,10403
2025-11-05T10:00:00.000Z,1.6222,1.62449,1.62146,1.62153,13270
2025-11-05T14:00:00.000Z,1.62153,1.62365,1.61963,1.62054,19620
2025-11-05T18:00:00.000Z,1.62058,1.62148,1.62008,1.62115,9371
2025-11-05T22:00:00.000Z,1.62051,1.62318,1.62038,1.62268,8156
2025-11-06T02:00:00.000Z,1.62269,1.62302,1.62183,1.62291,7697
2025-11-06T06:00:00.000Z,1.62285,1.62391,1.62205,1.623,11914
2025-11-06T10:00:00.000Z,1.62299,1.62666,1.62236,1.62595,14572
2025-11-06T14:00:00.000Z,1.62594,1.63104,1.62579,1.62897,21873
2025-11-06T18:00:00.000Z,1.62897,1.63024,1.62861,1.62977,11360
2025-11-06T22:00:00.000Z,1.62913,1.63012,1.62877,1.62939,9830
2025-11-07T02:00:00.000Z,1.62941,1.62993,1.62855,1.62882,6076
2025-11-07T06:00:00.000Z,1.62887,1.62933,1.6275,1.62861,9384
2025-11-07T10:00:00.000Z,1.62862,1.6313,1.6256,1.62681,14290
2025-11-07T14:00:00.000Z,1.6268,1.63074,1.62622,1.6274,19614
2025-11-07T18:00:00.000Z,1.62741,1.62773,1.62194,1.62384,11421
2025-11-09T22:00:00.000Z,1.62362,1.62386,1.62091,1.62161,12916
2025-11-10T02:00:00.000Z,1.62159,1.62191,1.62102,1.62157,12913
2025-11-10T06:00:00.000Z,1.62158,1.62218,1.62025,1.62085,14898
2025-11-10T10:00:00.000Z,1.62082,1.622,1.61961,1.6208,13668
2025-11-10T14:00:00.000Z,1.62082,1.62217,1.61931,1.62037,20265
2025-11-10T18:00:00.000Z,1.62034,1.62107,1.61987,1.62004,10925
2025-11-10T22:00:00.000Z,1.61961,1.62118,1.61951,1.62107,7712
2025-11-11T02:00:00.000Z,1.62108,1.62293,1.62097,1.62251,7314
2025-11-11T06:00:00.000Z,1.62253,1.62302,1.62107,1.62284,12532
2025-11-11T10:00:00.000Z,1.62283,1.62542,1.62268,1.62472,14827
2025-11-11T14:00:00.000Z,1.6247,1.6256,1.62337,1.62345,18653
2025-11-11T18:00:00.000Z,1.62341,1.62385,1.62238,1.62323,10378
2025-11-11T22:00:00.000Z,1.6229,1.62424,1.62242,1.62255,8112
2025-11-12T02:00:00.000Z,1.62252,1.62305,1.62154,1.62176,8813
2025-11-12T06:00:00.000Z,1.62174,1.62274,1.62131,1.6218,13514
2025-11-12T10:00:00.000Z,1.62184,1.62284,1.62094,1.62181,15267
2025-11-12T14:00:00.000Z,1.6218,1.62389,1.6208,1.62253,20690
2025-11-12T18:00:00.000Z,1.62252,1.62348,1.6214,1.62335,11260
2025-11-12T22:00:00.000Z,1.62273,1.62411,1.62159,1.62328,9033
2025-11-13T02:00:00.000Z,1.62329,1.62345,1.62219,1.6224,6582
2025-11-13T06:00:00.000Z,1.62238,1.62695,1.62224,1.62499,15154
2025-11-13T10:00:00.000Z,1.62501,1.62752,1.62393,1.62749,15522
2025-11-13T14:00:00.000Z,1.62748,1.63399,1.62654,1.63358,24237
2025-11-13T18:00:00.000Z,1.63361,1.63408,1.63142,1.63304,14876
2025-11-13T22:00:00.000Z,1.63224,1.63318,1.63105,1.63114,9575
2025-11-14T02:00:00.000Z,1.63112,1.63357,1.63068,1.63346,8660
2025-11-14T06:00:00.000Z,1.63345,1.6336,1.6307,1.63103,17393
2025-11-14T10:00:00.000Z,1.631,1.63381,1.62975,1.63211,20463
2025-11-14T14:00:00.000Z,1.63214,1.63248,1.62788,1.62881,25315
2025-11-14T18:00:00.000Z,1.62883,1.62994,1.62813,1.62939,14857
2025-11-16T22:00:00.000Z,1.62844,1.63004,1.62786,1.62843,8474
2025-11-17T02:00:00.000Z,1.62842,1.62847,1.62722,1.62739,7923
2025-11-17T06:00:00.000Z,1.62737,1.62862,1.62615,1.62732,12834
2025-11-17T10:00:00.000Z,1.6273,1.62769,1.62607,1.627,14911
2025-11-17T14:00:00.000Z,1.62702,1.62792,1.62499,1.62606,20499
2025-11-17T18:00:00.000Z,1.62607,1.62914,1.62575,1.62891,13719
2025-11-17T22:00:00.000Z,1.62782,1.62902,1.62728,1.62843,9150
2025-11-18T02:00:00.000Z,1.62844,1.63095,1.6279,1.62933,11163
2025-11-18T06:00:00.000Z,1.62931,1.62999,1.62623,1.62656,15835
2025-11-18T10:00:00.000Z,1.62658,1.62685,1.6243,1.6247,16826
2025-11-18T14:00:00.000Z,1.62471,1.62683,1.61767,1.618,24791
2025-11-18T18:00:00.000Z,1.61799,1.62034,1.61739,1.61961,12817
2025-11-18T22:00:00.000Z,1.61868,1.62063,1.61848,1.62036,9504
2025-11-19T02:00:00.000Z,1.62031,1.62182,1.61956,1.62174,9940
2025-11-19T06:00:00.000Z,1.62173,1.62228,1.61933,1.62009,14336
2025-11-19T10:00:00.000Z,1.6201,1.62336,1.61959,1.62201,17110
2025-11-19T14:00:00.000Z,1.62203,1.62222,1.61835,1.62098,24457
2025-11-19T18:00:00.000Z,1.62097,1.62111,1.61867,1.62059,15548
2025-11-19T22:00:00.000Z,1.62028,1.6205,1.61916,1.61921,7688
2025-11-20T02:00:00.000Z,1.61922,1.61933,1.61791,1.61877,8828
2025-11-20T06:00:00.000Z,1.61877,1.61985,1.61848,1.61939,14601
2025-11-20T10:00:00.000Z,1.61936,1.6205,1.61717,1.61932,18066
2025-11-20T14:00:00.000Z,1.61933,1.62676,1.61929,1.62543,28927
2025-11-20T18:00:00.000Z,1.62543,1.62694,1.62441,1.62474,15919
2025-11-20T22:00:00.000Z,1.62384,1.62525,1.62375,1.62466,12003
2025-11-21T02:00:00.000Z,1.62465,1.62606,1.62459,1.62539,9831
2025-11-21T06:00:00.000Z,1.6254,1.62807,1.62402,1.62409,17944
2025-11-21T10:00:00.000Z,1.6241,1.62451,1.62191,1.62298,21359
2025-11-21T14:00:00.000Z,1.623,1.62554,1.62097,1.62162,25992
2025-11-21T18:00:00.000Z,1.62162,1.6239,1.62112,1.6234,14649
2025-11-23T22:00:00.000Z,1.62265,1.62302,1.6217,1.62277,7962
2025-11-24T02:00:00.000Z,1.62279,1.6245,1.6227,1.62386,7971
2025-11-24T06:00:00.000Z,1.62386,1.6274,1.62325,1.62718,14260
2025-11-24T10:00:00.000Z,1.62717,1.62909,1.6268,1.62704,14152
2025-11-24T14:00:00.000Z,1.62703,1.62755,1.62483,1.62533,18345
2025-11-24T18:00:00.000Z,1.62531,1.62624,1.62467,1.62492,8492
2025-11-24T22:00:00.000Z,1.62472,1.62638,1.6247,1.62588,7296
2025-11-25T02:00:00.000Z,1.6259,1.62637,1.62527,1.62563,7295
2025-11-25T06:00:00.000Z,1.62565,1.62824,1.62551,1.62785,12756
2025-11-25T10:00:00.000Z,1.62783,1.63111,1.62735,1.6303,17518
2025-11-25T14:00:00.000Z,1.63031,1.63342,1.63009,1.63224,23875
2025-11-25T18:00:00.000Z,1.63224,1.63257,1.62985,1.63091,13340
2025-11-25T22:00:00.000Z,1.63033,1.63173,1.62975,1.63065,11821
2025-11-26T02:00:00.000Z,1.63066,1.63132,1.63024,1.6312,12166
2025-11-26T06:00:00.000Z,1.63117,1.63157,1.62804,1.62954,15461
2025-11-26T10:00:00.000Z,1.62957,1.63173,1.62799,1.62838,21516
2025-11-26T14:00:00.000Z,1.62837,1.6318,1.62733,1.62815,21906
2025-11-26T18:00:00.000Z,1.62813,1.62854,1.62704,1.62828,10847
2025-11-26T22:00:00.000Z,1.6271,1.62944,1.6271,1.62893,8051
2025-11-27T02:00:00.000Z,1.62894,1.62904,1.62727,1.62773,8492
2025-11-27T06:00:00.000Z,1.62775,1.62798,1.62541,1.62605,13617
2025-11-27T10:00:00.000Z,1.62607,1.62828,1.62598,1.62813,11448
2025-11-27T14:00:00.000Z,1.62812,1.62823,1.62612,1.6264,9242
2025-11-27T18:00:00.000Z,1.62641,1.62666,1.62597,1.62626,4203
2025-11-27T22:00:00.000Z,1.6265,1.62719,1.62518,1.6254,9446
2025-11-28T02:00:00.000Z,1.62541,1.6269,1.62447,1.62636,36249
2025-11-28T06:00:00.000Z,1.6264,1.62693,1.62323,1.62389,41948
2025-11-28T10:00:00.000Z,1.62388,1.62466,1.61866,1.61998,35632
2025-11-28T14:00:00.000Z,1.61996,1.6219,1.6168,1.62131,21550
2025-11-28T18:00:00.000Z,1.6213,1.62214,1.61934,1.62034,15307
2025-11-30T22:00:00.000Z,1.61972,1.62245,1.6192,1.6213,10674
2025-12-01T02:00:00.000Z,1.62129,1.62268,1.62056,1.62201,9618
2025-12-01T06:00:00.000Z,1.62199,1.62552,1.62107,1.62523,15203
2025-12-01T10:00:00.000Z,1.62526,1.62615,1.62433,1.62587,14321
2025-12-01T14:00:00.000Z,1.62588,1.62588,1.62331,1.62468,18697
2025-12-01T18:00:00.000Z,1.62469,1.62545,1.62424,1.62484,9709
2025-12-01T22:00:00.000Z,1.62427,1.62574,1.62395,1.6253,5276
2025-12-02T02:00:00.000Z,1.62527,1.62573,1.62478,1.62504,5609
2025-12-02T06:00:00.000Z,1.62502,1.62653,1.62456,1.62622,10332
2025-12-02T10:00:00.000Z,1.62621,1.62718,1.62499,1.62601,11168
2025-12-02T14:00:00.000Z,1.62602,1.62616,1.62151,1.62325,18126
2025-12-02T18:00:00.000Z,1.62324,1.62508,1.6227,1.62419,9278
2025-12-02T22:00:00.000Z,1.62294,1.62533,1.6228,1.62504,6323
2025-12-03T02:00:00.000Z,1.62506,1.62682,1.62491,1.6266,5041
2025-12-03T06:00:00.000Z,1.62661,1.62722,1.62468,1.62503,12031
2025-12-03T10:00:00.000Z,1.62503,1.6278,1.6246,1.62684,13175
2025-12-03T14:00:00.000Z,1.62683,1.62876,1.62511,1.62696,19662
2025-12-03T18:00:00.000Z,1.62695,1.62847,1.62694,1.62781,9014
2025-12-03T22:00:00.000Z,1.62734,1.62818,1.6269,1.62806,6395
2025-12-04T02:00:00.000Z,1.62809,1.6281,1.62675,1.62752,8484
2025-12-04T06:00:00.000Z,1.62753,1.63089,1.62717,1.62986,13031
2025-12-04T10:00:00.000Z,1.62988,1.63178,1.62787,1.62899,14342
2025-12-04T14:00:00.000Z,1.62901,1.62942,1.62475,1.62523,17628
2025-12-04T18:00:00.000Z,1.6252,1.62601,1.62454,1.62496,11233
2025-12-04T22:00:00.000Z,1.62437,1.62573,1.62415,1.62562,5030
2025-12-05T02:00:00.000Z,1.62562,1.62629,1.62536,1.62623,6028
2025-12-05T06:00:00.000Z,1.62622,1.62717,1.62438,1.62492,10765
2025-12-05T10:00:00.000Z,1.62492,1.62516,1.61789,1.61801,12719
2025-12-05T14:00:00.000Z,1.61802,1.61879,1.61046,1.61084,24434
2025-12-05T18:00:00.000Z,1.61083,1.61209,1.60883,1.60892,12590
2025-12-07T22:00:00.000Z,1.60886,1.61076,1.60878,1.61061,10837
2025-12-08T02:00:00.000Z,1.61065,1.61114,1.61009,1.61075,7045
2025-12-08T06:00:00.000Z,1.61073,1.61233,1.60964,1.61017,14823
2025-12-08T10:00:00.000Z,1.61019,1.61098,1.60776,1.60855,16308
2025-12-08T14:00:00.000Z,1.60862,1.61096,1.60649,1.61091,24261
2025-12-08T18:00:00.000Z,1.6109,1.61284,1.61059,1.61245,11990
2025-12-08T22:00:00.000Z,1.61131,1.61295,1.61113,1.61289,7461
2025-12-09T02:00:00.000Z,1.61287,1.61343,1.61209,1.61316,8159
2025-12-09T06:00:00.000Z,1.61317,1.61397,1.61179,1.6125,14447
2025-12-09T10:00:00.000Z,1.61249,1.61276,1.60957,1.61012,15960
2025-12-09T14:00:00.000Z,1.61012,1.61057,1.60743,1.61041,23173
2025-12-09T18:00:00.000Z,1.6104,1.61092,1.60968,1.60972,9947
2025-12-09T22:00:00.000Z,1.60916,1.61048,1.60896,1.61022,7536
2025-12-10T02:00:00.000Z,1.61021,1.61112,1.61021,1.61095,7086
2025-12-10T06:00:00.000Z,1.61096,1.61443,1.6106,1.61218,13882
2025-12-10T10:00:00.000Z,1.61216,1.61218,1.61042,1.6114,14705
2025-12-10T14:00:00.000Z,1.61137,1.61428,1.61046,1.61231,20111
2025-12-10T18:00:00.000Z,1.6123,1.61388,1.61042,1.61249,27044
2025-12-10T22:00:00.000Z,1.61124,1.61484,1.61063,1.61395,11452
2025-12-11T02:00:00.000Z,1.61394,1.61514,1.61361,1.61372,11637
2025-12-11T06:00:00.000Z,1.61377,1.61673,1.61362,1.61544,16331
2025-12-11T10:00:00.000Z,1.61546,1.61743,1.61515,1.61702,18365
2025-12-11T14:00:00.000Z,1.61703,1.61936,1.61585,1.61872,25169
2025-12-11T18:00:00.000Z,1.61873,1.6188,1.61601,1.61632,12899
2025-12-11T22:00:00.000Z,1.61603,1.61743,1.61575,1.61618,10166
2025-12-12T02:00:00.000Z,1.61617,1.61675,1.61586,1.61654,7279
2025-12-12T06:00:00.000Z,1.61653,1.61678,1.61347,1.6144,14168
2025-12-12T10:00:00.000Z,1.61439,1.6145,1.61254,1.61373,14749
2025-12-12T14:00:00.000Z,1.61368,1.6192,1.61313,1.61711,25633
2025-12-12T18:00:00.000Z,1.6171,1.61716,1.61581,1.616,14050
2025-12-14T22:00:00.000Z,1.61508,1.61661,1.61482,1.61557,9319
2025-12-15T02:00:00.000Z,1.61556,1.61632,1.61485,1.61511,10586
2025-12-15T06:00:00.000Z,1.61513,1.61639,1.61378,1.61638,14086
2025-12-15T10:00:00.000Z,1.61638,1.61846,1.61594,1.61735,13847
2025-12-15T14:00:00.000Z,1.61738,1.61957,1.61694,1.61786,24227
2025-12-15T18:00:00.000Z,1.61787,1.61872,1.61722,1.61781,12540
2025-12-15T22:00:00.000Z,1.61756,1.61914,1.61726,1.61905,9305
2025-12-16T02:00:00.000Z,1.61907,1.61914,1.6175,1.61792,9326
2025-12-16T06:00:00.000Z,1.61788,1.61965,1.61689,1.61934,14120
2025-12-16T10:00:00.000Z,1.61935,1.62071,1.61765,1.61942,18577
2025-12-16T14:00:00.000Z,1.61944,1.62149,1.61674,1.61693,27489
2025-12-16T18:00:00.000Z,1.61694,1.61698,1.6146,1.61548,15783
2025-12-16T22:00:00.000Z,1.61515,1.61733,1.61515,1.61626,8782
2025-12-17T02:00:00.000Z,1.61624,1.61641,1.615,1.61554,9677
2025-12-17T06:00:00.000Z,1.61551,1.61565,1.61284,1.61401,17285
2025-12-17T10:00:00.000Z,1.61401,1.61673,1.61367,1.6162,18301
2025-12-17T14:00:00.000Z,1.61619,1.62072,1.6156,1.61928,25977
2025-12-17T18:00:00.000Z,1.6193,1.62,1.61762,1.61864,13730
2025-12-17T22:00:00.000Z,1.6174,1.61864,1.61739,1.61802,7785
2025-12-18T02:00:00.000Z,1.61802,1.61841,1.61755,1.61795,8692
2025-12-18T06:00:00.000Z,1.61797,1.61829,1.61444,1.61526,15165
2025-12-18T10:00:00.000Z,1.61524,1.61895,1.61455,1.61808,20708
2025-12-18T14:00:00.000Z,1.61807,1.61889,1.61351,1.61361,29902
2025-12-18T18:00:00.000Z,1.61368,1.61572,1.61328,1.61539,13965
2025-12-18T22:00:00.000Z,1.61351,1.61551,1.61347,1.61532,9214
2025-12-19T02:00:00.000Z,1.61536,1.61603,1.61498,1.61591,8881
2025-12-19T06:00:00.000Z,1.6159,1.61637,1.61438,1.61547,16465
2025-12-19T10:00:00.000Z,1.61545,1.61616,1.61403,1.61505,16436
2025-12-19T14:00:00.000Z,1.61506,1.61679,1.613,1.61468,21748
2025-12-19T18:00:00.000Z,1.61469,1.61671,1.61451,1.61587,11978
2025-12-21T22:00:00.000Z,1.61544,1.61683,1.61427,1.61669,14662
2025-12-22T02:00:00.000Z,1.61669,1.6168,1.61577,1.61596,6243
2025-12-22T06:00:00.000Z,1.61595,1.6172,1.61485,1.61529,13016
2025-12-22T10:00:00.000Z,1.61529,1.61745,1.61469,1.61618,15398
2025-12-22T14:00:00.000Z,1.6162,1.61794,1.61451,1.61523,19693
2025-12-22T18:00:00.000Z,1.61524,1.61684,1.61384,1.61654,10064
2025-12-22T22:00:00.000Z,1.6155,1.61749,1.61542,1.61726,8812
2025-12-23T02:00:00.000Z,1.61727,1.61785,1.61677,1.6174,8718
2025-12-23T06:00:00.000Z,1.61738,1.61754,1.61494,1.61572,14949
2025-12-23T10:00:00.000Z,1.61575,1.61715,1.61224,1.61255,17532
2025-12-23T14:00:00.000Z,1.61256,1.61517,1.61235,1.61323,22170
2025-12-23T18:00:00.000Z,1.6132,1.61461,1.61268,1.61393,11482
2025-12-23T22:00:00.000Z,1.61377,1.61488,1.61357,1.61453,9190
2025-12-24T02:00:00.000Z,1.61454,1.61466,1.61239,1.61395,8275
2025-12-24T06:00:00.000Z,1.61393,1.6142,1.61215,1.61342,13314
2025-12-24T10:00:00.000Z,1.61341,1.61354,1.61131,1.61152,13009
2025-12-24T14:00:00.000Z,1.61145,1.61169,1.60945,1.60983,18025
2025-12-24T18:00:00.000Z,1.60984,1.61119,1.60963,1.61009,8710
2025-12-25T22:00:00.000Z,1.6101,1.61197,1.6101,1.61186,14212
2025-12-26T02:00:00.000Z,1.61188,1.6125,1.61116,1.61169,9651
2025-12-26T06:00:00.000Z,1.61168,1.6117,1.60896,1.61032,13501
2025-12-26T10:00:00.000Z,1.61025,1.61284,1.60944,1.60988,12146
2025-12-26T14:00:00.000Z,1.60989,1.61007,1.60729,1.60866,20722
2025-12-26T18:00:00.000Z,1.60867,1.61024,1.60845,1.60903,14769
2025-12-28T22:00:00.000Z,1.60772,1.61048,1.6076,1.60986,9282
2025-12-29T02:00:00.000Z,1.60985,1.60998,1.60685,1.60736,8140
2025-12-29T06:00:00.000Z,1.6074,1.61276,1.60713,1.61174,16282
2025-12-29T10:00:00.000Z,1.61171,1.61203,1.60927,1.61085,17233
2025-12-29T14:00:00.000Z,1.61086,1.61359,1.60695,1.60877,24357
2025-12-29T18:00:00.000Z,1.60878,1.61234,1.60865,1.61162,11275
2025-12-29T22:00:00.000Z,1.60974,1.61228,1.60972,1.61104,8116
2025-12-30T02:00:00.000Z,1.61105,1.61167,1.61083,1.61131,6930
2025-12-30T06:00:00.000Z,1.61132,1.61167,1.6098,1.61023,13059
2025-12-30T10:00:00.000Z,1.61024,1.61242,1.60994,1.61178,15250
2025-12-30T14:00:00.000Z,1.6118,1.61184,1.60821,1.60863,20434
2025-12-30T18:00:00.000Z,1.60864,1.6092,1.60812,1.60858,10738
2025-12-30T22:00:00.000Z,1.60755,1.60871,1.60748,1.60796,5900
2025-12-31T02:00:00.000Z,1.60798,1.60837,1.60678,1.60805,7309
2025-12-31T06:00:00.000Z,1.60803,1.60868,1.60624,1.60776,12611
2025-12-31T10:00:00.000Z,1.60778,1.61013,1.60699,1.60807,16165
2025-12-31T14:00:00.000Z,1.60808,1.61093,1.60603,1.60994,24888
2025-12-31T18:00:00.000Z,1.60993,1.61296,1.60972,1.61127,13080
2026-01-01T22:00:00.000Z,1.61159,1.61234,1.61094,1.61208,5682
2026-01-02T02:00:00.000Z,1.61204,1.6127,1.61167,1.61172,6752
2026-01-02T06:00:00.000Z,1.61169,1.61176,1.60718,1.60819,14740
2026-01-02T10:00:00.000Z,1.60815,1.61057,1.60733,1.61037,13992
2026-01-02T14:00:00.000Z,1.61038,1.61311,1.61001,1.61168,23247
2026-01-02T18:00:00.000Z,1.61169,1.61172,1.60875,1.60905,13175
2026-01-04T22:00:00.000Z,1.61006,1.61006,1.60801,1.60831,12444
2026-01-05T02:00:00.000Z,1.60829,1.60885,1.6063,1.60878,12727
2026-01-05T06:00:00.000Z,1.60881,1.61086,1.60822,1.60948,16638
2026-01-05T10:00:00.000Z,1.60945,1.61128,1.60746,1.6108,19153
2026-01-05T14:00:00.000Z,1.61082,1.61241,1.60755,1.61193,27202
2026-01-05T18:00:00.000Z,1.6119,1.61429,1.61181,1.6138,13362
2026-01-05T22:00:00.000Z,1.61315,1.61404,1.61284,1.61378,8385
2026-01-06T02:00:00.000Z,1.61377,1.61538,1.61363,1.61419,9188
2026-01-06T06:00:00.000Z,1.6142,1.615,1.61173,1.61256,15923
2026-01-06T10:00:00.000Z,1.61256,1.61347,1.61105,1.61266,16441
2026-01-06T14:00:00.000Z,1.61267,1.61344,1.6105,1.6134,24222
2026-01-06T18:00:00.000Z,1.61339,1.61463,1.61234,1.61455,11826
2026-01-06T22:00:00.000Z,1.61351,1.61666,1.61324,1.6162,8748
2026-01-07T02:00:00.000Z,1.61618,1.61669,1.61462,1.6151,9635
2026-01-07T06:00:00.000Z,1.61507,1.61609,1.61333,1.61388,14037
2026-01-07T10:00:00.000Z,1.61389,1.61494,1.61253,1.61282,15153
2026-01-07T14:00:00.000Z,1.61281,1.61693,1.61187,1.61642,23520
2026-01-07T18:00:00.000Z,1.61644,1.61841,1.61613,1.61817,13228
2026-01-07T22:00:00.000Z,1.61705,1.61848,1.61705,1.61826,6504
2026-01-08T02:00:00.000Z,1.61825,1.61985,1.61781,1.61977,9057
2026-01-08T06:00:00.000Z,1.61976,1.62093,1.61941,1.62032,15764
2026-01-08T10:00:00.000Z,1.62031,1.62105,1.61587,1.61661,15552
2026-01-08T14:00:00.000Z,1.6166,1.61747,1.61482,1.61556,23044
2026-01-08T18:00:00.000Z,1.61555,1.61639,1.61463,1.616,13999
2026-01-08T22:00:00.000Z,1.61513,1.61659,1.61513,1.61589,6712
2026-01-09T02:00:00.000Z,1.61591,1.6173,1.61562,1.61593,8031
2026-01-09T06:00:00.000Z,1.61592,1.61625,1.61481,1.61518,13237
2026-01-09T10:00:00.000Z,1.61512,1.61719,1.61391,1.61597,17356
2026-01-09T14:00:00.000Z,1.61596,1.617,1.61453,1.61686,28021
2026-01-09T18:00:00.000Z,1.61685,1.61884,1.61685,1.61849,11630
2026-01-11T22:00:00.000Z,1.6182,1.62035,1.61693,1.61939,11923
2026-01-12T02:00:00.000Z,1.61939,1.62096,1.61904,1.6208,9849
2026-01-12T06:00:00.000Z,1.62078,1.62263,1.61979,1.6214,16816
2026-01-12T10:00:00.000Z,1.62136,1.6224,1.62037,1.62177,16630
2026-01-12T14:00:00.000Z,1.62176,1.62239,1.61837,1.61858,21672
2026-01-12T18:00:00.000Z,1.61857,1.61947,1.61803,1.61879,11663
2026-01-12T22:00:00.000Z,1.61865,1.61935,1.6178,1.61814,8818
2026-01-13T02:00:00.000Z,1.61812,1.61816,1.61713,1.6177,9511
2026-01-13T06:00:00.000Z,1.6177,1.61961,1.61674,1.61944,14202
2026-01-13T10:00:00.000Z,1.61946,1.61986,1.61635,1.61841,16858
2026-01-13T14:00:00.000Z,1.61839,1.6193,1.61623,1.61803,24846
2026-01-13T18:00:00.000Z,1.61805,1.61861,1.61605,1.61679,13066
2026-01-13T22:00:00.000Z,1.61654,1.61754,1.616,1.61705,7679
2026-01-14T02:00:00.000Z,1.61706,1.61729,1.61651,1.61659,9145
2026-01-14T06:00:00.000Z,1.6166,1.6187,1.61647,1.61849,13982
2026-01-14T10:00:00.000Z,1.61852,1.61877,1.61563,1.61676,15908
2026-01-14T14:00:00.000Z,1.61675,1.61857,1.61596,1.61623,23542
2026-01-14T18:00:00.000Z,1.61626,1.61677,1.61411,1.61647,14803
2026-01-14T22:00:00.000Z,1.61553,1.61687,1.61535,1.61619,9671
2026-01-15T02:00:00.000Z,1.6162,1.61743,1.61612,1.61697,8111
2026-01-15T06:00:00.000Z,1.61699,1.61825,1.61571,1.61762,13392
2026-01-15T10:00:00.000Z,1.61761,1.61821,1.61333,1.61355,15172
2026-01-15T14:00:00.000Z,1.61356,1.61467,1.61127,1.61297,21957
2026-01-15T18:00:00.000Z,1.61296,1.61383,1.61141,1.6124,11922
2026-01-15T22:00:00.000Z,1.61181,1.61293,1.61156,1.61278,8568
2026-01-16T02:00:00.000Z,1.61277,1.61297,1.61186,1.6123,8852
2026-01-16T06:00:00.000Z,1.61229,1.6137,1.61215,1.61295,12342
2026-01-16T10:00:00.000Z,1.61294,1.61499,1.61263,1.61487,14677
2026-01-16T14:00:00.000Z,1.6149,1.61568,1.61209,1.61457,26010
2026-01-16T18:00:00.000Z,1.6146,1.6151,1.6136,1.61409,12851
2026-01-18T22:00:00.000Z,1.61036,1.61684,1.61028,1.61503,17888
2026-01-19T02:00:00.000Z,1.61505,1.61631,1.6146,1.61527,12441
2026-01-19T06:00:00.000Z,1.61525,1.61654,1.61326,1.61407,16816
2026-01-19T10:00:00.000Z,1.61408,1.61538,1.61371,1.61482,12847
2026-01-19T14:00:00.000Z,1.61481,1.61514,1.61321,1.61473,13224
2026-01-19T18:00:00.000Z,1.61473,1.61526,1.61453,1.61488,4578
2026-01-19T22:00:00.000Z,1.61382,1.61539,1.61382,1.6147,8451
2026-01-20T02:00:00.000Z,1.61472,1.61596,1.61442,1.61554,10162
2026-01-20T06:00:00.000Z,1.61554,1.62212,1.61525,1.62137,22195
2026-01-20T10:00:00.000Z,1.62137,1.62623,1.62004,1.62238,22012
2026-01-20T14:00:00.000Z,1.62237,1.62292,1.62078,1.62251,28520
2026-01-20T18:00:00.000Z,1.6225,1.62273,1.62005,1.622,14984
2026-01-20T22:00:00.000Z,1.62102,1.62232,1.62094,1.62159,9607
2026-01-21T02:00:00.000Z,1.62159,1.62214,1.62037,1.62114,9180
2026-01-21T06:00:00.000Z,1.62116,1.62157,1.61892,1.61974,15677
2026-01-21T10:00:00.000Z,1.61972,1.62068,1.61849,1.6192,17643
2026-01-21T14:00:00.000Z,1.61921,1.61935,1.61435,1.61675,32500
2026-01-21T18:00:00.000Z,1.61676,1.61758,1.61467,1.61639,20295
2026-01-21T22:00:00.000Z,1.61551,1.61641,1.61517,1.6159,10680
2026-01-22T02:00:00.000Z,1.61589,1.61617,1.61508,1.61519,9930
2026-01-22T06:00:00.000Z,1.6152,1.61657,1.61475,1.6163,15643
2026-01-22T10:00:00.000Z,1.6163,1.61811,1.6159,1.61723,17740
2026-01-22T14:00:00.000Z,1.61723,1.62069,1.61633,1.61908,22990
2026-01-22T18:00:00.000Z,1.61906,1.62044,1.61869,1.62037,10916
2026-01-22T22:00:00.000Z,1.61963,1.6207,1.61946,1.61987,9595
2026-01-23T02:00:00.000Z,1.61981,1.62059,1.6195,1.62022,9185
2026-01-23T06:00:00.000Z,1.6202,1.62045,1.61775,1.61847,18803
2026-01-23T10:00:00.000Z,1.61848,1.61868,1.61499,1.61518,15268
2026-01-23T14:00:00.000Z,1.61519,1.6179,1.61426,1.6173,24563
2026-01-23T18:00:00.000Z,1.61727,1.62089,1.61619,1.62074,20738
2026-01-25T22:00:00.000Z,1.62415,1.62895,1.62243,1.62253,24559
2026-01-26T02:00:00.000Z,1.62254,1.62436,1.6221,1.6231,15783
2026-01-26T06:00:00.000Z,1.6231,1.62331,1.6204,1.62243,22748
2026-01-26T10:00:00.000Z,1.62243,1.62472,1.62104,1.62455,17744
2026-01-26T14:00:00.000Z,1.62454,1.62932,1.62339,1.62766,26552
2026-01-26T18:00:00.000Z,1.62766,1.62987,1.62751,1.62832,16478
2026-01-26T22:00:00.000Z,1.6277,1.62963,1.62714,1.62943,10549
2026-01-27T02:00:00.000Z,1.62945,1.63159,1.62902,1.63114,12066
2026-01-27T06:00:00.000Z,1.63111,1.63176,1.62746,1.6296,16917
2026-01-27T10:00:00.000Z,1.62958,1.63347,1.62799,1.62995,24635
2026-01-27T14:00:00.000Z,1.62996,1.63039,1.626,1.62894,33027
2026-01-27T18:00:00.000Z,1.62893,1.63938,1.6289,1.63489,25302
2026-01-27T22:00:00.000Z,1.63444,1.63517,1.63225,1.63238,21110
2026-01-28T02:00:00.000Z,1.63237,1.6329,1.62838,1.62965,16555
2026-01-28T06:00:00.000Z,1.62959,1.6318,1.62507,1.62582,25453
2026-01-28T10:00:00.000Z,1.62584,1.62602,1.62035,1.6211,22291
2026-01-28T14:00:00.000Z,1.62111,1.62262,1.61775,1.62068,35964
2026-01-28T18:00:00.000Z,1.62068,1.62186,1.61778,1.6202,27212
2026-01-28T22:00:00.000Z,1.62015,1.62209,1.61979,1.62071,18961
2026-01-29T02:00:00.000Z,1.62068,1.62123,1.61968,1.62033,17215
2026-01-29T06:00:00.000Z,1.62033,1.62106,1.61765,1.61796,24448
2026-01-29T10:00:00.000Z,1.61797,1.61974,1.61418,1.61623,22986
2026-01-29T14:00:00.000Z,1.61618,1.61779,1.61379,1.6156,46301
2026-01-29T18:00:00.000Z,1.61556,1.61587,1.61257,1.61441,24029
2026-01-29T22:00:00.000Z,1.61389,1.61696,1.61128,1.61209,18333
2026-01-30T02:00:00.000Z,1.6121,1.61314,1.61086,1.61177,25951
2026-01-30T06:00:00.000Z,1.61176,1.61397,1.61112,1.61291,31850
2026-01-30T10:00:00.000Z,1.61294,1.61433,1.61097,1.61356,30409
2026-01-30T14:00:00.000Z,1.61353,1.61388,1.60744,1.61252,43150
2026-01-30T18:00:00.000Z,1.61253,1.61458,1.61183,1.61384,33827
2026-02-01T22:00:00.000Z,1.61216,1.61832,1.61178,1.6173,27912
2026-02-02T02:00:00.000Z,1.61733,1.61996,1.61675,1.61887,23706
2026-02-02T06:00:00.000Z,1.61889,1.62015,1.61604,1.6169,30424
2026-02-02T10:00:00.000Z,1.61688,1.61811,1.61473,1.61496,27077
2026-02-02T14:00:00.000Z,1.61503,1.61529,1.61114,1.61472,37343
2026-02-02T18:00:00.000Z,1.61473,1.61496,1.61155,1.61272,20013
2026-02-02T22:00:00.000Z,1.6111,1.61399,1.61109,1.6138,12413
2026-02-03T02:00:00.000Z,1.61378,1.61461,1.61266,1.61352,16815
2026-02-03T06:00:00.000Z,1.61354,1.61569,1.61254,1.61353,24205
2026-02-03T10:00:00.000Z,1.61354,1.61393,1.61058,1.61193,22032
2026-02-03T14:00:00.000Z,1.61194,1.61329,1.61092,1.61271,33492
2026-02-03T18:00:00.000Z,1.61271,1.61313,1.61097,1.6126,21809
2026-02-03T22:00:00.000Z,1.61082,1.61334,1.61051,1.61267,12656
2026-02-04T02:00:00.000Z,1.61268,1.61399,1.61256,1.61325,12604
2026-02-04T06:00:00.000Z,1.61328,1.6136,1.61182,1.61213,19521
2026-02-04T10:00:00.000Z,1.61214,1.61468,1.61212,1.61354,20805
2026-02-04T14:00:00.000Z,1.6135,1.6155,1.61208,1.61289,37407
2026-02-04T18:00:00.000Z,1.61289,1.614,1.61226,1.6126,20463
2026-02-04T22:00:00.000Z,1.61218,1.61365,1.61185,1.61303,10527
2026-02-05T02:00:00.000Z,1.61305,1.61369,1.61261,1.61314,19630
2026-02-05T06:00:00.000Z,1.61314,1.61559,1.61267,1.61362,20764
2026-02-05T10:00:00.000Z,1.61365,1.61503,1.613,1.61416,26040
2026-02-05T14:00:00.000Z,1.61411,1.61466,1.6111,1.61338,38708
2026-02-05T18:00:00.000Z,1.61338,1.61429,1.61213,1.61404,17450
2026-02-05T22:00:00.000Z,1.61347,1.61556,1.61302,1.61491,15949
2026-02-06T02:00:00.000Z,1.61494,1.61616,1.6142,1.61513,13140
2026-02-06T06:00:00.000Z,1.61512,1.61517,1.61283,1.61339,17748
2026-02-06T10:00:00.000Z,1.6134,1.61465,1.61052,1.61277,16559
2026-02-06T14:00:00.000Z,1.61279,1.61333,1.61018,1.61237,25079
2026-02-06T18:00:00.000Z,1.61237,1.61467,1.61208,1.61344,12150
2026-02-08T22:00:00.000Z,1.6142,1.61582,1.61318,1.61529,14774
2026-02-09T02:00:00.000Z,1.61525,1.61598,1.61435,1.61572,10822
2026-02-09T06:00:00.000Z,1.61571,1.61848,1.61568,1.61838,19558
2026-02-09T10:00:00.000Z,1.61839,1.61956,1.61603,1.61917,21797
2026-02-09T14:00:00.000Z,1.61917,1.62018,1.6143,1.61593,25986
2026-02-09T18:00:00.000Z,1.61593,1.6165,1.6142,1.61494,13914
2026-02-09T22:00:00.000Z,1.61495,1.61577,1.61391,1.61413,10473
2026-02-10T02:00:00.000Z,1.61416,1.61457,1.61361,1.61411,10331
2026-02-10T06:00:00.000Z,1.61412,1.6163,1.61353,1.61594,14640
2026-02-10T10:00:00.000Z,1.61597,1.61639,1.61256,1.61292,16788
2026-02-10T14:00:00.000Z,1.613,1.61461,1.60984,1.61089,27864
2026-02-10T18:00:00.000Z,1.61091,1.61254,1.6108,1.6117,11902
2026-02-10T22:00:00.000Z,1.6105,1.61188,1.6104,1.61081,10471
2026-02-11T02:00:00.000Z,1.61082,1.61156,1.60973,1.61135,9689
2026-02-11T06:00:00.000Z,1.61132,1.61198,1.60978,1.61017,15155
2026-02-11T10:00:00.000Z,1.61017,1.61455,1.60899,1.61117,23539
2026-02-11T14:00:00.000Z,1.61116,1.6147,1.61029,1.61103,36013
2026-02-11T18:00:00.000Z,1.61103,1.61236,1.61044,1.61125,14361
2026-02-11T22:00:00.000Z,1.6099,1.61234,1.60964,1.61176,10618
2026-02-12T02:00:00.000Z,1.61175,1.6119,1.61049,1.61091,10994
2026-02-12T06:00:00.000Z,1.61092,1.61282,1.61044,1.61204,17794
2026-02-12T10:00:00.000Z,1.61205,1.61269,1.61052,1.61209,16603
2026-02-12T14:00:00.000Z,1.61208,1.61786,1.61112,1.6164,36628
2026-02-12T18:00:00.000Z,1.61638,1.61697,1.61459,1.615,18725
2026-02-12T22:00:00.000Z,1.61488,1.61603,1.61454,1.61553,9665
2026-02-13T02:00:00.000Z,1.61554,1.61609,1.61483,1.61586,9682
2026-02-13T06:00:00.000Z,1.61585,1.61611,1.61328,1.61354,17342
2026-02-13T10:00:00.000Z,1.61353,1.6175,1.61333,1.6151,20470
2026-02-13T14:00:00.000Z,1.61512,1.61706,1.61439,1.61544,31894
2026-02-13T18:00:00.000Z,1.61538,1.61756,1.61492,1.61592,15160
2026-02-15T22:00:00.000Z,1.61468,1.61677,1.61448,1.61526,9511
2026-02-16T02:00:00.000Z,1.61527,1.61556,1.61494,1.61548,7938
2026-02-16T06:00:00.000Z,1.6155,1.61581,1.61382,1.6156,12953
2026-02-16T10:00:00.000Z,1.6156,1.61646,1.61466,1.61527,11069
2026-02-16T14:00:00.000Z,1.61525,1.61617,1.61492,1.61578,10265
2026-02-16T18:00:00.000Z,1.61577,1.61631,1.61549,1.61605,2790
2026-02-16T22:00:00.000Z,1.6148,1.61611,1.6148,1.61577,8896
2026-02-17T02:00:00.000Z,1.61578,1.61595,1.61459,1.61514,10395
2026-02-17T06:00:00.000Z,1.61516,1.61678,1.61396,1.61621,15624
2026-02-17T10:00:00.000Z,1.61621,1.61643,1.61366,1.6161,17625
2026-02-17T14:00:00.000Z,1.61611,1.61724,1.61467,1.61578,32085
2026-02-17T18:00:00.000Z,1.61578,1.61669,1.61543,1.61627,13188
2026-02-17T22:00:00.000Z,1.61548,1.61665,1.61542,1.61636,8733
2026-02-18T02:00:00.000Z,1.61635,1.61709,1.61598,1.61708,7236
2026-02-18T06:00:00.000Z,1.6171,1.61714,1.61552,1.61617,13452
2026-02-18T10:00:00.000Z,1.61619,1.61655,1.61428,1.61596,14972
2026-02-18T14:00:00.000Z,1.61596,1.6163,1.61452,1.61491,24687
2026-02-18T18:00:00.000Z,1.6149,1.61504,1.61336,1.61379,16041
2026-02-18T22:00:00.000Z,1.61308,1.61495,1.61296,1.61437,6705
2026-02-19T02:00:00.000Z,1.61438,1.61565,1.61389,1.61538,7603
2026-02-19T06:00:00.000Z,1.6154,1.61577,1.61318,1.61323,13580
2026-02-19T10:00:00.000Z,1.61322,1.61516,1.60932,1.60992,19615
2026-02-19T14:00:00.000Z,1.60994,1.61204,1.60916,1.6112,31376
2026-02-19T18:00:00.000Z,1.61121,1.61201,1.61055,1.61058,14458
2026-02-19T22:00:00.000Z,1.60947,1.61117,1.60947,1.61057,9454
2026-02-20T02:00:00.000Z,1.61056,1.61079,1.6086,1.60869,10325
2026-02-20T06:00:00.000Z,1.6087,1.61082,1.60839,1.61069,16471
2026-02-20T10:00:00.000Z,1.61068,1.61221,1.60949,1.61098,19260
2026-02-20T14:00:00.000Z,1.61094,1.61449,1.61042,1.61212,39271
2026-02-20T18:00:00.000Z,1.61213,1.61369,1.61121,1.61203,22097
2026-02-22T22:00:00.000Z,1.6117,1.61603,1.61128,1.61584,17174
2026-02-23T02:00:00.000Z,1.61587,1.61646,1.61537,1.61555,12571
2026-02-23T06:00:00.000Z,1.61552,1.61665,1.613,1.6131,16883
2026-02-23T10:00:00.000Z,1.61313,1.61512,1.61225,1.61333,18607
2026-02-23T14:00:00.000Z,1.6133,1.61568,1.61256,1.61511,30964
2026-02-23T18:00:00.000Z,1.61512,1.61562,1.61439,1.61439,13789
2026-02-23T22:00:00.000Z,1.61371,1.61551,1.6132,1.61472,10789
2026-02-24T02:00:00.000Z,1.61473,1.6149,1.61296,1.61357,9993
2026-02-24T06:00:00.000Z,1.61359,1.61521,1.61323,1.61455,16922
2026-02-24T10:00:00.000Z,1.61456,1.61573,1.61375,1.61436,16335
2026-02-24T14:00:00.000Z,1.61435,1.61616,1.61386,1.6151,24129
2026-02-24T18:00:00.000Z,1.61512,1.61519,1.61265,1.6128,11205
2026-02-24T22:00:00.000Z,1.61248,1.61356,1.61205,1.61343,8232
2026-02-25T02:00:00.000Z,1.61342,1.61451,1.61331,1.6139,13174
2026-02-25T06:00:00.000Z,1.61394,1.61472,1.61375,1.61386,16081
2026-02-25T10:00:00.000Z,1.61387,1.61399,1.61266,1.6129,16102
2026-02-25T14:00:00.000Z,1.6129,1.61651,1.61281,1.61556,23280
2026-02-25T18:00:00.000Z,1.61555,1.61593,1.6144,1.61473,11155
2026-02-25T22:00:00.000Z,1.61373,1.61605,1.61373,1.61559,9909
2026-02-26T02:00:00.000Z,1.6156,1.61567,1.61478,1.61493,10575
2026-02-26T06:00:00.000Z,1.61494,1.61514,1.61308,1.61332,15776
2026-02-26T10:00:00.000Z,1.61332,1.61621,1.61298,1.61576,14894
2026-02-26T14:00:00.000Z,1.61584,1.61703,1.61232,1.61297,29352
2026-02-26T18:00:00.000Z,1.61297,1.61454,1.61235,1.61407,13502
2026-02-26T22:00:00.000Z,1.61276,1.61425,1.61263,1.61275,11149
2026-02-27T02:00:00.000Z,1.61275,1.61414,1.61267,1.61336,9686
2026-02-27T06:00:00.000Z,1.61335,1.61569,1.61209,1.6122,15917
2026-02-27T10:00:00.000Z,1.61222,1.61397,1.61171,1.61244,19047
2026-02-27T14:00:00.000Z,1.61245,1.61335,1.60994,1.61049,30783
2026-02-27T18:00:00.000Z,1.6105,1.6129,1.60985,1.61195,14852
2026-03-01T22:00:00.000Z,1.60568,1.60926,1.6044,1.60904,25238
2026-03-02T02:00:00.000Z,1.60907,1.60924,1.60703,1.60707,16069
2026-03-02T06:00:00.000Z,1.60706,1.60706,1.59939,1.60175,31320
2026-03-02T10:00:00.000Z,1.60175,1.60309,1.59883,1.6007,25650
2026-03-02T14:00:00.000Z,1.60069,1.60423,1.60002,1.60399,35844
2026-03-02T18:00:00.000Z,1.60399,1.60408,1.59756,1.59897,20697
2026-03-02T22:00:00.000Z,1.59773,1.59943,1.59767,1.59874,13665
2026-03-03T02:00:00.000Z,1.59874,1.59898,1.59524,1.59545,19545
2026-03-03T06:00:00.000Z,1.59543,1.59597,1.58951,1.58984,32582
2026-03-03T10:00:00.000Z,1.58986,1.59041,1.58781,1.58874,35922
2026-03-03T14:00:00.000Z,1.58873,1.58953,1.5836,1.58504,49973
2026-03-03T18:00:00.000Z,1.58504,1.58881,1.58477,1.58838,28632
2026-03-03T22:00:00.000Z,1.58654,1.58875,1.58536,1.58698,19974
2026-03-04T02:00:00.000Z,1.58699,1.58831,1.58631,1.58714,25248
2026-03-04T06:00:00.000Z,1.58714,1.58865,1.58439,1.58741,29771
2026-03-04T10:00:00.000Z,1.58742,1.59177,1.58737,1.58999,31505
2026-03-04T14:00:00.000Z,1.58998,1.59279,1.58854,1.58938,33198
2026-03-04T18:00:00.000Z,1.58938,1.58975,1.58611,1.58726,16455
2026-03-04T22:00:00.000Z,1.58579,1.5876,1.5852,1.58641,14059
2026-03-05T02:00:00.000Z,1.58642,1.58647,1.58371,1.58394,20377
2026-03-05T06:00:00.000Z,1.58389,1.58685,1.58278,1.58583,33438
2026-03-05T10:00:00.000Z,1.58582,1.58683,1.58126,1.58255,24669
2026-03-05T14:00:00.000Z,1.58255,1.58801,1.58222,1.58741,41727
2026-03-05T18:00:00.000Z,1.58743,1.58755,1.58394,1.58694,29678
2026-03-05T22:00:00.000Z,1.58674,1.58744,1.58579,1.5862,14770
2026-03-06T02:00:00.000Z,1.58619,1.5871,1.58564,1.58578,14391
2026-03-06T06:00:00.000Z,1.58579,1.58608,1.58177,1.58198,23848
2026-03-06T10:00:00.000Z,1.58199,1.58295,1.57635,1.577,31540
2026-03-06T14:00:00.000Z,1.57699,1.58129,1.5764,1.57676,46676
2026-03-06T18:00:00.000Z,1.57677,1.57869,1.57498,1.5754,28179
2026-03-08T21:00:00.000Z,1.56959,1.57143,1.562,1.56612,26664
2026-03-09T01:00:00.000Z,1.56607,1.56656,1.56117,1.56195,31687
2026-03-09T05:00:00.000Z,1.56196,1.56784,1.56183,1.56564,40157
2026-03-09T09:00:00.000Z,1.56561,1.56863,1.56365,1.56746,37636
2026-03-09T13:00:00.000Z,1.56745,1.57427,1.56735,1.57234,42802
2026-03-09T17:00:00.000Z,1.57233,1.58033,1.57176,1.58025,31319
2026-03-09T21:00:00.000Z,1.57973,1.58089,1.57813,1.58005,17596
2026-03-10T01:00:00.000Z,1.58003,1.58085,1.57781,1.57786,19955
2026-03-10T05:00:00.000Z,1.57783,1.58344,1.57782,1.58183,24513
2026-03-10T09:00:00.000Z,1.58184,1.58248,1.57511,1.57628,29446
2026-03-10T13:00:00.000Z,1.57629,1.58139,1.57618,1.58109,34342
2026-03-10T17:00:00.000Z,1.58106,1.58346,1.57625,1.57667,32946
2026-03-10T21:00:00.000Z,1.57592,1.5784,1.57508,1.57749,10870
2026-03-11T01:00:00.000Z,1.5775,1.578,1.57613,1.57728,15408
2026-03-11T05:00:00.000Z,1.57727,1.57937,1.5741,1.575,23411
2026-03-11T09:00:00.000Z,1.57502,1.57584,1.57244,1.57418,31711
2026-03-11T13:00:00.000Z,1.5742,1.57689,1.57145,1.57161,38383
2026-03-11T17:00:00.000Z,1.57164,1.57299,1.57036,1.57186,22382
2026-03-11T21:00:00.000Z,1.57132,1.57251,1.56847,1.5685,14176
2026-03-12T01:00:00.000Z,1.56851,1.56924,1.56664,1.56731,18554
2026-03-12T05:00:00.000Z,1.5673,1.56945,1.5673,1.56873,21181
2026-03-12T09:00:00.000Z,1.56873,1.57177,1.56824,1.56914,21684
2026-03-12T13:00:00.000Z,1.56916,1.57039,1.56679,1.56996,39941
2026-03-12T17:00:00.000Z,1.56997,1.57081,1.56787,1.56932,23811
2026-03-12T21:00:00.000Z,1.56975,1.5713,1.56866,1.57006,9529
2026-03-13T01:00:00.000Z,1.57006,1.57044,1.56913,1.56948,14875
2026-03-13T05:00:00.000Z,1.56948,1.56987,1.56204,1.56363,22847
2026-03-13T09:00:00.000Z,1.56374,1.5732,1.56373,1.57259,28416
2026-03-13T13:00:00.000Z,1.5726,1.57469,1.56992,1.57129,39580
2026-03-13T17:00:00.000Z,1.57126,1.57178,1.56621,1.56689,23854
2026-03-15T21:00:00.000Z,1.56669,1.57016,1.56634,1.57001,14434
2026-03-16T01:00:00.000Z,1.56999,1.57018,1.56861,1.56927,14193
2026-03-16T05:00:00.000Z,1.56928,1.56933,1.56545,1.56766,18276
2026-03-16T09:00:00.000Z,1.56765,1.57244,1.56726,1.57088,22108
2026-03-16T13:00:00.000Z,1.57089,1.57252,1.56873,1.57205,28044
2026-03-16T17:00:00.000Z,1.57204,1.57604,1.57196,1.5744,19954
2026-03-16T21:00:00.000Z,1.57417,1.5751,1.57264,1.5728,8179
2026-03-17T01:00:00.000Z,1.57281,1.57375,1.57211,1.5732,11880
2026-03-17T05:00:00.000Z,1.5732,1.57654,1.5704,1.57556,18656
2026-03-17T09:00:00.000Z,1.57556,1.57914,1.57556,1.579,19764
2026-03-17T13:00:00.000Z,1.57899,1.5818,1.57711,1.57929,31227
2026-03-17T17:00:00.000Z,1.57929,1.58151,1.57876,1.57973,13474
2026-03-17T21:00:00.000Z,1.57903,1.58048,1.57881,1.579,12824
2026-03-18T01:00:00.000Z,1.57898,1.58114,1.57892,1.58108,9675
2026-03-18T05:00:00.000Z,1.58108,1.58267,1.57854,1.57942,14474
2026-03-18T09:00:00.000Z,1.5794,1.5818,1.57683,1.57735,23053
2026-03-18T13:00:00.000Z,1.57742,1.57977,1.57625,1.57662,33111
2026-03-18T17:00:00.000Z,1.57662,1.57846,1.57223,1.57246,27597
2026-03-18T21:00:00.000Z,1.57216,1.57404,1.57182,1.57397,11789
2026-03-19T01:00:00.000Z,1.57397,1.57593,1.5739,1.57414,15168
2026-03-19T05:00:00.000Z,1.57412,1.57507,1.57179,1.57363,23573
2026-03-19T09:00:00.000Z,1.57364,1.57789,1.57358,1.5765,30876
2026-03-19T13:00:00.000Z,1.5765,1.58357,1.57525,1.58344,46956
2026-03-19T17:00:00.000Z,1.58342,1.59264,1.58337,1.59212,28610
2026-03-19T21:00:00.000Z,1.59113,1.59298,1.58965,1.58982,9652
2026-03-20T01:00:00.000Z,1.58984,1.58999,1.58655,1.58671,13799
2026-03-20T05:00:00.000Z,1.5867,1.58888,1.58655,1.58655,19078
2026-03-20T09:00:00.000Z,1.58656,1.5877,1.58328,1.58588,27690
2026-03-20T13:00:00.000Z,1.58588,1.58693,1.58191,1.58514,38698
2026-03-20T17:00:00.000Z,1.58513,1.58756,1.58363,1.5875,29934
2026-03-22T21:00:00.000Z,1.58175,1.58687,1.58169,1.5838,17582
2026-03-23T01:00:00.000Z,1.58379,1.58445,1.58247,1.58416,22593
2026-03-23T05:00:00.000Z,1.58416,1.58484,1.58223,1.58338,28883
2026-03-23T09:00:00.000Z,1.58339,1.59119,1.57915,1.59048,47863
2026-03-23T13:00:00.000Z,1.59048,1.59307,1.58792,1.59066,52733
2026-03-23T17:00:00.000Z,1.59068,1.59599,1.59054,1.59379,25113
2026-03-23T21:00:00.000Z,1.59325,1.59422,1.59127,1.59237,13600
2026-03-24T01:00:00.000Z,1.59238,1.59361,1.59185,1.5929,21727
2026-03-24T05:00:00.000Z,1.5929,1.59537,1.59262,1.59298,31371
2026-03-24T09:00:00.000Z,1.59308,1.59463,1.59094,1.59207,28217
2026-03-24T13:00:00.000Z,1.59208,1.59578,1.59023,1.59514,41396
2026-03-24T17:00:00.000Z,1.59511,1.59789,1.59248,1.59741,32642
2026-03-24T21:00:00.000Z,1.59648,1.59924,1.59595,1.5988,14373
2026-03-25T01:00:00.000Z,1.59875,1.59913,1.59715,1.59725,17759
2026-03-25T05:00:00.000Z,1.59724,1.60101,1.59648,1.5995,21805
2026-03-25T09:00:00.000Z,1.59949,1.60151,1.59777,1.59785,24865
2026-03-25T13:00:00.000Z,1.59784,1.59856,1.59425,1.59725,35667
2026-03-25T17:00:00.000Z,1.59725,1.59898,1.59542,1.59624,20580
2026-03-25T21:00:00.000Z,1.59517,1.59755,1.59503,1.59743,7967
2026-03-26T01:00:00.000Z,1.59741,1.59895,1.59732,1.59866,12155
2026-03-26T05:00:00.000Z,1.59869,1.59902,1.59656,1.59865,19254
2026-03-26T09:00:00.000Z,1.59867,1.5993,1.59463,1.59564,21083
2026-03-26T13:00:00.000Z,1.59562,1.59889,1.59507,1.5966,32542
2026-03-26T17:00:00.000Z,1.59664,1.5994,1.59574,1.59799,21617
2026-03-26T21:00:00.000Z,1.59762,1.59855,1.59685,1.59787,11919
2026-03-27T01:00:00.000Z,1.59791,1.59881,1.5976,1.59874,14189
2026-03-27T05:00:00.000Z,1.59876,1.59938,1.59505,1.59565,17669
2026-03-27T09:00:00.000Z,1.59555,1.59719,1.59382,1.59683,21257
2026-03-27T13:00:00.000Z,1.59684,1.60132,1.59645,1.59875,32299
2026-03-27T17:00:00.000Z,1.59875,1.59991,1.59792,1.59903,18527
2026-03-29T21:00:00.000Z,1.59599,1.59872,1.59576,1.59785,16348
2026-03-30T01:00:00.000Z,1.59785,1.60014,1.5976,1.59946,14596
2026-03-30T05:00:00.000Z,1.59948,1.60053,1.59803,1.59992,16810
2026-03-30T09:00:00.000Z,1.59992,1.60025,1.59742,1.5989,19753
2026-03-30T13:00:00.000Z,1.59891,1.59963,1.59353,1.59555,28544
2026-03-30T17:00:00.000Z,1.59554,1.59641,1.59471,1.59589,16016
2026-03-30T21:00:00.000Z,1.59458,1.59757,1.59441,1.59736,13654
2026-03-31T01:00:00.000Z,1.59735,1.59908,1.59733,1.59764,19682
2026-03-31T05:00:00.000Z,1.59763,1.59914,1.59646,1.59838,20973
2026-03-31T09:00:00.000Z,1.59837,1.60411,1.59754,1.60335,22959
2026-03-31T13:00:00.000Z,1.60337,1.61013,1.60325,1.60795,37549
2026-03-31T17:00:00.000Z,1.60794,1.60991,1.6071,1.60741,28068
2026-03-31T21:00:00.000Z,1.60628,1.60884,1.60606,1.60828,8816
2026-04-01T01:00:00.000Z,1.60827,1.60837,1.60676,1.60822,14422
2026-04-01T05:00:00.000Z,1.60823,1.61202,1.60769,1.61033,27200
2026-04-01T09:00:00.000Z,1.61032,1.61361,1.60855,1.61208,26919
2026-04-01T13:00:00.000Z,1.61211,1.61455,1.61056,1.61171,30854
2026-04-01T17:00:00.000Z,1.61171,1.61211,1.60712,1.60793,18470
2026-04-01T21:00:00.000Z,1.60703,1.60868,1.60659,1.6084,14632
2026-04-02T01:00:00.000Z,1.60839,1.60941,1.60447,1.60477,29285
2026-04-02T05:00:00.000Z,1.60476,1.60492,1.60224,1.60422,22870
2026-04-02T09:00:00.000Z,1.60422,1.60475,1.60222,1.60387,20409
2026-04-02T13:00:00.000Z,1.60392,1.60895,1.60312,1.60536,34825
2026-04-02T17:00:00.000Z,1.60538,1.60651,1.60485,1.60593,15497
2026-04-02T21:00:00.000Z,1.60526,1.60654,1.60501,1.60601,5267
2026-04-03T01:00:00.000Z,1.60598,1.60632,1.60558,1.60592,5647
2026-04-03T05:00:00.000Z,1.60591,1.60711,1.60545,1.60663,6085
2026-04-03T09:00:00.000Z,1.60659,1.60821,1.60413,1.60721,8905
2026-04-03T13:00:00.000Z,1.60722,1.60786,1.60571,1.60579,14916
2026-04-03T17:00:00.000Z,1.60581,1.60648,1.60374,1.60394,13440
2026-04-05T21:00:00.000Z,1.60514,1.60603,1.60451,1.6051,11708
2026-04-06T01:00:00.000Z,1.60511,1.6065,1.60469,1.60612,15738
2026-04-06T05:00:00.000Z,1.60613,1.61028,1.60595,1.60861,18414
2026-04-06T09:00:00.000Z,1.60862,1.60884,1.60634,1.60708,17493
2026-04-06T13:00:00.000Z,1.6071,1.60925,1.60581,1.60659,27978
2026-04-06T17:00:00.000Z,1.6066,1.60731,1.60545,1.60546,18160
2026-04-06T21:00:00.000Z,1.60501,1.60602,1.60423,1.60575,8974
2026-04-07T01:00:00.000Z,1.60575,1.60593,1.605,1.60573,13699
2026-04-07T05:00:00.000Z,1.60573,1.6103,1.60511,1.60983,22724
2026-04-07T09:00:00.000Z,1.60983,1.61119,1.60722,1.60844,26150
2026-04-07T13:00:00.000Z,1.60844,1.61073,1.60813,1.60851,32325
2026-04-07T17:00:00.000Z,1.60851,1.61164,1.60749,1.6103,24669
2026-04-07T21:00:00.000Z,1.60974,1.61856,1.60961,1.6163,33889
2026-04-08T01:00:00.000Z,1.61631,1.61672,1.61476,1.61519,27505
2026-04-08T05:00:00.000Z,1.61527,1.62023,1.61491,1.61959,33254
2026-04-08T09:00:00.000Z,1.61958,1.62301,1.61916,1.62126,29458
2026-04-08T13:00:00.000Z,1.62125,1.62255,1.61668,1.61688,37577
2026-04-08T17:00:00.000Z,1.61688,1.61736,1.61343,1.61432,25010
2026-04-08T21:00:00.000Z,1.61332,1.6151,1.61332,1.61464,10059
2026-04-09T01:00:00.000Z,1.61465,1.61581,1.61415,1.61545,12588
2026-04-09T05:00:00.000Z,1.61547,1.61684,1.61448,1.61624,17972
2026-04-09T09:00:00.000Z,1.61627,1.61781,1.61572,1.61646,18267
2026-04-09T13:00:00.000Z,1.61647,1.61804,1.61341,1.6178,32887
2026-04-09T17:00:00.000Z,1.61781,1.61927,1.61559,1.61609,18409
2026-04-09T21:00:00.000Z,1.61543,1.61669,1.61517,1.61567,8229
2026-04-10T01:00:00.000Z,1.6157,1.61665,1.61542,1.61629,9589
2026-04-10T05:00:00.000Z,1.61629,1.61755,1.61561,1.61686,13732
2026-04-10T09:00:00.000Z,1.61686,1.62128,1.61686,1.61971,20883
2026-04-10T13:00:00.000Z,1.61968,1.62301,1.61908,1.62125,29439
2026-04-10T17:00:00.000Z,1.62125,1.62351,1.62093,1.6233,15875
2026-04-12T21:00:00.000Z,1.61815,1.62028,1.61734,1.62007,13373
2026-04-13T01:00:00.000Z,1.62007,1.62023,1.61935,1.6195,11894
2026-04-13T05:00:00.000Z,1.61951,1.6204,1.61726,1.61749,16961
2026-04-13T09:00:00.000Z,1.61749,1.61949,1.61725,1.61918,18342
2026-04-13T13:00:00.000Z,1.6192,1.61929,1.616,1.61764,31229
2026-04-13T17:00:00.000Z,1.61766,1.62238,1.61751,1.62146,17161
2026-04-13T21:00:00.000Z,1.6207,1.62215,1.62013,1.62198,7258
2026-04-14T01:00:00.000Z,1.62198,1.62214,1.62091,1.62167,8648
2026-04-14T05:00:00.000Z,1.62166,1.62373,1.62079,1.62153,19093
2026-04-14T09:00:00.000Z,1.62155,1.62303,1.62136,1.62148,21015
2026-04-14T13:00:00.000Z,1.62148,1.62374,1.62075,1.62292,26016
2026-04-14T17:00:00.000Z,1.62291,1.62478,1.62275,1.6236,13594
2026-04-14T21:00:00.000Z,1.62334,1.62472,1.62247,1.62363,8647
2026-04-15T01:00:00.000Z,1.62362,1.62395,1.62302,1.62376,10747
2026-04-15T05:00:00.000Z,1.62377,1.6246,1.62194,1.62279,16159
2026-04-15T09:00:00.000Z,1.62282,1.62428,1.62173,1.62361,21508
2026-04-15T13:00:00.000Z,1.62362,1.62401,1.62054,1.62063,25745
2026-04-15T17:00:00.000Z,1.62063,1.62133,1.61944,1.62124,13669
2026-04-15T21:00:00.000Z,1.61954,1.62125,1.61935,1.62071,6601
2026-04-16T01:00:00.000Z,1.62066,1.62126,1.61965,1.61981,12717
2026-04-16T05:00:00.000Z,1.61982,1.62006,1.61636,1.61777,19965
2026-04-16T09:00:00.000Z,1.61778,1.61846,1.61635,1.61653,19735
2026-04-16T13:00:00.000Z,1.61652,1.61669,1.61313,1.61325,31740
2026-04-16T17:00:00.000Z,1.61324,1.61456,1.61276,1.61428,15779
2026-04-16T21:00:00.000Z,1.61359,1.61479,1.61338,1.6137,6829
2026-04-17T01:00:00.000Z,1.6137,1.61385,1.61262,1.61263,9377
2026-04-17T05:00:00.000Z,1.61264,1.61276,1.61092,1.61241,16989
2026-04-17T09:00:00.000Z,1.61242,1.61783,1.61219,1.61669,22701
2026-04-17T13:00:00.000Z,1.61669,1.61833,1.61214,1.61251,45021
2026-04-17T17:00:00.000Z,1.61252,1.6133,1.60939,1.60977,23042
2026-04-19T21:00:00.000Z,1.60562,1.61029,1.60532,1.60966,14559
2026-04-20T01:00:00.000Z,1.60966,1.61081,1.60965,1.61024,13738
2026-04-20T05:00:00.000Z,1.61022,1.6115,1.60932,1.61034,23922
2026-04-20T09:00:00.000Z,1.61034,1.61162,1.60955,1.61075,19312
2026-04-20T13:00:00.000Z,1.61074,1.61189,1.60752,1.60804,35289
2026-04-20T17:00:00.000Z,1.60805,1.60866,1.60679,1.60819,14193
2026-04-20T21:00:00.000Z,1.60769,1.60874,1.60708,1.60743,8374
2026-04-21T01:00:00.000Z,1.60744,1.60782,1.60679,1.60702,11427
2026-04-21T05:00:00.000Z,1.60702,1.6076,1.60601,1.60673,21327
2026-04-21T09:00:00.000Z,1.60672,1.60701,1.60512,1.60516,20540
2026-04-21T13:00:00.000Z,1.60516,1.60583,1.60283,1.60362,32377
2026-04-21T17:00:00.000Z,1.60363,1.60563,1.60242,1.60391,37081
2026-04-21T21:00:00.000Z,1.60449,1.60473,1.60267,1.60364,9206
2026-04-22T01:00:00.000Z,1.60365,1.60455,1.60307,1.6031,12095
2026-04-22T05:00:00.000Z,1.6031,1.605,1.60304,1.60388,19644
2026-04-22T09:00:00.000Z,1.6039,1.60466,1.60212,1.60281,20732
2026-04-22T13:00:00.000Z,1.6028,1.60358,1.59943,1.59953,29619
2026-04-22T17:00:00.000Z,1.59955,1.60061,1.59928,1.60025,15705
2026-04-22T21:00:00.000Z,1.59918,1.6005,1.599,1.60022,11569
2026-04-23T01:00:00.000Z,1.60023,1.60048,1.59892,1.59931,18569
2026-04-23T05:00:00.000Z,1.59932,1.60046,1.59777,1.59864,19088
2026-04-23T09:00:00.000Z,1.59864,1.59957,1.59656,1.59924,24641
2026-04-23T13:00:00.000Z,1.59925,1.60238,1.59843,1.6022,29945
2026-04-23T17:00:00.000Z,1.60223,1.60227,1.5997,1.60009,31251
2026-04-23T21:00:00.000Z,1.60118,1.60122,1.59889,1.60056,7700
2026-04-24T01:00:00.000Z,1.60055,1.60127,1.60023,1.60105,14770
2026-04-24T05:00:00.000Z,1.60108,1.60161,1.5998,1.60012,18852
2026-04-24T09:00:00.000Z,1.60014,1.60382,1.59932,1.60178,24346
2026-04-24T13:00:00.000Z,1.60179,1.60377,1.60115,1.60233,30865
2026-04-24T17:00:00.000Z,1.60231,1.60252,1.60064,1.60157,16716
2026-04-26T21:00:00.000Z,1.5989,1.60175,1.5989,1.60142,8808
2026-04-27T01:00:00.000Z,1.60144,1.60274,1.60124,1.60223,12335
2026-04-27T05:00:00.000Z,1.60224,1.6024,1.59887,1.59967,17906
2026-04-27T09:00:00.000Z,1.59966,1.59983,1.59728,1.59742,18641
2026-04-27T13:00:00.000Z,1.59744,1.59864,1.59661,1.59664,23984
2026-04-27T17:00:00.000Z,1.59667,1.59835,1.5961,1.59681,13809
2026-04-27T21:00:00.000Z,1.59688,1.59723,1.59604,1.59659,6774
2026-04-28T01:00:00.000Z,1.59658,1.5974,1.59628,1.59666,12836
2026-04-28T05:00:00.000Z,1.59666,1.59726,1.59389,1.59686,22198
2026-04-28T09:00:00.000Z,1.59685,1.59966,1.59576,1.59938,27372
2026-04-28T13:00:00.000Z,1.59937,1.60252,1.59788,1.60203,32324
2026-04-28T17:00:00.000Z,1.60203,1.60315,1.60151,1.60273,16344
2026-04-28T21:00:00.000Z,1.60103,1.60275,1.60074,1.60245,5444
2026-04-29T01:00:00.000Z,1.60243,1.60258,1.60159,1.60163,12856
2026-04-29T05:00:00.000Z,1.60163,1.60185,1.59934,1.60079,19128
2026-04-29T09:00:00.000Z,1.60078,1.60191,1.59882,1.59975,20170
2026-04-29T13:00:00.000Z,1.59976,1.60209,1.59739,1.59764,34399
2026-04-29T17:00:00.000Z,1.59766,1.5985,1.5962,1.59679,29349
2026-04-29T21:00:00.000Z,1.5973,1.59786,1.59614,1.59689,11864
2026-04-30T01:00:00.000Z,1.5969,1.59721,1.59491,1.59549,19236
2026-04-30T05:00:00.000Z,1.59548,1.59833,1.59508,1.59648,27416
2026-04-30T09:00:00.000Z,1.59626,1.60037,1.59559,1.59821,44499
2026-04-30T13:00:00.000Z,1.5982,1.59845,1.5949,1.59581,42757
2026-04-30T17:00:00.000Z,1.59582,1.59659,1.59285,1.593,22851
2026-04-30T21:00:00.000Z,1.59261,1.59389,1.59161,1.5924,9304
2026-05-01T01:00:00.000Z,1.59242,1.59321,1.59206,1.59314,11946
2026-05-01T05:00:00.000Z,1.59317,1.59463,1.59191,1.59378,23191
2026-05-01T09:00:00.000Z,1.59377,1.59511,1.59286,1.59467,21827
2026-05-01T13:00:00.000Z,1.59465,1.59884,1.59307,1.59483,31915
2026-05-01T17:00:00.000Z,1.59482,1.59509,1.59221,1.5925,20939
2026-05-03T21:00:00.000Z,1.59533,1.5956,1.59257,1.59337,9790
2026-05-04T01:00:00.000Z,1.59336,1.59454,1.59304,1.59386,18004
2026-05-04T05:00:00.000Z,1.59387,1.59513,1.59349,1.59385,19849
2026-05-04T09:00:00.000Z,1.59389,1.59459,1.59149,1.59428,28248
2026-05-04T13:00:00.000Z,1.59429,1.59537,1.59033,1.59051,35433
2026-05-04T17:00:00.000Z,1.59053,1.59259,1.59033,1.59225,20361
2026-05-04T21:00:00.000Z,1.59187,1.59277,1.59151,1.59228,5949
2026-05-05T01:00:00.000Z,1.59229,1.59232,1.59119,1.5913,10753
2026-05-05T05:00:00.000Z,1.59131,1.59224,1.59093,1.59153,21588
2026-05-05T09:00:00.000Z,1.59156,1.59312,1.59057,1.59268,23647
2026-05-05T13:00:00.000Z,1.59267,1.59435,1.59185,1.59332,26997
2026-05-05T17:00:00.000Z,1.59331,1.59387,1.59221,1.59236,13472
2026-05-05T21:00:00.000Z,1.59126,1.59458,1.59126,1.59351,12424
2026-05-06T01:00:00.000Z,1.59348,1.59539,1.59334,1.59458,17877
2026-05-06T05:00:00.000Z,1.59462,1.59826,1.5937,1.59785,25964
2026-05-06T09:00:00.000Z,1.5978,1.6029,1.59739,1.59964,33460
2026-05-06T13:00:00.000Z,1.5996,1.60203,1.59888,1.60114,32218
2026-05-06T17:00:00.000Z,1.60115,1.60288,1.60072,1.60131,16888
2026-05-06T21:00:00.000Z,1.60033,1.60252,1.59988,1.60205,8430
2026-05-07T01:00:00.000Z,1.60204,1.60338,1.60176,1.60198,14535
2026-05-07T05:00:00.000Z,1.60201,1.60436,1.60158,1.60374,23260
2026-05-07T09:00:00.000Z,1.60375,1.60544,1.60256,1.60492,22395
2026-05-07T13:00:00.000Z,1.60494,1.6057,1.60265,1.60285,31981
2026-05-07T17:00:00.000Z,1.60286,1.60296,1.60023,1.60175,28977
2026-05-07T21:00:00.000Z,1.60146,1.60251,1.60055,1.60176,9977
2026-05-08T01:00:00.000Z,1.60177,1.60249,1.60169,1.60242,15497
2026-05-08T05:00:00.000Z,1.60245,1.60605,1.60209,1.60578,19669
2026-05-08T09:00:00.000Z,1.60576,1.61206,1.60491,1.61178,22388
2026-05-08T13:00:00.000Z,1.6118,1.6149,1.61034,1.61128,29366
2026-05-08T17:00:00.000Z,1.61129,1.61233,1.61075,1.61155,14855
2026-05-10T21:00:00.000Z,1.60725,1.61058,1.60701,1.6104,9871
2026-05-11T01:00:00.000Z,1.61038,1.61058,1.60889,1.60899,14295
2026-05-11T05:00:00.000Z,1.60898,1.61039,1.60803,1.60892,17373
2026-05-11T09:00:00.000Z,1.60893,1.61046,1.60758,1.60912,19703
2026-05-11T13:00:00.000Z,1.60911,1.61068,1.60832,1.60855,26751
2026-05-11T17:00:00.000Z,1.60857,1.61192,1.60855,1.61122,12738
2026-05-11T21:00:00.000Z,1.61041,1.61187,1.6103,1.61054,6134
2026-05-12T01:00:00.000Z,1.61053,1.61084,1.60952,1.60973,14918
2026-05-12T05:00:00.000Z,1.60974,1.61052,1.60836,1.60946,25449
2026-05-12T09:00:00.000Z,1.60944,1.61066,1.60799,1.60947,23911
2026-05-12T13:00:00.000Z,1.60947,1.61016,1.60794,1.6082,34979
2026-05-12T17:00:00.000Z,1.6082,1.60894,1.60766,1.60771,17003
2026-05-12T21:00:00.000Z,1.60659,1.60775,1.60657,1.60736,7258
2026-05-13T01:00:00.000Z,1.60737,1.60747,1.60618,1.60689,13299
2026-05-13T05:00:00.000Z,1.60689,1.60731,1.60301,1.60311,18522
2026-05-13T09:00:00.000Z,1.60312,1.60433,1.60206,1.60256,23557
2026-05-13T13:00:00.000Z,1.60258,1.60554,1.60247,1.60458,29436
2026-05-13T17:00:00.000Z,1.60458,1.6058,1.60429,1.60504,15613
2026-05-13T21:00:00.000Z,1.60425,1.60578,1.60425,1.60565,7163
2026-05-14T01:00:00.000Z,1.60559,1.60581,1.60497,1.60518,13661
2026-05-14T05:00:00.000Z,1.60519,1.60583,1.60443,1.60478,19975
2026-05-14T09:00:00.000Z,1.60479,1.60652,1.60444,1.60516,20060
2026-05-14T13:00:00.000Z,1.60515,1.60544,1.6017,1.60201,32057
2026-05-14T17:00:00.000Z,1.60201,1.60291,1.60022,1.60043,17386
2026-05-14T21:00:00.000Z,1.60039,1.60147,1.60001,1.60086,8278
2026-05-15T01:00:00.000Z,1.60084,1.60132,1.60033,1.60102,18645
2026-05-15T05:00:00.000Z,1.60101,1.60186,1.59878,1.59926,28139
2026-05-15T09:00:00.000Z,1.59925,1.60117,1.59807,1.59899,30156
2026-05-15T13:00:00.000Z,1.59903,1.60064,1.59714,1.5973,35718
2026-05-15T17:00:00.000Z,1.59731,1.5991,1.5971,1.59838,19897
2026-05-17T21:00:00.000Z,1.59696,1.59858,1.59693,1.5977,12980
2026-05-18T01:00:00.000Z,1.59771,1.59856,1.59727,1.59814,19936
2026-05-18T05:00:00.000Z,1.59815,1.59972,1.59761,1.59908,22921
2026-05-18T09:00:00.000Z,1.59905,1.60087,1.59793,1.60067,24818
2026-05-18T13:00:00.000Z,1.60068,1.60191,1.59936,1.60094,34667
2026-05-18T17:00:00.000Z,1.60095,1.60161,1.59885,1.60119,22821
2026-05-18T21:00:00.000Z,1.60087,1.60208,1.6001,1.60074,8872
2026-05-19T01:00:00.000Z,1.60074,1.60143,1.60004,1.60019,18942
2026-05-19T05:00:00.000Z,1.60019,1.60057,1.59848,1.59925,23999
2026-05-19T09:00:00.000Z,1.59926,1.60062,1.59696,1.59896,25893
2026-05-19T13:00:00.000Z,1.59891,1.59931,1.5952,1.59573,37362
2026-05-19T17:00:00.000Z,1.59572,1.59681,1.59501,1.59501,17117
2026-05-19T21:00:00.000Z,1.59466,1.59656,1.59351,1.59596,9759
2026-05-20T01:00:00.000Z,1.59599,1.59619,1.59495,1.59559,23981
2026-05-20T05:00:00.000Z,1.5956,1.59679,1.59487,1.59615,23638
2026-05-20T09:00:00.000Z,1.59614,1.59752,1.59538,1.5956,19543
2026-05-20T13:00:00.000Z,1.59559,1.59916,1.59462,1.59812,40385
2026-05-20T17:00:00.000Z,1.5981,1.59913,1.59731,1.5976,21028
2026-05-20T21:00:00.000Z,1.59682,1.5986,1.59618,1.59853,8010
2026-05-21T01:00:00.000Z,1.59855,1.59941,1.59855,1.59923,16535
2026-05-21T05:00:00.000Z,1.59921,1.60119,1.5964,1.59999,26321
2026-05-21T09:00:00.000Z,1.6,1.60096,1.59601,1.59723,28001
2026-05-21T13:00:00.000Z,1.59723,1.59931,1.59582,1.59818,33761
2026-05-21T17:00:00.000Z,1.59818,1.60194,1.59801,1.60045,28470
2026-05-21T21:00:00.000Z,1.60057,1.60131,1.59982,1.60082,6363
2026-05-22T01:00:00.000Z,1.60082,1.60166,1.60072,1.60156,12043
2026-05-22T05:00:00.000Z,1.60156,1.60188,1.59983,1.60006,18867
2026-05-22T09:00:00.000Z,1.60006,1.60181,1.59944,1.60178,20687
2026-05-22T13:00:00.000Z,1.60177,1.6038,1.60002,1.60325,28133
2026-05-22T17:00:00.000Z,1.60324,1.60441,1.60251,1.60351,15947
2026-05-24T21:00:00.000Z,1.60647,1.60769,1.60539,1.60612,10539
2026-05-25T01:00:00.000Z,1.60613,1.60744,1.60584,1.60718,11560
2026-05-25T05:00:00.000Z,1.60718,1.60848,1.60693,1.60819,16139
2026-05-25T09:00:00.000Z,1.60816,1.6086,1.60786,1.60813,12499
2026-05-25T13:00:00.000Z,1.60813,1.60833,1.6058,1.6067,15155
2026-05-25T17:00:00.000Z,1.60668,1.60722,1.6064,1.60681,5095
2026-05-25T21:00:00.000Z,1.60611,1.60699,1.60542,1.60643,7677
2026-05-26T01:00:00.000Z,1.60643,1.60662,1.60591,1.60602,13269
2026-05-26T05:00:00.000Z,1.60604,1.6071,1.60569,1.60607,18573
2026-05-26T09:00:00.000Z,1.60606,1.60791,1.60579,1.60717,18281
2026-05-26T13:00:00.000Z,1.60716,1.60729,1.60382,1.60539,28125
2026-05-26T17:00:00.000Z,1.6054,1.60697,1.60519,1.60655,12979
2026-05-26T21:00:00.000Z,1.6053,1.60709,1.60517,1.60678,7663
2026-05-27T01:00:00.000Z,1.60678,1.60763,1.60661,1.60743,13209
2026-05-27T05:00:00.000Z,1.60742,1.61029,1.60741,1.61017,18466
2026-05-27T09:00:00.000Z,1.61015,1.61218,1.60916,1.60998,22283
2026-05-27T13:00:00.000Z,1.60999,1.61097,1.60768,1.60819,34358
2026-05-27T17:00:00.000Z,1.60822,1.60915,1.60713,1.60886,15701
2026-05-27T21:00:00.000Z,1.60826,1.60943,1.6079,1.60892,8791
2026-05-28T01:00:00.000Z,1.6089,1.609,1.60626,1.60653,16888
2026-05-28T05:00:00.000Z,1.60654,1.60983,1.60639,1.60968,20185
2026-05-28T09:00:00.000Z,1.60966,1.61079,1.60789,1.61067,22912
2026-05-28T13:00:00.000Z,1.61064,1.61224,1.60687,1.6074,35051
2026-05-28T17:00:00.000Z,1.60739,1.60744,1.60451,1.60515,17477
2026-05-28T21:00:00.000Z,1.60572,1.60609,1.60461,1.60557,8772
2026-05-29T01:00:00.000Z,1.60558,1.60608,1.60428,1.60481,15442
2026-05-29T05:00:00.000Z,1.6048,1.60758,1.60456,1.60522,19531
2026-05-29T09:00:00.000Z,1.60522,1.61023,1.60497,1.60953,21964
2026-05-29T13:00:00.000Z,1.60953,1.61065,1.6065,1.61052,35263
2026-05-29T17:00:00.000Z,1.61049,1.61056,1.60767,1.60824,19903
2026-05-31T21:00:00.000Z,1.60749,1.60835,1.60639,1.60778,15241
2026-06-01T01:00:00.000Z,1.6078,1.60839,1.6074,1.60824,16672
2026-06-01T05:00:00.000Z,1.60826,1.61104,1.60808,1.61044,18664
2026-06-01T09:00:00.000Z,1.61041,1.612,1.60947,1.61026,19915
2026-06-01T13:00:00.000Z,1.61026,1.61091,1.60614,1.60808,37164
2026-06-01T17:00:00.000Z,1.60807,1.6102,1.60755,1.60974,13930
2026-06-01T21:00:00.000Z,1.60931,1.61057,1.60876,1.61019,7233
2026-06-02T01:00:00.000Z,1.61021,1.61121,1.61017,1.61104,12108
2026-06-02T05:00:00.000Z,1.61103,1.61251,1.61082,1.61225,16835
2026-06-02T09:00:00.000Z,1.61224,1.61332,1.61177,1.61194,17946
2026-06-02T13:00:00.000Z,1.61195,1.61221,1.60803,1.60845,27254
2026-06-02T17:00:00.000Z,1.60844,1.6096,1.60715,1.60941,11880
2026-06-02T21:00:00.000Z,1.60801,1.60947,1.60801,1.60938,7582
2026-06-03T01:00:00.000Z,1.60937,1.61009,1.60903,1.60986,11843
2026-06-03T05:00:00.000Z,1.60986,1.61022,1.60823,1.60846,21174
2026-06-03T09:00:00.000Z,1.60846,1.60982,1.60792,1.60857,21688
2026-06-03T13:00:00.000Z,1.60855,1.61208,1.60837,1.61165,32267
2026-06-03T17:00:00.000Z,1.61168,1.61187,1.61097,1.61154,13820
2026-06-03T21:00:00.000Z,1.61098,1.61293,1.61027,1.6124,9425
2026-06-04T01:00:00.000Z,1.61242,1.61413,1.61212,1.61389,14288
2026-06-04T05:00:00.000Z,1.6139,1.61601,1.61382,1.61591,19851
2026-06-04T09:00:00.000Z,1.61589,1.61768,1.61545,1.61623,25835
2026-06-04T13:00:00.000Z,1.61624,1.61658,1.61475,1.61501,28203
2026-06-04T17:00:00.000Z,1.61499,1.61527,1.61385,1.61473,13317
2026-06-04T21:00:00.000Z,1.61321,1.61535,1.61303,1.61482,7884
2026-06-05T01:00:00.000Z,1.61484,1.61534,1.61435,1.61495,14243
2026-06-05T05:00:00.000Z,1.61492,1.61642,1.61482,1.61606,17860
2026-06-05T09:00:00.000Z,1.61608,1.61663,1.60974,1.60976,23762
2026-06-05T13:00:00.000Z,1.60978,1.61172,1.60612,1.60703,41369
2026-06-05T17:00:00.000Z,1.60704,1.60763,1.60585,1.60615,23403
2026-06-07T21:00:00.000Z,1.60376,1.60752,1.60325,1.60745,13199
2026-06-08T01:00:00.000Z,1.60742,1.60826,1.60599,1.60775,19537
2026-06-08T05:00:00.000Z,1.60777,1.60826,1.6054,1.60543,26873
2026-06-08T09:00:00.000Z,1.60544,1.60841,1.60441,1.60786,28396
2026-06-08T13:00:00.000Z,1.6079,1.6107,1.60788,1.60998,33439
2026-06-08T17:00:00.000Z,1.60997,1.61061,1.60846,1.6089,19463
2026-06-08T21:00:00.000Z,1.60904,1.6093,1.60744,1.60881,11893
2026-06-09T01:00:00.000Z,1.60878,1.61005,1.60869,1.60982,16877
2026-06-09T05:00:00.000Z,1.60984,1.61007,1.60806,1.6098,22068
2026-06-09T09:00:00.000Z,1.60981,1.61185,1.60956,1.61108,18164
2026-06-09T13:00:00.000Z,1.61109,1.61383,1.61,1.61109,40244
2026-06-09T17:00:00.000Z,1.61108,1.61207,1.6095,1.61018,24554
2026-06-09T21:00:00.000Z,1.60974,1.6101,1.60838,1.60985,10968
2026-06-10T01:00:00.000Z,1.60987,1.61086,1.6093,1.61035,18071
2026-06-10T05:00:00.000Z,1.61036,1.61124,1.60899,1.60952,22723
2026-06-10T09:00:00.000Z,1.60954,1.61034,1.60687,1.60934,27910
2026-06-10T13:00:00.000Z,1.60932,1.60987,1.60754,1.60948,41761
2026-06-10T17:00:00.000Z,1.60949,1.60983,1.60835,1.60838,23642
2026-06-10T21:00:00.000Z,1.6078,1.60897,1.60748,1.6088,16111
2026-06-11T01:00:00.000Z,1.60882,1.60992,1.60867,1.60938,19984
2026-06-11T05:00:00.000Z,1.60939,1.61243,1.60918,1.61152,20523
2026-06-11T09:00:00.000Z,1.61153,1.61391,1.61083,1.61363,25743
2026-06-11T13:00:00.000Z,1.61363,1.61488,1.61147,1.6117,37051
2026-06-11T17:00:00.000Z,1.61173,1.61707,1.61149,1.61688,37850
2026-06-11T21:00:00.000Z,1.61608,1.61757,1.61509,1.61697,13062
2026-06-12T01:00:00.000Z,1.61698,1.6172,1.61614,1.61684,22089
2026-06-12T05:00:00.000Z,1.61684,1.6192,1.6161,1.61874,28253
2026-06-12T09:00:00.000Z,1.61875,1.61998,1.61653,1.61679,27282
2026-06-12T13:00:00.000Z,1.6168,1.6184,1.6162,1.61713,38903
2026-06-12T17:00:00.000Z,1.61712,1.61827,1.61693,1.61799,17696
2026-06-14T21:00:00.000Z,1.61871,1.62205,1.61833,1.62032,17663
2026-06-15T01:00:00.000Z,1.62031,1.62141,1.62002,1.62112,14625
2026-06-15T05:00:00.000Z,1.62115,1.62254,1.62066,1.62113,21327
2026-06-15T09:00:00.000Z,1.62111,1.62337,1.62101,1.62292,18558
2026-06-15T13:00:00.000Z,1.62288,1.62435,1.62136,1.6222,25247
2026-06-15T17:00:00.000Z,1.62219,1.62245,1.62072,1.62114,15007
2026-06-15T21:00:00.000Z,1.62073,1.62204,1.62021,1.6219,7292
2026-06-16T01:00:00.000Z,1.62191,1.62262,1.62144,1.62228,15130
2026-06-16T05:00:00.000Z,1.62226,1.6252,1.62201,1.625,18628
2026-06-16T09:00:00.000Z,1.62499,1.62546,1.62408,1.62527,18216
2026-06-16T13:00:00.000Z,1.62528,1.6257,1.62243,1.62405,27449
2026-06-16T17:00:00.000Z,1.62406,1.62524,1.62372,1.62447,13366
2026-06-16T21:00:00.000Z,1.62414,1.6253,1.62341,1.6249,9826
2026-06-17T01:00:00.000Z,1.6249,1.62541,1.62478,1.62506,10144
2026-06-17T05:00:00.000Z,1.62508,1.62626,1.62359,1.62389,16131
2026-06-17T09:00:00.000Z,1.62389,1.62561,1.62326,1.62535,16548
2026-06-17T13:00:00.000Z,1.62536,1.62663,1.62301,1.62607,23506
2026-06-17T17:00:00.000Z,1.62603,1.6268,1.61989,1.62155,43074
2026-06-17T21:00:00.000Z,1.62111,1.62374,1.62093,1.62331,13714
2026-06-18T01:00:00.000Z,1.6233,1.6251,1.62328,1.62489,16599
2026-06-18T05:00:00.000Z,1.6249,1.62598,1.62143,1.62145,23126
2026-06-18T09:00:00.000Z,1.6215,1.62165,1.61814,1.6191,30529
2026-06-18T13:00:00.000Z,1.61911,1.62303,1.61868,1.62079,34867
2026-06-18T17:00:00.000Z,1.62081,1.62147,1.61919,1.61957,21237
2026-06-18T21:00:00.000Z,1.61945,1.62095,1.61862,1.62038,8977
2026-06-19T01:00:00.000Z,1.62037,1.62097,1.6177,1.61786,15404
2026-06-19T05:00:00.000Z,1.61785,1.62102,1.61613,1.62034,23836
2026-06-19T09:00:00.000Z,1.62035,1.62345,1.61988,1.6234,19287
2026-06-19T13:00:00.000Z,1.62339,1.62666,1.6232,1.62575,16824
2026-06-19T17:00:00.000Z,1.62581,1.627,1.62482,1.62493,12938
2026-06-21T21:00:00.000Z,1.62318,1.62525,1.62194,1.62492,10954
2026-06-22T01:00:00.000Z,1.62496,1.62575,1.62487,1.62532,17391
2026-06-22T05:00:00.000Z,1.62533,1.62579,1.62204,1.62354,22993
2026-06-22T09:00:00.000Z,1.62359,1.62445,1.6207,1.62143,21424
2026-06-22T13:00:00.000Z,1.62141,1.62165,1.61807,1.61899,33374
2026-06-22T17:00:00.000Z,1.61899,1.61964,1.617,1.6181,13171
2026-06-22T21:00:00.000Z,1.61726,1.6184,1.6165,1.61782,9294
2026-06-23T01:00:00.000Z,1.61785,1.61904,1.61773,1.61868,17908
2026-06-23T05:00:00.000Z,1.61865,1.62075,1.61673,1.61776,24407
2026-06-23T09:00:00.000Z,1.61773,1.61826,1.61513,1.61561,23319
2026-06-23T13:00:00.000Z,1.61566,1.61685,1.61458,1.61665,31614
2026-06-23T17:00:00.000Z,1.61663,1.61759,1.61637,1.61685,14421
2026-06-23T21:00:00.000Z,1.61641,1.61758,1.61619,1.61652,10416
2026-06-24T01:00:00.000Z,1.61652,1.61665,1.61491,1.6151,17992
2026-06-24T05:00:00.000Z,1.61511,1.61685,1.61418,1.6152,21658
2026-06-24T09:00:00.000Z,1.61519,1.61556,1.6126,1.61312,24298
2026-06-24T13:00:00.000Z,1.61315,1.61644,1.61267,1.61506,34048
2026-06-24T17:00:00.000Z,1.61507,1.61691,1.61477,1.6166,19367
2026-06-24T21:00:00.000Z,1.61653,1.61655,1.61465,1.61606,8935
2026-06-25T01:00:00.000Z,1.61608,1.61784,1.61605,1.61732,17318
2026-06-25T05:00:00.000Z,1.61728,1.6179,1.61547,1.61717,20511
2026-06-25T09:00:00.000Z,1.61716,1.61819,1.61399,1.61605,22403
2026-06-25T13:00:00.000Z,1.61603,1.61629,1.61368,1.61372,38261
2026-06-25T17:00:00.000Z,1.61372,1.61524,1.61358,1.6143,18258
2026-06-25T21:00:00.000Z,1.61436,1.61469,1.613,1.61343,12597
2026-06-26T01:00:00.000Z,1.61342,1.61448,1.61234,1.61444,21984
2026-06-26T05:00:00.000Z,1.61445,1.61773,1.61404,1.61729,24247
2026-06-26T09:00:00.000Z,1.6173,1.62066,1.61647,1.61996,23336
2026-06-26T13:00:00.000Z,1.62001,1.62021,1.61568,1.61637,34753
2026-06-26T17:00:00.000Z,1.61635,1.61652,1.61443,1.61519,15518
2026-06-28T21:00:00.000Z,1.61556,1.61637,1.61423,1.61598,9729
2026-06-29T01:00:00.000Z,1.61596,1.61627,1.61515,1.61534,17740
2026-06-29T05:00:00.000Z,1.61531,1.61835,1.61526,1.61774,19802
2026-06-29T09:00:00.000Z,1.61779,1.6207,1.6174,1.61958,20320
2026-06-29T13:00:00.000Z,1.61957,1.62361,1.61948,1.6226,28060
2026-06-29T17:00:00.000Z,1.62259,1.62331,1.62209,1.6233,12007
2026-06-29T21:00:00.000Z,1.62258,1.62353,1.62228,1.62294,9535
2026-06-30T01:00:00.000Z,1.62295,1.62311,1.62131,1.62138,15603
2026-06-30T05:00:00.000Z,1.6214,1.62285,1.62026,1.6216,22475
2026-06-30T09:00:00.000Z,1.62161,1.62295,1.62113,1.62136,19454
2026-06-30T13:00:00.000Z,1.62137,1.6225,1.62007,1.62164,30640
2026-06-30T17:00:00.000Z,1.62169,1.62287,1.61995,1.62146,14549
2026-06-30T21:00:00.000Z,1.62119,1.62201,1.62009,1.62151,7182
2026-07-01T01:00:00.000Z,1.62153,1.62196,1.62111,1.62154,16006
2026-07-01T05:00:00.000Z,1.62154,1.6217,1.61982,1.62068,18679
2026-07-01T09:00:00.000Z,1.6207,1.62106,1.61801,1.61817,19610
2026-07-01T13:00:00.000Z,1.61818,1.61963,1.61646,1.61716,39616
2026-07-01T17:00:00.000Z,1.61717,1.61781,1.6169,1.61706,12835
2026-07-01T21:00:00.000Z,1.61637,1.61842,1.61569,1.61733,6727
2026-07-02T01:00:00.000Z,1.61731,1.61852,1.61721,1.61828,14382
2026-07-02T05:00:00.000Z,1.61829,1.6204,1.61752,1.6203,25860
2026-07-02T09:00:00.000Z,1.62028,1.62352,1.61909,1.62302,28261
2026-07-02T13:00:00.000Z,1.623,1.62364,1.62099,1.6215,41144
2026-07-02T17:00:00.000Z,1.62149,1.62174,1.62054,1.62128,15735
2026-07-02T21:00:00.000Z,1.62102,1.62163,1.62043,1.62135,9236
2026-07-03T01:00:00.000Z,1.62134,1.62222,1.62079,1.62127,16848
2026-07-03T05:00:00.000Z,1.62128,1.62425,1.62118,1.6239,19479
2026-07-03T09:00:00.000Z,1.62389,1.62606,1.6226,1.62559,15407
2026-07-03T13:00:00.000Z,1.62558,1.62567,1.62386,1.62426,14417
2026-07-03T17:00:00.000Z,1.62425,1.62493,1.62336,1.62396,28722
2026-07-05T21:00:00.000Z,1.62267,1.62527,1.62256,1.62473,11134
2026-07-06T01:00:00.000Z,1.62474,1.62477,1.62372,1.62422,16026
2026-07-06T05:00:00.000Z,1.62424,1.6248,1.62315,1.62478,19984
2026-07-06T09:00:00.000Z,1.62477,1.62511,1.62237,1.62455,18108
2026-07-06T13:00:00.000Z,1.62454,1.62501,1.62288,1.62489,22776
2026-07-06T17:00:00.000Z,1.6249,1.62605,1.62483,1.62511,11587
2026-07-06T21:00:00.000Z,1.62397,1.62597,1.62397,1.62564,7820
2026-07-07T01:00:00.000Z,1.62566,1.6267,1.62563,1.62576,14183
2026-07-07T05:00:00.000Z,1.6257,1.62583,1.62387,1.62415,18683
2026-07-07T09:00:00.000Z,1.62416,1.62653,1.62372,1.62607,17921
2026-07-07T13:00:00.000Z,1.62609,1.62632,1.62032,1.6211,27227
2026-07-07T17:00:00.000Z,1.62112,1.62161,1.6201,1.62028,16974
2026-07-07T21:00:00.000Z,1.61927,1.62055,1.61812,1.61998,9877
2026-07-08T01:00:00.000Z,1.62001,1.62046,1.61923,1.61991,17629
2026-07-08T05:00:00.000Z,1.6199,1.62007,1.61572,1.61601,27281
2026-07-08T09:00:00.000Z,1.61603,1.61768,1.6145,1.61665,26551
2026-07-08T13:00:00.000Z,1.61659,1.61797,1.61551,1.61772,34081
2026-07-08T17:00:00.000Z,1.61773,1.61909,1.61742,1.61801,17774
2026-07-08T21:00:00.000Z,1.61712,1.61839,1.61654,1.61803,7138
2026-07-09T01:00:00.000Z,1.61804,1.61862,1.61768,1.61823,14649
2026-07-09T05:00:00.000Z,1.61819,1.62206,1.61815,1.62099,20380
2026-07-09T09:00:00.000Z,1.62097,1.62118,1.6189,1.61939,20119
2026-07-09T13:00:00.000Z,1.61937,1.62221,1.61919,1.61973,24789
2026-07-09T17:00:00.000Z,1.61976,1.6201,1.61882,1.61895,10465
2026-07-09T21:00:00.000Z,1.61845,1.62025,1.61844,1.61993,7210
2026-07-10T01:00:00.000Z,1.61994,1.6205,1.61945,1.61969,18525
2026-07-10T05:00:00.000Z,1.61968,1.62071,1.61928,1.61944,20634
2026-07-10T09:00:00.000Z,1.61945,1.61998,1.61589,1.61649,20764
2026-07-10T13:00:00.000Z,1.61649,1.61809,1.61414,1.6142,30444
2026-07-10T17:00:00.000Z,1.61419,1.61629,1.61404,1.61557,14611
2026-07-12T21:00:00.000Z,1.61324,1.61563,1.61319,1.61454,11147
2026-07-13T01:00:00.000Z,1.61453,1.61453,1.61357,1.61397,18079
2026-07-13T05:00:00.000Z,1.614,1.61758,1.61374,1.61641,26938
2026-07-13T09:00:00.000Z,1.61639,1.61679,1.61437,1.61555,23045
2026-07-13T13:00:00.000Z,1.61565,1.61582,1.61053,1.61124,32281
2026-07-13T17:00:00.000Z,1.61127,1.6118,1.6105,1.61087,15457
2026-07-13T21:00:00.000Z,1.61059,1.61121,1.60983,1.61057,12384
2026-07-14T01:00:00.000Z,1.61055,1.61092,1.60931,1.60959,20634
2026-07-14T05:00:00.000Z,1.60961,1.61016,1.60636,1.60636,22943
2026-07-14T09:00:00.000Z,1.60635,1.61269,1.60501,1.61075,30247
2026-07-14T13:00:00.000Z,1.61075,1.61122,1.60699,1.60719,40902
2026-07-14T17:00:00.000Z,1.60716,1.60763,1.60525,1.60554,17372
2026-07-14T21:00:00.000Z,1.60585,1.60618,1.60492,1.60588,8163
2026-07-15T01:00:00.000Z,1.60589,1.60683,1.60567,1.60668,14685
2026-07-15T05:00:00.000Z,1.60667,1.60805,1.60466,1.60557,20035
2026-07-15T09:00:00.000Z,1.60556,1.60631,1.60488,1.60596,21893
2026-07-15T13:00:00.000Z,1.60597,1.6081,1.60566,1.60735,29504
2026-07-15T17:00:00.000Z,1.60737,1.61064,1.60731,1.60915,18201
2026-07-15T21:00:00.000Z,1.60857,1.61067,1.608,1.61052,9198
2026-07-16T01:00:00.000Z,1.61051,1.61076,1.60997,1.61037,12783
2026-07-16T05:00:00.000Z,1.61038,1.61141,1.60963,1.60977,18368
2026-07-16T09:00:00.000Z,1.60976,1.61003,1.60557,1.60569,20161
2026-07-16T13:00:00.000Z,1.60573,1.60675,1.60415,1.60639,26224
2026-07-16T17:00:00.000Z,1.60641,1.60737,1.6063,1.60655,12469
2026-07-16T21:00:00.000Z,1.60635,1.60686,1.60597,1.60635,6901
2026-07-17T01:00:00.000Z,1.60634,1.60652,1.60498,1.6052,14345
2026-07-17T05:00:00.000Z,1.60521,1.60684,1.60483,1.6052,18987
2026-07-17T09:00:00.000Z,1.60516,1.60545,1.60216,1.60284,18327
2026-07-17T13:00:00.000Z,1.60285,1.60381,1.60109,1.60236,26075
2026-07-17T17:00:00.000Z,1.60237,1.60337,1.60193,1.60318,11898
2026-07-19T21:00:00.000Z,1.60059,1.60274,1.60051,1.60197,9006
2026-07-20T01:00:00.000Z,1.60199,1.60276,1.60156,1.60269,10802
2026-07-20T05:00:00.000Z,1.6027,1.60452,1.60145,1.60392,14298
2026-07-20T09:00:00.000Z,1.60391,1.60491,1.60275,1.60437,18247
2026-07-20T13:00:00.000Z,1.60442,1.60483,1.60205,1.60402,21859
2026-07-20T17:00:00.000Z,1.60401,1.60594,1.60397,1.60564,11612
2026-07-20T21:00:00.000Z,1.60637,1.60732,1.60604,1.60622,7609
2026-07-21T01:00:00.000Z,1.60622,1.60699,1.60609,1.60654,11228
2026-07-21T05:00:00.000Z,1.60653,1.60744,1.60599,1.60633,15050
2026-07-21T09:00:00.000Z,1.60634,1.60734,1.60529,1.60693,17251
2026-07-21T13:00:00.000Z,1.60688,1.60904,1.60614,1.60819,22878
2026-07-21T17:00:00.000Z,1.60818,1.60895,1.60779,1.60783,10763
2026-07-21T21:00:00.000Z,1.60767,1.60865,1.60746,1.60839,6897
2026-07-22T01:00:00.000Z,1.60841,1.60905,1.60773,1.60903,11122
2026-07-22T05:00:00.000Z,1.60903,1.60916,1.60691,1.60801,15669
2026-07-22T09:00:00.000Z,1.608,1.60865,1.60661,1.60738,18375
2026-07-22T13:00:00.000Z,1.60743,1.6087,1.60645,1.6078,21226
2026-07-22T17:00:00.000Z,1.60781,1.60805,1.6067,1.60737,9507
2026-07-22T21:00:00.000Z,1.60616,1.60743,1.60569,1.60724,7083
2026-07-23T01:00:00.000Z,1.60723,1.60784,1.60642,1.60773,13039
2026-07-23T05:00:00.000Z,1.60772,1.60796,1.60551,1.60588,17816
2026-07-23T09:00:00.000Z,1.60587,1.60696,1.60236,1.60308,23563
2026-07-23T13:00:00.000Z,1.60308,1.60308,1.60026,1.60171,33362
2026-07-23T17:00:00.000Z,1.60171,1.60296,1.60087,1.60214,14901
2026-07-23T21:00:00.000Z,1.60174,1.6026,1.60076,1.60172,9410
2026-07-24T01:00:00.000Z,1.60171,1.60242,1.60147,1.60227,16728
2026-07-24T05:00:00.000Z,1.60229,1.60376,1.60205,1.60254,21389
2026-07-24T09:00:00.000Z,1.60254,1.6038,1.60199,1.60375,19313
2026-07-24T13:00:00.000Z,1.60373,1.60451,1.60197,1.60241,26586
2026-07-24T17:00:00.000Z,1.60241,1.60348,1.60214,1.60243,11582
2026-07-26T21:00:00.000Z,1.60412,1.6063,1.60358,1.60538,11500
2026-07-27T01:00:00.000Z,1.6054,1.6062,1.60526,1.6059,13255
2026-07-27T05:00:00.000Z,1.60587,1.60908,1.60579,1.60746,19559
2026-07-27T09:00:00.000Z,1.60744,1.60786,1.60492,1.6059,19412
2026-07-27T13:00:00.000Z,1.60589,1.60628,1.60352,1.60582,27907
2026-07-27T17:00:00.000Z,1.60583,1.60603,1.60505,1.6055,12753
2026-07-27T21:00:00.000Z,1.60495,1.60631,1.6048,1.60557,6852
2026-07-28T01:00:00.000Z,1.60555,1.60613,1.605,1.60502,12699
2026-07-28T05:00:00.000Z,1.605,1.60559,1.60406,1.60467,18252
2026-07-28T09:00:00.000Z,1.60466,1.60472,1.60247,1.60399,16914
2026-07-28T13:00:00.000Z,1.60401,1.60692,1.60283,1.60539,24956
2026-07-28T17:00:00.000Z,1.60539,1.60687,1.60532,1.60616,12824
2026-07-28T21:00:00.000Z,1.60605,1.6067,1.60539,1.60609,8079
2026-07-29T01:00:00.000Z,1.6061,1.60663,1.60558,1.60634,16321
2026-07-29T05:00:00.000Z,1.60636,1.60685,1.60517,1.60658,18123
2026-07-29T09:00:00.000Z,1.60656,1.60686,1.6032,1.6034,19494
2026-07-29T13:00:00.000Z,1.60339,1.60499,1.60298,1.60464,23019
2026-07-29T17:00:00.000Z,1.60463,1.61116,1.60456,1.61058,36510
2026-07-29T21:00:00.000Z,1.60919,1.6105,1.6085,1.60884,10806
2026-07-30T01:00:00.000Z,1.60882,1.60952,1.60841,1.6092,12400
2026-07-30T05:00:00.000Z,1.60919,1.61017,1.60792,1.60911,20390
2026-07-30T09:00:00.000Z,1.6091,1.61253,1.60908,1.61227,25990
2026-07-30T13:00:00.000Z,1.61227,1.61568,1.61128,1.61317,42394
2026-07-30T17:00:00.000Z,1.61315,1.61489,1.61219,1.61479,17907
2026-07-30T21:00:00.000Z,1.61453,1.61514,1.61357,1.61416,10850
2026-07-31T01:00:00.000Z,1.61417,1.61425,1.61284,1.61335,15656
2026-07-31T05:00:00.000Z,1.61335,1.61489,1.6128,1.6141,24217
2026-07-31T09:00:00.000Z,1.61408,1.61416,1.6115,1.61247,24656
2026-07-31T13:00:00.000Z,1.61247,1.616,1.60706,1.61579,40046
2026-07-31T17:00:00.000Z,1.6158,1.6178,1.61537,1.61671,25623
2026-08-02T21:00:00.000Z,1.61716,1.61901,1.61642,1.61828,17747
2026-08-03T01:00:00.000Z,1.61828,1.61891,1.61725,1.61849,15616
2026-08-03T05:00:00.000Z,1.61849,1.6188,1.61743,1.61784,19226
2026-08-03T09:00:00.000Z,1.61783,1.61855,1.61716,1.61831,21117
2026-08-03T13:00:00.000Z,1.6183,1.61944,1.61493,1.61584,28267
2026-08-03T17:00:00.000Z,1.61582,1.61709,1.61557,1.61628,12146
2026-08-03T21:00:00.000Z,1.61626,1.61671,1.61559,1.61565,8659
2026-08-04T01:00:00.000Z,1.61564,1.61692,1.61552,1.61645,15719
2026-08-04T05:00:00.000Z,1.61645,1.61826,1.61542,1.61548,19917
2026-08-04T09:00:00.000Z,1.61547,1.61949,1.61501,1.61923,22186
2026-08-04T13:00:00.000Z,1.61926,1.62196,1.61903,1.62127,26889
2026-08-04T17:00:00.000Z,1.62129,1.62242,1.62121,1.62158,13634
2026-08-04T21:00:00.000Z,1.62088,1.62242,1.62052,1.62206,7732
2026-08-05T01:00:00.000Z,1.62207,1.62369,1.62173,1.62339,15424
2026-08-05T05:00:00.000Z,1.62337,1.62479,1.62268,1.62282,20744
2026-08-05T09:00:00.000Z,1.62283,1.62387,1.62201,1.62221,24160
2026-08-05T13:00:00.000Z,1.62219,1.6229,1.61808,1.61934,30527
2026-08-05T17:00:00.000Z,1.61927,1.61951,1.6179,1.61844,13761
2026-08-05T21:00:00.000Z,1.61829,1.61897,1.61757,1.61855,6921
2026-08-06T01:00:00.000Z,1.61854,1.61866,1.6179,1.61827,11121
2026-08-06T05:00:00.000Z,1.61826,1.61828,1.61662,1.61698,16465
2026-08-06T09:00:00.000Z,1.61696,1.61701,1.61483,1.61597,16311
2026-08-06T13:00:00.000Z,1.61598,1.61793,1.61506,1.61519,25794
2026-08-06T17:00:00.000Z,1.61519,1.61545,1.6142,1.61435,11370
2026-08-06T21:00:00.000Z,1.6144,1.61501,1.61351,1.61471,5606
2026-08-07T01:00:00.000Z,1.61473,1.61548,1.61457,1.61539,11261
2026-08-07T05:00:00.000Z,1.61538,1.6163,1.61498,1.61581,14405
2026-08-07T09:00:00.000Z,1.61582,1.61747,1.61337,1.61405,24222
2026-08-07T13:00:00.000Z,1.61404,1.61442,1.60961,1.61062,29548
2026-08-07T17:00:00.000Z,1.61061,1.61277,1.61036,1.61143,12688
2026-08-09T21:00:00.000Z,1.61243,1.61263,1.61105,1.61221,6973
2026-08-10T01:00:00.000Z,1.61221,1.61277,1.61162,1.61252,12602
2026-08-10T05:00:00.000Z,1.61253,1.6129,1.61115,1.61153,17060
2026-08-10T09:00:00.000Z,1.61154,1.61189,1.60989,1.61049,17910
2026-08-10T13:00:00.000Z,1.6105,1.61199,1.60825,1.60883,20882
2026-08-10T17:00:00.000Z,1.60881,1.60986,1.60846,1.60886,11022
2026-08-10T21:00:00.000Z,1.60861,1.60908,1.60775,1.60854,5927
2026-08-11T01:00:00.000Z,1.60855,1.60883,1.60757,1.60787,13389
2026-08-11T05:00:00.000Z,1.60789,1.60829,1.60664,1.60735,17772
2026-08-11T09:00:00.000Z,1.60733,1.60837,1.60683,1.60807,18500
2026-08-11T13:00:00.000Z,1.60806,1.60939,1.6058,1.6058,20616
2026-08-11T17:00:00.000Z,1.60575,1.60734,1.6056,1.60704,11243
2026-08-11T21:00:00.000Z,1.60642,1.60714,1.60607,1.60668,5200
2026-08-12T01:00:00.000Z,1.60669,1.60717,1.60647,1.60687,8866
2026-08-12T05:00:00.000Z,1.60687,1.60768,1.6064,1.60711,14668
2026-08-12T09:00:00.000Z,1.60713,1.60877,1.60613,1.60797,22831
2026-08-12T13:00:00.000Z,1.60799,1.60843,1.60598,1.60704,24867
2026-08-12T17:00:00.000Z,1.60704,1.60768,1.60604,1.60643,10877
2026-08-12T21:00:00.000Z,1.60612,1.60702,1.60535,1.60677,6281
2026-08-13T01:00:00.000Z,1.60678,1.6074,1.60666,1.60706,12523
2026-08-13T05:00:00.000Z,1.60705,1.60833,1.60635,1.60776,17794
2026-08-13T09:00:00.000Z,1.60777,1.60869,1.6072,1.60799,18640
2026-08-13T13:00:00.000Z,1.60798,1.60953,1.60559,1.60598,25863
2026-08-13T17:00:00.000Z,1.60596,1.60684,1.6054,1.60583,11100
2026-08-13T21:00:00.000Z,1.60549,1.60647,1.60534,1.60618,6719
2026-08-14T01:00:00.000Z,1.60617,1.60673,1.60588,1.60593,11829
2026-08-14T05:00:00.000Z,1.60595,1.60599,1.60388,1.6052,17518
2026-08-14T09:00:00.000Z,1.60521,1.60622,1.60425,1.60537,21133
2026-08-14T13:00:00.000Z,1.60538,1.60748,1.60466,1.60511,25764
2026-08-14T17:00:00.000Z,1.6051,1.60528,1.60444,1.60474,11430
2026-08-16T21:00:00.000Z,1.60394,1.6057,1.60367,1.60564,7225
2026-08-17T01:00:00.000Z,1.60565,1.60629,1.60555,1.60595,11990
2026-08-17T05:00:00.000Z,1.60594,1.60883,1.60574,1.60726,20138
2026-08-17T09:00:00.000Z,1.60723,1.60749,1.60531,1.60629,19064
2026-08-17T13:00:00.000Z,1.60632,1.60764,1.60509,1.6071,23801
2026-08-17T17:00:00.000Z,1.60709,1.60744,1.60539,1.60642,12781
2026-08-17T21:00:00.000Z,1.60572,1.60659,1.60546,1.60635,6222
2026-08-18T01:00:00.000Z,1.60637,1.60685,1.60504,1.60552,13742
2026-08-18T05:00:00.000Z,1.60551,1.60581,1.60431,1.60518,17687
2026-08-18T09:00:00.000Z,1.6052,1.60632,1.60467,1.60574,17257
2026-08-18T13:00:00.000Z,1.60569,1.60941,1.60495,1.60908,25616
2026-08-18T17:00:00.000Z,1.60908,1.61,1.60823,1.60841,12294
2026-08-18T21:00:00.000Z,1.6075,1.60931,1.60745,1.60893,8396
2026-08-19T01:00:00.000Z,1.60894,1.60942,1.60684,1.60808,17517
2026-08-19T05:00:00.000Z,1.60806,1.61036,1.60788,1.60947,20138
2026-08-19T09:00:00.000Z,1.60946,1.61356,1.60891,1.61267,22176
2026-08-19T13:00:00.000Z,1.61268,1.61296,1.61025,1.6116,41112
2026-08-19T17:00:00.000Z,1.61161,1.613,1.61111,1.61234,20790
2026-08-19T21:00:00.000Z,1.61164,1.61259,1.61122,1.61194,9904
2026-08-20T01:00:00.000Z,1.61195,1.61217,1.61077,1.61091,18632
2026-08-20T05:00:00.000Z,1.61093,1.6116,1.60977,1.61068,24394
2026-08-20T09:00:00.000Z,1.61067,1.61166,1.60798,1.61021,29115
2026-08-20T13:00:00.000Z,1.61023,1.61057,1.60858,1.60963,30925
2026-08-20T17:00:00.000Z,1.60964,1.61071,1.60907,1.6099,12921
2026-08-20T21:00:00.000Z,1.60995,1.61064,1.60916,1.60957,7814
2026-08-21T01:00:00.000Z,1.60957,1.61042,1.60923,1.60958,12989
2026-08-21T05:00:00.000Z,1.60959,1.61006,1.60808,1.60896,18394
2026-08-21T09:00:00.000Z,1.60896,1.6096,1.60614,1.60684,23605
2026-08-21T13:00:00.000Z,1.60685,1.60863,1.60536,1.60792,26799
2026-08-21T17:00:00.000Z,1.60793,1.60796,1.60682,1.60737,12171
2026-08-23T21:00:00.000Z,1.61239,1.6128,1.60992,1.61095,9938
2026-08-24T01:00:00.000Z,1.61095,1.61152,1.61053,1.61144,15545
2026-08-24T05:00:00.000Z,1.61145,1.61475,1.61109,1.61434,20941
2026-08-24T09:00:00.000Z,1.61435,1.61566,1.61309,1.61434,21784
2026-08-24T13:00:00.000Z,1.61436,1.61527,1.61281,1.61524,26330
2026-08-24T17:00:00.000Z,1.61525,1.61578,1.61433,1.6147,12840
2026-08-24T21:00:00.000Z,1.6142,1.61564,1.6135,1.61546,6916
2026-08-25T01:00:00.000Z,1.61548,1.61568,1.61488,1.6153,11472
2026-08-25T05:00:00.000Z,1.6153,1.61709,1.61499,1.61706,16973
2026-08-25T09:00:00.000Z,1.61702,1.61733,1.61528,1.61582,20285
2026-08-25T13:00:00.000Z,1.61583,1.61633,1.61362,1.615,25736
2026-08-25T17:00:00.000Z,1.61501,1.61548,1.61361,1.61529,12564
2026-08-25T21:00:00.000Z,1.61492,1.61598,1.61429,1.61565,7133
2026-08-26T01:00:00.000Z,1.61565,1.61689,1.61543,1.61679,13795
2026-08-26T05:00:00.000Z,1.6168,1.61856,1.6159,1.61819,15313
2026-08-26T09:00:00.000Z,1.6182,1.6182,1.61653,1.61679,19149
2026-08-26T13:00:00.000Z,1.61676,1.61807,1.61565,1.61658,28405
2026-08-26T17:00:00.000Z,1.61656,1.61728,1.61627,1.61674,11259
2026-08-26T21:00:00.000Z,1.616,1.61763,1.61556,1.6169,7250
2026-08-27T01:00:00.000Z,1.61691,1.61809,1.61686,1.61776,10676
2026-08-27T05:00:00.000Z,1.61778,1.61849,1.61664,1.6167,16120
2026-08-27T09:00:00.000Z,1.61672,1.61672,1.61388,1.61468,21262
2026-08-27T13:00:00.000Z,1.61468,1.6156,1.61375,1.61434,25880
2026-08-27T17:00:00.000Z,1.61433,1.61464,1.61332,1.61432,10989
2026-08-27T21:00:00.000Z,1.61352,1.61447,1.61313,1.6137,6604
2026-08-28T01:00:00.000Z,1.61372,1.6143,1.61287,1.61308,10436
2026-08-28T05:00:00.000Z,1.61308,1.61376,1.61248,1.61327,15619
2026-08-28T09:00:00.000Z,1.61326,1.61384,1.61209,1.61368,17578
2026-08-28T13:00:00.000Z,1.61368,1.61407,1.61043,1.61067,37692
2026-08-28T17:00:00.000Z,1.61067,1.61104,1.60998,1.6105,15978
2026-08-30T21:00:00.000Z,1.61002,1.61124,1.60977,1.61108,9810
2026-08-31T01:00:00.000Z,1.6111,1.6113,1.60968,1.60986,17149
2026-08-31T05:00:00.000Z,1.60987,1.61219,1.60981,1.61128,17765
2026-08-31T09:00:00.000Z,1.61126,1.6119,1.60921,1.60936,19306
2026-08-31T13:00:00.000Z,1.60938,1.61075,1.60863,1.60991,24246
2026-08-31T17:00:00.000Z,1.60992,1.61012,1.6088,1.60949,11841
2026-08-31T21:00:00.000Z,1.60912,1.60988,1.60865,1.60947,7998
2026-09-01T01:00:00.000Z,1.60946,1.60981,1.60899,1.6092,13421
2026-09-01T05:00:00.000Z,1.6092,1.60961,1.60747,1.60808,18657
2026-09-01T09:00:00.000Z,1.60809,1.60962,1.60766,1.60937,20406
2026-09-01T13:00:00.000Z,1.60936,1.61243,1.60893,1.61084,25355
2026-09-01T17:00:00.000Z,1.61085,1.61187,1.61011,1.6108,12767
2026-09-01T21:00:00.000Z,1.60971,1.61129,1.60927,1.60984,8211
2026-09-02T01:00:00.000Z,1.60982,1.61148,1.6091,1.61141,16941
2026-09-02T05:00:00.000Z,1.61142,1.61365,1.6103,1.61274,22312
2026-09-02T09:00:00.000Z,1.61275,1.61325,1.6109,1.61117,23185
2026-09-02T13:00:00.000Z,1.61118,1.61361,1.60416,1.60426,34048
2026-09-02T17:00:00.000Z,1.60425,1.60444,1.60279,1.60423,14393
2026-09-02T21:00:00.000Z,1.60309,1.60431,1.60271,1.60355,6571
2026-09-03T01:00:00.000Z,1.60357,1.60384,1.60271,1.60353,16660
2026-09-03T05:00:00.000Z,1.60352,1.60536,1.60219,1.60252,26584
2026-09-03T09:00:00.000Z,1.60252,1.60399,1.60121,1.60311,27618
2026-09-03T13:00:00.000Z,1.6031,1.60413,1.60126,1.60216,32583
2026-09-03T17:00:00.000Z,1.60217,1.60407,1.60216,1.60315,14536
2026-09-03T21:00:00.000Z,1.60318,1.60387,1.60232,1.60339,8657
2026-09-04T01:00:00.000Z,1.6034,1.60387,1.60293,1.60341,13221
2026-09-04T05:00:00.000Z,1.60343,1.60472,1.60321,1.60431,16384
2026-09-04T09:00:00.000Z,1.60433,1.60916,1.59975,1.60873,22953
2026-09-04T13:00:00.000Z,1.60872,1.60971,1.60691,1.60784,30615
2026-09-04T17:00:00.000Z,1.60784,1.60787,1.60601,1.60688,12643
2026-09-06T21:00:00.000Z,1.60554,1.60735,1.60468,1.60684,6425
2026-09-07T01:00:00.000Z,1.60685,1.60687,1.60626,1.60633,11029
2026-09-07T05:00:00.000Z,1.60632,1.60812,1.60603,1.6066,17718
2026-09-07T09:00:00.000Z,1.60661,1.60705,1.60544,1.6056,14705
2026-09-07T13:00:00.000Z,1.60562,1.60635,1.60525,1.60581,11630
2026-09-07T17:00:00.000Z,1.60581,1.60587,1.60508,1.60526,3207
2026-09-07T21:00:00.000Z,1.60494,1.60586,1.60486,1.60529,8748
2026-09-08T01:00:00.000Z,1.6053,1.60569,1.60433,1.60449,15791
2026-09-08T05:00:00.000Z,1.60447,1.6045,1.60153,1.6024,21108
2026-09-08T09:00:00.000Z,1.6024,1.60387,1.60213,1.60223,21668
2026-09-08T13:00:00.000Z,1.60224,1.60282,1.6,1.60257,24233
2026-09-08T17:00:00.000Z,1.60254,1.60294,1.60148,1.60179,15296
2026-09-08T21:00:00.000Z,1.60157,1.60264,1.60157,1.60217,6383
2026-09-09T01:00:00.000Z,1.60218,1.60263,1.60189,1.60206,10480
2026-09-09T05:00:00.000Z,1.60208,1.60401,1.60195,1.60277,17632
2026-09-09T09:00:00.000Z,1.60278,1.60468,1.60166,1.60453,19444
2026-09-09T13:00:00.000Z,1.60455,1.60717,1.60449,1.60636,28740
2026-09-09T17:00:00.000Z,1.60638,1.60679,1.60506,1.60576,11501
2026-09-09T21:00:00.000Z,1.60518,1.60601,1.60483,1.6058,6026
2026-09-10T01:00:00.000Z,1.60579,1.60676,1.60574,1.60657,9146