time,open,high,low,close,volume
2023-09-10T21:00:00.000Z,157.44,157.726,157.101,157.433,22617
2023-09-11T01:00:00.000Z,157.433,157.584,156.879,156.942,34233
2023-09-11T05:00:00.000Z,156.943,157.148,156.576,156.997,34820
2023-09-11T09:00:00.000Z,157.004,157.693,156.893,157.151,32011
2023-09-11T13:00:00.000Z,157.152,157.522,157.092,157.468,34457
2023-09-11T17:00:00.000Z,157.469,157.565,157.357,157.565,16158
2023-09-11T21:00:00.000Z,157.436,157.742,157.435,157.602,13885
2023-09-12T01:00:00.000Z,157.603,157.791,157.369,157.57,22910
2023-09-12T05:00:00.000Z,157.57,157.754,157.175,157.267,29648
2023-09-12T09:00:00.000Z,157.266,157.642,157.251,157.524,30563
2023-09-12T13:00:00.000Z,157.525,157.917,157.52,157.817,32308
2023-09-12T17:00:00.000Z,157.819,158.285,157.804,158.205,18721
2023-09-12T21:00:00.000Z,158.097,158.49,158.073,158.481,13616
2023-09-13T01:00:00.000Z,158.483,158.647,158.315,158.481,24882
2023-09-13T05:00:00.000Z,158.48,158.487,158,158.072,34366
2023-09-13T09:00:00.000Z,158.073,158.603,158.063,158.456,38002
2023-09-13T13:00:00.000Z,158.458,158.501,158.207,158.257,38658
2023-09-13T17:00:00.000Z,158.256,158.304,158.127,158.229,17650
2023-09-13T21:00:00.000Z,158.115,158.182,157.923,157.974,12149
2023-09-14T01:00:00.000Z,157.974,158.148,157.913,158.139,21889
2023-09-14T05:00:00.000Z,158.136,158.264,157.979,158.102,29212
2023-09-14T09:00:00.000Z,158.1,158.415,157.212,157.386,38115
2023-09-14T13:00:00.000Z,157.389,157.41,156.633,156.788,45236
2023-09-14T17:00:00.000Z,156.79,156.99,156.749,156.937,17214
2023-09-14T21:00:00.000Z,156.892,156.97,156.796,156.927,13118
2023-09-15T01:00:00.000Z,156.93,157.055,156.715,157.039,22302
2023-09-15T05:00:00.000Z,157.04,157.643,156.953,157.613,33678
2023-09-15T09:00:00.000Z,157.614,157.737,157.417,157.569,29377
2023-09-15T13:00:00.000Z,157.569,157.898,157.525,157.808,39905
2023-09-15T17:00:00.000Z,157.808,157.808,157.573,157.627,17262
2023-09-17T21:00:00.000Z,157.488,157.773,157.431,157.632,10551
2023-09-18T01:00:00.000Z,157.633,157.706,157.519,157.551,19106
2023-09-18T05:00:00.000Z,157.552,157.619,157.345,157.434,27165
2023-09-18T09:00:00.000Z,157.433,157.587,157.375,157.431,25894
2023-09-18T13:00:00.000Z,157.432,157.928,157.408,157.84,29855
2023-09-18T17:00:00.000Z,157.844,157.934,157.689,157.818,15771
2023-09-18T21:00:00.000Z,157.696,157.928,157.679,157.807,11861
2023-09-19T01:00:00.000Z,157.81,157.903,157.782,157.795,18653
2023-09-19T05:00:00.000Z,157.793,157.963,157.764,157.853,27840
2023-09-19T09:00:00.000Z,157.848,158.277,157.765,158.113,29089
2023-09-19T13:00:00.000Z,158.116,158.141,157.804,157.945,29761
2023-09-19T17:00:00.000Z,157.945,158.036,157.852,157.928,14918
2023-09-19T21:00:00.000Z,157.851,157.928,157.745,157.857,12748
2023-09-20T01:00:00.000Z,157.856,157.978,157.811,157.861,15601
2023-09-20T05:00:00.000Z,157.863,158.428,157.825,158.396,30667
2023-09-20T09:00:00.000Z,158.397,158.414,158.13,158.181,26073
2023-09-20T13:00:00.000Z,158.179,158.449,158.166,158.386,28096
2023-09-20T17:00:00.000Z,158.386,158.396,157.902,158.121,37768
2023-09-20T21:00:00.000Z,158.024,158.078,157.707,157.773,16791
2023-09-21T01:00:00.000Z,157.774,157.861,157.365,157.789,22150
2023-09-21T05:00:00.000Z,157.792,158.061,157.727,157.899,31542
2023-09-21T09:00:00.000Z,157.899,158.062,157.202,157.448,38418
2023-09-21T13:00:00.000Z,157.454,157.603,157.029,157.182,37587
2023-09-21T17:00:00.000Z,157.183,157.369,157.176,157.321,16703
2023-09-21T21:00:00.000Z,157.216,157.443,157.213,157.31,12707
2023-09-22T01:00:00.000Z,157.31,157.968,157.113,157.708,26948
2023-09-22T05:00:00.000Z,157.71,158.277,157.405,157.872,38306
2023-09-22T09:00:00.000Z,157.871,158.047,157.594,157.968,28839
2023-09-22T13:00:00.000Z,157.969,158.102,157.759,158.006,30433
2023-09-22T17:00:00.000Z,158.015,158.065,157.858,157.914,17519
2023-09-24T21:00:00.000Z,157.908,158.147,157.765,158.038,14705
2023-09-25T01:00:00.000Z,158.036,158.043,157.905,157.979,18032
2023-09-25T05:00:00.000Z,157.979,158.106,157.751,157.857,28365
2023-09-25T09:00:00.000Z,157.856,158.177,157.808,157.985,28549
2023-09-25T13:00:00.000Z,157.986,158.036,157.48,157.61,32145
2023-09-25T17:00:00.000Z,157.611,157.712,157.513,157.708,14956
2023-09-25T21:00:00.000Z,157.623,157.707,157.377,157.578,13974
2023-09-26T01:00:00.000Z,157.579,157.712,157.506,157.7,22101
2023-09-26T05:00:00.000Z,157.702,157.808,157.489,157.778,34165
2023-09-26T09:00:00.000Z,157.778,157.92,157.724,157.807,28647
2023-09-26T13:00:00.000Z,157.806,157.858,157.356,157.398,33773
2023-09-26T17:00:00.000Z,157.397,157.618,157.315,157.593,15096
2023-09-26T21:00:00.000Z,157.374,157.598,157.3,157.373,13127
2023-09-27T01:00:00.000Z,157.374,157.446,157.3,157.366,19944
2023-09-27T05:00:00.000Z,157.368,157.614,157.318,157.406,24552
2023-09-27T09:00:00.000Z,157.406,157.578,157.127,157.337,29489
2023-09-27T13:00:00.000Z,157.336,157.368,157.003,157.137,33933
2023-09-27T17:00:00.000Z,157.138,157.253,156.951,157.166,23282
2023-09-27T21:00:00.000Z,157.055,157.189,156.824,157.15,13280
2023-09-28T01:00:00.000Z,157.147,157.224,156.824,156.856,23017
2023-09-28T05:00:00.000Z,156.859,157.187,156.702,157.089,31647
2023-09-28T09:00:00.000Z,157.094,157.504,157.066,157.192,37312
2023-09-28T13:00:00.000Z,157.192,157.865,157.185,157.615,39379
2023-09-28T17:00:00.000Z,157.616,157.746,157.479,157.734,18711
2023-09-28T21:00:00.000Z,157.641,157.873,157.62,157.805,10400
2023-09-29T01:00:00.000Z,157.806,158.102,157.792,158.028,20850
2023-09-29T05:00:00.000Z,158.031,158.192,157.393,158.132,33784
2023-09-29T09:00:00.000Z,158.132,158.331,157.978,158.133,34206
2023-09-29T13:00:00.000Z,158.131,158.175,157.797,158.036,41364
2023-09-29T17:00:00.000Z,158.034,158.082,157.861,157.909,22579
2023-10-01T21:00:00.000Z,158.028,158.181,157.858,158.12,15245
2023-10-02T01:00:00.000Z,158.119,158.349,158.082,158.243,17486
2023-10-02T05:00:00.000Z,158.243,158.472,158.014,158.141,29509
2023-10-02T09:00:00.000Z,158.14,158.148,157.637,157.734,34428
2023-10-02T13:00:00.000Z,157.729,157.765,157.131,157.146,42202
2023-10-02T17:00:00.000Z,157.145,157.349,156.997,157.038,22648
2023-10-02T21:00:00.000Z,156.956,157.08,156.784,156.957,12990
2023-10-03T01:00:00.000Z,156.956,156.982,156.746,156.817,18121
2023-10-03T05:00:00.000Z,156.818,157.192,156.725,157.09,29678
2023-10-03T09:00:00.000Z,157.091,157.21,156.873,156.906,29760
2023-10-03T13:00:00.000Z,156.906,157.152,154.332,155.986,53368
2023-10-03T17:00:00.000Z,155.987,156.059,155.744,156.013,21559
2023-10-03T21:00:00.000Z,155.915,156.26,155.864,156.219,14457
2023-10-04T01:00:00.000Z,156.217,156.261,156.045,156.171,18635
2023-10-04T05:00:00.000Z,156.18,156.311,155.823,156.224,25970
2023-10-04T09:00:00.000Z,156.224,156.766,156.211,156.688,33612
2023-10-04T13:00:00.000Z,156.687,156.724,156.273,156.508,40547
2023-10-04T17:00:00.000Z,156.508,156.744,156.47,156.649,21598
2023-10-04T21:00:00.000Z,156.395,156.606,156.236,156.273,13155
2023-10-05T01:00:00.000Z,156.273,156.384,156.083,156.279,23543
2023-10-05T05:00:00.000Z,156.28,156.784,156.241,156.518,31467
2023-10-05T09:00:00.000Z,156.519,156.742,156.399,156.591,34644
2023-10-05T13:00:00.000Z,156.592,156.658,156.212,156.353,46632
2023-10-05T17:00:00.000Z,156.354,156.694,156.224,156.689,22787
2023-10-05T21:00:00.000Z,156.55,156.725,156.491,156.692,11319
2023-10-06T01:00:00.000Z,156.692,156.831,156.521,156.797,19430
2023-10-06T05:00:00.000Z,156.799,157.12,156.782,157.073,28474
2023-10-06T09:00:00.000Z,157.073,157.519,156.629,156.831,39008
2023-10-06T13:00:00.000Z,156.832,157.995,156.753,157.941,55943
2023-10-06T17:00:00.000Z,157.939,158.26,157.925,157.98,23051
2023-10-08T21:00:00.000Z,157.336,157.697,157.243,157.65,29232
2023-10-09T01:00:00.000Z,157.649,157.649,157.348,157.399,23579
2023-10-09T05:00:00.000Z,157.396,157.488,156.923,157.214,42703
2023-10-09T09:00:00.000Z,157.214,157.248,156.887,157.006,39098
2023-10-09T13:00:00.000Z,157.004,157.192,156.504,156.681,55915
2023-10-09T17:00:00.000Z,156.683,156.997,156.683,156.924,28297
2023-10-09T21:00:00.000Z,156.888,157.173,156.758,157.019,20389
2023-10-10T01:00:00.000Z,157.019,157.141,156.896,157.09,27869
2023-10-10T05:00:00.000Z,157.091,157.843,156.842,157.821,49780
2023-10-10T09:00:00.000Z,157.82,157.97,157.6,157.762,48135
2023-10-10T13:00:00.000Z,157.76,157.968,157.642,157.717,55407
2023-10-10T17:00:00.000Z,157.718,157.738,157.536,157.708,29187
2023-10-10T21:00:00.000Z,157.631,157.699,157.516,157.641,14451
2023-10-11T01:00:00.000Z,157.641,157.896,157.594,157.841,21132
2023-10-11T05:00:00.000Z,157.84,158.039,157.574,157.705,43626
2023-10-11T09:00:00.000Z,157.705,158.022,157.591,158.018,49084
2023-10-11T13:00:00.000Z,158.02,158.465,157.908,158.203,56271
2023-10-11T17:00:00.000Z,158.208,158.449,157.977,158.413,29735
2023-10-11T21:00:00.000Z,158.282,158.486,158.216,158.415,15664
2023-10-12T01:00:00.000Z,158.415,158.565,158.315,158.531,22570
2023-10-12T05:00:00.000Z,158.531,158.608,158.343,158.416,37974
2023-10-12T09:00:00.000Z,158.421,158.466,158.008,158.133,49366
2023-10-12T13:00:00.000Z,158.132,158.169,157.698,157.939,60435
2023-10-12T17:00:00.000Z,157.94,157.944,157.64,157.696,31145
2023-10-12T21:00:00.000Z,157.697,157.886,157.651,157.818,15338
2023-10-13T01:00:00.000Z,157.818,157.983,157.778,157.867,20492
2023-10-13T05:00:00.000Z,157.868,158.041,157.637,157.988,39889
2023-10-13T09:00:00.000Z,157.988,158.028,157.273,157.569,53100
2023-10-13T13:00:00.000Z,157.57,157.582,157.062,157.182,38094
2023-10-13T17:00:00.000Z,157.18,157.212,157.041,157.162,21688
2023-10-15T21:00:00.000Z,156.982,157.411,156.96,157.23,17141
2023-10-16T01:00:00.000Z,157.23,157.356,157.22,157.289,17847
2023-10-16T05:00:00.000Z,157.29,157.612,157.242,157.579,27758
2023-10-16T09:00:00.000Z,157.58,157.612,157.373,157.543,26513
2023-10-16T13:00:00.000Z,157.545,157.984,157.484,157.768,27779
2023-10-16T17:00:00.000Z,157.768,157.935,157.687,157.892,14017
2023-10-16T21:00:00.000Z,157.89,157.996,157.783,157.814,11287
2023-10-17T01:00:00.000Z,157.813,157.845,157.698,157.733,15998
2023-10-17T05:00:00.000Z,157.733,157.89,157.595,157.67,24656
2023-10-17T09:00:00.000Z,157.666,158.104,157.119,157.961,32682
2023-10-17T13:00:00.000Z,157.961,158.616,157.869,158.434,41284
2023-10-17T17:00:00.000Z,158.435,158.481,158.264,158.427,19056
2023-10-17T21:00:00.000Z,158.448,158.456,158.14,158.221,10173
2023-10-18T01:00:00.000Z,158.218,158.373,158.126,158.282,21884
2023-10-18T05:00:00.000Z,158.28,158.526,158.215,158.507,33493
2023-10-18T09:00:00.000Z,158.507,158.54,157.939,158.069,34492
2023-10-18T13:00:00.000Z,158.071,158.171,157.682,157.86,42786
2023-10-18T17:00:00.000Z,157.86,158.052,157.815,157.957,24104
2023-10-18T21:00:00.000Z,157.919,157.945,157.725,157.827,15171
2023-10-19T01:00:00.000Z,157.828,157.888,157.733,157.801,20701
2023-10-19T05:00:00.000Z,157.8,157.975,157.677,157.86,33993
2023-10-19T09:00:00.000Z,157.863,158.485,157.855,158.453,35140
2023-10-19T13:00:00.000Z,158.455,158.928,158.272,158.664,50273
2023-10-19T17:00:00.000Z,158.663,158.786,158.479,158.496,34504
2023-10-19T21:00:00.000Z,158.408,158.608,158.4,158.476,13579
2023-10-20T01:00:00.000Z,158.477,158.534,158.423,158.482,18807
2023-10-20T05:00:00.000Z,158.481,158.862,158.338,158.756,34748
2023-10-20T09:00:00.000Z,158.756,158.926,158.463,158.719,33863
2023-10-20T13:00:00.000Z,158.719,158.896,158.513,158.684,39562
2023-10-20T17:00:00.000Z,158.684,158.885,158.643,158.754,24216
2023-10-22T21:00:00.000Z,158.758,158.809,158.56,158.655,12253
2023-10-23T01:00:00.000Z,158.654,158.658,158.506,158.574,14569
2023-10-23T05:00:00.000Z,158.573,159.024,158.5,158.965,27264
2023-10-23T09:00:00.000Z,158.966,159.164,158.779,159.083,32643
2023-10-23T13:00:00.000Z,159.084,159.657,158.806,159.622,37448
2023-10-23T17:00:00.000Z,159.626,159.772,159.473,159.725,22019
2023-10-23T21:00:00.000Z,159.623,159.836,159.587,159.738,12062
2023-10-24T01:00:00.000Z,159.738,159.888,159.603,159.813,20281
2023-10-24T05:00:00.000Z,159.811,159.914,159.007,159.219,33353
2023-10-24T09:00:00.000Z,159.219,159.352,158.991,159.022,32641
2023-10-24T13:00:00.000Z,159.02,159.163,158.531,158.581,39038
2023-10-24T17:00:00.000Z,158.582,158.796,158.576,158.724,18444
2023-10-24T21:00:00.000Z,158.72,158.84,158.628,158.765,11916
2023-10-25T01:00:00.000Z,158.765,158.926,158.708,158.923,14438
2023-10-25T05:00:00.000Z,158.926,158.937,158.577,158.679,24737
2023-10-25T09:00:00.000Z,158.679,158.683,158.4,158.535,27018
2023-10-25T13:00:00.000Z,158.535,158.838,158.433,158.581,40645
2023-10-25T17:00:00.000Z,158.581,158.814,158.419,158.768,25431
2023-10-25T21:00:00.000Z,158.678,158.697,158.51,158.609,15004
2023-10-26T01:00:00.000Z,158.61,158.685,158.546,158.634,19992
2023-10-26T05:00:00.000Z,158.632,158.843,157.995,158.606,34050
2023-10-26T09:00:00.000Z,158.609,158.609,158.289,158.597,34603
2023-10-26T13:00:00.000Z,158.598,158.617,158.281,158.365,44661
2023-10-26T17:00:00.000Z,158.364,158.9,158.348,158.824,25527
2023-10-26T21:00:00.000Z,158.769,158.882,158.653,158.755,12911
2023-10-27T01:00:00.000Z,158.754,158.773,158.6,158.686,16920
2023-10-27T05:00:00.000Z,158.687,158.734,158.437,158.509,27810
2023-10-27T09:00:00.000Z,158.509,158.546,157.991,158.198,31476
2023-10-27T13:00:00.000Z,158.2,158.563,158.194,158.348,40829
2023-10-27T17:00:00.000Z,158.348,158.348,157.877,158.082,28982
2023-10-29T21:00:00.000Z,157.972,158.236,157.941,158.227,13664
2023-10-30T01:00:00.000Z,158.228,158.236,157.906,157.953,15298
2023-10-30T05:00:00.000Z,157.955,158.058,157.687,157.955,26942
2023-10-30T09:00:00.000Z,157.955,158.862,157.936,158.824,31000
2023-10-30T13:00:00.000Z,158.825,158.924,158.054,158.07,42449
2023-10-30T17:00:00.000Z,158.068,158.308,158.003,158.212,18414
2023-10-30T21:00:00.000Z,158.201,158.588,158.171,158.554,11345
2023-10-31T01:00:00.000Z,158.555,159.074,158.244,159.067,31120
2023-10-31T05:00:00.000Z,159.071,160.12,158.988,160.119,32704
2023-10-31T09:00:00.000Z,160.117,160.844,159.741,160.342,39611
2023-10-31T13:00:00.000Z,160.344,160.405,159.967,160.294,46884
2023-10-31T17:00:00.000Z,160.299,160.437,159.778,160.406,27451
2023-10-31T21:00:00.000Z,160.259,160.424,159.947,160.055,16599
2023-11-01T01:00:00.000Z,160.055,160.101,159.783,159.911,20506
2023-11-01T05:00:00.000Z,159.907,160.019,159.662,159.711,27198
2023-11-01T09:00:00.000Z,159.719,159.756,159.317,159.338,32345
2023-11-01T13:00:00.000Z,159.338,159.523,159.081,159.153,43843
2023-11-01T17:00:00.000Z,159.152,159.608,159.057,159.547,42013
2023-11-01T21:00:00.000Z,159.388,159.599,159.282,159.395,16186
2023-11-02T01:00:00.000Z,159.394,159.436,159.065,159.406,22099
2023-11-02T05:00:00.000Z,159.406,159.652,159.221,159.442,28424
2023-11-02T09:00:00.000Z,159.439,160.057,159.346,159.949,38488
2023-11-02T13:00:00.000Z,159.951,160.082,159.661,159.798,43432
2023-11-02T17:00:00.000Z,159.798,159.914,159.745,159.826,21289
2023-11-02T21:00:00.000Z,159.808,159.846,159.589,159.686,12235
2023-11-03T01:00:00.000Z,159.686,159.823,159.682,159.693,16657
2023-11-03T05:00:00.000Z,159.69,159.856,159.679,159.828,21686
2023-11-03T09:00:00.000Z,159.828,160.122,159.744,159.974,33890
2023-11-03T13:00:00.000Z,159.977,160.376,159.843,160.374,53265
2023-11-03T17:00:00.000Z,160.374,160.399,160.225,160.24,25542
2023-11-05T22:00:00.000Z,160.195,160.503,160.116,160.432,18466
2023-11-06T02:00:00.000Z,160.432,160.679,160.423,160.534,17603
2023-11-06T06:00:00.000Z,160.535,160.88,160.498,160.862,31155
2023-11-06T10:00:00.000Z,160.861,160.98,160.742,160.86,29205
2023-11-06T14:00:00.000Z,160.861,160.971,160.676,160.875,31435
2023-11-06T18:00:00.000Z,160.877,160.894,160.744,160.809,19408
2023-11-06T22:00:00.000Z,160.781,160.832,160.678,160.752,16171
2023-11-07T02:00:00.000Z,160.751,160.962,160.679,160.96,16887
2023-11-07T06:00:00.000Z,160.96,161.027,160.689,160.707,30069
2023-11-07T10:00:00.000Z,160.705,160.854,160.422,160.754,34417
2023-11-07T14:00:00.000Z,160.755,160.958,160.637,160.738,36206
2023-11-07T18:00:00.000Z,160.741,160.945,160.722,160.932,20785
2023-11-07T22:00:00.000Z,160.855,161.003,160.8,160.958,17680
2023-11-08T02:00:00.000Z,160.959,160.973,160.825,160.97,17845
2023-11-08T06:00:00.000Z,160.97,161.044,160.693,160.768,31759
2023-11-08T10:00:00.000Z,160.77,161.056,160.719,161.009,30961
2023-11-08T14:00:00.000Z,161.008,161.622,160.993,161.589,38109
2023-11-08T18:00:00.000Z,161.588,161.728,161.521,161.688,22209
2023-11-08T22:00:00.000Z,161.599,161.681,161.482,161.621,17263
2023-11-09T02:00:00.000Z,161.621,161.692,161.588,161.67,15306
2023-11-09T06:00:00.000Z,161.669,161.738,161.458,161.574,30563
2023-11-09T10:00:00.000Z,161.574,161.652,161.44,161.649,32619
2023-11-09T14:00:00.000Z,161.649,161.793,161.519,161.717,39722
2023-11-09T18:00:00.000Z,161.714,161.72,161.36,161.455,38917
2023-11-09T22:00:00.000Z,161.394,161.469,161.348,161.403,18119
2023-11-10T02:00:00.000Z,161.402,161.528,161.378,161.514,17045
2023-11-10T06:00:00.000Z,161.515,161.723,161.377,161.696,30544
2023-11-10T10:00:00.000Z,161.697,161.857,161.597,161.788,32039
2023-11-10T14:00:00.000Z,161.788,161.882,161.549,161.85,38786
2023-11-10T18:00:00.000Z,161.85,161.941,161.78,161.884,19982
2023-11-12T22:00:00.000Z,161.82,162.049,161.711,161.967,15542
2023-11-13T02:00:00.000Z,161.97,162.197,161.957,162.172,14017
2023-11-13T06:00:00.000Z,162.17,162.363,162.149,162.223,27173
2023-11-13T10:00:00.000Z,162.225,162.333,161.898,162.024,24219
2023-11-13T14:00:00.000Z,162.021,162.239,161.54,162.182,31088
2023-11-13T18:00:00.000Z,162.181,162.331,162.135,162.331,14426
2023-11-13T22:00:00.000Z,162.233,162.383,162.202,162.332,11709
2023-11-14T02:00:00.000Z,162.33,162.353,162.22,162.254,10920
2023-11-14T06:00:00.000Z,162.257,162.561,162.234,162.558,22461
2023-11-14T10:00:00.000Z,162.557,163.14,162.532,162.916,30458
2023-11-14T14:00:00.000Z,162.909,163.81,162.887,163.745,43950
2023-11-14T18:00:00.000Z,163.746,163.751,163.463,163.604,19282
2023-11-14T22:00:00.000Z,163.461,163.847,163.425,163.701,16756
2023-11-15T02:00:00.000Z,163.702,163.909,163.671,163.803,15238
2023-11-15T06:00:00.000Z,163.804,163.936,163.064,163.214,30989
2023-11-15T10:00:00.000Z,163.215,163.742,163.182,163.723,30655
2023-11-15T14:00:00.000Z,163.722,164.072,163.675,164.067,39701
2023-11-15T18:00:00.000Z,164.066,164.203,164.007,164.178,19298
2023-11-15T22:00:00.000Z,164.158,164.191,163.863,163.955,13787
2023-11-16T02:00:00.000Z,163.954,164.019,163.829,163.976,14275
2023-11-16T06:00:00.000Z,163.98,164.295,163.98,164.152,25118
2023-11-16T10:00:00.000Z,164.151,164.173,163.805,163.927,29996
2023-11-16T14:00:00.000Z,163.921,163.971,163.251,163.448,39442
2023-11-16T18:00:00.000Z,163.45,163.602,163.347,163.588,17868
2023-11-16T22:00:00.000Z,163.43,163.601,163.368,163.47,15059
2023-11-17T02:00:00.000Z,163.47,163.51,163.239,163.48,13893
2023-11-17T06:00:00.000Z,163.484,163.521,162.24,162.372,31366
2023-11-17T10:00:00.000Z,162.371,162.694,162.148,162.668,34364
2023-11-17T14:00:00.000Z,162.664,163.063,162.551,163.026,36334
2023-11-17T18:00:00.000Z,163.027,163.308,163.024,163.287,16207
2023-11-19T22:00:00.000Z,163.211,163.559,162.963,163.093,19766
2023-11-20T02:00:00.000Z,163.093,163.166,162.515,162.776,27587
2023-11-20T06:00:00.000Z,162.78,162.88,162.066,162.081,34207
2023-11-20T10:00:00.000Z,162.082,162.326,161.775,162.271,29910
2023-11-20T14:00:00.000Z,162.274,162.435,162.144,162.265,31604
2023-11-20T18:00:00.000Z,162.264,162.424,162.201,162.36,20253
2023-11-20T22:00:00.000Z,162.25,162.423,161.991,162.108,20450
2023-11-21T02:00:00.000Z,162.104,162.175,161.446,161.902,25659
2023-11-21T06:00:00.000Z,161.903,161.928,161.242,161.714,33689
2023-11-21T10:00:00.000Z,161.717,161.748,161.492,161.572,30248
2023-11-21T14:00:00.000Z,161.572,161.757,161.432,161.589,36507
2023-11-21T18:00:00.000Z,161.59,161.989,161.527,161.92,22729
2023-11-21T22:00:00.000Z,161.882,161.945,161.59,161.862,17821
2023-11-22T02:00:00.000Z,161.861,162.316,161.7,162.263,17673
2023-11-22T06:00:00.000Z,162.263,162.724,162.236,162.584,34355
2023-11-22T10:00:00.000Z,162.582,162.626,162.093,162.62,38106
2023-11-22T14:00:00.000Z,162.62,162.84,162.362,162.775,39270
2023-11-22T18:00:00.000Z,162.775,162.939,162.772,162.826,17561
2023-11-22T22:00:00.000Z,162.783,162.802,162.474,162.529,13107
2023-11-23T02:00:00.000Z,162.529,162.728,162.433,162.553,13554
2023-11-23T06:00:00.000Z,162.555,163.013,162.504,163.008,31539
2023-11-23T10:00:00.000Z,163.01,163.046,162.766,162.948,22046
2023-11-23T14:00:00.000Z,162.948,163.19,162.846,163.169,16533
2023-11-23T18:00:00.000Z,163.169,163.169,163.06,163.105,5032
2023-11-23T22:00:00.000Z,163.021,163.232,162.977,163.004,15940
2023-11-24T02:00:00.000Z,163.004,163.058,162.72,162.858,14295
2023-11-24T06:00:00.000Z,162.862,163.286,162.771,163.141,24088
2023-11-24T10:00:00.000Z,163.14,163.389,163.098,163.382,24211
2023-11-24T14:00:00.000Z,163.382,163.625,163.304,163.582,22879
2023-11-24T18:00:00.000Z,163.582,163.646,163.32,163.389,15899
2023-11-26T22:00:00.000Z,163.538,163.712,163.151,163.223,17956
2023-11-27T02:00:00.000Z,163.222,163.318,162.929,163.291,21576
2023-11-27T06:00:00.000Z,163.293,163.472,162.974,163.444,26907
2023-11-27T10:00:00.000Z,163.445,163.488,162.785,162.859,26719
2023-11-27T14:00:00.000Z,162.859,162.968,162.533,162.871,33687
2023-11-27T18:00:00.000Z,162.872,162.886,162.708,162.857,18744
2023-11-27T22:00:00.000Z,162.81,162.847,162.242,162.396,20773
2023-11-28T02:00:00.000Z,162.395,162.487,162.201,162.381,18888
2023-11-28T06:00:00.000Z,162.38,162.922,162.224,162.703,28455
2023-11-28T10:00:00.000Z,162.703,162.84,162.536,162.785,30347
2023-11-28T14:00:00.000Z,162.782,162.862,162.086,162.112,48763
2023-11-28T18:00:00.000Z,162.112,162.13,161.919,162.119,22883
2023-11-28T22:00:00.000Z,162.078,162.132,161.54,161.681,25136
2023-11-29T02:00:00.000Z,161.674,162.064,161.564,161.885,22700
2023-11-29T06:00:00.000Z,161.886,162.138,161.588,161.939,37480
2023-11-29T10:00:00.000Z,161.94,162.248,161.794,162.091,38665
2023-11-29T14:00:00.000Z,162.091,162.195,161.516,161.635,40882
2023-11-29T18:00:00.000Z,161.634,161.753,161.496,161.5,20312
2023-11-29T22:00:00.000Z,161.447,161.526,161.12,161.291,18733
2023-11-30T02:00:00.000Z,161.29,161.467,161.216,161.318,19698
2023-11-30T06:00:00.000Z,161.316,161.46,160.587,161.052,34808
2023-11-30T10:00:00.000Z,161.053,161.444,161.012,161.424,35274
2023-11-30T14:00:00.000Z,161.427,161.938,161.191,161.394,48130
2023-11-30T18:00:00.000Z,161.395,161.435,161.305,161.366,21699
2023-11-30T22:00:00.000Z,161.308,161.375,160.976,161.102,22454
2023-12-01T02:00:00.000Z,161.103,161.569,161.078,161.548,20160
2023-12-01T06:00:00.000Z,161.543,161.768,160.945,161.128,32702
2023-12-01T10:00:00.000Z,161.127,161.464,160.978,161.042,31044
2023-12-01T14:00:00.000Z,161.042,161.065,159.748,159.794,50469
2023-12-01T18:00:00.000Z,159.796,159.886,159.639,159.765,25943
2023-12-03T22:00:00.000Z,159.64,159.772,159.106,159.441,30912
2023-12-04T02:00:00.000Z,159.443,159.702,159.348,159.568,21836
2023-12-04T06:00:00.000Z,159.567,159.841,159.302,159.435,37065
2023-12-04T10:00:00.000Z,159.435,159.505,159.153,159.185,32351
2023-12-04T14:00:00.000Z,159.186,159.411,158.705,159.406,43925
2023-12-04T18:00:00.000Z,159.407,159.589,159.378,159.516,18059
2023-12-04T22:00:00.000Z,159.345,159.718,159.293,159.506,20142
2023-12-05T02:00:00.000Z,159.506,159.597,159.435,159.483,17130
2023-12-05T06:00:00.000Z,159.479,159.532,158.572,159.29,36120
2023-12-05T10:00:00.000Z,159.29,159.511,158.946,158.953,23757
2023-12-05T14:00:00.000Z,158.953,159.286,158.735,158.775,32241
2023-12-05T18:00:00.000Z,158.776,158.944,158.745,158.896,12711
2023-12-05T22:00:00.000Z,158.808,158.985,158.716,158.926,12109
2023-12-06T02:00:00.000Z,158.926,159.083,158.842,158.961,12378
2023-12-06T06:00:00.000Z,158.962,159.055,158.375,158.973,23147
2023-12-06T10:00:00.000Z,158.971,159.116,158.559,158.815,22521
2023-12-06T14:00:00.000Z,158.815,159.023,158.684,158.717,27429
2023-12-06T18:00:00.000Z,158.715,158.755,158.553,158.577,12326
2023-12-06T22:00:00.000Z,158.447,158.58,158.074,158.15,12883
2023-12-07T02:00:00.000Z,158.149,158.197,157.654,157.698,15107
2023-12-07T06:00:00.000Z,157.697,157.798,156.113,156.151,35881
2023-12-07T10:00:00.000Z,156.148,156.433,155.745,156.277,34972
2023-12-07T14:00:00.000Z,156.277,156.284,153.154,154.92,38088
2023-12-07T18:00:00.000Z,154.92,155.604,154.634,155.603,22728
2023-12-07T22:00:00.000Z,155.567,155.718,153.856,154.676,28812
2023-12-08T02:00:00.000Z,154.671,155.554,154.338,155.21,25790
2023-12-08T06:00:00.000Z,155.209,155.68,155.008,155.49,32608
2023-12-08T10:00:00.000Z,155.491,155.985,154.828,154.966,32621
2023-12-08T14:00:00.000Z,154.967,155.828,154.887,155.747,37870
2023-12-08T18:00:00.000Z,155.747,156.086,155.716,156.023,14005
2023-12-10T22:00:00.000Z,155.967,156.78,155.856,156.6,18243
2023-12-11T02:00:00.000Z,156.6,156.768,156.425,156.733,11617
2023-12-11T06:00:00.000Z,156.734,157.544,156.422,157.389,23363
2023-12-11T10:00:00.000Z,157.387,157.677,157.313,157.455,21205
2023-12-11T14:00:00.000Z,157.453,157.477,156.981,157.356,26793
2023-12-11T18:00:00.000Z,157.356,157.454,157.239,157.346,15133
2023-12-11T22:00:00.000Z,157.235,157.348,156.704,156.875,16745
2023-12-12T02:00:00.000Z,156.874,156.998,156.491,156.547,14106
2023-12-12T06:00:00.000Z,156.549,157.125,156.528,156.943,23118
2023-12-12T10:00:00.000Z,156.941,157.156,156.632,156.956,26324
2023-12-12T14:00:00.000Z,156.955,157.2,156.794,157.137,28911
2023-12-12T18:00:00.000Z,157.14,157.213,157.017,157.031,13037
2023-12-12T22:00:00.000Z,157.008,157.145,156.767,156.912,14299
2023-12-13T02:00:00.000Z,156.909,157.175,156.816,157.057,14489
2023-12-13T06:00:00.000Z,157.055,157.474,157.026,157.312,22672
2023-12-13T10:00:00.000Z,157.311,157.327,156.83,156.848,25556
2023-12-13T14:00:00.000Z,156.847,156.872,156.494,156.557,26134
2023-12-13T18:00:00.000Z,156.556,156.677,155.381,155.425,38083
2023-12-13T22:00:00.000Z,155.324,155.545,154.594,155.079,26922
2023-12-14T02:00:00.000Z,155.079,155.141,153.857,154.048,29011
2023-12-14T06:00:00.000Z,154.048,154.886,154.045,154.27,37372
2023-12-14T10:00:00.000Z,154.268,155.393,154.26,155.247,40103
2023-12-14T14:00:00.000Z,155.247,156.005,154.944,155.822,40502
2023-12-14T18:00:00.000Z,155.825,156.057,155.689,155.971,20152
2023-12-14T22:00:00.000Z,155.954,156.485,155.861,156.361,17366
2023-12-15T02:00:00.000Z,156.361,156.444,155.662,155.848,19569
2023-12-15T06:00:00.000Z,155.848,156.169,155.101,155.385,27250
2023-12-15T10:00:00.000Z,155.385,155.496,154.858,155.347,30698
2023-12-15T14:00:00.000Z,155.349,155.356,154.397,154.963,36022
2023-12-15T18:00:00.000Z,154.964,155.027,154.768,154.885,20301
2023-12-17T22:00:00.000Z,154.804,155.259,154.782,155.015,15657
2023-12-18T02:00:00.000Z,155.014,155.235,154.968,155.216,16414
2023-12-18T06:00:00.000Z,155.217,155.642,155.2,155.594,27397
2023-12-18T10:00:00.000Z,155.593,156.024,155.535,155.973,27691
2023-12-18T14:00:00.000Z,155.974,156.301,155.97,156.174,27555
2023-12-18T18:00:00.000Z,156.176,156.188,155.97,155.986,13491
2023-12-18T22:00:00.000Z,155.917,156.029,155.377,155.639,18023
2023-12-19T02:00:00.000Z,155.643,157.003,155.564,156.811,23692
2023-12-19T06:00:00.000Z,156.812,158.345,155.742,158.138,34022
2023-12-19T10:00:00.000Z,158.136,158.565,158.029,158.167,28035
2023-12-19T14:00:00.000Z,158.167,158.34,157.591,157.85,29923
2023-12-19T18:00:00.000Z,157.855,157.99,157.788,157.934,14531
2023-12-19T22:00:00.000Z,157.907,158.122,157.7,157.785,16077
2023-12-20T02:00:00.000Z,157.784,157.957,157.236,157.437,16740
2023-12-20T06:00:00.000Z,157.437,157.572,157.036,157.236,28209
2023-12-20T10:00:00.000Z,157.238,157.248,156.779,157.118,24903
2023-12-20T14:00:00.000Z,157.12,157.73,157.111,157.677,26535
2023-12-20T18:00:00.000Z,157.676,157.712,157.023,157.096,19078
2023-12-20T22:00:00.000Z,156.94,157.116,156.519,156.621,14378
2023-12-21T02:00:00.000Z,156.624,156.659,156.359,156.577,14697
2023-12-21T06:00:00.000Z,156.576,156.908,156.409,156.551,22428
2023-12-21T10:00:00.000Z,156.554,156.912,156.225,156.28,28150
2023-12-21T14:00:00.000Z,156.281,156.522,156.128,156.265,33685
2023-12-21T18:00:00.000Z,156.265,156.518,156.263,156.451,16529
2023-12-21T22:00:00.000Z,156.414,156.579,156.125,156.505,15093
2023-12-22T02:00:00.000Z,156.505,156.741,156.436,156.541,16383
2023-12-22T06:00:00.000Z,156.542,156.675,156.339,156.378,24493
2023-12-22T10:00:00.000Z,156.378,156.742,156.32,156.593,26042
2023-12-22T14:00:00.000Z,156.602,156.982,156.502,156.925,30221
2023-12-22T18:00:00.000Z,156.926,156.988,156.756,156.817,14911
2023-12-25T22:00:00.000Z,156.643,156.873,156.576,156.796,9297
2023-12-26T02:00:00.000Z,156.796,156.887,156.741,156.868,9887
2023-12-26T06:00:00.000Z,156.868,156.972,156.748,156.954,12179
2023-12-26T10:00:00.000Z,156.955,156.992,156.753,156.855,10958
2023-12-26T14:00:00.000Z,156.854,157.312,156.823,157.213,14712
2023-12-26T18:00:00.000Z,157.214,157.361,157.169,157.187,10799
2023-12-26T22:00:00.000Z,157.117,157.663,157.082,157.388,11515
2023-12-27T02:00:00.000Z,157.388,157.516,157.143,157.433,12082
2023-12-27T06:00:00.000Z,157.432,157.771,157.277,157.613,21330
2023-12-27T10:00:00.000Z,157.614,157.844,157.539,157.835,19348
2023-12-27T14:00:00.000Z,157.835,158.381,157.684,157.803,25151
2023-12-27T18:00:00.000Z,157.803,157.854,157.288,157.504,17451
2023-12-27T22:00:00.000Z,157.312,157.464,156.852,157.263,14709
2023-12-28T02:00:00.000Z,157.264,157.274,156.765,156.82,14343
2023-12-28T06:00:00.000Z,156.82,156.927,156.432,156.631,24438
2023-12-28T10:00:00.000Z,156.632,156.669,156.262,156.272,21852
2023-12-28T14:00:00.000Z,156.278,156.84,155.829,156.389,30459
2023-12-28T18:00:00.000Z,156.389,156.602,156.297,156.434,16526
2023-12-28T22:00:00.000Z,156.361,156.945,156.269,156.76,13588
2023-12-29T02:00:00.000Z,156.759,156.775,156.298,156.386,9037
2023-12-29T06:00:00.000Z,156.387,156.788,156.275,156.786,19541
2023-12-29T10:00:00.000Z,156.787,156.893,156.263,156.712,23674
2023-12-29T14:00:00.000Z,156.712,156.745,155.647,155.833,31107
2023-12-29T18:00:00.000Z,155.833,155.943,155.628,155.674,16894
2024-01-01T22:00:00.000Z,155.542,156.139,155.434,156.083,12385
2024-01-02T02:00:00.000Z,156.083,156.182,155.896,155.957,14049
2024-01-02T06:00:00.000Z,155.959,156.337,155.782,155.927,25523
2024-01-02T10:00:00.000Z,155.926,155.994,155.523,155.693,31558
2024-01-02T14:00:00.000Z,155.687,155.711,155.066,155.47,32067
2024-01-02T18:00:00.000Z,155.469,155.481,155.255,155.366,13127
2024-01-02T22:00:00.000Z,155.283,155.606,155.268,155.525,11682
2024-01-03T02:00:00.000Z,155.525,155.685,155.461,155.64,12670
2024-01-03T06:00:00.000Z,155.64,156.255,155.578,155.991,27045
2024-01-03T10:00:00.000Z,155.992,156.204,155.783,156.195,28884
2024-01-03T14:00:00.000Z,156.196,156.786,156.139,156.62,34976
2024-01-03T18:00:00.000Z,156.621,156.772,156.315,156.462,23144
2024-01-03T22:00:00.000Z,156.263,156.613,156.068,156.597,14365
2024-01-04T02:00:00.000Z,156.597,157.184,156.516,157.102,15022
2024-01-04T06:00:00.000Z,157.1,157.805,156.629,157.787,27994
2024-01-04T10:00:00.000Z,157.791,158.242,157.75,158.224,27222
2024-01-04T14:00:00.000Z,158.229,158.585,158.224,158.342,30067
2024-01-04T18:00:00.000Z,158.343,158.467,158.182,158.319,12393
2024-01-04T22:00:00.000Z,158.22,158.672,158.184,158.518,14660
2024-01-05T02:00:00.000Z,158.52,158.598,158.204,158.292,13986
2024-01-05T06:00:00.000Z,158.293,158.828,158.182,158.427,25433
2024-01-05T10:00:00.000Z,158.424,158.988,158.37,158.874,25008
2024-01-05T14:00:00.000Z,158.876,158.992,158.044,158.446,35243
2024-01-05T18:00:00.000Z,158.446,158.579,158.209,158.251,14176
2024-01-07T22:00:00.000Z,158.15,158.483,158.047,158.068,10383
2024-01-08T02:00:00.000Z,158.068,158.162,157.849,157.897,12323
2024-01-08T06:00:00.000Z,157.898,158.138,157.714,157.746,23854
2024-01-08T10:00:00.000Z,157.764,158.371,157.712,158.189,23507
2024-01-08T14:00:00.000Z,158.187,158.29,157.682,157.853,24366
2024-01-08T18:00:00.000Z,157.853,157.995,157.803,157.92,10494
2024-01-08T22:00:00.000Z,157.911,157.988,157.242,157.277,14175
2024-01-09T02:00:00.000Z,157.277,157.541,157.223,157.443,13984
2024-01-09T06:00:00.000Z,157.443,157.982,157.32,157.533,23611
2024-01-09T10:00:00.000Z,157.533,157.698,157.302,157.366,24362
2024-01-09T14:00:00.000Z,157.366,157.961,157.202,157.892,24768
2024-01-09T18:00:00.000Z,157.892,157.999,157.734,157.93,14303
2024-01-09T22:00:00.000Z,157.856,158.289,157.758,158.234,13619
2024-01-10T02:00:00.000Z,158.234,158.455,158.147,158.269,12879
2024-01-10T06:00:00.000Z,158.273,158.728,158.203,158.646,24024
2024-01-10T10:00:00.000Z,158.643,159.086,158.54,158.961,20589
2024-01-10T14:00:00.000Z,158.962,159.782,158.881,159.693,23075
2024-01-10T18:00:00.000Z,159.695,159.939,159.624,159.93,12998
2024-01-10T22:00:00.000Z,159.752,160.001,159.555,159.59,13594
2024-01-11T02:00:00.000Z,159.59,159.828,159.505,159.719,13308
2024-01-11T06:00:00.000Z,159.72,159.846,159.42,159.566,22267
2024-01-11T10:00:00.000Z,159.567,159.982,159.429,159.982,28501
2024-01-11T14:00:00.000Z,159.982,160.175,159.537,159.826,41767
2024-01-11T18:00:00.000Z,159.829,159.954,159.379,159.423,22372
2024-01-11T22:00:00.000Z,159.391,159.568,159.071,159.365,19067
2024-01-12T02:00:00.000Z,159.365,159.545,159.017,159.415,16473
2024-01-12T06:00:00.000Z,159.415,159.422,158.97,159.101,24853
2024-01-12T10:00:00.000Z,159.101,159.291,158.606,158.616,28039
2024-01-12T14:00:00.000Z,158.613,158.917,158.537,158.717,33798
2024-01-12T18:00:00.000Z,158.716,158.848,158.611,158.645,14270
2024-01-14T22:00:00.000Z,158.581,159.016,158.547,158.922,13124
2024-01-15T02:00:00.000Z,158.923,159.288,158.879,159.272,11535
2024-01-15T06:00:00.000Z,159.271,159.545,159.194,159.453,21383
2024-01-15T10:00:00.000Z,159.451,159.828,159.31,159.637,23060
2024-01-15T14:00:00.000Z,159.636,159.684,159.446,159.596,14770
2024-01-15T18:00:00.000Z,159.596,159.692,159.588,159.618,1907
2024-01-15T22:00:00.000Z,159.546,159.678,159.232,159.426,16897
2024-01-16T02:00:00.000Z,159.427,159.716,159.41,159.539,17501
2024-01-16T06:00:00.000Z,159.539,159.69,159.403,159.519,29176
2024-01-16T10:00:00.000Z,159.52,159.842,159.313,159.436,27959
2024-01-16T14:00:00.000Z,159.434,160.019,159.369,159.957,33123
2024-01-16T18:00:00.000Z,159.959,160.143,159.912,160.061,13933
2024-01-16T22:00:00.000Z,160.019,160.372,159.929,160.1,15641
2024-01-17T02:00:00.000Z,160.102,160.399,160.045,160.337,16740
2024-01-17T06:00:00.000Z,160.337,160.845,160.321,160.673,30943
2024-01-17T10:00:00.000Z,160.667,160.791,160.499,160.713,26135
2024-01-17T14:00:00.000Z,160.716,161.241,160.662,161.073,32969
2024-01-17T18:00:00.000Z,161.074,161.289,161.011,161.234,16915
2024-01-17T22:00:00.000Z,161.174,161.385,161.072,161.313,15808
2024-01-18T02:00:00.000Z,161.305,161.376,161.091,161.108,15103
2024-01-18T06:00:00.000Z,161.109,161.292,160.79,160.924,26731
2024-01-18T10:00:00.000Z,160.922,161.127,160.68,160.863,28561
2024-01-18T14:00:00.000Z,160.864,161.038,160.64,160.961,31105
2024-01-18T18:00:00.000Z,160.96,161.1,160.802,161.078,17031
2024-01-18T22:00:00.000Z,161.024,161.502,160.942,161.486,15378
2024-01-19T02:00:00.000Z,161.491,161.773,161.301,161.742,15375
2024-01-19T06:00:00.000Z,161.742,161.862,160.884,161.038,26926
2024-01-19T10:00:00.000Z,161.038,161.273,160.807,161.18,22531
2024-01-19T14:00:00.000Z,161.178,161.473,161.132,161.293,29495
2024-01-19T18:00:00.000Z,161.297,161.506,161.297,161.432,14376
2024-01-21T22:00:00.000Z,161.334,161.547,161.084,161.194,18133
2024-01-22T02:00:00.000Z,161.194,161.463,161.138,161.399,15557
2024-01-22T06:00:00.000Z,161.398,161.516,161.258,161.395,24271
2024-01-22T10:00:00.000Z,161.396,161.41,160.752,160.854,23406
2024-01-22T14:00:00.000Z,160.855,161.262,160.813,161.247,22362
2024-01-22T18:00:00.000Z,161.246,161.352,161.103,161.197,14689
2024-01-22T22:00:00.000Z,161.124,161.275,160.967,161.255,11912
2024-01-23T02:00:00.000Z,161.253,161.708,161.06,161.334,22089
2024-01-23T06:00:00.000Z,161.334,161.544,160.408,160.815,32055
2024-01-23T10:00:00.000Z,160.815,160.997,160.611,160.988,22198
2024-01-23T14:00:00.000Z,160.988,161.079,160.651,160.946,24565
2024-01-23T18:00:00.000Z,160.947,161.042,160.834,161.018,13838
2024-01-23T22:00:00.000Z,160.864,161.065,160.669,160.717,13847
2024-01-24T02:00:00.000Z,160.715,160.936,160.477,160.62,16494
2024-01-24T06:00:00.000Z,160.622,160.896,160.233,160.845,27958
2024-01-24T10:00:00.000Z,160.846,160.863,160.273,160.341,25027
2024-01-24T14:00:00.000Z,160.341,160.687,159.975,160.51,33007
2024-01-24T18:00:00.000Z,160.511,160.72,160.463,160.543,16428
2024-01-24T22:00:00.000Z,160.491,160.734,160.434,160.627,14617
2024-01-25T02:00:00.000Z,160.622,160.825,160.573,160.778,13380
2024-01-25T06:00:00.000Z,160.778,160.966,160.591,160.864,23207
2024-01-25T10:00:00.000Z,160.863,160.901,160.167,160.324,27139
2024-01-25T14:00:00.000Z,160.324,160.325,159.693,160.204,33283
2024-01-25T18:00:00.000Z,160.205,160.234,160.024,160.162,14312
2024-01-25T22:00:00.000Z,160.043,160.305,159.934,160.009,14202
2024-01-26T02:00:00.000Z,160.01,160.222,159.965,160.173,10897
2024-01-26T06:00:00.000Z,160.173,160.518,159.824,160.314,24609
2024-01-26T10:00:00.000Z,160.313,160.676,160.26,160.525,23999
2024-01-26T14:00:00.000Z,160.524,160.923,160.506,160.767,27271
2024-01-26T18:00:00.000Z,160.77,160.874,160.701,160.743,13671
2024-01-28T22:00:00.000Z,160.589,160.833,160.498,160.633,12807
2024-01-29T02:00:00.000Z,160.633,160.72,160.455,160.458,11129
2024-01-29T06:00:00.000Z,160.458,160.504,159.893,159.93,24639
2024-01-29T10:00:00.000Z,159.93,160.247,159.817,160.108,20574
2024-01-29T14:00:00.000Z,160.109,160.151,159.411,159.64,22705
2024-01-29T18:00:00.000Z,159.64,159.812,159.586,159.804,16674
2024-01-29T22:00:00.000Z,159.706,159.825,159.533,159.614,12540
2024-01-30T02:00:00.000Z,159.619,159.78,159.464,159.508,11497
2024-01-30T06:00:00.000Z,159.509,159.678,159.21,159.574,23822
2024-01-30T10:00:00.000Z,159.571,159.989,159.431,159.827,25194
2024-01-30T14:00:00.000Z,159.828,160.339,159.623,160.202,28686
2024-01-30T18:00:00.000Z,160.202,160.203,160.026,160.074,12944
2024-01-30T22:00:00.000Z,159.948,160.056,159.638,159.808,16332
2024-01-31T02:00:00.000Z,159.807,159.909,159.676,159.836,15555
2024-01-31T06:00:00.000Z,159.836,159.972,159.471,159.912,28411
2024-01-31T10:00:00.000Z,159.913,160.264,159.868,160.153,27805
2024-01-31T14:00:00.000Z,160.149,160.192,158.636,158.793,40344
2024-01-31T18:00:00.000Z,158.792,159.231,158.561,158.972,39528
2024-01-31T22:00:00.000Z,158.893,158.988,158.48,158.645,18040
2024-02-01T02:00:00.000Z,158.644,158.708,158.455,158.653,16547
2024-02-01T06:00:00.000Z,158.653,158.702,158.073,158.507,29929
2024-02-01T10:00:00.000Z,158.49,159.144,158.421,158.593,31467
2024-02-01T14:00:00.000Z,158.593,159.189,158.32,159.123,38878
2024-02-01T18:00:00.000Z,159.123,159.199,158.962,159.174,20117
2024-02-01T22:00:00.000Z,159.208,159.306,159.023,159.111,13246
2024-02-02T02:00:00.000Z,159.111,159.405,159.08,159.279,12020
2024-02-02T06:00:00.000Z,159.274,159.926,159.236,159.757,24526
2024-02-02T10:00:00.000Z,159.758,159.937,159.367,159.903,27286
2024-02-02T14:00:00.000Z,159.902,160.258,159.533,160.155,37009
2024-02-02T18:00:00.000Z,160.155,160.203,159.923,160.078,19964
2024-02-04T22:00:00.000Z,159.946,160.269,159.904,159.923,18974
2024-02-05T02:00:00.000Z,159.924,160.101,159.849,159.931,17531
2024-02-05T06:00:00.000Z,159.928,160.183,159.647,159.687,24318
2024-02-05T10:00:00.000Z,159.685,159.792,159.472,159.522,24437
2024-02-05T14:00:00.000Z,159.522,159.751,159.376,159.604,27076
2024-02-05T18:00:00.000Z,159.605,159.764,159.546,159.703,12843
2024-02-05T22:00:00.000Z,159.678,159.729,159.525,159.594,12060
2024-02-06T02:00:00.000Z,159.594,159.76,159.519,159.62,14334
2024-02-06T06:00:00.000Z,159.621,159.867,159.465,159.517,25082
2024-02-06T10:00:00.000Z,159.517,159.713,159.374,159.476,24905
2024-02-06T14:00:00.000Z,159.477,159.524,158.959,159.028,31911
2024-02-06T18:00:00.000Z,159.025,159.112,158.958,159.095,18094
2024-02-06T22:00:00.000Z,159.068,159.15,158.901,159.089,14708
2024-02-07T02:00:00.000Z,159.089,159.29,159.084,159.234,14251
2024-02-07T06:00:00.000Z,159.234,159.397,159.13,159.294,24789
2024-02-07T10:00:00.000Z,159.294,159.733,159.245,159.592,26921
2024-02-07T14:00:00.000Z,159.592,159.615,159.06,159.46,33253
2024-02-07T18:00:00.000Z,159.458,159.646,159.367,159.635,13757
2024-02-07T22:00:00.000Z,159.566,159.903,159.436,159.84,14750
2024-02-08T02:00:00.000Z,159.839,160.287,159.839,160.215,14824
2024-02-08T06:00:00.000Z,160.215,160.478,160.155,160.408,23434
2024-02-08T10:00:00.000Z,160.408,160.691,160.357,160.504,28218
2024-02-08T14:00:00.000Z,160.514,160.95,160.441,160.926,28394
2024-02-08T18:00:00.000Z,160.927,160.99,160.796,160.942,15775
2024-02-08T22:00:00.000Z,160.873,160.982,160.823,160.845,13659
2024-02-09T02:00:00.000Z,160.848,161.013,160.825,160.925,12832
2024-02-09T06:00:00.000Z,160.927,161.261,160.766,160.887,25356
2024-02-09T10:00:00.000Z,160.887,161.093,160.769,161.088,28383
2024-02-09T14:00:00.000Z,161.084,161.179,160.966,161.085,28680
2024-02-09T18:00:00.000Z,161.083,161.151,160.956,160.971,13942
2024-02-11T22:00:00.000Z,160.921,161.099,160.822,161.05,11028
2024-02-12T02:00:00.000Z,161.05,161.084,160.986,161.015,8460
2024-02-12T06:00:00.000Z,161.017,161.092,160.563,160.597,24165
2024-02-12T10:00:00.000Z,160.597,160.69,160.379,160.599,24606
2024-02-12T14:00:00.000Z,160.6,160.998,160.587,160.93,24348
2024-02-12T18:00:00.000Z,160.932,161.057,160.844,160.878,14047
2024-02-12T22:00:00.000Z,160.851,160.963,160.775,160.821,12105
2024-02-13T02:00:00.000Z,160.821,161.037,160.779,161.018,10632
2024-02-13T06:00:00.000Z,161.019,161.251,160.911,161.027,23120
2024-02-13T10:00:00.000Z,161.026,161.325,160.774,161.089,27945
2024-02-13T14:00:00.000Z,161.086,161.63,160.969,161.567,32405
2024-02-13T18:00:00.000Z,161.566,161.603,161.39,161.495,16378
2024-02-13T22:00:00.000Z,161.481,161.5,161.184,161.254,15877
2024-02-14T02:00:00.000Z,161.254,161.33,161.137,161.265,13138
2024-02-14T06:00:00.000Z,161.263,161.33,160.95,161.187,26019
2024-02-14T10:00:00.000Z,161.186,161.412,161.121,161.395,26361
2024-02-14T14:00:00.000Z,161.396,161.58,161.314,161.424,29373
2024-02-14T18:00:00.000Z,161.425,161.584,161.367,161.557,14860
2024-02-14T22:00:00.000Z,161.458,161.583,161.083,161.138,14800
2024-02-15T02:00:00.000Z,161.138,161.235,161.014,161.129,13047
2024-02-15T06:00:00.000Z,161.13,161.253,160.908,161.022,23215
2024-02-15T10:00:00.000Z,161.021,161.434,160.97,161.312,24768
2024-02-15T14:00:00.000Z,161.312,161.645,161.311,161.53,30293
2024-02-15T18:00:00.000Z,161.531,161.551,161.388,161.522,15208
2024-02-15T22:00:00.000Z,161.431,161.681,161.412,161.538,13191
2024-02-16T02:00:00.000Z,161.538,161.786,161.534,161.588,14195
2024-02-16T06:00:00.000Z,161.587,161.825,161.584,161.798,22008
2024-02-16T10:00:00.000Z,161.802,161.895,161.643,161.749,23972
2024-02-16T14:00:00.000Z,161.757,161.918,161.683,161.906,30550
2024-02-16T18:00:00.000Z,161.907,161.95,161.793,161.829,15190
2024-02-18T22:00:00.000Z,161.767,161.917,161.61,161.676,14031
2024-02-19T02:00:00.000Z,161.677,161.747,161.551,161.733,14678
2024-02-19T06:00:00.000Z,161.733,161.811,161.491,161.554,19816
2024-02-19T10:00:00.000Z,161.554,161.688,161.493,161.517,19753
2024-02-19T14:00:00.000Z,161.517,161.841,161.473,161.839,15969
2024-02-19T18:00:00.000Z,161.839,161.917,161.806,161.839,2346
2024-02-19T22:00:00.000Z,161.81,161.932,161.728,161.777,15715
2024-02-20T02:00:00.000Z,161.777,161.974,161.758,161.974,13416
2024-02-20T06:00:00.000Z,161.974,162.29,161.851,162.26,22620
2024-02-20T10:00:00.000Z,162.261,162.358,162.097,162.327,24383
2024-02-20T14:00:00.000Z,162.329,162.359,161.96,162.064,26055
2024-02-20T18:00:00.000Z,162.064,162.193,162.039,162.118,15177
2024-02-20T22:00:00.000Z,162.094,162.267,162.031,162.191,13754
2024-02-21T02:00:00.000Z,162.19,162.257,162.1,162.227,12871
2024-02-21T06:00:00.000Z,162.225,162.372,161.972,162.111,22590
2024-02-21T10:00:00.000Z,162.111,162.255,161.94,162.25,23530
2024-02-21T14:00:00.000Z,162.25,162.598,162.2,162.461,24990
2024-02-21T18:00:00.000Z,162.461,162.609,162.416,162.587,19285
2024-02-21T22:00:00.000Z,162.579,162.928,162.49,162.743,13956
2024-02-22T02:00:00.000Z,162.743,162.887,162.671,162.81,12278
2024-02-22T06:00:00.000Z,162.809,163.456,162.78,162.979,26772
2024-02-22T10:00:00.000Z,162.975,163.152,162.897,162.965,23190
2024-02-22T14:00:00.000Z,162.965,162.989,162.645,162.96,28970
2024-02-22T18:00:00.000Z,162.96,162.995,162.844,162.932,16155
2024-02-22T22:00:00.000Z,162.857,162.944,162.785,162.899,10457
2024-02-23T02:00:00.000Z,162.899,163.027,162.856,162.995,9520
2024-02-23T06:00:00.000Z,162.996,163.169,162.98,163.066,18927
2024-02-23T10:00:00.000Z,163.067,163.207,162.863,162.99,23206
2024-02-23T14:00:00.000Z,162.991,163.031,162.682,162.81,24352
2024-02-23T18:00:00.000Z,162.81,162.901,162.738,162.887,13488
2024-02-25T22:00:00.000Z,162.857,162.91,162.558,162.703,14279
2024-02-26T02:00:00.000Z,162.702,162.889,162.7,162.811,13226
2024-02-26T06:00:00.000Z,162.811,163.32,162.776,163.288,20146
2024-02-26T10:00:00.000Z,163.287,163.581,163.264,163.566,18576
2024-02-26T14:00:00.000Z,163.566,163.718,163.419,163.511,22360
2024-02-26T18:00:00.000Z,163.51,163.558,163.454,163.536,13160
2024-02-26T22:00:00.000Z,163.442,163.515,163.262,163.302,9724
2024-02-27T02:00:00.000Z,163.302,163.349,163.234,163.339,9138
2024-02-27T06:00:00.000Z,163.339,163.382,163.003,163.079,18687
2024-02-27T10:00:00.000Z,163.078,163.225,162.886,163.016,24702
2024-02-27T14:00:00.000Z,163.018,163.379,162.942,163.224,24100
2024-02-27T18:00:00.000Z,163.224,163.3,163.158,163.221,11729
2024-02-27T22:00:00.000Z,163.194,163.228,163.011,163.023,10219
2024-02-28T02:00:00.000Z,163.022,163.192,162.979,163.049,11846
2024-02-28T06:00:00.000Z,163.05,163.197,162.751,162.798,17836
2024-02-28T10:00:00.000Z,162.798,163.226,162.789,163.18,20486
2024-02-28T14:00:00.000Z,163.179,163.409,163.127,163.331,21348
2024-02-28T18:00:00.000Z,163.33,163.343,163.232,163.326,11237
2024-02-28T22:00:00.000Z,163.219,163.29,162.642,162.659,11761
2024-02-29T02:00:00.000Z,162.66,162.693,162.174,162.424,17711
2024-02-29T06:00:00.000Z,162.425,162.656,162.04,162.542,24962
2024-02-29T10:00:00.000Z,162.541,162.74,162.278,162.327,27325
2024-02-29T14:00:00.000Z,162.328,162.445,161.679,161.986,29032
2024-02-29T18:00:00.000Z,161.989,162.082,161.915,162.038,12828
2024-02-29T22:00:00.000Z,162.02,162.703,161.965,162.7,14630
2024-03-01T02:00:00.000Z,162.7,162.748,162.591,162.664,9459
2024-03-01T06:00:00.000Z,162.663,162.935,162.488,162.883,19269
2024-03-01T10:00:00.000Z,162.883,163.006,162.337,162.885,24349
2024-03-01T14:00:00.000Z,162.886,162.923,162.517,162.724,28326
2024-03-01T18:00:00.000Z,162.724,162.762,162.643,162.712,15685
2024-03-03T22:00:00.000Z,162.621,162.828,162.53,162.737,12811
2024-03-04T02:00:00.000Z,162.736,163.002,162.723,162.99,8981
2024-03-04T06:00:00.000Z,162.992,163.249,162.767,163.001,20092
2024-03-04T10:00:00.000Z,163.001,163.343,162.996,163.227,21776
2024-03-04T14:00:00.000Z,163.227,163.517,163.208,163.437,20907
2024-03-04T18:00:00.000Z,163.437,163.46,163.375,163.39,9212
2024-03-04T22:00:00.000Z,163.379,163.419,163.174,163.241,14435
2024-03-05T02:00:00.000Z,163.241,163.365,163.239,163.33,10367
2024-03-05T06:00:00.000Z,163.332,163.35,163.02,163.216,19365
2024-03-05T10:00:00.000Z,163.21,163.273,162.776,162.788,20231
2024-03-05T14:00:00.000Z,162.788,163.164,162.672,162.997,28928
2024-03-05T18:00:00.000Z,162.997,162.998,162.603,162.902,13283
2024-03-05T22:00:00.000Z,162.864,162.924,162.641,162.689,12735
2024-03-06T02:00:00.000Z,162.689,162.779,162.615,162.731,11542
2024-03-06T06:00:00.000Z,162.732,162.918,162.206,162.758,23832
2024-03-06T10:00:00.000Z,162.757,162.919,162.529,162.579,25851
2024-03-06T14:00:00.000Z,162.582,162.957,162.516,162.796,30700
2024-03-06T18:00:00.000Z,162.796,162.85,162.649,162.827,16257
2024-03-06T22:00:00.000Z,162.681,162.785,161.909,161.956,18508
2024-03-07T02:00:00.000Z,161.956,162.124,161.822,162.014,17545
2024-03-07T06:00:00.000Z,162.014,162.056,160.99,161.323,26168
2024-03-07T10:00:00.000Z,161.322,161.322,160.549,160.654,27149
2024-03-07T14:00:00.000Z,160.653,162.126,160.617,161.985,30470
2024-03-07T18:00:00.000Z,161.982,162.136,161.944,162.07,11350
2024-03-07T22:00:00.000Z,161.961,162.171,161.616,161.999,14697
2024-03-08T02:00:00.000Z,161.999,162.109,161.763,161.787,12802
2024-03-08T06:00:00.000Z,161.785,162.02,160.614,160.888,24451
2024-03-08T10:00:00.000Z,160.89,161.087,160.664,161.041,28438
2024-03-08T14:00:00.000Z,161.04,161.223,160.763,160.837,30089
2024-03-08T18:00:00.000Z,160.838,160.931,160.723,160.891,15248
2024-03-10T21:00:00.000Z,160.777,160.926,160.533,160.588,12009
2024-03-11T01:00:00.000Z,160.588,160.898,160.368,160.687,15176
2024-03-11T05:00:00.000Z,160.686,160.901,160.458,160.566,19138
2024-03-11T09:00:00.000Z,160.568,160.645,160.203,160.468,21817
2024-03-11T13:00:00.000Z,160.468,160.676,160.314,160.482,23077
2024-03-11T17:00:00.000Z,160.482,160.61,160.351,160.55,13649
2024-03-11T21:00:00.000Z,160.428,160.583,160.275,160.501,12191
2024-03-12T01:00:00.000Z,160.505,161.241,160.501,161.19,13152
2024-03-12T05:00:00.000Z,161.191,161.434,160.869,160.948,20176
2024-03-12T09:00:00.000Z,160.947,161.564,160.925,161.229,25632
2024-03-12T13:00:00.000Z,161.226,161.488,161.17,161.251,32114
2024-03-12T17:00:00.000Z,161.249,161.381,161.21,161.354,15226
2024-03-12T21:00:00.000Z,161.317,161.346,161.026,161.029,11761
2024-03-13T01:00:00.000Z,161.027,161.207,160.892,161.192,15360
2024-03-13T05:00:00.000Z,161.194,161.609,161.192,161.587,20904
2024-03-13T09:00:00.000Z,161.587,161.943,161.355,161.795,22555
2024-03-13T13:00:00.000Z,161.794,161.832,161.616,161.726,24704
2024-03-13T17:00:00.000Z,161.727,161.878,161.552,161.762,14766
2024-03-13T21:00:00.000Z,161.736,161.746,161.563,161.592,8573
2024-03-14T01:00:00.000Z,161.589,161.874,161.55,161.854,10131
2024-03-14T05:00:00.000Z,161.854,161.91,161.634,161.727,15221
2024-03-14T09:00:00.000Z,161.726,161.809,161.462,161.595,21286
2024-03-14T13:00:00.000Z,161.595,161.711,161.1,161.328,32383
2024-03-14T17:00:00.000Z,161.33,161.515,161.253,161.435,14102
2024-03-14T21:00:00.000Z,161.34,161.573,161.332,161.472,10396
2024-03-15T01:00:00.000Z,161.476,161.663,161.234,161.305,13199
2024-03-15T05:00:00.000Z,161.304,162.022,161.062,161.835,22296
2024-03-15T09:00:00.000Z,161.833,162.114,161.804,161.999,20301
2024-03-15T13:00:00.000Z,162.001,162.397,161.98,162.297,22727
2024-03-15T17:00:00.000Z,162.297,162.355,162.201,162.289,10946
2024-03-17T21:00:00.000Z,162.241,162.51,162.076,162.493,9909
2024-03-18T01:00:00.000Z,162.498,162.557,162.18,162.351,10351
2024-03-18T05:00:00.000Z,162.347,162.649,162.316,162.458,16339
2024-03-18T09:00:00.000Z,162.457,162.681,162.454,162.49,15777
2024-03-18T13:00:00.000Z,162.489,162.559,162.087,162.158,19712
2024-03-18T17:00:00.000Z,162.153,162.185,161.95,162.17,11125
2024-03-18T21:00:00.000Z,162.167,162.243,162.023,162.181,9446
2024-03-19T01:00:00.000Z,162.179,163.102,162.019,163.035,21748
2024-03-19T05:00:00.000Z,163.034,163.492,162.946,163.08,27595
2024-03-19T09:00:00.000Z,163.078,163.398,163.072,163.312,23826
2024-03-19T13:00:00.000Z,163.311,163.983,163.271,163.974,20699
2024-03-19T17:00:00.000Z,163.973,163.992,163.882,163.925,10974
2024-03-19T21:00:00.000Z,163.869,164.342,163.797,164.219,12341
2024-03-20T01:00:00.000Z,164.222,164.675,164.199,164.608,10955
2024-03-20T05:00:00.000Z,164.607,164.739,164.318,164.355,16560
2024-03-20T09:00:00.000Z,164.352,164.557,164.251,164.539,18575
2024-03-20T13:00:00.000Z,164.539,164.673,164.43,164.657,17031
2024-03-20T17:00:00.000Z,164.657,165.349,164.295,165.189,31707
2024-03-20T21:00:00.000Z,165.162,165.244,164.629,164.679,20407
2024-03-21T01:00:00.000Z,164.681,164.869,164.342,164.83,19701
2024-03-21T05:00:00.000Z,164.83,165.336,164.606,164.646,25911
2024-03-21T09:00:00.000Z,164.655,165.027,164.602,164.942,28503
2024-03-21T13:00:00.000Z,164.944,165.018,164.557,164.749,29766
2024-03-21T17:00:00.000Z,164.748,164.836,164.629,164.643,10032
2024-03-21T21:00:00.000Z,164.63,164.764,164.554,164.638,10959
2024-03-22T01:00:00.000Z,164.638,164.813,164.129,164.215,17955
2024-03-22T05:00:00.000Z,164.215,164.254,163.659,163.765,21332
2024-03-22T09:00:00.000Z,163.766,164.069,163.488,163.707,22179
2024-03-22T13:00:00.000Z,163.707,163.758,163.48,163.588,23139
2024-03-22T17:00:00.000Z,163.584,163.653,163.565,163.636,9274
2024-03-24T21:00:00.000Z,163.509,163.675,163.308,163.46,9418
2024-03-25T01:00:00.000Z,163.458,163.687,163.308,163.667,17033
2024-03-25T05:00:00.000Z,163.666,163.767,163.549,163.67,16718
2024-03-25T09:00:00.000Z,163.671,163.874,163.638,163.789,16389
2024-03-25T13:00:00.000Z,163.79,164.207,163.719,164.156,15861
2024-03-25T17:00:00.000Z,164.156,164.201,164.073,164.088,9056
2024-03-25T21:00:00.000Z,164.1,164.136,163.982,164.031,12200
2024-03-26T01:00:00.000Z,164.031,164.122,163.973,164.075,11266
2024-03-26T05:00:00.000Z,164.075,164.243,163.955,164.106,13673
2024-03-26T09:00:00.000Z,164.106,164.405,164.018,164.353,17983
2024-03-26T13:00:00.000Z,164.354,164.405,164.005,164.066,19958
2024-03-26T17:00:00.000Z,164.067,164.188,164.035,164.147,10494
2024-03-26T21:00:00.000Z,164.085,164.091,163.907,163.973,8362
2024-03-27T01:00:00.000Z,163.972,164.415,163.956,164.164,16322
2024-03-27T05:00:00.000Z,164.165,164.29,164.021,164.253,18758
2024-03-27T09:00:00.000Z,164.252,164.267,163.431,163.525,29229
2024-03-27T13:00:00.000Z,163.524,163.722,163.443,163.664,19720
2024-03-27T17:00:00.000Z,163.664,163.781,163.633,163.726,10828
2024-03-27T21:00:00.000Z,163.586,163.764,163.488,163.744,13301
2024-03-28T01:00:00.000Z,163.743,163.866,163.652,163.765,12750
2024-03-28T05:00:00.000Z,163.767,163.794,163.266,163.365,15236
2024-03-28T09:00:00.000Z,163.366,163.386,163.131,163.377,20121
2024-03-28T13:00:00.000Z,163.378,163.567,163.235,163.378,26166
2024-03-28T17:00:00.000Z,163.376,163.432,163.221,163.227,12115
2024-03-28T21:00:00.000Z,163.245,163.414,163.038,163.142,18248
2024-03-29T01:00:00.000Z,163.144,163.24,162.925,163.008,18780
2024-03-29T05:00:00.000Z,163.01,163.161,162.933,163.102,15744
2024-03-29T09:00:00.000Z,163.099,163.346,163.006,163.258,18674
2024-03-29T13:00:00.000Z,163.259,163.337,163.107,163.163,17632
2024-03-29T17:00:00.000Z,163.161,163.36,163.117,163.193,11545
2024-03-31T21:00:00.000Z,163.209,163.424,163.132,163.352,10902
2024-04-01T01:00:00.000Z,163.354,163.381,163.141,163.281,10517
2024-04-01T05:00:00.000Z,163.283,163.37,163.197,163.291,10118
2024-04-01T09:00:00.000Z,163.291,163.347,163.174,163.294,11244
2024-04-01T13:00:00.000Z,163.292,163.376,162.816,162.87,20168
2024-04-01T17:00:00.000Z,162.871,162.925,162.79,162.907,9568
2024-04-01T21:00:00.000Z,162.81,162.945,162.599,162.864,10235
2024-04-02T01:00:00.000Z,162.862,162.94,162.743,162.887,12433
2024-04-02T05:00:00.000Z,162.887,162.953,162.615,162.731,18560
2024-04-02T09:00:00.000Z,162.731,163.108,162.731,163.049,16887
2024-04-02T13:00:00.000Z,163.049,163.33,163.02,163.237,22636
2024-04-02T17:00:00.000Z,163.232,163.247,163.129,163.204,8148
2024-04-02T21:00:00.000Z,163.234,163.292,163.064,163.205,7270
2024-04-03T01:00:00.000Z,163.204,163.381,163.175,163.334,9966
2024-04-03T05:00:00.000Z,163.334,163.494,163.258,163.419,13339
2024-04-03T09:00:00.000Z,163.42,163.745,163.351,163.661,17844
2024-04-03T13:00:00.000Z,163.666,164.321,163.647,164.239,27087
2024-04-03T17:00:00.000Z,164.238,164.369,164.209,164.364,10180
2024-04-03T21:00:00.000Z,164.29,164.403,164.248,164.345,9128
2024-04-04T01:00:00.000Z,164.344,164.502,164.317,164.48,8284
2024-04-04T05:00:00.000Z,164.479,164.807,164.377,164.789,15580
2024-04-04T09:00:00.000Z,164.787,164.856,164.63,164.805,14133
2024-04-04T13:00:00.000Z,164.807,164.912,164.652,164.666,16920
2024-04-04T17:00:00.000Z,164.666,164.729,163.79,163.997,20218
2024-04-04T21:00:00.000Z,164.001,164.019,163.495,163.605,18085
2024-04-05T01:00:00.000Z,163.604,163.808,163.476,163.71,15318
2024-04-05T05:00:00.000Z,163.711,164.218,163.6,164.09,17493
2024-04-05T09:00:00.000Z,164.086,164.192,163.81,163.926,19918
2024-04-05T13:00:00.000Z,163.93,164.435,163.701,164.244,25306
2024-04-05T17:00:00.000Z,164.246,164.332,164.17,164.302,13781
2024-04-07T21:00:00.000Z,164.243,164.368,164.162,164.254,11266
2024-04-08T01:00:00.000Z,164.256,164.54,164.233,164.424,13778
2024-04-08T05:00:00.000Z,164.425,164.567,164.382,164.414,18166
2024-04-08T09:00:00.000Z,164.414,164.556,164.361,164.547,13134
2024-04-08T13:00:00.000Z,164.548,164.845,164.547,164.741,18808
2024-04-08T17:00:00.000Z,164.741,164.901,164.692,164.892,8784
2024-04-08T21:00:00.000Z,164.845,164.959,164.785,164.95,9069
2024-04-09T01:00:00.000Z,164.951,164.975,164.826,164.9,8586
2024-04-09T05:00:00.000Z,164.901,164.987,164.793,164.912,13207
2024-04-09T09:00:00.000Z,164.912,165.168,164.82,165.133,17031
2024-04-09T13:00:00.000Z,165.133,165.171,164.539,164.628,22858
2024-04-09T17:00:00.000Z,164.627,164.784,164.59,164.768,11019
2024-04-09T21:00:00.000Z,164.725,164.82,164.664,164.729,9180
2024-04-10T01:00:00.000Z,164.729,164.791,164.645,164.721,10429
2024-04-10T05:00:00.000Z,164.722,164.917,164.658,164.917,12687
2024-04-10T09:00:00.000Z,164.917,164.987,163.911,164.283,19003
2024-04-10T13:00:00.000Z,164.285,164.345,164.075,164.192,38167
2024-04-10T17:00:00.000Z,164.185,164.598,164.028,164.503,27445
2024-04-10T21:00:00.000Z,164.514,164.528,164.154,164.185,16779
2024-04-11T01:00:00.000Z,164.183,164.364,164.133,164.3,14831
2024-04-11T05:00:00.000Z,164.302,164.694,164.288,164.586,23784
2024-04-11T09:00:00.000Z,164.586,164.622,163.936,164.173,31430
2024-04-11T13:00:00.000Z,164.173,164.526,163.989,164.223,32096
2024-04-11T17:00:00.000Z,164.222,164.397,164.2,164.377,14179
2024-04-11T21:00:00.000Z,164.366,164.405,164.065,164.067,8507
2024-04-12T01:00:00.000Z,164.069,164.317,164.068,164.131,10809
2024-04-12T05:00:00.000Z,164.133,164.162,163.566,163.594,21346
2024-04-12T09:00:00.000Z,163.594,163.641,162.497,162.607,23762
2024-04-12T13:00:00.000Z,162.608,163.115,162.268,162.926,34129
2024-04-12T17:00:00.000Z,162.926,163.131,162.866,163.111,17118
2024-04-14T21:00:00.000Z,162.762,163.368,162.645,163.368,15204
2024-04-15T01:00:00.000Z,163.367,163.864,163.348,163.813,13164
2024-04-15T05:00:00.000Z,163.813,164.12,163.808,163.965,25129
2024-04-15T09:00:00.000Z,163.964,164.212,163.877,164.16,25316
2024-04-15T13:00:00.000Z,164.162,164.43,163.631,164.11,32034
2024-04-15T17:00:00.000Z,164.111,164.111,163.743,163.865,18772
2024-04-15T21:00:00.000Z,163.882,163.924,163.717,163.827,9111
2024-04-16T01:00:00.000Z,163.825,163.898,163.671,163.742,13611
2024-04-16T05:00:00.000Z,163.74,164.086,163.693,164.009,22843
2024-04-16T09:00:00.000Z,164.009,164.674,164.009,164.524,23664
2024-04-16T13:00:00.000Z,164.523,164.607,163.778,164.236,33164
2024-04-16T17:00:00.000Z,164.237,164.42,164.075,164.279,24300
2024-04-16T21:00:00.000Z,164.239,164.358,164.142,164.316,12040
2024-04-17T01:00:00.000Z,164.317,164.489,164.278,164.307,11870
2024-04-17T05:00:00.000Z,164.309,164.527,163.92,164.456,26764
2024-04-17T09:00:00.000Z,164.461,164.635,164.378,164.439,21093
2024-04-17T13:00:00.000Z,164.439,164.741,164.251,164.294,28438
2024-04-17T17:00:00.000Z,164.292,164.806,164.23,164.767,18603
2024-04-17T21:00:00.000Z,164.715,164.731,164.543,164.619,9384
2024-04-18T01:00:00.000Z,164.618,164.79,164.349,164.755,14816
2024-04-18T05:00:00.000Z,164.754,164.89,164.684,164.827,19584
2024-04-18T09:00:00.000Z,164.825,164.947,164.597,164.599,18759
2024-04-18T13:00:00.000Z,164.599,164.858,164.536,164.718,25708
2024-04-18T17:00:00.000Z,164.72,164.739,164.515,164.556,14510
2024-04-18T21:00:00.000Z,164.583,164.627,164.391,164.502,9889
2024-04-19T01:00:00.000Z,164.501,164.503,163.011,164.111,37647
2024-04-19T05:00:00.000Z,164.111,164.667,163.882,164.379,26532
2024-04-19T09:00:00.000Z,164.382,164.955,164.373,164.812,21890
2024-04-19T13:00:00.000Z,164.813,165.019,164.486,164.68,26108
2024-04-19T17:00:00.000Z,164.68,164.803,164.592,164.789,16693
2024-04-21T21:00:00.000Z,164.689,164.951,164.525,164.774,13180
2024-04-22T01:00:00.000Z,164.773,165.061,164.752,165.008,12393
2024-04-22T05:00:00.000Z,165.009,165.098,164.696,164.878,19091
2024-04-22T09:00:00.000Z,164.88,164.95,164.488,164.645,18438
2024-04-22T13:00:00.000Z,164.646,164.914,164.399,164.835,19820
2024-04-22T17:00:00.000Z,164.837,165.027,164.824,164.971,9427
2024-04-22T21:00:00.000Z,164.947,164.996,164.87,164.983,7252
2024-04-23T01:00:00.000Z,164.983,165.007,164.822,164.877,10336
2024-04-23T05:00:00.000Z,164.876,165.6,164.621,165.227,19514
2024-04-23T09:00:00.000Z,165.226,165.28,164.907,165.214,18723
2024-04-23T13:00:00.000Z,165.214,165.732,165.037,165.656,26693
2024-04-23T17:00:00.000Z,165.657,165.737,165.429,165.704,11141
2024-04-23T21:00:00.000Z,165.669,165.8,165.568,165.777,6753
2024-04-24T01:00:00.000Z,165.776,165.849,165.733,165.756,8632
2024-04-24T05:00:00.000Z,165.756,165.805,165.43,165.482,14561
2024-04-24T09:00:00.000Z,165.483,165.736,165.371,165.584,17874
2024-04-24T13:00:00.000Z,165.585,165.878,165.514,165.822,24819
2024-04-24T17:00:00.000Z,165.821,166.224,165.817,166.209,12337
2024-04-24T21:00:00.000Z,166.076,166.342,165.984,166.304,9242
2024-04-25T01:00:00.000Z,166.305,166.659,166.242,166.622,10783
2024-04-25T05:00:00.000Z,166.622,167.015,166.622,166.975,19558
2024-04-25T09:00:00.000Z,166.974,167.002,166.24,166.452,20433
2024-04-25T13:00:00.000Z,166.453,166.945,165.93,166.882,31919
2024-04-25T17:00:00.000Z,166.885,167.082,166.801,167.01,15132
2024-04-25T21:00:00.000Z,166.811,166.982,166.791,166.943,7787
2024-04-26T01:00:00.000Z,166.943,167.489,166.662,167.473,13559
2024-04-26T05:00:00.000Z,167.474,168.346,166.452,168.128,27607
2024-04-26T09:00:00.000Z,168.147,168.349,167.733,168.054,26436
2024-04-26T13:00:00.000Z,168.055,168.672,167.775,168.585,33682
2024-04-26T17:00:00.000Z,168.586,169.38,168.524,169.257,14636
2024-04-28T21:00:00.000Z,168.768,169.506,168.712,169.398,13265
2024-04-29T01:00:00.000Z,169.397,171.585,166.533,167.661,36369
2024-04-29T05:00:00.000Z,167.661,168.551,165.627,166.823,49933
2024-04-29T09:00:00.000Z,166.831,167.698,166.287,167.392,31060
2024-04-29T13:00:00.000Z,167.393,167.976,166.365,167.135,29083
2024-04-29T17:00:00.000Z,167.116,167.604,166.797,167.565,23413
2024-04-29T21:00:00.000Z,167.42,167.973,167.208,167.919,14674
2024-04-30T01:00:00.000Z,167.917,168.041,167.619,167.713,15585
2024-04-30T05:00:00.000Z,167.713,168.047,167.397,167.979,21702
2024-04-30T09:00:00.000Z,167.979,168.496,167.967,168.375,24572
2024-04-30T13:00:00.000Z,168.377,168.595,168.026,168.048,32064
2024-04-30T17:00:00.000Z,168.051,168.331,168.032,168.227,14838
2024-04-30T21:00:00.000Z,168.214,168.358,168.128,168.201,12748
2024-05-01T01:00:00.000Z,168.199,168.331,168.177,168.235,9799
2024-05-01T05:00:00.000Z,168.23,168.557,168.193,168.55,12435
2024-05-01T09:00:00.000Z,168.55,168.636,168.444,168.601,14174
2024-05-01T13:00:00.000Z,168.6,168.635,168.217,168.224,22184
2024-05-01T17:00:00.000Z,168.225,168.66,164.037,165.483,43476
2024-05-01T21:00:00.000Z,165.722,167.212,165.151,167.129,28249
2024-05-02T01:00:00.000Z,167.13,167.379,166.906,167.025,23819
2024-05-02T05:00:00.000Z,167.025,167.095,166.051,166.081,33125
2024-05-02T09:00:00.000Z,166.079,166.244,165.313,165.363,28858
2024-05-02T13:00:00.000Z,165.363,165.554,164.315,164.791,38707
2024-05-02T17:00:00.000Z,164.795,165.017,164.218,164.847,20991
2024-05-02T21:00:00.000Z,164.735,164.908,164.036,164.353,15552
2024-05-03T01:00:00.000Z,164.353,164.457,164.008,164.114,16453
2024-05-03T05:00:00.000Z,164.114,164.73,164.096,164.579,23110
2024-05-03T09:00:00.000Z,164.578,164.788,164.142,164.283,24480
2024-05-03T13:00:00.000Z,164.28,164.769,164.123,164.546,36172
2024-05-03T17:00:00.000Z,164.548,164.709,164.528,164.551,10894
2024-05-05T21:00:00.000Z,164.626,165.406,164.406,165.194,11959
2024-05-06T01:00:00.000Z,165.183,165.745,165.127,165.673,13842
2024-05-06T05:00:00.000Z,165.674,165.736,165.368,165.54,19106
2024-05-06T09:00:00.000Z,165.54,165.726,165.492,165.603,16287
2024-05-06T13:00:00.000Z,165.601,165.984,165.591,165.819,18985
2024-05-06T17:00:00.000Z,165.816,165.864,165.716,165.727,11336
2024-05-06T21:00:00.000Z,165.664,166.119,165.655,165.867,10289
2024-05-07T01:00:00.000Z,165.868,166.469,165.803,166.301,15876
2024-05-07T05:00:00.000Z,166.305,166.394,165.634,166.19,20380
2024-05-07T09:00:00.000Z,166.191,166.527,166.137,166.383,16903
2024-05-07T13:00:00.000Z,166.383,166.568,166.224,166.402,21711
2024-05-07T17:00:00.000Z,166.401,166.416,166.267,166.358,13931
2024-05-07T21:00:00.000Z,166.303,166.514,166.197,166.475,10367
2024-05-08T01:00:00.000Z,166.475,166.745,166.399,166.672,15731
2024-05-08T05:00:00.000Z,166.67,167.015,166.631,166.997,19992
2024-05-08T09:00:00.000Z,166.997,167.279,166.897,167.262,20282
2024-05-08T13:00:00.000Z,167.256,167.344,167.062,167.146,19921
2024-05-08T17:00:00.000Z,167.147,167.258,167.091,167.224,9792
2024-05-08T21:00:00.000Z,167.072,167.254,166.733,167.187,11957
2024-05-09T01:00:00.000Z,167.19,167.273,167.037,167.169,13792
2024-05-09T05:00:00.000Z,167.162,167.323,167.139,167.194,16480
2024-05-09T09:00:00.000Z,167.194,167.526,167.138,167.525,23242
2024-05-09T13:00:00.000Z,167.524,167.748,167.378,167.703,24304
2024-05-09T17:00:00.000Z,167.704,167.705,167.535,167.631,10677
2024-05-09T21:00:00.000Z,167.619,167.721,167.415,167.648,9718
2024-05-10T01:00:00.000Z,167.647,167.841,167.598,167.717,12153
2024-05-10T05:00:00.000Z,167.717,167.956,167.622,167.872,20572
2024-05-10T09:00:00.000Z,167.875,167.963,167.777,167.823,19040
2024-05-10T13:00:00.000Z,167.822,167.955,167.672,167.917,25199
2024-05-10T17:00:00.000Z,167.917,167.941,167.731,167.778,10133
2024-05-12T21:00:00.000Z,167.699,167.956,167.601,167.922,9254
2024-05-13T01:00:00.000Z,167.922,167.936,167.508,167.792,15003
2024-05-13T05:00:00.000Z,167.793,168.086,167.774,168.086,19796
2024-05-13T09:00:00.000Z,168.085,168.277,167.979,168.186,16952
2024-05-13T13:00:00.000Z,168.186,168.656,168.169,168.612,21806
2024-05-13T17:00:00.000Z,168.612,168.632,168.483,168.541,9412
2024-05-13T21:00:00.000Z,168.473,168.701,168.409,168.603,8619
2024-05-14T01:00:00.000Z,168.602,168.781,168.6,168.695,10506
2024-05-14T05:00:00.000Z,168.695,168.86,168.547,168.712,15857
2024-05-14T09:00:00.000Z,168.711,169.212,168.628,169.156,20260
2024-05-14T13:00:00.000Z,169.156,169.356,169.019,169.264,22888
2024-05-14T17:00:00.000Z,169.259,169.338,169.203,169.259,7966
2024-05-14T21:00:00.000Z,169.213,169.334,169.158,169.164,7557
2024-05-15T01:00:00.000Z,169.16,169.396,169.078,169.201,10001
2024-05-15T05:00:00.000Z,169.202,169.302,168.483,168.564,21174
2024-05-15T09:00:00.000Z,168.563,168.786,168.034,168.477,27068
2024-05-15T13:00:00.000Z,168.478,168.841,168.24,168.491,34009
2024-05-15T17:00:00.000Z,168.49,168.652,168.281,168.565,12931
2024-05-15T21:00:00.000Z,168.534,168.536,167.325,167.394,18370
2024-05-16T01:00:00.000Z,167.393,167.936,167.349,167.551,23848
2024-05-16T05:00:00.000Z,167.552,168.253,167.458,168.219,25652
2024-05-16T09:00:00.000Z,168.22,168.744,168.077,168.714,22848
2024-05-16T13:00:00.000Z,168.715,168.892,168.663,168.824,23835
2024-05-16T17:00:00.000Z,168.823,168.904,168.721,168.864,9778
2024-05-16T21:00:00.000Z,168.784,168.97,168.77,168.858,11318
2024-05-17T01:00:00.000Z,168.858,169.282,168.836,169.142,14788
2024-05-17T05:00:00.000Z,169.14,169.274,169.001,169.02,17563
2024-05-17T09:00:00.000Z,169.021,169.085,168.82,168.919,16365
2024-05-17T13:00:00.000Z,168.918,169.151,168.847,169.136,22425
2024-05-17T17:00:00.000Z,169.137,169.321,169.119,169.25,9901
2024-05-19T21:00:00.000Z,169.084,169.518,168.976,169.509,7633
2024-05-20T01:00:00.000Z,169.508,169.577,169.325,169.476,9237
2024-05-20T05:00:00.000Z,169.482,169.511,169.062,169.294,17178
2024-05-20T09:00:00.000Z,169.294,169.603,169.127,169.543,18040
2024-05-20T13:00:00.000Z,169.544,169.699,169.495,169.619,19243
2024-05-20T17:00:00.000Z,169.619,169.779,169.538,169.661,8683
2024-05-20T21:00:00.000Z,169.518,169.929,169.516,169.897,7176
2024-05-21T01:00:00.000Z,169.9,169.936,169.764,169.883,12615
2024-05-21T05:00:00.000Z,169.883,169.912,169.49,169.797,21578
2024-05-21T09:00:00.000Z,169.796,169.888,169.582,169.632,20321
2024-05-21T13:00:00.000Z,169.635,169.67,169.214,169.449,26247
2024-05-21T17:00:00.000Z,169.446,169.588,169.405,169.529,8345
2024-05-21T21:00:00.000Z,169.477,169.695,169.443,169.67,7251
2024-05-22T01:00:00.000Z,169.672,169.758,169.629,169.692,10318
2024-05-22T05:00:00.000Z,169.691,169.926,169.642,169.755,17345
2024-05-22T09:00:00.000Z,169.755,169.784,169.445,169.567,19308
2024-05-22T13:00:00.000Z,169.566,169.718,169.434,169.67,21104
2024-05-22T17:00:00.000Z,169.67,169.722,169.38,169.694,15020
2024-05-22T21:00:00.000Z,169.638,169.779,169.572,169.743,9229
2024-05-23T01:00:00.000Z,169.741,169.873,169.622,169.67,11583
2024-05-23T05:00:00.000Z,169.67,170,169.286,169.902,20980
2024-05-23T09:00:00.000Z,169.901,170.12,169.796,170.114,20245
2024-05-23T13:00:00.000Z,170.113,170.32,169.729,169.896,31761
2024-05-23T17:00:00.000Z,169.896,169.901,169.471,169.724,17227
2024-05-23T21:00:00.000Z,169.666,169.873,169.624,169.758,11572
2024-05-24T01:00:00.000Z,169.755,169.874,169.676,169.789,10953
2024-05-24T05:00:00.000Z,169.788,170.033,169.741,169.975,16647
2024-05-24T09:00:00.000Z,169.975,170.447,169.957,170.44,18042
2024-05-24T13:00:00.000Z,170.441,170.494,170.168,170.205,21628
2024-05-24T17:00:00.000Z,170.206,170.331,170.184,170.243,9679
2024-05-26T21:00:00.000Z,170.215,170.286,170.039,170.134,7549
2024-05-27T01:00:00.000Z,170.133,170.174,169.964,170.069,10348
2024-05-27T05:00:00.000Z,170.068,170.296,170.027,170.275,12558
2024-05-27T09:00:00.000Z,170.276,170.498,170.025,170.135,13300
2024-05-27T13:00:00.000Z,170.134,170.425,170.042,170.387,10771
2024-05-27T17:00:00.000Z,170.386,170.409,170.304,170.397,3925
2024-05-27T21:00:00.000Z,170.302,170.494,170.157,170.463,9153
2024-05-28T01:00:00.000Z,170.462,170.499,170.355,170.408,11323
2024-05-28T05:00:00.000Z,170.406,170.701,170.396,170.514,16016
2024-05-28T09:00:00.000Z,170.514,170.738,170.36,170.412,17026
2024-05-28T13:00:00.000Z,170.411,170.716,170.301,170.694,22273
2024-05-28T17:00:00.000Z,170.694,170.794,170.548,170.647,12542
2024-05-28T21:00:00.000Z,170.59,170.778,170.59,170.764,9845
2024-05-29T01:00:00.000Z,170.764,170.793,170.55,170.579,11379
2024-05-29T05:00:00.000Z,170.579,170.609,170.167,170.247,21582
2024-05-29T09:00:00.000Z,170.247,170.751,170.247,170.494,19929
2024-05-29T13:00:00.000Z,170.493,170.621,170.199,170.538,25725
2024-05-29T17:00:00.000Z,170.537,170.541,170.29,170.302,11442
2024-05-29T21:00:00.000Z,170.25,170.325,169.828,169.891,9720
2024-05-30T01:00:00.000Z,169.897,170.088,169.611,169.694,15051
2024-05-30T05:00:00.000Z,169.699,169.843,169.061,169.731,28521
2024-05-30T09:00:00.000Z,169.732,169.862,169.471,169.628,23186
2024-05-30T13:00:00.000Z,169.63,169.948,169.372,169.856,26010
2024-05-30T17:00:00.000Z,169.856,169.967,169.774,169.86,10919
2024-05-30T21:00:00.000Z,169.789,170.076,169.613,169.778,11909
2024-05-31T01:00:00.000Z,169.778,169.954,169.442,169.521,17873
2024-05-31T05:00:00.000Z,169.519,170.491,169.518,170.39,22189
2024-05-31T09:00:00.000Z,170.392,170.717,170.392,170.663,24408
2024-05-31T13:00:00.000Z,170.663,170.741,170.149,170.493,32984
2024-05-31T17:00:00.000Z,170.494,170.693,170.455,170.611,13852
2024-06-02T21:00:00.000Z,170.508,170.762,170.448,170.535,11991
2024-06-03T01:00:00.000Z,170.534,170.886,170.422,170.819,13718
2024-06-03T05:00:00.000Z,170.817,170.885,170.13,170.248,19564
2024-06-03T09:00:00.000Z,170.249,170.336,169.807,170.015,22539
2024-06-03T13:00:00.000Z,170.016,170.171,169.715,169.881,31462
2024-06-03T17:00:00.000Z,169.88,170.313,169.823,170.15,14245
2024-06-03T21:00:00.000Z,170.127,170.718,170.109,170.659,11690
2024-06-04T01:00:00.000Z,170.659,170.71,170.458,170.507,12976
2024-06-04T05:00:00.000Z,170.506,170.515,168.835,168.977,29200
2024-06-04T09:00:00.000Z,168.977,169.046,168.097,168.529,33642
2024-06-04T13:00:00.000Z,168.528,168.691,168.141,168.406,33449
2024-06-04T17:00:00.000Z,168.406,168.511,168.224,168.483,15430
2024-06-04T21:00:00.000Z,168.473,169.097,168.388,168.941,12696
2024-06-05T01:00:00.000Z,168.943,169.324,168.917,169.279,15061
2024-06-05T05:00:00.000Z,169.279,169.998,169.208,169.926,24777
2024-06-05T09:00:00.000Z,169.925,169.943,169.526,169.89,22989
2024-06-05T13:00:00.000Z,169.89,170.013,169.512,169.612,33622
2024-06-05T17:00:00.000Z,169.613,169.8,169.548,169.696,11582
2024-06-05T21:00:00.000Z,169.625,169.707,169.312,169.375,11856
2024-06-06T01:00:00.000Z,169.375,169.781,169.199,169.548,19246
2024-06-06T05:00:00.000Z,169.548,170.071,169.523,169.858,22656
2024-06-06T09:00:00.000Z,169.856,170.145,169.619,170.058,24742
2024-06-06T13:00:00.000Z,170.058,170.283,169.519,169.539,30965
2024-06-06T17:00:00.000Z,169.538,169.667,169.294,169.498,14597
2024-06-06T21:00:00.000Z,169.432,169.68,169.394,169.62,10854
2024-06-07T01:00:00.000Z,169.62,169.825,169.436,169.505,16801
2024-06-07T05:00:00.000Z,169.505,169.594,168.933,169.166,26741
2024-06-07T09:00:00.000Z,169.165,169.971,169.125,169.836,29920
2024-06-07T13:00:00.000Z,169.837,169.867,169.064,169.275,35182
2024-06-07T17:00:00.000Z,169.273,169.324,169.119,169.307,16260
2024-06-09T21:00:00.000Z,168.739,169.166,168.639,169.036,15099
2024-06-10T01:00:00.000Z,169.032,169.213,168.847,168.976,16878
2024-06-10T05:00:00.000Z,168.973,169.074,168.7,168.832,28031
2024-06-10T09:00:00.000Z,168.832,168.846,168.298,168.613,25366
2024-06-10T13:00:00.000Z,168.612,168.866,168.397,168.831,24249
2024-06-10T17:00:00.000Z,168.83,169.078,168.811,169.04,11658
2024-06-10T21:00:00.000Z,168.994,169.27,168.908,169.216,10526
2024-06-11T01:00:00.000Z,169.216,169.404,169.121,169.344,13579
2024-06-11T05:00:00.000Z,169.345,169.42,168.92,168.934,21505
2024-06-11T09:00:00.000Z,168.933,169.096,168.292,168.378,32563
2024-06-11T13:00:00.000Z,168.378,168.997,168.337,168.984,29278
2024-06-11T17:00:00.000Z,168.983,168.984,168.668,168.755,13504
2024-06-11T21:00:00.000Z,168.633,168.809,168.633,168.748,9625
2024-06-12T01:00:00.000Z,168.748,168.874,168.671,168.824,13845
2024-06-12T05:00:00.000Z,168.823,169.159,168.793,169.043,18025
2024-06-12T09:00:00.000Z,169.044,169.389,168.973,169.068,15927
2024-06-12T13:00:00.000Z,169.073,169.115,168.747,168.944,22434
2024-06-12T17:00:00.000Z,168.944,169.586,168.886,169.422,19825
2024-06-12T21:00:00.000Z,169.378,169.649,169.251,169.535,8705
2024-06-13T01:00:00.000Z,169.534,169.731,169.435,169.669,10462
2024-06-13T05:00:00.000Z,169.67,170.135,169.665,169.933,14546
2024-06-13T09:00:00.000Z,169.933,170.024,169.3,169.483,16665
2024-06-13T13:00:00.000Z,169.489,169.844,168.316,168.377,22191
2024-06-13T17:00:00.000Z,168.379,168.73,168.274,168.632,10135
2024-06-13T21:00:00.000Z,168.539,168.84,168.521,168.774,6835
2024-06-14T01:00:00.000Z,168.775,169.647,168.46,169.575,13142
2024-06-14T05:00:00.000Z,169.574,169.796,168.325,168.388,22119
2024-06-14T09:00:00.000Z,168.388,168.397,167.521,168.087,25845
2024-06-14T13:00:00.000Z,168.091,168.365,167.651,168.332,20780
2024-06-14T17:00:00.000Z,168.331,168.572,168.218,168.487,8385
2024-06-16T21:00:00.000Z,168.354,168.736,168.312,168.534,8566
2024-06-17T01:00:00.000Z,168.532,168.587,168.392,168.463,9660
2024-06-17T05:00:00.000Z,168.465,168.895,167.954,168.795,18160
2024-06-17T09:00:00.000Z,168.795,169.177,168.65,169.161,16089
2024-06-17T13:00:00.000Z,169.162,169.285,169.095,169.223,15850
2024-06-17T17:00:00.000Z,169.221,169.33,169.152,169.279,7944
2024-06-17T21:00:00.000Z,169.215,169.387,169.165,169.286,5642
2024-06-18T01:00:00.000Z,169.287,169.293,168.961,169.092,9485
2024-06-18T05:00:00.000Z,169.095,169.703,169.023,169.508,15512
2024-06-18T09:00:00.000Z,169.526,169.586,169.088,169.37,15776
2024-06-18T13:00:00.000Z,169.369,169.909,169.234,169.365,18217
2024-06-18T17:00:00.000Z,169.367,169.544,169.347,169.495,8455
2024-06-18T21:00:00.000Z,169.494,169.575,169.463,169.516,4966
2024-06-19T01:00:00.000Z,169.516,169.536,169.389,169.464,7898
2024-06-19T05:00:00.000Z,169.464,169.503,169.124,169.476,13525
2024-06-19T09:00:00.000Z,169.476,169.832,169.403,169.654,12781
2024-06-19T13:00:00.000Z,169.654,169.765,169.582,169.727,7436
2024-06-19T17:00:00.000Z,169.726,169.892,169.673,169.84,2616
2024-06-19T21:00:00.000Z,169.702,169.871,169.702,169.819,6030
2024-06-20T01:00:00.000Z,169.818,169.911,169.741,169.886,7211
2024-06-20T05:00:00.000Z,169.887,169.91,169.612,169.791,14178
2024-06-20T09:00:00.000Z,169.791,169.992,169.731,169.941,15428
2024-06-20T13:00:00.000Z,169.941,170.316,169.907,170.088,17099
2024-06-20T17:00:00.000Z,170.088,170.181,170.025,170.084,10167
2024-06-20T21:00:00.000Z,170.089,170.363,170.029,170.344,5927
2024-06-21T01:00:00.000Z,170.341,170.355,170.187,170.297,7662
2024-06-21T05:00:00.000Z,170.297,170.445,169.325,169.799,14832
2024-06-21T09:00:00.000Z,169.8,170.011,169.684,169.963,15146
2024-06-21T13:00:00.000Z,169.96,170.561,169.907,170.517,18973
2024-06-21T17:00:00.000Z,170.514,170.89,170.481,170.888,8809
2024-06-23T21:00:00.000Z,170.77,170.947,170.605,170.847,7564
2024-06-24T01:00:00.000Z,170.848,170.855,170.596,170.847,9926
2024-06-24T05:00:00.000Z,170.85,171.233,170.838,171.188,12881
2024-06-24T09:00:00.000Z,171.184,171.291,170.238,171.098,19599
2024-06-24T13:00:00.000Z,171.096,171.397,171.094,171.351,19563
2024-06-24T17:00:00.000Z,171.349,171.445,171.229,171.305,10481
2024-06-24T21:00:00.000Z,171.211,171.393,171.017,171.087,7867
2024-06-25T01:00:00.000Z,171.092,171.284,170.877,171.217,11658
2024-06-25T05:00:00.000Z,171.22,171.284,170.929,171.186,16156
2024-06-25T09:00:00.000Z,171.185,171.234,170.761,170.921,17348
2024-06-25T13:00:00.000Z,170.922,171.068,170.7,171,19636
2024-06-25T17:00:00.000Z,171.001,171.136,170.943,171.052,9309
2024-06-25T21:00:00.000Z,170.979,171.106,170.944,171.079,6624
2024-06-26T01:00:00.000Z,171.078,171.342,171.072,171.1,10027
2024-06-26T05:00:00.000Z,171.099,171.149,170.848,171.07,15280
2024-06-26T09:00:00.000Z,171.072,171.483,170.962,171.208,22879
2024-06-26T13:00:00.000Z,171.207,171.791,170.908,171.589,27100
2024-06-26T17:00:00.000Z,171.587,171.793,171.581,171.77,10997
2024-06-26T21:00:00.000Z,171.67,171.697,171.378,171.587,8584
2024-06-27T01:00:00.000Z,171.588,171.628,171.394,171.465,11118
2024-06-27T05:00:00.000Z,171.465,171.719,171.413,171.599,20304
2024-06-27T09:00:00.000Z,171.598,171.95,171.471,171.937,25991
2024-06-27T13:00:00.000Z,171.935,172.163,171.901,172.064,29551
2024-06-27T17:00:00.000Z,172.062,172.151,171.993,172.069,12594
2024-06-27T21:00:00.000Z,172.049,172.373,171.996,172.356,9738
2024-06-28T01:00:00.000Z,172.357,172.38,171.997,172.096,23122
2024-06-28T05:00:00.000Z,172.096,172.301,171.998,172.136,23901
2024-06-28T09:00:00.000Z,172.136,172.146,171.711,171.823,29253
2024-06-28T13:00:00.000Z,171.822,172.442,171.445,172.366,39728
2024-06-28T17:00:00.000Z,172.364,172.432,172.191,172.347,17762
2024-06-30T21:00:00.000Z,172.687,173.216,172.59,172.997,16093
2024-07-01T01:00:00.000Z,172.993,173.251,172.881,173.231,18845
2024-07-01T05:00:00.000Z,173.23,173.469,173.089,173.376,27417
2024-07-01T09:00:00.000Z,173.376,173.44,173.072,173.423,22666
2024-07-01T13:00:00.000Z,173.428,173.669,173.24,173.329,31960
2024-07-01T17:00:00.000Z,173.328,173.457,173.221,173.409,13755
2024-07-01T21:00:00.000Z,173.346,173.51,173.301,173.388,9368
2024-07-02T01:00:00.000Z,173.388,173.549,173.283,173.469,12280
2024-07-02T05:00:00.000Z,173.471,173.597,173.117,173.228,22482
2024-07-02T09:00:00.000Z,173.231,173.408,173.078,173.331,20756
2024-07-02T13:00:00.000Z,173.331,173.481,173.196,173.404,29389
2024-07-02T17:00:00.000Z,173.402,173.518,173.38,173.446,9441
2024-07-02T21:00:00.000Z,173.433,173.687,173.417,173.641,11713
2024-07-03T01:00:00.000Z,173.642,173.743,173.561,173.717,9521
2024-07-03T05:00:00.000Z,173.716,174.183,173.653,174.11,22809
2024-07-03T09:00:00.000Z,174.109,174.393,174.033,174.354,22525
2024-07-03T13:00:00.000Z,174.35,174.51,173.857,174.383,35949
2024-07-03T17:00:00.000Z,174.383,174.465,174.118,174.447,10211
2024-07-03T21:00:00.000Z,174.242,174.43,174.149,174.23,9325
2024-07-04T01:00:00.000Z,174.231,174.267,173.937,174.194,12950
2024-07-04T05:00:00.000Z,174.195,174.273,174.028,174.17,19545
2024-07-04T09:00:00.000Z,174.169,174.219,173.794,173.977,19531
2024-07-04T13:00:00.000Z,173.977,174.262,173.912,174.211,15186
2024-07-04T17:00:00.000Z,174.209,174.385,174.177,174.35,7671
2024-07-04T21:00:00.000Z,174.346,174.466,173.968,174.195,13334
2024-07-05T01:00:00.000Z,174.192,174.258,173.71,173.844,19945
2024-07-05T05:00:00.000Z,173.846,174.155,173.759,174.044,18864
2024-07-05T09:00:00.000Z,174.043,174.375,173.723,174.291,24591
2024-07-05T13:00:00.000Z,174.292,174.497,173.948,174.161,36265
2024-07-05T17:00:00.000Z,174.16,174.316,174.095,174.283,11514
2024-07-07T21:00:00.000Z,173.647,174.123,173.647,173.804,13816
2024-07-08T01:00:00.000Z,173.805,173.941,173.505,173.842,19564
2024-07-08T05:00:00.000Z,173.842,174.633,173.677,174.594,27978
2024-07-08T09:00:00.000Z,174.594,174.623,174.195,174.248,22772
2024-07-08T13:00:00.000Z,174.249,174.341,173.918,174.107,25898
2024-07-08T17:00:00.000Z,174.108,174.134,173.983,174.061,10476
2024-07-08T21:00:00.000Z,174.024,174.236,174.005,174.195,7893
2024-07-09T01:00:00.000Z,174.195,174.452,174.169,174.317,12313
2024-07-09T05:00:00.000Z,174.317,174.332,174.013,174.294,20130
2024-07-09T09:00:00.000Z,174.292,174.385,174.154,174.268,21388
2024-07-09T13:00:00.000Z,174.269,174.588,174.207,174.385,31123
2024-07-09T17:00:00.000Z,174.384,174.454,174.319,174.421,11244
2024-07-09T21:00:00.000Z,174.382,174.643,174.373,174.571,8178
2024-07-10T01:00:00.000Z,174.573,174.746,174.559,174.653,11076
2024-07-10T05:00:00.000Z,174.654,174.764,174.592,174.679,18925
2024-07-10T09:00:00.000Z,174.678,174.896,174.676,174.8,20682
2024-07-10T13:00:00.000Z,174.801,175.137,174.75,175.056,23643
2024-07-10T17:00:00.000Z,175.054,175.155,175.008,175.11,10969
2024-07-10T21:00:00.000Z,174.977,175.107,174.972,175.064,7642
2024-07-11T01:00:00.000Z,175.065,175.24,175.06,175.215,10363
2024-07-11T05:00:00.000Z,175.215,175.31,175.103,175.224,18847
2024-07-11T09:00:00.000Z,175.224,175.424,172.54,172.726,27018
2024-07-11T13:00:00.000Z,172.727,172.958,171.563,172.317,46781
2024-07-11T17:00:00.000Z,172.318,172.68,172.275,172.667,21896
2024-07-11T21:00:00.000Z,172.588,173.274,171.501,172.923,28198
2024-07-12T01:00:00.000Z,172.924,173.188,172.506,172.96,26400
2024-07-12T05:00:00.000Z,172.96,173.265,172.732,173.218,27501
2024-07-12T09:00:00.000Z,173.217,173.428,172.618,172.953,28006
2024-07-12T13:00:00.000Z,172.946,172.958,171.458,172.166,41495
2024-07-12T17:00:00.000Z,172.168,172.336,172.102,172.18,16277
2024-07-14T21:00:00.000Z,172.078,172.434,171.994,172.154,15954
2024-07-15T01:00:00.000Z,172.155,172.271,171.976,172.109,15962
2024-07-15T05:00:00.000Z,172.111,172.309,171.871,172.151,24982
2024-07-15T09:00:00.000Z,172.152,172.556,172.084,172.293,26992
2024-07-15T13:00:00.000Z,172.291,172.469,171.556,172,30397
2024-07-15T17:00:00.000Z,172.001,172.351,171.965,172.266,20268
2024-07-15T21:00:00.000Z,172.124,172.507,172.082,172.476,11236
2024-07-16T01:00:00.000Z,172.473,172.878,172.473,172.795,16124
2024-07-16T05:00:00.000Z,172.796,172.915,172.501,172.736,24457
2024-07-16T09:00:00.000Z,172.733,172.799,172.307,172.733,26119
2024-07-16T13:00:00.000Z,172.732,172.76,172.477,172.629,31559
2024-07-16T17:00:00.000Z,172.628,172.678,172.52,172.612,15841
2024-07-16T21:00:00.000Z,172.521,172.764,172.52,172.706,13200
2024-07-17T01:00:00.000Z,172.706,172.824,172.499,172.499,15776
2024-07-17T05:00:00.000Z,172.499,172.54,170.736,170.959,39482
2024-07-17T09:00:00.000Z,170.96,171.415,170.826,171.314,38582
2024-07-17T13:00:00.000Z,171.312,171.372,170.696,170.832,38020
2024-07-17T17:00:00.000Z,170.832,171.061,170.7,170.944,19349
2024-07-17T21:00:00.000Z,170.809,170.953,169.987,170.326,25696
2024-07-18T01:00:00.000Z,170.327,171.18,170.297,170.939,24483
2024-07-18T05:00:00.000Z,170.94,171.163,170.41,171.02,35547
2024-07-18T09:00:00.000Z,171.016,171.108,170.793,170.953,26951
2024-07-18T13:00:00.000Z,170.954,171.552,170.669,171.538,39033
2024-07-18T17:00:00.000Z,171.537,171.57,171.339,171.464,20401
2024-07-18T21:00:00.000Z,171.468,171.499,171.169,171.232,17284
2024-07-19T01:00:00.000Z,171.233,171.537,171.222,171.444,19163
2024-07-19T05:00:00.000Z,171.441,171.871,170.907,171.085,34366
2024-07-19T09:00:00.000Z,171.085,171.709,170.964,171.689,27320
2024-07-19T13:00:00.000Z,171.689,171.721,171.248,171.341,34082
2024-07-19T17:00:00.000Z,171.341,171.402,171.214,171.395,16041
2024-07-21T21:00:00.000Z,171.278,171.574,171.271,171.494,14246
2024-07-22T01:00:00.000Z,171.493,171.658,171.377,171.413,16642
2024-07-22T05:00:00.000Z,171.412,171.412,170.057,170.717,36498
2024-07-22T09:00:00.000Z,170.719,170.966,170.442,170.557,31694
2024-07-22T13:00:00.000Z,170.556,171.008,170.437,170.994,32022
2024-07-22T17:00:00.000Z,170.995,171.149,170.966,171.055,12718
2024-07-22T21:00:00.000Z,170.894,171.092,170.547,170.589,13509
2024-07-23T01:00:00.000Z,170.592,170.852,170.155,170.23,25381
2024-07-23T05:00:00.000Z,170.227,170.501,169.492,169.705,34411
2024-07-23T09:00:00.000Z,169.704,169.744,169.331,169.383,30773
2024-07-23T13:00:00.000Z,169.385,169.494,169.013,169.078,33080
2024-07-23T17:00:00.000Z,169.077,169.112,168.828,168.94,17097
2024-07-23T21:00:00.000Z,168.831,169.202,168.793,169.017,13475
2024-07-24T01:00:00.000Z,169.019,169.067,167.622,167.7,33476
2024-07-24T05:00:00.000Z,167.7,168.046,167.313,167.791,36844
2024-07-24T09:00:00.000Z,167.791,167.889,166.925,167.009,33841
2024-07-24T13:00:00.000Z,167.013,167.143,166.135,166.53,44619
2024-07-24T17:00:00.000Z,166.531,166.99,166.523,166.854,22457
2024-07-24T21:00:00.000Z,166.787,166.864,165.656,166.108,23853
2024-07-25T01:00:00.000Z,166.108,166.214,165.039,165.44,31441
2024-07-25T05:00:00.000Z,165.439,165.8,164.821,165.626,45040
2024-07-25T09:00:00.000Z,165.625,166.788,165.035,166.563,42019
2024-07-25T13:00:00.000Z,166.562,167.589,166.134,167.304,49891
2024-07-25T17:00:00.000Z,167.306,167.32,166.81,167.046,28601
2024-07-25T21:00:00.000Z,166.925,167.285,166.417,167.066,21828
2024-07-26T01:00:00.000Z,167.066,167.244,166.61,166.869,25506
2024-07-26T05:00:00.000Z,166.87,167.488,166.647,167.436,36956
2024-07-26T09:00:00.000Z,167.436,168.013,167.182,167.488,36697
2024-07-26T13:00:00.000Z,167.487,167.492,166.333,167.089,42637
2024-07-26T17:00:00.000Z,167.09,167.135,166.834,166.894,19551
2024-07-28T21:00:00.000Z,166.867,167.514,166.73,166.922,24861
2024-07-29T01:00:00.000Z,166.92,167.087,166.317,166.591,38104
2024-07-29T05:00:00.000Z,166.59,166.854,166.268,166.476,41475
2024-07-29T09:00:00.000Z,166.475,166.801,166.307,166.441,37440
2024-07-29T13:00:00.000Z,166.441,166.738,166.222,166.583,43867
2024-07-29T17:00:00.000Z,166.584,166.731,166.566,166.678,21968
2024-07-29T21:00:00.000Z,166.561,166.743,166.176,166.535,18301
2024-07-30T01:00:00.000Z,166.535,167.168,166.434,167.162,28092
2024-07-30T05:00:00.000Z,167.163,167.956,167.142,167.486,39813
2024-07-30T09:00:00.000Z,167.486,167.869,167.343,167.365,31195
2024-07-30T13:00:00.000Z,167.362,167.379,165.624,165.703,53166
2024-07-30T17:00:00.000Z,165.702,165.903,165.11,165.119,35343
2024-07-30T21:00:00.000Z,165.155,165.576,164.578,164.865,29014
2024-07-31T01:00:00.000Z,164.862,166.548,164.097,165.145,37480
2024-07-31T05:00:00.000Z,165.145,165.776,162.199,163.328,50763
2024-07-31T09:00:00.000Z,163.328,163.369,162.434,162.972,44945
2024-07-31T13:00:00.000Z,162.972,163.058,162.275,162.742,54330
2024-07-31T17:00:00.000Z,162.742,163.426,162.006,162.419,47501
2024-07-31T21:00:00.000Z,162.311,162.7,161.721,161.802,24906
2024-08-01T01:00:00.000Z,161.801,162.188,160.882,162.055,45792
2024-08-01T05:00:00.000Z,162.056,162.536,161.175,161.437,52207
2024-08-01T09:00:00.000Z,161.444,162.878,161.286,162.873,47004
2024-08-01T13:00:00.000Z,162.874,162.886,161.482,161.677,56967
2024-08-01T17:00:00.000Z,161.677,161.719,161.146,161.151,39994
2024-08-01T21:00:00.000Z,161.097,161.235,160.637,161.196,29091
2024-08-02T01:00:00.000Z,161.2,161.594,160.96,161.162,39999
2024-08-02T05:00:00.000Z,161.157,161.356,160.367,161.208,49879
2024-08-02T09:00:00.000Z,161.212,161.556,159.693,160.575,46175
2024-08-02T13:00:00.000Z,160.579,161.42,159.851,160.238,67584
2024-08-02T17:00:00.000Z,160.241,160.335,159.779,159.911,41540
2024-08-04T21:00:00.000Z,159.899,160.029,158.459,158.861,38807
2024-08-05T01:00:00.000Z,158.851,158.934,155.421,156.531,55999
2024-08-05T05:00:00.000Z,156.519,157.689,154.406,155.942,64786
2024-08-05T09:00:00.000Z,155.943,156.512,155.168,156.346,60430
2024-08-05T13:00:00.000Z,156.345,158.759,156.272,158.028,66317
2024-08-05T17:00:00.000Z,158.029,158.359,157.036,157.865,46451
2024-08-05T21:00:00.000Z,157.827,160.228,157.424,159.005,36417
2024-08-06T01:00:00.000Z,159.004,159.805,158.074,159.366,50677
2024-08-06T05:00:00.000Z,159.367,160.106,157.882,158.361,61270
2024-08-06T09:00:00.000Z,158.356,158.675,157.519,157.691,59310
2024-08-06T13:00:00.000Z,157.69,158.912,157.293,158.857,61667
2024-08-06T17:00:00.000Z,158.858,158.875,157.771,157.805,41588
2024-08-06T21:00:00.000Z,157.643,158.696,157.626,158.182,31209
2024-08-07T01:00:00.000Z,158.184,161.427,158.008,161.075,48362
2024-08-07T05:00:00.000Z,161.073,161.251,159.552,160.716,56593
2024-08-07T09:00:00.000Z,160.716,161.108,160.366,160.542,51519
2024-08-07T13:00:00.000Z,160.541,161.439,160.199,160.749,51470
2024-08-07T17:00:00.000Z,160.75,160.998,160.192,160.293,43602
2024-08-07T21:00:00.000Z,160.148,160.339,158.953,159.554,32351
2024-08-08T01:00:00.000Z,159.555,160.515,159.502,159.757,46194
2024-08-08T05:00:00.000Z,159.756,160.102,159.25,159.902,53303
2024-08-08T09:00:00.000Z,159.894,160.496,159.471,160.268,50328
2024-08-08T13:00:00.000Z,160.251,160.722,160.078,160.632,56303
2024-08-08T17:00:00.000Z,160.631,160.884,160.537,160.793,39169
2024-08-08T21:00:00.000Z,160.669,161.376,160.548,160.95,27033
2024-08-09T01:00:00.000Z,160.959,161.151,160.34,160.407,33773
2024-08-09T05:00:00.000Z,160.405,160.905,160.217,160.716,43990
2024-08-09T09:00:00.000Z,160.718,160.874,159.854,160.163,45272
2024-08-09T13:00:00.000Z,160.164,160.337,159.804,160.086,49188
2024-08-09T17:00:00.000Z,160.086,160.248,160.031,160.084,33846
2024-08-11T21:00:00.000Z,160.129,160.569,160.007,160.34,18722
2024-08-12T01:00:00.000Z,160.34,160.67,160.196,160.647,26989
2024-08-12T05:00:00.000Z,160.647,161.008,160.614,160.928,39973
2024-08-12T09:00:00.000Z,160.927,161.312,160.765,161.307,36443
2024-08-12T13:00:00.000Z,161.307,161.955,160.913,160.945,52053
2024-08-12T17:00:00.000Z,160.942,161.026,160.727,160.908,37663
2024-08-12T21:00:00.000Z,160.847,161.014,160.64,160.958,25556
2024-08-13T01:00:00.000Z,160.958,161.639,160.958,161.588,36344
2024-08-13T05:00:00.000Z,161.592,161.798,161.272,161.498,38938
2024-08-13T09:00:00.000Z,161.493,161.538,160.864,161.27,44053
2024-08-13T13:00:00.000Z,161.271,161.395,160.677,160.997,47886
2024-08-13T17:00:00.000Z,160.996,161.528,160.974,161.419,34287
2024-08-13T21:00:00.000Z,161.197,161.798,161.079,161.684,24980
2024-08-14T01:00:00.000Z,161.679,161.766,160.578,161.45,41962
2024-08-14T05:00:00.000Z,161.448,162.332,161.361,162.105,40549
2024-08-14T09:00:00.000Z,162.103,162.437,161.598,162.295,39789
2024-08-14T13:00:00.000Z,162.294,162.589,161.676,161.908,49645
2024-08-14T17:00:00.000Z,161.907,162.382,161.886,162.236,27525
2024-08-14T21:00:00.000Z,162.126,162.331,162.043,162.095,19307
2024-08-15T01:00:00.000Z,162.094,162.455,162.057,162.166,31377
2024-08-15T05:00:00.000Z,162.165,162.233,161.94,162.157,33743
2024-08-15T09:00:00.000Z,162.157,163.376,162.059,163.204,35249
2024-08-15T13:00:00.000Z,163.203,163.728,163.178,163.616,46426
2024-08-15T17:00:00.000Z,163.616,163.865,163.479,163.862,26121
2024-08-15T21:00:00.000Z,163.79,163.856,163.435,163.701,20728
2024-08-16T01:00:00.000Z,163.706,163.77,163.348,163.479,31560
2024-08-16T05:00:00.000Z,163.477,163.739,163.236,163.298,30926
2024-08-16T09:00:00.000Z,163.297,163.396,162.298,162.36,37527
2024-08-16T13:00:00.000Z,162.362,163.016,162.293,162.855,43744
2024-08-16T17:00:00.000Z,162.856,162.866,162.623,162.747,23755
2024-08-18T21:00:00.000Z,162.707,163.205,162.68,163.046,17548
2024-08-19T01:00:00.000Z,163.048,163.087,161.032,161.385,36987
2024-08-19T05:00:00.000Z,161.386,161.513,160.416,161.228,46607
2024-08-19T09:00:00.000Z,161.229,161.681,161.114,161.403,40471
2024-08-19T13:00:00.000Z,161.403,162.296,161.403,162.225,41398
2024-08-19T17:00:00.000Z,162.224,162.571,162.158,162.535,22198
2024-08-19T21:00:00.000Z,162.399,162.773,162.021,162.176,18611
2024-08-20T01:00:00.000Z,162.176,162.989,161.694,162.752,33579
2024-08-20T05:00:00.000Z,162.753,163.188,162.091,162.332,40111
2024-08-20T09:00:00.000Z,162.334,162.405,162.066,162.22,37696
2024-08-20T13:00:00.000Z,162.225,162.358,161.585,161.6,45533
2024-08-20T17:00:00.000Z,161.6,161.792,161.533,161.679,21632
2024-08-20T21:00:00.000Z,161.561,161.937,161.344,161.849,28056
2024-08-21T01:00:00.000Z,161.85,162.054,161.576,161.971,31732
2024-08-21T05:00:00.000Z,161.971,162.473,161.801,162.361,38084
2024-08-21T09:00:00.000Z,162.36,162.655,162.13,162.174,36124
2024-08-21T13:00:00.000Z,162.172,163.049,161.647,161.834,53609
2024-08-21T17:00:00.000Z,161.835,162.008,161.399,161.979,32872
2024-08-21T21:00:00.000Z,161.737,162.155,161.609,162.007,18444
2024-08-22T01:00:00.000Z,162.008,162.285,161.578,161.722,25555
2024-08-22T05:00:00.000Z,161.721,162.351,161.473,162.272,32157
2024-08-22T09:00:00.000Z,162.273,162.855,162.126,162.694,33156
2024-08-22T13:00:00.000Z,162.695,162.909,162.076,162.577,42969
2024-08-22T17:00:00.000Z,162.578,162.745,162.376,162.536,22417
2024-08-22T21:00:00.000Z,162.482,162.624,162.233,162.425,16935
2024-08-23T01:00:00.000Z,162.426,162.472,161.678,162.208,31272
2024-08-23T05:00:00.000Z,162.209,162.402,161.706,162.315,32355
2024-08-23T09:00:00.000Z,162.314,162.491,162.239,162.251,26947
2024-08-23T13:00:00.000Z,162.253,162.711,161.728,161.847,50430
2024-08-23T17:00:00.000Z,161.847,161.97,161.201,161.581,26131
2024-08-25T21:00:00.000Z,161.29,161.485,160.637,160.868,28477
2024-08-26T01:00:00.000Z,160.865,161.117,160.632,161.08,30087
2024-08-26T05:00:00.000Z,161.08,161.243,160.563,160.837,31788
2024-08-26T09:00:00.000Z,160.838,161.098,160.631,160.651,31156
2024-08-26T13:00:00.000Z,160.652,161.475,160.496,161.376,37799
2024-08-26T17:00:00.000Z,161.377,161.475,161.219,161.294,15747
2024-08-26T21:00:00.000Z,161.296,161.668,161.051,161.656,15262
2024-08-27T01:00:00.000Z,161.657,161.879,161.521,161.535,22740
2024-08-27T05:00:00.000Z,161.535,162.174,161.491,161.986,31956
2024-08-27T09:00:00.000Z,161.986,162.005,161.021,161.118,33159
2024-08-27T13:00:00.000Z,161.115,161.357,160.871,160.938,37674
2024-08-27T17:00:00.000Z,160.937,161.194,160.913,160.998,16750
2024-08-27T21:00:00.000Z,160.924,161.246,160.693,161.113,16611
2024-08-28T01:00:00.000Z,161.115,161.369,161.06,161.096,24868
2024-08-28T05:00:00.000Z,161.096,161.313,160.784,160.819,31057
2024-08-28T09:00:00.000Z,160.82,160.855,160.442,160.793,28597
2024-08-28T13:00:00.000Z,160.792,161.214,160.588,160.87,38959
2024-08-28T17:00:00.000Z,160.871,160.936,160.515,160.791,22837
2024-08-28T21:00:00.000Z,160.671,160.939,160.427,160.768,17178
2024-08-29T01:00:00.000Z,160.771,161.134,160.692,161.092,19501
2024-08-29T05:00:00.000Z,161.092,161.266,160.022,160.381,34062
2024-08-29T09:00:00.000Z,160.386,161.179,160.198,161.161,35213
2024-08-29T13:00:00.000Z,161.155,161.255,160.607,160.688,41301
2024-08-29T17:00:00.000Z,160.69,160.697,160.308,160.619,28747
2024-08-29T21:00:00.000Z,160.51,160.729,160.311,160.359,14177
2024-08-30T01:00:00.000Z,160.358,160.51,160.183,160.402,18808
2024-08-30T05:00:00.000Z,160.4,160.889,160.362,160.696,25044
2024-08-30T09:00:00.000Z,160.695,161.277,160.684,161.188,29470
2024-08-30T13:00:00.000Z,161.188,161.574,160.835,161.57,42848
2024-08-30T17:00:00.000Z,161.569,161.631,161.417,161.517,19597
2024-09-01T21:00:00.000Z,161.305,161.923,161.305,161.59,15395
2024-09-02T01:00:00.000Z,161.589,161.703,161.02,161.232,23321
2024-09-02T05:00:00.000Z,161.233,162.625,161.223,162.359,30723
2024-09-02T09:00:00.000Z,162.359,162.728,162.279,162.677,22863
2024-09-02T13:00:00.000Z,162.68,162.891,162.448,162.461,21594
2024-09-02T17:00:00.000Z,162.469,162.657,162.469,162.612,2874
2024-09-02T21:00:00.000Z,162.479,162.794,162.315,162.725,12978
2024-09-03T01:00:00.000Z,162.724,162.753,161.835,161.983,27864
2024-09-03T05:00:00.000Z,161.982,162.053,160.922,161.101,36294
2024-09-03T09:00:00.000Z,161.086,161.469,160.907,161.168,30717
2024-09-03T13:00:00.000Z,161.169,161.23,160.495,160.909,44035
2024-09-03T17:00:00.000Z,160.907,160.998,160.638,160.664,20966
2024-09-03T21:00:00.000Z,160.588,160.796,160.108,160.39,22503
2024-09-04T01:00:00.000Z,160.388,160.888,160.371,160.591,27180
2024-09-04T05:00:00.000Z,160.592,160.62,159.951,160.477,37699
2024-09-04T09:00:00.000Z,160.476,160.594,160.06,160.34,30767
2024-09-04T13:00:00.000Z,160.342,160.456,159.561,159.67,48821
2024-09-04T17:00:00.000Z,159.668,159.671,159.253,159.255,27900
2024-09-04T21:00:00.000Z,159.218,159.306,158.7,159.227,19169
2024-09-05T01:00:00.000Z,159.228,159.453,158.943,159.039,26308
2024-09-05T05:00:00.000Z,159.038,159.471,158.551,159.36,36256
2024-09-05T09:00:00.000Z,159.356,159.416,158.607,158.731,33586
2024-09-05T13:00:00.000Z,158.731,159.79,158.676,159.223,46616
2024-09-05T17:00:00.000Z,159.223,159.372,158.97,159.369,24394
2024-09-05T21:00:00.000Z,159.286,159.4,159.079,159.118,13554
2024-09-06T01:00:00.000Z,159.119,159.297,158.81,158.948,18968
2024-09-06T05:00:00.000Z,158.946,158.955,157.911,158.548,39810
2024-09-06T09:00:00.000Z,158.548,159.606,158.345,159.019,35608
2024-09-06T13:00:00.000Z,159.016,159.345,157.463,157.784,64849
2024-09-06T17:00:00.000Z,157.78,157.98,157.647,157.759,35722
2024-09-08T21:00:00.000Z,157.623,158.234,157.378,158.15,23548
2024-09-09T01:00:00.000Z,158.154,158.484,158.063,158.352,28963
2024-09-09T05:00:00.000Z,158.351,158.498,158.026,158.398,37330
2024-09-09T09:00:00.000Z,158.397,158.727,158.084,158.121,32473
2024-09-09T13:00:00.000Z,158.12,158.127,157.475,157.864,40814
2024-09-09T17:00:00.000Z,157.868,158.004,157.652,157.954,25628
2024-09-09T21:00:00.000Z,157.957,158.275,157.701,158.252,16616
2024-09-10T01:00:00.000Z,158.252,158.364,157.928,157.958,21530
2024-09-10T05:00:00.000Z,157.955,158.636,157.902,158.401,31143
2024-09-10T09:00:00.000Z,158.402,158.409,157.47,157.577,32875
2024-09-10T13:00:00.000Z,157.576,157.884,156.789,157.083,44007
2024-09-10T17:00:00.000Z,157.082,157.173,156.789,156.99,24354
2024-09-10T21:00:00.000Z,156.891,157.008,156.509,156.801,14827
2024-09-11T01:00:00.000Z,156.802,156.966,155.588,155.854,33606
2024-09-11T05:00:00.000Z,155.852,156.494,155.494,156.301,39624
2024-09-11T09:00:00.000Z,156.3,156.961,156.085,156.752,40155
2024-09-11T13:00:00.000Z,156.751,156.973,155.455,156.365,57467
2024-09-11T17:00:00.000Z,156.366,156.948,156.331,156.799,33364
2024-09-11T21:00:00.000Z,156.704,157.362,156.537,157.055,15186
2024-09-12T01:00:00.000Z,157.057,157.365,156.618,157.303,29747
2024-09-12T05:00:00.000Z,157.301,157.508,156.931,157.061,37843
2024-09-12T09:00:00.000Z,157.063,157.334,156.565,156.67,36738
2024-09-12T13:00:00.000Z,156.668,157.499,156.529,157.432,50321
2024-09-12T17:00:00.000Z,157.432,157.484,156.907,157.021,38726
2024-09-12T21:00:00.000Z,156.987,157.095,156.479,156.552,16818
2024-09-13T01:00:00.000Z,156.551,156.6,155.949,156.248,27472
2024-09-13T05:00:00.000Z,156.248,156.623,155.753,156.083,37196
2024-09-13T09:00:00.000Z,156.074,156.258,155.754,156.113,39371
2024-09-13T13:00:00.000Z,156.113,156.137,155.607,156.083,46273
2024-09-13T17:00:00.000Z,156.082,156.219,155.999,156.017,25996
2024-09-15T21:00:00.000Z,155.923,156.193,155.666,155.833,16794
2024-09-16T01:00:00.000Z,155.832,155.91,155.403,155.599,27368
2024-09-16T05:00:00.000Z,155.598,155.671,155.142,155.551,36180
2024-09-16T09:00:00.000Z,155.551,156.182,155.503,156.013,36439
2024-09-16T13:00:00.000Z,156.005,156.666,155.997,156.516,41688
2024-09-16T17:00:00.000Z,156.518,156.665,156.386,156.499,21238
2024-09-16T21:00:00.000Z,156.501,157.103,156.332,156.458,14893
2024-09-17T01:00:00.000Z,156.456,156.551,156.145,156.498,23367
2024-09-17T05:00:00.000Z,156.499,156.737,156.04,156.666,31587
2024-09-17T09:00:00.000Z,156.666,156.949,156.477,156.824,30776
2024-09-17T13:00:00.000Z,156.824,157.88,156.729,157.598,45500
2024-09-17T17:00:00.000Z,157.596,158.317,157.583,158.252,30452
2024-09-17T21:00:00.000Z,158.208,158.251,157.547,157.61,13811
2024-09-18T01:00:00.000Z,157.61,157.735,157.036,157.142,21567
2024-09-18T05:00:00.000Z,157.143,158.028,157.098,157.716,29892
2024-09-18T09:00:00.000Z,157.717,158.033,157.53,157.848,29351
2024-09-18T13:00:00.000Z,157.844,158.021,157.607,157.833,38466
2024-09-18T17:00:00.000Z,157.832,158.369,157.112,158.194,52998
2024-09-18T21:00:00.000Z,158.045,159.188,157.782,159.012,22354
2024-09-19T01:00:00.000Z,159.011,159.416,158.88,159.217,34644
2024-09-19T05:00:00.000Z,159.222,159.469,158.332,159.396,41555
2024-09-19T09:00:00.000Z,159.395,159.968,159.171,159.948,43101
2024-09-19T13:00:00.000Z,159.946,159.951,158.825,159.573,48280
2024-09-19T17:00:00.000Z,159.573,159.619,159.109,159.174,27417
2024-09-19T21:00:00.000Z,159.08,159.494,158.934,158.934,15127
2024-09-20T01:00:00.000Z,158.933,159.327,158.515,158.757,26368
2024-09-20T05:00:00.000Z,158.756,160.686,158.421,160.56,39717
2024-09-20T09:00:00.000Z,160.559,161.157,160.35,160.548,37320
2024-09-20T13:00:00.000Z,160.546,160.999,160.2,160.631,50230
2024-09-20T17:00:00.000Z,160.629,160.97,160.478,160.633,34866
2024-09-22T21:00:00.000Z,160.559,160.955,160.369,160.824,17153
2024-09-23T01:00:00.000Z,160.826,161.188,160.826,161.038,19814
2024-09-23T05:00:00.000Z,161.037,161.107,159.041,159.267,39949
2024-09-23T09:00:00.000Z,159.265,159.985,159.178,159.906,37640
2024-09-23T13:00:00.000Z,159.905,160.526,159.414,159.47,48884
2024-09-23T17:00:00.000Z,159.47,159.595,159.303,159.58,26630
2024-09-23T21:00:00.000Z,159.44,159.702,159.37,159.42,15521
2024-09-24T01:00:00.000Z,159.419,160.014,159.228,159.908,28096
2024-09-24T05:00:00.000Z,159.907,161.103,159.905,160.737,40703
2024-09-24T09:00:00.000Z,160.736,160.999,160.001,160.393,36300
2024-09-24T13:00:00.000Z,160.392,160.597,160.019,160.083,44091
2024-09-24T17:00:00.000Z,160.085,160.324,159.956,160.052,23918
2024-09-24T21:00:00.000Z,160.031,160.35,159.853,160.251,15497
2024-09-25T01:00:00.000Z,160.249,160.611,160.175,160.383,27145
2024-09-25T05:00:00.000Z,160.384,161.225,160.252,160.99,36914
2024-09-25T09:00:00.000Z,160.989,161.665,160.952,161.471,36003
2024-09-25T13:00:00.000Z,161.472,161.559,160.845,160.925,44903
2024-09-25T17:00:00.000Z,160.926,161.188,160.834,161.135,27894
2024-09-25T21:00:00.000Z,161.045,161.13,160.85,160.917,16171
2024-09-26T01:00:00.000Z,160.914,161.537,160.901,161.204,23123
2024-09-26T05:00:00.000Z,161.204,161.852,161.112,161.355,38694
2024-09-26T09:00:00.000Z,161.354,161.628,160.744,161.201,38587
2024-09-26T13:00:00.000Z,161.209,161.904,160.859,161.792,48136
2024-09-26T17:00:00.000Z,161.792,161.912,161.467,161.875,28218
2024-09-26T21:00:00.000Z,161.797,162.485,161.77,162.465,18526
2024-09-27T01:00:00.000Z,162.465,162.782,161.916,162.767,29545
2024-09-27T05:00:00.000Z,162.768,163.488,158.997,159.525,54750
2024-09-27T09:00:00.000Z,159.512,160.054,159.304,159.614,43699
2024-09-27T13:00:00.000Z,159.614,159.984,158.763,158.919,48124
2024-09-27T17:00:00.000Z,158.919,159.038,158.558,158.734,29491
2024-09-29T21:00:00.000Z,158.761,159.654,158.592,159.389,23154
2024-09-30T01:00:00.000Z,159.389,159.575,158.586,158.635,32670
2024-09-30T05:00:00.000Z,158.634,159.754,158.093,159.715,42218
2024-09-30T09:00:00.000Z,159.725,159.971,159.402,159.951,34646
2024-09-30T13:00:00.000Z,159.952,159.968,159.226,159.545,46391
2024-09-30T17:00:00.000Z,159.537,160.126,159.457,159.962,37682
2024-09-30T21:00:00.000Z,159.845,160.427,159.741,160.264,17237
2024-10-01T01:00:00.000Z,160.265,160.829,160.037,160.731,24266
2024-10-01T05:00:00.000Z,160.731,160.902,159.519,159.648,41413
2024-10-01T09:00:00.000Z,159.646,159.804,159.078,159.468,38150
2024-10-01T13:00:00.000Z,159.466,159.626,158.416,158.777,54108
2024-10-01T17:00:00.000Z,158.778,159.246,158.37,158.877,36393
2024-10-01T21:00:00.000Z,158.844,159.225,158.744,159.135,16541
2024-10-02T01:00:00.000Z,159.135,159.62,158.824,159.005,28883
2024-10-02T05:00:00.000Z,159.007,159.859,158.702,159.801,41315
2024-10-02T09:00:00.000Z,159.802,160.76,159.497,160.685,39404
2024-10-02T13:00:00.000Z,160.69,161.492,160.607,161.311,45844
2024-10-02T17:00:00.000Z,161.31,161.878,161.241,161.823,22016
2024-10-02T21:00:00.000Z,161.683,162.331,161.588,162.262,20766
2024-10-03T01:00:00.000Z,162.263,162.49,161.831,161.877,27095
2024-10-03T05:00:00.000Z,161.874,162.101,161.37,161.973,40071
2024-10-03T09:00:00.000Z,161.974,162.357,161.723,161.921,37366
2024-10-03T13:00:00.000Z,161.92,162.256,161.492,161.833,48274
2024-10-03T17:00:00.000Z,161.832,162.081,161.711,162.063,25107
2024-10-03T21:00:00.000Z,161.969,162.129,161.793,161.813,14775
2024-10-04T01:00:00.000Z,161.812,161.85,161.162,161.252,27210
2024-10-04T05:00:00.000Z,161.25,161.442,161.003,161.344,35909
2024-10-04T09:00:00.000Z,161.345,162.975,161.299,162.928,35516
2024-10-04T13:00:00.000Z,162.943,163.278,162.751,163.23,48986
2024-10-04T17:00:00.000Z,163.229,163.369,163.121,163.14,25640
2024-10-06T21:00:00.000Z,163.024,163.566,162.785,162.82,21119
2024-10-07T01:00:00.000Z,162.819,163.09,162.692,162.921,25360
2024-10-07T05:00:00.000Z,162.922,162.978,162.442,162.702,36612
2024-10-07T09:00:00.000Z,162.703,163.051,162.392,162.648,36516
2024-10-07T13:00:00.000Z,162.646,162.735,162.286,162.562,39306
2024-10-07T17:00:00.000Z,162.561,162.637,162.363,162.615,22179
2024-10-07T21:00:00.000Z,162.551,162.643,162.025,162.331,18540
2024-10-08T01:00:00.000Z,162.332,162.688,161.899,162.67,29772
2024-10-08T05:00:00.000Z,162.671,162.755,161.994,162.528,36677
2024-10-08T09:00:00.000Z,162.527,162.691,162.321,162.48,30787
2024-10-08T13:00:00.000Z,162.486,162.817,162.449,162.603,35751
2024-10-08T17:00:00.000Z,162.603,162.814,162.559,162.728,25645
2024-10-08T21:00:00.000Z,162.586,162.841,162.446,162.684,12946
2024-10-09T01:00:00.000Z,162.686,162.867,162.452,162.618,23710
2024-10-09T05:00:00.000Z,162.619,163.069,162.383,162.96,34652
2024-10-09T09:00:00.000Z,162.962,163.157,162.813,163.152,26410
2024-10-09T13:00:00.000Z,163.153,163.461,162.988,163.283,32592
2024-10-09T17:00:00.000Z,163.285,163.372,163.16,163.332,24386
2024-10-09T21:00:00.000Z,163.224,163.337,163,163.245,13114
2024-10-10T01:00:00.000Z,163.245,163.605,163.13,163.455,19529
2024-10-10T05:00:00.000Z,163.455,163.546,162.917,162.975,29327
2024-10-10T09:00:00.000Z,162.962,163.12,162.338,162.637,34153
2024-10-10T13:00:00.000Z,162.638,162.764,162.175,162.407,47247
2024-10-10T17:00:00.000Z,162.41,162.553,162.31,162.477,27463
2024-10-10T21:00:00.000Z,162.275,162.653,162.275,162.381,12847
2024-10-11T01:00:00.000Z,162.384,162.72,162.304,162.63,19109
2024-10-11T05:00:00.000Z,162.631,162.884,162.49,162.862,24714
2024-10-11T09:00:00.000Z,162.861,163.114,162.798,162.973,27944
2024-10-11T13:00:00.000Z,162.973,163.409,162.928,163.082,34280
2024-10-11T17:00:00.000Z,163.082,163.181,163.047,163.074,14475
2024-10-13T21:00:00.000Z,162.901,163.243,162.888,162.968,11842
2024-10-14T01:00:00.000Z,162.969,163.196,162.92,163.077,16083
2024-10-14T05:00:00.000Z,163.076,163.344,162.96,163.272,21731
2024-10-14T09:00:00.000Z,163.273,163.513,163.24,163.359,20530
2024-10-14T13:00:00.000Z,163.358,163.6,163.345,163.445,23742
2024-10-14T17:00:00.000Z,163.45,163.452,163.215,163.328,13268
2024-10-14T21:00:00.000Z,163.306,163.426,163.073,163.148,10868
2024-10-15T01:00:00.000Z,163.149,163.262,163.004,163.035,15286
2024-10-15T05:00:00.000Z,163.035,163.059,162.426,162.725,29524
2024-10-15T09:00:00.000Z,162.731,162.942,162.362,162.649,28598
2024-10-15T13:00:00.000Z,162.647,162.872,162.336,162.735,36923
2024-10-15T17:00:00.000Z,162.736,162.807,162.394,162.494,20480
2024-10-15T21:00:00.000Z,162.512,162.57,162.187,162.483,11680
2024-10-16T01:00:00.000Z,162.485,162.55,162.102,162.537,19865
2024-10-16T05:00:00.000Z,162.538,162.702,162.256,162.662,28717
2024-10-16T09:00:00.000Z,162.669,162.785,162.451,162.732,26378
2024-10-16T13:00:00.000Z,162.734,162.878,162.519,162.742,29544
2024-10-16T17:00:00.000Z,162.743,162.749,162.477,162.527,15507
2024-10-16T21:00:00.000Z,162.427,162.594,162.284,162.452,11605
2024-10-17T01:00:00.000Z,162.453,162.476,162.06,162.301,23679
2024-10-17T05:00:00.000Z,162.3,162.629,162.176,162.59,25419
2024-10-17T09:00:00.000Z,162.586,162.714,162.382,162.458,25680
2024-10-17T13:00:00.000Z,162.459,162.758,161.844,162.598,38720
2024-10-17T17:00:00.000Z,162.598,162.74,162.521,162.683,16239
2024-10-17T21:00:00.000Z,162.592,162.699,162.362,162.483,10528
2024-10-18T01:00:00.000Z,162.481,162.635,162.338,162.498,18626
2024-10-18T05:00:00.000Z,162.501,162.801,162.354,162.479,26925
2024-10-18T09:00:00.000Z,162.48,162.853,162.177,162.741,25101
2024-10-18T13:00:00.000Z,162.741,162.83,162.293,162.366,27011
2024-10-18T17:00:00.000Z,162.366,162.518,162.351,162.479,15809
2024-10-20T21:00:00.000Z,162.321,162.639,162.17,162.299,13622
2024-10-21T01:00:00.000Z,162.31,162.327,161.99,162.143,22862
2024-10-21T05:00:00.000Z,162.143,162.785,162.047,162.769,28063
2024-10-21T09:00:00.000Z,162.769,162.85,162.588,162.774,26011
2024-10-21T13:00:00.000Z,162.775,162.9,162.635,162.832,30205
2024-10-21T17:00:00.000Z,162.831,163.145,162.822,163.104,16157
2024-10-21T21:00:00.000Z,163.003,163.096,162.862,162.922,13939
2024-10-22T01:00:00.000Z,162.923,163.477,162.81,163.248,23865
2024-10-22T05:00:00.000Z,163.246,163.664,163.092,163.473,33612
2024-10-22T09:00:00.000Z,163.47,163.5,163.071,163.163,30917
2024-10-22T13:00:00.000Z,163.163,163.446,162.771,163.257,35785
2024-10-22T17:00:00.000Z,163.257,163.266,162.992,163.156,18540
2024-10-22T21:00:00.000Z,163.054,163.538,163.014,163.511,9686
2024-10-23T01:00:00.000Z,163.512,164.314,163.484,164.268,24233
2024-10-23T05:00:00.000Z,164.264,164.561,164.235,164.425,32167
2024-10-23T09:00:00.000Z,164.425,164.961,164.415,164.916,30723
2024-10-23T13:00:00.000Z,164.917,165.02,164.655,164.674,36134
2024-10-23T17:00:00.000Z,164.674,164.72,164.295,164.717,24147
2024-10-23T21:00:00.000Z,164.612,164.766,164.486,164.677,13946
2024-10-24T01:00:00.000Z,164.678,164.744,164.162,164.286,25618
2024-10-24T05:00:00.000Z,164.287,164.457,163.793,164.216,37641
2024-10-24T09:00:00.000Z,164.213,164.342,163.922,164.159,33466
2024-10-24T13:00:00.000Z,164.161,164.482,163.879,163.984,40343
2024-10-24T17:00:00.000Z,163.984,164.454,163.98,164.392,20981
2024-10-24T21:00:00.000Z,164.303,164.58,164.07,164.494,12888
2024-10-25T01:00:00.000Z,164.492,164.538,164.052,164.168,19528
2024-10-25T05:00:00.000Z,164.167,164.754,163.923,164.475,29848
2024-10-25T09:00:00.000Z,164.47,164.663,164.258,164.653,23935
2024-10-25T13:00:00.000Z,164.653,164.786,164.365,164.438,31905
2024-10-25T17:00:00.000Z,164.438,164.556,164.262,164.42,20421
2024-10-27T21:00:00.000Z,165.297,165.666,164.688,165.646,24934
2024-10-28T01:00:00.000Z,165.647,166.07,165.414,165.745,25254
2024-10-28T05:00:00.000Z,165.744,165.856,165.374,165.721,27613
2024-10-28T09:00:00.000Z,165.722,165.733,164.884,165.062,30109
2024-10-28T13:00:00.000Z,165.062,165.825,165.017,165.756,31467
2024-10-28T17:00:00.000Z,165.756,165.834,165.654,165.734,15443
2024-10-28T21:00:00.000Z,165.723,165.807,165.345,165.495,9963
2024-10-29T01:00:00.000Z,165.494,165.578,165.208,165.292,23883
2024-10-29T05:00:00.000Z,165.293,165.985,165.151,165.946,27134
2024-10-29T09:00:00.000Z,165.947,166.075,165.633,165.717,29446
2024-10-29T13:00:00.000Z,165.716,165.892,165.28,165.811,41090
2024-10-29T17:00:00.000Z,165.812,166,165.707,165.89,19949
2024-10-29T21:00:00.000Z,165.791,165.918,165.692,165.843,11630
2024-10-30T01:00:00.000Z,165.842,165.989,165.697,165.878,20635
2024-10-30T05:00:00.000Z,165.879,166.079,165.583,165.596,26442
2024-10-30T09:00:00.000Z,165.598,166.199,165.5,165.834,34238
2024-10-30T13:00:00.000Z,165.834,166.594,165.739,166.263,41852
2024-10-30T17:00:00.000Z,166.26,166.587,166.253,166.524,19934
2024-10-30T21:00:00.000Z,166.45,166.679,166.286,166.63,11539
2024-10-31T01:00:00.000Z,166.631,166.683,165.762,165.886,20258
2024-10-31T05:00:00.000Z,165.884,166.088,164.935,165.452,33734
2024-10-31T09:00:00.000Z,165.451,166.267,165.395,166.129,33919
2024-10-31T13:00:00.000Z,166.133,166.353,165.013,165.527,47914
2024-10-31T17:00:00.000Z,165.526,165.599,165.068,165.417,28782
2024-10-31T21:00:00.000Z,165.411,165.591,165.222,165.513,14467
2024-11-01T01:00:00.000Z,165.513,165.937,165.408,165.864,24492
2024-11-01T05:00:00.000Z,165.863,165.958,165.52,165.806,27948
2024-11-01T09:00:00.000Z,165.801,166.105,165.436,165.517,30501
2024-11-01T13:00:00.000Z,165.51,166.101,165.356,165.93,43437
2024-11-01T17:00:00.000Z,165.931,165.953,165.674,165.74,21316
2024-11-03T22:00:00.000Z,165.752,165.904,165.206,165.27,22665
2024-11-04T02:00:00.000Z,165.269,165.565,165.229,165.497,24346
2024-11-04T06:00:00.000Z,165.497,165.857,165.438,165.491,31865
2024-11-04T10:00:00.000Z,165.49,165.695,165.33,165.57,25739
2024-11-04T14:00:00.000Z,165.569,165.766,165.394,165.517,34127
2024-11-04T18:00:00.000Z,165.516,165.624,165.449,165.496,18356
2024-11-04T22:00:00.000Z,165.452,165.773,165.392,165.633,14637
2024-11-05T02:00:00.000Z,165.632,165.912,165.536,165.814,17916
2024-11-05T06:00:00.000Z,165.815,165.926,165.628,165.754,23965
2024-11-05T10:00:00.000Z,165.756,165.976,165.57,165.622,20400
2024-11-05T14:00:00.000Z,165.623,166.032,165.477,165.787,34471
2024-11-05T18:00:00.000Z,165.789,165.807,165.428,165.687,19876
2024-11-05T22:00:00.000Z,165.576,165.895,165.212,165.714,40535
2024-11-06T02:00:00.000Z,165.712,165.984,165.176,165.427,64074
2024-11-06T06:00:00.000Z,165.426,165.902,165.021,165.619,57431
2024-11-06T10:00:00.000Z,165.621,165.725,164.91,165.248,48655
2024-11-06T14:00:00.000Z,165.249,166.029,165.166,165.908,46379
2024-11-06T18:00:00.000Z,165.908,166.097,165.664,165.895,24453
2024-11-06T22:00:00.000Z,165.845,165.954,165.478,165.596,23551
2024-11-07T02:00:00.000Z,165.595,165.898,165.392,165.496,25854
2024-11-07T06:00:00.000Z,165.492,165.895,165.379,165.433,35463
2024-11-07T10:00:00.000Z,165.432,165.871,165.418,165.658,33170
2024-11-07T14:00:00.000Z,165.658,165.793,165.161,165.325,39845
2024-11-07T18:00:00.000Z,165.327,165.334,164.999,165.192,32763
2024-11-07T22:00:00.000Z,165.164,165.42,165.078,165.141,18572
2024-11-08T02:00:00.000Z,165.14,165.168,164.493,164.742,22353
2024-11-08T06:00:00.000Z,164.741,164.839,164.064,164.138,35851
2024-11-08T10:00:00.000Z,164.136,164.483,163.884,164.24,36320
2024-11-08T14:00:00.000Z,164.24,164.394,163.198,163.472,40399
2024-11-08T18:00:00.000Z,163.472,163.637,163.419,163.56,20431
2024-11-10T22:00:00.000Z,163.463,164.271,163.437,164.251,21388
2024-11-11T02:00:00.000Z,164.254,164.646,164.178,164.536,20107
2024-11-11T06:00:00.000Z,164.537,164.574,163.9,164.084,30999
2024-11-11T10:00:00.000Z,164.079,164.264,163.726,163.731,28107
2024-11-11T14:00:00.000Z,163.728,163.93,163.571,163.857,29873
2024-11-11T18:00:00.000Z,163.857,163.857,163.689,163.791,15293
2024-11-11T22:00:00.000Z,163.716,164.021,163.617,163.935,16516
2024-11-12T02:00:00.000Z,163.935,163.973,163.232,163.438,25363
2024-11-12T06:00:00.000Z,163.439,163.778,163.342,163.753,33969
2024-11-12T10:00:00.000Z,163.755,164.002,163.433,163.994,33066
2024-11-12T14:00:00.000Z,163.994,164.225,163.689,164.172,39430
2024-11-12T18:00:00.000Z,164.17,164.326,164.141,164.282,20709
2024-11-12T22:00:00.000Z,164.153,164.51,164.055,164.309,20031
2024-11-13T02:00:00.000Z,164.308,164.47,164.215,164.4,23049
2024-11-13T06:00:00.000Z,164.4,164.648,164.301,164.601,32720
2024-11-13T10:00:00.000Z,164.602,164.794,164.278,164.342,33653
2024-11-13T14:00:00.000Z,164.341,164.353,163.627,164.247,48083
2024-11-13T18:00:00.000Z,164.248,164.412,164.13,164.219,25730
2024-11-13T22:00:00.000Z,164.163,164.62,163.965,164.53,19570
2024-11-14T02:00:00.000Z,164.531,164.666,164.375,164.552,21788
2024-11-14T06:00:00.000Z,164.555,164.574,164.123,164.23,31004
2024-11-14T10:00:00.000Z,164.229,164.433,163.797,164.294,37191
2024-11-14T14:00:00.000Z,164.292,164.976,164.211,164.448,42484
2024-11-14T18:00:00.000Z,164.446,164.586,164.343,164.57,34840
2024-11-14T22:00:00.000Z,164.48,165.026,164.459,164.871,20905
2024-11-15T02:00:00.000Z,164.869,164.992,164.753,164.901,22569
2024-11-15T06:00:00.000Z,164.9,164.961,164.037,164.096,36389
2024-11-15T10:00:00.000Z,164.095,164.494,163.993,164.002,36698
2024-11-15T14:00:00.000Z,164.002,164.066,162.692,162.742,50876
2024-11-15T18:00:00.000Z,162.743,162.753,162.31,162.665,29281
2024-11-17T22:00:00.000Z,162.546,163.495,162.258,162.972,28218
2024-11-18T02:00:00.000Z,162.973,163.288,162.715,162.912,26060
2024-11-18T06:00:00.000Z,162.913,163.549,162.713,163.534,38009
2024-11-18T10:00:00.000Z,163.531,163.876,163.303,163.696,33595
2024-11-18T14:00:00.000Z,163.696,163.934,163.408,163.841,36969
2024-11-18T18:00:00.000Z,163.838,163.973,163.705,163.891,20202
2024-11-18T22:00:00.000Z,163.868,163.892,163.158,163.253,17915
2024-11-19T02:00:00.000Z,163.253,163.563,163.101,163.43,22570
2024-11-19T06:00:00.000Z,163.429,163.703,161.488,162.211,42687
2024-11-19T10:00:00.000Z,162.207,162.991,161.964,162.321,42899
2024-11-19T14:00:00.000Z,162.32,163.744,162.28,163.694,43744
2024-11-19T18:00:00.000Z,163.695,163.923,163.588,163.891,16817
2024-11-19T22:00:00.000Z,163.773,164.295,163.732,164.054,16349
2024-11-20T02:00:00.000Z,164.055,164.293,164.01,164.293,17907
2024-11-20T06:00:00.000Z,164.297,164.754,164.262,164.404,31127
2024-11-20T10:00:00.000Z,164.404,164.579,164.238,164.394,28020
2024-11-20T14:00:00.000Z,164.395,164.403,163.149,163.47,41184
2024-11-20T18:00:00.000Z,163.469,163.925,163.447,163.862,26312
2024-11-20T22:00:00.000Z,163.747,163.829,163.346,163.5,18916
2024-11-21T02:00:00.000Z,163.494,163.766,163.338,163.661,19525
2024-11-21T06:00:00.000Z,163.654,163.659,162.06,162.374,44455
2024-11-21T10:00:00.000Z,162.374,162.785,162.165,162.47,37520
2024-11-21T14:00:00.000Z,162.471,162.664,161.739,161.965,47177
2024-11-21T18:00:00.000Z,161.965,162.188,161.793,161.826,23219
2024-11-21T22:00:00.000Z,161.759,161.856,161.189,161.694,20753
2024-11-22T02:00:00.000Z,161.694,161.912,161.51,161.885,19954
2024-11-22T06:00:00.000Z,161.886,162.487,159.891,160.705,41898
2024-11-22T10:00:00.000Z,160.7,161.087,160.394,160.894,39706
2024-11-22T14:00:00.000Z,160.895,161.368,160.867,161.236,44269
2024-11-22T18:00:00.000Z,161.237,161.33,161.091,161.239,20135
2024-11-24T22:00:00.000Z,161.58,161.929,161.051,161.114,29340
2024-11-25T02:00:00.000Z,161.112,161.755,160.982,161.65,25969
2024-11-25T06:00:00.000Z,161.648,162.111,161.309,161.976,39452
2024-11-25T10:00:00.000Z,161.974,162.11,161.554,162.055,34525
2024-11-25T14:00:00.000Z,162.055,162.084,161.354,161.819,41702
2024-11-25T18:00:00.000Z,161.823,161.977,161.699,161.823,23682
2024-11-25T22:00:00.000Z,161.764,161.835,160.566,161.044,31423
2024-11-26T02:00:00.000Z,161.043,161.333,160.859,161.015,27553
2024-11-26T06:00:00.000Z,161.016,162.003,160.935,161.726,38079
2024-11-26T10:00:00.000Z,161.726,161.841,160.98,161.148,35870
2024-11-26T14:00:00.000Z,161.147,161.393,160.377,160.534,40432
2024-11-26T18:00:00.000Z,160.533,160.651,160.292,160.594,25455
2024-11-26T22:00:00.000Z,160.447,160.704,159.937,159.971,27051
2024-11-27T02:00:00.000Z,159.971,160.149,159.512,159.703,23888
2024-11-27T06:00:00.000Z,159.702,159.778,159.108,159.29,40149
2024-11-27T10:00:00.000Z,159.291,160.014,159.083,159.994,37078
2024-11-27T14:00:00.000Z,159.992,160.059,159.24,159.451,46504
2024-11-27T18:00:00.000Z,159.446,159.734,159.341,159.676,20159
2024-11-27T22:00:00.000Z,159.548,160.123,159.436,159.863,19037
2024-11-28T02:00:00.000Z,159.866,160.103,159.797,159.87,20273
2024-11-28T06:00:00.000Z,159.871,160.336,159.582,159.966,32423
2024-11-28T10:00:00.000Z,159.965,160.33,159.632,159.658,23351
2024-11-28T14:00:00.000Z,159.659,159.964,159.563,159.861,23227
2024-11-28T18:00:00.000Z,159.861,159.974,159.827,159.925,3453
2024-11-28T22:00:00.000Z,159.817,159.945,158.223,158.328,25984
2024-11-29T02:00:00.000Z,158.329,158.964,158.328,158.621,29713
2024-11-29T06:00:00.000Z,158.621,158.814,158.343,158.506,35119
2024-11-29T10:00:00.000Z,158.494,158.832,158.207,158.4,31942
2024-11-29T14:00:00.000Z,158.401,158.89,158.023,158.076,37285
2024-11-29T18:00:00.000Z,158.078,158.416,158.048,158.263,44110
2024-12-01T22:00:00.000Z,158.109,158.547,157.921,158.514,26567
2024-12-02T02:00:00.000Z,158.514,158.635,158.359,158.586,23627
2024-12-02T06:00:00.000Z,158.585,158.587,157.582,158.059,36729
2024-12-02T10:00:00.000Z,158.059,158.182,157.501,157.662,33655
2024-12-02T14:00:00.000Z,157.662,157.743,156.374,156.886,44022
2024-12-02T18:00:00.000Z,156.888,157.129,156.829,156.978,20809
2024-12-02T22:00:00.000Z,156.999,157.307,156.902,157.18,16456
2024-12-03T02:00:00.000Z,157.18,157.523,157.139,157.394,16296
2024-12-03T06:00:00.000Z,157.394,157.848,157.25,157.608,26175
2024-12-03T10:00:00.000Z,157.609,157.98,156.627,156.65,24632
2024-12-03T14:00:00.000Z,156.652,157.216,156.17,157.091,35833
2024-12-03T18:00:00.000Z,157.092,157.176,156.749,157.163,17090
2024-12-03T22:00:00.000Z,157.134,157.575,157.101,157.509,15847
2024-12-04T02:00:00.000Z,157.51,157.852,156.975,157.825,22551
2024-12-04T06:00:00.000Z,157.825,158.269,157.613,158.196,29384
2024-12-04T10:00:00.000Z,158.192,158.652,158.168,158.375,27572
2024-12-04T14:00:00.000Z,158.374,158.592,158.002,158.231,31909
2024-12-04T18:00:00.000Z,158.231,158.399,157.979,158.252,19188
2024-12-04T22:00:00.000Z,158.197,158.481,157.9,158.249,15214
2024-12-05T02:00:00.000Z,158.249,158.25,157.677,157.825,16564
2024-12-05T06:00:00.000Z,157.824,158.252,157.557,158.251,25802
2024-12-05T10:00:00.000Z,158.243,159.168,157.983,159.145,26070
2024-12-05T14:00:00.000Z,159.144,159.385,158.477,158.648,28952
2024-12-05T18:00:00.000Z,158.651,158.917,158.586,158.862,15065
2024-12-05T22:00:00.000Z,158.825,159.03,158.547,158.572,15472
2024-12-06T02:00:00.000Z,158.572,158.66,158.37,158.51,14844
2024-12-06T06:00:00.000Z,158.507,159.354,158.369,159.26,22268
2024-12-06T10:00:00.000Z,159.26,159.568,158.695,158.703,26919
2024-12-06T14:00:00.000Z,158.703,158.769,158.089,158.227,34904
2024-12-06T18:00:00.000Z,158.226,158.539,158.17,158.536,13367
2024-12-08T22:00:00.000Z,158.254,158.543,158.015,158.18,15861
2024-12-09T02:00:00.000Z,158.18,158.315,157.854,158.018,16660
2024-12-09T06:00:00.000Z,158.018,159.081,158.002,158.931,25454
2024-12-09T10:00:00.000Z,158.917,159.579,158.915,159.56,22670
2024-12-09T14:00:00.000Z,159.559,159.989,159.386,159.898,25162
2024-12-09T18:00:00.000Z,159.898,159.9,159.443,159.526,13934
2024-12-09T22:00:00.000Z,159.495,159.879,159.456,159.673,14449
2024-12-10T02:00:00.000Z,159.674,159.693,159.367,159.417,18044
2024-12-10T06:00:00.000Z,159.417,160.062,159.38,159.642,25162
2024-12-10T10:00:00.000Z,159.644,159.879,159.445,159.607,28776
2024-12-10T14:00:00.000Z,159.605,159.903,159.527,159.86,33545
2024-12-10T18:00:00.000Z,159.86,159.986,159.807,159.945,16132
2024-12-10T22:00:00.000Z,159.937,159.997,159.727,159.815,12632
2024-12-11T02:00:00.000Z,159.813,159.826,159.432,159.696,16603
2024-12-11T06:00:00.000Z,159.695,160.386,158.636,160.319,35827
2024-12-11T10:00:00.000Z,160.318,160.676,160.023,160.274,35207
2024-12-11T14:00:00.000Z,160.273,160.316,159.561,159.927,38712
2024-12-11T18:00:00.000Z,159.927,160.147,159.873,160.019,18630
2024-12-11T22:00:00.000Z,159.855,160.04,159.645,159.666,15954
2024-12-12T02:00:00.000Z,159.666,160.309,159.642,160.211,19017
2024-12-12T06:00:00.000Z,160.211,160.54,160.122,160.301,30991
2024-12-12T10:00:00.000Z,160.3,160.339,159.285,159.399,34095
2024-12-12T14:00:00.000Z,159.399,160.228,159.104,159.881,41853
2024-12-12T18:00:00.000Z,159.884,159.999,159.715,159.78,19058
2024-12-12T22:00:00.000Z,159.753,160.249,159.639,159.872,18903
2024-12-13T02:00:00.000Z,159.872,160.11,159.712,159.999,18533
2024-12-13T06:00:00.000Z,159.999,160.99,159.74,160.868,28338
2024-12-13T10:00:00.000Z,160.876,161.544,160.823,161.115,30602
2024-12-13T14:00:00.000Z,161.115,161.497,160.955,161.314,30869
2024-12-13T18:00:00.000Z,161.313,161.425,161.223,161.392,13961
2024-12-15T22:00:00.000Z,161.066,161.909,161.061,161.889,18308
2024-12-16T02:00:00.000Z,161.887,161.984,161.593,161.643,15165
2024-12-16T06:00:00.000Z,161.642,161.722,161.158,161.567,28394
2024-12-16T10:00:00.000Z,161.568,161.855,161.203,161.84,24724
2024-12-16T14:00:00.000Z,161.838,162.2,161.56,162.025,31589
2024-12-16T18:00:00.000Z,162.026,162.1,161.917,162.065,13721
2024-12-16T22:00:00.000Z,161.974,162.465,161.915,162.128,14169
2024-12-17T02:00:00.000Z,162.127,162.141,161.8,161.906,16017
2024-12-17T06:00:00.000Z,161.908,161.971,161.107,161.254,29498
2024-12-17T10:00:00.000Z,161.255,161.642,161.143,161.533,29717
2024-12-17T14:00:00.000Z,161.533,161.559,160.882,160.926,34476
2024-12-17T18:00:00.000Z,160.926,161.078,160.765,161.07,16800
2024-12-17T22:00:00.000Z,160.894,161.479,160.894,161.301,13907
2024-12-18T02:00:00.000Z,161.298,161.448,161.026,161.057,14499
2024-12-18T06:00:00.000Z,161.054,161.387,161.046,161.226,25696
2024-12-18T10:00:00.000Z,161.225,161.552,161.142,161.415,25070
2024-12-18T14:00:00.000Z,161.415,161.499,161.103,161.134,29485
2024-12-18T18:00:00.000Z,161.133,161.348,159.798,160.249,40652
2024-12-18T22:00:00.000Z,160.196,160.758,159.851,160.489,23221
2024-12-19T02:00:00.000Z,160.48,161.402,160.274,161.157,24484
2024-12-19T06:00:00.000Z,161.156,163.665,160.93,163.515,45263
2024-12-19T10:00:00.000Z,163.514,163.545,162.843,163.167,38156
2024-12-19T14:00:00.000Z,163.163,163.796,163.163,163.395,43086
2024-12-19T18:00:00.000Z,163.394,163.51,163.024,163.138,23010
2024-12-19T22:00:00.000Z,163.049,163.655,162.85,162.992,24499
2024-12-20T02:00:00.000Z,162.993,163.064,162.523,162.784,28117
2024-12-20T06:00:00.000Z,162.784,163.181,162.34,162.716,40297
2024-12-20T10:00:00.000Z,162.718,163.014,162.648,162.889,34702
2024-12-20T14:00:00.000Z,162.891,162.986,162.504,162.76,42728
2024-12-20T18:00:00.000Z,162.761,163.159,162.737,163.156,22558
2024-12-22T22:00:00.000Z,162.917,163.418,162.917,163.254,17529
2024-12-23T02:00:00.000Z,163.248,163.558,163.167,163.515,14342
2024-12-23T06:00:00.000Z,163.516,163.593,162.896,163.064,24142
2024-12-23T10:00:00.000Z,163.064,163.522,162.838,163.467,25516
2024-12-23T14:00:00.000Z,163.469,163.56,163.184,163.386,30395
2024-12-23T18:00:00.000Z,163.384,163.614,163.384,163.5,15270
2024-12-23T22:00:00.000Z,163.366,163.585,163.28,163.375,14186
2024-12-24T02:00:00.000Z,163.376,163.465,163.014,163.151,14479
2024-12-24T06:00:00.000Z,163.151,163.3,163.055,163.166,17741
2024-12-24T10:00:00.000Z,163.166,163.45,163.09,163.439,17737
2024-12-24T14:00:00.000Z,163.439,163.625,163.265,163.333,22865
2024-12-24T18:00:00.000Z,163.332,163.453,163.153,163.226,10962
2024-12-25T22:00:00.000Z,163.469,163.749,163.314,163.671,13135
2024-12-26T02:00:00.000Z,163.667,163.766,163.568,163.604,11064
2024-12-26T06:00:00.000Z,163.601,163.723,163.474,163.708,17046
2024-12-26T10:00:00.000Z,163.71,164.194,163.691,164.191,13889
2024-12-26T14:00:00.000Z,164.19,164.686,164.109,164.544,22908
2024-12-26T18:00:00.000Z,164.545,164.756,164.504,164.675,16031
2024-12-26T22:00:00.000Z,164.475,164.653,164.309,164.319,16347
2024-12-27T02:00:00.000Z,164.318,164.334,164.021,164.271,18559
2024-12-27T06:00:00.000Z,164.271,164.607,164.156,164.517,23246
2024-12-27T10:00:00.000Z,164.519,164.766,164.308,164.766,27612
2024-12-27T14:00:00.000Z,164.766,164.816,164.168,164.535,36152
2024-12-27T18:00:00.000Z,164.536,164.764,164.528,164.608,14934
2024-12-29T22:00:00.000Z,164.534,164.76,164.435,164.538,10734
2024-12-30T02:00:00.000Z,164.538,164.697,164.453,164.605,9818
2024-12-30T06:00:00.000Z,164.604,164.892,164.407,164.751,24450
2024-12-30T10:00:00.000Z,164.751,164.86,163.554,163.6,27691
2024-12-30T14:00:00.000Z,163.598,163.994,162.806,163.37,41365
2024-12-30T18:00:00.000Z,163.37,163.442,163.065,163.227,20726
2024-12-30T22:00:00.000Z,163.18,163.433,162.792,162.911,14488
2024-12-31T02:00:00.000Z,162.911,162.931,162.486,162.57,15441
2024-12-31T06:00:00.000Z,162.57,163.295,162.448,163.213,22818
2024-12-31T10:00:00.000Z,163.215,163.403,162.923,163.201,27745
2024-12-31T14:00:00.000Z,163.193,163.206,162.609,162.876,39959
2024-12-31T18:00:00.000Z,162.878,163.103,162.803,162.805,18160
2025-01-01T22:00:00.000Z,162.623,163.308,162.463,163.149,18924
2025-01-02T02:00:00.000Z,163.147,163.193,162.77,162.932,14960
2025-01-02T06:00:00.000Z,162.933,162.933,161.958,162.309,33996
2025-01-02T10:00:00.000Z,162.308,162.55,161.691,161.748,37556
2025-01-02T14:00:00.000Z,161.747,161.985,160.887,161.74,49404
2025-01-02T18:00:00.000Z,161.743,161.809,161.491,161.728,25550
2025-01-02T22:00:00.000Z,161.461,161.751,161.452,161.482,12739
2025-01-03T02:00:00.000Z,161.482,161.719,161.437,161.571,14932
2025-01-03T06:00:00.000Z,161.571,161.915,161.385,161.814,27026
2025-01-03T10:00:00.000Z,161.814,161.989,161.614,161.787,25825
2025-01-03T14:00:00.000Z,161.786,162.072,161.622,161.849,35512
2025-01-03T18:00:00.000Z,161.85,162.205,161.782,162.145,14783
2025-01-05T22:00:00.000Z,161.97,162.558,161.941,162.535,17881
2025-01-06T02:00:00.000Z,162.537,162.807,162.51,162.646,16288
2025-01-06T06:00:00.000Z,162.646,163.511,162.488,163.343,28834
2025-01-06T10:00:00.000Z,163.347,164.016,162.921,163.137,45939
2025-01-06T14:00:00.000Z,163.138,163.836,162.599,163.609,43467
2025-01-06T18:00:00.000Z,163.608,163.807,163.483,163.778,19008
2025-01-06T22:00:00.000Z,163.546,164.389,163.545,164.343,19395
2025-01-07T02:00:00.000Z,164.342,164.382,164.108,164.122,16434
2025-01-07T06:00:00.000Z,164.122,164.438,163.793,164.319,32000
2025-01-07T10:00:00.000Z,164.317,164.545,163.814,163.92,28542
2025-01-07T14:00:00.000Z,163.92,164.229,163.383,163.481,36232
2025-01-07T18:00:00.000Z,163.48,163.494,163.204,163.413,15979
2025-01-07T22:00:00.000Z,163.385,163.686,163.345,163.54,13553
2025-01-08T02:00:00.000Z,163.54,163.805,163.51,163.785,10852
2025-01-08T06:00:00.000Z,163.786,163.795,163.118,163.21,24552
2025-01-08T10:00:00.000Z,163.209,163.387,162.836,163.018,31698
2025-01-08T14:00:00.000Z,163.015,163.302,162.928,163.227,29950
2025-01-08T18:00:00.000Z,163.224,163.503,163.181,163.343,16966
2025-01-08T22:00:00.000Z,163.289,163.423,163.031,163.083,12225
2025-01-09T02:00:00.000Z,163.074,163.13,162.619,162.907,14617
2025-01-09T06:00:00.000Z,162.906,163.111,162.667,162.916,24717
2025-01-09T10:00:00.000Z,162.916,162.953,162.364,162.515,22262
2025-01-09T14:00:00.000Z,162.514,162.843,162.514,162.812,17766
2025-01-09T18:00:00.000Z,162.812,162.914,162.79,162.853,6102
2025-01-09T22:00:00.000Z,162.847,162.974,162.609,162.901,14541
2025-01-10T02:00:00.000Z,162.902,163.112,162.901,162.945,13822
2025-01-10T06:00:00.000Z,162.944,163.182,162.362,162.67,22603
2025-01-10T10:00:00.000Z,162.67,162.946,162.257,162.618,24872
2025-01-10T14:00:00.000Z,162.619,162.767,161.204,161.526,37934
2025-01-10T18:00:00.000Z,161.527,161.78,161.492,161.563,16035
2025-01-12T22:00:00.000Z,161.396,161.784,161.07,161.249,15256
2025-01-13T02:00:00.000Z,161.249,161.468,160.657,160.853,18613
2025-01-13T06:00:00.000Z,160.853,161.193,160.03,160.142,27216
2025-01-13T10:00:00.000Z,160.143,160.674,160.081,160.473,25597
2025-01-13T14:00:00.000Z,160.472,160.976,160.316,160.754,28567
2025-01-13T18:00:00.000Z,160.754,161.247,160.708,161.237,13460
2025-01-13T22:00:00.000Z,161.318,161.863,160.926,161.357,18410
2025-01-14T02:00:00.000Z,161.365,161.745,161.261,161.435,14283
2025-01-14T06:00:00.000Z,161.435,162.136,161.354,162.035,24026
2025-01-14T10:00:00.000Z,162.034,162.125,161.512,161.767,23430
2025-01-14T14:00:00.000Z,161.769,162.718,161.713,162.685,30812
2025-01-14T18:00:00.000Z,162.684,162.829,162.571,162.775,13070
2025-01-14T22:00:00.000Z,162.782,162.887,162.553,162.636,11529
2025-01-15T02:00:00.000Z,162.635,162.689,161.888,161.924,14992
2025-01-15T06:00:00.000Z,161.925,162.118,161.527,161.72,23631
2025-01-15T10:00:00.000Z,161.72,161.909,161.489,161.777,23460
2025-01-15T14:00:00.000Z,161.779,161.814,160.761,161.018,32651
2025-01-15T18:00:00.000Z,161.019,161.117,160.952,160.956,12305
2025-01-15T22:00:00.000Z,160.926,161.078,159.987,160.044,15643
2025-01-16T02:00:00.000Z,160.05,160.528,159.734,160.515,17773
2025-01-16T06:00:00.000Z,160.515,160.88,160.05,160.131,22666
2025-01-16T10:00:00.000Z,160.132,160.491,160.029,160.291,22956
2025-01-16T14:00:00.000Z,160.293,160.552,159.816,159.869,33339
2025-01-16T18:00:00.000Z,159.869,160.05,159.713,159.776,13497
2025-01-16T22:00:00.000Z,159.721,160.146,159.706,159.948,12077
2025-01-17T02:00:00.000Z,159.95,160.198,159.918,160.12,13299
2025-01-17T06:00:00.000Z,160.118,160.499,159.887,160.348,20870
2025-01-17T10:00:00.000Z,160.348,160.529,160.021,160.197,20700
2025-01-17T14:00:00.000Z,160.198,161.005,159.944,160.644,29931
2025-01-17T18:00:00.000Z,160.644,160.688,160.389,160.451,13003
2025-01-19T22:00:00.000Z,160.521,160.805,160.312,160.45,12299
2025-01-20T02:00:00.000Z,160.45,160.78,160.391,160.774,12301
2025-01-20T06:00:00.000Z,160.774,161.174,160.712,161.062,19251
2025-01-20T10:00:00.000Z,161.062,162.12,161.062,161.915,20982
2025-01-20T14:00:00.000Z,161.916,162.312,161.523,161.829,31184
2025-01-20T18:00:00.000Z,161.831,162.256,161.798,161.988,15620
2025-01-20T22:00:00.000Z,161.907,162.143,161.208,161.294,25317
2025-01-21T02:00:00.000Z,161.297,161.345,160.951,161.191,23776
2025-01-21T06:00:00.000Z,161.201,161.59,161.175,161.408,26114
2025-01-21T10:00:00.000Z,161.411,161.51,161.234,161.358,24979
2025-01-21T14:00:00.000Z,161.372,162.172,161.298,162.124,29852
2025-01-21T18:00:00.000Z,162.124,162.22,162.005,162.108,14114
2025-01-21T22:00:00.000Z,162.073,162.195,161.863,162.058,18346
2025-01-22T02:00:00.000Z,162.057,162.378,162.022,162.301,13961
2025-01-22T06:00:00.000Z,162.302,162.626,162.05,162.614,23620
2025-01-22T10:00:00.000Z,162.617,162.889,162.524,162.615,20183
2025-01-22T14:00:00.000Z,162.614,163.211,162.418,163.141,24962
2025-01-22T18:00:00.000Z,163.141,163.15,162.86,162.907,10930
2025-01-22T22:00:00.000Z,162.878,162.887,162.716,162.862,12050
2025-01-23T02:00:00.000Z,162.86,163.12,162.734,163.042,13379
2025-01-23T06:00:00.000Z,163.045,163.086,162.623,162.811,21710
2025-01-23T10:00:00.000Z,162.813,162.937,162.501,162.617,22112
2025-01-23T14:00:00.000Z,162.619,162.83,162.187,162.698,29730
2025-01-23T18:00:00.000Z,162.697,162.707,162.358,162.482,13531
2025-01-23T22:00:00.000Z,162.534,162.814,162.428,162.805,11225
2025-01-24T02:00:00.000Z,162.805,163.256,161.91,162.361,24641
2025-01-24T06:00:00.000Z,162.36,163.335,162.079,163.278,31893
2025-01-24T10:00:00.000Z,163.275,163.985,163.249,163.647,23358
2025-01-24T14:00:00.000Z,163.646,164.077,163.56,163.7,29611
2025-01-24T18:00:00.000Z,163.698,163.766,163.49,163.657,12705
2025-01-26T22:00:00.000Z,163.147,163.356,162.599,162.674,16507
2025-01-27T02:00:00.000Z,162.675,163.291,162.609,163.282,15817
2025-01-27T06:00:00.000Z,163.283,163.451,162.063,162.153,30303
2025-01-27T10:00:00.000Z,162.153,162.398,161.537,162.218,36860
2025-01-27T14:00:00.000Z,162.221,162.38,161.726,161.83,34007
2025-01-27T18:00:00.000Z,161.83,162.314,161.776,162.096,19082
2025-01-27T22:00:00.000Z,162.063,162.515,161.566,162.292,20820
2025-01-28T02:00:00.000Z,162.286,162.665,162.175,162.49,19179
2025-01-28T06:00:00.000Z,162.49,162.696,162.124,162.207,26356
2025-01-28T10:00:00.000Z,162.206,162.265,161.781,162.093,22602
2025-01-28T14:00:00.000Z,162.09,162.44,161.751,162.26,27038
2025-01-28T18:00:00.000Z,162.259,162.369,162.167,162.206,14363
2025-01-28T22:00:00.000Z,162.159,162.479,162.123,162.358,9584
2025-01-29T02:00:00.000Z,162.358,162.443,161.817,161.831,13189
2025-01-29T06:00:00.000Z,161.831,162.184,161.59,161.612,24803
2025-01-29T10:00:00.000Z,161.608,161.751,161.298,161.449,23070
2025-01-29T14:00:00.000Z,161.445,161.814,161.369,161.586,26936
2025-01-29T18:00:00.000Z,161.584,161.838,161.532,161.783,25092
2025-01-29T22:00:00.000Z,161.629,161.791,160.978,161.129,16729
2025-01-30T02:00:00.000Z,161.13,161.197,160.828,160.996,18343
2025-01-30T06:00:00.000Z,160.996,161.182,160.605,160.737,22485
2025-01-30T10:00:00.000Z,160.736,160.966,160.225,160.931,26152
2025-01-30T14:00:00.000Z,160.926,161.084,160.485,160.729,30221
2025-01-30T18:00:00.000Z,160.73,161.026,160.189,160.335,18149
2025-01-30T22:00:00.000Z,160.217,160.484,159.899,160.08,16964
2025-01-31T02:00:00.000Z,160.079,160.852,159.96,160.726,18051
2025-01-31T06:00:00.000Z,160.726,161.045,160.174,160.646,25554
2025-01-31T10:00:00.000Z,160.646,161,160.379,160.711,23762
2025-01-31T14:00:00.000Z,160.709,161.496,160.199,161.258,32749
2025-01-31T18:00:00.000Z,161.259,161.345,160.476,160.732,28381
2025-02-02T22:00:00.000Z,158.539,159.711,158.508,159.407,34186
2025-02-03T02:00:00.000Z,159.407,159.457,158.93,159.313,25877
2025-02-03T06:00:00.000Z,159.313,159.373,158.516,158.547,30953
2025-02-03T10:00:00.000Z,158.555,158.944,158.357,158.727,29555
2025-02-03T14:00:00.000Z,158.727,159.814,157.963,158.973,43434
2025-02-03T18:00:00.000Z,158.972,160.131,158.809,160.04,21157
2025-02-03T22:00:00.000Z,159.856,160.476,159.837,160.1,19665
2025-02-04T02:00:00.000Z,160.1,160.205,159.176,159.792,20622
2025-02-04T06:00:00.000Z,159.792,160.651,159.736,160.601,26680
2025-02-04T10:00:00.000Z,160.594,160.631,160.178,160.541,21169
2025-02-04T14:00:00.000Z,160.542,160.697,159.998,160.076,30685
2025-02-04T18:00:00.000Z,160.075,160.226,160.043,160.173,14315
2025-02-04T22:00:00.000Z,160.101,160.304,159.267,159.33,18649
2025-02-05T02:00:00.000Z,159.339,159.368,158.929,159.219,19964
2025-02-05T06:00:00.000Z,159.224,159.533,158.879,159.01,26796
2025-02-05T10:00:00.000Z,159.01,159.437,158.842,159.285,23923
2025-02-05T14:00:00.000Z,159.285,159.598,158.496,158.682,30747
2025-02-05T18:00:00.000Z,158.681,158.924,158.627,158.697,14728
2025-02-05T22:00:00.000Z,158.698,158.855,157.914,158.138,14793
2025-02-06T02:00:00.000Z,158.136,158.413,158.04,158.303,15528
2025-02-06T06:00:00.000Z,158.301,158.606,158.077,158.146,22441
2025-02-06T10:00:00.000Z,158.146,158.164,157.499,157.56,26215
2025-02-06T14:00:00.000Z,157.556,157.758,157.231,157.63,27932
2025-02-06T18:00:00.000Z,157.629,157.69,157.033,157.274,15933
2025-02-06T22:00:00.000Z,157.222,157.403,156.756,157.396,15651
2025-02-07T02:00:00.000Z,157.4,157.588,157.267,157.413,14688
2025-02-07T06:00:00.000Z,157.415,157.892,157.252,157.766,20156
2025-02-07T10:00:00.000Z,157.765,158.013,157.301,157.483,23481
2025-02-07T14:00:00.000Z,157.483,157.645,155.863,156.547,40990
2025-02-07T18:00:00.000Z,156.548,156.676,156.206,156.371,16148
2025-02-09T22:00:00.000Z,155.682,156.821,155.573,156.618,18521
2025-02-10T02:00:00.000Z,156.618,156.922,156.562,156.762,14308
2025-02-10T06:00:00.000Z,156.762,157.416,156.545,157.176,22827
2025-02-10T10:00:00.000Z,157.174,157.293,156.725,156.751,19895
2025-02-10T14:00:00.000Z,156.75,156.762,156.286,156.613,21555
2025-02-10T18:00:00.000Z,156.612,156.768,156.579,156.648,9546
2025-02-10T22:00:00.000Z,156.611,156.647,156.254,156.605,11318
2025-02-11T02:00:00.000Z,156.605,156.629,156.373,156.578,9635
2025-02-11T06:00:00.000Z,156.585,156.819,156.325,156.775,20098
2025-02-11T10:00:00.000Z,156.775,157.356,156.766,157.217,19481
2025-02-11T14:00:00.000Z,157.207,157.799,157.159,157.627,24992
2025-02-11T18:00:00.000Z,157.627,158.191,157.57,157.98,14876
2025-02-11T22:00:00.000Z,157.908,159.007,157.855,159.005,14711
2025-02-12T02:00:00.000Z,159.005,159.311,158.939,159.039,17405
2025-02-12T06:00:00.000Z,159.039,159.661,158.967,159.25,21355
2025-02-12T10:00:00.000Z,159.25,159.565,158.906,159.556,23528
2025-02-12T14:00:00.000Z,159.556,160.942,159.4,160.928,35346
2025-02-12T18:00:00.000Z,160.926,160.963,160.251,160.315,17233
2025-02-12T22:00:00.000Z,160.27,160.665,160.179,160.422,15101
2025-02-13T02:00:00.000Z,160.422,161.183,160.375,160.869,17143
2025-02-13T06:00:00.000Z,160.869,160.951,160.277,160.493,24665
2025-02-13T10:00:00.000Z,160.492,160.574,159.426,159.54,26259
2025-02-13T14:00:00.000Z,159.541,160.347,159.316,159.682,30492
2025-02-13T18:00:00.000Z,159.678,159.912,159.011,159.869,20233
2025-02-13T22:00:00.000Z,159.874,160.159,159.468,159.574,16143
2025-02-14T02:00:00.000Z,159.577,159.977,159.423,159.521,12915
2025-02-14T06:00:00.000Z,159.522,160.189,159.445,159.849,22973
2025-02-14T10:00:00.000Z,159.843,160.259,159.538,159.605,21787
2025-02-14T14:00:00.000Z,159.603,160.035,159.589,160.016,25170
2025-02-14T18:00:00.000Z,160.013,160.065,159.747,159.786,11704
2025-02-16T22:00:00.000Z,159.579,159.832,159.205,159.574,14354
2025-02-17T02:00:00.000Z,159.572,159.597,158.908,158.945,15473
2025-02-17T06:00:00.000Z,158.945,159.275,158.903,159.002,21431
2025-02-17T10:00:00.000Z,159,159.114,158.536,158.656,16024
2025-02-17T14:00:00.000Z,158.655,158.782,158.526,158.684,11699
2025-02-17T18:00:00.000Z,158.683,158.841,158.644,158.838,5859
2025-02-17T22:00:00.000Z,158.643,158.991,158.539,158.802,14389
2025-02-18T02:00:00.000Z,158.803,159.178,158.768,158.92,16058
2025-02-18T06:00:00.000Z,158.921,159.193,158.802,158.874,19830
2025-02-18T10:00:00.000Z,158.891,158.908,158.386,158.438,17861
2025-02-18T14:00:00.000Z,158.439,158.831,158.366,158.703,21325
2025-02-18T18:00:00.000Z,158.704,158.917,158.536,158.86,11596
2025-02-18T22:00:00.000Z,158.754,158.943,158.485,158.929,14310
2025-02-19T02:00:00.000Z,158.925,159.128,158.582,158.676,15882
2025-02-19T06:00:00.000Z,158.676,158.72,158.112,158.158,20484
2025-02-19T10:00:00.000Z,158.159,158.484,158.078,158.276,20748
2025-02-19T14:00:00.000Z,158.275,158.292,157.712,157.925,23519
2025-02-19T18:00:00.000Z,157.925,158.064,157.853,157.902,13481
2025-02-19T22:00:00.000Z,157.703,157.841,156.944,156.989,17677
2025-02-20T02:00:00.000Z,156.989,157.337,156.662,156.842,19948
2025-02-20T06:00:00.000Z,156.842,156.985,156.317,156.88,21670
2025-02-20T10:00:00.000Z,156.879,156.879,156.487,156.815,21194
2025-02-20T14:00:00.000Z,156.815,156.953,156.306,156.785,28385
2025-02-20T18:00:00.000Z,156.785,157.326,156.767,157.096,12767
2025-02-20T22:00:00.000Z,156.944,157.77,156.829,157.666,18674
2025-02-21T02:00:00.000Z,157.666,158.219,157.58,157.777,17817
2025-02-21T06:00:00.000Z,157.777,158.161,157.402,157.536,25123
2025-02-21T10:00:00.000Z,157.534,157.681,157.264,157.587,18640
2025-02-21T14:00:00.000Z,157.586,157.634,156.088,156.126,29182
2025-02-21T18:00:00.000Z,156.127,156.191,155.81,156.166,22213
2025-02-23T22:00:00.000Z,156.199,156.996,156.091,156.963,20108
2025-02-24T02:00:00.000Z,156.971,157.255,156.839,157.116,18451
2025-02-24T06:00:00.000Z,157.116,157.165,156.35,156.619,26682
2025-02-24T10:00:00.000Z,156.614,156.895,156.563,156.755,20580
2025-02-24T14:00:00.000Z,156.755,156.859,156.084,156.643,32659
2025-02-24T18:00:00.000Z,156.643,156.985,156.577,156.708,18323
2025-02-24T22:00:00.000Z,156.595,157.237,156.593,157.025,16180
2025-02-25T02:00:00.000Z,157.025,157.092,156.542,156.852,16472
2025-02-25T06:00:00.000Z,156.852,156.972,156.078,156.672,28075
2025-02-25T10:00:00.000Z,156.67,157.302,156.651,156.906,24847
2025-02-25T14:00:00.000Z,156.91,156.969,156.163,156.558,34839
2025-02-25T18:00:00.000Z,156.559,156.924,156.553,156.67,22322
2025-02-25T22:00:00.000Z,156.577,156.919,156.417,156.909,16653
2025-02-26T02:00:00.000Z,156.911,157.09,156.74,156.775,18695
2025-02-26T06:00:00.000Z,156.775,157.045,156.661,156.782,24294
2025-02-26T10:00:00.000Z,156.783,157.017,156.609,156.772,22235
2025-02-26T14:00:00.000Z,156.771,157.122,156.327,156.488,34953
2025-02-26T18:00:00.000Z,156.487,156.538,156.025,156.307,22875
2025-02-26T22:00:00.000Z,156.235,156.541,155.984,156.5,15528
2025-02-27T02:00:00.000Z,156.5,156.53,155.945,156.284,15408
2025-02-27T06:00:00.000Z,156.284,157.21,156.184,157.092,23155
2025-02-27T10:00:00.000Z,157.092,157.167,155.962,156.063,25466
2025-02-27T14:00:00.000Z,156.041,156.577,155.747,156.071,39939
2025-02-27T18:00:00.000Z,156.073,156.392,155.654,155.743,23463
2025-02-27T22:00:00.000Z,155.689,156.055,155.032,155.04,18659
2025-02-28T02:00:00.000Z,155.037,155.706,154.788,155.651,21334
2025-02-28T06:00:00.000Z,155.649,156.778,155.596,156.19,27733
2025-02-28T10:00:00.000Z,156.189,157.156,156.173,156.775,24018
2025-02-28T14:00:00.000Z,156.775,157.108,156.261,156.32,39933
2025-02-28T18:00:00.000Z,156.318,156.408,155.762,156.218,27005
2025-03-02T22:00:00.000Z,156.754,157.297,156.567,156.716,21939
2025-03-03T02:00:00.000Z,156.717,156.811,156.438,156.64,19876
2025-03-03T06:00:00.000Z,156.64,156.802,155.915,156.727,27570
2025-03-03T10:00:00.000Z,156.726,158.463,156.726,158.088,31029
2025-03-03T14:00:00.000Z,158.089,158.193,157.44,157.54,37432
2025-03-03T18:00:00.000Z,157.54,157.688,156.08,156.739,32425
2025-03-03T22:00:00.000Z,156.789,156.926,155.924,156.204,22734
2025-03-04T02:00:00.000Z,156.202,156.634,156.046,156.594,26133
2025-03-04T06:00:00.000Z,156.599,157.2,156.241,156.68,35988
2025-03-04T10:00:00.000Z,156.678,156.678,156.077,156.194,35520
2025-03-04T14:00:00.000Z,156.194,156.918,155.583,156.798,47323
2025-03-04T18:00:00.000Z,156.802,159.193,156.749,159.154,37496
2025-03-04T22:00:00.000Z,158.992,159.533,158.726,159.157,22733
2025-03-05T02:00:00.000Z,159.152,159.325,158.735,159.165,25300
2025-03-05T06:00:00.000Z,159.163,160.108,158.941,160.001,36235
2025-03-05T10:00:00.000Z,160,160.178,159.458,159.68,36801
2025-03-05T14:00:00.000Z,159.688,160.596,159.513,160.543,49629
2025-03-05T18:00:00.000Z,160.545,160.721,160.214,160.576,29083
2025-03-05T22:00:00.000Z,160.572,161.272,160.466,161.135,16286
2025-03-06T02:00:00.000Z,161.135,161.229,160.891,160.998,20391
2025-03-06T06:00:00.000Z,160.997,161.046,159.395,159.709,38432
2025-03-06T10:00:00.000Z,159.708,159.956,159.118,159.588,35555
2025-03-06T14:00:00.000Z,159.596,160.707,159.414,159.699,50213
2025-03-06T18:00:00.000Z,159.704,159.821,159.118,159.582,31483
2025-03-06T22:00:00.000Z,159.597,159.818,159.317,159.584,18513
2025-03-07T02:00:00.000Z,159.585,159.761,159.268,159.444,21206
2025-03-07T06:00:00.000Z,159.444,160.323,159.362,160.139,33127
2025-03-07T10:00:00.000Z,160.138,160.563,159.641,159.665,33360
2025-03-07T14:00:00.000Z,159.662,160.756,159.423,159.917,49757
2025-03-07T18:00:00.000Z,159.916,160.656,159.909,160.378,29276
2025-03-09T21:00:00.000Z,160.119,160.371,159.903,160.02,18056
2025-03-10T01:00:00.000Z,160.019,160.185,159.776,159.897,21176
2025-03-10T05:00:00.000Z,159.897,160.228,159.038,159.105,29002
2025-03-10T09:00:00.000Z,159.102,159.944,158.888,159.425,37002
2025-03-10T13:00:00.000Z,159.425,159.689,158.926,159.485,45672
2025-03-10T17:00:00.000Z,159.483,159.631,159.15,159.522,31131
2025-03-10T21:00:00.000Z,159.498,159.516,158.97,159.239,15981
2025-03-11T01:00:00.000Z,159.239,159.827,159.017,159.526,28140
2025-03-11T05:00:00.000Z,159.525,160.794,159.435,160.794,33005
2025-03-11T09:00:00.000Z,160.794,161.469,160.506,161.332,32090
2025-03-11T13:00:00.000Z,161.348,161.727,160.622,160.915,50559
2025-03-11T17:00:00.000Z,160.915,161.781,160.651,161.314,34745
2025-03-11T21:00:00.000Z,161.341,161.678,161.015,161.588,12114
2025-03-12T01:00:00.000Z,161.592,161.605,161.198,161.462,18252
2025-03-12T05:00:00.000Z,161.46,162.037,161.318,162.001,27715
2025-03-12T09:00:00.000Z,162.001,162.351,161.782,162.219,31281
2025-03-12T13:00:00.000Z,162.218,162.289,161.621,161.711,42648
2025-03-12T17:00:00.000Z,161.711,161.823,161.389,161.453,24422
2025-03-12T21:00:00.000Z,161.383,161.487,161.226,161.307,9151
2025-03-13T01:00:00.000Z,161.308,161.511,160.942,161.052,17741
2025-03-13T05:00:00.000Z,161.052,161.079,160.41,160.833,29865
2025-03-13T09:00:00.000Z,160.827,161.261,160.351,160.576,30643
2025-03-13T13:00:00.000Z,160.576,160.982,160.282,160.459,40692
2025-03-13T17:00:00.000Z,160.46,160.485,160.05,160.421,23660
2025-03-13T21:00:00.000Z,160.308,160.982,160.239,160.883,10413
2025-03-14T01:00:00.000Z,160.883,161.01,160.593,160.979,16614
2025-03-14T05:00:00.000Z,160.979,161.608,160.979,161.586,24990
2025-03-14T09:00:00.000Z,161.595,162.322,161.511,161.955,29250
2025-03-14T13:00:00.000Z,161.953,162.029,161.274,161.453,34684
2025-03-14T17:00:00.000Z,161.441,161.796,161.357,161.691,17049
2025-03-16T21:00:00.000Z,161.761,161.942,161.536,161.873,11544
2025-03-17T01:00:00.000Z,161.875,162.252,161.631,162.178,15918
2025-03-17T05:00:00.000Z,162.178,162.197,161.713,162.091,21055
2025-03-17T09:00:00.000Z,162.08,162.277,161.701,162.234,23231
2025-03-17T13:00:00.000Z,162.235,162.56,162.104,162.424,31284
2025-03-17T17:00:00.000Z,162.424,163.043,162.372,162.927,16398
2025-03-17T21:00:00.000Z,162.91,163.197,162.831,163.156,8760
2025-03-18T01:00:00.000Z,163.155,163.355,163.064,163.186,14005
2025-03-18T05:00:00.000Z,163.186,164.179,163.137,164.006,18728
2025-03-18T09:00:00.000Z,164.002,164.056,163.317,163.504,23634
2025-03-18T13:00:00.000Z,163.504,163.659,163.009,163.451,33981
2025-03-18T17:00:00.000Z,163.451,163.547,163.167,163.398,19627
2025-03-18T21:00:00.000Z,163.332,163.67,163.28,163.608,8680
2025-03-19T01:00:00.000Z,163.611,163.651,163.253,163.46,12237
2025-03-19T05:00:00.000Z,163.46,163.879,162.19,163.227,25035
2025-03-19T09:00:00.000Z,163.228,163.55,163.023,163.315,19778
2025-03-19T13:00:00.000Z,163.316,163.655,163.05,163.233,25478
2025-03-19T17:00:00.000Z,163.233,163.234,162.065,162.068,29537
2025-03-19T21:00:00.000Z,162.103,162.322,161.775,161.827,9779
2025-03-20T01:00:00.000Z,161.827,161.97,161.659,161.796,14208
2025-03-20T05:00:00.000Z,161.797,161.797,161.33,161.395,19370
2025-03-20T09:00:00.000Z,161.392,161.509,160.84,160.941,27535
2025-03-20T13:00:00.000Z,160.941,161.588,160.734,161.375,32422
2025-03-20T17:00:00.000Z,161.374,161.558,161.29,161.451,17994
2025-03-20T21:00:00.000Z,161.379,161.731,161.293,161.698,9286
2025-03-21T01:00:00.000Z,161.698,161.908,161.543,161.814,15220
2025-03-21T05:00:00.000Z,161.814,162.126,161.596,161.97,20838
2025-03-21T09:00:00.000Z,161.97,161.973,161.011,161.038,23557
2025-03-21T13:00:00.000Z,161.038,161.458,160.728,161.445,32912
2025-03-21T17:00:00.000Z,161.443,161.597,161.266,161.45,18621
2025-03-23T21:00:00.000Z,161.49,162.303,161.473,162.271,10776
2025-03-24T01:00:00.000Z,162.267,162.315,161.989,162.088,13722
2025-03-24T05:00:00.000Z,162.088,162.574,162.017,162.232,20997
2025-03-24T09:00:00.000Z,162.218,162.395,161.936,162.253,22508
2025-03-24T13:00:00.000Z,162.248,162.812,161.992,162.488,29214
2025-03-24T17:00:00.000Z,162.493,162.82,162.361,162.743,15387
2025-03-24T21:00:00.000Z,162.662,163.019,162.648,163.009,9435
2025-03-25T01:00:00.000Z,163.009,163.021,162.62,162.65,14500
2025-03-25T05:00:00.000Z,162.648,162.66,162.316,162.523,18133
2025-03-25T09:00:00.000Z,162.522,162.676,162.231,162.338,22568
2025-03-25T13:00:00.000Z,162.339,162.339,161.614,161.852,28082
2025-03-25T17:00:00.000Z,161.852,162.006,161.736,161.744,14054
2025-03-25T21:00:00.000Z,161.738,161.974,161.671,161.948,8402
2025-03-26T01:00:00.000Z,161.948,162.34,161.808,162.339,13572
2025-03-26T05:00:00.000Z,162.339,162.431,161.96,162.116,19381
2025-03-26T09:00:00.000Z,162.113,162.222,161.972,162.181,19404
2025-03-26T13:00:00.000Z,162.182,162.604,161.996,162.426,30685
2025-03-26T17:00:00.000Z,162.422,162.525,161.627,161.878,21972
2025-03-26T21:00:00.000Z,161.899,161.899,161.367,161.849,12984
2025-03-27T01:00:00.000Z,161.848,161.95,161.542,161.91,15152
2025-03-27T05:00:00.000Z,161.91,162.314,161.661,162.31,25275
2025-03-27T09:00:00.000Z,162.31,162.986,162.246,162.589,24604
2025-03-27T13:00:00.000Z,162.587,163.163,162.392,163.063,32937
2025-03-27T17:00:00.000Z,163.071,163.357,162.996,163.151,17296
2025-03-27T21:00:00.000Z,163.06,163.167,162.836,162.957,9159
2025-03-28T01:00:00.000Z,162.956,162.988,162.657,162.764,14647
2025-03-28T05:00:00.000Z,162.765,162.822,162.06,162.243,19341
2025-03-28T09:00:00.000Z,162.243,162.618,162.154,162.519,22021
2025-03-28T13:00:00.000Z,162.518,162.926,162.294,162.418,36455
2025-03-28T17:00:00.000Z,162.418,162.433,162.062,162.286,17384
2025-03-30T21:00:00.000Z,162.107,162.17,161.477,161.858,18450
2025-03-31T01:00:00.000Z,161.859,161.959,161.172,161.512,22407
2025-03-31T05:00:00.000Z,161.513,161.748,161.033,161.383,31955
2025-03-31T09:00:00.000Z,161.373,161.72,161.251,161.619,25408
2025-03-31T13:00:00.000Z,161.618,162.182,161.413,162.058,35470
2025-03-31T17:00:00.000Z,162.058,162.475,162.043,162.205,19579
2025-03-31T21:00:00.000Z,162.182,162.377,162.02,162.087,13134
2025-04-01T01:00:00.000Z,162.087,162.236,161.893,161.894,15325
2025-04-01T05:00:00.000Z,161.896,162.132,161.523,161.904,24494
2025-04-01T09:00:00.000Z,161.902,162.022,160.768,161.141,27250
2025-04-01T13:00:00.000Z,161.154,161.648,161,161.467,37385
2025-04-01T17:00:00.000Z,161.468,161.556,161.062,161.496,20046
2025-04-01T21:00:00.000Z,161.345,161.935,161.321,161.629,12761
2025-04-02T01:00:00.000Z,161.629,161.865,161.616,161.778,13437
2025-04-02T05:00:00.000Z,161.777,161.892,161.362,161.587,20847
2025-04-02T09:00:00.000Z,161.583,161.686,161.106,161.391,24146
2025-04-02T13:00:00.000Z,161.387,163.031,161.333,162.987,34920
2025-04-02T17:00:00.000Z,162.986,164.17,161.375,161.937,31056
2025-04-02T21:00:00.000Z,161.803,161.881,160.111,161.055,33461
2025-04-03T01:00:00.000Z,161.056,161.387,160.625,160.931,30184
2025-04-03T05:00:00.000Z,160.933,161.957,160.837,161.63,39855
2025-04-03T09:00:00.000Z,161.63,163.056,161.425,161.669,43033
2025-04-03T13:00:00.000Z,161.668,162.106,161.084,161.336,51560
2025-04-03T17:00:00.000Z,161.33,161.674,160.977,161.429,31394
2025-04-03T21:00:00.000Z,161.344,161.687,160.951,161.434,19049
2025-04-04T01:00:00.000Z,161.434,161.997,161.155,161.235,29715
2025-04-04T05:00:00.000Z,161.233,161.717,160.651,160.993,41994
2025-04-04T09:00:00.000Z,161.014,161.031,159.577,160.447,57172
2025-04-04T13:00:00.000Z,160.451,160.998,159.016,160.957,60403
2025-04-04T17:00:00.000Z,160.957,161.401,160.42,160.999,44778
2025-04-06T21:00:00.000Z,158.269,159.917,158.194,159.911,39086
2025-04-07T01:00:00.000Z,159.911,160.553,159.814,160.244,43719
2025-04-07T05:00:00.000Z,160.243,160.942,159.741,160.72,52461
2025-04-07T09:00:00.000Z,160.725,161.546,159.899,161.287,51177
2025-04-07T13:00:00.000Z,161.293,162.373,160.531,161.724,63074
2025-04-07T17:00:00.000Z,161.726,162.062,161.154,161.21,45488
2025-04-07T21:00:00.000Z,161.115,161.743,161.073,161.471,22090
2025-04-08T01:00:00.000Z,161.463,162.179,161.364,162.176,32596
2025-04-08T05:00:00.000Z,162.175,162.197,160.858,161.228,39332
2025-04-08T09:00:00.000Z,161.228,161.271,160.437,160.75,42034
2025-04-08T13:00:00.000Z,160.743,161.184,160.057,160.147,51499
2025-04-08T17:00:00.000Z,160.17,160.806,160.018,160.248,44389
2025-04-08T21:00:00.000Z,160.116,160.385,159.634,160.158,27134
2025-04-09T01:00:00.000Z,160.152,160.801,159.886,160.43,44612
2025-04-09T05:00:00.000Z,160.424,160.891,160.036,160.218,55494
2025-04-09T09:00:00.000Z,160.218,160.606,159.472,159.838,51162
2025-04-09T13:00:00.000Z,159.844,160.357,159.524,159.713,46290
2025-04-09T17:00:00.000Z,159.713,162.199,159.462,161.752,51904
2025-04-09T21:00:00.000Z,161.805,161.813,161.066,161.19,28839
2025-04-10T01:00:00.000Z,161.191,161.413,160.866,161.023,34894
2025-04-10T05:00:00.000Z,161.022,161.731,160.94,161.487,38719
2025-04-10T09:00:00.000Z,161.481,161.614,160.948,161.407,40290
2025-04-10T13:00:00.000Z,161.409,161.937,161.101,161.829,53186
2025-04-10T17:00:00.000Z,161.828,162.577,161.605,161.967,41617
2025-04-10T21:00:00.000Z,161.664,162.622,161.296,162.135,30752
2025-04-11T01:00:00.000Z,162.134,162.586,161.778,161.822,37243
2025-04-11T05:00:00.000Z,161.822,163.134,161.702,162.733,48141
2025-04-11T09:00:00.000Z,162.727,162.733,161.506,162.408,50207
2025-04-11T13:00:00.000Z,162.407,162.934,162.169,162.553,52655
2025-04-11T17:00:00.000Z,162.549,162.995,162.534,162.951,31221
2025-04-13T21:00:00.000Z,162.785,163.277,162.346,162.415,23999
2025-04-14T01:00:00.000Z,162.41,162.777,162.095,162.596,30624
2025-04-14T05:00:00.000Z,162.598,163.093,162.389,162.737,35547
2025-04-14T09:00:00.000Z,162.737,163.167,162.708,162.895,30591
2025-04-14T13:00:00.000Z,162.885,162.957,162.264,162.271,43159
2025-04-14T17:00:00.000Z,162.274,162.58,162.075,162.372,24423
2025-04-14T21:00:00.000Z,162.231,162.62,162.162,162.571,14001
2025-04-15T01:00:00.000Z,162.571,162.582,162.203,162.441,18268
2025-04-15T05:00:00.000Z,162.441,162.8,162.068,162.146,28209
2025-04-15T09:00:00.000Z,162.119,162.16,161.562,161.634,27873
2025-04-15T13:00:00.000Z,161.631,162,161.294,161.322,36283
2025-04-15T17:00:00.000Z,161.324,161.622,161.288,161.601,16880
2025-04-15T21:00:00.000Z,161.387,161.668,161.348,161.63,15934
2025-04-16T01:00:00.000Z,161.63,161.816,161.444,161.752,17530
2025-04-16T05:00:00.000Z,161.752,162.268,161.38,162.083,31200
2025-04-16T09:00:00.000Z,162.088,162.254,161.615,161.849,29893
2025-04-16T13:00:00.000Z,161.847,162.276,161.763,162.074,33496
2025-04-16T17:00:00.000Z,162.066,162.135,161.545,161.643,28234
2025-04-16T21:00:00.000Z,161.5,162.203,161.446,162.046,17360
2025-04-17T01:00:00.000Z,162.047,162.259,161.892,162.064,19420
2025-04-17T05:00:00.000Z,162.063,162.631,161.898,162.308,24784
2025-04-17T09:00:00.000Z,162.307,162.435,161.452,161.585,26538
2025-04-17T13:00:00.000Z,161.584,161.869,161.237,161.662,36383
2025-04-17T17:00:00.000Z,161.663,162.024,161.526,161.9,20159
2025-04-17T21:00:00.000Z,161.733,162.098,161.69,161.945,17049
2025-04-18T01:00:00.000Z,161.943,162.002,161.777,161.815,51490
2025-04-18T05:00:00.000Z,161.813,161.941,161.661,161.895,40829
2025-04-18T09:00:00.000Z,161.889,162.063,161.811,161.979,34933
2025-04-18T13:00:00.000Z,161.983,162.157,161.855,162.017,27247
2025-04-18T17:00:00.000Z,162.021,162.09,161.86,161.883,20902
2025-04-20T21:00:00.000Z,161.788,162.227,161.487,161.881,20521
2025-04-21T01:00:00.000Z,161.882,162.251,161.635,162.122,25124
2025-04-21T05:00:00.000Z,162.122,162.565,161.943,162.475,25935
2025-04-21T09:00:00.000Z,162.472,162.666,162.308,162.496,25634
2025-04-21T13:00:00.000Z,162.496,162.5,161.773,162.089,29767
2025-04-21T17:00:00.000Z,162.089,162.239,161.888,162.184,18054
2025-04-21T21:00:00.000Z,162.065,162.316,161.81,161.84,14306
2025-04-22T01:00:00.000Z,161.84,161.971,161.565,161.642,20999
2025-04-22T05:00:00.000Z,161.642,161.709,161.249,161.586,32318
2025-04-22T09:00:00.000Z,161.585,161.651,160.977,161.184,25758
2025-04-22T13:00:00.000Z,161.185,161.677,161.122,161.561,31719
2025-04-22T17:00:00.000Z,161.562,161.807,161.427,161.702,21523
2025-04-22T21:00:00.000Z,161.613,162.461,161.507,161.937,26504
2025-04-23T01:00:00.000Z,161.937,161.997,161.599,161.683,26550
2025-04-23T05:00:00.000Z,161.686,161.775,161.137,161.759,31207
2025-04-23T09:00:00.000Z,161.759,162.116,161.574,161.779,25674
2025-04-23T13:00:00.000Z,161.779,162.349,161.675,162.181,41350
2025-04-23T17:00:00.000Z,162.18,162.457,162.035,162.302,22982
2025-04-23T21:00:00.000Z,162.173,162.385,161.856,162.15,15034
2025-04-24T01:00:00.000Z,162.156,162.285,161.845,161.869,20180
2025-04-24T05:00:00.000Z,161.869,162.381,161.834,162.333,26053
2025-04-24T09:00:00.000Z,162.32,162.373,161.857,161.998,24329
2025-04-24T13:00:00.000Z,162.003,162.374,161.922,162.331,30725
2025-04-24T17:00:00.000Z,162.325,162.488,162.26,162.418,16324
2025-04-24T21:00:00.000Z,162.293,162.609,162.271,162.347,12687
2025-04-25T01:00:00.000Z,162.347,162.877,162.12,162.797,21943
2025-04-25T05:00:00.000Z,162.797,163.145,162.66,162.788,25227
2025-04-25T09:00:00.000Z,162.793,163.066,162.66,162.814,23749
2025-04-25T13:00:00.000Z,162.815,163.75,162.783,163.5,27909
2025-04-25T17:00:00.000Z,163.5,163.562,163.147,163.282,14638
2025-04-27T21:00:00.000Z,163.116,163.363,162.951,163.058,14136
2025-04-28T01:00:00.000Z,163.058,163.251,162.885,162.992,18544
2025-04-28T05:00:00.000Z,162.994,163.327,162.823,162.844,23484
2025-04-28T09:00:00.000Z,162.83,162.938,162.687,162.71,21104
2025-04-28T13:00:00.000Z,162.711,162.786,162.329,162.427,26915
2025-04-28T17:00:00.000Z,162.426,162.438,162.201,162.205,16685
2025-04-28T21:00:00.000Z,162.111,162.343,162.017,162.128,10925
2025-04-29T01:00:00.000Z,162.128,162.313,162.113,162.149,19255
2025-04-29T05:00:00.000Z,162.149,162.469,162.08,162.325,23670
2025-04-29T09:00:00.000Z,162.326,162.537,162.2,162.359,22349
2025-04-29T13:00:00.000Z,162.36,162.364,161.926,161.96,31775
2025-04-29T17:00:00.000Z,161.958,162.172,161.886,162.063,15992
2025-04-29T21:00:00.000Z,161.815,162.082,161.705,162.044,11566
2025-04-30T01:00:00.000Z,162.044,162.063,161.712,162.014,15976
2025-04-30T05:00:00.000Z,162.014,162.478,162.002,162.422,19947
2025-04-30T09:00:00.000Z,162.422,162.644,162.252,162.36,22687
2025-04-30T13:00:00.000Z,162.357,162.423,161.696,161.942,31903
2025-04-30T17:00:00.000Z,161.942,162.216,161.794,161.929,18683
2025-04-30T21:00:00.000Z,161.91,162.106,161.818,161.919,9004
2025-05-01T01:00:00.000Z,161.919,162.732,161.802,162.637,10680
2025-05-01T05:00:00.000Z,162.637,163.484,162.615,163.27,19872
2025-05-01T09:00:00.000Z,163.27,163.858,163.189,163.757,19929
2025-05-01T13:00:00.000Z,163.756,164.199,163.586,164.171,29550
2025-05-01T17:00:00.000Z,164.171,164.448,164.087,164.147,15741
2025-05-01T21:00:00.000Z,164.105,164.627,163.943,164.589,11688
2025-05-02T01:00:00.000Z,164.597,164.599,164.23,164.36,19126
2025-05-02T05:00:00.000Z,164.36,164.516,164.106,164.106,23046
2025-05-02T09:00:00.000Z,164.149,164.199,163.592,163.735,26546
2025-05-02T13:00:00.000Z,163.735,163.962,163.449,163.788,33666
2025-05-02T17:00:00.000Z,163.788,164.014,163.583,163.668,16472
2025-05-04T21:00:00.000Z,163.561,163.893,163.474,163.775,10828
2025-05-05T01:00:00.000Z,163.771,163.778,163.38,163.435,15882
2025-05-05T05:00:00.000Z,163.435,163.514,163.066,163.159,19886
2025-05-05T09:00:00.000Z,163.161,163.358,163.096,163.171,20023
2025-05-05T13:00:00.000Z,163.175,163.289,162.769,162.951,23516
2025-05-05T17:00:00.000Z,162.948,162.97,162.582,162.587,11911
2025-05-05T21:00:00.000Z,162.562,162.693,162.371,162.514,8891
2025-05-06T01:00:00.000Z,162.515,162.783,162.495,162.74,16046
2025-05-06T05:00:00.000Z,162.74,162.946,162.057,162.128,22539
2025-05-06T09:00:00.000Z,162.128,162.147,161.591,161.612,21742
2025-05-06T13:00:00.000Z,161.612,162.133,161.59,161.974,23297
2025-05-06T17:00:00.000Z,161.974,162.085,161.892,161.929,15678
2025-05-06T21:00:00.000Z,161.857,162.483,161.837,162.115,16209
2025-05-07T01:00:00.000Z,162.115,162.576,161.998,162.527,19893
2025-05-07T05:00:00.000Z,162.527,163.016,162.445,162.78,21580
2025-05-07T09:00:00.000Z,162.776,162.975,162.637,162.838,17997
2025-05-07T13:00:00.000Z,162.836,162.896,162.616,162.755,24291
2025-05-07T17:00:00.000Z,162.752,162.859,162.377,162.549,24508
2025-05-07T21:00:00.000Z,162.419,162.773,162.419,162.693,10887
2025-05-08T01:00:00.000Z,162.693,162.756,162.525,162.72,18478
2025-05-08T05:00:00.000Z,162.72,163.5,162.576,163.454,24999
2025-05-08T09:00:00.000Z,163.452,163.656,163.248,163.486,23900
2025-05-08T13:00:00.000Z,163.486,163.725,163.292,163.586,31955
2025-05-08T17:00:00.000Z,163.582,163.897,163.503,163.82,16752
2025-05-08T21:00:00.000Z,163.633,163.929,163.537,163.566,11577
2025-05-09T01:00:00.000Z,163.566,163.611,163.314,163.362,18492
2025-05-09T05:00:00.000Z,163.361,163.531,163.228,163.419,19788
2025-05-09T09:00:00.000Z,163.423,163.5,163.157,163.455,17710
2025-05-09T13:00:00.000Z,163.455,163.636,163.33,163.561,23870
2025-05-09T17:00:00.000Z,163.559,163.617,163.438,163.492,11876
2025-05-11T21:00:00.000Z,163.522,164.083,163.522,163.975,13508
2025-05-12T01:00:00.000Z,163.975,164.201,163.683,163.83,17874
2025-05-12T05:00:00.000Z,163.832,164.592,163.787,164.563,31030
2025-05-12T09:00:00.000Z,164.563,164.685,164.278,164.53,28695
2025-05-12T13:00:00.000Z,164.528,164.914,164.423,164.615,29942
2025-05-12T17:00:00.000Z,164.615,164.684,164.408,164.607,14680
2025-05-12T21:00:00.000Z,164.586,164.659,164.127,164.134,10957
2025-05-13T01:00:00.000Z,164.135,164.333,164.132,164.191,15855
2025-05-13T05:00:00.000Z,164.193,164.484,164.131,164.358,20365
2025-05-13T09:00:00.000Z,164.362,164.751,164.29,164.718,20356
2025-05-13T13:00:00.000Z,164.718,165.21,164.603,164.965,26448
2025-05-13T17:00:00.000Z,164.965,165.05,164.905,164.958,13241
2025-05-13T21:00:00.000Z,164.921,165.157,164.831,164.928,8842
2025-05-14T01:00:00.000Z,164.927,164.942,164.391,164.413,16886
2025-05-14T05:00:00.000Z,164.413,164.828,164.302,164.363,22381
2025-05-14T09:00:00.000Z,164.352,164.387,163.826,164.102,23140
2025-05-14T13:00:00.000Z,164.102,164.416,163.73,164.135,26712
2025-05-14T17:00:00.000Z,164.137,164.138,163.919,163.973,14285
2025-05-14T21:00:00.000Z,163.861,164.061,163.601,163.624,9383
2025-05-15T01:00:00.000Z,163.629,163.828,163.451,163.515,15179
2025-05-15T05:00:00.000Z,163.515,163.536,163.257,163.384,21301
2025-05-15T09:00:00.000Z,163.383,163.578,163.15,163.435,20769
2025-05-15T13:00:00.000Z,163.435,163.468,162.739,162.806,27540
2025-05-15T17:00:00.000Z,162.813,162.918,162.752,162.914,12470
2025-05-15T21:00:00.000Z,162.854,163.013,162.466,162.567,11911
2025-05-16T01:00:00.000Z,162.567,162.915,162.45,162.781,15096
2025-05-16T05:00:00.000Z,162.785,162.969,162.521,162.718,18860
2025-05-16T09:00:00.000Z,162.717,163.104,162.685,162.927,18514
2025-05-16T13:00:00.000Z,162.925,163.096,162.533,162.646,22801
2025-05-16T17:00:00.000Z,162.647,162.757,162.511,162.515,11225
2025-05-18T21:00:00.000Z,162.415,162.652,162.188,162.25,16357
2025-05-19T01:00:00.000Z,162.25,162.533,162.136,162.51,18515
2025-05-19T05:00:00.000Z,162.51,163.1,162.332,163.091,22703
2025-05-19T09:00:00.000Z,163.088,163.381,163.042,163.242,22247
2025-05-19T13:00:00.000Z,163.244,163.297,162.88,162.887,25072
2025-05-19T17:00:00.000Z,162.886,162.906,162.757,162.874,11327
2025-05-19T21:00:00.000Z,162.726,163.277,162.726,163.103,9985
2025-05-20T01:00:00.000Z,163.103,163.121,162.727,162.743,16132
2025-05-20T05:00:00.000Z,162.74,162.785,162.411,162.66,23422
2025-05-20T09:00:00.000Z,162.662,162.763,162.454,162.68,17139
2025-05-20T13:00:00.000Z,162.681,163.008,162.66,163.006,20044
2025-05-20T17:00:00.000Z,163.005,163.143,162.897,163.051,11758
2025-05-20T21:00:00.000Z,162.985,163.05,162.689,162.843,9787
2025-05-21T01:00:00.000Z,162.838,163.083,162.763,162.838,15044
2025-05-21T05:00:00.000Z,162.84,163.212,162.66,163.172,19953
2025-05-21T09:00:00.000Z,163.172,163.303,162.695,162.858,18506
2025-05-21T13:00:00.000Z,162.858,163.101,162.774,162.904,20430
2025-05-21T17:00:00.000Z,162.899,163.003,162.616,162.779,17415
2025-05-21T21:00:00.000Z,162.599,163.409,162.368,162.504,12283
2025-05-22T01:00:00.000Z,162.515,162.566,162.31,162.395,15695
2025-05-22T05:00:00.000Z,162.395,162.508,161.801,161.924,21919
2025-05-22T09:00:00.000Z,161.924,162.433,161.893,162.142,20487
2025-05-22T13:00:00.000Z,162.142,162.532,162.057,162.299,25452
2025-05-22T17:00:00.000Z,162.299,162.599,162.286,162.417,11961
2025-05-22T21:00:00.000Z,162.327,162.568,162.226,162.518,8655
2025-05-23T01:00:00.000Z,162.512,162.625,162.196,162.368,13446
2025-05-23T05:00:00.000Z,162.368,162.6,162.231,162.537,16355
2025-05-23T09:00:00.000Z,162.54,162.746,161.08,161.618,25132
2025-05-23T13:00:00.000Z,161.615,162.052,161.542,162.015,24934
2025-05-23T17:00:00.000Z,162.014,162.041,161.85,161.997,12648
2025-05-25T21:00:00.000Z,161.767,162.63,161.767,162.469,11173
2025-05-26T01:00:00.000Z,162.475,162.719,162.37,162.657,17117
2025-05-26T05:00:00.000Z,162.655,162.97,162.613,162.674,16470
2025-05-26T09:00:00.000Z,162.673,162.746,162.53,162.631,11135
2025-05-26T13:00:00.000Z,162.631,162.64,162.435,162.461,9067
2025-05-26T17:00:00.000Z,162.461,162.627,162.434,162.625,2600
2025-05-26T21:00:00.000Z,162.516,162.748,162.175,162.194,8227
2025-05-27T01:00:00.000Z,162.191,162.551,162.086,162.539,13865
2025-05-27T05:00:00.000Z,162.544,163.287,162.544,163.269,22917
2025-05-27T09:00:00.000Z,163.268,163.802,163.23,163.703,16171
2025-05-27T13:00:00.000Z,163.703,163.934,163.497,163.595,21614
2025-05-27T17:00:00.000Z,163.594,163.594,163.478,163.512,10117
2025-05-27T21:00:00.000Z,163.353,163.53,163.183,163.351,8254
2025-05-28T01:00:00.000Z,163.353,163.825,163.172,163.279,18257
2025-05-28T05:00:00.000Z,163.279,163.518,163.063,163.224,18292
2025-05-28T09:00:00.000Z,163.224,163.543,163.196,163.457,16410
2025-05-28T13:00:00.000Z,163.457,163.905,163.448,163.663,22767
2025-05-28T17:00:00.000Z,163.663,163.705,163.486,163.599,11460
2025-05-28T21:00:00.000Z,163.444,164.163,163.433,164.133,16122
2025-05-29T01:00:00.000Z,164.128,164.219,163.848,163.924,17988
2025-05-29T05:00:00.000Z,163.927,164.255,163.609,163.743,19275
2025-05-29T09:00:00.000Z,163.743,163.93,163.341,163.913,19416
2025-05-29T13:00:00.000Z,163.913,164.023,163.752,163.908,23166
2025-05-29T17:00:00.000Z,163.908,163.952,163.771,163.884,10900
2025-05-29T21:00:00.000Z,163.808,163.931,163.374,163.498,10562
2025-05-30T01:00:00.000Z,163.498,163.532,163.109,163.125,18058
2025-05-30T05:00:00.000Z,163.124,163.394,163.099,163.119,19974
2025-05-30T09:00:00.000Z,163.12,163.312,162.804,163.068,19120
2025-05-30T13:00:00.000Z,163.068,163.836,162.928,163.326,25311
2025-05-30T17:00:00.000Z,163.326,163.525,163.315,163.429,13954
2025-06-01T21:00:00.000Z,163.099,163.425,163.087,163.175,10549
2025-06-02T01:00:00.000Z,163.162,163.272,163.053,163.134,16771
2025-06-02T05:00:00.000Z,163.134,163.378,163.062,163.224,21012
2025-06-02T09:00:00.000Z,163.224,163.335,162.832,163.086,19255
2025-06-02T13:00:00.000Z,163.085,163.293,163.016,163.205,24273
2025-06-02T17:00:00.000Z,163.2,163.407,163.199,163.243,12168
2025-06-02T21:00:00.000Z,163.196,163.35,163.066,163.296,8754
2025-06-03T01:00:00.000Z,163.294,163.705,163.265,163.311,16921
2025-06-03T05:00:00.000Z,163.311,163.388,162.789,162.952,19647
2025-06-03T09:00:00.000Z,162.955,163.254,162.891,163.237,18223
2025-06-03T13:00:00.000Z,163.237,163.869,163.184,163.752,23760
2025-06-03T17:00:00.000Z,163.752,163.833,163.626,163.742,10965
2025-06-03T21:00:00.000Z,163.565,163.929,163.551,163.897,10236
2025-06-04T01:00:00.000Z,163.897,164.085,163.637,163.967,16937
2025-06-04T05:00:00.000Z,163.967,164.166,163.672,164.024,18850
2025-06-04T09:00:00.000Z,164.019,164.235,163.705,163.783,18837
2025-06-04T13:00:00.000Z,163.783,163.925,163.037,163.075,24191
2025-06-04T17:00:00.000Z,163.075,163.138,163.023,163.035,10132
2025-06-04T21:00:00.000Z,162.852,163.163,162.852,163.041,9379
2025-06-05T01:00:00.000Z,163.048,163.235,162.99,163.202,15785
2025-06-05T05:00:00.000Z,163.201,163.667,163.188,163.517,17042
2025-06-05T09:00:00.000Z,163.517,164.084,163.376,163.861,19774
2025-06-05T13:00:00.000Z,163.858,164.668,163.853,164.306,30940
2025-06-05T17:00:00.000Z,164.3,164.516,164.194,164.339,15160
2025-06-05T21:00:00.000Z,164.149,164.585,163.983,164.56,8939
2025-06-06T01:00:00.000Z,164.56,164.594,164.378,164.542,13359
2025-06-06T05:00:00.000Z,164.543,164.778,164.335,164.433,17431
2025-06-06T09:00:00.000Z,164.43,164.888,164.397,164.813,20074
2025-06-06T13:00:00.000Z,164.815,165.281,164.747,165.074,27103
2025-06-06T17:00:00.000Z,165.067,165.114,164.985,165.031,11145
2025-06-08T21:00:00.000Z,165.063,165.141,164.837,165.129,7815
2025-06-09T01:00:00.000Z,165.129,165.162,164.814,164.854,13791
2025-06-09T05:00:00.000Z,164.854,164.977,164.55,164.74,14962
2025-06-09T09:00:00.000Z,164.745,164.986,164.547,164.883,14811
2025-06-09T13:00:00.000Z,164.878,164.993,164.811,164.961,15661
2025-06-09T17:00:00.000Z,164.963,165.205,164.945,165.122,9287
2025-06-09T21:00:00.000Z,164.996,165.236,164.94,165.102,7440
2025-06-10T01:00:00.000Z,165.101,165.441,165.053,165.212,15723
2025-06-10T05:00:00.000Z,165.212,165.212,164.619,165.013,21334
2025-06-10T09:00:00.000Z,165.01,165.375,164.989,165.351,15007
2025-06-10T13:00:00.000Z,165.35,165.606,165.277,165.602,17185
2025-06-10T17:00:00.000Z,165.607,165.629,165.474,165.547,10270
2025-06-10T21:00:00.000Z,165.394,165.806,165.394,165.507,11862
2025-06-11T01:00:00.000Z,165.507,165.579,165.374,165.56,13762
2025-06-11T05:00:00.000Z,165.563,165.886,165.541,165.819,16255
2025-06-11T09:00:00.000Z,165.816,166.287,165.693,165.86,20020
2025-06-11T13:00:00.000Z,165.86,166.418,165.786,166.16,22134
2025-06-11T17:00:00.000Z,166.155,166.208,165.847,166.08,14441
2025-06-11T21:00:00.000Z,165.9,166.057,165.847,165.948,10831
2025-06-12T01:00:00.000Z,165.948,165.965,165.668,165.756,16857
2025-06-12T05:00:00.000Z,165.756,166.037,165.489,165.997,20791
2025-06-12T09:00:00.000Z,165.997,166.745,165.988,166.35,25255
2025-06-12T13:00:00.000Z,166.349,166.538,166.112,166.242,24905
2025-06-12T17:00:00.000Z,166.239,166.327,166.115,166.263,11081
2025-06-12T21:00:00.000Z,166.129,166.298,164.928,165.33,15430
2025-06-13T01:00:00.000Z,165.33,165.734,165.036,165.554,19921
2025-06-13T05:00:00.000Z,165.555,166.075,165.455,165.767,21557
2025-06-13T09:00:00.000Z,165.767,166.178,165.749,166.165,22256
2025-06-13T13:00:00.000Z,166.164,166.585,165.976,166.42,25154
2025-06-13T17:00:00.000Z,166.414,166.431,165.98,166.414,17138
2025-06-15T21:00:00.000Z,166.046,166.87,165.903,166.519,21703
2025-06-16T01:00:00.000Z,166.518,166.579,166.331,166.465,17717
2025-06-16T05:00:00.000Z,166.464,167.208,166.355,167.03,21630
2025-06-16T09:00:00.000Z,167.036,167.1,166.668,166.919,18658
2025-06-16T13:00:00.000Z,166.919,167.047,166.744,167.006,23149
2025-06-16T17:00:00.000Z,167.004,167.454,166.974,167.34,11724
2025-06-16T21:00:00.000Z,167.268,167.588,167.092,167.54,11037
2025-06-17T01:00:00.000Z,167.54,167.582,167.012,167.155,15586
2025-06-17T05:00:00.000Z,167.156,167.606,166.969,167.38,22071
2025-06-17T09:00:00.000Z,167.391,167.505,167.061,167.313,22202
2025-06-17T13:00:00.000Z,167.306,167.583,166.957,167.044,24189
2025-06-17T17:00:00.000Z,167.038,167.068,166.695,166.801,16749
2025-06-17T21:00:00.000Z,166.625,167.025,166.625,166.996,11076
2025-06-18T01:00:00.000Z,166.995,167.044,166.72,166.848,14523
2025-06-18T05:00:00.000Z,166.848,167.051,166.706,166.742,20067
2025-06-18T09:00:00.000Z,166.744,166.852,166.42,166.705,18213
2025-06-18T13:00:00.000Z,166.708,166.827,166.321,166.422,23017
2025-06-18T17:00:00.000Z,166.42,166.646,166.364,166.606,19679
2025-06-18T21:00:00.000Z,166.478,166.656,166.211,166.338,9708
2025-06-19T01:00:00.000Z,166.336,166.368,166.03,166.337,16277
2025-06-19T05:00:00.000Z,166.34,166.76,166.223,166.731,20323
2025-06-19T09:00:00.000Z,166.731,167.312,166.712,167.039,18106
2025-06-19T13:00:00.000Z,167.039,167.162,166.811,166.936,14455
2025-06-19T17:00:00.000Z,166.937,167.237,166.902,167.217,6142
2025-06-19T21:00:00.000Z,167.157,167.375,167.019,167.363,11588
2025-06-20T01:00:00.000Z,167.363,167.586,167.244,167.545,16883
2025-06-20T05:00:00.000Z,167.545,167.677,167.313,167.447,18336
2025-06-20T09:00:00.000Z,167.448,167.767,167.344,167.619,18122
2025-06-20T13:00:00.000Z,167.619,168.243,167.573,168.236,22423
2025-06-20T17:00:00.000Z,168.236,168.394,168.231,168.311,11406
2025-06-22T21:00:00.000Z,167.986,168.41,167.943,168.262,15505
2025-06-23T01:00:00.000Z,168.262,168.934,168.212,168.894,19008
2025-06-23T05:00:00.000Z,168.898,169.659,168.897,169.471,24100
2025-06-23T09:00:00.000Z,169.472,169.709,168.916,169.046,23138
2025-06-23T13:00:00.000Z,169.047,169.302,168.731,168.969,28328
2025-06-23T17:00:00.000Z,168.97,169.255,168.927,169.171,16960
2025-06-23T21:00:00.000Z,169.083,169.273,168.868,168.886,14589
2025-06-24T01:00:00.000Z,168.879,168.929,168.615,168.775,16779
2025-06-24T05:00:00.000Z,168.776,168.848,168.053,168.194,23891
2025-06-24T09:00:00.000Z,168.194,168.533,168.124,168.198,20645
2025-06-24T13:00:00.000Z,168.193,168.343,167.901,168.196,24549
2025-06-24T17:00:00.000Z,168.196,168.277,168.087,168.196,10869
2025-06-24T21:00:00.000Z,168.159,168.553,168.04,168.426,9702
2025-06-25T01:00:00.000Z,168.424,168.424,168.155,168.323,15746
2025-06-25T05:00:00.000Z,168.324,168.919,168.324,168.896,19421
2025-06-25T09:00:00.000Z,168.896,169.203,168.833,169.084,16660
2025-06-25T13:00:00.000Z,169.084,169.366,169.062,169.164,21466
2025-06-25T17:00:00.000Z,169.164,169.352,169.129,169.311,10994
2025-06-25T21:00:00.000Z,169.189,169.387,169.023,169.028,10357
2025-06-26T01:00:00.000Z,169.031,169.392,168.978,169.102,17543
2025-06-26T05:00:00.000Z,169.102,169.208,168.55,168.786,22597
2025-06-26T09:00:00.000Z,168.78,169.026,168.678,168.931,21166
2025-06-26T13:00:00.000Z,168.94,169.197,168.895,169.19,25903
2025-06-26T17:00:00.000Z,169.19,169.205,168.891,168.953,12786
2025-06-26T21:00:00.000Z,168.859,169.278,168.687,169.123,12467
2025-06-27T01:00:00.000Z,169.119,169.224,168.622,168.898,16979
2025-06-27T05:00:00.000Z,168.902,169.3,168.755,169.104,19711
2025-06-27T09:00:00.000Z,169.104,169.686,168.979,169.674,19464
2025-06-27T13:00:00.000Z,169.673,169.801,169.441,169.553,24520
2025-06-27T17:00:00.000Z,169.554,169.56,169.176,169.518,15690
2025-06-29T21:00:00.000Z,169.212,169.641,169.212,169.46,14127
2025-06-30T01:00:00.000Z,169.455,169.501,168.794,168.852,18205
2025-06-30T05:00:00.000Z,168.849,169.06,168.701,169.033,22829
2025-06-30T09:00:00.000Z,169.031,169.254,168.94,169.204,18545
2025-06-30T13:00:00.000Z,169.204,169.732,169.078,169.639,26135
2025-06-30T17:00:00.000Z,169.639,169.859,169.575,169.645,14656
2025-06-30T21:00:00.000Z,169.637,169.73,169.317,169.369,11410
2025-07-01T01:00:00.000Z,169.367,169.655,169.25,169.42,14847
2025-07-01T05:00:00.000Z,169.42,169.422,168.454,168.848,21271
2025-07-01T09:00:00.000Z,168.847,168.962,168.586,168.867,21904
2025-07-01T13:00:00.000Z,168.873,169.164,168.767,169.051,27352
2025-07-01T17:00:00.000Z,169.053,169.516,169.051,169.292,12707
2025-07-01T21:00:00.000Z,169.142,169.539,169.142,169.405,10021
2025-07-02T01:00:00.000Z,169.404,169.519,169.289,169.335,14727
2025-07-02T05:00:00.000Z,169.335,169.628,169.321,169.529,19575
2025-07-02T09:00:00.000Z,169.529,169.785,169.029,169.139,22856
2025-07-02T13:00:00.000Z,169.138,169.537,169.085,169.436,25918
2025-07-02T17:00:00.000Z,169.436,169.531,169.397,169.466,11610
2025-07-02T21:00:00.000Z,169.481,169.531,169.276,169.524,9246
2025-07-03T01:00:00.000Z,169.524,169.63,169.41,169.568,11530
2025-07-03T05:00:00.000Z,169.568,169.868,169.554,169.732,16884
2025-07-03T09:00:00.000Z,169.738,170.317,169.377,170.21,20722
2025-07-03T13:00:00.000Z,170.21,170.609,170.168,170.461,26533
2025-07-03T17:00:00.000Z,170.461,170.558,170.342,170.373,8152
2025-07-03T21:00:00.000Z,170.378,170.409,170.084,170.148,9435
2025-07-04T01:00:00.000Z,170.148,170.279,169.987,170.074,12515
2025-07-04T05:00:00.000Z,170.073,170.132,169.847,169.95,16950
2025-07-04T09:00:00.000Z,169.951,170.06,169.867,169.931,15774
2025-07-04T13:00:00.000Z,169.931,170.323,169.931,170.136,13734
2025-07-04T17:00:00.000Z,170.134,170.225,170.005,170.133,22436
2025-07-06T21:00:00.000Z,170.127,170.321,169.976,170.043,10554
2025-07-07T01:00:00.000Z,170.043,170.61,169.88,170.584,15735
2025-07-07T05:00:00.000Z,170.584,170.728,170.305,170.39,20486
2025-07-07T09:00:00.000Z,170.389,170.757,170.365,170.663,17740
2025-07-07T13:00:00.000Z,170.663,171.265,170.638,170.87,22134
2025-07-07T17:00:00.000Z,170.873,171.309,170.75,170.983,15319
2025-07-07T21:00:00.000Z,170.932,171.672,170.907,171.632,12094
2025-07-08T01:00:00.000Z,171.635,171.8,171.323,171.415,16363
2025-07-08T05:00:00.000Z,171.414,171.842,171.322,171.749,19818
2025-07-08T09:00:00.000Z,171.755,172.001,171.552,171.883,18053
2025-07-08T13:00:00.000Z,171.883,171.99,171.641,171.819,24422
2025-07-08T17:00:00.000Z,171.817,172.02,171.797,171.856,15237
2025-07-08T21:00:00.000Z,171.759,172.208,171.694,172.103,10307
2025-07-09T01:00:00.000Z,172.102,172.273,172.03,172.214,14822
2025-07-09T05:00:00.000Z,172.213,172.253,171.741,171.801,17603
2025-07-09T09:00:00.000Z,171.802,171.825,171.546,171.609,16764
2025-07-09T13:00:00.000Z,171.609,171.645,171.303,171.373,19492
2025-07-09T17:00:00.000Z,171.371,171.634,171.262,171.532,11612
2025-07-09T21:00:00.000Z,171.287,171.53,171.173,171.239,9829
2025-07-10T01:00:00.000Z,171.237,171.74,171.172,171.581,11034
2025-07-10T05:00:00.000Z,171.577,171.772,171.405,171.636,15346
2025-07-10T09:00:00.000Z,171.636,171.677,171.206,171.422,15118
2025-07-10T13:00:00.000Z,171.42,171.492,171.048,171.147,21732
2025-07-10T17:00:00.000Z,171.145,171.154,170.929,171.076,10982
2025-07-10T21:00:00.000Z,171.002,171.233,170.801,171.092,11347
2025-07-11T01:00:00.000Z,171.09,171.766,171.073,171.732,15692
2025-07-11T05:00:00.000Z,171.732,171.764,171.41,171.705,18732
2025-07-11T09:00:00.000Z,171.704,171.962,171.598,171.782,17823
2025-07-11T13:00:00.000Z,171.781,172.42,171.764,172.286,21424
2025-07-11T17:00:00.000Z,172.287,172.374,172.162,172.345,11348
2025-07-13T21:00:00.000Z,171.549,172.142,171.549,171.831,13526
2025-07-14T01:00:00.000Z,171.83,172.172,171.76,172.051,15003
2025-07-14T05:00:00.000Z,172.051,172.228,171.722,172.099,19928
2025-07-14T09:00:00.000Z,172.104,172.36,171.974,172.23,16230
2025-07-14T13:00:00.000Z,172.23,172.466,172.078,172.264,19602
2025-07-14T17:00:00.000Z,172.269,172.439,172.203,172.35,8679
2025-07-14T21:00:00.000Z,172.3,172.473,172.207,172.261,7808
2025-07-15T01:00:00.000Z,172.261,172.493,172.255,172.407,10703
2025-07-15T05:00:00.000Z,172.407,172.727,172.387,172.581,14738
2025-07-15T09:00:00.000Z,172.581,172.863,172.377,172.706,16324
2025-07-15T13:00:00.000Z,172.706,173.076,172.638,172.651,25898
2025-07-15T17:00:00.000Z,172.65,172.77,172.621,172.681,9679
2025-07-15T21:00:00.000Z,172.561,172.992,172.561,172.925,8716
2025-07-16T01:00:00.000Z,172.925,173.235,172.748,173.046,12606
2025-07-16T05:00:00.000Z,173.049,173.069,172.784,173.022,17364
2025-07-16T09:00:00.000Z,173.022,173.079,172.35,172.467,17418
2025-07-16T13:00:00.000Z,172.466,172.498,171.793,172.302,37426
2025-07-16T17:00:00.000Z,172.303,172.319,171.835,172.152,16628
2025-07-16T21:00:00.000Z,171.994,172.489,171.87,172.485,9605
2025-07-17T01:00:00.000Z,172.486,172.668,172.327,172.532,12097
2025-07-17T05:00:00.000Z,172.533,172.609,172.124,172.385,17945
2025-07-17T09:00:00.000Z,172.386,172.516,172.138,172.326,16848
2025-07-17T13:00:00.000Z,172.327,172.343,171.94,172.202,21958
2025-07-17T17:00:00.000Z,172.202,172.369,172.158,172.32,11321
2025-07-17T21:00:00.000Z,172.106,172.735,172.106,172.728,9756
2025-07-18T01:00:00.000Z,172.729,172.863,172.569,172.745,12904
2025-07-18T05:00:00.000Z,172.745,173.107,172.708,172.899,15453
2025-07-18T09:00:00.000Z,172.9,173.088,172.82,172.937,15715
2025-07-18T13:00:00.000Z,172.937,173.077,172.861,172.907,21823
2025-07-18T17:00:00.000Z,172.907,172.979,172.83,172.979,10383
2025-07-20T21:00:00.000Z,172.041,172.84,171.984,172.408,14004
2025-07-21T01:00:00.000Z,172.421,172.66,172.416,172.625,11692
2025-07-21T05:00:00.000Z,172.625,172.626,172.002,172.177,18168
2025-07-21T09:00:00.000Z,172.177,172.283,171.912,172.047,16769
2025-07-21T13:00:00.000Z,172.049,172.549,172.019,172.176,20657
2025-07-21T17:00:00.000Z,172.171,172.333,172.1,172.316,10026
2025-07-21T21:00:00.000Z,172.112,172.588,172.108,172.383,8842
2025-07-22T01:00:00.000Z,172.383,172.62,172.325,172.556,10403
2025-07-22T05:00:00.000Z,172.556,172.927,172.506,172.681,14938
2025-07-22T09:00:00.000Z,172.681,172.686,171.478,171.615,16578
2025-07-22T13:00:00.000Z,171.614,172.192,171.355,172.12,25176
2025-07-22T17:00:00.000Z,172.12,172.355,172.054,172.355,10286
2025-07-22T21:00:00.000Z,172.259,172.467,171.667,172.021,14175
2025-07-23T01:00:00.000Z,172.026,172.731,171.897,172.43,18100
2025-07-23T05:00:00.000Z,172.43,172.684,172.087,172.222,19014
2025-07-23T09:00:00.000Z,172.222,172.235,171.364,171.663,17105
2025-07-23T13:00:00.000Z,171.663,172.355,171.615,172.24,23632
2025-07-23T17:00:00.000Z,172.24,172.544,172.123,172.438,13755
2025-07-23T21:00:00.000Z,172.133,172.498,172.133,172.304,10286
2025-07-24T01:00:00.000Z,172.303,172.312,171.749,171.918,14734
2025-07-24T05:00:00.000Z,171.918,172.313,171.849,172.299,18785
2025-07-24T09:00:00.000Z,172.301,172.361,172.102,172.272,17956
2025-07-24T13:00:00.000Z,172.272,172.92,172.228,172.782,26745
2025-07-24T17:00:00.000Z,172.786,172.891,172.632,172.688,11946
2025-07-24T21:00:00.000Z,172.521,173.158,172.515,173.031,10451
2025-07-25T01:00:00.000Z,173.031,173.169,172.705,172.737,12986
2025-07-25T05:00:00.000Z,172.736,173.605,172.473,173.504,19521
2025-07-25T09:00:00.000Z,173.503,173.582,173.049,173.255,16258
2025-07-25T13:00:00.000Z,173.255,173.385,172.977,173.297,24597
2025-07-25T17:00:00.000Z,173.296,173.401,173.254,173.321,11673
2025-07-27T21:00:00.000Z,173.501,173.861,173.501,173.649,12838
2025-07-28T01:00:00.000Z,173.649,173.894,173.53,173.554,14857
2025-07-28T05:00:00.000Z,173.555,173.769,173.087,173.165,21552
2025-07-28T09:00:00.000Z,173.161,173.243,172.483,172.597,20830
2025-07-28T13:00:00.000Z,172.591,172.599,172.215,172.229,22117
2025-07-28T17:00:00.000Z,172.229,172.251,172.063,172.128,10080
2025-07-28T21:00:00.000Z,172.074,172.282,172.026,172.247,8268
2025-07-29T01:00:00.000Z,172.247,172.324,171.759,171.91,12816
2025-07-29T05:00:00.000Z,171.91,171.913,171.264,171.857,20205
2025-07-29T09:00:00.000Z,171.859,172.078,171.373,171.374,17881
2025-07-29T13:00:00.000Z,171.372,171.562,171.047,171.456,24989
2025-07-29T17:00:00.000Z,171.456,171.536,171.367,171.396,12426
2025-07-29T21:00:00.000Z,171.421,171.544,171.235,171.254,8407
2025-07-30T01:00:00.000Z,171.254,171.322,171.024,171.133,13513
2025-07-30T05:00:00.000Z,171.133,171.165,170.86,170.993,18497
2025-07-30T09:00:00.000Z,170.99,171.116,170.679,170.77,21143
2025-07-30T13:00:00.000Z,170.769,171.042,170.701,170.877,22686
2025-07-30T17:00:00.000Z,170.877,170.924,170.437,170.517,24863
2025-07-30T21:00:00.000Z,170.398,170.784,170.398,170.715,10526
2025-07-31T01:00:00.000Z,170.715,170.717,169.715,170.256,17412
2025-07-31T05:00:00.000Z,170.254,171.358,170.096,171.324,23544
2025-07-31T09:00:00.000Z,171.325,171.722,171.216,171.639,21128
2025-07-31T13:00:00.000Z,171.639,172.313,171.491,172.116,26431
2025-07-31T17:00:00.000Z,172.116,172.331,171.921,172.112,15255
2025-07-31T21:00:00.000Z,171.872,172.299,171.867,172.2,11688
2025-08-01T01:00:00.000Z,172.2,172.38,171.899,171.974,15560
2025-08-01T05:00:00.000Z,171.974,172.22,171.743,171.76,19283
2025-08-01T09:00:00.000Z,171.76,171.981,171.267,171.598,24842
2025-08-01T13:00:00.000Z,171.589,171.609,170.562,170.576,39658
2025-08-01T17:00:00.000Z,170.574,170.886,170.275,170.881,21476
2025-08-03T21:00:00.000Z,170.632,170.771,170.46,170.65,15736
2025-08-04T01:00:00.000Z,170.653,171.142,170.614,170.934,17713
2025-08-04T05:00:00.000Z,170.934,171.16,170.74,170.931,22019
2025-08-04T09:00:00.000Z,170.931,171.046,170.317,170.374,21352
2025-08-04T13:00:00.000Z,170.374,170.54,170.064,170.148,25218
2025-08-04T17:00:00.000Z,170.149,170.231,169.902,170.204,12820
2025-08-04T21:00:00.000Z,170.218,170.218,169.889,170.017,10619
2025-08-05T01:00:00.000Z,170.017,170.177,169.92,169.997,13471
2025-08-05T05:00:00.000Z,169.997,170.272,169.813,170.256,18869
2025-08-05T09:00:00.000Z,170.258,170.509,170.127,170.361,18237
2025-08-05T13:00:00.000Z,170.358,170.907,170.249,170.895,26538
2025-08-05T17:00:00.000Z,170.895,170.94,170.744,170.802,12082
2025-08-05T21:00:00.000Z,170.715,170.927,170.693,170.806,8807
2025-08-06T01:00:00.000Z,170.806,170.904,170.606,170.662,12771
2025-08-06T05:00:00.000Z,170.662,171.104,170.646,171.08,15634
2025-08-06T09:00:00.000Z,171.071,171.454,171.071,171.373,17630
2025-08-06T13:00:00.000Z,171.373,171.651,171.201,171.428,23211
2025-08-06T17:00:00.000Z,171.428,171.992,171.427,171.765,13962
2025-08-06T21:00:00.000Z,171.69,171.986,171.63,171.978,10207
2025-08-07T01:00:00.000Z,171.978,172.163,171.89,171.929,13823
2025-08-07T05:00:00.000Z,171.933,171.993,171.394,171.895,20138
2025-08-07T09:00:00.000Z,171.9,172.03,171.341,171.613,22209
2025-08-07T13:00:00.000Z,171.611,171.651,171.32,171.509,25338
2025-08-07T17:00:00.000Z,171.51,171.652,171.265,171.648,15558
2025-08-07T21:00:00.000Z,171.471,171.795,171.362,171.762,12411
2025-08-08T01:00:00.000Z,171.762,171.806,171.549,171.568,12985
2025-08-08T05:00:00.000Z,171.577,171.874,171.452,171.827,18290
2025-08-08T09:00:00.000Z,171.825,172.238,171.755,172.123,18905
2025-08-08T13:00:00.000Z,172.123,172.339,172.062,172.213,22199
2025-08-08T17:00:00.000Z,172.212,172.303,171.948,171.96,14121
2025-08-10T21:00:00.000Z,171.775,172.086,171.754,171.982,8901
2025-08-11T01:00:00.000Z,171.986,172.194,171.945,172.136,11484
2025-08-11T05:00:00.000Z,172.136,172.184,171.598,171.917,15769
2025-08-11T09:00:00.000Z,171.908,172.14,171.753,171.753,16056
2025-08-11T13:00:00.000Z,171.753,171.93,171.546,171.772,19574
2025-08-11T17:00:00.000Z,171.772,172.111,171.726,172.103,10742
2025-08-11T21:00:00.000Z,171.72,172.409,171.72,172.369,10391
2025-08-12T01:00:00.000Z,172.368,172.512,172.261,172.491,14242
2025-08-12T05:00:00.000Z,172.491,172.506,172.074,172.386,23322
2025-08-12T09:00:00.000Z,172.381,172.53,172.118,172.342,25547
2025-08-12T13:00:00.000Z,172.342,172.851,172.158,172.521,41040
2025-08-12T17:00:00.000Z,172.52,172.619,172.312,172.578,13692
2025-08-12T21:00:00.000Z,172.314,172.636,172.266,172.622,9904
2025-08-13T01:00:00.000Z,172.621,173.01,172.572,172.84,15408
2025-08-13T05:00:00.000Z,172.841,172.904,172.435,172.506,23106
2025-08-13T09:00:00.000Z,172.508,172.804,172.393,172.445,21340
2025-08-13T13:00:00.000Z,172.445,172.579,172.227,172.487,27537
2025-08-13T17:00:00.000Z,172.486,172.598,172.435,172.504,11870
2025-08-13T21:00:00.000Z,172.31,172.481,171.722,171.788,10813
2025-08-14T01:00:00.000Z,171.788,171.799,171.28,171.324,18670
2025-08-14T05:00:00.000Z,171.324,171.457,170.961,170.996,25233
2025-08-14T09:00:00.000Z,170.997,171.487,170.971,171.396,27218
2025-08-14T13:00:00.000Z,171.392,172.197,171.368,172.007,33713
2025-08-14T17:00:00.000Z,172.007,172.172,171.99,172.086,12486
2025-08-14T21:00:00.000Z,171.874,172.21,171.825,171.842,9017
2025-08-15T01:00:00.000Z,171.841,171.884,171.541,171.6,13465
2025-08-15T05:00:00.000Z,171.6,171.897,171.495,171.556,19776
2025-08-15T09:00:00.000Z,171.556,171.946,171.511,171.768,20457
2025-08-15T13:00:00.000Z,171.768,172.298,171.712,172.272,28352
2025-08-15T17:00:00.000Z,172.273,172.371,172.151,172.227,11933
2025-08-17T21:00:00.000Z,172.335,172.571,172.252,172.508,10568
2025-08-18T01:00:00.000Z,172.509,172.645,172.407,172.552,15026
2025-08-18T05:00:00.000Z,172.553,172.575,172.058,172.116,21576
2025-08-18T09:00:00.000Z,172.116,172.499,172.047,172.484,19229
2025-08-18T13:00:00.000Z,172.484,172.673,172.264,172.288,23816
2025-08-18T17:00:00.000Z,172.288,172.562,172.173,172.435,11860
2025-08-18T21:00:00.000Z,172.072,172.617,172.072,172.277,9384
2025-08-19T01:00:00.000Z,172.275,172.432,171.986,172.292,17397
2025-08-19T05:00:00.000Z,172.292,172.617,172.015,172.394,19828
2025-08-19T09:00:00.000Z,172.394,172.696,172.358,172.538,19265
2025-08-19T13:00:00.000Z,172.54,172.648,172.049,172.073,24463
2025-08-19T17:00:00.000Z,172.072,172.097,171.69,171.977,12780
2025-08-19T21:00:00.000Z,171.68,172.008,171.68,171.746,11039
2025-08-20T01:00:00.000Z,171.746,171.824,171.463,171.692,16813
2025-08-20T05:00:00.000Z,171.692,171.943,171.109,171.752,21967
2025-08-20T09:00:00.000Z,171.753,171.928,171.619,171.88,18326
2025-08-20T13:00:00.000Z,171.88,171.941,171.336,171.529,27816
2025-08-20T17:00:00.000Z,171.524,171.787,171.509,171.656,13891
2025-08-20T21:00:00.000Z,171.683,171.747,171.544,171.654,10796
2025-08-21T01:00:00.000Z,171.654,171.763,171.518,171.63,16449
2025-08-21T05:00:00.000Z,171.63,172.071,171.526,172.006,21834
2025-08-21T09:00:00.000Z,172.007,172.359,171.931,172.077,22167
2025-08-21T13:00:00.000Z,172.076,172.27,171.737,172.171,31590
2025-08-21T17:00:00.000Z,172.17,172.261,172.084,172.195,11695
2025-08-21T21:00:00.000Z,172.062,172.473,171.993,172.443,11144
2025-08-22T01:00:00.000Z,172.445,172.528,172.23,172.309,15495
2025-08-22T05:00:00.000Z,172.309,172.407,172.045,172.404,18625
2025-08-22T09:00:00.000Z,172.406,172.632,172.331,172.621,18381
2025-08-22T13:00:00.000Z,172.623,172.668,171.822,171.96,42742
2025-08-22T17:00:00.000Z,171.962,172.273,171.954,172.217,14365
2025-08-24T21:00:00.000Z,172.034,172.574,172.019,172.409,12514
2025-08-25T01:00:00.000Z,172.409,172.545,172.283,172.345,14498
2025-08-25T05:00:00.000Z,172.345,172.51,172.317,172.379,16618
2025-08-25T09:00:00.000Z,172.379,172.468,172.226,172.427,14765
2025-08-25T13:00:00.000Z,172.427,172.658,171.916,171.945,25364
2025-08-25T17:00:00.000Z,171.945,171.95,171.569,171.645,17135
2025-08-25T21:00:00.000Z,171.656,171.739,171.321,171.346,19049
2025-08-26T01:00:00.000Z,171.346,171.878,171.341,171.877,20100
2025-08-26T05:00:00.000Z,171.877,171.999,171.324,171.442,27576
2025-08-26T09:00:00.000Z,171.442,171.947,171.437,171.826,23287
2025-08-26T13:00:00.000Z,171.824,172.114,171.508,171.591,28153
2025-08-26T17:00:00.000Z,171.591,171.672,171.506,171.615,13376
2025-08-26T21:00:00.000Z,171.477,171.774,171.455,171.729,10063
2025-08-27T01:00:00.000Z,171.731,171.904,171.676,171.819,15612
2025-08-27T05:00:00.000Z,171.819,171.862,171.246,171.41,21040
2025-08-27T09:00:00.000Z,171.412,171.696,171.389,171.552,20492
2025-08-27T13:00:00.000Z,171.552,171.778,171.348,171.495,28150
2025-08-27T17:00:00.000Z,171.495,171.596,171.41,171.567,14418
2025-08-27T21:00:00.000Z,171.311,171.743,171.302,171.528,12097
2025-08-28T01:00:00.000Z,171.528,171.715,171.237,171.288,14950
2025-08-28T05:00:00.000Z,171.288,171.61,171.112,171.357,22039
2025-08-28T09:00:00.000Z,171.357,171.74,171.262,171.655,24768
2025-08-28T13:00:00.000Z,171.656,171.786,171.452,171.651,27756
2025-08-28T17:00:00.000Z,171.649,171.695,171.503,171.674,12832
2025-08-28T21:00:00.000Z,171.414,171.703,171.339,171.408,12877
2025-08-29T01:00:00.000Z,171.408,171.557,171.232,171.355,16394
2025-08-29T05:00:00.000Z,171.355,171.752,171.343,171.571,19889
2025-08-29T09:00:00.000Z,171.571,171.791,171.531,171.749,21123
2025-08-29T13:00:00.000Z,171.749,171.98,171.589,171.908,30970
2025-08-29T17:00:00.000Z,171.908,172.008,171.773,171.821,11146
2025-08-31T21:00:00.000Z,171.819,172.241,171.746,172.212,8487
2025-09-01T01:00:00.000Z,172.211,172.275,171.957,172.157,17123
2025-09-01T05:00:00.000Z,172.157,172.499,172.05,172.49,20942
2025-09-01T09:00:00.000Z,172.489,172.539,172.313,172.33,17109
2025-09-01T13:00:00.000Z,172.33,172.495,172.248,172.332,15150
2025-09-01T17:00:00.000Z,172.332,172.397,172.27,172.351,5942
2025-09-01T21:00:00.000Z,172.162,172.498,172.162,172.405,11155
2025-09-02T01:00:00.000Z,172.405,172.884,172.309,172.734,18716
2025-09-02T05:00:00.000Z,172.734,173.406,172.654,172.848,32520
2025-09-02T09:00:00.000Z,172.846,173.201,172.729,172.883,31293
2025-09-02T13:00:00.000Z,172.883,172.957,172.633,172.674,34746
2025-09-02T17:00:00.000Z,172.674,172.811,172.614,172.697,13443
2025-09-02T21:00:00.000Z,172.616,173.071,172.546,173.041,10918
2025-09-03T01:00:00.000Z,173.041,173.169,172.777,172.832,15134
2025-09-03T05:00:00.000Z,172.832,173.271,172.748,173.193,23384
2025-09-03T09:00:00.000Z,173.193,173.295,173.021,173.235,22614
2025-09-03T13:00:00.000Z,173.236,173.277,172.599,172.716,31111
2025-09-03T17:00:00.000Z,172.716,172.772,172.533,172.676,13604
2025-09-03T21:00:00.000Z,172.638,172.739,172.464,172.573,11944
2025-09-04T01:00:00.000Z,172.573,172.793,172.449,172.716,17231
2025-09-04T05:00:00.000Z,172.716,172.925,172.638,172.781,20036
2025-09-04T09:00:00.000Z,172.78,172.877,172.461,172.852,23726
2025-09-04T13:00:00.000Z,172.852,173.208,172.787,172.983,29165
2025-09-04T17:00:00.000Z,172.983,173.047,172.947,172.958,10734
2025-09-04T21:00:00.000Z,172.903,173.03,172.71,172.756,11467
2025-09-05T01:00:00.000Z,172.756,172.984,172.749,172.92,12742
2025-09-05T05:00:00.000Z,172.92,173.106,172.884,173.096,17845
2025-09-05T09:00:00.000Z,173.096,173.262,172.754,172.841,27397
2025-09-05T13:00:00.000Z,172.84,172.876,172.486,172.719,41286
2025-09-05T17:00:00.000Z,172.719,172.833,172.646,172.735,14618
2025-09-07T21:00:00.000Z,173.441,173.904,173.239,173.743,14924
2025-09-08T01:00:00.000Z,173.742,173.807,173.357,173.546,15836
2025-09-08T05:00:00.000Z,173.536,173.599,173.061,173.249,18440
2025-09-08T09:00:00.000Z,173.248,173.395,173.119,173.352,16335
2025-09-08T13:00:00.000Z,173.353,173.651,173.312,173.388,19543
2025-09-08T17:00:00.000Z,173.386,173.514,173.309,173.48,10419
2025-09-08T21:00:00.000Z,173.456,173.515,173.221,173.439,10101
2025-09-09T01:00:00.000Z,173.442,173.469,173.189,173.208,12008
2025-09-09T05:00:00.000Z,173.207,173.207,172.258,172.417,19949
2025-09-09T09:00:00.000Z,172.413,172.445,172.128,172.441,18609
2025-09-09T13:00:00.000Z,172.442,172.672,172.304,172.582,23779
2025-09-09T17:00:00.000Z,172.583,172.671,172.506,172.622,10786
2025-09-09T21:00:00.000Z,172.278,172.644,172.278,172.439,8606
2025-09-10T01:00:00.000Z,172.441,172.67,172.376,172.588,11554
2025-09-10T05:00:00.000Z,172.587,172.74,172.381,172.589,17464
2025-09-10T09:00:00.000Z,172.59,172.72,172.363,172.612,18450
2025-09-10T13:00:00.000Z,172.619,172.904,172.455,172.506,20993
2025-09-10T17:00:00.000Z,172.505,172.525,172.368,172.427,9486
2025-09-10T21:00:00.000Z,172.195,172.498,172.195,172.444,7323
2025-09-11T01:00:00.000Z,172.445,172.529,172.351,172.494,9096
2025-09-11T05:00:00.000Z,172.495,172.905,172.419,172.872,16398
2025-09-11T09:00:00.000Z,172.871,172.965,172.512,172.838,20469
2025-09-11T13:00:00.000Z,172.839,173.051,172.504,172.601,24408
2025-09-11T17:00:00.000Z,172.6,172.833,172.578,172.769,10207
2025-09-11T21:00:00.000Z,172.642,172.86,172.597,172.751,6308
2025-09-12T01:00:00.000Z,172.755,173.009,172.699,172.959,9213
2025-09-12T05:00:00.000Z,172.964,173.385,172.779,173.303,17600
2025-09-12T09:00:00.000Z,173.302,173.435,173.154,173.172,18494
2025-09-12T13:00:00.000Z,173.174,173.264,172.929,173.196,19489
2025-09-12T17:00:00.000Z,173.199,173.272,173.088,173.247,8987
2025-09-14T21:00:00.000Z,173.153,173.336,172.979,173.02,5037
2025-09-15T01:00:00.000Z,173.021,173.098,172.889,172.957,6867
2025-09-15T05:00:00.000Z,172.951,173.108,172.9,173.009,13338
2025-09-15T09:00:00.000Z,173.004,173.44,172.98,173.325,14027
2025-09-15T13:00:00.000Z,173.323,173.387,173.179,173.24,16095
2025-09-15T17:00:00.000Z,173.241,173.446,173.239,173.347,9414
2025-09-15T21:00:00.000Z,173.205,173.427,173.096,173.413,7026
2025-09-16T01:00:00.000Z,173.414,173.49,173.096,173.131,12312
2025-09-16T05:00:00.000Z,173.13,173.454,173.018,173.375,18063
2025-09-16T09:00:00.000Z,173.378,173.685,173.369,173.641,20297
2025-09-16T13:00:00.000Z,173.639,173.788,173.46,173.641,23314
2025-09-16T17:00:00.000Z,173.634,173.81,173.588,173.763,11932
2025-09-16T21:00:00.000Z,173.524,173.843,173.506,173.758,7240
2025-09-17T01:00:00.000Z,173.76,173.767,173.589,173.601,8674
2025-09-17T05:00:00.000Z,173.607,173.753,173.446,173.49,14087
2025-09-17T09:00:00.000Z,173.489,173.521,173.083,173.359,14472
2025-09-17T13:00:00.000Z,173.363,173.449,173.267,173.39,15551
2025-09-17T17:00:00.000Z,173.391,173.77,173.172,173.644,29530
2025-09-17T21:00:00.000Z,173.477,173.751,173.435,173.725,10418
2025-09-18T01:00:00.000Z,173.721,173.794,173.608,173.625,12465
2025-09-18T05:00:00.000Z,173.626,174.465,173.599,174.378,20392
2025-09-18T09:00:00.000Z,174.377,174.432,174.085,174.322,20049
2025-09-18T13:00:00.000Z,174.312,174.421,174.13,174.285,25726
2025-09-18T17:00:00.000Z,174.284,174.417,174.248,174.37,10486
2025-09-18T21:00:00.000Z,174.158,174.497,174.148,174.455,7649
2025-09-19T01:00:00.000Z,174.453,174.456,173.475,173.699,17870
2025-09-19T05:00:00.000Z,173.697,174.162,173.574,173.896,23098
2025-09-19T09:00:00.000Z,173.893,174.058,173.762,173.885,16771
2025-09-19T13:00:00.000Z,173.884,173.993,173.647,173.772,21165
2025-09-19T17:00:00.000Z,173.775,173.87,173.728,173.755,9051
2025-09-21T21:00:00.000Z,173.607,173.914,173.586,173.865,8157
2025-09-22T01:00:00.000Z,173.86,174.074,173.84,173.955,12243
2025-09-22T05:00:00.000Z,173.954,174.065,173.831,173.918,16062
2025-09-22T09:00:00.000Z,173.92,174.27,173.878,174.21,16808
2025-09-22T13:00:00.000Z,174.209,174.268,173.976,174.164,17831
2025-09-22T17:00:00.000Z,174.166,174.366,174.133,174.318,8558
2025-09-22T21:00:00.000Z,174.146,174.384,174.102,174.336,6890
2025-09-23T01:00:00.000Z,174.334,174.488,174.299,174.362,11091
2025-09-23T05:00:00.000Z,174.366,174.418,174.047,174.162,16398
2025-09-23T09:00:00.000Z,174.16,174.388,174.103,174.324,15919
2025-09-23T13:00:00.000Z,174.321,174.47,174.209,174.438,20396
2025-09-23T17:00:00.000Z,174.437,174.452,174.224,174.448,12079
2025-09-23T21:00:00.000Z,174.242,174.532,174.208,174.425,10049
2025-09-24T01:00:00.000Z,174.423,174.644,174.297,174.565,12540
2025-09-24T05:00:00.000Z,174.565,174.627,174.333,174.531,15519
2025-09-24T09:00:00.000Z,174.532,174.586,174.357,174.572,16098
2025-09-24T13:00:00.000Z,174.573,174.695,174.448,174.534,19897
2025-09-24T17:00:00.000Z,174.532,174.777,174.522,174.763,8689
2025-09-24T21:00:00.000Z,174.615,174.785,174.489,174.529,7765
2025-09-25T01:00:00.000Z,174.528,174.779,174.52,174.636,10178
2025-09-25T05:00:00.000Z,174.633,174.865,174.501,174.659,14827
2025-09-25T09:00:00.000Z,174.662,174.827,174.417,174.581,17058
2025-09-25T13:00:00.000Z,174.583,174.935,174.522,174.831,23690
2025-09-25T17:00:00.000Z,174.84,174.856,174.543,174.692,11978
2025-09-25T21:00:00.000Z,174.517,174.847,174.484,174.695,10829
2025-09-26T01:00:00.000Z,174.707,174.854,174.652,174.777,10359
2025-09-26T05:00:00.000Z,174.781,175.008,174.745,174.911,14457
2025-09-26T09:00:00.000Z,174.912,174.969,174.705,174.801,16077
2025-09-26T13:00:00.000Z,174.806,175.046,174.761,174.86,21784
2025-09-26T17:00:00.000Z,174.859,175.002,174.811,174.945,9136
2025-09-28T21:00:00.000Z,174.81,175.008,174.788,174.854,8024
2025-09-29T01:00:00.000Z,174.855,174.887,174.584,174.668,11260
2025-09-29T05:00:00.000Z,174.672,174.749,173.981,174.125,15735
2025-09-29T09:00:00.000Z,174.124,174.614,174.049,174.605,15027
2025-09-29T13:00:00.000Z,174.603,174.643,174.176,174.272,17164
2025-09-29T17:00:00.000Z,174.273,174.375,174.142,174.264,8166
2025-09-29T21:00:00.000Z,174.168,174.413,174.139,174.396,7601
2025-09-30T01:00:00.000Z,174.395,174.4,173.957,174.052,10831
2025-09-30T05:00:00.000Z,174.05,174.123,173.688,173.808,17336
2025-09-30T09:00:00.000Z,173.806,173.918,173.565,173.653,13935
2025-09-30T13:00:00.000Z,173.655,173.699,173.376,173.689,21363
2025-09-30T17:00:00.000Z,173.688,173.72,173.529,173.573,10724
2025-09-30T21:00:00.000Z,173.382,173.91,173.382,173.815,7656
2025-10-01T01:00:00.000Z,173.816,173.834,173.472,173.49,8970
2025-10-01T05:00:00.000Z,173.489,173.572,172.8,172.855,19425
2025-10-01T09:00:00.000Z,172.855,172.914,172.292,172.469,20008
2025-10-01T13:00:00.000Z,172.463,172.659,172.341,172.513,23327
2025-10-01T17:00:00.000Z,172.514,172.66,172.493,172.503,10230
2025-10-01T21:00:00.000Z,172.373,172.742,172.212,172.65,7245
2025-10-02T01:00:00.000Z,172.651,172.764,172.502,172.694,8609
2025-10-02T05:00:00.000Z,172.693,172.974,172.459,172.535,16012
2025-10-02T09:00:00.000Z,172.544,172.806,172.272,172.73,14955
2025-10-02T13:00:00.000Z,172.725,172.74,172.261,172.398,20104
2025-10-02T17:00:00.000Z,172.397,172.565,172.374,172.509,7342
2025-10-02T21:00:00.000Z,172.372,172.765,172.368,172.756,6070
2025-10-03T01:00:00.000Z,172.76,173.209,172.627,173.1,9627
2025-10-03T05:00:00.000Z,173.099,173.186,172.906,172.964,13949
2025-10-03T09:00:00.000Z,172.963,173.007,172.762,172.878,11934
2025-10-03T13:00:00.000Z,172.877,173.24,172.703,173.162,18188
2025-10-03T17:00:00.000Z,173.163,173.168,173.007,173.112,8683
2025-10-05T21:00:00.000Z,175.132,175.498,174.73,175.392,16889
2025-10-06T01:00:00.000Z,175.399,176.234,175.296,176.166,14785
2025-10-06T05:00:00.000Z,176.173,176.249,174.893,175.445,22160
2025-10-06T09:00:00.000Z,175.394,175.589,174.962,175.078,19792
2025-10-06T13:00:00.000Z,175.081,175.866,175.052,175.863,19661
2025-10-06T17:00:00.000Z,175.862,176.124,175.774,176.085,8992
2025-10-06T21:00:00.000Z,175.836,176.338,175.822,176.2,9138
2025-10-07T01:00:00.000Z,176.206,176.258,175.865,175.956,8721
2025-10-07T05:00:00.000Z,175.955,176.101,175.779,175.907,15209
2025-10-07T09:00:00.000Z,175.905,176.055,175.786,175.966,14576
2025-10-07T13:00:00.000Z,175.967,176.717,175.888,176.591,21132
2025-10-07T17:00:00.000Z,176.589,177.147,176.588,177.055,13365
2025-10-07T21:00:00.000Z,176.978,177.452,176.928,177.393,9282
2025-10-08T01:00:00.000Z,177.396,177.432,176.958,177.031,12539
2025-10-08T05:00:00.000Z,177.037,177.45,176.89,177.401,18081
2025-10-08T09:00:00.000Z,177.403,177.85,177.354,177.399,16757
2025-10-08T13:00:00.000Z,177.398,177.593,177.178,177.272,18637
2025-10-08T17:00:00.000Z,177.273,177.62,177.263,177.565,11825
2025-10-08T21:00:00.000Z,177.478,177.699,177.306,177.698,10446
2025-10-09T01:00:00.000Z,177.706,177.783,177.406,177.553,10540
2025-10-09T05:00:00.000Z,177.552,177.933,177.384,177.435,17757
2025-10-09T09:00:00.000Z,177.44,177.503,177.23,177.411,16910
2025-10-09T13:00:00.000Z,177.408,177.474,176.72,176.835,25312
2025-10-09T17:00:00.000Z,176.837,177.024,176.791,177.003,13654
2025-10-09T21:00:00.000Z,176.895,177.149,176.882,176.94,9262
2025-10-10T01:00:00.000Z,176.939,177.016,176.645,176.793,10645
2025-10-10T05:00:00.000Z,176.794,177.082,176.33,176.754,19310
2025-10-10T09:00:00.000Z,176.753,176.921,176.436,176.544,15812
2025-10-10T13:00:00.000Z,176.542,176.692,176.169,176.288,28894
2025-10-10T17:00:00.000Z,176.281,176.322,175.716,175.722,17905
2025-10-12T21:00:00.000Z,176.233,176.517,176.122,176.374,15295
2025-10-13T01:00:00.000Z,176.377,176.617,176.374,176.521,11630
2025-10-13T05:00:00.000Z,176.519,176.909,176.334,176.488,18430
2025-10-13T09:00:00.000Z,176.487,176.558,175.896,176.086,15978
2025-10-13T13:00:00.000Z,176.08,176.29,175.989,176.265,16867
2025-10-13T17:00:00.000Z,176.266,176.325,176.139,176.175,8499
2025-10-13T21:00:00.000Z,175.977,176.372,175.977,176.263,10040
2025-10-14T01:00:00.000Z,176.264,176.446,175.838,176.029,15769
2025-10-14T05:00:00.000Z,176.032,176.034,175.349,175.664,24668
2025-10-14T09:00:00.000Z,175.663,175.864,175.498,175.695,20061
2025-10-14T13:00:00.000Z,175.694,176.279,175.684,176.155,27325
2025-10-14T17:00:00.000Z,176.151,176.231,175.967,176.169,14083
2025-10-14T21:00:00.000Z,176.02,176.293,175.879,175.969,10332
2025-10-15T01:00:00.000Z,175.958,176.006,175.504,175.72,13846
2025-10-15T05:00:00.000Z,175.719,176.164,175.435,175.9,18475
2025-10-15T09:00:00.000Z,175.899,176.254,175.893,176.161,17790
2025-10-15T13:00:00.000Z,176.162,176.298,175.837,175.984,22660
2025-10-15T17:00:00.000Z,175.985,176.149,175.809,175.943,13817
2025-10-15T21:00:00.000Z,175.806,175.999,175.502,175.768,11134
2025-10-16T01:00:00.000Z,175.77,176.131,175.666,176.049,14039
2025-10-16T05:00:00.000Z,176.052,176.358,175.866,176.328,20174
2025-10-16T09:00:00.000Z,176.329,176.453,176.041,176.183,18343
2025-10-16T13:00:00.000Z,176.185,176.321,175.442,175.616,27498
2025-10-16T17:00:00.000Z,175.621,175.852,175.539,175.802,21090
2025-10-16T21:00:00.000Z,175.644,175.869,175.523,175.864,12069
2025-10-17T01:00:00.000Z,175.866,175.967,175.548,175.603,16367
2025-10-17T05:00:00.000Z,175.602,175.666,174.811,175.186,26774
2025-10-17T09:00:00.000Z,175.187,175.748,175.023,175.59,25733
2025-10-17T13:00:00.000Z,175.593,175.675,175.241,175.535,28924
2025-10-17T17:00:00.000Z,175.532,175.643,175.443,175.45,15191
2025-10-19T21:00:00.000Z,175.342,176.069,175.259,176.054,11753
2025-10-20T01:00:00.000Z,176.055,176.362,175.631,175.766,13460
2025-10-20T05:00:00.000Z,175.765,175.917,175.592,175.627,19518
2025-10-20T09:00:00.000Z,175.625,175.833,175.237,175.578,19672
2025-10-20T13:00:00.000Z,175.583,175.704,175.426,175.525,20442
2025-10-20T17:00:00.000Z,175.538,175.635,175.404,175.503,10044
2025-10-20T21:00:00.000Z,175.297,175.644,175.297,175.557,8896
2025-10-21T01:00:00.000Z,175.559,175.922,175.385,175.789,15050
2025-10-21T05:00:00.000Z,175.787,176.242,175.586,176.184,24184
2025-10-21T09:00:00.000Z,176.183,176.611,176.159,176.52,20820
2025-10-21T13:00:00.000Z,176.519,176.565,175.836,176.283,25088
2025-10-21T17:00:00.000Z,176.281,176.377,176.153,176.211,10335
2025-10-21T21:00:00.000Z,176.114,176.262,175.952,175.956,9075
2025-10-22T01:00:00.000Z,175.946,176.273,175.844,176.175,11645
2025-10-22T05:00:00.000Z,176.174,176.37,175.862,175.917,19799
2025-10-22T09:00:00.000Z,175.916,176.035,175.761,175.973,19748
2025-10-22T13:00:00.000Z,175.974,176.383,175.97,176.334,24006
2025-10-22T17:00:00.000Z,176.339,176.427,176.087,176.392,14503
2025-10-22T21:00:00.000Z,176.272,176.631,176.272,176.553,9673
2025-10-23T01:00:00.000Z,176.556,176.837,176.531,176.774,10401
2025-10-23T05:00:00.000Z,176.775,177.011,176.669,176.964,15913
2025-10-23T09:00:00.000Z,176.965,177.042,176.864,176.949,15784
2025-10-23T13:00:00.000Z,176.95,177.441,176.885,177.254,20066
2025-10-23T17:00:00.000Z,177.253,177.31,177.163,177.267,9714
2025-10-23T21:00:00.000Z,177.111,177.358,177.111,177.343,7306
2025-10-24T01:00:00.000Z,177.344,177.523,177.301,177.463,11313
2025-10-24T05:00:00.000Z,177.464,177.695,177.295,177.572,16945
2025-10-24T09:00:00.000Z,177.561,177.669,177.221,177.618,17555
2025-10-24T13:00:00.000Z,177.619,177.824,177.555,177.682,20555
2025-10-24T17:00:00.000Z,177.68,177.767,177.622,177.734,8972
2025-10-26T21:00:00.000Z,177.669,178.141,177.653,177.882,11060
2025-10-27T01:00:00.000Z,177.883,178.026,177.788,178.01,11224
2025-10-27T05:00:00.000Z,178.011,178.108,177.633,177.693,16515
2025-10-27T09:00:00.000Z,177.692,177.961,177.622,177.923,16128
2025-10-27T13:00:00.000Z,177.921,178.226,177.881,178.06,18178
2025-10-27T17:00:00.000Z,178.062,178.157,177.977,178.008,9601
2025-10-27T21:00:00.000Z,177.897,178.003,177.66,177.736,8093
2025-10-28T01:00:00.000Z,177.739,177.759,177.155,177.179,14528
2025-10-28T05:00:00.000Z,177.18,177.53,177.022,177.052,19799
2025-10-28T09:00:00.000Z,177.053,177.317,176.988,177.081,16380
2025-10-28T13:00:00.000Z,177.085,177.556,177.035,177.474,20472
2025-10-28T17:00:00.000Z,177.476,177.503,177.153,177.231,10236
2025-10-28T21:00:00.000Z,177.166,177.313,176.653,176.715,10379
2025-10-29T01:00:00.000Z,176.718,177.128,176.629,176.918,12495
2025-10-29T05:00:00.000Z,176.921,177.399,176.84,177.055,17305
2025-10-29T09:00:00.000Z,177.057,177.354,177.011,177.11,17116
2025-10-29T13:00:00.000Z,177.111,177.404,176.765,177.359,21129
2025-10-29T17:00:00.000Z,177.358,177.588,177.048,177.148,23097
2025-10-29T21:00:00.000Z,176.99,177.386,176.99,177.245,9742
2025-10-30T01:00:00.000Z,177.247,177.889,176.812,177.705,19801
2025-10-30T05:00:00.000Z,177.718,178.699,177.594,178.621,21290
2025-10-30T09:00:00.000Z,178.623,178.818,178.219,178.293,18922
2025-10-30T13:00:00.000Z,178.305,178.608,178.183,178.283,23858
2025-10-30T17:00:00.000Z,178.282,178.331,178.141,178.294,10657
2025-10-30T21:00:00.000Z,178.181,178.314,178.033,178.121,8292
2025-10-31T01:00:00.000Z,178.12,178.224,177.835,178.142,11648
2025-10-31T05:00:00.000Z,178.138,178.556,177.966,178.478,16567
2025-10-31T09:00:00.000Z,178.479,178.533,177.915,178.12,15461
2025-10-31T13:00:00.000Z,178.121,178.164,177.447,177.703,24162
2025-10-31T17:00:00.000Z,177.706,177.758,177.531,177.706,11437
2025-11-02T22:00:00.000Z,177.552,177.866,177.513,177.644,12021
2025-11-03T02:00:00.000Z,177.648,177.789,177.605,177.773,8182
2025-11-03T06:00:00.000Z,177.774,177.973,177.368,177.508,14421
2025-11-03T10:00:00.000Z,177.511,177.613,177.411,177.55,13245
2025-11-03T14:00:00.000Z,177.551,177.772,177.181,177.688,17347
2025-11-03T18:00:00.000Z,177.689,177.735,177.57,177.633,7918
2025-11-03T22:00:00.000Z,177.585,177.666,177.483,177.628,9299
2025-11-04T02:00:00.000Z,177.629,177.643,176.942,176.981,11614
2025-11-04T06:00:00.000Z,176.979,177.11,176.463,176.517,19310
2025-11-04T10:00:00.000Z,176.516,176.708,176.241,176.271,16246
2025-11-04T14:00:00.000Z,176.268,176.451,176.086,176.376,16958
2025-11-04T18:00:00.000Z,176.374,176.458,176.294,176.421,9015
2025-11-04T22:00:00.000Z,176.386,176.533,175.696,175.971,12724
2025-11-05T02:00:00.000Z,175.977,176.474,175.872,176.417,12154
2025-11-05T06:00:00.000Z,176.416,176.61,176.306,176.498,15061
2025-11-05T10:00:00.000Z,176.499,176.796,176.392,176.666,15107
2025-11-05T14:00:00.000Z,176.664,177.137,176.634,176.883,19789
2025-11-05T18:00:00.000Z,176.884,177.119,176.831,177.101,7825
2025-11-05T22:00:00.000Z,177.038,177.154,176.888,177.058,8718
2025-11-06T02:00:00.000Z,177.051,177.199,176.987,177.114,8603
2025-11-06T06:00:00.000Z,177.103,177.21,176.859,176.983,14166
2025-11-06T10:00:00.000Z,176.982,177.177,176.883,177.073,14898
2025-11-06T14:00:00.000Z,177.072,177.122,176.275,176.587,21570
2025-11-06T18:00:00.000Z,176.584,176.864,176.526,176.751,11317
2025-11-06T22:00:00.000Z,176.542,176.888,176.503,176.677,13125
2025-11-07T02:00:00.000Z,176.682,176.885,176.519,176.867,10226
2025-11-07T06:00:00.000Z,176.876,177.14,176.873,177.1,13874
2025-11-07T10:00:00.000Z,177.096,177.412,176.862,177.393,15766
2025-11-07T14:00:00.000Z,177.4,177.6,177.163,177.285,21099
2025-11-07T18:00:00.000Z,177.286,177.521,177.163,177.394,12407
2025-11-09T22:00:00.000Z,177.571,177.823,177.322,177.798,16357
2025-11-10T02:00:00.000Z,177.797,178.071,177.738,177.978,13252
2025-11-10T06:00:00.000Z,177.976,178.446,177.935,178.334,18500
2025-11-10T10:00:00.000Z,178.333,178.386,178.168,178.208,13878
2025-11-10T14:00:00.000Z,178.209,178.225,177.732,177.974,17856
2025-11-10T18:00:00.000Z,177.973,178.161,177.944,178.132,8502
2025-11-10T22:00:00.000Z,177.902,178.392,177.9,178.313,11366
2025-11-11T02:00:00.000Z,178.311,178.392,178.174,178.191,9915
2025-11-11T06:00:00.000Z,178.188,178.515,178.104,178.476,14262
2025-11-11T10:00:00.000Z,178.477,178.562,178.252,178.391,14641
2025-11-11T14:00:00.000Z,178.39,178.739,178.345,178.645,17924
2025-11-11T18:00:00.000Z,178.642,178.694,178.503,178.53,7156
2025-11-11T22:00:00.000Z,178.492,178.734,178.423,178.629,11921
2025-11-12T02:00:00.000Z,178.636,179.137,178.614,179.014,11241
2025-11-12T06:00:00.000Z,179.012,179.287,179.006,179.147,16847
2025-11-12T10:00:00.000Z,179.152,179.303,179.098,179.292,16041
2025-11-12T14:00:00.000Z,179.291,179.445,179.142,179.219,18556
2025-11-12T18:00:00.000Z,179.22,179.43,179.138,179.421,8633
2025-11-12T22:00:00.000Z,179.384,179.495,179.238,179.32,12613
2025-11-13T02:00:00.000Z,179.321,179.495,179.216,179.458,10999
2025-11-13T06:00:00.000Z,179.459,179.808,179.341,179.501,19067
2025-11-13T10:00:00.000Z,179.503,179.745,179.447,179.705,18171
2025-11-13T14:00:00.000Z,179.704,179.925,179.399,179.795,25662
2025-11-13T18:00:00.000Z,179.794,179.828,179.655,179.771,14067
2025-11-13T22:00:00.000Z,179.778,179.941,179.654,179.735,13353
2025-11-14T02:00:00.000Z,179.732,179.933,179.672,179.931,12875
2025-11-14T06:00:00.000Z,179.932,179.965,179.635,179.775,22727
2025-11-14T10:00:00.000Z,179.771,179.787,178.973,179.317,24035
2025-11-14T14:00:00.000Z,179.32,179.696,179.169,179.598,26471
2025-11-14T18:00:00.000Z,179.599,179.639,179.469,179.561,13051
2025-11-16T22:00:00.000Z,179.479,179.639,179.254,179.402,12616
2025-11-17T02:00:00.000Z,179.401,179.55,179.344,179.438,10180
2025-11-17T06:00:00.000Z,179.437,179.713,179.426,179.533,16298
2025-11-17T10:00:00.000Z,179.534,179.636,179.453,179.529,17269
2025-11-17T14:00:00.000Z,179.527,180.013,179.486,179.881,20121
2025-11-17T18:00:00.000Z,179.88,179.937,179.742,179.926,13528
2025-11-17T22:00:00.000Z,179.763,180.015,179.761,179.886,11607
2025-11-18T02:00:00.000Z,179.885,179.964,179.597,179.859,16483
2025-11-18T06:00:00.000Z,179.86,179.954,179.626,179.898,24080
2025-11-18T10:00:00.000Z,179.897,180.091,179.8,179.944,20452
2025-11-18T14:00:00.000Z,179.945,180.219,179.78,180.215,28046
2025-11-18T18:00:00.000Z,180.215,180.287,180.044,180.073,14473
2025-11-18T22:00:00.000Z,179.946,180.168,179.946,180.008,13165
2025-11-19T02:00:00.000Z,180.01,180.054,179.771,180.05,14901
2025-11-19T06:00:00.000Z,180.052,180.496,180.015,180.486,18206
2025-11-19T10:00:00.000Z,180.487,180.974,180.417,180.857,19544
2025-11-19T14:00:00.000Z,180.858,180.994,180.598,180.781,26381
2025-11-19T18:00:00.000Z,180.782,181.339,180.723,181.324,16246
2025-11-19T22:00:00.000Z,181.291,181.424,180.96,181.403,14135
2025-11-20T02:00:00.000Z,181.404,181.453,181.114,181.441,14588
2025-11-20T06:00:00.000Z,181.442,181.725,181.01,181.194,19909
2025-11-20T10:00:00.000Z,181.193,181.795,181.145,181.649,20759
2025-11-20T14:00:00.000Z,181.648,182.002,181.42,181.603,33219
2025-11-20T18:00:00.000Z,181.602,181.833,181.486,181.503,19040
2025-11-20T22:00:00.000Z,181.392,181.643,181.28,181.626,15419
2025-11-21T02:00:00.000Z,181.588,181.65,181.262,181.368,16273
2025-11-21T06:00:00.000Z,181.371,181.442,180.658,180.674,23023
2025-11-21T10:00:00.000Z,180.664,180.723,180.296,180.666,27069
2025-11-21T14:00:00.000Z,180.668,180.679,179.764,180.143,31888
2025-11-21T18:00:00.000Z,180.14,180.25,179.975,180.034,16087
2025-11-23T22:00:00.000Z,179.99,180.402,179.977,180.385,11921
2025-11-24T02:00:00.000Z,180.386,180.45,180.318,180.414,9965
2025-11-24T06:00:00.000Z,180.418,180.922,180.41,180.724,17507
2025-11-24T10:00:00.000Z,180.723,181.261,180.693,181.053,18002
2025-11-24T14:00:00.000Z,181.051,181.205,180.649,180.698,20575
2025-11-24T18:00:00.000Z,180.696,180.781,180.644,180.761,9227
2025-11-24T22:00:00.000Z,180.672,180.852,180.471,180.548,10807
2025-11-25T02:00:00.000Z,180.549,180.637,180.422,180.502,9540
2025-11-25T06:00:00.000Z,180.507,180.586,180.092,180.27,17013
2025-11-25T10:00:00.000Z,180.275,180.849,180.215,180.473,20287
2025-11-25T14:00:00.000Z,180.47,180.704,180.366,180.562,26744
2025-11-25T18:00:00.000Z,180.566,180.605,180.483,180.577,11549
2025-11-25T22:00:00.000Z,180.367,180.952,180.36,180.537,13628
2025-11-26T02:00:00.000Z,180.535,180.971,180.344,180.946,14893
2025-11-26T06:00:00.000Z,180.95,181.26,180.907,181.042,18652
2025-11-26T10:00:00.000Z,181.045,181.242,180.929,180.976,22816
2025-11-26T14:00:00.000Z,180.975,181.454,180.904,181.314,22773
2025-11-26T18:00:00.000Z,181.315,181.434,181.269,181.407,8856
2025-11-26T22:00:00.000Z,181.177,181.396,180.749,181.159,11307
2025-11-27T02:00:00.000Z,181.162,181.33,180.794,180.971,10563
2025-11-27T06:00:00.000Z,180.973,181.264,180.925,181.016,15583
2025-11-27T10:00:00.000Z,181.018,181.231,180.961,181.185,14028
2025-11-27T14:00:00.000Z,181.184,181.306,181.136,181.26,10526
2025-11-27T18:00:00.000Z,181.257,181.296,181.204,181.23,2920
2025-11-27T22:00:00.000Z,181.136,181.513,181.124,181.128,10841
2025-11-28T02:00:00.000Z,181.129,181.26,180.82,181.181,37560
2025-11-28T06:00:00.000Z,181.189,181.257,180.736,180.839,42701
2025-11-28T10:00:00.000Z,180.84,180.897,180.522,180.583,35662
2025-11-28T14:00:00.000Z,180.581,181.238,180.578,181.238,21586
2025-11-28T18:00:00.000Z,181.267,181.267,181.002,181.055,12550
2025-11-30T22:00:00.000Z,180.889,181.157,180.54,180.62,15126
2025-12-01T02:00:00.000Z,180.621,180.634,180.187,180.451,10966
2025-12-01T06:00:00.000Z,180.45,180.638,180.277,180.47,19022
2025-12-01T10:00:00.000Z,180.473,180.633,180.13,180.307,21672
2025-12-01T14:00:00.000Z,180.308,180.593,180.162,180.521,22938
2025-12-01T18:00:00.000Z,180.523,180.595,180.444,180.493,10533
2025-12-01T22:00:00.000Z,180.384,180.772,180.378,180.672,8355
2025-12-02T02:00:00.000Z,180.671,180.773,180.628,180.706,7324
2025-12-02T06:00:00.000Z,180.705,181.181,180.7,181.072,14863
2025-12-02T10:00:00.000Z,181.073,181.294,180.97,181.201,15674
2025-12-02T14:00:00.000Z,181.202,181.354,180.75,181.003,22261
2025-12-02T18:00:00.000Z,181,181.189,180.976,181.166,10800
2025-12-02T22:00:00.000Z,181.03,181.233,181.003,181.13,7467
2025-12-03T02:00:00.000Z,181.132,181.285,181.114,181.264,6527
2025-12-03T06:00:00.000Z,181.265,181.318,181.106,181.226,15265
2025-12-03T10:00:00.000Z,181.227,181.453,181.187,181.394,16511
2025-12-03T14:00:00.000Z,181.397,181.415,180.795,181.003,22807
2025-12-03T18:00:00.000Z,181.004,181.168,181.003,181.155,9916
2025-12-03T22:00:00.000Z,181.138,181.191,180.816,181.079,9759
2025-12-04T02:00:00.000Z,181.076,181.286,180.955,180.981,10621
2025-12-04T06:00:00.000Z,180.979,181.15,180.701,180.784,17106
2025-12-04T10:00:00.000Z,180.789,180.824,180.397,180.571,18630
2025-12-04T14:00:00.000Z,180.573,180.671,180.396,180.592,20149
2025-12-04T18:00:00.000Z,180.599,180.65,180.529,180.63,11023
2025-12-04T22:00:00.000Z,180.459,180.766,180.439,180.642,8451
2025-12-05T02:00:00.000Z,180.642,180.725,180.164,180.245,9949
2025-12-05T06:00:00.000Z,180.242,180.551,180.086,180.544,17440
2025-12-05T10:00:00.000Z,180.543,180.838,180.536,180.826,16280
2025-12-05T14:00:00.000Z,180.827,180.921,180.651,180.811,23639
2025-12-05T18:00:00.000Z,180.812,180.867,180.755,180.843,11074
2025-12-07T22:00:00.000Z,180.538,180.868,180.5,180.501,14260
2025-12-08T02:00:00.000Z,180.496,180.964,180.49,180.898,12394
2025-12-08T06:00:00.000Z,180.897,181.205,180.883,181.103,19643
2025-12-08T10:00:00.000Z,181.102,181.331,181.07,181.278,18781
2025-12-08T14:00:00.000Z,181.276,181.431,181.067,181.273,24833
2025-12-08T18:00:00.000Z,181.274,181.489,181.226,181.439,10875
2025-12-08T22:00:00.000Z,181.226,181.585,181.219,181.454,11123
2025-12-09T02:00:00.000Z,181.459,181.771,181.405,181.725,11936
2025-12-09T06:00:00.000Z,181.727,182.144,181.611,181.871,21114
2025-12-09T10:00:00.000Z,181.872,182.014,181.665,181.895,21685
2025-12-09T14:00:00.000Z,181.894,182.641,181.877,182.397,25998
2025-12-09T18:00:00.000Z,182.398,182.48,182.281,182.398,9866
2025-12-09T22:00:00.000Z,182.148,182.441,182.11,182.149,10940
2025-12-10T02:00:00.000Z,182.148,182.247,182.002,182.241,8973
2025-12-10T06:00:00.000Z,182.24,182.612,182.237,182.478,16869
2025-12-10T10:00:00.000Z,182.477,182.495,182.178,182.222,19606
2025-12-10T14:00:00.000Z,182.22,182.288,182.047,182.227,21541
2025-12-10T18:00:00.000Z,182.228,182.546,182.133,182.487,25106
2025-12-10T22:00:00.000Z,182.098,182.49,182.055,182.214,14859
2025-12-11T02:00:00.000Z,182.212,182.385,181.924,182.36,15839
2025-12-11T06:00:00.000Z,182.363,182.549,182.273,182.393,21549
2025-12-11T10:00:00.000Z,182.392,182.54,182.121,182.158,24335
2025-12-11T14:00:00.000Z,182.159,182.569,181.874,182.484,27907
2025-12-11T18:00:00.000Z,182.483,182.742,182.475,182.589,13649
2025-12-11T22:00:00.000Z,182.594,182.846,182.518,182.668,13948
2025-12-12T02:00:00.000Z,182.669,182.816,182.634,182.814,12001
2025-12-12T06:00:00.000Z,182.816,182.94,182.595,182.896,20557
2025-12-12T10:00:00.000Z,182.898,183.005,182.678,182.994,19462
2025-12-12T14:00:00.000Z,182.993,183.153,182.674,183.005,27711
2025-12-12T18:00:00.000Z,183.003,183.05,182.889,182.923,13207
2025-12-14T22:00:00.000Z,182.801,182.998,182.695,182.702,12270
2025-12-15T02:00:00.000Z,182.713,182.748,181.92,181.921,14826
2025-12-15T06:00:00.000Z,181.92,182.183,181.83,181.977,19667
2025-12-15T10:00:00.000Z,181.978,182.332,181.942,182.265,16469
2025-12-15T14:00:00.000Z,182.266,182.613,182.076,182.419,24444
2025-12-15T18:00:00.000Z,182.418,182.454,182.34,182.398,9792
2025-12-15T22:00:00.000Z,182.296,182.444,181.924,181.984,15969
2025-12-16T02:00:00.000Z,181.986,182.09,181.775,181.94,15518
2025-12-16T06:00:00.000Z,181.941,182.161,181.909,182.026,19344
2025-12-16T10:00:00.000Z,182.036,182.302,181.942,182.183,23192
2025-12-16T14:00:00.000Z,182.184,182.467,181.956,181.961,31115
2025-12-16T18:00:00.000Z,181.96,181.982,181.709,181.782,15828
2025-12-16T22:00:00.000Z,181.672,181.904,181.565,181.698,14327
2025-12-17T02:00:00.000Z,181.697,182.001,181.697,181.972,16570
2025-12-17T06:00:00.000Z,181.961,182.25,181.885,182.217,24310
2025-12-17T10:00:00.000Z,182.218,182.422,182.105,182.349,23458
2025-12-17T14:00:00.000Z,182.348,182.839,182.299,182.735,28502
2025-12-17T18:00:00.000Z,182.737,182.87,182.7,182.779,10518
2025-12-17T22:00:00.000Z,182.663,182.848,182.501,182.846,12971
2025-12-18T02:00:00.000Z,182.847,183.087,182.759,183.005,13634
2025-12-18T06:00:00.000Z,183.004,183.163,182.639,182.781,21222
2025-12-18T10:00:00.000Z,182.782,182.839,182.419,182.771,23436
2025-12-18T14:00:00.000Z,182.769,182.769,182.286,182.383,29668
2025-12-18T18:00:00.000Z,182.388,182.486,182.307,182.378,10637
2025-12-18T22:00:00.000Z,182.112,182.682,182.112,182.589,12168
2025-12-19T02:00:00.000Z,182.585,183.009,182.437,182.815,18030
2025-12-19T06:00:00.000Z,182.817,184.124,182.661,184.109,26670
2025-12-19T10:00:00.000Z,184.118,184.375,184.051,184.369,21397
2025-12-19T14:00:00.000Z,184.37,184.679,184.108,184.502,24204
2025-12-19T18:00:00.000Z,184.503,184.745,184.499,184.69,11628
2025-12-21T22:00:00.000Z,184.449,184.674,184.252,184.301,19194
2025-12-22T02:00:00.000Z,184.302,184.489,184.232,184.378,12383
2025-12-22T06:00:00.000Z,184.377,184.914,184.288,184.694,17750
2025-12-22T10:00:00.000Z,184.693,184.819,184.289,184.699,19084
2025-12-22T14:00:00.000Z,184.697,184.779,184.314,184.417,22301
2025-12-22T18:00:00.000Z,184.418,184.696,184.395,184.683,9416
2025-12-22T22:00:00.000Z,184.407,184.647,184.127,184.152,13796
2025-12-23T02:00:00.000Z,184.155,184.226,183.589,183.649,14796
2025-12-23T06:00:00.000Z,183.648,183.902,183.435,183.871,21182
2025-12-23T10:00:00.000Z,183.866,184.091,183.797,184.032,19267
2025-12-23T14:00:00.000Z,184.033,184.226,183.842,183.922,20896
2025-12-23T18:00:00.000Z,183.921,184.257,183.92,184.2,9519
2025-12-23T22:00:00.000Z,184.088,184.267,183.62,183.691,16076
2025-12-24T02:00:00.000Z,183.669,183.877,183.594,183.756,14930
2025-12-24T06:00:00.000Z,183.753,183.816,183.56,183.808,19115
2025-12-24T10:00:00.000Z,183.811,183.907,183.72,183.789,15203
2025-12-24T14:00:00.000Z,183.787,183.815,183.281,183.602,18220
2025-12-24T18:00:00.000Z,183.601,183.667,183.432,183.49,9223
2025-12-25T22:00:00.000Z,183.623,184.428,183.477,184.21,18298
2025-12-26T02:00:00.000Z,184.208,184.277,183.822,184.1,15680
2025-12-26T06:00:00.000Z,184.099,184.197,183.92,184.154,18061
2025-12-26T10:00:00.000Z,184.153,184.389,184.119,184.328,14583
2025-12-26T14:00:00.000Z,184.327,184.407,184.171,184.279,21457
2025-12-26T18:00:00.000Z,184.281,184.376,184.17,184.273,11453
2025-12-28T22:00:00.000Z,184.125,184.347,183.804,184.249,18786
2025-12-29T02:00:00.000Z,184.252,184.411,183.768,183.806,15476
2025-12-29T06:00:00.000Z,183.814,184.253,183.732,184.146,22253
2025-12-29T10:00:00.000Z,184.145,184.182,183.855,183.935,22755
2025-12-29T14:00:00.000Z,183.934,184.154,183.463,183.598,25061
2025-12-29T18:00:00.000Z,183.599,183.787,183.594,183.772,9659
2025-12-29T22:00:00.000Z,183.54,184.081,183.539,183.983,14449
2025-12-30T02:00:00.000Z,183.977,184.086,183.74,183.768,14587
2025-12-30T06:00:00.000Z,183.767,183.869,183.458,183.534,19231
2025-12-30T10:00:00.000Z,183.542,183.825,183.41,183.769,18708
2025-12-30T14:00:00.000Z,183.77,183.974,183.632,183.818,22132
2025-12-30T18:00:00.000Z,183.817,183.89,183.742,183.776,10976
2025-12-30T22:00:00.000Z,183.551,183.784,183.551,183.692,8895
2025-12-31T02:00:00.000Z,183.693,183.826,183.668,183.817,11052
2025-12-31T06:00:00.000Z,183.819,183.882,183.532,183.808,17091
2025-12-31T10:00:00.000Z,183.809,184.176,183.751,184.13,20226
2025-12-31T14:00:00.000Z,184.131,184.242,183.929,184.053,25333
2025-12-31T18:00:00.000Z,184.051,184.17,183.983,184.035,12011
2026-01-01T22:00:00.000Z,183.956,184.277,183.956,184.214,9349
2026-01-02T02:00:00.000Z,184.215,184.42,184.137,184.385,9203
2026-01-02T06:00:00.000Z,184.386,184.412,183.887,183.921,19251
2026-01-02T10:00:00.000Z,183.921,184.099,183.707,183.912,18619
2026-01-02T14:00:00.000Z,183.915,184.042,183.815,183.895,24928
2026-01-02T18:00:00.000Z,183.892,183.949,183.783,183.808,12329
2026-01-04T22:00:00.000Z,183.649,184.061,183.498,183.708,18150
2026-01-05T02:00:00.000Z,183.705,183.772,183.46,183.671,17078
2026-01-05T06:00:00.000Z,183.673,183.709,183.136,183.325,21770
2026-01-05T10:00:00.000Z,183.323,183.339,182.808,183.08,23541
2026-01-05T14:00:00.000Z,183.079,183.317,182.976,183.128,28868
2026-01-05T18:00:00.000Z,183.131,183.362,183.034,183.292,12967
2026-01-05T22:00:00.000Z,183.15,183.641,183.15,183.441,14252
2026-01-06T02:00:00.000Z,183.442,183.558,183.333,183.468,14205
2026-01-06T06:00:00.000Z,183.468,183.605,183.05,183.165,21582
2026-01-06T10:00:00.000Z,183.164,183.255,183.008,183.12,23125
2026-01-06T14:00:00.000Z,183.121,183.347,183.005,183.335,26938
2026-01-06T18:00:00.000Z,183.336,183.379,183.031,183.101,11878
2026-01-06T22:00:00.000Z,182.951,183.349,182.951,183.288,12467
2026-01-07T02:00:00.000Z,183.289,183.368,182.842,182.856,12856
2026-01-07T06:00:00.000Z,182.856,182.955,182.706,182.811,19734
2026-01-07T10:00:00.000Z,182.81,183.034,182.752,182.869,19903
2026-01-07T14:00:00.000Z,182.877,183.228,182.8,183.051,25907
2026-01-07T18:00:00.000Z,183.052,183.148,183.017,183.02,9816
2026-01-07T22:00:00.000Z,183.014,183.218,182.901,183.195,10072
2026-01-08T02:00:00.000Z,183.194,183.245,182.959,183.033,12482
2026-01-08T06:00:00.000Z,183.034,183.035,182.711,183.032,19864
2026-01-08T10:00:00.000Z,183.031,183.103,182.902,183.066,19366
2026-01-08T14:00:00.000Z,183.067,183.245,182.629,182.697,24829
2026-01-08T18:00:00.000Z,182.698,182.932,182.67,182.888,11065
2026-01-08T22:00:00.000Z,182.646,183.116,182.636,183.084,11135
2026-01-09T02:00:00.000Z,183.082,183.375,183.069,183.364,12615
2026-01-09T06:00:00.000Z,183.365,183.668,183.324,183.616,19430
2026-01-09T10:00:00.000Z,183.615,183.651,183.32,183.401,21341
2026-01-09T14:00:00.000Z,183.399,183.949,183.363,183.847,30974
2026-01-09T18:00:00.000Z,183.849,183.867,183.642,183.689,10822
2026-01-11T22:00:00.000Z,183.753,183.943,183.727,183.869,16051
2026-01-12T02:00:00.000Z,183.868,184.449,183.86,184.374,13545
2026-01-12T06:00:00.000Z,184.375,184.548,184.206,184.446,20258
2026-01-12T10:00:00.000Z,184.441,184.558,184.33,184.558,19549
2026-01-12T14:00:00.000Z,184.555,184.66,184.338,184.46,23063
2026-01-12T18:00:00.000Z,184.461,184.588,184.405,184.497,8622
2026-01-12T22:00:00.000Z,184.379,184.78,184.254,184.764,14889
2026-01-13T02:00:00.000Z,184.763,185.284,184.606,185.183,15293
2026-01-13T06:00:00.000Z,185.184,185.532,185.062,185.451,21119
2026-01-13T10:00:00.000Z,185.449,185.525,184.989,185.384,21751
2026-01-13T14:00:00.000Z,185.385,185.451,185.118,185.198,27316
2026-01-13T18:00:00.000Z,185.2,185.374,185.155,185.318,9589
2026-01-13T22:00:00.000Z,185.164,185.564,185.164,185.432,11968
2026-01-14T02:00:00.000Z,185.433,185.501,185.262,185.49,11435
2026-01-14T06:00:00.000Z,185.492,185.567,184.823,184.98,20903
2026-01-14T10:00:00.000Z,184.98,185.015,184.309,184.759,20621
2026-01-14T14:00:00.000Z,184.756,184.836,184.283,184.365,24487
2026-01-14T18:00:00.000Z,184.365,184.675,184.295,184.54,11249
2026-01-14T22:00:00.000Z,184.519,184.609,184.172,184.297,12437
2026-01-15T02:00:00.000Z,184.298,184.61,184.264,184.334,11313
2026-01-15T06:00:00.000Z,184.333,184.629,184.192,184.303,18235
2026-01-15T10:00:00.000Z,184.296,184.479,184.182,184.255,17387
2026-01-15T14:00:00.000Z,184.257,184.3,183.859,184.006,20985
2026-01-15T18:00:00.000Z,184.005,184.176,184.005,184.16,8844
2026-01-15T22:00:00.000Z,183.876,184.185,183.876,184.078,8702
2026-01-16T02:00:00.000Z,184.077,184.109,183.454,183.817,12432
2026-01-16T06:00:00.000Z,183.818,183.924,183.49,183.633,16263
2026-01-16T10:00:00.000Z,183.633,183.802,183.499,183.59,17122
2026-01-16T14:00:00.000Z,183.584,183.658,183.2,183.369,22935
2026-01-16T18:00:00.000Z,183.364,183.442,183.309,183.352,8514
2026-01-18T22:00:00.000Z,182.735,183.358,182.699,183.265,20759
2026-01-19T02:00:00.000Z,183.266,183.711,183.266,183.595,12541
2026-01-19T06:00:00.000Z,183.597,183.841,183.497,183.571,19595
2026-01-19T10:00:00.000Z,183.574,183.802,183.481,183.685,14390
2026-01-19T14:00:00.000Z,183.69,184.135,183.634,184.038,13025
2026-01-19T18:00:00.000Z,184.037,184.147,184.035,184.128,2934
2026-01-19T22:00:00.000Z,183.884,184.183,183.765,183.907,11853
2026-01-20T02:00:00.000Z,183.906,184.43,183.863,184.394,12855
2026-01-20T06:00:00.000Z,184.39,185.203,184.387,184.954,27699
2026-01-20T10:00:00.000Z,184.953,185.403,184.94,185.195,25599
2026-01-20T14:00:00.000Z,185.196,185.423,184.961,185.303,27317
2026-01-20T18:00:00.000Z,185.302,185.46,185.286,185.42,12595
2026-01-20T22:00:00.000Z,185.308,185.535,185.212,185.267,13120
2026-01-21T02:00:00.000Z,185.268,185.403,185.084,185.37,12523
2026-01-21T06:00:00.000Z,185.369,185.434,184.815,184.915,18461
2026-01-21T10:00:00.000Z,184.914,185.376,184.895,185.348,19255
2026-01-21T14:00:00.000Z,185.347,185.433,185.01,185.067,29176
2026-01-21T18:00:00.000Z,185.069,185.2,184.977,185.007,14968
2026-01-21T22:00:00.000Z,185.015,185.116,184.8,185.089,12751
2026-01-22T02:00:00.000Z,185.088,185.565,185.06,185.506,12818
2026-01-22T06:00:00.000Z,185.508,185.761,185.451,185.552,18635
2026-01-22T10:00:00.000Z,185.556,185.959,185.469,185.893,20174
2026-01-22T14:00:00.000Z,185.894,186.009,185.702,185.953,23464
2026-01-22T18:00:00.000Z,185.951,186.205,185.91,186.2,9186
2026-01-22T22:00:00.000Z,185.982,186.419,185.904,186.388,10202
2026-01-23T02:00:00.000Z,186.387,186.452,186.164,186.395,10397
2026-01-23T06:00:00.000Z,186.394,186.867,184.794,185.42,28198
2026-01-23T10:00:00.000Z,185.417,185.812,185.4,185.707,18799
2026-01-23T14:00:00.000Z,185.708,185.984,184.191,184.411,28338
2026-01-23T18:00:00.000Z,184.412,184.54,183.792,184.182,23111
2026-01-25T22:00:00.000Z,183.572,184.093,183.053,183.11,27250
2026-01-26T02:00:00.000Z,183.112,183.167,182.544,182.841,22522
2026-01-26T06:00:00.000Z,182.844,183.002,181.917,182.306,29645
2026-01-26T10:00:00.000Z,182.31,182.749,181.781,182.648,25084
2026-01-26T14:00:00.000Z,182.648,183.096,182.497,182.899,25731
2026-01-26T18:00:00.000Z,182.9,183.191,182.826,183.175,14980
2026-01-26T22:00:00.000Z,183.02,183.374,182.977,183.338,13827
2026-01-27T02:00:00.000Z,183.339,183.598,183.272,183.494,15384
2026-01-27T06:00:00.000Z,183.493,183.683,182.102,182.778,21496
2026-01-27T10:00:00.000Z,182.788,183.125,182.516,182.726,31161
2026-01-27T14:00:00.000Z,182.718,183.426,182.667,183.009,31949
2026-01-27T18:00:00.000Z,183.01,183.778,182.812,183.315,22378
2026-01-27T22:00:00.000Z,183.288,183.562,183.057,183.475,19495
2026-01-28T02:00:00.000Z,183.477,183.525,182.759,183.105,16753
2026-01-28T06:00:00.000Z,183.122,183.235,182.797,183.048,26847
2026-01-28T10:00:00.000Z,183.049,183.061,182.569,182.768,24019
2026-01-28T14:00:00.000Z,182.769,183.57,182.694,183.325,32034
2026-01-28T18:00:00.000Z,183.324,183.522,183.139,183.356,22960
2026-01-28T22:00:00.000Z,183.284,183.476,183.08,183.316,19315
2026-01-29T02:00:00.000Z,183.322,183.514,183.156,183.327,18193
2026-01-29T06:00:00.000Z,183.326,183.738,183.224,183.295,24353
2026-01-29T10:00:00.000Z,183.293,183.469,183.153,183.323,23303
2026-01-29T14:00:00.000Z,183.324,183.388,182.077,182.808,38555
2026-01-29T18:00:00.000Z,182.804,183.308,182.785,183.246,17370
2026-01-29T22:00:00.000Z,182.981,183.409,182.966,183.225,19842
2026-01-30T02:00:00.000Z,183.224,183.706,183.035,183.542,23887
2026-01-30T06:00:00.000Z,183.54,183.813,183.349,183.717,30899
2026-01-30T10:00:00.000Z,183.716,183.952,183.551,183.884,29115
2026-01-30T14:00:00.000Z,183.886,184.065,183.228,183.358,35936
2026-01-30T18:00:00.000Z,183.357,183.527,183.263,183.389,26135
2026-02-01T22:00:00.000Z,183.46,184.274,183.448,184.032,25789
2026-02-02T02:00:00.000Z,184.043,184.087,183.439,183.552,25237
2026-02-02T06:00:00.000Z,183.538,183.908,183.184,183.593,30699
2026-02-02T10:00:00.000Z,183.591,183.78,183.466,183.484,26220
2026-02-02T14:00:00.000Z,183.483,183.749,183.365,183.492,31561
2026-02-02T18:00:00.000Z,183.491,183.541,183.333,183.452,14316
2026-02-02T22:00:00.000Z,183.391,183.728,183.34,183.669,15158
2026-02-03T02:00:00.000Z,183.668,183.676,183.465,183.54,15647
2026-02-03T06:00:00.000Z,183.54,183.881,183.479,183.803,23009
2026-02-03T10:00:00.000Z,183.809,183.95,183.734,183.879,20542
2026-02-03T14:00:00.000Z,183.876,184.084,183.726,184,28273
2026-02-03T18:00:00.000Z,184.002,184.179,183.778,184.136,15754
2026-02-03T22:00:00.000Z,183.95,184.738,183.91,184.64,13818
2026-02-04T02:00:00.000Z,184.641,185.047,184.635,184.942,12428
2026-02-04T06:00:00.000Z,184.945,185.159,184.877,185.051,19262
2026-02-04T10:00:00.000Z,185.054,185.239,184.975,184.992,21282
2026-02-04T14:00:00.000Z,184.993,185.017,184.674,184.831,32843
2026-02-04T18:00:00.000Z,184.829,185.274,184.795,185.203,15885
2026-02-04T22:00:00.000Z,184.91,185.275,184.892,185.152,12208
2026-02-05T02:00:00.000Z,185.156,185.205,184.689,185.071,16734
2026-02-05T06:00:00.000Z,185.074,185.5,184.889,185.34,22976
2026-02-05T10:00:00.000Z,185.327,185.427,184.865,184.959,27683
2026-02-05T14:00:00.000Z,184.952,185.268,184.552,185.042,33789
2026-02-05T18:00:00.000Z,185.044,185.114,184.905,184.907,13861
2026-02-05T22:00:00.000Z,184.819,185.004,184.351,184.619,18850
2026-02-06T02:00:00.000Z,184.622,184.949,184.611,184.944,14657
2026-02-06T06:00:00.000Z,184.94,185.276,184.755,185.19,19259
2026-02-06T10:00:00.000Z,185.191,185.405,185.031,185.337,16847
2026-02-06T14:00:00.000Z,185.335,185.642,185.294,185.596,22811
2026-02-06T18:00:00.000Z,185.597,185.794,185.585,185.731,10370
2026-02-08T22:00:00.000Z,186.012,186.23,184.859,185.227,23079
2026-02-09T02:00:00.000Z,185.228,185.534,185.223,185.328,14996
2026-02-09T06:00:00.000Z,185.327,185.911,185.184,185.817,24846
2026-02-09T10:00:00.000Z,185.818,185.937,185.607,185.619,26836
2026-02-09T14:00:00.000Z,185.618,185.843,185.305,185.733,25431
2026-02-09T18:00:00.000Z,185.734,185.848,185.551,185.702,11985
2026-02-09T22:00:00.000Z,185.552,185.997,185.398,185.415,14091
2026-02-10T02:00:00.000Z,185.416,185.558,184.673,184.932,14810
2026-02-10T06:00:00.000Z,184.93,185.321,184.859,185.015,19424
2026-02-10T10:00:00.000Z,185.016,185.029,184.184,184.25,22022
2026-02-10T14:00:00.000Z,184.253,184.304,183.442,183.652,28904
2026-02-10T18:00:00.000Z,183.653,183.791,183.534,183.679,11548
2026-02-10T22:00:00.000Z,183.591,183.693,183.072,183.197,12381
2026-02-11T02:00:00.000Z,183.198,183.224,182.327,182.395,14467
2026-02-11T06:00:00.000Z,182.4,182.735,182.209,182.586,22362
2026-02-11T10:00:00.000Z,182.585,183.001,181.448,182.473,25444
2026-02-11T14:00:00.000Z,182.474,182.632,181.429,181.645,33703
2026-02-11T18:00:00.000Z,181.644,181.98,181.332,181.959,15257
2026-02-11T22:00:00.000Z,181.783,182.128,181.51,181.598,15167
2026-02-12T02:00:00.000Z,181.603,181.676,180.845,181.646,18857
2026-02-12T06:00:00.000Z,181.648,182.005,181.488,181.768,23668
2026-02-12T10:00:00.000Z,181.764,182.53,181.667,182.149,20926
2026-02-12T14:00:00.000Z,182.15,182.214,180.802,181.359,35261
2026-02-12T18:00:00.000Z,181.361,181.524,181.213,181.311,16792
2026-02-12T22:00:00.000Z,181.204,181.935,181.097,181.879,15582
2026-02-13T02:00:00.000Z,181.874,181.918,181.38,181.79,14887
2026-02-13T06:00:00.000Z,181.793,182.276,181.596,182.067,22330
2026-02-13T10:00:00.000Z,182.066,182.142,181.562,181.752,25103
2026-02-13T14:00:00.000Z,181.746,181.776,181.232,181.45,33063
2026-02-13T18:00:00.000Z,181.452,181.57,181.183,181.21,13222
2026-02-15T22:00:00.000Z,181.193,181.657,181.073,181.559,12822
2026-02-16T02:00:00.000Z,181.556,181.785,181.525,181.755,10779
2026-02-16T06:00:00.000Z,181.758,182.248,181.692,182.199,14946
2026-02-16T10:00:00.000Z,182.198,182.292,181.694,181.77,12804
2026-02-16T14:00:00.000Z,181.769,182.001,181.726,181.828,11532
2026-02-16T18:00:00.000Z,181.829,181.975,181.828,181.921,2966
2026-02-16T22:00:00.000Z,181.777,182.167,181.347,181.387,14061
2026-02-17T02:00:00.000Z,181.375,181.509,181.019,181.117,16522
2026-02-17T06:00:00.000Z,181.116,181.239,180.815,181.129,19665
2026-02-17T10:00:00.000Z,181.131,181.321,181.004,181.202,20933
2026-02-17T14:00:00.000Z,181.203,181.786,181.194,181.694,29807
2026-02-17T18:00:00.000Z,181.696,181.743,181.518,181.675,12299
2026-02-17T22:00:00.000Z,181.542,181.776,181.407,181.768,11988
2026-02-18T02:00:00.000Z,181.767,182.003,181.755,181.776,10988
2026-02-18T06:00:00.000Z,181.775,181.975,181.683,181.949,16826
2026-02-18T10:00:00.000Z,181.958,182.105,181.824,182.012,16773
2026-02-18T14:00:00.000Z,182.016,182.536,182.011,182.438,22877
2026-02-18T18:00:00.000Z,182.44,182.511,182.05,182.424,15528
2026-02-18T22:00:00.000Z,182.35,182.805,182.165,182.764,11403
2026-02-19T02:00:00.000Z,182.763,183.138,182.53,183.127,14650
2026-02-19T06:00:00.000Z,183.129,183.151,182.588,182.678,19589
2026-02-19T10:00:00.000Z,182.679,182.7,182.006,182.269,20816
2026-02-19T14:00:00.000Z,182.271,182.598,182.182,182.397,27475
2026-02-19T18:00:00.000Z,182.4,182.576,182.241,182.474,12545
2026-02-19T22:00:00.000Z,182.392,182.682,182.283,182.435,12686
2026-02-20T02:00:00.000Z,182.434,182.577,182.311,182.553,12307
2026-02-20T06:00:00.000Z,182.552,183.043,182.217,182.854,19593
2026-02-20T10:00:00.000Z,182.858,182.934,182.477,182.921,19299
2026-02-20T14:00:00.000Z,182.92,183.095,182.468,182.588,35004
2026-02-20T18:00:00.000Z,182.589,182.81,182.589,182.7,18819
2026-02-22T22:00:00.000Z,182.626,182.751,182.168,182.376,18893
2026-02-23T02:00:00.000Z,182.375,182.558,182.255,182.537,13648
2026-02-23T06:00:00.000Z,182.534,182.806,182.44,182.684,18690
2026-02-23T10:00:00.000Z,182.683,182.745,182.333,182.385,18338
2026-02-23T14:00:00.000Z,182.386,182.618,181.987,182.156,24348
2026-02-23T18:00:00.000Z,182.157,182.431,182.148,182.333,11959
2026-02-23T22:00:00.000Z,182.182,182.679,182.098,182.579,13673
2026-02-24T02:00:00.000Z,182.58,182.836,182.482,182.779,13714
2026-02-24T06:00:00.000Z,182.777,184.179,182.516,183.712,23243
2026-02-24T10:00:00.000Z,183.713,183.761,183.418,183.709,17205
2026-02-24T14:00:00.000Z,183.71,183.796,183.406,183.562,20888
2026-02-24T18:00:00.000Z,183.561,183.597,183.457,183.538,9827
2026-02-24T22:00:00.000Z,183.43,183.668,183.312,183.476,11490
2026-02-25T02:00:00.000Z,183.477,183.944,183.194,183.613,17973
2026-02-25T06:00:00.000Z,183.612,184.674,183.55,184.543,20451
2026-02-25T10:00:00.000Z,184.544,184.756,184.442,184.479,17302
2026-02-25T14:00:00.000Z,184.48,184.672,184.385,184.577,21044
2026-02-25T18:00:00.000Z,184.576,184.766,184.545,184.668,9845
2026-02-25T22:00:00.000Z,184.49,184.677,184.276,184.298,13700
2026-02-26T02:00:00.000Z,184.3,184.425,184.077,184.316,14462
2026-02-26T06:00:00.000Z,184.312,184.49,184.001,184.114,18722
2026-02-26T10:00:00.000Z,184.113,184.414,183.957,184.372,14946
2026-02-26T14:00:00.000Z,184.374,184.421,183.818,184.163,25477
2026-02-26T18:00:00.000Z,184.164,184.31,184.103,184.172,13140
2026-02-26T22:00:00.000Z,184.179,184.179,183.695,183.899,15328
2026-02-27T02:00:00.000Z,183.901,184.01,183.712,184.007,12705
2026-02-27T06:00:00.000Z,184.01,184.468,183.95,184.084,18563
2026-02-27T10:00:00.000Z,184.087,184.197,183.926,184.161,17369
2026-02-27T14:00:00.000Z,184.163,184.547,184.123,184.397,24420
2026-02-27T18:00:00.000Z,184.398,184.533,184.288,184.401,13085
2026-03-01T22:00:00.000Z,183.704,184.449,183.663,184.206,25639
2026-03-02T02:00:00.000Z,184.205,184.688,184.127,184.529,20143
2026-03-02T06:00:00.000Z,184.53,184.553,183.74,184.216,31115
2026-03-02T10:00:00.000Z,184.215,184.463,184.043,184.268,25346
2026-03-02T14:00:00.000Z,184.267,184.61,183.875,184.219,31670
2026-03-02T18:00:00.000Z,184.221,184.225,183.848,183.918,18957
2026-03-02T22:00:00.000Z,183.988,184.326,183.808,183.974,15802
2026-03-03T02:00:00.000Z,183.972,184.052,183.592,183.623,19872
2026-03-03T06:00:00.000Z,183.622,183.696,182.866,182.979,31612
2026-03-03T10:00:00.000Z,182.98,183.176,182.79,182.898,33202
2026-03-03T14:00:00.000Z,182.897,183.065,182.022,182.935,42477
2026-03-03T18:00:00.000Z,182.937,183.193,182.937,183.137,25630
2026-03-03T22:00:00.000Z,182.749,183.221,182.553,182.703,20090
2026-03-04T02:00:00.000Z,182.704,182.833,182.371,182.696,22956
2026-03-04T06:00:00.000Z,182.706,182.978,182.452,182.484,28758
2026-03-04T10:00:00.000Z,182.483,183.12,182.469,182.945,29320
2026-03-04T14:00:00.000Z,182.943,183.067,182.47,182.606,30113
2026-03-04T18:00:00.000Z,182.607,182.876,182.583,182.722,14299
2026-03-04T22:00:00.000Z,182.628,182.773,182.167,182.282,15998
2026-03-05T02:00:00.000Z,182.283,182.493,182.218,182.252,21377
2026-03-05T06:00:00.000Z,182.25,182.717,182.11,182.65,31384
2026-03-05T10:00:00.000Z,182.652,183.086,182.551,182.96,25641
2026-03-05T14:00:00.000Z,182.956,183.017,182.354,182.725,35566
2026-03-05T18:00:00.000Z,182.724,182.875,182.563,182.866,25875
2026-03-05T22:00:00.000Z,182.713,182.973,182.712,182.912,15934
2026-03-06T02:00:00.000Z,182.911,183.242,182.909,183.195,14471
2026-03-06T06:00:00.000Z,183.196,183.259,182.682,182.706,23543
2026-03-06T10:00:00.000Z,182.705,182.838,182.348,182.419,29844
2026-03-06T14:00:00.000Z,182.417,183.074,182.365,182.98,41269
2026-03-06T18:00:00.000Z,182.981,183.382,182.981,183.247,24631
2026-03-08T21:00:00.000Z,182.514,182.821,182.396,182.715,24498
2026-03-09T01:00:00.000Z,182.727,183.098,182.56,182.935,27217
2026-03-09T05:00:00.000Z,182.933,183.318,182.651,182.974,36698
2026-03-09T09:00:00.000Z,182.984,183.27,182.863,183.2,34271
2026-03-09T13:00:00.000Z,183.199,183.394,183.044,183.24,36831
2026-03-09T17:00:00.000Z,183.241,183.47,183.167,183.347,25813
2026-03-09T21:00:00.000Z,183.338,183.627,183.169,183.215,18580
2026-03-10T01:00:00.000Z,183.216,183.367,183.052,183.202,21493
2026-03-10T05:00:00.000Z,183.204,183.692,183.111,183.649,24895
2026-03-10T09:00:00.000Z,183.648,183.759,183.464,183.598,27941
2026-03-10T13:00:00.000Z,183.597,183.716,183.501,183.591,29521
2026-03-10T17:00:00.000Z,183.592,183.661,183.443,183.491,29179
2026-03-10T21:00:00.000Z,183.432,183.856,183.411,183.784,10988
2026-03-11T01:00:00.000Z,183.785,184.072,183.785,183.925,15894
2026-03-11T05:00:00.000Z,183.929,184.017,183.7,183.938,22559
2026-03-11T09:00:00.000Z,183.941,183.972,183.625,183.707,27361
2026-03-11T13:00:00.000Z,183.709,183.884,183.587,183.783,32560
2026-03-11T17:00:00.000Z,183.782,183.967,183.763,183.831,17596
2026-03-11T21:00:00.000Z,183.769,183.866,183.536,183.547,13124
2026-03-12T01:00:00.000Z,183.548,183.577,183.427,183.515,15909
2026-03-12T05:00:00.000Z,183.513,183.682,183.337,183.465,20157
2026-03-12T09:00:00.000Z,183.466,183.587,183.236,183.346,20526
2026-03-12T13:00:00.000Z,183.348,183.522,183.214,183.437,33515
2026-03-12T17:00:00.000Z,183.436,183.609,183.408,183.413,18519
2026-03-12T21:00:00.000Z,183.286,183.575,183.222,183.325,12419
2026-03-13T01:00:00.000Z,183.327,183.643,183.319,183.479,17360
2026-03-13T05:00:00.000Z,183.48,183.482,182.295,182.352,22957
2026-03-13T09:00:00.000Z,182.351,182.912,182.327,182.879,24829
2026-03-13T13:00:00.000Z,182.88,182.918,182.469,182.628,31270
2026-03-13T17:00:00.000Z,182.626,182.684,182.247,182.307,17214
2026-03-15T21:00:00.000Z,182.112,182.549,182.112,182.471,14811
2026-03-16T01:00:00.000Z,182.481,182.722,182.404,182.556,15714
2026-03-16T05:00:00.000Z,182.557,182.581,181.866,182.368,19848
2026-03-16T09:00:00.000Z,182.369,182.773,182.333,182.582,21342
2026-03-16T13:00:00.000Z,182.583,183.069,182.564,183.044,24949
2026-03-16T17:00:00.000Z,183.047,183.172,182.986,182.99,17385
2026-03-16T21:00:00.000Z,182.999,183.089,182.916,183.088,10240
2026-03-17T01:00:00.000Z,183.089,183.236,183.05,183.065,11576
2026-03-17T05:00:00.000Z,183.064,183.221,182.813,183.133,17472
2026-03-17T09:00:00.000Z,183.132,183.325,183.032,183.267,18826
2026-03-17T13:00:00.000Z,183.269,183.378,183.132,183.226,26936
2026-03-17T17:00:00.000Z,183.224,183.541,183.223,183.486,11553
2026-03-17T21:00:00.000Z,183.439,183.571,183.249,183.468,15207
2026-03-18T01:00:00.000Z,183.466,183.519,183.249,183.318,10868
2026-03-18T05:00:00.000Z,183.315,183.355,182.977,183.331,15202
2026-03-18T09:00:00.000Z,183.33,183.638,183.314,183.502,21842
2026-03-18T13:00:00.000Z,183.503,183.825,183.375,183.584,29672
2026-03-18T17:00:00.000Z,183.583,183.616,183.085,183.094,23886
2026-03-18T21:00:00.000Z,183.004,183.342,182.957,183.334,13368
2026-03-19T01:00:00.000Z,183.335,183.426,183.075,183.112,14195
2026-03-19T05:00:00.000Z,183.111,183.25,182.053,182.283,24284
2026-03-19T09:00:00.000Z,182.284,182.779,182.279,182.54,29815
2026-03-19T13:00:00.000Z,182.541,182.598,182.027,182.324,41998
2026-03-19T17:00:00.000Z,182.324,182.985,182.324,182.707,25583
2026-03-19T21:00:00.000Z,182.529,182.895,182.529,182.696,10206
2026-03-20T01:00:00.000Z,182.688,183.095,182.587,183.013,13573
2026-03-20T05:00:00.000Z,183.012,183.418,183.01,183.332,17041
2026-03-20T09:00:00.000Z,183.332,183.606,183.262,183.524,25099
2026-03-20T13:00:00.000Z,183.529,184.128,183.431,184.099,33725
2026-03-20T17:00:00.000Z,184.104,184.242,183.966,184.234,23560
2026-03-22T21:00:00.000Z,183.674,184.199,183.478,184.126,16650
2026-03-23T01:00:00.000Z,184.132,184.331,184.006,184.109,19627
2026-03-23T05:00:00.000Z,184.11,184.145,183.738,183.822,26362
2026-03-23T09:00:00.000Z,183.841,184.232,183.178,184.065,41044
2026-03-23T13:00:00.000Z,184.068,184.239,183.645,183.932,45813
2026-03-23T17:00:00.000Z,183.931,184.02,183.725,183.918,23341
2026-03-23T21:00:00.000Z,183.872,183.983,183.633,183.757,14305
2026-03-24T01:00:00.000Z,183.758,183.869,183.622,183.837,21157
2026-03-24T05:00:00.000Z,183.836,184.053,183.672,183.85,26843
2026-03-24T09:00:00.000Z,183.857,184.107,183.744,183.98,26569
2026-03-24T13:00:00.000Z,183.977,184.119,183.803,184.066,35511
2026-03-24T17:00:00.000Z,184.068,184.243,183.863,184.22,28414
2026-03-24T21:00:00.000Z,184.08,184.554,184.004,184.395,14638
2026-03-25T01:00:00.000Z,184.392,184.429,184.207,184.264,15535
2026-03-25T05:00:00.000Z,184.265,184.598,184.183,184.217,20791
2026-03-25T09:00:00.000Z,184.213,184.434,184.193,184.324,23698
2026-03-25T13:00:00.000Z,184.327,184.384,184.029,184.206,31416
2026-03-25T17:00:00.000Z,184.205,184.449,184.198,184.312,17138
2026-03-25T21:00:00.000Z,184.231,184.368,184.192,184.313,9082
2026-03-26T01:00:00.000Z,184.314,184.47,184.303,184.446,12977
2026-03-26T05:00:00.000Z,184.447,184.455,184.158,184.337,18025
2026-03-26T09:00:00.000Z,184.33,184.446,183.966,184.135,20729
2026-03-26T13:00:00.000Z,184.134,184.307,184.109,184.173,29848
2026-03-26T17:00:00.000Z,184.17,184.276,184.101,184.178,18700
2026-03-26T21:00:00.000Z,184.043,184.255,183.862,183.977,10712
2026-03-27T01:00:00.000Z,183.982,184.242,183.931,184.241,12185
2026-03-27T05:00:00.000Z,184.24,184.337,184.101,184.144,17209
2026-03-27T09:00:00.000Z,184.143,184.22,183.86,184.091,18893
2026-03-27T13:00:00.000Z,184.092,184.652,184.092,184.467,29119
2026-03-27T17:00:00.000Z,184.466,184.635,184.413,184.469,16906
2026-03-29T21:00:00.000Z,184.172,184.496,183.963,183.965,15502
2026-03-30T01:00:00.000Z,183.976,184.07,183.884,183.972,14830
2026-03-30T05:00:00.000Z,183.973,184.014,183.467,183.571,18769
2026-03-30T09:00:00.000Z,183.573,183.598,182.974,182.997,20280
2026-03-30T13:00:00.000Z,182.993,183.07,182.584,182.716,24392
2026-03-30T17:00:00.000Z,182.722,183.037,182.707,183.01,13373
2026-03-30T21:00:00.000Z,182.945,183.461,182.915,183.455,12877
2026-03-31T01:00:00.000Z,183.458,183.573,183.062,183.065,16554
2026-03-31T05:00:00.000Z,183.064,183.258,182.821,182.984,18601
2026-03-31T09:00:00.000Z,182.975,183.423,182.879,183.316,21804
2026-03-31T13:00:00.000Z,183.312,183.645,183.069,183.435,33033
2026-03-31T17:00:00.000Z,183.434,183.55,183.311,183.369,23143
2026-03-31T21:00:00.000Z,183.357,183.777,183.232,183.719,13064
2026-04-01T01:00:00.000Z,183.718,183.789,183.375,183.569,14401
2026-04-01T05:00:00.000Z,183.57,183.987,183.344,183.827,26346
2026-04-01T09:00:00.000Z,183.83,184.009,183.628,183.9,23130
2026-04-01T13:00:00.000Z,183.901,184.239,183.862,184.159,28212
2026-04-01T17:00:00.000Z,184.158,184.16,183.801,183.954,16750
2026-04-01T21:00:00.000Z,183.966,184.029,183.668,183.948,12504
2026-04-02T01:00:00.000Z,183.947,184.097,183.775,183.8,25031
2026-04-02T05:00:00.000Z,183.801,184.148,183.486,184.001,21575
2026-04-02T09:00:00.000Z,184.003,184.052,183.764,183.932,19033
2026-04-02T13:00:00.000Z,183.935,184.16,183.777,184.028,30580
2026-04-02T17:00:00.000Z,184.029,184.201,184.015,184.076,13662
2026-04-02T21:00:00.000Z,184.109,184.161,183.956,184.124,6838
2026-04-03T01:00:00.000Z,184.126,184.193,184.002,184.085,6802
2026-04-03T05:00:00.000Z,184.084,184.246,184.025,184.221,7146
2026-04-03T09:00:00.000Z,184.216,184.265,183.906,184.038,11026
2026-04-03T13:00:00.000Z,184.037,184.081,183.847,183.863,10693
2026-04-03T17:00:00.000Z,183.862,183.933,183.539,183.697,6831
2026-04-05T21:00:00.000Z,183.811,183.992,183.662,183.891,13923
2026-04-06T01:00:00.000Z,183.892,183.918,183.697,183.888,14254
2026-04-06T05:00:00.000Z,183.889,184.433,183.847,184.17,16419
2026-04-06T09:00:00.000Z,184.175,184.237,184.089,184.16,15951
2026-04-06T13:00:00.000Z,184.164,184.454,184.135,184.345,23833
2026-04-06T17:00:00.000Z,184.344,184.445,184.296,184.306,14819
2026-04-06T21:00:00.000Z,184.271,184.408,184.203,184.397,10659
2026-04-07T01:00:00.000Z,184.396,184.427,184.264,184.301,11054
2026-04-07T05:00:00.000Z,184.305,184.649,184.255,184.582,18414
2026-04-07T09:00:00.000Z,184.579,184.812,184.438,184.71,21467
2026-04-07T13:00:00.000Z,184.709,185.147,184.684,185.031,25651
2026-04-07T17:00:00.000Z,185.032,185.152,184.917,185.144,20090
2026-04-07T21:00:00.000Z,185.068,185.547,184.964,185.211,28613
2026-04-08T01:00:00.000Z,185.218,185.262,184.8,184.892,22340
2026-04-08T05:00:00.000Z,184.901,185.18,184.859,184.994,26620
2026-04-08T09:00:00.000Z,184.992,185.314,184.933,185.095,24047
2026-04-08T13:00:00.000Z,185.094,185.211,184.962,185.06,29580
2026-04-08T17:00:00.000Z,185.059,185.093,184.865,184.903,19624
2026-04-08T21:00:00.000Z,184.92,185.181,184.824,185.176,9940
2026-04-09T01:00:00.000Z,185.174,185.24,185.095,185.185,11867
2026-04-09T05:00:00.000Z,185.188,185.607,185.126,185.586,16702
2026-04-09T09:00:00.000Z,185.588,185.872,185.566,185.803,17084
2026-04-09T13:00:00.000Z,185.801,186.215,185.733,185.915,26082
2026-04-09T17:00:00.000Z,185.915,186.225,185.906,186.003,15349
2026-04-09T21:00:00.000Z,185.906,186.104,185.896,186.048,7983
2026-04-10T01:00:00.000Z,186.054,186.162,185.935,186.116,9446
2026-04-10T05:00:00.000Z,186.117,186.203,186.06,186.174,13132
2026-04-10T09:00:00.000Z,186.18,186.546,186.131,186.537,17673
2026-04-10T13:00:00.000Z,186.535,186.785,186.512,186.663,23073
2026-04-10T17:00:00.000Z,186.664,186.879,186.663,186.831,13068
2026-04-12T21:00:00.000Z,186.082,186.776,186.033,186.651,13500
2026-04-13T01:00:00.000Z,186.652,186.718,186.574,186.651,10734
2026-04-13T05:00:00.000Z,186.652,186.78,186.478,186.635,16246
2026-04-13T09:00:00.000Z,186.634,186.872,186.593,186.871,16068
2026-04-13T13:00:00.000Z,186.868,187.102,186.727,187.041,24669
2026-04-13T17:00:00.000Z,187.042,187.505,186.989,187.477,15102
2026-04-13T21:00:00.000Z,187.359,187.518,187.246,187.272,8465
2026-04-14T01:00:00.000Z,187.271,187.339,187.114,187.119,10251
2026-04-14T05:00:00.000Z,187.12,187.536,187.077,187.417,17205
2026-04-14T09:00:00.000Z,187.418,187.517,187.247,187.352,18338
2026-04-14T13:00:00.000Z,187.353,187.47,187.183,187.326,22085
2026-04-14T17:00:00.000Z,187.327,187.375,187.184,187.304,10427
2026-04-14T21:00:00.000Z,187.278,187.402,187.192,187.301,10542
2026-04-15T01:00:00.000Z,187.3,187.446,187.29,187.416,10866
2026-04-15T05:00:00.000Z,187.417,187.488,187.098,187.182,16731
2026-04-15T09:00:00.000Z,187.183,187.59,187.102,187.552,20565
2026-04-15T13:00:00.000Z,187.553,187.635,187.328,187.489,22655
2026-04-15T17:00:00.000Z,187.49,187.692,187.484,187.569,12948
2026-04-15T21:00:00.000Z,187.553,187.596,187.357,187.412,8145
2026-04-16T01:00:00.000Z,187.41,187.528,187.094,187.425,14376
2026-04-16T05:00:00.000Z,187.426,187.536,187.288,187.378,18942
2026-04-16T09:00:00.000Z,187.379,187.468,187.26,187.455,18424
2026-04-16T13:00:00.000Z,187.457,187.515,187.293,187.427,27440
2026-04-16T17:00:00.000Z,187.428,187.566,187.401,187.524,13351
2026-04-16T21:00:00.000Z,187.46,187.709,187.363,187.669,7456
2026-04-17T01:00:00.000Z,187.674,187.9,187.605,187.89,10472
2026-04-17T05:00:00.000Z,187.889,187.946,187.57,187.683,18211
2026-04-17T09:00:00.000Z,187.686,187.82,187.447,187.484,21683
2026-04-17T13:00:00.000Z,187.478,187.541,186.308,186.462,39818
2026-04-17T17:00:00.000Z,186.463,186.674,186.455,186.572,20129
2026-04-19T21:00:00.000Z,186.347,187.046,186.274,186.895,14635
2026-04-20T01:00:00.000Z,186.899,186.915,186.735,186.842,13566
2026-04-20T05:00:00.000Z,186.841,187.072,186.747,186.975,22505
2026-04-20T09:00:00.000Z,186.973,187.088,186.836,186.915,19528
2026-04-20T13:00:00.000Z,186.92,187.036,186.751,186.98,28802
2026-04-20T17:00:00.000Z,186.981,187.274,186.974,187.201,14394
2026-04-20T21:00:00.000Z,187.056,187.327,186.961,187.286,11644
2026-04-21T01:00:00.000Z,187.29,187.318,187.161,187.176,10546
2026-04-21T05:00:00.000Z,187.177,187.302,186.986,187.268,20517
2026-04-21T09:00:00.000Z,187.267,187.303,187.086,187.18,20303
2026-04-21T13:00:00.000Z,187.183,187.359,187.132,187.233,28041
2026-04-21T17:00:00.000Z,187.232,187.284,187.023,187.131,28159
2026-04-21T21:00:00.000Z,187.174,187.209,186.985,187.066,11903
2026-04-22T01:00:00.000Z,187.065,187.15,187.007,187.058,12257
2026-04-22T05:00:00.000Z,187.057,187.305,186.952,187.299,19816
2026-04-22T09:00:00.000Z,187.298,187.32,186.756,186.89,20284
2026-04-22T13:00:00.000Z,186.888,186.904,186.727,186.821,26503
2026-04-22T17:00:00.000Z,186.82,186.832,186.677,186.688,13427
2026-04-22T21:00:00.000Z,186.664,186.746,186.545,186.597,12098
2026-04-23T01:00:00.000Z,186.598,186.697,186.564,186.667,17487
2026-04-23T05:00:00.000Z,186.668,186.961,186.656,186.86,19269
2026-04-23T09:00:00.000Z,186.858,186.871,186.405,186.489,25262
2026-04-23T13:00:00.000Z,186.491,186.746,186.447,186.594,27360
2026-04-23T17:00:00.000Z,186.595,186.655,186.514,186.593,26763
2026-04-23T21:00:00.000Z,186.52,186.723,186.36,186.72,9184
2026-04-24T01:00:00.000Z,186.719,186.745,186.535,186.6,13534
2026-04-24T05:00:00.000Z,186.603,186.76,186.434,186.705,17975
2026-04-24T09:00:00.000Z,186.706,186.872,186.634,186.808,23095
2026-04-24T13:00:00.000Z,186.809,186.848,186.669,186.746,29122
2026-04-24T17:00:00.000Z,186.745,186.831,186.702,186.759,14773
2026-04-26T21:00:00.000Z,186.531,186.866,186.526,186.849,8847
2026-04-27T01:00:00.000Z,186.851,186.887,186.691,186.736,15887
2026-04-27T05:00:00.000Z,186.737,187.022,186.721,186.979,19532
2026-04-27T09:00:00.000Z,186.98,187.074,186.856,187.007,18182
2026-04-27T13:00:00.000Z,187.006,187.103,186.796,186.898,23345
2026-04-27T17:00:00.000Z,186.899,186.927,186.833,186.859,11205
2026-04-27T21:00:00.000Z,186.734,186.876,186.72,186.841,8280
2026-04-28T01:00:00.000Z,186.84,186.871,186.199,186.287,14795
2026-04-28T05:00:00.000Z,186.288,186.814,186.064,186.584,21663
2026-04-28T09:00:00.000Z,186.58,186.77,186.441,186.484,23180
2026-04-28T13:00:00.000Z,186.486,186.908,186.454,186.817,28993
2026-04-28T17:00:00.000Z,186.818,186.943,186.795,186.916,13206
2026-04-28T21:00:00.000Z,186.767,186.937,186.761,186.848,6661
2026-04-29T01:00:00.000Z,186.847,186.903,186.763,186.788,12514
2026-04-29T05:00:00.000Z,186.787,186.882,186.673,186.873,18210
2026-04-29T09:00:00.000Z,186.871,187.081,186.828,187.079,19296
2026-04-29T13:00:00.000Z,187.081,187.411,186.978,187.242,30003
2026-04-29T17:00:00.000Z,187.241,187.26,186.999,187.215,25831
2026-04-29T21:00:00.000Z,187.234,187.296,187.059,187.227,14011
2026-04-30T01:00:00.000Z,187.228,187.239,187.038,187.199,21599
2026-04-30T05:00:00.000Z,187.198,187.552,186.228,186.411,29260
2026-04-30T09:00:00.000Z,186.359,186.465,182.27,183.379,51878
2026-04-30T13:00:00.000Z,183.382,183.918,182.749,183.608,39521
2026-04-30T17:00:00.000Z,183.61,183.754,183.412,183.725,19905
2026-04-30T21:00:00.000Z,183.575,184.498,183.48,184.242,13598
2026-05-01T01:00:00.000Z,184.243,184.582,184.186,184.417,16279
2026-05-01T05:00:00.000Z,184.418,184.447,182.631,183.775,26709
2026-05-01T09:00:00.000Z,183.776,184.174,183.646,184.138,21653
2026-05-01T13:00:00.000Z,184.136,184.448,183.784,184.243,31197
2026-05-01T17:00:00.000Z,184.241,184.246,183.961,184.098,16839
2026-05-03T21:00:00.000Z,184.049,184.122,183.87,184.019,11008
2026-05-04T01:00:00.000Z,184.018,184.4,182.761,183.841,21951
2026-05-04T05:00:00.000Z,183.842,184.102,183.644,183.945,21329
2026-05-04T09:00:00.000Z,183.951,184.03,183.747,184.009,26672
2026-05-04T13:00:00.000Z,184.007,184.021,183.732,183.737,34449
2026-05-04T17:00:00.000Z,183.741,183.898,183.156,183.832,20565
2026-05-04T21:00:00.000Z,183.71,183.848,183.627,183.729,7232
2026-05-05T01:00:00.000Z,183.73,183.806,183.672,183.674,11000
2026-05-05T05:00:00.000Z,183.67,183.943,183.658,183.845,20178
2026-05-05T09:00:00.000Z,183.844,184.512,183.715,184.474,23622
2026-05-05T13:00:00.000Z,184.476,184.669,184.46,184.603,26080
2026-05-05T17:00:00.000Z,184.602,184.75,184.599,184.619,12598
2026-05-05T21:00:00.000Z,184.453,184.795,184.453,184.699,13607
2026-05-06T01:00:00.000Z,184.696,185.033,182.038,183.013,25416
2026-05-06T05:00:00.000Z,182.995,183.606,182.753,183.466,30938
2026-05-06T09:00:00.000Z,183.465,183.85,183.427,183.681,35614
2026-05-06T13:00:00.000Z,183.685,183.898,183.407,183.705,31268
2026-05-06T17:00:00.000Z,183.71,183.865,183.644,183.683,17463
2026-05-06T21:00:00.000Z,183.629,183.88,183.414,183.652,11717
2026-05-07T01:00:00.000Z,183.651,183.805,183.491,183.727,18092
2026-05-07T05:00:00.000Z,183.726,184.025,183.513,184.018,23962
2026-05-07T09:00:00.000Z,184.019,184.162,183.928,183.986,23322
2026-05-07T13:00:00.000Z,183.986,184.217,183.909,184.202,30300
2026-05-07T17:00:00.000Z,184.203,184.232,184.004,184.026,25582
2026-05-07T21:00:00.000Z,183.845,184.113,183.714,184.075,11603
2026-05-08T01:00:00.000Z,184.077,184.119,183.923,184.059,15010
2026-05-08T05:00:00.000Z,184.058,184.338,184.037,184.338,19450
2026-05-08T09:00:00.000Z,184.337,184.49,184.248,184.423,20231
2026-05-08T13:00:00.000Z,184.427,184.491,184.272,184.446,25216
2026-05-08T17:00:00.000Z,184.445,184.717,184.396,184.689,12864
2026-05-10T21:00:00.000Z,183.95,184.796,183.85,184.708,9980
2026-05-11T01:00:00.000Z,184.709,184.864,184.6,184.622,11804
2026-05-11T05:00:00.000Z,184.625,185.013,184.596,184.909,15535
2026-05-11T09:00:00.000Z,184.908,184.991,184.834,184.99,17016
2026-05-11T13:00:00.000Z,184.989,185.121,184.918,185.019,21835
2026-05-11T17:00:00.000Z,185.02,185.248,185.007,185.212,11772
2026-05-11T21:00:00.000Z,185.103,185.289,184.98,185.23,7712
2026-05-12T01:00:00.000Z,185.231,185.389,185.199,185.27,13637
2026-05-12T05:00:00.000Z,185.272,185.457,184.313,185.112,23697
2026-05-12T09:00:00.000Z,185.117,185.194,184.903,185.083,20968
2026-05-12T13:00:00.000Z,185.085,185.122,184.865,185.012,26398
2026-05-12T17:00:00.000Z,185.013,185.061,184.946,185.046,12891
2026-05-12T21:00:00.000Z,184.941,185.146,184.901,185.114,6506
2026-05-13T01:00:00.000Z,185.118,185.148,184.983,185.073,11185
2026-05-13T05:00:00.000Z,185.074,185.114,184.62,184.674,15154
2026-05-13T09:00:00.000Z,184.676,184.876,184.615,184.702,18759
2026-05-13T13:00:00.000Z,184.703,184.889,184.687,184.824,22575
2026-05-13T17:00:00.000Z,184.823,184.93,184.809,184.921,12254
2026-05-13T21:00:00.000Z,184.796,184.973,184.593,184.952,7323
2026-05-14T01:00:00.000Z,184.951,185.045,184.46,184.927,13650
2026-05-14T05:00:00.000Z,184.93,185.009,184.835,184.914,18372
2026-05-14T09:00:00.000Z,184.911,184.947,184.749,184.78,18253
2026-05-14T13:00:00.000Z,184.779,184.853,184.012,184.678,28404
2026-05-14T17:00:00.000Z,184.679,184.834,184.673,184.821,14056
2026-05-14T21:00:00.000Z,184.73,184.842,184.619,184.698,9485
2026-05-15T01:00:00.000Z,184.697,184.74,184.565,184.624,15793
2026-05-15T05:00:00.000Z,184.625,184.686,184.263,184.451,24685
2026-05-15T09:00:00.000Z,184.446,184.553,184.17,184.359,26017
2026-05-15T13:00:00.000Z,184.359,184.598,184.308,184.557,27726
2026-05-15T17:00:00.000Z,184.567,184.601,184.405,184.552,15063
2026-05-17T21:00:00.000Z,184.257,184.594,184.148,184.542,12348
2026-05-18T01:00:00.000Z,184.541,184.88,184.475,184.745,16603
2026-05-18T05:00:00.000Z,184.746,184.937,184.664,184.894,19895
2026-05-18T09:00:00.000Z,184.893,185.033,184.771,184.889,20866
2026-05-18T13:00:00.000Z,184.887,185.21,184.852,185.175,29169
2026-05-18T17:00:00.000Z,185.175,185.192,184.974,185.118,19092
2026-05-18T21:00:00.000Z,184.89,185.206,184.89,185.154,8379
2026-05-19T01:00:00.000Z,185.156,185.162,184.978,185.006,13779
2026-05-19T05:00:00.000Z,185.01,185.182,184.913,184.968,18559
2026-05-19T09:00:00.000Z,184.965,184.975,184.394,184.78,22111
2026-05-19T13:00:00.000Z,184.773,184.866,184.199,184.339,32701
2026-05-19T17:00:00.000Z,184.34,184.631,184.332,184.61,15885
2026-05-19T21:00:00.000Z,184.44,184.679,184.399,184.451,9537
2026-05-20T01:00:00.000Z,184.449,184.495,184.282,184.367,17105
2026-05-20T05:00:00.000Z,184.368,184.409,184.264,184.336,19507
2026-05-20T09:00:00.000Z,184.331,184.52,184.312,184.379,17013
2026-05-20T13:00:00.000Z,184.378,184.692,184.335,184.649,34049
2026-05-20T17:00:00.000Z,184.65,184.783,184.59,184.737,17597
2026-05-20T21:00:00.000Z,184.659,184.748,184.561,184.731,8949
2026-05-21T01:00:00.000Z,184.732,184.807,184.62,184.783,12927
2026-05-21T05:00:00.000Z,184.784,184.933,184.401,184.787,21696
2026-05-21T09:00:00.000Z,184.789,184.901,184.524,184.58,24316
2026-05-21T13:00:00.000Z,184.581,184.632,184.387,184.525,29586
2026-05-21T17:00:00.000Z,184.525,184.767,184.497,184.697,23990
2026-05-21T21:00:00.000Z,184.655,184.791,184.615,184.769,6492
2026-05-22T01:00:00.000Z,184.768,184.805,184.624,184.756,9252
2026-05-22T05:00:00.000Z,184.753,184.797,184.621,184.661,15961
2026-05-22T09:00:00.000Z,184.664,184.678,184.486,184.595,17151
2026-05-22T13:00:00.000Z,184.589,184.818,184.443,184.814,25022
2026-05-22T17:00:00.000Z,184.815,184.855,184.615,184.69,15132
2026-05-24T21:00:00.000Z,184.746,185.062,184.684,184.897,10820
2026-05-25T01:00:00.000Z,184.896,184.967,184.835,184.939,10555
2026-05-25T05:00:00.000Z,184.938,185.078,184.913,185.031,13444
2026-05-25T09:00:00.000Z,185.029,185.135,184.997,185.087,11658
2026-05-25T13:00:00.000Z,185.088,185.109,184.92,184.967,13160
2026-05-25T17:00:00.000Z,184.968,185.033,184.952,185.017,5004
2026-05-25T21:00:00.000Z,184.867,185.043,184.799,185.012,8146
2026-05-26T01:00:00.000Z,185.011,185.03,184.881,184.906,9833
2026-05-26T05:00:00.000Z,184.905,185.354,184.872,185.261,15131
2026-05-26T09:00:00.000Z,185.262,185.341,185.183,185.206,15959
2026-05-26T13:00:00.000Z,185.205,185.248,185.057,185.172,21720
2026-05-26T17:00:00.000Z,185.175,185.319,185.143,185.29,9975
2026-05-26T21:00:00.000Z,185.214,185.413,185.176,185.364,7597
2026-05-27T01:00:00.000Z,185.362,185.383,185.269,185.372,11055
2026-05-27T05:00:00.000Z,185.371,185.697,185.367,185.606,14523
2026-05-27T09:00:00.000Z,185.603,185.78,185.45,185.617,19608
2026-05-27T13:00:00.000Z,185.614,185.743,185.401,185.525,26850
2026-05-27T17:00:00.000Z,185.526,185.546,185.425,185.461,10627
2026-05-27T21:00:00.000Z,185.3,185.497,185.3,185.408,7598
2026-05-28T01:00:00.000Z,185.411,185.417,184.889,184.972,13862
2026-05-28T05:00:00.000Z,184.974,185.259,184.907,185.213,15433
2026-05-28T09:00:00.000Z,185.211,185.446,185.021,185.444,18139
2026-05-28T13:00:00.000Z,185.443,185.651,185.393,185.533,27276
2026-05-28T17:00:00.000Z,185.531,185.538,185.444,185.501,13082
2026-05-28T21:00:00.000Z,185.48,185.641,185.451,185.547,7191
2026-05-29T01:00:00.000Z,185.546,185.64,185.386,185.405,10863
2026-05-29T05:00:00.000Z,185.407,185.569,185.178,185.225,15279
2026-05-29T09:00:00.000Z,185.224,185.519,185.2,185.515,16589
2026-05-29T13:00:00.000Z,185.516,185.979,185.471,185.812,24523
2026-05-29T17:00:00.000Z,185.813,185.829,185.678,185.68,13743
2026-05-31T21:00:00.000Z,185.611,185.785,185.604,185.722,13426
2026-06-01T01:00:00.000Z,185.721,185.744,185.652,185.732,9614
2026-06-01T05:00:00.000Z,185.733,185.974,185.732,185.881,15776
2026-06-01T09:00:00.000Z,185.878,185.917,185.644,185.754,15365
2026-06-01T13:00:00.000Z,185.753,185.783,185.334,185.608,28049
2026-06-01T17:00:00.000Z,185.609,185.813,185.575,185.701,13381
2026-06-01T21:00:00.000Z,185.559,185.785,185.559,185.704,7236
2026-06-02T01:00:00.000Z,185.705,185.892,185.697,185.881,9560
2026-06-02T05:00:00.000Z,185.882,186.094,185.865,185.992,15261
2026-06-02T09:00:00.000Z,185.991,186.199,185.907,186.148,13937
2026-06-02T13:00:00.000Z,186.149,186.179,185.925,185.941,17894
2026-06-02T17:00:00.000Z,185.941,186.062,185.793,185.984,9604
2026-06-02T21:00:00.000Z,185.801,186.002,185.797,185.981,7224
2026-06-03T01:00:00.000Z,185.982,185.983,185.844,185.875,9101
2026-06-03T05:00:00.000Z,185.878,185.895,185.099,185.443,20037
2026-06-03T09:00:00.000Z,185.448,185.736,185.445,185.507,17831
2026-06-03T13:00:00.000Z,185.5,185.74,185.479,185.579,23738
2026-06-03T17:00:00.000Z,185.585,185.678,185.553,185.665,10948
2026-06-03T21:00:00.000Z,185.575,185.695,185.534,185.593,9717
2026-06-04T01:00:00.000Z,185.592,185.674,185.249,185.599,11486
2026-06-04T05:00:00.000Z,185.6,185.674,185.472,185.661,16875
2026-06-04T09:00:00.000Z,185.659,186.096,185.658,186.029,20098
2026-06-04T13:00:00.000Z,186.028,186.107,185.923,185.933,17460
2026-06-04T17:00:00.000Z,185.935,185.954,185.77,185.793,8533
2026-06-04T21:00:00.000Z,185.72,185.841,185.712,185.751,6576
2026-06-05T01:00:00.000Z,185.75,185.82,185.694,185.804,11202
2026-06-05T05:00:00.000Z,185.805,186.154,185.755,186.12,14279
2026-06-05T09:00:00.000Z,186.121,186.2,185.624,185.626,18818
2026-06-05T13:00:00.000Z,185.628,185.693,184.709,184.831,31765
2026-06-05T17:00:00.000Z,184.828,184.851,184.491,184.621,18627
2026-06-07T21:00:00.000Z,184.366,184.905,184.289,184.903,11644
2026-06-08T01:00:00.000Z,184.902,184.933,184.581,184.893,16833
2026-06-08T05:00:00.000Z,184.894,184.99,183.975,184.155,23063
2026-06-08T09:00:00.000Z,184.154,184.637,184.024,184.62,24205
2026-06-08T13:00:00.000Z,184.626,184.86,184.61,184.803,22977
2026-06-08T17:00:00.000Z,184.804,184.844,184.689,184.698,12907
2026-06-08T21:00:00.000Z,184.712,184.781,184.598,184.769,8875
2026-06-09T01:00:00.000Z,184.768,184.983,184.754,184.945,12870
2026-06-09T05:00:00.000Z,184.946,185.038,184.812,185.009,19480
2026-06-09T09:00:00.000Z,185.011,185.41,185.009,185.39,14436
2026-06-09T13:00:00.000Z,185.4,185.461,184.96,185.113,29099
2026-06-09T17:00:00.000Z,185.115,185.253,185.083,185.12,16634
2026-06-09T21:00:00.000Z,185.06,185.12,184.959,185.113,9129
2026-06-10T01:00:00.000Z,185.115,185.235,184.948,185.164,14263
2026-06-10T05:00:00.000Z,185.165,185.344,185.139,185.34,18147
2026-06-10T09:00:00.000Z,185.341,185.468,185.128,185.275,22491
2026-06-10T13:00:00.000Z,185.273,185.566,185.157,185.419,28333
2026-06-10T17:00:00.000Z,185.421,185.476,185.195,185.21,16494
2026-06-10T21:00:00.000Z,185.058,185.288,185.046,185.271,12478
2026-06-11T01:00:00.000Z,185.27,185.434,185.27,185.351,14577
2026-06-11T05:00:00.000Z,185.352,185.467,185.104,185.123,17651
2026-06-11T09:00:00.000Z,185.124,185.292,184.931,185.245,20946
2026-06-11T13:00:00.000Z,185.252,185.265,184.733,184.747,25364
2026-06-11T17:00:00.000Z,184.746,185.208,184.653,185.178,29861
2026-06-11T21:00:00.000Z,185.012,185.381,185.012,185.302,11424
2026-06-12T01:00:00.000Z,185.304,185.468,185.16,185.433,14672
2026-06-12T05:00:00.000Z,185.435,185.55,185.288,185.33,23681
2026-06-12T09:00:00.000Z,185.329,185.446,185.248,185.305,21871
2026-06-12T13:00:00.000Z,185.304,185.541,185.292,185.455,28460
2026-06-12T17:00:00.000Z,185.454,185.488,185.281,185.296,12785
2026-06-14T21:00:00.000Z,185.215,185.751,185.143,185.703,14364
2026-06-15T01:00:00.000Z,185.702,185.86,185.67,185.853,10459
2026-06-15T05:00:00.000Z,185.856,185.95,185.717,185.776,17664
2026-06-15T09:00:00.000Z,185.778,186.051,185.766,186.004,16006
2026-06-15T13:00:00.000Z,186.003,186.015,185.748,185.902,18244
2026-06-15T17:00:00.000Z,185.903,185.942,185.781,185.814,11615
2026-06-15T21:00:00.000Z,185.821,185.889,185.643,185.711,6719
2026-06-16T01:00:00.000Z,185.709,185.736,185.446,185.55,12947
2026-06-16T05:00:00.000Z,185.551,186.069,185.489,186.059,17914
2026-06-16T09:00:00.000Z,186.06,186.158,185.887,185.968,16664
2026-06-16T13:00:00.000Z,185.965,186.313,185.889,186.266,22007
2026-06-16T17:00:00.000Z,186.267,186.308,186.223,186.27,10727
2026-06-16T21:00:00.000Z,186.189,186.31,186.11,186.235,8031
2026-06-17T01:00:00.000Z,186.234,186.261,186.082,186.1,7556
2026-06-17T05:00:00.000Z,186.102,186.193,185.763,185.868,14709
2026-06-17T09:00:00.000Z,185.867,185.923,185.711,185.918,14391
2026-06-17T13:00:00.000Z,185.915,185.944,185.661,185.692,18744
2026-06-17T17:00:00.000Z,185.691,185.785,184.531,184.777,36608
2026-06-17T21:00:00.000Z,184.726,185.077,184.592,185.045,11488
2026-06-18T01:00:00.000Z,185.046,185.124,184.937,185.051,12220
2026-06-18T05:00:00.000Z,185.052,185.194,184.567,184.604,21353
2026-06-18T09:00:00.000Z,184.611,184.657,184.286,184.508,26981
2026-06-18T13:00:00.000Z,184.507,185.079,184.426,185.076,28850
2026-06-18T17:00:00.000Z,185.079,185.365,184.322,184.918,19206
2026-06-18T21:00:00.000Z,184.866,185.019,184.575,184.65,10135
2026-06-19T01:00:00.000Z,184.652,184.708,184.404,184.428,14132
2026-06-19T05:00:00.000Z,184.426,184.923,184.292,184.899,21001
2026-06-19T09:00:00.000Z,184.897,184.944,184.728,184.874,17264
2026-06-19T13:00:00.000Z,184.873,185.025,184.762,185.024,15038
2026-06-19T17:00:00.000Z,185.03,185.131,184.962,185.007,11010
2026-06-21T21:00:00.000Z,184.744,185.188,184.667,185.171,10541
2026-06-22T01:00:00.000Z,185.172,185.268,185.078,185.198,13923
2026-06-22T05:00:00.000Z,185.199,185.323,185.059,185.237,19982
2026-06-22T09:00:00.000Z,185.242,185.39,185.178,185.308,18921
2026-06-22T13:00:00.000Z,185.307,185.314,184.383,184.666,30025
2026-06-22T17:00:00.000Z,184.668,184.688,184.381,184.672,12792
2026-06-22T21:00:00.000Z,184.531,184.705,184.496,184.629,8224
2026-06-23T01:00:00.000Z,184.63,184.674,184.507,184.567,12359
2026-06-23T05:00:00.000Z,184.566,184.839,184.064,184.164,24467
2026-06-23T09:00:00.000Z,184.163,184.215,183.837,183.988,20531
2026-06-23T13:00:00.000Z,183.992,184.092,183.775,183.883,23195
2026-06-23T17:00:00.000Z,183.881,183.911,183.777,183.882,10728
2026-06-23T21:00:00.000Z,183.729,183.922,183.729,183.86,8367
2026-06-24T01:00:00.000Z,183.862,183.863,183.526,183.573,14049
2026-06-24T05:00:00.000Z,183.574,183.851,183.384,183.629,20284
2026-06-24T09:00:00.000Z,183.628,183.642,183.165,183.247,21355
2026-06-24T13:00:00.000Z,183.248,183.814,183.165,183.746,26495
2026-06-24T17:00:00.000Z,183.747,183.803,183.624,183.792,16120
2026-06-24T21:00:00.000Z,183.656,183.763,183.524,183.592,7286
2026-06-25T01:00:00.000Z,183.593,183.896,183.592,183.873,13018
2026-06-25T05:00:00.000Z,183.869,183.991,183.655,183.921,18947
2026-06-25T09:00:00.000Z,183.92,184.027,183.403,183.74,19737
2026-06-25T13:00:00.000Z,183.742,184.092,183.683,183.985,28711
2026-06-25T17:00:00.000Z,183.986,184.095,183.956,183.966,13880
2026-06-25T21:00:00.000Z,183.919,184.02,183.814,183.912,9562
2026-06-26T01:00:00.000Z,183.911,183.966,183.713,183.88,15511
2026-06-26T05:00:00.000Z,183.881,184.334,183.794,184.226,20860
2026-06-26T09:00:00.000Z,184.225,184.822,184.113,184.72,20749
2026-06-26T13:00:00.000Z,184.725,184.768,184.134,184.232,25194
2026-06-26T17:00:00.000Z,184.231,184.265,184.067,184.104,12036
2026-06-28T21:00:00.000Z,184.06,184.228,183.998,184.2,8810
2026-06-29T01:00:00.000Z,184.199,184.289,184.139,184.179,12781
2026-06-29T05:00:00.000Z,184.178,184.668,184.177,184.441,17612
2026-06-29T09:00:00.000Z,184.447,184.659,184.412,184.597,16809
2026-06-29T13:00:00.000Z,184.601,185.079,184.575,185.027,22476
2026-06-29T17:00:00.000Z,185.026,185.092,184.96,185,9909
2026-06-29T21:00:00.000Z,184.912,185.353,184.842,185.092,7821
2026-06-30T01:00:00.000Z,185.09,185.171,184.718,184.723,15197
2026-06-30T05:00:00.000Z,184.722,185.019,184.666,184.934,22034
2026-06-30T09:00:00.000Z,184.933,185.164,184.567,185.073,20328
2026-06-30T13:00:00.000Z,185.074,185.858,185.043,185.641,25276
2026-06-30T17:00:00.000Z,185.642,185.79,185.628,185.683,12395
2026-06-30T21:00:00.000Z,185.627,185.737,185.584,185.609,7370
2026-07-01T01:00:00.000Z,185.61,185.7,185.441,185.645,14246
2026-07-01T05:00:00.000Z,185.646,185.693,185.32,185.35,16958
2026-07-01T09:00:00.000Z,185.349,185.456,184.997,185.002,19015
2026-07-01T13:00:00.000Z,185.001,185.219,184.848,184.907,33700
2026-07-01T17:00:00.000Z,184.908,185.008,184.876,184.974,12551
2026-07-01T21:00:00.000Z,184.931,185.008,184.897,184.935,7155
2026-07-02T01:00:00.000Z,184.934,185.083,184.869,184.954,12611
2026-07-02T05:00:00.000Z,184.953,184.96,183.681,183.887,31883
2026-07-02T09:00:00.000Z,183.888,184.422,183.869,184.393,31063
2026-07-02T13:00:00.000Z,184.397,184.437,184.035,184.122,35324
2026-07-02T17:00:00.000Z,184.121,184.226,184.093,184.198,14607
2026-07-02T21:00:00.000Z,184.114,184.473,184.052,184.244,9909
2026-07-03T01:00:00.000Z,184.242,184.479,184.139,184.422,15036
2026-07-03T05:00:00.000Z,184.423,184.564,183.874,184.425,21305
2026-07-03T09:00:00.000Z,184.424,184.556,184.295,184.488,15639
2026-07-03T13:00:00.000Z,184.487,184.598,184.452,184.539,15093
2026-07-03T17:00:00.000Z,184.53,184.597,184.436,184.525,14844
2026-07-05T21:00:00.000Z,184.365,184.842,184.36,184.758,10630
2026-07-06T01:00:00.000Z,184.759,185.142,184.746,185.138,13398
2026-07-06T05:00:00.000Z,185.14,185.407,185.044,185.291,19988
2026-07-06T09:00:00.000Z,185.289,185.393,185.222,185.341,15976
2026-07-06T13:00:00.000Z,185.342,185.5,185.167,185.469,17840
2026-07-06T17:00:00.000Z,185.468,185.527,185.381,185.431,10834
2026-07-06T21:00:00.000Z,185.412,185.524,185.391,185.45,8932
2026-07-07T01:00:00.000Z,185.449,185.476,184.935,185.018,14302
2026-07-07T05:00:00.000Z,185.019,185.223,184.8,185.013,18980
2026-07-07T09:00:00.000Z,185.015,185.19,184.92,185.083,16843
2026-07-07T13:00:00.000Z,185.084,185.204,184.87,184.98,21674
2026-07-07T17:00:00.000Z,184.979,185.034,184.891,184.972,14189
2026-07-07T21:00:00.000Z,184.881,185.259,184.843,185.198,10416
2026-07-08T01:00:00.000Z,185.199,185.371,185.134,185.329,12993
2026-07-08T05:00:00.000Z,185.331,185.462,185.142,185.4,23701
2026-07-08T09:00:00.000Z,185.398,185.405,185.161,185.208,23240
2026-07-08T13:00:00.000Z,185.201,185.552,185.199,185.518,25216
2026-07-08T17:00:00.000Z,185.521,185.703,185.505,185.642,14171
2026-07-08T21:00:00.000Z,185.5,185.667,185.5,185.597,7481
2026-07-09T01:00:00.000Z,185.598,185.698,185.535,185.601,11970
2026-07-09T05:00:00.000Z,185.602,185.774,185.522,185.557,18289
2026-07-09T09:00:00.000Z,185.556,185.721,185.536,185.583,16996
2026-07-09T13:00:00.000Z,185.582,185.813,185.568,185.634,19089
2026-07-09T17:00:00.000Z,185.635,185.653,185.539,185.594,9196
2026-07-09T21:00:00.000Z,185.566,185.673,185.216,185.389,8122
2026-07-10T01:00:00.000Z,185.388,185.413,184.82,184.949,23676
2026-07-10T05:00:00.000Z,184.951,185.072,184.727,184.813,21314
2026-07-10T09:00:00.000Z,184.815,185.029,184.795,184.917,18659
2026-07-10T13:00:00.000Z,184.921,184.926,184.46,184.593,24918
2026-07-10T17:00:00.000Z,184.59,184.657,184.512,184.593,11992
2026-07-12T21:00:00.000Z,184.284,184.716,184.265,184.708,13711
2026-07-13T01:00:00.000Z,184.712,184.756,184.535,184.729,16099
2026-07-13T05:00:00.000Z,184.731,185.464,184.643,185.35,26419
2026-07-13T09:00:00.000Z,185.349,185.372,185.119,185.304,19651
2026-07-13T13:00:00.000Z,185.311,185.311,184.905,185.009,25278
2026-07-13T17:00:00.000Z,185.008,185.031,184.847,184.863,13411
2026-07-13T21:00:00.000Z,184.796,184.984,184.752,184.865,10672
2026-07-14T01:00:00.000Z,184.864,184.993,184.831,184.887,15918
2026-07-14T05:00:00.000Z,184.888,185.08,184.752,184.983,19591
2026-07-14T09:00:00.000Z,184.982,185.325,184.801,185.32,24217
2026-07-14T13:00:00.000Z,185.322,185.49,185.274,185.322,30476
2026-07-14T17:00:00.000Z,185.321,185.348,185.216,185.294,14402
2026-07-14T21:00:00.000Z,185.18,185.377,185.099,185.324,7941
2026-07-15T01:00:00.000Z,185.325,185.565,185.225,185.516,13830
2026-07-15T05:00:00.000Z,185.519,185.61,185.328,185.411,17344
2026-07-15T09:00:00.000Z,185.415,185.431,185.207,185.322,19730
2026-07-15T13:00:00.000Z,185.323,185.548,185.32,185.543,24576
2026-07-15T17:00:00.000Z,185.544,186.003,185.542,185.927,17473
2026-07-15T21:00:00.000Z,185.876,185.992,185.719,185.987,8883
2026-07-16T01:00:00.000Z,185.986,185.989,185.819,185.863,11149
2026-07-16T05:00:00.000Z,185.864,185.975,185.78,185.916,17098
2026-07-16T09:00:00.000Z,185.915,186.03,185.781,185.793,17801
2026-07-16T13:00:00.000Z,185.792,185.966,185.757,185.793,21485
2026-07-16T17:00:00.000Z,185.794,185.812,185.709,185.795,10655
2026-07-16T21:00:00.000Z,185.757,185.923,185.701,185.92,6437
2026-07-17T01:00:00.000Z,185.919,185.949,185.679,185.746,11202
2026-07-17T05:00:00.000Z,185.747,185.955,185.628,185.793,18578
2026-07-17T09:00:00.000Z,185.788,185.858,185.475,185.623,16764
2026-07-17T13:00:00.000Z,185.629,185.906,185.569,185.795,20822
2026-07-17T17:00:00.000Z,185.794,185.835,185.724,185.743,10164
2026-07-19T21:00:00.000Z,185.519,185.78,185.47,185.599,8765
2026-07-20T01:00:00.000Z,185.6,185.818,185.583,185.784,9730
2026-07-20T05:00:00.000Z,185.785,185.867,185.66,185.728,13542
2026-07-20T09:00:00.000Z,185.731,185.745,185.413,185.526,15254
2026-07-20T13:00:00.000Z,185.53,185.575,185.343,185.464,18486
2026-07-20T17:00:00.000Z,185.465,185.524,185.419,185.452,11108
2026-07-20T21:00:00.000Z,185.44,185.522,185.372,185.497,6653
2026-07-21T01:00:00.000Z,185.498,185.531,185.399,185.526,9933
2026-07-21T05:00:00.000Z,185.524,185.834,185.501,185.794,13685
2026-07-21T09:00:00.000Z,185.772,185.915,185.742,185.78,14603
2026-07-21T13:00:00.000Z,185.787,186.024,185.704,185.954,19193
2026-07-21T17:00:00.000Z,185.953,186.116,185.925,186.015,11865
2026-07-21T21:00:00.000Z,185.945,186.086,185.936,186.035,7225
2026-07-22T01:00:00.000Z,186.037,186.158,186.008,186.149,11082
2026-07-22T05:00:00.000Z,186.148,186.183,185.737,185.93,17450
2026-07-22T09:00:00.000Z,185.929,186.108,185.864,186.063,17025
2026-07-22T13:00:00.000Z,186.062,186.195,186.034,186.094,18883
2026-07-22T17:00:00.000Z,186.094,186.193,186.092,186.185,10989
2026-07-22T21:00:00.000Z,186.084,186.184,186.025,186.16,6478
2026-07-23T01:00:00.000Z,186.159,186.459,186.097,186.429,12709
2026-07-23T05:00:00.000Z,186.43,186.66,186.317,186.37,17227
2026-07-23T09:00:00.000Z,186.374,186.464,186.049,186.34,21449
2026-07-23T13:00:00.000Z,186.343,186.51,186.197,186.364,28222
2026-07-23T17:00:00.000Z,186.363,186.441,186.283,186.411,13984
2026-07-23T21:00:00.000Z,186.241,186.526,186.241,186.483,8042
2026-07-24T01:00:00.000Z,186.482,186.535,186.366,186.417,14081
2026-07-24T05:00:00.000Z,186.419,186.602,186.355,186.376,17133
2026-07-24T09:00:00.000Z,186.375,186.517,186.238,186.295,16543
2026-07-24T13:00:00.000Z,186.292,186.437,186.235,186.339,21181
2026-07-24T17:00:00.000Z,186.344,186.353,186.226,186.298,9111
2026-07-26T21:00:00.000Z,186.311,186.631,186.264,186.562,11676
2026-07-27T01:00:00.000Z,186.563,186.615,186.51,186.531,12175
2026-07-27T05:00:00.000Z,186.533,186.732,186.293,186.444,17758
2026-07-27T09:00:00.000Z,186.442,186.484,186.222,186.331,17283
2026-07-27T13:00:00.000Z,186.332,186.362,186.122,186.229,20684
2026-07-27T17:00:00.000Z,186.231,186.232,186.122,186.132,10958
2026-07-27T21:00:00.000Z,185.994,186.266,185.994,186.243,7288
2026-07-28T01:00:00.000Z,186.244,186.311,186.145,186.156,11784
2026-07-28T05:00:00.000Z,186.151,186.311,186.043,186.305,15604
2026-07-28T09:00:00.000Z,186.306,186.348,186.066,186.256,14705
2026-07-28T13:00:00.000Z,186.257,186.679,186.222,186.596,20803
2026-07-28T17:00:00.000Z,186.595,186.635,186.52,186.563,9525
2026-07-28T21:00:00.000Z,186.54,186.621,186.398,186.47,8263
2026-07-29T01:00:00.000Z,186.469,186.585,186.178,186.318,15706
2026-07-29T05:00:00.000Z,186.319,186.572,186.235,186.424,17630
2026-07-29T09:00:00.000Z,186.422,186.439,186.233,186.371,16436
2026-07-29T13:00:00.000Z,186.372,186.665,186.335,186.591,18815
2026-07-29T17:00:00.000Z,186.592,187.461,186.455,187.409,32857
2026-07-29T21:00:00.000Z,187.267,187.438,187.105,187.323,13004
2026-07-30T01:00:00.000Z,187.322,187.326,187.19,187.206,12083
2026-07-30T05:00:00.000Z,187.208,187.421,187.151,187.349,18863
2026-07-30T09:00:00.000Z,187.347,187.402,186.237,186.946,29541
2026-07-30T13:00:00.000Z,186.948,186.95,182.1,183.955,48704
2026-07-30T17:00:00.000Z,183.954,184.128,182.668,183.968,22980
2026-07-30T21:00:00.000Z,183.71,185.092,183.71,184.9,19028
2026-07-31T01:00:00.000Z,184.898,185.158,184.69,184.909,22524
2026-07-31T05:00:00.000Z,184.908,185.018,182.713,183.074,32260
2026-07-31T09:00:00.000Z,183.073,184.281,182.723,184.233,29204
2026-07-31T13:00:00.000Z,184.232,184.364,182.188,183.54,39753
2026-07-31T17:00:00.000Z,183.542,183.766,181.776,181.872,33738
2026-08-02T21:00:00.000Z,181.376,182.232,179.361,180.204,27595
2026-08-03T01:00:00.000Z,180.203,180.61,179.416,180.458,24155
2026-08-03T05:00:00.000Z,180.459,180.895,180.364,180.884,23403
2026-08-03T09:00:00.000Z,180.885,181.145,180.516,180.777,23711
2026-08-03T13:00:00.000Z,180.779,180.851,180.029,180.526,30003
2026-08-03T17:00:00.000Z,180.525,180.911,180.4,180.893,14799
2026-08-03T21:00:00.000Z,180.806,181.412,180.806,181.203,13293
2026-08-04T01:00:00.000Z,181.202,181.552,181.2,181.336,16359
2026-08-04T05:00:00.000Z,181.339,181.681,181.268,181.593,19107
2026-08-04T09:00:00.000Z,181.594,181.789,181.173,181.386,23854
2026-08-04T13:00:00.000Z,181.388,181.615,181.174,181.505,25753
2026-08-04T17:00:00.000Z,181.506,181.981,181.479,181.898,14159
2026-08-04T21:00:00.000Z,181.815,181.962,181.579,181.679,9882
2026-08-05T01:00:00.000Z,181.68,181.88,181.529,181.861,18723
2026-08-05T05:00:00.000Z,181.865,182.166,181.763,182.051,20559
2026-08-05T09:00:00.000Z,182.052,182.132,181.855,181.985,21968
2026-08-05T13:00:00.000Z,181.987,182.125,181.755,182.123,27626
2026-08-05T17:00:00.000Z,182.126,182.283,182.082,182.234,12504
2026-08-05T21:00:00.000Z,182.203,182.329,182.022,182.269,9746
2026-08-06T01:00:00.000Z,182.266,182.287,182.119,182.165,11052
2026-08-06T05:00:00.000Z,182.167,182.256,182.084,182.193,14659
2026-08-06T09:00:00.000Z,182.194,182.323,182.102,182.196,15720
2026-08-06T13:00:00.000Z,182.195,182.631,182.167,182.606,25765
2026-08-06T17:00:00.000Z,182.607,182.611,182.435,182.578,11790
2026-08-06T21:00:00.000Z,182.519,182.685,182.473,182.608,7634
2026-08-07T01:00:00.000Z,182.615,182.631,182.322,182.51,11397
2026-08-07T05:00:00.000Z,182.509,182.584,182.392,182.505,13649
2026-08-07T09:00:00.000Z,182.504,182.688,181.285,182.146,22925
2026-08-07T13:00:00.000Z,182.145,182.494,181.89,181.999,35271
2026-08-07T17:00:00.000Z,181.997,182.46,181.965,182.359,14353
2026-08-09T21:00:00.000Z,182.277,182.569,182.187,182.557,9198
2026-08-10T01:00:00.000Z,182.558,182.909,182.544,182.9,13319
2026-08-10T05:00:00.000Z,182.902,183.469,182.881,183.433,16954
2026-08-10T09:00:00.000Z,183.434,183.633,183.061,183.531,19156
2026-08-10T13:00:00.000Z,183.532,183.658,183.476,183.64,23378
2026-08-10T17:00:00.000Z,183.641,183.931,183.634,183.862,11494
2026-08-10T21:00:00.000Z,183.666,183.889,183.547,183.748,8355
2026-08-11T01:00:00.000Z,183.75,183.854,183.679,183.742,11959
2026-08-11T05:00:00.000Z,183.739,183.846,183.631,183.831,15128
2026-08-11T09:00:00.000Z,183.833,183.864,183.598,183.819,18572
2026-08-11T13:00:00.000Z,183.82,183.856,183.725,183.781,19524
2026-08-11T17:00:00.000Z,183.782,183.903,183.752,183.857,8801
2026-08-11T21:00:00.000Z,183.801,183.91,183.745,183.886,6498
2026-08-12T01:00:00.000Z,183.885,183.961,183.815,183.892,9043
2026-08-12T05:00:00.000Z,183.891,183.917,183.766,183.801,13276
2026-08-12T09:00:00.000Z,183.802,183.826,183.148,183.564,24301
2026-08-12T13:00:00.000Z,183.565,183.82,183.472,183.739,25523
2026-08-12T17:00:00.000Z,183.74,183.832,183.702,183.723,10701
2026-08-12T21:00:00.000Z,183.695,183.761,183.614,183.673,6789
2026-08-13T01:00:00.000Z,183.672,183.745,183.437,183.547,12153
2026-08-13T05:00:00.000Z,183.546,183.744,183.523,183.696,16096
2026-08-13T09:00:00.000Z,183.697,183.847,183.628,183.745,17096
2026-08-13T13:00:00.000Z,183.748,183.881,183.546,183.871,25768
2026-08-13T17:00:00.000Z,183.87,183.938,183.838,183.893,10972
2026-08-13T21:00:00.000Z,183.74,183.97,183.74,183.884,7563
2026-08-14T01:00:00.000Z,183.885,183.943,183.823,183.869,10826
2026-08-14T05:00:00.000Z,183.868,183.94,183.691,183.935,17049
2026-08-14T09:00:00.000Z,183.937,184.093,183.595,183.806,21834
2026-08-14T13:00:00.000Z,183.798,184.448,183.783,184.4,27297
2026-08-14T17:00:00.000Z,184.401,184.403,184.276,184.314,10035
2026-08-16T21:00:00.000Z,184.132,184.362,184.121,184.139,9692
2026-08-17T01:00:00.000Z,184.141,184.348,184.112,184.33,12784
2026-08-17T05:00:00.000Z,184.331,184.632,184.202,184.565,20576
2026-08-17T09:00:00.000Z,184.566,184.688,184.467,184.68,18804
2026-08-17T13:00:00.000Z,184.683,184.764,184.526,184.671,21240
2026-08-17T17:00:00.000Z,184.67,184.715,184.574,184.632,11880
2026-08-17T21:00:00.000Z,184.649,184.726,184.371,184.653,7529
2026-08-18T01:00:00.000Z,184.655,184.849,184.601,184.784,13286
2026-08-18T05:00:00.000Z,184.783,184.905,184.722,184.835,16334
2026-08-18T09:00:00.000Z,184.836,184.897,184.747,184.805,15565
2026-08-18T13:00:00.000Z,184.799,184.865,184.706,184.777,22889
2026-08-18T17:00:00.000Z,184.778,184.817,184.729,184.769,10661
2026-08-18T21:00:00.000Z,184.74,184.789,184.537,184.555,8986
2026-08-19T01:00:00.000Z,184.554,184.665,184.482,184.591,14021
2026-08-19T05:00:00.000Z,184.592,184.676,184.467,184.602,19380
2026-08-19T09:00:00.000Z,184.601,184.726,183.923,184.53,23653
2026-08-19T13:00:00.000Z,184.531,184.89,184.426,184.807,37135
2026-08-19T17:00:00.000Z,184.81,184.935,184.591,184.679,20253
2026-08-19T21:00:00.000Z,184.586,184.936,184.561,184.92,12374
2026-08-20T01:00:00.000Z,184.921,185.202,184.918,185.091,18007
2026-08-20T05:00:00.000Z,185.094,185.463,184.976,185.413,22627
2026-08-20T09:00:00.000Z,185.412,185.484,185.231,185.427,26979
2026-08-20T13:00:00.000Z,185.426,185.7,185.253,185.601,31446
2026-08-20T17:00:00.000Z,185.601,185.83,185.573,185.752,12381
2026-08-20T21:00:00.000Z,185.654,185.933,185.654,185.867,11088
2026-08-21T01:00:00.000Z,185.868,186.013,185.796,185.918,15402
2026-08-21T05:00:00.000Z,185.919,185.935,185.524,185.557,21290
2026-08-21T09:00:00.000Z,185.556,185.784,185.433,185.587,26355
2026-08-21T13:00:00.000Z,185.585,185.715,185.448,185.694,26353
2026-08-21T17:00:00.000Z,185.695,185.789,185.598,185.623,10802
2026-08-23T21:00:00.000Z,185.566,185.654,185.031,185.47,10219
2026-08-24T01:00:00.000Z,185.469,185.656,185.466,185.588,16391
2026-08-24T05:00:00.000Z,185.587,185.797,185.523,185.664,22313
2026-08-24T09:00:00.000Z,185.666,185.734,185.452,185.596,22781
2026-08-24T13:00:00.000Z,185.594,185.749,185.524,185.552,25510
2026-08-24T17:00:00.000Z,185.551,185.673,185.479,185.553,13807
2026-08-24T21:00:00.000Z,185.506,185.747,185.411,185.745,8674
2026-08-25T01:00:00.000Z,185.749,185.847,185.572,185.676,13576
2026-08-25T05:00:00.000Z,185.677,185.948,185.64,185.911,20021
2026-08-25T09:00:00.000Z,185.909,185.926,185.649,185.836,22112
2026-08-25T13:00:00.000Z,185.837,185.906,185.765,185.888,24604
2026-08-25T17:00:00.000Z,185.887,185.925,185.743,185.861,11570
2026-08-25T21:00:00.000Z,185.853,185.913,185.741,185.78,7404
2026-08-26T01:00:00.000Z,185.781,185.792,185.344,185.46,16332
2026-08-26T05:00:00.000Z,185.461,185.628,185.431,185.58,17786
2026-08-26T09:00:00.000Z,185.581,185.686,185.442,185.6,20814
2026-08-26T13:00:00.000Z,185.602,185.749,185.587,185.709,25741
2026-08-26T17:00:00.000Z,185.71,185.749,185.629,185.646,9617
2026-08-26T21:00:00.000Z,185.464,185.664,185.461,185.541,8558
2026-08-27T01:00:00.000Z,185.544,185.771,185.518,185.738,11648
2026-08-27T05:00:00.000Z,185.739,185.763,185.567,185.579,17205
2026-08-27T09:00:00.000Z,185.581,185.702,185.516,185.569,20462
2026-08-27T13:00:00.000Z,185.569,185.81,185.491,185.608,23792
2026-08-27T17:00:00.000Z,185.609,185.74,185.595,185.704,9692
2026-08-27T21:00:00.000Z,185.655,185.731,185.635,185.704,6717
2026-08-28T01:00:00.000Z,185.703,185.777,185.66,185.737,10175
2026-08-28T05:00:00.000Z,185.738,185.849,185.646,185.808,16527
2026-08-28T09:00:00.000Z,185.809,185.983,185.787,185.888,17100
2026-08-28T13:00:00.000Z,185.887,185.911,185.429,185.61,36514
2026-08-28T17:00:00.000Z,185.611,185.612,185.384,185.413,14716
2026-08-30T21:00:00.000Z,185.213,185.578,185.213,185.426,10090
2026-08-31T01:00:00.000Z,185.428,185.446,185.162,185.208,16669
2026-08-31T05:00:00.000Z,185.21,185.304,184.919,185.2,22201
2026-08-31T09:00:00.000Z,185.194,185.387,185.175,185.378,19678
2026-08-31T13:00:00.000Z,185.379,185.618,185.247,185.488,23504
2026-08-31T17:00:00.000Z,185.489,185.624,185.469,185.554,11958
2026-08-31T21:00:00.000Z,185.542,185.69,185.542,185.65,8808
2026-09-01T01:00:00.000Z,185.651,185.662,185.418,185.534,13457
2026-09-01T05:00:00.000Z,185.533,185.648,185.387,185.416,19123
2026-09-01T09:00:00.000Z,185.417,185.698,185.398,185.61,20709
2026-09-01T13:00:00.000Z,185.611,185.716,185.47,185.557,23749
2026-09-01T17:00:00.000Z,185.558,185.716,185.553,185.683,11729
2026-09-01T21:00:00.000Z,185.634,185.747,185.519,185.662,9844
2026-09-02T01:00:00.000Z,185.661,185.692,185.263,185.337,14982
2026-09-02T05:00:00.000Z,185.336,185.342,184.546,184.998,31410
2026-09-02T09:00:00.000Z,184.999,185.054,184.741,184.777,26085
2026-09-02T13:00:00.000Z,184.776,184.837,183.613,184.055,35594
2026-09-02T17:00:00.000Z,184.054,184.189,183.81,183.927,16055
2026-09-02T21:00:00.000Z,183.857,184.175,183.766,183.935,13231
2026-09-03T01:00:00.000Z,183.936,183.944,182.741,182.834,26616
2026-09-03T05:00:00.000Z,182.833,182.94,181.574,181.908,32778
2026-09-03T09:00:00.000Z,181.907,182.081,180.657,180.85,32907
2026-09-03T13:00:00.000Z,180.853,181.012,180.521,180.781,40207
2026-09-03T17:00:00.000Z,180.783,181.177,180.774,181.122,18191
2026-09-03T21:00:00.000Z,181.141,181.498,180.612,181.118,14586
2026-09-04T01:00:00.000Z,181.119,181.843,181.036,181.745,20487
2026-09-04T05:00:00.000Z,181.741,181.939,181.49,181.832,24958
2026-09-04T09:00:00.000Z,181.831,181.953,180.225,180.62,29085
2026-09-04T13:00:00.000Z,180.616,181.42,180.611,181.278,36463
2026-09-04T17:00:00.000Z,181.284,181.489,181.251,181.437,14227
2026-09-06T21:00:00.000Z,181.094,181.472,181.026,181.11,10551
2026-09-07T01:00:00.000Z,181.111,181.375,181.067,181.187,16159
2026-09-07T05:00:00.000Z,181.185,181.224,179.225,179.502,28777
2026-09-07T09:00:00.000Z,179.486,179.897,179.262,179.586,22524
2026-09-07T13:00:00.000Z,179.587,179.815,179.38,179.419,18497
2026-09-07T17:00:00.000Z,179.416,179.468,179.367,179.396,3531
2026-09-07T21:00:00.000Z,179.282,179.437,178.521,178.802,16490
2026-09-08T01:00:00.000Z,178.803,178.816,177.842,178.403,23981
2026-09-08T05:00:00.000Z,178.404,179.133,178.201,178.999,32460
2026-09-08T09:00:00.000Z,179,179.28,178.639,178.72,28359
2026-09-08T13:00:00.000Z,178.718,179.418,178.634,179.316,29997
2026-09-08T17:00:00.000Z,179.307,179.471,178.422,178.98,17806
2026-09-08T21:00:00.000Z,178.92,178.971,178.257,178.636,15490
2026-09-09T01:00:00.000Z,178.637,178.87,178.322,178.513,19913
2026-09-09T05:00:00.000Z,178.511,178.812,178.057,178.734,29478
2026-09-09T09:00:00.000Z,178.727,178.749,178.403,178.574,25717
2026-09-09T13:00:00.000Z,178.573,178.764,178.331,178.696,34641
2026-09-09T17:00:00.000Z,178.697,178.731,178.547,178.62,13836
2026-09-09T21:00:00.000Z,178.56,178.793,178.413,178.772,11251
2026-09-10T01:00:00.000Z,178.778,178.833,178.432,178.452,13924