time,open,high,low,close,volume
2023-09-10T21:00:00.000Z,1.07143,1.07209,1.07068,1.07133,8650
2023-09-11T01:00:00.000Z,1.07132,1.07376,1.07101,1.07354,12685
2023-09-11T05:00:00.000Z,1.07354,1.07412,1.07222,1.07284,17807
2023-09-11T09:00:00.000Z,1.07284,1.07343,1.07156,1.07275,16340
2023-09-11T13:00:00.000Z,1.07274,1.07592,1.07223,1.0751,20319
2023-09-11T17:00:00.000Z,1.0751,1.07522,1.07441,1.07489,7530
2023-09-11T21:00:00.000Z,1.07468,1.07528,1.07422,1.07439,3900
2023-09-12T01:00:00.000Z,1.07441,1.07688,1.07376,1.0739,10420
2023-09-12T05:00:00.000Z,1.07391,1.07409,1.0712,1.07143,16225
2023-09-12T09:00:00.000Z,1.07142,1.0726,1.07058,1.07073,15979
2023-09-12T13:00:00.000Z,1.07072,1.07374,1.07055,1.07231,17246
2023-09-12T17:00:00.000Z,1.07231,1.07648,1.07231,1.07597,10502
2023-09-12T21:00:00.000Z,1.07502,1.07641,1.0749,1.07593,4628
2023-09-13T01:00:00.000Z,1.07592,1.07648,1.07445,1.07523,9613
2023-09-13T05:00:00.000Z,1.07524,1.07545,1.07309,1.0735,18097
2023-09-13T09:00:00.000Z,1.07352,1.07616,1.0711,1.07476,23388
2023-09-13T13:00:00.000Z,1.07475,1.07559,1.07269,1.07406,27736
2023-09-13T17:00:00.000Z,1.07406,1.07491,1.07277,1.07297,8638
2023-09-13T21:00:00.000Z,1.07287,1.07423,1.07282,1.07399,4233
2023-09-14T01:00:00.000Z,1.07402,1.07488,1.07315,1.07471,8833
2023-09-14T05:00:00.000Z,1.07473,1.07521,1.07321,1.07339,13881
2023-09-14T09:00:00.000Z,1.07338,1.07469,1.06548,1.06767,24769
2023-09-14T13:00:00.000Z,1.06768,1.06972,1.0645,1.06485,33371
2023-09-14T17:00:00.000Z,1.06485,1.06507,1.06317,1.06433,10762
2023-09-14T21:00:00.000Z,1.06423,1.0644,1.06342,1.06421,4730
2023-09-15T01:00:00.000Z,1.06422,1.06535,1.06331,1.06535,10285
2023-09-15T05:00:00.000Z,1.06534,1.06687,1.06487,1.06656,16821
2023-09-15T09:00:00.000Z,1.06655,1.06692,1.0645,1.06503,15385
2023-09-15T13:00:00.000Z,1.06504,1.06877,1.06496,1.06721,27266
2023-09-15T17:00:00.000Z,1.06723,1.06762,1.0657,1.06626,10075
2023-09-17T21:00:00.000Z,1.06583,1.06718,1.06576,1.06715,3660
2023-09-18T01:00:00.000Z,1.06716,1.06738,1.06609,1.06686,7411
2023-09-18T05:00:00.000Z,1.06686,1.06777,1.06562,1.0664,13443
2023-09-18T09:00:00.000Z,1.06639,1.06747,1.06559,1.06568,13016
2023-09-18T13:00:00.000Z,1.06569,1.06987,1.06547,1.06921,18780
2023-09-18T17:00:00.000Z,1.06922,1.0698,1.06779,1.06915,7872
2023-09-18T21:00:00.000Z,1.06842,1.06966,1.06842,1.06884,3907
2023-09-19T01:00:00.000Z,1.06884,1.06894,1.06788,1.06799,5914
2023-09-19T05:00:00.000Z,1.06796,1.06953,1.06751,1.06866,13495
2023-09-19T09:00:00.000Z,1.06864,1.0718,1.06818,1.06996,16304
2023-09-19T13:00:00.000Z,1.06992,1.07014,1.06782,1.06847,18518
2023-09-19T17:00:00.000Z,1.06847,1.06917,1.06761,1.06809,8502
2023-09-19T21:00:00.000Z,1.06773,1.0686,1.06768,1.06848,3883
2023-09-20T01:00:00.000Z,1.06849,1.06897,1.06781,1.06786,6458
2023-09-20T05:00:00.000Z,1.06786,1.06969,1.06729,1.06962,16104
2023-09-20T09:00:00.000Z,1.06962,1.07051,1.06921,1.0698,11973
2023-09-20T13:00:00.000Z,1.06979,1.07367,1.06971,1.07352,18075
2023-09-20T17:00:00.000Z,1.07349,1.07353,1.065,1.06598,28676
2023-09-20T21:00:00.000Z,1.06589,1.06643,1.06299,1.06312,6851
2023-09-21T01:00:00.000Z,1.06311,1.06413,1.06166,1.06371,9887
2023-09-21T05:00:00.000Z,1.06371,1.06636,1.06326,1.06554,17828
2023-09-21T09:00:00.000Z,1.06554,1.06645,1.06241,1.06419,22934
2023-09-21T13:00:00.000Z,1.06423,1.06735,1.06378,1.06556,25194
2023-09-21T17:00:00.000Z,1.06556,1.06708,1.06555,1.06617,10392
2023-09-21T21:00:00.000Z,1.0656,1.06637,1.06533,1.06574,4662
2023-09-22T01:00:00.000Z,1.06574,1.06576,1.06408,1.06547,9626
2023-09-22T05:00:00.000Z,1.06545,1.06677,1.06148,1.06462,22806
2023-09-22T09:00:00.000Z,1.06461,1.06606,1.06339,1.06555,15399
2023-09-22T13:00:00.000Z,1.06555,1.06717,1.0642,1.06555,19214
2023-09-22T17:00:00.000Z,1.06556,1.06614,1.06392,1.0644,9434
2023-09-24T21:00:00.000Z,1.06487,1.06555,1.06398,1.06545,5400
2023-09-25T01:00:00.000Z,1.06547,1.06551,1.0643,1.06489,6952
2023-09-25T05:00:00.000Z,1.06489,1.0653,1.06241,1.06256,15620
2023-09-25T09:00:00.000Z,1.06256,1.06435,1.06192,1.06221,15090
2023-09-25T13:00:00.000Z,1.06223,1.06243,1.05754,1.0589,22179
2023-09-25T17:00:00.000Z,1.0589,1.05987,1.05855,1.05926,8236
2023-09-25T21:00:00.000Z,1.05928,1.05966,1.05805,1.05843,4638
2023-09-26T01:00:00.000Z,1.05843,1.05929,1.05782,1.05926,7328
2023-09-26T05:00:00.000Z,1.05926,1.05998,1.05699,1.05959,16766
2023-09-26T09:00:00.000Z,1.0596,1.0609,1.05894,1.06058,15539
2023-09-26T13:00:00.000Z,1.06057,1.06066,1.05676,1.05691,22839
2023-09-26T17:00:00.000Z,1.05691,1.05761,1.0562,1.05713,8854
2023-09-26T21:00:00.000Z,1.057,1.05741,1.05558,1.05598,5296
2023-09-27T01:00:00.000Z,1.05598,1.057,1.05572,1.05601,8822
2023-09-27T05:00:00.000Z,1.05603,1.05741,1.05547,1.05598,14694
2023-09-27T09:00:00.000Z,1.05597,1.05637,1.05343,1.05467,18331
2023-09-27T13:00:00.000Z,1.05466,1.05489,1.05006,1.05028,25850
2023-09-27T17:00:00.000Z,1.05028,1.05186,1.0488,1.05038,18608
2023-09-27T21:00:00.000Z,1.05044,1.05154,1.05006,1.0515,5347
2023-09-28T01:00:00.000Z,1.05151,1.05162,1.04967,1.05041,9162
2023-09-28T05:00:00.000Z,1.05042,1.05242,1.04909,1.05165,19723
2023-09-28T09:00:00.000Z,1.05169,1.05572,1.05151,1.0518,24435
2023-09-28T13:00:00.000Z,1.0518,1.05788,1.05178,1.05579,32061
2023-09-28T17:00:00.000Z,1.05579,1.05673,1.05498,1.05665,13507
2023-09-28T21:00:00.000Z,1.05607,1.05676,1.0558,1.05639,3785
2023-09-29T01:00:00.000Z,1.05638,1.05827,1.05619,1.05801,6996
2023-09-29T05:00:00.000Z,1.058,1.06165,1.05742,1.06091,20770
2023-09-29T09:00:00.000Z,1.0608,1.06169,1.05879,1.05996,22746
2023-09-29T13:00:00.000Z,1.05997,1.06073,1.05698,1.05775,31607
2023-09-29T17:00:00.000Z,1.05774,1.05798,1.05638,1.0573,15900
2023-10-01T21:00:00.000Z,1.05659,1.05722,1.05576,1.05641,6007
2023-10-02T01:00:00.000Z,1.05641,1.05712,1.0564,1.05687,4714
2023-10-02T05:00:00.000Z,1.05687,1.05917,1.056,1.05621,17264
2023-10-02T09:00:00.000Z,1.05621,1.05627,1.05249,1.05295,20028
2023-10-02T13:00:00.000Z,1.05292,1.05325,1.04882,1.04891,31459
2023-10-02T17:00:00.000Z,1.04891,1.05051,1.04779,1.04793,14039
2023-10-02T21:00:00.000Z,1.04773,1.04827,1.04645,1.04722,6035
2023-10-03T01:00:00.000Z,1.04723,1.04747,1.04598,1.04632,8895
2023-10-03T05:00:00.000Z,1.04633,1.04935,1.04607,1.04853,18417
2023-10-03T09:00:00.000Z,1.0485,1.04911,1.0462,1.04661,19909
2023-10-03T13:00:00.000Z,1.04662,1.04857,1.04482,1.04622,41049
2023-10-03T17:00:00.000Z,1.04621,1.04796,1.04594,1.04666,14971
2023-10-03T21:00:00.000Z,1.04663,1.04756,1.04629,1.04711,5170
2023-10-04T01:00:00.000Z,1.04711,1.04718,1.04571,1.047,10665
2023-10-04T05:00:00.000Z,1.04701,1.04887,1.04513,1.04861,18739
2023-10-04T09:00:00.000Z,1.0486,1.05322,1.04847,1.05251,24821
2023-10-04T13:00:00.000Z,1.05249,1.05259,1.0483,1.05123,31702
2023-10-04T17:00:00.000Z,1.05122,1.05194,1.04978,1.05048,14891
2023-10-04T21:00:00.000Z,1.05037,1.05221,1.05021,1.05201,4677
2023-10-05T01:00:00.000Z,1.05201,1.05289,1.052,1.05206,9844
2023-10-05T05:00:00.000Z,1.05206,1.05261,1.05014,1.0504,17932
2023-10-05T09:00:00.000Z,1.05041,1.05298,1.04999,1.05146,22529
2023-10-05T13:00:00.000Z,1.05146,1.05398,1.05077,1.05358,33072
2023-10-05T17:00:00.000Z,1.05358,1.05518,1.05287,1.05506,12701
2023-10-05T21:00:00.000Z,1.05466,1.05508,1.05411,1.05416,4065
2023-10-06T01:00:00.000Z,1.05416,1.05474,1.05381,1.05404,7834
2023-10-06T05:00:00.000Z,1.05403,1.05532,1.05313,1.05481,15515
2023-10-06T09:00:00.000Z,1.05481,1.05684,1.04824,1.04961,25118
2023-10-06T13:00:00.000Z,1.04962,1.05998,1.04882,1.05791,44020
2023-10-06T17:00:00.000Z,1.0579,1.05997,1.05771,1.05835,12489
2023-10-08T21:00:00.000Z,1.05529,1.05743,1.05475,1.05735,12850
2023-10-09T01:00:00.000Z,1.05733,1.0574,1.05478,1.05501,10423
2023-10-09T05:00:00.000Z,1.05504,1.05586,1.05194,1.05415,26308
2023-10-09T09:00:00.000Z,1.05416,1.05453,1.05224,1.0533,20547
2023-10-09T13:00:00.000Z,1.05328,1.05576,1.05326,1.05353,32368
2023-10-09T17:00:00.000Z,1.05356,1.05722,1.05351,1.05664,15434
2023-10-09T21:00:00.000Z,1.0566,1.05833,1.05641,1.05725,10055
2023-10-10T01:00:00.000Z,1.05726,1.05805,1.05606,1.05614,14588
2023-10-10T05:00:00.000Z,1.05612,1.06094,1.05543,1.06042,34005
2023-10-10T09:00:00.000Z,1.06042,1.06111,1.05718,1.05933,32501
2023-10-10T13:00:00.000Z,1.05931,1.06198,1.05847,1.06171,37401
2023-10-10T17:00:00.000Z,1.06171,1.06182,1.05924,1.06052,19146
2023-10-10T21:00:00.000Z,1.06028,1.06141,1.06023,1.06105,5782
2023-10-11T01:00:00.000Z,1.06104,1.06122,1.06012,1.06027,10839
2023-10-11T05:00:00.000Z,1.06029,1.06282,1.05932,1.06085,28900
2023-10-11T09:00:00.000Z,1.06082,1.06147,1.05797,1.06144,32250
2023-10-11T13:00:00.000Z,1.06144,1.06348,1.05995,1.06072,39565
2023-10-11T17:00:00.000Z,1.06073,1.06202,1.05848,1.06184,19039
2023-10-11T21:00:00.000Z,1.06174,1.06278,1.06156,1.06223,5669
2023-10-12T01:00:00.000Z,1.06225,1.06318,1.062,1.06309,9739
2023-10-12T05:00:00.000Z,1.06309,1.06396,1.06192,1.06265,20422
2023-10-12T09:00:00.000Z,1.06268,1.06273,1.05716,1.05816,31045
2023-10-12T13:00:00.000Z,1.05817,1.05861,1.05444,1.05485,45362
2023-10-12T17:00:00.000Z,1.05484,1.05493,1.05256,1.0528,21063
2023-10-12T21:00:00.000Z,1.05289,1.05395,1.05265,1.05388,6993
2023-10-13T01:00:00.000Z,1.05389,1.05499,1.05373,1.05498,10673
2023-10-13T05:00:00.000Z,1.05499,1.05585,1.05315,1.05537,24891
2023-10-13T09:00:00.000Z,1.05536,1.05548,1.05138,1.05376,30017
2023-10-13T13:00:00.000Z,1.05374,1.05412,1.04953,1.0509,28135
2023-10-13T17:00:00.000Z,1.05093,1.05157,1.05008,1.05067,13424
2023-10-15T21:00:00.000Z,1.05092,1.05253,1.05062,1.05176,7345
2023-10-16T01:00:00.000Z,1.05177,1.05268,1.05176,1.05259,7288
2023-10-16T05:00:00.000Z,1.05261,1.05427,1.05227,1.05408,17372
2023-10-16T09:00:00.000Z,1.05407,1.05457,1.05261,1.05417,16494
2023-10-16T13:00:00.000Z,1.05418,1.05554,1.05256,1.05474,19167
2023-10-16T17:00:00.000Z,1.05473,1.05628,1.05435,1.05588,8326
2023-10-16T21:00:00.000Z,1.0559,1.05616,1.05529,1.05557,5026
2023-10-17T01:00:00.000Z,1.05557,1.05558,1.05453,1.05475,8112
2023-10-17T05:00:00.000Z,1.05474,1.05547,1.05328,1.05358,15155
2023-10-17T09:00:00.000Z,1.05358,1.05793,1.05358,1.05472,21540
2023-10-17T13:00:00.000Z,1.05471,1.05948,1.05397,1.05795,30804
2023-10-17T17:00:00.000Z,1.05794,1.05811,1.05641,1.05769,12764
2023-10-17T21:00:00.000Z,1.05751,1.05771,1.05605,1.05644,5697
2023-10-18T01:00:00.000Z,1.05644,1.0579,1.05612,1.05755,10671
2023-10-18T05:00:00.000Z,1.05755,1.05942,1.05704,1.05832,19460
2023-10-18T09:00:00.000Z,1.05832,1.05867,1.05492,1.05569,22307
2023-10-18T13:00:00.000Z,1.05571,1.05642,1.05231,1.05368,31046
2023-10-18T17:00:00.000Z,1.05369,1.05538,1.05317,1.05354,16320
2023-10-18T21:00:00.000Z,1.05369,1.054,1.05326,1.0539,5509
2023-10-19T01:00:00.000Z,1.05389,1.0542,1.05305,1.05335,10156
2023-10-19T05:00:00.000Z,1.05334,1.0548,1.05282,1.05358,20220
2023-10-19T09:00:00.000Z,1.0536,1.05797,1.05351,1.05763,21727
2023-10-19T13:00:00.000Z,1.05766,1.06166,1.05556,1.05963,38657
2023-10-19T17:00:00.000Z,1.05962,1.06063,1.0578,1.0581,26755
2023-10-19T21:00:00.000Z,1.05804,1.05866,1.05737,1.05759,6501
2023-10-20T01:00:00.000Z,1.05759,1.05799,1.05682,1.05754,10406
2023-10-20T05:00:00.000Z,1.05755,1.05952,1.05649,1.05877,19877
2023-10-20T09:00:00.000Z,1.05876,1.05989,1.0565,1.05837,21078
2023-10-20T13:00:00.000Z,1.05838,1.06006,1.05721,1.05895,28122
2023-10-20T17:00:00.000Z,1.05896,1.06035,1.05862,1.05949,14854
2023-10-22T21:00:00.000Z,1.05938,1.05963,1.05839,1.0587,5972
2023-10-23T01:00:00.000Z,1.0587,1.05871,1.05735,1.05762,8244
2023-10-23T05:00:00.000Z,1.05761,1.06104,1.05715,1.06025,17143
2023-10-23T09:00:00.000Z,1.06025,1.06186,1.05904,1.06099,20841
2023-10-23T13:00:00.000Z,1.06099,1.06647,1.05911,1.06642,28951
2023-10-23T17:00:00.000Z,1.06645,1.06777,1.06595,1.06693,14683
2023-10-23T21:00:00.000Z,1.06662,1.06735,1.06623,1.06722,5646
2023-10-24T01:00:00.000Z,1.06723,1.0687,1.06678,1.06791,10826
2023-10-24T05:00:00.000Z,1.0679,1.0694,1.06439,1.06489,21649
2023-10-24T09:00:00.000Z,1.06489,1.06512,1.06121,1.06157,21409
2023-10-24T13:00:00.000Z,1.06158,1.06245,1.05831,1.05867,30693
2023-10-24T17:00:00.000Z,1.05867,1.05943,1.05843,1.05898,13507
2023-10-24T21:00:00.000Z,1.05895,1.05987,1.05852,1.05926,6221
2023-10-25T01:00:00.000Z,1.05926,1.06063,1.05918,1.06063,8015
2023-10-25T05:00:00.000Z,1.0606,1.06066,1.05783,1.0585,15806
2023-10-25T09:00:00.000Z,1.05848,1.05849,1.05659,1.05749,17849
2023-10-25T13:00:00.000Z,1.0575,1.05956,1.05668,1.05746,30824
2023-10-25T17:00:00.000Z,1.05747,1.05765,1.05656,1.05659,15678
2023-10-25T21:00:00.000Z,1.05671,1.05691,1.05577,1.05596,6591
2023-10-26T01:00:00.000Z,1.05595,1.05613,1.05413,1.05456,9908
2023-10-26T05:00:00.000Z,1.05456,1.05526,1.05329,1.05454,18676
2023-10-26T09:00:00.000Z,1.05453,1.056,1.05216,1.05599,22172
2023-10-26T13:00:00.000Z,1.05601,1.05602,1.0525,1.05286,32918
2023-10-26T17:00:00.000Z,1.05287,1.05646,1.05282,1.0561,16738
2023-10-26T21:00:00.000Z,1.05571,1.05657,1.05558,1.05577,6523
2023-10-27T01:00:00.000Z,1.05574,1.05679,1.05524,1.05671,7439
2023-10-27T05:00:00.000Z,1.05671,1.05699,1.05521,1.05619,13929
2023-10-27T09:00:00.000Z,1.05618,1.05692,1.05351,1.05559,16243
2023-10-27T13:00:00.000Z,1.05559,1.05971,1.05554,1.05829,28420
2023-10-27T17:00:00.000Z,1.05827,1.0583,1.05572,1.05652,16049
2023-10-29T21:00:00.000Z,1.05654,1.05712,1.0555,1.05626,6132
2023-10-30T01:00:00.000Z,1.05625,1.0566,1.05583,1.05609,7701
2023-10-30T05:00:00.000Z,1.0561,1.05675,1.05469,1.05601,13965
2023-10-30T09:00:00.000Z,1.05602,1.06084,1.05602,1.06066,18918
2023-10-30T13:00:00.000Z,1.06066,1.06251,1.05908,1.06074,28078
2023-10-30T17:00:00.000Z,1.06074,1.06217,1.06002,1.06147,9767
2023-10-30T21:00:00.000Z,1.06153,1.06172,1.06093,1.06118,4414
2023-10-31T01:00:00.000Z,1.06119,1.06124,1.05905,1.05938,13728
2023-10-31T05:00:00.000Z,1.05936,1.06457,1.05926,1.06445,16288
2023-10-31T09:00:00.000Z,1.06444,1.06748,1.06212,1.06233,24100
2023-10-31T13:00:00.000Z,1.06234,1.06257,1.05574,1.05672,35479
2023-10-31T17:00:00.000Z,1.05671,1.05858,1.05657,1.05746,14145
2023-10-31T21:00:00.000Z,1.05735,1.05806,1.05685,1.05732,6030
2023-11-01T01:00:00.000Z,1.05731,1.05764,1.05659,1.05661,9471
2023-11-01T05:00:00.000Z,1.05659,1.05775,1.05572,1.05576,14002
2023-11-01T09:00:00.000Z,1.05578,1.05627,1.05368,1.05384,20604
2023-11-01T13:00:00.000Z,1.05384,1.05707,1.05215,1.05338,31238
2023-11-01T17:00:00.000Z,1.05338,1.05756,1.05168,1.05702,31812
2023-11-01T21:00:00.000Z,1.05648,1.0602,1.05644,1.06019,8629
2023-11-02T01:00:00.000Z,1.06018,1.06022,1.05932,1.0596,9583
2023-11-02T05:00:00.000Z,1.05958,1.061,1.0591,1.06005,16566
2023-11-02T09:00:00.000Z,1.06003,1.06677,1.05989,1.06637,25949
2023-11-02T13:00:00.000Z,1.06638,1.06667,1.06104,1.06154,31114
2023-11-02T17:00:00.000Z,1.06154,1.06326,1.06137,1.06214,12983
2023-11-02T21:00:00.000Z,1.06202,1.0623,1.06148,1.06179,5364
2023-11-03T01:00:00.000Z,1.06179,1.06287,1.06146,1.06264,7310
2023-11-03T05:00:00.000Z,1.06265,1.06337,1.06197,1.06269,11919
2023-11-03T09:00:00.000Z,1.06269,1.07194,1.06242,1.07094,22307
2023-11-03T13:00:00.000Z,1.07095,1.07394,1.06933,1.07392,40429
2023-11-03T17:00:00.000Z,1.07393,1.07466,1.07222,1.07273,13504
2023-11-05T22:00:00.000Z,1.07245,1.07334,1.07218,1.07287,8303
2023-11-06T02:00:00.000Z,1.07288,1.07387,1.07264,1.0735,6685
2023-11-06T06:00:00.000Z,1.0735,1.07562,1.07314,1.07477,17902
2023-11-06T10:00:00.000Z,1.07476,1.07557,1.07351,1.0738,17434
2023-11-06T14:00:00.000Z,1.07383,1.07492,1.0726,1.07355,19740
2023-11-06T18:00:00.000Z,1.07356,1.0737,1.07164,1.0717,11491
2023-11-06T22:00:00.000Z,1.07163,1.07222,1.07079,1.07104,6744
2023-11-07T02:00:00.000Z,1.07106,1.07138,1.0705,1.07105,8870
2023-11-07T06:00:00.000Z,1.07106,1.07115,1.06829,1.06832,17533
2023-11-07T10:00:00.000Z,1.06831,1.06976,1.06656,1.06761,20525
2023-11-07T14:00:00.000Z,1.06762,1.06928,1.06641,1.06773,25542
2023-11-07T18:00:00.000Z,1.06772,1.07048,1.06761,1.06992,13539
2023-11-07T22:00:00.000Z,1.06989,1.06998,1.06864,1.0692,6879
2023-11-08T02:00:00.000Z,1.06918,1.06993,1.06853,1.06861,7827
2023-11-08T06:00:00.000Z,1.06859,1.06879,1.06602,1.06645,17532
2023-11-08T10:00:00.000Z,1.06646,1.06779,1.06592,1.06699,17657
2023-11-08T14:00:00.000Z,1.06698,1.07159,1.06688,1.07077,25722
2023-11-08T18:00:00.000Z,1.07076,1.07141,1.07,1.07095,14393
2023-11-08T22:00:00.000Z,1.0706,1.07145,1.07022,1.07121,6072
2023-11-09T02:00:00.000Z,1.07119,1.07157,1.07019,1.07027,6719
2023-11-09T06:00:00.000Z,1.07028,1.07098,1.06936,1.0698,15517
2023-11-09T10:00:00.000Z,1.06981,1.07086,1.06803,1.07076,18793
2023-11-09T14:00:00.000Z,1.07077,1.07254,1.06999,1.07047,26710
2023-11-09T18:00:00.000Z,1.07046,1.07055,1.06601,1.0668,28321
2023-11-09T22:00:00.000Z,1.06665,1.06751,1.06626,1.06718,7467
2023-11-10T02:00:00.000Z,1.06716,1.06743,1.06658,1.06689,6374
2023-11-10T06:00:00.000Z,1.06688,1.068,1.06561,1.06768,17210
2023-11-10T10:00:00.000Z,1.06769,1.06927,1.06691,1.0689,19746
2023-11-10T14:00:00.000Z,1.06891,1.06896,1.06624,1.06792,27516
2023-11-10T18:00:00.000Z,1.06793,1.06874,1.06729,1.0684,11623
2023-11-12T22:00:00.000Z,1.06833,1.06906,1.06785,1.06865,7584
2023-11-13T02:00:00.000Z,1.06866,1.0689,1.06812,1.06853,6072
2023-11-13T06:00:00.000Z,1.06852,1.07013,1.06835,1.06897,14490
2023-11-13T10:00:00.000Z,1.06896,1.06996,1.0665,1.06738,15178
2023-11-13T14:00:00.000Z,1.06737,1.07061,1.0668,1.06957,22657
2023-11-13T18:00:00.000Z,1.0696,1.07057,1.06901,1.06993,9150
2023-11-13T22:00:00.000Z,1.06932,1.07024,1.0693,1.06987,5104
2023-11-14T02:00:00.000Z,1.06984,1.07022,1.06928,1.06956,5883
2023-11-14T06:00:00.000Z,1.06955,1.07175,1.06941,1.07155,14101
2023-11-14T10:00:00.000Z,1.07157,1.08001,1.07148,1.07891,22417
2023-11-14T14:00:00.000Z,1.07892,1.08739,1.07885,1.08729,36488
2023-11-14T18:00:00.000Z,1.0873,1.08874,1.08677,1.0879,11848
2023-11-14T22:00:00.000Z,1.08774,1.08826,1.08655,1.08719,7370
2023-11-15T02:00:00.000Z,1.08721,1.08838,1.08706,1.08727,8533
2023-11-15T06:00:00.000Z,1.08728,1.08794,1.08439,1.0852,20538
2023-11-15T10:00:00.000Z,1.0852,1.08856,1.08399,1.08588,20602
2023-11-15T14:00:00.000Z,1.08589,1.08686,1.08314,1.0854,28779
2023-11-15T18:00:00.000Z,1.08539,1.08546,1.0841,1.08465,11596
2023-11-15T22:00:00.000Z,1.08468,1.08557,1.08419,1.08437,8203
2023-11-16T02:00:00.000Z,1.08437,1.08439,1.08298,1.0838,7629
2023-11-16T06:00:00.000Z,1.0838,1.08609,1.08339,1.08509,16210
2023-11-16T10:00:00.000Z,1.08509,1.08814,1.08389,1.08809,19587
2023-11-16T14:00:00.000Z,1.08809,1.08955,1.08465,1.08598,30083
2023-11-16T18:00:00.000Z,1.086,1.08657,1.08448,1.08537,10975
2023-11-16T22:00:00.000Z,1.08449,1.08569,1.08449,1.08529,8428
2023-11-17T02:00:00.000Z,1.08528,1.0857,1.08478,1.08531,6922
2023-11-17T06:00:00.000Z,1.08531,1.08584,1.08249,1.08528,19980
2023-11-17T10:00:00.000Z,1.0853,1.08774,1.08515,1.08711,23088
2023-11-17T14:00:00.000Z,1.08712,1.08932,1.08584,1.08903,26409
2023-11-17T18:00:00.000Z,1.08901,1.09137,1.08884,1.0913,9785
2023-11-19T22:00:00.000Z,1.09094,1.09111,1.08974,1.09083,8900
2023-11-20T02:00:00.000Z,1.09084,1.09356,1.0908,1.09186,12443
2023-11-20T06:00:00.000Z,1.09189,1.09402,1.0913,1.09365,20106
2023-11-20T10:00:00.000Z,1.09367,1.09367,1.09206,1.09265,17140
2023-11-20T14:00:00.000Z,1.09266,1.09516,1.09187,1.09376,20411
2023-11-20T18:00:00.000Z,1.09375,1.09517,1.09369,1.09405,12433
2023-11-20T22:00:00.000Z,1.0937,1.09574,1.09354,1.09522,9736
2023-11-21T02:00:00.000Z,1.09521,1.09651,1.0948,1.09559,11658
2023-11-21T06:00:00.000Z,1.09559,1.09639,1.09424,1.09438,19485
2023-11-21T10:00:00.000Z,1.09437,1.09613,1.0939,1.0945,18262
2023-11-21T14:00:00.000Z,1.0945,1.09594,1.09188,1.0921,26528
2023-11-21T18:00:00.000Z,1.09209,1.09215,1.09,1.09122,14192
2023-11-21T22:00:00.000Z,1.09098,1.09227,1.09076,1.09134,8373
2023-11-22T02:00:00.000Z,1.09135,1.09202,1.0905,1.09073,8551
2023-11-22T06:00:00.000Z,1.09071,1.09198,1.08825,1.09025,19019
2023-11-22T10:00:00.000Z,1.09024,1.09177,1.0891,1.08961,23213
2023-11-22T14:00:00.000Z,1.08965,1.08984,1.08523,1.08786,29734
2023-11-22T18:00:00.000Z,1.08786,1.08894,1.08775,1.08886,10805
2023-11-22T22:00:00.000Z,1.08881,1.08958,1.08816,1.08951,5669
2023-11-23T02:00:00.000Z,1.0895,1.09117,1.08947,1.09105,5651
2023-11-23T06:00:00.000Z,1.09106,1.093,1.08953,1.0923,19048
2023-11-23T10:00:00.000Z,1.09231,1.09241,1.08965,1.09017,13261
2023-11-23T14:00:00.000Z,1.09015,1.09105,1.0887,1.09058,10602
2023-11-23T18:00:00.000Z,1.09057,1.09072,1.09026,1.09064,1903
2023-11-23T22:00:00.000Z,1.09041,1.09104,1.08986,1.09017,6736
2023-11-24T02:00:00.000Z,1.09018,1.09119,1.0895,1.09118,7211
2023-11-24T06:00:00.000Z,1.09116,1.09207,1.09014,1.09028,14157
2023-11-24T10:00:00.000Z,1.09029,1.09282,1.09017,1.0922,14995
2023-11-24T14:00:00.000Z,1.09219,1.09453,1.09172,1.09405,19226
2023-11-24T18:00:00.000Z,1.09405,1.09486,1.09344,1.09358,10782
2023-11-26T22:00:00.000Z,1.09447,1.09497,1.09266,1.09467,8098
2023-11-27T02:00:00.000Z,1.09469,1.09506,1.09379,1.09495,9138
2023-11-27T06:00:00.000Z,1.09494,1.09591,1.09391,1.09484,15769
2023-11-27T10:00:00.000Z,1.09483,1.09564,1.09433,1.09436,17574
2023-11-27T14:00:00.000Z,1.09438,1.09451,1.09251,1.09343,25569
2023-11-27T18:00:00.000Z,1.09342,1.09574,1.09323,1.09547,10179
2023-11-27T22:00:00.000Z,1.09527,1.09618,1.09472,1.09578,7927
2023-11-28T02:00:00.000Z,1.09577,1.09627,1.095,1.09511,7069
2023-11-28T06:00:00.000Z,1.0951,1.09551,1.09344,1.09536,17455
2023-11-28T10:00:00.000Z,1.09537,1.09739,1.09453,1.09723,18950
2023-11-28T14:00:00.000Z,1.09723,1.10088,1.09641,1.09868,35945
2023-11-28T18:00:00.000Z,1.09871,1.09951,1.09731,1.09949,15277
2023-11-28T22:00:00.000Z,1.0992,1.10171,1.09901,1.10058,12132
2023-11-29T02:00:00.000Z,1.10062,1.10085,1.09966,1.1002,9966
2023-11-29T06:00:00.000Z,1.1002,1.10045,1.09717,1.09743,23851
2023-11-29T10:00:00.000Z,1.09744,1.09945,1.0969,1.09727,25063
2023-11-29T14:00:00.000Z,1.09728,1.09909,1.096,1.0976,30504
2023-11-29T18:00:00.000Z,1.09759,1.09948,1.09703,1.09703,12395
2023-11-29T22:00:00.000Z,1.09707,1.09839,1.09678,1.09694,7406
2023-11-30T02:00:00.000Z,1.09694,1.09778,1.09651,1.09722,9100
2023-11-30T06:00:00.000Z,1.09721,1.09818,1.092,1.09248,23299
2023-11-30T10:00:00.000Z,1.09244,1.09495,1.09091,1.09158,24271
2023-11-30T14:00:00.000Z,1.0916,1.09226,1.0888,1.08899,37047
2023-11-30T18:00:00.000Z,1.08899,1.08999,1.08793,1.08894,13401
2023-11-30T22:00:00.000Z,1.08862,1.09101,1.08841,1.09068,9905
2023-12-01T02:00:00.000Z,1.09067,1.09127,1.08981,1.09114,9373
2023-12-01T06:00:00.000Z,1.09109,1.09118,1.08858,1.08978,20972
2023-12-01T10:00:00.000Z,1.08977,1.09037,1.08662,1.08674,21477
2023-12-01T14:00:00.000Z,1.08673,1.08853,1.08286,1.08816,40284
2023-12-01T18:00:00.000Z,1.08816,1.08927,1.08699,1.08809,16911
2023-12-03T22:00:00.000Z,1.08785,1.08948,1.08665,1.0873,16216
2023-12-04T02:00:00.000Z,1.08732,1.08859,1.08682,1.08692,11137
2023-12-04T06:00:00.000Z,1.0869,1.08807,1.08497,1.08746,23004
2023-12-04T10:00:00.000Z,1.08746,1.08788,1.08531,1.08544,20894
2023-12-04T14:00:00.000Z,1.08546,1.0855,1.08039,1.08255,32976
2023-12-04T18:00:00.000Z,1.08257,1.0837,1.08151,1.08357,11856
2023-12-04T22:00:00.000Z,1.08266,1.08461,1.08266,1.08392,9062
2023-12-05T02:00:00.000Z,1.08393,1.08475,1.08347,1.08472,9580
2023-12-05T06:00:00.000Z,1.08472,1.08473,1.08039,1.08318,24381
2023-12-05T10:00:00.000Z,1.08316,1.08396,1.08123,1.08286,16090
2023-12-05T14:00:00.000Z,1.08285,1.08388,1.07819,1.07918,28054
2023-12-05T18:00:00.000Z,1.07918,1.07988,1.0778,1.07982,8999
2023-12-05T22:00:00.000Z,1.07951,1.07984,1.07879,1.0792,5955
2023-12-06T02:00:00.000Z,1.07919,1.08018,1.0788,1.08011,6258
2023-12-06T06:00:00.000Z,1.08011,1.08011,1.0775,1.0791,14485
2023-12-06T10:00:00.000Z,1.07911,1.07996,1.07724,1.0798,16067
2023-12-06T14:00:00.000Z,1.07979,1.08045,1.07807,1.07813,20980
2023-12-06T18:00:00.000Z,1.07811,1.07842,1.07584,1.07633,7886
2023-12-06T22:00:00.000Z,1.07649,1.07722,1.07622,1.07672,5585
2023-12-07T02:00:00.000Z,1.07672,1.07708,1.07568,1.07616,7341
2023-12-07T06:00:00.000Z,1.07616,1.07846,1.0755,1.07798,17622
2023-12-07T10:00:00.000Z,1.07798,1.07979,1.07592,1.07902,19713
2023-12-07T14:00:00.000Z,1.07903,1.08174,1.07669,1.08135,25497
2023-12-07T18:00:00.000Z,1.08135,1.08136,1.07905,1.07959,10179
2023-12-07T22:00:00.000Z,1.07912,1.08006,1.07851,1.0788,9480
2023-12-08T02:00:00.000Z,1.0788,1.07955,1.07822,1.07839,8461
2023-12-08T06:00:00.000Z,1.0784,1.07911,1.07722,1.07769,15972
2023-12-08T10:00:00.000Z,1.07768,1.07898,1.07233,1.07468,19511
2023-12-08T14:00:00.000Z,1.07468,1.07856,1.07303,1.0756,27538
2023-12-08T18:00:00.000Z,1.0756,1.07663,1.07528,1.07624,7378
2023-12-10T22:00:00.000Z,1.0759,1.07738,1.07553,1.07674,7178
2023-12-11T02:00:00.000Z,1.07674,1.07683,1.07608,1.07681,5167
2023-12-11T06:00:00.000Z,1.07681,1.07707,1.07513,1.07669,13425
2023-12-11T10:00:00.000Z,1.07669,1.07788,1.07521,1.07636,13036
2023-12-11T14:00:00.000Z,1.07636,1.07637,1.07415,1.0744,16506
2023-12-11T18:00:00.000Z,1.0744,1.07697,1.07424,1.0764,8215
2023-12-11T22:00:00.000Z,1.07613,1.07696,1.07572,1.07647,4576
2023-12-12T02:00:00.000Z,1.07646,1.07709,1.07611,1.07691,5242
2023-12-12T06:00:00.000Z,1.07691,1.07976,1.07685,1.07932,12200
2023-12-12T10:00:00.000Z,1.07933,1.08279,1.07734,1.07765,17124
2023-12-12T14:00:00.000Z,1.07763,1.08001,1.07669,1.07882,21748
2023-12-12T18:00:00.000Z,1.07882,1.07991,1.07867,1.07951,8777
2023-12-12T22:00:00.000Z,1.07923,1.07999,1.07888,1.07934,4973
2023-12-13T02:00:00.000Z,1.07934,1.07939,1.07841,1.079,5342
2023-12-13T06:00:00.000Z,1.07899,1.07926,1.07801,1.07872,12309
2023-12-13T10:00:00.000Z,1.07873,1.08035,1.07731,1.08005,13817
2023-12-13T14:00:00.000Z,1.08004,1.08094,1.07825,1.07841,16543
2023-12-13T18:00:00.000Z,1.0784,1.08963,1.07794,1.08748,25856
2023-12-13T22:00:00.000Z,1.0875,1.08981,1.08721,1.08965,10667
2023-12-14T02:00:00.000Z,1.08965,1.09153,1.08928,1.08937,11666
2023-12-14T06:00:00.000Z,1.08942,1.09129,1.08797,1.0904,20968
2023-12-14T10:00:00.000Z,1.09039,1.09512,1.08981,1.09438,24380
2023-12-14T14:00:00.000Z,1.09437,1.10091,1.09358,1.10048,28885
2023-12-14T18:00:00.000Z,1.10047,1.10059,1.09794,1.09912,11149
2023-12-14T22:00:00.000Z,1.09933,1.09964,1.09768,1.09845,7314
2023-12-15T02:00:00.000Z,1.09845,1.10038,1.09836,1.09843,8085
2023-12-15T06:00:00.000Z,1.09844,1.09992,1.09459,1.09603,18167
2023-12-15T10:00:00.000Z,1.09603,1.09694,1.09041,1.09162,18520
2023-12-15T14:00:00.000Z,1.09163,1.09281,1.09015,1.09103,25264
2023-12-15T18:00:00.000Z,1.09103,1.09107,1.08885,1.08952,13114
2023-12-17T22:00:00.000Z,1.08949,1.09012,1.08919,1.08975,5407
2023-12-18T02:00:00.000Z,1.08975,1.09158,1.08974,1.09154,5266
2023-12-18T06:00:00.000Z,1.09155,1.09299,1.09117,1.09195,13951
2023-12-18T10:00:00.000Z,1.09195,1.09292,1.09072,1.09212,14910
2023-12-18T14:00:00.000Z,1.09213,1.09311,1.09109,1.09277,18347
2023-12-18T18:00:00.000Z,1.09277,1.0928,1.09131,1.09234,7656
2023-12-18T22:00:00.000Z,1.09189,1.09258,1.09158,1.09186,6032
2023-12-19T02:00:00.000Z,1.09185,1.09291,1.09146,1.09278,8276
2023-12-19T06:00:00.000Z,1.09278,1.09494,1.09229,1.09412,15977
2023-12-19T10:00:00.000Z,1.09413,1.09737,1.09303,1.0962,15178
2023-12-19T14:00:00.000Z,1.0962,1.09874,1.09589,1.09749,19883
2023-12-19T18:00:00.000Z,1.09748,1.09802,1.09693,1.09801,7922
2023-12-19T22:00:00.000Z,1.09809,1.09833,1.09679,1.09698,5267
2023-12-20T02:00:00.000Z,1.09697,1.09726,1.09643,1.09649,5119
2023-12-20T06:00:00.000Z,1.09649,1.09713,1.09505,1.09644,15303
2023-12-20T10:00:00.000Z,1.09642,1.09652,1.09339,1.09605,14286
2023-12-20T14:00:00.000Z,1.09607,1.09756,1.09496,1.09579,18628
2023-12-20T18:00:00.000Z,1.09579,1.09636,1.09298,1.09421,12882
2023-12-20T22:00:00.000Z,1.09412,1.09534,1.09369,1.09523,5689
2023-12-21T02:00:00.000Z,1.09523,1.09558,1.0945,1.09545,6223
2023-12-21T06:00:00.000Z,1.09546,1.09549,1.09352,1.09438,12110
2023-12-21T10:00:00.000Z,1.09438,1.10022,1.09398,1.0991,17248
2023-12-21T14:00:00.000Z,1.09911,1.10012,1.09753,1.0986,26453
2023-12-21T18:00:00.000Z,1.09859,1.10123,1.09784,1.10118,11851
2023-12-21T22:00:00.000Z,1.10083,1.10124,1.09935,1.0998,6311
2023-12-22T02:00:00.000Z,1.09982,1.10049,1.09953,1.09966,6147
2023-12-22T06:00:00.000Z,1.09967,1.10136,1.09936,1.10044,13537
2023-12-22T10:00:00.000Z,1.10042,1.10378,1.10015,1.10287,18260
2023-12-22T14:00:00.000Z,1.10288,1.10402,1.1,1.10157,21731
2023-12-22T18:00:00.000Z,1.10157,1.10191,1.10021,1.10124,9004
2023-12-25T22:00:00.000Z,1.10088,1.10229,1.10056,1.10222,3358
2023-12-26T02:00:00.000Z,1.10222,1.10289,1.10194,1.10264,3883
2023-12-26T06:00:00.000Z,1.10264,1.10266,1.10096,1.10142,5150
2023-12-26T10:00:00.000Z,1.10143,1.10244,1.10086,1.10176,7012
2023-12-26T14:00:00.000Z,1.10174,1.10377,1.10139,1.10351,10632
2023-12-26T18:00:00.000Z,1.10352,1.1045,1.1034,1.10416,6658
2023-12-26T22:00:00.000Z,1.10412,1.10442,1.10319,1.10362,4126
2023-12-27T02:00:00.000Z,1.10362,1.10438,1.10285,1.10433,4510
2023-12-27T06:00:00.000Z,1.10433,1.10549,1.10365,1.10544,9896
2023-12-27T10:00:00.000Z,1.10545,1.10739,1.10485,1.10704,10434
2023-12-27T14:00:00.000Z,1.10704,1.11228,1.10688,1.11053,18157
2023-12-27T18:00:00.000Z,1.11052,1.1114,1.10988,1.11065,9418
2023-12-27T22:00:00.000Z,1.11026,1.11219,1.10974,1.11219,4177
2023-12-28T02:00:00.000Z,1.11219,1.11225,1.11084,1.11092,5906
2023-12-28T06:00:00.000Z,1.11092,1.11393,1.11043,1.11291,12998
2023-12-28T10:00:00.000Z,1.11292,1.11324,1.10724,1.10732,14392
2023-12-28T14:00:00.000Z,1.10732,1.11133,1.10659,1.10737,18660
2023-12-28T18:00:00.000Z,1.10738,1.10739,1.10551,1.10623,8985
2023-12-28T22:00:00.000Z,1.10598,1.10842,1.10598,1.10789,5551
2023-12-29T02:00:00.000Z,1.10789,1.10792,1.10609,1.10662,4719
2023-12-29T06:00:00.000Z,1.10662,1.10775,1.10441,1.10491,11369
2023-12-29T10:00:00.000Z,1.10489,1.10806,1.10466,1.10486,14210
2023-12-29T14:00:00.000Z,1.10487,1.10786,1.10424,1.10639,20839
2023-12-29T18:00:00.000Z,1.10638,1.10639,1.1034,1.1039,9889
2024-01-01T22:00:00.000Z,1.10423,1.10443,1.10341,1.10349,4572
2024-01-02T02:00:00.000Z,1.10349,1.1036,1.10165,1.10334,6027
2024-01-02T06:00:00.000Z,1.10336,1.10388,1.10106,1.10152,13927
2024-01-02T10:00:00.000Z,1.10151,1.10171,1.09494,1.09527,18375
2024-01-02T14:00:00.000Z,1.09527,1.09683,1.09408,1.09506,22231
2024-01-02T18:00:00.000Z,1.09506,1.09559,1.09383,1.09413,8749
2024-01-02T22:00:00.000Z,1.09423,1.09548,1.09381,1.09513,4417
2024-01-03T02:00:00.000Z,1.09513,1.09627,1.09486,1.09513,5087
2024-01-03T06:00:00.000Z,1.09512,1.09654,1.09347,1.09364,13822
2024-01-03T10:00:00.000Z,1.09364,1.0939,1.091,1.09216,17485
2024-01-03T14:00:00.000Z,1.09216,1.09387,1.0898,1.09066,25983
2024-01-03T18:00:00.000Z,1.09065,1.09256,1.08929,1.09196,17370
2024-01-03T22:00:00.000Z,1.09153,1.09274,1.0914,1.09178,4954
2024-01-04T02:00:00.000Z,1.09178,1.09306,1.09158,1.09266,6093
2024-01-04T06:00:00.000Z,1.09265,1.09691,1.09208,1.09674,17094
2024-01-04T10:00:00.000Z,1.09674,1.09721,1.09328,1.09472,16696
2024-01-04T14:00:00.000Z,1.09471,1.09653,1.09381,1.09505,21973
2024-01-04T18:00:00.000Z,1.09504,1.09544,1.0943,1.09478,8119
2024-01-04T22:00:00.000Z,1.09446,1.09559,1.0942,1.09514,5988
2024-01-05T02:00:00.000Z,1.09515,1.09542,1.0934,1.09374,5819
2024-01-05T06:00:00.000Z,1.09374,1.09374,1.09028,1.09125,14013
2024-01-05T10:00:00.000Z,1.09127,1.09278,1.08765,1.0921,18439
2024-01-05T14:00:00.000Z,1.0921,1.09984,1.0921,1.09463,33848
2024-01-05T18:00:00.000Z,1.09462,1.09596,1.09353,1.09409,12109
2024-01-07T22:00:00.000Z,1.09411,1.09531,1.09348,1.0948,4214
2024-01-08T02:00:00.000Z,1.0948,1.0948,1.09306,1.09374,5914
2024-01-08T06:00:00.000Z,1.09374,1.09522,1.09224,1.09371,14326
2024-01-08T10:00:00.000Z,1.09382,1.09562,1.09343,1.09507,15877
2024-01-08T14:00:00.000Z,1.09507,1.09789,1.09494,1.09646,19573
2024-01-08T18:00:00.000Z,1.09645,1.09658,1.09488,1.09508,7985
2024-01-08T22:00:00.000Z,1.09498,1.09618,1.09483,1.09614,5984
2024-01-09T02:00:00.000Z,1.09615,1.09662,1.09481,1.09496,5642
2024-01-09T06:00:00.000Z,1.09496,1.09628,1.09378,1.0944,13415
2024-01-09T10:00:00.000Z,1.09441,1.09481,1.09287,1.09458,15439
2024-01-09T14:00:00.000Z,1.09458,1.09512,1.09103,1.0934,21037
2024-01-09T18:00:00.000Z,1.09341,1.09399,1.09199,1.0931,10277
2024-01-09T22:00:00.000Z,1.09288,1.09362,1.09251,1.09321,5376
2024-01-10T02:00:00.000Z,1.09322,1.09359,1.09276,1.09323,5573
2024-01-10T06:00:00.000Z,1.09322,1.09518,1.09227,1.09472,14927
2024-01-10T10:00:00.000Z,1.09469,1.09552,1.09406,1.09406,13106
2024-01-10T14:00:00.000Z,1.09406,1.09692,1.09318,1.09672,16102
2024-01-10T18:00:00.000Z,1.09671,1.09728,1.09593,1.0972,10203
2024-01-10T22:00:00.000Z,1.09691,1.09801,1.09691,1.0979,4964
2024-01-11T02:00:00.000Z,1.0979,1.09848,1.09755,1.09784,5669
2024-01-11T06:00:00.000Z,1.09783,1.09885,1.09588,1.09638,12011
2024-01-11T10:00:00.000Z,1.09637,1.09985,1.09354,1.09393,19482
2024-01-11T14:00:00.000Z,1.09393,1.09731,1.09302,1.09507,35384
2024-01-11T18:00:00.000Z,1.09508,1.09829,1.09498,1.09727,15671
2024-01-11T22:00:00.000Z,1.09724,1.09847,1.09698,1.09826,7076
2024-01-12T02:00:00.000Z,1.09825,1.09853,1.0973,1.09755,6020
2024-01-12T06:00:00.000Z,1.09759,1.09827,1.09608,1.09624,13515
2024-01-12T10:00:00.000Z,1.09623,1.09694,1.09359,1.09553,18344
2024-01-12T14:00:00.000Z,1.09552,1.09869,1.09472,1.09496,26262
2024-01-12T18:00:00.000Z,1.09496,1.09635,1.0948,1.09496,8742
2024-01-14T22:00:00.000Z,1.09444,1.09561,1.09407,1.09546,6025
2024-01-15T02:00:00.000Z,1.09549,1.09675,1.09548,1.0964,5425
2024-01-15T06:00:00.000Z,1.09639,1.09666,1.0943,1.09468,12875
2024-01-15T10:00:00.000Z,1.09467,1.0959,1.09334,1.09505,13117
2024-01-15T14:00:00.000Z,1.09506,1.09526,1.09381,1.09482,10376
2024-01-15T18:00:00.000Z,1.09483,1.09536,1.09477,1.09504,1625
2024-01-15T22:00:00.000Z,1.09478,1.09508,1.09153,1.09275,8031
2024-01-16T02:00:00.000Z,1.09275,1.09276,1.09126,1.09153,7242
2024-01-16T06:00:00.000Z,1.09153,1.09266,1.08838,1.08861,17986
2024-01-16T10:00:00.000Z,1.08864,1.08978,1.08715,1.0874,19857
2024-01-16T14:00:00.000Z,1.08741,1.08946,1.08619,1.0863,29676
2024-01-16T18:00:00.000Z,1.0863,1.08774,1.08629,1.08756,9476
2024-01-16T22:00:00.000Z,1.08721,1.08822,1.08694,1.08771,6421
2024-01-17T02:00:00.000Z,1.08772,1.08844,1.08608,1.08647,7656
2024-01-17T06:00:00.000Z,1.08647,1.08816,1.08554,1.08762,18381
2024-01-17T10:00:00.000Z,1.0876,1.08838,1.08511,1.08639,18774
2024-01-17T14:00:00.000Z,1.08638,1.08708,1.08445,1.08669,23919
2024-01-17T18:00:00.000Z,1.0867,1.08827,1.08565,1.08815,11062
2024-01-17T22:00:00.000Z,1.08814,1.09008,1.0879,1.08959,7631
2024-01-18T02:00:00.000Z,1.0896,1.09028,1.08903,1.0895,7177
2024-01-18T06:00:00.000Z,1.08949,1.09066,1.08765,1.08846,13984
2024-01-18T10:00:00.000Z,1.08845,1.0896,1.08503,1.08526,18249
2024-01-18T14:00:00.000Z,1.08524,1.087,1.08466,1.08596,26389
2024-01-18T18:00:00.000Z,1.08597,1.08774,1.08542,1.08755,11008
2024-01-18T22:00:00.000Z,1.08743,1.08872,1.08678,1.08856,6670
2024-01-19T02:00:00.000Z,1.08855,1.08896,1.08794,1.08809,5703
2024-01-19T06:00:00.000Z,1.08809,1.08864,1.0868,1.08828,13650
2024-01-19T10:00:00.000Z,1.08828,1.0893,1.0873,1.08806,14234
2024-01-19T14:00:00.000Z,1.08806,1.08932,1.08656,1.08896,22809
2024-01-19T18:00:00.000Z,1.08896,1.08977,1.08856,1.08974,9700
2024-01-21T22:00:00.000Z,1.08919,1.09049,1.08856,1.09018,6615
2024-01-22T02:00:00.000Z,1.09019,1.09092,1.08984,1.09016,5603
2024-01-22T06:00:00.000Z,1.09015,1.09095,1.08871,1.08968,13337
2024-01-22T10:00:00.000Z,1.08967,1.08996,1.088,1.08916,14022
2024-01-22T14:00:00.000Z,1.08917,1.09,1.08817,1.08963,15821
2024-01-22T18:00:00.000Z,1.08964,1.08964,1.08802,1.0882,8477
2024-01-22T22:00:00.000Z,1.08828,1.08884,1.08755,1.08882,4443
2024-01-23T02:00:00.000Z,1.08883,1.09079,1.08848,1.09068,8244
2024-01-23T06:00:00.000Z,1.09068,1.09159,1.08837,1.08875,15517
2024-01-23T10:00:00.000Z,1.08874,1.08883,1.086,1.0874,13444
2024-01-23T14:00:00.000Z,1.0874,1.0874,1.08215,1.08313,19903
2024-01-23T18:00:00.000Z,1.08314,1.08559,1.08302,1.08533,7425
2024-01-23T22:00:00.000Z,1.08449,1.08597,1.08449,1.0858,5227
2024-01-24T02:00:00.000Z,1.0858,1.0866,1.08532,1.08619,5907
2024-01-24T06:00:00.000Z,1.08619,1.09076,1.08602,1.09028,16642
2024-01-24T10:00:00.000Z,1.09028,1.09271,1.08873,1.0925,16284
2024-01-24T14:00:00.000Z,1.0925,1.09324,1.08904,1.09052,25241
2024-01-24T18:00:00.000Z,1.09052,1.09059,1.08775,1.08846,12034
2024-01-24T22:00:00.000Z,1.08839,1.08865,1.08702,1.08775,6257
2024-01-25T02:00:00.000Z,1.08776,1.08818,1.08744,1.08782,5552
2024-01-25T06:00:00.000Z,1.08783,1.08997,1.08756,1.08958,12830
2024-01-25T10:00:00.000Z,1.08958,1.09017,1.08668,1.08788,17835
2024-01-25T14:00:00.000Z,1.08791,1.08791,1.0824,1.08374,28058
2024-01-25T18:00:00.000Z,1.08374,1.0848,1.08215,1.08473,12124
2024-01-25T22:00:00.000Z,1.08421,1.08476,1.08374,1.08444,5826
2024-01-26T02:00:00.000Z,1.08444,1.08489,1.08378,1.08424,5021
2024-01-26T06:00:00.000Z,1.08424,1.08505,1.08128,1.08441,15892
2024-01-26T10:00:00.000Z,1.08442,1.08855,1.08442,1.08719,17215
2024-01-26T14:00:00.000Z,1.08719,1.08803,1.08551,1.08637,20459
2024-01-26T18:00:00.000Z,1.08636,1.08659,1.08519,1.08528,7796
2024-01-28T22:00:00.000Z,1.08428,1.08491,1.0841,1.08439,4447
2024-01-29T02:00:00.000Z,1.0844,1.08476,1.08393,1.08399,4218
2024-01-29T06:00:00.000Z,1.08399,1.085,1.0823,1.08251,11455
2024-01-29T10:00:00.000Z,1.08252,1.08368,1.08138,1.08203,12795
2024-01-29T14:00:00.000Z,1.08204,1.08226,1.07959,1.08117,15635
2024-01-29T18:00:00.000Z,1.08117,1.08403,1.08093,1.08342,9625
2024-01-29T22:00:00.000Z,1.08321,1.0842,1.08287,1.08348,5352
2024-01-30T02:00:00.000Z,1.08347,1.08361,1.08218,1.08224,5353
2024-01-30T06:00:00.000Z,1.08225,1.0832,1.08119,1.08268,13469
2024-01-30T10:00:00.000Z,1.08268,1.08498,1.0823,1.08345,13491
2024-01-30T14:00:00.000Z,1.08345,1.08572,1.0828,1.08388,21512
2024-01-30T18:00:00.000Z,1.08387,1.08485,1.08315,1.08454,8615
2024-01-30T22:00:00.000Z,1.08393,1.08482,1.08312,1.08312,7862
2024-01-31T02:00:00.000Z,1.08311,1.08312,1.08159,1.08206,7214
2024-01-31T06:00:00.000Z,1.08206,1.08368,1.08059,1.08223,17148
2024-01-31T10:00:00.000Z,1.08223,1.08629,1.08212,1.08575,17859
2024-01-31T14:00:00.000Z,1.08574,1.08873,1.08417,1.08497,30102
2024-01-31T18:00:00.000Z,1.08496,1.08641,1.07945,1.08181,32834
2024-01-31T22:00:00.000Z,1.08166,1.08197,1.08017,1.08089,7593
2024-02-01T02:00:00.000Z,1.08086,1.08217,1.08027,1.08027,9238
2024-02-01T06:00:00.000Z,1.08028,1.08049,1.07799,1.07983,17785
2024-02-01T10:00:00.000Z,1.07987,1.08273,1.07914,1.08138,22024
2024-02-01T14:00:00.000Z,1.08138,1.08747,1.08038,1.08727,31659
2024-02-01T18:00:00.000Z,1.08727,1.08748,1.08627,1.08713,15606
2024-02-01T22:00:00.000Z,1.0872,1.08798,1.08638,1.08715,5686
2024-02-02T02:00:00.000Z,1.08716,1.08824,1.08713,1.08775,6459
2024-02-02T06:00:00.000Z,1.08774,1.08975,1.08735,1.08908,13349
2024-02-02T10:00:00.000Z,1.08908,1.0895,1.08036,1.08071,18743
2024-02-02T14:00:00.000Z,1.08071,1.08168,1.07808,1.07833,30152
2024-02-02T18:00:00.000Z,1.07833,1.07974,1.07804,1.07888,13730
2024-02-04T22:00:00.000Z,1.07825,1.07871,1.07672,1.07782,10791
2024-02-05T02:00:00.000Z,1.07782,1.07821,1.07732,1.07821,7855
2024-02-05T06:00:00.000Z,1.07821,1.07861,1.07518,1.07536,14573
2024-02-05T10:00:00.000Z,1.07536,1.07586,1.07361,1.07374,16230
2024-02-05T14:00:00.000Z,1.07373,1.07448,1.07231,1.07393,20554
2024-02-05T18:00:00.000Z,1.07393,1.07466,1.07367,1.07412,8904
2024-02-05T22:00:00.000Z,1.07424,1.07472,1.07373,1.07452,5385
2024-02-06T02:00:00.000Z,1.07452,1.07542,1.07433,1.07536,7392
2024-02-06T06:00:00.000Z,1.07536,1.07623,1.07254,1.0729,15711
2024-02-06T10:00:00.000Z,1.07291,1.0744,1.07225,1.07305,14877
2024-02-06T14:00:00.000Z,1.07305,1.07551,1.0729,1.0751,23123
2024-02-06T18:00:00.000Z,1.0751,1.07574,1.07433,1.07549,13070
2024-02-06T22:00:00.000Z,1.0753,1.07649,1.07489,1.07636,5607
2024-02-07T02:00:00.000Z,1.07636,1.07664,1.07565,1.07628,6477
2024-02-07T06:00:00.000Z,1.07629,1.07735,1.07567,1.07693,13926
2024-02-07T10:00:00.000Z,1.07693,1.07839,1.07623,1.07702,17359
2024-02-07T14:00:00.000Z,1.07702,1.07798,1.07557,1.07647,24633
2024-02-07T18:00:00.000Z,1.07647,1.07753,1.07645,1.07735,11262
2024-02-07T22:00:00.000Z,1.07711,1.07797,1.0768,1.07785,5574
2024-02-08T02:00:00.000Z,1.07785,1.07882,1.07783,1.07826,6225
2024-02-08T06:00:00.000Z,1.07827,1.07888,1.07684,1.0783,15174
2024-02-08T10:00:00.000Z,1.07831,1.07856,1.07415,1.07439,16152
2024-02-08T14:00:00.000Z,1.07441,1.07766,1.07435,1.07735,19133
2024-02-08T18:00:00.000Z,1.07736,1.07828,1.07725,1.07779,10360
2024-02-08T22:00:00.000Z,1.07777,1.07789,1.07722,1.07744,5432
2024-02-09T02:00:00.000Z,1.07743,1.07783,1.07693,1.0771,5185
2024-02-09T06:00:00.000Z,1.07711,1.07847,1.0766,1.07671,13895
2024-02-09T10:00:00.000Z,1.0767,1.07946,1.0762,1.0783,19643
2024-02-09T14:00:00.000Z,1.07827,1.0795,1.07749,1.07854,21172
2024-02-09T18:00:00.000Z,1.07855,1.07908,1.07796,1.07844,6797
2024-02-11T22:00:00.000Z,1.07818,1.07998,1.07786,1.07954,5673
2024-02-12T02:00:00.000Z,1.07954,1.07977,1.07893,1.07914,3206
2024-02-12T06:00:00.000Z,1.07915,1.08056,1.07667,1.0769,12433
2024-02-12T10:00:00.000Z,1.07691,1.07788,1.07611,1.07639,14091
2024-02-12T14:00:00.000Z,1.07639,1.07825,1.07559,1.07823,15381
2024-02-12T18:00:00.000Z,1.07824,1.0786,1.07678,1.0772,9741
2024-02-12T22:00:00.000Z,1.0773,1.07746,1.07656,1.07667,4242
2024-02-13T02:00:00.000Z,1.07667,1.07679,1.07605,1.07668,4265
2024-02-13T06:00:00.000Z,1.07669,1.07776,1.07567,1.07665,12841
2024-02-13T10:00:00.000Z,1.07665,1.07968,1.07029,1.07085,19164
2024-02-13T14:00:00.000Z,1.07083,1.07268,1.07006,1.07153,26642
2024-02-13T18:00:00.000Z,1.07154,1.07202,1.07006,1.07094,11335
2024-02-13T22:00:00.000Z,1.07088,1.07144,1.07034,1.07117,6368
2024-02-14T02:00:00.000Z,1.07116,1.07151,1.07081,1.0714,7000
2024-02-14T06:00:00.000Z,1.0714,1.07187,1.06947,1.07,14781
2024-02-14T10:00:00.000Z,1.07,1.07168,1.06963,1.07086,15133
2024-02-14T14:00:00.000Z,1.07087,1.07344,1.07065,1.07306,21823
2024-02-14T18:00:00.000Z,1.07307,1.07338,1.07256,1.07276,9581
2024-02-14T22:00:00.000Z,1.07269,1.07356,1.07254,1.07284,5030
2024-02-15T02:00:00.000Z,1.07283,1.07322,1.07246,1.0729,4871
2024-02-15T06:00:00.000Z,1.0729,1.07414,1.07271,1.0733,13466
2024-02-15T10:00:00.000Z,1.07331,1.07725,1.07306,1.07664,16612
2024-02-15T14:00:00.000Z,1.07664,1.07847,1.07551,1.07625,23817
2024-02-15T18:00:00.000Z,1.07625,1.07736,1.07605,1.0773,10152
2024-02-15T22:00:00.000Z,1.07704,1.07767,1.07611,1.07648,4921
2024-02-16T02:00:00.000Z,1.07648,1.07651,1.07572,1.07602,6644
2024-02-16T06:00:00.000Z,1.07603,1.07717,1.07585,1.07661,13510
2024-02-16T10:00:00.000Z,1.07661,1.078,1.07321,1.0746,15293
2024-02-16T14:00:00.000Z,1.07465,1.07779,1.07409,1.07777,24312
2024-02-16T18:00:00.000Z,1.07778,1.07875,1.07728,1.07762,10429
2024-02-18T22:00:00.000Z,1.0773,1.0789,1.07707,1.07804,6176
2024-02-19T02:00:00.000Z,1.07804,1.07833,1.07748,1.07818,5529
2024-02-19T06:00:00.000Z,1.07818,1.07894,1.07721,1.07747,10708
2024-02-19T10:00:00.000Z,1.07748,1.07818,1.07675,1.07702,10998
2024-02-19T14:00:00.000Z,1.07701,1.07764,1.0762,1.07761,8433
2024-02-19T18:00:00.000Z,1.07761,1.07835,1.07759,1.07794,1763
2024-02-19T22:00:00.000Z,1.07785,1.07797,1.07649,1.07658,7813
2024-02-20T02:00:00.000Z,1.0766,1.07711,1.07615,1.0768,7969
2024-02-20T06:00:00.000Z,1.07681,1.07989,1.07672,1.07978,14533
2024-02-20T10:00:00.000Z,1.07978,1.08249,1.07935,1.08229,19375
2024-02-20T14:00:00.000Z,1.0823,1.08388,1.08091,1.08118,20141
2024-02-20T18:00:00.000Z,1.08117,1.0813,1.08042,1.08083,10133
2024-02-20T22:00:00.000Z,1.08068,1.08127,1.08043,1.0812,6328
2024-02-21T02:00:00.000Z,1.0812,1.08189,1.0812,1.08151,7030
2024-02-21T06:00:00.000Z,1.08151,1.08152,1.07898,1.07998,12172
2024-02-21T10:00:00.000Z,1.07998,1.08114,1.07941,1.081,14351
2024-02-21T14:00:00.000Z,1.08101,1.082,1.08009,1.08076,18446
2024-02-21T18:00:00.000Z,1.08076,1.08241,1.07998,1.08173,18098
2024-02-21T22:00:00.000Z,1.0817,1.08317,1.08128,1.08265,5548
2024-02-22T02:00:00.000Z,1.08264,1.08378,1.08189,1.08332,5424
2024-02-22T06:00:00.000Z,1.08333,1.0888,1.08329,1.08528,18116
2024-02-22T10:00:00.000Z,1.08526,1.08589,1.08211,1.0823,18199
2024-02-22T14:00:00.000Z,1.08231,1.08245,1.08027,1.08201,21743
2024-02-22T18:00:00.000Z,1.08202,1.08262,1.08144,1.08234,10060
2024-02-22T22:00:00.000Z,1.08211,1.08318,1.08147,1.0827,7109
2024-02-23T02:00:00.000Z,1.08273,1.08304,1.08209,1.08227,9717
2024-02-23T06:00:00.000Z,1.08227,1.08325,1.08138,1.08173,13211
2024-02-23T10:00:00.000Z,1.08174,1.08395,1.08169,1.08319,16699
2024-02-23T14:00:00.000Z,1.08318,1.08369,1.08118,1.08247,22986
2024-02-23T18:00:00.000Z,1.08247,1.08295,1.08176,1.08207,9047
2024-02-25T22:00:00.000Z,1.08293,1.08294,1.08126,1.08165,6869
2024-02-26T02:00:00.000Z,1.08165,1.08242,1.08142,1.08232,5874
2024-02-26T06:00:00.000Z,1.08232,1.08404,1.08219,1.08399,13274
2024-02-26T10:00:00.000Z,1.084,1.08596,1.08384,1.0858,11923
2024-02-26T14:00:00.000Z,1.0858,1.08587,1.08386,1.08453,17064
2024-02-26T18:00:00.000Z,1.08452,1.08526,1.08396,1.08509,9665
2024-02-26T22:00:00.000Z,1.0847,1.08512,1.08452,1.085,6718
2024-02-27T02:00:00.000Z,1.085,1.08553,1.08482,1.08519,9183
2024-02-27T06:00:00.000Z,1.08521,1.08659,1.0847,1.0853,11994
2024-02-27T10:00:00.000Z,1.08529,1.08632,1.08418,1.0848,13432
2024-02-27T14:00:00.000Z,1.0848,1.08578,1.08329,1.08508,19009
2024-02-27T18:00:00.000Z,1.08509,1.08566,1.08406,1.08447,11228
2024-02-27T22:00:00.000Z,1.08434,1.08467,1.08378,1.08395,6384
2024-02-28T02:00:00.000Z,1.08394,1.08403,1.08254,1.08267,6114
2024-02-28T06:00:00.000Z,1.08265,1.08294,1.07966,1.07998,16556
2024-02-28T10:00:00.000Z,1.07997,1.08307,1.07992,1.08276,18521
2024-02-28T14:00:00.000Z,1.08275,1.08458,1.08213,1.08383,18460
2024-02-28T18:00:00.000Z,1.08384,1.08404,1.08324,1.08376,7997
2024-02-28T22:00:00.000Z,1.08348,1.08401,1.08277,1.08288,8983
2024-02-29T02:00:00.000Z,1.0829,1.08379,1.08286,1.08354,12453
2024-02-29T06:00:00.000Z,1.08354,1.0852,1.08258,1.08504,18595
2024-02-29T10:00:00.000Z,1.08505,1.08542,1.08217,1.08378,19323
2024-02-29T14:00:00.000Z,1.08376,1.08558,1.07958,1.07998,26978
2024-02-29T18:00:00.000Z,1.07998,1.08112,1.07984,1.08045,12752
2024-02-29T22:00:00.000Z,1.08009,1.08213,1.08,1.08212,7423
2024-03-01T02:00:00.000Z,1.08211,1.08219,1.0811,1.08121,5537
2024-03-01T06:00:00.000Z,1.08121,1.08198,1.08081,1.0815,16379
2024-03-01T10:00:00.000Z,1.08152,1.08248,1.07983,1.08127,19330
2024-03-01T14:00:00.000Z,1.08128,1.08416,1.07979,1.08376,21636
2024-03-01T18:00:00.000Z,1.08375,1.08431,1.08314,1.08399,9858
2024-03-03T22:00:00.000Z,1.08373,1.08479,1.0836,1.08401,6820
2024-03-04T02:00:00.000Z,1.084,1.08468,1.08384,1.08444,5046
2024-03-04T06:00:00.000Z,1.08444,1.08579,1.08376,1.0849,12963
2024-03-04T10:00:00.000Z,1.08489,1.08576,1.084,1.08487,13495
2024-03-04T14:00:00.000Z,1.08486,1.08668,1.08448,1.08579,17362
2024-03-04T18:00:00.000Z,1.08579,1.08606,1.08549,1.08559,8177
2024-03-04T22:00:00.000Z,1.08533,1.0858,1.08474,1.08494,7818
2024-03-05T02:00:00.000Z,1.08494,1.08547,1.08482,1.08529,4492
2024-03-05T06:00:00.000Z,1.0853,1.08558,1.08415,1.08513,12914
2024-03-05T10:00:00.000Z,1.08513,1.08548,1.08419,1.08462,15098
2024-03-05T14:00:00.000Z,1.08463,1.0876,1.08404,1.08598,21900
2024-03-05T18:00:00.000Z,1.08599,1.086,1.08489,1.08563,10025
2024-03-05T22:00:00.000Z,1.08551,1.08586,1.08419,1.08438,8217
2024-03-06T02:00:00.000Z,1.08438,1.08568,1.08438,1.0855,6113
2024-03-06T06:00:00.000Z,1.0855,1.08778,1.08547,1.08764,12364
2024-03-06T10:00:00.000Z,1.08764,1.08851,1.08673,1.08848,13714
2024-03-06T14:00:00.000Z,1.08845,1.09153,1.08812,1.09022,24752
2024-03-06T18:00:00.000Z,1.09024,1.09078,1.08928,1.08979,14742
2024-03-06T22:00:00.000Z,1.08927,1.09072,1.08927,1.08977,7601
2024-03-07T02:00:00.000Z,1.08977,1.09055,1.08934,1.09003,7514
2024-03-07T06:00:00.000Z,1.09001,1.09043,1.08876,1.09016,13875
2024-03-07T10:00:00.000Z,1.09016,1.09018,1.08677,1.08724,17993
2024-03-07T14:00:00.000Z,1.08722,1.0942,1.0869,1.0937,23743
2024-03-07T18:00:00.000Z,1.09369,1.09491,1.09364,1.09488,8370
2024-03-07T22:00:00.000Z,1.09445,1.09556,1.09431,1.0948,6755
2024-03-08T02:00:00.000Z,1.0948,1.09507,1.0944,1.09465,6524
2024-03-08T06:00:00.000Z,1.09464,1.09511,1.0926,1.09352,16475
2024-03-08T10:00:00.000Z,1.09352,1.09811,1.09175,1.0958,20268
2024-03-08T14:00:00.000Z,1.0958,1.09664,1.09367,1.09392,27384
2024-03-08T18:00:00.000Z,1.09394,1.09438,1.09333,1.09391,11674
2024-03-10T21:00:00.000Z,1.09397,1.09464,1.09355,1.09422,6629
2024-03-11T01:00:00.000Z,1.09422,1.09456,1.09369,1.09386,8630
2024-03-11T05:00:00.000Z,1.09386,1.09479,1.09353,1.09445,11790
2024-03-11T09:00:00.000Z,1.09445,1.09449,1.09292,1.09295,12446
2024-03-11T13:00:00.000Z,1.09294,1.09316,1.09144,1.09272,18132
2024-03-11T17:00:00.000Z,1.09273,1.09303,1.09183,1.09265,11605
2024-03-11T21:00:00.000Z,1.09227,1.09322,1.09197,1.09286,6571
2024-03-12T01:00:00.000Z,1.09286,1.09381,1.09268,1.09369,6281
2024-03-12T05:00:00.000Z,1.09369,1.09393,1.09211,1.09248,9883
2024-03-12T09:00:00.000Z,1.09248,1.09437,1.09023,1.092,20116
2024-03-12T13:00:00.000Z,1.09201,1.09229,1.09021,1.09175,24605
2024-03-12T17:00:00.000Z,1.09175,1.09274,1.09126,1.09268,11807
2024-03-12T21:00:00.000Z,1.09246,1.09296,1.09244,1.09269,9132
2024-03-13T01:00:00.000Z,1.09268,1.09307,1.0922,1.09234,9990
2024-03-13T05:00:00.000Z,1.09234,1.09328,1.09208,1.09277,11866
2024-03-13T09:00:00.000Z,1.09277,1.09472,1.092,1.09366,15425
2024-03-13T13:00:00.000Z,1.09367,1.09494,1.09314,1.0949,16887
2024-03-13T17:00:00.000Z,1.0949,1.09636,1.09455,1.09477,10260
2024-03-13T21:00:00.000Z,1.09502,1.09547,1.09454,1.09487,5382
2024-03-14T01:00:00.000Z,1.09488,1.09528,1.09389,1.09425,5756
2024-03-14T05:00:00.000Z,1.09424,1.09441,1.09316,1.09376,10939
2024-03-14T09:00:00.000Z,1.09376,1.09453,1.0924,1.09299,14778
2024-03-14T13:00:00.000Z,1.093,1.09312,1.08829,1.08871,25605
2024-03-14T17:00:00.000Z,1.0887,1.08919,1.08805,1.08839,10611
2024-03-14T21:00:00.000Z,1.08836,1.08861,1.0876,1.08777,5925
2024-03-15T01:00:00.000Z,1.08777,1.08802,1.08728,1.08764,7547
2024-03-15T05:00:00.000Z,1.08765,1.08869,1.08732,1.08828,10344
2024-03-15T09:00:00.000Z,1.08828,1.08997,1.08826,1.08872,14069
2024-03-15T13:00:00.000Z,1.08872,1.08949,1.08813,1.08858,19331
2024-03-15T17:00:00.000Z,1.08858,1.08914,1.08833,1.08885,9485
2024-03-17T21:00:00.000Z,1.08898,1.08912,1.08792,1.08853,4569
2024-03-18T01:00:00.000Z,1.08852,1.08917,1.08827,1.08876,5207
2024-03-18T05:00:00.000Z,1.08876,1.08978,1.08851,1.08936,8672
2024-03-18T09:00:00.000Z,1.08937,1.09061,1.08898,1.08922,11717
2024-03-18T13:00:00.000Z,1.08922,1.08935,1.08694,1.08723,14836
2024-03-18T17:00:00.000Z,1.08723,1.08751,1.08658,1.08717,7156
2024-03-18T21:00:00.000Z,1.0873,1.08746,1.08692,1.08694,5435
2024-03-19T01:00:00.000Z,1.08695,1.08766,1.08666,1.08704,11966
2024-03-19T05:00:00.000Z,1.08705,1.0872,1.08423,1.08474,13449
2024-03-19T09:00:00.000Z,1.08473,1.08561,1.08346,1.08516,16759
2024-03-19T13:00:00.000Z,1.08515,1.08655,1.08493,1.08634,16360
2024-03-19T17:00:00.000Z,1.08634,1.08674,1.08596,1.08655,8814
2024-03-19T21:00:00.000Z,1.08647,1.08668,1.08582,1.08644,5598
2024-03-20T01:00:00.000Z,1.08644,1.0871,1.08621,1.08666,4666
2024-03-20T05:00:00.000Z,1.08666,1.08721,1.085,1.08521,9234
2024-03-20T09:00:00.000Z,1.08519,1.08523,1.08363,1.08422,14541
2024-03-20T13:00:00.000Z,1.08421,1.08611,1.08372,1.08607,11611
2024-03-20T17:00:00.000Z,1.08607,1.09228,1.08586,1.09226,24710
2024-03-20T21:00:00.000Z,1.092,1.09374,1.09167,1.09333,7880
2024-03-21T01:00:00.000Z,1.09333,1.0939,1.09325,1.0933,7272
2024-03-21T05:00:00.000Z,1.0933,1.09425,1.08871,1.08913,14320
2024-03-21T09:00:00.000Z,1.08914,1.09235,1.08889,1.09115,19550
2024-03-21T13:00:00.000Z,1.09115,1.09118,1.08557,1.08608,24847
2024-03-21T17:00:00.000Z,1.08608,1.08663,1.08553,1.08595,8747
2024-03-21T21:00:00.000Z,1.08589,1.0868,1.08581,1.08652,4527
2024-03-22T01:00:00.000Z,1.08651,1.08658,1.0831,1.08332,9831
2024-03-22T05:00:00.000Z,1.08332,1.0842,1.0808,1.08116,14080
2024-03-22T09:00:00.000Z,1.08117,1.0831,1.08114,1.08263,17134
2024-03-22T13:00:00.000Z,1.08264,1.08318,1.08057,1.08057,14821
2024-03-22T17:00:00.000Z,1.08057,1.08106,1.08017,1.08087,5969
2024-03-24T21:00:00.000Z,1.08083,1.08102,1.08025,1.08035,4154
2024-03-25T01:00:00.000Z,1.08036,1.0822,1.0802,1.08131,8821
2024-03-25T05:00:00.000Z,1.08132,1.08237,1.0807,1.08137,9271
2024-03-25T09:00:00.000Z,1.08137,1.0834,1.08116,1.08306,10538
2024-03-25T13:00:00.000Z,1.08305,1.08425,1.08291,1.08366,13224
2024-03-25T17:00:00.000Z,1.08365,1.08407,1.08331,1.08366,5900
2024-03-25T21:00:00.000Z,1.08375,1.08429,1.08326,1.08426,5378
2024-03-26T01:00:00.000Z,1.08426,1.08454,1.08357,1.08402,5871
2024-03-26T05:00:00.000Z,1.084,1.08528,1.08385,1.08495,10077
2024-03-26T09:00:00.000Z,1.08494,1.08643,1.08454,1.0852,17459
2024-03-26T13:00:00.000Z,1.08519,1.08585,1.08241,1.08282,16065
2024-03-26T17:00:00.000Z,1.08283,1.08357,1.08266,1.08313,6557
2024-03-26T21:00:00.000Z,1.08312,1.08332,1.08273,1.08295,4576
2024-03-27T01:00:00.000Z,1.08294,1.08308,1.08204,1.08299,7273
2024-03-27T05:00:00.000Z,1.08298,1.08337,1.08213,1.08285,9264
2024-03-27T09:00:00.000Z,1.08286,1.08391,1.0815,1.08188,13799
2024-03-27T13:00:00.000Z,1.08188,1.08257,1.08108,1.08231,15650
2024-03-27T17:00:00.000Z,1.0823,1.0829,1.08174,1.08279,8610
2024-03-27T21:00:00.000Z,1.0824,1.08273,1.08078,1.08175,6445
2024-03-28T01:00:00.000Z,1.08174,1.08259,1.08148,1.08234,6213
2024-03-28T05:00:00.000Z,1.08234,1.08266,1.07897,1.07919,10700
2024-03-28T09:00:00.000Z,1.07919,1.08088,1.07751,1.08082,15555
2024-03-28T13:00:00.000Z,1.0808,1.08186,1.07928,1.07994,20695
2024-03-28T17:00:00.000Z,1.07993,1.08019,1.07846,1.07868,7919
2024-03-28T21:00:00.000Z,1.07863,1.07938,1.07836,1.07836,5132
2024-03-29T01:00:00.000Z,1.07836,1.07844,1.07737,1.07767,3660
2024-03-29T05:00:00.000Z,1.07767,1.07813,1.07675,1.07785,4525
2024-03-29T09:00:00.000Z,1.07785,1.08051,1.07727,1.07982,7636
2024-03-29T13:00:00.000Z,1.07983,1.08034,1.07867,1.07877,6098
2024-03-29T17:00:00.000Z,1.07877,1.0796,1.07875,1.07928,4908
2024-03-31T21:00:00.000Z,1.07892,1.07988,1.07849,1.07913,6875
2024-04-01T01:00:00.000Z,1.07913,1.07946,1.0784,1.07868,7144
2024-04-01T05:00:00.000Z,1.07867,1.07921,1.07828,1.07897,6460
2024-04-01T09:00:00.000Z,1.07898,1.07909,1.0777,1.07817,8802
2024-04-01T13:00:00.000Z,1.07817,1.07831,1.07309,1.07365,19510
2024-04-01T17:00:00.000Z,1.07365,1.0744,1.07365,1.07425,7287
2024-04-01T21:00:00.000Z,1.07398,1.07443,1.07309,1.07371,5743
2024-04-02T01:00:00.000Z,1.07371,1.07381,1.07292,1.07332,5314
2024-04-02T05:00:00.000Z,1.07332,1.07428,1.07244,1.07314,14466
2024-04-02T09:00:00.000Z,1.07314,1.0756,1.07311,1.0749,14533
2024-04-02T13:00:00.000Z,1.07489,1.07791,1.07479,1.07683,18650
2024-04-02T17:00:00.000Z,1.07682,1.07689,1.07602,1.07684,5569
2024-04-02T21:00:00.000Z,1.07699,1.07738,1.07658,1.07686,4566
2024-04-03T01:00:00.000Z,1.07686,1.07793,1.07657,1.07746,6732
2024-04-03T05:00:00.000Z,1.07747,1.07774,1.07639,1.0771,9160
2024-04-03T09:00:00.000Z,1.07714,1.07863,1.0765,1.07777,12905
2024-04-03T13:00:00.000Z,1.07778,1.08362,1.07777,1.08306,24375
2024-04-03T17:00:00.000Z,1.08307,1.08368,1.08255,1.08366,9409
2024-04-03T21:00:00.000Z,1.08337,1.08433,1.08325,1.08431,3942
2024-04-04T01:00:00.000Z,1.08429,1.08447,1.08381,1.08427,4363
2024-04-04T05:00:00.000Z,1.08428,1.08626,1.08389,1.08619,13176
2024-04-04T09:00:00.000Z,1.08619,1.08703,1.08506,1.08696,12590
2024-04-04T13:00:00.000Z,1.08696,1.08765,1.08579,1.08588,14237
2024-04-04T17:00:00.000Z,1.08587,1.08619,1.08317,1.08381,14773
2024-04-04T21:00:00.000Z,1.08383,1.08439,1.08341,1.08417,7911
2024-04-05T01:00:00.000Z,1.08416,1.0843,1.08231,1.08263,9133
2024-04-05T05:00:00.000Z,1.08264,1.08463,1.08225,1.08374,10396
2024-04-05T09:00:00.000Z,1.08374,1.08479,1.07999,1.08092,14972
2024-04-05T13:00:00.000Z,1.08092,1.08444,1.07913,1.08356,25096
2024-04-05T17:00:00.000Z,1.08356,1.08389,1.08305,1.0837,9014
2024-04-07T21:00:00.000Z,1.08361,1.08377,1.08229,1.08268,4078
2024-04-08T01:00:00.000Z,1.08268,1.08432,1.08267,1.08321,7024
2024-04-08T05:00:00.000Z,1.08322,1.08377,1.08221,1.08235,13102
2024-04-08T09:00:00.000Z,1.08234,1.08356,1.08206,1.08342,12229
2024-04-08T13:00:00.000Z,1.08343,1.08588,1.08343,1.08501,16636
2024-04-08T17:00:00.000Z,1.08502,1.08622,1.08495,1.08591,6810
2024-04-08T21:00:00.000Z,1.08558,1.08635,1.08549,1.08586,4813
2024-04-09T01:00:00.000Z,1.08587,1.08622,1.08539,1.08565,5927
2024-04-09T05:00:00.000Z,1.08566,1.08627,1.0849,1.08575,9056
2024-04-09T09:00:00.000Z,1.08575,1.0884,1.08564,1.08805,11964
2024-04-09T13:00:00.000Z,1.08807,1.08851,1.08522,1.08546,19483
2024-04-09T17:00:00.000Z,1.08544,1.0859,1.08475,1.08573,7986
2024-04-09T21:00:00.000Z,1.08565,1.08598,1.08525,1.08572,4858
2024-04-10T01:00:00.000Z,1.08571,1.08588,1.08503,1.08523,5490
2024-04-10T05:00:00.000Z,1.08524,1.08606,1.08477,1.08604,9899
2024-04-10T09:00:00.000Z,1.08604,1.08664,1.07783,1.07807,15504
2024-04-10T13:00:00.000Z,1.07806,1.07811,1.07287,1.07359,26161
2024-04-10T17:00:00.000Z,1.07359,1.07541,1.07289,1.07418,18176
2024-04-10T21:00:00.000Z,1.07429,1.07459,1.07381,1.07424,6035
2024-04-11T01:00:00.000Z,1.07425,1.07488,1.07411,1.07462,6693
2024-04-11T05:00:00.000Z,1.07463,1.07497,1.07265,1.07403,14154
2024-04-11T09:00:00.000Z,1.07403,1.07469,1.07148,1.07413,21171
2024-04-11T13:00:00.000Z,1.07413,1.07565,1.06992,1.07175,26949
2024-04-11T17:00:00.000Z,1.07175,1.07345,1.07152,1.07258,9927
2024-04-11T21:00:00.000Z,1.07271,1.07293,1.07225,1.0726,3254
2024-04-12T01:00:00.000Z,1.07259,1.07282,1.07108,1.07113,6124
2024-04-12T05:00:00.000Z,1.07112,1.07142,1.06706,1.06711,14739
2024-04-12T09:00:00.000Z,1.06711,1.06749,1.06311,1.06382,17335
2024-04-12T13:00:00.000Z,1.06382,1.06509,1.06225,1.06417,23435
2024-04-12T17:00:00.000Z,1.06419,1.06504,1.06371,1.06413,11538
2024-04-14T21:00:00.000Z,1.06341,1.06515,1.06304,1.06455,8295
2024-04-15T01:00:00.000Z,1.06455,1.06548,1.06391,1.06525,9464
2024-04-15T05:00:00.000Z,1.06525,1.06648,1.06498,1.06562,14333
2024-04-15T09:00:00.000Z,1.06563,1.0665,1.06308,1.0647,15989
2024-04-15T13:00:00.000Z,1.06472,1.06608,1.06218,1.06361,24782
2024-04-15T17:00:00.000Z,1.06361,1.06394,1.06202,1.06225,14652
2024-04-15T21:00:00.000Z,1.06236,1.06284,1.06178,1.06182,5262
2024-04-16T01:00:00.000Z,1.06183,1.06193,1.06059,1.06138,9146
2024-04-16T05:00:00.000Z,1.06138,1.06246,1.06022,1.06161,17021
2024-04-16T09:00:00.000Z,1.06159,1.06536,1.06159,1.06389,17944
2024-04-16T13:00:00.000Z,1.06388,1.06448,1.06187,1.0625,27430
2024-04-16T17:00:00.000Z,1.06251,1.0635,1.06011,1.06184,20581
2024-04-16T21:00:00.000Z,1.06173,1.06252,1.06125,1.06223,6813
2024-04-17T01:00:00.000Z,1.06222,1.06355,1.06201,1.06248,7339
2024-04-17T05:00:00.000Z,1.06248,1.06488,1.0606,1.06402,17500
2024-04-17T09:00:00.000Z,1.06404,1.06491,1.06314,1.06348,14467
2024-04-17T13:00:00.000Z,1.06348,1.06563,1.063,1.06496,23376
2024-04-17T17:00:00.000Z,1.06497,1.06796,1.06479,1.06733,14920
2024-04-17T21:00:00.000Z,1.06717,1.06755,1.06641,1.06696,4645
2024-04-18T01:00:00.000Z,1.06698,1.06802,1.06644,1.06783,6853
2024-04-18T05:00:00.000Z,1.06782,1.06901,1.06748,1.06785,12663
2024-04-18T09:00:00.000Z,1.06785,1.06814,1.06599,1.06626,14241
2024-04-18T13:00:00.000Z,1.06627,1.06684,1.06462,1.06533,21573
2024-04-18T17:00:00.000Z,1.06532,1.06548,1.06414,1.06416,10809
2024-04-18T21:00:00.000Z,1.06439,1.06445,1.06359,1.06385,5356
2024-04-19T01:00:00.000Z,1.06386,1.06431,1.06103,1.06345,25774
2024-04-19T05:00:00.000Z,1.06346,1.06592,1.06268,1.06455,21230
2024-04-19T09:00:00.000Z,1.06456,1.06737,1.06431,1.06654,16984
2024-04-19T13:00:00.000Z,1.06654,1.06775,1.06401,1.06535,22841
2024-04-19T17:00:00.000Z,1.06534,1.06584,1.06465,1.06572,12433
2024-04-21T21:00:00.000Z,1.06511,1.06648,1.06488,1.06532,5984
2024-04-22T01:00:00.000Z,1.06532,1.06706,1.06531,1.06653,7501
2024-04-22T05:00:00.000Z,1.06654,1.06692,1.06473,1.06569,13399
2024-04-22T09:00:00.000Z,1.06568,1.06619,1.06307,1.06398,13629
2024-04-22T13:00:00.000Z,1.06397,1.06509,1.06238,1.06487,15280
2024-04-22T17:00:00.000Z,1.06487,1.06607,1.06482,1.06544,6606
2024-04-22T21:00:00.000Z,1.06534,1.06592,1.06494,1.06586,3395
2024-04-23T01:00:00.000Z,1.06585,1.06606,1.06532,1.06551,6950
2024-04-23T05:00:00.000Z,1.06551,1.06948,1.06385,1.06706,16517
2024-04-23T09:00:00.000Z,1.06706,1.06779,1.06531,1.0672,15069
2024-04-23T13:00:00.000Z,1.0672,1.07113,1.066,1.06999,21923
2024-04-23T17:00:00.000Z,1.06999,1.07076,1.06993,1.07026,7422
2024-04-23T21:00:00.000Z,1.07028,1.07106,1.06989,1.07094,3434
2024-04-24T01:00:00.000Z,1.07095,1.07142,1.07042,1.07051,6167
2024-04-24T05:00:00.000Z,1.07052,1.07056,1.06806,1.06833,11836
2024-04-24T09:00:00.000Z,1.06833,1.0693,1.06778,1.06867,12849
2024-04-24T13:00:00.000Z,1.06867,1.07025,1.0681,1.06905,18167
2024-04-24T17:00:00.000Z,1.06906,1.07064,1.06869,1.06987,9237
2024-04-24T21:00:00.000Z,1.06946,1.07046,1.06929,1.07034,3662
2024-04-25T01:00:00.000Z,1.07034,1.07099,1.06968,1.07091,5337
2024-04-25T05:00:00.000Z,1.07092,1.07287,1.07076,1.07256,11763
2024-04-25T09:00:00.000Z,1.07255,1.07397,1.06853,1.06919,14912
2024-04-25T13:00:00.000Z,1.0692,1.0735,1.06782,1.0731,24639
2024-04-25T17:00:00.000Z,1.07312,1.07387,1.07228,1.07303,9325
2024-04-25T21:00:00.000Z,1.07289,1.07302,1.07226,1.07274,2897
2024-04-26T01:00:00.000Z,1.07274,1.07293,1.07184,1.07224,5535
2024-04-26T05:00:00.000Z,1.07224,1.07528,1.07214,1.07409,14973
2024-04-26T09:00:00.000Z,1.07409,1.07433,1.07101,1.07163,17798
2024-04-26T13:00:00.000Z,1.07164,1.07237,1.0674,1.06944,22046
2024-04-26T17:00:00.000Z,1.06945,1.07071,1.06909,1.0694,6469
2024-04-28T21:00:00.000Z,1.06918,1.07112,1.06905,1.07097,4170
2024-04-29T01:00:00.000Z,1.07098,1.07334,1.07075,1.07287,11556
2024-04-29T05:00:00.000Z,1.07287,1.07336,1.0701,1.07045,21033
2024-04-29T09:00:00.000Z,1.07046,1.07271,1.06972,1.07033,12439
2024-04-29T13:00:00.000Z,1.07032,1.07289,1.06901,1.07259,14063
2024-04-29T17:00:00.000Z,1.07261,1.07296,1.07149,1.072,8070
2024-04-29T21:00:00.000Z,1.07213,1.07226,1.07101,1.0715,3491
2024-04-30T01:00:00.000Z,1.07149,1.07177,1.07022,1.07056,4743
2024-04-30T05:00:00.000Z,1.07057,1.07122,1.06898,1.07108,11222
2024-04-30T09:00:00.000Z,1.07109,1.07354,1.06891,1.07001,15802
2024-04-30T13:00:00.000Z,1.07001,1.07196,1.06759,1.06788,22542
2024-04-30T17:00:00.000Z,1.06789,1.0683,1.06662,1.06669,7573
2024-04-30T21:00:00.000Z,1.06659,1.06727,1.0658,1.06616,3784
2024-05-01T01:00:00.000Z,1.06616,1.06632,1.06548,1.06558,3751
2024-05-01T05:00:00.000Z,1.06556,1.06705,1.06493,1.06693,6079
2024-05-01T09:00:00.000Z,1.06694,1.06847,1.06666,1.06843,9579
2024-05-01T13:00:00.000Z,1.06842,1.06913,1.06705,1.06716,14622
2024-05-01T17:00:00.000Z,1.06718,1.07326,1.06707,1.07176,27610
2024-05-01T21:00:00.000Z,1.07121,1.07216,1.07062,1.07116,6012
2024-05-02T01:00:00.000Z,1.07115,1.07209,1.07068,1.07176,6071
2024-05-02T05:00:00.000Z,1.07175,1.07281,1.06998,1.07041,13914
2024-05-02T09:00:00.000Z,1.07042,1.0712,1.06933,1.07011,13688
2024-05-02T13:00:00.000Z,1.07011,1.07215,1.06742,1.07165,20758
2024-05-02T17:00:00.000Z,1.07166,1.07302,1.07139,1.07257,9038
2024-05-02T21:00:00.000Z,1.07226,1.07316,1.0722,1.07313,4342
2024-05-03T01:00:00.000Z,1.07315,1.07394,1.07308,1.07322,5375
2024-05-03T05:00:00.000Z,1.07321,1.07442,1.07243,1.07425,11429
2024-05-03T09:00:00.000Z,1.07426,1.08121,1.07387,1.07935,15665
2024-05-03T13:00:00.000Z,1.07935,1.07982,1.07515,1.07634,28364
2024-05-03T17:00:00.000Z,1.07634,1.07693,1.0759,1.07634,5939
2024-05-05T21:00:00.000Z,1.07631,1.07689,1.0755,1.07674,3452
2024-05-06T01:00:00.000Z,1.07674,1.07715,1.0762,1.07627,5993
2024-05-06T05:00:00.000Z,1.07626,1.07761,1.07576,1.07684,9096
2024-05-06T09:00:00.000Z,1.07682,1.07907,1.0766,1.07873,9105
2024-05-06T13:00:00.000Z,1.07874,1.07889,1.07712,1.07742,10314
2024-05-06T17:00:00.000Z,1.07741,1.07766,1.07661,1.07697,5063
2024-05-06T21:00:00.000Z,1.0766,1.0776,1.07658,1.07751,3133
2024-05-07T01:00:00.000Z,1.0775,1.07769,1.07606,1.07658,5860
2024-05-07T05:00:00.000Z,1.07658,1.07695,1.0754,1.07638,10328
2024-05-07T09:00:00.000Z,1.07638,1.07791,1.07551,1.07755,10180
2024-05-07T13:00:00.000Z,1.07756,1.07874,1.07661,1.07703,12662
2024-05-07T17:00:00.000Z,1.07704,1.07706,1.07479,1.07548,7054
2024-05-07T21:00:00.000Z,1.07529,1.0756,1.07469,1.07479,3149
2024-05-08T01:00:00.000Z,1.07479,1.07487,1.0738,1.07413,4909
2024-05-08T05:00:00.000Z,1.07413,1.07491,1.0735,1.07442,8488
2024-05-08T09:00:00.000Z,1.07442,1.07539,1.07398,1.07488,9807
2024-05-08T13:00:00.000Z,1.07489,1.07575,1.07442,1.07458,11263
2024-05-08T17:00:00.000Z,1.07459,1.07469,1.07408,1.07469,5079
2024-05-08T21:00:00.000Z,1.07459,1.07506,1.07424,1.07432,2812
2024-05-09T01:00:00.000Z,1.07431,1.07516,1.07422,1.07452,4475
2024-05-09T05:00:00.000Z,1.07453,1.07464,1.07261,1.07282,7483
2024-05-09T09:00:00.000Z,1.07282,1.07623,1.07239,1.07593,13301
2024-05-09T13:00:00.000Z,1.07593,1.07817,1.07505,1.07758,13515
2024-05-09T17:00:00.000Z,1.07757,1.07844,1.07737,1.07823,5627
2024-05-09T21:00:00.000Z,1.07808,1.07859,1.07764,1.07792,3047
2024-05-10T01:00:00.000Z,1.07793,1.07826,1.07732,1.0774,4723
2024-05-10T05:00:00.000Z,1.07739,1.07867,1.07715,1.07807,10170
2024-05-10T09:00:00.000Z,1.07811,1.07861,1.07662,1.07701,10445
2024-05-10T13:00:00.000Z,1.077,1.07901,1.07603,1.07759,14702
2024-05-10T17:00:00.000Z,1.07759,1.07774,1.07685,1.07697,5022
2024-05-12T21:00:00.000Z,1.07699,1.07752,1.0763,1.07691,3916
2024-05-13T01:00:00.000Z,1.07693,1.07732,1.07657,1.07696,4926
2024-05-13T05:00:00.000Z,1.07695,1.07845,1.07688,1.07837,7699
2024-05-13T09:00:00.000Z,1.07837,1.07997,1.07772,1.07982,9984
2024-05-13T13:00:00.000Z,1.07982,1.08069,1.07894,1.07934,12698
2024-05-13T17:00:00.000Z,1.07934,1.07941,1.07867,1.07898,5479
2024-05-13T21:00:00.000Z,1.07877,1.07936,1.07853,1.07877,2623
2024-05-14T01:00:00.000Z,1.07876,1.07897,1.07843,1.07854,4692
2024-05-14T05:00:00.000Z,1.07854,1.07894,1.07752,1.07836,8907
2024-05-14T09:00:00.000Z,1.07837,1.08106,1.07669,1.08031,13482
2024-05-14T13:00:00.000Z,1.08032,1.08256,1.08006,1.08169,15276
2024-05-14T17:00:00.000Z,1.08169,1.0823,1.08155,1.08195,4239
2024-05-14T21:00:00.000Z,1.08183,1.08199,1.08131,1.0817,3059
2024-05-15T01:00:00.000Z,1.08169,1.08276,1.08164,1.08215,3654
2024-05-15T05:00:00.000Z,1.08214,1.08346,1.08211,1.08297,8676
2024-05-15T09:00:00.000Z,1.08298,1.08693,1.08218,1.08612,14307
2024-05-15T13:00:00.000Z,1.08612,1.08746,1.08316,1.0872,20132
2024-05-15T17:00:00.000Z,1.08721,1.0886,1.08716,1.0884,6238
2024-05-15T21:00:00.000Z,1.08847,1.08951,1.0878,1.08937,4600
2024-05-16T01:00:00.000Z,1.08937,1.08939,1.08813,1.08846,5995
2024-05-16T05:00:00.000Z,1.08847,1.0885,1.08663,1.08733,9269
2024-05-16T09:00:00.000Z,1.08733,1.08749,1.08606,1.08632,10582
2024-05-16T13:00:00.000Z,1.08632,1.08758,1.08543,1.08733,12889
2024-05-16T17:00:00.000Z,1.08733,1.08755,1.08647,1.0867,5028
2024-05-16T21:00:00.000Z,1.08634,1.08692,1.08598,1.08628,3352
2024-05-17T01:00:00.000Z,1.08628,1.08636,1.08543,1.08561,4135
2024-05-17T05:00:00.000Z,1.08562,1.08683,1.08416,1.08443,8471
2024-05-17T09:00:00.000Z,1.08442,1.08467,1.08356,1.08429,7896
2024-05-17T13:00:00.000Z,1.0843,1.08784,1.0843,1.08686,12193
2024-05-17T17:00:00.000Z,1.08685,1.08767,1.08682,1.08702,4593
2024-05-19T21:00:00.000Z,1.08656,1.08772,1.08623,1.0875,2711
2024-05-20T01:00:00.000Z,1.08751,1.08823,1.08715,1.08808,4400
2024-05-20T05:00:00.000Z,1.08808,1.08845,1.08692,1.08745,7641
2024-05-20T09:00:00.000Z,1.08746,1.0875,1.08543,1.08575,8879
2024-05-20T13:00:00.000Z,1.08574,1.08698,1.08574,1.08658,10303
2024-05-20T17:00:00.000Z,1.08657,1.08706,1.08568,1.08573,4421
2024-05-20T21:00:00.000Z,1.08561,1.08619,1.08559,1.08614,2632
2024-05-21T01:00:00.000Z,1.08613,1.08615,1.08509,1.08587,4995
2024-05-21T05:00:00.000Z,1.08587,1.08695,1.08565,1.08667,8918
2024-05-21T09:00:00.000Z,1.08666,1.08747,1.08547,1.08571,9810
2024-05-21T13:00:00.000Z,1.08569,1.08617,1.08426,1.08538,17063
2024-05-21T17:00:00.000Z,1.08538,1.08565,1.08463,1.08541,4762
2024-05-21T21:00:00.000Z,1.08546,1.08598,1.08528,1.08575,3085
2024-05-22T01:00:00.000Z,1.08574,1.08635,1.08527,1.08535,4862
2024-05-22T05:00:00.000Z,1.08535,1.08635,1.08462,1.08486,9671
2024-05-22T09:00:00.000Z,1.08485,1.08498,1.08218,1.08319,11219
2024-05-22T13:00:00.000Z,1.08319,1.08443,1.08316,1.08424,13538
2024-05-22T17:00:00.000Z,1.08423,1.0847,1.08174,1.08219,9974
2024-05-22T21:00:00.000Z,1.0822,1.08288,1.08213,1.08255,3136
2024-05-23T01:00:00.000Z,1.08254,1.08323,1.08219,1.08266,4754
2024-05-23T05:00:00.000Z,1.08265,1.08448,1.08124,1.08386,12338
2024-05-23T09:00:00.000Z,1.08387,1.08544,1.08336,1.08526,11571
2024-05-23T13:00:00.000Z,1.08527,1.08609,1.08179,1.08183,20892
2024-05-23T17:00:00.000Z,1.08183,1.08201,1.08047,1.08143,8913
2024-05-23T21:00:00.000Z,1.08125,1.0815,1.08074,1.08101,3884
2024-05-24T01:00:00.000Z,1.08101,1.08138,1.08054,1.08092,4749
2024-05-24T05:00:00.000Z,1.08091,1.08283,1.08075,1.08247,8713
2024-05-24T09:00:00.000Z,1.08247,1.08537,1.08235,1.08512,9983
2024-05-24T13:00:00.000Z,1.08512,1.08578,1.08415,1.08471,13245
2024-05-24T17:00:00.000Z,1.0847,1.08533,1.08458,1.08461,5219
2024-05-26T21:00:00.000Z,1.08458,1.08514,1.08416,1.08486,2752
2024-05-27T01:00:00.000Z,1.08486,1.08521,1.08472,1.08484,3401
2024-05-27T05:00:00.000Z,1.08484,1.08535,1.08442,1.08493,5817
2024-05-27T09:00:00.000Z,1.08494,1.08674,1.08407,1.0849,8471
2024-05-27T13:00:00.000Z,1.0849,1.08619,1.08444,1.08598,7490
2024-05-27T17:00:00.000Z,1.08598,1.08608,1.08571,1.08591,1362
2024-05-27T21:00:00.000Z,1.08573,1.08683,1.08523,1.0865,4506
2024-05-28T01:00:00.000Z,1.0865,1.088,1.08642,1.08761,5865
2024-05-28T05:00:00.000Z,1.0876,1.088,1.0867,1.087,8407
2024-05-28T09:00:00.000Z,1.087,1.0889,1.08671,1.08765,9557
2024-05-28T13:00:00.000Z,1.08764,1.08802,1.08578,1.08747,14512
2024-05-28T17:00:00.000Z,1.08746,1.08757,1.0855,1.08563,8065
2024-05-28T21:00:00.000Z,1.0856,1.08597,1.08476,1.08512,3850
2024-05-29T01:00:00.000Z,1.08512,1.0857,1.08439,1.08477,4581
2024-05-29T05:00:00.000Z,1.08478,1.08587,1.08291,1.08372,11007
2024-05-29T09:00:00.000Z,1.08371,1.08584,1.08353,1.08461,11726
2024-05-29T13:00:00.000Z,1.08462,1.08468,1.08074,1.08154,17596
2024-05-29T17:00:00.000Z,1.08153,1.08159,1.07999,1.08008,8067
2024-05-29T21:00:00.000Z,1.08017,1.0804,1.07953,1.07964,3365
2024-05-30T01:00:00.000Z,1.07964,1.08045,1.0792,1.07959,5998
2024-05-30T05:00:00.000Z,1.07958,1.08185,1.07882,1.0815,12396
2024-05-30T09:00:00.000Z,1.08149,1.08327,1.08084,1.0829,13442
2024-05-30T13:00:00.000Z,1.0829,1.08451,1.08253,1.08399,16909
2024-05-30T17:00:00.000Z,1.08399,1.08432,1.08268,1.08323,6721
2024-05-30T21:00:00.000Z,1.08288,1.0834,1.08288,1.08321,4082
2024-05-31T01:00:00.000Z,1.08321,1.08335,1.08111,1.08183,6914
2024-05-31T05:00:00.000Z,1.08182,1.08384,1.08145,1.08341,10711
2024-05-31T09:00:00.000Z,1.08341,1.08823,1.08335,1.08801,14971
2024-05-31T13:00:00.000Z,1.08801,1.08808,1.08397,1.08473,21214
2024-05-31T17:00:00.000Z,1.08473,1.08527,1.08406,1.08496,7764
2024-06-02T21:00:00.000Z,1.08464,1.08576,1.0844,1.08564,4161
2024-06-03T01:00:00.000Z,1.08563,1.08587,1.08491,1.08518,5140
2024-06-03T05:00:00.000Z,1.08518,1.08585,1.08334,1.08401,11164
2024-06-03T09:00:00.000Z,1.08401,1.08499,1.08277,1.08442,12770
2024-06-03T13:00:00.000Z,1.08443,1.08905,1.08443,1.08851,19175
2024-06-03T17:00:00.000Z,1.08851,1.0903,1.08813,1.09025,7598
2024-06-03T21:00:00.000Z,1.09024,1.0916,1.09003,1.09128,4249
2024-06-04T01:00:00.000Z,1.09128,1.09137,1.09052,1.09093,5081
2024-06-04T05:00:00.000Z,1.09092,1.09107,1.08739,1.08809,13409
2024-06-04T09:00:00.000Z,1.08808,1.0882,1.08588,1.08645,15470
2024-06-04T13:00:00.000Z,1.08645,1.08835,1.0862,1.08803,19580
2024-06-04T17:00:00.000Z,1.08802,1.08877,1.0878,1.08787,8759
2024-06-04T21:00:00.000Z,1.08805,1.08862,1.08773,1.08842,3366
2024-06-05T01:00:00.000Z,1.08841,1.08861,1.08766,1.08806,5120
2024-06-05T05:00:00.000Z,1.08807,1.08823,1.087,1.08758,9952
2024-06-05T09:00:00.000Z,1.08758,1.08842,1.08599,1.08839,11430
2024-06-05T13:00:00.000Z,1.08838,1.08915,1.08544,1.08644,19941
2024-06-05T17:00:00.000Z,1.08645,1.08773,1.08605,1.08692,6258
2024-06-05T21:00:00.000Z,1.08704,1.08824,1.08676,1.0882,3374
2024-06-06T01:00:00.000Z,1.08819,1.08958,1.08819,1.08871,6540
2024-06-06T05:00:00.000Z,1.08871,1.08882,1.08711,1.08772,9606
2024-06-06T09:00:00.000Z,1.08772,1.09018,1.08619,1.08819,13512
2024-06-06T13:00:00.000Z,1.08816,1.08912,1.08718,1.08819,16577
2024-06-06T17:00:00.000Z,1.08818,1.08943,1.08809,1.08895,6881
2024-06-06T21:00:00.000Z,1.08904,1.08932,1.08867,1.08895,3289
2024-06-07T01:00:00.000Z,1.08895,1.08979,1.08871,1.08953,5820
2024-06-07T05:00:00.000Z,1.08953,1.08984,1.08831,1.0889,10998
2024-06-07T09:00:00.000Z,1.0889,1.09018,1.08239,1.08331,16762
2024-06-07T13:00:00.000Z,1.08332,1.08357,1.08032,1.08052,21386
2024-06-07T17:00:00.000Z,1.08051,1.08071,1.07996,1.0802,8728
2024-06-09T21:00:00.000Z,1.07685,1.07817,1.07637,1.07778,6305
2024-06-10T01:00:00.000Z,1.07779,1.07799,1.0748,1.07542,5717
2024-06-10T05:00:00.000Z,1.07543,1.07681,1.07478,1.07567,13985
2024-06-10T09:00:00.000Z,1.07567,1.07603,1.07328,1.07413,12714
2024-06-10T13:00:00.000Z,1.07412,1.07588,1.0733,1.07539,13884
2024-06-10T17:00:00.000Z,1.07539,1.07656,1.07502,1.07649,7170
2024-06-10T21:00:00.000Z,1.07633,1.07681,1.07561,1.07636,3800
2024-06-11T01:00:00.000Z,1.07637,1.07705,1.07623,1.07684,5869
2024-06-11T05:00:00.000Z,1.07683,1.07734,1.07434,1.07452,11497
2024-06-11T09:00:00.000Z,1.0745,1.07564,1.07236,1.07322,17046
2024-06-11T13:00:00.000Z,1.07321,1.07389,1.07194,1.07373,15017
2024-06-11T17:00:00.000Z,1.07373,1.07494,1.07366,1.07401,6851
2024-06-11T21:00:00.000Z,1.07383,1.07429,1.07348,1.0736,3481
2024-06-12T01:00:00.000Z,1.07361,1.07432,1.07345,1.07367,4873
2024-06-12T05:00:00.000Z,1.07366,1.07539,1.07355,1.07465,9086
2024-06-12T09:00:00.000Z,1.07465,1.083,1.0744,1.08265,9183
2024-06-12T13:00:00.000Z,1.08265,1.08522,1.08175,1.0844,12392
2024-06-12T17:00:00.000Z,1.08439,1.08457,1.08036,1.08096,14077
2024-06-12T21:00:00.000Z,1.08075,1.08156,1.08062,1.08128,2890
2024-06-13T01:00:00.000Z,1.08128,1.08157,1.0803,1.08038,4064
2024-06-13T05:00:00.000Z,1.08038,1.08164,1.08004,1.08061,7047
2024-06-13T09:00:00.000Z,1.08061,1.08161,1.07805,1.07933,9643
2024-06-13T13:00:00.000Z,1.07937,1.08076,1.07328,1.07351,12641
2024-06-13T17:00:00.000Z,1.07352,1.0744,1.07351,1.07387,4933
2024-06-13T21:00:00.000Z,1.07372,1.07409,1.07351,1.07364,2495
2024-06-14T01:00:00.000Z,1.07363,1.0745,1.0735,1.07363,4231
2024-06-14T05:00:00.000Z,1.07363,1.07373,1.06898,1.06919,9767
2024-06-14T09:00:00.000Z,1.06919,1.07058,1.06716,1.06891,12969
2024-06-14T13:00:00.000Z,1.06891,1.07018,1.06676,1.07004,11630
2024-06-14T17:00:00.000Z,1.07005,1.07075,1.06945,1.07058,4461
2024-06-16T21:00:00.000Z,1.07029,1.07091,1.06998,1.07039,3243
2024-06-17T01:00:00.000Z,1.07039,1.07055,1.06988,1.07042,3826
2024-06-17T05:00:00.000Z,1.0704,1.07122,1.06863,1.07071,9870
2024-06-17T09:00:00.000Z,1.07074,1.07177,1.0702,1.07137,8290
2024-06-17T13:00:00.000Z,1.07137,1.07278,1.07117,1.07252,9057
2024-06-17T17:00:00.000Z,1.07252,1.07378,1.07233,1.0734,4295
2024-06-17T21:00:00.000Z,1.07326,1.07411,1.07305,1.07361,2467
2024-06-18T01:00:00.000Z,1.07363,1.07367,1.07202,1.07215,4151
2024-06-18T05:00:00.000Z,1.07214,1.07352,1.07148,1.07193,7700
2024-06-18T09:00:00.000Z,1.07193,1.0734,1.07099,1.07312,8887
2024-06-18T13:00:00.000Z,1.07311,1.07614,1.073,1.07393,10664
2024-06-18T17:00:00.000Z,1.07394,1.07433,1.0732,1.07392,5234
2024-06-18T21:00:00.000Z,1.0738,1.07411,1.07364,1.07374,1908
2024-06-19T01:00:00.000Z,1.07373,1.07424,1.07352,1.07359,2907
2024-06-19T05:00:00.000Z,1.07358,1.07417,1.07247,1.07403,7594
2024-06-19T09:00:00.000Z,1.07402,1.07533,1.07325,1.07458,7400
2024-06-19T13:00:00.000Z,1.07464,1.07508,1.07409,1.07472,4216
2024-06-19T17:00:00.000Z,1.07471,1.07472,1.07425,1.07443,843
2024-06-19T21:00:00.000Z,1.07438,1.07488,1.07427,1.07461,2007
2024-06-20T01:00:00.000Z,1.07461,1.0748,1.07389,1.07426,3425
2024-06-20T05:00:00.000Z,1.07426,1.07433,1.07125,1.07169,6792
2024-06-20T09:00:00.000Z,1.07172,1.07321,1.07128,1.07189,8873
2024-06-20T13:00:00.000Z,1.0719,1.07306,1.07033,1.07071,9641
2024-06-20T17:00:00.000Z,1.07071,1.07178,1.07018,1.07023,5202
2024-06-20T21:00:00.000Z,1.07017,1.07076,1.07012,1.07065,2184
2024-06-21T01:00:00.000Z,1.07065,1.07185,1.0705,1.07184,3538
2024-06-21T05:00:00.000Z,1.07184,1.07206,1.06709,1.06909,8884
2024-06-21T09:00:00.000Z,1.06909,1.0698,1.06765,1.06947,8049
2024-06-21T13:00:00.000Z,1.06947,1.06976,1.06779,1.06921,10469
2024-06-21T17:00:00.000Z,1.06917,1.06968,1.06906,1.06929,4103
2024-06-23T21:00:00.000Z,1.06892,1.06956,1.06848,1.06918,2392
2024-06-24T01:00:00.000Z,1.06918,1.06946,1.06836,1.06946,4031
2024-06-24T05:00:00.000Z,1.06947,1.07178,1.06946,1.07135,6781
2024-06-24T09:00:00.000Z,1.07133,1.07358,1.07131,1.07346,8845
2024-06-24T13:00:00.000Z,1.07346,1.07463,1.07233,1.07278,10283
2024-06-24T17:00:00.000Z,1.07277,1.07383,1.07218,1.07348,5543
2024-06-24T21:00:00.000Z,1.07319,1.07356,1.07307,1.0734,2470
2024-06-25T01:00:00.000Z,1.07339,1.074,1.07322,1.07394,4534
2024-06-25T05:00:00.000Z,1.07395,1.07442,1.07209,1.07342,8211
2024-06-25T09:00:00.000Z,1.07337,1.07353,1.07021,1.0705,9003
2024-06-25T13:00:00.000Z,1.07051,1.07131,1.06906,1.07046,10002
2024-06-25T17:00:00.000Z,1.07046,1.07176,1.07044,1.07131,4640
2024-06-25T21:00:00.000Z,1.07086,1.07151,1.07062,1.07114,2739
2024-06-26T01:00:00.000Z,1.07114,1.07179,1.07074,1.07104,4995
2024-06-26T05:00:00.000Z,1.07104,1.07113,1.06852,1.06949,8075
2024-06-26T09:00:00.000Z,1.06948,1.06995,1.06769,1.0677,9804
2024-06-26T13:00:00.000Z,1.06766,1.06957,1.06659,1.0682,13477
2024-06-26T17:00:00.000Z,1.0682,1.06908,1.0675,1.06793,5440
2024-06-26T21:00:00.000Z,1.06796,1.06821,1.0677,1.06781,3053
2024-06-27T01:00:00.000Z,1.06782,1.06948,1.06777,1.06942,4359
2024-06-27T05:00:00.000Z,1.06942,1.0699,1.06805,1.06879,10509
2024-06-27T09:00:00.000Z,1.0688,1.0722,1.06873,1.07194,14718
2024-06-27T13:00:00.000Z,1.07194,1.07264,1.07002,1.07068,16107
2024-06-27T17:00:00.000Z,1.07066,1.07084,1.07013,1.07033,6763
2024-06-27T21:00:00.000Z,1.07041,1.07109,1.06974,1.06976,3787
2024-06-28T01:00:00.000Z,1.06975,1.0699,1.06853,1.06866,7943
2024-06-28T05:00:00.000Z,1.06867,1.0704,1.0686,1.06979,10924
2024-06-28T09:00:00.000Z,1.06978,1.07194,1.06919,1.07048,14106
2024-06-28T13:00:00.000Z,1.07046,1.07221,1.06924,1.07159,22865
2024-06-28T17:00:00.000Z,1.07159,1.07247,1.0706,1.0713,8627
2024-06-30T21:00:00.000Z,1.07418,1.07496,1.07325,1.07457,6249
2024-07-01T01:00:00.000Z,1.07456,1.07613,1.07428,1.07549,9453
2024-07-01T05:00:00.000Z,1.07549,1.07764,1.07494,1.07684,14501
2024-07-01T09:00:00.000Z,1.07683,1.07686,1.07397,1.07482,12425
2024-07-01T13:00:00.000Z,1.07482,1.07697,1.07195,1.07314,19225
2024-07-01T17:00:00.000Z,1.07314,1.07426,1.07241,1.07397,6709
2024-07-01T21:00:00.000Z,1.07371,1.0741,1.0733,1.07347,4197
2024-07-02T01:00:00.000Z,1.07348,1.07364,1.07282,1.07295,5226
2024-07-02T05:00:00.000Z,1.07295,1.07358,1.07119,1.07208,12306
2024-07-02T09:00:00.000Z,1.07208,1.07335,1.07098,1.07316,11755
2024-07-02T13:00:00.000Z,1.07316,1.07467,1.0724,1.0732,19545
2024-07-02T17:00:00.000Z,1.0732,1.07473,1.07316,1.07455,5634
2024-07-02T21:00:00.000Z,1.07437,1.07545,1.07431,1.0748,3913
2024-07-03T01:00:00.000Z,1.07479,1.07479,1.07403,1.07424,4611
2024-07-03T05:00:00.000Z,1.07424,1.07636,1.07361,1.07581,10966
2024-07-03T09:00:00.000Z,1.0758,1.07784,1.07525,1.07745,12081
2024-07-03T13:00:00.000Z,1.07745,1.08167,1.07719,1.07958,20026
2024-07-03T17:00:00.000Z,1.07957,1.07959,1.0778,1.07885,4945
2024-07-03T21:00:00.000Z,1.07828,1.07938,1.07826,1.07925,3311
2024-07-04T01:00:00.000Z,1.07925,1.0795,1.07835,1.07865,4408
2024-07-04T05:00:00.000Z,1.07863,1.08031,1.07848,1.08018,10226
2024-07-04T09:00:00.000Z,1.08017,1.0803,1.07939,1.0797,8938
2024-07-04T13:00:00.000Z,1.0797,1.08137,1.07947,1.08121,7550
2024-07-04T17:00:00.000Z,1.0812,1.08136,1.08106,1.08115,1540
2024-07-04T21:00:00.000Z,1.08116,1.0818,1.08092,1.08147,3514
2024-07-05T01:00:00.000Z,1.08147,1.08244,1.08139,1.08219,5513
2024-07-05T05:00:00.000Z,1.0822,1.08305,1.08164,1.08281,9078
2024-07-05T09:00:00.000Z,1.0828,1.08421,1.07974,1.08296,14277
2024-07-05T13:00:00.000Z,1.08295,1.08342,1.08105,1.08256,20505
2024-07-05T17:00:00.000Z,1.08255,1.08427,1.08248,1.08391,5891
2024-07-07T21:00:00.000Z,1.0804,1.0833,1.0804,1.08215,5704
2024-07-08T01:00:00.000Z,1.08216,1.08363,1.082,1.08286,6050
2024-07-08T05:00:00.000Z,1.08287,1.08429,1.08146,1.08384,13763
2024-07-08T09:00:00.000Z,1.08383,1.08445,1.08235,1.08436,12511
2024-07-08T13:00:00.000Z,1.08437,1.0845,1.08284,1.08324,12863
2024-07-08T17:00:00.000Z,1.08323,1.08335,1.08223,1.08233,4975
2024-07-08T21:00:00.000Z,1.08242,1.08333,1.08239,1.0827,3038
2024-07-09T01:00:00.000Z,1.0827,1.08313,1.08191,1.08294,5231
2024-07-09T05:00:00.000Z,1.08295,1.08307,1.08151,1.08224,9692
2024-07-09T09:00:00.000Z,1.08224,1.08284,1.0812,1.08156,10807
2024-07-09T13:00:00.000Z,1.08157,1.08281,1.08053,1.081,18613
2024-07-09T17:00:00.000Z,1.081,1.08165,1.08064,1.08146,6752
2024-07-09T21:00:00.000Z,1.08135,1.08167,1.08112,1.08122,2893
2024-07-10T01:00:00.000Z,1.08121,1.08211,1.08108,1.08184,4962
2024-07-10T05:00:00.000Z,1.08185,1.08249,1.08118,1.08154,9540
2024-07-10T09:00:00.000Z,1.08153,1.08282,1.08133,1.0827,10415
2024-07-10T13:00:00.000Z,1.08269,1.08288,1.08198,1.08269,14105
2024-07-10T17:00:00.000Z,1.08269,1.08297,1.08173,1.08291,5819
2024-07-10T21:00:00.000Z,1.08276,1.08367,1.08261,1.08351,3067
2024-07-11T01:00:00.000Z,1.0835,1.08401,1.08324,1.08363,4264
2024-07-11T05:00:00.000Z,1.08364,1.08479,1.08321,1.08473,9120
2024-07-11T09:00:00.000Z,1.08472,1.08998,1.08431,1.08868,15687
2024-07-11T13:00:00.000Z,1.08867,1.08989,1.0864,1.08667,27365
2024-07-11T17:00:00.000Z,1.08668,1.087,1.08597,1.08672,9093
2024-07-11T21:00:00.000Z,1.08656,1.08745,1.0864,1.08698,7390
2024-07-12T01:00:00.000Z,1.08698,1.08722,1.08634,1.08697,5924
2024-07-12T05:00:00.000Z,1.08699,1.08871,1.08617,1.08868,10877
2024-07-12T09:00:00.000Z,1.08867,1.08928,1.08739,1.08904,15264
2024-07-12T13:00:00.000Z,1.08905,1.09109,1.08868,1.09046,20150
2024-07-12T17:00:00.000Z,1.09046,1.09113,1.09009,1.09048,6610
2024-07-14T21:00:00.000Z,1.0884,1.08935,1.08832,1.08883,6289
2024-07-15T01:00:00.000Z,1.08883,1.08956,1.08859,1.08936,5394
2024-07-15T05:00:00.000Z,1.08936,1.09093,1.08838,1.09082,10883
2024-07-15T09:00:00.000Z,1.09083,1.09203,1.09021,1.09073,13653
2024-07-15T13:00:00.000Z,1.09073,1.09223,1.09,1.09062,16199
2024-07-15T17:00:00.000Z,1.09063,1.09064,1.08931,1.08952,10385
2024-07-15T21:00:00.000Z,1.08913,1.08985,1.08908,1.08913,3950
2024-07-16T01:00:00.000Z,1.08914,1.08944,1.08886,1.08922,5248
2024-07-16T05:00:00.000Z,1.08923,1.09027,1.08835,1.09003,11292
2024-07-16T09:00:00.000Z,1.09003,1.09054,1.08756,1.08807,14981
2024-07-16T13:00:00.000Z,1.08805,1.08891,1.08715,1.08888,15999
2024-07-16T17:00:00.000Z,1.08888,1.09028,1.08877,1.0899,6836
2024-07-16T21:00:00.000Z,1.08993,1.09029,1.08958,1.08975,3939
2024-07-17T01:00:00.000Z,1.08975,1.09069,1.08955,1.09029,5218
2024-07-17T05:00:00.000Z,1.09029,1.09438,1.0895,1.09419,15725
2024-07-17T09:00:00.000Z,1.09419,1.0945,1.09289,1.09424,15666
2024-07-17T13:00:00.000Z,1.09424,1.0948,1.09236,1.09296,18483
2024-07-17T17:00:00.000Z,1.09296,1.09402,1.09282,1.09396,7840
2024-07-17T21:00:00.000Z,1.0939,1.09411,1.09365,1.0937,4684
2024-07-18T01:00:00.000Z,1.0937,1.0939,1.09316,1.09335,7502
2024-07-18T05:00:00.000Z,1.09335,1.09387,1.0926,1.09306,13319
2024-07-18T09:00:00.000Z,1.09306,1.09369,1.09237,1.09284,12506
2024-07-18T13:00:00.000Z,1.09285,1.0929,1.09049,1.09159,19913
2024-07-18T17:00:00.000Z,1.09159,1.09165,1.08936,1.08957,10214
2024-07-18T21:00:00.000Z,1.08975,1.09018,1.08908,1.0892,4971
2024-07-19T01:00:00.000Z,1.08921,1.08947,1.08861,1.0887,6534
2024-07-19T05:00:00.000Z,1.0887,1.08907,1.0876,1.0879,14096
2024-07-19T09:00:00.000Z,1.0879,1.0894,1.08774,1.08889,13203
2024-07-19T13:00:00.000Z,1.08888,1.08911,1.08792,1.08849,15344
2024-07-19T17:00:00.000Z,1.0885,1.08853,1.08756,1.08818,7829
2024-07-21T21:00:00.000Z,1.08832,1.09028,1.0882,1.08938,6065
2024-07-22T01:00:00.000Z,1.08938,1.08952,1.08845,1.08875,6305
2024-07-22T05:00:00.000Z,1.08874,1.08926,1.08787,1.0888,13233
2024-07-22T09:00:00.000Z,1.08881,1.08954,1.08749,1.08782,12233
2024-07-22T13:00:00.000Z,1.08782,1.08868,1.08731,1.08862,14658
2024-07-22T17:00:00.000Z,1.08863,1.08918,1.08858,1.08906,6239
2024-07-22T21:00:00.000Z,1.08871,1.08925,1.08869,1.08897,4370
2024-07-23T01:00:00.000Z,1.08896,1.08967,1.08874,1.08908,6250
2024-07-23T05:00:00.000Z,1.08908,1.08912,1.08679,1.08777,11704
2024-07-23T09:00:00.000Z,1.08779,1.08782,1.08548,1.08559,13277
2024-07-23T13:00:00.000Z,1.08559,1.08579,1.08438,1.08533,13618
2024-07-23T17:00:00.000Z,1.08532,1.08566,1.08492,1.08556,7336
2024-07-23T21:00:00.000Z,1.08535,1.08544,1.08457,1.08467,3788
2024-07-24T01:00:00.000Z,1.08467,1.08502,1.08416,1.08469,7733
2024-07-24T05:00:00.000Z,1.08469,1.08537,1.08256,1.08349,14061
2024-07-24T09:00:00.000Z,1.08349,1.08593,1.08323,1.08581,12361
2024-07-24T13:00:00.000Z,1.08583,1.08665,1.08474,1.0851,18993
2024-07-24T17:00:00.000Z,1.08511,1.08551,1.08358,1.0839,8787
2024-07-24T21:00:00.000Z,1.08396,1.0842,1.08349,1.08396,5305
2024-07-25T01:00:00.000Z,1.08396,1.0844,1.08362,1.084,9243
2024-07-25T05:00:00.000Z,1.084,1.08576,1.08282,1.0846,17643
2024-07-25T09:00:00.000Z,1.08458,1.08589,1.08361,1.08498,18260
2024-07-25T13:00:00.000Z,1.08497,1.08647,1.08302,1.08621,23232
2024-07-25T17:00:00.000Z,1.08622,1.08699,1.08434,1.08454,11366
2024-07-25T21:00:00.000Z,1.08451,1.08555,1.08436,1.08539,4466
2024-07-26T01:00:00.000Z,1.08538,1.08606,1.08519,1.08583,6414
2024-07-26T05:00:00.000Z,1.08583,1.08606,1.08421,1.08514,11014
2024-07-26T09:00:00.000Z,1.08514,1.08655,1.08491,1.08606,12473
2024-07-26T13:00:00.000Z,1.08606,1.08682,1.08515,1.08652,16478
2024-07-26T17:00:00.000Z,1.08652,1.08654,1.08552,1.08552,8022
2024-07-28T21:00:00.000Z,1.08567,1.08666,1.08507,1.08635,5417
2024-07-29T01:00:00.000Z,1.08634,1.08699,1.08582,1.0859,6937
2024-07-29T05:00:00.000Z,1.08589,1.08631,1.08317,1.08322,13367
2024-07-29T09:00:00.000Z,1.08321,1.0842,1.08149,1.0816,11964
2024-07-29T13:00:00.000Z,1.0816,1.08238,1.08027,1.08214,13923
2024-07-29T17:00:00.000Z,1.08214,1.08259,1.08193,1.08216,6903
2024-07-29T21:00:00.000Z,1.08193,1.08237,1.08154,1.0817,3687
2024-07-30T01:00:00.000Z,1.08169,1.08251,1.08143,1.0824,5610
2024-07-30T05:00:00.000Z,1.08239,1.08346,1.0816,1.08286,12171
2024-07-30T09:00:00.000Z,1.08286,1.08358,1.08015,1.08019,11549
2024-07-30T13:00:00.000Z,1.08018,1.08166,1.07981,1.08137,19076
2024-07-30T17:00:00.000Z,1.08138,1.08175,1.08084,1.08147,8971
2024-07-30T21:00:00.000Z,1.08138,1.082,1.08123,1.08199,5293
2024-07-31T01:00:00.000Z,1.08199,1.08303,1.08163,1.08255,10943
2024-07-31T05:00:00.000Z,1.08256,1.08275,1.08064,1.08228,18015
2024-07-31T09:00:00.000Z,1.08227,1.08478,1.0822,1.08409,14400
2024-07-31T13:00:00.000Z,1.08408,1.08494,1.08042,1.08093,19660
2024-07-31T17:00:00.000Z,1.08092,1.0833,1.0802,1.0826,19814
2024-07-31T21:00:00.000Z,1.08244,1.0831,1.08217,1.08276,4984
2024-08-01T01:00:00.000Z,1.08275,1.08353,1.08242,1.08267,10032
2024-08-01T05:00:00.000Z,1.08268,1.08298,1.07814,1.07842,16604
2024-08-01T09:00:00.000Z,1.07843,1.08084,1.07775,1.07965,17209
2024-08-01T13:00:00.000Z,1.07965,1.08182,1.07802,1.07862,25881
2024-08-01T17:00:00.000Z,1.07862,1.07955,1.07825,1.07896,13479
2024-08-01T21:00:00.000Z,1.07891,1.07934,1.07817,1.0791,7169
2024-08-02T01:00:00.000Z,1.07909,1.07987,1.07845,1.07975,8748
2024-08-02T05:00:00.000Z,1.07976,1.08152,1.07861,1.08146,18862
2024-08-02T09:00:00.000Z,1.08145,1.0897,1.08145,1.0891,21150
2024-08-02T13:00:00.000Z,1.0891,1.09265,1.08844,1.0912,33311
2024-08-02T17:00:00.000Z,1.0912,1.09167,1.09071,1.09108,14676
2024-08-04T21:00:00.000Z,1.09197,1.09226,1.09028,1.09167,13550
2024-08-05T01:00:00.000Z,1.09166,1.09398,1.09119,1.09325,20747
2024-08-05T05:00:00.000Z,1.09325,1.09751,1.08927,1.09509,39391
2024-08-05T09:00:00.000Z,1.09512,1.10089,1.09328,1.09911,30483
2024-08-05T13:00:00.000Z,1.09911,1.10032,1.09476,1.09598,42717
2024-08-05T17:00:00.000Z,1.09598,1.09644,1.09473,1.09501,18936
2024-08-05T21:00:00.000Z,1.09481,1.09631,1.09437,1.09627,12453
2024-08-06T01:00:00.000Z,1.09628,1.0963,1.09496,1.0952,15811
2024-08-06T05:00:00.000Z,1.09519,1.0955,1.09185,1.09277,27391
2024-08-06T09:00:00.000Z,1.09276,1.09276,1.09036,1.09051,23242
2024-08-06T13:00:00.000Z,1.09051,1.09348,1.09051,1.09278,27606
2024-08-06T17:00:00.000Z,1.09277,1.09337,1.09226,1.09279,15716
2024-08-06T21:00:00.000Z,1.09261,1.09317,1.09231,1.09296,8938
2024-08-07T01:00:00.000Z,1.09296,1.09303,1.09109,1.09115,15276
2024-08-07T05:00:00.000Z,1.09113,1.0928,1.09054,1.09187,20420
2024-08-07T09:00:00.000Z,1.09187,1.09266,1.09084,1.09218,16814
2024-08-07T13:00:00.000Z,1.09218,1.09365,1.09125,1.09222,18497
2024-08-07T17:00:00.000Z,1.09221,1.09271,1.09175,1.09219,14973
2024-08-07T21:00:00.000Z,1.09194,1.0934,1.0919,1.0928,8360
2024-08-08T01:00:00.000Z,1.09281,1.09377,1.09235,1.09315,11962
2024-08-08T05:00:00.000Z,1.09318,1.09451,1.09298,1.0937,16937
2024-08-08T09:00:00.000Z,1.0937,1.09395,1.08915,1.08976,16619
2024-08-08T13:00:00.000Z,1.0898,1.09146,1.08815,1.09087,22090
2024-08-08T17:00:00.000Z,1.09088,1.09191,1.09073,1.09183,10938
2024-08-08T21:00:00.000Z,1.09159,1.09196,1.09115,1.0913,5831
2024-08-09T01:00:00.000Z,1.09129,1.09244,1.09118,1.09201,8274
2024-08-09T05:00:00.000Z,1.092,1.09291,1.09129,1.09176,13261
2024-08-09T09:00:00.000Z,1.09176,1.09259,1.0909,1.09118,12501
2024-08-09T13:00:00.000Z,1.09117,1.09313,1.09096,1.09187,14008
2024-08-09T17:00:00.000Z,1.09187,1.09236,1.09146,1.09157,8703
2024-08-11T21:00:00.000Z,1.09142,1.09197,1.09101,1.09182,3739
2024-08-12T01:00:00.000Z,1.09182,1.09231,1.09127,1.09189,4853
2024-08-12T05:00:00.000Z,1.09189,1.09285,1.09157,1.09207,10172
2024-08-12T09:00:00.000Z,1.09206,1.09298,1.09175,1.092,8896
2024-08-12T13:00:00.000Z,1.09201,1.09393,1.0915,1.09228,16103
2024-08-12T17:00:00.000Z,1.09227,1.09349,1.09221,1.09307,8332
2024-08-12T21:00:00.000Z,1.09292,1.09365,1.09292,1.09299,4384
2024-08-13T01:00:00.000Z,1.09299,1.09394,1.09292,1.09393,4987
2024-08-13T05:00:00.000Z,1.09393,1.0941,1.09205,1.09234,10683
2024-08-13T09:00:00.000Z,1.09234,1.09465,1.09137,1.09407,12972
2024-08-13T13:00:00.000Z,1.09408,1.0974,1.0938,1.09723,17929
2024-08-13T17:00:00.000Z,1.09723,1.09995,1.09696,1.09936,11356
2024-08-13T21:00:00.000Z,1.09846,1.09983,1.09821,1.09919,5760
2024-08-14T01:00:00.000Z,1.09916,1.09965,1.09887,1.09928,7820
2024-08-14T05:00:00.000Z,1.09929,1.102,1.09862,1.10193,11606
2024-08-14T09:00:00.000Z,1.10192,1.10353,1.10039,1.10168,13897
2024-08-14T13:00:00.000Z,1.10167,1.10474,1.10154,1.10183,17022
2024-08-14T17:00:00.000Z,1.10183,1.10185,1.10108,1.10123,7614
2024-08-14T21:00:00.000Z,1.10117,1.10158,1.10091,1.10095,3351
2024-08-15T01:00:00.000Z,1.10095,1.10121,1.10032,1.10117,6227
2024-08-15T05:00:00.000Z,1.10118,1.10154,1.10052,1.10062,8509
2024-08-15T09:00:00.000Z,1.10061,1.10142,1.09518,1.09565,11961
2024-08-15T13:00:00.000Z,1.09566,1.09895,1.09495,1.09779,18712
2024-08-15T17:00:00.000Z,1.09779,1.09799,1.09707,1.09712,7483
2024-08-15T21:00:00.000Z,1.09711,1.0977,1.09708,1.09756,3858
2024-08-16T01:00:00.000Z,1.09756,1.09825,1.09742,1.0982,5859
2024-08-16T05:00:00.000Z,1.09821,1.09897,1.09767,1.09808,9136
2024-08-16T09:00:00.000Z,1.09808,1.0995,1.09787,1.09937,10972
2024-08-16T13:00:00.000Z,1.09937,1.10045,1.09825,1.10037,14149
2024-08-16T17:00:00.000Z,1.10037,1.10295,1.10037,1.10268,7588
2024-08-18T21:00:00.000Z,1.10258,1.1036,1.10222,1.10302,5292
2024-08-19T01:00:00.000Z,1.10302,1.10418,1.10275,1.10398,7067
2024-08-19T05:00:00.000Z,1.10399,1.10504,1.10355,1.10372,12678
2024-08-19T09:00:00.000Z,1.10372,1.10444,1.10308,1.10388,11169
2024-08-19T13:00:00.000Z,1.10388,1.1074,1.10302,1.10734,16293
2024-08-19T17:00:00.000Z,1.10734,1.10863,1.10704,1.1085,7336
2024-08-19T21:00:00.000Z,1.10818,1.10875,1.10799,1.10818,4455
2024-08-20T01:00:00.000Z,1.10819,1.10872,1.10749,1.10769,7559
2024-08-20T05:00:00.000Z,1.10769,1.10888,1.10718,1.10797,12922
2024-08-20T09:00:00.000Z,1.10797,1.10986,1.10749,1.10982,12407
2024-08-20T13:00:00.000Z,1.10982,1.11191,1.10925,1.11148,20305
2024-08-20T17:00:00.000Z,1.11149,1.11299,1.11087,1.11291,9243
2024-08-20T21:00:00.000Z,1.11258,1.11327,1.11238,1.11278,5646
2024-08-21T01:00:00.000Z,1.11278,1.11281,1.11165,1.1119,6938
2024-08-21T05:00:00.000Z,1.1119,1.11287,1.11102,1.11185,11790
2024-08-21T09:00:00.000Z,1.11185,1.11299,1.11099,1.11248,11294
2024-08-21T13:00:00.000Z,1.11248,1.11482,1.1099,1.11462,25311
2024-08-21T17:00:00.000Z,1.11463,1.1174,1.11455,1.11511,9991
2024-08-21T21:00:00.000Z,1.11461,1.11582,1.11441,1.11475,4305
2024-08-22T01:00:00.000Z,1.11474,1.11491,1.11404,1.11433,5243
2024-08-22T05:00:00.000Z,1.11432,1.11649,1.11273,1.11425,12515
2024-08-22T09:00:00.000Z,1.11426,1.1146,1.11252,1.114,13071
2024-08-22T13:00:00.000Z,1.11402,1.11414,1.10981,1.11104,18607
2024-08-22T17:00:00.000Z,1.11105,1.11133,1.10988,1.1111,7886
2024-08-22T21:00:00.000Z,1.111,1.11224,1.11097,1.11197,4341
2024-08-23T01:00:00.000Z,1.11197,1.11286,1.1118,1.11277,5603
2024-08-23T05:00:00.000Z,1.11278,1.11319,1.11124,1.11228,9927
2024-08-23T09:00:00.000Z,1.11227,1.11272,1.11108,1.11143,10642
2024-08-23T13:00:00.000Z,1.11141,1.1196,1.11054,1.11738,26205
2024-08-23T17:00:00.000Z,1.11738,1.12007,1.1173,1.11932,10068
2024-08-25T21:00:00.000Z,1.11867,1.12016,1.11862,1.11938,6675
2024-08-26T01:00:00.000Z,1.11936,1.12003,1.11816,1.11832,7290
2024-08-26T05:00:00.000Z,1.11832,1.11893,1.11757,1.11804,11267
2024-08-26T09:00:00.000Z,1.11803,1.11827,1.11584,1.11612,13223
2024-08-26T13:00:00.000Z,1.11612,1.11788,1.11499,1.11713,17704
2024-08-26T17:00:00.000Z,1.11712,1.11755,1.11586,1.11611,8118
2024-08-26T21:00:00.000Z,1.11603,1.11669,1.11593,1.11609,3805
2024-08-27T01:00:00.000Z,1.11609,1.11706,1.11596,1.11683,5096
2024-08-27T05:00:00.000Z,1.11683,1.11741,1.11612,1.11666,11133
2024-08-27T09:00:00.000Z,1.11665,1.11787,1.11504,1.11586,13781
2024-08-27T13:00:00.000Z,1.11584,1.11717,1.11525,1.11658,17268
2024-08-27T17:00:00.000Z,1.11658,1.11905,1.11644,1.11846,7655
2024-08-27T21:00:00.000Z,1.1181,1.11853,1.11744,1.11798,3440
2024-08-28T01:00:00.000Z,1.11798,1.11799,1.11582,1.11596,6279
2024-08-28T05:00:00.000Z,1.11596,1.11607,1.11348,1.11412,13431
2024-08-28T09:00:00.000Z,1.11413,1.11456,1.11049,1.11118,15518
2024-08-28T13:00:00.000Z,1.11118,1.11377,1.11102,1.11148,20248
2024-08-28T17:00:00.000Z,1.11147,1.112,1.11052,1.11197,8993
2024-08-28T21:00:00.000Z,1.11194,1.11324,1.11183,1.11313,3487
2024-08-29T01:00:00.000Z,1.11314,1.1137,1.11272,1.11353,4762
2024-08-29T05:00:00.000Z,1.11354,1.114,1.10718,1.10847,15712
2024-08-29T09:00:00.000Z,1.10847,1.11,1.10727,1.10842,16599
2024-08-29T13:00:00.000Z,1.10842,1.10895,1.10556,1.10816,20649
2024-08-29T17:00:00.000Z,1.10816,1.10853,1.10746,1.10782,10503
2024-08-29T21:00:00.000Z,1.10746,1.10832,1.10746,1.10805,3155
2024-08-30T01:00:00.000Z,1.10805,1.10821,1.10697,1.1074,5461
2024-08-30T05:00:00.000Z,1.1074,1.10951,1.10735,1.10749,11753
2024-08-30T09:00:00.000Z,1.10748,1.10882,1.10577,1.10679,15350
2024-08-30T13:00:00.000Z,1.10687,1.10801,1.10438,1.10495,23519
2024-08-30T17:00:00.000Z,1.10496,1.10567,1.10473,1.10484,9161
2024-09-01T21:00:00.000Z,1.10447,1.10559,1.10419,1.10535,3371
2024-09-02T01:00:00.000Z,1.10535,1.10556,1.10439,1.10484,5253
2024-09-02T05:00:00.000Z,1.10485,1.10774,1.10453,1.10674,10188
2024-09-02T09:00:00.000Z,1.10675,1.10729,1.10584,1.10679,10293
2024-09-02T13:00:00.000Z,1.10682,1.10719,1.106,1.10657,7767
2024-09-02T17:00:00.000Z,1.10657,1.10726,1.10657,1.10714,894
2024-09-02T21:00:00.000Z,1.10668,1.10728,1.10589,1.10605,3559
2024-09-03T01:00:00.000Z,1.10605,1.10703,1.10539,1.10542,6594
2024-09-03T05:00:00.000Z,1.10542,1.10677,1.1048,1.10485,13299
2024-09-03T09:00:00.000Z,1.10485,1.10526,1.10331,1.10478,15116
2024-09-03T13:00:00.000Z,1.10478,1.1069,1.10359,1.10393,22275
2024-09-03T17:00:00.000Z,1.10392,1.10443,1.10263,1.10443,8030
2024-09-03T21:00:00.000Z,1.1036,1.10513,1.10357,1.10482,6038
2024-09-04T01:00:00.000Z,1.10482,1.10571,1.10475,1.10563,6305
2024-09-04T05:00:00.000Z,1.10563,1.10628,1.10467,1.10517,13066
2024-09-04T09:00:00.000Z,1.10519,1.10586,1.10399,1.10525,11702
2024-09-04T13:00:00.000Z,1.10524,1.1095,1.10499,1.10844,19427
2024-09-04T17:00:00.000Z,1.10842,1.10862,1.10652,1.1082,9065
2024-09-04T21:00:00.000Z,1.10831,1.10865,1.10757,1.10792,4754
2024-09-05T01:00:00.000Z,1.10792,1.10855,1.10746,1.10769,6176
2024-09-05T05:00:00.000Z,1.10768,1.11002,1.10766,1.10991,12340
2024-09-05T09:00:00.000Z,1.1099,1.11197,1.1087,1.10924,15425
2024-09-05T13:00:00.000Z,1.10927,1.11082,1.10762,1.11009,20853
2024-09-05T17:00:00.000Z,1.1101,1.11133,1.10995,1.11109,7553
2024-09-05T21:00:00.000Z,1.11092,1.11147,1.11084,1.11133,3163
2024-09-06T01:00:00.000Z,1.11133,1.11176,1.11092,1.11158,4198
2024-09-06T05:00:00.000Z,1.11159,1.11208,1.11107,1.11173,9964
2024-09-06T09:00:00.000Z,1.11173,1.11554,1.10781,1.11208,16998
2024-09-06T13:00:00.000Z,1.11208,1.1135,1.10655,1.10767,34860
2024-09-06T17:00:00.000Z,1.10767,1.10894,1.10696,1.10861,11359
2024-09-08T21:00:00.000Z,1.10797,1.10911,1.10796,1.10832,6037
2024-09-09T01:00:00.000Z,1.10832,1.1091,1.10745,1.10757,5847
2024-09-09T05:00:00.000Z,1.10757,1.10759,1.10455,1.10476,11543
2024-09-09T09:00:00.000Z,1.10475,1.10589,1.10356,1.10396,11872
2024-09-09T13:00:00.000Z,1.10396,1.10522,1.10339,1.10488,14740
2024-09-09T17:00:00.000Z,1.10488,1.10537,1.10339,1.1035,7051
2024-09-09T21:00:00.000Z,1.10337,1.10396,1.10283,1.10307,3432
2024-09-10T01:00:00.000Z,1.10307,1.10406,1.10305,1.104,3912
2024-09-10T05:00:00.000Z,1.10399,1.10495,1.10335,1.10377,10142
2024-09-10T09:00:00.000Z,1.10377,1.10439,1.10265,1.10298,11084
2024-09-10T13:00:00.000Z,1.10298,1.1035,1.10151,1.10266,15018
2024-09-10T17:00:00.000Z,1.10266,1.10278,1.10185,1.10189,6805
2024-09-10T21:00:00.000Z,1.10193,1.10237,1.10167,1.10201,3214
2024-09-11T01:00:00.000Z,1.10202,1.10471,1.10182,1.10465,8200
2024-09-11T05:00:00.000Z,1.10465,1.10519,1.10366,1.10438,11495
2024-09-11T09:00:00.000Z,1.10438,1.10549,1.10032,1.10163,16177
2024-09-11T13:00:00.000Z,1.10162,1.10263,1.1002,1.10159,23063
2024-09-11T17:00:00.000Z,1.10159,1.10264,1.1014,1.10142,9541
2024-09-11T21:00:00.000Z,1.10123,1.10155,1.10059,1.10068,2860
2024-09-12T01:00:00.000Z,1.10068,1.10169,1.10066,1.10163,4388
2024-09-12T05:00:00.000Z,1.10163,1.10238,1.10054,1.10155,10647
2024-09-12T09:00:00.000Z,1.10156,1.10321,1.10081,1.1025,14860
2024-09-12T13:00:00.000Z,1.10251,1.1048,1.10245,1.10461,19066
2024-09-12T17:00:00.000Z,1.10462,1.1075,1.10424,1.10731,12035
2024-09-12T21:00:00.000Z,1.10734,1.10874,1.10703,1.10871,4247
2024-09-13T01:00:00.000Z,1.10871,1.10901,1.10793,1.10844,6351
2024-09-13T05:00:00.000Z,1.10844,1.10942,1.1073,1.10927,10756
2024-09-13T09:00:00.000Z,1.10927,1.11009,1.10792,1.10929,14453
2024-09-13T13:00:00.000Z,1.10929,1.11018,1.10768,1.1084,21099
2024-09-13T17:00:00.000Z,1.10839,1.10859,1.10728,1.10744,7568
2024-09-15T21:00:00.000Z,1.10763,1.10924,1.10741,1.10894,4009
2024-09-16T01:00:00.000Z,1.10893,1.11047,1.10866,1.10971,5262
2024-09-16T05:00:00.000Z,1.10971,1.11261,1.10957,1.11227,10535
2024-09-16T09:00:00.000Z,1.11227,1.11327,1.11158,1.11249,12923
2024-09-16T13:00:00.000Z,1.11252,1.11375,1.11165,1.11288,16034
2024-09-16T17:00:00.000Z,1.11289,1.11335,1.11161,1.11327,7640
2024-09-16T21:00:00.000Z,1.11321,1.11321,1.11218,1.1123,3739
2024-09-17T01:00:00.000Z,1.11228,1.11297,1.11217,1.11243,4747
2024-09-17T05:00:00.000Z,1.11243,1.11461,1.11157,1.11447,10913
2024-09-17T09:00:00.000Z,1.11443,1.11449,1.11178,1.11247,15580
2024-09-17T13:00:00.000Z,1.11248,1.11282,1.11115,1.11194,20949
2024-09-17T17:00:00.000Z,1.11194,1.11235,1.11109,1.1113,10001
2024-09-17T21:00:00.000Z,1.11133,1.11286,1.1113,1.1127,3264
2024-09-18T01:00:00.000Z,1.1127,1.11304,1.11199,1.11201,4184
2024-09-18T05:00:00.000Z,1.11199,1.11333,1.11153,1.11297,11171
2024-09-18T09:00:00.000Z,1.11297,1.11399,1.11179,1.11222,10791
2024-09-18T13:00:00.000Z,1.11223,1.11398,1.11081,1.11243,15089
2024-09-18T17:00:00.000Z,1.11242,1.11891,1.10966,1.11178,31133
2024-09-18T21:00:00.000Z,1.11127,1.11239,1.10787,1.10815,7618
2024-09-19T01:00:00.000Z,1.10815,1.11213,1.10685,1.11201,11793
2024-09-19T05:00:00.000Z,1.11202,1.11691,1.11201,1.11626,17976
2024-09-19T09:00:00.000Z,1.11625,1.11787,1.11256,1.11259,20753
2024-09-19T13:00:00.000Z,1.11259,1.11582,1.11164,1.11555,24515
2024-09-19T17:00:00.000Z,1.11554,1.11679,1.11523,1.11622,10249
2024-09-19T21:00:00.000Z,1.11613,1.11625,1.11572,1.11604,3345
2024-09-20T01:00:00.000Z,1.11604,1.11692,1.11572,1.11649,7509
2024-09-20T05:00:00.000Z,1.1165,1.11819,1.11523,1.11644,16337
2024-09-20T09:00:00.000Z,1.11645,1.11768,1.1154,1.11744,13061
2024-09-20T13:00:00.000Z,1.11744,1.11762,1.1136,1.11738,24702
2024-09-20T17:00:00.000Z,1.11736,1.11742,1.1156,1.11629,11595
2024-09-22T21:00:00.000Z,1.11582,1.11647,1.1156,1.11589,3754
2024-09-23T01:00:00.000Z,1.11587,1.1165,1.11557,1.11634,4672
2024-09-23T05:00:00.000Z,1.11635,1.11672,1.10831,1.10923,16858
2024-09-23T09:00:00.000Z,1.10923,1.11257,1.10921,1.11225,14738
2024-09-23T13:00:00.000Z,1.11224,1.11434,1.11151,1.11252,21643
2024-09-23T17:00:00.000Z,1.11253,1.11285,1.11097,1.11119,8541
2024-09-23T21:00:00.000Z,1.11115,1.11147,1.11043,1.11057,3831
2024-09-24T01:00:00.000Z,1.11058,1.11178,1.11033,1.11168,7158
2024-09-24T05:00:00.000Z,1.11167,1.11448,1.11042,1.11401,15254
2024-09-24T09:00:00.000Z,1.11401,1.11478,1.11219,1.11409,13451
2024-09-24T13:00:00.000Z,1.11409,1.11635,1.11325,1.11585,20492
2024-09-24T17:00:00.000Z,1.11585,1.11805,1.11547,1.11805,7899
2024-09-24T21:00:00.000Z,1.11796,1.11939,1.11772,1.11932,4362
2024-09-25T01:00:00.000Z,1.11933,1.11988,1.11851,1.11957,6802
2024-09-25T05:00:00.000Z,1.11957,1.11965,1.11822,1.11848,12727
2024-09-25T09:00:00.000Z,1.11847,1.12078,1.11781,1.11977,14034
2024-09-25T13:00:00.000Z,1.11976,1.12139,1.11327,1.11344,21468
2024-09-25T17:00:00.000Z,1.11344,1.11388,1.11214,1.11319,9117
2024-09-25T21:00:00.000Z,1.11309,1.11371,1.11288,1.11365,3770
2024-09-26T01:00:00.000Z,1.11365,1.11453,1.11316,1.11416,5367
2024-09-26T05:00:00.000Z,1.11415,1.1158,1.11256,1.11414,14998
2024-09-26T09:00:00.000Z,1.11414,1.11654,1.11374,1.1151,18469
2024-09-26T13:00:00.000Z,1.11509,1.11892,1.11257,1.11692,25167
2024-09-26T17:00:00.000Z,1.11691,1.11841,1.11684,1.1175,9949
2024-09-26T21:00:00.000Z,1.11762,1.11776,1.1168,1.11692,5720
2024-09-27T01:00:00.000Z,1.1169,1.11732,1.11624,1.11646,7964
2024-09-27T05:00:00.000Z,1.11646,1.1176,1.11249,1.11444,20673
2024-09-27T09:00:00.000Z,1.11445,1.12016,1.11372,1.11998,17940
2024-09-27T13:00:00.000Z,1.11997,1.1203,1.11462,1.11516,23961
2024-09-27T17:00:00.000Z,1.11518,1.11679,1.11504,1.1159,10027
2024-09-29T21:00:00.000Z,1.11566,1.11738,1.11552,1.11709,5336
2024-09-30T01:00:00.000Z,1.11708,1.11726,1.11562,1.11617,7003
2024-09-30T05:00:00.000Z,1.11617,1.1209,1.1156,1.12057,14215
2024-09-30T09:00:00.000Z,1.12057,1.12057,1.11831,1.11898,13728
2024-09-30T13:00:00.000Z,1.11898,1.11912,1.11349,1.11483,22145
2024-09-30T17:00:00.000Z,1.11483,1.11625,1.11137,1.11351,15401
2024-09-30T21:00:00.000Z,1.11298,1.11426,1.1127,1.11322,4628
2024-10-01T01:00:00.000Z,1.11323,1.11433,1.11313,1.11405,5741
2024-10-01T05:00:00.000Z,1.11405,1.11441,1.10979,1.1103,17197
2024-10-01T09:00:00.000Z,1.1103,1.11146,1.107,1.10712,17702
2024-10-01T13:00:00.000Z,1.10712,1.10867,1.10481,1.10544,27646
2024-10-01T17:00:00.000Z,1.10543,1.10773,1.10458,1.10686,14246
2024-10-01T21:00:00.000Z,1.10652,1.10719,1.10634,1.10655,3964
2024-10-02T01:00:00.000Z,1.10656,1.1074,1.10604,1.1063,7175
2024-10-02T05:00:00.000Z,1.10629,1.10828,1.1054,1.10724,14600
2024-10-02T09:00:00.000Z,1.10725,1.10773,1.1051,1.10533,15385
2024-10-02T13:00:00.000Z,1.10536,1.10656,1.10326,1.10466,19309
2024-10-02T17:00:00.000Z,1.10466,1.10535,1.10367,1.10479,8362
2024-10-02T21:00:00.000Z,1.10468,1.10494,1.10371,1.10391,4457
2024-10-03T01:00:00.000Z,1.1039,1.10407,1.10319,1.10329,6156
2024-10-03T05:00:00.000Z,1.1033,1.10462,1.10248,1.10376,15996
2024-10-03T09:00:00.000Z,1.10377,1.10467,1.10281,1.10322,16591
2024-10-03T13:00:00.000Z,1.1032,1.10437,1.10082,1.10303,25316
2024-10-03T17:00:00.000Z,1.10303,1.10361,1.10249,1.10285,8768
2024-10-03T21:00:00.000Z,1.10299,1.10395,1.1029,1.10347,3775
2024-10-04T01:00:00.000Z,1.10346,1.10361,1.10252,1.10277,7515
2024-10-04T05:00:00.000Z,1.10278,1.10356,1.1021,1.10254,12465
2024-10-04T09:00:00.000Z,1.10255,1.10367,1.0959,1.09609,17011
2024-10-04T13:00:00.000Z,1.09608,1.09817,1.09513,1.09597,23177
2024-10-04T17:00:00.000Z,1.09597,1.09778,1.09576,1.09757,7721
2024-10-06T21:00:00.000Z,1.09652,1.09754,1.09629,1.09699,6109
2024-10-07T01:00:00.000Z,1.09698,1.09777,1.09683,1.09684,7603
2024-10-07T05:00:00.000Z,1.09683,1.09789,1.0958,1.09701,14072
2024-10-07T09:00:00.000Z,1.09701,1.09836,1.09542,1.09772,15857
2024-10-07T13:00:00.000Z,1.09771,1.09848,1.09696,1.09838,18275
2024-10-07T17:00:00.000Z,1.09836,1.09869,1.09657,1.0974,8968
2024-10-07T21:00:00.000Z,1.0974,1.09839,1.097,1.09817,4867
2024-10-08T01:00:00.000Z,1.09817,1.09868,1.09726,1.09854,10412
2024-10-08T05:00:00.000Z,1.09854,1.09971,1.09784,1.09938,14003
2024-10-08T09:00:00.000Z,1.09938,1.09947,1.09715,1.09759,12778
2024-10-08T13:00:00.000Z,1.09759,1.09839,1.09608,1.09756,16402
2024-10-08T17:00:00.000Z,1.09757,1.09801,1.09657,1.098,8444
2024-10-08T21:00:00.000Z,1.09714,1.0981,1.09706,1.09754,3542
2024-10-09T01:00:00.000Z,1.09754,1.09772,1.0962,1.09631,8746
2024-10-09T05:00:00.000Z,1.09632,1.0976,1.0951,1.09577,15197
2024-10-09T09:00:00.000Z,1.09578,1.09707,1.09526,1.09567,11036
2024-10-09T13:00:00.000Z,1.09567,1.09598,1.09394,1.09415,15076
2024-10-09T17:00:00.000Z,1.09414,1.09426,1.09362,1.094,7458
2024-10-09T21:00:00.000Z,1.09379,1.09429,1.09377,1.09405,4275
2024-10-10T01:00:00.000Z,1.09404,1.0946,1.09383,1.09409,6839
2024-10-10T05:00:00.000Z,1.0941,1.09432,1.09282,1.0933,10616
2024-10-10T09:00:00.000Z,1.0933,1.09548,1.0907,1.0944,15885
2024-10-10T13:00:00.000Z,1.09439,1.09497,1.0903,1.0906,24400
2024-10-10T17:00:00.000Z,1.09061,1.09376,1.09,1.09364,10367
2024-10-10T21:00:00.000Z,1.09327,1.09379,1.09302,1.09373,3472
2024-10-11T01:00:00.000Z,1.09374,1.09407,1.09294,1.09356,5192
2024-10-11T05:00:00.000Z,1.09356,1.09538,1.09322,1.09495,8591
2024-10-11T09:00:00.000Z,1.09494,1.0951,1.0926,1.09331,12020
2024-10-11T13:00:00.000Z,1.09329,1.09524,1.0928,1.09448,15101
2024-10-11T17:00:00.000Z,1.09449,1.09474,1.09324,1.09354,5248
2024-10-13T21:00:00.000Z,1.09301,1.09336,1.09153,1.09215,3996
2024-10-14T01:00:00.000Z,1.09214,1.09292,1.09179,1.09237,5890
2024-10-14T05:00:00.000Z,1.09238,1.09316,1.09223,1.0927,8832
2024-10-14T09:00:00.000Z,1.0927,1.09367,1.09072,1.09094,9826
2024-10-14T13:00:00.000Z,1.09094,1.09273,1.09007,1.09016,13495
2024-10-14T17:00:00.000Z,1.09015,1.09089,1.0888,1.09084,5851
2024-10-14T21:00:00.000Z,1.09057,1.09105,1.0904,1.09073,3555
2024-10-15T01:00:00.000Z,1.09071,1.09088,1.08916,1.08929,5805
2024-10-15T05:00:00.000Z,1.0893,1.09162,1.08848,1.09104,12185
2024-10-15T09:00:00.000Z,1.09105,1.09151,1.08971,1.091,13008
2024-10-15T13:00:00.000Z,1.091,1.09168,1.08893,1.08894,16135
2024-10-15T17:00:00.000Z,1.08894,1.0892,1.08818,1.0892,8369
2024-10-15T21:00:00.000Z,1.089,1.08933,1.08821,1.08854,3355
2024-10-16T01:00:00.000Z,1.08855,1.08957,1.08842,1.08893,6376
2024-10-16T05:00:00.000Z,1.08893,1.08902,1.08751,1.08832,13032
2024-10-16T09:00:00.000Z,1.08832,1.09015,1.08824,1.08888,11323
2024-10-16T13:00:00.000Z,1.08888,1.08974,1.0866,1.08682,14463
2024-10-16T17:00:00.000Z,1.08682,1.08684,1.08531,1.08622,6915
2024-10-16T21:00:00.000Z,1.08588,1.08699,1.08563,1.08632,4708
2024-10-17T01:00:00.000Z,1.08632,1.0865,1.08512,1.08532,6995
2024-10-17T05:00:00.000Z,1.08532,1.08583,1.08489,1.08517,10102
2024-10-17T09:00:00.000Z,1.08517,1.08736,1.08333,1.08428,14288
2024-10-17T13:00:00.000Z,1.08429,1.08446,1.08109,1.08248,20664
2024-10-17T17:00:00.000Z,1.08248,1.0832,1.08209,1.08305,6506
2024-10-17T21:00:00.000Z,1.08265,1.08332,1.08253,1.0829,3931
2024-10-18T01:00:00.000Z,1.08289,1.08406,1.08274,1.08405,6976
2024-10-18T05:00:00.000Z,1.08405,1.08487,1.08345,1.08379,11345
2024-10-18T09:00:00.000Z,1.08378,1.08601,1.08341,1.08593,11288
2024-10-18T13:00:00.000Z,1.08593,1.08682,1.08511,1.08666,12400
2024-10-18T17:00:00.000Z,1.08666,1.08696,1.0859,1.08674,7367
2024-10-20T21:00:00.000Z,1.08602,1.08719,1.08596,1.08648,4349
2024-10-21T01:00:00.000Z,1.08648,1.08682,1.08583,1.08586,7726
2024-10-21T05:00:00.000Z,1.08586,1.08635,1.08462,1.08552,9563
2024-10-21T09:00:00.000Z,1.08552,1.0859,1.08445,1.08574,9931
2024-10-21T13:00:00.000Z,1.08574,1.0858,1.0817,1.08185,13054
2024-10-21T17:00:00.000Z,1.08185,1.0823,1.08109,1.08131,7512
2024-10-21T21:00:00.000Z,1.08154,1.08183,1.08133,1.08162,4561
2024-10-22T01:00:00.000Z,1.08162,1.08214,1.0815,1.08204,7349
2024-10-22T05:00:00.000Z,1.08203,1.0838,1.0818,1.08269,10680
2024-10-22T09:00:00.000Z,1.08269,1.08306,1.08111,1.08117,11684
2024-10-22T13:00:00.000Z,1.08117,1.08184,1.08009,1.08076,15483
2024-10-22T17:00:00.000Z,1.08076,1.08088,1.07926,1.07983,6680
2024-10-22T21:00:00.000Z,1.07964,1.08007,1.07921,1.07951,3240
2024-10-23T01:00:00.000Z,1.07952,1.08053,1.07936,1.08021,8061
2024-10-23T05:00:00.000Z,1.08022,1.08067,1.07792,1.07881,12051
2024-10-23T09:00:00.000Z,1.07881,1.07893,1.07612,1.07742,12573
2024-10-23T13:00:00.000Z,1.07743,1.07862,1.07694,1.07731,14872
2024-10-23T17:00:00.000Z,1.07729,1.07865,1.07671,1.07837,9036
2024-10-23T21:00:00.000Z,1.07822,1.07899,1.07792,1.07887,4419
2024-10-24T01:00:00.000Z,1.07887,1.07936,1.07812,1.0793,6787
2024-10-24T05:00:00.000Z,1.07931,1.08081,1.07705,1.08032,15616
2024-10-24T09:00:00.000Z,1.08031,1.08052,1.07884,1.07965,13427
2024-10-24T13:00:00.000Z,1.07966,1.08111,1.07949,1.08108,16625
2024-10-24T17:00:00.000Z,1.08107,1.08298,1.08105,1.08281,7522
2024-10-24T21:00:00.000Z,1.08258,1.08286,1.08199,1.08216,3781
2024-10-25T01:00:00.000Z,1.08217,1.08275,1.082,1.0822,6412
2024-10-25T05:00:00.000Z,1.0822,1.08372,1.08136,1.08238,11213
2024-10-25T09:00:00.000Z,1.08238,1.08393,1.08209,1.08385,10063
2024-10-25T13:00:00.000Z,1.08384,1.08386,1.08024,1.08051,14577
2024-10-25T17:00:00.000Z,1.08051,1.08066,1.07929,1.07954,7522
2024-10-27T21:00:00.000Z,1.07913,1.08016,1.07864,1.07942,6822
2024-10-28T01:00:00.000Z,1.07942,1.0796,1.07821,1.07877,8133
2024-10-28T05:00:00.000Z,1.07877,1.08214,1.0782,1.08192,10631
2024-10-28T09:00:00.000Z,1.08191,1.08261,1.08084,1.08154,11728
2024-10-28T13:00:00.000Z,1.08154,1.08276,1.08135,1.08154,14135
2024-10-28T17:00:00.000Z,1.08154,1.0819,1.08098,1.08127,7225
2024-10-28T21:00:00.000Z,1.08138,1.08194,1.08107,1.08158,3447
2024-10-29T01:00:00.000Z,1.08157,1.08181,1.08061,1.08088,7267
2024-10-29T05:00:00.000Z,1.08089,1.08204,1.08055,1.08185,9859
2024-10-29T09:00:00.000Z,1.08184,1.08262,1.0772,1.07774,14449
2024-10-29T13:00:00.000Z,1.07774,1.08121,1.07688,1.0799,22952
2024-10-29T17:00:00.000Z,1.07988,1.08182,1.0798,1.08174,10019
2024-10-29T21:00:00.000Z,1.08135,1.08261,1.08129,1.08218,4050
2024-10-30T01:00:00.000Z,1.08218,1.08258,1.0813,1.08167,7867
2024-10-30T05:00:00.000Z,1.08166,1.08446,1.08139,1.08346,9953
2024-10-30T09:00:00.000Z,1.08347,1.08593,1.08077,1.08139,17845
2024-10-30T13:00:00.000Z,1.08139,1.08668,1.08112,1.08611,22778
2024-10-30T17:00:00.000Z,1.08608,1.08713,1.08536,1.08565,9573
2024-10-30T21:00:00.000Z,1.08555,1.08601,1.08529,1.08534,4137
2024-10-31T01:00:00.000Z,1.08533,1.08582,1.0844,1.08478,8237
2024-10-31T05:00:00.000Z,1.08477,1.08635,1.08465,1.08562,12120
2024-10-31T09:00:00.000Z,1.08562,1.08867,1.08541,1.08798,16792
2024-10-31T13:00:00.000Z,1.08797,1.08881,1.08465,1.08581,26068
2024-10-31T17:00:00.000Z,1.08582,1.0885,1.08554,1.08828,11781
2024-10-31T21:00:00.000Z,1.08839,1.08874,1.08804,1.08865,4037
2024-11-01T01:00:00.000Z,1.08865,1.08886,1.0875,1.0877,7443
2024-11-01T05:00:00.000Z,1.08771,1.08779,1.08573,1.08623,9911
2024-11-01T09:00:00.000Z,1.08624,1.09057,1.08524,1.08861,15421
2024-11-01T13:00:00.000Z,1.08862,1.08897,1.08462,1.08525,22817
2024-11-01T17:00:00.000Z,1.08525,1.08528,1.08318,1.08341,9576
2024-11-03T22:00:00.000Z,1.08811,1.08913,1.08698,1.08883,8521
2024-11-04T02:00:00.000Z,1.08883,1.09048,1.08847,1.08989,9915
2024-11-04T06:00:00.000Z,1.0899,1.09021,1.08871,1.08962,13171
2024-11-04T10:00:00.000Z,1.08962,1.09147,1.08935,1.09052,12461
2024-11-04T14:00:00.000Z,1.09053,1.09098,1.08798,1.08887,17473
2024-11-04T18:00:00.000Z,1.08886,1.08891,1.08739,1.08774,8108
2024-11-04T22:00:00.000Z,1.08777,1.08793,1.08725,1.08775,4104
2024-11-05T02:00:00.000Z,1.08777,1.088,1.08743,1.08785,5411
2024-11-05T06:00:00.000Z,1.08785,1.08975,1.08769,1.08916,9766
2024-11-05T10:00:00.000Z,1.08917,1.09016,1.08895,1.08925,9366
2024-11-05T14:00:00.000Z,1.08925,1.09303,1.0889,1.093,17542
2024-11-05T18:00:00.000Z,1.093,1.09364,1.0924,1.0929,9099
2024-11-05T22:00:00.000Z,1.09261,1.0937,1.08214,1.08364,22682
2024-11-06T02:00:00.000Z,1.08363,1.08392,1.07186,1.07596,36810
2024-11-06T06:00:00.000Z,1.07599,1.07813,1.07026,1.07552,31918
2024-11-06T10:00:00.000Z,1.07551,1.07617,1.06824,1.07097,28469
2024-11-06T14:00:00.000Z,1.07097,1.07451,1.06982,1.07271,28581
2024-11-06T18:00:00.000Z,1.07272,1.0758,1.07261,1.07289,15608
2024-11-06T22:00:00.000Z,1.07299,1.07371,1.07127,1.07176,7502
2024-11-07T02:00:00.000Z,1.07176,1.07477,1.07172,1.0746,8657
2024-11-07T06:00:00.000Z,1.07459,1.07715,1.07408,1.07464,18096
2024-11-07T10:00:00.000Z,1.07464,1.07947,1.07463,1.07922,18940
2024-11-07T14:00:00.000Z,1.07923,1.08248,1.07812,1.08048,21634
2024-11-07T18:00:00.000Z,1.08049,1.08096,1.07671,1.08018,21092
2024-11-07T22:00:00.000Z,1.08043,1.08053,1.0779,1.07869,6635
2024-11-08T02:00:00.000Z,1.0787,1.07897,1.07765,1.07817,8131
2024-11-08T06:00:00.000Z,1.07819,1.07893,1.07609,1.07791,18923
2024-11-08T10:00:00.000Z,1.07791,1.07973,1.07444,1.07529,18189
2024-11-08T14:00:00.000Z,1.0753,1.07658,1.06868,1.07091,22899
2024-11-08T18:00:00.000Z,1.07091,1.07214,1.06998,1.0718,10501
2024-11-10T22:00:00.000Z,1.07077,1.0728,1.07072,1.07202,8792
2024-11-11T02:00:00.000Z,1.07201,1.07271,1.07078,1.07175,7229
2024-11-11T06:00:00.000Z,1.07176,1.07221,1.06681,1.06814,15848
2024-11-11T10:00:00.000Z,1.06809,1.06885,1.06364,1.0648,15376
2024-11-11T14:00:00.000Z,1.0648,1.06575,1.06286,1.06491,14393
2024-11-11T18:00:00.000Z,1.0649,1.06577,1.06459,1.06558,6629
2024-11-11T22:00:00.000Z,1.06515,1.06631,1.06476,1.06482,6483
2024-11-12T02:00:00.000Z,1.06482,1.0652,1.06378,1.06399,9076
2024-11-12T06:00:00.000Z,1.06398,1.06398,1.06164,1.0626,16249
2024-11-12T10:00:00.000Z,1.06262,1.06297,1.06062,1.0623,17580
2024-11-12T14:00:00.000Z,1.06229,1.0626,1.05949,1.06067,21910
2024-11-12T18:00:00.000Z,1.06068,1.06267,1.06065,1.06242,10045
2024-11-12T22:00:00.000Z,1.06198,1.06292,1.06109,1.0628,7793
2024-11-13T02:00:00.000Z,1.0628,1.06294,1.06094,1.06129,6738
2024-11-13T06:00:00.000Z,1.0613,1.06298,1.05933,1.06269,13383
2024-11-13T10:00:00.000Z,1.06269,1.06539,1.061,1.06365,19045
2024-11-13T14:00:00.000Z,1.06366,1.0638,1.05557,1.05688,30586
2024-11-13T18:00:00.000Z,1.05688,1.05759,1.05564,1.05639,11172
2024-11-13T22:00:00.000Z,1.05622,1.05686,1.0551,1.0556,7132
2024-11-14T02:00:00.000Z,1.0556,1.05576,1.05339,1.05471,8053
2024-11-14T06:00:00.000Z,1.0547,1.05582,1.05177,1.05204,15786
2024-11-14T10:00:00.000Z,1.05202,1.05452,1.04963,1.05305,22067
2024-11-14T14:00:00.000Z,1.05304,1.05825,1.05296,1.05593,24863
2024-11-14T18:00:00.000Z,1.05594,1.05606,1.0512,1.05289,15751
2024-11-14T22:00:00.000Z,1.05267,1.05415,1.05236,1.05318,7443
2024-11-15T02:00:00.000Z,1.05317,1.05461,1.05317,1.05402,8243
2024-11-15T06:00:00.000Z,1.05401,1.058,1.05336,1.05622,15889
2024-11-15T10:00:00.000Z,1.05622,1.05929,1.05539,1.05585,19219
2024-11-15T14:00:00.000Z,1.05585,1.05633,1.05232,1.05486,27809
2024-11-15T18:00:00.000Z,1.05487,1.05546,1.05163,1.05332,13037
2024-11-17T22:00:00.000Z,1.05301,1.05507,1.05294,1.05421,9300
2024-11-18T02:00:00.000Z,1.0542,1.05464,1.05302,1.05381,8135
2024-11-18T06:00:00.000Z,1.0538,1.05712,1.05363,1.05663,14304
2024-11-18T10:00:00.000Z,1.05662,1.05686,1.05324,1.05678,15774
2024-11-18T14:00:00.000Z,1.05677,1.05924,1.05605,1.05912,17641
2024-11-18T18:00:00.000Z,1.05911,1.06071,1.05871,1.05992,8465
2024-11-18T22:00:00.000Z,1.05975,1.05989,1.05871,1.05931,6835
2024-11-19T02:00:00.000Z,1.0593,1.06009,1.05826,1.05835,8357
2024-11-19T06:00:00.000Z,1.05835,1.05963,1.05233,1.05496,21899
2024-11-19T10:00:00.000Z,1.05496,1.05975,1.05435,1.05767,20035
2024-11-19T14:00:00.000Z,1.05767,1.06006,1.05655,1.05803,23782
2024-11-19T18:00:00.000Z,1.05802,1.05979,1.0571,1.05961,9999
2024-11-19T22:00:00.000Z,1.05903,1.06097,1.05903,1.06,6536
2024-11-20T02:00:00.000Z,1.06002,1.06033,1.05867,1.0587,5485
2024-11-20T06:00:00.000Z,1.0587,1.05955,1.0553,1.05554,15556
2024-11-20T10:00:00.000Z,1.05554,1.05679,1.05421,1.05566,15822
2024-11-20T14:00:00.000Z,1.05567,1.05569,1.05068,1.0532,20166
2024-11-20T18:00:00.000Z,1.0532,1.05443,1.05254,1.0543,8629
2024-11-20T22:00:00.000Z,1.05408,1.05498,1.05408,1.05457,4695
2024-11-21T02:00:00.000Z,1.05458,1.05549,1.05457,1.05466,5459
2024-11-21T06:00:00.000Z,1.05467,1.05545,1.05139,1.05169,18194
2024-11-21T10:00:00.000Z,1.05169,1.05392,1.05127,1.05329,17121
2024-11-21T14:00:00.000Z,1.0533,1.05446,1.04621,1.04874,26501
2024-11-21T18:00:00.000Z,1.04873,1.04893,1.04717,1.04725,9052
2024-11-21T22:00:00.000Z,1.04727,1.04777,1.04664,1.04716,5779
2024-11-22T02:00:00.000Z,1.04715,1.04783,1.04614,1.04645,6893
2024-11-22T06:00:00.000Z,1.04645,1.04979,1.03334,1.04018,24339
2024-11-22T10:00:00.000Z,1.04019,1.04375,1.0385,1.04295,22314
2024-11-22T14:00:00.000Z,1.04294,1.04347,1.03919,1.0419,24544
2024-11-22T18:00:00.000Z,1.0419,1.04254,1.0408,1.04175,8786
2024-11-24T22:00:00.000Z,1.04755,1.05012,1.04625,1.04779,13392
2024-11-25T02:00:00.000Z,1.04778,1.04893,1.04745,1.04792,9031
2024-11-25T06:00:00.000Z,1.04792,1.0497,1.04488,1.04895,19794
2024-11-25T10:00:00.000Z,1.04893,1.05302,1.0474,1.05285,19596
2024-11-25T14:00:00.000Z,1.05284,1.05302,1.04667,1.04861,23323
2024-11-25T18:00:00.000Z,1.0486,1.05107,1.04857,1.04934,8880
2024-11-25T22:00:00.000Z,1.04908,1.05008,1.0425,1.04541,17014
2024-11-26T02:00:00.000Z,1.0454,1.04905,1.04511,1.04753,9413
2024-11-26T06:00:00.000Z,1.04753,1.05193,1.047,1.05073,19842
2024-11-26T10:00:00.000Z,1.05072,1.05447,1.05002,1.05035,21529
2024-11-26T14:00:00.000Z,1.05035,1.05099,1.04635,1.04704,24141
2024-11-26T18:00:00.000Z,1.04704,1.04901,1.04572,1.04897,12603
2024-11-26T22:00:00.000Z,1.0484,1.04966,1.0484,1.04868,7803
2024-11-27T02:00:00.000Z,1.04868,1.04882,1.04743,1.04768,6387
2024-11-27T06:00:00.000Z,1.04768,1.05403,1.04753,1.05164,19919
2024-11-27T10:00:00.000Z,1.05164,1.05737,1.05104,1.05727,20339
2024-11-27T14:00:00.000Z,1.05728,1.05877,1.0533,1.05763,26118
2024-11-27T18:00:00.000Z,1.05764,1.05787,1.05593,1.05658,9205
2024-11-27T22:00:00.000Z,1.05629,1.05698,1.05474,1.05572,7068
2024-11-28T02:00:00.000Z,1.05574,1.05611,1.05487,1.05499,6762
2024-11-28T06:00:00.000Z,1.05499,1.05564,1.05273,1.05319,18815
2024-11-28T10:00:00.000Z,1.0532,1.05563,1.053,1.0534,14572
2024-11-28T14:00:00.000Z,1.0534,1.05571,1.05314,1.05526,11685
2024-11-28T18:00:00.000Z,1.05526,1.0557,1.05519,1.05549,1535
2024-11-28T22:00:00.000Z,1.0548,1.05749,1.05477,1.05599,9169
2024-11-29T02:00:00.000Z,1.05598,1.05768,1.0559,1.0568,8654
2024-11-29T06:00:00.000Z,1.05679,1.05972,1.05518,1.0558,19536
2024-11-29T10:00:00.000Z,1.05577,1.05733,1.0548,1.05629,20277
2024-11-29T14:00:00.000Z,1.05628,1.05677,1.05414,1.05672,22564
2024-11-29T18:00:00.000Z,1.05675,1.05845,1.05674,1.05773,13550
2024-12-01T22:00:00.000Z,1.05669,1.057,1.05279,1.05304,11868
2024-12-02T02:00:00.000Z,1.05304,1.0532,1.05152,1.05219,9623
2024-12-02T06:00:00.000Z,1.05218,1.05371,1.04959,1.05136,21572
2024-12-02T10:00:00.000Z,1.05136,1.05384,1.04949,1.05056,20135
2024-12-02T14:00:00.000Z,1.0506,1.05146,1.04606,1.04876,27583
2024-12-02T18:00:00.000Z,1.04877,1.0516,1.04846,1.04977,10703
2024-12-02T22:00:00.000Z,1.04971,1.05015,1.04841,1.04878,7577
2024-12-03T02:00:00.000Z,1.04879,1.04945,1.04808,1.04914,8312
2024-12-03T06:00:00.000Z,1.04915,1.05308,1.04833,1.05204,14703
2024-12-03T10:00:00.000Z,1.05204,1.05298,1.05062,1.05239,13475
2024-12-03T14:00:00.000Z,1.05244,1.05303,1.04921,1.05284,19381
2024-12-03T18:00:00.000Z,1.05281,1.05349,1.05027,1.05093,8223
2024-12-03T22:00:00.000Z,1.05052,1.05125,1.04971,1.0506,6865
2024-12-04T02:00:00.000Z,1.0506,1.05203,1.04879,1.0515,9456
2024-12-04T06:00:00.000Z,1.0515,1.05291,1.04825,1.05029,14049
2024-12-04T10:00:00.000Z,1.05031,1.05125,1.04792,1.04833,14108
2024-12-04T14:00:00.000Z,1.04835,1.05441,1.04723,1.05373,20506
2024-12-04T18:00:00.000Z,1.05373,1.05389,1.05048,1.05083,10367
2024-12-04T22:00:00.000Z,1.05085,1.05159,1.05073,1.05122,6155
2024-12-05T02:00:00.000Z,1.05123,1.05289,1.05105,1.05266,6731
2024-12-05T06:00:00.000Z,1.05266,1.05464,1.05213,1.05286,11209
2024-12-05T10:00:00.000Z,1.05279,1.05683,1.05234,1.0567,14780
2024-12-05T14:00:00.000Z,1.0567,1.05895,1.05508,1.05676,18180
2024-12-05T18:00:00.000Z,1.05676,1.05886,1.05568,1.05867,8127
2024-12-05T22:00:00.000Z,1.0587,1.0588,1.05659,1.05685,6641
2024-12-06T02:00:00.000Z,1.05685,1.05803,1.05683,1.05722,7552
2024-12-06T06:00:00.000Z,1.05722,1.05941,1.05675,1.05771,11177
2024-12-06T10:00:00.000Z,1.05773,1.06297,1.05714,1.06042,15009
2024-12-06T14:00:00.000Z,1.06043,1.06071,1.0544,1.05511,20590
2024-12-06T18:00:00.000Z,1.05511,1.05682,1.05423,1.05669,6604
2024-12-08T22:00:00.000Z,1.0557,1.05694,1.0551,1.05519,5978
2024-12-09T02:00:00.000Z,1.05519,1.05564,1.05321,1.05372,7027
2024-12-09T06:00:00.000Z,1.05372,1.05751,1.05364,1.05662,13559
2024-12-09T10:00:00.000Z,1.05662,1.05854,1.05578,1.05761,12607
2024-12-09T14:00:00.000Z,1.05761,1.05943,1.05666,1.05668,13827
2024-12-09T18:00:00.000Z,1.05668,1.05676,1.05471,1.0553,6307
2024-12-09T22:00:00.000Z,1.05541,1.05571,1.05451,1.05529,5657
2024-12-10T02:00:00.000Z,1.0553,1.05626,1.05488,1.05621,8544
2024-12-10T06:00:00.000Z,1.05621,1.05682,1.05232,1.05311,11185
2024-12-10T10:00:00.000Z,1.05309,1.05379,1.05157,1.0523,14438
2024-12-10T14:00:00.000Z,1.05228,1.05312,1.04984,1.05097,18300
2024-12-10T18:00:00.000Z,1.05097,1.05312,1.05086,1.05265,7721
2024-12-10T22:00:00.000Z,1.05268,1.05357,1.0526,1.05347,4654
2024-12-11T02:00:00.000Z,1.05346,1.05393,1.05204,1.0524,6124
2024-12-11T06:00:00.000Z,1.05241,1.05284,1.0488,1.05005,17767
2024-12-11T10:00:00.000Z,1.05004,1.05373,1.0487,1.05242,19649
2024-12-11T14:00:00.000Z,1.05241,1.05291,1.04801,1.04877,24227
2024-12-11T18:00:00.000Z,1.04876,1.05,1.04815,1.04955,10334
2024-12-11T22:00:00.000Z,1.04929,1.05088,1.04905,1.05061,5895
2024-12-12T02:00:00.000Z,1.05061,1.05094,1.05008,1.05064,5608
2024-12-12T06:00:00.000Z,1.05065,1.05309,1.05043,1.051,15623
2024-12-12T10:00:00.000Z,1.051,1.05143,1.04694,1.04847,20376
2024-12-12T14:00:00.000Z,1.04853,1.05211,1.04636,1.05007,28340
2024-12-12T18:00:00.000Z,1.05007,1.05023,1.04642,1.04672,10366
2024-12-12T22:00:00.000Z,1.04678,1.04808,1.04634,1.04652,7320
2024-12-13T02:00:00.000Z,1.04651,1.04667,1.04562,1.04652,6733
2024-12-13T06:00:00.000Z,1.04653,1.0494,1.04529,1.04866,15041
2024-12-13T10:00:00.000Z,1.04872,1.05242,1.04833,1.05103,18134
2024-12-13T14:00:00.000Z,1.05103,1.05104,1.04822,1.04962,18244
2024-12-13T18:00:00.000Z,1.04963,1.05042,1.04891,1.05035,8406
2024-12-15T22:00:00.000Z,1.04857,1.05213,1.04839,1.05188,7176
2024-12-16T02:00:00.000Z,1.0519,1.0523,1.05097,1.05196,5888
2024-12-16T06:00:00.000Z,1.05194,1.05246,1.05001,1.05051,15167
2024-12-16T10:00:00.000Z,1.05051,1.05082,1.04832,1.05076,13070
2024-12-16T14:00:00.000Z,1.05074,1.05206,1.04744,1.05111,19446
2024-12-16T18:00:00.000Z,1.05112,1.05225,1.05058,1.05143,7190
2024-12-16T22:00:00.000Z,1.05112,1.05343,1.05077,1.05214,5779
2024-12-17T02:00:00.000Z,1.05214,1.05269,1.05025,1.05047,5783
2024-12-17T06:00:00.000Z,1.05047,1.05092,1.04804,1.04854,14966
2024-12-17T10:00:00.000Z,1.04855,1.05066,1.04791,1.05048,16353
2024-12-17T14:00:00.000Z,1.05048,1.05159,1.04944,1.04997,20037
2024-12-17T18:00:00.000Z,1.04997,1.05042,1.04851,1.04914,8148
2024-12-17T22:00:00.000Z,1.04922,1.05028,1.04912,1.05021,4691
2024-12-18T02:00:00.000Z,1.05022,1.05057,1.04961,1.05023,5716
2024-12-18T06:00:00.000Z,1.05022,1.05127,1.04875,1.04942,12838
2024-12-18T10:00:00.000Z,1.04943,1.05036,1.04826,1.04921,13741
2024-12-18T14:00:00.000Z,1.0492,1.05031,1.0467,1.04753,17199
2024-12-18T18:00:00.000Z,1.04753,1.04923,1.03439,1.03492,28044
2024-12-18T22:00:00.000Z,1.03496,1.038,1.03472,1.0378,11673
2024-12-19T02:00:00.000Z,1.0378,1.03908,1.03724,1.03819,9983
2024-12-19T06:00:00.000Z,1.03819,1.04223,1.03773,1.04124,22684
2024-12-19T10:00:00.000Z,1.04125,1.04158,1.03857,1.0399,22198
2024-12-19T14:00:00.000Z,1.03988,1.04071,1.03547,1.03615,25134
2024-12-19T18:00:00.000Z,1.03616,1.03772,1.03552,1.03629,12509
2024-12-19T22:00:00.000Z,1.03615,1.03692,1.03587,1.03635,6958
2024-12-20T02:00:00.000Z,1.03634,1.03667,1.03565,1.03663,7312
2024-12-20T06:00:00.000Z,1.03662,1.03985,1.0343,1.03827,18708
2024-12-20T10:00:00.000Z,1.03827,1.0419,1.03795,1.04074,17186
2024-12-20T14:00:00.000Z,1.04075,1.04448,1.0386,1.04285,26523
2024-12-20T18:00:00.000Z,1.04284,1.04474,1.04218,1.04284,11076
2024-12-22T22:00:00.000Z,1.04295,1.04448,1.04267,1.0436,6372
2024-12-23T02:00:00.000Z,1.0436,1.04455,1.04359,1.04402,5095
2024-12-23T06:00:00.000Z,1.04401,1.0442,1.04072,1.04078,11220
2024-12-23T10:00:00.000Z,1.04078,1.04099,1.03856,1.03994,13008
2024-12-23T14:00:00.000Z,1.03998,1.04179,1.03842,1.03974,15970
2024-12-23T18:00:00.000Z,1.03975,1.04143,1.03974,1.04059,6843
2024-12-23T22:00:00.000Z,1.04051,1.04086,1.0398,1.04027,3496
2024-12-24T02:00:00.000Z,1.04027,1.04088,1.03886,1.03969,4805
2024-12-24T06:00:00.000Z,1.03969,1.04055,1.03899,1.03919,6760
2024-12-24T10:00:00.000Z,1.03919,1.04036,1.0389,1.04026,8318
2024-12-24T14:00:00.000Z,1.04025,1.041,1.03835,1.03886,12105
2024-12-24T18:00:00.000Z,1.03884,1.04026,1.03868,1.03919,4697
2024-12-25T22:00:00.000Z,1.04004,1.04047,1.03929,1.0397,6389
2024-12-26T02:00:00.000Z,1.03971,1.04042,1.03967,1.03977,3721
2024-12-26T06:00:00.000Z,1.03977,1.04004,1.03904,1.0399,5672
2024-12-26T10:00:00.000Z,1.0399,1.04057,1.03926,1.04026,5182
2024-12-26T14:00:00.000Z,1.04026,1.04228,1.03951,1.0412,11869
2024-12-26T18:00:00.000Z,1.04117,1.04299,1.04116,1.04223,7635
2024-12-26T22:00:00.000Z,1.04171,1.04251,1.04121,1.04132,6150
2024-12-27T02:00:00.000Z,1.04131,1.0414,1.04067,1.04093,4720
2024-12-27T06:00:00.000Z,1.04093,1.04256,1.0405,1.04169,8532
2024-12-27T10:00:00.000Z,1.04168,1.0444,1.04116,1.04384,9476
2024-12-27T14:00:00.000Z,1.04385,1.04397,1.04144,1.04214,16312
2024-12-27T18:00:00.000Z,1.04213,1.04304,1.04208,1.0424,7413
2024-12-29T22:00:00.000Z,1.04304,1.0434,1.04249,1.04251,3550
2024-12-30T02:00:00.000Z,1.04252,1.04274,1.04209,1.04252,2477
2024-12-30T06:00:00.000Z,1.04251,1.04393,1.04093,1.04339,10065
2024-12-30T10:00:00.000Z,1.04338,1.04583,1.03851,1.03879,15094
2024-12-30T14:00:00.000Z,1.03881,1.04089,1.03717,1.03942,21192
2024-12-30T18:00:00.000Z,1.03942,1.04071,1.03936,1.04046,8136
2024-12-30T22:00:00.000Z,1.04003,1.04133,1.03969,1.04119,5170
2024-12-31T02:00:00.000Z,1.04118,1.04148,1.04024,1.04038,4392
2024-12-31T06:00:00.000Z,1.04038,1.04245,1.03996,1.04185,11044
2024-12-31T10:00:00.000Z,1.04185,1.042,1.03835,1.03931,14286
2024-12-31T14:00:00.000Z,1.03932,1.03943,1.03441,1.03491,22342
2024-12-31T18:00:00.000Z,1.03485,1.03647,1.03455,1.03548,8797
2025-01-01T22:00:00.000Z,1.03514,1.03607,1.03442,1.03577,7457
2025-01-02T02:00:00.000Z,1.03578,1.03754,1.03576,1.03638,5257
2025-01-02T06:00:00.000Z,1.03637,1.03724,1.03463,1.03517,13682
2025-01-02T10:00:00.000Z,1.03516,1.03569,1.03113,1.03135,20312
2025-01-02T14:00:00.000Z,1.03135,1.03238,1.02241,1.0265,26880
2025-01-02T18:00:00.000Z,1.0265,1.02682,1.02478,1.02666,8574
2025-01-02T22:00:00.000Z,1.02548,1.02735,1.02548,1.02675,6629
2025-01-03T02:00:00.000Z,1.02675,1.02747,1.02645,1.02717,4944
2025-01-03T06:00:00.000Z,1.02716,1.03,1.02687,1.02902,14321
2025-01-03T10:00:00.000Z,1.02902,1.03029,1.02791,1.02931,12266
2025-01-03T14:00:00.000Z,1.02932,1.03058,1.02729,1.0298,18357
2025-01-03T18:00:00.000Z,1.02979,1.03098,1.02925,1.03079,7738
2025-01-05T22:00:00.000Z,1.03026,1.03136,1.02953,1.03122,6476
2025-01-06T02:00:00.000Z,1.03122,1.03182,1.03085,1.03088,5883
2025-01-06T06:00:00.000Z,1.03089,1.0369,1.03077,1.03556,16008
2025-01-06T10:00:00.000Z,1.03556,1.04368,1.03285,1.04169,27899
2025-01-06T14:00:00.000Z,1.04169,1.04237,1.0353,1.03873,28434
2025-01-06T18:00:00.000Z,1.03874,1.03921,1.0377,1.03898,10085
2025-01-06T22:00:00.000Z,1.03821,1.03914,1.0376,1.03812,6185
2025-01-07T02:00:00.000Z,1.03811,1.04033,1.038,1.03967,6311
2025-01-07T06:00:00.000Z,1.03966,1.04344,1.03963,1.04268,16054
2025-01-07T10:00:00.000Z,1.04262,1.04343,1.03866,1.03965,17106
2025-01-07T14:00:00.000Z,1.03965,1.03976,1.03539,1.0367,21022
2025-01-07T18:00:00.000Z,1.0367,1.03694,1.03389,1.03394,8214
2025-01-07T22:00:00.000Z,1.034,1.03529,1.0339,1.03529,5116
2025-01-08T02:00:00.000Z,1.03529,1.03558,1.03462,1.0355,4239
2025-01-08T06:00:00.000Z,1.0355,1.03575,1.03154,1.03195,12799
2025-01-08T10:00:00.000Z,1.03192,1.03212,1.02731,1.03034,20666
2025-01-08T14:00:00.000Z,1.03034,1.03145,1.0289,1.03053,17491
2025-01-08T18:00:00.000Z,1.03052,1.03242,1.03052,1.03162,8671
2025-01-08T22:00:00.000Z,1.03154,1.03188,1.03048,1.03143,5426
2025-01-09T02:00:00.000Z,1.03143,1.03213,1.03052,1.03065,5626
2025-01-09T06:00:00.000Z,1.03065,1.03177,1.02835,1.03057,13763
2025-01-09T10:00:00.000Z,1.03057,1.03187,1.0296,1.03078,12300
2025-01-09T14:00:00.000Z,1.03078,1.03146,1.02909,1.02973,10095
2025-01-09T18:00:00.000Z,1.02972,1.03036,1.02939,1.02996,3416
2025-01-09T22:00:00.000Z,1.02996,1.03045,1.0292,1.03019,5053
2025-01-10T02:00:00.000Z,1.03018,1.03037,1.02845,1.02855,4207
2025-01-10T06:00:00.000Z,1.02855,1.03117,1.02811,1.02999,9838
2025-01-10T10:00:00.000Z,1.02999,1.03116,1.02133,1.02563,14976
2025-01-10T14:00:00.000Z,1.02562,1.02783,1.02275,1.02444,25181
2025-01-10T18:00:00.000Z,1.02444,1.02489,1.02349,1.02434,8456
2025-01-12T22:00:00.000Z,1.0236,1.02499,1.02358,1.02416,5548
2025-01-13T02:00:00.000Z,1.02416,1.02452,1.02076,1.02195,6659
2025-01-13T06:00:00.000Z,1.02194,1.02312,1.01775,1.01933,15959
2025-01-13T10:00:00.000Z,1.01932,1.02208,1.01861,1.02084,14714
2025-01-13T14:00:00.000Z,1.02084,1.02194,1.01916,1.02178,15594
2025-01-13T18:00:00.000Z,1.02179,1.02373,1.02069,1.02369,6690
2025-01-13T22:00:00.000Z,1.02464,1.02774,1.02407,1.02491,8455
2025-01-14T02:00:00.000Z,1.02491,1.02552,1.02383,1.02448,5715
2025-01-14T06:00:00.000Z,1.02449,1.02748,1.02449,1.02594,14509
2025-01-14T10:00:00.000Z,1.02594,1.02733,1.02394,1.02531,15274
2025-01-14T14:00:00.000Z,1.02531,1.03043,1.02434,1.0288,19588
2025-01-14T18:00:00.000Z,1.0288,1.03083,1.02866,1.03062,6214
2025-01-14T22:00:00.000Z,1.03034,1.03083,1.02977,1.02999,3770
2025-01-15T02:00:00.000Z,1.02999,1.03052,1.02925,1.0293,4663
2025-01-15T06:00:00.000Z,1.0293,1.03168,1.02866,1.03098,11915
2025-01-15T10:00:00.000Z,1.03098,1.03543,1.02933,1.03444,14780
2025-01-15T14:00:00.000Z,1.03454,1.03457,1.0258,1.02855,19777
2025-01-15T18:00:00.000Z,1.02859,1.02989,1.02842,1.02884,5766
2025-01-15T22:00:00.000Z,1.02864,1.02999,1.02847,1.02889,6487
2025-01-16T02:00:00.000Z,1.02893,1.02938,1.02807,1.02822,5517
2025-01-16T06:00:00.000Z,1.02823,1.03013,1.02815,1.02861,11105
2025-01-16T10:00:00.000Z,1.02861,1.0296,1.02606,1.02814,13377
2025-01-16T14:00:00.000Z,1.02812,1.0315,1.02678,1.02964,21349
2025-01-16T18:00:00.000Z,1.02964,1.03076,1.02933,1.03015,6614
2025-01-16T22:00:00.000Z,1.02954,1.03094,1.02949,1.0305,4144
2025-01-17T02:00:00.000Z,1.03052,1.0309,1.02874,1.02932,4742
2025-01-17T06:00:00.000Z,1.02932,1.03039,1.02774,1.02968,10929
2025-01-17T10:00:00.000Z,1.02971,1.03099,1.02854,1.029,12625
2025-01-17T14:00:00.000Z,1.02902,1.03306,1.02651,1.02808,19798
2025-01-17T18:00:00.000Z,1.02808,1.02921,1.02682,1.02687,7092
2025-01-19T22:00:00.000Z,1.02778,1.02928,1.02662,1.02907,5460
2025-01-20T02:00:00.000Z,1.02907,1.0307,1.02868,1.03024,5300
2025-01-20T06:00:00.000Z,1.03024,1.03189,1.02994,1.03061,10641
2025-01-20T10:00:00.000Z,1.03061,1.04001,1.03061,1.03981,14556
2025-01-20T14:00:00.000Z,1.0398,1.04301,1.03532,1.03855,22175
2025-01-20T18:00:00.000Z,1.03855,1.04343,1.03832,1.04128,6498
2025-01-20T22:00:00.000Z,1.04099,1.04344,1.03512,1.03701,15148
2025-01-21T02:00:00.000Z,1.03701,1.04008,1.03691,1.03786,9516
2025-01-21T06:00:00.000Z,1.03786,1.03862,1.03418,1.03535,14086
2025-01-21T10:00:00.000Z,1.03535,1.03779,1.03428,1.03777,15359
2025-01-21T14:00:00.000Z,1.03788,1.04298,1.03727,1.04212,18827
2025-01-21T18:00:00.000Z,1.04212,1.04353,1.04156,1.04264,7187
2025-01-21T22:00:00.000Z,1.0425,1.04329,1.03921,1.04095,8100
2025-01-22T02:00:00.000Z,1.04095,1.04213,1.0406,1.04156,5448
2025-01-22T06:00:00.000Z,1.04156,1.04473,1.03996,1.04466,14416
2025-01-22T10:00:00.000Z,1.04467,1.04572,1.04222,1.04316,13208
2025-01-22T14:00:00.000Z,1.04313,1.04317,1.04119,1.0417,15210
2025-01-22T18:00:00.000Z,1.0417,1.04229,1.04066,1.04091,6305
2025-01-22T22:00:00.000Z,1.04083,1.0416,1.04019,1.04036,5074
2025-01-23T02:00:00.000Z,1.04035,1.04128,1.03968,1.04051,5481
2025-01-23T06:00:00.000Z,1.04051,1.04146,1.03899,1.04115,11708
2025-01-23T10:00:00.000Z,1.04116,1.04202,1.03941,1.04104,13027
2025-01-23T14:00:00.000Z,1.04107,1.04378,1.03719,1.04353,19640
2025-01-23T18:00:00.000Z,1.04353,1.04369,1.04126,1.04139,7483
2025-01-23T22:00:00.000Z,1.04137,1.0423,1.04114,1.04157,4643
2025-01-24T02:00:00.000Z,1.04157,1.04539,1.04157,1.04513,11212
2025-01-24T06:00:00.000Z,1.04514,1.05151,1.04472,1.04944,18510
2025-01-24T10:00:00.000Z,1.04944,1.04978,1.04636,1.04685,12077
2025-01-24T14:00:00.000Z,1.04685,1.05214,1.04671,1.0511,17218
2025-01-24T18:00:00.000Z,1.05109,1.05117,1.04881,1.04955,5749
2025-01-26T22:00:00.000Z,1.04783,1.04851,1.04612,1.04627,6949
2025-01-27T02:00:00.000Z,1.04627,1.04776,1.04557,1.04629,6988
2025-01-27T06:00:00.000Z,1.04629,1.04937,1.04537,1.04887,15660
2025-01-27T10:00:00.000Z,1.04888,1.05331,1.04888,1.05198,19227
2025-01-27T14:00:00.000Z,1.05198,1.05244,1.04848,1.04887,17517
2025-01-27T18:00:00.000Z,1.04886,1.04943,1.04791,1.0491,8245
2025-01-27T22:00:00.000Z,1.04911,1.0493,1.04285,1.04377,11059
2025-01-28T02:00:00.000Z,1.04374,1.04414,1.04243,1.04364,8027
2025-01-28T06:00:00.000Z,1.04364,1.04442,1.04194,1.04351,13673
2025-01-28T10:00:00.000Z,1.04351,1.04372,1.04136,1.0425,12990
2025-01-28T14:00:00.000Z,1.04246,1.04405,1.04208,1.04279,15170
2025-01-28T18:00:00.000Z,1.04281,1.04381,1.04225,1.04304,7684
2025-01-28T22:00:00.000Z,1.04279,1.04344,1.04263,1.04271,4081
2025-01-29T02:00:00.000Z,1.04271,1.04426,1.04258,1.04403,4895
2025-01-29T06:00:00.000Z,1.04411,1.04436,1.04019,1.04037,12174
2025-01-29T10:00:00.000Z,1.04036,1.04084,1.03822,1.03873,14321
2025-01-29T14:00:00.000Z,1.03876,1.04284,1.03862,1.04212,16972
2025-01-29T18:00:00.000Z,1.04212,1.04287,1.03884,1.04212,16326
2025-01-29T22:00:00.000Z,1.04178,1.04288,1.04167,1.04199,4732
2025-01-30T02:00:00.000Z,1.04199,1.04275,1.04175,1.04219,5348
2025-01-30T06:00:00.000Z,1.04219,1.0429,1.0402,1.04075,11727
2025-01-30T10:00:00.000Z,1.04073,1.04598,1.03903,1.04569,15277
2025-01-30T14:00:00.000Z,1.0456,1.04677,1.04093,1.04169,18219
2025-01-30T18:00:00.000Z,1.04171,1.04322,1.0386,1.03918,10579
2025-01-30T22:00:00.000Z,1.03933,1.04023,1.03772,1.03885,6074
2025-01-31T02:00:00.000Z,1.03886,1.0395,1.03828,1.03887,5987
2025-01-31T06:00:00.000Z,1.03887,1.04128,1.03652,1.03836,13746
2025-01-31T10:00:00.000Z,1.03835,1.03954,1.0372,1.03822,14119
2025-01-31T14:00:00.000Z,1.03824,1.04338,1.03602,1.04199,20688
2025-01-31T18:00:00.000Z,1.04199,1.04217,1.03499,1.03584,19680
2025-02-02T22:00:00.000Z,1.02411,1.02704,1.02107,1.02378,18788
2025-02-03T02:00:00.000Z,1.02377,1.02432,1.02121,1.02404,13787
2025-02-03T06:00:00.000Z,1.02404,1.02543,1.02128,1.02302,17673
2025-02-03T10:00:00.000Z,1.02305,1.0288,1.023,1.02639,16171
2025-02-03T14:00:00.000Z,1.02638,1.03356,1.02424,1.02795,30176
2025-02-03T18:00:00.000Z,1.02795,1.03499,1.02704,1.03345,13068
2025-02-03T22:00:00.000Z,1.03343,1.03506,1.03085,1.0322,8567
2025-02-04T02:00:00.000Z,1.0322,1.0324,1.02721,1.0293,10635
2025-02-04T06:00:00.000Z,1.0293,1.03494,1.02922,1.03386,14740
2025-02-04T10:00:00.000Z,1.03384,1.03434,1.03202,1.03402,12075
2025-02-04T14:00:00.000Z,1.03404,1.03874,1.034,1.03765,19633
2025-02-04T18:00:00.000Z,1.03765,1.03874,1.03743,1.038,7734
2025-02-04T22:00:00.000Z,1.03744,1.03866,1.03694,1.03732,6593
2025-02-05T02:00:00.000Z,1.03732,1.03861,1.03729,1.03777,6609
2025-02-05T06:00:00.000Z,1.03777,1.04175,1.03741,1.04038,14459
2025-02-05T10:00:00.000Z,1.04038,1.04304,1.04014,1.04077,13640
2025-02-05T14:00:00.000Z,1.04077,1.04422,1.04061,1.04198,16331
2025-02-05T18:00:00.000Z,1.04197,1.04216,1.03967,1.03988,6252
2025-02-05T22:00:00.000Z,1.04037,1.04055,1.03949,1.04027,5296
2025-02-06T02:00:00.000Z,1.04023,1.04055,1.03851,1.03864,6302
2025-02-06T06:00:00.000Z,1.03865,1.03925,1.03561,1.03593,9782
2025-02-06T10:00:00.000Z,1.03593,1.03677,1.03525,1.03603,12018
2025-02-06T14:00:00.000Z,1.03607,1.03806,1.03598,1.03794,12162
2025-02-06T18:00:00.000Z,1.03793,1.03968,1.03743,1.03844,6470
2025-02-06T22:00:00.000Z,1.03838,1.0391,1.03744,1.03839,4928
2025-02-07T02:00:00.000Z,1.03839,1.03861,1.0374,1.03752,5759
2025-02-07T06:00:00.000Z,1.03752,1.03999,1.03726,1.03911,7946
2025-02-07T10:00:00.000Z,1.03911,1.04098,1.03492,1.03636,10791
2025-02-07T14:00:00.000Z,1.03636,1.03888,1.03055,1.03217,21127
2025-02-07T18:00:00.000Z,1.03217,1.03383,1.0321,1.03257,6941
2025-02-09T22:00:00.000Z,1.02865,1.03186,1.02827,1.03032,7003
2025-02-10T02:00:00.000Z,1.03032,1.03217,1.02987,1.03162,5197
2025-02-10T06:00:00.000Z,1.03162,1.03348,1.03067,1.03269,10055
2025-02-10T10:00:00.000Z,1.03266,1.03365,1.03086,1.03216,9031
2025-02-10T14:00:00.000Z,1.03216,1.03236,1.03043,1.03124,10319
2025-02-10T18:00:00.000Z,1.03124,1.0316,1.0305,1.03061,4321
2025-02-10T22:00:00.000Z,1.03072,1.03083,1.02984,1.03021,5009
2025-02-11T02:00:00.000Z,1.03021,1.03059,1.02921,1.03047,5088
2025-02-11T06:00:00.000Z,1.03047,1.03221,1.02999,1.0318,8652
2025-02-11T10:00:00.000Z,1.03181,1.03286,1.03145,1.03225,8257
2025-02-11T14:00:00.000Z,1.03222,1.03513,1.03218,1.03454,10870
2025-02-11T18:00:00.000Z,1.03454,1.03816,1.0342,1.03605,6700
2025-02-11T22:00:00.000Z,1.03616,1.03677,1.03539,1.03605,4505
2025-02-12T02:00:00.000Z,1.03605,1.03679,1.03548,1.03585,5994
2025-02-12T06:00:00.000Z,1.03585,1.03799,1.03568,1.03737,9110
2025-02-12T10:00:00.000Z,1.03743,1.03857,1.0317,1.03331,11840
2025-02-12T14:00:00.000Z,1.0332,1.04274,1.03254,1.04261,19213
2025-02-12T18:00:00.000Z,1.04262,1.04298,1.0381,1.03819,8370
2025-02-12T22:00:00.000Z,1.03838,1.04018,1.03815,1.03998,5638
2025-02-13T02:00:00.000Z,1.03998,1.04384,1.03965,1.0435,8209
2025-02-13T06:00:00.000Z,1.0435,1.04401,1.04105,1.04232,12210
2025-02-13T10:00:00.000Z,1.04232,1.04292,1.0375,1.03926,13662
2025-02-13T14:00:00.000Z,1.03926,1.04455,1.0382,1.04253,15783
2025-02-13T18:00:00.000Z,1.04254,1.04666,1.03732,1.04647,12055
2025-02-13T22:00:00.000Z,1.0463,1.04682,1.0456,1.04592,6469
2025-02-14T02:00:00.000Z,1.04591,1.04638,1.04473,1.04527,6021
2025-02-14T06:00:00.000Z,1.04527,1.04878,1.04519,1.04813,11281
2025-02-14T10:00:00.000Z,1.04813,1.04978,1.0457,1.04883,11198
2025-02-14T14:00:00.000Z,1.04883,1.05143,1.04873,1.05073,12735
2025-02-14T18:00:00.000Z,1.05073,1.05082,1.04883,1.04886,5862
2025-02-16T22:00:00.000Z,1.04846,1.05065,1.04846,1.05054,5790
2025-02-17T02:00:00.000Z,1.05054,1.05055,1.04848,1.04898,7193
2025-02-17T06:00:00.000Z,1.04898,1.04955,1.0471,1.04743,9858
2025-02-17T10:00:00.000Z,1.04742,1.04893,1.04671,1.04744,7398
2025-02-17T14:00:00.000Z,1.04744,1.04846,1.04713,1.04826,5628
2025-02-17T18:00:00.000Z,1.04825,1.0485,1.04792,1.04842,2023
2025-02-17T22:00:00.000Z,1.04752,1.04863,1.04627,1.04661,5298
2025-02-18T02:00:00.000Z,1.04662,1.04725,1.04522,1.04551,6733
2025-02-18T06:00:00.000Z,1.04551,1.04694,1.04546,1.04641,9392
2025-02-18T10:00:00.000Z,1.04646,1.04672,1.04417,1.04447,8393
2025-02-18T14:00:00.000Z,1.04447,1.04695,1.04391,1.0446,10185
2025-02-18T18:00:00.000Z,1.04459,1.04497,1.0435,1.04464,4995
2025-02-18T22:00:00.000Z,1.04453,1.04508,1.0441,1.04466,5214
2025-02-19T02:00:00.000Z,1.04465,1.04564,1.04448,1.04564,5670
2025-02-19T06:00:00.000Z,1.04564,1.04614,1.04283,1.04289,8692
2025-02-19T10:00:00.000Z,1.0429,1.04354,1.04188,1.04341,9985
2025-02-19T14:00:00.000Z,1.04341,1.04413,1.04008,1.04098,11071
2025-02-19T18:00:00.000Z,1.04099,1.04325,1.04085,1.0424,6366
2025-02-19T22:00:00.000Z,1.04211,1.04326,1.04187,1.04213,5586
2025-02-20T02:00:00.000Z,1.04213,1.04376,1.04202,1.04275,7382
2025-02-20T06:00:00.000Z,1.04275,1.0442,1.04235,1.04371,8986
2025-02-20T10:00:00.000Z,1.04369,1.04549,1.04308,1.04482,9764
2025-02-20T14:00:00.000Z,1.04482,1.04946,1.04419,1.04893,12705
2025-02-20T18:00:00.000Z,1.04886,1.05034,1.04854,1.05006,5547
2025-02-20T22:00:00.000Z,1.04953,1.05058,1.04844,1.04868,5778
2025-02-21T02:00:00.000Z,1.04868,1.05049,1.04864,1.04928,7007
2025-02-21T06:00:00.000Z,1.04928,1.04998,1.04667,1.04691,10673
2025-02-21T10:00:00.000Z,1.04692,1.04779,1.04594,1.04752,8137
2025-02-21T14:00:00.000Z,1.04752,1.04927,1.04493,1.04631,12447
2025-02-21T18:00:00.000Z,1.04631,1.04679,1.04508,1.04591,7924
2025-02-23T22:00:00.000Z,1.04674,1.05209,1.04609,1.0518,9044
2025-02-24T02:00:00.000Z,1.05179,1.05283,1.05101,1.05165,8870
2025-02-24T06:00:00.000Z,1.05165,1.05165,1.04689,1.04721,12091
2025-02-24T10:00:00.000Z,1.0472,1.04813,1.04601,1.04669,8755
2025-02-24T14:00:00.000Z,1.04669,1.04838,1.04528,1.04724,12066
2025-02-24T18:00:00.000Z,1.04724,1.04858,1.04618,1.04668,7767
2025-02-24T22:00:00.000Z,1.04662,1.04694,1.04599,1.04651,5117
2025-02-25T02:00:00.000Z,1.04652,1.04782,1.04651,1.04769,6587
2025-02-25T06:00:00.000Z,1.04769,1.04801,1.04563,1.04731,10824
2025-02-25T10:00:00.000Z,1.04731,1.05097,1.04652,1.05,10045
2025-02-25T14:00:00.000Z,1.05003,1.05194,1.04839,1.05023,13740
2025-02-25T18:00:00.000Z,1.05023,1.05191,1.05022,1.05143,7689
2025-02-25T22:00:00.000Z,1.05132,1.0525,1.05113,1.05153,5389
2025-02-26T02:00:00.000Z,1.05153,1.0517,1.04904,1.04915,6283
2025-02-26T06:00:00.000Z,1.04915,1.05116,1.04873,1.04971,10062
2025-02-26T10:00:00.000Z,1.0497,1.0502,1.04749,1.0484,9562
2025-02-26T14:00:00.000Z,1.04841,1.05288,1.04794,1.04923,16085
2025-02-26T18:00:00.000Z,1.04922,1.05003,1.04785,1.04828,8963
2025-02-26T22:00:00.000Z,1.04816,1.04926,1.04728,1.04783,4528
2025-02-27T02:00:00.000Z,1.04783,1.04805,1.04589,1.0465,6591
2025-02-27T06:00:00.000Z,1.0465,1.04851,1.04639,1.04841,9053
2025-02-27T10:00:00.000Z,1.04841,1.04896,1.04193,1.04235,11921
2025-02-27T14:00:00.000Z,1.04232,1.04416,1.04004,1.04073,15579
2025-02-27T18:00:00.000Z,1.04075,1.04177,1.03966,1.03968,7495
2025-02-27T22:00:00.000Z,1.03977,1.04041,1.03844,1.03849,6153
2025-02-28T02:00:00.000Z,1.03847,1.03915,1.03806,1.03888,7370
2025-02-28T06:00:00.000Z,1.03886,1.04079,1.03824,1.03952,9861
2025-02-28T10:00:00.000Z,1.03952,1.04161,1.03923,1.04068,9178
2025-02-28T14:00:00.000Z,1.04068,1.04198,1.039,1.03965,15130
2025-02-28T18:00:00.000Z,1.03963,1.03981,1.03598,1.03754,11982
2025-03-02T22:00:00.000Z,1.04039,1.04233,1.03985,1.04197,8239
2025-03-03T02:00:00.000Z,1.04197,1.04232,1.04098,1.04142,6724
2025-03-03T06:00:00.000Z,1.04142,1.0429,1.03885,1.04273,10181
2025-03-03T10:00:00.000Z,1.04276,1.04763,1.04272,1.04719,12848
2025-03-03T14:00:00.000Z,1.04719,1.05036,1.04687,1.04903,14285
2025-03-03T18:00:00.000Z,1.04903,1.05036,1.04666,1.04854,12126
2025-03-03T22:00:00.000Z,1.04869,1.0496,1.04764,1.04882,8195
2025-03-04T02:00:00.000Z,1.04882,1.04899,1.04709,1.04835,8922
2025-03-04T06:00:00.000Z,1.04836,1.05272,1.04789,1.05121,13854
2025-03-04T10:00:00.000Z,1.0512,1.05595,1.05024,1.0539,14334
2025-03-04T14:00:00.000Z,1.0539,1.05485,1.04964,1.05417,18326
2025-03-04T18:00:00.000Z,1.05417,1.06268,1.05377,1.06234,14684
2025-03-04T22:00:00.000Z,1.06188,1.0637,1.06086,1.06126,9067
2025-03-05T02:00:00.000Z,1.06127,1.06323,1.06019,1.06315,9655
2025-03-05T06:00:00.000Z,1.06315,1.0722,1.06241,1.07117,17184
2025-03-05T10:00:00.000Z,1.07118,1.07224,1.06764,1.07156,15887
2025-03-05T14:00:00.000Z,1.07156,1.07878,1.07137,1.0785,22582
2025-03-05T18:00:00.000Z,1.07851,1.07966,1.07636,1.07897,10827
2025-03-05T22:00:00.000Z,1.07895,1.08201,1.07871,1.08151,6765
2025-03-06T02:00:00.000Z,1.08151,1.08191,1.07841,1.08103,9091
2025-03-06T06:00:00.000Z,1.08104,1.08222,1.07805,1.07998,18343
2025-03-06T10:00:00.000Z,1.07998,1.0845,1.07829,1.0826,15506
2025-03-06T14:00:00.000Z,1.08261,1.08539,1.07915,1.0797,22762
2025-03-06T18:00:00.000Z,1.0797,1.08114,1.07655,1.07846,10658
2025-03-06T22:00:00.000Z,1.07825,1.07962,1.07784,1.079,6595
2025-03-07T02:00:00.000Z,1.079,1.08176,1.07845,1.08132,7343
2025-03-07T06:00:00.000Z,1.08132,1.08712,1.08079,1.08613,13258
2025-03-07T10:00:00.000Z,1.08612,1.08888,1.08411,1.08449,15952
2025-03-07T14:00:00.000Z,1.08449,1.08861,1.08318,1.08432,20951
2025-03-07T18:00:00.000Z,1.08432,1.08511,1.08257,1.08357,8679
2025-03-09T21:00:00.000Z,1.08284,1.08673,1.08284,1.08643,6199
2025-03-10T01:00:00.000Z,1.08643,1.08713,1.08301,1.08307,8694
2025-03-10T05:00:00.000Z,1.08307,1.08449,1.0805,1.08099,12607
2025-03-10T09:00:00.000Z,1.08099,1.08745,1.08087,1.0844,16149
2025-03-10T13:00:00.000Z,1.0844,1.08507,1.08208,1.08303,15277
2025-03-10T17:00:00.000Z,1.08302,1.08457,1.08175,1.0831,9276
2025-03-10T21:00:00.000Z,1.08326,1.08535,1.08313,1.08516,5229
2025-03-11T01:00:00.000Z,1.08516,1.08616,1.08436,1.08545,9590
2025-03-11T05:00:00.000Z,1.08545,1.09191,1.08356,1.09172,14635
2025-03-11T09:00:00.000Z,1.09172,1.0921,1.08811,1.0918,12691
2025-03-11T13:00:00.000Z,1.09179,1.09306,1.08949,1.0925,17400
2025-03-11T17:00:00.000Z,1.0925,1.09472,1.091,1.09177,10752
2025-03-11T21:00:00.000Z,1.09183,1.09187,1.09054,1.09088,4089
2025-03-12T01:00:00.000Z,1.0909,1.09152,1.08957,1.08988,7438
2025-03-12T05:00:00.000Z,1.08988,1.09215,1.08873,1.09213,11950
2025-03-12T09:00:00.000Z,1.09213,1.09315,1.08761,1.0878,15256
2025-03-12T13:00:00.000Z,1.08782,1.09279,1.08756,1.09057,17435
2025-03-12T17:00:00.000Z,1.09056,1.09141,1.08797,1.08869,8672
2025-03-12T21:00:00.000Z,1.08883,1.08917,1.08825,1.08913,3210
2025-03-13T01:00:00.000Z,1.08915,1.08972,1.08817,1.08932,6655
2025-03-13T05:00:00.000Z,1.08932,1.08933,1.08589,1.08732,11835
2025-03-13T09:00:00.000Z,1.08729,1.08853,1.08263,1.08347,14823
2025-03-13T13:00:00.000Z,1.08348,1.08781,1.08225,1.08725,16538
2025-03-13T17:00:00.000Z,1.08725,1.08735,1.08462,1.08544,8192
2025-03-13T21:00:00.000Z,1.08467,1.08585,1.08454,1.0849,3951
2025-03-14T01:00:00.000Z,1.08491,1.08492,1.08341,1.08409,6365
2025-03-14T05:00:00.000Z,1.0841,1.08568,1.08305,1.08539,10123
2025-03-14T09:00:00.000Z,1.0854,1.09126,1.08468,1.08946,16246
2025-03-14T13:00:00.000Z,1.08947,1.08979,1.08654,1.0883,15106
2025-03-14T17:00:00.000Z,1.0883,1.08879,1.08733,1.08815,6255
2025-03-16T21:00:00.000Z,1.0878,1.08853,1.08746,1.08793,3713
2025-03-17T01:00:00.000Z,1.08794,1.08937,1.08742,1.0882,5695
2025-03-17T05:00:00.000Z,1.0882,1.08867,1.08684,1.08836,9242
2025-03-17T09:00:00.000Z,1.08837,1.09119,1.08769,1.09017,11130
2025-03-17T13:00:00.000Z,1.09018,1.09295,1.08971,1.0921,12170
2025-03-17T17:00:00.000Z,1.09211,1.09277,1.09115,1.09226,5831
2025-03-17T21:00:00.000Z,1.09213,1.09227,1.09149,1.0916,2748
2025-03-18T01:00:00.000Z,1.0916,1.0919,1.09062,1.09109,4787
2025-03-18T05:00:00.000Z,1.09109,1.09546,1.09034,1.09515,8430
2025-03-18T09:00:00.000Z,1.09517,1.09531,1.08924,1.09115,11510
2025-03-18T13:00:00.000Z,1.09115,1.09399,1.08966,1.09386,14038
2025-03-18T17:00:00.000Z,1.09386,1.09516,1.09386,1.09447,6221
2025-03-18T21:00:00.000Z,1.09438,1.09459,1.09317,1.09346,3512
2025-03-19T01:00:00.000Z,1.09346,1.0945,1.09278,1.09299,4503
2025-03-19T05:00:00.000Z,1.09299,1.09361,1.08731,1.09071,10243
2025-03-19T09:00:00.000Z,1.09071,1.09176,1.08914,1.0901,9621
2025-03-19T13:00:00.000Z,1.09014,1.09038,1.08753,1.0885,10546
2025-03-19T17:00:00.000Z,1.0885,1.09133,1.08604,1.0904,13772
2025-03-19T21:00:00.000Z,1.09021,1.09164,1.09021,1.09123,3905
2025-03-20T01:00:00.000Z,1.09123,1.09173,1.09002,1.09033,6656
2025-03-20T05:00:00.000Z,1.09033,1.09033,1.08629,1.08654,9136
2025-03-20T09:00:00.000Z,1.08652,1.08683,1.08309,1.08337,13089
2025-03-20T13:00:00.000Z,1.08337,1.08522,1.08145,1.08486,12750
2025-03-20T17:00:00.000Z,1.08487,1.08589,1.0839,1.08529,5211
2025-03-20T21:00:00.000Z,1.08458,1.08588,1.08458,1.08529,3267
2025-03-21T01:00:00.000Z,1.08529,1.08555,1.08274,1.08302,5990
2025-03-21T05:00:00.000Z,1.08302,1.08455,1.08198,1.0836,8591
2025-03-21T09:00:00.000Z,1.0836,1.08612,1.08247,1.08321,9458
2025-03-21T13:00:00.000Z,1.08321,1.08358,1.07969,1.08182,13333
2025-03-21T17:00:00.000Z,1.0818,1.08268,1.08051,1.08127,6435
2025-03-23T21:00:00.000Z,1.08141,1.08399,1.08121,1.08373,4421
2025-03-24T01:00:00.000Z,1.08372,1.08375,1.0817,1.08227,6622
2025-03-24T05:00:00.000Z,1.08227,1.08582,1.08181,1.0843,9637
2025-03-24T09:00:00.000Z,1.08427,1.08547,1.08215,1.08297,9869
2025-03-24T13:00:00.000Z,1.08296,1.08306,1.07815,1.07917,14051
2025-03-24T17:00:00.000Z,1.07917,1.08132,1.07839,1.0801,6478
2025-03-24T21:00:00.000Z,1.08002,1.08037,1.07949,1.08001,2741
2025-03-25T01:00:00.000Z,1.08001,1.08089,1.0794,1.08032,5050
2025-03-25T05:00:00.000Z,1.08032,1.08071,1.07768,1.07905,7965
2025-03-25T09:00:00.000Z,1.07905,1.08301,1.07875,1.08251,10976
2025-03-25T13:00:00.000Z,1.08251,1.08277,1.07972,1.08065,13291
2025-03-25T17:00:00.000Z,1.08071,1.08169,1.07899,1.07903,6019
2025-03-25T21:00:00.000Z,1.07892,1.07934,1.07835,1.07844,2969
2025-03-26T01:00:00.000Z,1.07844,1.07971,1.0778,1.07841,5593
2025-03-26T05:00:00.000Z,1.07841,1.07997,1.07777,1.07992,9327
2025-03-26T09:00:00.000Z,1.07988,1.08026,1.07818,1.07841,10265
2025-03-26T13:00:00.000Z,1.07843,1.07953,1.07675,1.07876,13550
2025-03-26T17:00:00.000Z,1.07876,1.07893,1.07439,1.07514,8662
2025-03-26T21:00:00.000Z,1.07554,1.07575,1.07328,1.07554,5407
2025-03-27T01:00:00.000Z,1.07554,1.0787,1.07551,1.07804,5436
2025-03-27T05:00:00.000Z,1.07804,1.07827,1.07541,1.07758,11102
2025-03-27T09:00:00.000Z,1.07758,1.07996,1.07611,1.0787,10573
2025-03-27T13:00:00.000Z,1.07872,1.08212,1.07764,1.07986,13366
2025-03-27T17:00:00.000Z,1.07992,1.08087,1.07883,1.08016,5541
2025-03-27T21:00:00.000Z,1.07957,1.08014,1.07881,1.07949,2539
2025-03-28T01:00:00.000Z,1.07949,1.0799,1.07843,1.07885,4938
2025-03-28T05:00:00.000Z,1.07885,1.07998,1.07752,1.07782,7131
2025-03-28T09:00:00.000Z,1.07782,1.0792,1.07645,1.0789,8556
2025-03-28T13:00:00.000Z,1.07888,1.08447,1.07849,1.08216,14358
2025-03-28T17:00:00.000Z,1.08215,1.0836,1.0812,1.08295,6053
2025-03-30T21:00:00.000Z,1.08255,1.08416,1.08053,1.08416,6377
2025-03-31T01:00:00.000Z,1.08415,1.08457,1.08289,1.08342,6697
2025-03-31T05:00:00.000Z,1.08342,1.08492,1.08116,1.08273,11821
2025-03-31T09:00:00.000Z,1.08273,1.08304,1.0801,1.08037,9511
2025-03-31T13:00:00.000Z,1.08037,1.08212,1.0784,1.08117,13562
2025-03-31T17:00:00.000Z,1.08116,1.08198,1.0807,1.08167,5363
2025-03-31T21:00:00.000Z,1.08168,1.08265,1.08138,1.08252,3453
2025-04-01T01:00:00.000Z,1.08252,1.08301,1.08167,1.0825,6224
2025-04-01T05:00:00.000Z,1.08251,1.08251,1.0799,1.08176,9340
2025-04-01T09:00:00.000Z,1.08176,1.08291,1.07782,1.07871,11242
2025-04-01T13:00:00.000Z,1.07871,1.08123,1.07792,1.07997,13313
2025-04-01T17:00:00.000Z,1.07997,1.08045,1.07851,1.07948,5204
2025-04-01T21:00:00.000Z,1.07871,1.08081,1.07871,1.07904,4092
2025-04-02T01:00:00.000Z,1.07904,1.08018,1.0787,1.07926,4865
2025-04-02T05:00:00.000Z,1.07926,1.08018,1.078,1.07974,7723
2025-04-02T09:00:00.000Z,1.07974,1.08194,1.07859,1.08191,9094
2025-04-02T13:00:00.000Z,1.08187,1.08729,1.08146,1.08522,13134
2025-04-02T17:00:00.000Z,1.08522,1.09241,1.08105,1.08425,11792
2025-04-02T21:00:00.000Z,1.08425,1.09113,1.08051,1.08905,15320
2025-04-03T01:00:00.000Z,1.08905,1.09245,1.08864,1.09066,11847
2025-04-03T05:00:00.000Z,1.09067,1.10208,1.09063,1.10092,18673
2025-04-03T09:00:00.000Z,1.10094,1.11453,1.10037,1.10816,22778
2025-04-03T13:00:00.000Z,1.10815,1.1135,1.10328,1.1039,23530
2025-04-03T17:00:00.000Z,1.10386,1.10524,1.10158,1.10523,9443
2025-04-03T21:00:00.000Z,1.10492,1.10714,1.10366,1.10605,7117
2025-04-04T01:00:00.000Z,1.10604,1.10985,1.10572,1.10873,11625
2025-04-04T05:00:00.000Z,1.10873,1.11075,1.09754,1.09962,18404
2025-04-04T09:00:00.000Z,1.09967,1.10888,1.09645,1.10198,29950
2025-04-04T13:00:00.000Z,1.10201,1.10481,1.09601,1.09711,32540
2025-04-04T17:00:00.000Z,1.09711,1.09768,1.09241,1.09622,18289
2025-04-06T21:00:00.000Z,1.08854,1.10002,1.08803,1.09669,17790
2025-04-07T01:00:00.000Z,1.09669,1.09874,1.09197,1.09847,14705
2025-04-07T05:00:00.000Z,1.09847,1.10497,1.09678,1.0992,25046
2025-04-07T09:00:00.000Z,1.09918,1.09964,1.09352,1.09735,24584
2025-04-07T13:00:00.000Z,1.09744,1.09815,1.09009,1.09321,28781
2025-04-07T17:00:00.000Z,1.09322,1.09528,1.09014,1.09052,14685
2025-04-07T21:00:00.000Z,1.09014,1.09498,1.09014,1.09397,6754
2025-04-08T01:00:00.000Z,1.09396,1.09801,1.09377,1.09757,11040
2025-04-08T05:00:00.000Z,1.09757,1.09918,1.09214,1.09366,18302
2025-04-08T09:00:00.000Z,1.09366,1.09684,1.09111,1.09483,18317
2025-04-08T13:00:00.000Z,1.09483,1.09557,1.08882,1.09295,22104
2025-04-08T17:00:00.000Z,1.09294,1.09778,1.09261,1.09547,15893
2025-04-08T21:00:00.000Z,1.09516,1.10165,1.09473,1.10146,9386
2025-04-09T01:00:00.000Z,1.10146,1.10688,1.10094,1.10687,18630
2025-04-09T05:00:00.000Z,1.10684,1.10897,1.0998,1.10274,26899
2025-04-09T09:00:00.000Z,1.10271,1.1095,1.10092,1.10754,24486
2025-04-09T13:00:00.000Z,1.1076,1.10817,1.10134,1.10202,21478
2025-04-09T17:00:00.000Z,1.10201,1.10638,1.09132,1.09492,25854
2025-04-09T21:00:00.000Z,1.09461,1.09865,1.09428,1.09861,10485
2025-04-10T01:00:00.000Z,1.09861,1.0989,1.09613,1.09826,11786
2025-04-10T05:00:00.000Z,1.09826,1.10478,1.09626,1.10375,18552
2025-04-10T09:00:00.000Z,1.10375,1.11317,1.10337,1.1097,20023
2025-04-10T13:00:00.000Z,1.10976,1.12288,1.10908,1.11967,25041
2025-04-10T17:00:00.000Z,1.11966,1.12413,1.11587,1.12016,17169
2025-04-10T21:00:00.000Z,1.1191,1.13813,1.11862,1.13102,15340
2025-04-11T01:00:00.000Z,1.13102,1.13543,1.12757,1.13224,19537
2025-04-11T05:00:00.000Z,1.13224,1.14733,1.12464,1.14272,25283
2025-04-11T09:00:00.000Z,1.14268,1.14268,1.132,1.13953,25545
2025-04-11T13:00:00.000Z,1.13953,1.14122,1.12764,1.13058,27389
2025-04-11T17:00:00.000Z,1.13052,1.13528,1.12825,1.13506,13293
2025-04-13T21:00:00.000Z,1.13164,1.13707,1.13134,1.13654,10611
2025-04-14T01:00:00.000Z,1.13654,1.1409,1.13577,1.13675,12885
2025-04-14T05:00:00.000Z,1.13675,1.14247,1.13527,1.13875,18079
2025-04-14T09:00:00.000Z,1.13875,1.14076,1.13345,1.13387,15658
2025-04-14T13:00:00.000Z,1.13387,1.13818,1.12958,1.13307,19832
2025-04-14T17:00:00.000Z,1.13308,1.13697,1.13284,1.13503,9425
2025-04-14T21:00:00.000Z,1.13422,1.13612,1.13171,1.13286,6292
2025-04-15T01:00:00.000Z,1.13286,1.13631,1.13157,1.13568,8788
2025-04-15T05:00:00.000Z,1.13568,1.1379,1.13204,1.13469,14051
2025-04-15T09:00:00.000Z,1.13446,1.1356,1.13086,1.13129,13798
2025-04-15T13:00:00.000Z,1.13123,1.13294,1.1264,1.12743,17968
2025-04-15T17:00:00.000Z,1.12744,1.12896,1.12664,1.12824,7572
2025-04-15T21:00:00.000Z,1.12793,1.13214,1.12792,1.13169,6915
2025-04-16T01:00:00.000Z,1.13169,1.13479,1.13163,1.1346,9468
2025-04-16T05:00:00.000Z,1.1346,1.13922,1.13381,1.13698,15386
2025-04-16T09:00:00.000Z,1.13697,1.13777,1.13403,1.13514,16210
2025-04-16T13:00:00.000Z,1.13516,1.13869,1.13496,1.13748,16715
2025-04-16T17:00:00.000Z,1.13737,1.14128,1.1359,1.13969,11908
2025-04-16T21:00:00.000Z,1.13966,1.14093,1.1365,1.13676,6671
2025-04-17T01:00:00.000Z,1.13677,1.13818,1.13554,1.13621,8890
2025-04-17T05:00:00.000Z,1.13622,1.13885,1.13434,1.13785,11859
2025-04-17T09:00:00.000Z,1.13782,1.13808,1.13351,1.13564,14040
2025-04-17T13:00:00.000Z,1.13565,1.13857,1.13383,1.13504,18183
2025-04-17T17:00:00.000Z,1.13504,1.13764,1.13409,1.13652,7372
2025-04-17T21:00:00.000Z,1.13635,1.13859,1.1359,1.13747,5849
2025-04-18T01:00:00.000Z,1.1374,1.1379,1.13685,1.13695,10969
2025-04-18T05:00:00.000Z,1.13694,1.13762,1.13572,1.13713,16341
2025-04-18T09:00:00.000Z,1.13712,1.1386,1.13677,1.13823,17494
2025-04-18T13:00:00.000Z,1.13822,1.13977,1.13757,1.13944,11966
2025-04-18T17:00:00.000Z,1.13945,1.13973,1.13904,1.13925,6461
2025-04-20T21:00:00.000Z,1.13951,1.14861,1.13927,1.14662,10259
2025-04-21T01:00:00.000Z,1.14662,1.15307,1.14651,1.15172,10211
2025-04-21T05:00:00.000Z,1.15172,1.15676,1.15048,1.1558,12367
2025-04-21T09:00:00.000Z,1.1558,1.1573,1.1513,1.15425,12484
2025-04-21T13:00:00.000Z,1.15424,1.15427,1.14817,1.15093,14317
2025-04-21T17:00:00.000Z,1.15093,1.15268,1.14934,1.15122,7983
2025-04-21T21:00:00.000Z,1.1508,1.15252,1.1482,1.14904,6013
2025-04-22T01:00:00.000Z,1.14904,1.15402,1.14855,1.153,9789
2025-04-22T05:00:00.000Z,1.153,1.15472,1.14832,1.14997,16740
2025-04-22T09:00:00.000Z,1.14997,1.15077,1.14614,1.147,14377
2025-04-22T13:00:00.000Z,1.14703,1.1492,1.14331,1.14338,15876
2025-04-22T17:00:00.000Z,1.14339,1.1454,1.14174,1.1419,8405
2025-04-22T21:00:00.000Z,1.14212,1.14257,1.1308,1.13974,13333
2025-04-23T01:00:00.000Z,1.13974,1.14151,1.13708,1.13899,11307
2025-04-23T05:00:00.000Z,1.139,1.14153,1.1371,1.14129,15508
2025-04-23T09:00:00.000Z,1.14129,1.14397,1.13861,1.14056,12379
2025-04-23T13:00:00.000Z,1.14055,1.1412,1.13282,1.13397,22545
2025-04-23T17:00:00.000Z,1.13397,1.13439,1.13103,1.13131,8480
2025-04-23T21:00:00.000Z,1.13148,1.13473,1.13132,1.13436,7085
2025-04-24T01:00:00.000Z,1.13432,1.13575,1.13323,1.13391,8221
2025-04-24T05:00:00.000Z,1.1339,1.13927,1.13305,1.13803,12071
2025-04-24T09:00:00.000Z,1.13804,1.13946,1.13579,1.13765,11369
2025-04-24T13:00:00.000Z,1.1377,1.1387,1.13475,1.13799,14440
2025-04-24T17:00:00.000Z,1.13798,1.13974,1.13637,1.13933,6868
2025-04-24T21:00:00.000Z,1.13814,1.13909,1.13468,1.13473,5948
2025-04-25T01:00:00.000Z,1.13473,1.13592,1.13156,1.1335,10082
2025-04-25T05:00:00.000Z,1.1335,1.13681,1.13216,1.13504,12565
2025-04-25T09:00:00.000Z,1.13504,1.13666,1.13341,1.13524,10655
2025-04-25T13:00:00.000Z,1.13523,1.13886,1.1333,1.13686,11989
2025-04-25T17:00:00.000Z,1.13686,1.13826,1.13568,1.13596,6136
2025-04-27T21:00:00.000Z,1.13585,1.13655,1.13398,1.13637,4155
2025-04-28T01:00:00.000Z,1.13637,1.13725,1.1343,1.13722,6987
2025-04-28T05:00:00.000Z,1.13722,1.13808,1.13295,1.13435,10781
2025-04-28T09:00:00.000Z,1.13435,1.13727,1.1341,1.13509,9781
2025-04-28T13:00:00.000Z,1.13509,1.14221,1.13395,1.14114,14601
2025-04-28T17:00:00.000Z,1.14114,1.14247,1.14002,1.1423,7439
2025-04-28T21:00:00.000Z,1.14185,1.14218,1.13992,1.13997,4494
2025-04-29T01:00:00.000Z,1.13997,1.14199,1.1374,1.13782,8234
2025-04-29T05:00:00.000Z,1.13782,1.14121,1.1376,1.13853,11601
2025-04-29T09:00:00.000Z,1.13853,1.14145,1.13701,1.14106,10749
2025-04-29T13:00:00.000Z,1.14106,1.14188,1.13789,1.14032,15414
2025-04-29T17:00:00.000Z,1.14032,1.14046,1.1376,1.13853,6658
2025-04-29T21:00:00.000Z,1.13818,1.13956,1.13767,1.13825,4975
2025-04-30T01:00:00.000Z,1.13825,1.13864,1.1355,1.13733,7511
2025-04-30T05:00:00.000Z,1.13732,1.13994,1.13622,1.13713,10168
2025-04-30T09:00:00.000Z,1.13714,1.13886,1.13559,1.1374,11670
2025-04-30T13:00:00.000Z,1.13737,1.13791,1.13232,1.13554,17028
2025-04-30T17:00:00.000Z,1.13555,1.13647,1.1317,1.13239,8123
2025-04-30T21:00:00.000Z,1.13264,1.13309,1.13188,1.13218,4857
2025-05-01T01:00:00.000Z,1.13218,1.13222,1.12997,1.13024,7227
2025-05-01T05:00:00.000Z,1.13025,1.13308,1.12874,1.13197,10325
2025-05-01T09:00:00.000Z,1.13197,1.1341,1.13082,1.13154,10008
2025-05-01T13:00:00.000Z,1.13151,1.13276,1.12659,1.12905,14264
2025-05-01T17:00:00.000Z,1.12905,1.12937,1.1275,1.12927,6654
2025-05-01T21:00:00.000Z,1.12846,1.12992,1.1274,1.12822,4776
2025-05-02T01:00:00.000Z,1.12825,1.13153,1.12784,1.13039,8662
2025-05-02T05:00:00.000Z,1.1304,1.13378,1.13024,1.13311,11092
2025-05-02T09:00:00.000Z,1.1333,1.13548,1.13037,1.13189,13592
2025-05-02T13:00:00.000Z,1.13187,1.13808,1.13147,1.13198,18387
2025-05-02T17:00:00.000Z,1.13198,1.13202,1.12924,1.12984,7504
2025-05-04T21:00:00.000Z,1.13006,1.13279,1.12901,1.13223,5660
2025-05-05T01:00:00.000Z,1.13232,1.13467,1.13226,1.13374,7813
2025-05-05T05:00:00.000Z,1.13374,1.13474,1.13113,1.1326,11426
2025-05-05T09:00:00.000Z,1.13264,1.13633,1.13262,1.13598,11081
2025-05-05T13:00:00.000Z,1.13599,1.13648,1.12991,1.13022,12944
2025-05-05T17:00:00.000Z,1.13022,1.13209,1.12972,1.13135,5537
2025-05-05T21:00:00.000Z,1.13126,1.13198,1.12808,1.12861,3678
2025-05-06T01:00:00.000Z,1.1286,1.13275,1.12799,1.13245,7887
2025-05-06T05:00:00.000Z,1.13245,1.13494,1.13135,1.13271,12028
2025-05-06T09:00:00.000Z,1.13271,1.13437,1.13052,1.13403,11330
2025-05-06T13:00:00.000Z,1.13402,1.13695,1.13262,1.13486,12988
2025-05-06T17:00:00.000Z,1.13489,1.13811,1.13489,1.13724,6706
2025-05-06T21:00:00.000Z,1.13637,1.13732,1.13253,1.13409,9200
2025-05-07T01:00:00.000Z,1.13409,1.13515,1.13262,1.13436,9902
2025-05-07T05:00:00.000Z,1.13435,1.13779,1.13429,1.1358,10958
2025-05-07T09:00:00.000Z,1.13578,1.13727,1.13472,1.13591,9489
2025-05-07T13:00:00.000Z,1.13591,1.13709,1.1337,1.13489,11019
2025-05-07T17:00:00.000Z,1.13488,1.13649,1.12915,1.1302,13462
2025-05-07T21:00:00.000Z,1.13032,1.13223,1.12998,1.131,4737
2025-05-08T01:00:00.000Z,1.131,1.1336,1.13082,1.1318,8613
2025-05-08T05:00:00.000Z,1.1318,1.13182,1.12702,1.12877,12529
2025-05-08T09:00:00.000Z,1.12877,1.13201,1.12753,1.12995,11586
2025-05-08T13:00:00.000Z,1.12996,1.13163,1.12204,1.1226,16973
2025-05-08T17:00:00.000Z,1.1226,1.12305,1.1212,1.12292,7732
2025-05-08T21:00:00.000Z,1.12201,1.12333,1.12132,1.12269,4569
2025-05-09T01:00:00.000Z,1.12269,1.12296,1.11965,1.12278,8573
2025-05-09T05:00:00.000Z,1.12278,1.12593,1.12182,1.12563,10536
2025-05-09T09:00:00.000Z,1.12563,1.126,1.12422,1.12539,9991
2025-05-09T13:00:00.000Z,1.12539,1.12927,1.12531,1.12585,12068
2025-05-09T17:00:00.000Z,1.12583,1.12662,1.12464,1.12474,4794
2025-05-11T21:00:00.000Z,1.11979,1.12391,1.11919,1.12386,7103
2025-05-12T01:00:00.000Z,1.12386,1.12427,1.12222,1.12274,8923
2025-05-12T05:00:00.000Z,1.12274,1.12359,1.10824,1.11375,21215
2025-05-12T09:00:00.000Z,1.1137,1.11418,1.10721,1.11134,18083
2025-05-12T13:00:00.000Z,1.11135,1.11345,1.10837,1.10846,16745
2025-05-12T17:00:00.000Z,1.10846,1.10967,1.10653,1.10873,7595
2025-05-12T21:00:00.000Z,1.10877,1.11065,1.10846,1.11045,5678
2025-05-13T01:00:00.000Z,1.11045,1.1117,1.10991,1.11168,8568
2025-05-13T05:00:00.000Z,1.11168,1.11243,1.11014,1.11118,11770
2025-05-13T09:00:00.000Z,1.11118,1.11313,1.1097,1.11307,10915
2025-05-13T13:00:00.000Z,1.11306,1.1183,1.11274,1.11757,16355
2025-05-13T17:00:00.000Z,1.11757,1.11945,1.11676,1.11873,5673
2025-05-13T21:00:00.000Z,1.11853,1.11972,1.11802,1.1192,4652
2025-05-14T01:00:00.000Z,1.1192,1.12006,1.11829,1.11885,9437
2025-05-14T05:00:00.000Z,1.11885,1.12521,1.11801,1.12386,14246
2025-05-14T09:00:00.000Z,1.12394,1.12656,1.12094,1.12252,13980
2025-05-14T13:00:00.000Z,1.12252,1.12347,1.11757,1.1189,17098
2025-05-14T17:00:00.000Z,1.11888,1.11969,1.11644,1.11731,7279
2025-05-14T21:00:00.000Z,1.11764,1.11943,1.1172,1.11918,4513
2025-05-15T01:00:00.000Z,1.11915,1.12013,1.11888,1.11928,7724
2025-05-15T05:00:00.000Z,1.11928,1.12278,1.11855,1.12101,11528
2025-05-15T09:00:00.000Z,1.12102,1.12139,1.11785,1.12098,11313
2025-05-15T13:00:00.000Z,1.12098,1.12238,1.11726,1.11808,15301
2025-05-15T17:00:00.000Z,1.11808,1.11892,1.11703,1.11854,5759
2025-05-15T21:00:00.000Z,1.11838,1.12083,1.11784,1.12048,4641
2025-05-16T01:00:00.000Z,1.12048,1.12087,1.11962,1.1203,6857
2025-05-16T05:00:00.000Z,1.12032,1.12195,1.11971,1.1199,10047
2025-05-16T09:00:00.000Z,1.11989,1.12087,1.11882,1.11971,9554
2025-05-16T13:00:00.000Z,1.11971,1.12056,1.11311,1.1145,13701
2025-05-16T17:00:00.000Z,1.11451,1.11615,1.11394,1.11602,5562
2025-05-18T21:00:00.000Z,1.11732,1.11986,1.11683,1.11973,6835
2025-05-19T01:00:00.000Z,1.11973,1.1199,1.11723,1.11839,7953
2025-05-19T05:00:00.000Z,1.11839,1.12592,1.11763,1.12573,12928
2025-05-19T09:00:00.000Z,1.12577,1.12882,1.12551,1.12568,13338
2025-05-19T13:00:00.000Z,1.1257,1.12652,1.12289,1.12353,13433
2025-05-19T17:00:00.000Z,1.12353,1.12447,1.12241,1.12428,4838
2025-05-19T21:00:00.000Z,1.12347,1.12433,1.12178,1.12279,3685
2025-05-20T01:00:00.000Z,1.12279,1.12512,1.12259,1.12421,8216
2025-05-20T05:00:00.000Z,1.12416,1.12777,1.12416,1.12583,12810
2025-05-20T09:00:00.000Z,1.12583,1.12671,1.12237,1.12344,10310
2025-05-20T13:00:00.000Z,1.12344,1.12698,1.12248,1.12567,13616
2025-05-20T17:00:00.000Z,1.12567,1.12848,1.12547,1.12833,5912
2025-05-20T21:00:00.000Z,1.12822,1.13014,1.1278,1.12954,5417
2025-05-21T01:00:00.000Z,1.12954,1.13396,1.12869,1.1329,9884
2025-05-21T05:00:00.000Z,1.1329,1.1353,1.13122,1.13224,13512
2025-05-21T09:00:00.000Z,1.13224,1.13618,1.13148,1.13346,12686
2025-05-21T13:00:00.000Z,1.13347,1.13542,1.13232,1.13403,13793
2025-05-21T17:00:00.000Z,1.13403,1.13628,1.13155,1.13299,9676
2025-05-21T21:00:00.000Z,1.13228,1.13434,1.13111,1.13272,7424
2025-05-22T01:00:00.000Z,1.13272,1.13448,1.13172,1.1333,10741
2025-05-22T05:00:00.000Z,1.13332,1.1342,1.12952,1.13018,15044
2025-05-22T09:00:00.000Z,1.13018,1.13149,1.12847,1.1295,13287
2025-05-22T13:00:00.000Z,1.12951,1.13089,1.12659,1.12693,16117
2025-05-22T17:00:00.000Z,1.12695,1.12856,1.12558,1.128,6797
2025-05-22T21:00:00.000Z,1.12764,1.12997,1.12764,1.1297,4843
2025-05-23T01:00:00.000Z,1.1297,1.13208,1.12951,1.13179,7790
2025-05-23T05:00:00.000Z,1.13179,1.13446,1.13082,1.1342,10174
2025-05-23T09:00:00.000Z,1.1342,1.13755,1.12974,1.13335,19037
2025-05-23T13:00:00.000Z,1.13334,1.13596,1.13108,1.13582,15142
2025-05-23T17:00:00.000Z,1.13582,1.13693,1.13516,1.13639,6172
2025-05-25T21:00:00.000Z,1.13638,1.13976,1.13603,1.13969,7924
2025-05-26T01:00:00.000Z,1.13968,1.14187,1.1388,1.14093,9860
2025-05-26T05:00:00.000Z,1.14092,1.14185,1.13829,1.13845,10197
2025-05-26T09:00:00.000Z,1.13846,1.13868,1.13689,1.13752,6251
2025-05-26T13:00:00.000Z,1.13752,1.13855,1.13732,1.13833,5300
2025-05-26T17:00:00.000Z,1.13834,1.13878,1.13785,1.13868,1579
2025-05-26T21:00:00.000Z,1.13816,1.14029,1.13797,1.14,4389
2025-05-27T01:00:00.000Z,1.13999,1.14071,1.13777,1.13783,6946
2025-05-27T05:00:00.000Z,1.13788,1.13929,1.1337,1.13488,13278
2025-05-27T09:00:00.000Z,1.13485,1.13677,1.13407,1.13666,10533
2025-05-27T13:00:00.000Z,1.13666,1.13753,1.13233,1.13316,12821
2025-05-27T17:00:00.000Z,1.13315,1.13387,1.13264,1.13291,5276
2025-05-27T21:00:00.000Z,1.13258,1.13451,1.13252,1.13343,4185
2025-05-28T01:00:00.000Z,1.13343,1.13388,1.13005,1.1306,10300
2025-05-28T05:00:00.000Z,1.1306,1.13342,1.12954,1.13321,11150
2025-05-28T09:00:00.000Z,1.13321,1.13406,1.13074,1.13109,10224
2025-05-28T13:00:00.000Z,1.1311,1.13246,1.12838,1.1294,14143
2025-05-28T17:00:00.000Z,1.1294,1.13007,1.12843,1.1293,6248
2025-05-28T21:00:00.000Z,1.12912,1.12971,1.12101,1.12347,11578
2025-05-29T01:00:00.000Z,1.12345,1.1257,1.12234,1.12477,10947
2025-05-29T05:00:00.000Z,1.12477,1.12826,1.1231,1.12718,12622
2025-05-29T09:00:00.000Z,1.12718,1.13497,1.12679,1.13493,12737
2025-05-29T13:00:00.000Z,1.13493,1.13799,1.13393,1.13714,15113
2025-05-29T17:00:00.000Z,1.13714,1.13843,1.13607,1.13685,5999
2025-05-29T21:00:00.000Z,1.1366,1.13847,1.13642,1.13725,5805
2025-05-30T01:00:00.000Z,1.13725,1.13898,1.13456,1.1346,8860
2025-05-30T05:00:00.000Z,1.1346,1.13544,1.13234,1.13239,11245
2025-05-30T09:00:00.000Z,1.13239,1.13585,1.13231,1.1346,11887
2025-05-30T13:00:00.000Z,1.1346,1.13585,1.13125,1.13503,16958
2025-05-30T17:00:00.000Z,1.13503,1.13671,1.13447,1.13467,6822
2025-06-01T21:00:00.000Z,1.13453,1.13746,1.13442,1.13686,6309
2025-06-02T01:00:00.000Z,1.13686,1.1382,1.13543,1.13653,8683
2025-06-02T05:00:00.000Z,1.13653,1.14367,1.13637,1.14201,11514
2025-06-02T09:00:00.000Z,1.14201,1.14369,1.1409,1.14182,10985
2025-06-02T13:00:00.000Z,1.14182,1.14497,1.14043,1.14185,14278
2025-06-02T17:00:00.000Z,1.14182,1.14461,1.14163,1.14419,6074
2025-06-02T21:00:00.000Z,1.1437,1.14545,1.14345,1.14433,4484
2025-06-03T01:00:00.000Z,1.14433,1.14433,1.1416,1.14253,8234
2025-06-03T05:00:00.000Z,1.14253,1.14322,1.14054,1.14115,10337
2025-06-03T09:00:00.000Z,1.14115,1.1418,1.13771,1.13819,9871
2025-06-03T13:00:00.000Z,1.13821,1.13949,1.13641,1.13733,13335
2025-06-03T17:00:00.000Z,1.13733,1.13817,1.13677,1.13716,4217
2025-06-03T21:00:00.000Z,1.13695,1.13891,1.13684,1.13825,4990
2025-06-04T01:00:00.000Z,1.13825,1.13931,1.13648,1.13667,8642
2025-06-04T05:00:00.000Z,1.13667,1.14038,1.13571,1.13994,10745
2025-06-04T09:00:00.000Z,1.13994,1.1411,1.13749,1.14092,10676
2025-06-04T13:00:00.000Z,1.14094,1.14343,1.13928,1.1433,13582
2025-06-04T17:00:00.000Z,1.1433,1.14335,1.141,1.14202,4932
2025-06-04T21:00:00.000Z,1.14142,1.14294,1.14136,1.1429,4596
2025-06-05T01:00:00.000Z,1.14291,1.14348,1.14078,1.14103,8435
2025-06-05T05:00:00.000Z,1.14106,1.1425,1.14044,1.14128,9131
2025-06-05T09:00:00.000Z,1.14125,1.14485,1.14097,1.14294,12051
2025-06-05T13:00:00.000Z,1.14294,1.14948,1.14185,1.14478,19619
2025-06-05T17:00:00.000Z,1.14478,1.14482,1.14311,1.14438,6969
2025-06-05T21:00:00.000Z,1.14444,1.14572,1.14395,1.14502,4312
2025-06-06T01:00:00.000Z,1.14502,1.14522,1.1433,1.14399,6576
2025-06-06T05:00:00.000Z,1.14398,1.14423,1.14115,1.14145,8793
2025-06-06T09:00:00.000Z,1.14146,1.14311,1.13833,1.13967,11939
2025-06-06T13:00:00.000Z,1.13967,1.14162,1.13716,1.13871,17318
2025-06-06T17:00:00.000Z,1.13872,1.14018,1.13845,1.13926,5477
2025-06-08T21:00:00.000Z,1.13956,1.14112,1.139,1.13937,3874
2025-06-09T01:00:00.000Z,1.13937,1.14251,1.13937,1.14183,6521
2025-06-09T05:00:00.000Z,1.14183,1.1436,1.1412,1.14283,7918
2025-06-09T09:00:00.000Z,1.14283,1.14391,1.13944,1.14003,8106
2025-06-09T13:00:00.000Z,1.13996,1.14256,1.13864,1.14245,9142
2025-06-09T17:00:00.000Z,1.14244,1.14308,1.14184,1.14184,4228
2025-06-09T21:00:00.000Z,1.14202,1.14355,1.14175,1.14242,3865
2025-06-10T01:00:00.000Z,1.14242,1.14282,1.13862,1.13994,8297
2025-06-10T05:00:00.000Z,1.13994,1.14147,1.13728,1.14082,12190
2025-06-10T09:00:00.000Z,1.14082,1.14403,1.14035,1.14321,9056
2025-06-10T13:00:00.000Z,1.14321,1.14475,1.14156,1.14235,10068
2025-06-10T17:00:00.000Z,1.14242,1.14365,1.14164,1.14249,4544
2025-06-10T21:00:00.000Z,1.14228,1.14396,1.14203,1.14208,6022
2025-06-11T01:00:00.000Z,1.14208,1.14268,1.14059,1.14156,7057
2025-06-11T05:00:00.000Z,1.14156,1.14384,1.14054,1.14307,8525
2025-06-11T09:00:00.000Z,1.14307,1.14893,1.14228,1.14604,11956
2025-06-11T13:00:00.000Z,1.14604,1.14958,1.14529,1.14895,13317
2025-06-11T17:00:00.000Z,1.14896,1.14994,1.14793,1.1487,6815
2025-06-11T21:00:00.000Z,1.14823,1.15265,1.14823,1.15211,6283
2025-06-12T01:00:00.000Z,1.15211,1.1529,1.15064,1.15152,9322
2025-06-12T05:00:00.000Z,1.15145,1.15472,1.15059,1.15442,12426
2025-06-12T09:00:00.000Z,1.15441,1.16316,1.15401,1.16098,16441
2025-06-12T13:00:00.000Z,1.16095,1.1617,1.1567,1.15761,14692
2025-06-12T17:00:00.000Z,1.15759,1.15871,1.15637,1.1586,6091
2025-06-12T21:00:00.000Z,1.15825,1.16144,1.15395,1.15587,10113
2025-06-13T01:00:00.000Z,1.15587,1.15601,1.1514,1.15252,14206
2025-06-13T05:00:00.000Z,1.15252,1.15606,1.15118,1.15286,14449
2025-06-13T09:00:00.000Z,1.15285,1.15357,1.14889,1.15163,13648
2025-06-13T13:00:00.000Z,1.1516,1.15694,1.15013,1.15544,12763
2025-06-13T17:00:00.000Z,1.15544,1.15554,1.15334,1.1547,7672
2025-06-15T21:00:00.000Z,1.15315,1.15475,1.15261,1.15347,9663
2025-06-16T01:00:00.000Z,1.15343,1.15443,1.15236,1.15358,8345
2025-06-16T05:00:00.000Z,1.15358,1.15865,1.15358,1.15785,11992
2025-06-16T09:00:00.000Z,1.15783,1.15858,1.15697,1.1584,9389
2025-06-16T13:00:00.000Z,1.1584,1.16146,1.15783,1.15839,13648
2025-06-16T17:00:00.000Z,1.15839,1.15849,1.15543,1.15616,5922
2025-06-16T21:00:00.000Z,1.15592,1.15645,1.15425,1.15497,7020
2025-06-17T01:00:00.000Z,1.15497,1.15672,1.15457,1.1561,8020
2025-06-17T05:00:00.000Z,1.1561,1.15724,1.15453,1.15512,9838
2025-06-17T09:00:00.000Z,1.15516,1.15797,1.15478,1.15503,10122
2025-06-17T13:00:00.000Z,1.15507,1.15694,1.14989,1.15028,14407
2025-06-17T17:00:00.000Z,1.15029,1.15086,1.14745,1.1484,10231
2025-06-17T21:00:00.000Z,1.14776,1.14967,1.14745,1.14923,5888
2025-06-18T01:00:00.000Z,1.14921,1.15079,1.14894,1.15056,7876
2025-06-18T05:00:00.000Z,1.15055,1.15234,1.14984,1.1502,9683
2025-06-18T09:00:00.000Z,1.1502,1.15167,1.14918,1.15061,9562
2025-06-18T13:00:00.000Z,1.15057,1.15301,1.14843,1.1503,13961
2025-06-18T17:00:00.000Z,1.1503,1.15292,1.14606,1.14794,15687
2025-06-18T21:00:00.000Z,1.14723,1.14887,1.14712,1.14809,5960
2025-06-19T01:00:00.000Z,1.14809,1.14818,1.14508,1.14693,8778
2025-06-19T05:00:00.000Z,1.14693,1.14792,1.14462,1.14765,11885
2025-06-19T09:00:00.000Z,1.14765,1.14874,1.14676,1.14774,10030
2025-06-19T13:00:00.000Z,1.1477,1.14844,1.14545,1.14566,8535
2025-06-19T17:00:00.000Z,1.14566,1.15,1.14554,1.14987,3787
2025-06-19T21:00:00.000Z,1.14858,1.15239,1.14858,1.15228,5552
2025-06-20T01:00:00.000Z,1.15227,1.15323,1.15111,1.1527,8096
2025-06-20T05:00:00.000Z,1.1527,1.15296,1.15099,1.15225,9827
2025-06-20T09:00:00.000Z,1.15224,1.15348,1.15058,1.15127,9578
2025-06-20T13:00:00.000Z,1.1513,1.15371,1.14951,1.15359,12449
2025-06-20T17:00:00.000Z,1.15359,1.15439,1.15137,1.15214,5962
2025-06-22T21:00:00.000Z,1.14563,1.15072,1.14563,1.14892,9009
2025-06-23T01:00:00.000Z,1.14892,1.15067,1.14723,1.14903,9724
2025-06-23T05:00:00.000Z,1.14907,1.15209,1.14802,1.14817,12623
2025-06-23T09:00:00.000Z,1.14817,1.14828,1.14535,1.14675,12430
2025-06-23T13:00:00.000Z,1.14675,1.15574,1.14648,1.15446,18652
2025-06-23T17:00:00.000Z,1.15447,1.15813,1.15405,1.15779,10479
2025-06-23T21:00:00.000Z,1.15761,1.16086,1.15726,1.15992,8393
2025-06-24T01:00:00.000Z,1.15993,1.16141,1.15866,1.16063,8920
2025-06-24T05:00:00.000Z,1.16063,1.16222,1.15799,1.15926,14352
2025-06-24T09:00:00.000Z,1.15926,1.1618,1.15919,1.16006,10929
2025-06-24T13:00:00.000Z,1.16006,1.16414,1.15821,1.1624,16098
2025-06-24T17:00:00.000Z,1.16238,1.16324,1.16082,1.16105,6732
2025-06-24T21:00:00.000Z,1.16072,1.16267,1.16034,1.16251,4981
2025-06-25T01:00:00.000Z,1.16251,1.16313,1.16109,1.16137,7431
2025-06-25T05:00:00.000Z,1.16138,1.16226,1.15899,1.16099,9705
2025-06-25T09:00:00.000Z,1.16098,1.16133,1.15901,1.15928,8886
2025-06-25T13:00:00.000Z,1.15928,1.16357,1.15902,1.16307,11593
2025-06-25T17:00:00.000Z,1.16307,1.16649,1.16269,1.16555,6482
2025-06-25T21:00:00.000Z,1.16528,1.16891,1.16528,1.16821,4912
2025-06-26T01:00:00.000Z,1.16822,1.17172,1.16674,1.16796,8623
2025-06-26T05:00:00.000Z,1.16796,1.17444,1.16717,1.17276,12430
2025-06-26T09:00:00.000Z,1.17273,1.17308,1.16899,1.17066,12225
2025-06-26T13:00:00.000Z,1.17069,1.17401,1.16901,1.17293,15595
2025-06-26T17:00:00.000Z,1.17293,1.1732,1.1694,1.17,7009
2025-06-26T21:00:00.000Z,1.16964,1.17032,1.16807,1.16923,5233
2025-06-27T01:00:00.000Z,1.16919,1.17093,1.16849,1.1685,7386
2025-06-27T05:00:00.000Z,1.16856,1.1727,1.16834,1.17094,9627
2025-06-27T09:00:00.000Z,1.17095,1.17494,1.17012,1.17469,10585
2025-06-27T13:00:00.000Z,1.17469,1.17538,1.17053,1.1722,13754
2025-06-27T17:00:00.000Z,1.1722,1.17237,1.16878,1.17189,9496
2025-06-29T21:00:00.000Z,1.17286,1.17384,1.17156,1.17178,5304
2025-06-30T01:00:00.000Z,1.17178,1.17347,1.17116,1.17301,8097
2025-06-30T05:00:00.000Z,1.17299,1.17507,1.17133,1.17295,11517
2025-06-30T09:00:00.000Z,1.17295,1.17327,1.17077,1.17132,8653
2025-06-30T13:00:00.000Z,1.17132,1.17716,1.17105,1.17627,14238
2025-06-30T17:00:00.000Z,1.17627,1.17863,1.17604,1.17818,6933
2025-06-30T21:00:00.000Z,1.17807,1.1798,1.17718,1.17976,5305
2025-07-01T01:00:00.000Z,1.17976,1.18074,1.17777,1.17863,6456
2025-07-01T05:00:00.000Z,1.17863,1.18172,1.17675,1.18046,10238
2025-07-01T09:00:00.000Z,1.18044,1.18294,1.17967,1.18035,10846
2025-07-01T13:00:00.000Z,1.18036,1.18115,1.17613,1.17652,14977
2025-07-01T17:00:00.000Z,1.17654,1.18063,1.17652,1.18052,6375
2025-07-01T21:00:00.000Z,1.18002,1.18081,1.17985,1.18074,3925
2025-07-02T01:00:00.000Z,1.18073,1.18098,1.17881,1.17962,6419
2025-07-02T05:00:00.000Z,1.17962,1.1798,1.177,1.17757,9110
2025-07-02T09:00:00.000Z,1.17756,1.1788,1.17469,1.17566,12529
2025-07-02T13:00:00.000Z,1.17565,1.1794,1.17506,1.17883,13572
2025-07-02T17:00:00.000Z,1.17882,1.18031,1.17882,1.17958,5652
2025-07-02T21:00:00.000Z,1.17947,1.18087,1.1787,1.18067,3773
2025-07-03T01:00:00.000Z,1.18067,1.18101,1.17875,1.17893,5096
2025-07-03T05:00:00.000Z,1.17893,1.18099,1.17868,1.17978,8059
2025-07-03T09:00:00.000Z,1.17978,1.18,1.17172,1.17382,11526
2025-07-03T13:00:00.000Z,1.17382,1.17896,1.17337,1.17524,14784
2025-07-03T17:00:00.000Z,1.17522,1.17594,1.17442,1.17563,3450
2025-07-03T21:00:00.000Z,1.1758,1.17714,1.17516,1.17668,3794
2025-07-04T01:00:00.000Z,1.17668,1.17799,1.17558,1.17799,6001
2025-07-04T05:00:00.000Z,1.17799,1.17854,1.17676,1.17742,8566
2025-07-04T09:00:00.000Z,1.17742,1.17821,1.17638,1.17665,7743
2025-07-04T13:00:00.000Z,1.17665,1.17874,1.17663,1.17742,6421
2025-07-04T17:00:00.000Z,1.17743,1.17797,1.17701,1.17722,8451
2025-07-06T21:00:00.000Z,1.17821,1.17902,1.17734,1.17797,4279
2025-07-07T01:00:00.000Z,1.17796,1.17806,1.17639,1.17661,7431
2025-07-07T05:00:00.000Z,1.17661,1.17737,1.17231,1.17241,10169
2025-07-07T09:00:00.000Z,1.17241,1.1736,1.17181,1.17222,8413
2025-07-07T13:00:00.000Z,1.17223,1.17453,1.16873,1.1694,11220
2025-07-07T17:00:00.000Z,1.16943,1.17236,1.16865,1.17081,7708
2025-07-07T21:00:00.000Z,1.1706,1.17477,1.1706,1.17433,5195
2025-07-08T01:00:00.000Z,1.17433,1.17497,1.17308,1.17414,7362
2025-07-08T05:00:00.000Z,1.17414,1.17653,1.17318,1.17488,9757
2025-07-08T09:00:00.000Z,1.17487,1.17505,1.17138,1.1721,8857
2025-07-08T13:00:00.000Z,1.1721,1.17222,1.16824,1.17088,13567
2025-07-08T17:00:00.000Z,1.17088,1.17297,1.17075,1.17251,7301
2025-07-08T21:00:00.000Z,1.17195,1.17292,1.17141,1.17245,4310
2025-07-09T01:00:00.000Z,1.17245,1.17257,1.17012,1.17125,7263
2025-07-09T05:00:00.000Z,1.17125,1.17285,1.17023,1.17132,9431
2025-07-09T09:00:00.000Z,1.17132,1.17197,1.16895,1.17153,9181
2025-07-09T13:00:00.000Z,1.17153,1.17245,1.17006,1.17051,10187
2025-07-09T17:00:00.000Z,1.17045,1.17231,1.17039,1.17205,5204
2025-07-09T21:00:00.000Z,1.17159,1.17495,1.17149,1.17437,3930
2025-07-10T01:00:00.000Z,1.17431,1.17443,1.17303,1.1735,5269
2025-07-10T05:00:00.000Z,1.17349,1.17435,1.17259,1.17278,7552
2025-07-10T09:00:00.000Z,1.17278,1.17343,1.17015,1.17063,7376
2025-07-10T13:00:00.000Z,1.17063,1.17146,1.16625,1.16855,12543
2025-07-10T17:00:00.000Z,1.16855,1.1699,1.16814,1.16981,5374
2025-07-10T21:00:00.000Z,1.16956,1.17072,1.16645,1.16749,5849
2025-07-11T01:00:00.000Z,1.16748,1.1686,1.16686,1.16764,7797
2025-07-11T05:00:00.000Z,1.16764,1.16956,1.16701,1.16821,9456
2025-07-11T09:00:00.000Z,1.16821,1.17011,1.16812,1.16884,8988
2025-07-11T13:00:00.000Z,1.16885,1.17138,1.1674,1.16915,11978
2025-07-11T17:00:00.000Z,1.16915,1.16958,1.16786,1.1692,5988
2025-07-13T21:00:00.000Z,1.16666,1.16938,1.16608,1.16934,5561
2025-07-14T01:00:00.000Z,1.16933,1.16975,1.16726,1.16747,6383
2025-07-14T05:00:00.000Z,1.16747,1.16887,1.1654,1.16825,8437
2025-07-14T09:00:00.000Z,1.16825,1.16969,1.16794,1.16857,7289
2025-07-14T13:00:00.000Z,1.16857,1.16958,1.16601,1.16623,10280
2025-07-14T17:00:00.000Z,1.16623,1.16728,1.1659,1.16636,4561
2025-07-14T21:00:00.000Z,1.16619,1.16771,1.16603,1.16721,3485
2025-07-15T01:00:00.000Z,1.16721,1.16801,1.16652,1.16757,5269
2025-07-15T05:00:00.000Z,1.16757,1.16927,1.16717,1.16867,7251
2025-07-15T09:00:00.000Z,1.16868,1.16909,1.16622,1.16779,9126
2025-07-15T13:00:00.000Z,1.16779,1.16792,1.15935,1.15959,15626
2025-07-15T17:00:00.000Z,1.1596,1.16052,1.15928,1.16,5195
2025-07-15T21:00:00.000Z,1.15972,1.16134,1.15961,1.16079,3187
2025-07-16T01:00:00.000Z,1.16075,1.16199,1.16058,1.16197,5287
2025-07-16T05:00:00.000Z,1.16197,1.16284,1.16126,1.16252,7758
2025-07-16T09:00:00.000Z,1.16252,1.16261,1.15925,1.15985,8981
2025-07-16T13:00:00.000Z,1.15985,1.17218,1.15621,1.1639,25337
2025-07-16T17:00:00.000Z,1.1639,1.16583,1.16205,1.16419,8389
2025-07-16T21:00:00.000Z,1.16337,1.16423,1.1617,1.16237,3952
2025-07-17T01:00:00.000Z,1.16239,1.16289,1.16134,1.16244,5890
2025-07-17T05:00:00.000Z,1.16244,1.16272,1.15732,1.16014,9750
2025-07-17T09:00:00.000Z,1.16019,1.16047,1.15564,1.1587,8282
2025-07-17T13:00:00.000Z,1.1587,1.16026,1.15775,1.15861,10811
2025-07-17T17:00:00.000Z,1.15862,1.16002,1.15799,1.1596,5170
2025-07-17T21:00:00.000Z,1.15936,1.16276,1.15926,1.16244,4162
2025-07-18T01:00:00.000Z,1.16244,1.16343,1.1618,1.16193,5474
2025-07-18T05:00:00.000Z,1.16193,1.16456,1.16119,1.16354,7389
2025-07-18T09:00:00.000Z,1.16353,1.16584,1.16319,1.16562,7285
2025-07-18T13:00:00.000Z,1.16562,1.16718,1.16262,1.16285,11550
2025-07-18T17:00:00.000Z,1.16285,1.16297,1.16169,1.16223,5147
2025-07-20T21:00:00.000Z,1.16222,1.16363,1.16189,1.16192,5600
2025-07-21T01:00:00.000Z,1.16186,1.163,1.16144,1.16291,5041
2025-07-21T05:00:00.000Z,1.16291,1.16522,1.16275,1.16423,7576
2025-07-21T09:00:00.000Z,1.16423,1.16732,1.16335,1.1665,7449
2025-07-21T13:00:00.000Z,1.1665,1.17167,1.16575,1.16999,10401
2025-07-21T17:00:00.000Z,1.17,1.17014,1.16858,1.16931,5306
2025-07-21T21:00:00.000Z,1.16892,1.16959,1.16832,1.16884,3023
2025-07-22T01:00:00.000Z,1.16884,1.16956,1.16823,1.16883,4193
2025-07-22T05:00:00.000Z,1.16883,1.17033,1.16816,1.16983,6710
2025-07-22T09:00:00.000Z,1.16983,1.17094,1.1683,1.16906,7407
2025-07-22T13:00:00.000Z,1.16906,1.17605,1.16787,1.1755,12739
2025-07-22T17:00:00.000Z,1.1755,1.17553,1.17418,1.17517,4827
2025-07-22T21:00:00.000Z,1.17532,1.17561,1.17334,1.17471,4966
2025-07-23T01:00:00.000Z,1.17475,1.17485,1.17304,1.17349,7119
2025-07-23T05:00:00.000Z,1.17349,1.17529,1.17269,1.17329,8430
2025-07-23T09:00:00.000Z,1.17329,1.17395,1.17201,1.1725,7878
2025-07-23T13:00:00.000Z,1.1725,1.17607,1.17109,1.17512,12861
2025-07-23T17:00:00.000Z,1.17512,1.1775,1.17455,1.17704,7480
2025-07-23T21:00:00.000Z,1.17671,1.17788,1.17619,1.17669,3890
2025-07-24T01:00:00.000Z,1.17669,1.178,1.17668,1.17741,6172
2025-07-24T05:00:00.000Z,1.17741,1.17782,1.17549,1.17579,8766
2025-07-24T09:00:00.000Z,1.17579,1.17592,1.1732,1.1736,8285
2025-07-24T13:00:00.000Z,1.1736,1.17886,1.17304,1.17624,14490
2025-07-24T17:00:00.000Z,1.17626,1.17779,1.17449,1.17473,5592
2025-07-24T21:00:00.000Z,1.17386,1.17586,1.17386,1.17543,4403
2025-07-25T01:00:00.000Z,1.17543,1.17583,1.17339,1.174,5719
2025-07-25T05:00:00.000Z,1.174,1.17609,1.1737,1.17431,9734
2025-07-25T09:00:00.000Z,1.17431,1.17435,1.17114,1.17183,8297
2025-07-25T13:00:00.000Z,1.17183,1.17386,1.1703,1.17288,13719
2025-07-25T17:00:00.000Z,1.17287,1.1747,1.17286,1.17388,5220
2025-07-27T21:00:00.000Z,1.17504,1.17705,1.17504,1.17638,5681
2025-07-28T01:00:00.000Z,1.17638,1.17696,1.17456,1.17474,6560
2025-07-28T05:00:00.000Z,1.17474,1.17476,1.16705,1.16791,12032
2025-07-28T09:00:00.000Z,1.1679,1.16844,1.16436,1.16578,12275
2025-07-28T13:00:00.000Z,1.16578,1.1662,1.15982,1.15991,12613
2025-07-28T17:00:00.000Z,1.15991,1.16012,1.15852,1.15881,5632
2025-07-28T21:00:00.000Z,1.15877,1.15976,1.15842,1.15849,3677
2025-07-29T01:00:00.000Z,1.15849,1.15992,1.15744,1.15886,6040
2025-07-29T05:00:00.000Z,1.15886,1.15901,1.15267,1.15689,11851
2025-07-29T09:00:00.000Z,1.15691,1.15882,1.15247,1.15247,10602
2025-07-29T13:00:00.000Z,1.15247,1.15514,1.15188,1.15413,14209
2025-07-29T17:00:00.000Z,1.15412,1.15604,1.15375,1.15449,6961
2025-07-29T21:00:00.000Z,1.15447,1.15677,1.15446,1.15671,3572
2025-07-30T01:00:00.000Z,1.1567,1.15726,1.15501,1.15511,6072
2025-07-30T05:00:00.000Z,1.15511,1.15685,1.15401,1.15567,8816
2025-07-30T09:00:00.000Z,1.15566,1.15604,1.1469,1.1473,11408
2025-07-30T13:00:00.000Z,1.1473,1.14849,1.14579,1.14738,13002
2025-07-30T17:00:00.000Z,1.14738,1.15033,1.14021,1.14056,15903
2025-07-30T21:00:00.000Z,1.1404,1.14374,1.14022,1.14341,5054
2025-07-31T01:00:00.000Z,1.14341,1.1438,1.14074,1.14354,7800
2025-07-31T05:00:00.000Z,1.14353,1.14608,1.14307,1.145,10200
2025-07-31T09:00:00.000Z,1.145,1.1451,1.14206,1.14286,10416
2025-07-31T13:00:00.000Z,1.14286,1.14497,1.1406,1.14224,14663
2025-07-31T17:00:00.000Z,1.14224,1.1433,1.14094,1.14144,7222
2025-07-31T21:00:00.000Z,1.14145,1.14289,1.14116,1.14244,5351
2025-08-01T01:00:00.000Z,1.14243,1.14287,1.14049,1.14192,7259
2025-08-01T05:00:00.000Z,1.14192,1.14378,1.14054,1.14064,9188
2025-08-01T09:00:00.000Z,1.14064,1.15585,1.13914,1.15453,14754
2025-08-01T13:00:00.000Z,1.15458,1.15877,1.15359,1.15392,24939
2025-08-01T17:00:00.000Z,1.15392,1.15968,1.15164,1.15952,11891
2025-08-03T21:00:00.000Z,1.15913,1.15957,1.15557,1.15578,7332
2025-08-04T01:00:00.000Z,1.15578,1.15859,1.15502,1.15745,8485
2025-08-04T05:00:00.000Z,1.15745,1.15831,1.15496,1.15581,11145
2025-08-04T09:00:00.000Z,1.1558,1.15882,1.1555,1.15752,11590
2025-08-04T13:00:00.000Z,1.15752,1.15883,1.15568,1.1572,14409
2025-08-04T17:00:00.000Z,1.15719,1.15775,1.1563,1.15747,6884
2025-08-04T21:00:00.000Z,1.15675,1.15879,1.15616,1.15717,4471
2025-08-05T01:00:00.000Z,1.15718,1.1574,1.1554,1.15583,6288
2025-08-05T05:00:00.000Z,1.15583,1.15623,1.15313,1.15368,9210
2025-08-05T09:00:00.000Z,1.15369,1.15484,1.15277,1.1537,9863
2025-08-05T13:00:00.000Z,1.15372,1.1586,1.15319,1.15826,15054
2025-08-05T17:00:00.000Z,1.15826,1.1583,1.15663,1.15758,6414
2025-08-05T21:00:00.000Z,1.15704,1.15851,1.15704,1.15736,4042
2025-08-06T01:00:00.000Z,1.15735,1.1586,1.15641,1.15828,5749
2025-08-06T05:00:00.000Z,1.15828,1.15881,1.15703,1.15749,7894
2025-08-06T09:00:00.000Z,1.15742,1.16285,1.15742,1.16235,9065
2025-08-06T13:00:00.000Z,1.16235,1.16481,1.16172,1.16346,14268
2025-08-06T17:00:00.000Z,1.16346,1.16685,1.16329,1.16561,7287
2025-08-06T21:00:00.000Z,1.16537,1.16658,1.16506,1.16524,4534
2025-08-07T01:00:00.000Z,1.16524,1.16764,1.16494,1.16711,6214
2025-08-07T05:00:00.000Z,1.16712,1.16989,1.16679,1.16827,9465
2025-08-07T09:00:00.000Z,1.16832,1.16847,1.16339,1.1651,12702
2025-08-07T13:00:00.000Z,1.1651,1.16584,1.16108,1.16382,15189
2025-08-07T17:00:00.000Z,1.16383,1.16712,1.1619,1.16666,8537
2025-08-07T21:00:00.000Z,1.16602,1.16793,1.16584,1.16726,5546
2025-08-08T01:00:00.000Z,1.16726,1.16737,1.16549,1.16582,6372
2025-08-08T05:00:00.000Z,1.16578,1.16644,1.16344,1.16372,8895
2025-08-08T09:00:00.000Z,1.1637,1.1654,1.16287,1.16417,9901
2025-08-08T13:00:00.000Z,1.16417,1.16677,1.16413,1.16564,10463
2025-08-08T17:00:00.000Z,1.16564,1.16666,1.16363,1.164,7100
2025-08-10T21:00:00.000Z,1.16407,1.1651,1.16407,1.16474,3598
2025-08-11T01:00:00.000Z,1.16472,1.16753,1.16454,1.16719,4900
2025-08-11T05:00:00.000Z,1.16719,1.16739,1.16442,1.16553,7806
2025-08-11T09:00:00.000Z,1.16546,1.16579,1.1614,1.16201,8036
2025-08-11T13:00:00.000Z,1.16201,1.16276,1.15899,1.16075,9965
2025-08-11T17:00:00.000Z,1.16075,1.16192,1.15985,1.16184,5463
2025-08-11T21:00:00.000Z,1.16123,1.16198,1.16099,1.16152,4462
2025-08-12T01:00:00.000Z,1.16152,1.16276,1.16144,1.16275,5821
2025-08-12T05:00:00.000Z,1.16275,1.1629,1.16079,1.16149,10508
2025-08-12T09:00:00.000Z,1.16149,1.16558,1.15986,1.16424,14625
2025-08-12T13:00:00.000Z,1.16424,1.16972,1.16175,1.16796,24113
2025-08-12T17:00:00.000Z,1.16795,1.16804,1.16644,1.16727,7426
2025-08-12T21:00:00.000Z,1.16723,1.16806,1.16681,1.16799,3983
2025-08-13T01:00:00.000Z,1.16799,1.16875,1.16703,1.16841,6042
2025-08-13T05:00:00.000Z,1.16841,1.17206,1.16763,1.17139,11140
2025-08-13T09:00:00.000Z,1.17142,1.17302,1.16972,1.16989,9473
2025-08-13T13:00:00.000Z,1.16989,1.17234,1.16927,1.17067,12902
2025-08-13T17:00:00.000Z,1.17068,1.17107,1.16958,1.17052,5972
2025-08-13T21:00:00.000Z,1.17021,1.17147,1.16997,1.17112,3898
2025-08-14T01:00:00.000Z,1.17112,1.17151,1.16987,1.17037,6707
2025-08-14T05:00:00.000Z,1.17038,1.17065,1.16677,1.16683,11174
2025-08-14T09:00:00.000Z,1.16682,1.16972,1.16488,1.16637,13974
2025-08-14T13:00:00.000Z,1.16637,1.16714,1.1631,1.16344,17009
2025-08-14T17:00:00.000Z,1.16344,1.16503,1.16312,1.16484,6574
2025-08-14T21:00:00.000Z,1.16475,1.16531,1.16458,1.1652,3316
2025-08-15T01:00:00.000Z,1.16521,1.16646,1.1648,1.16627,5389
2025-08-15T05:00:00.000Z,1.16627,1.16852,1.16612,1.16822,7623
2025-08-15T09:00:00.000Z,1.16822,1.17,1.16732,1.16939,9226
2025-08-15T13:00:00.000Z,1.16939,1.17153,1.16817,1.17037,13651
2025-08-15T17:00:00.000Z,1.17037,1.17079,1.16986,1.17027,5931
2025-08-17T21:00:00.000Z,1.17079,1.17153,1.16999,1.17017,4416
2025-08-18T01:00:00.000Z,1.17016,1.17104,1.16934,1.17085,6303
2025-08-18T05:00:00.000Z,1.17085,1.1709,1.16709,1.16818,9708
2025-08-18T09:00:00.000Z,1.16819,1.16883,1.16659,1.16764,8817
2025-08-18T13:00:00.000Z,1.16765,1.16844,1.16558,1.16578,11349
2025-08-18T17:00:00.000Z,1.16578,1.16704,1.16566,1.16614,6068
2025-08-18T21:00:00.000Z,1.16588,1.16749,1.16555,1.16585,4159
2025-08-19T01:00:00.000Z,1.16585,1.16622,1.16392,1.16607,7394
2025-08-19T05:00:00.000Z,1.16607,1.16844,1.1651,1.16749,9154
2025-08-19T09:00:00.000Z,1.16749,1.16928,1.16726,1.16755,8351
2025-08-19T13:00:00.000Z,1.16754,1.16783,1.16542,1.16563,11260
2025-08-19T17:00:00.000Z,1.16563,1.16607,1.16423,1.16463,5846
2025-08-19T21:00:00.000Z,1.1645,1.16489,1.16313,1.16388,4449
2025-08-20T01:00:00.000Z,1.16388,1.16422,1.16219,1.16345,8128
2025-08-20T05:00:00.000Z,1.16345,1.16469,1.16232,1.16379,9973
2025-08-20T09:00:00.000Z,1.16379,1.16735,1.16349,1.16709,9340
2025-08-20T13:00:00.000Z,1.16709,1.16718,1.16462,1.16597,12885
2025-08-20T17:00:00.000Z,1.16596,1.16724,1.16468,1.16513,7083
2025-08-20T21:00:00.000Z,1.16498,1.1655,1.16411,1.16468,4230
2025-08-21T01:00:00.000Z,1.16467,1.16504,1.16411,1.16455,6218
2025-08-21T05:00:00.000Z,1.16452,1.16612,1.16249,1.16548,9529
2025-08-21T09:00:00.000Z,1.16549,1.16626,1.16365,1.16466,9496
2025-08-21T13:00:00.000Z,1.16466,1.165,1.16011,1.16111,16668
2025-08-21T17:00:00.000Z,1.1611,1.16186,1.16033,1.16059,5903
2025-08-21T21:00:00.000Z,1.16034,1.16166,1.1602,1.16146,4472
2025-08-22T01:00:00.000Z,1.16147,1.16156,1.15829,1.15845,6580
2025-08-22T05:00:00.000Z,1.15845,1.15996,1.15832,1.15993,7458
2025-08-22T09:00:00.000Z,1.15993,1.16137,1.15933,1.16086,7807
2025-08-22T13:00:00.000Z,1.16087,1.17323,1.15975,1.17218,25662
2025-08-22T17:00:00.000Z,1.17218,1.17425,1.17148,1.17208,8463
2025-08-24T21:00:00.000Z,1.17218,1.17259,1.16953,1.16979,4554
2025-08-25T01:00:00.000Z,1.16979,1.17078,1.16934,1.17057,5528
2025-08-25T05:00:00.000Z,1.17057,1.17202,1.16942,1.1704,7794
2025-08-25T09:00:00.000Z,1.1704,1.17046,1.16851,1.16997,7237
2025-08-25T13:00:00.000Z,1.16997,1.17089,1.16511,1.16548,12346
2025-08-25T17:00:00.000Z,1.16548,1.16558,1.16027,1.16205,9198
2025-08-25T21:00:00.000Z,1.16178,1.166,1.16101,1.16478,8815
2025-08-26T01:00:00.000Z,1.16478,1.165,1.16235,1.16318,8633
2025-08-26T05:00:00.000Z,1.16318,1.16444,1.16021,1.16179,12548
2025-08-26T09:00:00.000Z,1.16179,1.16605,1.16176,1.16464,10825
2025-08-26T13:00:00.000Z,1.1646,1.16652,1.16371,1.16488,13938
2025-08-26T17:00:00.000Z,1.16488,1.16527,1.16333,1.16416,6781
2025-08-26T21:00:00.000Z,1.16406,1.16475,1.16336,1.16367,3974
2025-08-27T01:00:00.000Z,1.16367,1.16407,1.16119,1.16142,5688
2025-08-27T05:00:00.000Z,1.16142,1.16238,1.15769,1.15886,9850
2025-08-27T09:00:00.000Z,1.15887,1.15982,1.1574,1.15863,10279
2025-08-27T13:00:00.000Z,1.15863,1.16407,1.15821,1.16381,14529
2025-08-27T17:00:00.000Z,1.16381,1.16428,1.16277,1.16375,6881
2025-08-27T21:00:00.000Z,1.16356,1.16494,1.16301,1.16454,3805
2025-08-28T01:00:00.000Z,1.16454,1.16546,1.16386,1.16398,5740
2025-08-28T05:00:00.000Z,1.16398,1.16495,1.16289,1.16423,9919
2025-08-28T09:00:00.000Z,1.16423,1.16871,1.16423,1.16694,12540
2025-08-28T13:00:00.000Z,1.16695,1.169,1.16585,1.16893,13879
2025-08-28T17:00:00.000Z,1.16893,1.16973,1.16773,1.16815,5978
2025-08-28T21:00:00.000Z,1.16805,1.16819,1.16725,1.16747,4205
2025-08-29T01:00:00.000Z,1.16747,1.16763,1.16561,1.16647,5844
2025-08-29T05:00:00.000Z,1.16647,1.16903,1.16611,1.16758,9497
2025-08-29T09:00:00.000Z,1.16758,1.16825,1.16507,1.16586,10189
2025-08-29T13:00:00.000Z,1.16586,1.17088,1.16536,1.17015,15402
2025-08-29T17:00:00.000Z,1.17015,1.17029,1.16806,1.16866,6074
2025-08-31T21:00:00.000Z,1.16941,1.1698,1.16852,1.1697,3855
2025-09-01T01:00:00.000Z,1.1697,1.17144,1.16878,1.17082,6969
2025-09-01T05:00:00.000Z,1.17082,1.17362,1.1708,1.17352,9313
2025-09-01T09:00:00.000Z,1.17352,1.17361,1.17063,1.17072,8089
2025-09-01T13:00:00.000Z,1.17075,1.17163,1.16966,1.17046,8104
2025-09-01T17:00:00.000Z,1.17046,1.17137,1.17011,1.17115,2945
2025-09-01T21:00:00.000Z,1.17052,1.17183,1.17029,1.17043,4743
2025-09-02T01:00:00.000Z,1.17043,1.17068,1.16898,1.16931,8036
2025-09-02T05:00:00.000Z,1.16931,1.17064,1.16336,1.16449,15549
2025-09-02T09:00:00.000Z,1.16447,1.1653,1.16128,1.16172,16154
2025-09-02T13:00:00.000Z,1.16172,1.16825,1.1615,1.1644,18207
2025-09-02T17:00:00.000Z,1.1644,1.1648,1.16295,1.16422,6924
2025-09-02T21:00:00.000Z,1.16394,1.16444,1.16285,1.16329,4432
2025-09-03T01:00:00.000Z,1.16329,1.16354,1.1622,1.16318,5926
2025-09-03T05:00:00.000Z,1.16318,1.16576,1.1608,1.16565,10387
2025-09-03T09:00:00.000Z,1.16565,1.16648,1.16395,1.16482,10769
2025-09-03T13:00:00.000Z,1.16482,1.1682,1.16385,1.16752,16249
2025-09-03T17:00:00.000Z,1.16752,1.1677,1.16554,1.16608,6954
2025-09-03T21:00:00.000Z,1.16581,1.16629,1.16546,1.16587,3990
2025-09-04T01:00:00.000Z,1.16587,1.16692,1.16504,1.16516,5540
2025-09-04T05:00:00.000Z,1.16516,1.16613,1.16439,1.16576,9329
2025-09-04T09:00:00.000Z,1.16576,1.16598,1.16298,1.16458,12393
2025-09-04T13:00:00.000Z,1.16458,1.16556,1.16311,1.16394,14122
2025-09-04T17:00:00.000Z,1.16396,1.16523,1.16343,1.16513,5302
2025-09-04T21:00:00.000Z,1.16463,1.16606,1.16423,1.16594,4484
2025-09-05T01:00:00.000Z,1.16594,1.16745,1.16594,1.1667,4754
2025-09-05T05:00:00.000Z,1.1667,1.16843,1.1665,1.16833,7424
2025-09-05T09:00:00.000Z,1.16833,1.17499,1.16776,1.17343,15056
2025-09-05T13:00:00.000Z,1.17342,1.17594,1.1714,1.17388,22258
2025-09-05T17:00:00.000Z,1.17388,1.17392,1.17129,1.17205,7633
2025-09-07T21:00:00.000Z,1.1713,1.17196,1.17035,1.17129,4365
2025-09-08T01:00:00.000Z,1.1713,1.17174,1.1706,1.17129,6602
2025-09-08T05:00:00.000Z,1.1713,1.17428,1.17119,1.17313,8515
2025-09-08T09:00:00.000Z,1.17312,1.17415,1.17199,1.17375,7504
2025-09-08T13:00:00.000Z,1.17374,1.17559,1.1735,1.17406,9954
2025-09-08T17:00:00.000Z,1.17405,1.17655,1.17349,1.17611,5823
2025-09-08T21:00:00.000Z,1.17593,1.17743,1.17574,1.17715,3991
2025-09-09T01:00:00.000Z,1.17714,1.17779,1.17633,1.17726,5636
2025-09-09T05:00:00.000Z,1.17725,1.17799,1.17441,1.17594,10151
2025-09-09T09:00:00.000Z,1.17598,1.17721,1.17276,1.17373,8431
2025-09-09T13:00:00.000Z,1.17376,1.17626,1.17155,1.17188,14333
2025-09-09T17:00:00.000Z,1.17189,1.17235,1.17037,1.17093,6015
2025-09-09T21:00:00.000Z,1.17046,1.17135,1.1696,1.16967,4148
2025-09-10T01:00:00.000Z,1.16969,1.17156,1.16892,1.17148,5934
2025-09-10T05:00:00.000Z,1.17147,1.17183,1.16823,1.16999,9177
2025-09-10T09:00:00.000Z,1.16997,1.17254,1.16906,1.17002,10913
2025-09-10T13:00:00.000Z,1.17003,1.17301,1.16958,1.17055,12041
2025-09-10T17:00:00.000Z,1.17057,1.17122,1.16933,1.16948,5317
2025-09-10T21:00:00.000Z,1.16935,1.17069,1.16932,1.16939,3120
2025-09-11T01:00:00.000Z,1.16938,1.17027,1.16928,1.16993,4342
2025-09-11T05:00:00.000Z,1.16994,1.16994,1.16836,1.16919,10001
2025-09-11T09:00:00.000Z,1.16918,1.17209,1.16574,1.17149,14022
2025-09-11T13:00:00.000Z,1.1715,1.1746,1.17138,1.17363,17218
2025-09-11T17:00:00.000Z,1.17364,1.17392,1.17276,1.17361,6305
2025-09-11T21:00:00.000Z,1.17317,1.17405,1.17269,1.1733,3741
2025-09-12T01:00:00.000Z,1.17331,1.17346,1.17207,1.17256,5202
2025-09-12T05:00:00.000Z,1.17255,1.17477,1.17155,1.17173,9301
2025-09-12T09:00:00.000Z,1.17172,1.17353,1.17013,1.17122,10191
2025-09-12T13:00:00.000Z,1.17121,1.17316,1.17034,1.17268,11347
2025-09-12T17:00:00.000Z,1.17272,1.17416,1.17266,1.17316,5224
2025-09-14T21:00:00.000Z,1.1729,1.17346,1.17218,1.17266,2871
2025-09-15T01:00:00.000Z,1.17267,1.17353,1.17227,1.17338,4178
2025-09-15T05:00:00.000Z,1.1734,1.17443,1.17162,1.17371,7175
2025-09-15T09:00:00.000Z,1.17369,1.17708,1.17361,1.17695,7961
2025-09-15T13:00:00.000Z,1.17696,1.17743,1.17508,1.17582,9604
2025-09-15T17:00:00.000Z,1.17581,1.17727,1.17578,1.17604,5275
2025-09-15T21:00:00.000Z,1.17576,1.1766,1.17572,1.17619,3526
2025-09-16T01:00:00.000Z,1.17622,1.17867,1.17579,1.17768,6127
2025-09-16T05:00:00.000Z,1.1777,1.18036,1.17735,1.17949,9114
2025-09-16T09:00:00.000Z,1.17954,1.18213,1.17875,1.18047,12227
2025-09-16T13:00:00.000Z,1.18045,1.18716,1.18041,1.18646,15110
2025-09-16T17:00:00.000Z,1.18643,1.18784,1.18579,1.18649,7400
2025-09-16T21:00:00.000Z,1.18572,1.18729,1.18519,1.18583,3996
2025-09-17T01:00:00.000Z,1.18582,1.18593,1.18511,1.18539,5380
2025-09-17T05:00:00.000Z,1.18544,1.18595,1.1838,1.18481,7347
2025-09-17T09:00:00.000Z,1.18484,1.18498,1.18328,1.18434,7918
2025-09-17T13:00:00.000Z,1.18435,1.18592,1.18422,1.1853,9120
2025-09-17T17:00:00.000Z,1.18529,1.19186,1.18077,1.18116,22703
2025-09-17T21:00:00.000Z,1.18102,1.18287,1.18097,1.18252,5599
2025-09-18T01:00:00.000Z,1.18251,1.18284,1.17937,1.17948,7105
2025-09-18T05:00:00.000Z,1.1795,1.18389,1.17804,1.18277,12100
2025-09-18T09:00:00.000Z,1.18279,1.18482,1.17953,1.17956,12610
2025-09-18T13:00:00.000Z,1.17946,1.17962,1.17499,1.17869,17109
2025-09-18T17:00:00.000Z,1.17868,1.17938,1.17812,1.17819,6359
2025-09-18T21:00:00.000Z,1.17767,1.17907,1.17753,1.17865,4266
2025-09-19T01:00:00.000Z,1.17864,1.17925,1.17701,1.17739,8476
2025-09-19T05:00:00.000Z,1.17738,1.17781,1.17512,1.1761,12173
2025-09-19T09:00:00.000Z,1.17609,1.17686,1.17287,1.17361,9962
2025-09-19T13:00:00.000Z,1.1736,1.17678,1.17352,1.1753,12842
2025-09-19T17:00:00.000Z,1.17531,1.17551,1.17401,1.17428,4975
2025-09-21T21:00:00.000Z,1.17386,1.1748,1.1726,1.17344,4154
2025-09-22T01:00:00.000Z,1.17347,1.17409,1.17263,1.17306,6333
2025-09-22T05:00:00.000Z,1.17305,1.17692,1.17296,1.17623,8096
2025-09-22T09:00:00.000Z,1.17624,1.17873,1.17616,1.1783,7867
2025-09-22T13:00:00.000Z,1.17836,1.17901,1.17626,1.1788,10549
2025-09-22T17:00:00.000Z,1.17881,1.18025,1.17856,1.18012,4266
2025-09-22T21:00:00.000Z,1.1788,1.18074,1.17872,1.18063,3765
2025-09-23T01:00:00.000Z,1.18062,1.18198,1.17965,1.17975,5811
2025-09-23T05:00:00.000Z,1.17972,1.18053,1.17766,1.18027,10169
2025-09-23T09:00:00.000Z,1.18031,1.18123,1.17844,1.17967,8260
2025-09-23T13:00:00.000Z,1.17968,1.18092,1.17843,1.18049,13123
2025-09-23T17:00:00.000Z,1.18048,1.18182,1.18029,1.18144,6776
2025-09-23T21:00:00.000Z,1.18119,1.18187,1.18033,1.18038,5009
2025-09-24T01:00:00.000Z,1.18038,1.18052,1.17948,1.1803,6051
2025-09-24T05:00:00.000Z,1.18029,1.18046,1.17663,1.17719,8669
2025-09-24T09:00:00.000Z,1.17726,1.17748,1.17392,1.17427,9578
2025-09-24T13:00:00.000Z,1.17427,1.17461,1.17281,1.17325,13559
2025-09-24T17:00:00.000Z,1.17324,1.17406,1.17317,1.17371,6176
2025-09-24T21:00:00.000Z,1.17358,1.17482,1.17358,1.17474,3695
2025-09-25T01:00:00.000Z,1.17473,1.17536,1.17404,1.1752,5017
2025-09-25T05:00:00.000Z,1.17521,1.17522,1.17306,1.17427,8524
2025-09-25T09:00:00.000Z,1.17428,1.17539,1.16875,1.1698,11145
2025-09-25T13:00:00.000Z,1.16979,1.17101,1.16666,1.16706,16204
2025-09-25T17:00:00.000Z,1.16705,1.16719,1.16454,1.16643,8063
2025-09-25T21:00:00.000Z,1.1652,1.16712,1.1652,1.16711,6318
2025-09-26T01:00:00.000Z,1.16711,1.16819,1.16656,1.16798,5229
2025-09-26T05:00:00.000Z,1.168,1.16877,1.16684,1.16804,8125
2025-09-26T09:00:00.000Z,1.16803,1.16863,1.16616,1.16829,9712
2025-09-26T13:00:00.000Z,1.16832,1.17046,1.16781,1.16928,14167
2025-09-26T17:00:00.000Z,1.16929,1.17072,1.16907,1.17014,5589
2025-09-28T21:00:00.000Z,1.16986,1.17233,1.16971,1.17216,4284
2025-09-29T01:00:00.000Z,1.17213,1.1733,1.17143,1.1727,5462
2025-09-29T05:00:00.000Z,1.17269,1.17333,1.17078,1.17237,8627
2025-09-29T09:00:00.000Z,1.17238,1.17512,1.17093,1.17499,9279
2025-09-29T13:00:00.000Z,1.175,1.17546,1.17227,1.17294,10269
2025-09-29T17:00:00.000Z,1.17299,1.17329,1.17202,1.17265,3900
2025-09-29T21:00:00.000Z,1.17237,1.17324,1.17124,1.17208,3982
2025-09-30T01:00:00.000Z,1.17209,1.17287,1.17122,1.17285,6106
2025-09-30T05:00:00.000Z,1.17285,1.17611,1.1728,1.17555,9695
2025-09-30T09:00:00.000Z,1.1755,1.17583,1.17331,1.17371,7722
2025-09-30T13:00:00.000Z,1.17372,1.17591,1.17166,1.17566,12792
2025-09-30T17:00:00.000Z,1.17567,1.17614,1.17329,1.17334,5114
2025-09-30T21:00:00.000Z,1.17314,1.17426,1.17296,1.17361,3945
2025-10-01T01:00:00.000Z,1.17362,1.17586,1.17302,1.17582,4705
2025-10-01T05:00:00.000Z,1.17593,1.17787,1.1742,1.17494,12803
2025-10-01T09:00:00.000Z,1.17484,1.17689,1.1716,1.17491,13226
2025-10-01T13:00:00.000Z,1.17492,1.17635,1.17155,1.17227,15792
2025-10-01T17:00:00.000Z,1.17229,1.1742,1.17215,1.17283,5574
2025-10-01T21:00:00.000Z,1.17282,1.17374,1.17219,1.17298,4432
2025-10-02T01:00:00.000Z,1.17299,1.1742,1.17238,1.17344,4517
2025-10-02T05:00:00.000Z,1.17343,1.17568,1.17294,1.17535,8538
2025-10-02T09:00:00.000Z,1.17533,1.17583,1.17339,1.17376,8749
2025-10-02T13:00:00.000Z,1.17375,1.17439,1.16832,1.1715,13027
2025-10-02T17:00:00.000Z,1.17149,1.17266,1.17124,1.17157,4070
2025-10-02T21:00:00.000Z,1.17124,1.1726,1.171,1.17244,3067
2025-10-03T01:00:00.000Z,1.17243,1.17293,1.17162,1.17181,5167
2025-10-03T05:00:00.000Z,1.1718,1.17446,1.17149,1.17403,7523
2025-10-03T09:00:00.000Z,1.17402,1.1743,1.17276,1.17393,7444
2025-10-03T13:00:00.000Z,1.17393,1.17589,1.17327,1.17399,11450
2025-10-03T17:00:00.000Z,1.17398,1.17443,1.17268,1.17391,4171
2025-10-05T21:00:00.000Z,1.17221,1.17255,1.17063,1.17162,7787
2025-10-06T01:00:00.000Z,1.17167,1.17308,1.17102,1.17203,5789
2025-10-06T05:00:00.000Z,1.17202,1.17253,1.16517,1.16679,12537
2025-10-06T09:00:00.000Z,1.1665,1.16897,1.16525,1.1689,10745
2025-10-06T13:00:00.000Z,1.16893,1.1721,1.16838,1.17121,10492
2025-10-06T17:00:00.000Z,1.17122,1.1717,1.17083,1.17107,3920
2025-10-06T21:00:00.000Z,1.17014,1.17145,1.17014,1.17089,4839
2025-10-07T01:00:00.000Z,1.17086,1.17087,1.16943,1.16983,4155
2025-10-07T05:00:00.000Z,1.16981,1.16999,1.16651,1.16658,8201
2025-10-07T09:00:00.000Z,1.16654,1.16758,1.16541,1.16669,8483
2025-10-07T13:00:00.000Z,1.16668,1.16812,1.16547,1.167,11096
2025-10-07T17:00:00.000Z,1.16699,1.16794,1.16476,1.16573,5843
2025-10-07T21:00:00.000Z,1.16495,1.16609,1.16456,1.16473,4170
2025-10-08T01:00:00.000Z,1.16472,1.16472,1.1616,1.16193,6990
2025-10-08T05:00:00.000Z,1.16191,1.16355,1.16071,1.16145,9749
2025-10-08T09:00:00.000Z,1.16147,1.16379,1.1606,1.16324,8577
2025-10-08T13:00:00.000Z,1.16323,1.16447,1.15984,1.16053,10160
2025-10-08T17:00:00.000Z,1.16057,1.16321,1.15997,1.16288,6320
2025-10-08T21:00:00.000Z,1.16264,1.16411,1.16197,1.16369,5129
2025-10-09T01:00:00.000Z,1.16369,1.16477,1.16363,1.16456,5367
2025-10-09T05:00:00.000Z,1.16454,1.16481,1.16031,1.16122,10135
2025-10-09T09:00:00.000Z,1.16124,1.16273,1.16052,1.16151,9939
2025-10-09T13:00:00.000Z,1.16153,1.16233,1.1547,1.15581,15216
2025-10-09T17:00:00.000Z,1.15581,1.15669,1.1542,1.1564,6478
2025-10-09T21:00:00.000Z,1.1558,1.15708,1.1554,1.15676,3524
2025-10-10T01:00:00.000Z,1.15677,1.15742,1.15624,1.15736,4840
2025-10-10T05:00:00.000Z,1.15734,1.15895,1.15612,1.15789,9241
2025-10-10T09:00:00.000Z,1.15788,1.15835,1.15591,1.1572,8270
2025-10-10T13:00:00.000Z,1.15719,1.16308,1.1562,1.16059,15670
2025-10-10T17:00:00.000Z,1.16057,1.16243,1.1597,1.16232,5694
2025-10-12T21:00:00.000Z,1.16092,1.16159,1.1592,1.16158,7442
2025-10-13T01:00:00.000Z,1.16175,1.16276,1.16097,1.16203,6159
2025-10-13T05:00:00.000Z,1.16205,1.16298,1.15816,1.15853,10364
2025-10-13T09:00:00.000Z,1.15853,1.15981,1.15619,1.15686,8806
2025-10-13T13:00:00.000Z,1.15687,1.15789,1.15574,1.15754,9000
2025-10-13T17:00:00.000Z,1.15755,1.15776,1.1565,1.15673,4344
2025-10-13T21:00:00.000Z,1.15675,1.15738,1.15549,1.15609,4880
2025-10-14T01:00:00.000Z,1.15612,1.15927,1.15605,1.1592,7276
2025-10-14T05:00:00.000Z,1.15922,1.15936,1.15429,1.1559,14315
2025-10-14T09:00:00.000Z,1.15592,1.15652,1.15464,1.15557,11448
2025-10-14T13:00:00.000Z,1.15556,1.1615,1.15544,1.16094,16103
2025-10-14T17:00:00.000Z,1.16088,1.16121,1.15999,1.16059,6998
2025-10-14T21:00:00.000Z,1.16055,1.1614,1.16018,1.16104,4679
2025-10-15T01:00:00.000Z,1.16105,1.1626,1.16069,1.16184,7240
2025-10-15T05:00:00.000Z,1.16188,1.16454,1.16175,1.16326,10553
2025-10-15T09:00:00.000Z,1.16324,1.16392,1.16139,1.16176,9367
2025-10-15T13:00:00.000Z,1.16177,1.16469,1.16105,1.16401,12904
2025-10-15T17:00:00.000Z,1.16392,1.16476,1.16271,1.16456,6871
2025-10-15T21:00:00.000Z,1.16429,1.1667,1.16405,1.1663,5221
2025-10-16T01:00:00.000Z,1.16631,1.16754,1.16557,1.16562,7479
2025-10-16T05:00:00.000Z,1.16561,1.1668,1.16431,1.16591,11440
2025-10-16T09:00:00.000Z,1.1659,1.1664,1.16463,1.16606,10540
2025-10-16T13:00:00.000Z,1.16612,1.16791,1.16499,1.16771,14834
2025-10-16T17:00:00.000Z,1.16772,1.16943,1.16769,1.16872,9134
2025-10-16T21:00:00.000Z,1.16837,1.17114,1.16833,1.17068,5193
2025-10-17T01:00:00.000Z,1.17066,1.17124,1.16951,1.171,7038
2025-10-17T05:00:00.000Z,1.17099,1.17283,1.16915,1.16973,14489
2025-10-17T09:00:00.000Z,1.16975,1.17079,1.16667,1.16765,12574
2025-10-17T13:00:00.000Z,1.16764,1.16813,1.16566,1.16708,14710
2025-10-17T17:00:00.000Z,1.16709,1.16758,1.16497,1.16521,6712
2025-10-19T21:00:00.000Z,1.16594,1.16662,1.16518,1.16662,4120
2025-10-20T01:00:00.000Z,1.16663,1.16739,1.16566,1.16715,4341
2025-10-20T05:00:00.000Z,1.16714,1.16754,1.16537,1.16635,9836
2025-10-20T09:00:00.000Z,1.16636,1.16677,1.16443,1.16534,10912
2025-10-20T13:00:00.000Z,1.16535,1.16644,1.16463,1.16499,10515
2025-10-20T17:00:00.000Z,1.16495,1.16529,1.16384,1.16433,4456
2025-10-20T21:00:00.000Z,1.16371,1.16553,1.16371,1.16532,3692
2025-10-21T01:00:00.000Z,1.16531,1.16531,1.16318,1.1636,6448
2025-10-21T05:00:00.000Z,1.16361,1.16374,1.16128,1.16212,10738
2025-10-21T09:00:00.000Z,1.16213,1.16273,1.1602,1.16112,11676
2025-10-21T13:00:00.000Z,1.1611,1.16245,1.15976,1.1609,14120
2025-10-21T17:00:00.000Z,1.16089,1.16101,1.15988,1.15994,5008
2025-10-21T21:00:00.000Z,1.1598,1.16079,1.1598,1.16047,4322
2025-10-22T01:00:00.000Z,1.16046,1.1611,1.16012,1.16091,5183
2025-10-22T05:00:00.000Z,1.16092,1.16157,1.15898,1.15975,10723
2025-10-22T09:00:00.000Z,1.15972,1.16019,1.15767,1.15831,10686
2025-10-22T13:00:00.000Z,1.15832,1.16224,1.15818,1.16195,12771
2025-10-22T17:00:00.000Z,1.16193,1.16205,1.16049,1.16094,5207
2025-10-22T21:00:00.000Z,1.16062,1.16145,1.15977,1.16041,3809
2025-10-23T01:00:00.000Z,1.16044,1.16055,1.15904,1.15987,4912
2025-10-23T05:00:00.000Z,1.15988,1.16061,1.15897,1.15963,7892
2025-10-23T09:00:00.000Z,1.15962,1.16061,1.15855,1.16007,7855
2025-10-23T13:00:00.000Z,1.16008,1.16199,1.15981,1.16069,10516
2025-10-23T17:00:00.000Z,1.16067,1.162,1.16043,1.16182,4337
2025-10-23T21:00:00.000Z,1.16143,1.16216,1.16132,1.16178,3320
2025-10-24T01:00:00.000Z,1.16178,1.16188,1.16056,1.16077,4584
2025-10-24T05:00:00.000Z,1.16077,1.16279,1.16009,1.16102,9051
2025-10-24T09:00:00.000Z,1.16095,1.16477,1.16053,1.16342,10320
2025-10-24T13:00:00.000Z,1.16343,1.16434,1.16182,1.16257,12970
2025-10-24T17:00:00.000Z,1.16256,1.16359,1.16207,1.16269,5115
2025-10-26T21:00:00.000Z,1.16322,1.16377,1.16233,1.16349,5573
2025-10-27T01:00:00.000Z,1.16348,1.16476,1.16207,1.16245,5069
2025-10-27T05:00:00.000Z,1.1625,1.16332,1.16176,1.16284,7931
2025-10-27T09:00:00.000Z,1.16282,1.16515,1.16261,1.16413,8878
2025-10-27T13:00:00.000Z,1.16414,1.16429,1.16316,1.16388,9661
2025-10-27T17:00:00.000Z,1.16389,1.16521,1.1635,1.16436,5031
2025-10-27T21:00:00.000Z,1.16421,1.16589,1.16421,1.16556,4122
2025-10-28T01:00:00.000Z,1.16557,1.16677,1.16538,1.16663,5809
2025-10-28T05:00:00.000Z,1.16664,1.1668,1.16488,1.1652,7427
2025-10-28T09:00:00.000Z,1.16519,1.1665,1.16349,1.16402,7919
2025-10-28T13:00:00.000Z,1.16397,1.16678,1.16256,1.16677,11319
2025-10-28T17:00:00.000Z,1.16678,1.16687,1.16509,1.16531,5425
2025-10-28T21:00:00.000Z,1.16499,1.1661,1.16483,1.16545,4279
2025-10-29T01:00:00.000Z,1.16544,1.16561,1.16315,1.16341,4725
2025-10-29T05:00:00.000Z,1.1634,1.16378,1.16232,1.16232,7364
2025-10-29T09:00:00.000Z,1.16224,1.16489,1.16188,1.16338,8307
2025-10-29T13:00:00.000Z,1.16339,1.16658,1.16315,1.16572,10237
2025-10-29T17:00:00.000Z,1.16571,1.16589,1.15777,1.15992,16028
2025-10-29T21:00:00.000Z,1.15997,1.16153,1.15966,1.1612,3538
2025-10-30T01:00:00.000Z,1.16123,1.16375,1.1607,1.1632,8248
2025-10-30T05:00:00.000Z,1.16319,1.16342,1.16068,1.16174,10649
2025-10-30T09:00:00.000Z,1.16166,1.16283,1.15532,1.1555,10542
2025-10-30T13:00:00.000Z,1.15546,1.15863,1.1547,1.15693,13223
2025-10-30T17:00:00.000Z,1.15694,1.15719,1.15603,1.15695,5964
2025-10-30T21:00:00.000Z,1.1564,1.15771,1.15636,1.15738,3875
2025-10-31T01:00:00.000Z,1.15737,1.15777,1.15649,1.15721,5442
2025-10-31T05:00:00.000Z,1.1572,1.15735,1.1555,1.15705,7426
2025-10-31T09:00:00.000Z,1.15706,1.15769,1.15534,1.15558,8058
2025-10-31T13:00:00.000Z,1.15559,1.15563,1.15223,1.15301,13301
2025-10-31T17:00:00.000Z,1.15303,1.15373,1.15215,1.15353,5628
2025-11-02T22:00:00.000Z,1.15301,1.15383,1.15215,1.15268,6988
2025-11-03T02:00:00.000Z,1.15272,1.15377,1.15262,1.15349,4367
2025-11-03T06:00:00.000Z,1.15349,1.15412,1.15097,1.15144,7856
2025-11-03T10:00:00.000Z,1.15145,1.15221,1.15059,1.1511,7664
2025-11-03T14:00:00.000Z,1.15109,1.15377,1.1505,1.15273,10048
2025-11-03T18:00:00.000Z,1.15274,1.1531,1.15159,1.15195,4522
2025-11-03T22:00:00.000Z,1.15167,1.15206,1.14982,1.15098,4926
2025-11-04T02:00:00.000Z,1.15098,1.15178,1.15048,1.15126,4865
2025-11-04T06:00:00.000Z,1.15127,1.15334,1.14999,1.15009,8645
2025-11-04T10:00:00.000Z,1.15008,1.15099,1.14772,1.14922,7917
2025-11-04T14:00:00.000Z,1.14919,1.14965,1.14732,1.1484,9127
2025-11-04T18:00:00.000Z,1.14838,1.14872,1.14751,1.14807,4112
2025-11-04T22:00:00.000Z,1.14809,1.14981,1.14788,1.14895,4941
2025-11-05T02:00:00.000Z,1.14898,1.14941,1.14851,1.14915,3962
2025-11-05T06:00:00.000Z,1.14916,1.14953,1.14815,1.14845,5924
2025-11-05T10:00:00.000Z,1.14849,1.14934,1.14729,1.14737,7492
2025-11-05T14:00:00.000Z,1.14736,1.1493,1.1469,1.14804,12139
2025-11-05T18:00:00.000Z,1.14807,1.14938,1.14787,1.14925,4128
2025-11-05T22:00:00.000Z,1.14905,1.15089,1.14894,1.15073,4072
2025-11-06T02:00:00.000Z,1.15074,1.15107,1.15029,1.151,3380
2025-11-06T06:00:00.000Z,1.1509,1.15237,1.15054,1.15136,6586
2025-11-06T10:00:00.000Z,1.15134,1.15441,1.15103,1.15356,8453
2025-11-06T14:00:00.000Z,1.15356,1.15428,1.15191,1.15408,12201
2025-11-06T18:00:00.000Z,1.15409,1.15524,1.15393,1.15475,5256
2025-11-06T22:00:00.000Z,1.15432,1.15514,1.15362,1.15379,5639
2025-11-07T02:00:00.000Z,1.1538,1.1543,1.15323,1.15339,3239
2025-11-07T06:00:00.000Z,1.15343,1.15422,1.15296,1.15382,5998
2025-11-07T10:00:00.000Z,1.15381,1.15697,1.15375,1.15676,8764
2025-11-07T14:00:00.000Z,1.15677,1.15911,1.15654,1.15803,10407
2025-11-07T18:00:00.000Z,1.15804,1.15836,1.15556,1.15634,5343
2025-11-09T22:00:00.000Z,1.15551,1.15605,1.15416,1.15583,6538
2025-11-10T02:00:00.000Z,1.15582,1.15666,1.15511,1.15619,4443
2025-11-10T06:00:00.000Z,1.1562,1.15831,1.15514,1.15683,8345
2025-11-10T10:00:00.000Z,1.15682,1.1578,1.1554,1.1568,7949
2025-11-10T14:00:00.000Z,1.15679,1.15685,1.15411,1.15605,10756
2025-11-10T18:00:00.000Z,1.15605,1.1565,1.1555,1.15558,4598
2025-11-10T22:00:00.000Z,1.15552,1.15603,1.1547,1.15544,4162
2025-11-11T02:00:00.000Z,1.15545,1.15652,1.1552,1.15616,3960
2025-11-11T06:00:00.000Z,1.15617,1.15685,1.15498,1.15648,7816
2025-11-11T10:00:00.000Z,1.15647,1.16056,1.15626,1.1601,9264
2025-11-11T14:00:00.000Z,1.16011,1.1605,1.15906,1.15952,10091
2025-11-11T18:00:00.000Z,1.15949,1.15955,1.1581,1.15825,4666
2025-11-11T22:00:00.000Z,1.15823,1.1587,1.15744,1.15755,4610
2025-11-12T02:00:00.000Z,1.15753,1.15815,1.157,1.15763,4479
2025-11-12T06:00:00.000Z,1.15761,1.15884,1.15683,1.15699,7490
2025-11-12T10:00:00.000Z,1.15702,1.15803,1.15652,1.1572,8746
2025-11-12T14:00:00.000Z,1.15719,1.15978,1.15628,1.1593,11040
2025-11-12T18:00:00.000Z,1.15931,1.15944,1.1584,1.15902,4625
2025-11-12T22:00:00.000Z,1.15905,1.15942,1.15789,1.15895,5050
2025-11-13T02:00:00.000Z,1.15897,1.15929,1.15801,1.15817,3338
2025-11-13T06:00:00.000Z,1.15814,1.16349,1.15811,1.16165,9689
2025-11-13T10:00:00.000Z,1.16166,1.16248,1.16045,1.16205,9836
2025-11-13T14:00:00.000Z,1.16206,1.1656,1.16169,1.16513,14345
2025-11-13T18:00:00.000Z,1.16512,1.16517,1.16306,1.16372,6635
2025-11-13T22:00:00.000Z,1.16338,1.16391,1.16233,1.16333,5459
2025-11-14T02:00:00.000Z,1.16331,1.16481,1.16298,1.16478,4713
2025-11-14T06:00:00.000Z,1.16477,1.16485,1.16204,1.16219,11368
2025-11-14T10:00:00.000Z,1.16217,1.16537,1.16088,1.16377,13011
2025-11-14T14:00:00.000Z,1.16377,1.16384,1.16061,1.1614,15525
2025-11-14T18:00:00.000Z,1.16141,1.16235,1.16098,1.16217,6376
2025-11-16T22:00:00.000Z,1.16135,1.16246,1.16049,1.16064,4523
2025-11-17T02:00:00.000Z,1.16063,1.16064,1.15964,1.16003,3375
2025-11-17T06:00:00.000Z,1.16005,1.16148,1.15948,1.16015,7018
2025-11-17T10:00:00.000Z,1.16014,1.16083,1.15886,1.15911,8179
2025-11-17T14:00:00.000Z,1.15908,1.16019,1.1582,1.15936,9696
2025-11-17T18:00:00.000Z,1.15937,1.1595,1.15824,1.15911,5366
2025-11-17T22:00:00.000Z,1.15892,1.15942,1.15845,1.15908,3652
2025-11-18T02:00:00.000Z,1.15909,1.16036,1.15881,1.15979,4807
2025-11-18T06:00:00.000Z,1.15978,1.16064,1.15873,1.15893,9054
2025-11-18T10:00:00.000Z,1.15892,1.1602,1.15797,1.15969,9857
2025-11-18T14:00:00.000Z,1.1598,1.16077,1.15715,1.15756,12529
2025-11-18T18:00:00.000Z,1.15757,1.15871,1.15751,1.1578,4840
2025-11-18T22:00:00.000Z,1.15754,1.1585,1.15753,1.15769,5669
2025-11-19T02:00:00.000Z,1.15768,1.15905,1.15723,1.15889,5461
2025-11-19T06:00:00.000Z,1.15887,1.15973,1.15656,1.15734,9207
2025-11-19T10:00:00.000Z,1.15733,1.15909,1.15674,1.15729,10247
2025-11-19T14:00:00.000Z,1.15724,1.15738,1.1526,1.15331,13158
2025-11-19T18:00:00.000Z,1.15334,1.15383,1.1518,1.15368,7473
2025-11-19T22:00:00.000Z,1.15374,1.15421,1.15224,1.15228,4707
2025-11-20T02:00:00.000Z,1.15227,1.15235,1.15098,1.15155,5405
2025-11-20T06:00:00.000Z,1.15154,1.15278,1.15115,1.15276,9608
2025-11-20T10:00:00.000Z,1.15274,1.15398,1.14996,1.15277,12117
2025-11-20T14:00:00.000Z,1.15276,1.155,1.15201,1.15288,16415
2025-11-20T18:00:00.000Z,1.15287,1.15406,1.15239,1.1527,5822
2025-11-20T22:00:00.000Z,1.1524,1.15382,1.1523,1.15325,5438
2025-11-21T02:00:00.000Z,1.1533,1.1542,1.15321,1.15352,5208
2025-11-21T06:00:00.000Z,1.15353,1.15526,1.1525,1.15253,11728
2025-11-21T10:00:00.000Z,1.15254,1.1527,1.14965,1.15205,13132
2025-11-21T14:00:00.000Z,1.15204,1.15234,1.14912,1.15072,14055
2025-11-21T18:00:00.000Z,1.15074,1.15206,1.15021,1.15152,5915
2025-11-23T22:00:00.000Z,1.15109,1.15144,1.15018,1.15101,3589
2025-11-24T02:00:00.000Z,1.15102,1.15284,1.15102,1.15224,4615
2025-11-24T06:00:00.000Z,1.15224,1.15344,1.15097,1.15298,9268
2025-11-24T10:00:00.000Z,1.15299,1.15505,1.15299,1.15384,7899
2025-11-24T14:00:00.000Z,1.15383,1.15411,1.15115,1.1518,9459
2025-11-24T18:00:00.000Z,1.15181,1.1529,1.15173,1.15211,3759
2025-11-24T22:00:00.000Z,1.1519,1.15299,1.15185,1.15258,4436
2025-11-25T02:00:00.000Z,1.15259,1.15303,1.15117,1.15166,4242
2025-11-25T06:00:00.000Z,1.15167,1.15366,1.15146,1.1534,8172
2025-11-25T10:00:00.000Z,1.15338,1.15619,1.15246,1.15584,11105
2025-11-25T14:00:00.000Z,1.15585,1.15841,1.15498,1.15824,14396
2025-11-25T18:00:00.000Z,1.15824,1.15859,1.15582,1.15705,7634
2025-11-25T22:00:00.000Z,1.15679,1.15831,1.15631,1.15773,7108
2025-11-26T02:00:00.000Z,1.15771,1.15917,1.15746,1.15907,7192
2025-11-26T06:00:00.000Z,1.15903,1.15959,1.15657,1.15719,10283
2025-11-26T10:00:00.000Z,1.15721,1.1584,1.15487,1.15523,14847
2025-11-26T14:00:00.000Z,1.15524,1.16009,1.15471,1.15931,12835
2025-11-26T18:00:00.000Z,1.1593,1.15974,1.15893,1.15965,4367
2025-11-26T22:00:00.000Z,1.15894,1.16124,1.15894,1.16092,4139
2025-11-27T02:00:00.000Z,1.16093,1.16136,1.16001,1.1602,4923
2025-11-27T06:00:00.000Z,1.16025,1.16054,1.15766,1.15776,8175
2025-11-27T10:00:00.000Z,1.15778,1.1597,1.15771,1.1595,6810
2025-11-27T14:00:00.000Z,1.15951,1.16014,1.15904,1.1595,5118
2025-11-27T18:00:00.000Z,1.15949,1.15968,1.15912,1.15958,1621
2025-11-27T22:00:00.000Z,1.15925,1.16021,1.15815,1.15831,5427
2025-11-28T02:00:00.000Z,1.15832,1.15927,1.15813,1.15888,13951
2025-11-28T06:00:00.000Z,1.15891,1.15902,1.1566,1.15676,25331
2025-11-28T10:00:00.000Z,1.15675,1.15787,1.15551,1.15747,18965
2025-11-28T14:00:00.000Z,1.15746,1.16075,1.15712,1.16028,11292
2025-11-28T18:00:00.000Z,1.16024,1.16045,1.15957,1.15963,5310
2025-11-30T22:00:00.000Z,1.15909,1.16159,1.15896,1.16052,7434
2025-12-01T02:00:00.000Z,1.16051,1.16058,1.15894,1.15978,6100
2025-12-01T06:00:00.000Z,1.15977,1.16235,1.15904,1.16222,10652
2025-12-01T10:00:00.000Z,1.16221,1.16522,1.16189,1.16449,9923
2025-12-01T14:00:00.000Z,1.1645,1.16452,1.16179,1.16206,11356
2025-12-01T18:00:00.000Z,1.16207,1.16235,1.16066,1.16093,4771
2025-12-01T22:00:00.000Z,1.16063,1.1611,1.16037,1.16093,3320
2025-12-02T02:00:00.000Z,1.16092,1.16142,1.16071,1.16102,3607
2025-12-02T06:00:00.000Z,1.16101,1.16164,1.16027,1.16102,6807
2025-12-02T10:00:00.000Z,1.16103,1.16195,1.15983,1.16175,7239
2025-12-02T14:00:00.000Z,1.16176,1.16231,1.15911,1.16072,10957
2025-12-02T18:00:00.000Z,1.16071,1.16258,1.16056,1.16232,5178
2025-12-02T22:00:00.000Z,1.16203,1.16375,1.16187,1.16369,3673
2025-12-03T02:00:00.000Z,1.1637,1.16437,1.16352,1.16427,2976
2025-12-03T06:00:00.000Z,1.16428,1.16528,1.16357,1.16456,8141
2025-12-03T10:00:00.000Z,1.16457,1.16753,1.16449,1.16664,8606
2025-12-03T14:00:00.000Z,1.16663,1.16709,1.16546,1.16686,11694
2025-12-03T18:00:00.000Z,1.16687,1.16776,1.16641,1.16706,4659
2025-12-03T22:00:00.000Z,1.16702,1.16735,1.16589,1.16632,3872
2025-12-04T02:00:00.000Z,1.16634,1.16639,1.16532,1.16597,4832
2025-12-04T06:00:00.000Z,1.16598,1.1682,1.16529,1.16776,8586
2025-12-04T10:00:00.000Z,1.16777,1.16808,1.16523,1.16649,9010
2025-12-04T14:00:00.000Z,1.1665,1.16768,1.1653,1.16562,9511
2025-12-04T18:00:00.000Z,1.1656,1.16598,1.16408,1.16449,5335
2025-12-04T22:00:00.000Z,1.16421,1.16536,1.16408,1.16534,3458
2025-12-05T02:00:00.000Z,1.16534,1.16592,1.16463,1.16592,4256
2025-12-05T06:00:00.000Z,1.16591,1.16718,1.16484,1.16543,7775
2025-12-05T10:00:00.000Z,1.16544,1.1657,1.16417,1.16517,7709
2025-12-05T14:00:00.000Z,1.16519,1.16602,1.1628,1.16442,13631
2025-12-05T18:00:00.000Z,1.16441,1.16487,1.16397,1.1641,4899
2025-12-07T22:00:00.000Z,1.16347,1.16531,1.16347,1.16517,5855
2025-12-08T02:00:00.000Z,1.1652,1.16563,1.16485,1.16562,4611
2025-12-08T06:00:00.000Z,1.16561,1.16721,1.16478,1.16486,9755
2025-12-08T10:00:00.000Z,1.16487,1.16573,1.16457,1.16485,9871
2025-12-08T14:00:00.000Z,1.16491,1.16548,1.16164,1.16391,13653
2025-12-08T18:00:00.000Z,1.16392,1.16419,1.16341,1.16377,5287
2025-12-08T22:00:00.000Z,1.16342,1.16477,1.16327,1.16473,4354
2025-12-09T02:00:00.000Z,1.16474,1.16503,1.16435,1.16487,4490
2025-12-09T06:00:00.000Z,1.16486,1.16573,1.16335,1.16523,9036
2025-12-09T10:00:00.000Z,1.16524,1.16543,1.1629,1.16345,9391
2025-12-09T14:00:00.000Z,1.16346,1.16411,1.16151,1.16242,12827
2025-12-09T18:00:00.000Z,1.1624,1.16322,1.1617,1.16256,4642
2025-12-09T22:00:00.000Z,1.1624,1.16288,1.16215,1.16236,3528
2025-12-10T02:00:00.000Z,1.16235,1.1631,1.16215,1.16296,3840
2025-12-10T06:00:00.000Z,1.16297,1.16577,1.16285,1.16366,8600
2025-12-10T10:00:00.000Z,1.16364,1.16424,1.16274,1.16402,8379
2025-12-10T14:00:00.000Z,1.16401,1.16602,1.16339,1.16587,10272
2025-12-10T18:00:00.000Z,1.16585,1.16998,1.16419,1.1693,18623
2025-12-10T22:00:00.000Z,1.16864,1.17074,1.16819,1.17019,6968
2025-12-11T02:00:00.000Z,1.17018,1.17062,1.16843,1.16851,6164
2025-12-11T06:00:00.000Z,1.16855,1.17066,1.16822,1.17021,9516
2025-12-11T10:00:00.000Z,1.17023,1.17364,1.16989,1.1731,10915
2025-12-11T14:00:00.000Z,1.17311,1.17627,1.17303,1.17552,13998
2025-12-11T18:00:00.000Z,1.17551,1.17593,1.17364,1.17384,5664
2025-12-11T22:00:00.000Z,1.17376,1.17463,1.17326,1.1735,4687
2025-12-12T02:00:00.000Z,1.17349,1.17394,1.1731,1.17387,4069
2025-12-12T06:00:00.000Z,1.17386,1.17434,1.17268,1.17328,8877
2025-12-12T10:00:00.000Z,1.17327,1.17352,1.17195,1.17274,8213
2025-12-12T14:00:00.000Z,1.1727,1.17482,1.17231,1.17477,12459
2025-12-12T18:00:00.000Z,1.17478,1.17498,1.17353,1.17381,5902
2025-12-14T22:00:00.000Z,1.17323,1.17425,1.17284,1.17414,4507
2025-12-15T02:00:00.000Z,1.17412,1.17448,1.17316,1.17344,5454
2025-12-15T06:00:00.000Z,1.17343,1.17435,1.17263,1.17434,8567
2025-12-15T10:00:00.000Z,1.17433,1.17599,1.17389,1.17475,7450
2025-12-15T14:00:00.000Z,1.17469,1.17689,1.17441,1.17459,12784
2025-12-15T18:00:00.000Z,1.1746,1.17525,1.17384,1.17506,4230
2025-12-15T22:00:00.000Z,1.17478,1.1758,1.17464,1.17519,4635
2025-12-16T02:00:00.000Z,1.1752,1.17591,1.17493,1.17507,4281
2025-12-16T06:00:00.000Z,1.17504,1.1764,1.17443,1.17562,8413
2025-12-16T10:00:00.000Z,1.17563,1.17947,1.17518,1.17756,12711
2025-12-16T14:00:00.000Z,1.17757,1.18041,1.17609,1.17638,16285
2025-12-16T18:00:00.000Z,1.17639,1.1764,1.17343,1.17487,7442
2025-12-16T22:00:00.000Z,1.17448,1.17523,1.17448,1.17473,4299
2025-12-17T02:00:00.000Z,1.1747,1.1748,1.17248,1.17292,5543
2025-12-17T06:00:00.000Z,1.17293,1.17306,1.17031,1.17161,11792
2025-12-17T10:00:00.000Z,1.1716,1.17332,1.17077,1.17319,11797
2025-12-17T14:00:00.000Z,1.17318,1.17582,1.17283,1.17494,14458
2025-12-17T18:00:00.000Z,1.17495,1.17555,1.17385,1.17407,5613
2025-12-17T22:00:00.000Z,1.17374,1.17459,1.1735,1.17385,4163
2025-12-18T02:00:00.000Z,1.17384,1.17469,1.17369,1.17457,4478
2025-12-18T06:00:00.000Z,1.17455,1.17496,1.17173,1.1722,9201
2025-12-18T10:00:00.000Z,1.17219,1.17627,1.17124,1.17471,13692
2025-12-18T14:00:00.000Z,1.17469,1.17557,1.17153,1.17183,17631
2025-12-18T18:00:00.000Z,1.17188,1.17277,1.17152,1.17247,5376
2025-12-18T22:00:00.000Z,1.17171,1.17289,1.1717,1.17244,5316
2025-12-19T02:00:00.000Z,1.17245,1.17286,1.17153,1.17199,4856
2025-12-19T06:00:00.000Z,1.17198,1.17217,1.17032,1.17122,11081
2025-12-19T10:00:00.000Z,1.17121,1.17194,1.17028,1.17192,10170
2025-12-19T14:00:00.000Z,1.17193,1.17378,1.17084,1.17192,12613
2025-12-19T18:00:00.000Z,1.17191,1.17271,1.17062,1.17073,5231
2025-12-21T22:00:00.000Z,1.1712,1.17194,1.17058,1.17173,6573
2025-12-22T02:00:00.000Z,1.17174,1.17221,1.17134,1.17174,3518
2025-12-22T06:00:00.000Z,1.17173,1.17383,1.17129,1.17301,7935
2025-12-22T10:00:00.000Z,1.173,1.17545,1.17287,1.17506,9469
2025-12-22T14:00:00.000Z,1.17507,1.17693,1.1745,1.17583,10296
2025-12-22T18:00:00.000Z,1.17584,1.17616,1.17488,1.17615,3974
2025-12-22T22:00:00.000Z,1.17544,1.17761,1.17544,1.17731,5499
2025-12-23T02:00:00.000Z,1.17735,1.17805,1.17725,1.17752,5220
2025-12-23T06:00:00.000Z,1.17751,1.17929,1.17685,1.17926,9501
2025-12-23T10:00:00.000Z,1.17928,1.1802,1.17741,1.17747,10370
2025-12-23T14:00:00.000Z,1.17748,1.17804,1.17638,1.17709,12373
2025-12-23T18:00:00.000Z,1.17708,1.17965,1.17695,1.17961,5641
2025-12-23T22:00:00.000Z,1.17893,1.18063,1.17893,1.18054,4843
2025-12-24T02:00:00.000Z,1.18055,1.18081,1.17857,1.1799,4710
2025-12-24T06:00:00.000Z,1.17988,1.18038,1.17796,1.17997,8631
2025-12-24T10:00:00.000Z,1.17995,1.18,1.17837,1.17853,7418
2025-12-24T14:00:00.000Z,1.17847,1.1787,1.17726,1.17765,8634
2025-12-24T18:00:00.000Z,1.17759,1.1782,1.17743,1.1777,4064
2025-12-25T22:00:00.000Z,1.17769,1.17919,1.17767,1.17873,9403
2025-12-26T02:00:00.000Z,1.17874,1.17935,1.17801,1.17862,4925
2025-12-26T06:00:00.000Z,1.17861,1.17877,1.17664,1.17703,7846
2025-12-26T10:00:00.000Z,1.17695,1.17968,1.17689,1.17914,7379
2025-12-26T14:00:00.000Z,1.17921,1.17945,1.17615,1.17701,12489
2025-12-26T18:00:00.000Z,1.17702,1.17816,1.17654,1.17687,7416
2025-12-28T22:00:00.000Z,1.17653,1.17861,1.17652,1.17842,5619
2025-12-29T02:00:00.000Z,1.17841,1.17853,1.17538,1.1756,4788
2025-12-29T06:00:00.000Z,1.17563,1.1789,1.17542,1.17762,9603
2025-12-29T10:00:00.000Z,1.1776,1.17801,1.17557,1.17698,10049
2025-12-29T14:00:00.000Z,1.17699,1.17886,1.17494,1.17521,13000
2025-12-29T18:00:00.000Z,1.17521,1.17743,1.17507,1.17738,5152
2025-12-29T22:00:00.000Z,1.17616,1.1775,1.17616,1.17748,4456
2025-12-30T02:00:00.000Z,1.17749,1.17789,1.17703,1.17752,3858
2025-12-30T06:00:00.000Z,1.17753,1.17799,1.17641,1.17687,7783
2025-12-30T10:00:00.000Z,1.17687,1.17775,1.17554,1.17635,8775
2025-12-30T14:00:00.000Z,1.17636,1.17666,1.17453,1.17559,10835
2025-12-30T18:00:00.000Z,1.1756,1.17594,1.17432,1.17465,5168
2025-12-30T22:00:00.000Z,1.17419,1.1749,1.17419,1.17426,2766
2025-12-31T02:00:00.000Z,1.17423,1.17436,1.1733,1.17387,3882
2025-12-31T06:00:00.000Z,1.17386,1.17397,1.17201,1.1735,7614
2025-12-31T10:00:00.000Z,1.17351,1.17593,1.17285,1.17418,9576
2025-12-31T14:00:00.000Z,1.17419,1.17488,1.17203,1.17361,14210
2025-12-31T18:00:00.000Z,1.1736,1.17531,1.17303,1.17454,6682
2026-01-01T22:00:00.000Z,1.17466,1.17626,1.17447,1.17611,3224
2026-01-02T02:00:00.000Z,1.17609,1.17648,1.17506,1.17514,3288
2026-01-02T06:00:00.000Z,1.17512,1.17514,1.17206,1.17215,9099
2026-01-02T10:00:00.000Z,1.17219,1.1729,1.17132,1.17215,8393
2026-01-02T14:00:00.000Z,1.17217,1.17544,1.17157,1.17307,11819
2026-01-02T18:00:00.000Z,1.17308,1.17312,1.17142,1.17203,6726
2026-01-04T22:00:00.000Z,1.17196,1.17203,1.16999,1.17003,6756
2026-01-05T02:00:00.000Z,1.17005,1.17016,1.16723,1.16854,6639
2026-01-05T06:00:00.000Z,1.16855,1.16947,1.16737,1.16826,10052
2026-01-05T10:00:00.000Z,1.16824,1.1691,1.16591,1.16745,10917
2026-01-05T14:00:00.000Z,1.16746,1.17197,1.16732,1.17144,14078
2026-01-05T18:00:00.000Z,1.17145,1.17288,1.17133,1.17204,6007
2026-01-05T22:00:00.000Z,1.17179,1.17254,1.17104,1.17254,4313
2026-01-06T02:00:00.000Z,1.17255,1.17383,1.17221,1.17287,5344
2026-01-06T06:00:00.000Z,1.17288,1.17429,1.17081,1.17132,9477
2026-01-06T10:00:00.000Z,1.17132,1.17171,1.16972,1.17111,9594
2026-01-06T14:00:00.000Z,1.1711,1.17177,1.1684,1.17007,13043
2026-01-06T18:00:00.000Z,1.17006,1.17021,1.16838,1.16878,6213
2026-01-06T22:00:00.000Z,1.16842,1.17007,1.16841,1.16956,4277
2026-01-07T02:00:00.000Z,1.16955,1.17028,1.16908,1.16932,4734
2026-01-07T06:00:00.000Z,1.16935,1.16995,1.16728,1.16842,9222
2026-01-07T10:00:00.000Z,1.16841,1.16948,1.16811,1.16916,9132
2026-01-07T14:00:00.000Z,1.16915,1.16988,1.16801,1.16878,13305
2026-01-07T18:00:00.000Z,1.16879,1.16903,1.16734,1.1676,5961
2026-01-07T22:00:00.000Z,1.16727,1.16781,1.16727,1.16748,2912
2026-01-08T02:00:00.000Z,1.16747,1.16829,1.16727,1.16825,4727
2026-01-08T06:00:00.000Z,1.16822,1.1683,1.16689,1.16767,9098
2026-01-08T10:00:00.000Z,1.16767,1.16818,1.16582,1.16629,8546
2026-01-08T14:00:00.000Z,1.16627,1.16739,1.16437,1.16507,11581
2026-01-08T18:00:00.000Z,1.16506,1.16621,1.16427,1.16599,6369
2026-01-08T22:00:00.000Z,1.16533,1.16624,1.16482,1.16492,3452
2026-01-09T02:00:00.000Z,1.16494,1.16592,1.16461,1.16511,4334
2026-01-09T06:00:00.000Z,1.1651,1.1653,1.16401,1.16423,8064
2026-01-09T10:00:00.000Z,1.16423,1.16607,1.1625,1.16451,11129
2026-01-09T14:00:00.000Z,1.16446,1.16526,1.16182,1.16317,16519
2026-01-09T18:00:00.000Z,1.16316,1.164,1.16292,1.16299,5078
2026-01-11T22:00:00.000Z,1.16281,1.16713,1.16215,1.16564,7290
2026-01-12T02:00:00.000Z,1.16562,1.16708,1.1653,1.16692,5042
2026-01-12T06:00:00.000Z,1.16691,1.16959,1.16641,1.1682,10180
2026-01-12T10:00:00.000Z,1.16817,1.16984,1.16755,1.16929,9457
2026-01-12T14:00:00.000Z,1.16926,1.16929,1.16662,1.16686,11794
2026-01-12T18:00:00.000Z,1.16682,1.16738,1.1663,1.16671,5000
2026-01-12T22:00:00.000Z,1.16665,1.16706,1.16562,1.16585,4539
2026-01-13T02:00:00.000Z,1.16584,1.16676,1.16563,1.16628,4733
2026-01-13T06:00:00.000Z,1.16627,1.16725,1.16537,1.16718,8559
2026-01-13T10:00:00.000Z,1.16719,1.16773,1.16501,1.16685,10529
2026-01-13T14:00:00.000Z,1.16683,1.16734,1.1634,1.16459,13623
2026-01-13T18:00:00.000Z,1.16461,1.16545,1.16413,1.16434,5827
2026-01-13T22:00:00.000Z,1.16417,1.16455,1.16367,1.16381,4378
2026-01-14T02:00:00.000Z,1.16382,1.1649,1.1636,1.1642,4986
2026-01-14T06:00:00.000Z,1.16421,1.16538,1.16409,1.16517,7972
2026-01-14T10:00:00.000Z,1.16518,1.16599,1.16438,1.165,10200
2026-01-14T14:00:00.000Z,1.16501,1.16617,1.16455,1.16467,14075
2026-01-14T18:00:00.000Z,1.16467,1.16477,1.16353,1.16439,7141
2026-01-14T22:00:00.000Z,1.1645,1.1647,1.16331,1.16385,6091
2026-01-15T02:00:00.000Z,1.16386,1.16414,1.16335,1.16351,4697
2026-01-15T06:00:00.000Z,1.16352,1.16399,1.16259,1.16358,9008
2026-01-15T10:00:00.000Z,1.16357,1.1641,1.15988,1.16013,9908
2026-01-15T14:00:00.000Z,1.16014,1.16137,1.15931,1.16089,13668
2026-01-15T18:00:00.000Z,1.16088,1.16174,1.16027,1.16089,5676
2026-01-15T22:00:00.000Z,1.16066,1.16102,1.16023,1.16069,4326
2026-01-16T02:00:00.000Z,1.16068,1.16143,1.16058,1.16067,5047
2026-01-16T06:00:00.000Z,1.16067,1.16152,1.16041,1.16084,7337
2026-01-16T10:00:00.000Z,1.16083,1.16234,1.16081,1.16185,8342
2026-01-16T14:00:00.000Z,1.16191,1.16273,1.15845,1.15956,16301
2026-01-16T18:00:00.000Z,1.15952,1.16022,1.15893,1.15981,5652
2026-01-18T22:00:00.000Z,1.15782,1.16379,1.15771,1.16223,12784
2026-01-19T02:00:00.000Z,1.16224,1.16376,1.16157,1.16276,7395
2026-01-19T06:00:00.000Z,1.16273,1.16415,1.1611,1.16242,10927
2026-01-19T10:00:00.000Z,1.16243,1.16355,1.16201,1.1632,7797
2026-01-19T14:00:00.000Z,1.16319,1.16473,1.16302,1.16457,7227
2026-01-19T18:00:00.000Z,1.16456,1.16488,1.16417,1.16454,2128
2026-01-19T22:00:00.000Z,1.16405,1.1646,1.16324,1.16438,4884
2026-01-20T02:00:00.000Z,1.16439,1.16725,1.16403,1.16632,6361
2026-01-20T06:00:00.000Z,1.16632,1.17328,1.1662,1.17264,15512
2026-01-20T10:00:00.000Z,1.17264,1.17686,1.17152,1.17334,15510
2026-01-20T14:00:00.000Z,1.17333,1.17427,1.17153,1.17316,18867
2026-01-20T18:00:00.000Z,1.17315,1.17341,1.17109,1.17246,8158
2026-01-20T22:00:00.000Z,1.17205,1.17343,1.17166,1.1729,5749
2026-01-21T02:00:00.000Z,1.1729,1.17316,1.17108,1.17171,6000
2026-01-21T06:00:00.000Z,1.17172,1.17254,1.17012,1.17035,10187
2026-01-21T10:00:00.000Z,1.17034,1.17429,1.17014,1.17393,10246
2026-01-21T14:00:00.000Z,1.17394,1.17405,1.16947,1.17028,20713
2026-01-21T18:00:00.000Z,1.17026,1.17054,1.16762,1.16871,11882
2026-01-21T22:00:00.000Z,1.16813,1.16901,1.16701,1.16886,6386
2026-01-22T02:00:00.000Z,1.16887,1.16972,1.16832,1.16883,5067
2026-01-22T06:00:00.000Z,1.16884,1.16974,1.1684,1.16926,9392
2026-01-22T10:00:00.000Z,1.16926,1.17185,1.16867,1.17139,11409
2026-01-22T14:00:00.000Z,1.17141,1.17506,1.17108,1.17466,13661
2026-01-22T18:00:00.000Z,1.17465,1.17548,1.17412,1.1754,4514
2026-01-22T22:00:00.000Z,1.17483,1.17593,1.1747,1.17494,5342
2026-01-23T02:00:00.000Z,1.1749,1.17539,1.17429,1.1751,5831
2026-01-23T06:00:00.000Z,1.17509,1.17528,1.17283,1.17354,13232
2026-01-23T10:00:00.000Z,1.17357,1.17473,1.173,1.17341,8939
2026-01-23T14:00:00.000Z,1.17341,1.17988,1.17318,1.17943,14973
2026-01-23T18:00:00.000Z,1.17943,1.18335,1.17771,1.18292,12954
2026-01-25T22:00:00.000Z,1.18598,1.18975,1.18443,1.18578,16749
2026-01-26T02:00:00.000Z,1.18578,1.18765,1.18556,1.1865,11359
2026-01-26T06:00:00.000Z,1.18649,1.18676,1.18366,1.18637,16478
2026-01-26T10:00:00.000Z,1.1864,1.18653,1.18349,1.1856,11400
2026-01-26T14:00:00.000Z,1.18559,1.19069,1.18525,1.18788,16787
2026-01-26T18:00:00.000Z,1.18788,1.18903,1.18706,1.18778,8604
2026-01-26T22:00:00.000Z,1.18732,1.18828,1.18715,1.18787,6882
2026-01-27T02:00:00.000Z,1.18787,1.18994,1.18699,1.18766,7783
2026-01-27T06:00:00.000Z,1.18768,1.18898,1.18504,1.1889,11839
2026-01-27T10:00:00.000Z,1.18888,1.19386,1.1874,1.19234,19055
2026-01-27T14:00:00.000Z,1.19235,1.19901,1.19184,1.198,23544
2026-01-27T18:00:00.000Z,1.198,1.2083,1.19712,1.20457,17747
2026-01-27T22:00:00.000Z,1.20367,1.20444,1.19928,1.19929,11407
2026-01-28T02:00:00.000Z,1.19929,1.2005,1.19749,1.19969,10687
2026-01-28T06:00:00.000Z,1.19969,1.20259,1.19704,1.19868,17610
2026-01-28T10:00:00.000Z,1.19869,1.19948,1.19519,1.19577,14656
2026-01-28T14:00:00.000Z,1.19579,1.19775,1.19189,1.1941,26504
2026-01-28T18:00:00.000Z,1.1941,1.19528,1.18956,1.19527,18661
2026-01-28T22:00:00.000Z,1.19531,1.19852,1.19522,1.19614,11383
2026-01-29T02:00:00.000Z,1.19613,1.19936,1.1953,1.19812,11001
2026-01-29T06:00:00.000Z,1.19812,1.19964,1.19514,1.19557,16572
2026-01-29T10:00:00.000Z,1.19558,1.19707,1.19379,1.19562,15388
2026-01-29T14:00:00.000Z,1.19566,1.19723,1.19061,1.19561,31394
2026-01-29T18:00:00.000Z,1.19557,1.19711,1.19458,1.19694,12533
2026-01-29T22:00:00.000Z,1.19659,1.19744,1.19143,1.1917,11968
2026-01-30T02:00:00.000Z,1.19171,1.19351,1.18948,1.19247,18893
2026-01-30T06:00:00.000Z,1.19246,1.19431,1.18983,1.19085,23454
2026-01-30T10:00:00.000Z,1.19077,1.19547,1.19018,1.19124,19924
2026-01-30T14:00:00.000Z,1.19127,1.19211,1.18666,1.18724,28994
2026-01-30T18:00:00.000Z,1.18723,1.18849,1.18498,1.18507,20466
2026-02-01T22:00:00.000Z,1.18473,1.18747,1.18396,1.18704,17281
2026-02-02T02:00:00.000Z,1.18711,1.18747,1.18411,1.18504,13435
2026-02-02T06:00:00.000Z,1.18503,1.18665,1.18431,1.18622,20522
2026-02-02T10:00:00.000Z,1.1862,1.18713,1.1818,1.18207,17466
2026-02-02T14:00:00.000Z,1.18208,1.18299,1.17904,1.18,24432
2026-02-02T18:00:00.000Z,1.18005,1.1801,1.1776,1.17896,9620
2026-02-02T22:00:00.000Z,1.1785,1.18148,1.17841,1.1814,8149
2026-02-03T02:00:00.000Z,1.18139,1.18166,1.18005,1.18087,8178
2026-02-03T06:00:00.000Z,1.18088,1.18244,1.1792,1.17921,13826
2026-02-03T10:00:00.000Z,1.17925,1.18067,1.17826,1.1796,13704
2026-02-03T14:00:00.000Z,1.17962,1.18289,1.17801,1.18163,20490
2026-02-03T18:00:00.000Z,1.18163,1.18251,1.18057,1.1823,10748
2026-02-03T22:00:00.000Z,1.18148,1.1832,1.18086,1.18259,8666
2026-02-04T02:00:00.000Z,1.1826,1.18362,1.18187,1.18328,7616
2026-02-04T06:00:00.000Z,1.18331,1.1838,1.18112,1.18139,12124
2026-02-04T10:00:00.000Z,1.1814,1.18268,1.18046,1.18224,12963
2026-02-04T14:00:00.000Z,1.18225,1.18257,1.17906,1.17976,22291
2026-02-04T18:00:00.000Z,1.17976,1.18096,1.17943,1.18036,9911
2026-02-04T22:00:00.000Z,1.18025,1.18081,1.17994,1.18037,5579
2026-02-05T02:00:00.000Z,1.18038,1.18052,1.17829,1.179,10356
2026-02-05T06:00:00.000Z,1.179,1.18087,1.17803,1.17806,13020
2026-02-05T10:00:00.000Z,1.17807,1.18154,1.17804,1.18118,17857
2026-02-05T14:00:00.000Z,1.18113,1.18217,1.17818,1.18009,24447
2026-02-05T18:00:00.000Z,1.18009,1.18028,1.17748,1.17749,7240
2026-02-05T22:00:00.000Z,1.17769,1.17882,1.17655,1.1785,9548
2026-02-06T02:00:00.000Z,1.17852,1.18011,1.17845,1.17983,6451
2026-02-06T06:00:00.000Z,1.17979,1.18017,1.17857,1.1792,10422
2026-02-06T10:00:00.000Z,1.17921,1.18111,1.17857,1.18103,9579
2026-02-06T14:00:00.000Z,1.18102,1.18262,1.18052,1.18179,14357
2026-02-06T18:00:00.000Z,1.1818,1.18238,1.18129,1.18135,5014
2026-02-08T22:00:00.000Z,1.1811,1.18336,1.18098,1.18256,8962
2026-02-09T02:00:00.000Z,1.18255,1.18362,1.18158,1.18333,6271
2026-02-09T06:00:00.000Z,1.18332,1.18699,1.18329,1.18622,12895
2026-02-09T10:00:00.000Z,1.18622,1.19056,1.18552,1.19036,14308
2026-02-09T14:00:00.000Z,1.19037,1.19265,1.1893,1.19086,17631
2026-02-09T18:00:00.000Z,1.19086,1.19222,1.19035,1.19134,7126
2026-02-09T22:00:00.000Z,1.19081,1.19144,1.18966,1.19058,6454
2026-02-10T02:00:00.000Z,1.19057,1.1917,1.19035,1.19072,6861
2026-02-10T06:00:00.000Z,1.19071,1.19198,1.18994,1.19143,10292
2026-02-10T10:00:00.000Z,1.19144,1.19175,1.18882,1.19053,12382
2026-02-10T14:00:00.000Z,1.19061,1.19286,1.18931,1.18958,19387
2026-02-10T18:00:00.000Z,1.18958,1.19033,1.18868,1.18954,5733
2026-02-10T22:00:00.000Z,1.18928,1.19021,1.18862,1.18977,6140
2026-02-11T02:00:00.000Z,1.18979,1.1919,1.18977,1.19182,6230
2026-02-11T06:00:00.000Z,1.19183,1.19257,1.19102,1.1918,10600
2026-02-11T10:00:00.000Z,1.19179,1.19272,1.18329,1.18621,17159
2026-02-11T14:00:00.000Z,1.1862,1.18936,1.1851,1.18858,25738
2026-02-11T18:00:00.000Z,1.18858,1.18907,1.18685,1.18705,7898
2026-02-11T22:00:00.000Z,1.18703,1.18825,1.18669,1.18807,7127
2026-02-12T02:00:00.000Z,1.18806,1.18846,1.18583,1.18647,7160
2026-02-12T06:00:00.000Z,1.18647,1.1888,1.18523,1.18871,12395
2026-02-12T10:00:00.000Z,1.18872,1.18873,1.1867,1.18849,11291
2026-02-12T14:00:00.000Z,1.1885,1.18899,1.18601,1.18652,24985
2026-02-12T18:00:00.000Z,1.18654,1.18725,1.18561,1.18704,8894
2026-02-12T22:00:00.000Z,1.18627,1.18732,1.18627,1.18669,5746
2026-02-13T02:00:00.000Z,1.1867,1.18712,1.18578,1.18595,5526
2026-02-13T06:00:00.000Z,1.18594,1.18664,1.18472,1.18606,10978
2026-02-13T10:00:00.000Z,1.18605,1.18846,1.18529,1.18744,12917
2026-02-13T14:00:00.000Z,1.18737,1.18827,1.18477,1.18749,19113
2026-02-13T18:00:00.000Z,1.18751,1.18807,1.18643,1.18675,7184
2026-02-15T22:00:00.000Z,1.18666,1.18696,1.18591,1.18651,5050
2026-02-16T02:00:00.000Z,1.1865,1.1869,1.18608,1.18649,5143
2026-02-16T06:00:00.000Z,1.1865,1.18704,1.18573,1.18644,8496
2026-02-16T10:00:00.000Z,1.18643,1.18677,1.18491,1.18546,7048
2026-02-16T14:00:00.000Z,1.18545,1.18635,1.18462,1.18482,6574
2026-02-16T18:00:00.000Z,1.18481,1.1855,1.18481,1.18506,1334
2026-02-16T22:00:00.000Z,1.18489,1.18519,1.18407,1.18446,6029
2026-02-17T02:00:00.000Z,1.18443,1.18473,1.18356,1.18414,6683
2026-02-17T06:00:00.000Z,1.18416,1.18497,1.18287,1.18466,10133
2026-02-17T10:00:00.000Z,1.18465,1.18471,1.18157,1.18221,11314
2026-02-17T14:00:00.000Z,1.18222,1.18422,1.18049,1.18394,17642
2026-02-17T18:00:00.000Z,1.18394,1.18546,1.18387,1.18527,6218
2026-02-17T22:00:00.000Z,1.18496,1.18574,1.18425,1.18461,5603
2026-02-18T02:00:00.000Z,1.18461,1.18473,1.18393,1.18456,4465
2026-02-18T06:00:00.000Z,1.18456,1.18464,1.18285,1.18361,9080
2026-02-18T10:00:00.000Z,1.18362,1.18485,1.18236,1.18237,9149
2026-02-18T14:00:00.000Z,1.18237,1.18276,1.18021,1.1806,14644
2026-02-18T18:00:00.000Z,1.18059,1.18074,1.17822,1.17833,8209
2026-02-18T22:00:00.000Z,1.17821,1.17952,1.1782,1.17946,4182
2026-02-19T02:00:00.000Z,1.17947,1.17956,1.17846,1.17915,5390
2026-02-19T06:00:00.000Z,1.17915,1.18075,1.17897,1.18,8560
2026-02-19T10:00:00.000Z,1.17999,1.1803,1.17514,1.17654,12578
2026-02-19T14:00:00.000Z,1.17655,1.17755,1.1742,1.17659,20013
2026-02-19T18:00:00.000Z,1.1766,1.17778,1.17592,1.17752,7561
2026-02-19T22:00:00.000Z,1.17676,1.17758,1.1755,1.17588,5793
2026-02-20T02:00:00.000Z,1.17589,1.17598,1.17501,1.17553,6213
2026-02-20T06:00:00.000Z,1.17554,1.17681,1.17434,1.17667,10797
2026-02-20T10:00:00.000Z,1.17668,1.1782,1.1757,1.17693,12547
2026-02-20T14:00:00.000Z,1.17689,1.18075,1.17553,1.17801,27305
2026-02-20T18:00:00.000Z,1.17802,1.17989,1.17768,1.17852,12947
2026-02-22T22:00:00.000Z,1.17911,1.18346,1.17895,1.18261,11965
2026-02-23T02:00:00.000Z,1.18261,1.18312,1.18151,1.18198,7722
2026-02-23T06:00:00.000Z,1.18197,1.18338,1.18003,1.18008,11765
2026-02-23T10:00:00.000Z,1.18009,1.18014,1.17745,1.17958,11640
2026-02-23T14:00:00.000Z,1.17958,1.18101,1.17881,1.17987,17666
2026-02-23T18:00:00.000Z,1.17987,1.18009,1.17856,1.17859,7611
2026-02-23T22:00:00.000Z,1.17849,1.17963,1.17715,1.17818,6938
2026-02-24T02:00:00.000Z,1.17817,1.17853,1.17679,1.17799,6539
2026-02-24T06:00:00.000Z,1.17799,1.17931,1.17715,1.17877,11675
2026-02-24T10:00:00.000Z,1.17877,1.17911,1.17662,1.17722,10475
2026-02-24T14:00:00.000Z,1.17722,1.17902,1.1766,1.17855,14236
2026-02-24T18:00:00.000Z,1.17854,1.17867,1.17734,1.17735,5603
2026-02-24T22:00:00.000Z,1.17728,1.17821,1.17714,1.17784,4781
2026-02-25T02:00:00.000Z,1.17783,1.18055,1.1778,1.18009,8004
2026-02-25T06:00:00.000Z,1.1801,1.1808,1.17854,1.17877,10733
2026-02-25T10:00:00.000Z,1.17878,1.17901,1.1771,1.17734,10450
2026-02-25T14:00:00.000Z,1.17735,1.18143,1.17729,1.18074,14210
2026-02-25T18:00:00.000Z,1.18073,1.18125,1.18028,1.18091,5738
2026-02-25T22:00:00.000Z,1.18013,1.18289,1.18013,1.18272,6559
2026-02-26T02:00:00.000Z,1.18273,1.18289,1.18125,1.18196,7328
2026-02-26T06:00:00.000Z,1.18197,1.18222,1.17968,1.17972,10249
2026-02-26T10:00:00.000Z,1.17971,1.18168,1.17933,1.18068,9137
2026-02-26T14:00:00.000Z,1.18069,1.18158,1.17739,1.17761,18303
2026-02-26T18:00:00.000Z,1.1776,1.18036,1.17741,1.17993,7974
2026-02-26T22:00:00.000Z,1.17935,1.18056,1.1789,1.17901,7760
2026-02-27T02:00:00.000Z,1.17903,1.18132,1.17903,1.18084,6502
2026-02-27T06:00:00.000Z,1.1808,1.18216,1.17929,1.17953,11174
2026-02-27T10:00:00.000Z,1.17956,1.18082,1.17904,1.17924,12309
2026-02-27T14:00:00.000Z,1.17926,1.18268,1.17909,1.18165,18663
2026-02-27T18:00:00.000Z,1.18167,1.18258,1.18109,1.18118,7373
2026-03-01T22:00:00.000Z,1.17666,1.17944,1.17561,1.17919,15238
2026-03-02T02:00:00.000Z,1.17918,1.17959,1.17662,1.17664,8695
2026-03-02T06:00:00.000Z,1.17663,1.17665,1.16981,1.1733,22371
2026-03-02T10:00:00.000Z,1.1733,1.17473,1.16953,1.16985,17911
2026-03-02T14:00:00.000Z,1.16983,1.17239,1.16717,1.17071,24665
2026-03-02T18:00:00.000Z,1.17071,1.17133,1.16785,1.16904,12973
2026-03-02T22:00:00.000Z,1.16841,1.17069,1.1684,1.1697,7892
2026-03-03T02:00:00.000Z,1.1697,1.1699,1.1665,1.16666,11366
2026-03-03T06:00:00.000Z,1.16667,1.16717,1.15986,1.16053,22132
2026-03-03T10:00:00.000Z,1.16055,1.16154,1.1582,1.15906,24798
2026-03-03T14:00:00.000Z,1.15904,1.1606,1.15302,1.15904,37079
2026-03-03T18:00:00.000Z,1.15905,1.16259,1.15899,1.16106,20104
2026-03-03T22:00:00.000Z,1.16078,1.16202,1.15746,1.15937,12727
2026-03-04T02:00:00.000Z,1.15938,1.16105,1.1587,1.1595,15601
2026-03-04T06:00:00.000Z,1.15946,1.1628,1.15896,1.16087,20504
2026-03-04T10:00:00.000Z,1.16087,1.16547,1.16087,1.16311,22907
2026-03-04T14:00:00.000Z,1.1631,1.16461,1.16166,1.16331,24073
2026-03-04T18:00:00.000Z,1.16331,1.16437,1.16234,1.16359,9614
2026-03-04T22:00:00.000Z,1.16282,1.16474,1.16266,1.16281,9102
2026-03-05T02:00:00.000Z,1.16282,1.16318,1.1594,1.15944,13068
2026-03-05T06:00:00.000Z,1.15942,1.16446,1.15814,1.16228,24696
2026-03-05T10:00:00.000Z,1.16227,1.16316,1.15899,1.15974,16987
2026-03-05T14:00:00.000Z,1.15967,1.1609,1.15589,1.15878,30021
2026-03-05T18:00:00.000Z,1.15878,1.16104,1.157,1.16071,20092
2026-03-05T22:00:00.000Z,1.16044,1.16203,1.16031,1.16151,9886
2026-03-06T02:00:00.000Z,1.1615,1.16213,1.16057,1.16064,8708
2026-03-06T06:00:00.000Z,1.16065,1.16182,1.15718,1.15741,16212
2026-03-06T10:00:00.000Z,1.15742,1.15927,1.15507,1.15551,24441
2026-03-06T14:00:00.000Z,1.1555,1.1613,1.1546,1.15958,35416
2026-03-06T18:00:00.000Z,1.15958,1.16214,1.15929,1.16126,18276
2026-03-08T21:00:00.000Z,1.15442,1.15546,1.15161,1.15174,18816
2026-03-09T01:00:00.000Z,1.15175,1.15295,1.15069,1.15258,22105
2026-03-09T05:00:00.000Z,1.15259,1.15715,1.15153,1.15347,30675
2026-03-09T09:00:00.000Z,1.15346,1.15729,1.1531,1.15533,29018
2026-03-09T13:00:00.000Z,1.15533,1.15993,1.15475,1.15875,34310
2026-03-09T17:00:00.000Z,1.15874,1.16336,1.15752,1.16294,22453
2026-03-09T21:00:00.000Z,1.16333,1.16455,1.16114,1.16263,12318
2026-03-10T01:00:00.000Z,1.16258,1.16296,1.16069,1.16118,14388
2026-03-10T05:00:00.000Z,1.16116,1.16636,1.16116,1.16458,18716
2026-03-10T09:00:00.000Z,1.16458,1.1659,1.16204,1.16344,22104
2026-03-10T13:00:00.000Z,1.16344,1.16551,1.16269,1.16517,24882
2026-03-10T17:00:00.000Z,1.16517,1.16674,1.16073,1.16095,25557
2026-03-10T21:00:00.000Z,1.16072,1.16249,1.16028,1.16179,7493
2026-03-11T01:00:00.000Z,1.16179,1.16352,1.16125,1.16336,11109
2026-03-11T05:00:00.000Z,1.16335,1.16453,1.16035,1.16125,17759
2026-03-11T09:00:00.000Z,1.16126,1.16139,1.15775,1.15825,25204
2026-03-11T13:00:00.000Z,1.15813,1.16127,1.1563,1.15709,30024
2026-03-11T17:00:00.000Z,1.15711,1.15764,1.15607,1.15653,14960
2026-03-11T21:00:00.000Z,1.15648,1.15739,1.15339,1.15458,9487
2026-03-12T01:00:00.000Z,1.15459,1.15555,1.15316,1.1533,12029
2026-03-12T05:00:00.000Z,1.15329,1.1556,1.15324,1.15473,14822
2026-03-12T09:00:00.000Z,1.15472,1.15663,1.15326,1.15391,14871
2026-03-12T13:00:00.000Z,1.15392,1.15503,1.15108,1.1522,30015
2026-03-12T17:00:00.000Z,1.1522,1.15318,1.15101,1.15123,15247
2026-03-12T21:00:00.000Z,1.15102,1.15284,1.15101,1.15233,6202
2026-03-13T01:00:00.000Z,1.15233,1.15297,1.14998,1.15032,9259
2026-03-13T05:00:00.000Z,1.15032,1.15065,1.14328,1.14449,16716
2026-03-13T09:00:00.000Z,1.14453,1.14886,1.14453,1.14779,20510
2026-03-13T13:00:00.000Z,1.14782,1.14901,1.14345,1.14421,27437
2026-03-13T17:00:00.000Z,1.1442,1.1446,1.14105,1.14138,13518
2026-03-15T21:00:00.000Z,1.14185,1.14556,1.14185,1.14549,10068
2026-03-16T01:00:00.000Z,1.1455,1.14565,1.14396,1.14415,9673
2026-03-16T05:00:00.000Z,1.14416,1.14453,1.14143,1.14449,12656
2026-03-16T09:00:00.000Z,1.14448,1.14878,1.14409,1.14737,15745
2026-03-16T13:00:00.000Z,1.14738,1.15021,1.14738,1.14936,19001
2026-03-16T17:00:00.000Z,1.14938,1.15248,1.14906,1.15062,13043
2026-03-16T21:00:00.000Z,1.15044,1.15106,1.14891,1.14925,6120
2026-03-17T01:00:00.000Z,1.14926,1.15029,1.14864,1.1497,7782
2026-03-17T05:00:00.000Z,1.1497,1.1518,1.14659,1.15103,12868
2026-03-17T09:00:00.000Z,1.15103,1.15247,1.1504,1.15241,14612
2026-03-17T13:00:00.000Z,1.15243,1.15435,1.15181,1.1528,22414
2026-03-17T17:00:00.000Z,1.15279,1.15472,1.15263,1.15405,8240
2026-03-17T21:00:00.000Z,1.15346,1.15439,1.15321,1.15327,8199
2026-03-18T01:00:00.000Z,1.15326,1.15425,1.1532,1.15416,6145
2026-03-18T05:00:00.000Z,1.15416,1.15492,1.15178,1.15324,9644
2026-03-18T09:00:00.000Z,1.15323,1.15552,1.15057,1.15074,16030
2026-03-18T13:00:00.000Z,1.1508,1.15296,1.14906,1.15107,23707
2026-03-18T17:00:00.000Z,1.15105,1.15252,1.14498,1.14508,18977
2026-03-18T21:00:00.000Z,1.14519,1.14744,1.14509,1.14741,8435
2026-03-19T01:00:00.000Z,1.14742,1.14913,1.14668,1.14688,10719
2026-03-19T05:00:00.000Z,1.14687,1.14768,1.14431,1.1451,17585
2026-03-19T09:00:00.000Z,1.1451,1.14899,1.1451,1.14871,24233
2026-03-19T13:00:00.000Z,1.1487,1.15389,1.14694,1.15359,38002
2026-03-19T17:00:00.000Z,1.15358,1.16162,1.15357,1.15855,20852
2026-03-19T21:00:00.000Z,1.15875,1.15949,1.1571,1.15738,6382
2026-03-20T01:00:00.000Z,1.15739,1.1577,1.15551,1.15557,8413
2026-03-20T05:00:00.000Z,1.15556,1.15808,1.15523,1.15677,12866
2026-03-20T09:00:00.000Z,1.15678,1.158,1.15351,1.15646,20515
2026-03-20T13:00:00.000Z,1.15651,1.15666,1.15247,1.15593,28859
2026-03-20T17:00:00.000Z,1.15598,1.15717,1.15467,1.15705,19497
2026-03-22T21:00:00.000Z,1.15353,1.15647,1.15351,1.15443,11858
2026-03-23T01:00:00.000Z,1.15441,1.15617,1.15427,1.15505,14258
2026-03-23T05:00:00.000Z,1.15506,1.15525,1.15205,1.15297,20396
2026-03-23T09:00:00.000Z,1.15298,1.16193,1.14845,1.16124,40878
2026-03-23T13:00:00.000Z,1.16126,1.16397,1.15765,1.1591,44782
2026-03-23T17:00:00.000Z,1.15913,1.16374,1.15867,1.16096,18530
2026-03-23T21:00:00.000Z,1.16112,1.16176,1.15811,1.15883,9537
2026-03-24T01:00:00.000Z,1.15884,1.1596,1.15755,1.15801,13774
2026-03-24T05:00:00.000Z,1.15801,1.16178,1.15758,1.15882,20999
2026-03-24T09:00:00.000Z,1.15893,1.16005,1.15786,1.15847,19980
2026-03-24T13:00:00.000Z,1.15846,1.16067,1.15672,1.15829,31912
2026-03-24T17:00:00.000Z,1.15827,1.16283,1.1557,1.16061,25150
2026-03-24T21:00:00.000Z,1.16035,1.16306,1.15998,1.16233,9602
2026-03-25T01:00:00.000Z,1.16226,1.16244,1.15973,1.15978,10581
2026-03-25T05:00:00.000Z,1.15977,1.16166,1.1587,1.16027,15350
2026-03-25T09:00:00.000Z,1.16028,1.16136,1.15864,1.15913,19112
2026-03-25T13:00:00.000Z,1.15918,1.15989,1.15553,1.15675,27959
2026-03-25T17:00:00.000Z,1.15676,1.15836,1.15556,1.15577,13685
2026-03-25T21:00:00.000Z,1.15577,1.15647,1.15538,1.15583,5109
2026-03-26T01:00:00.000Z,1.15582,1.15723,1.15546,1.15693,7125
2026-03-26T05:00:00.000Z,1.15695,1.15699,1.15475,1.15598,12883
2026-03-26T09:00:00.000Z,1.15594,1.15651,1.15224,1.1535,15264
2026-03-26T13:00:00.000Z,1.15349,1.15549,1.1531,1.15355,24811
2026-03-26T17:00:00.000Z,1.15356,1.15587,1.15194,1.15288,14221
2026-03-26T21:00:00.000Z,1.15281,1.15402,1.15241,1.15306,7786
2026-03-27T01:00:00.000Z,1.15308,1.15437,1.15297,1.15427,8831
2026-03-27T05:00:00.000Z,1.15427,1.15461,1.15159,1.15209,12160
2026-03-27T09:00:00.000Z,1.15208,1.15261,1.15018,1.1515,14441
2026-03-27T13:00:00.000Z,1.15151,1.15479,1.15141,1.15191,24232
2026-03-27T17:00:00.000Z,1.15191,1.1529,1.15062,1.15118,12061
2026-03-29T21:00:00.000Z,1.15017,1.15127,1.14873,1.15069,9796
2026-03-30T01:00:00.000Z,1.15074,1.15212,1.15013,1.15134,8611
2026-03-30T05:00:00.000Z,1.15135,1.152,1.14906,1.1496,10761
2026-03-30T09:00:00.000Z,1.1496,1.15002,1.1473,1.14826,13206
2026-03-30T13:00:00.000Z,1.14827,1.14878,1.1443,1.14599,19587
2026-03-30T17:00:00.000Z,1.14598,1.14663,1.14537,1.14592,8558
2026-03-30T21:00:00.000Z,1.14554,1.14763,1.1447,1.14746,9218
2026-03-31T01:00:00.000Z,1.14745,1.14908,1.14664,1.14691,11987
2026-03-31T05:00:00.000Z,1.1469,1.14756,1.14608,1.14671,14387
2026-03-31T09:00:00.000Z,1.1467,1.15098,1.14575,1.1503,17240
2026-03-31T13:00:00.000Z,1.15032,1.15596,1.15006,1.15404,29299
2026-03-31T17:00:00.000Z,1.15405,1.15634,1.15384,1.15534,19987
2026-03-31T21:00:00.000Z,1.15532,1.15788,1.15521,1.15744,6209
2026-04-01T01:00:00.000Z,1.15743,1.15755,1.1555,1.15653,9361
2026-04-01T05:00:00.000Z,1.15652,1.16107,1.1562,1.15963,20893
2026-04-01T09:00:00.000Z,1.15964,1.16235,1.15808,1.16046,20679
2026-04-01T13:00:00.000Z,1.1605,1.16271,1.15989,1.16191,23227
2026-04-01T17:00:00.000Z,1.16191,1.16235,1.15763,1.15898,11868
2026-04-01T21:00:00.000Z,1.1584,1.15978,1.15823,1.15956,6396
2026-04-02T01:00:00.000Z,1.15955,1.16054,1.15322,1.15369,22624
2026-04-02T05:00:00.000Z,1.1537,1.15391,1.15152,1.15254,16147
2026-04-02T09:00:00.000Z,1.15254,1.15318,1.1509,1.15245,14936
2026-04-02T13:00:00.000Z,1.15251,1.1564,1.15203,1.15393,28213
2026-04-02T17:00:00.000Z,1.15392,1.15492,1.1532,1.15388,10465
2026-04-02T21:00:00.000Z,1.15355,1.15452,1.15353,1.15382,3228
2026-04-03T01:00:00.000Z,1.1538,1.15398,1.1532,1.15339,3839
2026-04-03T05:00:00.000Z,1.15339,1.15464,1.15293,1.15434,3746
2026-04-03T09:00:00.000Z,1.1543,1.1549,1.15187,1.1531,5703
2026-04-03T13:00:00.000Z,1.1531,1.15387,1.15183,1.15191,8614
2026-04-03T17:00:00.000Z,1.15192,1.15287,1.15101,1.15138,4164
2026-04-05T21:00:00.000Z,1.1519,1.15224,1.15051,1.15117,6960
2026-04-06T01:00:00.000Z,1.15117,1.15288,1.15063,1.15242,7755
2026-04-06T05:00:00.000Z,1.1524,1.15687,1.1522,1.15553,11453
2026-04-06T09:00:00.000Z,1.15552,1.15603,1.15375,1.15532,11275
2026-04-06T13:00:00.000Z,1.15535,1.15715,1.15354,1.1545,19070
2026-04-06T17:00:00.000Z,1.15449,1.15525,1.15341,1.15421,11950
2026-04-06T21:00:00.000Z,1.15409,1.15478,1.15365,1.15375,4947
2026-04-07T01:00:00.000Z,1.15375,1.15401,1.15241,1.15383,6370
2026-04-07T05:00:00.000Z,1.15384,1.15755,1.15301,1.15736,14840
2026-04-07T09:00:00.000Z,1.15736,1.15754,1.15457,1.15604,19270
2026-04-07T13:00:00.000Z,1.15607,1.1583,1.15558,1.15714,22224
2026-04-07T17:00:00.000Z,1.15713,1.1605,1.15664,1.15962,16561
2026-04-07T21:00:00.000Z,1.1594,1.16968,1.15884,1.16716,25509
2026-04-08T01:00:00.000Z,1.16715,1.16883,1.1666,1.16762,16310
2026-04-08T05:00:00.000Z,1.16768,1.17086,1.16689,1.16811,22966
2026-04-08T09:00:00.000Z,1.16815,1.17181,1.16774,1.1714,19980
2026-04-08T13:00:00.000Z,1.17138,1.17217,1.16772,1.16816,26940
2026-04-08T17:00:00.000Z,1.16817,1.16853,1.16434,1.1661,15272
2026-04-08T21:00:00.000Z,1.16578,1.16676,1.16528,1.16571,5347
2026-04-09T01:00:00.000Z,1.16572,1.16709,1.16504,1.16663,7461
2026-04-09T05:00:00.000Z,1.16665,1.16749,1.16542,1.16721,11221
2026-04-09T09:00:00.000Z,1.16721,1.169,1.16685,1.1686,11589
2026-04-09T13:00:00.000Z,1.16864,1.17139,1.16742,1.17105,19947
2026-04-09T17:00:00.000Z,1.17105,1.17234,1.16951,1.1698,10983
2026-04-09T21:00:00.000Z,1.1696,1.17025,1.16855,1.16879,4867
2026-04-10T01:00:00.000Z,1.16882,1.16966,1.16861,1.16919,4924
2026-04-10T05:00:00.000Z,1.16919,1.16935,1.16773,1.16858,8373
2026-04-10T09:00:00.000Z,1.16865,1.17256,1.16847,1.17207,13415
2026-04-10T13:00:00.000Z,1.17207,1.17392,1.17134,1.17203,19491
2026-04-10T17:00:00.000Z,1.17204,1.17353,1.17187,1.17297,10037
2026-04-12T21:00:00.000Z,1.16641,1.16876,1.1664,1.16875,9374
2026-04-13T01:00:00.000Z,1.16876,1.16901,1.16804,1.16861,6219
2026-04-13T05:00:00.000Z,1.1686,1.17001,1.16778,1.16861,10974
2026-04-13T09:00:00.000Z,1.16862,1.16996,1.16805,1.16985,12000
2026-04-13T13:00:00.000Z,1.16984,1.17314,1.16963,1.17249,19386
2026-04-13T17:00:00.000Z,1.1725,1.17654,1.17247,1.17586,9966
2026-04-13T21:00:00.000Z,1.17547,1.17679,1.17507,1.17663,4416
2026-04-14T01:00:00.000Z,1.17664,1.17698,1.17561,1.17668,4335
2026-04-14T05:00:00.000Z,1.17667,1.17967,1.17581,1.17825,12584
2026-04-14T09:00:00.000Z,1.17827,1.18061,1.17818,1.18045,13613
2026-04-14T13:00:00.000Z,1.18045,1.18111,1.17875,1.1794,16811
2026-04-14T17:00:00.000Z,1.17939,1.17994,1.17904,1.17948,6793
2026-04-14T21:00:00.000Z,1.17932,1.18017,1.17874,1.17941,4829
2026-04-15T01:00:00.000Z,1.1794,1.17966,1.17787,1.17885,6176
2026-04-15T05:00:00.000Z,1.17883,1.17993,1.17827,1.17894,11038
2026-04-15T09:00:00.000Z,1.17895,1.17927,1.17719,1.17881,15613
2026-04-15T13:00:00.000Z,1.1788,1.1808,1.1784,1.18008,16109
2026-04-15T17:00:00.000Z,1.18007,1.18047,1.17926,1.17999,8389
2026-04-15T21:00:00.000Z,1.1795,1.18085,1.17944,1.18075,3336
2026-04-16T01:00:00.000Z,1.18074,1.18237,1.17968,1.18094,6527
2026-04-16T05:00:00.000Z,1.18093,1.18099,1.17764,1.17861,11714
2026-04-16T09:00:00.000Z,1.17857,1.17887,1.17724,1.17814,11524
2026-04-16T13:00:00.000Z,1.17817,1.17872,1.17671,1.17748,20567
2026-04-16T17:00:00.000Z,1.17749,1.17857,1.17681,1.17821,9133
2026-04-16T21:00:00.000Z,1.17773,1.17877,1.17769,1.17789,3583
2026-04-17T01:00:00.000Z,1.17789,1.17853,1.1773,1.17825,4698
2026-04-17T05:00:00.000Z,1.17824,1.17956,1.17721,1.17938,10543
2026-04-17T09:00:00.000Z,1.1794,1.18374,1.17909,1.18351,15341
2026-04-17T13:00:00.000Z,1.18356,1.18491,1.17918,1.17988,30580
2026-04-17T17:00:00.000Z,1.17986,1.17986,1.176,1.17629,13268
2026-04-19T21:00:00.000Z,1.17379,1.1757,1.17286,1.17545,9515
2026-04-20T01:00:00.000Z,1.17544,1.17624,1.17506,1.17591,7091
2026-04-20T05:00:00.000Z,1.1759,1.17719,1.1747,1.17611,16694
2026-04-20T09:00:00.000Z,1.1761,1.17755,1.17552,1.1765,12396
2026-04-20T13:00:00.000Z,1.17654,1.17896,1.1761,1.17856,22615
2026-04-20T17:00:00.000Z,1.17858,1.17899,1.17787,1.17866,8768
2026-04-20T21:00:00.000Z,1.17816,1.17909,1.17806,1.17828,4403
2026-04-21T01:00:00.000Z,1.17828,1.17861,1.17732,1.17755,6954
2026-04-21T05:00:00.000Z,1.17755,1.17822,1.17569,1.17653,13251
2026-04-21T09:00:00.000Z,1.17648,1.17684,1.17542,1.17592,13696
2026-04-21T13:00:00.000Z,1.17596,1.17759,1.17404,1.17414,22015
2026-04-21T17:00:00.000Z,1.17414,1.17636,1.17188,1.17417,25316
2026-04-21T21:00:00.000Z,1.17449,1.17514,1.17321,1.17437,4926
2026-04-22T01:00:00.000Z,1.17436,1.17484,1.17375,1.17394,6130
2026-04-22T05:00:00.000Z,1.17395,1.17625,1.1739,1.17537,12884
2026-04-22T09:00:00.000Z,1.17536,1.17573,1.17247,1.17277,14475
2026-04-22T13:00:00.000Z,1.17277,1.17433,1.171,1.17127,20370
2026-04-22T17:00:00.000Z,1.17127,1.17168,1.17029,1.17052,8946
2026-04-22T21:00:00.000Z,1.17038,1.17136,1.16922,1.17116,7578
2026-04-23T01:00:00.000Z,1.17117,1.1713,1.16949,1.17002,10628
2026-04-23T05:00:00.000Z,1.17001,1.17121,1.16952,1.17016,12907
2026-04-23T09:00:00.000Z,1.17015,1.17023,1.16791,1.16921,18209
2026-04-23T13:00:00.000Z,1.16922,1.17165,1.16834,1.17022,21114
2026-04-23T17:00:00.000Z,1.17024,1.17028,1.16691,1.16821,22985
2026-04-23T21:00:00.000Z,1.16857,1.16886,1.16763,1.16853,4162
2026-04-24T01:00:00.000Z,1.16854,1.16891,1.16729,1.1679,7546
2026-04-24T05:00:00.000Z,1.16792,1.16958,1.16761,1.16897,11426
2026-04-24T09:00:00.000Z,1.16899,1.17186,1.16839,1.17087,17197
2026-04-24T13:00:00.000Z,1.17089,1.17198,1.16986,1.17191,22436
2026-04-24T17:00:00.000Z,1.1719,1.17221,1.17109,1.17219,9968
2026-04-26T21:00:00.000Z,1.16956,1.17169,1.16955,1.17158,4179
2026-04-27T01:00:00.000Z,1.17161,1.17325,1.17161,1.17266,7476
2026-04-27T05:00:00.000Z,1.17267,1.17508,1.17167,1.17485,11892
2026-04-27T09:00:00.000Z,1.17486,1.17549,1.17378,1.17444,11639
2026-04-27T13:00:00.000Z,1.17444,1.1754,1.17251,1.1726,15994
2026-04-27T17:00:00.000Z,1.17261,1.17299,1.17188,1.17212,8574
2026-04-27T21:00:00.000Z,1.17206,1.17269,1.17171,1.17189,3925
2026-04-28T01:00:00.000Z,1.17188,1.17188,1.17076,1.17124,6897
2026-04-28T05:00:00.000Z,1.17125,1.17133,1.1686,1.17021,14131
2026-04-28T09:00:00.000Z,1.1702,1.17021,1.16774,1.16968,18439
2026-04-28T13:00:00.000Z,1.16967,1.17168,1.16885,1.17105,22878
2026-04-28T17:00:00.000Z,1.17104,1.17178,1.17065,1.17134,9784
2026-04-28T21:00:00.000Z,1.17102,1.17205,1.17102,1.17156,2944
2026-04-29T01:00:00.000Z,1.17154,1.17168,1.17043,1.17054,7077
2026-04-29T05:00:00.000Z,1.17053,1.17081,1.16936,1.17001,12336
2026-04-29T09:00:00.000Z,1.17001,1.17095,1.16935,1.16989,13465
2026-04-29T13:00:00.000Z,1.1699,1.17041,1.16823,1.16847,23140
2026-04-29T17:00:00.000Z,1.16847,1.16908,1.16613,1.16728,19111
2026-04-29T21:00:00.000Z,1.16723,1.16892,1.16695,1.16791,6477
2026-04-30T01:00:00.000Z,1.1679,1.16818,1.1655,1.16601,10774
2026-04-30T05:00:00.000Z,1.16601,1.16976,1.16578,1.16801,18461
2026-04-30T09:00:00.000Z,1.16785,1.17196,1.16732,1.16927,34536
2026-04-30T13:00:00.000Z,1.16926,1.17358,1.16818,1.17255,32177
2026-04-30T17:00:00.000Z,1.17257,1.17416,1.1722,1.17324,14486
2026-04-30T21:00:00.000Z,1.17271,1.17348,1.17241,1.17275,5292
2026-05-01T01:00:00.000Z,1.17276,1.17364,1.17251,1.17267,5953
2026-05-01T05:00:00.000Z,1.17269,1.17481,1.17188,1.17435,15460
2026-05-01T09:00:00.000Z,1.17437,1.17689,1.17307,1.17575,14523
2026-05-01T13:00:00.000Z,1.17571,1.17852,1.17377,1.17381,23046
2026-05-01T17:00:00.000Z,1.17377,1.17403,1.17152,1.17198,12216
2026-05-03T21:00:00.000Z,1.17449,1.17485,1.17215,1.1727,6507
2026-05-04T01:00:00.000Z,1.17269,1.17389,1.17199,1.17291,11143
2026-05-04T05:00:00.000Z,1.17287,1.17372,1.17114,1.17191,13036
2026-05-04T09:00:00.000Z,1.17195,1.17237,1.16888,1.1709,21506
2026-05-04T13:00:00.000Z,1.17091,1.17179,1.16809,1.16822,26613
2026-05-04T17:00:00.000Z,1.16823,1.17023,1.16818,1.16908,14259
2026-05-04T21:00:00.000Z,1.16872,1.16938,1.1685,1.16863,2678
2026-05-05T01:00:00.000Z,1.16863,1.16915,1.16768,1.16775,5963
2026-05-05T05:00:00.000Z,1.16776,1.16967,1.16764,1.16886,14625
2026-05-05T09:00:00.000Z,1.16886,1.16979,1.16811,1.16925,16920
2026-05-05T13:00:00.000Z,1.16924,1.17137,1.16915,1.16993,19499
2026-05-05T17:00:00.000Z,1.16994,1.17042,1.16919,1.16938,8902
2026-05-05T21:00:00.000Z,1.16919,1.17255,1.16916,1.17202,6995
2026-05-06T01:00:00.000Z,1.17199,1.17429,1.17156,1.1737,11127
2026-05-06T05:00:00.000Z,1.1737,1.17706,1.17244,1.17628,18235
2026-05-06T09:00:00.000Z,1.17624,1.17967,1.17516,1.17536,25511
2026-05-06T13:00:00.000Z,1.17532,1.17629,1.17418,1.17443,22771
2026-05-06T17:00:00.000Z,1.17443,1.17557,1.17426,1.17465,11020
2026-05-06T21:00:00.000Z,1.17436,1.1754,1.17434,1.17486,4997
2026-05-07T01:00:00.000Z,1.17485,1.17633,1.17463,1.17507,9061
2026-05-07T05:00:00.000Z,1.17506,1.17742,1.1745,1.17717,17234
2026-05-07T09:00:00.000Z,1.17716,1.17782,1.17623,1.1773,15878
2026-05-07T13:00:00.000Z,1.17729,1.17779,1.17563,1.17604,23076
2026-05-07T17:00:00.000Z,1.17605,1.17609,1.17285,1.1729,21563
2026-05-07T21:00:00.000Z,1.17247,1.17347,1.17225,1.17269,6222
2026-05-08T01:00:00.000Z,1.17271,1.17358,1.17244,1.17352,9123
2026-05-08T05:00:00.000Z,1.17353,1.17659,1.17328,1.17637,14063
2026-05-08T09:00:00.000Z,1.17638,1.17788,1.17565,1.17739,14821
2026-05-08T13:00:00.000Z,1.1774,1.1787,1.17664,1.17712,20288
2026-05-08T17:00:00.000Z,1.1771,1.17877,1.17706,1.1787,9777
2026-05-10T21:00:00.000Z,1.17464,1.17721,1.17453,1.17699,5523
2026-05-11T01:00:00.000Z,1.17698,1.1771,1.17501,1.17505,6683
2026-05-11T05:00:00.000Z,1.17504,1.17822,1.17486,1.17714,10658
2026-05-11T09:00:00.000Z,1.17715,1.17747,1.17634,1.17745,12660
2026-05-11T13:00:00.000Z,1.17744,1.17878,1.17723,1.17732,18150
2026-05-11T17:00:00.000Z,1.17734,1.17828,1.17708,1.17807,7549
2026-05-11T21:00:00.000Z,1.17794,1.17878,1.17661,1.17668,3207
2026-05-12T01:00:00.000Z,1.17662,1.17688,1.17545,1.17571,8385
2026-05-12T05:00:00.000Z,1.17572,1.17676,1.17394,1.17448,15890
2026-05-12T09:00:00.000Z,1.17446,1.17517,1.17348,1.17477,15717
2026-05-12T13:00:00.000Z,1.17477,1.175,1.17214,1.17283,22902
2026-05-12T17:00:00.000Z,1.17283,1.17468,1.17273,1.17399,10605
2026-05-12T21:00:00.000Z,1.17336,1.17412,1.17327,1.1738,3452
2026-05-13T01:00:00.000Z,1.17381,1.17418,1.17319,1.17345,6252
2026-05-13T05:00:00.000Z,1.17344,1.1737,1.17003,1.17027,11004
2026-05-13T09:00:00.000Z,1.17028,1.17173,1.16955,1.17018,15249
2026-05-13T13:00:00.000Z,1.17019,1.17179,1.1701,1.17086,19137
2026-05-13T17:00:00.000Z,1.17086,1.17134,1.1704,1.17129,8402
2026-05-13T21:00:00.000Z,1.1707,1.17186,1.1707,1.17171,3656
2026-05-14T01:00:00.000Z,1.1717,1.17176,1.17097,1.17144,7463
2026-05-14T05:00:00.000Z,1.17145,1.17215,1.17048,1.1711,12148
2026-05-14T09:00:00.000Z,1.17112,1.17131,1.16962,1.16972,13082
2026-05-14T13:00:00.000Z,1.16971,1.17001,1.16708,1.16764,21257
2026-05-14T17:00:00.000Z,1.16764,1.16806,1.16656,1.16686,10284
2026-05-14T21:00:00.000Z,1.16669,1.16724,1.1652,1.16553,4744
2026-05-15T01:00:00.000Z,1.16552,1.16574,1.16457,1.16473,9736
2026-05-15T05:00:00.000Z,1.16473,1.1649,1.16305,1.16329,18145
2026-05-15T09:00:00.000Z,1.1633,1.16555,1.16173,1.16263,20809
2026-05-15T13:00:00.000Z,1.16263,1.16377,1.16189,1.163,22783
2026-05-15T17:00:00.000Z,1.16299,1.16356,1.16169,1.16233,11636
2026-05-17T21:00:00.000Z,1.16171,1.16245,1.16083,1.16116,7405
2026-05-18T01:00:00.000Z,1.16118,1.16262,1.16083,1.16207,10513
2026-05-18T05:00:00.000Z,1.16208,1.16452,1.16166,1.16416,14894
2026-05-18T09:00:00.000Z,1.16416,1.16575,1.16263,1.16513,17227
2026-05-18T13:00:00.000Z,1.16511,1.16562,1.16333,1.16515,25051
2026-05-18T17:00:00.000Z,1.1651,1.16606,1.16286,1.16546,15750
2026-05-18T21:00:00.000Z,1.16552,1.16621,1.16438,1.16444,5030
2026-05-19T01:00:00.000Z,1.16444,1.16525,1.16353,1.16366,10181
2026-05-19T05:00:00.000Z,1.16366,1.16457,1.16223,1.16233,15188
2026-05-19T09:00:00.000Z,1.16233,1.16266,1.1611,1.1617,17869
2026-05-19T13:00:00.000Z,1.16165,1.1618,1.15921,1.1607,26957
2026-05-19T17:00:00.000Z,1.16069,1.16148,1.16026,1.1605,10261
2026-05-19T21:00:00.000Z,1.16038,1.16127,1.15965,1.16013,5473
2026-05-20T01:00:00.000Z,1.16012,1.16065,1.15934,1.15972,12406
2026-05-20T05:00:00.000Z,1.15973,1.1606,1.15834,1.15903,15023
2026-05-20T09:00:00.000Z,1.15902,1.16055,1.15874,1.15953,12447
2026-05-20T13:00:00.000Z,1.15952,1.16449,1.15826,1.16255,29662
2026-05-20T17:00:00.000Z,1.16256,1.16356,1.16159,1.16256,13708
2026-05-20T21:00:00.000Z,1.16215,1.16291,1.16197,1.16285,4874
2026-05-21T01:00:00.000Z,1.16286,1.16352,1.16156,1.16221,8841
2026-05-21T05:00:00.000Z,1.16222,1.16354,1.15941,1.16235,17023
2026-05-21T09:00:00.000Z,1.16236,1.16335,1.15929,1.15973,20275
2026-05-21T13:00:00.000Z,1.15971,1.16008,1.15762,1.15953,23588
2026-05-21T17:00:00.000Z,1.15953,1.16301,1.15927,1.16176,20207
2026-05-21T21:00:00.000Z,1.16186,1.16201,1.16123,1.16144,3340
2026-05-22T01:00:00.000Z,1.16144,1.16158,1.16087,1.16152,5778
2026-05-22T05:00:00.000Z,1.16151,1.16167,1.16013,1.16078,11837
2026-05-22T09:00:00.000Z,1.16078,1.16081,1.15933,1.16045,13992
2026-05-22T13:00:00.000Z,1.16043,1.16183,1.15883,1.16112,18883
2026-05-22T17:00:00.000Z,1.16113,1.1619,1.15978,1.16024,10491
2026-05-24T21:00:00.000Z,1.16363,1.16487,1.16285,1.16365,6568
2026-05-25T01:00:00.000Z,1.16367,1.1647,1.16354,1.1642,7522
2026-05-25T05:00:00.000Z,1.16421,1.16453,1.16295,1.16437,10652
2026-05-25T09:00:00.000Z,1.16437,1.16528,1.16402,1.16483,8337
2026-05-25T13:00:00.000Z,1.16483,1.16497,1.16367,1.16411,9482
2026-05-25T17:00:00.000Z,1.16411,1.16441,1.16402,1.1643,3169
2026-05-25T21:00:00.000Z,1.16387,1.16433,1.16334,1.16387,4528
2026-05-26T01:00:00.000Z,1.16386,1.16396,1.16291,1.16294,6522
2026-05-26T05:00:00.000Z,1.16293,1.16421,1.1624,1.16365,10145
2026-05-26T09:00:00.000Z,1.16364,1.16449,1.16311,1.16319,10829
2026-05-26T13:00:00.000Z,1.16318,1.16331,1.16163,1.16239,16100
2026-05-26T17:00:00.000Z,1.16238,1.16329,1.16213,1.16311,6380
2026-05-26T21:00:00.000Z,1.16283,1.16405,1.16256,1.1638,3971
2026-05-27T01:00:00.000Z,1.16378,1.16424,1.16326,1.16412,6003
2026-05-27T05:00:00.000Z,1.16411,1.16492,1.16373,1.16449,10389
2026-05-27T09:00:00.000Z,1.16447,1.16611,1.16328,1.16438,14743
2026-05-27T13:00:00.000Z,1.16439,1.16522,1.16226,1.16323,23665
2026-05-27T17:00:00.000Z,1.16324,1.16329,1.16222,1.16262,8607
2026-05-27T21:00:00.000Z,1.16247,1.16303,1.16158,1.16206,4572
2026-05-28T01:00:00.000Z,1.16205,1.16211,1.15863,1.15918,9761
2026-05-28T05:00:00.000Z,1.15919,1.16177,1.15889,1.16156,10878
2026-05-28T09:00:00.000Z,1.16155,1.16382,1.16035,1.16365,13119
2026-05-28T13:00:00.000Z,1.16368,1.16612,1.1627,1.16569,22598
2026-05-28T17:00:00.000Z,1.16568,1.16574,1.16448,1.16489,10016
2026-05-28T21:00:00.000Z,1.16515,1.16555,1.16475,1.16488,3983
2026-05-29T01:00:00.000Z,1.16488,1.16565,1.16341,1.16391,8836
2026-05-29T05:00:00.000Z,1.16392,1.16544,1.16249,1.16281,11190
2026-05-29T09:00:00.000Z,1.16281,1.16491,1.16266,1.16489,12606
2026-05-29T13:00:00.000Z,1.1649,1.16859,1.16404,1.1672,20985
2026-05-29T17:00:00.000Z,1.16721,1.16733,1.16593,1.16593,10601
2026-05-31T21:00:00.000Z,1.16518,1.16601,1.16447,1.16477,8135
2026-06-01T01:00:00.000Z,1.16478,1.16489,1.16416,1.16479,6949
2026-06-01T05:00:00.000Z,1.1648,1.16648,1.16478,1.1658,10517
2026-06-01T09:00:00.000Z,1.16578,1.16607,1.16417,1.16473,10787
2026-06-01T13:00:00.000Z,1.16473,1.16482,1.16044,1.16297,25575
2026-06-01T17:00:00.000Z,1.163,1.16378,1.16252,1.16312,7665
2026-06-01T21:00:00.000Z,1.16281,1.16363,1.16255,1.16312,4229
2026-06-02T01:00:00.000Z,1.16313,1.16388,1.16285,1.16376,6589
2026-06-02T05:00:00.000Z,1.16377,1.16525,1.16362,1.16437,8946
2026-06-02T09:00:00.000Z,1.16436,1.16556,1.16383,1.16503,9867
2026-06-02T13:00:00.000Z,1.16504,1.16522,1.16268,1.16285,15660
2026-06-02T17:00:00.000Z,1.16284,1.16347,1.16134,1.16302,6010
2026-06-02T21:00:00.000Z,1.16247,1.16312,1.16198,1.16288,4353
2026-06-03T01:00:00.000Z,1.16289,1.16334,1.16243,1.16256,6274
2026-06-03T05:00:00.000Z,1.16256,1.1627,1.16051,1.16082,12478
2026-06-03T09:00:00.000Z,1.16082,1.16229,1.15966,1.16004,12896
2026-06-03T13:00:00.000Z,1.16005,1.1613,1.15949,1.16002,19285
2026-06-03T17:00:00.000Z,1.16006,1.16035,1.15954,1.15985,7345
2026-06-03T21:00:00.000Z,1.15972,1.16124,1.15944,1.16068,5327
2026-06-04T01:00:00.000Z,1.16067,1.16129,1.16025,1.16097,7696
2026-06-04T05:00:00.000Z,1.16095,1.1615,1.15985,1.16132,10727
2026-06-04T09:00:00.000Z,1.1613,1.16452,1.16129,1.1637,15326
2026-06-04T13:00:00.000Z,1.1637,1.164,1.16223,1.16234,15035
2026-06-04T17:00:00.000Z,1.16233,1.1624,1.16078,1.1611,6344
2026-06-04T21:00:00.000Z,1.1611,1.16152,1.16099,1.16128,3927
2026-06-05T01:00:00.000Z,1.16128,1.16168,1.16095,1.16161,9163
2026-06-05T05:00:00.000Z,1.1616,1.16399,1.1613,1.16366,9752
2026-06-05T09:00:00.000Z,1.16366,1.16444,1.15863,1.15864,14267
2026-06-05T13:00:00.000Z,1.15865,1.15995,1.15224,1.15321,28517
2026-06-05T17:00:00.000Z,1.15322,1.15329,1.15177,1.1522,14719
2026-06-07T21:00:00.000Z,1.15081,1.15336,1.15061,1.15333,7377
2026-06-08T01:00:00.000Z,1.1533,1.15347,1.15116,1.15314,12334
2026-06-08T05:00:00.000Z,1.15315,1.15397,1.15079,1.15083,15900
2026-06-08T09:00:00.000Z,1.15082,1.15439,1.14997,1.15421,19296
2026-06-08T13:00:00.000Z,1.15426,1.15547,1.15318,1.15389,20775
2026-06-08T17:00:00.000Z,1.15389,1.15421,1.15275,1.15312,11095
2026-06-08T21:00:00.000Z,1.15358,1.15377,1.15268,1.15313,4649
2026-06-09T01:00:00.000Z,1.15314,1.15482,1.15304,1.15455,9194
2026-06-09T05:00:00.000Z,1.15456,1.15534,1.15365,1.15507,12819
2026-06-09T09:00:00.000Z,1.15508,1.1575,1.15503,1.15735,9771
2026-06-09T13:00:00.000Z,1.15743,1.1578,1.15286,1.15409,26187
2026-06-09T17:00:00.000Z,1.15412,1.15531,1.15395,1.15432,13638
2026-06-09T21:00:00.000Z,1.15417,1.15432,1.15329,1.15422,6790
2026-06-10T01:00:00.000Z,1.15424,1.1552,1.15352,1.15464,11114
2026-06-10T05:00:00.000Z,1.15464,1.15586,1.15452,1.15535,13634
2026-06-10T09:00:00.000Z,1.15536,1.15647,1.15355,1.15485,18452
2026-06-10T13:00:00.000Z,1.15484,1.15731,1.15344,1.15539,27064
2026-06-10T17:00:00.000Z,1.15539,1.15577,1.15348,1.15354,13565
2026-06-10T21:00:00.000Z,1.15339,1.1543,1.15257,1.15424,10595
2026-06-11T01:00:00.000Z,1.15425,1.1556,1.15414,1.15483,12444
2026-06-11T05:00:00.000Z,1.15484,1.15555,1.15306,1.15321,12415
2026-06-11T09:00:00.000Z,1.15322,1.15435,1.15165,1.15398,15849
2026-06-11T13:00:00.000Z,1.15398,1.15405,1.15071,1.1509,23110
2026-06-11T17:00:00.000Z,1.15089,1.15895,1.15029,1.15782,26941
2026-06-11T21:00:00.000Z,1.15769,1.15865,1.15661,1.15696,7923
2026-06-12T01:00:00.000Z,1.15697,1.15752,1.15616,1.15715,11730
2026-06-12T05:00:00.000Z,1.15715,1.15855,1.15571,1.15768,16608
2026-06-12T09:00:00.000Z,1.15768,1.15895,1.15602,1.15635,15788
2026-06-12T13:00:00.000Z,1.15635,1.15836,1.15618,1.15747,23482
2026-06-12T17:00:00.000Z,1.15746,1.15785,1.15662,1.15675,9255
2026-06-14T21:00:00.000Z,1.15735,1.16175,1.15728,1.15989,11079
2026-06-15T01:00:00.000Z,1.15988,1.16135,1.15941,1.16126,6865
2026-06-15T05:00:00.000Z,1.16129,1.16219,1.15971,1.16016,11586
2026-06-15T09:00:00.000Z,1.16016,1.16198,1.16005,1.16154,10188
2026-06-15T13:00:00.000Z,1.16153,1.16205,1.15966,1.16035,15139
2026-06-15T17:00:00.000Z,1.16036,1.1604,1.15835,1.15881,7736
2026-06-15T21:00:00.000Z,1.1587,1.15945,1.15854,1.1593,3807
2026-06-16T01:00:00.000Z,1.15929,1.15951,1.15755,1.1579,7071
2026-06-16T05:00:00.000Z,1.15789,1.16065,1.15748,1.16056,10219
2026-06-16T09:00:00.000Z,1.16055,1.16129,1.15912,1.15996,10268
2026-06-16T13:00:00.000Z,1.15994,1.16197,1.15878,1.16132,17570
2026-06-16T17:00:00.000Z,1.16132,1.16139,1.16057,1.16083,7518
2026-06-16T21:00:00.000Z,1.16067,1.16164,1.16063,1.16146,4383
2026-06-17T01:00:00.000Z,1.16147,1.16161,1.16082,1.16123,5585
2026-06-17T05:00:00.000Z,1.16124,1.16151,1.1598,1.1602,9846
2026-06-17T09:00:00.000Z,1.16018,1.16059,1.15853,1.16022,10203
2026-06-17T13:00:00.000Z,1.1602,1.16028,1.15808,1.15916,14712
2026-06-17T17:00:00.000Z,1.15912,1.15962,1.14778,1.15008,33228
2026-06-17T21:00:00.000Z,1.14999,1.15207,1.14997,1.15155,8725
2026-06-18T01:00:00.000Z,1.15154,1.15264,1.1513,1.15231,9761
2026-06-18T05:00:00.000Z,1.15232,1.15282,1.14821,1.14826,16219
2026-06-18T09:00:00.000Z,1.1483,1.14858,1.14533,1.14694,20934
2026-06-18T13:00:00.000Z,1.14693,1.14875,1.14615,1.14652,23135
2026-06-18T17:00:00.000Z,1.14655,1.14736,1.14513,1.14574,13592
2026-06-18T21:00:00.000Z,1.14583,1.14657,1.14563,1.14616,5813
2026-06-19T01:00:00.000Z,1.14618,1.14634,1.14273,1.14287,9959
2026-06-19T05:00:00.000Z,1.14285,1.14659,1.14178,1.14644,15746
2026-06-19T09:00:00.000Z,1.14645,1.14747,1.14524,1.14711,12270
2026-06-19T13:00:00.000Z,1.14715,1.14762,1.14567,1.14687,10892
2026-06-19T17:00:00.000Z,1.14692,1.14806,1.14675,1.14711,5765
2026-06-21T21:00:00.000Z,1.14611,1.14671,1.14539,1.14665,7718
2026-06-22T01:00:00.000Z,1.14673,1.14738,1.14526,1.14561,11064
2026-06-22T05:00:00.000Z,1.14563,1.14633,1.14414,1.14508,14225
2026-06-22T09:00:00.000Z,1.14513,1.14636,1.14474,1.14549,13149
2026-06-22T13:00:00.000Z,1.14548,1.14551,1.14254,1.1431,21812
2026-06-22T17:00:00.000Z,1.1431,1.14335,1.1419,1.14278,7363
2026-06-22T21:00:00.000Z,1.14212,1.14293,1.1421,1.14269,4934
2026-06-23T01:00:00.000Z,1.14271,1.1432,1.14185,1.1421,10128
2026-06-23T05:00:00.000Z,1.14209,1.14391,1.14047,1.14082,15286
2026-06-23T09:00:00.000Z,1.14081,1.14127,1.13827,1.13888,14923
2026-06-23T13:00:00.000Z,1.13891,1.14,1.13757,1.13795,19745
2026-06-23T17:00:00.000Z,1.13794,1.13828,1.13761,1.13808,6979
2026-06-23T21:00:00.000Z,1.13821,1.13836,1.13731,1.13764,7057
2026-06-24T01:00:00.000Z,1.13762,1.13769,1.13611,1.1363,11383
2026-06-24T05:00:00.000Z,1.13631,1.13753,1.13377,1.13527,14095
2026-06-24T09:00:00.000Z,1.13526,1.13536,1.13253,1.1329,15820
2026-06-24T13:00:00.000Z,1.13291,1.13679,1.13245,1.13596,22824
2026-06-24T17:00:00.000Z,1.13595,1.13613,1.13489,1.1359,11464
2026-06-24T21:00:00.000Z,1.13575,1.13609,1.13474,1.13534,4740
2026-06-25T01:00:00.000Z,1.13536,1.13711,1.13533,1.13672,10872
2026-06-25T05:00:00.000Z,1.1367,1.13724,1.13446,1.13676,13173
2026-06-25T09:00:00.000Z,1.1368,1.13739,1.13332,1.13535,14487
2026-06-25T13:00:00.000Z,1.13534,1.1388,1.13493,1.1374,25130
2026-06-25T17:00:00.000Z,1.13739,1.13806,1.13685,1.13708,9939
2026-06-25T21:00:00.000Z,1.13694,1.13732,1.13602,1.13649,7927
2026-06-26T01:00:00.000Z,1.13648,1.13772,1.13542,1.1377,13323
2026-06-26T05:00:00.000Z,1.13771,1.14076,1.13713,1.14013,15463
2026-06-26T09:00:00.000Z,1.14013,1.1434,1.13938,1.1427,14306
2026-06-26T13:00:00.000Z,1.14273,1.14299,1.13829,1.13899,22419
2026-06-26T17:00:00.000Z,1.139,1.13931,1.13809,1.13813,8341
2026-06-28T21:00:00.000Z,1.13846,1.13893,1.13786,1.13876,6156
2026-06-29T01:00:00.000Z,1.13874,1.13934,1.13809,1.13827,10793
2026-06-29T05:00:00.000Z,1.13826,1.14151,1.13824,1.13959,12758
2026-06-29T09:00:00.000Z,1.13963,1.14116,1.13943,1.14027,12987
2026-06-29T13:00:00.000Z,1.14029,1.14306,1.14005,1.14258,17062
2026-06-29T17:00:00.000Z,1.14261,1.1429,1.14213,1.14233,6322
2026-06-29T21:00:00.000Z,1.14208,1.14256,1.14123,1.14162,5281
2026-06-30T01:00:00.000Z,1.14163,1.14172,1.1389,1.13891,9998
2026-06-30T05:00:00.000Z,1.13892,1.14094,1.13823,1.13937,15050
2026-06-30T09:00:00.000Z,1.13937,1.14028,1.13864,1.13961,12290
2026-06-30T13:00:00.000Z,1.13961,1.14367,1.1391,1.14141,20433
2026-06-30T17:00:00.000Z,1.14146,1.14273,1.14143,1.14217,7105
2026-06-30T21:00:00.000Z,1.14218,1.14229,1.14084,1.14095,4859
2026-07-01T01:00:00.000Z,1.14096,1.14109,1.14016,1.14086,9774
2026-07-01T05:00:00.000Z,1.14086,1.14106,1.1393,1.13965,12309
2026-07-01T09:00:00.000Z,1.13966,1.14004,1.1369,1.13709,12974
2026-07-01T13:00:00.000Z,1.1371,1.14118,1.13617,1.13822,28050
2026-07-01T17:00:00.000Z,1.13823,1.1386,1.13736,1.13763,7673
2026-07-01T21:00:00.000Z,1.13763,1.13832,1.13751,1.13766,4327
2026-07-02T01:00:00.000Z,1.13765,1.13884,1.1376,1.13867,8929
2026-07-02T05:00:00.000Z,1.13868,1.14208,1.13814,1.14202,16972
2026-07-02T09:00:00.000Z,1.14201,1.14727,1.13953,1.14515,18222
2026-07-02T13:00:00.000Z,1.14514,1.14583,1.14337,1.14377,27870
2026-07-02T17:00:00.000Z,1.14376,1.14376,1.14263,1.14338,8295
2026-07-02T21:00:00.000Z,1.14312,1.14358,1.14204,1.14306,6031
2026-07-03T01:00:00.000Z,1.14311,1.14461,1.14299,1.14461,10389
2026-07-03T05:00:00.000Z,1.14462,1.14624,1.14453,1.14528,12146
2026-07-03T09:00:00.000Z,1.14526,1.14571,1.14403,1.1447,8883
2026-07-03T13:00:00.000Z,1.14469,1.14479,1.1435,1.14377,7928
2026-07-03T17:00:00.000Z,1.14376,1.1442,1.14329,1.14353,10864
2026-07-05T21:00:00.000Z,1.1433,1.14412,1.1432,1.14383,7226
2026-07-06T01:00:00.000Z,1.14384,1.14387,1.14273,1.14329,9295
2026-07-06T05:00:00.000Z,1.1433,1.14332,1.14152,1.14206,12584
2026-07-06T09:00:00.000Z,1.14205,1.14213,1.14096,1.14131,9864
2026-07-06T13:00:00.000Z,1.14132,1.1432,1.14085,1.14306,13019
2026-07-06T17:00:00.000Z,1.14306,1.14449,1.14301,1.14404,5509
2026-07-06T21:00:00.000Z,1.14407,1.14479,1.14379,1.14384,4930
2026-07-07T01:00:00.000Z,1.14385,1.14474,1.14353,1.14355,8576
2026-07-07T05:00:00.000Z,1.14356,1.14373,1.14248,1.14278,11427
2026-07-07T09:00:00.000Z,1.14283,1.14422,1.14234,1.14365,10983
2026-07-07T13:00:00.000Z,1.14366,1.14419,1.1418,1.14234,17256
2026-07-07T17:00:00.000Z,1.14233,1.143,1.14083,1.14107,10002
2026-07-07T21:00:00.000Z,1.14114,1.14131,1.14001,1.14078,5651
2026-07-08T01:00:00.000Z,1.14079,1.14165,1.13984,1.14145,9611
2026-07-08T05:00:00.000Z,1.14144,1.14315,1.14006,1.14103,16545
2026-07-08T09:00:00.000Z,1.14101,1.14146,1.13929,1.13961,15968
2026-07-08T13:00:00.000Z,1.13957,1.14148,1.13913,1.14141,20341
2026-07-08T17:00:00.000Z,1.14142,1.14304,1.14142,1.14166,9271
2026-07-08T21:00:00.000Z,1.14172,1.14301,1.14148,1.14257,4419
2026-07-09T01:00:00.000Z,1.14258,1.14302,1.14199,1.14268,8672
2026-07-09T05:00:00.000Z,1.14266,1.14494,1.14254,1.14267,12368
2026-07-09T09:00:00.000Z,1.14266,1.14359,1.14211,1.14247,11360
2026-07-09T13:00:00.000Z,1.14246,1.1446,1.14237,1.14368,14341
2026-07-09T17:00:00.000Z,1.14368,1.14407,1.14254,1.14289,5109
2026-07-09T21:00:00.000Z,1.14298,1.14421,1.14263,1.14402,4043
2026-07-10T01:00:00.000Z,1.14402,1.14607,1.14378,1.14427,12278
2026-07-10T05:00:00.000Z,1.14428,1.14475,1.14303,1.14305,12544
2026-07-10T09:00:00.000Z,1.14306,1.14418,1.14231,1.14291,11658
2026-07-10T13:00:00.000Z,1.14291,1.14412,1.14121,1.14295,17073
2026-07-10T17:00:00.000Z,1.14294,1.14311,1.14114,1.14141,7999
2026-07-12T21:00:00.000Z,1.1401,1.14052,1.13886,1.13955,7343
2026-07-13T01:00:00.000Z,1.1395,1.14051,1.13843,1.14038,9614
2026-07-13T05:00:00.000Z,1.1404,1.14458,1.13958,1.1436,17270
2026-07-13T09:00:00.000Z,1.14358,1.14374,1.14204,1.14308,13222
2026-07-13T13:00:00.000Z,1.14314,1.14332,1.13828,1.13887,20395
2026-07-13T17:00:00.000Z,1.1389,1.13907,1.13773,1.13789,8122
2026-07-13T21:00:00.000Z,1.13799,1.13894,1.13782,1.13848,8031
2026-07-14T01:00:00.000Z,1.13845,1.13966,1.13845,1.13906,12597
2026-07-14T05:00:00.000Z,1.13908,1.14059,1.13841,1.13996,14015
2026-07-14T09:00:00.000Z,1.13995,1.14625,1.13898,1.1446,18424
2026-07-14T13:00:00.000Z,1.1446,1.1459,1.14241,1.14319,25963
2026-07-14T17:00:00.000Z,1.1432,1.14335,1.1416,1.14207,9611
2026-07-14T21:00:00.000Z,1.14193,1.14341,1.14172,1.1433,4917
2026-07-15T01:00:00.000Z,1.14332,1.14423,1.14323,1.14369,8442
2026-07-15T05:00:00.000Z,1.1437,1.14438,1.14198,1.14243,12335
2026-07-15T09:00:00.000Z,1.14248,1.14302,1.14061,1.14282,14330
2026-07-15T13:00:00.000Z,1.14283,1.14422,1.14236,1.14421,20863
2026-07-15T17:00:00.000Z,1.14422,1.14823,1.1442,1.14634,12899
2026-07-15T21:00:00.000Z,1.14631,1.14745,1.14594,1.14738,5271
2026-07-16T01:00:00.000Z,1.14737,1.1474,1.146,1.1466,8587
2026-07-16T05:00:00.000Z,1.14662,1.14762,1.1462,1.14659,13252
2026-07-16T09:00:00.000Z,1.14658,1.14707,1.1447,1.14476,14605
2026-07-16T13:00:00.000Z,1.14478,1.14591,1.14342,1.14348,18204
2026-07-16T17:00:00.000Z,1.14349,1.1444,1.14312,1.14433,7998
2026-07-16T21:00:00.000Z,1.14402,1.14468,1.14401,1.14468,4451
2026-07-17T01:00:00.000Z,1.14467,1.14482,1.14345,1.14361,8323
2026-07-17T05:00:00.000Z,1.14362,1.14522,1.14356,1.14411,12227
2026-07-17T09:00:00.000Z,1.14408,1.14424,1.14245,1.1429,11957
2026-07-17T13:00:00.000Z,1.14291,1.14445,1.14244,1.14383,16739
2026-07-17T17:00:00.000Z,1.14383,1.14423,1.14332,1.14376,6912
2026-07-19T21:00:00.000Z,1.14243,1.14335,1.14236,1.14333,5995
2026-07-20T01:00:00.000Z,1.14335,1.14451,1.14312,1.14444,6960
2026-07-20T05:00:00.000Z,1.14445,1.14495,1.14341,1.1439,10002
2026-07-20T09:00:00.000Z,1.14389,1.14404,1.14169,1.14236,12657
2026-07-20T13:00:00.000Z,1.14239,1.14246,1.14025,1.14115,14927
2026-07-20T17:00:00.000Z,1.14116,1.14189,1.14112,1.14131,7385
2026-07-20T21:00:00.000Z,1.14134,1.14183,1.14087,1.14132,4277
2026-07-21T01:00:00.000Z,1.14133,1.14181,1.14087,1.14177,6703
2026-07-21T05:00:00.000Z,1.14176,1.14276,1.14157,1.14207,10184
2026-07-21T09:00:00.000Z,1.14208,1.14286,1.14133,1.14171,10623
2026-07-21T13:00:00.000Z,1.14172,1.14195,1.14026,1.14081,14753
2026-07-21T17:00:00.000Z,1.1408,1.14106,1.13985,1.13985,6997
2026-07-21T21:00:00.000Z,1.1397,1.14071,1.13964,1.14039,4367
2026-07-22T01:00:00.000Z,1.14041,1.14101,1.13986,1.14083,7087
2026-07-22T05:00:00.000Z,1.14084,1.14181,1.14034,1.141,10966
2026-07-22T09:00:00.000Z,1.14099,1.14137,1.14004,1.14077,12483
2026-07-22T13:00:00.000Z,1.14075,1.14216,1.14062,1.14091,13877
2026-07-22T17:00:00.000Z,1.1409,1.14127,1.14079,1.14116,6312
2026-07-22T21:00:00.000Z,1.14085,1.14176,1.14054,1.14172,4086
2026-07-23T01:00:00.000Z,1.14172,1.14357,1.14158,1.14326,8117
2026-07-23T05:00:00.000Z,1.14327,1.1435,1.14069,1.14104,11602
2026-07-23T09:00:00.000Z,1.14105,1.14152,1.13756,1.1385,16150
2026-07-23T13:00:00.000Z,1.13849,1.13862,1.13639,1.138,21444
2026-07-23T17:00:00.000Z,1.138,1.1381,1.13711,1.13769,8952
2026-07-23T21:00:00.000Z,1.13754,1.13841,1.13701,1.13841,5344
2026-07-24T01:00:00.000Z,1.13842,1.13875,1.13766,1.13791,7468
2026-07-24T05:00:00.000Z,1.13792,1.1401,1.13763,1.13834,11946
2026-07-24T09:00:00.000Z,1.13834,1.13929,1.13674,1.13699,11488
2026-07-24T13:00:00.000Z,1.13697,1.13906,1.13648,1.13776,16346
2026-07-24T17:00:00.000Z,1.13775,1.13778,1.13672,1.13698,5845
2026-07-26T21:00:00.000Z,1.13889,1.1413,1.13866,1.14016,6952
2026-07-27T01:00:00.000Z,1.14017,1.14143,1.14011,1.14034,6918
2026-07-27T05:00:00.000Z,1.14035,1.14182,1.13948,1.14022,12132
2026-07-27T09:00:00.000Z,1.14021,1.14033,1.13764,1.13833,12922
2026-07-27T13:00:00.000Z,1.13834,1.13866,1.13683,1.13797,16806
2026-07-27T17:00:00.000Z,1.13798,1.13798,1.13667,1.13676,7579
2026-07-27T21:00:00.000Z,1.13668,1.13743,1.13665,1.13741,3901
2026-07-28T01:00:00.000Z,1.13742,1.13802,1.1368,1.13686,6611
2026-07-28T05:00:00.000Z,1.13687,1.13735,1.13618,1.13725,10247
2026-07-28T09:00:00.000Z,1.13726,1.13731,1.13533,1.13658,9812
2026-07-28T13:00:00.000Z,1.13659,1.14052,1.13658,1.13959,15657
2026-07-28T17:00:00.000Z,1.13959,1.13978,1.13851,1.13865,7749
2026-07-28T21:00:00.000Z,1.13891,1.13921,1.13821,1.13908,4569
2026-07-29T01:00:00.000Z,1.13908,1.14037,1.13854,1.1401,8439
2026-07-29T05:00:00.000Z,1.14011,1.14029,1.13899,1.13964,9664
2026-07-29T09:00:00.000Z,1.13962,1.13969,1.13746,1.13783,10736
2026-07-29T13:00:00.000Z,1.13782,1.13969,1.13766,1.1385,14409
2026-07-29T17:00:00.000Z,1.13851,1.14707,1.13844,1.14659,27127
2026-07-29T21:00:00.000Z,1.14603,1.14748,1.14558,1.14579,6608
2026-07-30T01:00:00.000Z,1.1458,1.14611,1.14475,1.14509,6339
2026-07-30T05:00:00.000Z,1.14509,1.14567,1.14342,1.14482,12696
2026-07-30T09:00:00.000Z,1.14487,1.14841,1.14487,1.14725,17120
2026-07-30T13:00:00.000Z,1.14726,1.1537,1.14696,1.15285,30581
2026-07-30T17:00:00.000Z,1.15285,1.15356,1.15136,1.15282,11693
2026-07-30T21:00:00.000Z,1.15243,1.1531,1.15151,1.15179,7053
2026-07-31T01:00:00.000Z,1.1518,1.15212,1.15044,1.15082,8851
2026-07-31T05:00:00.000Z,1.15082,1.15262,1.15044,1.15219,14686
2026-07-31T09:00:00.000Z,1.15217,1.1525,1.14814,1.14882,16365
2026-07-31T13:00:00.000Z,1.14881,1.15191,1.14552,1.15171,26728
2026-07-31T17:00:00.000Z,1.15172,1.15469,1.15168,1.15395,17244
2026-08-02T21:00:00.000Z,1.15456,1.15588,1.15349,1.15425,12086
2026-08-03T01:00:00.000Z,1.15425,1.15458,1.15269,1.15341,9553
2026-08-03T05:00:00.000Z,1.15343,1.15388,1.15206,1.15226,12214
2026-08-03T09:00:00.000Z,1.15228,1.15351,1.1517,1.15279,13098
2026-08-03T13:00:00.000Z,1.15281,1.1535,1.15002,1.15069,19470
2026-08-03T17:00:00.000Z,1.15068,1.15147,1.15012,1.15081,7204
2026-08-03T21:00:00.000Z,1.1509,1.15151,1.15048,1.15056,4417
2026-08-04T01:00:00.000Z,1.15055,1.15146,1.15022,1.15104,7814
2026-08-04T05:00:00.000Z,1.15104,1.15169,1.15036,1.15078,11599
2026-08-04T09:00:00.000Z,1.15079,1.15235,1.15034,1.15148,13866
2026-08-04T13:00:00.000Z,1.15148,1.15309,1.15092,1.15185,16921
2026-08-04T17:00:00.000Z,1.15186,1.15339,1.15186,1.15317,7529
2026-08-04T21:00:00.000Z,1.15274,1.15354,1.15272,1.15314,4110
2026-08-05T01:00:00.000Z,1.15315,1.15406,1.15267,1.15362,8448
2026-08-05T05:00:00.000Z,1.15361,1.15467,1.15312,1.15356,13315
2026-08-05T09:00:00.000Z,1.15356,1.15571,1.15337,1.15457,14913
2026-08-05T13:00:00.000Z,1.15456,1.15569,1.15401,1.15458,20055
2026-08-05T17:00:00.000Z,1.15459,1.15595,1.15426,1.15524,9018
2026-08-05T21:00:00.000Z,1.15533,1.15595,1.15484,1.15564,3505
2026-08-06T01:00:00.000Z,1.15564,1.1558,1.15467,1.15491,5888
2026-08-06T05:00:00.000Z,1.1549,1.15517,1.15389,1.15432,10095
2026-08-06T09:00:00.000Z,1.15431,1.15468,1.15364,1.15387,11024
2026-08-06T13:00:00.000Z,1.15389,1.1545,1.15147,1.15205,17464
2026-08-06T17:00:00.000Z,1.15205,1.15257,1.15171,1.15224,7488
2026-08-06T21:00:00.000Z,1.15227,1.15243,1.15179,1.15191,2959
2026-08-07T01:00:00.000Z,1.15193,1.15255,1.15184,1.15235,5646
2026-08-07T05:00:00.000Z,1.15234,1.15253,1.15176,1.15235,8801
2026-08-07T09:00:00.000Z,1.15236,1.15808,1.15229,1.15728,16484
2026-08-07T13:00:00.000Z,1.15726,1.15753,1.15502,1.1559,19756
2026-08-07T17:00:00.000Z,1.15589,1.15701,1.15554,1.15573,7068
2026-08-09T21:00:00.000Z,1.1561,1.15647,1.15541,1.15582,3792
2026-08-10T01:00:00.000Z,1.15582,1.1559,1.15479,1.15513,6898
2026-08-10T05:00:00.000Z,1.15514,1.15656,1.155,1.1561,10289
2026-08-10T09:00:00.000Z,1.1561,1.15637,1.15456,1.1547,11164
2026-08-10T13:00:00.000Z,1.15471,1.15558,1.15439,1.1547,12982
2026-08-10T17:00:00.000Z,1.15471,1.15475,1.154,1.15419,6503
2026-08-10T21:00:00.000Z,1.15431,1.15495,1.15383,1.15461,2984
2026-08-11T01:00:00.000Z,1.1546,1.15497,1.15387,1.15428,6932
2026-08-11T05:00:00.000Z,1.15429,1.15434,1.15313,1.15362,10487
2026-08-11T09:00:00.000Z,1.15361,1.15441,1.15329,1.15415,11165
2026-08-11T13:00:00.000Z,1.15414,1.15483,1.15364,1.15395,12948
2026-08-11T17:00:00.000Z,1.15396,1.15436,1.15343,1.15414,6562
2026-08-11T21:00:00.000Z,1.15399,1.15447,1.15376,1.15407,2664
2026-08-12T01:00:00.000Z,1.15408,1.15409,1.15327,1.15358,4713
2026-08-12T05:00:00.000Z,1.15357,1.15401,1.15321,1.15371,8678
2026-08-12T09:00:00.000Z,1.15372,1.1562,1.15325,1.15593,16129
2026-08-12T13:00:00.000Z,1.15597,1.15629,1.15247,1.15281,18197
2026-08-12T17:00:00.000Z,1.15281,1.15307,1.15198,1.15245,7250
2026-08-12T21:00:00.000Z,1.15234,1.15313,1.15201,1.15288,2928
2026-08-13T01:00:00.000Z,1.15287,1.15311,1.15198,1.15258,6791
2026-08-13T05:00:00.000Z,1.15257,1.15285,1.15118,1.1524,11022
2026-08-13T09:00:00.000Z,1.15241,1.15443,1.15232,1.15438,11974
2026-08-13T13:00:00.000Z,1.15442,1.15454,1.15242,1.15295,17906
2026-08-13T17:00:00.000Z,1.15294,1.15322,1.15256,1.15292,6656
2026-08-13T21:00:00.000Z,1.15265,1.1539,1.15254,1.15384,3472
2026-08-14T01:00:00.000Z,1.15383,1.15403,1.15321,1.15387,6020
2026-08-14T05:00:00.000Z,1.15388,1.15576,1.15381,1.15557,9855
2026-08-14T09:00:00.000Z,1.15558,1.15785,1.1551,1.15659,13485
2026-08-14T13:00:00.000Z,1.1566,1.15853,1.15621,1.15711,16313
2026-08-14T17:00:00.000Z,1.15712,1.15713,1.15629,1.15689,6677
2026-08-16T21:00:00.000Z,1.15626,1.1581,1.15607,1.15801,4079
2026-08-17T01:00:00.000Z,1.15802,1.1588,1.1578,1.15845,6471
2026-08-17T05:00:00.000Z,1.15846,1.16141,1.15826,1.15989,14483
2026-08-17T09:00:00.000Z,1.15989,1.16023,1.15873,1.15975,13314
2026-08-17T13:00:00.000Z,1.15979,1.15998,1.15817,1.15884,16224
2026-08-17T17:00:00.000Z,1.15883,1.15896,1.1571,1.15786,8197
2026-08-17T21:00:00.000Z,1.1582,1.1585,1.15768,1.15823,3744
2026-08-18T01:00:00.000Z,1.15824,1.15857,1.15698,1.15713,8035
2026-08-18T05:00:00.000Z,1.15712,1.15776,1.15665,1.15761,11656
2026-08-18T09:00:00.000Z,1.15762,1.15798,1.15715,1.15746,11588
2026-08-18T13:00:00.000Z,1.15741,1.15883,1.15706,1.15795,17683
2026-08-18T17:00:00.000Z,1.15796,1.15808,1.15715,1.15744,7611
2026-08-18T21:00:00.000Z,1.15748,1.15817,1.15719,1.15741,4640
2026-08-19T01:00:00.000Z,1.15739,1.15872,1.15701,1.15858,9927
2026-08-19T05:00:00.000Z,1.15857,1.16052,1.15845,1.15981,12047
2026-08-19T09:00:00.000Z,1.15981,1.16435,1.15964,1.16357,15170
2026-08-19T13:00:00.000Z,1.16358,1.16771,1.16357,1.16685,28704
2026-08-19T17:00:00.000Z,1.16684,1.16791,1.16584,1.16779,14156
2026-08-19T21:00:00.000Z,1.16743,1.16805,1.16721,1.16744,6886
2026-08-20T01:00:00.000Z,1.16744,1.16836,1.16699,1.16728,12314
2026-08-20T05:00:00.000Z,1.16729,1.16998,1.16701,1.16985,16660
2026-08-20T09:00:00.000Z,1.16986,1.17106,1.16778,1.16885,20382
2026-08-20T13:00:00.000Z,1.16886,1.16947,1.16692,1.16732,21559
2026-08-20T17:00:00.000Z,1.16733,1.16794,1.16701,1.16774,7424
2026-08-20T21:00:00.000Z,1.16777,1.16898,1.16756,1.16832,4998
2026-08-21T01:00:00.000Z,1.16835,1.17008,1.16828,1.16931,8581
2026-08-21T05:00:00.000Z,1.16931,1.17063,1.16868,1.17053,12238
2026-08-21T09:00:00.000Z,1.17053,1.17113,1.16851,1.16905,15350
2026-08-21T13:00:00.000Z,1.16906,1.16911,1.16687,1.16817,16729
2026-08-21T17:00:00.000Z,1.16818,1.1684,1.1674,1.16764,7452
2026-08-23T21:00:00.000Z,1.1675,1.16871,1.16723,1.16851,5378
2026-08-24T01:00:00.000Z,1.16852,1.16864,1.16752,1.16825,9473
2026-08-24T05:00:00.000Z,1.16826,1.1683,1.16605,1.16631,12602
2026-08-24T09:00:00.000Z,1.1663,1.16736,1.16602,1.16692,13884
2026-08-24T13:00:00.000Z,1.16691,1.16747,1.16627,1.16649,15954
2026-08-24T17:00:00.000Z,1.1665,1.16667,1.16552,1.16635,7960
2026-08-24T21:00:00.000Z,1.16618,1.16709,1.16607,1.16687,3979
2026-08-25T01:00:00.000Z,1.16688,1.16688,1.16548,1.16558,6992
2026-08-25T05:00:00.000Z,1.16558,1.16678,1.16511,1.16674,10630
2026-08-25T09:00:00.000Z,1.16672,1.16738,1.16584,1.16663,12489
2026-08-25T13:00:00.000Z,1.16663,1.16754,1.16642,1.16713,16213
2026-08-25T17:00:00.000Z,1.16714,1.16795,1.16688,1.16751,7235
2026-08-25T21:00:00.000Z,1.16706,1.16769,1.16693,1.16726,4451
2026-08-26T01:00:00.000Z,1.16726,1.16741,1.16605,1.16621,9041
2026-08-26T05:00:00.000Z,1.16622,1.1677,1.16599,1.16712,9671
2026-08-26T09:00:00.000Z,1.16708,1.16747,1.16555,1.16559,12762
2026-08-26T13:00:00.000Z,1.16561,1.16588,1.1642,1.16496,19180
2026-08-26T17:00:00.000Z,1.16495,1.16548,1.16486,1.16531,6707
2026-08-26T21:00:00.000Z,1.16462,1.16582,1.16462,1.16564,3795
2026-08-27T01:00:00.000Z,1.16565,1.16595,1.16534,1.16554,6022
2026-08-27T05:00:00.000Z,1.16555,1.1658,1.16476,1.16482,10169
2026-08-27T09:00:00.000Z,1.16481,1.16484,1.16365,1.16411,13539
2026-08-27T13:00:00.000Z,1.1641,1.16599,1.164,1.16521,16656
2026-08-27T17:00:00.000Z,1.1652,1.16539,1.1646,1.16514,6666
2026-08-27T21:00:00.000Z,1.16491,1.16548,1.16462,1.16529,4557
2026-08-28T01:00:00.000Z,1.1653,1.16554,1.16449,1.16455,6813
2026-08-28T05:00:00.000Z,1.16455,1.16492,1.16417,1.16444,10636
2026-08-28T09:00:00.000Z,1.16443,1.16504,1.16393,1.1649,11036
2026-08-28T13:00:00.000Z,1.16489,1.16584,1.15846,1.15868,28273
2026-08-28T17:00:00.000Z,1.15866,1.1589,1.15777,1.15818,10475
2026-08-30T21:00:00.000Z,1.15768,1.15937,1.15761,1.15921,5975
2026-08-31T01:00:00.000Z,1.15922,1.15943,1.1587,1.15909,10241
2026-08-31T05:00:00.000Z,1.1591,1.16058,1.15847,1.1594,10654
2026-08-31T09:00:00.000Z,1.15941,1.16029,1.15916,1.15952,11194
2026-08-31T13:00:00.000Z,1.15953,1.16207,1.15938,1.16164,14476
2026-08-31T17:00:00.000Z,1.16165,1.16184,1.16141,1.16163,6882
2026-08-31T21:00:00.000Z,1.1616,1.16244,1.16126,1.16181,4905
2026-09-01T01:00:00.000Z,1.16182,1.16189,1.16026,1.16057,8297
2026-09-01T05:00:00.000Z,1.16057,1.16101,1.15879,1.1594,12118
2026-09-01T09:00:00.000Z,1.15941,1.16011,1.15882,1.15931,11999
2026-09-01T13:00:00.000Z,1.15931,1.16082,1.15848,1.15855,16222
2026-09-01T17:00:00.000Z,1.15856,1.15956,1.15848,1.15916,7435
2026-09-01T21:00:00.000Z,1.15905,1.15962,1.15833,1.15833,5033
2026-09-02T01:00:00.000Z,1.15832,1.15844,1.1574,1.15758,8522
2026-09-02T05:00:00.000Z,1.15759,1.15848,1.15663,1.15734,12921
2026-09-02T09:00:00.000Z,1.15733,1.15854,1.1567,1.15782,13928
2026-09-02T13:00:00.000Z,1.15783,1.16092,1.15779,1.15871,20919
2026-09-02T17:00:00.000Z,1.15872,1.15898,1.15827,1.15885,8498
2026-09-02T21:00:00.000Z,1.15868,1.15909,1.15833,1.15895,3555
2026-09-03T01:00:00.000Z,1.15896,1.16002,1.1585,1.15954,9665
2026-09-03T05:00:00.000Z,1.15953,1.16148,1.15935,1.1609,18192
2026-09-03T09:00:00.000Z,1.1609,1.16302,1.15978,1.16258,18311
2026-09-03T13:00:00.000Z,1.16261,1.16412,1.16133,1.16367,22306
2026-09-03T17:00:00.000Z,1.16368,1.16385,1.16253,1.16268,9157
2026-09-03T21:00:00.000Z,1.16257,1.16312,1.16224,1.16279,5797
2026-09-04T01:00:00.000Z,1.1628,1.1633,1.16225,1.16265,8936
2026-09-04T05:00:00.000Z,1.16266,1.16303,1.16188,1.16252,10832
2026-09-04T09:00:00.000Z,1.1625,1.1627,1.1585,1.16017,15594
2026-09-04T13:00:00.000Z,1.16015,1.16246,1.15965,1.16206,20187
2026-09-04T17:00:00.000Z,1.16206,1.16206,1.16086,1.16128,8235
2026-09-06T21:00:00.000Z,1.16121,1.16202,1.16056,1.16182,3780
2026-09-07T01:00:00.000Z,1.16184,1.16185,1.16074,1.16114,6394
2026-09-07T05:00:00.000Z,1.16113,1.16358,1.16091,1.16211,12125
2026-09-07T09:00:00.000Z,1.16211,1.16284,1.16195,1.1625,9559
2026-09-07T13:00:00.000Z,1.1625,1.16329,1.1624,1.16286,7861
2026-09-07T17:00:00.000Z,1.16286,1.16287,1.1621,1.16219,2207
2026-09-07T21:00:00.000Z,1.16214,1.16312,1.16208,1.16265,5061
2026-09-08T01:00:00.000Z,1.16266,1.16344,1.16224,1.16249,8866
2026-09-08T05:00:00.000Z,1.1625,1.16359,1.16085,1.16106,12767
2026-09-08T09:00:00.000Z,1.16106,1.16203,1.16079,1.16203,13411
2026-09-08T13:00:00.000Z,1.16203,1.16339,1.16188,1.16234,13832
2026-09-08T17:00:00.000Z,1.16235,1.16306,1.16216,1.16232,8858
2026-09-08T21:00:00.000Z,1.16222,1.16324,1.16222,1.16324,3789
2026-09-09T01:00:00.000Z,1.16324,1.16333,1.16276,1.16328,5532
2026-09-09T05:00:00.000Z,1.16328,1.16492,1.16317,1.16328,11251
2026-09-09T09:00:00.000Z,1.16328,1.16542,1.16218,1.16461,12836
2026-09-09T13:00:00.000Z,1.16464,1.1653,1.16201,1.16358,19621
2026-09-09T17:00:00.000Z,1.16359,1.16411,1.16256,1.16325,7032
2026-09-09T21:00:00.000Z,1.16316,1.16383,1.16295,1.16311,3788
2026-09-10T01:00:00.000Z,1.16312,1.1641,1.16307,1.1637,5150