time,open,high,low,close,volume
2023-09-10T21:00:00.000Z,183.311,183.784,182.978,183.495,18631
2023-09-11T01:00:00.000Z,183.499,183.66,182.907,183.023,28346
2023-09-11T05:00:00.000Z,183.022,183.367,182.676,183.21,39815
2023-09-11T09:00:00.000Z,183.215,183.909,183.116,183.515,37170
2023-09-11T13:00:00.000Z,183.518,183.764,183.291,183.407,39385
2023-09-11T17:00:00.000Z,183.409,183.441,183.238,183.364,17230
2023-09-11T21:00:00.000Z,183.333,183.569,183.257,183.446,11332
2023-09-12T01:00:00.000Z,183.447,183.638,183.229,183.572,23123
2023-09-12T05:00:00.000Z,183.569,183.935,182.941,183.009,33138
2023-09-12T09:00:00.000Z,183.008,183.56,182.968,183.426,31419
2023-09-12T13:00:00.000Z,183.424,183.716,183.354,183.644,33444
2023-09-12T17:00:00.000Z,183.645,183.827,183.594,183.74,19156
2023-09-12T21:00:00.000Z,183.692,184.061,183.647,184.04,11262
2023-09-13T01:00:00.000Z,184.041,184.234,183.929,184.157,23578
2023-09-13T05:00:00.000Z,184.161,184.183,183.192,183.733,38264
2023-09-13T09:00:00.000Z,183.731,184.184,183.549,184.081,41744
2023-09-13T13:00:00.000Z,184.08,184.386,183.941,184.11,46466
2023-09-13T17:00:00.000Z,184.109,184.214,184.027,184.186,20055
2023-09-13T21:00:00.000Z,184.017,184.087,183.785,183.884,11012
2023-09-14T01:00:00.000Z,183.883,183.944,183.696,183.937,21041
2023-09-14T05:00:00.000Z,183.936,184.07,183.701,183.915,28754
2023-09-14T09:00:00.000Z,183.915,183.938,183.117,183.367,41861
2023-09-14T13:00:00.000Z,183.371,183.411,182.514,182.778,52204
2023-09-14T17:00:00.000Z,182.777,183.002,182.717,182.962,18813
2023-09-14T21:00:00.000Z,182.94,183.033,182.815,183.011,11038
2023-09-15T01:00:00.000Z,183.014,183.224,182.772,183.208,22171
2023-09-15T05:00:00.000Z,183.205,183.909,183.084,183.834,35529
2023-09-15T09:00:00.000Z,183.837,183.847,183.235,183.307,32750
2023-09-15T13:00:00.000Z,183.306,183.523,183.096,183.342,46938
2023-09-15T17:00:00.000Z,183.34,183.344,183.019,183.083,17800
2023-09-17T21:00:00.000Z,182.936,183.341,182.896,183.159,7091
2023-09-18T01:00:00.000Z,183.159,183.272,182.979,183.055,11547
2023-09-18T05:00:00.000Z,183.052,183.106,182.719,182.774,24311
2023-09-18T09:00:00.000Z,182.774,183.233,182.745,182.9,27332
2023-09-18T13:00:00.000Z,182.899,183.108,182.758,182.983,34452
2023-09-18T17:00:00.000Z,182.985,183.026,182.728,182.828,16142
2023-09-18T21:00:00.000Z,182.796,182.946,182.723,182.809,10350
2023-09-19T01:00:00.000Z,182.809,182.971,182.779,182.887,17054
2023-09-19T05:00:00.000Z,182.893,183.105,182.79,182.808,28529
2023-09-19T09:00:00.000Z,182.807,183.487,182.717,183.323,32032
2023-09-19T13:00:00.000Z,183.322,183.36,182.965,183.108,33831
2023-09-19T17:00:00.000Z,183.11,183.297,183.074,183.235,15129
2023-09-19T21:00:00.000Z,183.124,183.252,183.032,183.045,10554
2023-09-20T01:00:00.000Z,183.046,183.178,183,183.137,19008
2023-09-20T05:00:00.000Z,183.138,183.3,182.456,183.164,35453
2023-09-20T09:00:00.000Z,183.166,183.191,182.737,183,28652
2023-09-20T13:00:00.000Z,182.998,183.344,182.963,183.198,35533
2023-09-20T17:00:00.000Z,183.196,183.208,182.779,183.115,44211
2023-09-20T21:00:00.000Z,182.942,183.004,182.669,182.733,14968
2023-09-21T01:00:00.000Z,182.734,182.859,182.382,182.756,17978
2023-09-21T05:00:00.000Z,182.758,182.864,182.262,182.33,31453
2023-09-21T09:00:00.000Z,182.329,182.424,180.731,181.497,43375
2023-09-21T13:00:00.000Z,181.502,181.651,181.105,181.388,40242
2023-09-21T17:00:00.000Z,181.388,181.5,181.27,181.417,16942
2023-09-21T21:00:00.000Z,181.411,181.532,181.253,181.353,11706
2023-09-22T01:00:00.000Z,181.352,182.045,181.206,181.831,27701
2023-09-22T05:00:00.000Z,181.831,182.303,181.438,181.698,42421
2023-09-22T09:00:00.000Z,181.698,181.89,181.313,181.709,31384
2023-09-22T13:00:00.000Z,181.71,182.055,181.567,181.679,37249
2023-09-22T17:00:00.000Z,181.681,181.747,181.477,181.546,17397
2023-09-24T21:00:00.000Z,181.601,181.817,181.425,181.685,17815
2023-09-25T01:00:00.000Z,181.685,181.739,181.548,181.606,13218
2023-09-25T05:00:00.000Z,181.605,181.824,181.482,181.544,28708
2023-09-25T09:00:00.000Z,181.543,181.954,181.402,181.712,30686
2023-09-25T13:00:00.000Z,181.71,181.818,181.511,181.763,39237
2023-09-25T17:00:00.000Z,181.763,181.846,181.624,181.816,15517
2023-09-25T21:00:00.000Z,181.689,181.797,181.527,181.718,9022
2023-09-26T01:00:00.000Z,181.72,181.808,181.533,181.715,17740
2023-09-26T05:00:00.000Z,181.716,181.731,181.12,181.439,35752
2023-09-26T09:00:00.000Z,181.439,181.55,181.266,181.395,30921
2023-09-26T13:00:00.000Z,181.394,181.541,181.047,181.255,36122
2023-09-26T17:00:00.000Z,181.253,181.316,181.053,181.208,15973
2023-09-26T21:00:00.000Z,181.184,181.241,180.923,180.962,11565
2023-09-27T01:00:00.000Z,180.965,181.075,180.885,181.014,19783
2023-09-27T05:00:00.000Z,181.015,181.26,180.921,181.102,29424
2023-09-27T09:00:00.000Z,181.1,181.319,180.993,181.178,32241
2023-09-27T13:00:00.000Z,181.176,181.545,181.132,181.407,39087
2023-09-27T17:00:00.000Z,181.407,181.677,181.192,181.586,27221
2023-09-27T21:00:00.000Z,181.408,181.556,181.162,181.499,11810
2023-09-28T01:00:00.000Z,181.499,181.575,181.231,181.292,19860
2023-09-28T05:00:00.000Z,181.291,181.84,181.056,181.813,29147
2023-09-28T09:00:00.000Z,181.812,182.363,181.809,181.998,34849
2023-09-28T13:00:00.000Z,181.997,182.423,181.881,182.121,46796
2023-09-28T17:00:00.000Z,182.124,182.201,181.941,182.185,21671
2023-09-28T21:00:00.000Z,182.056,182.352,182.044,182.265,9373
2023-09-29T01:00:00.000Z,182.261,182.662,182.243,182.555,18612
2023-09-29T05:00:00.000Z,182.556,182.611,181.904,182.394,36644
2023-09-29T09:00:00.000Z,182.391,183.019,182.291,182.9,38048
2023-09-29T13:00:00.000Z,182.897,182.897,181.883,182.361,50298
2023-09-29T17:00:00.000Z,182.36,182.408,182.106,182.248,28739
2023-10-01T21:00:00.000Z,182.39,182.525,182.093,182.428,11088
2023-10-02T01:00:00.000Z,182.428,182.629,182.409,182.469,12069
2023-10-02T05:00:00.000Z,182.46,182.815,182.194,182.474,27757
2023-10-02T09:00:00.000Z,182.473,182.481,181.87,182.028,31464
2023-10-02T13:00:00.000Z,182.028,182.034,181.398,181.405,45780
2023-10-02T17:00:00.000Z,181.403,181.607,181.12,181.147,22701
2023-10-02T21:00:00.000Z,181.064,181.207,180.957,181.145,10683
2023-10-03T01:00:00.000Z,181.144,181.152,180.772,180.814,17756
2023-10-03T05:00:00.000Z,180.814,181.2,180.589,181.088,29640
2023-10-03T09:00:00.000Z,181.089,181.156,180.668,181.005,28629
2023-10-03T13:00:00.000Z,181.01,181.373,178.04,180.037,56802
2023-10-03T17:00:00.000Z,180.039,180.138,179.627,180.031,22482
2023-10-03T21:00:00.000Z,179.83,180.283,179.83,180.232,11976
2023-10-04T01:00:00.000Z,180.233,180.255,179.938,180.217,12842
2023-10-04T05:00:00.000Z,180.221,180.485,179.562,180.475,24448
2023-10-04T09:00:00.000Z,180.472,181.256,180.464,181.177,30141
2023-10-04T13:00:00.000Z,181.171,181.244,180.411,180.918,38963
2023-10-04T17:00:00.000Z,180.919,181.134,180.805,180.99,22057
2023-10-04T21:00:00.000Z,180.874,180.944,180.401,180.482,11396
2023-10-05T01:00:00.000Z,180.483,180.663,180.286,180.578,23005
2023-10-05T05:00:00.000Z,180.577,180.935,180.521,180.635,29086
2023-10-05T09:00:00.000Z,180.635,180.946,180.444,180.658,34976
2023-10-05T13:00:00.000Z,180.661,180.849,180.472,180.754,47494
2023-10-05T17:00:00.000Z,180.755,181.074,180.591,181.065,21117
2023-10-05T21:00:00.000Z,180.91,181.102,180.847,181.059,10814
2023-10-06T01:00:00.000Z,181.058,181.188,180.844,181.137,17423
2023-10-06T05:00:00.000Z,181.135,181.732,181.121,181.647,26120
2023-10-06T09:00:00.000Z,181.646,182.079,180.953,181.13,40913
2023-10-06T13:00:00.000Z,181.131,182.759,181.064,182.645,58375
2023-10-06T17:00:00.000Z,182.643,182.977,182.625,182.631,20230
2023-10-08T21:00:00.000Z,181.88,182.315,181.826,182.238,22904
2023-10-09T01:00:00.000Z,182.238,182.246,181.896,181.927,16058
2023-10-09T05:00:00.000Z,181.926,182.202,181.437,181.618,40270
2023-10-09T09:00:00.000Z,181.619,181.77,181.428,181.612,32486
2023-10-09T13:00:00.000Z,181.612,181.913,181.251,181.401,46125
2023-10-09T17:00:00.000Z,181.402,181.853,181.401,181.736,21868
2023-10-09T21:00:00.000Z,181.724,182.039,181.541,181.893,16796
2023-10-10T01:00:00.000Z,181.894,181.955,181.739,181.857,26840
2023-10-10T05:00:00.000Z,181.859,182.642,181.55,182.629,50201
2023-10-10T09:00:00.000Z,182.628,182.786,182.345,182.428,47355
2023-10-10T13:00:00.000Z,182.425,182.69,182.352,182.584,51601
2023-10-10T17:00:00.000Z,182.586,182.748,182.321,182.722,27102
2023-10-10T21:00:00.000Z,182.518,182.732,182.511,182.726,14485
2023-10-11T01:00:00.000Z,182.724,183.016,182.669,183.004,19695
2023-10-11T05:00:00.000Z,183.004,183.119,182.485,182.566,43954
2023-10-11T09:00:00.000Z,182.565,183.346,182.491,183.3,51798
2023-10-11T13:00:00.000Z,183.298,183.745,183.178,183.402,57055
2023-10-11T17:00:00.000Z,183.403,183.735,183.225,183.694,31083
2023-10-11T21:00:00.000Z,183.429,183.691,183.429,183.632,12817
2023-10-12T01:00:00.000Z,183.631,183.816,183.539,183.71,22012
2023-10-12T05:00:00.000Z,183.711,183.78,183.282,183.309,39809
2023-10-12T09:00:00.000Z,183.308,183.649,183.097,183.253,48452
2023-10-12T13:00:00.000Z,183.252,183.328,182.663,182.694,61511
2023-10-12T17:00:00.000Z,182.692,182.704,182.33,182.366,32237
2023-10-12T21:00:00.000Z,182.386,182.595,182.33,182.508,12465
2023-10-13T01:00:00.000Z,182.51,182.825,182.476,182.616,17767
2023-10-13T05:00:00.000Z,182.617,182.942,182.418,182.841,39994
2023-10-13T09:00:00.000Z,182.84,182.871,181.914,182.26,49994
2023-10-13T13:00:00.000Z,182.261,182.279,181.504,181.528,27209
2023-10-13T17:00:00.000Z,181.523,181.59,181.269,181.556,15390
2023-10-15T21:00:00.000Z,181.322,181.819,181.265,181.591,10890
2023-10-16T01:00:00.000Z,181.593,181.736,181.576,181.709,9026
2023-10-16T05:00:00.000Z,181.709,182.167,181.664,181.777,20611
2023-10-16T09:00:00.000Z,181.776,182.135,181.529,181.972,20993
2023-10-16T13:00:00.000Z,181.972,182.555,181.869,182.486,19069
2023-10-16T17:00:00.000Z,182.483,182.736,182.441,182.69,9883
2023-10-16T21:00:00.000Z,182.529,182.728,182.472,182.533,8662
2023-10-17T01:00:00.000Z,182.533,182.563,182.36,182.397,11754
2023-10-17T05:00:00.000Z,182.397,182.489,181.847,181.919,20192
2023-10-17T09:00:00.000Z,181.916,182.179,181.051,181.837,25442
2023-10-17T13:00:00.000Z,181.834,182.804,181.79,182.578,30897
2023-10-17T17:00:00.000Z,182.576,182.621,182.327,182.499,16791
2023-10-17T21:00:00.000Z,182.492,182.533,182.084,182.159,10167
2023-10-18T01:00:00.000Z,182.158,182.374,182.071,182.31,17637
2023-10-18T05:00:00.000Z,182.305,182.761,182.238,182.717,27061
2023-10-18T09:00:00.000Z,182.715,182.81,182.266,182.321,29748
2023-10-18T13:00:00.000Z,182.321,182.461,181.848,182.071,29649
2023-10-18T17:00:00.000Z,182.071,182.328,181.922,182.015,18037
2023-10-18T21:00:00.000Z,181.958,181.989,181.734,181.825,12740
2023-10-19T01:00:00.000Z,181.828,181.871,181.606,181.649,17354
2023-10-19T05:00:00.000Z,181.65,181.891,181.326,181.396,27396
2023-10-19T09:00:00.000Z,181.396,181.934,181.172,181.901,27633
2023-10-19T13:00:00.000Z,181.906,182.519,181.827,182.293,38347
2023-10-19T17:00:00.000Z,182.292,182.407,181.821,181.881,28953
2023-10-19T21:00:00.000Z,181.802,181.915,181.628,181.698,12538
2023-10-20T01:00:00.000Z,181.698,181.96,181.653,181.845,17213
2023-10-20T05:00:00.000Z,181.845,181.916,181.293,181.79,29770
2023-10-20T09:00:00.000Z,181.792,182.159,181.62,182.069,27384
2023-10-20T13:00:00.000Z,182.062,182.305,181.869,182.129,29681
2023-10-20T17:00:00.000Z,182.128,182.37,182.064,182.281,19299
2023-10-22T21:00:00.000Z,182.146,182.323,182.081,182.259,8321
2023-10-23T01:00:00.000Z,182.259,182.271,182.082,182.164,10037
2023-10-23T05:00:00.000Z,182.164,182.627,182.106,182.351,22583
2023-10-23T09:00:00.000Z,182.347,182.603,182.096,182.389,27102
2023-10-23T13:00:00.000Z,182.389,183.278,182.186,183.116,30382
2023-10-23T17:00:00.000Z,183.116,183.422,183.047,183.343,19803
2023-10-23T21:00:00.000Z,183.223,183.528,183.143,183.432,10915
2023-10-24T01:00:00.000Z,183.433,183.592,183.259,183.551,17863
2023-10-24T05:00:00.000Z,183.55,183.751,182.967,183.35,29825
2023-10-24T09:00:00.000Z,183.349,183.39,182.735,182.811,26895
2023-10-24T13:00:00.000Z,182.802,182.869,182.053,182.123,31176
2023-10-24T17:00:00.000Z,182.123,182.347,182.116,182.245,17017
2023-10-24T21:00:00.000Z,182.188,182.369,182.151,182.348,11540
2023-10-25T01:00:00.000Z,182.348,182.435,182.266,182.434,13289
2023-10-25T05:00:00.000Z,182.437,182.449,181.889,181.961,23396
2023-10-25T09:00:00.000Z,181.96,181.979,181.627,181.858,22885
2023-10-25T13:00:00.000Z,181.858,182.221,181.757,181.867,32835
2023-10-25T17:00:00.000Z,181.866,182.002,181.636,181.93,22572
2023-10-25T21:00:00.000Z,181.844,181.9,181.502,181.605,11935
2023-10-26T01:00:00.000Z,181.605,181.823,181.539,181.713,18716
2023-10-26T05:00:00.000Z,181.712,182.112,181.113,181.676,28654
2023-10-26T09:00:00.000Z,181.681,182.116,181.411,182.116,27655
2023-10-26T13:00:00.000Z,182.121,182.357,181.885,182.071,36231
2023-10-26T17:00:00.000Z,182.066,182.583,182.044,182.382,21702
2023-10-26T21:00:00.000Z,182.353,182.508,182.272,182.359,10653
2023-10-27T01:00:00.000Z,182.36,182.378,182.193,182.274,13078
2023-10-27T05:00:00.000Z,182.272,182.346,181.792,182.017,24640
2023-10-27T09:00:00.000Z,182.015,182.174,181.597,181.81,26852
2023-10-27T13:00:00.000Z,181.814,182.025,181.516,181.528,33523
2023-10-27T17:00:00.000Z,181.528,181.528,181.04,181.379,24721
2023-10-29T21:00:00.000Z,181.177,181.423,181.118,181.414,9306
2023-10-30T01:00:00.000Z,181.413,181.42,181.19,181.207,9540
2023-10-30T05:00:00.000Z,181.208,181.361,180.765,181.064,19633
2023-10-30T09:00:00.000Z,181.063,181.876,181.042,181.845,25328
2023-10-30T13:00:00.000Z,181.848,181.872,180.927,181.049,30188
2023-10-30T17:00:00.000Z,181.05,181.492,180.955,181.391,12509
2023-10-30T21:00:00.000Z,181.317,181.727,181.27,181.69,12050
2023-10-31T01:00:00.000Z,181.689,182.319,181.346,182.281,25374
2023-10-31T05:00:00.000Z,182.293,183.118,182.199,183.113,26238
2023-10-31T09:00:00.000Z,183.118,183.831,182.731,183.502,30857
2023-10-31T13:00:00.000Z,183.504,184.077,183.148,184.056,35227
2023-10-31T17:00:00.000Z,184.061,184.266,183.466,184.257,22442
2023-10-31T21:00:00.000Z,184.153,184.28,183.68,183.739,15699
2023-11-01T01:00:00.000Z,183.735,183.789,183.517,183.658,18362
2023-11-01T05:00:00.000Z,183.657,184.002,183.566,183.708,21287
2023-11-01T09:00:00.000Z,183.724,183.807,183.231,183.266,27885
2023-11-01T13:00:00.000Z,183.262,183.619,182.989,183.122,31393
2023-11-01T17:00:00.000Z,183.123,183.416,182.939,183.411,33235
2023-11-01T21:00:00.000Z,183.103,183.558,183.069,183.329,14289
2023-11-02T01:00:00.000Z,183.326,183.378,183.051,183.197,19086
2023-11-02T05:00:00.000Z,183.198,183.303,182.728,182.943,22344
2023-11-02T09:00:00.000Z,182.941,183.699,182.797,183.214,30256
2023-11-02T13:00:00.000Z,183.215,183.422,183.013,183.333,33500
2023-11-02T17:00:00.000Z,183.333,183.728,183.291,183.604,19796
2023-11-02T21:00:00.000Z,183.614,183.66,183.227,183.314,9593
2023-11-03T01:00:00.000Z,183.312,183.5,183.312,183.349,17101
2023-11-03T05:00:00.000Z,183.344,183.528,183.26,183.394,19164
2023-11-03T09:00:00.000Z,183.406,183.961,183.306,183.932,26737
2023-11-03T13:00:00.000Z,183.933,184.917,183.77,184.911,38021
2023-11-03T17:00:00.000Z,184.913,185.016,184.812,184.926,18590
2023-11-05T22:00:00.000Z,184.79,185.112,184.693,184.962,11730
2023-11-06T02:00:00.000Z,184.961,185.206,184.955,185.106,10340
2023-11-06T06:00:00.000Z,185.107,185.724,185.062,185.582,22386
2023-11-06T10:00:00.000Z,185.582,185.959,185.49,185.539,23281
2023-11-06T14:00:00.000Z,185.543,185.736,185.318,185.382,22330
2023-11-06T18:00:00.000Z,185.381,185.408,185.101,185.209,13358
2023-11-06T22:00:00.000Z,185.168,185.248,185.091,185.182,12712
2023-11-07T02:00:00.000Z,185.183,185.368,185.104,185.357,13498
2023-11-07T06:00:00.000Z,185.357,185.465,185.026,185.08,23529
2023-11-07T10:00:00.000Z,185.079,185.312,184.645,185.217,26581
2023-11-07T14:00:00.000Z,185.222,185.304,184.675,184.736,27641
2023-11-07T18:00:00.000Z,184.735,185.037,184.697,184.996,17193
2023-11-07T22:00:00.000Z,184.885,185.037,184.804,184.941,15120
2023-11-08T02:00:00.000Z,184.944,184.984,184.776,184.909,15993
2023-11-08T06:00:00.000Z,184.908,185.007,184.546,184.642,24948
2023-11-08T10:00:00.000Z,184.642,185.11,184.55,185.077,23971
2023-11-08T14:00:00.000Z,185.075,185.536,185.029,185.5,29089
2023-11-08T18:00:00.000Z,185.499,185.669,185.463,185.484,19239
2023-11-08T22:00:00.000Z,185.401,185.509,185.259,185.401,15563
2023-11-09T02:00:00.000Z,185.401,185.489,185.323,185.466,14462
2023-11-09T06:00:00.000Z,185.465,185.892,185.244,185.775,26084
2023-11-09T10:00:00.000Z,185.774,185.853,185.126,185.271,26057
2023-11-09T14:00:00.000Z,185.271,185.507,185.13,185.306,30188
2023-11-09T18:00:00.000Z,185.304,185.355,184.841,184.974,29744
2023-11-09T22:00:00.000Z,184.927,184.986,184.815,184.895,16894
2023-11-10T02:00:00.000Z,184.895,185.108,184.843,185.095,17163
2023-11-10T06:00:00.000Z,185.099,185.217,184.856,185.017,26669
2023-11-10T10:00:00.000Z,185.019,185.164,184.804,185.023,25771
2023-11-10T14:00:00.000Z,185.023,185.174,184.638,185.154,32644
2023-11-10T18:00:00.000Z,185.153,185.339,185.127,185.206,17201
2023-11-12T22:00:00.000Z,184.984,185.468,184.946,185.447,9198
2023-11-13T02:00:00.000Z,185.449,185.649,185.382,185.604,8441
2023-11-13T06:00:00.000Z,185.603,185.911,185.59,185.808,20833
2023-11-13T10:00:00.000Z,185.809,185.967,185.691,185.916,20417
2023-11-13T14:00:00.000Z,185.917,186.047,185.263,186.028,28275
2023-11-13T18:00:00.000Z,186.027,186.313,185.975,186.311,14963
2023-11-13T22:00:00.000Z,186.07,186.322,186.068,186.215,11365
2023-11-14T02:00:00.000Z,186.216,186.233,186.088,186.127,10775
2023-11-14T06:00:00.000Z,186.126,186.629,186.113,186.624,21486
2023-11-14T10:00:00.000Z,186.625,187.288,186.263,187.259,24308
2023-11-14T14:00:00.000Z,187.259,188.284,187.247,188.139,37322
2023-11-14T18:00:00.000Z,188.139,188.141,187.746,187.961,16925
2023-11-14T22:00:00.000Z,187.806,188.184,187.74,187.983,16505
2023-11-15T02:00:00.000Z,187.985,188.234,187.94,188.154,13598
2023-11-15T06:00:00.000Z,188.155,188.216,187.357,187.435,28472
2023-11-15T10:00:00.000Z,187.434,187.677,187.182,187.605,28483
2023-11-15T14:00:00.000Z,187.603,187.919,187.493,187.782,32781
2023-11-15T18:00:00.000Z,187.781,187.999,187.704,187.93,15402
2023-11-15T22:00:00.000Z,187.823,187.914,187.478,187.538,11258
2023-11-16T02:00:00.000Z,187.537,187.577,187.3,187.539,10539
2023-11-16T06:00:00.000Z,187.547,187.714,187.333,187.599,21357
2023-11-16T10:00:00.000Z,187.599,187.659,187.261,187.431,24319
2023-11-16T14:00:00.000Z,187.427,187.447,186.826,187.01,30761
2023-11-16T18:00:00.000Z,187.01,187.151,186.851,187.118,11820
2023-11-16T22:00:00.000Z,186.929,187.148,186.894,186.968,9755
2023-11-17T02:00:00.000Z,186.966,187.009,186.628,186.997,11711
2023-11-17T06:00:00.000Z,186.998,187.049,185.318,185.665,25374
2023-11-17T10:00:00.000Z,185.666,185.905,185.501,185.865,30021
2023-11-17T14:00:00.000Z,185.862,186.256,185.718,186.163,29389
2023-11-17T18:00:00.000Z,186.162,186.565,186.146,186.478,13929
2023-11-19T22:00:00.000Z,186.375,186.789,186.104,186.417,14728
2023-11-20T02:00:00.000Z,186.418,186.483,185.762,186.059,18820
2023-11-20T06:00:00.000Z,186.059,186.162,185.081,185.404,27486
2023-11-20T10:00:00.000Z,185.403,185.403,184.627,185.238,23979
2023-11-20T14:00:00.000Z,185.241,185.523,185.18,185.447,24787
2023-11-20T18:00:00.000Z,185.446,185.626,185.362,185.587,16818
2023-11-20T22:00:00.000Z,185.486,185.64,185.16,185.277,16523
2023-11-21T02:00:00.000Z,185.267,185.427,184.583,185.116,19572
2023-11-21T06:00:00.000Z,185.114,185.232,184.465,185.172,29126
2023-11-21T10:00:00.000Z,185.171,185.257,184.937,185.108,25494
2023-11-21T14:00:00.000Z,185.111,185.654,184.94,185.643,29784
2023-11-21T18:00:00.000Z,185.64,186.093,185.559,186.029,19904
2023-11-21T22:00:00.000Z,185.918,186,185.632,185.901,14661
2023-11-22T02:00:00.000Z,185.899,186.379,185.743,186.318,14355
2023-11-22T06:00:00.000Z,186.322,187.022,186.294,186.819,27664
2023-11-22T10:00:00.000Z,186.817,186.867,186.206,186.771,32563
2023-11-22T14:00:00.000Z,186.77,186.789,186.317,186.708,33929
2023-11-22T18:00:00.000Z,186.708,186.947,186.701,186.854,15516
2023-11-22T22:00:00.000Z,186.762,186.838,186.346,186.408,13243
2023-11-23T02:00:00.000Z,186.411,186.59,186.283,186.406,13710
2023-11-23T06:00:00.000Z,186.406,187.6,186.34,187.415,27410
2023-11-23T10:00:00.000Z,187.416,187.533,187.181,187.394,21709
2023-11-23T14:00:00.000Z,187.394,187.587,187.333,187.492,15699
2023-11-23T18:00:00.000Z,187.492,187.522,187.42,187.478,4981
2023-11-23T22:00:00.000Z,187.313,187.647,187.28,187.383,14027
2023-11-24T02:00:00.000Z,187.379,187.425,187.133,187.243,12713
2023-11-24T06:00:00.000Z,187.248,187.884,187.104,187.777,21152
2023-11-24T10:00:00.000Z,187.777,188.156,187.692,188.141,20187
2023-11-24T14:00:00.000Z,188.139,188.662,188.119,188.512,21989
2023-11-24T18:00:00.000Z,188.506,188.542,188.276,188.283,13976
2023-11-26T22:00:00.000Z,188.236,188.526,187.904,187.931,12107
2023-11-27T02:00:00.000Z,187.931,188.085,187.601,188.065,16036
2023-11-27T06:00:00.000Z,188.07,188.269,187.768,188.238,23065
2023-11-27T10:00:00.000Z,188.239,188.348,187.766,187.879,25842
2023-11-27T14:00:00.000Z,187.879,188.032,187.634,187.737,31223
2023-11-27T18:00:00.000Z,187.735,187.825,187.62,187.762,14422
2023-11-27T22:00:00.000Z,187.735,187.76,187.102,187.242,15699
2023-11-28T02:00:00.000Z,187.241,187.333,187.052,187.219,17313
2023-11-28T06:00:00.000Z,187.216,187.867,187.126,187.581,25200
2023-11-28T10:00:00.000Z,187.58,187.873,187.278,187.567,25858
2023-11-28T14:00:00.000Z,187.566,187.726,187.131,187.278,39540
2023-11-28T18:00:00.000Z,187.277,187.294,187.075,187.228,19159
2023-11-28T22:00:00.000Z,187.169,187.269,186.626,186.84,21200
2023-11-29T02:00:00.000Z,186.838,187.27,186.723,187.063,20118
2023-11-29T06:00:00.000Z,187.062,187.388,186.842,187.12,31249
2023-11-29T10:00:00.000Z,187.121,187.535,186.973,187.409,32483
2023-11-29T14:00:00.000Z,187.408,187.522,186.689,186.988,34745
2023-11-29T18:00:00.000Z,186.989,187.234,186.872,186.877,17928
2023-11-29T22:00:00.000Z,186.818,186.822,186.436,186.629,16107
2023-11-30T02:00:00.000Z,186.628,186.881,186.61,186.71,16053
2023-11-30T06:00:00.000Z,186.71,186.923,186.228,186.465,30237
2023-11-30T10:00:00.000Z,186.461,186.796,186.458,186.705,30962
2023-11-30T14:00:00.000Z,186.708,187.562,186.691,187.037,39476
2023-11-30T18:00:00.000Z,187.036,187.174,186.986,187.092,16766
2023-11-30T22:00:00.000Z,186.978,187.11,186.676,186.897,18227
2023-12-01T02:00:00.000Z,186.897,187.239,186.866,187.213,15140
2023-12-01T06:00:00.000Z,187.211,187.517,187.045,187.304,26608
2023-12-01T10:00:00.000Z,187.296,187.487,187.087,187.152,25636
2023-12-01T14:00:00.000Z,187.149,187.174,186.191,186.423,43443
2023-12-01T18:00:00.000Z,186.427,186.671,186.384,186.625,21945
2023-12-03T22:00:00.000Z,186.407,186.485,185.522,185.887,25471
2023-12-04T02:00:00.000Z,185.888,186.153,185.775,186.116,15412
2023-12-04T06:00:00.000Z,186.113,186.337,185.74,185.821,29646
2023-12-04T10:00:00.000Z,185.821,185.93,185.518,185.614,29971
2023-12-04T14:00:00.000Z,185.617,185.908,185.074,185.864,37995
2023-12-04T18:00:00.000Z,185.866,186.057,185.801,185.959,15378
2023-12-04T22:00:00.000Z,185.795,186.185,185.793,185.952,19986
2023-12-05T02:00:00.000Z,185.95,185.993,185.8,185.824,14719
2023-12-05T06:00:00.000Z,185.825,185.896,185.062,185.759,30905
2023-12-05T10:00:00.000Z,185.758,185.949,185.451,185.493,22197
2023-12-05T14:00:00.000Z,185.49,185.765,185.28,185.31,32479
2023-12-05T18:00:00.000Z,185.309,185.415,185.23,185.345,12453
2023-12-05T22:00:00.000Z,185.311,185.677,185.106,185.589,10048
2023-12-06T02:00:00.000Z,185.589,185.792,185.536,185.601,9703
2023-12-06T06:00:00.000Z,185.601,185.66,185.138,185.622,19799
2023-12-06T10:00:00.000Z,185.621,185.806,185.112,185.301,22236
2023-12-06T14:00:00.000Z,185.301,185.507,185.102,185.209,25431
2023-12-06T18:00:00.000Z,185.209,185.237,184.989,185.025,9602
2023-12-06T22:00:00.000Z,184.818,184.984,184.401,184.481,11841
2023-12-07T02:00:00.000Z,184.481,184.517,183.857,183.91,13329
2023-12-07T06:00:00.000Z,183.91,184.021,182.266,182.321,31153
2023-12-07T10:00:00.000Z,182.32,182.665,181.887,182.251,30339
2023-12-07T14:00:00.000Z,182.25,182.256,178.566,180.564,34900
2023-12-07T18:00:00.000Z,180.564,181.488,180.207,181.488,19011
2023-12-07T22:00:00.000Z,181.344,181.664,179.54,180.525,22545
2023-12-08T02:00:00.000Z,180.513,181.496,180.128,181.173,19822
2023-12-08T06:00:00.000Z,181.173,181.581,180.64,181.179,29601
2023-12-08T10:00:00.000Z,181.176,182.038,180.74,180.896,29840
2023-12-08T14:00:00.000Z,180.9,181.743,180.458,181.666,34344
2023-12-08T18:00:00.000Z,181.666,181.951,181.643,181.934,12451
2023-12-10T22:00:00.000Z,181.668,182.707,181.615,182.473,14695
2023-12-11T02:00:00.000Z,182.473,182.613,182.264,182.556,10048
2023-12-11T06:00:00.000Z,182.558,183.72,182.329,183.523,23217
2023-12-11T10:00:00.000Z,183.515,184.323,183.487,184.044,19391
2023-12-11T14:00:00.000Z,184.045,184.068,183.591,183.669,23690
2023-12-11T18:00:00.000Z,183.669,183.725,183.454,183.516,13294
2023-12-11T22:00:00.000Z,183.4,183.544,182.902,183.118,13083
2023-12-12T02:00:00.000Z,183.118,183.253,182.768,182.82,11380
2023-12-12T06:00:00.000Z,182.819,182.98,182.486,182.711,20739
2023-12-12T10:00:00.000Z,182.711,183.014,182.273,182.687,22663
2023-12-12T14:00:00.000Z,182.684,182.996,182.337,182.734,27231
2023-12-12T18:00:00.000Z,182.734,183.018,182.646,182.785,12640
2023-12-12T22:00:00.000Z,182.838,182.863,182.502,182.584,11843
2023-12-13T02:00:00.000Z,182.584,182.848,182.512,182.787,10740
2023-12-13T06:00:00.000Z,182.783,183.149,182.491,182.679,20914
2023-12-13T10:00:00.000Z,182.678,182.691,182.107,182.108,21077
2023-12-13T14:00:00.000Z,182.108,182.108,181.555,181.578,22762
2023-12-13T18:00:00.000Z,181.578,181.683,180.19,180.313,34426
2023-12-13T22:00:00.000Z,180.194,180.398,179.28,179.9,23400
2023-12-14T02:00:00.000Z,179.9,179.977,178.347,178.683,25490
2023-12-14T06:00:00.000Z,178.683,179.465,178.63,179.225,33769
2023-12-14T10:00:00.000Z,179.225,180.666,178.918,180.551,34986
2023-12-14T14:00:00.000Z,180.55,181.217,180.31,181.019,36382
2023-12-14T18:00:00.000Z,181.023,181.204,180.72,181.134,16921
2023-12-14T22:00:00.000Z,181.052,181.737,181.039,181.562,14477
2023-12-15T02:00:00.000Z,181.562,181.632,180.762,181.035,16778
2023-12-15T06:00:00.000Z,181.024,181.355,180.453,181.109,27420
2023-12-15T10:00:00.000Z,181.11,181.197,180.387,180.895,27510
2023-12-15T14:00:00.000Z,180.895,180.919,179.816,180.462,32026
2023-12-15T18:00:00.000Z,180.465,180.495,180.048,180.192,17894
2023-12-17T22:00:00.000Z,180.02,180.58,179.893,180.392,11597
2023-12-18T02:00:00.000Z,180.392,180.637,180.33,180.498,10136
2023-12-18T06:00:00.000Z,180.5,180.891,180.371,180.492,20343
2023-12-18T10:00:00.000Z,180.495,180.916,180.479,180.905,23979
2023-12-18T14:00:00.000Z,180.906,181.178,180.594,180.834,23827
2023-12-18T18:00:00.000Z,180.834,180.842,180.6,180.616,12148
2023-12-18T22:00:00.000Z,180.486,180.676,180.041,180.366,14247
2023-12-19T02:00:00.000Z,180.37,181.956,180.305,181.643,18196
2023-12-19T06:00:00.000Z,181.639,183.607,180.42,183.547,28493
2023-12-19T10:00:00.000Z,183.543,184.176,183.426,183.869,23741
2023-12-19T14:00:00.000Z,183.869,184.003,183.033,183.177,26365
2023-12-19T18:00:00.000Z,183.173,183.235,182.979,183.118,10808
2023-12-19T22:00:00.000Z,183.08,183.332,182.864,182.951,13860
2023-12-20T02:00:00.000Z,182.951,183.164,182.419,182.668,14620
2023-12-20T06:00:00.000Z,182.668,182.825,181.273,181.823,25118
2023-12-20T10:00:00.000Z,181.824,181.836,181.269,181.489,20347
2023-12-20T14:00:00.000Z,181.493,182.33,181.487,182.314,23784
2023-12-20T18:00:00.000Z,182.316,182.357,181.359,181.43,17672
2023-12-20T22:00:00.000Z,181.231,181.408,180.696,180.79,13639
2023-12-21T02:00:00.000Z,180.794,180.887,180.439,180.808,13039
2023-12-21T06:00:00.000Z,180.808,181.113,180.517,180.695,18564
2023-12-21T10:00:00.000Z,180.695,180.994,180.263,180.32,23129
2023-12-21T14:00:00.000Z,180.313,180.577,179.782,180.141,31798
2023-12-21T18:00:00.000Z,180.141,180.486,180.139,180.319,15247
2023-12-21T22:00:00.000Z,180.283,180.554,179.943,180.461,13221
2023-12-22T02:00:00.000Z,180.461,180.78,180.413,180.588,14321
2023-12-22T06:00:00.000Z,180.587,180.927,180.244,180.29,21141
2023-12-22T10:00:00.000Z,180.29,181.051,180.284,180.827,23350
2023-12-22T14:00:00.000Z,180.826,181.331,180.543,181.049,27978
2023-12-22T18:00:00.000Z,181.049,181.073,180.754,180.817,14676
2023-12-25T22:00:00.000Z,180.572,180.859,180.467,180.752,7869
2023-12-26T02:00:00.000Z,180.752,180.808,180.651,180.756,7354
2023-12-26T06:00:00.000Z,180.756,180.873,180.57,180.847,9071
2023-12-26T10:00:00.000Z,180.847,180.89,180.64,180.863,11669
2023-12-26T14:00:00.000Z,180.863,181.247,180.851,181.032,11190
2023-12-26T18:00:00.000Z,181.034,181.295,180.972,181.157,7722
2023-12-26T22:00:00.000Z,181.095,181.662,181.002,181.475,9651
2023-12-27T02:00:00.000Z,181.475,181.587,181.265,181.516,9863
2023-12-27T06:00:00.000Z,181.512,181.869,181.114,181.367,16472
2023-12-27T10:00:00.000Z,181.367,181.931,181.186,181.851,13887
2023-12-27T14:00:00.000Z,181.851,182.194,181.532,181.738,21448
2023-12-27T18:00:00.000Z,181.738,181.807,181.18,181.514,13778
2023-12-27T22:00:00.000Z,181.243,181.379,180.721,181.167,10987
2023-12-28T02:00:00.000Z,181.163,181.203,180.733,180.806,9942
2023-12-28T06:00:00.000Z,180.806,180.911,179.999,180.054,20299
2023-12-28T10:00:00.000Z,180.054,180.182,179.639,179.81,21273
2023-12-28T14:00:00.000Z,179.814,180.36,178.993,179.903,25464
2023-12-28T18:00:00.000Z,179.901,180.091,179.827,180.023,12525
2023-12-28T22:00:00.000Z,179.951,180.464,179.825,180.203,10685
2023-12-29T02:00:00.000Z,180.204,180.393,180.035,180.356,9540
2023-12-29T06:00:00.000Z,180.356,180.464,180.073,180.286,15857
2023-12-29T10:00:00.000Z,180.286,180.53,179.812,180.421,20017
2023-12-29T14:00:00.000Z,180.421,180.427,179.305,179.748,27382
2023-12-29T18:00:00.000Z,179.747,179.873,179.524,179.581,12011
2024-01-01T22:00:00.000Z,179.216,179.987,179.209,179.919,9946
2024-01-02T02:00:00.000Z,179.919,180.23,179.859,180.037,11215
2024-01-02T06:00:00.000Z,180.037,180.647,179.932,180.021,21985
2024-01-02T10:00:00.000Z,180.021,180.184,179.29,179.528,27208
2024-01-02T14:00:00.000Z,179.512,179.553,178.735,179.354,30635
2024-01-02T18:00:00.000Z,179.354,179.376,178.97,179.184,12099
2024-01-02T22:00:00.000Z,179.109,179.468,179.071,179.346,10715
2024-01-03T02:00:00.000Z,179.349,179.531,179.281,179.509,10751
2024-01-03T06:00:00.000Z,179.509,180.35,179.449,180.118,22992
2024-01-03T10:00:00.000Z,180.113,180.668,180.033,180.629,23406
2024-01-03T14:00:00.000Z,180.627,181.745,180.55,181.587,31744
2024-01-03T18:00:00.000Z,181.588,181.753,181.254,181.467,22151
2024-01-03T22:00:00.000Z,181.411,181.644,181.012,181.613,10953
2024-01-04T02:00:00.000Z,181.613,182.256,181.487,182.098,11586
2024-01-04T06:00:00.000Z,182.102,183.039,181.674,183.002,25398
2024-01-04T10:00:00.000Z,183.002,183.352,182.835,183.171,23518
2024-01-04T14:00:00.000Z,183.171,183.781,183.167,183.396,26553
2024-01-04T18:00:00.000Z,183.396,183.522,183.221,183.409,10456
2024-01-04T22:00:00.000Z,183.283,183.887,183.266,183.726,10299
2024-01-05T02:00:00.000Z,183.726,183.827,183.398,183.437,11157
2024-01-05T06:00:00.000Z,183.42,184.13,183.412,183.795,21408
2024-01-05T10:00:00.000Z,183.798,184.284,183.644,184.121,22772
2024-01-05T14:00:00.000Z,184.12,184.304,183.551,184.166,38372
2024-01-05T18:00:00.000Z,184.164,184.302,183.915,183.915,15987
2024-01-07T22:00:00.000Z,183.743,184.225,183.641,183.656,7679
2024-01-08T02:00:00.000Z,183.656,183.797,183.393,183.397,10300
2024-01-08T06:00:00.000Z,183.397,183.683,183.02,183.102,20946
2024-01-08T10:00:00.000Z,183.102,184.003,183.078,183.623,20299
2024-01-08T14:00:00.000Z,183.623,183.758,183.289,183.621,25184
2024-01-08T18:00:00.000Z,183.621,183.919,183.619,183.851,12531
2024-01-08T22:00:00.000Z,183.86,183.9,183.028,183.086,13933
2024-01-09T02:00:00.000Z,183.084,183.325,183.015,183.24,12127
2024-01-09T06:00:00.000Z,183.24,183.779,183.103,183.308,19838
2024-01-09T10:00:00.000Z,183.301,183.478,182.903,182.95,21285
2024-01-09T14:00:00.000Z,182.95,183.661,182.754,183.546,25023
2024-01-09T18:00:00.000Z,183.546,183.636,183.352,183.629,13523
2024-01-09T22:00:00.000Z,183.527,184.076,183.404,183.972,10171
2024-01-10T02:00:00.000Z,183.972,184.139,183.781,183.885,9700
2024-01-10T06:00:00.000Z,183.892,184.494,183.807,184.418,20785
2024-01-10T10:00:00.000Z,184.417,184.928,184.293,184.877,18554
2024-01-10T14:00:00.000Z,184.877,185.517,184.795,185.419,22949
2024-01-10T18:00:00.000Z,185.419,185.742,185.339,185.715,13863
2024-01-10T22:00:00.000Z,185.446,185.824,185.379,185.491,11489
2024-01-11T02:00:00.000Z,185.49,185.806,185.437,185.693,11212
2024-01-11T06:00:00.000Z,185.693,185.849,185.31,185.415,18342
2024-01-11T10:00:00.000Z,185.416,185.902,185.096,185.894,25571
2024-01-11T14:00:00.000Z,185.893,186.161,185.302,185.656,42822
2024-01-11T18:00:00.000Z,185.656,185.936,185.383,185.425,23107
2024-01-11T22:00:00.000Z,185.369,185.621,185.087,185.456,16138
2024-01-12T02:00:00.000Z,185.457,185.655,185.051,185.524,16621
2024-01-12T06:00:00.000Z,185.524,185.552,184.977,185.077,21917
2024-01-12T10:00:00.000Z,185.079,185.365,184.64,184.683,25791
2024-01-12T14:00:00.000Z,184.681,184.896,184.473,184.66,34093
2024-01-12T18:00:00.000Z,184.663,184.79,184.605,184.736,16026
2024-01-14T22:00:00.000Z,184.643,184.918,184.574,184.849,13328
2024-01-15T02:00:00.000Z,184.849,185.292,184.839,185.256,9303
2024-01-15T06:00:00.000Z,185.256,185.555,185.204,185.372,19754
2024-01-15T10:00:00.000Z,185.372,185.75,185.274,185.546,20790
2024-01-15T14:00:00.000Z,185.546,185.724,185.368,185.563,16700
2024-01-15T18:00:00.000Z,185.564,185.622,185.513,185.533,2178
2024-01-15T22:00:00.000Z,185.47,185.537,185.047,185.215,15665
2024-01-16T02:00:00.000Z,185.215,185.502,185.149,185.341,16940
2024-01-16T06:00:00.000Z,185.343,185.498,184.948,185.23,26785
2024-01-16T10:00:00.000Z,185.23,185.641,185.117,185.369,26505
2024-01-16T14:00:00.000Z,185.366,186.182,185.33,185.901,37515
2024-01-16T18:00:00.000Z,185.904,186.053,185.816,185.965,13658
2024-01-16T22:00:00.000Z,185.918,186.349,185.785,185.983,12028
2024-01-17T02:00:00.000Z,185.986,186.178,185.871,186.094,13609
2024-01-17T06:00:00.000Z,186.093,187.347,186.086,187.317,30142
2024-01-17T10:00:00.000Z,187.316,187.526,187.036,187.144,23802
2024-01-17T14:00:00.000Z,187.145,188.123,187.029,187.924,31323
2024-01-17T18:00:00.000Z,187.924,188.045,187.825,187.875,16816
2024-01-17T22:00:00.000Z,187.757,187.932,187.605,187.859,15320
2024-01-18T02:00:00.000Z,187.848,187.901,187.565,187.607,14667
2024-01-18T06:00:00.000Z,187.606,187.794,187.373,187.38,23841
2024-01-18T10:00:00.000Z,187.376,187.758,187.349,187.546,25484
2024-01-18T14:00:00.000Z,187.548,188.061,187.314,187.959,32000
2024-01-18T18:00:00.000Z,187.959,188.253,187.84,188.205,17055
2024-01-18T22:00:00.000Z,188.192,188.52,188.055,188.511,12238
2024-01-19T02:00:00.000Z,188.516,188.82,188.289,188.768,12507
2024-01-19T06:00:00.000Z,188.768,188.929,187.622,187.696,23503
2024-01-19T10:00:00.000Z,187.696,187.889,187.408,187.748,23972
2024-01-19T14:00:00.000Z,187.748,188.109,187.663,187.938,29617
2024-01-19T18:00:00.000Z,187.938,188.227,187.928,188.182,13482
2024-01-21T22:00:00.000Z,188.085,188.374,187.757,187.907,10968
2024-01-22T02:00:00.000Z,187.907,188.37,187.869,188.302,10369
2024-01-22T06:00:00.000Z,188.302,188.389,187.964,188.169,20229
2024-01-22T10:00:00.000Z,188.169,188.184,187.873,187.956,22264
2024-01-22T14:00:00.000Z,187.956,188.377,187.905,188.251,25161
2024-01-22T18:00:00.000Z,188.249,188.353,188.019,188.255,15014
2024-01-22T22:00:00.000Z,188.147,188.416,187.958,188.39,10311
2024-01-23T02:00:00.000Z,188.39,188.916,188.145,188.41,18140
2024-01-23T06:00:00.000Z,188.41,188.707,187.347,188.01,29373
2024-01-23T10:00:00.000Z,188.01,188.247,187.833,188.142,21255
2024-01-23T14:00:00.000Z,188.142,188.182,187.875,188.089,26785
2024-01-23T18:00:00.000Z,188.088,188.295,188.026,188.246,13800
2024-01-23T22:00:00.000Z,188.031,188.287,187.843,187.869,15672
2024-01-24T02:00:00.000Z,187.869,188.092,187.623,187.834,14945
2024-01-24T06:00:00.000Z,187.834,188.471,187.459,188.313,25193
2024-01-24T10:00:00.000Z,188.312,188.376,187.289,187.37,25195
2024-01-24T14:00:00.000Z,187.375,187.856,187.12,187.633,33179
2024-01-24T18:00:00.000Z,187.633,187.834,187.567,187.692,17087
2024-01-24T22:00:00.000Z,187.559,187.848,187.528,187.711,13422
2024-01-25T02:00:00.000Z,187.705,187.904,187.652,187.855,15589
2024-01-25T06:00:00.000Z,187.855,188.189,187.669,187.889,21574
2024-01-25T10:00:00.000Z,187.889,188.046,187.498,187.694,24633
2024-01-25T14:00:00.000Z,187.697,187.704,187.154,187.596,34682
2024-01-25T18:00:00.000Z,187.596,187.766,187.512,187.687,16565
2024-01-25T22:00:00.000Z,187.483,187.84,187.422,187.512,12416
2024-01-26T02:00:00.000Z,187.511,187.784,187.48,187.699,13211
2024-01-26T06:00:00.000Z,187.699,188.127,187.333,187.958,21806
2024-01-26T10:00:00.000Z,187.955,188.354,187.904,188.232,23435
2024-01-26T14:00:00.000Z,188.232,188.559,188.014,188.139,28926
2024-01-26T18:00:00.000Z,188.139,188.23,188.041,188.154,12640
2024-01-28T22:00:00.000Z,188.007,188.29,187.907,188.128,8832
2024-01-29T02:00:00.000Z,188.128,188.243,188.022,188.023,7939
2024-01-29T06:00:00.000Z,188.024,188.084,187.666,187.683,20638
2024-01-29T10:00:00.000Z,187.684,188.02,187.588,187.827,18329
2024-01-29T14:00:00.000Z,187.827,187.856,187.116,187.274,24809
2024-01-29T18:00:00.000Z,187.276,187.507,187.165,187.479,15709
2024-01-29T22:00:00.000Z,187.364,187.508,187.176,187.243,10245
2024-01-30T02:00:00.000Z,187.243,187.456,187.175,187.26,12508
2024-01-30T06:00:00.000Z,187.26,187.291,186.68,186.902,21756
2024-01-30T10:00:00.000Z,186.902,187,186.633,186.978,22046
2024-01-30T14:00:00.000Z,186.98,187.454,186.512,187.429,30851
2024-01-30T18:00:00.000Z,187.429,187.482,187.297,187.456,15054
2024-01-30T22:00:00.000Z,187.204,187.45,186.91,187.155,11567
2024-01-31T02:00:00.000Z,187.154,187.384,187.095,187.272,12669
2024-01-31T06:00:00.000Z,187.272,187.418,186.912,187.214,22585
2024-01-31T10:00:00.000Z,187.215,187.596,187.142,187.402,24848
2024-01-31T14:00:00.000Z,187.404,187.485,185.985,186.139,39672
2024-01-31T18:00:00.000Z,186.139,186.691,185.959,186.427,37721
2024-01-31T22:00:00.000Z,186.172,186.472,185.954,186.103,14440
2024-02-01T02:00:00.000Z,186.103,186.169,185.937,186.041,14957
2024-02-01T06:00:00.000Z,186.041,186.136,185.389,185.776,25829
2024-02-01T10:00:00.000Z,185.776,186.591,185.284,185.659,27392
2024-02-01T14:00:00.000Z,185.659,186.476,185.229,186.403,38476
2024-02-01T18:00:00.000Z,186.406,186.651,186.311,186.592,18769
2024-02-01T22:00:00.000Z,186.577,186.73,186.4,186.542,10353
2024-02-02T02:00:00.000Z,186.544,186.801,186.506,186.689,10341
2024-02-02T06:00:00.000Z,186.689,187.33,186.626,187.142,18506
2024-02-02T10:00:00.000Z,187.144,187.568,186.87,187.49,23219
2024-02-02T14:00:00.000Z,187.49,187.732,186.97,187.413,36436
2024-02-02T18:00:00.000Z,187.411,187.511,187.192,187.457,15805
2024-02-04T22:00:00.000Z,187.413,187.596,187.111,187.114,14725
2024-02-05T02:00:00.000Z,187.114,187.233,187.023,187.066,11530
2024-02-05T06:00:00.000Z,187.066,187.522,186.967,187.127,21150
2024-02-05T10:00:00.000Z,187.124,187.145,186.387,186.488,23416
2024-02-05T14:00:00.000Z,186.479,186.566,186.156,186.306,25648
2024-02-05T18:00:00.000Z,186.305,186.439,186.207,186.39,12555
2024-02-05T22:00:00.000Z,186.317,186.44,186.246,186.344,10668
2024-02-06T02:00:00.000Z,186.344,186.515,186.281,186.323,13666
2024-02-06T06:00:00.000Z,186.323,186.674,186.187,186.476,22825
2024-02-06T10:00:00.000Z,186.473,186.751,186.436,186.721,23155
2024-02-06T14:00:00.000Z,186.719,186.777,186.186,186.303,29584
2024-02-06T18:00:00.000Z,186.303,186.399,186.24,186.362,16581
2024-02-06T22:00:00.000Z,186.328,186.406,186.172,186.386,11277
2024-02-07T02:00:00.000Z,186.386,186.558,186.318,186.498,12424
2024-02-07T06:00:00.000Z,186.498,186.948,186.436,186.862,22868
2024-02-07T10:00:00.000Z,186.862,187.262,186.854,187.078,21172
2024-02-07T14:00:00.000Z,187.081,187.173,186.555,186.992,27753
2024-02-07T18:00:00.000Z,186.989,187.126,186.901,187.12,13852
2024-02-07T22:00:00.000Z,186.931,187.419,186.865,187.338,11508
2024-02-08T02:00:00.000Z,187.338,187.745,187.338,187.666,13452
2024-02-08T06:00:00.000Z,187.666,188.007,187.659,187.884,21772
2024-02-08T10:00:00.000Z,187.884,188.222,187.836,187.946,26174
2024-02-08T14:00:00.000Z,187.948,188.483,187.78,188.466,25576
2024-02-08T18:00:00.000Z,188.468,188.485,188.318,188.442,14980
2024-02-08T22:00:00.000Z,188.338,188.481,188.238,188.372,10523
2024-02-09T02:00:00.000Z,188.372,188.572,188.343,188.459,10024
2024-02-09T06:00:00.000Z,188.459,188.862,188.256,188.434,21132
2024-02-09T10:00:00.000Z,188.433,188.55,188.23,188.529,24277
2024-02-09T14:00:00.000Z,188.528,188.814,188.43,188.627,23883
2024-02-09T18:00:00.000Z,188.626,188.754,188.492,188.521,11125
2024-02-11T22:00:00.000Z,188.404,188.591,188.303,188.498,8662
2024-02-12T02:00:00.000Z,188.503,188.534,188.395,188.442,5618
2024-02-12T06:00:00.000Z,188.442,188.639,188.163,188.213,21152
2024-02-12T10:00:00.000Z,188.213,188.292,187.853,188.135,18876
2024-02-12T14:00:00.000Z,188.135,188.71,188.132,188.65,20659
2024-02-12T18:00:00.000Z,188.651,188.719,188.553,188.591,12716
2024-02-12T22:00:00.000Z,188.55,188.673,188.475,188.507,8079
2024-02-13T02:00:00.000Z,188.508,188.712,188.436,188.655,9358
2024-02-13T06:00:00.000Z,188.656,189.335,188.571,189.28,19706
2024-02-13T10:00:00.000Z,189.28,189.56,188.884,189.437,23890
2024-02-13T14:00:00.000Z,189.438,190.073,189.291,189.982,30090
2024-02-13T18:00:00.000Z,189.984,190.009,189.693,189.878,15485
2024-02-13T22:00:00.000Z,189.797,189.883,189.5,189.634,11208
2024-02-14T02:00:00.000Z,189.633,189.731,189.547,189.693,13433
2024-02-14T06:00:00.000Z,189.692,189.831,188.752,188.894,26173
2024-02-14T10:00:00.000Z,188.894,189.303,188.846,189.254,21801
2024-02-14T14:00:00.000Z,189.254,189.274,188.863,189.005,26444
2024-02-14T18:00:00.000Z,189.006,189.26,188.971,189.244,13429
2024-02-14T22:00:00.000Z,189.074,189.221,188.622,188.686,11296
2024-02-15T02:00:00.000Z,188.686,188.856,188.604,188.699,12460
2024-02-15T06:00:00.000Z,188.703,188.769,188.235,188.345,21701
2024-02-15T10:00:00.000Z,188.345,188.491,187.94,188.331,21072
2024-02-15T14:00:00.000Z,188.329,188.997,188.327,188.909,29098
2024-02-15T18:00:00.000Z,188.909,188.964,188.772,188.93,14707
2024-02-15T22:00:00.000Z,188.75,189.033,188.724,188.895,10220
2024-02-16T02:00:00.000Z,188.896,189.151,188.882,188.955,13677
2024-02-16T06:00:00.000Z,188.955,189.335,188.909,189.142,19960
2024-02-16T10:00:00.000Z,189.148,189.253,189.042,189.15,20038
2024-02-16T14:00:00.000Z,189.155,189.424,188.878,189.392,27949
2024-02-16T18:00:00.000Z,189.392,189.516,189.192,189.228,12921
2024-02-18T22:00:00.000Z,189.228,189.357,189.046,189.179,8706
2024-02-19T02:00:00.000Z,189.176,189.324,189.089,189.29,9456
2024-02-19T06:00:00.000Z,189.29,189.386,189.001,189.138,16493
2024-02-19T10:00:00.000Z,189.141,189.296,188.93,188.948,14207
2024-02-19T14:00:00.000Z,188.948,189.129,188.905,189.102,10488
2024-02-19T18:00:00.000Z,189.102,189.192,189.074,189.152,2568
2024-02-19T22:00:00.000Z,189.002,189.211,188.952,189.103,12688
2024-02-20T02:00:00.000Z,189.103,189.273,189.071,189.259,11214
2024-02-20T06:00:00.000Z,189.261,189.495,189.129,189.395,20716
2024-02-20T10:00:00.000Z,189.395,189.662,189.078,189.621,24700
2024-02-20T14:00:00.000Z,189.618,189.721,189.315,189.396,26867
2024-02-20T18:00:00.000Z,189.395,189.404,189.197,189.321,16114
2024-02-20T22:00:00.000Z,189.26,189.477,189.212,189.408,9954
2024-02-21T02:00:00.000Z,189.408,189.522,189.341,189.485,11858
2024-02-21T06:00:00.000Z,189.484,189.666,189.152,189.292,19487
2024-02-21T10:00:00.000Z,189.294,189.477,189.165,189.456,20352
2024-02-21T14:00:00.000Z,189.46,189.763,189.353,189.626,32850
2024-02-21T18:00:00.000Z,189.626,189.917,189.554,189.908,24567
2024-02-21T22:00:00.000Z,189.844,190.23,189.81,189.986,17797
2024-02-22T02:00:00.000Z,189.986,190.114,189.892,190.027,21358
2024-02-22T06:00:00.000Z,190.027,190.826,189.95,190.354,32476
2024-02-22T10:00:00.000Z,190.354,190.59,190.11,190.14,30017
2024-02-22T14:00:00.000Z,190.14,190.656,189.847,190.609,40364
2024-02-22T18:00:00.000Z,190.608,190.641,190.48,190.579,26793
2024-02-22T22:00:00.000Z,190.448,190.564,190.392,190.516,15114
2024-02-23T02:00:00.000Z,190.516,190.732,190.468,190.691,15680
2024-02-23T06:00:00.000Z,190.69,190.956,190.637,190.785,29837
2024-02-23T10:00:00.000Z,190.786,191.14,190.772,191.005,34410
2024-02-23T14:00:00.000Z,191.007,191.015,190.491,190.686,35140
2024-02-23T18:00:00.000Z,190.686,190.763,190.593,190.717,18623
2024-02-25T22:00:00.000Z,190.626,190.775,190.327,190.458,8700
2024-02-26T02:00:00.000Z,190.46,190.682,190.441,190.547,6734
2024-02-26T06:00:00.000Z,190.547,191.013,190.47,190.994,17278
2024-02-26T10:00:00.000Z,190.995,191.31,190.902,191.273,25802
2024-02-26T14:00:00.000Z,191.275,191.31,191.034,191.114,34046
2024-02-26T18:00:00.000Z,191.117,191.197,191.058,191.176,21082
2024-02-26T22:00:00.000Z,191.099,191.143,190.786,190.825,14120
2024-02-27T02:00:00.000Z,190.827,190.872,190.709,190.846,15943
2024-02-27T06:00:00.000Z,190.846,190.937,190.482,190.669,25756
2024-02-27T10:00:00.000Z,190.669,190.791,190.351,190.57,33211
2024-02-27T14:00:00.000Z,190.572,190.988,190.46,190.815,33722
2024-02-27T18:00:00.000Z,190.815,190.932,190.742,190.928,20481
2024-02-27T22:00:00.000Z,190.795,190.894,190.622,190.642,15056
2024-02-28T02:00:00.000Z,190.643,190.79,190.556,190.638,23071
2024-02-28T06:00:00.000Z,190.641,190.871,190.272,190.31,29024
2024-02-28T10:00:00.000Z,190.309,190.664,190.258,190.542,29078
2024-02-28T14:00:00.000Z,190.543,190.93,190.476,190.783,34626
2024-02-28T18:00:00.000Z,190.777,190.826,190.628,190.796,20088
2024-02-28T22:00:00.000Z,190.603,190.752,190.11,190.152,16564
2024-02-29T02:00:00.000Z,190.152,190.169,189.594,189.874,23538
2024-02-29T06:00:00.000Z,189.869,189.881,189.35,189.743,33691
2024-02-29T10:00:00.000Z,189.745,190.03,189.448,189.505,34350
2024-02-29T14:00:00.000Z,189.505,189.744,189.04,189.247,38232
2024-02-29T18:00:00.000Z,189.248,189.332,189.115,189.327,20464
2024-02-29T22:00:00.000Z,189.254,189.962,189.217,189.957,18980
2024-03-01T02:00:00.000Z,189.952,190.028,189.845,189.948,21733
2024-03-01T06:00:00.000Z,189.947,190.385,189.821,190.233,26510
2024-03-01T10:00:00.000Z,190.234,190.293,189.705,190.265,32216
2024-03-01T14:00:00.000Z,190.265,190.281,189.598,190.027,40911
2024-03-01T18:00:00.000Z,190.026,190.093,189.933,189.971,20731
2024-03-03T22:00:00.000Z,189.852,190.124,189.775,190.048,8904
2024-03-04T02:00:00.000Z,190.049,190.34,190.009,190.318,7141
2024-03-04T06:00:00.000Z,190.318,190.64,190.233,190.472,15358
2024-03-04T10:00:00.000Z,190.472,190.794,190.468,190.744,18656
2024-03-04T14:00:00.000Z,190.742,191.186,190.725,191.104,30297
2024-03-04T18:00:00.000Z,191.105,191.109,190.931,191.013,14975
2024-03-04T22:00:00.000Z,190.946,191.048,190.814,190.937,15598
2024-03-05T02:00:00.000Z,190.936,191.026,190.835,190.873,19459
2024-03-05T06:00:00.000Z,190.873,190.918,190.528,190.804,25656
2024-03-05T10:00:00.000Z,190.802,190.86,190.408,190.475,25864
2024-03-05T14:00:00.000Z,190.474,191.031,190.397,190.781,40505
2024-03-05T18:00:00.000Z,190.782,190.782,190.303,190.637,22226
2024-03-05T22:00:00.000Z,190.529,190.666,190.301,190.425,15893
2024-03-06T02:00:00.000Z,190.424,190.512,190.333,190.438,15027
2024-03-06T06:00:00.000Z,190.441,190.68,189.848,190.503,29229
2024-03-06T10:00:00.000Z,190.504,190.601,189.997,190.053,29318
2024-03-06T14:00:00.000Z,190.054,190.457,189.948,190.295,37526
2024-03-06T18:00:00.000Z,190.295,190.347,190.138,190.188,21937
2024-03-06T22:00:00.000Z,190.102,190.153,189.13,189.185,23507
2024-03-07T02:00:00.000Z,189.173,189.372,189.043,189.262,28378
2024-03-07T06:00:00.000Z,189.262,189.296,188.24,188.68,32092
2024-03-07T10:00:00.000Z,188.678,188.698,188.22,188.427,32157
2024-03-07T14:00:00.000Z,188.428,189.568,188.389,189.455,41193
2024-03-07T18:00:00.000Z,189.457,189.72,189.441,189.609,21007
2024-03-07T22:00:00.000Z,189.471,189.711,189.104,189.538,16417
2024-03-08T02:00:00.000Z,189.538,189.666,189.283,189.325,17355
2024-03-08T06:00:00.000Z,189.323,189.609,188.375,188.732,26730
2024-03-08T10:00:00.000Z,188.728,189.188,188.531,189.042,29314
2024-03-08T14:00:00.000Z,189.044,189.483,188.893,188.906,41405
2024-03-08T18:00:00.000Z,188.908,189.12,188.764,189.099,22004
2024-03-10T21:00:00.000Z,189.019,189.142,188.584,188.67,14238
2024-03-11T01:00:00.000Z,188.675,188.979,188.447,188.783,16472
2024-03-11T05:00:00.000Z,188.78,188.969,188.206,188.326,22554
2024-03-11T09:00:00.000Z,188.326,188.59,188.138,188.287,26629
2024-03-11T13:00:00.000Z,188.282,188.591,187.953,188.088,29347
2024-03-11T17:00:00.000Z,188.088,188.304,187.974,188.276,20205
2024-03-11T21:00:00.000Z,188.141,188.296,187.969,188.227,11986
2024-03-12T01:00:00.000Z,188.227,189.021,188.223,188.928,19743
2024-03-12T05:00:00.000Z,188.928,189.193,188.221,188.367,24390
2024-03-12T09:00:00.000Z,188.367,189.04,188.317,188.562,30878
2024-03-12T13:00:00.000Z,188.563,188.926,188.457,188.733,40423
2024-03-12T17:00:00.000Z,188.733,188.951,188.67,188.937,25218
2024-03-12T21:00:00.000Z,188.778,188.92,188.536,188.542,15128
2024-03-13T01:00:00.000Z,188.536,188.765,188.403,188.75,23537
2024-03-13T05:00:00.000Z,188.749,189.203,188.576,189.171,30912
2024-03-13T09:00:00.000Z,189.171,189.541,188.923,189.365,30112
2024-03-13T13:00:00.000Z,189.363,189.41,188.944,189.023,31260
2024-03-13T17:00:00.000Z,189.023,189.193,188.796,189.1,19303
2024-03-13T21:00:00.000Z,188.997,189.064,188.805,188.915,12941
2024-03-14T01:00:00.000Z,188.909,189.239,188.852,189.206,17711
2024-03-14T05:00:00.000Z,189.205,189.442,189.138,189.367,22355
2024-03-14T09:00:00.000Z,189.366,189.514,188.906,189.165,26358
2024-03-14T13:00:00.000Z,189.167,189.295,188.585,188.911,44000
2024-03-14T17:00:00.000Z,188.911,189.173,188.875,189.135,19443
2024-03-14T21:00:00.000Z,189.052,189.177,188.952,189.061,12104
2024-03-15T01:00:00.000Z,189.068,189.267,188.837,188.925,17163
2024-03-15T05:00:00.000Z,188.929,189.655,188.583,189.431,26191
2024-03-15T09:00:00.000Z,189.43,189.752,189.389,189.695,25581
2024-03-15T13:00:00.000Z,189.694,190.02,189.658,189.799,31622
2024-03-15T17:00:00.000Z,189.799,189.91,189.644,189.833,17315
2024-03-17T21:00:00.000Z,189.606,190.058,189.606,190.042,10238
2024-03-18T01:00:00.000Z,190.05,190.111,189.652,189.836,16302
2024-03-18T05:00:00.000Z,189.833,190.155,189.809,190.059,19736
2024-03-18T09:00:00.000Z,190.059,190.12,189.827,189.984,22107
2024-03-18T13:00:00.000Z,189.985,190.058,189.68,189.798,28496
2024-03-18T17:00:00.000Z,189.797,189.868,189.527,189.852,15074
2024-03-18T21:00:00.000Z,189.882,189.886,189.647,189.788,10283
2024-03-19T01:00:00.000Z,189.791,190.81,189.601,190.716,26660
2024-03-19T05:00:00.000Z,190.718,191.193,190.567,190.761,33114
2024-03-19T09:00:00.000Z,190.76,191.226,190.713,191.111,29127
2024-03-19T13:00:00.000Z,191.106,192.088,191.048,192.074,27737
2024-03-19T17:00:00.000Z,192.074,192.163,191.891,191.906,14589
2024-03-19T21:00:00.000Z,191.889,192.378,191.758,192.225,12303
2024-03-20T01:00:00.000Z,192.22,192.757,192.186,192.668,16654
2024-03-20T05:00:00.000Z,192.667,192.851,192.285,192.387,23358
2024-03-20T09:00:00.000Z,192.384,192.653,192.359,192.636,23581
2024-03-20T13:00:00.000Z,192.637,192.842,192.531,192.821,24391
2024-03-20T17:00:00.000Z,192.821,193.528,192.426,193.377,36374
2024-03-20T21:00:00.000Z,193.367,193.39,192.608,192.701,19552
2024-03-21T01:00:00.000Z,192.702,192.852,192.339,192.817,23157
2024-03-21T05:00:00.000Z,192.817,193.499,192.808,192.963,28994
2024-03-21T09:00:00.000Z,192.965,193.216,192.229,192.51,32970
2024-03-21T13:00:00.000Z,192.51,192.596,191.863,192.107,35715
2024-03-21T17:00:00.000Z,192.108,192.204,191.836,191.878,15653
2024-03-21T21:00:00.000Z,191.887,192.07,191.796,192.038,10925
2024-03-22T01:00:00.000Z,192.037,192.232,191.443,191.628,23586
2024-03-22T05:00:00.000Z,191.627,191.671,190.495,190.825,26643
2024-03-22T09:00:00.000Z,190.825,190.963,190.382,190.821,26648
2024-03-22T13:00:00.000Z,190.822,190.869,190.497,190.669,32119
2024-03-22T17:00:00.000Z,190.67,190.788,190.548,190.751,14732
2024-03-24T21:00:00.000Z,190.646,190.774,190.338,190.558,12855
2024-03-25T01:00:00.000Z,190.559,190.817,190.43,190.803,20584
2024-03-25T05:00:00.000Z,190.8,190.909,190.592,190.83,19660
2024-03-25T09:00:00.000Z,190.831,191.305,190.747,191.126,21555
2024-03-25T13:00:00.000Z,191.127,191.564,191.066,191.457,22063
2024-03-25T17:00:00.000Z,191.458,191.515,191.318,191.342,12252
2024-03-25T21:00:00.000Z,191.307,191.377,191.213,191.257,8955
2024-03-26T01:00:00.000Z,191.255,191.38,191.203,191.343,15720
2024-03-26T05:00:00.000Z,191.342,191.535,191.274,191.328,18059
2024-03-26T09:00:00.000Z,191.329,191.676,191.174,191.43,22607
2024-03-26T13:00:00.000Z,191.43,191.507,191.092,191.358,26294
2024-03-26T17:00:00.000Z,191.357,191.421,191.293,191.368,14156
2024-03-26T21:00:00.000Z,191.266,191.288,191.045,191.111,10212
2024-03-27T01:00:00.000Z,191.108,191.527,191.087,191.266,20052
2024-03-27T05:00:00.000Z,191.264,191.514,191.191,191.45,22185
2024-03-27T09:00:00.000Z,191.451,191.453,190.493,190.696,31339
2024-03-27T13:00:00.000Z,190.696,191.067,190.626,191.003,24770
2024-03-27T17:00:00.000Z,191.001,191.181,190.972,191.129,13133
2024-03-27T21:00:00.000Z,190.958,191.123,190.755,191.112,13138
2024-03-28T01:00:00.000Z,191.113,191.244,190.988,191.106,14917
2024-03-28T05:00:00.000Z,191.107,191.162,190.693,190.827,18202
2024-03-28T09:00:00.000Z,190.827,191.09,190.553,191.079,23502
2024-03-28T13:00:00.000Z,191.078,191.306,190.835,191.132,31414
2024-03-28T17:00:00.000Z,191.133,191.201,190.911,190.989,13633
2024-03-28T21:00:00.000Z,191.028,191.196,190.871,191.009,9893
2024-03-29T01:00:00.000Z,191.009,191.155,190.786,190.927,15117
2024-03-29T05:00:00.000Z,190.929,191.129,190.837,191.053,11763
2024-03-29T09:00:00.000Z,191.052,191.073,190.767,191.003,10154
2024-03-29T13:00:00.000Z,191.004,191.195,190.955,191.007,9984
2024-03-29T17:00:00.000Z,191.008,191.049,190.812,190.969,5033
2024-03-31T21:00:00.000Z,191.04,191.345,190.928,191.254,13146
2024-04-01T01:00:00.000Z,191.256,191.292,190.982,191.174,13552
2024-04-01T05:00:00.000Z,191.175,191.214,190.934,191.028,14965
2024-04-01T09:00:00.000Z,191.027,191.096,190.85,191.015,15808
2024-04-01T13:00:00.000Z,191.014,191.046,190.269,190.313,26540
2024-04-01T17:00:00.000Z,190.313,190.337,190.174,190.331,13064
2024-04-01T21:00:00.000Z,190.33,190.387,190.032,190.315,10900
2024-04-02T01:00:00.000Z,190.316,190.412,190.17,190.377,15284
2024-04-02T05:00:00.000Z,190.377,190.51,190.235,190.485,21749
2024-04-02T09:00:00.000Z,190.486,190.711,190.45,190.467,20929
2024-04-02T13:00:00.000Z,190.467,190.626,190.323,190.574,29593
2024-04-02T17:00:00.000Z,190.569,190.667,190.494,190.628,12790
2024-04-02T21:00:00.000Z,190.612,190.671,190.417,190.54,9746
2024-04-03T01:00:00.000Z,190.54,190.715,190.471,190.678,12680
2024-04-03T05:00:00.000Z,190.679,190.905,190.576,190.832,17784
2024-04-03T09:00:00.000Z,190.831,191.04,190.676,190.915,23009
2024-04-03T13:00:00.000Z,190.916,191.804,190.881,191.765,32749
2024-04-03T17:00:00.000Z,191.764,191.927,191.717,191.904,14018
2024-04-03T21:00:00.000Z,191.759,191.897,191.718,191.763,10562
2024-04-04T01:00:00.000Z,191.765,191.958,191.743,191.923,11631
2024-04-04T05:00:00.000Z,191.922,192.186,191.828,192.112,18382
2024-04-04T09:00:00.000Z,192.114,192.216,191.912,192.083,18794
2024-04-04T13:00:00.000Z,192.082,192.242,192.024,192.068,22973
2024-04-04T17:00:00.000Z,192.068,192.132,191.004,191.311,24140
2024-04-04T21:00:00.000Z,191.205,191.306,190.719,190.853,16395
2024-04-05T01:00:00.000Z,190.852,191.013,190.663,190.909,18601
2024-04-05T05:00:00.000Z,190.912,191.402,190.751,191.334,20992
2024-04-05T09:00:00.000Z,191.332,191.403,190.86,191.006,24194
2024-04-05T13:00:00.000Z,191.006,191.546,190.781,191.513,34641
2024-04-05T17:00:00.000Z,191.513,191.626,191.445,191.612,16661
2024-04-07T21:00:00.000Z,191.384,191.607,191.342,191.395,10887
2024-04-08T01:00:00.000Z,191.397,191.821,191.382,191.704,19546
2024-04-08T05:00:00.000Z,191.701,191.841,191.598,191.728,20455
2024-04-08T09:00:00.000Z,191.73,191.86,191.621,191.763,17957
2024-04-08T13:00:00.000Z,191.764,192.134,191.763,192.045,24862
2024-04-08T17:00:00.000Z,192.045,192.182,191.98,192.16,13299
2024-04-08T21:00:00.000Z,192.002,192.235,191.984,192.218,10035
2024-04-09T01:00:00.000Z,192.218,192.262,192.145,192.234,13870
2024-04-09T05:00:00.000Z,192.238,192.339,192.13,192.293,16090
2024-04-09T09:00:00.000Z,192.295,192.777,192.153,192.693,21258
2024-04-09T13:00:00.000Z,192.694,192.847,192.132,192.154,27440
2024-04-09T17:00:00.000Z,192.153,192.414,192.078,192.4,15162
2024-04-09T21:00:00.000Z,192.315,192.422,192.199,192.305,8856
2024-04-10T01:00:00.000Z,192.305,192.419,192.244,192.417,14425
2024-04-10T05:00:00.000Z,192.417,192.768,192.353,192.767,16192
2024-04-10T09:00:00.000Z,192.767,192.932,191.542,192.171,23505
2024-04-10T13:00:00.000Z,192.17,192.182,191.465,191.68,40755
2024-04-10T17:00:00.000Z,191.68,192.135,191.461,192.05,27805
2024-04-10T21:00:00.000Z,191.951,191.991,191.557,191.606,16492
2024-04-11T01:00:00.000Z,191.604,191.906,191.565,191.834,17097
2024-04-11T05:00:00.000Z,191.835,192.577,191.813,192.318,25397
2024-04-11T09:00:00.000Z,192.319,192.375,191.817,192.074,30939
2024-04-11T13:00:00.000Z,192.074,192.346,191.771,192.1,35745
2024-04-11T17:00:00.000Z,192.103,192.434,192.055,192.381,18556
2024-04-11T21:00:00.000Z,192.375,192.397,192.04,192.049,10716
2024-04-12T01:00:00.000Z,192.052,192.351,192.052,192.116,15601
2024-04-12T05:00:00.000Z,192.116,192.189,191.709,191.75,23262
2024-04-12T09:00:00.000Z,191.75,191.792,190.324,190.36,28205
2024-04-12T13:00:00.000Z,190.358,190.788,189.98,190.592,41734
2024-04-12T17:00:00.000Z,190.595,190.873,190.535,190.833,21742
2024-04-14T21:00:00.000Z,190.398,191.09,190.322,191.089,17129
2024-04-15T01:00:00.000Z,191.09,191.656,191.043,191.612,22159
2024-04-15T05:00:00.000Z,191.614,192.205,191.611,192.049,28005
2024-04-15T09:00:00.000Z,192.05,192.447,191.908,192.408,27286
2024-04-15T13:00:00.000Z,192.412,192.706,191.728,192.212,36217
2024-04-15T17:00:00.000Z,192.21,192.212,191.732,191.974,22263
2024-04-15T21:00:00.000Z,191.9,191.999,191.78,191.891,12068
2024-04-16T01:00:00.000Z,191.892,191.966,191.677,191.803,18338
2024-04-16T05:00:00.000Z,191.802,192.344,191.636,192.149,27018
2024-04-16T09:00:00.000Z,192.148,192.799,192.148,192.69,24999
2024-04-16T13:00:00.000Z,192.689,192.803,191.862,192.223,37492
2024-04-16T17:00:00.000Z,192.226,192.486,192.001,192.234,27570
2024-04-16T21:00:00.000Z,192.189,192.327,192.117,192.268,11570
2024-04-17T01:00:00.000Z,192.268,192.384,192.161,192.212,14472
2024-04-17T05:00:00.000Z,192.213,192.816,192,192.755,27326
2024-04-17T09:00:00.000Z,192.755,192.816,192.505,192.51,21619
2024-04-17T13:00:00.000Z,192.512,192.836,191.725,191.735,35953
2024-04-17T17:00:00.000Z,191.735,192.37,191.669,192.267,24802
2024-04-17T21:00:00.000Z,192.181,192.261,192.07,192.125,11743
2024-04-18T01:00:00.000Z,192.124,192.432,191.887,192.404,18356
2024-04-18T05:00:00.000Z,192.404,192.594,192.256,192.538,22134
2024-04-18T09:00:00.000Z,192.539,192.779,192.261,192.319,23815
2024-04-18T13:00:00.000Z,192.32,192.751,192.225,192.477,32157
2024-04-18T17:00:00.000Z,192.477,192.488,192.228,192.295,18917
2024-04-18T21:00:00.000Z,192.319,192.342,192.083,192.156,11003
2024-04-19T01:00:00.000Z,192.156,192.167,190.294,191.654,43517
2024-04-19T05:00:00.000Z,191.652,192.354,191.268,192.09,31486
2024-04-19T09:00:00.000Z,192.091,192.597,192.072,192.371,25988
2024-04-19T13:00:00.000Z,192.371,192.722,191.273,191.519,31496
2024-04-19T17:00:00.000Z,191.518,191.586,191.151,191.301,19431
2024-04-21T21:00:00.000Z,191.27,191.552,191.004,191.364,14809
2024-04-22T01:00:00.000Z,191.364,191.691,191.351,191.627,14506
2024-04-22T05:00:00.000Z,191.629,191.682,190.962,191.32,21398
2024-04-22T09:00:00.000Z,191.32,191.345,190.463,190.51,23275
2024-04-22T13:00:00.000Z,190.509,191.163,190.312,191.121,23551
2024-04-22T17:00:00.000Z,191.121,191.369,191.096,191.256,13305
2024-04-22T21:00:00.000Z,191.172,191.249,191.106,191.227,7597
2024-04-23T01:00:00.000Z,191.227,191.275,191.039,191.124,14376
2024-04-23T05:00:00.000Z,191.123,191.807,190.824,191.536,22462
2024-04-23T09:00:00.000Z,191.536,192.028,191.084,191.831,21677
2024-04-23T13:00:00.000Z,191.826,192.761,191.72,192.669,31822
2024-04-23T17:00:00.000Z,192.671,192.844,192.434,192.759,15773
2024-04-23T21:00:00.000Z,192.602,192.892,192.585,192.848,8763
2024-04-24T01:00:00.000Z,192.847,192.951,192.809,192.844,13125
2024-04-24T05:00:00.000Z,192.846,192.931,192.411,192.478,17729
2024-04-24T09:00:00.000Z,192.48,192.91,192.442,192.777,19734
2024-04-24T13:00:00.000Z,192.777,193.068,192.657,193.054,28222
2024-04-24T17:00:00.000Z,193.055,193.633,193.046,193.623,15907
2024-04-24T21:00:00.000Z,193.342,193.69,193.3,193.619,9434
2024-04-25T01:00:00.000Z,193.621,194.016,193.515,193.968,15811
2024-04-25T05:00:00.000Z,193.97,194.942,193.967,194.913,22138
2024-04-25T09:00:00.000Z,194.915,194.924,193.946,194.248,24495
2024-04-25T13:00:00.000Z,194.247,194.656,193.588,194.615,36841
2024-04-25T17:00:00.000Z,194.612,194.815,194.499,194.738,20607
2024-04-25T21:00:00.000Z,194.75,194.75,194.505,194.615,10062
2024-04-26T01:00:00.000Z,194.615,195.291,194.336,195.255,16921
2024-04-26T05:00:00.000Z,195.255,196.414,193.957,196.109,30105
2024-04-26T09:00:00.000Z,196.113,196.593,195.62,196.162,28649
2024-04-26T13:00:00.000Z,196.166,196.939,195.857,196.85,36847
2024-04-26T17:00:00.000Z,196.85,197.923,196.779,197.739,17232
2024-04-28T21:00:00.000Z,196.964,198.102,196.952,197.977,13757
2024-04-29T01:00:00.000Z,197.979,200.553,194.716,196.044,34749
2024-04-29T05:00:00.000Z,196.037,197.037,193.592,195.121,46389
2024-04-29T09:00:00.000Z,195.133,196.21,194.494,195.977,29514
2024-04-29T13:00:00.000Z,195.979,196.778,194.895,195.796,30771
2024-04-29T17:00:00.000Z,195.775,196.406,195.402,196.388,21069
2024-04-29T21:00:00.000Z,196.257,196.935,196.066,196.872,12685
2024-04-30T01:00:00.000Z,196.87,197.05,196.548,196.652,17167
2024-04-30T05:00:00.000Z,196.653,196.848,196.137,196.778,23658
2024-04-30T09:00:00.000Z,196.781,197.11,196.561,197.1,26591
2024-04-30T13:00:00.000Z,197.1,197.371,196.85,196.936,36186
2024-04-30T17:00:00.000Z,196.931,197.238,196.884,197.127,15852
2024-04-30T21:00:00.000Z,196.934,197.106,196.885,196.958,14334
2024-05-01T01:00:00.000Z,196.953,197.103,196.885,196.965,11171
2024-05-01T05:00:00.000Z,196.965,197.405,196.849,197.403,14965
2024-05-01T09:00:00.000Z,197.403,197.423,196.984,197.028,17367
2024-05-01T13:00:00.000Z,197.03,197.13,196.541,196.712,27731
2024-05-01T17:00:00.000Z,196.713,197.209,191.772,193.44,44921
2024-05-01T21:00:00.000Z,193.693,195.546,193.091,195.441,25266
2024-05-02T01:00:00.000Z,195.441,195.741,195.176,195.308,22563
2024-05-02T05:00:00.000Z,195.308,195.373,194.21,194.25,33171
2024-05-02T09:00:00.000Z,194.247,194.439,193.33,193.375,31678
2024-05-02T13:00:00.000Z,193.375,193.556,191.865,192.45,42554
2024-05-02T17:00:00.000Z,192.455,192.86,191.847,192.666,23358
2024-05-02T21:00:00.000Z,192.56,192.681,191.704,192.101,16506
2024-05-03T01:00:00.000Z,192.101,192.211,191.762,191.864,18347
2024-05-03T05:00:00.000Z,191.862,192.555,191.835,192.405,25507
2024-05-03T09:00:00.000Z,192.406,192.506,191.71,191.855,29954
2024-05-03T13:00:00.000Z,191.862,192.052,191.357,191.739,43201
2024-05-03T17:00:00.000Z,191.741,191.975,191.707,191.786,15595
2024-05-05T21:00:00.000Z,191.834,192.821,191.64,192.539,11908
2024-05-06T01:00:00.000Z,192.536,193.178,192.519,193.079,17005
2024-05-06T05:00:00.000Z,193.078,193.445,192.952,193.405,20752
2024-05-06T09:00:00.000Z,193.404,193.502,193.166,193.29,19390
2024-05-06T13:00:00.000Z,193.29,193.664,193.257,193.356,23343
2024-05-06T17:00:00.000Z,193.356,193.481,193.294,193.313,14215
2024-05-06T21:00:00.000Z,193.273,193.76,193.204,193.473,11942
2024-05-07T01:00:00.000Z,193.479,194.124,193.4,193.904,17024
2024-05-07T05:00:00.000Z,193.904,193.989,192.983,193.609,23367
2024-05-07T09:00:00.000Z,193.609,194.019,193.547,193.833,20689
2024-05-07T13:00:00.000Z,193.836,194.008,193.515,193.534,26036
2024-05-07T17:00:00.000Z,193.534,193.621,193.365,193.487,17430
2024-05-07T21:00:00.000Z,193.374,193.589,193.272,193.546,11852
2024-05-08T01:00:00.000Z,193.547,193.862,193.507,193.761,21545
2024-05-08T05:00:00.000Z,193.759,193.982,193.637,193.9,24451
2024-05-08T09:00:00.000Z,193.9,194.271,193.849,194.194,25242
2024-05-08T13:00:00.000Z,194.192,194.414,194.059,194.396,28387
2024-05-08T17:00:00.000Z,194.395,194.509,194.341,194.452,14586
2024-05-08T21:00:00.000Z,194.169,194.453,193.827,194.373,13669
2024-05-09T01:00:00.000Z,194.374,194.464,194.223,194.333,19373
2024-05-09T05:00:00.000Z,194.33,194.483,194.304,194.384,20404
2024-05-09T09:00:00.000Z,194.385,194.858,194.051,194.662,31290
2024-05-09T13:00:00.000Z,194.662,194.82,194.426,194.754,31466
2024-05-09T17:00:00.000Z,194.755,194.814,194.613,194.701,15498
2024-05-09T21:00:00.000Z,194.652,194.812,194.479,194.724,12698
2024-05-10T01:00:00.000Z,194.722,194.99,194.677,194.823,19164
2024-05-10T05:00:00.000Z,194.822,195.307,194.755,195.144,28655
2024-05-10T09:00:00.000Z,195.151,195.226,195.024,195.126,25591
2024-05-10T13:00:00.000Z,195.125,195.334,194.827,195.319,34424
2024-05-10T17:00:00.000Z,195.319,195.34,195.059,195.11,14405
2024-05-12T21:00:00.000Z,194.882,195.265,194.839,195.244,7830
2024-05-13T01:00:00.000Z,195.243,195.262,194.733,195.138,16195
2024-05-13T05:00:00.000Z,195.138,195.356,195.051,195.353,19934
2024-05-13T09:00:00.000Z,195.354,195.665,195.229,195.561,25844
2024-05-13T13:00:00.000Z,195.561,196.274,195.501,196.228,33510
2024-05-13T17:00:00.000Z,196.226,196.252,196.071,196.177,17311
2024-05-13T21:00:00.000Z,196.086,196.372,196.043,196.262,12029
2024-05-14T01:00:00.000Z,196.262,196.482,196.261,196.354,19777
2024-05-14T05:00:00.000Z,196.354,196.617,195.715,196.013,27548
2024-05-14T09:00:00.000Z,196.013,196.675,195.942,196.556,27609
2024-05-14T13:00:00.000Z,196.556,197.054,196.457,196.933,34536
2024-05-14T17:00:00.000Z,196.933,197.021,196.859,196.964,13255
2024-05-14T21:00:00.000Z,196.787,197.071,196.787,196.864,8971
2024-05-15T01:00:00.000Z,196.864,197.089,196.764,196.903,13688
2024-05-15T05:00:00.000Z,196.904,196.964,196.13,196.307,26356
2024-05-15T09:00:00.000Z,196.305,196.752,195.776,196.145,32207
2024-05-15T13:00:00.000Z,196.146,196.6,196.044,196.421,42990
2024-05-15T17:00:00.000Z,196.421,196.543,196.126,196.463,20134
2024-05-15T21:00:00.000Z,196.333,196.404,195.055,195.136,19348
2024-05-16T01:00:00.000Z,195.137,195.739,195.042,195.3,28447
2024-05-16T05:00:00.000Z,195.302,196.205,195.204,196.084,30693
2024-05-16T09:00:00.000Z,196.086,196.563,195.795,196.536,28568
2024-05-16T13:00:00.000Z,196.536,196.9,196.465,196.763,32378
2024-05-16T17:00:00.000Z,196.764,196.911,196.667,196.877,15310
2024-05-16T21:00:00.000Z,196.793,197.025,196.787,196.867,12174
2024-05-17T01:00:00.000Z,196.866,197.331,196.811,197.175,20327
2024-05-17T05:00:00.000Z,197.172,197.326,197.032,197.155,23597
2024-05-17T09:00:00.000Z,197.157,197.301,197.083,197.218,20401
2024-05-17T13:00:00.000Z,197.218,197.678,197.18,197.654,30635
2024-05-17T17:00:00.000Z,197.653,197.853,197.645,197.749,15076
2024-05-19T21:00:00.000Z,197.491,198.037,197.375,198.03,5761
2024-05-20T01:00:00.000Z,198.033,198.088,197.751,197.941,7910
2024-05-20T05:00:00.000Z,197.946,197.979,197.382,197.79,18094
2024-05-20T09:00:00.000Z,197.789,198.396,197.665,198.254,23626
2024-05-20T13:00:00.000Z,198.252,198.542,198.191,198.53,27434
2024-05-20T17:00:00.000Z,198.529,198.64,198.342,198.544,13175
2024-05-20T21:00:00.000Z,198.456,198.849,198.351,198.804,9739
2024-05-21T01:00:00.000Z,198.806,198.907,198.649,198.846,17731
2024-05-21T05:00:00.000Z,198.845,198.889,198.406,198.614,25960
2024-05-21T09:00:00.000Z,198.614,198.837,198.481,198.545,24070
2024-05-21T13:00:00.000Z,198.547,198.593,198.257,198.386,34537
2024-05-21T17:00:00.000Z,198.383,198.61,198.349,198.484,14553
2024-05-21T21:00:00.000Z,198.385,198.696,198.352,198.671,9490
2024-05-22T01:00:00.000Z,198.671,198.785,198.651,198.717,17333
2024-05-22T05:00:00.000Z,198.715,199.538,198.637,199.166,24815
2024-05-22T09:00:00.000Z,199.164,199.245,198.868,199.227,27142
2024-05-22T13:00:00.000Z,199.225,199.479,199.099,199.425,32069
2024-05-22T17:00:00.000Z,199.424,199.497,199.018,199.42,23498
2024-05-22T21:00:00.000Z,199.308,199.487,199.234,199.445,12821
2024-05-23T01:00:00.000Z,199.444,199.584,199.329,199.434,16533
2024-05-23T05:00:00.000Z,199.434,199.717,199.083,199.402,27971
2024-05-23T09:00:00.000Z,199.402,199.6,199.13,199.573,26903
2024-05-23T13:00:00.000Z,199.572,199.892,199.216,199.641,41112
2024-05-23T17:00:00.000Z,199.642,199.648,199.016,199.288,23258
2024-05-23T21:00:00.000Z,199.122,199.438,199.122,199.312,13744
2024-05-24T01:00:00.000Z,199.309,199.44,199.205,199.332,15177
2024-05-24T05:00:00.000Z,199.33,199.5,199.005,199.462,23381
2024-05-24T09:00:00.000Z,199.463,199.798,199.439,199.774,23471
2024-05-24T13:00:00.000Z,199.775,200.063,199.672,199.78,31755
2024-05-24T17:00:00.000Z,199.78,199.983,199.749,199.877,14020
2024-05-26T21:00:00.000Z,199.848,199.986,199.667,199.771,9709
2024-05-27T01:00:00.000Z,199.772,199.816,199.605,199.76,12915
2024-05-27T05:00:00.000Z,199.76,199.998,199.675,199.977,15848
2024-05-27T09:00:00.000Z,199.978,200.143,199.888,200.049,17457
2024-05-27T13:00:00.000Z,200.049,200.427,200.021,200.349,15799
2024-05-27T17:00:00.000Z,200.351,200.392,200.26,200.359,8069
2024-05-27T21:00:00.000Z,200.289,200.427,200.228,200.373,9628
2024-05-28T01:00:00.000Z,200.371,200.42,200.148,200.159,17619
2024-05-28T05:00:00.000Z,200.158,200.46,200.155,200.301,22778
2024-05-28T09:00:00.000Z,200.301,200.527,200.287,200.423,23991
2024-05-28T13:00:00.000Z,200.423,200.624,200.363,200.545,32069
2024-05-28T17:00:00.000Z,200.544,200.642,200.384,200.583,20959
2024-05-28T21:00:00.000Z,200.477,200.735,200.408,200.712,13042
2024-05-29T01:00:00.000Z,200.711,200.736,200.475,200.526,18477
2024-05-29T05:00:00.000Z,200.526,200.611,200.116,200.387,28388
2024-05-29T09:00:00.000Z,200.389,200.605,200.27,200.333,27044
2024-05-29T13:00:00.000Z,200.335,200.522,200.04,200.516,35995
2024-05-29T17:00:00.000Z,200.513,200.517,200.216,200.258,18036
2024-05-29T21:00:00.000Z,200.177,200.233,199.671,199.745,13137
2024-05-30T01:00:00.000Z,199.745,199.979,199.455,199.545,21140
2024-05-30T05:00:00.000Z,199.545,199.612,198.747,199.508,34685
2024-05-30T09:00:00.000Z,199.507,199.667,199.118,199.319,31236
2024-05-30T13:00:00.000Z,199.321,199.732,198.993,199.645,36359
2024-05-30T17:00:00.000Z,199.645,199.761,199.556,199.649,16920
2024-05-30T21:00:00.000Z,199.578,199.881,199.345,199.532,14595
2024-05-31T01:00:00.000Z,199.531,199.74,199.23,199.34,24246
2024-05-31T05:00:00.000Z,199.341,199.986,199.313,199.915,29329
2024-05-31T09:00:00.000Z,199.916,200.258,199.629,199.936,31460
2024-05-31T13:00:00.000Z,199.941,200.244,199.697,200.081,42375
2024-05-31T17:00:00.000Z,200.081,200.508,200.022,200.383,21101
2024-06-02T21:00:00.000Z,200.194,200.5,200.148,200.341,14363
2024-06-03T01:00:00.000Z,200.34,200.641,200.149,200.589,19859
2024-06-03T05:00:00.000Z,200.59,200.62,199.47,199.528,29960
2024-06-03T09:00:00.000Z,199.528,199.778,199.214,199.593,33133
2024-06-03T13:00:00.000Z,199.593,199.905,199.357,199.435,42853
2024-06-03T17:00:00.000Z,199.437,200.039,199.402,199.86,21526
2024-06-03T21:00:00.000Z,199.774,200.398,199.751,200.357,14458
2024-06-04T01:00:00.000Z,200.358,200.414,200.162,200.203,18589
2024-06-04T05:00:00.000Z,200.204,200.213,198.303,198.418,37154
2024-06-04T09:00:00.000Z,198.42,198.494,197.195,198.005,42709
2024-06-04T13:00:00.000Z,198.006,198.148,197.558,197.909,44466
2024-06-04T17:00:00.000Z,197.908,197.954,197.651,197.77,23557
2024-06-04T21:00:00.000Z,197.684,198.465,197.615,198.3,14975
2024-06-05T01:00:00.000Z,198.304,198.781,198.274,198.736,23173
2024-06-05T05:00:00.000Z,198.736,199.627,198.632,199.598,31037
2024-06-05T09:00:00.000Z,199.598,199.727,199.202,199.678,29831
2024-06-05T13:00:00.000Z,199.677,199.742,199.153,199.483,42602
2024-06-05T17:00:00.000Z,199.483,199.741,199.413,199.666,18616
2024-06-05T21:00:00.000Z,199.523,199.641,199.197,199.266,13960
2024-06-06T01:00:00.000Z,199.265,199.539,198.969,199.257,24737
2024-06-06T05:00:00.000Z,199.258,199.936,199.226,199.68,29254
2024-06-06T09:00:00.000Z,199.682,199.788,199.302,199.702,29995
2024-06-06T13:00:00.000Z,199.702,199.796,199.054,199.081,37836
2024-06-06T17:00:00.000Z,199.08,199.287,198.824,199.094,21272
2024-06-06T21:00:00.000Z,198.958,199.293,198.91,199.203,12719
2024-06-07T01:00:00.000Z,199.204,199.368,198.9,198.991,22451
2024-06-07T05:00:00.000Z,198.988,199.131,198.39,198.676,32467
2024-06-07T09:00:00.000Z,198.676,199.805,198.641,199.695,33823
2024-06-07T13:00:00.000Z,199.694,199.807,199.061,199.342,44881
2024-06-07T17:00:00.000Z,199.342,199.433,199.142,199.422,22082
2024-06-09T21:00:00.000Z,199.402,199.755,199.28,199.561,16696
2024-06-10T01:00:00.000Z,199.561,199.923,199.489,199.799,21761
2024-06-10T05:00:00.000Z,199.798,199.812,199.379,199.452,33038
2024-06-10T09:00:00.000Z,199.453,199.802,198.929,199.554,32521
2024-06-10T13:00:00.000Z,199.555,199.887,199.31,199.828,29434
2024-06-10T17:00:00.000Z,199.828,200.044,199.789,199.91,20221
2024-06-10T21:00:00.000Z,199.812,200.153,199.713,200.094,14958
2024-06-11T01:00:00.000Z,200.094,200.338,199.971,200.268,22788
2024-06-11T05:00:00.000Z,200.267,200.393,199.955,200.049,27124
2024-06-11T09:00:00.000Z,200.05,200.388,199.812,199.94,35869
2024-06-11T13:00:00.000Z,199.941,200.337,199.674,200.326,37671
2024-06-11T17:00:00.000Z,200.326,200.329,200.001,200.138,21944
2024-06-11T21:00:00.000Z,200.014,200.239,199.998,200.144,10074
2024-06-12T01:00:00.000Z,200.144,200.339,200.064,200.308,17187
2024-06-12T05:00:00.000Z,200.308,200.71,200.264,200.676,26648
2024-06-12T09:00:00.000Z,200.678,200.938,200.374,200.708,19365
2024-06-12T13:00:00.000Z,200.709,200.715,199.941,200.128,25558
2024-06-12T17:00:00.000Z,200.13,200.799,200.031,200.57,23524
2024-06-12T21:00:00.000Z,200.503,200.74,200.354,200.612,9874
2024-06-13T01:00:00.000Z,200.612,200.812,200.497,200.7,14079
2024-06-13T05:00:00.000Z,200.7,201.282,200.698,201.263,17736
2024-06-13T09:00:00.000Z,201.261,201.31,200.49,200.744,18257
2024-06-13T13:00:00.000Z,200.744,201.022,199.692,199.906,25820
2024-06-13T17:00:00.000Z,199.905,200.532,199.803,200.408,14343
2024-06-13T21:00:00.000Z,200.277,200.5,200.233,200.44,7861
2024-06-14T01:00:00.000Z,200.44,201.452,200.08,201.363,16144
2024-06-14T05:00:00.000Z,201.364,201.611,200.227,200.352,25127
2024-06-14T09:00:00.000Z,200.353,200.392,199.189,199.551,28909
2024-06-14T13:00:00.000Z,199.553,199.728,198.918,199.571,23701
2024-06-14T17:00:00.000Z,199.572,199.718,199.426,199.667,11934
2024-06-16T21:00:00.000Z,199.576,199.904,199.458,199.712,10273
2024-06-17T01:00:00.000Z,199.711,199.792,199.52,199.61,11088
2024-06-17T05:00:00.000Z,199.611,199.892,199.056,199.805,19223
2024-06-17T09:00:00.000Z,199.806,200.079,199.497,200,17338
2024-06-17T13:00:00.000Z,200.002,200.351,199.887,200.326,18665
2024-06-17T17:00:00.000Z,200.325,200.447,200.269,200.362,10666
2024-06-17T21:00:00.000Z,200.266,200.5,200.226,200.407,7418
2024-06-18T01:00:00.000Z,200.408,200.434,200.027,200.202,12484
2024-06-18T05:00:00.000Z,200.205,200.76,200.144,200.534,19157
2024-06-18T09:00:00.000Z,200.529,200.671,200.012,200.305,19133
2024-06-18T13:00:00.000Z,200.305,200.841,200.169,200.324,21509
2024-06-18T17:00:00.000Z,200.325,200.641,200.313,200.573,12305
2024-06-18T21:00:00.000Z,200.473,200.66,200.473,200.564,7310
2024-06-19T01:00:00.000Z,200.565,200.654,200.455,200.565,10481
2024-06-19T05:00:00.000Z,200.565,200.914,200.413,200.912,15776
2024-06-19T09:00:00.000Z,200.912,201.11,200.747,200.816,14149
2024-06-19T13:00:00.000Z,200.822,201.069,200.789,200.895,10914
2024-06-19T17:00:00.000Z,200.894,201.123,200.807,201.061,3675
2024-06-19T21:00:00.000Z,200.875,201.049,200.86,200.939,7891
2024-06-20T01:00:00.000Z,200.939,201.107,200.883,201.053,10182
2024-06-20T05:00:00.000Z,201.054,201.278,200.833,201.164,16815
2024-06-20T09:00:00.000Z,201.166,201.352,200.787,201,18302
2024-06-20T13:00:00.000Z,201.001,201.384,200.938,201.167,18814
2024-06-20T17:00:00.000Z,201.166,201.373,201.083,201.137,12489
2024-06-20T21:00:00.000Z,201.137,201.389,201.08,201.361,8180
2024-06-21T01:00:00.000Z,201.36,201.369,201.128,201.178,10786
2024-06-21T05:00:00.000Z,201.176,201.444,200.453,200.979,17457
2024-06-21T09:00:00.000Z,200.98,201.119,200.775,201.019,15754
2024-06-21T13:00:00.000Z,201.018,201.644,200.675,201.56,21590
2024-06-21T17:00:00.000Z,201.556,202.032,201.526,202.014,10834
2024-06-23T21:00:00.000Z,201.866,202.154,201.704,201.982,9428
2024-06-24T01:00:00.000Z,201.982,202.008,201.715,202.007,12603
2024-06-24T05:00:00.000Z,202.008,202.333,201.937,202.25,16500
2024-06-24T09:00:00.000Z,202.246,202.283,201.112,201.869,21614
2024-06-24T13:00:00.000Z,201.871,202.698,201.861,202.523,25574
2024-06-24T17:00:00.000Z,202.522,202.69,202.38,202.443,17100
2024-06-24T21:00:00.000Z,202.458,202.556,202.14,202.204,11903
2024-06-25T01:00:00.000Z,202.211,202.508,201.954,202.381,18149
2024-06-25T05:00:00.000Z,202.384,202.588,202.215,202.548,20579
2024-06-25T09:00:00.000Z,202.548,202.607,202.124,202.453,21160
2024-06-25T13:00:00.000Z,202.452,202.573,202.322,202.529,25234
2024-06-25T17:00:00.000Z,202.53,202.721,202.436,202.547,14839
2024-06-25T21:00:00.000Z,202.449,202.641,202.407,202.594,9962
2024-06-26T01:00:00.000Z,202.593,202.874,202.58,202.652,14999
2024-06-26T05:00:00.000Z,202.652,202.766,202.492,202.594,20189
2024-06-26T09:00:00.000Z,202.593,203.033,202.519,202.763,28299
2024-06-26T13:00:00.000Z,202.758,203.143,202.412,202.811,31321
2024-06-26T17:00:00.000Z,202.811,203.045,202.752,203,16466
2024-06-26T21:00:00.000Z,202.877,202.933,202.524,202.701,11240
2024-06-27T01:00:00.000Z,202.704,202.75,202.488,202.595,16585
2024-06-27T05:00:00.000Z,202.595,202.963,202.546,202.858,25733
2024-06-27T09:00:00.000Z,202.857,203.076,202.834,202.983,31084
2024-06-27T13:00:00.000Z,202.983,203.385,202.856,203.31,37147
2024-06-27T17:00:00.000Z,203.308,203.331,203.155,203.208,19721
2024-06-27T21:00:00.000Z,203.149,203.489,203.057,203.469,14066
2024-06-28T01:00:00.000Z,203.47,203.586,203.185,203.28,30123
2024-06-28T05:00:00.000Z,203.277,203.585,203.201,203.319,32522
2024-06-28T09:00:00.000Z,203.317,203.32,202.932,203.046,35919
2024-06-28T13:00:00.000Z,203.044,203.447,202.563,203.344,45861
2024-06-28T17:00:00.000Z,203.342,203.475,203.139,203.409,24040
2024-06-30T21:00:00.000Z,203.418,203.927,203.182,203.697,17074
2024-07-01T01:00:00.000Z,203.694,203.872,203.599,203.866,22394
2024-07-01T05:00:00.000Z,203.866,204.252,203.794,204.056,33086
2024-07-01T09:00:00.000Z,204.057,204.409,203.96,204.353,28957
2024-07-01T13:00:00.000Z,204.357,204.733,204.192,204.29,40808
2024-07-01T17:00:00.000Z,204.289,204.301,204.066,204.287,20790
2024-07-01T21:00:00.000Z,204.208,204.333,204.107,204.176,11211
2024-07-02T01:00:00.000Z,204.177,204.345,204.077,204.243,19646
2024-07-02T05:00:00.000Z,204.244,204.377,203.872,204.07,30375
2024-07-02T09:00:00.000Z,204.065,204.593,204.041,204.542,27530
2024-07-02T13:00:00.000Z,204.547,204.829,204.451,204.689,37796
2024-07-02T17:00:00.000Z,204.688,204.856,204.644,204.759,16638
2024-07-02T21:00:00.000Z,204.628,205.044,204.628,204.992,11857
2024-07-03T01:00:00.000Z,204.994,205.19,204.928,205.161,16304
2024-07-03T05:00:00.000Z,205.16,205.533,205.086,205.468,28021
2024-07-03T09:00:00.000Z,205.469,205.892,205.368,205.815,27954
2024-07-03T13:00:00.000Z,205.815,206.164,205.336,206.015,43687
2024-07-03T17:00:00.000Z,206.014,206.077,205.686,206.049,15805
2024-07-03T21:00:00.000Z,205.859,206.052,205.743,205.842,10621
2024-07-04T01:00:00.000Z,205.843,205.889,205.494,205.799,19874
2024-07-04T05:00:00.000Z,205.798,205.868,205.604,205.671,27400
2024-07-04T09:00:00.000Z,205.672,205.722,205.282,205.434,26953
2024-07-04T13:00:00.000Z,205.432,205.717,205.386,205.61,19434
2024-07-04T17:00:00.000Z,205.61,205.805,205.584,205.758,9757
2024-07-04T21:00:00.000Z,205.727,205.851,205.316,205.593,15186
2024-07-05T01:00:00.000Z,205.586,205.668,204.973,205.141,25374
2024-07-05T05:00:00.000Z,205.142,205.516,205.071,205.408,26227
2024-07-05T09:00:00.000Z,205.408,206.171,205.252,206.049,31741
2024-07-05T13:00:00.000Z,206.049,206.44,205.757,205.903,45182
2024-07-05T17:00:00.000Z,205.901,206.104,205.881,206.053,17503
2024-07-07T21:00:00.000Z,205.647,205.98,205.56,205.658,16405
2024-07-08T01:00:00.000Z,205.661,205.791,205.284,205.718,24141
2024-07-08T05:00:00.000Z,205.716,206.536,205.615,206.501,32871
2024-07-08T09:00:00.000Z,206.498,206.663,206.199,206.293,30005
2024-07-08T13:00:00.000Z,206.295,206.508,206.032,206.072,33906
2024-07-08T17:00:00.000Z,206.07,206.084,205.885,205.942,16519
2024-07-08T21:00:00.000Z,205.838,206.159,205.801,206.069,11542
2024-07-09T01:00:00.000Z,206.07,206.298,206.027,206.16,21294
2024-07-09T05:00:00.000Z,206.162,206.243,205.858,206.232,26806
2024-07-09T09:00:00.000Z,206.231,206.452,206.148,206.341,29183
2024-07-09T13:00:00.000Z,206.341,206.58,206.177,206.212,40823
2024-07-09T17:00:00.000Z,206.213,206.291,206.167,206.236,18184
2024-07-09T21:00:00.000Z,206.199,206.5,206.124,206.438,11006
2024-07-10T01:00:00.000Z,206.436,206.615,206.435,206.55,18407
2024-07-10T05:00:00.000Z,206.549,206.697,206.452,206.679,26840
2024-07-10T09:00:00.000Z,206.681,206.984,206.68,206.784,27652
2024-07-10T13:00:00.000Z,206.786,207.787,206.769,207.701,33761
2024-07-10T17:00:00.000Z,207.701,207.806,207.595,207.751,18891
2024-07-10T21:00:00.000Z,207.662,207.76,207.571,207.686,9697
2024-07-11T01:00:00.000Z,207.685,207.951,207.67,207.888,16643
2024-07-11T05:00:00.000Z,207.887,208.095,207.829,207.969,26499
2024-07-11T09:00:00.000Z,207.969,208.107,204.956,205.159,33044
2024-07-11T13:00:00.000Z,205.159,205.263,203.834,204.716,50005
2024-07-11T17:00:00.000Z,204.717,205.182,204.678,205.153,27647
2024-07-11T21:00:00.000Z,205.041,205.924,203.83,205.354,29276
2024-07-12T01:00:00.000Z,205.354,205.668,204.896,205.426,31040
2024-07-12T05:00:00.000Z,205.429,206.014,205.178,205.972,35906
2024-07-12T09:00:00.000Z,205.974,206.329,205.388,205.895,36404
2024-07-12T13:00:00.000Z,205.895,205.935,204.159,205.034,45224
2024-07-12T17:00:00.000Z,205.034,205.219,204.877,205.029,17712
2024-07-14T21:00:00.000Z,205.026,205.399,204.832,205.008,19804
2024-07-15T01:00:00.000Z,205.008,205.12,204.793,204.991,21742
2024-07-15T05:00:00.000Z,204.992,205.206,204.779,204.986,32596
2024-07-15T09:00:00.000Z,204.985,205.228,204.918,204.985,33479
2024-07-15T13:00:00.000Z,204.986,205.288,204.112,204.666,38848
2024-07-15T17:00:00.000Z,204.665,205.107,204.622,205.038,25485
2024-07-15T21:00:00.000Z,204.921,205.354,204.801,205.315,14810
2024-07-16T01:00:00.000Z,205.314,205.767,205.312,205.643,24826
2024-07-16T05:00:00.000Z,205.643,205.782,205.206,205.425,34098
2024-07-16T09:00:00.000Z,205.424,205.624,205.058,205.531,34279
2024-07-16T13:00:00.000Z,205.533,205.6,205.297,205.378,38108
2024-07-16T17:00:00.000Z,205.379,205.513,205.303,205.48,24576
2024-07-16T21:00:00.000Z,205.276,205.613,205.276,205.539,16391
2024-07-17T01:00:00.000Z,205.539,205.687,205.174,205.174,23513
2024-07-17T05:00:00.000Z,205.174,205.209,203.388,203.555,47082
2024-07-17T09:00:00.000Z,203.554,204.357,203.409,204.035,45780
2024-07-17T13:00:00.000Z,204.036,204.094,203.119,203.255,48261
2024-07-17T17:00:00.000Z,203.253,203.508,203.014,203.264,28715
2024-07-17T21:00:00.000Z,203.078,203.287,202.092,202.514,28348
2024-07-18T01:00:00.000Z,202.514,203.584,202.469,203.27,29844
2024-07-18T05:00:00.000Z,203.268,203.406,202.673,203.176,44091
2024-07-18T09:00:00.000Z,203.177,203.291,202.81,203.067,38685
2024-07-18T13:00:00.000Z,203.067,203.864,202.923,203.84,47152
2024-07-18T17:00:00.000Z,203.84,203.85,203.552,203.698,29141
2024-07-18T21:00:00.000Z,203.736,203.796,203.341,203.501,21556
2024-07-19T01:00:00.000Z,203.504,203.826,203.462,203.752,28753
2024-07-19T05:00:00.000Z,203.75,204.221,203.062,203.132,44625
2024-07-19T09:00:00.000Z,203.133,203.747,202.944,203.713,35539
2024-07-19T13:00:00.000Z,203.712,203.725,203.14,203.282,43600
2024-07-19T17:00:00.000Z,203.282,203.421,203.168,203.36,21339
2024-07-21T21:00:00.000Z,203.314,203.592,203.172,203.524,20304
2024-07-22T01:00:00.000Z,203.525,203.609,203.364,203.371,26928
2024-07-22T05:00:00.000Z,203.37,203.37,201.885,202.694,46397
2024-07-22T09:00:00.000Z,202.693,203.074,202.382,202.516,39498
2024-07-22T13:00:00.000Z,202.516,202.926,202.415,202.902,41219
2024-07-22T17:00:00.000Z,202.902,203.121,202.885,203.109,21368
2024-07-22T21:00:00.000Z,202.97,203.154,202.47,202.526,18500
2024-07-23T01:00:00.000Z,202.524,202.842,201.957,202.07,35613
2024-07-23T05:00:00.000Z,202.067,202.373,201.322,201.617,43571
2024-07-23T09:00:00.000Z,201.617,201.836,201.138,201.364,39688
2024-07-23T13:00:00.000Z,201.365,201.688,201.031,201.113,38723
2024-07-23T17:00:00.000Z,201.113,201.146,200.736,200.865,24111
2024-07-23T21:00:00.000Z,200.718,201.176,200.686,200.964,16770
2024-07-24T01:00:00.000Z,200.965,201.025,199.158,199.25,41507
2024-07-24T05:00:00.000Z,199.249,199.805,198.964,199.712,42938
2024-07-24T09:00:00.000Z,199.714,199.818,198.741,198.844,38779
2024-07-24T13:00:00.000Z,198.844,198.988,197.77,198.377,50198
2024-07-24T17:00:00.000Z,198.377,198.808,198.349,198.689,27035
2024-07-24T21:00:00.000Z,198.554,198.595,197.106,197.622,28000
2024-07-25T01:00:00.000Z,197.621,197.752,196.258,196.707,36745
2024-07-25T05:00:00.000Z,196.707,197.149,195.929,196.772,49681
2024-07-25T09:00:00.000Z,196.771,197.911,195.853,197.651,43643
2024-07-25T13:00:00.000Z,197.651,198.802,197.248,198.43,54795
2024-07-25T17:00:00.000Z,198.429,198.46,197.66,197.932,35811
2024-07-25T21:00:00.000Z,197.789,198.177,197.179,197.894,25223
2024-07-26T01:00:00.000Z,197.893,198.096,197.348,197.686,28213
2024-07-26T05:00:00.000Z,197.687,198.663,197.455,198.513,42148
2024-07-26T09:00:00.000Z,198.513,199.139,198.204,198.422,41796
2024-07-26T13:00:00.000Z,198.42,198.424,196.889,197.983,47786
2024-07-26T17:00:00.000Z,197.985,198.084,197.789,197.83,25021
2024-07-28T21:00:00.000Z,197.668,198.612,197.64,197.979,28039
2024-07-29T01:00:00.000Z,197.979,198.118,197.192,197.513,42577
2024-07-29T05:00:00.000Z,197.513,197.79,196.829,196.917,44645
2024-07-29T09:00:00.000Z,196.917,197.733,196.784,197.556,42862
2024-07-29T13:00:00.000Z,197.558,198.046,197.313,197.879,47405
2024-07-29T17:00:00.000Z,197.88,198.164,197.868,198.104,27708
2024-07-29T21:00:00.000Z,197.921,198.19,197.491,197.892,20423
2024-07-30T01:00:00.000Z,197.891,198.588,197.689,198.569,32620
2024-07-30T05:00:00.000Z,198.569,199.465,198.549,198.884,41017
2024-07-30T09:00:00.000Z,198.885,199.259,198.695,198.767,31278
2024-07-30T13:00:00.000Z,198.767,198.767,196.553,196.656,56364
2024-07-30T17:00:00.000Z,196.654,196.889,195.978,195.993,35825
2024-07-30T21:00:00.000Z,195.986,196.526,195.333,195.656,31847
2024-07-31T01:00:00.000Z,195.653,197.595,194.716,195.963,41764
2024-07-31T05:00:00.000Z,195.953,196.678,192.503,193.626,54523
2024-07-31T09:00:00.000Z,193.63,193.65,192.443,193.138,51092
2024-07-31T13:00:00.000Z,193.14,193.455,192.169,193.261,55763
2024-07-31T17:00:00.000Z,193.26,193.974,192.398,192.84,49087
2024-07-31T21:00:00.000Z,192.719,193.241,191.975,192.076,29307
2024-08-01T01:00:00.000Z,192.074,192.509,190.964,192.346,49017
2024-08-01T05:00:00.000Z,192.342,192.741,190.982,191.294,56171
2024-08-01T09:00:00.000Z,191.304,193.254,190.999,193.253,49105
2024-08-01T13:00:00.000Z,193.254,193.254,190.995,191.17,57930
2024-08-01T17:00:00.000Z,191.172,191.226,190.239,190.245,40948
2024-08-01T21:00:00.000Z,190.074,190.307,189.506,190.064,34162
2024-08-02T01:00:00.000Z,190.067,190.506,189.727,189.924,40103
2024-08-02T05:00:00.000Z,189.92,190.112,188.989,189.843,49794
2024-08-02T09:00:00.000Z,189.845,190.045,187.575,188.754,44809
2024-08-02T13:00:00.000Z,188.756,189.886,187.376,187.795,67792
2024-08-02T17:00:00.000Z,187.797,188.07,187.496,187.679,37069
2024-08-04T21:00:00.000Z,187.53,187.737,185.664,186.027,39102
2024-08-05T01:00:00.000Z,186.022,186.214,181.919,183.272,57333
2024-08-05T05:00:00.000Z,183.259,184.321,180.091,181.735,64083
2024-08-05T09:00:00.000Z,181.735,182.312,180.689,181.395,55390
2024-08-05T13:00:00.000Z,181.398,185.169,181.392,184.068,65863
2024-08-05T17:00:00.000Z,184.069,184.538,182.922,184.19,41583
2024-08-05T21:00:00.000Z,184.027,187.089,183.568,185.687,36182
2024-08-06T01:00:00.000Z,185.688,186.516,184.457,185.857,42644
2024-08-06T05:00:00.000Z,185.875,186.701,184.019,184.511,58664
2024-08-06T09:00:00.000Z,184.501,184.787,183.128,183.339,57478
2024-08-06T13:00:00.000Z,183.338,184.781,182.809,184.688,61744
2024-08-06T17:00:00.000Z,184.689,184.718,183.182,183.251,43460
2024-08-06T21:00:00.000Z,183.062,184.398,183.046,183.84,32044
2024-08-07T01:00:00.000Z,183.839,188.081,183.635,187.536,46860
2024-08-07T05:00:00.000Z,187.534,187.803,185.372,186.966,56520
2024-08-07T09:00:00.000Z,186.967,187.711,186.782,187.01,48669
2024-08-07T13:00:00.000Z,187.009,187.882,186.381,187.024,54825
2024-08-07T17:00:00.000Z,187.025,187.258,186.195,186.235,44964
2024-08-07T21:00:00.000Z,186.032,186.275,184.474,185.147,32819
2024-08-08T01:00:00.000Z,185.156,186.373,185.084,185.529,50680
2024-08-08T05:00:00.000Z,185.53,185.958,184.806,185.673,56382
2024-08-08T09:00:00.000Z,185.672,186.672,184.934,186.408,54031
2024-08-08T13:00:00.000Z,186.386,187.652,186.29,187.627,56661
2024-08-08T17:00:00.000Z,187.626,187.878,187.407,187.717,36262
2024-08-08T21:00:00.000Z,187.614,188.417,187.525,187.902,33741
2024-08-09T01:00:00.000Z,187.906,188.207,187.185,187.271,40952
2024-08-09T05:00:00.000Z,187.272,188.038,187.036,187.904,49110
2024-08-09T09:00:00.000Z,187.908,188.015,186.465,186.951,47336
2024-08-09T13:00:00.000Z,186.957,187.382,186.561,187.043,51810
2024-08-09T17:00:00.000Z,187.042,187.315,186.962,187.099,30615
2024-08-11T21:00:00.000Z,187.08,187.599,187.078,187.343,22307
2024-08-12T01:00:00.000Z,187.342,187.816,187.148,187.773,28983
2024-08-12T05:00:00.000Z,187.771,188.194,187.714,188.082,41370
2024-08-12T09:00:00.000Z,188.081,188.541,187.789,188.538,36722
2024-08-12T13:00:00.000Z,188.537,189.327,187.958,187.986,53938
2024-08-12T17:00:00.000Z,187.987,188.122,187.719,187.904,34999
2024-08-12T21:00:00.000Z,187.896,188.064,187.577,188.002,24249
2024-08-13T01:00:00.000Z,188.002,188.834,188,188.757,31019
2024-08-13T05:00:00.000Z,188.757,189.512,188.634,189.205,40475
2024-08-13T09:00:00.000Z,189.207,189.28,188.165,188.777,44827
2024-08-13T13:00:00.000Z,188.776,188.908,187.988,188.477,51244
2024-08-13T17:00:00.000Z,188.477,189.002,188.465,188.884,38620
2024-08-13T21:00:00.000Z,188.69,189.323,188.652,189.211,22952
2024-08-14T01:00:00.000Z,189.209,189.305,187.856,188.844,41234
2024-08-14T05:00:00.000Z,188.844,189.363,188.432,188.907,43348
2024-08-14T09:00:00.000Z,188.908,189.426,188.356,189.139,41648
2024-08-14T13:00:00.000Z,189.136,189.431,188.332,188.645,53139
2024-08-14T17:00:00.000Z,188.644,189.154,188.611,188.975,29561
2024-08-14T21:00:00.000Z,188.87,189.05,188.75,188.85,18316
2024-08-15T01:00:00.000Z,188.851,189.341,188.797,189.091,33320
2024-08-15T05:00:00.000Z,189.091,189.332,188.881,189.232,35748
2024-08-15T09:00:00.000Z,189.231,191.109,189.192,190.924,38124
2024-08-15T13:00:00.000Z,190.927,191.692,190.858,191.537,50057
2024-08-15T17:00:00.000Z,191.538,191.97,191.43,191.966,24435
2024-08-15T21:00:00.000Z,191.843,191.932,191.501,191.844,20639
2024-08-16T01:00:00.000Z,191.843,191.928,191.476,191.626,32586
2024-08-16T05:00:00.000Z,191.622,192.005,191.567,191.615,35830
2024-08-16T09:00:00.000Z,191.614,191.88,190.425,190.467,41280
2024-08-16T13:00:00.000Z,190.467,191.33,190.364,191.225,46058
2024-08-16T17:00:00.000Z,191.225,191.239,190.978,191.051,23652
2024-08-18T21:00:00.000Z,190.888,191.626,190.88,191.348,21014
2024-08-19T01:00:00.000Z,191.349,191.436,188.962,189.358,38829
2024-08-19T05:00:00.000Z,189.359,189.621,188.232,189.487,50348
2024-08-19T09:00:00.000Z,189.489,189.916,189.025,189.358,45264
2024-08-19T13:00:00.000Z,189.358,190.379,189.352,190.18,44947
2024-08-19T17:00:00.000Z,190.179,190.567,190.161,190.475,26104
2024-08-19T21:00:00.000Z,190.344,190.765,189.814,190.041,21450
2024-08-20T01:00:00.000Z,190.041,190.997,189.468,190.705,40100
2024-08-20T05:00:00.000Z,190.707,191.263,190.164,190.484,44596
2024-08-20T09:00:00.000Z,190.485,190.643,190.225,190.408,40669
2024-08-20T13:00:00.000Z,190.411,190.503,189.37,189.372,51653
2024-08-20T17:00:00.000Z,189.371,189.533,189.222,189.355,28029
2024-08-20T21:00:00.000Z,189.286,189.695,188.933,189.586,31043
2024-08-21T01:00:00.000Z,189.586,189.856,189.232,189.755,38770
2024-08-21T05:00:00.000Z,189.753,190.292,189.525,190.024,44295
2024-08-21T09:00:00.000Z,190.023,190.707,189.987,190.16,39363
2024-08-21T13:00:00.000Z,190.16,191.497,189.635,190.042,57587
2024-08-21T17:00:00.000Z,190.042,190.191,189.448,190.149,33319
2024-08-21T21:00:00.000Z,189.882,190.335,189.635,190.205,18938
2024-08-22T01:00:00.000Z,190.205,190.558,189.686,189.86,26004
2024-08-22T05:00:00.000Z,189.859,191.133,189.721,190.952,35095
2024-08-22T09:00:00.000Z,190.954,191.72,190.819,191.565,36496
2024-08-22T13:00:00.000Z,191.567,191.936,190.848,191.458,46513
2024-08-22T17:00:00.000Z,191.456,191.692,191.266,191.491,25566
2024-08-22T21:00:00.000Z,191.395,191.562,191.09,191.302,17888
2024-08-23T01:00:00.000Z,191.303,191.362,190.367,191.068,31154
2024-08-23T05:00:00.000Z,191.067,191.66,190.643,191.592,33055
2024-08-23T09:00:00.000Z,191.591,191.873,191.467,191.499,31238
2024-08-23T13:00:00.000Z,191.494,192.025,190.815,191.037,55751
2024-08-23T17:00:00.000Z,191.036,191.112,190.266,190.79,31720
2024-08-25T21:00:00.000Z,190.564,190.688,189.603,189.911,29503
2024-08-26T01:00:00.000Z,189.909,190.241,189.601,190.142,31077
2024-08-26T05:00:00.000Z,190.141,190.345,189.494,189.859,35002
2024-08-26T09:00:00.000Z,189.859,190.445,189.791,190.014,32779
2024-08-26T13:00:00.000Z,190.013,190.785,189.847,190.662,42307
2024-08-26T17:00:00.000Z,190.662,190.77,190.46,190.558,21512
2024-08-26T21:00:00.000Z,190.531,190.932,190.234,190.919,16406
2024-08-27T01:00:00.000Z,190.92,191.183,190.79,190.81,21901
2024-08-27T05:00:00.000Z,190.81,191.922,190.802,191.733,34701
2024-08-27T09:00:00.000Z,191.732,191.859,190.663,190.777,38381
2024-08-27T13:00:00.000Z,190.778,191.247,190.616,190.732,43362
2024-08-27T17:00:00.000Z,190.733,191.007,190.703,190.912,22054
2024-08-27T21:00:00.000Z,190.769,191.24,190.517,191.081,18343
2024-08-28T01:00:00.000Z,191.085,191.427,191,191.142,26714
2024-08-28T05:00:00.000Z,191.141,191.31,190.861,190.965,36121
2024-08-28T09:00:00.000Z,190.965,191.241,190.537,191.157,36432
2024-08-28T13:00:00.000Z,191.157,191.447,190.436,190.842,46167
2024-08-28T17:00:00.000Z,190.842,190.911,190.35,190.736,28878
2024-08-28T21:00:00.000Z,190.604,190.951,190.246,190.735,19826
2024-08-29T01:00:00.000Z,190.736,191.154,190.677,191.135,23518
2024-08-29T05:00:00.000Z,191.135,191.485,190.308,190.816,39320
2024-08-29T09:00:00.000Z,190.818,191.413,190.443,191.352,41935
2024-08-29T13:00:00.000Z,191.352,191.54,191.025,191.152,48504
2024-08-29T17:00:00.000Z,191.15,191.157,190.535,190.941,34027
2024-08-29T21:00:00.000Z,190.801,190.981,190.482,190.568,14792
2024-08-30T01:00:00.000Z,190.569,190.75,190.489,190.678,20966
2024-08-30T05:00:00.000Z,190.678,191.386,190.637,191.3,28953
2024-08-30T09:00:00.000Z,191.302,191.799,191.174,191.582,34394
2024-08-30T13:00:00.000Z,191.582,191.839,191.057,191.833,50437
2024-08-30T17:00:00.000Z,191.833,192.011,191.629,191.95,25788
2024-09-01T21:00:00.000Z,191.807,192.496,191.668,192.002,17253
2024-09-02T01:00:00.000Z,192.002,192.152,191.321,191.552,23932
2024-09-02T05:00:00.000Z,191.551,192.957,191.543,192.689,31825
2024-09-02T09:00:00.000Z,192.688,193.244,192.581,193.17,26333
2024-09-02T13:00:00.000Z,193.168,193.483,192.923,192.937,23903
2024-09-02T17:00:00.000Z,192.936,193.132,192.936,193.073,3807
2024-09-02T21:00:00.000Z,192.974,193.355,192.764,193.28,14566
2024-09-03T01:00:00.000Z,193.28,193.309,192.142,192.325,32682
2024-09-03T05:00:00.000Z,192.324,192.402,191.074,191.335,42827
2024-09-03T09:00:00.000Z,191.321,192.041,191.174,191.547,37471
2024-09-03T13:00:00.000Z,191.55,191.614,190.318,190.996,50353
2024-09-03T17:00:00.000Z,190.996,191.071,190.716,190.801,26294
2024-09-03T21:00:00.000Z,190.708,190.843,189.944,190.235,23770
2024-09-04T01:00:00.000Z,190.235,190.847,190.227,190.525,28153
2024-09-04T05:00:00.000Z,190.524,190.623,189.698,190.521,39781
2024-09-04T09:00:00.000Z,190.523,190.633,189.974,190.382,33561
2024-09-04T13:00:00.000Z,190.389,190.536,189.314,189.431,51956
2024-09-04T17:00:00.000Z,189.425,189.433,188.932,188.939,31774
2024-09-04T21:00:00.000Z,188.782,188.999,188.224,188.895,23199
2024-09-05T01:00:00.000Z,188.898,189.265,188.64,188.766,28928
2024-09-05T05:00:00.000Z,188.766,189.186,188.06,189.082,39240
2024-09-05T09:00:00.000Z,189.078,189.17,188.114,188.331,37207
2024-09-05T13:00:00.000Z,188.332,189.774,188.305,188.94,50654
2024-09-05T17:00:00.000Z,188.942,189.077,188.546,189.077,30802
2024-09-05T21:00:00.000Z,188.976,189.051,188.649,188.679,13972
2024-09-06T01:00:00.000Z,188.68,188.908,188.269,188.44,19810
2024-09-06T05:00:00.000Z,188.441,188.45,187.25,187.781,43467
2024-09-06T09:00:00.000Z,187.782,189.456,187.722,188.884,39831
2024-09-06T13:00:00.000Z,188.887,189.381,186.51,186.893,66902
2024-09-06T17:00:00.000Z,186.891,187.182,186.766,186.852,38804
2024-09-08T21:00:00.000Z,186.748,187.529,186.418,187.359,25634
2024-09-09T01:00:00.000Z,187.357,187.811,187.328,187.572,33415
2024-09-09T05:00:00.000Z,187.57,187.745,187.168,187.654,41571
2024-09-09T09:00:00.000Z,187.654,188.121,187.335,187.39,35207
2024-09-09T13:00:00.000Z,187.389,187.443,186.547,187.128,43350
2024-09-09T17:00:00.000Z,187.13,187.196,186.726,187.121,27549
2024-09-09T21:00:00.000Z,187.117,187.426,186.797,187.408,17440
2024-09-10T01:00:00.000Z,187.41,187.548,187.037,187.101,24118
2024-09-10T05:00:00.000Z,187.1,188.09,187.038,187.786,35228
2024-09-10T09:00:00.000Z,187.787,187.796,186.66,186.73,36881
2024-09-10T13:00:00.000Z,186.726,187.04,185.721,186.17,46617
2024-09-10T17:00:00.000Z,186.17,186.392,185.996,186.347,29620
2024-09-10T21:00:00.000Z,186.192,186.374,185.693,186.001,18725
2024-09-11T01:00:00.000Z,186.003,186.199,184.516,184.857,36771
2024-09-11T05:00:00.000Z,184.853,185.362,184.465,185.163,43355
2024-09-11T09:00:00.000Z,185.163,185.999,184.999,185.853,40685
2024-09-11T13:00:00.000Z,185.86,186.152,183.71,185.051,56585
2024-09-11T17:00:00.000Z,185.05,185.818,185.015,185.696,36478
2024-09-11T21:00:00.000Z,185.606,186.363,185.52,185.972,16614
2024-09-12T01:00:00.000Z,185.974,186.373,185.42,186.315,30847
2024-09-12T05:00:00.000Z,186.308,186.635,185.851,186.028,40025
2024-09-12T09:00:00.000Z,186.03,186.412,185.344,185.495,39842
2024-09-12T13:00:00.000Z,185.495,186.727,185.28,186.578,52736
2024-09-12T17:00:00.000Z,186.579,186.645,185.917,186.123,42425
2024-09-12T21:00:00.000Z,186.055,186.212,185.546,185.604,19698
2024-09-13T01:00:00.000Z,185.604,185.671,184.952,185.318,30708
2024-09-13T05:00:00.000Z,185.319,185.64,184.57,184.935,39720
2024-09-13T09:00:00.000Z,184.931,184.997,184.362,184.886,42169
2024-09-13T13:00:00.000Z,184.887,185.166,184.394,184.901,46620
2024-09-13T17:00:00.000Z,184.902,185.039,184.841,184.875,29114
2024-09-15T21:00:00.000Z,184.71,185.029,184.383,184.667,18119
2024-09-16T01:00:00.000Z,184.666,184.766,184.172,184.428,26336
2024-09-16T05:00:00.000Z,184.425,184.521,183.756,184.435,36369
2024-09-16T09:00:00.000Z,184.434,185.265,184.391,185.087,39266
2024-09-16T13:00:00.000Z,185.081,185.912,185.06,185.74,42916
2024-09-16T17:00:00.000Z,185.742,186.042,185.646,185.795,25571
2024-09-16T21:00:00.000Z,185.784,186.51,185.532,185.7,17097
2024-09-17T01:00:00.000Z,185.7,185.821,185.318,185.738,27598
2024-09-17T05:00:00.000Z,185.739,186.039,185.28,185.946,33523
2024-09-17T09:00:00.000Z,185.945,186.361,185.707,186.224,35124
2024-09-17T13:00:00.000Z,186.225,187.171,186.054,186.492,49573
2024-09-17T17:00:00.000Z,186.49,187.446,186.442,187.367,36169
2024-09-17T21:00:00.000Z,187.274,187.356,186.456,186.533,17430
2024-09-18T01:00:00.000Z,186.531,186.65,185.819,185.956,25699
2024-09-18T05:00:00.000Z,185.956,187.41,185.89,187.139,34241
2024-09-18T09:00:00.000Z,187.14,187.622,187.026,187.6,35352
2024-09-18T13:00:00.000Z,187.598,187.977,187.277,187.428,40319
2024-09-18T17:00:00.000Z,187.431,188.054,186.694,187.993,58368
2024-09-18T21:00:00.000Z,187.798,189.127,187.428,188.985,26928
2024-09-19T01:00:00.000Z,188.984,189.414,188.818,189.114,40539
2024-09-19T05:00:00.000Z,189.116,189.388,188.168,189.386,45356
2024-09-19T09:00:00.000Z,189.388,190.393,189.351,190.335,47592
2024-09-19T13:00:00.000Z,190.335,190.385,189.053,189.964,53096
2024-09-19T17:00:00.000Z,189.963,190.045,189.265,189.437,35621
2024-09-19T21:00:00.000Z,189.331,189.795,189.081,189.083,18144
2024-09-20T01:00:00.000Z,189.083,189.655,188.699,189,32122
2024-09-20T05:00:00.000Z,188.999,191.368,188.932,191.274,47198
2024-09-20T09:00:00.000Z,191.275,191.989,191.026,191.373,41707
2024-09-20T13:00:00.000Z,191.372,191.845,190.899,191.563,54175
2024-09-20T17:00:00.000Z,191.561,191.921,191.401,191.694,39203
2024-09-22T21:00:00.000Z,191.678,192.01,191.338,191.839,19764
2024-09-23T01:00:00.000Z,191.84,192.303,191.84,192.088,22818
2024-09-23T05:00:00.000Z,192.087,192.165,190.132,190.556,43157
2024-09-23T09:00:00.000Z,190.555,191.706,190.485,191.607,41872
2024-09-23T13:00:00.000Z,191.605,192.435,191.179,191.266,52276
2024-09-23T17:00:00.000Z,191.266,191.74,191.152,191.706,30017
2024-09-23T21:00:00.000Z,191.476,191.842,191.466,191.552,17181
2024-09-24T01:00:00.000Z,191.551,192.249,191.334,192.139,33383
2024-09-24T05:00:00.000Z,192.139,193.276,192.139,193.015,45246
2024-09-24T09:00:00.000Z,193.01,193.321,192.168,192.723,39388
2024-09-24T13:00:00.000Z,192.726,193.01,192.062,192.105,46418
2024-09-24T17:00:00.000Z,192.104,192.435,191.962,192.043,27221
2024-09-24T21:00:00.000Z,191.963,192.312,191.759,192.185,17294
2024-09-25T01:00:00.000Z,192.171,192.525,192.08,192.207,28574
2024-09-25T05:00:00.000Z,192.208,192.833,191.96,192.572,40248
2024-09-25T09:00:00.000Z,192.574,193.227,192.522,193.163,40034
2024-09-25T13:00:00.000Z,193.164,193.259,192.537,192.697,48467
2024-09-25T17:00:00.000Z,192.697,192.885,192.475,192.82,34959
2024-09-25T21:00:00.000Z,192.755,192.841,192.501,192.579,17840
2024-09-26T01:00:00.000Z,192.581,193.415,192.555,193.009,23793
2024-09-26T05:00:00.000Z,193.009,193.757,192.929,193.357,41014
2024-09-26T09:00:00.000Z,193.356,193.695,192.687,193.309,41550
2024-09-26T13:00:00.000Z,193.31,194.348,192.849,194.242,51704
2024-09-26T17:00:00.000Z,194.243,194.343,193.869,194.3,32484
2024-09-26T21:00:00.000Z,194.188,194.93,194.095,194.895,18896
2024-09-27T01:00:00.000Z,194.895,195.169,194.165,195.145,30336
2024-09-27T05:00:00.000Z,195.132,195.966,191.003,191.439,55083
2024-09-27T09:00:00.000Z,191.427,191.974,191.06,191.323,44533
2024-09-27T13:00:00.000Z,191.323,191.817,190.565,190.722,51926
2024-09-27T17:00:00.000Z,190.721,190.818,189.995,190.231,37397
2024-09-29T21:00:00.000Z,190.162,191.296,190.09,190.952,23127
2024-09-30T01:00:00.000Z,190.952,191.175,190.211,190.28,31721
2024-09-30T05:00:00.000Z,190.279,191.359,189.558,191.251,44207
2024-09-30T09:00:00.000Z,191.249,191.377,190.871,191.345,35586
2024-09-30T13:00:00.000Z,191.344,192.168,190.993,191.792,49214
2024-09-30T17:00:00.000Z,191.792,192.313,191.561,192.13,39663
2024-09-30T21:00:00.000Z,192,192.755,191.851,192.555,17883
2024-10-01T01:00:00.000Z,192.554,193.157,192.28,193.047,26546
2024-10-01T05:00:00.000Z,193.046,193.364,191.567,191.718,44646
2024-10-01T09:00:00.000Z,191.712,191.907,191.233,191.837,43078
2024-10-01T13:00:00.000Z,191.834,191.973,189.984,190.378,57726
2024-10-01T17:00:00.000Z,190.384,191.07,189.851,190.674,42782
2024-10-01T21:00:00.000Z,190.655,191.06,190.468,190.937,16504
2024-10-02T01:00:00.000Z,190.942,191.551,190.543,190.721,28586
2024-10-02T05:00:00.000Z,190.718,191.908,190.41,191.903,43668
2024-10-02T09:00:00.000Z,191.904,193.085,191.443,192.955,42515
2024-10-02T13:00:00.000Z,192.965,194.025,192.842,193.793,48770
2024-10-02T17:00:00.000Z,193.792,194.419,193.679,194.341,28144
2024-10-02T21:00:00.000Z,194.106,194.996,194.034,194.931,22152
2024-10-03T01:00:00.000Z,194.933,195.168,194.27,194.319,30891
2024-10-03T05:00:00.000Z,194.317,194.394,192.224,192.477,47069
2024-10-03T09:00:00.000Z,192.477,192.89,192.128,192.472,42221
2024-10-03T13:00:00.000Z,192.474,192.842,192.137,192.565,52877
2024-10-03T17:00:00.000Z,192.567,192.874,192.372,192.829,28368
2024-10-03T21:00:00.000Z,192.67,192.881,192.523,192.555,15319
2024-10-04T01:00:00.000Z,192.553,192.578,191.845,191.959,28603
2024-10-04T05:00:00.000Z,191.959,192.716,191.726,192.532,39095
2024-10-04T09:00:00.000Z,192.534,194.528,192.469,194.408,38831
2024-10-04T13:00:00.000Z,194.421,195.363,194.233,195.328,53143
2024-10-04T17:00:00.000Z,195.327,195.526,195.016,195.027,31698
2024-10-06T21:00:00.000Z,194.936,195.62,194.716,194.763,22937
2024-10-07T01:00:00.000Z,194.765,195.153,194.596,194.829,30578
2024-10-07T05:00:00.000Z,194.83,194.901,194.057,194.126,42368
2024-10-07T09:00:00.000Z,194.122,194.225,193.555,193.784,42731
2024-10-07T13:00:00.000Z,193.782,193.978,193.334,193.726,45461
2024-10-07T17:00:00.000Z,193.723,193.884,193.494,193.854,27829
2024-10-07T21:00:00.000Z,193.73,193.919,193.111,193.644,20980
2024-10-08T01:00:00.000Z,193.645,193.916,193.064,193.833,34758
2024-10-08T05:00:00.000Z,193.835,193.976,192.879,193.659,43262
2024-10-08T09:00:00.000Z,193.658,194.223,193.43,193.936,36728
2024-10-08T13:00:00.000Z,193.94,194.371,193.814,193.898,42899
2024-10-08T17:00:00.000Z,193.899,194.322,193.845,194.219,32872
2024-10-08T21:00:00.000Z,194.163,194.351,193.871,194.177,12499
2024-10-09T01:00:00.000Z,194.18,194.368,193.882,194.084,27662
2024-10-09T05:00:00.000Z,194.084,194.586,193.584,194.481,39385
2024-10-09T09:00:00.000Z,194.486,194.813,194.289,194.806,31343
2024-10-09T13:00:00.000Z,194.806,195.248,194.634,195.028,35683
2024-10-09T17:00:00.000Z,195.027,195.195,194.896,195.178,23059
2024-10-09T21:00:00.000Z,194.975,195.126,194.713,195.003,14215
2024-10-10T01:00:00.000Z,195.001,195.498,194.86,195.291,23591
2024-10-10T05:00:00.000Z,195.29,195.411,194.827,194.887,33887
2024-10-10T09:00:00.000Z,194.888,195.026,193.962,194.321,36841
2024-10-10T13:00:00.000Z,194.321,194.454,193.571,194.115,51149
2024-10-10T17:00:00.000Z,194.114,194.287,193.855,194.011,27312
2024-10-10T21:00:00.000Z,193.848,194.302,193.821,193.944,14842
2024-10-11T01:00:00.000Z,193.94,194.294,193.862,194.057,20076
2024-10-11T05:00:00.000Z,194.055,194.562,193.906,194.445,27773
2024-10-11T09:00:00.000Z,194.445,194.935,194.404,194.742,29234
2024-10-11T13:00:00.000Z,194.741,195.23,194.637,194.78,36401
2024-10-11T17:00:00.000Z,194.779,194.961,194.708,194.842,15341
2024-10-13T21:00:00.000Z,194.646,195.002,194.618,194.744,14499
2024-10-14T01:00:00.000Z,194.742,195.074,194.626,194.955,19954
2024-10-14T05:00:00.000Z,194.954,195.28,194.855,195.239,26173
2024-10-14T09:00:00.000Z,195.239,195.373,195.005,195.169,26869
2024-10-14T13:00:00.000Z,195.169,195.71,195.131,195.681,29503
2024-10-14T17:00:00.000Z,195.68,195.714,195.467,195.524,16657
2024-10-14T21:00:00.000Z,195.506,195.726,195.335,195.433,12704
2024-10-15T01:00:00.000Z,195.435,195.597,195.247,195.322,19799
2024-10-15T05:00:00.000Z,195.326,195.326,194.659,195.032,35667
2024-10-15T09:00:00.000Z,195.035,195.574,194.638,195.122,32487
2024-10-15T13:00:00.000Z,195.121,195.519,194.856,195.317,41067
2024-10-15T17:00:00.000Z,195.317,195.415,194.924,195.026,23716
2024-10-15T21:00:00.000Z,195.086,195.131,194.697,195.011,15028
2024-10-16T01:00:00.000Z,195.01,195.157,194.562,195.143,22017
2024-10-16T05:00:00.000Z,195.142,195.281,193.697,194.355,36846
2024-10-16T09:00:00.000Z,194.356,194.616,194.178,194.509,30677
2024-10-16T13:00:00.000Z,194.51,194.775,194.378,194.726,34119
2024-10-16T17:00:00.000Z,194.731,194.761,194.285,194.362,17924
2024-10-16T21:00:00.000Z,194.216,194.412,194.139,194.216,14011
2024-10-17T01:00:00.000Z,194.215,194.285,193.828,194.162,25094
2024-10-17T05:00:00.000Z,194.158,194.658,194.047,194.449,29504
2024-10-17T09:00:00.000Z,194.448,195.072,194.31,194.908,31212
2024-10-17T13:00:00.000Z,194.909,195.508,194.336,195.427,44421
2024-10-17T17:00:00.000Z,195.43,195.6,195.325,195.431,20772
2024-10-17T21:00:00.000Z,195.278,195.522,195.103,195.265,12224
2024-10-18T01:00:00.000Z,195.264,195.399,195.085,195.188,22253
2024-10-18T05:00:00.000Z,195.189,196.048,195.029,195.508,32386
2024-10-18T09:00:00.000Z,195.51,195.793,195.013,195.553,30351
2024-10-18T13:00:00.000Z,195.551,195.781,194.753,194.897,32712
2024-10-18T17:00:00.000Z,194.898,195.163,194.875,195.099,23366
2024-10-20T21:00:00.000Z,194.984,195.338,194.72,194.835,16564
2024-10-21T01:00:00.000Z,194.851,194.874,194.57,194.716,24578
2024-10-21T05:00:00.000Z,194.716,195.329,194.561,195.326,30021
2024-10-21T09:00:00.000Z,195.326,195.435,195.147,195.334,29372
2024-10-21T13:00:00.000Z,195.333,195.548,195.088,195.47,33504
2024-10-21T17:00:00.000Z,195.469,195.871,195.452,195.846,21240
2024-10-21T21:00:00.000Z,195.71,195.77,195.471,195.523,15433
2024-10-22T01:00:00.000Z,195.523,196.393,195.423,196.13,26235
2024-10-22T05:00:00.000Z,196.128,196.509,195.966,196.118,34127
2024-10-22T09:00:00.000Z,196.113,196.148,195.506,195.52,32892
2024-10-22T13:00:00.000Z,195.519,196.153,195.094,195.993,37789
2024-10-22T17:00:00.000Z,195.993,196.224,195.846,196.202,22526
2024-10-22T21:00:00.000Z,195.972,196.576,195.918,196.555,12545
2024-10-23T01:00:00.000Z,196.555,197.551,196.507,197.518,28214
2024-10-23T05:00:00.000Z,197.517,197.977,197.39,197.897,35132
2024-10-23T09:00:00.000Z,197.896,198.431,197.883,198.262,35216
2024-10-23T13:00:00.000Z,198.263,198.351,197.557,197.619,39108
2024-10-23T17:00:00.000Z,197.618,197.624,196.88,197.392,26865
2024-10-23T21:00:00.000Z,197.211,197.352,197.035,197.3,15823
2024-10-24T01:00:00.000Z,197.301,197.401,196.648,196.816,27747
2024-10-24T05:00:00.000Z,196.818,197.492,196.697,197.019,39349
2024-10-24T09:00:00.000Z,197.018,197.551,196.844,197.269,35505
2024-10-24T13:00:00.000Z,197.273,197.63,196.415,196.578,42536
2024-10-24T17:00:00.000Z,196.578,197.086,196.573,196.963,25595
2024-10-24T21:00:00.000Z,196.904,197.212,196.626,197.122,14695
2024-10-25T01:00:00.000Z,197.122,197.184,196.51,196.674,23963
2024-10-25T05:00:00.000Z,196.673,197.338,196.389,197.177,33489
2024-10-25T09:00:00.000Z,197.172,197.438,197.045,197.368,28381
2024-10-25T13:00:00.000Z,197.368,197.775,197.253,197.488,37051
2024-10-25T17:00:00.000Z,197.49,197.6,197.132,197.407,28003
2024-10-27T21:00:00.000Z,198.476,198.838,197.845,198.784,27549
2024-10-28T01:00:00.000Z,198.785,199.35,198.545,198.911,30744
2024-10-28T05:00:00.000Z,198.909,199.032,198.479,198.755,31381
2024-10-28T09:00:00.000Z,198.757,198.78,197.793,198.221,34761
2024-10-28T13:00:00.000Z,198.22,199.005,198.118,198.922,34755
2024-10-28T17:00:00.000Z,198.921,198.991,198.687,198.804,20699
2024-10-28T21:00:00.000Z,198.784,198.86,198.363,198.491,11553
2024-10-29T01:00:00.000Z,198.492,198.619,198.13,198.212,28912
2024-10-29T05:00:00.000Z,198.212,199.28,198.033,199.165,32228
2024-10-29T09:00:00.000Z,199.167,199.682,199.005,199.542,32308
2024-10-29T13:00:00.000Z,199.543,199.67,198.797,199.592,44431
2024-10-29T17:00:00.000Z,199.593,199.709,199.358,199.574,23974
2024-10-29T21:00:00.000Z,199.475,199.586,199.183,199.423,14343
2024-10-30T01:00:00.000Z,199.424,199.57,199.132,199.34,23095
2024-10-30T05:00:00.000Z,199.338,199.566,198.927,198.974,30499
2024-10-30T09:00:00.000Z,198.976,199.373,198.199,198.583,40916
2024-10-30T13:00:00.000Z,198.591,199.799,198.46,198.975,47935
2024-10-30T17:00:00.000Z,198.968,199.121,198.759,198.824,27111
2024-10-30T21:00:00.000Z,198.752,198.866,198.401,198.801,14018
2024-10-31T01:00:00.000Z,198.798,198.903,197.873,198.02,26038
2024-10-31T05:00:00.000Z,198.015,198.232,197.176,197.811,38625
2024-10-31T09:00:00.000Z,197.812,198.399,197.46,198.161,38974
2024-10-31T13:00:00.000Z,198.162,198.624,195.362,196.095,54151
2024-10-31T17:00:00.000Z,196.094,196.183,195.554,196.035,32961
2024-10-31T21:00:00.000Z,196.057,196.27,195.768,196.04,16304
2024-11-01T01:00:00.000Z,196.041,196.777,195.942,196.665,25386
2024-11-01T05:00:00.000Z,196.663,197.143,196.306,196.965,31716
2024-11-01T09:00:00.000Z,196.964,197.493,196.754,196.938,33769
2024-11-01T13:00:00.000Z,196.928,198.376,196.86,198.083,48116
2024-11-01T17:00:00.000Z,198.084,198.122,197.571,197.633,28352
2024-11-03T22:00:00.000Z,197.5,197.768,196.874,196.945,25931
2024-11-04T02:00:00.000Z,196.943,197.352,196.912,197.287,27476
2024-11-04T06:00:00.000Z,197.287,197.727,196.777,197.012,36889
2024-11-04T10:00:00.000Z,197.012,197.18,196.485,196.91,32998
2024-11-04T14:00:00.000Z,196.915,197.471,196.623,196.944,41172
2024-11-04T18:00:00.000Z,196.94,197.16,196.863,197.13,23611
2024-11-04T22:00:00.000Z,196.998,197.456,196.968,197.272,15762
2024-11-05T02:00:00.000Z,197.269,197.694,197.187,197.534,19992
2024-11-05T06:00:00.000Z,197.534,197.712,197.322,197.561,26723
2024-11-05T10:00:00.000Z,197.562,197.835,197.263,197.402,25036
2024-11-05T14:00:00.000Z,197.403,197.87,197.335,197.684,39313
2024-11-05T18:00:00.000Z,197.686,197.725,197.099,197.716,23339
2024-11-05T22:00:00.000Z,197.536,198.385,197.321,198.295,42181
2024-11-06T02:00:00.000Z,198.293,199.051,197.878,198.152,65392
2024-11-06T06:00:00.000Z,198.151,198.895,197.855,198.66,60556
2024-11-06T10:00:00.000Z,198.657,198.816,198.146,198.498,53740
2024-11-06T14:00:00.000Z,198.495,199.52,198.191,199.348,53133
2024-11-06T18:00:00.000Z,199.347,199.496,198.999,199.161,29517
2024-11-06T22:00:00.000Z,198.928,199.303,198.694,199.152,24207
2024-11-07T02:00:00.000Z,199.153,199.555,198.949,199.138,27673
2024-11-07T06:00:00.000Z,199.136,199.36,198.696,198.705,42057
2024-11-07T10:00:00.000Z,198.704,199.372,198.57,199.117,41092
2024-11-07T14:00:00.000Z,199.118,199.219,198.61,198.754,44935
2024-11-07T18:00:00.000Z,198.755,198.763,198.291,198.583,38361
2024-11-07T22:00:00.000Z,198.533,198.922,198.441,198.612,20587
2024-11-08T02:00:00.000Z,198.612,198.636,197.824,198.18,26540
2024-11-08T06:00:00.000Z,198.184,198.315,197.285,197.352,40623
2024-11-08T10:00:00.000Z,197.348,197.704,197.112,197.669,37731
2024-11-08T14:00:00.000Z,197.668,197.825,196.737,196.873,45939
2024-11-08T18:00:00.000Z,196.871,197.235,196.871,197.143,23601
2024-11-10T22:00:00.000Z,196.894,197.929,196.886,197.927,20363
2024-11-11T02:00:00.000Z,197.926,198.422,197.827,198.28,21427
2024-11-11T06:00:00.000Z,198.28,198.456,197.833,198.173,32576
2024-11-11T10:00:00.000Z,198.163,198.353,197.842,197.848,29224
2024-11-11T14:00:00.000Z,197.844,198.093,197.724,197.941,29817
2024-11-11T18:00:00.000Z,197.939,197.939,197.657,197.815,15248
2024-11-11T22:00:00.000Z,197.732,198.057,197.553,198.011,18554
2024-11-12T02:00:00.000Z,198.012,198.017,196.944,197.129,28438
2024-11-12T06:00:00.000Z,197.13,197.631,196.879,197.617,37945
2024-11-12T10:00:00.000Z,197.618,197.788,197.285,197.759,34912
2024-11-12T14:00:00.000Z,197.76,197.825,196.931,197.085,42888
2024-11-12T18:00:00.000Z,197.086,197.245,196.973,197.121,24273
2024-11-12T22:00:00.000Z,196.986,197.435,196.856,197.117,20632
2024-11-13T02:00:00.000Z,197.118,197.45,197.024,197.404,23971
2024-11-13T06:00:00.000Z,197.404,197.713,197.29,197.508,34158
2024-11-13T10:00:00.000Z,197.509,197.57,196.915,197.068,34532
2024-11-13T14:00:00.000Z,197.067,197.604,196.646,197.523,50355
2024-11-13T18:00:00.000Z,197.523,197.805,197.451,197.569,25747
2024-11-13T22:00:00.000Z,197.487,197.995,197.248,197.853,22297
2024-11-14T02:00:00.000Z,197.852,197.983,197.676,197.944,22615
2024-11-14T06:00:00.000Z,197.945,197.972,197.43,197.577,33845
2024-11-14T10:00:00.000Z,197.58,197.634,197.066,197.476,38818
2024-11-14T14:00:00.000Z,197.472,198.234,197.435,197.842,45705
2024-11-14T18:00:00.000Z,197.842,198.002,197.693,197.987,32760
2024-11-14T22:00:00.000Z,197.871,198.441,197.8,198.268,23314
2024-11-15T02:00:00.000Z,198.269,198.415,198.091,198.301,27097
2024-11-15T06:00:00.000Z,198.302,198.358,196.459,196.572,38200
2024-11-15T10:00:00.000Z,196.571,197.37,196.472,196.49,37673
2024-11-15T14:00:00.000Z,196.49,196.818,194.678,194.809,52677
2024-11-15T18:00:00.000Z,194.81,194.854,194.281,194.818,33164
2024-11-17T22:00:00.000Z,194.802,195.987,194.352,195.336,30782
2024-11-18T02:00:00.000Z,195.335,195.71,194.994,195.251,28013
2024-11-18T06:00:00.000Z,195.25,195.544,195.006,195.473,39611
2024-11-18T10:00:00.000Z,195.473,196.144,195.42,195.562,36263
2024-11-18T14:00:00.000Z,195.561,196.143,195.322,195.934,40555
2024-11-18T18:00:00.000Z,195.934,196.141,195.904,196.036,23986
2024-11-18T22:00:00.000Z,195.908,196.06,195.217,195.368,18633
2024-11-19T02:00:00.000Z,195.368,195.816,195.206,195.637,23497
2024-11-19T06:00:00.000Z,195.634,195.997,193.556,194.159,44002
2024-11-19T10:00:00.000Z,194.156,194.888,193.83,193.912,45371
2024-11-19T14:00:00.000Z,193.911,196.108,193.857,196.042,48418
2024-11-19T18:00:00.000Z,196.044,196.208,195.88,196.157,21682
2024-11-19T22:00:00.000Z,196.027,196.624,195.901,196.396,18161
2024-11-20T02:00:00.000Z,196.394,196.836,196.34,196.836,18999
2024-11-20T06:00:00.000Z,196.84,197.778,196.776,197.321,35765
2024-11-20T10:00:00.000Z,197.323,197.484,197.059,197.366,33215
2024-11-20T14:00:00.000Z,197.367,197.381,196.112,196.412,44057
2024-11-20T18:00:00.000Z,196.41,196.716,196.34,196.657,24305
2024-11-20T22:00:00.000Z,196.546,196.59,196.018,196.198,17999
2024-11-21T02:00:00.000Z,196.201,196.422,195.962,196.307,20834
2024-11-21T06:00:00.000Z,196.302,196.303,194.527,195.035,46762
2024-11-21T10:00:00.000Z,195.032,195.531,194.714,195.084,38716
2024-11-21T14:00:00.000Z,195.085,195.291,194.363,194.594,51033
2024-11-21T18:00:00.000Z,194.591,194.944,194.471,194.504,25406
2024-11-21T22:00:00.000Z,194.449,194.534,193.78,194.375,22525
2024-11-22T02:00:00.000Z,194.375,194.481,194.048,194.436,24844
2024-11-22T06:00:00.000Z,194.438,194.808,192.95,193.307,46735
2024-11-22T10:00:00.000Z,193.297,193.51,192.843,193.15,41507
2024-11-22T14:00:00.000Z,193.152,194.103,193.152,193.906,45895
2024-11-22T18:00:00.000Z,193.908,194.048,193.714,193.959,22810
2024-11-24T22:00:00.000Z,194.127,194.329,193.548,193.654,28838
2024-11-25T02:00:00.000Z,193.653,194.382,193.488,194.283,26689
2024-11-25T06:00:00.000Z,194.279,194.619,193.961,194.159,40221
2024-11-25T10:00:00.000Z,194.165,194.271,193.571,194.116,36821
2024-11-25T14:00:00.000Z,194.116,194.153,193.263,193.734,45514
2024-11-25T18:00:00.000Z,193.734,193.872,193.64,193.777,25152
2024-11-25T22:00:00.000Z,193.746,193.788,192.519,192.971,34328
2024-11-26T02:00:00.000Z,192.973,193.255,192.677,192.883,27870
2024-11-26T06:00:00.000Z,192.881,193.722,192.77,193.506,39750
2024-11-26T10:00:00.000Z,193.501,193.649,192.819,193.045,38025
2024-11-26T14:00:00.000Z,193.045,193.285,192.11,192.224,45292
2024-11-26T18:00:00.000Z,192.223,192.481,192.033,192.428,29204
2024-11-26T22:00:00.000Z,192.326,192.618,191.778,191.821,24413
2024-11-27T02:00:00.000Z,191.822,192.043,191.363,191.58,24576
2024-11-27T06:00:00.000Z,191.58,191.611,190.729,190.914,42064
2024-11-27T10:00:00.000Z,190.914,191.638,190.675,191.619,39179
2024-11-27T14:00:00.000Z,191.62,191.881,190.878,191.078,49308
2024-11-27T18:00:00.000Z,191.077,191.686,190.985,191.628,22316
2024-11-27T22:00:00.000Z,191.452,192.247,191.276,191.898,21395
2024-11-28T02:00:00.000Z,191.899,192.131,191.789,191.907,22994
2024-11-28T06:00:00.000Z,191.907,192.267,191.589,192.153,34689
2024-11-28T10:00:00.000Z,192.153,192.466,191.906,191.938,25361
2024-11-28T14:00:00.000Z,191.941,192.247,191.818,192.197,22052
2024-11-28T18:00:00.000Z,192.198,192.286,192.124,192.233,4477
2024-11-28T22:00:00.000Z,192.138,192.283,190.324,190.449,27287
2024-11-29T02:00:00.000Z,190.449,191.094,190.437,190.725,29626
2024-11-29T06:00:00.000Z,190.723,190.985,190.531,190.586,36968
2024-11-29T10:00:00.000Z,190.585,190.803,190.144,190.232,33061
2024-11-29T14:00:00.000Z,190.232,191.248,190.17,190.344,41284
2024-11-29T18:00:00.000Z,190.355,190.761,190.288,190.535,41569
2024-12-01T22:00:00.000Z,190.418,191.063,190.19,191.033,31927
2024-12-02T02:00:00.000Z,191.033,191.283,190.933,191.206,29781
2024-12-02T06:00:00.000Z,191.207,191.21,190.266,190.986,40744
2024-12-02T10:00:00.000Z,190.984,191.101,190.069,190.369,37419
2024-12-02T14:00:00.000Z,190.37,190.412,188.466,189.15,47698
2024-12-02T18:00:00.000Z,189.152,189.388,189.02,189.173,24116
2024-12-02T22:00:00.000Z,189.166,189.69,189.159,189.525,19681
2024-12-03T02:00:00.000Z,189.525,189.922,189.389,189.735,20536
2024-12-03T06:00:00.000Z,189.735,190.373,189.647,189.921,28190
2024-12-03T10:00:00.000Z,189.923,190.244,188.551,188.585,26847
2024-12-03T14:00:00.000Z,188.581,189.418,188.072,189.369,39093
2024-12-03T18:00:00.000Z,189.367,189.513,189.055,189.473,19719
2024-12-03T22:00:00.000Z,189.504,190.009,189.463,189.912,18427
2024-12-04T02:00:00.000Z,189.912,190.491,189.35,190.481,25947
2024-12-04T06:00:00.000Z,190.481,191.082,190.063,190.929,32333
2024-12-04T10:00:00.000Z,190.929,191.522,190.911,191.414,31931
2024-12-04T14:00:00.000Z,191.415,191.471,190.732,190.955,35860
2024-12-04T18:00:00.000Z,190.955,191.355,190.674,191.186,21301
2024-12-04T22:00:00.000Z,191.188,191.499,190.694,191.131,17290
2024-12-05T02:00:00.000Z,191.129,191.131,190.416,190.624,19914
2024-12-05T06:00:00.000Z,190.621,191.219,190.331,191.214,27359
2024-12-05T10:00:00.000Z,191.205,192.063,190.911,192.04,28906
2024-12-05T14:00:00.000Z,192.04,192.206,191.188,191.361,33347
2024-12-05T18:00:00.000Z,191.363,191.5,191.151,191.427,18022
2024-12-05T22:00:00.000Z,191.359,191.69,191.151,191.218,18376
2024-12-06T02:00:00.000Z,191.218,191.293,190.914,191.084,17796
2024-12-06T06:00:00.000Z,191.082,192.189,190.914,192.116,24199
2024-12-06T10:00:00.000Z,192.116,192.368,191.471,191.475,27475
2024-12-06T14:00:00.000Z,191.478,191.569,190.713,190.861,38473
2024-12-06T18:00:00.000Z,190.862,191.13,190.862,191.109,14924
2024-12-08T22:00:00.000Z,190.934,191.283,190.709,190.96,17942
2024-12-09T02:00:00.000Z,190.96,191.105,190.591,190.742,20141
2024-12-09T06:00:00.000Z,190.742,192.217,190.742,192.055,27391
2024-12-09T10:00:00.000Z,192.045,192.902,192.038,192.789,23944
2024-12-09T14:00:00.000Z,192.786,193.407,192.428,193.245,26703
2024-12-09T18:00:00.000Z,193.245,193.247,192.635,192.7,14093
2024-12-09T22:00:00.000Z,192.642,193.148,192.61,192.879,17503
2024-12-10T02:00:00.000Z,192.879,192.881,192.45,192.507,22661
2024-12-10T06:00:00.000Z,192.507,193.399,192.458,193.344,26597
2024-12-10T10:00:00.000Z,193.343,193.666,193.181,193.4,30290
2024-12-10T14:00:00.000Z,193.396,193.996,193.285,193.87,35670
2024-12-10T18:00:00.000Z,193.871,194.101,193.804,194.055,19268
2024-12-10T22:00:00.000Z,193.948,194.087,193.804,193.848,16718
2024-12-11T02:00:00.000Z,193.847,193.87,193.423,193.717,18127
2024-12-11T06:00:00.000Z,193.716,194.498,192.514,194.354,37272
2024-12-11T10:00:00.000Z,194.348,194.775,193.998,194.481,37059
2024-12-11T14:00:00.000Z,194.481,194.534,193.852,194.323,41172
2024-12-11T18:00:00.000Z,194.323,194.548,194.248,194.385,22386
2024-12-11T22:00:00.000Z,194.256,194.473,194.014,194.044,18375
2024-12-12T02:00:00.000Z,194.043,194.76,194.015,194.643,20421
2024-12-12T06:00:00.000Z,194.642,194.989,194.452,194.602,33385
2024-12-12T10:00:00.000Z,194.604,194.668,193.357,193.518,36575
2024-12-12T14:00:00.000Z,193.518,193.97,192.92,193.418,45723
2024-12-12T18:00:00.000Z,193.421,193.567,193.235,193.425,22926
2024-12-12T22:00:00.000Z,193.336,193.86,193.275,193.495,20003
2024-12-13T02:00:00.000Z,193.494,193.778,193.311,193.616,20291
2024-12-13T06:00:00.000Z,193.615,193.982,192.85,193.9,32417
2024-12-13T10:00:00.000Z,193.903,194.453,193.85,194.147,30714
2024-12-13T14:00:00.000Z,194.152,194.293,193.637,193.959,34043
2024-12-13T18:00:00.000Z,193.961,194.11,193.84,193.945,17369
2024-12-15T22:00:00.000Z,193.666,194.485,193.599,194.467,19942
2024-12-16T02:00:00.000Z,194.463,194.564,194.114,194.164,17732
2024-12-16T06:00:00.000Z,194.166,194.745,193.829,194.609,29850
2024-12-16T10:00:00.000Z,194.61,195.13,194.369,195.048,26362
2024-12-16T14:00:00.000Z,195.049,195.877,194.894,195.49,36392
2024-12-16T18:00:00.000Z,195.489,195.654,195.372,195.536,15328
2024-12-16T22:00:00.000Z,195.338,195.894,195.338,195.536,17303
2024-12-17T02:00:00.000Z,195.535,195.584,195.205,195.349,21261
2024-12-17T06:00:00.000Z,195.349,195.791,195.003,195.107,32182
2024-12-17T10:00:00.000Z,195.107,195.57,194.822,195.323,32829
2024-12-17T14:00:00.000Z,195.323,195.337,194.648,194.951,38892
2024-12-17T18:00:00.000Z,194.948,195.185,194.823,195.171,19746
2024-12-17T22:00:00.000Z,194.836,195.474,194.831,195.219,15869
2024-12-18T02:00:00.000Z,195.218,195.31,194.757,194.79,18822
2024-12-18T06:00:00.000Z,194.789,195.304,194.698,194.92,28548
2024-12-18T10:00:00.000Z,194.922,195.766,194.907,195.244,29111
2024-12-18T14:00:00.000Z,195.243,195.602,195.026,195.427,33216
2024-12-18T18:00:00.000Z,195.427,195.674,194.068,194.644,46138
2024-12-18T22:00:00.000Z,194.444,194.926,194.054,194.69,27867
2024-12-19T02:00:00.000Z,194.689,195.705,194.434,195.356,28990
2024-12-19T06:00:00.000Z,195.353,198.948,195.135,198.82,47857
2024-12-19T10:00:00.000Z,198.82,198.832,197.201,197.573,42175
2024-12-19T14:00:00.000Z,197.568,198.1,197.133,197.273,49340
2024-12-19T18:00:00.000Z,197.274,197.416,196.607,196.792,27128
2024-12-19T22:00:00.000Z,196.686,197.296,196.306,196.432,25119
2024-12-20T02:00:00.000Z,196.431,196.484,195.772,196.084,30725
2024-12-20T06:00:00.000Z,196.092,196.428,195.748,195.946,40080
2024-12-20T10:00:00.000Z,195.947,196.621,195.859,196.489,35867
2024-12-20T14:00:00.000Z,196.487,196.78,196.188,196.699,49321
2024-12-20T18:00:00.000Z,196.7,196.783,196.468,196.619,24543
2024-12-22T22:00:00.000Z,196.35,196.989,196.312,196.812,21916
2024-12-23T02:00:00.000Z,196.803,197.068,196.707,196.995,18755
2024-12-23T06:00:00.000Z,196.997,197.067,196.57,196.924,25646
2024-12-23T10:00:00.000Z,196.923,196.959,196.441,196.883,27148
2024-12-23T14:00:00.000Z,196.883,197.028,196.611,196.748,32958
2024-12-23T18:00:00.000Z,196.748,197.018,196.723,196.963,19528
2024-12-23T22:00:00.000Z,196.787,197.047,196.704,196.797,15200
2024-12-24T02:00:00.000Z,196.799,196.973,196.589,196.736,16768
2024-12-24T06:00:00.000Z,196.729,196.895,196.607,196.781,19190
2024-12-24T10:00:00.000Z,196.78,197.431,196.644,197.408,20077
2024-12-24T14:00:00.000Z,197.405,197.611,196.813,196.819,26341
2024-12-24T18:00:00.000Z,196.819,197.102,196.778,196.969,6690
2024-12-25T22:00:00.000Z,197.064,197.495,197.019,197.425,15050
2024-12-26T02:00:00.000Z,197.42,197.55,197.324,197.376,14193
2024-12-26T06:00:00.000Z,197.377,197.468,197.018,197.265,19531
2024-12-26T10:00:00.000Z,197.267,197.67,197.228,197.665,18084
2024-12-26T14:00:00.000Z,197.665,197.879,197.432,197.796,25934
2024-12-26T18:00:00.000Z,197.792,198.006,197.747,197.919,19508
2024-12-26T22:00:00.000Z,197.668,197.867,197.482,197.523,17070
2024-12-27T02:00:00.000Z,197.532,197.555,197.204,197.499,17538
2024-12-27T06:00:00.000Z,197.499,197.815,197.338,197.467,24537
2024-12-27T10:00:00.000Z,197.468,198.393,197.363,198.391,25548
2024-12-27T14:00:00.000Z,198.39,198.5,198.006,198.217,37164
2024-12-27T18:00:00.000Z,198.215,198.698,198.176,198.493,20285
2024-12-29T22:00:00.000Z,198.278,198.712,198.098,198.496,11715
2024-12-30T02:00:00.000Z,198.496,198.715,198.366,198.591,12122
2024-12-30T06:00:00.000Z,198.592,198.941,198.283,198.544,24012
2024-12-30T10:00:00.000Z,198.543,198.744,197.639,197.661,28822
2024-12-30T14:00:00.000Z,197.66,197.955,196.314,197.117,43328
2024-12-30T18:00:00.000Z,197.118,197.276,196.67,196.834,21188
2024-12-30T22:00:00.000Z,196.746,197.049,196.321,196.446,15859
2024-12-31T02:00:00.000Z,196.446,196.487,195.879,196.076,16686
2024-12-31T06:00:00.000Z,196.077,196.748,195.736,196.638,25512
2024-12-31T10:00:00.000Z,196.639,196.838,196.37,196.705,31086
2024-12-31T14:00:00.000Z,196.706,197.188,196.3,196.987,43254
2024-12-31T18:00:00.000Z,196.985,197.124,196.674,196.728,19926
2025-01-01T22:00:00.000Z,196.632,197.516,196.572,197.197,19742
2025-01-02T02:00:00.000Z,197.195,197.198,196.752,197.012,15262
2025-01-02T06:00:00.000Z,197.011,197.011,195.546,195.704,32282
2025-01-02T10:00:00.000Z,195.703,196.051,194.357,194.524,37070
2025-01-02T14:00:00.000Z,194.525,195.311,194.19,194.938,48160
2025-01-02T18:00:00.000Z,194.939,195.182,194.777,195.015,23084
2025-01-02T22:00:00.000Z,194.809,195.022,194.676,194.788,14408
2025-01-03T02:00:00.000Z,194.786,195.147,194.751,194.972,19063
2025-01-03T06:00:00.000Z,194.971,195.177,194.636,195.08,27938
2025-01-03T10:00:00.000Z,195.08,195.246,194.723,194.92,26820
2025-01-03T14:00:00.000Z,194.923,195.362,194.83,195.172,35701
2025-01-03T18:00:00.000Z,195.171,195.536,195.14,195.401,16154
2025-01-05T22:00:00.000Z,195.296,196.066,195.095,195.995,22245
2025-01-06T02:00:00.000Z,195.995,196.346,195.953,196.21,19834
2025-01-06T06:00:00.000Z,196.212,197.004,196.019,196.778,28699
2025-01-06T10:00:00.000Z,196.779,197.407,195.941,196.298,46525
2025-01-06T14:00:00.000Z,196.299,197.392,195.837,197.165,44398
2025-01-06T18:00:00.000Z,197.168,197.398,196.942,197.343,20331
2025-01-06T22:00:00.000Z,197.111,198.203,197.101,198.19,21352
2025-01-07T02:00:00.000Z,198.191,198.249,197.87,197.919,21846
2025-01-07T06:00:00.000Z,197.92,198.194,197.327,198.003,35962
2025-01-07T10:00:00.000Z,197.997,198.156,197.51,197.75,30693
2025-01-07T14:00:00.000Z,197.748,197.968,196.984,197.121,39902
2025-01-07T18:00:00.000Z,197.118,197.182,196.865,197.153,16764
2025-01-07T22:00:00.000Z,197.071,197.426,197.033,197.222,17801
2025-01-08T02:00:00.000Z,197.222,197.535,197.18,197.526,16030
2025-01-08T06:00:00.000Z,197.526,197.539,196.719,196.906,25880
2025-01-08T10:00:00.000Z,196.907,197.086,195.133,195.493,33776
2025-01-08T14:00:00.000Z,195.487,195.828,195.111,195.535,31473
2025-01-08T18:00:00.000Z,195.534,196.01,195.529,195.681,19050
2025-01-08T22:00:00.000Z,195.605,195.808,195.33,195.401,13111
2025-01-09T02:00:00.000Z,195.388,195.443,194.581,194.899,15890
2025-01-09T06:00:00.000Z,194.899,194.93,193.677,194.144,28762
2025-01-09T10:00:00.000Z,194.145,194.293,193.472,193.917,25880
2025-01-09T14:00:00.000Z,193.914,194.591,193.911,194.482,23383
2025-01-09T18:00:00.000Z,194.48,194.703,194.425,194.585,9343
2025-01-09T22:00:00.000Z,194.489,194.667,194.223,194.545,13771
2025-01-10T02:00:00.000Z,194.546,194.766,194.418,194.453,15338
2025-01-10T06:00:00.000Z,194.452,194.729,193.682,194.281,24613
2025-01-10T10:00:00.000Z,194.281,194.681,193.657,193.919,28028
2025-01-10T14:00:00.000Z,193.921,193.977,192.193,192.691,43661
2025-01-10T18:00:00.000Z,192.693,192.902,192.434,192.469,18785
2025-01-12T22:00:00.000Z,192.372,192.749,191.699,191.941,15951
2025-01-13T02:00:00.000Z,191.941,192.126,190.827,191.195,18938
2025-01-13T06:00:00.000Z,191.195,191.73,190.068,190.198,30489
2025-01-13T10:00:00.000Z,190.198,191.097,190.138,190.863,28882
2025-01-13T14:00:00.000Z,190.863,191.757,190.639,191.522,31219
2025-01-13T18:00:00.000Z,191.531,192.108,191.396,192.101,16445
2025-01-13T22:00:00.000Z,192.026,192.906,191.825,192.24,21204
2025-01-14T02:00:00.000Z,192.246,192.667,192.072,192.282,17007
2025-01-14T06:00:00.000Z,192.29,192.779,192.134,192.333,28544
2025-01-14T10:00:00.000Z,192.33,192.526,191.473,191.743,26041
2025-01-14T14:00:00.000Z,191.747,192.836,191.652,192.682,35189
2025-01-14T18:00:00.000Z,192.682,192.973,192.549,192.856,15413
2025-01-14T22:00:00.000Z,192.899,192.992,192.568,192.626,12855
2025-01-15T02:00:00.000Z,192.626,192.706,191.846,191.915,16632
2025-01-15T06:00:00.000Z,191.915,192.149,191.192,191.658,28374
2025-01-15T10:00:00.000Z,191.656,192.388,191.535,192.325,25517
2025-01-15T14:00:00.000Z,192.323,192.385,191.084,191.21,36410
2025-01-15T18:00:00.000Z,191.212,191.613,191.167,191.46,14797
2025-01-15T22:00:00.000Z,191.341,191.531,190.122,190.212,18144
2025-01-16T02:00:00.000Z,190.217,190.632,189.814,190.589,20023
2025-01-16T06:00:00.000Z,190.589,190.921,189.781,189.885,25352
2025-01-16T10:00:00.000Z,189.885,190.526,189.774,190.15,26069
2025-01-16T14:00:00.000Z,190.16,190.51,189.863,189.989,38501
2025-01-16T18:00:00.000Z,189.991,190.08,189.714,189.763,16280
2025-01-16T22:00:00.000Z,189.788,190.198,189.597,189.859,13447
2025-01-17T02:00:00.000Z,189.87,190.219,189.835,190.051,14977
2025-01-17T06:00:00.000Z,190.048,190.15,189.321,189.928,24844
2025-01-17T10:00:00.000Z,189.929,190.172,189.485,189.649,23632
2025-01-17T14:00:00.000Z,189.651,190.598,189.418,190.208,33802
2025-01-17T18:00:00.000Z,190.208,190.268,189.957,190.062,15544
2025-01-19T22:00:00.000Z,190.122,190.453,189.876,190.097,15134
2025-01-20T02:00:00.000Z,190.097,190.55,189.972,190.547,14995
2025-01-20T06:00:00.000Z,190.546,190.867,190.128,190.306,22327
2025-01-20T10:00:00.000Z,190.308,191.651,190.296,191.51,23147
2025-01-20T14:00:00.000Z,191.505,191.649,191.14,191.374,34030
2025-01-20T18:00:00.000Z,191.375,192.005,191.302,191.662,17587
2025-01-20T22:00:00.000Z,191.659,191.869,190.846,190.923,28186
2025-01-21T02:00:00.000Z,190.923,190.986,190.463,190.655,23911
2025-01-21T06:00:00.000Z,190.664,191.124,190.566,190.941,27302
2025-01-21T10:00:00.000Z,190.941,191.094,190.644,190.908,27153
2025-01-21T14:00:00.000Z,190.923,191.815,190.817,191.749,33925
2025-01-21T18:00:00.000Z,191.749,192.098,191.693,192.015,15326
2025-01-21T22:00:00.000Z,191.895,192.278,191.807,191.987,19694
2025-01-22T02:00:00.000Z,191.988,192.411,191.944,192.34,14583
2025-01-22T06:00:00.000Z,192.34,192.478,191.694,192.468,27240
2025-01-22T10:00:00.000Z,192.472,192.749,192.372,192.444,23971
2025-01-22T14:00:00.000Z,192.442,192.999,192.249,192.966,29778
2025-01-22T18:00:00.000Z,192.967,192.998,192.645,192.688,14232
2025-01-22T22:00:00.000Z,192.664,192.74,192.495,192.712,13622
2025-01-23T02:00:00.000Z,192.709,192.996,192.537,192.916,14072
2025-01-23T06:00:00.000Z,192.92,192.975,192.384,192.603,23737
2025-01-23T10:00:00.000Z,192.61,192.875,192.369,192.484,24981
2025-01-23T14:00:00.000Z,192.483,192.93,192.268,192.894,34653
2025-01-23T18:00:00.000Z,192.895,192.896,192.512,192.665,16184
2025-01-23T22:00:00.000Z,192.684,193.116,192.615,193.105,12815
2025-01-24T02:00:00.000Z,193.105,193.683,192.063,192.622,27987
2025-01-24T06:00:00.000Z,192.625,193.413,192.072,193.35,35659
2025-01-24T10:00:00.000Z,193.352,194.252,193.311,194.057,26770
2025-01-24T14:00:00.000Z,194.057,194.59,193.93,194.481,31840
2025-01-24T18:00:00.000Z,194.481,194.743,194.436,194.666,14831
2025-01-26T22:00:00.000Z,194.06,194.348,193.464,193.555,19608
2025-01-27T02:00:00.000Z,193.555,194.307,193.459,194.239,18727
2025-01-27T06:00:00.000Z,194.236,194.64,192.59,193.032,32731
2025-01-27T10:00:00.000Z,193.032,193.136,192.142,192.787,38137
2025-01-27T14:00:00.000Z,192.79,193.065,192.172,192.473,37912
2025-01-27T18:00:00.000Z,192.473,193.267,192.415,193.134,21026
2025-01-27T22:00:00.000Z,192.961,193.746,192.703,193.574,25484
2025-01-28T02:00:00.000Z,193.565,193.951,193.501,193.758,21415
2025-01-28T06:00:00.000Z,193.758,194.02,193.325,193.495,27608
2025-01-28T10:00:00.000Z,193.497,193.558,192.922,193.172,24519
2025-01-28T14:00:00.000Z,193.171,193.767,192.756,193.387,30651
2025-01-28T18:00:00.000Z,193.384,193.596,193.294,193.474,16829
2025-01-28T22:00:00.000Z,193.4,193.741,193.379,193.639,12996
2025-01-29T02:00:00.000Z,193.639,193.75,193.028,193.046,15531
2025-01-29T06:00:00.000Z,193.077,193.505,192.867,192.934,26765
2025-01-29T10:00:00.000Z,192.931,193.109,192.479,192.689,26594
2025-01-29T14:00:00.000Z,192.682,193.179,192.506,192.916,32624
2025-01-29T18:00:00.000Z,192.918,193.35,192.843,193.288,30957
2025-01-29T22:00:00.000Z,192.901,193.283,192.288,192.515,19319
2025-01-30T02:00:00.000Z,192.515,192.541,192.116,192.296,19402
2025-01-30T06:00:00.000Z,192.296,192.589,191.994,192.174,25531
2025-01-30T10:00:00.000Z,192.178,192.267,191.389,191.872,27992
2025-01-30T14:00:00.000Z,191.873,192.419,191.749,192.006,34852
2025-01-30T18:00:00.000Z,192.008,192.354,191.466,191.579,22448
2025-01-30T22:00:00.000Z,191.359,191.819,191.176,191.356,17728
2025-01-31T02:00:00.000Z,191.356,192.301,191.218,192.16,18225
2025-01-31T06:00:00.000Z,192.157,192.458,191.602,192.174,26727
2025-01-31T10:00:00.000Z,192.174,192.543,191.838,192.151,24205
2025-01-31T14:00:00.000Z,192.154,193.023,191.592,192.732,36566
2025-01-31T18:00:00.000Z,192.734,192.936,192.051,192.272,30458
2025-02-02T22:00:00.000Z,190.572,191.66,190.453,191.324,34986
2025-02-03T02:00:00.000Z,191.323,191.374,190.597,190.992,28151
2025-02-03T06:00:00.000Z,190.992,191.575,190.503,190.531,34298
2025-02-03T10:00:00.000Z,190.531,191.33,190.239,191.211,31722
2025-02-03T14:00:00.000Z,191.215,192.299,190.018,191.664,47539
2025-02-03T18:00:00.000Z,191.663,192.83,191.453,192.71,25764
2025-02-03T22:00:00.000Z,192.389,193.158,192.353,192.658,22911
2025-02-04T02:00:00.000Z,192.658,192.853,191.763,192.467,22649
2025-02-04T06:00:00.000Z,192.465,193.166,192.382,193.001,28684
2025-02-04T10:00:00.000Z,193.001,193.124,192.55,192.957,25141
2025-02-04T14:00:00.000Z,192.959,193.102,192.468,192.559,35776
2025-02-04T18:00:00.000Z,192.555,192.68,192.439,192.615,17730
2025-02-04T22:00:00.000Z,192.492,192.763,191.477,191.538,20230
2025-02-05T02:00:00.000Z,191.55,191.578,190.982,191.273,21658
2025-02-05T06:00:00.000Z,191.276,191.724,191.014,191.317,28212
2025-02-05T10:00:00.000Z,191.317,191.804,191.102,191.527,27238
2025-02-05T14:00:00.000Z,191.528,191.83,190.287,190.498,34181
2025-02-05T18:00:00.000Z,190.495,190.972,190.448,190.789,17760
2025-02-05T22:00:00.000Z,190.694,190.962,189.895,190.141,15648
2025-02-06T02:00:00.000Z,190.136,190.466,189.967,190.274,17042
2025-02-06T06:00:00.000Z,190.269,190.597,189.595,189.684,24831
2025-02-06T10:00:00.000Z,189.684,189.755,188.242,188.324,31584
2025-02-06T14:00:00.000Z,188.322,189.101,188.273,188.952,32231
2025-02-06T18:00:00.000Z,188.956,189.035,188.066,188.36,18597
2025-02-06T22:00:00.000Z,188.224,188.466,187.647,188.427,16374
2025-02-07T02:00:00.000Z,188.432,188.682,188.328,188.453,17107
2025-02-07T06:00:00.000Z,188.454,189.275,188.308,189.16,22548
2025-02-07T10:00:00.000Z,189.158,189.572,188.673,188.879,25648
2025-02-07T14:00:00.000Z,188.876,189.162,187.047,188.098,44583
2025-02-07T18:00:00.000Z,188.098,188.305,187.672,187.772,20778
2025-02-09T22:00:00.000Z,187.156,188.457,187.038,188.226,21657
2025-02-10T02:00:00.000Z,188.226,188.64,188.177,188.427,16868
2025-02-10T06:00:00.000Z,188.429,189.142,188.25,188.848,25389
2025-02-10T10:00:00.000Z,188.845,188.983,188.117,188.164,23318
2025-02-10T14:00:00.000Z,188.163,188.167,187.614,188.009,24780
2025-02-10T18:00:00.000Z,188.009,188.091,187.863,187.951,14438
2025-02-10T22:00:00.000Z,187.871,187.94,187.414,187.883,13255
2025-02-11T02:00:00.000Z,187.883,187.893,187.572,187.83,12133
2025-02-11T06:00:00.000Z,187.833,188.049,187.244,187.883,22358
2025-02-11T10:00:00.000Z,187.883,188.929,187.855,188.823,23440
2025-02-11T14:00:00.000Z,188.823,189.445,188.757,189.29,27354
2025-02-11T18:00:00.000Z,189.29,189.917,189.201,189.785,17496
2025-02-11T22:00:00.000Z,189.564,191.075,189.492,191.075,16751
2025-02-12T02:00:00.000Z,191.075,191.388,190.977,191.076,20234
2025-02-12T06:00:00.000Z,191.074,191.727,190.839,191.071,24415
2025-02-12T10:00:00.000Z,191.076,191.401,190.589,191.299,26622
2025-02-12T14:00:00.000Z,191.306,192.674,191.054,192.591,38070
2025-02-12T18:00:00.000Z,192.589,192.652,192.009,192.111,19913
2025-02-12T22:00:00.000Z,191.942,192.45,191.89,192.149,16802
2025-02-13T02:00:00.000Z,192.149,192.947,192.067,192.57,20068
2025-02-13T06:00:00.000Z,192.57,193.055,192.025,192.337,27992
2025-02-13T10:00:00.000Z,192.336,192.535,191.282,191.444,27274
2025-02-13T14:00:00.000Z,191.444,192.245,191.167,191.782,33377
2025-02-13T18:00:00.000Z,191.785,192.023,191.261,192.003,23775
2025-02-13T22:00:00.000Z,191.846,192.348,191.527,191.675,17488
2025-02-14T02:00:00.000Z,191.676,192.111,191.471,191.582,14764
2025-02-14T06:00:00.000Z,191.583,192.391,191.479,191.975,26609
2025-02-14T10:00:00.000Z,191.973,192.497,191.69,191.788,25178
2025-02-14T14:00:00.000Z,191.789,192.257,191.629,192.026,28616
2025-02-14T18:00:00.000Z,192.024,192.083,191.619,191.72,13687
2025-02-16T22:00:00.000Z,191.502,191.74,190.941,191.385,18206
2025-02-17T02:00:00.000Z,191.387,191.402,190.703,190.74,19955
2025-02-17T06:00:00.000Z,190.738,191.366,190.706,191.138,24464
2025-02-17T10:00:00.000Z,191.135,191.211,190.68,190.754,19517
2025-02-17T14:00:00.000Z,190.752,191.187,190.626,191.079,14959
2025-02-17T18:00:00.000Z,191.08,191.29,191.047,191.278,8676
2025-02-17T22:00:00.000Z,191.064,191.371,190.834,191.263,15662
2025-02-18T02:00:00.000Z,191.264,191.741,191.211,191.493,19165
2025-02-18T06:00:00.000Z,191.493,191.942,191.328,191.426,23781
2025-02-18T10:00:00.000Z,191.444,191.444,190.927,191.017,21589
2025-02-18T14:00:00.000Z,191.017,191.52,190.925,191.435,24018
2025-02-18T18:00:00.000Z,191.435,191.816,191.33,191.764,14752
2025-02-18T22:00:00.000Z,191.665,192.12,191.332,191.889,17724
2025-02-19T02:00:00.000Z,191.886,192.114,191.413,191.577,17818
2025-02-19T06:00:00.000Z,191.576,191.734,191.063,191.152,23819
2025-02-19T10:00:00.000Z,191.152,191.296,190.897,190.999,23644
2025-02-19T14:00:00.000Z,190.998,191.047,190.45,190.739,26482
2025-02-19T18:00:00.000Z,190.739,190.825,190.516,190.657,17198
2025-02-19T22:00:00.000Z,190.419,190.544,189.493,189.547,19721
2025-02-20T02:00:00.000Z,189.546,189.872,189.158,189.414,21562
2025-02-20T06:00:00.000Z,189.415,189.733,188.791,189.592,24613
2025-02-20T10:00:00.000Z,189.592,189.592,188.921,189.299,25215
2025-02-20T14:00:00.000Z,189.296,189.457,188.68,189.111,31996
2025-02-20T18:00:00.000Z,189.107,189.787,189.095,189.541,15700
2025-02-20T22:00:00.000Z,189.374,190.389,189.184,190.271,20413
2025-02-21T02:00:00.000Z,190.271,190.92,190.156,190.352,18596
2025-02-21T06:00:00.000Z,190.351,190.936,190.008,190.344,26948
2025-02-21T10:00:00.000Z,190.342,190.399,189.941,190.228,19994
2025-02-21T14:00:00.000Z,190.229,190.287,188.631,188.673,31602
2025-02-21T18:00:00.000Z,188.672,188.672,188.146,188.568,24453
2025-02-23T22:00:00.000Z,188.452,189.232,188.432,189.203,22366
2025-02-24T02:00:00.000Z,189.214,189.577,189.068,189.354,23137
2025-02-24T06:00:00.000Z,189.356,189.426,188.468,189.015,29893
2025-02-24T10:00:00.000Z,189.011,189.515,188.877,189.374,23743
2025-02-24T14:00:00.000Z,189.372,189.467,188.22,189.066,35239
2025-02-24T18:00:00.000Z,189.066,189.306,188.885,189.031,20417
2025-02-24T22:00:00.000Z,188.89,189.663,188.852,189.406,18377
2025-02-25T02:00:00.000Z,189.406,189.461,188.835,189.189,19852
2025-02-25T06:00:00.000Z,189.189,189.289,188.164,188.846,30023
2025-02-25T10:00:00.000Z,188.845,189.74,188.807,189.339,27959
2025-02-25T14:00:00.000Z,189.339,189.404,188.152,188.771,38005
2025-02-25T18:00:00.000Z,188.771,189.12,188.661,188.74,24690
2025-02-25T22:00:00.000Z,188.585,189.01,188.402,188.981,18066
2025-02-26T02:00:00.000Z,188.983,189.222,188.819,188.855,20373
2025-02-26T06:00:00.000Z,188.855,189.245,188.717,188.987,27833
2025-02-26T10:00:00.000Z,188.987,189.354,188.775,189.215,25373
2025-02-26T14:00:00.000Z,189.213,189.858,189.011,189.186,37051
2025-02-26T18:00:00.000Z,189.181,189.285,188.613,188.993,25207
2025-02-26T22:00:00.000Z,188.875,189.201,188.561,189.151,17669
2025-02-27T02:00:00.000Z,189.151,189.183,188.615,188.982,19317
2025-02-27T06:00:00.000Z,188.983,190.106,188.886,189.972,25646
2025-02-27T10:00:00.000Z,189.972,190.101,188.994,189.134,27841
2025-02-27T14:00:00.000Z,189.108,189.698,188.866,189.145,41537
2025-02-27T18:00:00.000Z,189.145,189.603,188.611,188.73,25494
2025-02-27T22:00:00.000Z,188.634,189.124,188.013,188.028,20302
2025-02-28T02:00:00.000Z,188.025,188.615,187.671,188.566,20602
2025-02-28T06:00:00.000Z,188.567,189.877,188.49,189.241,28064
2025-02-28T10:00:00.000Z,189.241,190.216,189.216,189.851,24862
2025-02-28T14:00:00.000Z,189.851,190.311,189.08,189.301,41359
2025-02-28T18:00:00.000Z,189.298,189.478,188.793,189.389,28955
2025-03-02T22:00:00.000Z,189.515,190.305,189.506,189.64,23056
2025-03-03T02:00:00.000Z,189.64,189.747,189.291,189.588,21041
2025-03-03T06:00:00.000Z,189.59,189.895,188.808,189.862,28708
2025-03-03T10:00:00.000Z,189.863,191.974,189.863,191.414,32057
2025-03-03T14:00:00.000Z,191.415,191.549,190.541,190.97,39250
2025-03-03T18:00:00.000Z,190.968,191.049,189.086,189.829,33532
2025-03-03T22:00:00.000Z,189.769,190.068,188.789,189.101,24876
2025-03-04T02:00:00.000Z,189.1,189.706,188.957,189.636,28044
2025-03-04T06:00:00.000Z,189.64,190.112,189.123,189.659,36588
2025-03-04T10:00:00.000Z,189.656,189.656,188.538,188.551,35116
2025-03-04T14:00:00.000Z,188.551,189.722,188.237,189.552,47486
2025-03-04T18:00:00.000Z,189.554,191.763,189.5,191.672,37802
2025-03-04T22:00:00.000Z,191.468,192.079,191.235,191.621,22960
2025-03-05T02:00:00.000Z,191.617,191.821,191.169,191.567,26121
2025-03-05T06:00:00.000Z,191.562,192.316,191.29,191.729,35266
2025-03-05T10:00:00.000Z,191.728,191.996,190.867,191.076,36331
2025-03-05T14:00:00.000Z,191.085,191.873,190.887,191.72,48534
2025-03-05T18:00:00.000Z,191.721,192.226,191.478,191.91,30038
2025-03-05T22:00:00.000Z,191.855,192.545,191.704,192.267,19823
2025-03-06T02:00:00.000Z,192.27,192.522,192.121,192.15,21831
2025-03-06T06:00:00.000Z,192.148,192.175,190.264,190.42,38385
2025-03-06T10:00:00.000Z,190.42,190.697,189.877,190.116,36222
2025-03-06T14:00:00.000Z,190.123,191.503,189.917,190.626,49654
2025-03-06T18:00:00.000Z,190.63,190.799,190.151,190.62,31113
2025-03-06T22:00:00.000Z,190.494,190.865,190.184,190.545,18795
2025-03-07T02:00:00.000Z,190.546,190.653,189.98,189.98,21662
2025-03-07T06:00:00.000Z,189.98,190.873,189.914,190.758,32473
2025-03-07T10:00:00.000Z,190.759,191.043,189.866,189.961,33805
2025-03-07T14:00:00.000Z,189.962,191.029,189.65,190.36,49262
2025-03-07T18:00:00.000Z,190.359,191.423,190.346,191.256,30646
2025-03-09T21:00:00.000Z,190.965,191.029,190.498,190.565,18709
2025-03-10T01:00:00.000Z,190.565,190.78,190.292,190.557,21527
2025-03-10T05:00:00.000Z,190.557,190.906,189.461,189.534,28806
2025-03-10T09:00:00.000Z,189.533,190.246,189.463,190.143,35955
2025-03-10T13:00:00.000Z,190.143,190.419,189.301,189.882,43857
2025-03-10T17:00:00.000Z,189.878,189.957,189.178,189.595,30832
2025-03-10T21:00:00.000Z,189.547,189.613,188.791,189.092,18605
2025-03-11T01:00:00.000Z,189.091,189.807,188.794,189.509,28867
2025-03-11T05:00:00.000Z,189.509,190.496,189.381,190.437,32482
2025-03-11T09:00:00.000Z,190.437,191.464,190.313,191.279,32667
2025-03-11T13:00:00.000Z,191.293,191.58,190.303,190.55,49287
2025-03-11T17:00:00.000Z,190.552,191.67,190.225,191.339,34685
2025-03-11T21:00:00.000Z,191.221,191.742,191.079,191.614,13888
2025-03-12T01:00:00.000Z,191.617,191.632,191.24,191.456,21512
2025-03-12T05:00:00.000Z,191.458,192.16,191.29,191.977,27371
2025-03-12T09:00:00.000Z,191.977,193.104,191.916,193.008,30480
2025-03-12T13:00:00.000Z,193.01,193.067,191.826,192.358,40961
2025-03-12T17:00:00.000Z,192.36,192.454,192.058,192.207,24968
2025-03-12T21:00:00.000Z,192.008,192.339,191.977,192.049,11457
2025-03-13T01:00:00.000Z,192.05,192.303,191.549,191.637,20336
2025-03-13T05:00:00.000Z,191.637,191.68,191.16,191.521,29153
2025-03-13T09:00:00.000Z,191.512,192.08,191.191,191.666,30120
2025-03-13T13:00:00.000Z,191.666,191.928,190.982,191.07,40127
2025-03-13T17:00:00.000Z,191.069,191.485,190.737,191.46,23497
2025-03-13T21:00:00.000Z,191.305,192.122,191.223,191.96,12523
2025-03-14T01:00:00.000Z,191.96,192.197,191.734,192.161,20141
2025-03-14T05:00:00.000Z,192.161,192.662,192.047,192.534,26002
2025-03-14T09:00:00.000Z,192.546,192.743,192.175,192.386,28819
2025-03-14T13:00:00.000Z,192.383,192.681,191.453,191.747,34929
2025-03-14T17:00:00.000Z,191.733,192.297,191.733,192.239,15941
2025-03-16T21:00:00.000Z,192.195,192.498,191.954,192.376,13869
2025-03-17T01:00:00.000Z,192.376,192.804,192.142,192.769,17455
2025-03-17T05:00:00.000Z,192.769,192.843,192.357,192.746,22182
2025-03-17T09:00:00.000Z,192.732,193.185,192.344,193.036,25906
2025-03-17T13:00:00.000Z,193.039,193.476,192.76,193.206,32629
2025-03-17T17:00:00.000Z,193.208,193.959,193.129,193.777,18735
2025-03-17T21:00:00.000Z,193.776,194.091,193.618,194.045,10029
2025-03-18T01:00:00.000Z,194.045,194.266,193.939,194.079,15808
2025-03-18T05:00:00.000Z,194.079,194.9,194.027,194.623,19999
2025-03-18T09:00:00.000Z,194.62,194.794,194.058,194.332,23845
2025-03-18T13:00:00.000Z,194.334,194.442,193.802,194.228,34792
2025-03-18T17:00:00.000Z,194.228,194.248,193.85,194.112,19882
2025-03-18T21:00:00.000Z,193.987,194.493,193.946,194.421,9490
2025-03-19T01:00:00.000Z,194.427,194.474,193.925,194.199,13856
2025-03-19T05:00:00.000Z,194.199,194.69,193.25,194.115,24867
2025-03-19T09:00:00.000Z,194.117,194.504,193.945,194.221,20216
2025-03-19T13:00:00.000Z,194.22,194.702,194.113,194.526,24999
2025-03-19T17:00:00.000Z,194.526,194.543,193.242,193.245,29267
2025-03-19T21:00:00.000Z,193.195,193.59,192.874,192.924,11538
2025-03-20T01:00:00.000Z,192.924,193.112,192.754,192.939,14623
2025-03-20T05:00:00.000Z,192.94,192.943,192.496,192.689,19267
2025-03-20T09:00:00.000Z,192.688,192.756,192.052,192.395,28128
2025-03-20T13:00:00.000Z,192.395,193.222,192.175,192.856,32051
2025-03-20T17:00:00.000Z,192.852,193.034,192.703,192.885,17740
2025-03-20T21:00:00.000Z,192.865,193.194,192.65,193.151,10466
2025-03-21T01:00:00.000Z,193.152,193.425,193.004,193.333,15988
2025-03-21T05:00:00.000Z,193.333,193.58,192.944,193.428,21350
2025-03-21T09:00:00.000Z,193.427,193.437,192.299,192.327,22621
2025-03-21T13:00:00.000Z,192.327,192.826,192.013,192.822,32825
2025-03-21T17:00:00.000Z,192.818,193.004,192.577,192.821,16741
2025-03-23T21:00:00.000Z,192.56,193.705,192.535,193.664,12361
2025-03-24T01:00:00.000Z,193.66,193.779,193.358,193.445,15588
2025-03-24T05:00:00.000Z,193.445,194.008,193.349,193.801,22014
2025-03-24T09:00:00.000Z,193.792,194.011,193.546,193.922,23340
2025-03-24T13:00:00.000Z,193.917,194.727,193.654,194.286,29983
2025-03-24T17:00:00.000Z,194.29,194.767,194.167,194.716,16792
2025-03-24T21:00:00.000Z,194.604,194.996,194.595,194.961,9544
2025-03-25T01:00:00.000Z,194.961,194.961,194.541,194.568,15878
2025-03-25T05:00:00.000Z,194.568,194.637,194.299,194.488,18848
2025-03-25T09:00:00.000Z,194.483,194.655,194.116,194.276,22550
2025-03-25T13:00:00.000Z,194.278,194.285,193.627,194.06,28392
2025-03-25T17:00:00.000Z,194.065,194.227,193.885,194.017,14277
2025-03-25T21:00:00.000Z,193.928,194.275,193.903,194.221,9853
2025-03-26T01:00:00.000Z,194.221,194.719,194.066,194.716,16120
2025-03-26T05:00:00.000Z,194.716,194.782,193.463,193.755,22357
2025-03-26T09:00:00.000Z,193.751,193.981,193.521,193.896,22021
2025-03-26T13:00:00.000Z,193.896,194.365,193.681,194.166,29577
2025-03-26T17:00:00.000Z,194.163,194.339,193.635,194.058,19809
2025-03-26T21:00:00.000Z,193.965,194.021,193.497,193.954,13387
2025-03-27T01:00:00.000Z,193.954,194.075,193.545,194.061,16805
2025-03-27T05:00:00.000Z,194.061,194.661,193.911,194.658,23952
2025-03-27T09:00:00.000Z,194.657,195.574,194.609,195.11,23242
2025-03-27T13:00:00.000Z,195.109,195.918,194.813,195.655,31937
2025-03-27T17:00:00.000Z,195.659,195.973,195.55,195.593,16158
2025-03-27T21:00:00.000Z,195.461,195.711,195.237,195.471,10785
2025-03-28T01:00:00.000Z,195.467,195.49,195.115,195.241,14938
2025-03-28T05:00:00.000Z,195.242,195.318,194.634,194.882,19689
2025-03-28T09:00:00.000Z,194.882,195.189,194.793,194.978,21216
2025-03-28T13:00:00.000Z,194.984,195.304,194.175,194.268,34744
2025-03-28T17:00:00.000Z,194.267,194.283,193.729,193.942,16160
2025-03-30T21:00:00.000Z,193.727,193.749,193.026,193.474,18054
2025-03-31T01:00:00.000Z,193.476,193.608,192.736,193.155,22535
2025-03-31T05:00:00.000Z,193.155,193.407,192.748,192.939,29173
2025-03-31T09:00:00.000Z,192.925,193.611,192.766,193.465,23948
2025-03-31T13:00:00.000Z,193.462,193.669,192.91,193.454,34755
2025-03-31T17:00:00.000Z,193.454,193.991,193.436,193.744,18712
2025-03-31T21:00:00.000Z,193.585,193.925,193.46,193.548,12445
2025-04-01T01:00:00.000Z,193.548,193.836,193.377,193.486,17234
2025-04-01T05:00:00.000Z,193.487,193.908,193,193.452,23916
2025-04-01T09:00:00.000Z,193.453,193.678,192.292,192.553,26941
2025-04-01T13:00:00.000Z,192.569,193.475,192.206,193.268,36107
2025-04-01T17:00:00.000Z,193.265,193.378,192.778,193.372,19746
2025-04-01T21:00:00.000Z,193.166,193.783,193.153,193.389,13034
2025-04-02T01:00:00.000Z,193.388,193.756,193.347,193.64,15014
2025-04-02T05:00:00.000Z,193.641,193.736,193.084,193.365,20136
2025-04-02T09:00:00.000Z,193.36,193.649,192.979,193.081,23585
2025-04-02T13:00:00.000Z,193.073,194.83,192.996,194.803,33375
2025-04-02T17:00:00.000Z,194.803,195.763,193.627,194.182,29614
2025-04-02T21:00:00.000Z,193.785,193.831,192.29,192.842,33585
2025-04-03T01:00:00.000Z,192.844,193.195,192.313,192.682,29126
2025-04-03T05:00:00.000Z,192.682,193.665,192.371,193.237,38094
2025-04-03T09:00:00.000Z,193.236,193.311,191.898,191.958,40797
2025-04-03T13:00:00.000Z,191.956,192.274,191.125,191.529,49092
2025-04-03T17:00:00.000Z,191.523,191.878,191.143,191.298,31257
2025-04-03T21:00:00.000Z,191.189,191.618,190.68,191.224,22212
2025-04-04T01:00:00.000Z,191.224,191.755,190.376,190.469,29797
2025-04-04T05:00:00.000Z,190.467,191.154,189.933,190.072,40411
2025-04-04T09:00:00.000Z,190.098,190.257,187.997,189.299,55634
2025-04-04T13:00:00.000Z,189.297,189.696,187.525,189.179,59478
2025-04-04T17:00:00.000Z,189.181,190.288,188.805,189.229,44207
2025-04-06T21:00:00.000Z,186.591,188.293,186.098,188.233,39519
2025-04-07T01:00:00.000Z,188.233,188.778,188.037,188.214,41322
2025-04-07T05:00:00.000Z,188.213,188.825,187.119,188.192,52553
2025-04-07T09:00:00.000Z,188.197,188.941,187.206,188.678,52239
2025-04-07T13:00:00.000Z,188.673,190.075,187.575,188.324,61485
2025-04-07T17:00:00.000Z,188.329,189.084,187.944,188.04,43378
2025-04-07T21:00:00.000Z,188.051,188.536,187.866,188.217,23190
2025-04-08T01:00:00.000Z,188.206,188.922,188.06,188.918,32292
2025-04-08T05:00:00.000Z,188.918,188.938,187.515,188.006,39356
2025-04-08T09:00:00.000Z,188.006,188.04,187.239,187.579,41550
2025-04-08T13:00:00.000Z,187.571,188.748,187.123,187.155,50495
2025-04-08T17:00:00.000Z,187.176,187.876,186.534,186.732,45471
2025-04-08T21:00:00.000Z,186.567,186.862,185.715,186.332,26451
2025-04-09T01:00:00.000Z,186.328,187.152,185.793,186.326,43494
2025-04-09T05:00:00.000Z,186.32,186.716,185.572,186.341,49385
2025-04-09T09:00:00.000Z,186.339,186.665,184.394,184.778,44628
2025-04-09T13:00:00.000Z,184.777,185.493,184.38,185.005,46494
2025-04-09T17:00:00.000Z,185.001,189.82,184.489,189.468,50575
2025-04-09T21:00:00.000Z,189.263,189.351,188.383,188.45,26532
2025-04-10T01:00:00.000Z,188.451,188.7,188.217,188.542,31596
2025-04-10T05:00:00.000Z,188.539,189.418,188.103,188.28,39383
2025-04-10T09:00:00.000Z,188.279,188.361,187.657,187.993,40675
2025-04-10T13:00:00.000Z,187.992,188.033,186.351,187.225,52152
2025-04-10T17:00:00.000Z,187.225,187.929,186.914,187.544,41732
2025-04-10T21:00:00.000Z,187.341,187.459,186.067,186.6,29966
2025-04-11T01:00:00.000Z,186.598,187.056,186.012,186.096,36429
2025-04-11T05:00:00.000Z,186.096,187.479,186.096,186.683,46311
2025-04-11T09:00:00.000Z,186.678,187.229,186.161,187.024,45225
2025-04-11T13:00:00.000Z,187.026,187.816,186.639,187.642,49665
2025-04-11T17:00:00.000Z,187.645,188.199,187.577,187.65,30968
2025-04-13T21:00:00.000Z,188.297,188.439,187.162,187.163,24247
2025-04-14T01:00:00.000Z,187.167,187.635,186.573,187.436,28977
2025-04-14T05:00:00.000Z,187.436,188.645,187.193,188.227,33230
2025-04-14T09:00:00.000Z,188.227,189,188.181,188.852,29693
2025-04-14T13:00:00.000Z,188.848,189.201,188.138,188.56,41682
2025-04-14T17:00:00.000Z,188.561,188.815,188.367,188.631,25290
2025-04-14T21:00:00.000Z,188.511,189.118,188.413,189.041,14880
2025-04-15T01:00:00.000Z,189.039,189.115,188.695,188.971,19130
2025-04-15T05:00:00.000Z,188.971,189.552,188.545,189.061,28617
2025-04-15T09:00:00.000Z,189.05,189.345,188.639,188.928,27772
2025-04-15T13:00:00.000Z,188.934,189.344,188.78,189.05,35375
2025-04-15T17:00:00.000Z,189.05,189.531,189.021,189.522,17948
2025-04-15T21:00:00.000Z,189.229,189.431,189.074,189.187,16514
2025-04-16T01:00:00.000Z,189.188,189.355,188.83,189.099,18761
2025-04-16T05:00:00.000Z,189.099,189.655,188.537,189.443,31589
2025-04-16T09:00:00.000Z,189.446,189.569,188.792,189.058,28098
2025-04-16T13:00:00.000Z,189.056,189.123,188.514,188.557,31544
2025-04-16T17:00:00.000Z,188.552,188.628,187.557,187.76,27583
2025-04-16T21:00:00.000Z,187.682,188.375,187.457,188.334,17712
2025-04-17T01:00:00.000Z,188.333,188.638,188.221,188.414,19702
2025-04-17T05:00:00.000Z,188.414,189.345,188.307,188.86,25480
2025-04-17T09:00:00.000Z,188.856,189.083,188.276,188.518,26585
2025-04-17T13:00:00.000Z,188.518,189.002,188.065,188.825,36036
2025-04-17T17:00:00.000Z,188.825,189.151,188.635,188.949,20298
2025-04-17T21:00:00.000Z,188.727,189.126,188.664,189.087,16795
2025-04-18T01:00:00.000Z,189.085,189.144,188.729,188.846,63899
2025-04-18T05:00:00.000Z,188.843,189.009,188.727,188.926,54920
2025-04-18T09:00:00.000Z,188.953,189.03,188.805,188.938,50349
2025-04-18T13:00:00.000Z,188.934,189.073,188.725,188.886,42581
2025-04-18T17:00:00.000Z,188.885,189.008,188.767,188.889,32582
2025-04-20T21:00:00.000Z,188.508,188.734,188.124,188.426,19233
2025-04-21T01:00:00.000Z,188.427,188.595,187.992,188.384,21043
2025-04-21T05:00:00.000Z,188.384,188.617,188.222,188.572,22486
2025-04-21T09:00:00.000Z,188.572,188.834,188.457,188.7,22281
2025-04-21T13:00:00.000Z,188.7,188.803,188.359,188.418,27213
2025-04-21T17:00:00.000Z,188.418,188.594,188.021,188.495,16635
2025-04-21T21:00:00.000Z,188.438,188.766,188.238,188.319,14698
2025-04-22T01:00:00.000Z,188.319,188.543,187.803,187.892,19540
2025-04-22T05:00:00.000Z,187.894,188.152,187.577,188.109,29315
2025-04-22T09:00:00.000Z,188.107,188.186,187.457,187.909,24442
2025-04-22T13:00:00.000Z,187.912,188.749,187.894,188.579,30706
2025-04-22T17:00:00.000Z,188.577,188.862,188.25,188.741,20961
2025-04-22T21:00:00.000Z,188.535,189.96,188.535,189.052,26319
2025-04-23T01:00:00.000Z,189.05,189.217,188.626,188.874,22058
2025-04-23T05:00:00.000Z,188.874,189.054,188.12,188.788,28620
2025-04-23T09:00:00.000Z,188.789,189.121,188.347,188.706,26197
2025-04-23T13:00:00.000Z,188.706,189.715,188.671,189.652,41178
2025-04-23T17:00:00.000Z,189.652,190.307,189.551,190.167,20877
2025-04-23T21:00:00.000Z,189.905,190.118,189.503,189.781,15384
2025-04-24T01:00:00.000Z,189.8,189.956,189.396,189.43,17741
2025-04-24T05:00:00.000Z,189.428,189.825,189.294,189.734,23909
2025-04-24T09:00:00.000Z,189.722,189.838,189.313,189.412,22807
2025-04-24T13:00:00.000Z,189.417,190.168,189.378,190.123,29314
2025-04-24T17:00:00.000Z,190.123,190.38,190.047,190.234,14271
2025-04-24T21:00:00.000Z,189.995,190.504,189.957,190.369,12621
2025-04-25T01:00:00.000Z,190.369,191.002,190.044,190.818,20078
2025-04-25T05:00:00.000Z,190.818,191.236,190.484,190.773,24232
2025-04-25T09:00:00.000Z,190.78,191.12,190.542,191.064,21325
2025-04-25T13:00:00.000Z,191.065,191.714,191.062,191.538,26043
2025-04-25T17:00:00.000Z,191.539,191.622,191.143,191.332,14519
2025-04-27T21:00:00.000Z,190.935,191.334,190.788,190.831,12911
2025-04-28T01:00:00.000Z,190.833,191.091,190.663,190.826,16641
2025-04-28T05:00:00.000Z,190.829,191.472,190.803,191.336,22741
2025-04-28T09:00:00.000Z,191.32,191.546,191.111,191.253,20512
2025-04-28T13:00:00.000Z,191.256,191.459,190.874,190.907,28711
2025-04-28T17:00:00.000Z,190.907,191.043,190.749,190.878,15148
2025-04-28T21:00:00.000Z,190.703,191.158,190.683,190.969,10804
2025-04-29T01:00:00.000Z,190.969,191.174,190.893,190.923,16673
2025-04-29T05:00:00.000Z,190.923,191.261,190.804,191.226,21277
2025-04-29T09:00:00.000Z,191.227,191.338,190.789,190.82,19174
2025-04-29T13:00:00.000Z,190.82,190.892,190.402,190.445,29572
2025-04-29T17:00:00.000Z,190.445,190.94,190.394,190.857,14426
2025-04-29T21:00:00.000Z,190.573,190.959,190.481,190.881,10945
2025-04-30T01:00:00.000Z,190.881,190.902,190.616,190.833,14906
2025-04-30T05:00:00.000Z,190.834,191.225,190.765,191.022,18819
2025-04-30T09:00:00.000Z,191.023,191.253,190.573,190.683,23579
2025-04-30T13:00:00.000Z,190.688,190.703,189.956,190.42,33211
2025-04-30T17:00:00.000Z,190.42,190.868,190.259,190.645,18036
2025-04-30T21:00:00.000Z,190.463,190.664,190.33,190.46,9948
2025-05-01T01:00:00.000Z,190.459,191.334,190.366,191.258,13694
2025-05-01T05:00:00.000Z,191.257,192.298,191.25,192.16,21402
2025-05-01T09:00:00.000Z,192.161,192.78,192.077,192.689,20673
2025-05-01T13:00:00.000Z,192.685,193.365,192.526,193.081,29472
2025-05-01T17:00:00.000Z,193.084,193.456,192.97,193.018,15461
2025-05-01T21:00:00.000Z,192.985,193.748,192.769,193.699,12709
2025-05-02T01:00:00.000Z,193.703,193.708,193.163,193.473,18272
2025-05-02T05:00:00.000Z,193.475,193.519,192.465,192.504,22791
2025-05-02T09:00:00.000Z,192.486,192.587,191.83,192.232,26556
2025-05-02T13:00:00.000Z,192.234,192.296,191.47,192.174,34650
2025-05-02T17:00:00.000Z,192.177,192.632,192.066,192.162,16188
2025-05-04T21:00:00.000Z,191.86,192.306,191.836,191.947,11308
2025-05-05T01:00:00.000Z,191.942,191.943,191.543,191.645,15433
2025-05-05T05:00:00.000Z,191.645,191.814,191.252,191.324,20304
2025-05-05T09:00:00.000Z,191.321,191.691,191.224,191.471,19874
2025-05-05T13:00:00.000Z,191.473,191.635,191.037,191.363,25594
2025-05-05T17:00:00.000Z,191.361,191.409,191.021,191.046,12991
2025-05-05T21:00:00.000Z,190.96,191.118,190.847,191.077,8555
2025-05-06T01:00:00.000Z,191.068,191.339,190.925,191.164,16009
2025-05-06T05:00:00.000Z,191.164,191.338,190.448,190.575,22588
2025-05-06T09:00:00.000Z,190.576,191.189,190.48,190.914,21893
2025-05-06T13:00:00.000Z,190.914,191.159,190.569,190.657,25974
2025-05-06T17:00:00.000Z,190.657,190.708,190.317,190.373,15241
2025-05-06T21:00:00.000Z,190.395,191.265,190.309,190.856,17148
2025-05-07T01:00:00.000Z,190.856,191.217,190.717,191.162,18028
2025-05-07T05:00:00.000Z,191.162,191.504,190.865,191.125,20807
2025-05-07T09:00:00.000Z,191.122,191.623,191.028,191.616,19195
2025-05-07T13:00:00.000Z,191.616,191.66,191.229,191.423,24199
2025-05-07T17:00:00.000Z,191.424,191.443,190.657,191.157,26587
2025-05-07T21:00:00.000Z,190.947,191.359,190.916,191.253,10100
2025-05-08T01:00:00.000Z,191.253,191.778,191.093,191.675,17432
2025-05-08T05:00:00.000Z,191.675,192.188,191.532,192.101,24999
2025-05-08T09:00:00.000Z,192.102,193.083,191.666,192.769,24242
2025-05-08T13:00:00.000Z,192.769,193.393,192.613,193.313,31230
2025-05-08T17:00:00.000Z,193.31,193.492,193.128,193.275,18685
2025-05-08T21:00:00.000Z,193.07,193.347,192.814,192.89,11458
2025-05-09T01:00:00.000Z,192.887,192.948,192.527,192.585,17283
2025-05-09T05:00:00.000Z,192.585,192.744,192.344,192.657,19064
2025-05-09T09:00:00.000Z,192.659,192.971,192.495,192.964,18608
2025-05-09T13:00:00.000Z,192.964,193.382,192.747,193.319,23523
2025-05-09T17:00:00.000Z,193.315,193.466,193.242,193.272,11293
2025-05-11T21:00:00.000Z,193.773,194.161,193.655,193.888,14083
2025-05-12T01:00:00.000Z,193.889,194.209,193.629,193.871,16986
2025-05-12T05:00:00.000Z,193.87,195.169,193.835,194.949,30591
2025-05-12T09:00:00.000Z,194.954,195.506,194.837,195.363,28580
2025-05-12T13:00:00.000Z,195.363,195.795,195.166,195.703,30229
2025-05-12T17:00:00.000Z,195.702,195.757,195.426,195.62,16789
2025-05-12T21:00:00.000Z,195.415,195.579,194.775,194.789,11575
2025-05-13T01:00:00.000Z,194.787,195.112,194.784,194.972,15871
2025-05-13T05:00:00.000Z,194.971,195.46,194.911,195.423,22476
2025-05-13T09:00:00.000Z,195.42,196.048,195.394,195.981,21111
2025-05-13T13:00:00.000Z,195.982,196.331,195.45,196.203,30646
2025-05-13T17:00:00.000Z,196.203,196.382,196.067,196.195,15222
2025-05-13T21:00:00.000Z,196.137,196.402,196.01,196.187,8954
2025-05-14T01:00:00.000Z,196.185,196.208,195.436,195.491,17517
2025-05-14T05:00:00.000Z,195.491,195.919,195.108,195.195,23992
2025-05-14T09:00:00.000Z,195.181,195.226,194.436,194.796,25372
2025-05-14T13:00:00.000Z,194.796,195.268,194.229,194.842,31353
2025-05-14T17:00:00.000Z,194.844,194.874,194.538,194.596,17487
2025-05-14T21:00:00.000Z,194.447,194.592,194.007,194.054,10438
2025-05-15T01:00:00.000Z,194.055,194.302,193.859,193.92,15821
2025-05-15T05:00:00.000Z,193.92,193.972,193.511,193.693,22646
2025-05-15T09:00:00.000Z,193.691,194.234,193.597,193.984,23080
2025-05-15T13:00:00.000Z,193.984,194.063,193.426,193.506,31256
2025-05-15T17:00:00.000Z,193.512,193.811,193.51,193.763,13883
2025-05-15T21:00:00.000Z,193.583,193.822,193.052,193.167,11082
2025-05-16T01:00:00.000Z,193.167,193.59,193.031,193.517,15877
2025-05-16T05:00:00.000Z,193.518,193.658,193.133,193.308,19427
2025-05-16T09:00:00.000Z,193.31,193.58,193.222,193.28,20553
2025-05-16T13:00:00.000Z,193.282,193.741,193.202,193.636,24652
2025-05-16T17:00:00.000Z,193.642,193.794,193.387,193.395,13584
2025-05-18T21:00:00.000Z,192.893,193.369,192.765,192.907,14523
2025-05-19T01:00:00.000Z,192.908,193.268,192.757,193.244,18068
2025-05-19T05:00:00.000Z,193.244,193.739,193.01,193.669,24045
2025-05-19T09:00:00.000Z,193.666,194.06,193.549,193.903,23718
2025-05-19T13:00:00.000Z,193.902,194.029,193.559,193.617,27437
2025-05-19T17:00:00.000Z,193.617,193.691,193.424,193.573,13265
2025-05-19T21:00:00.000Z,193.378,194.201,193.343,194.02,10004
2025-05-20T01:00:00.000Z,194.02,194.021,193.419,193.459,16976
2025-05-20T05:00:00.000Z,193.456,193.535,192.911,193.223,24713
2025-05-20T09:00:00.000Z,193.223,193.371,193.014,193.174,21158
2025-05-20T13:00:00.000Z,193.174,193.669,193.154,193.625,26835
2025-05-20T17:00:00.000Z,193.629,193.706,193.32,193.527,14378
2025-05-20T21:00:00.000Z,193.307,193.47,193.076,193.312,10767
2025-05-21T01:00:00.000Z,193.312,193.455,192.97,193.045,16555
2025-05-21T05:00:00.000Z,193.049,193.296,192.83,193.097,23646
2025-05-21T09:00:00.000Z,193.097,193.196,192.576,192.86,25026
2025-05-21T13:00:00.000Z,192.872,193.294,192.787,193.158,27259
2025-05-21T17:00:00.000Z,193.158,193.21,192.596,192.797,21727
2025-05-21T21:00:00.000Z,192.608,193.577,192.363,192.598,13760
2025-05-22T01:00:00.000Z,192.608,192.725,192.279,192.431,16354
2025-05-22T05:00:00.000Z,192.43,192.563,191.89,192.023,23362
2025-05-22T09:00:00.000Z,192.022,192.735,191.98,192.543,23980
2025-05-22T13:00:00.000Z,192.545,193.461,192.521,193.238,29726
2025-05-22T17:00:00.000Z,193.234,193.582,193.081,193.186,14078
2025-05-22T21:00:00.000Z,193.055,193.308,192.931,193.206,10222
2025-05-23T01:00:00.000Z,193.192,193.317,192.807,192.963,13249
2025-05-23T05:00:00.000Z,192.96,193.358,192.834,193.274,18464
2025-05-23T09:00:00.000Z,193.276,193.554,192.065,192.748,29091
2025-05-23T13:00:00.000Z,192.746,192.895,192.305,192.851,29710
2025-05-23T17:00:00.000Z,192.852,192.989,192.745,192.894,13308
2025-05-25T21:00:00.000Z,192.627,193.527,192.58,193.318,13214
2025-05-26T01:00:00.000Z,193.326,193.688,193.255,193.631,16941
2025-05-26T05:00:00.000Z,193.633,194.036,193.603,193.817,17822
2025-05-26T09:00:00.000Z,193.818,193.929,193.676,193.81,12652
2025-05-26T13:00:00.000Z,193.81,193.816,193.554,193.592,10910
2025-05-26T17:00:00.000Z,193.589,193.725,193.534,193.716,5069
2025-05-26T21:00:00.000Z,193.612,193.682,193.182,193.243,9600
2025-05-27T01:00:00.000Z,193.244,193.637,193.056,193.634,13374
2025-05-27T05:00:00.000Z,193.636,194.769,193.635,194.748,24748
2025-05-27T09:00:00.000Z,194.746,195.457,194.738,195.322,20989
2025-05-27T13:00:00.000Z,195.321,195.619,194.894,195.004,25206
2025-05-27T17:00:00.000Z,195.005,195.006,194.855,194.96,11155
2025-05-27T21:00:00.000Z,194.777,194.992,194.489,194.778,8743
2025-05-28T01:00:00.000Z,194.779,195.396,194.479,194.569,19549
2025-05-28T05:00:00.000Z,194.569,194.872,194.38,194.582,21052
2025-05-28T09:00:00.000Z,194.582,194.891,194.468,194.642,18324
2025-05-28T13:00:00.000Z,194.64,195.352,194.64,195.264,26352
2025-05-28T17:00:00.000Z,195.264,195.299,194.967,195.116,14835
2025-05-28T21:00:00.000Z,194.898,196.183,194.832,196.179,18790
2025-05-29T01:00:00.000Z,196.18,196.304,195.715,195.875,17834
2025-05-29T05:00:00.000Z,195.875,196.168,195.445,195.524,21794
2025-05-29T09:00:00.000Z,195.534,195.663,194.878,194.998,23416
2025-05-29T13:00:00.000Z,194.998,195.062,194.283,194.489,29211
2025-05-29T17:00:00.000Z,194.489,194.586,194.358,194.535,15151
2025-05-29T21:00:00.000Z,194.393,194.494,193.856,194.038,12128
2025-05-30T01:00:00.000Z,194.038,194.076,193.623,193.684,16408
2025-05-30T05:00:00.000Z,193.687,194.211,193.678,193.976,21272
2025-05-30T09:00:00.000Z,193.973,194.18,193.39,193.915,23216
2025-05-30T13:00:00.000Z,193.915,194.653,193.633,193.694,30276
2025-05-30T17:00:00.000Z,193.686,193.958,193.671,193.832,15401
2025-06-01T21:00:00.000Z,193.541,193.798,193.369,193.599,11130
2025-06-02T01:00:00.000Z,193.59,193.76,193.485,193.611,16472
2025-06-02T05:00:00.000Z,193.612,193.891,193.432,193.567,22734
2025-06-02T09:00:00.000Z,193.567,193.6,193.101,193.423,21950
2025-06-02T13:00:00.000Z,193.424,193.545,192.994,193.273,29114
2025-06-02T17:00:00.000Z,193.271,193.413,193.218,193.279,14163
2025-06-02T21:00:00.000Z,193.123,193.413,192.982,193.325,9265
2025-06-03T01:00:00.000Z,193.325,193.808,193.266,193.307,15397
2025-06-03T05:00:00.000Z,193.31,193.54,192.721,192.99,19528
2025-06-03T09:00:00.000Z,192.997,193.674,192.913,193.664,19047
2025-06-03T13:00:00.000Z,193.662,194.776,193.582,194.633,26242
2025-06-03T17:00:00.000Z,194.633,194.759,194.515,194.676,11735
2025-06-03T21:00:00.000Z,194.415,194.804,194.309,194.766,9730
2025-06-04T01:00:00.000Z,194.766,195.016,194.523,194.913,15254
2025-06-04T05:00:00.000Z,194.913,195.087,194.526,194.821,19525
2025-06-04T09:00:00.000Z,194.824,195.229,194.224,194.412,20176
2025-06-04T13:00:00.000Z,194.415,194.673,193.468,193.575,26351
2025-06-04T17:00:00.000Z,193.575,193.661,193.46,193.482,12518
2025-06-04T21:00:00.000Z,193.407,193.572,193.253,193.436,9915
2025-06-05T01:00:00.000Z,193.439,193.792,193.394,193.76,15940
2025-06-05T05:00:00.000Z,193.763,194.514,193.714,194.382,17416
2025-06-05T09:00:00.000Z,194.385,195.027,194.041,194.671,22010
2025-06-05T13:00:00.000Z,194.669,195.477,194.41,195.001,32629
2025-06-05T17:00:00.000Z,194.993,195.338,194.756,194.92,18115
2025-06-05T21:00:00.000Z,194.767,195.182,194.557,195.148,8786
2025-06-06T01:00:00.000Z,195.148,195.26,194.989,195.251,13252
2025-06-06T05:00:00.000Z,195.251,195.298,194.805,195.024,17222
2025-06-06T09:00:00.000Z,195.017,195.777,194.925,195.76,20926
2025-06-06T13:00:00.000Z,195.755,196.182,195.677,195.975,30489
2025-06-06T17:00:00.000Z,195.975,196.032,195.836,195.917,13435
2025-06-08T21:00:00.000Z,195.925,196.125,195.722,196.109,7296
2025-06-09T01:00:00.000Z,196.109,196.144,195.651,195.689,11820
2025-06-09T05:00:00.000Z,195.689,195.825,195.46,195.659,15794
2025-06-09T09:00:00.000Z,195.669,195.993,195.434,195.777,17081
2025-06-09T13:00:00.000Z,195.778,195.901,195.681,195.77,20187
2025-06-09T17:00:00.000Z,195.779,196.061,195.725,195.926,10778
2025-06-09T21:00:00.000Z,195.773,196.038,195.677,195.88,9175
2025-06-10T01:00:00.000Z,195.883,196.441,195.841,196.208,15754
2025-06-10T05:00:00.000Z,196.208,196.211,194.771,195.089,22811
2025-06-10T09:00:00.000Z,195.089,195.385,195.011,195.365,16809
2025-06-10T13:00:00.000Z,195.364,195.862,195.345,195.684,20866
2025-06-10T17:00:00.000Z,195.689,195.761,195.531,195.597,11702
2025-06-10T21:00:00.000Z,195.437,195.916,195.304,195.525,12661
2025-06-11T01:00:00.000Z,195.525,195.617,195.286,195.538,13409
2025-06-11T05:00:00.000Z,195.54,195.79,195.391,195.753,16033
2025-06-11T09:00:00.000Z,195.754,196.233,195.533,195.653,20818
2025-06-11T13:00:00.000Z,195.653,196.23,195.559,195.948,23862
2025-06-11T17:00:00.000Z,195.945,196.082,195.61,195.86,14128
2025-06-11T21:00:00.000Z,195.583,195.803,195.523,195.647,11768
2025-06-12T01:00:00.000Z,195.647,195.692,195.353,195.507,16203
2025-06-12T05:00:00.000Z,195.512,195.542,194.71,195.073,21402
2025-06-12T09:00:00.000Z,195.073,195.271,194.809,195.013,24748
2025-06-12T13:00:00.000Z,195.013,195.519,194.881,195.184,27669
2025-06-12T17:00:00.000Z,195.183,195.445,195.052,195.382,11584
2025-06-12T21:00:00.000Z,195.128,195.436,193.749,194.102,16131
2025-06-13T01:00:00.000Z,194.106,194.674,193.78,194.416,24386
2025-06-13T05:00:00.000Z,194.417,195.087,194.135,194.97,25244
2025-06-13T09:00:00.000Z,194.97,195.425,194.934,195.287,24312
2025-06-13T13:00:00.000Z,195.288,195.971,195.005,195.804,24796
2025-06-13T17:00:00.000Z,195.798,195.798,195.06,195.536,17949
2025-06-15T21:00:00.000Z,195.141,196.051,194.927,195.604,19398
2025-06-16T01:00:00.000Z,195.611,195.703,195.411,195.481,16622
2025-06-16T05:00:00.000Z,195.481,196.169,195.393,195.886,21555
2025-06-16T09:00:00.000Z,195.897,195.996,195.547,195.716,17977
2025-06-16T13:00:00.000Z,195.716,196.219,195.578,196.193,24646
2025-06-16T17:00:00.000Z,196.19,196.684,196.136,196.551,12431
2025-06-16T21:00:00.000Z,196.377,196.838,196.23,196.799,13375
2025-06-17T01:00:00.000Z,196.799,196.799,196.044,196.244,16652
2025-06-17T05:00:00.000Z,196.246,196.616,195.953,196.31,20413
2025-06-17T09:00:00.000Z,196.314,196.479,195.763,196.244,20554
2025-06-17T13:00:00.000Z,196.231,196.361,195.507,195.628,25672
2025-06-17T17:00:00.000Z,195.624,195.688,194.899,195.003,20014
2025-06-17T21:00:00.000Z,194.911,195.342,194.811,195.172,12488
2025-06-18T01:00:00.000Z,195.176,195.217,194.838,194.949,15435
2025-06-18T05:00:00.000Z,194.95,195.324,194.762,195.015,19498
2025-06-18T09:00:00.000Z,195.018,195.241,194.607,194.831,17374
2025-06-18T13:00:00.000Z,194.834,195.073,194.527,194.691,24444
2025-06-18T17:00:00.000Z,194.684,194.81,194.336,194.757,25690
2025-06-18T21:00:00.000Z,194.619,194.81,194.235,194.361,12903
2025-06-19T01:00:00.000Z,194.361,194.561,194.01,194.506,17671
2025-06-19T05:00:00.000Z,194.506,195.077,194.331,195.073,20397
2025-06-19T09:00:00.000Z,195.073,195.948,194.997,195.618,19446
2025-06-19T13:00:00.000Z,195.614,195.727,195.2,195.62,16593
2025-06-19T17:00:00.000Z,195.62,195.903,195.57,195.869,8992
2025-06-19T21:00:00.000Z,195.633,196.031,195.573,195.903,13107
2025-06-20T01:00:00.000Z,195.91,196.207,195.801,196.147,16524
2025-06-20T05:00:00.000Z,196.147,196.321,195.695,196.055,19193
2025-06-20T09:00:00.000Z,196.057,196.591,195.911,196.565,18150
2025-06-20T13:00:00.000Z,196.571,196.697,196.235,196.441,23781
2025-06-20T17:00:00.000Z,196.441,196.637,196.376,196.429,13491
2025-06-22T21:00:00.000Z,196.475,196.726,196.085,196.56,15822
2025-06-23T01:00:00.000Z,196.56,197.202,196.514,197.093,18399
2025-06-23T05:00:00.000Z,197.097,198.189,197.094,198.004,24401
2025-06-23T09:00:00.000Z,198,198.089,197.248,197.416,24201
2025-06-23T13:00:00.000Z,197.414,197.833,197.289,197.471,29896
2025-06-23T17:00:00.000Z,197.477,197.846,197.435,197.629,18127
2025-06-23T21:00:00.000Z,197.475,197.677,197.241,197.259,16225
2025-06-24T01:00:00.000Z,197.257,197.382,197.021,197.25,17291
2025-06-24T05:00:00.000Z,197.25,197.388,196.938,197.333,24561
2025-06-24T09:00:00.000Z,197.333,197.579,197.145,197.199,19864
2025-06-24T13:00:00.000Z,197.199,197.359,196.962,197.155,26264
2025-06-24T17:00:00.000Z,197.156,197.359,197.096,197.252,13646
2025-06-24T21:00:00.000Z,197.251,197.488,197.023,197.286,10194
2025-06-25T01:00:00.000Z,197.288,197.376,197.033,197.348,15468
2025-06-25T05:00:00.000Z,197.348,198.199,197.347,198.158,18825
2025-06-25T09:00:00.000Z,198.152,198.404,198.044,198.314,17806
2025-06-25T13:00:00.000Z,198.316,198.572,198.255,198.395,20937
2025-06-25T17:00:00.000Z,198.396,198.574,198.255,198.488,13565
2025-06-25T21:00:00.000Z,198.265,198.482,198.06,198.073,10689
2025-06-26T01:00:00.000Z,198.072,198.589,198.003,198.359,15425
2025-06-26T05:00:00.000Z,198.359,198.497,197.703,197.889,23331
2025-06-26T09:00:00.000Z,197.888,198.111,197.746,197.963,22365
2025-06-26T13:00:00.000Z,197.971,198.53,197.92,198.403,28115
2025-06-26T17:00:00.000Z,198.403,198.453,198.166,198.235,16550
2025-06-26T21:00:00.000Z,198.139,198.796,197.963,198.612,11481
2025-06-27T01:00:00.000Z,198.612,198.683,198.137,198.351,17400
2025-06-27T05:00:00.000Z,198.353,198.588,198.107,198.475,20725
2025-06-27T09:00:00.000Z,198.483,198.641,198.275,198.473,20983
2025-06-27T13:00:00.000Z,198.473,198.745,198.183,198.269,25523
2025-06-27T17:00:00.000Z,198.271,198.452,198.003,198.435,17417
2025-06-29T21:00:00.000Z,197.761,198.449,197.761,198.326,13593
2025-06-30T01:00:00.000Z,198.324,198.362,197.575,197.629,16817
2025-06-30T05:00:00.000Z,197.629,197.687,197.212,197.425,22951
2025-06-30T09:00:00.000Z,197.422,197.869,197.366,197.81,18796
2025-06-30T13:00:00.000Z,197.809,197.995,197.436,197.786,27116
2025-06-30T17:00:00.000Z,197.786,197.866,197.584,197.716,15913
2025-06-30T21:00:00.000Z,197.596,197.753,197.235,197.271,10713
2025-07-01T01:00:00.000Z,197.268,197.749,197.184,197.518,15304
2025-07-01T05:00:00.000Z,197.518,197.528,196.781,197.013,23098
2025-07-01T09:00:00.000Z,197.013,197.048,196.265,196.588,23862
2025-07-01T13:00:00.000Z,196.594,197.282,196.394,197.206,28288
2025-07-01T17:00:00.000Z,197.203,197.547,197.095,197.13,13569
2025-07-01T21:00:00.000Z,197.01,197.459,196.98,197.248,9265
2025-07-02T01:00:00.000Z,197.246,197.429,197.195,197.297,14415
2025-07-02T05:00:00.000Z,197.295,197.541,197.036,197.207,19818
2025-07-02T09:00:00.000Z,197.205,197.52,195.468,195.769,24892
2025-07-02T13:00:00.000Z,195.771,195.992,195.353,195.917,27175
2025-07-02T17:00:00.000Z,195.919,196.013,195.729,195.852,12624
2025-07-02T21:00:00.000Z,195.84,196.265,195.743,195.95,10259
2025-07-03T01:00:00.000Z,195.95,196.099,195.822,196.034,12971
2025-07-03T05:00:00.000Z,196.032,196.711,195.996,196.583,18221
2025-07-03T09:00:00.000Z,196.587,197.442,196.236,197.428,21987
2025-07-03T13:00:00.000Z,197.428,198.097,197.387,197.987,28407
2025-07-03T17:00:00.000Z,197.989,198.034,197.806,197.853,7174
2025-07-03T21:00:00.000Z,197.839,197.89,197.458,197.574,8513
2025-07-04T01:00:00.000Z,197.573,197.659,197.28,197.419,13577
2025-07-04T05:00:00.000Z,197.421,197.52,197.123,197.223,18971
2025-07-04T09:00:00.000Z,197.223,197.249,196.897,196.919,17693
2025-07-04T13:00:00.000Z,196.919,197.258,196.919,197.186,15104
2025-07-04T17:00:00.000Z,197.186,197.353,197.043,197.187,30641
2025-07-06T21:00:00.000Z,197.072,197.436,196.919,196.999,11529
2025-07-07T01:00:00.000Z,197.001,197.456,196.776,197.42,17676
2025-07-07T05:00:00.000Z,197.42,197.601,197.185,197.369,23278
2025-07-07T09:00:00.000Z,197.367,198.302,197.29,198.249,20167
2025-07-07T13:00:00.000Z,198.252,199.003,198.218,198.648,23456
2025-07-07T17:00:00.000Z,198.653,198.986,198.554,198.609,16733
2025-07-07T21:00:00.000Z,198.583,199.236,198.494,199.189,12874
2025-07-08T01:00:00.000Z,199.187,199.471,198.887,199.011,17536
2025-07-08T05:00:00.000Z,199.009,199.43,198.966,198.992,21748
2025-07-08T09:00:00.000Z,198.999,199.122,198.68,199.12,20404
2025-07-08T13:00:00.000Z,199.12,199.31,198.668,199.256,27862
2025-07-08T17:00:00.000Z,199.254,199.429,199.11,199.201,16598
2025-07-08T21:00:00.000Z,199.089,199.537,198.929,199.432,9804
2025-07-09T01:00:00.000Z,199.43,199.799,199.33,199.755,17154
2025-07-09T05:00:00.000Z,199.756,199.828,199.363,199.49,20318
2025-07-09T09:00:00.000Z,199.493,199.514,199.136,199.335,18943
2025-07-09T13:00:00.000Z,199.335,199.402,198.758,198.885,20728
2025-07-09T17:00:00.000Z,198.886,199.064,198.733,198.853,10995
2025-07-09T21:00:00.000Z,198.77,198.837,198.362,198.443,10805
2025-07-10T01:00:00.000Z,198.44,199.103,198.377,198.922,13231
2025-07-10T05:00:00.000Z,198.917,199.245,198.842,199.124,17340
2025-07-10T09:00:00.000Z,199.124,199.193,198.378,198.572,17328
2025-07-10T13:00:00.000Z,198.568,198.823,198.472,198.657,23309
2025-07-10T17:00:00.000Z,198.652,198.657,198.455,198.603,12508
2025-07-10T21:00:00.000Z,198.409,198.784,198.227,198.653,11592
2025-07-11T01:00:00.000Z,198.655,199.435,198.626,199.385,17416
2025-07-11T05:00:00.000Z,199.387,199.422,198.677,198.947,20873
2025-07-11T09:00:00.000Z,198.947,199.231,198.231,198.466,20133
2025-07-11T13:00:00.000Z,198.462,199.163,198.426,199.033,22875
2025-07-11T17:00:00.000Z,199.033,199.238,198.789,198.891,10925
2025-07-13T21:00:00.000Z,198.46,198.981,198.31,198.354,14079
2025-07-14T01:00:00.000Z,198.354,198.702,198.254,198.597,16641
2025-07-14T05:00:00.000Z,198.597,198.741,198.096,198.51,19205
2025-07-14T09:00:00.000Z,198.515,198.788,198.396,198.641,16298
2025-07-14T13:00:00.000Z,198.641,198.713,198.245,198.448,21958
2025-07-14T17:00:00.000Z,198.455,198.524,198.296,198.387,8964
2025-07-14T21:00:00.000Z,198.343,198.533,198.211,198.279,9591
2025-07-15T01:00:00.000Z,198.28,198.569,198.203,198.335,11885
2025-07-15T05:00:00.000Z,198.333,198.75,198.283,198.568,15938
2025-07-15T09:00:00.000Z,198.568,199.077,198.507,198.885,18460
2025-07-15T13:00:00.000Z,198.885,199.514,198.831,199.314,28292
2025-07-15T17:00:00.000Z,199.311,199.389,199.164,199.195,12378
2025-07-15T21:00:00.000Z,199.192,199.562,199.086,199.521,9294
2025-07-16T01:00:00.000Z,199.522,199.735,199.279,199.508,14079
2025-07-16T05:00:00.000Z,199.512,199.667,199.236,199.299,18979
2025-07-16T09:00:00.000Z,199.299,199.396,198.933,199.141,19428
2025-07-16T13:00:00.000Z,199.141,199.208,197.867,198.696,38926
2025-07-16T17:00:00.000Z,198.693,198.718,198.105,198.459,17462
2025-07-16T21:00:00.000Z,198.28,198.851,198.203,198.821,11251
2025-07-17T01:00:00.000Z,198.823,199.022,198.675,198.811,14601
2025-07-17T05:00:00.000Z,198.812,199.29,198.681,199.256,21272
2025-07-17T09:00:00.000Z,199.259,199.54,199.107,199.293,19916
2025-07-17T13:00:00.000Z,199.289,199.327,198.968,199.151,23591
2025-07-17T17:00:00.000Z,199.151,199.471,199.129,199.343,10711
2025-07-17T21:00:00.000Z,199.273,199.583,199.171,199.563,10139
2025-07-18T01:00:00.000Z,199.563,199.699,199.377,199.561,13659
2025-07-18T05:00:00.000Z,199.561,199.963,199.489,199.654,16259
2025-07-18T09:00:00.000Z,199.656,199.906,199.58,199.651,16616
2025-07-18T13:00:00.000Z,199.651,199.789,199.447,199.513,23070
2025-07-18T17:00:00.000Z,199.513,199.617,199.454,199.544,11982
2025-07-20T21:00:00.000Z,198.457,199.421,198.433,198.887,13943
2025-07-21T01:00:00.000Z,198.906,199.24,198.896,199.191,13296
2025-07-21T05:00:00.000Z,199.19,199.226,198.554,198.941,21011
2025-07-21T09:00:00.000Z,198.941,199.082,198.577,198.815,18910
2025-07-21T13:00:00.000Z,198.816,198.986,198.511,198.581,22455
2025-07-21T17:00:00.000Z,198.571,198.828,198.521,198.806,12504
2025-07-21T21:00:00.000Z,198.713,199.113,198.515,198.851,9434
2025-07-22T01:00:00.000Z,198.853,199.014,198.738,198.96,12421
2025-07-22T05:00:00.000Z,198.96,199.287,198.794,199.12,17309
2025-07-22T09:00:00.000Z,199.12,199.12,197.842,197.899,18291
2025-07-22T13:00:00.000Z,197.898,198.133,197.427,198.108,26639
2025-07-22T17:00:00.000Z,198.108,198.457,198.093,198.452,13878
2025-07-22T21:00:00.000Z,198.321,198.648,197.743,198.086,15261
2025-07-23T01:00:00.000Z,198.086,198.997,198.006,198.764,19707
2025-07-23T05:00:00.000Z,198.764,199.074,198.37,198.778,20625
2025-07-23T09:00:00.000Z,198.777,198.794,197.86,198.318,18255
2025-07-23T13:00:00.000Z,198.317,198.907,198.237,198.78,25254
2025-07-23T17:00:00.000Z,198.776,199.024,198.646,198.955,14177
2025-07-23T21:00:00.000Z,198.842,199.006,198.575,198.758,10572
2025-07-24T01:00:00.000Z,198.757,198.764,198.129,198.285,17406
2025-07-24T05:00:00.000Z,198.284,198.623,198.206,198.466,20770
2025-07-24T09:00:00.000Z,198.468,198.708,198.373,198.683,20281
2025-07-24T13:00:00.000Z,198.683,198.847,198.273,198.468,27972
2025-07-24T17:00:00.000Z,198.467,198.599,198.386,198.523,14821
2025-07-24T21:00:00.000Z,198.538,198.953,198.449,198.829,10617
2025-07-25T01:00:00.000Z,198.829,199.053,198.462,198.502,15722
2025-07-25T05:00:00.000Z,198.502,199.071,198.128,198.911,22855
2025-07-25T09:00:00.000Z,198.914,199.08,198.52,198.612,19088
2025-07-25T13:00:00.000Z,198.612,198.621,198.179,198.299,25992
2025-07-25T17:00:00.000Z,198.296,198.387,198.203,198.285,12571
2025-07-27T21:00:00.000Z,198.308,198.732,198.256,198.44,13658
2025-07-28T01:00:00.000Z,198.442,198.819,198.404,198.51,17444
2025-07-28T05:00:00.000Z,198.51,199.017,198.403,198.986,23367
2025-07-28T09:00:00.000Z,198.986,199.212,198.809,198.948,22317
2025-07-28T13:00:00.000Z,198.942,199.013,198.61,198.652,23421
2025-07-28T17:00:00.000Z,198.652,198.673,198.304,198.363,11489
2025-07-28T21:00:00.000Z,198.256,198.507,198.173,198.412,9079
2025-07-29T01:00:00.000Z,198.414,198.449,197.875,198.036,15790
2025-07-29T05:00:00.000Z,198.036,198.213,197.723,198.192,22398
2025-07-29T09:00:00.000Z,198.192,198.458,197.98,198.001,20520
2025-07-29T13:00:00.000Z,197.998,198.26,197.751,198.151,25920
2025-07-29T17:00:00.000Z,198.151,198.372,198.02,198.182,14594
2025-07-29T21:00:00.000Z,198.115,198.313,197.853,197.88,8899
2025-07-30T01:00:00.000Z,197.88,197.95,197.583,197.793,15792
2025-07-30T05:00:00.000Z,197.792,197.897,197.437,197.782,20120
2025-07-30T09:00:00.000Z,197.772,198.411,197.754,198.103,22734
2025-07-30T13:00:00.000Z,198.102,198.193,197.771,197.804,24372
2025-07-30T17:00:00.000Z,197.804,198.014,197.6,197.922,27270
2025-07-30T21:00:00.000Z,197.798,197.983,197.611,197.84,11363
2025-07-31T01:00:00.000Z,197.838,197.851,196.962,197.555,19015
2025-07-31T05:00:00.000Z,197.555,198.364,197.29,198.254,24933
2025-07-31T09:00:00.000Z,198.255,198.584,198.1,198.492,23656
2025-07-31T13:00:00.000Z,198.492,199.514,198.364,199.243,29038
2025-07-31T17:00:00.000Z,199.234,199.372,198.823,199.118,18025
2025-07-31T21:00:00.000Z,198.976,199.237,198.831,199.118,12992
2025-08-01T01:00:00.000Z,199.118,199.295,198.706,198.78,17735
2025-08-01T05:00:00.000Z,198.78,198.978,198.2,198.2,20069
2025-08-01T09:00:00.000Z,198.2,198.224,197.448,197.448,25417
2025-08-01T13:00:00.000Z,197.436,197.458,195.777,195.79,41064
2025-08-01T17:00:00.000Z,195.786,195.86,195.323,195.751,22522
2025-08-03T21:00:00.000Z,195.486,195.866,195.278,195.8,15391
2025-08-04T01:00:00.000Z,195.803,196.354,195.785,196.09,18443
2025-08-04T05:00:00.000Z,196.089,196.526,195.991,196.366,23820
2025-08-04T09:00:00.000Z,196.366,196.523,195.642,195.727,23650
2025-08-04T13:00:00.000Z,195.728,196.095,195.324,195.341,28797
2025-08-04T17:00:00.000Z,195.341,195.423,195.019,195.396,15792
2025-08-04T21:00:00.000Z,195.359,195.442,195.017,195.388,10819
2025-08-05T01:00:00.000Z,195.387,195.547,195.288,195.399,14339
2025-08-05T05:00:00.000Z,195.399,195.979,195.261,195.976,20471
2025-08-05T09:00:00.000Z,195.983,196.352,195.896,196.118,20599
2025-08-05T13:00:00.000Z,196.116,196.412,195.7,196.369,29259
2025-08-05T17:00:00.000Z,196.367,196.452,196.145,196.223,16511
2025-08-05T21:00:00.000Z,196.164,196.341,196.054,196.29,8899
2025-08-06T01:00:00.000Z,196.29,196.473,196.079,196.134,13440
2025-08-06T05:00:00.000Z,196.134,196.392,196.089,196.34,17904
2025-08-06T09:00:00.000Z,196.338,196.642,196.319,196.344,20487
2025-08-06T13:00:00.000Z,196.342,196.899,196.156,196.662,26046
2025-08-06T17:00:00.000Z,196.662,197.078,196.443,196.808,16879
2025-08-06T21:00:00.000Z,196.722,197.007,196.57,196.985,9973
2025-08-07T01:00:00.000Z,196.985,197.18,196.859,196.915,14495
2025-08-07T05:00:00.000Z,196.919,196.947,196.231,196.701,22102
2025-08-07T09:00:00.000Z,196.696,197.917,196.686,197.665,24281
2025-08-07T13:00:00.000Z,197.666,198.017,197.456,197.902,27405
2025-08-07T17:00:00.000Z,197.902,198.017,197.436,197.798,19366
2025-08-07T21:00:00.000Z,197.673,197.917,197.365,197.877,11893
2025-08-08T01:00:00.000Z,197.877,197.994,197.68,197.709,12559
2025-08-08T05:00:00.000Z,197.721,198.393,197.673,198.353,20522
2025-08-08T09:00:00.000Z,198.355,198.82,198.271,198.447,21468
2025-08-08T13:00:00.000Z,198.447,198.742,198.377,198.668,23144
2025-08-08T17:00:00.000Z,198.665,198.809,198.567,198.628,17304
2025-08-10T21:00:00.000Z,198.344,198.663,198.234,198.487,8340
2025-08-11T01:00:00.000Z,198.492,198.608,198.45,198.596,12038
2025-08-11T05:00:00.000Z,198.596,198.799,198.173,198.602,17502
2025-08-11T09:00:00.000Z,198.599,198.775,198.355,198.398,17814
2025-08-11T13:00:00.000Z,198.398,198.673,198.345,198.663,21305
2025-08-11T17:00:00.000Z,198.663,199.062,198.636,198.998,14284
2025-08-11T21:00:00.000Z,198.742,199.336,198.738,199.304,10066
2025-08-12T01:00:00.000Z,199.304,199.39,199.133,199.354,14071
2025-08-12T05:00:00.000Z,199.356,199.974,198.98,199.907,25502
2025-08-12T09:00:00.000Z,199.904,199.957,199.537,199.627,27742
2025-08-12T13:00:00.000Z,199.628,200.078,199.504,199.627,44915
2025-08-12T17:00:00.000Z,199.628,199.662,199.3,199.534,18132
2025-08-12T21:00:00.000Z,199.475,199.628,199.388,199.563,10309
2025-08-13T01:00:00.000Z,199.558,199.977,199.493,199.775,14824
2025-08-13T05:00:00.000Z,199.775,199.89,199.544,199.653,23691
2025-08-13T09:00:00.000Z,199.653,200.278,199.607,199.886,24596
2025-08-13T13:00:00.000Z,199.884,199.996,199.538,199.989,27310
2025-08-13T17:00:00.000Z,199.989,200.16,199.941,200.124,15065
2025-08-13T21:00:00.000Z,199.961,200.004,199.188,199.285,10698
2025-08-14T01:00:00.000Z,199.285,199.298,198.67,198.726,20267
2025-08-14T05:00:00.000Z,198.726,199.039,198.591,198.9,28397
2025-08-14T09:00:00.000Z,198.9,199.369,198.813,199.16,29620
2025-08-14T13:00:00.000Z,199.156,200.116,199.155,199.932,36095
2025-08-14T17:00:00.000Z,199.933,200.157,199.868,199.881,15757
2025-08-14T21:00:00.000Z,199.874,200.011,199.571,199.601,9203
2025-08-15T01:00:00.000Z,199.602,199.66,199.272,199.327,14370
2025-08-15T05:00:00.000Z,199.328,199.498,198.929,198.929,19327
2025-08-15T09:00:00.000Z,198.929,199.498,198.898,199.192,21646
2025-08-15T13:00:00.000Z,199.192,199.604,199.105,199.558,31036
2025-08-15T17:00:00.000Z,199.556,199.688,199.449,199.487,13509
2025-08-17T21:00:00.000Z,199.399,199.875,199.348,199.805,10481
2025-08-18T01:00:00.000Z,199.807,199.996,199.737,199.879,15322
2025-08-18T05:00:00.000Z,199.88,199.957,199.374,199.59,21871
2025-08-18T09:00:00.000Z,199.59,200.108,199.478,200.073,20063
2025-08-18T13:00:00.000Z,200.07,200.266,199.61,199.649,24700
2025-08-18T17:00:00.000Z,199.651,199.78,199.543,199.657,14064
2025-08-18T21:00:00.000Z,199.568,199.852,199.41,199.527,9619
2025-08-19T01:00:00.000Z,199.525,199.759,199.262,199.548,17366
2025-08-19T05:00:00.000Z,199.547,199.78,199.245,199.636,20239
2025-08-19T09:00:00.000Z,199.636,199.855,199.57,199.647,19424
2025-08-19T13:00:00.000Z,199.649,199.688,199.072,199.133,25917
2025-08-19T17:00:00.000Z,199.133,199.23,198.814,199.222,14623
2025-08-19T21:00:00.000Z,199.012,199.25,198.817,198.914,11830
2025-08-20T01:00:00.000Z,198.914,199.012,198.626,198.847,18028
2025-08-20T05:00:00.000Z,198.847,199.44,198.65,199.249,24334
2025-08-20T09:00:00.000Z,199.249,199.258,198.615,198.654,19123
2025-08-20T13:00:00.000Z,198.652,198.768,197.85,198.023,29167
2025-08-20T17:00:00.000Z,198.023,198.372,197.926,198.254,15091
2025-08-20T21:00:00.000Z,198.168,198.442,198.07,198.312,11244
2025-08-21T01:00:00.000Z,198.311,198.443,198.112,198.238,14395
2025-08-21T05:00:00.000Z,198.238,198.797,198.198,198.709,20840
2025-08-21T09:00:00.000Z,198.712,199.227,198.615,198.647,23754
2025-08-21T13:00:00.000Z,198.644,199.069,198.407,198.956,34979
2025-08-21T17:00:00.000Z,198.958,199.098,198.823,198.989,13501
2025-08-21T21:00:00.000Z,198.811,199.249,198.768,199.22,10470
2025-08-22T01:00:00.000Z,199.222,199.307,199.077,199.2,15169
2025-08-22T05:00:00.000Z,199.199,199.379,198.846,199.35,20481
2025-08-22T09:00:00.000Z,199.353,199.531,199.292,199.432,19959
2025-08-22T13:00:00.000Z,199.434,199.508,198.31,198.404,46338
2025-08-22T17:00:00.000Z,198.404,198.728,198.38,198.713,18701
2025-08-24T21:00:00.000Z,198.435,199.146,198.326,198.928,13568
2025-08-25T01:00:00.000Z,198.928,199.093,198.766,198.929,15374
2025-08-25T05:00:00.000Z,198.929,199.114,198.813,198.879,17473
2025-08-25T09:00:00.000Z,198.879,199.18,198.736,199.028,16449
2025-08-25T13:00:00.000Z,199.028,199.292,198.932,198.994,26409
2025-08-25T17:00:00.000Z,198.994,199.024,198.71,198.716,18860
2025-08-25T21:00:00.000Z,198.743,198.902,198.272,198.31,18428
2025-08-26T01:00:00.000Z,198.31,198.878,198.306,198.845,20530
2025-08-26T05:00:00.000Z,198.843,198.982,198.55,198.678,28995
2025-08-26T09:00:00.000Z,198.678,199.011,198.629,198.869,23933
2025-08-26T13:00:00.000Z,198.866,199.049,198.362,198.531,29593
2025-08-26T17:00:00.000Z,198.531,198.748,198.488,198.676,15431
2025-08-26T21:00:00.000Z,198.598,198.87,198.429,198.805,10396
2025-08-27T01:00:00.000Z,198.805,199.018,198.744,198.959,17112
2025-08-27T05:00:00.000Z,198.959,198.989,198.663,198.866,21642
2025-08-27T09:00:00.000Z,198.866,199.058,198.777,199.021,21916
2025-08-27T13:00:00.000Z,199.021,199.183,198.845,198.872,29576
2025-08-27T17:00:00.000Z,198.872,199.096,198.803,198.997,17700
2025-08-27T21:00:00.000Z,198.83,199.107,198.691,198.908,12939
2025-08-28T01:00:00.000Z,198.908,199.13,198.669,198.724,17517
2025-08-28T05:00:00.000Z,198.724,198.968,198.55,198.681,23063
2025-08-28T09:00:00.000Z,198.681,198.805,198.458,198.633,26192
2025-08-28T13:00:00.000Z,198.633,198.814,198.499,198.565,30697
2025-08-28T17:00:00.000Z,198.564,198.58,198.394,198.545,16191
2025-08-28T21:00:00.000Z,198.376,198.655,198.272,198.334,13378
2025-08-29T01:00:00.000Z,198.334,198.536,198.267,198.356,18801
2025-08-29T05:00:00.000Z,198.356,198.603,197.979,198.046,21319
2025-08-29T09:00:00.000Z,198.046,198.33,197.94,198.292,23789
2025-08-29T13:00:00.000Z,198.292,198.513,197.982,198.443,33423
2025-08-29T17:00:00.000Z,198.443,198.652,198.334,198.529,14840
2025-08-31T21:00:00.000Z,198.294,199.048,198.294,199.023,10548
2025-09-01T01:00:00.000Z,199.021,199.072,198.605,198.774,20274
2025-09-01T05:00:00.000Z,198.771,199.103,198.635,198.95,22770
2025-09-01T09:00:00.000Z,198.95,199.228,198.863,199.197,19835
2025-09-01T13:00:00.000Z,199.199,199.556,199.196,199.381,20118
2025-09-01T17:00:00.000Z,199.381,199.417,199.332,199.35,6853
2025-09-01T21:00:00.000Z,199.274,199.5,199.168,199.406,11609
2025-09-02T01:00:00.000Z,199.406,200.001,199.3,199.829,20545
2025-09-02T05:00:00.000Z,199.829,200.26,198.796,199.099,36151
2025-09-02T09:00:00.000Z,199.099,199.133,198.57,198.697,36411
2025-09-02T13:00:00.000Z,198.697,198.839,198.315,198.605,36751
2025-09-02T17:00:00.000Z,198.605,198.737,198.442,198.687,16283
2025-09-02T21:00:00.000Z,198.545,198.972,198.492,198.968,11489
2025-09-03T01:00:00.000Z,198.966,199.062,198.609,198.652,16883
2025-09-03T05:00:00.000Z,198.652,199.233,198.473,199.207,26337
2025-09-03T09:00:00.000Z,199.202,199.663,199.046,199.654,24998
2025-09-03T13:00:00.000Z,199.654,199.718,198.896,198.967,34475
2025-09-03T17:00:00.000Z,198.967,199.152,198.87,199.038,16429
2025-09-03T21:00:00.000Z,198.941,199.125,198.792,198.971,12594
2025-09-04T01:00:00.000Z,198.971,199.098,198.759,199.036,17932
2025-09-04T05:00:00.000Z,199.036,199.489,198.937,199.406,20986
2025-09-04T09:00:00.000Z,199.406,199.499,199.081,199.495,24759
2025-09-04T13:00:00.000Z,199.498,199.821,199.333,199.463,29544
2025-09-04T17:00:00.000Z,199.463,199.582,199.416,199.443,12099
2025-09-04T21:00:00.000Z,199.337,199.553,199.195,199.271,11944
2025-09-05T01:00:00.000Z,199.271,199.406,199.213,199.352,14136
2025-09-05T05:00:00.000Z,199.352,199.693,199.283,199.567,18217
2025-09-05T09:00:00.000Z,199.567,199.785,198.948,199.157,28334
2025-09-05T13:00:00.000Z,199.157,199.323,198.67,199.012,43787
2025-09-05T17:00:00.000Z,199.012,199.198,198.959,199.052,18554
2025-09-07T21:00:00.000Z,199.922,200.341,199.57,200.193,15703
2025-09-08T01:00:00.000Z,200.192,200.254,199.832,199.969,17269
2025-09-08T05:00:00.000Z,199.959,200.006,199.347,199.554,20270
2025-09-08T09:00:00.000Z,199.552,200.071,199.487,200.018,17938
2025-09-08T13:00:00.000Z,200.024,200.142,199.83,199.927,21520
2025-09-08T17:00:00.000Z,199.926,199.993,199.665,199.805,11480
2025-09-08T21:00:00.000Z,199.68,199.829,199.55,199.768,10263
2025-09-09T01:00:00.000Z,199.773,199.871,199.648,199.694,14714
2025-09-09T05:00:00.000Z,199.693,199.776,198.876,199.005,21877
2025-09-09T09:00:00.000Z,198.999,199.146,198.784,199.139,19564
2025-09-09T13:00:00.000Z,199.14,199.418,198.865,199.321,26230
2025-09-09T17:00:00.000Z,199.319,199.456,199.267,199.403,11808
2025-09-09T21:00:00.000Z,199.151,199.418,199.128,199.346,10144
2025-09-10T01:00:00.000Z,199.346,199.57,199.256,199.499,15003
2025-09-10T05:00:00.000Z,199.499,199.657,199.392,199.549,18314
2025-09-10T09:00:00.000Z,199.544,199.71,199.257,199.608,19770
2025-09-10T13:00:00.000Z,199.616,199.801,199.435,199.48,22058
2025-09-10T17:00:00.000Z,199.481,199.49,199.3,199.454,10662
2025-09-10T21:00:00.000Z,199.416,199.512,199.214,199.472,8973
2025-09-11T01:00:00.000Z,199.472,199.517,199.321,199.432,12520
2025-09-11T05:00:00.000Z,199.433,199.866,199.347,199.81,19421
2025-09-11T09:00:00.000Z,199.812,200.07,199.575,199.825,23195
2025-09-11T13:00:00.000Z,199.827,199.916,199.368,199.667,28412
2025-09-11T17:00:00.000Z,199.668,199.953,199.66,199.844,15428
2025-09-11T21:00:00.000Z,199.753,199.939,199.639,199.826,8744
2025-09-12T01:00:00.000Z,199.825,199.985,199.706,199.948,12447
2025-09-12T05:00:00.000Z,199.954,200.239,199.643,200.155,19616
2025-09-12T09:00:00.000Z,200.156,200.474,200.118,200.232,19177
2025-09-12T13:00:00.000Z,200.234,200.359,200.044,200.261,20308
2025-09-12T17:00:00.000Z,200.26,200.307,200.051,200.223,10902
2025-09-14T21:00:00.000Z,199.93,200.339,199.901,200.006,7197
2025-09-15T01:00:00.000Z,200.006,200.117,199.909,199.977,11077
2025-09-15T05:00:00.000Z,199.971,200.445,199.93,200.201,16696
2025-09-15T09:00:00.000Z,200.199,200.74,200.148,200.495,16708
2025-09-15T13:00:00.000Z,200.492,200.522,200.212,200.354,18823
2025-09-15T17:00:00.000Z,200.355,200.601,200.308,200.422,12563
2025-09-15T21:00:00.000Z,200.311,200.571,200.183,200.535,9003
2025-09-16T01:00:00.000Z,200.535,200.646,200.105,200.164,15678
2025-09-16T05:00:00.000Z,200.167,200.415,200.067,200.298,19816
2025-09-16T09:00:00.000Z,200.297,200.716,200.277,200.648,21191
2025-09-16T13:00:00.000Z,200.647,200.702,199.868,199.886,23719
2025-09-16T17:00:00.000Z,199.883,199.996,199.777,199.84,14555
2025-09-16T21:00:00.000Z,199.812,200.01,199.692,199.941,10748
2025-09-17T01:00:00.000Z,199.945,199.968,199.769,199.789,12500
2025-09-17T05:00:00.000Z,199.79,200.021,199.728,199.756,16181
2025-09-17T09:00:00.000Z,199.757,199.926,199.477,199.863,15373
2025-09-17T13:00:00.000Z,199.866,199.99,199.677,199.894,16613
2025-09-17T17:00:00.000Z,199.896,200.35,199.55,200.303,31828
2025-09-17T21:00:00.000Z,200.182,200.338,200.036,200.198,13458
2025-09-18T01:00:00.000Z,200.197,200.345,200.144,200.293,16055
2025-09-18T05:00:00.000Z,200.294,201.259,200.25,201.087,22103
2025-09-18T09:00:00.000Z,201.086,201.201,200.621,200.91,22115
2025-09-18T13:00:00.000Z,200.908,201.051,200.348,200.393,28266
2025-09-18T17:00:00.000Z,200.391,200.538,200.305,200.52,12145
2025-09-18T21:00:00.000Z,200.393,200.608,200.21,200.527,11416
2025-09-19T01:00:00.000Z,200.528,200.575,199.515,199.806,21505
2025-09-19T05:00:00.000Z,199.803,199.918,199.355,199.589,25024
2025-09-19T09:00:00.000Z,199.584,199.834,199.46,199.544,17692
2025-09-19T13:00:00.000Z,199.547,199.657,199.206,199.329,22403
2025-09-19T17:00:00.000Z,199.33,199.418,199.223,199.282,10572
2025-09-21T21:00:00.000Z,199.092,199.552,199.056,199.527,11372
2025-09-22T01:00:00.000Z,199.519,199.758,199.491,199.597,14216
2025-09-22T05:00:00.000Z,199.599,199.762,199.365,199.532,18529
2025-09-22T09:00:00.000Z,199.531,199.773,199.386,199.699,17296
2025-09-22T13:00:00.000Z,199.698,199.784,199.502,199.573,18239
2025-09-22T17:00:00.000Z,199.571,199.724,199.544,199.608,8866
2025-09-22T21:00:00.000Z,199.484,199.7,199.346,199.649,7917
2025-09-23T01:00:00.000Z,199.647,199.715,199.544,199.626,12734
2025-09-23T05:00:00.000Z,199.629,199.812,199.186,199.262,19181
2025-09-23T09:00:00.000Z,199.258,199.96,199.138,199.853,17230
2025-09-23T13:00:00.000Z,199.853,199.928,199.539,199.792,22654
2025-09-23T17:00:00.000Z,199.791,199.8,199.349,199.679,15027
2025-09-23T21:00:00.000Z,199.509,199.785,199.366,199.711,10733
2025-09-24T01:00:00.000Z,199.708,199.885,199.587,199.795,13868
2025-09-24T05:00:00.000Z,199.792,199.915,199.551,199.909,17035
2025-09-24T09:00:00.000Z,199.911,200.012,199.764,199.883,17494
2025-09-24T13:00:00.000Z,199.882,200.139,199.701,199.975,21709
2025-09-24T17:00:00.000Z,199.973,200.232,199.969,200.192,10093
2025-09-24T21:00:00.000Z,200.093,200.2,199.87,199.916,10806
2025-09-25T01:00:00.000Z,199.923,200.209,199.911,200.056,12816
2025-09-25T05:00:00.000Z,200.054,200.343,199.914,200.089,17474
2025-09-25T09:00:00.000Z,200.101,200.157,199.539,199.738,19708
2025-09-25T13:00:00.000Z,199.736,200.02,199.633,199.825,26996
2025-09-25T17:00:00.000Z,199.831,199.893,199.63,199.862,13476
2025-09-25T21:00:00.000Z,199.775,199.928,199.632,199.752,12779
2025-09-26T01:00:00.000Z,199.75,199.952,199.68,199.828,12277
2025-09-26T05:00:00.000Z,199.832,200.205,199.796,200.136,16120
2025-09-26T09:00:00.000Z,200.135,200.199,199.927,200.145,17583
2025-09-26T13:00:00.000Z,200.148,200.504,200.118,200.364,22713
2025-09-26T17:00:00.000Z,200.365,200.477,200.342,200.391,9768
2025-09-28T21:00:00.000Z,200.194,200.418,200.04,200.243,9151
2025-09-29T01:00:00.000Z,200.245,200.288,199.977,200.147,13002
2025-09-29T05:00:00.000Z,200.15,200.202,199.531,199.554,16558
2025-09-29T09:00:00.000Z,199.553,199.969,199.491,199.888,15491
2025-09-29T13:00:00.000Z,199.887,199.991,199.334,199.552,18239
2025-09-29T17:00:00.000Z,199.556,199.734,199.427,199.59,8969
2025-09-29T21:00:00.000Z,199.482,199.767,199.376,199.747,9434
2025-09-30T01:00:00.000Z,199.749,199.766,199.34,199.418,13519
2025-09-30T05:00:00.000Z,199.42,199.499,198.781,198.796,17903
2025-09-30T09:00:00.000Z,198.797,199.05,198.75,198.881,14361
2025-09-30T13:00:00.000Z,198.889,199,198.572,198.837,21955
2025-09-30T17:00:00.000Z,198.836,198.91,198.729,198.834,11676
2025-09-30T21:00:00.000Z,198.696,199.214,198.63,199.063,10060
2025-10-01T01:00:00.000Z,199.063,199.1,198.621,198.649,11764
2025-10-01T05:00:00.000Z,198.655,198.739,198.011,198.166,20477
2025-10-01T09:00:00.000Z,198.167,198.528,197.902,198.357,20568
2025-10-01T13:00:00.000Z,198.351,198.498,198.176,198.28,24321
2025-10-01T17:00:00.000Z,198.281,198.387,198.159,198.165,11113
2025-10-01T21:00:00.000Z,198.121,198.441,198.022,198.252,8115
2025-10-02T01:00:00.000Z,198.258,198.404,198.135,198.317,10842
2025-10-02T05:00:00.000Z,198.316,198.607,198.078,198.235,17299
2025-10-02T09:00:00.000Z,198.245,198.254,197.596,198.16,16189
2025-10-02T13:00:00.000Z,198.153,198.175,197.484,197.771,21320
2025-10-02T17:00:00.000Z,197.775,197.96,197.753,197.909,8399
2025-10-02T21:00:00.000Z,197.726,198.116,197.677,198.103,6498
2025-10-03T01:00:00.000Z,198.107,198.55,197.956,198.467,10807
2025-10-03T05:00:00.000Z,198.465,198.527,198.257,198.269,15290
2025-10-03T09:00:00.000Z,198.27,198.293,197.999,198.187,13837
2025-10-03T13:00:00.000Z,198.185,198.829,198.028,198.794,20184
2025-10-03T17:00:00.000Z,198.793,198.863,198.609,198.768,10140
2025-10-05T21:00:00.000Z,200.694,201.309,200.22,201.196,17835
2025-10-06T01:00:00.000Z,201.214,202.157,201.079,202.119,14812
2025-10-06T05:00:00.000Z,202.129,202.229,201.504,202.027,21493
2025-10-06T09:00:00.000Z,202.011,202.121,201.238,201.269,19722
2025-10-06T13:00:00.000Z,201.271,202.345,201.244,202.337,19684
2025-10-06T17:00:00.000Z,202.335,202.802,202.305,202.764,9051
2025-10-06T21:00:00.000Z,202.551,203.051,202.433,202.886,8612
2025-10-07T01:00:00.000Z,202.895,202.93,202.511,202.597,9473
2025-10-07T05:00:00.000Z,202.6,202.699,202.27,202.608,16592
2025-10-07T09:00:00.000Z,202.61,202.681,202.103,202.323,15933
2025-10-07T13:00:00.000Z,202.323,203.491,202.2,203.417,21709
2025-10-07T17:00:00.000Z,203.415,204.059,203.411,203.897,12672
2025-10-07T21:00:00.000Z,203.942,204.386,203.734,204.321,10679
2025-10-08T01:00:00.000Z,204.328,204.467,203.966,204.067,14125
2025-10-08T05:00:00.000Z,204.072,204.83,203.898,204.8,18474
2025-10-08T09:00:00.000Z,204.8,205.313,204.562,204.644,17478
2025-10-08T13:00:00.000Z,204.646,205.088,204.305,204.498,20038
2025-10-08T17:00:00.000Z,204.496,204.678,204.344,204.656,12010
2025-10-08T21:00:00.000Z,204.646,204.768,204.368,204.767,10067
2025-10-09T01:00:00.000Z,204.781,204.867,204.376,204.493,11365
2025-10-09T05:00:00.000Z,204.496,204.847,204.102,204.151,19290
2025-10-09T09:00:00.000Z,204.157,204.518,203.896,204.434,18767
2025-10-09T13:00:00.000Z,204.429,204.559,203.365,203.391,27141
2025-10-09T17:00:00.000Z,203.394,203.662,203.296,203.631,14910
2025-10-09T21:00:00.000Z,203.363,203.741,203.363,203.497,9673
2025-10-10T01:00:00.000Z,203.494,203.617,203.169,203.288,12128
2025-10-10T05:00:00.000Z,203.287,203.493,202.653,203.141,20409
2025-10-10T09:00:00.000Z,203.14,203.204,202.484,202.578,18258
2025-10-10T13:00:00.000Z,202.577,203.115,202.208,202.686,31256
2025-10-10T17:00:00.000Z,202.68,202.766,201.776,201.833,18988
2025-10-12T21:00:00.000Z,202.654,203.084,202.33,202.713,16408
2025-10-13T01:00:00.000Z,202.718,202.963,202.71,202.897,13776
2025-10-13T05:00:00.000Z,202.887,203.241,202.622,203.003,20225
2025-10-13T09:00:00.000Z,203.004,203.087,202.724,202.948,18272
2025-10-13T13:00:00.000Z,202.95,203.136,202.76,202.98,20274
2025-10-13T17:00:00.000Z,202.98,203.126,202.926,203.025,10256
2025-10-13T21:00:00.000Z,202.903,203.482,202.843,203.321,11431
2025-10-14T01:00:00.000Z,203.318,203.514,202.612,202.756,18409
2025-10-14T05:00:00.000Z,202.755,202.772,201.325,201.881,27567
2025-10-14T09:00:00.000Z,201.877,202.019,201.322,201.63,23158
2025-10-14T13:00:00.000Z,201.628,202.216,201.623,202.073,29884
2025-10-14T17:00:00.000Z,202.075,202.328,201.99,202.172,15655
2025-10-14T21:00:00.000Z,202.086,202.293,201.922,202.005,11576
2025-10-15T01:00:00.000Z,201.993,202.045,201.588,201.889,15301
2025-10-15T05:00:00.000Z,201.927,202.106,201.656,201.804,20469
2025-10-15T09:00:00.000Z,201.804,202.497,201.778,202.369,20391
2025-10-15T13:00:00.000Z,202.362,202.637,202.043,202.455,25996
2025-10-15T17:00:00.000Z,202.458,202.702,202.177,202.467,15984
2025-10-15T21:00:00.000Z,202.386,202.496,201.978,202.27,12294
2025-10-16T01:00:00.000Z,202.269,202.671,202.228,202.598,15667
2025-10-16T05:00:00.000Z,202.604,203.235,202.588,203.235,22533
2025-10-16T09:00:00.000Z,203.236,203.427,202.819,203.191,20366
2025-10-16T13:00:00.000Z,203.192,203.357,201.706,201.932,30693
2025-10-16T17:00:00.000Z,201.939,202.239,201.741,202.096,23324
2025-10-16T21:00:00.000Z,201.982,202.158,201.703,202.007,13622
2025-10-17T01:00:00.000Z,202.009,202.134,201.593,201.725,18556
2025-10-17T05:00:00.000Z,201.727,201.82,200.667,201.06,28355
2025-10-17T09:00:00.000Z,201.059,202.104,200.938,201.696,27427
2025-10-17T13:00:00.000Z,201.695,202.008,201.295,201.798,31173
2025-10-17T17:00:00.000Z,201.79,202.233,201.701,202.144,17520
2025-10-19T21:00:00.000Z,201.942,202.764,201.712,202.727,12874
2025-10-20T01:00:00.000Z,202.728,203.102,202.252,202.334,15553
2025-10-20T05:00:00.000Z,202.33,202.496,202.086,202.195,21640
2025-10-20T09:00:00.000Z,202.19,202.504,201.816,202.279,22028
2025-10-20T13:00:00.000Z,202.289,202.304,201.878,202.139,23237
2025-10-20T17:00:00.000Z,202.149,202.204,201.993,202.062,12180
2025-10-20T21:00:00.000Z,201.9,202.175,201.813,202.087,10328
2025-10-21T01:00:00.000Z,202.089,202.514,201.894,202.315,16680
2025-10-21T05:00:00.000Z,202.312,202.916,202.076,202.845,26642
2025-10-21T09:00:00.000Z,202.853,203.52,202.826,203.505,24061
2025-10-21T13:00:00.000Z,203.508,203.521,202.564,203.064,28615
2025-10-21T17:00:00.000Z,203.067,203.2,202.959,203.035,14009
2025-10-21T21:00:00.000Z,203.013,203.126,202.731,202.731,11222
2025-10-22T01:00:00.000Z,202.719,203.128,202.624,203.034,14856
2025-10-22T05:00:00.000Z,203.035,203.246,201.968,202.054,24597
2025-10-22T09:00:00.000Z,202.048,202.548,201.916,202.415,24831
2025-10-22T13:00:00.000Z,202.415,203.048,202.323,202.915,28267
2025-10-22T17:00:00.000Z,202.915,203.044,202.518,202.956,16919
2025-10-22T21:00:00.000Z,202.736,203.161,202.734,203.049,11517
2025-10-23T01:00:00.000Z,203.05,203.379,203.012,203.287,12461
2025-10-23T05:00:00.000Z,203.29,203.768,203.185,203.72,18300
2025-10-23T09:00:00.000Z,203.721,203.793,203.45,203.529,18556
2025-10-23T13:00:00.000Z,203.532,203.661,203.205,203.299,24079
2025-10-23T17:00:00.000Z,203.299,203.437,203.194,203.355,12105
2025-10-23T21:00:00.000Z,203.18,203.492,203.17,203.475,9247
2025-10-24T01:00:00.000Z,203.478,203.721,203.474,203.66,13148
2025-10-24T05:00:00.000Z,203.657,203.938,203.413,203.731,20985
2025-10-24T09:00:00.000Z,203.723,203.802,203.266,203.748,20704
2025-10-24T13:00:00.000Z,203.754,203.984,203.079,203.203,25755
2025-10-24T17:00:00.000Z,203.2,203.508,203.191,203.451,11055
2025-10-26T21:00:00.000Z,203.496,204.057,203.456,203.704,13388
2025-10-27T01:00:00.000Z,203.703,203.924,203.559,203.91,13820
2025-10-27T05:00:00.000Z,203.912,204.072,203.528,203.649,19179
2025-10-27T09:00:00.000Z,203.656,204.048,203.536,203.998,19930
2025-10-27T13:00:00.000Z,204.002,204.238,203.845,204.012,21601
2025-10-27T17:00:00.000Z,204.018,204.161,203.733,203.918,11163
2025-10-27T21:00:00.000Z,203.774,203.822,203.478,203.574,9959
2025-10-28T01:00:00.000Z,203.577,203.584,202.951,202.998,17042
2025-10-28T05:00:00.000Z,203.001,203.31,202.041,202.201,23760
2025-10-28T09:00:00.000Z,202.202,202.442,202.038,202.081,22155
2025-10-28T13:00:00.000Z,202.093,202.259,201.66,202.145,26173
2025-10-28T17:00:00.000Z,202.147,202.166,201.751,201.903,12633
2025-10-28T21:00:00.000Z,201.807,201.969,201.111,201.247,11277
2025-10-29T01:00:00.000Z,201.249,201.714,201.145,201.499,14870
2025-10-29T05:00:00.000Z,201.501,201.946,200.977,201.198,20792
2025-10-29T09:00:00.000Z,201.199,201.418,200.894,201.009,21009
2025-10-29T13:00:00.000Z,201.01,201.454,200.558,201.256,24975
2025-10-29T17:00:00.000Z,201.246,201.659,200.988,201.48,27405
2025-10-29T21:00:00.000Z,201.358,201.696,201.139,201.52,12613
2025-10-30T01:00:00.000Z,201.525,202.102,200.977,201.896,23571
2025-10-30T05:00:00.000Z,201.897,203.118,201.736,203.055,26011
2025-10-30T09:00:00.000Z,203.051,203.258,202.571,202.692,23407
2025-10-30T13:00:00.000Z,202.703,203.141,202.493,202.718,27536
2025-10-30T17:00:00.000Z,202.719,202.822,202.431,202.695,14881
2025-10-30T21:00:00.000Z,202.578,202.747,202.436,202.503,11063
2025-10-31T01:00:00.000Z,202.501,202.605,202.168,202.525,13860
2025-10-31T05:00:00.000Z,202.523,202.915,202.304,202.688,19378
2025-10-31T09:00:00.000Z,202.689,202.768,201.847,202.006,19400
2025-10-31T13:00:00.000Z,202.008,202.466,201.838,202.317,26301
2025-10-31T17:00:00.000Z,202.316,202.563,202.284,202.467,13632
2025-11-02T22:00:00.000Z,202.228,202.62,202.13,202.424,12055
2025-11-03T02:00:00.000Z,202.428,202.578,202.362,202.531,10325
2025-11-03T06:00:00.000Z,202.532,202.772,202.096,202.341,16914
2025-11-03T10:00:00.000Z,202.339,202.658,202.253,202.467,15377
2025-11-03T14:00:00.000Z,202.469,202.798,201.878,202.627,20193
2025-11-03T18:00:00.000Z,202.626,202.69,202.504,202.623,10673
2025-11-03T22:00:00.000Z,202.595,202.67,202.361,202.538,12092
2025-11-04T02:00:00.000Z,202.539,202.555,201.674,201.714,14718
2025-11-04T06:00:00.000Z,201.715,201.768,200.372,200.485,22398
2025-11-04T10:00:00.000Z,200.48,200.829,200.244,200.28,18035
2025-11-04T14:00:00.000Z,200.275,200.411,199.995,200.102,20935
2025-11-04T18:00:00.000Z,200.103,200.139,199.868,200.067,11581
2025-11-04T22:00:00.000Z,200.082,200.171,199.056,199.331,15622
2025-11-05T02:00:00.000Z,199.348,200.068,199.244,199.901,15298
2025-11-05T06:00:00.000Z,199.901,200.434,199.815,200.401,17469
2025-11-05T10:00:00.000Z,200.398,200.721,199.977,200.564,17772
2025-11-05T14:00:00.000Z,200.563,201.24,200.502,200.888,21459
2025-11-05T18:00:00.000Z,200.893,201.17,200.826,201.126,10401
2025-11-05T22:00:00.000Z,201,201.161,200.815,200.995,10512
2025-11-06T02:00:00.000Z,200.987,201.163,200.878,200.972,9711
2025-11-06T06:00:00.000Z,200.974,201.18,200.767,201.065,16470
2025-11-06T10:00:00.000Z,201.066,201.372,200.639,201.205,18334
2025-11-06T14:00:00.000Z,201.204,201.237,200.298,200.78,24699
2025-11-06T18:00:00.000Z,200.781,201.2,200.738,201.092,15130
2025-11-06T22:00:00.000Z,200.848,201.243,200.806,200.98,13699
2025-11-07T02:00:00.000Z,200.981,201.187,200.694,201.171,11950
2025-11-07T06:00:00.000Z,201.178,201.382,200.963,201.036,16182
2025-11-07T10:00:00.000Z,201.032,201.387,200.642,201.364,19771
2025-11-07T14:00:00.000Z,201.365,201.794,201.124,201.627,24805
2025-11-07T18:00:00.000Z,201.635,202.087,201.58,201.871,15226
2025-11-09T22:00:00.000Z,202.24,202.37,201.75,202.302,17680
2025-11-10T02:00:00.000Z,202.299,202.604,202.216,202.503,16014
2025-11-10T06:00:00.000Z,202.499,203.2,202.368,203.068,24011
2025-11-10T10:00:00.000Z,203.066,203.225,202.807,202.958,19547
2025-11-10T14:00:00.000Z,202.956,202.964,202.46,202.873,24649
2025-11-10T18:00:00.000Z,202.874,203.102,202.839,203.08,13035
2025-11-10T22:00:00.000Z,202.87,203.269,202.78,203.155,14189
2025-11-11T02:00:00.000Z,203.152,203.269,202.91,202.917,13589
2025-11-11T06:00:00.000Z,202.917,203.132,202.326,202.617,20916
2025-11-11T10:00:00.000Z,202.618,202.853,202.441,202.537,20604
2025-11-11T14:00:00.000Z,202.534,203.041,202.491,202.976,24181
2025-11-11T18:00:00.000Z,202.971,203.055,202.685,202.71,12425
2025-11-11T22:00:00.000Z,202.639,202.853,202.496,202.753,13007
2025-11-12T02:00:00.000Z,202.763,203.253,202.672,203.089,14097
2025-11-12T06:00:00.000Z,203.089,203.566,202.942,203.089,20721
2025-11-12T10:00:00.000Z,203.088,203.398,202.844,203.047,20870
2025-11-12T14:00:00.000Z,203.045,203.258,202.761,203.112,24250
2025-11-12T18:00:00.000Z,203.114,203.279,203.034,203.238,13730
2025-11-12T22:00:00.000Z,203.176,203.317,203.02,203.061,14318
2025-11-13T02:00:00.000Z,203.048,203.301,202.956,203.243,15265
2025-11-13T06:00:00.000Z,203.245,203.53,202.96,203.286,25044
2025-11-13T10:00:00.000Z,203.285,203.824,203.257,203.649,23829
2025-11-13T14:00:00.000Z,203.646,204.064,203.359,203.873,31669
2025-11-13T18:00:00.000Z,203.874,203.942,203.645,203.749,19611
2025-11-13T22:00:00.000Z,203.732,203.874,203.025,203.111,17541
2025-11-14T02:00:00.000Z,203.11,203.248,202.923,203.107,16951
2025-11-14T06:00:00.000Z,203.108,203.949,202.629,203.493,26859
2025-11-14T10:00:00.000Z,203.496,203.576,202.341,202.882,27110
2025-11-14T14:00:00.000Z,202.887,203.596,202.657,203.518,31239
2025-11-14T18:00:00.000Z,203.517,203.599,203.266,203.533,16665
2025-11-16T22:00:00.000Z,203.29,203.524,203.12,203.339,15772
2025-11-17T02:00:00.000Z,203.342,203.533,203.273,203.307,12051
2025-11-17T06:00:00.000Z,203.307,203.894,203.287,203.718,20959
2025-11-17T10:00:00.000Z,203.719,204.247,203.611,204.03,21245
2025-11-17T14:00:00.000Z,204.029,204.521,203.952,204.338,23642
2025-11-17T18:00:00.000Z,204.335,204.359,204.006,204.19,16444
2025-11-17T22:00:00.000Z,204.154,204.291,204.008,204.1,13945
2025-11-18T02:00:00.000Z,204.099,204.198,203.68,204.095,19939
2025-11-18T06:00:00.000Z,204.094,204.292,203.763,204.162,28754
2025-11-18T10:00:00.000Z,204.166,204.353,203.885,204.11,23579
2025-11-18T14:00:00.000Z,204.108,204.595,203.979,204.583,31123
2025-11-18T18:00:00.000Z,204.585,204.737,204.394,204.458,18331
2025-11-18T22:00:00.000Z,204.386,204.543,204.158,204.198,15599
2025-11-19T02:00:00.000Z,204.2,204.237,203.975,204.237,18016
2025-11-19T06:00:00.000Z,204.236,204.734,204.18,204.712,22528
2025-11-19T10:00:00.000Z,204.712,205.043,204.492,205.021,23453
2025-11-19T14:00:00.000Z,205.02,205.363,204.581,204.846,29423
2025-11-19T18:00:00.000Z,204.847,205.276,204.733,205.221,20496
2025-11-19T22:00:00.000Z,205.141,205.387,204.795,205.367,15275
2025-11-20T02:00:00.000Z,205.373,205.708,205.168,205.643,15970
2025-11-20T06:00:00.000Z,205.64,206.04,205.292,205.566,22927
2025-11-20T10:00:00.000Z,205.569,206.453,205.541,206.343,23835
2025-11-20T14:00:00.000Z,206.342,206.85,205.633,205.839,37160
2025-11-20T18:00:00.000Z,205.836,206.208,205.782,205.806,22141
2025-11-20T22:00:00.000Z,205.829,206.039,205.574,206.017,17112
2025-11-21T02:00:00.000Z,205.975,206.042,205.594,205.783,17935
2025-11-21T06:00:00.000Z,205.789,205.847,204.701,204.741,27324
2025-11-21T10:00:00.000Z,204.731,205.274,204.371,205.169,30063
2025-11-21T14:00:00.000Z,205.17,205.32,204.286,205.07,34667
2025-11-21T18:00:00.000Z,205.072,205.186,204.799,204.817,18547
2025-11-23T22:00:00.000Z,204.756,205.227,204.756,205.119,14605
2025-11-24T02:00:00.000Z,205.118,205.234,205.052,205.148,15433
2025-11-24T06:00:00.000Z,205.153,205.508,205.114,205.169,23004
2025-11-24T10:00:00.000Z,205.168,205.9,205.125,205.636,21357
2025-11-24T14:00:00.000Z,205.637,205.748,205.201,205.527,24678
2025-11-24T18:00:00.000Z,205.525,205.673,205.415,205.626,12067
2025-11-24T22:00:00.000Z,205.533,205.701,205.297,205.33,12881
2025-11-25T02:00:00.000Z,205.327,205.462,205.226,205.333,12418
2025-11-25T06:00:00.000Z,205.341,205.604,204.994,205.293,19958
2025-11-25T10:00:00.000Z,205.294,205.55,205.024,205.385,23390
2025-11-25T14:00:00.000Z,205.384,205.941,205.346,205.793,29961
2025-11-25T18:00:00.000Z,205.792,205.986,205.394,205.484,16969
2025-11-25T22:00:00.000Z,205.329,205.97,205.262,205.513,17248
2025-11-26T02:00:00.000Z,205.511,205.972,205.33,205.931,19754
2025-11-26T06:00:00.000Z,205.932,206.244,205.901,206.105,25662
2025-11-26T10:00:00.000Z,206.105,206.84,205.503,206.671,29350
2025-11-26T14:00:00.000Z,206.673,207.062,206.519,206.855,26777
2025-11-26T18:00:00.000Z,206.856,207.157,206.768,207.128,13359
2025-11-26T22:00:00.000Z,207.07,207.093,206.422,206.87,15359
2025-11-27T02:00:00.000Z,206.875,207.051,206.643,206.81,14801
2025-11-27T06:00:00.000Z,206.814,206.985,206.495,206.598,18655
2025-11-27T10:00:00.000Z,206.597,207.061,206.541,206.938,16499
2025-11-27T14:00:00.000Z,206.94,207.191,206.842,206.945,12338
2025-11-27T18:00:00.000Z,206.943,206.992,206.856,206.899,7405
2025-11-27T22:00:00.000Z,206.849,207.194,206.735,206.924,13360
2025-11-28T02:00:00.000Z,206.926,206.979,206.601,206.876,40676
2025-11-28T06:00:00.000Z,206.875,206.951,206.318,206.461,45683
2025-11-28T10:00:00.000Z,206.462,206.58,206.154,206.33,44239
2025-11-28T14:00:00.000Z,206.333,206.891,206.311,206.762,26673
2025-11-28T18:00:00.000Z,206.771,206.812,206.592,206.637,17032
2025-11-30T22:00:00.000Z,206.355,206.754,205.882,206.028,17952
2025-12-01T02:00:00.000Z,206.029,206.045,205.568,205.7,14729
2025-12-01T06:00:00.000Z,205.694,205.807,205.232,205.48,22079
2025-12-01T10:00:00.000Z,205.484,205.484,205.202,205.406,23699
2025-12-01T14:00:00.000Z,205.407,205.622,205.189,205.436,25926
2025-12-01T18:00:00.000Z,205.435,205.525,205.331,205.43,13448
2025-12-01T22:00:00.000Z,205.384,205.686,205.267,205.615,8965
2025-12-02T02:00:00.000Z,205.615,205.768,205.545,205.676,9800
2025-12-02T06:00:00.000Z,205.675,206.245,205.659,206.033,18407
2025-12-02T10:00:00.000Z,206.034,206.109,205.677,205.983,17932
2025-12-02T14:00:00.000Z,205.982,206.186,205.476,205.744,24672
2025-12-02T18:00:00.000Z,205.742,205.967,205.674,205.964,14057
2025-12-02T22:00:00.000Z,205.73,206.001,205.586,205.87,10091
2025-12-03T02:00:00.000Z,205.874,206.097,205.863,206.082,9198
2025-12-03T06:00:00.000Z,206.081,206.685,205.898,206.639,18021
2025-12-03T10:00:00.000Z,206.638,206.888,206.431,206.783,18859
2025-12-03T14:00:00.000Z,206.786,207.077,206.446,206.967,26309
2025-12-03T18:00:00.000Z,206.966,207.333,206.905,207.261,13630
2025-12-03T22:00:00.000Z,207.234,207.245,206.866,207.112,10824
2025-12-04T02:00:00.000Z,207.108,207.353,206.982,207.032,13193
2025-12-04T06:00:00.000Z,207.033,207.28,206.554,206.606,18991
2025-12-04T10:00:00.000Z,206.608,206.733,206.347,206.534,21784
2025-12-04T14:00:00.000Z,206.535,207.014,206.489,206.728,24238
2025-12-04T18:00:00.000Z,206.743,206.838,206.661,206.729,15187
2025-12-04T22:00:00.000Z,206.522,206.801,206.461,206.68,12232
2025-12-05T02:00:00.000Z,206.679,206.78,206.224,206.311,13046
2025-12-05T06:00:00.000Z,206.308,206.852,206.179,206.74,20447
2025-12-05T10:00:00.000Z,206.742,207.237,206.719,207.192,19331
2025-12-05T14:00:00.000Z,207.193,207.291,206.828,206.993,28956
2025-12-05T18:00:00.000Z,206.994,207.125,206.955,207.047,15995
2025-12-07T22:00:00.000Z,206.694,207.035,206.596,206.604,16500
2025-12-08T02:00:00.000Z,206.594,207.096,206.579,206.982,15453
2025-12-08T06:00:00.000Z,206.983,207.18,206.863,207.035,23636
2025-12-08T10:00:00.000Z,207.036,207.321,207.035,207.285,22646
2025-12-08T14:00:00.000Z,207.284,207.719,207.216,207.506,29940
2025-12-08T18:00:00.000Z,207.508,207.796,207.469,207.731,14756
2025-12-08T22:00:00.000Z,207.561,207.835,207.512,207.712,11957
2025-12-09T02:00:00.000Z,207.713,208.054,207.641,208.006,14057
2025-12-09T06:00:00.000Z,208.004,208.71,207.904,208.316,24632
2025-12-09T10:00:00.000Z,208.316,208.432,208.012,208.163,25505
2025-12-09T14:00:00.000Z,208.157,208.941,208.137,208.654,30045
2025-12-09T18:00:00.000Z,208.652,208.763,208.543,208.664,15118
2025-12-09T22:00:00.000Z,208.439,208.72,208.354,208.394,11826
2025-12-10T02:00:00.000Z,208.393,208.552,208.227,208.521,11149
2025-12-10T06:00:00.000Z,208.519,208.866,208.513,208.766,19896
2025-12-10T10:00:00.000Z,208.765,208.78,208.469,208.684,21985
2025-12-10T14:00:00.000Z,208.686,208.767,208.33,208.594,25262
2025-12-10T18:00:00.000Z,208.596,208.879,208.356,208.862,28975
2025-12-10T22:00:00.000Z,208.594,208.804,208.25,208.373,15308
2025-12-11T02:00:00.000Z,208.374,208.545,208.011,208.519,17121
2025-12-11T06:00:00.000Z,208.516,208.645,208.196,208.411,25047
2025-12-11T10:00:00.000Z,208.41,208.599,208.093,208.191,26685
2025-12-11T14:00:00.000Z,208.194,208.466,207.89,208.343,30851
2025-12-11T18:00:00.000Z,208.345,208.483,208.264,208.297,17520
2025-12-11T22:00:00.000Z,208.244,208.584,208.172,208.464,15943
2025-12-12T02:00:00.000Z,208.465,208.613,208.413,208.611,11813
2025-12-12T06:00:00.000Z,208.612,208.716,208.213,208.611,22826
2025-12-12T10:00:00.000Z,208.613,208.742,208.365,208.619,20477
2025-12-12T14:00:00.000Z,208.619,208.657,207.875,208.322,30868
2025-12-12T18:00:00.000Z,208.321,208.425,208.12,208.307,16762
2025-12-14T22:00:00.000Z,208.388,208.434,208.079,208.093,13407
2025-12-15T02:00:00.000Z,208.103,208.139,207.142,207.184,17298
2025-12-15T06:00:00.000Z,207.182,207.529,207.081,207.458,22487
2025-12-15T10:00:00.000Z,207.459,207.731,207.29,207.706,18851
2025-12-15T14:00:00.000Z,207.717,207.884,207.352,207.605,29838
2025-12-15T18:00:00.000Z,207.602,207.694,207.533,207.571,14252
2025-12-15T22:00:00.000Z,207.408,207.594,206.975,207.012,17050
2025-12-16T02:00:00.000Z,207.013,207.101,206.761,206.896,18675
2025-12-16T06:00:00.000Z,206.892,207.735,206.846,207.635,24509
2025-12-16T10:00:00.000Z,207.629,207.958,207.508,207.71,26367
2025-12-16T14:00:00.000Z,207.709,207.996,207.193,207.629,36079
2025-12-16T18:00:00.000Z,207.631,207.872,207.511,207.714,20469
2025-12-16T22:00:00.000Z,207.57,207.877,207.406,207.642,14469
2025-12-17T02:00:00.000Z,207.64,207.862,207.538,207.631,16771
2025-12-17T06:00:00.000Z,207.633,207.98,207.047,207.25,28221
2025-12-17T10:00:00.000Z,207.251,207.662,207.14,207.596,25138
2025-12-17T14:00:00.000Z,207.598,208.381,207.573,208.211,32212
2025-12-17T18:00:00.000Z,208.209,208.396,208.12,208.276,16737
2025-12-17T22:00:00.000Z,208.133,208.189,207.851,208.176,14402
2025-12-18T02:00:00.000Z,208.178,208.404,208.085,208.291,15304
2025-12-18T06:00:00.000Z,208.293,208.544,207.959,208.144,23418
2025-12-18T10:00:00.000Z,208.143,208.987,207.836,208.923,27499
2025-12-18T14:00:00.000Z,208.918,209.005,208.084,208.258,34637
2025-12-18T18:00:00.000Z,208.257,208.371,208.128,208.154,16043
2025-12-18T22:00:00.000Z,207.947,208.497,207.916,208.411,13360
2025-12-19T02:00:00.000Z,208.404,208.845,208.191,208.639,21827
2025-12-19T06:00:00.000Z,208.64,210.385,208.514,210.35,30722
2025-12-19T10:00:00.000Z,210.361,210.594,210.149,210.366,25036
2025-12-19T14:00:00.000Z,210.368,210.789,210.014,210.602,29844
2025-12-19T18:00:00.000Z,210.601,211.029,210.583,210.992,16176
2025-12-21T22:00:00.000Z,210.86,211.017,210.52,210.702,26925
2025-12-22T02:00:00.000Z,210.7,210.916,210.616,210.808,14978
2025-12-22T06:00:00.000Z,210.809,211.45,210.671,211.374,21774
2025-12-22T10:00:00.000Z,211.372,211.585,210.831,211.22,23456
2025-12-22T14:00:00.000Z,211.215,211.315,211.022,211.271,27639
2025-12-22T18:00:00.000Z,211.272,211.384,211.129,211.355,14295
2025-12-22T22:00:00.000Z,211.204,211.385,210.779,210.8,14618
2025-12-23T02:00:00.000Z,210.801,210.886,210.278,210.381,17857
2025-12-23T06:00:00.000Z,210.38,210.804,210.296,210.578,26093
2025-12-23T10:00:00.000Z,210.569,211.029,210.424,210.913,25710
2025-12-23T14:00:00.000Z,210.914,211.147,210.497,210.519,28498
2025-12-23T18:00:00.000Z,210.52,211.172,210.519,211.154,14169
2025-12-23T22:00:00.000Z,211.006,211.095,210.462,210.504,17492
2025-12-24T02:00:00.000Z,210.476,210.782,210.392,210.532,17279
2025-12-24T06:00:00.000Z,210.529,210.694,210.378,210.63,23087
2025-12-24T10:00:00.000Z,210.628,210.739,210.517,210.588,22716
2025-12-24T14:00:00.000Z,210.594,210.687,210.034,210.417,24437
2025-12-24T18:00:00.000Z,210.417,210.552,210.232,210.458,17593
2025-12-25T22:00:00.000Z,210.814,211.406,210.292,211.173,21252
2025-12-26T02:00:00.000Z,211.171,211.241,210.675,210.784,17294
2025-12-26T06:00:00.000Z,210.78,211.07,210.614,210.985,20000
2025-12-26T10:00:00.000Z,210.983,211.38,210.923,211.298,19147
2025-12-26T14:00:00.000Z,211.295,211.502,211.144,211.282,27205
2025-12-26T18:00:00.000Z,211.282,211.414,211.161,211.31,15525
2025-12-28T22:00:00.000Z,211.088,211.257,210.7,211.157,20213
2025-12-29T02:00:00.000Z,211.159,211.347,210.799,210.866,16739
2025-12-29T06:00:00.000Z,210.873,210.917,210.426,210.884,24597
2025-12-29T10:00:00.000Z,210.883,211.174,210.595,210.805,25626
2025-12-29T14:00:00.000Z,210.805,210.874,210.443,210.621,30867
2025-12-29T18:00:00.000Z,210.621,210.887,210.602,210.782,14575
2025-12-29T22:00:00.000Z,210.664,211.058,210.553,211.023,15828
2025-12-30T02:00:00.000Z,211.024,211.092,210.777,210.877,16344
2025-12-30T06:00:00.000Z,210.88,210.958,210.532,210.709,22465
2025-12-30T10:00:00.000Z,210.707,210.77,210.419,210.665,23013
2025-12-30T14:00:00.000Z,210.663,210.764,210.445,210.563,26203
2025-12-30T18:00:00.000Z,210.563,210.744,210.533,210.662,13619
2025-12-30T22:00:00.000Z,210.458,210.668,210.446,210.559,10706
2025-12-31T02:00:00.000Z,210.563,210.823,210.56,210.769,12095
2025-12-31T06:00:00.000Z,210.768,210.819,210.25,210.465,18729
2025-12-31T10:00:00.000Z,210.462,211.091,210.369,210.971,23868
2025-12-31T14:00:00.000Z,210.975,211.085,210.34,210.948,30915
2025-12-31T18:00:00.000Z,210.948,211.205,210.811,211.096,15095
2026-01-01T22:00:00.000Z,210.918,211.35,210.856,211.256,9566
2026-01-02T02:00:00.000Z,211.257,211.427,211.182,211.367,9698
2026-01-02T06:00:00.000Z,211.368,211.435,210.974,211.122,21134
2026-01-02T10:00:00.000Z,211.123,211.202,210.735,211.146,20825
2026-01-02T14:00:00.000Z,211.148,211.433,211.018,211.049,26844
2026-01-02T18:00:00.000Z,211.048,211.171,210.987,211.081,14421
2026-01-04T22:00:00.000Z,210.768,211.322,210.708,211.024,19657
2026-01-05T02:00:00.000Z,211.021,211.167,210.847,211.051,19260
2026-01-05T06:00:00.000Z,211.053,211.12,210.494,210.945,25288
2026-01-05T10:00:00.000Z,210.944,211.012,210.7,210.968,27592
2026-01-05T14:00:00.000Z,210.966,211.586,210.879,211.55,31453
2026-01-05T18:00:00.000Z,211.549,211.838,211.331,211.753,14719
2026-01-05T22:00:00.000Z,211.59,212.145,211.59,211.922,15136
2026-01-06T02:00:00.000Z,211.923,212.044,211.808,211.946,16098
2026-01-06T06:00:00.000Z,211.944,212.069,211.658,211.661,25738
2026-01-06T10:00:00.000Z,211.657,211.77,211.305,211.469,25692
2026-01-06T14:00:00.000Z,211.467,211.716,211.373,211.684,29530
2026-01-06T18:00:00.000Z,211.683,211.737,211.378,211.521,12541
2026-01-06T22:00:00.000Z,211.338,211.716,211.26,211.654,13482
2026-01-07T02:00:00.000Z,211.653,211.75,211.189,211.241,14775
2026-01-07T06:00:00.000Z,211.24,211.351,211.015,211.131,21967
2026-01-07T10:00:00.000Z,211.133,211.413,210.965,211.068,23317
2026-01-07T14:00:00.000Z,211.07,211.339,210.926,211.007,29536
2026-01-07T18:00:00.000Z,211.009,211.093,210.953,210.969,14012
2026-01-07T22:00:00.000Z,210.886,211.156,210.77,211.13,11014
2026-01-08T02:00:00.000Z,211.133,211.141,210.771,210.837,13560
2026-01-08T06:00:00.000Z,210.84,210.84,210.294,210.632,23188
2026-01-08T10:00:00.000Z,210.634,210.822,210.505,210.682,21472
2026-01-08T14:00:00.000Z,210.683,211.044,210.554,210.684,28058
2026-01-08T18:00:00.000Z,210.67,210.947,210.538,210.848,13252
2026-01-08T22:00:00.000Z,210.488,211.036,210.488,211.031,12438
2026-01-09T02:00:00.000Z,211.026,211.368,211.005,211.353,14696
2026-01-09T06:00:00.000Z,211.351,211.598,211.235,211.483,22982
2026-01-09T10:00:00.000Z,211.485,211.734,211.26,211.584,26302
2026-01-09T14:00:00.000Z,211.586,212.057,211.484,211.828,35036
2026-01-09T18:00:00.000Z,211.827,211.85,211.555,211.589,14995
2026-01-11T22:00:00.000Z,211.688,211.89,211.567,211.808,16845
2026-01-12T02:00:00.000Z,211.807,212.367,211.785,212.252,15240
2026-01-12T06:00:00.000Z,212.25,212.473,212.083,212.419,24506
2026-01-12T10:00:00.000Z,212.418,212.791,212.375,212.791,23068
2026-01-12T14:00:00.000Z,212.79,213,212.648,212.847,25836
2026-01-12T18:00:00.000Z,212.846,213,212.721,212.969,11128
2026-01-12T22:00:00.000Z,212.839,213.489,212.651,213.475,15968
2026-01-13T02:00:00.000Z,213.477,214.044,213.335,213.912,17464
2026-01-13T06:00:00.000Z,213.917,214.286,213.838,214.189,22937
2026-01-13T10:00:00.000Z,214.186,214.262,213.676,214.091,23878
2026-01-13T14:00:00.000Z,214.088,214.137,213.492,213.625,29912
2026-01-13T18:00:00.000Z,213.623,213.796,213.484,213.675,13613
2026-01-13T22:00:00.000Z,213.492,214.002,213.465,213.867,12528
2026-01-14T02:00:00.000Z,213.869,214.103,213.812,214.064,14010
2026-01-14T06:00:00.000Z,214.065,214.089,213.444,213.63,25319
2026-01-14T10:00:00.000Z,213.629,213.646,212.842,213.222,24930
2026-01-14T14:00:00.000Z,213.225,213.321,212.541,212.62,30679
2026-01-14T18:00:00.000Z,212.62,213.087,212.583,213.005,15218
2026-01-14T22:00:00.000Z,212.836,213.03,212.56,212.748,14815
2026-01-15T02:00:00.000Z,212.746,213.013,212.662,212.716,13345
2026-01-15T06:00:00.000Z,212.712,213.306,212.704,212.827,23192
2026-01-15T10:00:00.000Z,212.827,212.836,212.31,212.389,21889
2026-01-15T14:00:00.000Z,212.39,212.466,211.99,212.197,26138
2026-01-15T18:00:00.000Z,212.199,212.275,212.103,212.259,13376
2026-01-15T22:00:00.000Z,212.079,212.289,212.042,212.189,11556
2026-01-16T02:00:00.000Z,212.193,212.219,211.474,211.948,13206
2026-01-16T06:00:00.000Z,211.945,211.989,211.639,211.928,18779
2026-01-16T10:00:00.000Z,211.926,212.067,211.619,211.795,19793
2026-01-16T14:00:00.000Z,211.792,211.898,211.38,211.565,27726
2026-01-16T18:00:00.000Z,211.56,211.707,211.404,211.424,13675
2026-01-18T22:00:00.000Z,210.712,211.32,210.604,211.163,22390
2026-01-19T02:00:00.000Z,211.164,211.603,211.161,211.498,16766
2026-01-19T06:00:00.000Z,211.501,212.025,211.417,211.707,22370
2026-01-19T10:00:00.000Z,211.706,211.949,211.647,211.818,16995
2026-01-19T14:00:00.000Z,211.82,212.385,211.737,212.251,15878
2026-01-19T18:00:00.000Z,212.25,212.342,212.211,212.281,5635
2026-01-19T22:00:00.000Z,212.094,212.342,211.835,212.018,12798
2026-01-20T02:00:00.000Z,212.017,212.542,211.977,212.504,13442
2026-01-20T06:00:00.000Z,212.5,213.484,212.371,212.535,31000
2026-01-20T10:00:00.000Z,212.536,212.909,212.139,212.334,30447
2026-01-20T14:00:00.000Z,212.331,212.848,212.105,212.544,31642
2026-01-20T18:00:00.000Z,212.545,212.638,212.409,212.56,17751
2026-01-20T22:00:00.000Z,212.517,212.645,212.386,212.479,14705
2026-01-21T02:00:00.000Z,212.477,212.624,212.26,212.581,12975
2026-01-21T06:00:00.000Z,212.577,212.619,211.867,211.882,20546
2026-01-21T10:00:00.000Z,211.881,212.236,211.582,212.22,22935
2026-01-21T14:00:00.000Z,212.219,212.755,212.076,212.346,35444
2026-01-21T18:00:00.000Z,212.346,212.652,212.242,212.589,20269
2026-01-21T22:00:00.000Z,212.468,212.691,212.371,212.661,14012
2026-01-22T02:00:00.000Z,212.663,213.203,212.602,213.133,12950
2026-01-22T06:00:00.000Z,213.134,213.431,212.91,213.342,20730
2026-01-22T10:00:00.000Z,213.341,213.426,212.668,213.017,26231
2026-01-22T14:00:00.000Z,213.019,213.66,212.977,213.587,28678
2026-01-22T18:00:00.000Z,213.588,213.954,213.56,213.906,14188
2026-01-22T22:00:00.000Z,213.552,214.15,213.535,214.12,13108
2026-01-23T02:00:00.000Z,214.119,214.16,213.865,214.111,12702
2026-01-23T06:00:00.000Z,214.106,214.848,212.476,213.773,31105
2026-01-23T10:00:00.000Z,213.772,214.17,213.712,214.052,22596
2026-01-23T14:00:00.000Z,214.052,214.616,212.649,212.774,33510
2026-01-23T18:00:00.000Z,212.771,212.925,212.08,212.416,27586
2026-01-25T22:00:00.000Z,211.482,212.07,210.8,210.951,26812
2026-01-26T02:00:00.000Z,210.95,211.013,210.188,210.607,23403
2026-01-26T06:00:00.000Z,210.61,210.896,209.626,210.09,32047
2026-01-26T10:00:00.000Z,210.094,210.571,209.596,210.465,28645
2026-01-26T14:00:00.000Z,210.464,211.063,210.381,210.751,28984
2026-01-26T18:00:00.000Z,210.751,211.069,210.55,210.937,21177
2026-01-26T22:00:00.000Z,210.735,211.189,210.678,211.133,14854
2026-01-27T02:00:00.000Z,211.133,211.447,211.059,211.318,17501
2026-01-27T06:00:00.000Z,211.32,211.75,209.804,210.606,26184
2026-01-27T10:00:00.000Z,210.611,210.993,210.254,210.487,35055
2026-01-27T14:00:00.000Z,210.478,211.148,210.259,210.615,36471
2026-01-27T18:00:00.000Z,210.613,210.948,210.062,210.809,27260
2026-01-27T22:00:00.000Z,210.65,211.213,210.22,211.121,23421
2026-01-28T02:00:00.000Z,211.122,211.161,210.399,210.697,20965
2026-01-28T06:00:00.000Z,210.709,210.842,210.306,210.537,30032
2026-01-28T10:00:00.000Z,210.537,210.555,210.062,210.471,28176
2026-01-28T14:00:00.000Z,210.471,211.893,210.458,211.699,37114
2026-01-28T18:00:00.000Z,211.7,212.016,211.566,211.853,28983
2026-01-28T22:00:00.000Z,211.616,211.834,211.326,211.543,26330
2026-01-29T02:00:00.000Z,211.549,211.836,211.319,211.732,20702
2026-01-29T06:00:00.000Z,211.733,212.159,211.577,211.621,27340
2026-01-29T10:00:00.000Z,211.619,211.815,211.41,211.686,26640
2026-01-29T14:00:00.000Z,211.697,211.908,210.034,210.972,43487
2026-01-29T18:00:00.000Z,210.97,211.511,210.944,211.458,23831
2026-01-29T22:00:00.000Z,210.996,211.68,210.976,211.576,22120
2026-01-30T02:00:00.000Z,211.576,211.91,211.299,211.725,26378
2026-01-30T06:00:00.000Z,211.724,211.989,211.501,211.872,34760
2026-01-30T10:00:00.000Z,211.869,212.169,211.768,212.159,33643
2026-01-30T14:00:00.000Z,212.162,212.467,211.535,211.713,40999
2026-01-30T18:00:00.000Z,211.716,211.845,211.489,211.765,33899
2026-02-01T22:00:00.000Z,211.97,212.714,211.884,212.294,29223
2026-02-02T02:00:00.000Z,212.295,212.357,211.579,211.762,28169
2026-02-02T06:00:00.000Z,211.765,212.26,211.277,212.171,33795
2026-02-02T10:00:00.000Z,212.17,212.339,211.892,211.896,29774
2026-02-02T14:00:00.000Z,211.893,212.489,211.78,212.415,37086
2026-02-02T18:00:00.000Z,212.415,212.66,212.403,212.647,20632
2026-02-02T22:00:00.000Z,212.604,212.856,212.462,212.772,16408
2026-02-03T02:00:00.000Z,212.773,212.838,212.538,212.77,19293
2026-02-03T06:00:00.000Z,212.768,213.129,212.714,213.026,27647
2026-02-03T10:00:00.000Z,213.029,213.317,212.848,213.086,25293
2026-02-03T14:00:00.000Z,213.082,213.46,212.983,213.267,32801
2026-02-03T18:00:00.000Z,213.266,213.425,212.844,213.36,21932
2026-02-03T22:00:00.000Z,213.228,214.061,213.164,214.003,15096
2026-02-04T02:00:00.000Z,214.005,214.445,213.994,214.355,14619
2026-02-04T06:00:00.000Z,214.356,214.846,214.325,214.736,20812
2026-02-04T10:00:00.000Z,214.737,215.001,214.555,214.57,23606
2026-02-04T14:00:00.000Z,214.567,214.626,213.675,213.791,38052
2026-02-04T18:00:00.000Z,213.791,214.316,213.717,214.172,22214
2026-02-04T22:00:00.000Z,214.188,214.223,213.88,214.077,14757
2026-02-05T02:00:00.000Z,214.079,214.115,213.459,213.798,18599
2026-02-05T06:00:00.000Z,213.796,214.188,213.189,213.422,27556
2026-02-05T10:00:00.000Z,213.42,213.953,212.59,212.732,34024
2026-02-05T14:00:00.000Z,212.731,212.904,211.779,212.484,39696
2026-02-05T18:00:00.000Z,212.486,212.687,212.334,212.457,17966
2026-02-05T22:00:00.000Z,212.318,212.574,211.598,212.109,20510
2026-02-06T02:00:00.000Z,212.11,212.709,212.098,212.702,15850
2026-02-06T06:00:00.000Z,212.7,213.281,212.524,213.223,24733
2026-02-06T10:00:00.000Z,213.221,213.599,212.995,213.24,21374
2026-02-06T14:00:00.000Z,213.237,213.908,213.162,213.871,28330
2026-02-06T18:00:00.000Z,213.87,214.051,213.812,213.952,15326
2026-02-08T22:00:00.000Z,214.081,214.431,212.591,213.031,24165
2026-02-09T02:00:00.000Z,213.029,213.494,213.01,213.206,15013
2026-02-09T06:00:00.000Z,213.207,213.207,212.551,213.042,29453
2026-02-09T10:00:00.000Z,213.043,213.699,212.819,212.85,32055
2026-02-09T14:00:00.000Z,212.85,213.383,212.115,213.225,30174
2026-02-09T18:00:00.000Z,213.223,213.56,213.159,213.523,17601
2026-02-09T22:00:00.000Z,213.202,213.72,213.076,213.104,14918
2026-02-10T02:00:00.000Z,213.107,213.256,212.161,212.422,16419
2026-02-10T06:00:00.000Z,212.419,212.778,212.167,212.237,22183
2026-02-10T10:00:00.000Z,212.238,212.5,211.645,211.726,25023
2026-02-10T14:00:00.000Z,211.725,211.767,210.539,210.774,32834
2026-02-10T18:00:00.000Z,210.777,210.874,210.481,210.601,17801
2026-02-10T22:00:00.000Z,210.614,210.653,209.935,210.087,13617
2026-02-11T02:00:00.000Z,210.091,210.103,209.132,209.191,14969
2026-02-11T06:00:00.000Z,209.194,210.002,208.977,209.818,23627
2026-02-11T10:00:00.000Z,209.819,210.499,208.618,209.842,29465
2026-02-11T14:00:00.000Z,209.843,210.115,208.439,208.719,40719
2026-02-11T18:00:00.000Z,208.718,208.896,208.17,208.893,20055
2026-02-11T22:00:00.000Z,208.458,209.001,208.338,208.487,16081
2026-02-12T02:00:00.000Z,208.492,208.623,207.623,208.547,19772
2026-02-12T06:00:00.000Z,208.548,208.948,208.379,208.705,26750
2026-02-12T10:00:00.000Z,208.701,209.542,208.587,209.201,24166
2026-02-12T14:00:00.000Z,209.204,209.27,207.553,208.161,39863
2026-02-12T18:00:00.000Z,208.163,208.385,207.903,208.068,23904
2026-02-12T22:00:00.000Z,207.923,208.769,207.843,208.698,16271
2026-02-13T02:00:00.000Z,208.696,208.755,208.106,208.528,15077
2026-02-13T06:00:00.000Z,208.533,209.326,208.302,209.115,23808
2026-02-13T10:00:00.000Z,209.115,209.228,208.455,208.678,27283
2026-02-13T14:00:00.000Z,208.677,208.969,208.038,208.547,36411
2026-02-13T18:00:00.000Z,208.549,208.686,208.324,208.432,17897
2026-02-15T22:00:00.000Z,208.287,208.889,208.125,208.765,15542
2026-02-16T02:00:00.000Z,208.761,209.006,208.694,208.937,11312
2026-02-16T06:00:00.000Z,208.94,209.636,208.87,209.535,17286
2026-02-16T10:00:00.000Z,209.533,209.682,208.96,209.036,15246
2026-02-16T14:00:00.000Z,209.035,209.264,208.967,209.13,13237
2026-02-16T18:00:00.000Z,209.131,209.256,209.119,209.2,4753
2026-02-16T22:00:00.000Z,209.109,209.472,208.494,208.526,15339
2026-02-17T02:00:00.000Z,208.516,208.668,208.034,208.123,16854
2026-02-17T06:00:00.000Z,208.119,208.228,207.341,207.803,22125
2026-02-17T10:00:00.000Z,207.805,208.206,207.226,207.298,24885
2026-02-17T14:00:00.000Z,207.287,207.93,207.259,207.896,34383
2026-02-17T18:00:00.000Z,207.896,208.004,207.745,207.947,15243
2026-02-17T22:00:00.000Z,207.561,208.044,207.561,208.036,12964
2026-02-18T02:00:00.000Z,208.039,208.307,208.006,208.063,10898
2026-02-18T06:00:00.000Z,208.065,208.721,207.924,208.676,18381
2026-02-18T10:00:00.000Z,208.676,208.829,208.48,208.619,18752
2026-02-18T14:00:00.000Z,208.622,209.209,208.55,208.944,25671
2026-02-18T18:00:00.000Z,208.945,209.112,208.583,208.929,17982
2026-02-18T22:00:00.000Z,208.771,209.15,208.633,209.123,12806
2026-02-19T02:00:00.000Z,209.125,209.455,208.845,209.455,15563
2026-02-19T06:00:00.000Z,209.457,209.534,208.875,209.048,21186
2026-02-19T10:00:00.000Z,209.056,209.086,208.078,208.615,22916
2026-02-19T14:00:00.000Z,208.617,208.884,208.266,208.53,32068
2026-02-19T18:00:00.000Z,208.529,208.838,208.437,208.689,15770
2026-02-19T22:00:00.000Z,208.545,208.941,208.457,208.613,14748
2026-02-20T02:00:00.000Z,208.61,208.812,208.381,208.786,14832
2026-02-20T06:00:00.000Z,208.781,209.498,208.545,209.26,23146
2026-02-20T10:00:00.000Z,209.262,209.61,208.947,209.597,22594
2026-02-20T14:00:00.000Z,209.589,209.679,208.966,209.069,38531
2026-02-20T18:00:00.000Z,209.072,209.262,208.943,209.033,22518
2026-02-22T22:00:00.000Z,208.873,209.059,208.215,208.48,20238
2026-02-23T02:00:00.000Z,208.479,208.812,208.355,208.796,15047
2026-02-23T06:00:00.000Z,208.789,209.198,208.695,209.116,21761
2026-02-23T10:00:00.000Z,209.111,209.217,208.671,208.823,22303
2026-02-23T14:00:00.000Z,208.823,209.097,208.128,208.355,30085
2026-02-23T18:00:00.000Z,208.354,208.851,208.339,208.746,15871
2026-02-23T22:00:00.000Z,208.547,209.139,208.431,209.052,20690
2026-02-24T02:00:00.000Z,209.053,209.387,208.927,209.29,16003
2026-02-24T06:00:00.000Z,209.288,210.729,208.97,210.394,26818
2026-02-24T10:00:00.000Z,210.397,210.473,209.979,210.454,20728
2026-02-24T14:00:00.000Z,210.454,210.836,210.3,210.55,27021
2026-02-24T18:00:00.000Z,210.548,210.552,210.275,210.334,13925
2026-02-24T22:00:00.000Z,210.184,210.499,210.154,210.337,13561
2026-02-25T02:00:00.000Z,210.335,210.833,209.996,210.381,20687
2026-02-25T06:00:00.000Z,210.379,211.7,210.302,211.622,23631
2026-02-25T10:00:00.000Z,211.623,212.021,211.499,211.657,20411
2026-02-25T14:00:00.000Z,211.657,212.019,211.464,211.905,25668
2026-02-25T18:00:00.000Z,211.907,212.111,211.833,212.014,11442
2026-02-25T22:00:00.000Z,211.815,211.988,211.453,211.5,16743
2026-02-26T02:00:00.000Z,211.503,211.555,211.157,211.462,16988
2026-02-26T06:00:00.000Z,211.458,211.619,210.821,211.117,22427
2026-02-26T10:00:00.000Z,211.118,211.557,211.036,211.376,19371
2026-02-26T14:00:00.000Z,211.372,211.549,210.296,210.352,32798
2026-02-26T18:00:00.000Z,210.353,210.682,210.257,210.482,17412
2026-02-26T22:00:00.000Z,210.485,210.485,209.973,210.202,17348
2026-02-27T02:00:00.000Z,210.208,210.265,209.923,210.201,15617
2026-02-27T06:00:00.000Z,210.203,210.822,209.919,210.448,22643
2026-02-27T10:00:00.000Z,210.45,210.477,209.799,209.957,24329
2026-02-27T14:00:00.000Z,209.96,210.187,209.785,210.037,33139
2026-02-27T18:00:00.000Z,210.039,210.482,210.019,210.398,17349
2026-03-01T22:00:00.000Z,209.204,210.459,209.189,210.116,28206
2026-03-02T02:00:00.000Z,210.115,210.528,210.035,210.38,22510
2026-03-02T06:00:00.000Z,210.383,210.406,209.339,209.954,35430
2026-03-02T10:00:00.000Z,209.953,211.049,209.89,210.797,30000
2026-03-02T14:00:00.000Z,210.786,211.374,210.495,211.095,38176
2026-03-02T18:00:00.000Z,211.095,211.109,210.751,210.896,23251
2026-03-02T22:00:00.000Z,210.963,211.355,210.701,210.912,17916
2026-03-03T02:00:00.000Z,210.907,210.945,210.293,210.324,23378
2026-03-03T06:00:00.000Z,210.321,210.375,209.439,209.658,35094
2026-03-03T10:00:00.000Z,209.656,210.112,209.419,209.891,38657
2026-03-03T14:00:00.000Z,209.891,210.382,209.216,210.281,46723
2026-03-03T18:00:00.000Z,210.282,210.723,210.243,210.673,29615
2026-03-03T22:00:00.000Z,210.342,210.685,209.788,209.99,21785
2026-03-04T02:00:00.000Z,209.987,210.163,209.481,209.835,24853
2026-03-04T06:00:00.000Z,209.848,210.445,209.721,210.023,32034
2026-03-04T10:00:00.000Z,210.022,210.561,209.964,210.181,34071
2026-03-04T14:00:00.000Z,210.181,210.479,209.479,209.727,35826
2026-03-04T18:00:00.000Z,209.731,210.15,209.674,209.989,17159
2026-03-04T22:00:00.000Z,209.941,210.001,209.359,209.542,19354
2026-03-05T02:00:00.000Z,209.537,209.768,209.27,209.28,23341
2026-03-05T06:00:00.000Z,209.279,209.915,209.177,209.869,33935
2026-03-05T10:00:00.000Z,209.874,210.557,209.7,210.537,29038
2026-03-05T14:00:00.000Z,210.524,210.611,209.777,210.192,39618
2026-03-05T18:00:00.000Z,210.19,210.469,210.119,210.45,28740
2026-03-05T22:00:00.000Z,210.193,210.562,209.973,210.469,18322
2026-03-06T02:00:00.000Z,210.476,210.896,210.465,210.813,16996
2026-03-06T06:00:00.000Z,210.815,210.981,210.253,210.325,26921
2026-03-06T10:00:00.000Z,210.324,210.882,210.298,210.577,34128
2026-03-06T14:00:00.000Z,210.574,211.354,210.279,211.241,46073
2026-03-06T18:00:00.000Z,211.24,211.539,211.116,211.425,28958
2026-03-08T21:00:00.000Z,210.769,211.105,210.6,210.994,25802
2026-03-09T01:00:00.000Z,211.007,211.379,210.727,211.057,28681
2026-03-09T05:00:00.000Z,211.056,211.482,210.991,211.276,38221
2026-03-09T09:00:00.000Z,211.288,211.776,211.125,211.73,38550
2026-03-09T13:00:00.000Z,211.731,212.044,211.487,211.752,41162
2026-03-09T17:00:00.000Z,211.748,212.174,211.729,211.888,30836
2026-03-09T21:00:00.000Z,211.891,212.06,211.697,211.725,20661
2026-03-10T01:00:00.000Z,211.734,211.925,211.589,211.799,24188
2026-03-10T05:00:00.000Z,211.804,212.261,211.675,212.245,27801
2026-03-10T09:00:00.000Z,212.243,212.33,212.065,212.111,32793
2026-03-10T13:00:00.000Z,212.109,212.409,212.004,212.13,35908
2026-03-10T17:00:00.000Z,212.129,212.229,211.972,212.064,33316
2026-03-10T21:00:00.000Z,212.076,212.514,211.971,212.458,12949
2026-03-11T01:00:00.000Z,212.457,212.883,212.457,212.707,17417
2026-03-11T05:00:00.000Z,212.712,212.782,212.361,212.669,24925
2026-03-11T09:00:00.000Z,212.672,212.966,212.381,212.521,31680
2026-03-11T13:00:00.000Z,212.517,213.067,212.473,212.995,38782
2026-03-11T17:00:00.000Z,212.994,213.3,212.961,213.167,21009
2026-03-11T21:00:00.000Z,213.065,213.09,212.728,212.741,15119
2026-03-12T01:00:00.000Z,212.739,212.807,212.562,212.626,17476
2026-03-12T05:00:00.000Z,212.625,212.761,212.482,212.56,23579
2026-03-12T09:00:00.000Z,212.565,212.677,212.43,212.563,26420
2026-03-12T13:00:00.000Z,212.563,212.738,212.403,212.505,40601
2026-03-12T17:00:00.000Z,212.503,212.867,212.5,212.667,25449
2026-03-12T21:00:00.000Z,212.451,212.724,212.356,212.596,15086
2026-03-13T01:00:00.000Z,212.599,212.865,212.563,212.639,18313
2026-03-13T05:00:00.000Z,212.641,212.644,211.277,211.278,27142
2026-03-13T09:00:00.000Z,211.287,211.611,211.088,211.447,31870
2026-03-13T13:00:00.000Z,211.448,211.524,211.127,211.384,39390
2026-03-13T17:00:00.000Z,211.383,211.508,211.063,211.171,23068
2026-03-15T21:00:00.000Z,211.109,211.415,210.855,211.277,16261
2026-03-16T01:00:00.000Z,211.281,211.577,211.231,211.43,15972
2026-03-16T05:00:00.000Z,211.431,211.474,210.802,211.165,22731
2026-03-16T09:00:00.000Z,211.165,211.361,211.006,211.286,25907
2026-03-16T13:00:00.000Z,211.289,211.935,211.267,211.871,31312
2026-03-16T17:00:00.000Z,211.876,212.109,211.848,211.849,23233
2026-03-16T21:00:00.000Z,211.818,211.934,211.685,211.923,10508
2026-03-17T01:00:00.000Z,211.926,212.14,211.878,211.956,14457
2026-03-17T05:00:00.000Z,211.957,212.077,211.625,212.067,23557
2026-03-17T09:00:00.000Z,212.065,212.259,211.813,212.021,24420
2026-03-17T13:00:00.000Z,212.026,212.261,211.956,212.142,33701
2026-03-17T17:00:00.000Z,212.14,212.477,212.14,212.344,16717
2026-03-17T21:00:00.000Z,212.292,212.481,212.116,212.372,16755
2026-03-18T01:00:00.000Z,212.38,212.44,212.134,212.226,12714
2026-03-18T05:00:00.000Z,212.225,212.276,211.942,212.194,19277
2026-03-18T09:00:00.000Z,212.193,212.489,212.177,212.287,26589
2026-03-18T13:00:00.000Z,212.289,212.659,212.18,212.652,35409
2026-03-18T17:00:00.000Z,212.652,212.721,211.882,211.896,29621
2026-03-18T21:00:00.000Z,211.88,212.265,211.775,212.265,13829
2026-03-19T01:00:00.000Z,212.26,212.341,211.822,211.894,16200
2026-03-19T05:00:00.000Z,211.891,211.997,210.841,210.963,28764
2026-03-19T09:00:00.000Z,210.963,211.69,210.961,211.326,35639
2026-03-19T13:00:00.000Z,211.31,211.901,210.787,211.289,46990
2026-03-19T17:00:00.000Z,211.292,212.153,211.281,211.796,30063
2026-03-19T21:00:00.000Z,211.708,212.067,211.571,211.908,11587
2026-03-20T01:00:00.000Z,211.907,212.347,211.811,212.268,14459
2026-03-20T05:00:00.000Z,212.266,212.766,212.254,212.639,20015
2026-03-20T09:00:00.000Z,212.638,212.688,212.228,212.353,30236
2026-03-20T13:00:00.000Z,212.353,212.432,211.749,212.187,40258
2026-03-20T17:00:00.000Z,212.189,212.598,212.177,212.451,28687
2026-03-22T21:00:00.000Z,211.973,212.443,211.72,212.443,17683
2026-03-23T01:00:00.000Z,212.441,212.737,212.246,212.376,21866
2026-03-23T05:00:00.000Z,212.374,212.6,211.848,212.184,30980
2026-03-23T09:00:00.000Z,212.186,213.014,211.575,212.862,47443
2026-03-23T13:00:00.000Z,212.867,213.299,212.369,212.649,50699
2026-03-23T17:00:00.000Z,212.649,212.826,212.49,212.7,28414
2026-03-23T21:00:00.000Z,212.817,212.82,212.35,212.499,16888
2026-03-24T01:00:00.000Z,212.494,212.71,212.284,212.623,23875
2026-03-24T05:00:00.000Z,212.623,212.977,212.245,212.432,30985
2026-03-24T09:00:00.000Z,212.428,212.838,212.379,212.696,30613
2026-03-24T13:00:00.000Z,212.696,212.863,212.401,212.668,39367
2026-03-24T17:00:00.000Z,212.674,212.902,212.476,212.843,34477
2026-03-24T21:00:00.000Z,212.683,213.191,212.485,213.036,17957
2026-03-25T01:00:00.000Z,213.038,213.112,212.724,212.763,17755
2026-03-25T05:00:00.000Z,212.764,213.205,212.625,212.869,24302
2026-03-25T09:00:00.000Z,212.868,213.204,212.766,212.988,27760
2026-03-25T13:00:00.000Z,212.987,213.071,212.634,213.039,35906
2026-03-25T17:00:00.000Z,213.042,213.19,212.997,213.065,22009
2026-03-25T21:00:00.000Z,213.046,213.109,212.907,213.033,11141
2026-03-26T01:00:00.000Z,213.034,213.118,212.914,213.08,13443
2026-03-26T05:00:00.000Z,213.085,213.091,212.691,212.929,21244
2026-03-26T09:00:00.000Z,212.926,213.072,212.701,212.794,23693
2026-03-26T13:00:00.000Z,212.801,213.303,212.79,212.939,34369
2026-03-26T17:00:00.000Z,212.937,213.087,212.723,212.9,22810
2026-03-26T21:00:00.000Z,212.763,213,212.583,212.748,13587
2026-03-27T01:00:00.000Z,212.748,212.984,212.684,212.975,13702
2026-03-27T05:00:00.000Z,212.976,213.097,212.712,212.793,22047
2026-03-27T09:00:00.000Z,212.773,212.869,212.221,212.337,25199
2026-03-27T13:00:00.000Z,212.339,212.997,212.294,212.609,34554
2026-03-27T17:00:00.000Z,212.609,212.798,212.504,212.631,22593
2026-03-29T21:00:00.000Z,212.318,212.592,211.867,211.872,17387
2026-03-30T01:00:00.000Z,211.885,212.066,211.75,211.998,18562
2026-03-30T05:00:00.000Z,211.999,212.106,211.272,211.333,21520
2026-03-30T09:00:00.000Z,211.336,211.375,210.783,210.811,24156
2026-03-30T13:00:00.000Z,210.807,210.882,210.189,210.301,31861
2026-03-30T17:00:00.000Z,210.304,210.593,210.277,210.539,19526
2026-03-30T21:00:00.000Z,210.449,211.055,210.318,211.046,14813
2026-03-31T01:00:00.000Z,211.049,211.209,210.632,210.646,18108
2026-03-31T05:00:00.000Z,210.645,210.958,210.393,210.829,21306
2026-03-31T09:00:00.000Z,210.824,211.199,210.715,210.95,25337
2026-03-31T13:00:00.000Z,210.948,211.05,209.609,210.057,39568
2026-03-31T17:00:00.000Z,210.057,210.418,209.886,209.897,28555
2026-03-31T21:00:00.000Z,209.93,210.321,209.673,210.254,12874
2026-04-01T01:00:00.000Z,210.255,210.319,209.862,210.198,18024
2026-04-01T05:00:00.000Z,210.199,210.769,210.165,210.657,29211
2026-04-01T09:00:00.000Z,210.658,211.14,210.57,210.857,27618
2026-04-01T13:00:00.000Z,210.857,211.421,210.763,211.413,34863
2026-04-01T17:00:00.000Z,211.413,211.433,211.043,211.175,21654
2026-04-01T21:00:00.000Z,211.181,211.255,210.881,211.179,15494
2026-04-02T01:00:00.000Z,211.169,211.263,210.831,210.86,29913
2026-04-02T05:00:00.000Z,210.862,211.07,210.332,210.753,25470
2026-04-02T09:00:00.000Z,210.753,210.952,210.459,210.898,23343
2026-04-02T13:00:00.000Z,210.903,211.049,210.573,211.01,36073
2026-04-02T17:00:00.000Z,211.008,211.201,210.961,210.978,18758
2026-04-02T21:00:00.000Z,210.885,211.197,210.79,211.196,8641
2026-04-03T01:00:00.000Z,211.196,211.21,210.996,211.107,8473
2026-04-03T05:00:00.000Z,211.107,211.306,211.034,211.272,9743
2026-04-03T09:00:00.000Z,211.271,211.271,210.775,210.874,13456
2026-04-03T13:00:00.000Z,210.875,210.967,210.592,210.648,14547
2026-04-03T17:00:00.000Z,210.65,210.729,210.285,210.421,8053
2026-04-05T21:00:00.000Z,210.446,210.834,210.274,210.81,16250
2026-04-06T01:00:00.000Z,210.801,210.886,210.597,210.829,17498
2026-04-06T05:00:00.000Z,210.828,211.384,210.807,211.168,20445
2026-04-06T09:00:00.000Z,211.184,211.285,211.098,211.133,20028
2026-04-06T13:00:00.000Z,211.135,211.534,211.118,211.321,28638
2026-04-06T17:00:00.000Z,211.322,211.406,211.199,211.332,18919
2026-04-06T21:00:00.000Z,211.282,211.491,211.176,211.465,12408
2026-04-07T01:00:00.000Z,211.462,211.512,211.22,211.368,15001
2026-04-07T05:00:00.000Z,211.368,211.875,211.24,211.85,23335
2026-04-07T09:00:00.000Z,211.845,211.854,211.461,211.713,27983
2026-04-07T13:00:00.000Z,211.711,211.987,211.557,211.879,33816
2026-04-07T17:00:00.000Z,211.876,212.287,211.847,212.277,25175
2026-04-07T21:00:00.000Z,212.027,212.787,211.934,212.438,30885
2026-04-08T01:00:00.000Z,212.44,212.646,212.131,212.441,26845
2026-04-08T05:00:00.000Z,212.452,212.763,212.273,212.653,31309
2026-04-08T09:00:00.000Z,212.655,213.146,212.538,212.893,26905
2026-04-08T13:00:00.000Z,212.885,212.998,212.624,212.665,35934
2026-04-08T17:00:00.000Z,212.665,212.692,212.403,212.403,24358
2026-04-08T21:00:00.000Z,212.363,212.726,212.29,212.717,11859
2026-04-09T01:00:00.000Z,212.714,212.763,212.559,212.689,15266
2026-04-09T05:00:00.000Z,212.692,213.147,212.629,213.111,20824
2026-04-09T09:00:00.000Z,213.113,213.396,213.066,213.309,21959
2026-04-09T13:00:00.000Z,213.303,213.781,213.239,213.448,31769
2026-04-09T17:00:00.000Z,213.451,213.843,213.443,213.606,19815
2026-04-09T21:00:00.000Z,213.449,213.745,213.43,213.696,9744
2026-04-10T01:00:00.000Z,213.703,213.739,213.537,213.646,11735
2026-04-10T05:00:00.000Z,213.645,213.844,213.606,213.812,15870
2026-04-10T09:00:00.000Z,213.817,214.202,213.735,214.19,20715
2026-04-10T13:00:00.000Z,214.192,214.458,214.095,214.309,29238
2026-04-10T17:00:00.000Z,214.309,214.576,214.294,214.513,16990
2026-04-12T21:00:00.000Z,213.902,214.156,213.649,214.029,14569
2026-04-13T01:00:00.000Z,214.038,214.15,213.966,214.106,14474
2026-04-13T05:00:00.000Z,214.107,214.46,214.002,214.45,19294
2026-04-13T09:00:00.000Z,214.451,214.689,214.381,214.624,19838
2026-04-13T13:00:00.000Z,214.625,215.024,214.561,214.94,31245
2026-04-13T17:00:00.000Z,214.941,215.351,214.872,215.341,20765
2026-04-13T21:00:00.000Z,215.157,215.363,215.032,215.096,9752
2026-04-14T01:00:00.000Z,215.094,215.161,214.902,214.982,14454
2026-04-14T05:00:00.000Z,214.98,215.372,214.915,215.333,20571
2026-04-14T09:00:00.000Z,215.333,215.684,215.093,215.638,21715
2026-04-14T13:00:00.000Z,215.638,215.782,215.426,215.488,27819
2026-04-14T17:00:00.000Z,215.49,215.537,215.327,215.45,17364
2026-04-14T21:00:00.000Z,215.389,215.629,215.269,215.559,12733
2026-04-15T01:00:00.000Z,215.559,215.735,215.556,215.693,15011
2026-04-15T05:00:00.000Z,215.694,215.777,215.187,215.361,19454
2026-04-15T09:00:00.000Z,215.36,215.68,215.244,215.664,25537
2026-04-15T13:00:00.000Z,215.667,215.823,215.475,215.648,29570
2026-04-15T17:00:00.000Z,215.638,215.899,215.547,215.596,20137
2026-04-15T21:00:00.000Z,215.57,215.598,215.301,215.45,9561
2026-04-16T01:00:00.000Z,215.444,215.566,215.109,215.471,17993
2026-04-16T05:00:00.000Z,215.473,215.716,215.358,215.425,21938
2026-04-16T09:00:00.000Z,215.424,215.553,215.229,215.542,22748
2026-04-16T13:00:00.000Z,215.542,215.632,215.158,215.34,35360
2026-04-16T17:00:00.000Z,215.342,215.462,215.246,215.285,21340
2026-04-16T21:00:00.000Z,215.231,215.471,215.12,215.416,10321
2026-04-17T01:00:00.000Z,215.422,215.653,215.314,215.63,13825
2026-04-17T05:00:00.000Z,215.632,215.685,215.236,215.324,21176
2026-04-17T09:00:00.000Z,215.326,215.455,215.138,215.173,25820
2026-04-17T13:00:00.000Z,215.173,215.195,213.995,214.197,48272
2026-04-17T17:00:00.000Z,214.197,214.48,214.193,214.362,26882
2026-04-19T21:00:00.000Z,214.06,214.718,213.999,214.572,17054
2026-04-20T01:00:00.000Z,214.578,214.648,214.407,214.577,18020
2026-04-20T05:00:00.000Z,214.578,214.753,214.317,214.575,27694
2026-04-20T09:00:00.000Z,214.574,214.871,214.506,214.736,26906
2026-04-20T13:00:00.000Z,214.742,214.912,214.53,214.774,37903
2026-04-20T17:00:00.000Z,214.775,215.082,214.767,214.99,22368
2026-04-20T21:00:00.000Z,214.798,215.021,214.618,214.963,11996
2026-04-21T01:00:00.000Z,214.965,215.026,214.806,214.822,14166
2026-04-21T05:00:00.000Z,214.824,214.995,214.588,214.938,26198
2026-04-21T09:00:00.000Z,214.939,215.222,214.864,215.119,24077
2026-04-21T13:00:00.000Z,215.12,215.415,215.043,215.233,36453
2026-04-21T17:00:00.000Z,215.232,215.295,215.023,215.226,36154
2026-04-21T21:00:00.000Z,215.093,215.363,215.013,215.191,14480
2026-04-22T01:00:00.000Z,215.189,215.354,215.109,215.222,15837
2026-04-22T05:00:00.000Z,215.221,215.601,215.078,215.587,24148
2026-04-22T09:00:00.000Z,215.585,215.655,214.914,215.032,26663
2026-04-22T13:00:00.000Z,215.036,215.42,214.998,215.401,36954
2026-04-22T17:00:00.000Z,215.399,215.53,215.3,215.346,19941
2026-04-22T21:00:00.000Z,215.304,215.35,215.138,215.227,14373
2026-04-23T01:00:00.000Z,215.229,215.289,215.064,215.23,21328
2026-04-23T05:00:00.000Z,215.229,215.683,215.178,215.654,22998
2026-04-23T09:00:00.000Z,215.654,215.725,215.121,215.126,31395
2026-04-23T13:00:00.000Z,215.124,215.532,215.033,215.132,36323
2026-04-23T17:00:00.000Z,215.133,215.158,214.937,215.038,36315
2026-04-23T21:00:00.000Z,214.918,215.207,214.851,215.2,9514
2026-04-24T01:00:00.000Z,215.201,215.248,214.995,215.102,15700
2026-04-24T05:00:00.000Z,215.101,215.332,214.939,215.241,21511
2026-04-24T09:00:00.000Z,215.242,215.479,215.08,215.409,29384
2026-04-24T13:00:00.000Z,215.405,215.49,215.234,215.457,38403
2026-04-24T17:00:00.000Z,215.457,215.767,215.411,215.67,21211
2026-04-26T21:00:00.000Z,215.405,215.721,215.304,215.625,9362
2026-04-27T01:00:00.000Z,215.629,215.735,215.562,215.614,18186
2026-04-27T05:00:00.000Z,215.615,215.747,215.516,215.705,22632
2026-04-27T09:00:00.000Z,215.706,216.047,215.636,215.729,24883
2026-04-27T13:00:00.000Z,215.726,215.965,215.529,215.854,34263
2026-04-27T17:00:00.000Z,215.856,215.864,215.692,215.742,19750
2026-04-27T21:00:00.000Z,215.763,215.825,215.619,215.789,8517
2026-04-28T01:00:00.000Z,215.788,215.812,215.126,215.236,16943
2026-04-28T05:00:00.000Z,215.238,215.67,214.937,215.368,26467
2026-04-28T09:00:00.000Z,215.367,215.409,215.031,215.148,31774
2026-04-28T13:00:00.000Z,215.148,215.643,215.106,215.633,39413
2026-04-28T17:00:00.000Z,215.633,215.813,215.58,215.77,21506
2026-04-28T21:00:00.000Z,215.589,215.823,215.494,215.776,7417
2026-04-29T01:00:00.000Z,215.772,215.838,215.649,215.708,16177
2026-04-29T05:00:00.000Z,215.706,215.733,215.473,215.692,22464
2026-04-29T09:00:00.000Z,215.692,216.007,215.635,215.969,25649
2026-04-29T13:00:00.000Z,215.968,216.272,215.791,216.109,39983
2026-04-29T17:00:00.000Z,216.11,216.229,215.879,216.187,34906
2026-04-29T21:00:00.000Z,216.063,216.201,215.905,216.146,16337
2026-04-30T01:00:00.000Z,216.143,216.183,215.983,216.088,25813
2026-04-30T05:00:00.000Z,216.086,216.591,215.013,215.192,36878
2026-04-30T09:00:00.000Z,215.172,215.274,210.419,211.9,58412
2026-04-30T13:00:00.000Z,211.899,213.073,211.112,212.588,49392
2026-04-30T17:00:00.000Z,212.587,213.043,212.482,213.018,30740
2026-04-30T21:00:00.000Z,212.856,213.956,212.822,213.68,14288
2026-05-01T01:00:00.000Z,213.682,214.035,213.587,213.797,19500
2026-05-01T05:00:00.000Z,213.798,213.839,211.797,212.924,30803
2026-05-01T09:00:00.000Z,212.927,213.475,212.797,213.428,28098
2026-05-01T13:00:00.000Z,213.429,213.649,213.016,213.409,43017
2026-05-01T17:00:00.000Z,213.407,213.429,213.032,213.159,26774
2026-05-03T21:00:00.000Z,213.044,213.197,212.995,213.18,12149
2026-05-04T01:00:00.000Z,213.178,213.615,211.721,212.955,25418
2026-05-04T05:00:00.000Z,212.954,213.237,212.729,212.823,27322
2026-05-04T09:00:00.000Z,212.825,213.059,212.546,213.023,33299
2026-05-04T13:00:00.000Z,213.021,213.106,212.519,212.593,42829
2026-05-04T17:00:00.000Z,212.597,212.828,211.935,212.74,29545
2026-05-04T21:00:00.000Z,212.637,212.769,212.452,212.62,10411
2026-05-05T01:00:00.000Z,212.621,212.735,212.572,212.578,14290
2026-05-05T05:00:00.000Z,212.579,213.082,212.547,212.985,24795
2026-05-05T09:00:00.000Z,212.98,213.706,212.829,213.672,29367
2026-05-05T13:00:00.000Z,213.67,214.068,213.654,213.89,34717
2026-05-05T17:00:00.000Z,213.892,213.98,213.734,213.757,21395
2026-05-05T21:00:00.000Z,213.64,214.02,213.619,213.923,17361
2026-05-06T01:00:00.000Z,213.925,214.217,210.754,211.891,30714
2026-05-06T05:00:00.000Z,211.893,212.719,211.678,212.527,37188
2026-05-06T09:00:00.000Z,212.529,212.764,212.242,212.719,43576
2026-05-06T13:00:00.000Z,212.719,212.746,212.351,212.475,40860
2026-05-06T17:00:00.000Z,212.477,212.713,212.456,212.515,26125
2026-05-06T21:00:00.000Z,212.451,212.729,212.255,212.463,13201
2026-05-07T01:00:00.000Z,212.466,212.678,212.279,212.595,21760
2026-05-07T05:00:00.000Z,212.592,212.952,212.383,212.945,28489
2026-05-07T09:00:00.000Z,212.943,213.114,212.817,212.911,28903
2026-05-07T13:00:00.000Z,212.911,213.079,212.844,212.925,37956
2026-05-07T17:00:00.000Z,212.924,212.963,212.609,212.668,32898
2026-05-07T21:00:00.000Z,212.496,212.73,212.282,212.703,13496
2026-05-08T01:00:00.000Z,212.701,212.849,212.523,212.757,18863
2026-05-08T05:00:00.000Z,212.756,213.324,212.75,213.322,23969
2026-05-08T09:00:00.000Z,213.325,213.39,213.177,213.236,26472
2026-05-08T13:00:00.000Z,213.234,213.48,213.097,213.375,33533
2026-05-08T17:00:00.000Z,213.371,213.686,213.314,213.649,20100
2026-05-10T21:00:00.000Z,212.147,213.492,212.117,213.404,12363
2026-05-11T01:00:00.000Z,213.409,213.641,213.337,213.374,15955
2026-05-11T05:00:00.000Z,213.372,213.798,213.32,213.753,20584
2026-05-11T09:00:00.000Z,213.754,213.858,213.461,213.844,25069
2026-05-11T13:00:00.000Z,213.844,214.416,213.841,214.372,30449
2026-05-11T17:00:00.000Z,214.372,214.417,213.931,213.959,22733
2026-05-11T21:00:00.000Z,213.813,213.999,213.677,213.982,9129
2026-05-12T01:00:00.000Z,213.981,214.196,213.942,214.067,17828
2026-05-12T05:00:00.000Z,214.069,214.135,212.734,213.253,32871
2026-05-12T09:00:00.000Z,213.26,213.478,212.956,213.277,31708
2026-05-12T13:00:00.000Z,213.279,213.398,212.934,213.242,39310
2026-05-12T17:00:00.000Z,213.242,213.427,213.13,213.378,23193
2026-05-12T21:00:00.000Z,213.243,213.514,213.178,213.472,8716
2026-05-13T01:00:00.000Z,213.475,213.515,213.305,213.452,15849
2026-05-13T05:00:00.000Z,213.454,213.686,213.3,213.417,23467
2026-05-13T09:00:00.000Z,213.418,213.444,212.849,212.927,28559
2026-05-13T13:00:00.000Z,212.931,213.471,212.926,213.339,34570
2026-05-13T17:00:00.000Z,213.34,213.556,213.304,213.5,22570
2026-05-13T21:00:00.000Z,213.407,213.57,213.046,213.555,8653
2026-05-14T01:00:00.000Z,213.556,213.702,213.082,213.553,16829
2026-05-14T05:00:00.000Z,213.555,213.586,213.253,213.471,24544
2026-05-14T09:00:00.000Z,213.472,213.494,213.179,213.376,26114
2026-05-14T13:00:00.000Z,213.374,213.413,212.452,212.618,38784
2026-05-14T17:00:00.000Z,212.618,212.648,211.866,212.245,22309
2026-05-14T21:00:00.000Z,212.141,212.257,211.893,212.027,11593
2026-05-15T01:00:00.000Z,212.025,212.043,211.772,211.824,20712
2026-05-15T05:00:00.000Z,211.827,211.887,211.424,211.609,34203
2026-05-15T09:00:00.000Z,211.608,212.054,211.286,211.745,36043
2026-05-15T13:00:00.000Z,211.747,211.944,211.323,211.541,42463
2026-05-15T17:00:00.000Z,211.552,211.616,211.372,211.426,24565
2026-05-17T21:00:00.000Z,211.278,211.565,211.148,211.507,14260
2026-05-18T01:00:00.000Z,211.515,211.809,211.38,211.691,22699
2026-05-18T05:00:00.000Z,211.693,212.554,211.661,212.458,29178
2026-05-18T09:00:00.000Z,212.455,212.7,212.105,212.562,30703
2026-05-18T13:00:00.000Z,212.563,213.544,212.414,213.431,39905
2026-05-18T17:00:00.000Z,213.432,213.494,213.154,213.38,28924
2026-05-18T21:00:00.000Z,213.265,213.471,213.061,213.367,10187
2026-05-19T01:00:00.000Z,213.368,213.38,213.117,213.137,19865
2026-05-19T05:00:00.000Z,213.138,213.359,212.989,213.12,26815
2026-05-19T09:00:00.000Z,213.121,213.501,212.871,213.267,28959
2026-05-19T13:00:00.000Z,213.257,213.295,212.641,212.8,42314
2026-05-19T17:00:00.000Z,212.799,213.199,212.799,213.131,22906
2026-05-19T21:00:00.000Z,213.018,213.144,212.849,212.872,12787
2026-05-20T01:00:00.000Z,212.87,212.948,212.743,212.873,25648
2026-05-20T05:00:00.000Z,212.875,212.999,212.578,212.827,28350
2026-05-20T09:00:00.000Z,212.825,213.164,212.822,213.038,25006
2026-05-20T13:00:00.000Z,213.038,213.594,212.996,213.494,43857
2026-05-20T17:00:00.000Z,213.497,213.612,213.431,213.485,26515
2026-05-20T21:00:00.000Z,213.418,213.503,213.317,213.457,10636
2026-05-21T01:00:00.000Z,213.454,213.559,213.282,213.544,18947
2026-05-21T05:00:00.000Z,213.547,213.814,213.369,213.595,27910
2026-05-21T09:00:00.000Z,213.59,213.77,213.445,213.493,30816
2026-05-21T13:00:00.000Z,213.49,213.582,213.277,213.375,38426
2026-05-21T17:00:00.000Z,213.377,213.706,213.357,213.561,31157
2026-05-21T21:00:00.000Z,213.312,213.61,213.296,213.563,10341
2026-05-22T01:00:00.000Z,213.56,213.622,213.458,213.609,15401
2026-05-22T05:00:00.000Z,213.61,213.723,213.43,213.57,21329
2026-05-22T09:00:00.000Z,213.569,213.724,213.485,213.718,22337
2026-05-22T13:00:00.000Z,213.715,214.032,213.546,213.975,33688
2026-05-22T17:00:00.000Z,213.977,214.012,213.78,213.835,22339
2026-05-24T21:00:00.000Z,213.58,214.297,213.424,214.163,12834
2026-05-25T01:00:00.000Z,214.162,214.214,214.034,214.177,13956
2026-05-25T05:00:00.000Z,214.175,214.43,214.173,214.427,17781
2026-05-25T09:00:00.000Z,214.426,214.604,214.372,214.524,13858
2026-05-25T13:00:00.000Z,214.525,214.592,214.408,214.568,16042
2026-05-25T17:00:00.000Z,214.566,214.672,214.551,214.634,7396
2026-05-25T21:00:00.000Z,214.454,214.63,214.346,214.508,10652
2026-05-26T01:00:00.000Z,214.507,214.54,214.297,214.336,15536
2026-05-26T05:00:00.000Z,214.335,214.634,214.253,214.53,22141
2026-05-26T09:00:00.000Z,214.528,214.674,214.379,214.423,22799
2026-05-26T13:00:00.000Z,214.424,214.504,214.068,214.127,31205
2026-05-26T17:00:00.000Z,214.125,214.316,214.098,214.228,16268
2026-05-26T21:00:00.000Z,214.12,214.344,214.098,214.311,9623
2026-05-27T01:00:00.000Z,214.307,214.316,214.153,214.24,16276
2026-05-27T05:00:00.000Z,214.242,214.411,214.178,214.322,19407
2026-05-27T09:00:00.000Z,214.315,214.368,214.12,214.246,23622
2026-05-27T13:00:00.000Z,214.25,214.474,213.994,214.21,33849
2026-05-27T17:00:00.000Z,214.213,214.275,214.065,214.213,18029
2026-05-27T21:00:00.000Z,214.01,214.208,213.944,214.011,10165
2026-05-28T01:00:00.000Z,214.013,214.017,213.317,213.47,20320
2026-05-28T05:00:00.000Z,213.467,213.875,213.414,213.693,22861
2026-05-28T09:00:00.000Z,213.692,213.885,213.41,213.879,23986
2026-05-28T13:00:00.000Z,213.878,214.121,213.802,214.014,36374
2026-05-28T17:00:00.000Z,214.017,214.079,213.968,214.075,20758
2026-05-28T21:00:00.000Z,213.976,214.176,213.895,214.095,9333
2026-05-29T01:00:00.000Z,214.093,214.212,214.005,214.062,16204
2026-05-29T05:00:00.000Z,214.067,214.159,213.586,213.635,21086
2026-05-29T09:00:00.000Z,213.635,213.951,213.578,213.943,23541
2026-05-29T13:00:00.000Z,213.945,214.63,213.891,214.381,35442
2026-05-29T17:00:00.000Z,214.382,214.53,214.267,214.285,21854
2026-05-31T21:00:00.000Z,214.315,214.489,214.261,214.479,17183
2026-06-01T01:00:00.000Z,214.478,214.604,214.462,214.579,14812
2026-06-01T05:00:00.000Z,214.58,214.872,214.566,214.786,19182
2026-06-01T09:00:00.000Z,214.785,214.853,214.568,214.722,21731
2026-06-01T13:00:00.000Z,214.72,214.837,214.142,214.83,36960
2026-06-01T17:00:00.000Z,214.828,214.994,214.755,214.831,19989
2026-06-01T21:00:00.000Z,214.73,214.954,214.637,214.799,11741
2026-06-02T01:00:00.000Z,214.799,215.059,214.781,215.046,15121
2026-06-02T05:00:00.000Z,215.048,215.313,215.004,215.06,20905
2026-06-02T09:00:00.000Z,215.062,215.308,215.024,215.25,17973
2026-06-02T13:00:00.000Z,215.253,215.516,215.137,215.324,23823
2026-06-02T17:00:00.000Z,215.326,215.438,215.208,215.345,15364
2026-06-02T21:00:00.000Z,215.233,215.366,215.177,215.361,10758
2026-06-03T01:00:00.000Z,215.363,215.367,215.172,215.2,13645
2026-06-03T05:00:00.000Z,215.199,215.24,214.418,214.748,24695
2026-06-03T09:00:00.000Z,214.75,215.022,214.707,214.795,22354
2026-06-03T13:00:00.000Z,214.795,215.002,214.632,214.738,32570
2026-06-03T17:00:00.000Z,214.743,214.829,214.649,214.801,16961
2026-06-03T21:00:00.000Z,214.69,214.793,214.561,214.673,12810
2026-06-04T01:00:00.000Z,214.673,214.764,214.262,214.712,16175
2026-06-04T05:00:00.000Z,214.714,214.76,214.448,214.706,22813
2026-06-04T09:00:00.000Z,214.705,215.156,214.701,215.109,26038
2026-06-04T13:00:00.000Z,215.107,215.133,214.869,214.911,28581
2026-06-04T17:00:00.000Z,214.913,214.952,214.761,214.794,15215
2026-06-04T21:00:00.000Z,214.777,214.806,214.599,214.71,9716
2026-06-05T01:00:00.000Z,214.708,214.842,214.582,214.805,15727
2026-06-05T05:00:00.000Z,214.807,215.226,214.722,215.213,18617
2026-06-05T09:00:00.000Z,215.206,215.606,214.746,214.752,25560
2026-06-05T13:00:00.000Z,214.753,214.835,213.859,214.058,42141
2026-06-05T17:00:00.000Z,214.054,214.079,213.517,213.676,25218
2026-06-07T21:00:00.000Z,213.518,214.014,213.285,214.007,13285
2026-06-08T01:00:00.000Z,214.008,214.04,213.55,213.884,20376
2026-06-08T05:00:00.000Z,213.883,213.975,212.92,213.17,29739
2026-06-08T09:00:00.000Z,213.171,213.818,212.926,213.549,31841
2026-06-08T13:00:00.000Z,213.555,213.781,213.501,213.697,34515
2026-06-08T17:00:00.000Z,213.697,213.841,213.631,213.645,19503
2026-06-08T21:00:00.000Z,213.559,213.703,213.488,213.69,11121
2026-06-09T01:00:00.000Z,213.692,214.047,213.667,214.016,16891
2026-06-09T05:00:00.000Z,214.017,214.355,213.909,214.306,24717
2026-06-09T09:00:00.000Z,214.307,214.721,214.292,214.697,18643
2026-06-09T13:00:00.000Z,214.706,214.789,214.313,214.475,39527
2026-06-09T17:00:00.000Z,214.483,214.741,214.463,214.567,23827
2026-06-09T21:00:00.000Z,214.323,214.572,214.276,214.565,11748
2026-06-10T01:00:00.000Z,214.574,214.715,214.366,214.606,18569
2026-06-10T05:00:00.000Z,214.605,214.832,214.555,214.739,23024
2026-06-10T09:00:00.000Z,214.739,215.028,214.645,214.804,30096
2026-06-10T13:00:00.000Z,214.807,215.23,214.637,214.875,40327
2026-06-10T17:00:00.000Z,214.877,214.984,214.602,214.627,24777
2026-06-10T21:00:00.000Z,214.508,214.628,214.323,214.614,19198
2026-06-11T01:00:00.000Z,214.616,214.859,214.611,214.807,17815
2026-06-11T05:00:00.000Z,214.805,214.933,214.483,214.518,20263
2026-06-11T09:00:00.000Z,214.524,214.603,214.219,214.485,23876
2026-06-11T13:00:00.000Z,214.483,214.495,213.862,214.023,34687
2026-06-11T17:00:00.000Z,214.021,214.614,213.915,214.545,37022
2026-06-11T21:00:00.000Z,214.407,214.849,214.343,214.758,14499
2026-06-12T01:00:00.000Z,214.757,215.002,214.608,214.914,20647
2026-06-12T05:00:00.000Z,214.913,214.957,214.622,214.728,30034
2026-06-12T09:00:00.000Z,214.727,214.852,214.555,214.629,29440
2026-06-12T13:00:00.000Z,214.629,215.017,214.596,214.948,38324
2026-06-12T17:00:00.000Z,214.948,214.998,214.682,214.707,17396
2026-06-14T21:00:00.000Z,214.59,215.312,214.253,215.245,17180
2026-06-15T01:00:00.000Z,215.242,215.354,215.148,215.258,15054
2026-06-15T05:00:00.000Z,215.261,215.369,214.879,214.94,21188
2026-06-15T09:00:00.000Z,214.942,215.082,214.9,215.056,21439
2026-06-15T13:00:00.000Z,215.057,215.237,214.963,215.155,25421
2026-06-15T17:00:00.000Z,215.152,215.235,214.952,215.028,17378
2026-06-15T21:00:00.000Z,214.938,215.093,214.802,214.876,11042
2026-06-16T01:00:00.000Z,214.876,214.926,214.509,214.685,16699
2026-06-16T05:00:00.000Z,214.686,215.215,214.576,215.206,21904
2026-06-16T09:00:00.000Z,215.209,215.282,214.977,215.085,20685
2026-06-16T13:00:00.000Z,215.084,215.55,215.017,215.392,28871
2026-06-16T17:00:00.000Z,215.394,215.48,215.363,215.418,15213
2026-06-16T21:00:00.000Z,215.333,215.435,215.221,215.355,12094
2026-06-17T01:00:00.000Z,215.354,215.397,215.223,215.244,10191
2026-06-17T05:00:00.000Z,215.243,215.401,214.767,214.943,17374
2026-06-17T09:00:00.000Z,214.944,214.987,214.778,214.969,18511
2026-06-17T13:00:00.000Z,214.968,215.033,214.501,214.598,26389
2026-06-17T17:00:00.000Z,214.598,214.732,213.213,213.603,41081
2026-06-17T21:00:00.000Z,213.416,213.883,213.161,213.827,13505
2026-06-18T01:00:00.000Z,213.828,213.974,213.747,213.813,16042
2026-06-18T05:00:00.000Z,213.816,214.055,212.827,212.939,25606
2026-06-18T09:00:00.000Z,212.939,213.105,212.491,212.882,32661
2026-06-18T13:00:00.000Z,212.882,213.429,212.789,213.423,39560
2026-06-18T17:00:00.000Z,213.421,213.564,212.396,213.085,27320
2026-06-18T21:00:00.000Z,213.022,213.181,212.685,212.801,11796
2026-06-19T01:00:00.000Z,212.8,212.859,212.481,212.526,17976
2026-06-19T05:00:00.000Z,212.527,213.428,212.451,213.409,24995
2026-06-19T09:00:00.000Z,213.412,213.52,213.267,213.302,22074
2026-06-19T13:00:00.000Z,213.306,213.433,213.118,213.402,21941
2026-06-19T17:00:00.000Z,213.406,213.551,213.164,213.292,19304
2026-06-21T21:00:00.000Z,212.59,213.539,212.535,213.526,12012
2026-06-22T01:00:00.000Z,213.533,213.696,213.424,213.509,17336
2026-06-22T05:00:00.000Z,213.509,213.723,213.244,213.622,24720
2026-06-22T09:00:00.000Z,213.63,214.672,213.619,214.525,27840
2026-06-22T13:00:00.000Z,214.525,214.637,213.589,213.96,40070
2026-06-22T17:00:00.000Z,213.959,214.147,213.738,214.102,18189
2026-06-22T21:00:00.000Z,213.965,214.16,213.893,214.005,10087
2026-06-23T01:00:00.000Z,214.003,214.051,213.836,213.914,17025
2026-06-23T05:00:00.000Z,213.916,214.204,213.273,213.418,29852
2026-06-23T09:00:00.000Z,213.416,213.562,213.24,213.435,26033
2026-06-23T13:00:00.000Z,213.436,213.526,212.973,213.088,32084
2026-06-23T17:00:00.000Z,213.087,213.325,212.981,213.303,16448
2026-06-23T21:00:00.000Z,212.998,213.348,212.998,213.324,11421
2026-06-24T01:00:00.000Z,213.324,213.324,213.045,213.14,19475
2026-06-24T05:00:00.000Z,213.141,213.501,213.036,213.392,24088
2026-06-24T09:00:00.000Z,213.39,213.431,212.545,212.702,27030
2026-06-24T13:00:00.000Z,212.702,213.09,212.529,213.038,32752
2026-06-24T17:00:00.000Z,213.037,213.08,212.815,213.037,21979
2026-06-24T21:00:00.000Z,212.915,212.989,212.695,212.856,10836
2026-06-25T01:00:00.000Z,212.861,213.244,212.854,213.232,18772
2026-06-25T05:00:00.000Z,213.23,213.509,213.09,213.413,22499
2026-06-25T09:00:00.000Z,213.415,213.534,212.828,213.23,24978
2026-06-25T13:00:00.000Z,213.237,213.724,213.193,213.614,37983
2026-06-25T17:00:00.000Z,213.619,213.626,213.431,213.431,21291
2026-06-25T21:00:00.000Z,213.431,213.52,213.307,213.497,11960
2026-06-26T01:00:00.000Z,213.498,213.597,213.201,213.352,19163
2026-06-26T05:00:00.000Z,213.356,213.636,213.274,213.558,26034
2026-06-26T09:00:00.000Z,213.554,213.748,213.402,213.553,27045
2026-06-26T13:00:00.000Z,213.553,213.809,213.423,213.607,31516
2026-06-26T17:00:00.000Z,213.607,213.649,213.354,213.378,17454
2026-06-28T21:00:00.000Z,213.459,213.614,213.251,213.493,10903
2026-06-29T01:00:00.000Z,213.488,213.668,213.452,213.567,15369
2026-06-29T05:00:00.000Z,213.564,214.009,213.561,213.751,19987
2026-06-29T09:00:00.000Z,213.752,214.317,213.729,214.236,21306
2026-06-29T13:00:00.000Z,214.238,214.682,214.178,214.635,29698
2026-06-29T17:00:00.000Z,214.637,214.764,214.583,214.73,12383
2026-06-29T21:00:00.000Z,214.504,215.016,214.492,214.738,9019
2026-06-30T01:00:00.000Z,214.739,214.821,214.442,214.561,20918
2026-06-30T05:00:00.000Z,214.559,214.911,214.516,214.742,25845
2026-06-30T09:00:00.000Z,214.745,214.909,214.162,214.616,26504
2026-06-30T13:00:00.000Z,214.618,215.772,214.585,215.518,32059
2026-06-30T17:00:00.000Z,215.524,215.671,215.463,215.574,18331
2026-06-30T21:00:00.000Z,215.41,215.628,215.353,215.472,9163
2026-07-01T01:00:00.000Z,215.473,215.504,215.19,215.471,18813
2026-07-01T05:00:00.000Z,215.472,215.544,215.19,215.465,21359
2026-07-01T09:00:00.000Z,215.467,215.654,215.315,215.358,24289
2026-07-01T13:00:00.000Z,215.357,215.843,215.104,215.753,40810
2026-07-01T17:00:00.000Z,215.751,215.932,215.721,215.831,17312
2026-07-01T21:00:00.000Z,215.769,215.901,215.581,215.846,10029
2026-07-02T01:00:00.000Z,215.845,216.064,215.773,215.851,17518
2026-07-02T05:00:00.000Z,215.852,215.853,214.618,215.077,38338
2026-07-02T09:00:00.000Z,215.08,215.313,214.624,215.195,37030
2026-07-02T13:00:00.000Z,215.21,215.409,214.941,214.946,47400
2026-07-02T17:00:00.000Z,214.948,215.076,214.857,215.046,22611
2026-07-02T21:00:00.000Z,214.873,215.396,214.789,215.142,11873
2026-07-03T01:00:00.000Z,215.14,215.447,215.022,215.333,20582
2026-07-03T05:00:00.000Z,215.331,215.448,214.689,215.14,25479
2026-07-03T09:00:00.000Z,215.142,215.272,215.006,215.251,19184
2026-07-03T13:00:00.000Z,215.251,215.494,215.201,215.467,19805
2026-07-03T17:00:00.000Z,215.465,215.528,215.308,215.405,31021
2026-07-05T21:00:00.000Z,215.182,215.767,215.146,215.681,14171
2026-07-06T01:00:00.000Z,215.679,216.07,215.663,216.062,19979
2026-07-06T05:00:00.000Z,216.066,216.535,215.948,216.395,26362
2026-07-06T09:00:00.000Z,216.393,216.741,216.314,216.663,22347
2026-07-06T13:00:00.000Z,216.666,217.062,216.569,217.025,24794
2026-07-06T17:00:00.000Z,217.023,217.154,216.968,217.02,13897
2026-07-06T21:00:00.000Z,216.822,217.206,216.822,217.054,11161
2026-07-07T01:00:00.000Z,217.056,217.098,216.523,216.622,19692
2026-07-07T05:00:00.000Z,216.624,216.834,216.359,216.803,23894
2026-07-07T09:00:00.000Z,216.803,216.825,216.506,216.618,21632
2026-07-07T13:00:00.000Z,216.62,216.72,216.412,216.518,28765
2026-07-07T17:00:00.000Z,216.52,216.562,216.371,216.523,19937
2026-07-07T21:00:00.000Z,216.315,216.798,216.281,216.765,12649
2026-07-08T01:00:00.000Z,216.765,216.865,216.701,216.811,18880
2026-07-08T05:00:00.000Z,216.815,216.961,216.604,216.75,29480
2026-07-08T09:00:00.000Z,216.748,216.979,216.51,216.811,32239
2026-07-08T13:00:00.000Z,216.803,217.561,216.793,217.547,33831
2026-07-08T17:00:00.000Z,217.547,217.824,217.523,217.691,21892
2026-07-08T21:00:00.000Z,217.513,217.735,217.465,217.626,9472
2026-07-09T01:00:00.000Z,217.627,217.703,217.529,217.633,16135
2026-07-09T05:00:00.000Z,217.636,218.002,217.611,217.807,22041
2026-07-09T09:00:00.000Z,217.807,217.877,217.344,217.418,20835
2026-07-09T13:00:00.000Z,217.415,217.668,217.397,217.655,25440
2026-07-09T17:00:00.000Z,217.654,217.817,217.615,217.732,16853
2026-07-09T21:00:00.000Z,217.615,217.797,217.298,217.509,9555
2026-07-10T01:00:00.000Z,217.51,217.532,216.935,217.076,27641
2026-07-10T05:00:00.000Z,217.081,217.194,216.7,216.814,26723
2026-07-10T09:00:00.000Z,216.812,217.374,216.788,217.143,23975
2026-07-10T13:00:00.000Z,217.143,217.151,216.449,216.591,33786
2026-07-10T17:00:00.000Z,216.586,216.734,216.485,216.643,21583
2026-07-12T21:00:00.000Z,216.37,216.818,216.342,216.813,17810
2026-07-13T01:00:00.000Z,216.819,216.845,216.662,216.802,24596
2026-07-13T05:00:00.000Z,216.803,217.306,216.654,217.093,33992
2026-07-13T09:00:00.000Z,217.091,217.245,216.833,217.207,28384
2026-07-13T13:00:00.000Z,217.208,217.26,216.934,217.084,36097
2026-07-13T17:00:00.000Z,217.082,217.111,216.759,216.791,22819
2026-07-13T21:00:00.000Z,216.689,216.907,216.66,216.803,13111
2026-07-14T01:00:00.000Z,216.802,216.919,216.751,216.838,22630
2026-07-14T05:00:00.000Z,216.84,217.031,216.662,217.03,26798
2026-07-14T09:00:00.000Z,217.028,217.393,216.847,217.104,31262
2026-07-14T13:00:00.000Z,217.108,217.295,216.912,217.046,44810
2026-07-14T17:00:00.000Z,217.045,217.256,216.86,217.256,22733
2026-07-14T21:00:00.000Z,217.039,217.328,216.833,217.25,10300
2026-07-15T01:00:00.000Z,217.252,217.437,217.097,217.398,17887
2026-07-15T05:00:00.000Z,217.4,217.691,217.346,217.41,22664
2026-07-15T09:00:00.000Z,217.409,217.798,217.301,217.753,24633
2026-07-15T13:00:00.000Z,217.752,219.379,217.738,219.332,32924
2026-07-15T17:00:00.000Z,219.334,219.604,219.3,219.572,25021
2026-07-15T21:00:00.000Z,219.378,219.551,219.228,219.364,10630
2026-07-16T01:00:00.000Z,219.37,219.421,219.193,219.347,16010
2026-07-16T05:00:00.000Z,219.345,219.525,219.176,219.228,22337
2026-07-16T09:00:00.000Z,219.228,219.262,218.839,219.049,24478
2026-07-16T13:00:00.000Z,219.052,219.396,218.768,218.776,30739
2026-07-16T17:00:00.000Z,218.777,218.858,218.667,218.838,18472
2026-07-16T21:00:00.000Z,218.822,218.889,218.674,218.885,8344
2026-07-17T01:00:00.000Z,218.883,218.938,218.553,218.591,16269
2026-07-17T05:00:00.000Z,218.593,218.814,218.254,218.288,25290
2026-07-17T09:00:00.000Z,218.287,218.368,217.99,218.137,25486
2026-07-17T13:00:00.000Z,218.137,218.645,218.09,218.55,31258
2026-07-17T17:00:00.000Z,218.552,218.627,218.449,218.491,18786
2026-07-19T21:00:00.000Z,218.367,218.543,218.154,218.342,10952
2026-07-20T01:00:00.000Z,218.344,218.64,218.318,218.602,14075
2026-07-20T05:00:00.000Z,218.604,218.827,218.529,218.699,18644
2026-07-20T09:00:00.000Z,218.699,218.79,218.402,218.505,22575
2026-07-20T13:00:00.000Z,218.507,218.675,218.029,218.105,25790
2026-07-20T17:00:00.000Z,218.107,218.357,218.047,218.221,15950
2026-07-20T21:00:00.000Z,218.2,218.326,218.051,218.29,8602
2026-07-21T01:00:00.000Z,218.293,218.395,218.215,218.378,14180
2026-07-21T05:00:00.000Z,218.378,218.718,218.375,218.469,17542
2026-07-21T09:00:00.000Z,218.472,218.509,217.752,217.864,20480
2026-07-21T13:00:00.000Z,217.865,218.264,217.517,218.137,28125
2026-07-21T17:00:00.000Z,218.139,218.424,218.089,218.305,17696
2026-07-21T21:00:00.000Z,218.119,218.369,218.099,218.348,9882
2026-07-22T01:00:00.000Z,218.349,218.394,218.303,218.376,14699
2026-07-22T05:00:00.000Z,218.375,218.407,217.844,217.924,23254
2026-07-22T09:00:00.000Z,217.916,218.059,217.823,217.884,22550
2026-07-22T13:00:00.000Z,217.883,218.345,217.883,218.119,27133
2026-07-22T17:00:00.000Z,218.116,218.234,218.095,218.221,17790
2026-07-22T21:00:00.000Z,218.115,218.212,217.992,218.18,8446
2026-07-23T01:00:00.000Z,218.181,218.372,218.133,218.294,17342
2026-07-23T05:00:00.000Z,218.297,218.512,218.136,218.352,21669
2026-07-23T09:00:00.000Z,218.351,218.498,218.013,218.381,26369
2026-07-23T13:00:00.000Z,218.378,218.62,217.954,218.196,38980
2026-07-23T17:00:00.000Z,218.194,218.201,218.06,218.167,20431
2026-07-23T21:00:00.000Z,218.093,218.285,217.927,218.262,9749
2026-07-24T01:00:00.000Z,218.264,218.32,218.005,218.05,19095
2026-07-24T05:00:00.000Z,218.052,218.431,218.002,218.103,21921
2026-07-24T09:00:00.000Z,218.103,218.283,217.962,218.08,23225
2026-07-24T13:00:00.000Z,218.082,218.473,218.04,218.35,29270
2026-07-24T17:00:00.000Z,218.358,218.367,218.187,218.244,16749
2026-07-26T21:00:00.000Z,217.99,218.517,217.99,218.46,14575
2026-07-27T01:00:00.000Z,218.465,218.505,218.364,218.378,18530
2026-07-27T05:00:00.000Z,218.379,218.497,217.966,218.095,24294
2026-07-27T09:00:00.000Z,218.093,218.146,217.759,217.923,25573
2026-07-27T13:00:00.000Z,217.925,218.035,217.677,217.697,32063
2026-07-27T17:00:00.000Z,217.698,217.718,217.464,217.554,20607
2026-07-27T21:00:00.000Z,217.524,217.705,217.507,217.659,9226
2026-07-28T01:00:00.000Z,217.655,217.814,217.639,217.685,17040
2026-07-28T05:00:00.000Z,217.683,217.937,217.522,217.922,21371
2026-07-28T09:00:00.000Z,217.923,217.94,217.53,217.912,21063
2026-07-28T13:00:00.000Z,217.914,217.988,217.7,217.785,30010
2026-07-28T17:00:00.000Z,217.787,217.861,217.63,217.696,17917
2026-07-28T21:00:00.000Z,217.635,217.759,217.531,217.593,10685
2026-07-29T01:00:00.000Z,217.591,217.681,217.151,217.314,22006
2026-07-29T05:00:00.000Z,217.315,217.743,217.247,217.656,23490
2026-07-29T09:00:00.000Z,217.654,217.664,217.424,217.582,23326
2026-07-29T13:00:00.000Z,217.58,217.905,217.484,217.785,26690
2026-07-29T17:00:00.000Z,217.784,218.555,217.643,218.417,40604
2026-07-29T21:00:00.000Z,218.304,218.489,218.142,218.343,16701
2026-07-30T01:00:00.000Z,218.341,218.355,218.159,218.159,18083
2026-07-30T05:00:00.000Z,218.16,218.618,218.131,218.562,26580
2026-07-30T09:00:00.000Z,218.561,218.675,217.38,217.89,39229
2026-07-30T13:00:00.000Z,217.893,217.9,212.351,214.845,57719
2026-07-30T17:00:00.000Z,214.836,215.127,213.455,214.899,32234
2026-07-30T21:00:00.000Z,214.655,216.227,214.597,216.053,22288
2026-07-31T01:00:00.000Z,216.055,216.309,215.809,216.043,31179
2026-07-31T05:00:00.000Z,216.041,216.077,213.425,213.901,40418
2026-07-31T09:00:00.000Z,213.893,215.378,213.474,215.22,37778
2026-07-31T13:00:00.000Z,215.218,215.298,213.066,214.569,48605
2026-07-31T17:00:00.000Z,214.569,214.852,212.448,212.621,41011
2026-08-02T21:00:00.000Z,211.941,212.976,209.567,210.565,31673
2026-08-03T01:00:00.000Z,210.564,211.014,209.641,210.772,30998
2026-08-03T05:00:00.000Z,210.77,211.229,210.672,211.209,29640
2026-08-03T09:00:00.000Z,211.21,211.427,210.835,211.138,29922
2026-08-03T13:00:00.000Z,211.14,211.178,210.2,210.627,35717
2026-08-03T17:00:00.000Z,210.627,211.115,210.425,211.099,24701
2026-08-03T21:00:00.000Z,210.952,211.66,210.898,211.426,15386
2026-08-04T01:00:00.000Z,211.424,211.832,211.366,211.512,22646
2026-08-04T05:00:00.000Z,211.516,212.125,211.436,212.115,25338
2026-08-04T09:00:00.000Z,212.112,212.32,211.507,211.758,29407
2026-08-04T13:00:00.000Z,211.762,211.965,211.436,211.873,30998
2026-08-04T17:00:00.000Z,211.876,212.267,211.828,212.181,24400
2026-08-04T21:00:00.000Z,212.025,212.237,211.805,211.92,12187
2026-08-05T01:00:00.000Z,211.924,212.132,211.693,212.104,25236
2026-08-05T05:00:00.000Z,212.109,212.55,212.013,212.368,27376
2026-08-05T09:00:00.000Z,212.366,212.522,212.203,212.317,27080
2026-08-05T13:00:00.000Z,212.317,212.363,211.988,212.308,35313
2026-08-05T17:00:00.000Z,212.309,212.465,212.241,212.43,20571
2026-08-05T21:00:00.000Z,212.317,212.475,212.145,212.398,12282
2026-08-06T01:00:00.000Z,212.397,212.446,212.247,212.314,18607
2026-08-06T05:00:00.000Z,212.317,212.562,212.258,212.509,21869
2026-08-06T09:00:00.000Z,212.509,212.731,212.358,212.677,21662
2026-08-06T13:00:00.000Z,212.679,213.295,212.623,213.283,32622
2026-08-06T17:00:00.000Z,213.283,213.286,212.993,213.161,20926
2026-08-06T21:00:00.000Z,213.062,213.255,212.862,213.209,11820
2026-08-07T01:00:00.000Z,213.218,213.235,212.846,213.063,18438
2026-08-07T05:00:00.000Z,213.065,213.103,212.89,212.893,22106
2026-08-07T09:00:00.000Z,212.892,213.008,211.438,212.465,27463
2026-08-07T13:00:00.000Z,212.465,213.049,212.312,212.493,41252
2026-08-07T17:00:00.000Z,212.49,212.961,212.405,212.856,24998
2026-08-09T21:00:00.000Z,212.741,213.086,212.549,213.068,15280
2026-08-10T01:00:00.000Z,213.074,213.569,213.043,213.56,20313
2026-08-10T05:00:00.000Z,213.56,214.257,213.535,214.24,24838
2026-08-10T09:00:00.000Z,214.24,214.52,213.892,214.482,26361
2026-08-10T13:00:00.000Z,214.485,214.987,214.452,214.905,30387
2026-08-10T17:00:00.000Z,214.906,215.232,214.886,215.144,19997
2026-08-10T21:00:00.000Z,214.936,215.188,214.777,215.013,10920
2026-08-11T01:00:00.000Z,215.012,215.165,214.904,215.08,18937
2026-08-11T05:00:00.000Z,215.082,215.204,214.958,215.185,22040
2026-08-11T09:00:00.000Z,215.183,215.218,214.755,214.993,24913
2026-08-11T13:00:00.000Z,214.995,215.216,214.883,215.097,26164
2026-08-11T17:00:00.000Z,215.097,215.201,215.012,215.176,16949
2026-08-11T21:00:00.000Z,215.026,215.257,215.007,215.229,9921
2026-08-12T01:00:00.000Z,215.228,215.378,215.126,215.317,16710
2026-08-12T05:00:00.000Z,215.319,215.356,215.148,215.237,19772
2026-08-12T09:00:00.000Z,215.238,215.33,214.522,214.977,31784
2026-08-12T13:00:00.000Z,214.977,215.194,214.829,215.121,34543
2026-08-12T17:00:00.000Z,215.121,215.245,215.084,215.125,18746
2026-08-12T21:00:00.000Z,215.048,215.134,214.959,215.038,11211
2026-08-13T01:00:00.000Z,215.037,215.112,214.775,214.908,19349
2026-08-13T05:00:00.000Z,214.907,215.052,214.778,214.852,24120
2026-08-13T09:00:00.000Z,214.852,215.114,214.818,215.019,23583
2026-08-13T13:00:00.000Z,215.026,215.14,214.784,215.065,31335
2026-08-13T17:00:00.000Z,215.064,215.177,214.998,215.114,17119
2026-08-13T21:00:00.000Z,214.992,215.184,214.955,215.103,12308
2026-08-14T01:00:00.000Z,215.103,215.154,214.997,215.077,19267
2026-08-14T05:00:00.000Z,215.074,215.261,214.873,215.239,23426
2026-08-14T09:00:00.000Z,215.24,215.455,214.886,215.147,26883
2026-08-14T13:00:00.000Z,215.137,215.894,215.126,215.76,36233
2026-08-14T17:00:00.000Z,215.762,215.766,215.585,215.603,17125
2026-08-16T21:00:00.000Z,215.513,215.739,215.496,215.538,14301
2026-08-17T01:00:00.000Z,215.541,215.661,215.449,215.614,19692
2026-08-17T05:00:00.000Z,215.616,215.754,215.398,215.668,26175
2026-08-17T09:00:00.000Z,215.669,215.947,215.646,215.946,23704
2026-08-17T13:00:00.000Z,215.945,216.151,215.804,216.067,27357
2026-08-17T17:00:00.000Z,216.072,216.13,215.875,215.956,18906
2026-08-17T21:00:00.000Z,215.922,216.108,215.71,216.021,10419
2026-08-18T01:00:00.000Z,216.024,216.216,215.899,216.145,21092
2026-08-18T05:00:00.000Z,216.143,216.193,215.95,216.058,23159
2026-08-18T09:00:00.000Z,216.06,216.077,215.913,216.048,23016
2026-08-18T13:00:00.000Z,216.047,216.172,215.969,216.06,31155
2026-08-18T17:00:00.000Z,216.059,216.069,215.971,216.009,17809
2026-08-18T21:00:00.000Z,215.932,216.013,215.7,215.73,13146
2026-08-19T01:00:00.000Z,215.723,215.859,215.608,215.753,22383
2026-08-19T05:00:00.000Z,215.754,215.819,215.6,215.718,26674
2026-08-19T09:00:00.000Z,215.717,215.834,214.818,215.6,31249
2026-08-19T13:00:00.000Z,215.601,215.881,215.36,215.558,46741
2026-08-19T17:00:00.000Z,215.558,215.614,215.112,215.184,29680
2026-08-19T21:00:00.000Z,215.074,215.436,214.952,215.415,15275
2026-08-20T01:00:00.000Z,215.415,215.864,215.4,215.76,25389
2026-08-20T05:00:00.000Z,215.761,216.181,215.493,216.109,29056
2026-08-20T09:00:00.000Z,216.108,216.45,215.842,216.417,32356
2026-08-20T13:00:00.000Z,216.416,216.8,216.191,216.714,40164
2026-08-20T17:00:00.000Z,216.712,216.898,216.643,216.815,19447
2026-08-20T21:00:00.000Z,216.681,217.033,216.637,216.961,13243
2026-08-21T01:00:00.000Z,216.963,217.049,216.842,216.922,21891
2026-08-21T05:00:00.000Z,216.923,216.956,216.513,216.617,27783
2026-08-21T09:00:00.000Z,216.62,216.79,216.446,216.583,33929
2026-08-21T13:00:00.000Z,216.587,216.86,216.491,216.852,35054
2026-08-21T17:00:00.000Z,216.855,217.104,216.853,216.889,19320
2026-08-23T21:00:00.000Z,216.638,216.986,216.186,216.729,12904
2026-08-24T01:00:00.000Z,216.727,216.912,216.701,216.79,23008
2026-08-24T05:00:00.000Z,216.793,217.146,216.731,216.836,27443
2026-08-24T09:00:00.000Z,216.837,217.059,216.772,216.979,28134
2026-08-24T13:00:00.000Z,216.978,217.168,216.824,216.884,31669
2026-08-24T17:00:00.000Z,216.884,217.005,216.792,216.84,18712
2026-08-24T21:00:00.000Z,216.817,217.114,216.689,217.112,10723
2026-08-25T01:00:00.000Z,217.116,217.252,216.94,217.064,18732
2026-08-25T05:00:00.000Z,217.066,217.464,217.001,217.362,23170
2026-08-25T09:00:00.000Z,217.365,217.426,217.035,217.203,25530
2026-08-25T13:00:00.000Z,217.203,217.304,217.029,217.154,30977
2026-08-25T17:00:00.000Z,217.154,217.341,217.147,217.289,16955
2026-08-25T21:00:00.000Z,217.247,217.332,217.078,217.176,9882
2026-08-26T01:00:00.000Z,217.174,217.193,216.686,216.799,20633
2026-08-26T05:00:00.000Z,216.801,216.881,216.657,216.703,21279
2026-08-26T09:00:00.000Z,216.704,216.845,216.553,216.668,21998
2026-08-26T13:00:00.000Z,216.67,216.813,216.53,216.643,31055
2026-08-26T17:00:00.000Z,216.642,216.697,216.539,216.577,15245
2026-08-26T21:00:00.000Z,216.44,216.579,216.253,216.337,14401
2026-08-27T01:00:00.000Z,216.339,216.587,216.28,216.506,16844
2026-08-27T05:00:00.000Z,216.509,216.57,216.33,216.335,20958
2026-08-27T09:00:00.000Z,216.338,216.572,216.262,216.367,24306
2026-08-27T13:00:00.000Z,216.369,216.761,216.289,216.506,29356
2026-08-27T17:00:00.000Z,216.509,216.652,216.494,216.622,15830
2026-08-27T21:00:00.000Z,216.452,216.67,216.422,216.645,8838
2026-08-28T01:00:00.000Z,216.643,216.745,216.586,216.706,14886
2026-08-28T05:00:00.000Z,216.707,216.808,216.538,216.796,19534
2026-08-28T09:00:00.000Z,216.798,216.994,216.653,216.737,19887
2026-08-28T13:00:00.000Z,216.737,217.052,216.333,216.836,41800
2026-08-28T17:00:00.000Z,216.837,216.837,216.592,216.624,19984
2026-08-30T21:00:00.000Z,216.456,216.84,216.438,216.667,14351
2026-08-31T01:00:00.000Z,216.669,216.67,216.33,216.424,21757
2026-08-31T05:00:00.000Z,216.425,216.601,216.071,216.284,25344
2026-08-31T09:00:00.000Z,216.286,216.448,216.174,216.435,22405
2026-08-31T13:00:00.000Z,216.436,216.604,216.19,216.341,31910
2026-08-31T17:00:00.000Z,216.34,216.521,216.302,216.411,16832
2026-08-31T21:00:00.000Z,216.379,216.574,216.226,216.555,12315
2026-09-01T01:00:00.000Z,216.558,216.571,216.319,216.497,18981
2026-09-01T05:00:00.000Z,216.499,216.644,216.445,216.552,22343
2026-09-01T09:00:00.000Z,216.555,216.788,216.515,216.613,25984
2026-09-01T13:00:00.000Z,216.607,216.829,216.416,216.453,32661
2026-09-01T17:00:00.000Z,216.454,216.55,216.426,216.487,19127
2026-09-01T21:00:00.000Z,216.372,216.54,216.313,216.494,11876
2026-09-02T01:00:00.000Z,216.492,216.578,216.004,216.088,19420
2026-09-02T05:00:00.000Z,216.087,216.09,215.237,215.812,34781
2026-09-02T09:00:00.000Z,215.813,215.883,215.043,215.043,31665
2026-09-02T13:00:00.000Z,215.045,215.201,213.674,214.34,43719
2026-09-02T17:00:00.000Z,214.341,214.411,213.944,214.064,23861
2026-09-02T21:00:00.000Z,213.938,214.317,213.852,214.064,15249
2026-09-03T01:00:00.000Z,214.062,214.073,212.628,212.76,28318
2026-09-03T05:00:00.000Z,212.759,212.871,211.1,211.534,36323
2026-09-03T09:00:00.000Z,211.531,211.718,210.04,210.285,39320
2026-09-03T13:00:00.000Z,210.291,210.822,209.924,210.407,46990
2026-09-03T17:00:00.000Z,210.409,210.744,210.386,210.717,24839
2026-09-03T21:00:00.000Z,210.71,211.18,210.098,210.749,16137
2026-09-04T01:00:00.000Z,210.753,211.657,210.647,211.523,23538
2026-09-04T05:00:00.000Z,211.522,211.813,211.366,211.668,28548
2026-09-04T09:00:00.000Z,211.669,211.783,209.763,210.231,34918
2026-09-04T13:00:00.000Z,210.229,211.096,210.163,210.901,45739
2026-09-04T17:00:00.000Z,210.901,211.253,210.901,211.156,21886
2026-09-06T21:00:00.000Z,210.709,211.208,210.65,210.748,13475
2026-09-07T01:00:00.000Z,210.74,211.022,210.691,210.84,19848
2026-09-07T05:00:00.000Z,210.837,210.892,208.639,209.073,31633
2026-09-07T09:00:00.000Z,209.077,209.493,208.798,209.131,25590
2026-09-07T13:00:00.000Z,209.122,209.316,208.872,209.003,21757
2026-09-07T17:00:00.000Z,209,209.062,208.962,209.008,6412
2026-09-07T21:00:00.000Z,208.856,209.041,207.949,208.262,18001
2026-09-08T01:00:00.000Z,208.264,208.279,207.084,207.784,26626
2026-09-08T05:00:00.000Z,207.787,208.669,207.551,208.518,35939
2026-09-08T09:00:00.000Z,208.519,209.025,208.096,208.459,33374
2026-09-08T13:00:00.000Z,208.456,208.993,208.322,208.825,35637
2026-09-08T17:00:00.000Z,208.816,209.034,207.832,208.501,23555
2026-09-08T21:00:00.000Z,208.298,208.464,207.6,208.052,16913
2026-09-09T01:00:00.000Z,208.052,208.333,207.69,207.936,23871
2026-09-09T05:00:00.000Z,207.939,208.148,207.383,208.078,32980
2026-09-09T09:00:00.000Z,208.069,208.083,207.731,207.777,29040
2026-09-09T13:00:00.000Z,207.773,208.243,207.633,208.111,41490
2026-09-09T17:00:00.000Z,208.113,208.217,207.982,208.018,20583
2026-09-09T21:00:00.000Z,207.964,208.23,207.752,208.195,14471
2026-09-10T01:00:00.000Z,208.197,208.279,207.818,207.953,17702