time,open,high,low,close,volume
2023-09-10T21:00:00.000Z,2.11548,2.11939,2.11404,2.11585,7853
2023-09-11T01:00:00.000Z,2.11586,2.11667,2.11008,2.11091,13769
2023-09-11T05:00:00.000Z,2.11091,2.11543,2.11009,2.11363,17304
2023-09-11T09:00:00.000Z,2.1136,2.11726,2.11258,2.11516,15042
2023-09-11T13:00:00.000Z,2.11518,2.11702,2.11322,2.11469,22515
2023-09-11T17:00:00.000Z,2.11469,2.11479,2.1126,2.1129,16173
2023-09-11T21:00:00.000Z,2.1138,2.11642,2.11092,2.11636,7300
2023-09-12T01:00:00.000Z,2.11638,2.11672,2.11329,2.11666,14881
2023-09-12T05:00:00.000Z,2.11665,2.12138,2.10884,2.1111,20807
2023-09-12T09:00:00.000Z,2.1111,2.11519,2.11013,2.11422,20172
2023-09-12T13:00:00.000Z,2.11421,2.11628,2.11229,2.11501,21896
2023-09-12T17:00:00.000Z,2.11501,2.11729,2.11327,2.11594,14862
2023-09-12T21:00:00.000Z,2.1147,2.11724,2.11278,2.1144,7397
2023-09-13T01:00:00.000Z,2.11438,2.12016,2.11396,2.11847,15407
2023-09-13T05:00:00.000Z,2.11853,2.11856,2.10971,2.11186,25181
2023-09-13T09:00:00.000Z,2.11183,2.11623,2.11099,2.11275,29254
2023-09-13T13:00:00.000Z,2.11279,2.1142,2.10947,2.1104,29660
2023-09-13T17:00:00.000Z,2.11039,2.11409,2.11019,2.11029,18340
2023-09-13T21:00:00.000Z,2.10947,2.11111,2.10517,2.10611,7604
2023-09-14T01:00:00.000Z,2.10608,2.10966,2.10238,2.10829,15379
2023-09-14T05:00:00.000Z,2.10829,2.11,2.10411,2.10788,18579
2023-09-14T09:00:00.000Z,2.10788,2.10895,2.10057,2.10175,33606
2023-09-14T13:00:00.000Z,2.10182,2.1025,2.09487,2.09595,37094
2023-09-14T17:00:00.000Z,2.09599,2.10095,2.09591,2.09883,18208
2023-09-14T21:00:00.000Z,2.09857,2.10095,2.09659,2.0991,7052
2023-09-15T01:00:00.000Z,2.09911,2.09959,2.09366,2.09393,13269
2023-09-15T05:00:00.000Z,2.09391,2.10358,2.09335,2.1035,22437
2023-09-15T09:00:00.000Z,2.10352,2.10395,2.09629,2.09957,24090
2023-09-15T13:00:00.000Z,2.09955,2.10332,2.09729,2.10005,31808
2023-09-15T17:00:00.000Z,2.10005,2.10121,2.09804,2.09919,18175
2023-09-17T21:00:00.000Z,2.09661,2.10083,2.09509,2.0964,4459
2023-09-18T01:00:00.000Z,2.09636,2.0988,2.09466,2.09578,9126
2023-09-18T05:00:00.000Z,2.09578,2.09762,2.09439,2.09545,15398
2023-09-18T09:00:00.000Z,2.09548,2.10029,2.09544,2.09835,15846
2023-09-18T13:00:00.000Z,2.09832,2.09959,2.09453,2.09519,25553
2023-09-18T17:00:00.000Z,2.09529,2.09529,2.09245,2.09299,13940
2023-09-18T21:00:00.000Z,2.09395,2.09403,2.0899,2.09237,6854
2023-09-19T01:00:00.000Z,2.09239,2.09336,2.08999,2.09022,8996
2023-09-19T05:00:00.000Z,2.0903,2.09319,2.08423,2.08549,21391
2023-09-19T09:00:00.000Z,2.08547,2.08983,2.08505,2.08759,20380
2023-09-19T13:00:00.000Z,2.08751,2.09049,2.08655,2.08969,26731
2023-09-19T17:00:00.000Z,2.08969,2.09039,2.08797,2.0883,12620
2023-09-19T21:00:00.000Z,2.08657,2.08801,2.08135,2.0854,7340
2023-09-20T01:00:00.000Z,2.0854,2.08739,2.08384,2.0865,11497
2023-09-20T05:00:00.000Z,2.08652,2.08704,2.07725,2.08102,23752
2023-09-20T09:00:00.000Z,2.08101,2.08214,2.07167,2.07588,17934
2023-09-20T13:00:00.000Z,2.07586,2.07773,2.07269,2.07499,24650
2023-09-20T17:00:00.000Z,2.07489,2.08289,2.0728,2.08191,35638
2023-09-20T21:00:00.000Z,2.08139,2.08376,2.07203,2.08274,10691
2023-09-21T01:00:00.000Z,2.08276,2.08666,2.08062,2.08639,12002
2023-09-21T05:00:00.000Z,2.08638,2.08715,2.07799,2.08073,21803
2023-09-21T09:00:00.000Z,2.08073,2.08134,2.06736,2.07579,31356
2023-09-21T13:00:00.000Z,2.07582,2.07659,2.07125,2.07339,31708
2023-09-21T17:00:00.000Z,2.07335,2.07362,2.07051,2.07269,13286
2023-09-21T21:00:00.000Z,2.0715,2.07433,2.06961,2.07304,6787
2023-09-22T01:00:00.000Z,2.07304,2.07395,2.06824,2.06904,15177
2023-09-22T05:00:00.000Z,2.06899,2.06966,2.0553,2.05754,29428
2023-09-22T09:00:00.000Z,2.05755,2.05799,2.04893,2.0494,20334
2023-09-22T13:00:00.000Z,2.0494,2.05401,2.04853,2.05149,29876
2023-09-22T17:00:00.000Z,2.05151,2.05379,2.05134,2.0526,13755
2023-09-24T21:00:00.000Z,2.05343,2.05593,2.05147,2.05476,14444
2023-09-25T01:00:00.000Z,2.05473,2.05828,2.0535,2.05728,7504
2023-09-25T05:00:00.000Z,2.05732,2.05871,2.0535,2.05419,17648
2023-09-25T09:00:00.000Z,2.05418,2.05469,2.04725,2.0477,20360
2023-09-25T13:00:00.000Z,2.04769,2.04932,2.04435,2.04752,28744
2023-09-25T17:00:00.000Z,2.04752,2.04879,2.04596,2.04639,12372
2023-09-25T21:00:00.000Z,2.04627,2.04738,2.04508,2.04612,7573
2023-09-26T01:00:00.000Z,2.04613,2.04667,2.04324,2.04652,11874
2023-09-26T05:00:00.000Z,2.04657,2.05007,2.04321,2.04439,23061
2023-09-26T09:00:00.000Z,2.04439,2.04599,2.0421,2.04239,21770
2023-09-26T13:00:00.000Z,2.04239,2.04559,2.04007,2.04399,29977
2023-09-26T17:00:00.000Z,2.04394,2.04602,2.04307,2.04453,15585
2023-09-26T21:00:00.000Z,2.04407,2.04536,2.04049,2.04256,6313
2023-09-27T01:00:00.000Z,2.04257,2.04973,2.03995,2.04863,16219
2023-09-27T05:00:00.000Z,2.04872,2.0502,2.04447,2.0447,18013
2023-09-27T09:00:00.000Z,2.04465,2.05055,2.04436,2.04763,22602
2023-09-27T13:00:00.000Z,2.04763,2.0497,2.04207,2.04869,33973
2023-09-27T17:00:00.000Z,2.04869,2.0529,2.04821,2.04862,23548
2023-09-27T21:00:00.000Z,2.04362,2.0517,2.04362,2.04798,8110
2023-09-28T01:00:00.000Z,2.04789,2.04829,2.04138,2.04374,12831
2023-09-28T05:00:00.000Z,2.04374,2.04901,2.04079,2.04759,21480
2023-09-28T09:00:00.000Z,2.04749,2.05219,2.04511,2.05076,26021
2023-09-28T13:00:00.000Z,2.05082,2.0516,2.0445,2.04522,37450
2023-09-28T17:00:00.000Z,2.04522,2.04759,2.04399,2.04674,19076
2023-09-28T21:00:00.000Z,2.04347,2.04699,2.04309,2.04502,7923
2023-09-29T01:00:00.000Z,2.04495,2.04545,2.03509,2.03574,15094
2023-09-29T05:00:00.000Z,2.03579,2.03714,2.02739,2.02929,23085
2023-09-29T09:00:00.000Z,2.02923,2.03392,2.02745,2.03131,25215
2023-09-29T13:00:00.000Z,2.03126,2.0334,2.02741,2.03279,39323
2023-09-29T17:00:00.000Z,2.03277,2.03629,2.0326,2.03391,22394
2023-10-01T21:00:00.000Z,2.03317,2.0351,2.03145,2.03415,6185
2023-10-02T01:00:00.000Z,2.03417,2.03542,2.03335,2.03504,8297
2023-10-02T05:00:00.000Z,2.03504,2.0379,2.03279,2.0375,19885
2023-10-02T09:00:00.000Z,2.03749,2.03829,2.03404,2.03649,21769
2023-10-02T13:00:00.000Z,2.03651,2.03802,2.03441,2.03629,36250
2023-10-02T17:00:00.000Z,2.03627,2.03799,2.03207,2.03229,19223
2023-10-02T21:00:00.000Z,2.03177,2.03579,2.0286,2.03519,8385
2023-10-03T01:00:00.000Z,2.0352,2.04227,2.03514,2.04124,14426
2023-10-03T05:00:00.000Z,2.04126,2.04671,2.0407,2.04439,23534
2023-10-03T09:00:00.000Z,2.04435,2.04905,2.04419,2.04709,27174
2023-10-03T13:00:00.000Z,2.04709,2.04929,2.04377,2.04639,46307
2023-10-03T17:00:00.000Z,2.04639,2.04899,2.04344,2.04387,17260
2023-10-03T21:00:00.000Z,2.04267,2.04566,2.03954,2.03954,7676
2023-10-04T01:00:00.000Z,2.03954,2.05494,2.03942,2.04693,18734
2023-10-04T05:00:00.000Z,2.04692,2.05303,2.04595,2.05272,24396
2023-10-04T09:00:00.000Z,2.05272,2.05707,2.05229,2.05652,29515
2023-10-04T13:00:00.000Z,2.05656,2.05831,2.05172,2.05354,40438
2023-10-04T17:00:00.000Z,2.05356,2.05508,2.05213,2.05259,19693
2023-10-04T21:00:00.000Z,2.04962,2.05342,2.04794,2.04796,7097
2023-10-05T01:00:00.000Z,2.04793,2.04972,2.04314,2.0433,14034
2023-10-05T05:00:00.000Z,2.04335,2.04869,2.04274,2.0465,20434
2023-10-05T09:00:00.000Z,2.04653,2.04752,2.04139,2.04219,26991
2023-10-05T13:00:00.000Z,2.04209,2.04712,2.0406,2.0442,42849
2023-10-05T17:00:00.000Z,2.04421,2.04469,2.04266,2.04372,18019
2023-10-05T21:00:00.000Z,2.04266,2.04425,2.0407,2.04174,6417
2023-10-06T01:00:00.000Z,2.04178,2.04399,2.04034,2.04369,12082
2023-10-06T05:00:00.000Z,2.04371,2.0469,2.04287,2.04569,19179
2023-10-06T09:00:00.000Z,2.04569,2.04861,2.04244,2.04292,27402
2023-10-06T13:00:00.000Z,2.04292,2.04759,2.04171,2.04473,50400
2023-10-06T17:00:00.000Z,2.04472,2.04492,2.04051,2.04249,13160
2023-10-08T21:00:00.000Z,2.0439,2.04751,2.04107,2.04203,12772
2023-10-09T01:00:00.000Z,2.04196,2.04429,2.03981,2.04388,13403
2023-10-09T05:00:00.000Z,2.04386,2.04524,2.0366,2.03854,30229
2023-10-09T09:00:00.000Z,2.03854,2.03987,2.03495,2.03581,25405
2023-10-09T13:00:00.000Z,2.03581,2.03745,2.03233,2.03253,34097
2023-10-09T17:00:00.000Z,2.03249,2.03379,2.02999,2.0318,16373
2023-10-09T21:00:00.000Z,2.0327,2.0333,2.02929,2.03127,12081
2023-10-10T01:00:00.000Z,2.0313,2.03305,2.02804,2.03214,19575
2023-10-10T05:00:00.000Z,2.03214,2.03851,2.03109,2.03789,37032
2023-10-10T09:00:00.000Z,2.03791,2.04061,2.0361,2.03759,41552
2023-10-10T13:00:00.000Z,2.03759,2.03864,2.03121,2.03439,44064
2023-10-10T17:00:00.000Z,2.0344,2.03555,2.03116,2.03226,20037
2023-10-10T21:00:00.000Z,2.02947,2.03449,2.02947,2.03339,8815
2023-10-11T01:00:00.000Z,2.03339,2.04068,2.03306,2.04005,14622
2023-10-11T05:00:00.000Z,2.04008,2.04097,2.03628,2.03895,32083
2023-10-11T09:00:00.000Z,2.03899,2.04494,2.03789,2.04313,36022
2023-10-11T13:00:00.000Z,2.04313,2.04609,2.04157,2.04261,50857
2023-10-11T17:00:00.000Z,2.04259,2.04559,2.03802,2.04513,24752
2023-10-11T21:00:00.000Z,2.04354,2.04698,2.04354,2.04558,8896
2023-10-12T01:00:00.000Z,2.04559,2.04969,2.04432,2.04738,14289
2023-10-12T05:00:00.000Z,2.04728,2.05126,2.04728,2.04829,26654
2023-10-12T09:00:00.000Z,2.04829,2.05358,2.04807,2.05039,33168
2023-10-12T13:00:00.000Z,2.05039,2.05752,2.05032,2.05559,51212
2023-10-12T17:00:00.000Z,2.05545,2.0561,2.05032,2.05427,29123
2023-10-12T21:00:00.000Z,2.05074,2.05772,2.05065,2.05609,9477
2023-10-13T01:00:00.000Z,2.05609,2.06348,2.05576,2.06319,17781
2023-10-13T05:00:00.000Z,2.06319,2.06592,2.05993,2.06479,28705
2023-10-13T09:00:00.000Z,2.06485,2.06609,2.05799,2.05919,37435
2023-10-13T13:00:00.000Z,2.05917,2.06142,2.05819,2.05981,27259
2023-10-13T17:00:00.000Z,2.05982,2.06249,2.05777,2.06219,11805
2023-10-15T21:00:00.000Z,2.04931,2.05948,2.04931,2.05708,8229
2023-10-16T01:00:00.000Z,2.05705,2.05713,2.05049,2.05275,9528
2023-10-16T05:00:00.000Z,2.05275,2.05674,2.05153,2.05419,17493
2023-10-16T09:00:00.000Z,2.05419,2.05682,2.05159,2.05514,20015
2023-10-16T13:00:00.000Z,2.05511,2.06057,2.05469,2.05931,23875
2023-10-16T17:00:00.000Z,2.05929,2.062,2.05876,2.06089,13268
2023-10-16T21:00:00.000Z,2.05907,2.07066,2.05867,2.06671,9587
2023-10-17T01:00:00.000Z,2.06673,2.06802,2.0637,2.06644,11616
2023-10-17T05:00:00.000Z,2.06643,2.06773,2.06259,2.06579,18184
2023-10-17T09:00:00.000Z,2.06589,2.06818,2.0634,2.06579,23445
2023-10-17T13:00:00.000Z,2.06574,2.06732,2.06402,2.06609,33523
2023-10-17T17:00:00.000Z,2.06609,2.0672,2.06497,2.06599,16438
2023-10-17T21:00:00.000Z,2.06551,2.06796,2.06501,2.06634,7946
2023-10-18T01:00:00.000Z,2.06634,2.06716,2.06018,2.06239,18734
2023-10-18T05:00:00.000Z,2.06239,2.06759,2.0594,2.06689,23708
2023-10-18T09:00:00.000Z,2.0668,2.07195,2.06583,2.06959,24629
2023-10-18T13:00:00.000Z,2.06949,2.07487,2.06803,2.07473,34261
2023-10-18T17:00:00.000Z,2.07473,2.07495,2.07134,2.07309,25860
2023-10-18T21:00:00.000Z,2.07317,2.07751,2.07072,2.07628,9587
2023-10-19T01:00:00.000Z,2.07631,2.08156,2.07478,2.08106,15389
2023-10-19T05:00:00.000Z,2.08108,2.08469,2.07899,2.08009,21598
2023-10-19T09:00:00.000Z,2.08009,2.08238,2.07807,2.08126,24033
2023-10-19T13:00:00.000Z,2.08131,2.08281,2.07649,2.07791,40689
2023-10-19T17:00:00.000Z,2.07786,2.07882,2.07439,2.07581,28413
2023-10-19T21:00:00.000Z,2.07581,2.08029,2.07474,2.07915,7762
2023-10-20T01:00:00.000Z,2.07918,2.08289,2.07903,2.0811,15654
2023-10-20T05:00:00.000Z,2.0811,2.08143,2.0764,2.07844,21964
2023-10-20T09:00:00.000Z,2.07843,2.08511,2.07739,2.08459,18949
2023-10-20T13:00:00.000Z,2.08461,2.08679,2.08172,2.08448,31366
2023-10-20T17:00:00.000Z,2.08445,2.08869,2.08439,2.08711,20389
2023-10-22T21:00:00.000Z,2.08575,2.08874,2.0829,2.08864,6159
2023-10-23T01:00:00.000Z,2.08867,2.08928,2.0855,2.08678,8649
2023-10-23T05:00:00.000Z,2.08675,2.09209,2.08419,2.09109,17176
2023-10-23T09:00:00.000Z,2.09108,2.09195,2.08859,2.09006,21376
2023-10-23T13:00:00.000Z,2.09007,2.09432,2.08777,2.09062,28796
2023-10-23T17:00:00.000Z,2.09062,2.09514,2.08998,2.09489,17085
2023-10-23T21:00:00.000Z,2.09283,2.09565,2.09182,2.09347,8349
2023-10-24T01:00:00.000Z,2.09339,2.09531,2.09194,2.09412,14890
2023-10-24T05:00:00.000Z,2.09412,2.09636,2.08903,2.0933,19586
2023-10-24T09:00:00.000Z,2.0934,2.09359,2.08607,2.0864,21462
2023-10-24T13:00:00.000Z,2.0863,2.08872,2.08272,2.08409,28133
2023-10-24T17:00:00.000Z,2.08409,2.08429,2.08029,2.08029,12324
2023-10-24T21:00:00.000Z,2.08067,2.08187,2.07575,2.07609,10930
2023-10-25T01:00:00.000Z,2.07611,2.08099,2.07344,2.07954,10460
2023-10-25T05:00:00.000Z,2.0795,2.08175,2.07648,2.07826,17859
2023-10-25T09:00:00.000Z,2.07833,2.08485,2.07729,2.08449,18770
2023-10-25T13:00:00.000Z,2.08444,2.08792,2.08307,2.08524,28975
2023-10-25T17:00:00.000Z,2.08528,2.08759,2.08505,2.08669,17204
2023-10-25T21:00:00.000Z,2.08498,2.09152,2.08494,2.09075,9645
2023-10-26T01:00:00.000Z,2.09076,2.09244,2.08872,2.08974,12845
2023-10-26T05:00:00.000Z,2.0897,2.0897,2.08073,2.08096,20763
2023-10-26T09:00:00.000Z,2.08099,2.08617,2.0804,2.08395,21793
2023-10-26T13:00:00.000Z,2.08405,2.08507,2.08075,2.08346,32907
2023-10-26T17:00:00.000Z,2.08349,2.08486,2.08161,2.08359,21259
2023-10-26T21:00:00.000Z,2.08209,2.08456,2.08111,2.08218,7955
2023-10-27T01:00:00.000Z,2.08218,2.08464,2.08084,2.0842,15119
2023-10-27T05:00:00.000Z,2.08423,2.08579,2.07912,2.08153,18104
2023-10-27T09:00:00.000Z,2.08154,2.08343,2.07912,2.08089,19768
2023-10-27T13:00:00.000Z,2.08099,2.08668,2.0796,2.08579,33175
2023-10-27T17:00:00.000Z,2.08579,2.08699,2.08389,2.08649,20990
2023-10-29T21:00:00.000Z,2.08423,2.08684,2.08153,2.08192,6873
2023-10-30T01:00:00.000Z,2.08193,2.08204,2.07859,2.07865,10698
2023-10-30T05:00:00.000Z,2.07869,2.08044,2.07484,2.07857,14652
2023-10-30T09:00:00.000Z,2.07853,2.08179,2.07776,2.08126,19627
2023-10-30T13:00:00.000Z,2.08131,2.08357,2.07909,2.08333,28921
2023-10-30T17:00:00.000Z,2.08336,2.08447,2.08172,2.08209,15996
2023-10-30T21:00:00.000Z,2.08092,2.08433,2.08007,2.08284,9024
2023-10-31T01:00:00.000Z,2.08288,2.0847,2.07949,2.08382,16827
2023-10-31T05:00:00.000Z,2.08383,2.08424,2.07893,2.07984,15773
2023-10-31T09:00:00.000Z,2.07984,2.0854,2.07844,2.08513,21711
2023-10-31T13:00:00.000Z,2.08511,2.08893,2.08426,2.08812,34501
2023-10-31T17:00:00.000Z,2.08812,2.08857,2.08469,2.08519,18122
2023-10-31T21:00:00.000Z,2.08576,2.09741,2.07919,2.09292,9505
2023-11-01T01:00:00.000Z,2.09291,2.09647,2.09009,2.09043,12978
2023-11-01T05:00:00.000Z,2.09043,2.09107,2.08678,2.08729,16101
2023-11-01T09:00:00.000Z,2.08739,2.08739,2.07845,2.07895,23591
2023-11-01T13:00:00.000Z,2.07895,2.08123,2.07412,2.08055,34216
2023-11-01T17:00:00.000Z,2.08051,2.08109,2.07173,2.07829,29218
2023-11-01T21:00:00.000Z,2.07432,2.07859,2.06931,2.06937,11749
2023-11-02T01:00:00.000Z,2.06936,2.0706,2.06776,2.07014,14988
2023-11-02T05:00:00.000Z,2.07015,2.07219,2.0659,2.06599,18899
2023-11-02T09:00:00.000Z,2.06597,2.07141,2.06234,2.06469,24935
2023-11-02T13:00:00.000Z,2.06466,2.07088,2.06445,2.07086,32441
2023-11-02T17:00:00.000Z,2.07085,2.07127,2.06869,2.06869,16716
2023-11-02T21:00:00.000Z,2.06847,2.07082,2.06665,2.07009,9169
2023-11-03T01:00:00.000Z,2.07006,2.07061,2.06785,2.06796,9269
2023-11-03T05:00:00.000Z,2.06794,2.06841,2.06282,2.06351,12100
2023-11-03T09:00:00.000Z,2.06351,2.06561,2.05649,2.06161,23847
2023-11-03T13:00:00.000Z,2.06164,2.06684,2.05893,2.06509,39316
2023-11-03T17:00:00.000Z,2.06519,2.06862,2.06419,2.06509,16495
2023-11-05T22:00:00.000Z,2.06408,2.06677,2.06237,2.06541,9322
2023-11-06T02:00:00.000Z,2.06543,2.06686,2.0637,2.06386,9635
2023-11-06T06:00:00.000Z,2.06388,2.07201,2.06345,2.07124,17316
2023-11-06T10:00:00.000Z,2.07128,2.07825,2.07103,2.07381,19984
2023-11-06T14:00:00.000Z,2.07389,2.07606,2.06942,2.07011,24427
2023-11-06T18:00:00.000Z,2.07011,2.07122,2.06837,2.06949,16422
2023-11-06T22:00:00.000Z,2.06807,2.07405,2.06786,2.07311,9264
2023-11-07T02:00:00.000Z,2.07313,2.079,2.06757,2.07859,13239
2023-11-07T06:00:00.000Z,2.07864,2.08174,2.07789,2.07879,16296
2023-11-07T10:00:00.000Z,2.07879,2.07948,2.07514,2.07757,18617
2023-11-07T14:00:00.000Z,2.07753,2.07862,2.07146,2.07202,25471
2023-11-07T18:00:00.000Z,2.07229,2.0728,2.07034,2.07229,16681
2023-11-07T22:00:00.000Z,2.07208,2.07299,2.07036,2.07202,11665
2023-11-08T02:00:00.000Z,2.07205,2.07282,2.06693,2.06928,13391
2023-11-08T06:00:00.000Z,2.06924,2.07044,2.06516,2.06821,18353
2023-11-08T10:00:00.000Z,2.06828,2.07121,2.06658,2.06977,20155
2023-11-08T14:00:00.000Z,2.06974,2.07617,2.06898,2.0759,26873
2023-11-08T18:00:00.000Z,2.07589,2.07934,2.07565,2.07789,22324
2023-11-08T22:00:00.000Z,2.07647,2.07925,2.07482,2.07549,9009
2023-11-09T02:00:00.000Z,2.07556,2.07613,2.07164,2.0724,11244
2023-11-09T06:00:00.000Z,2.07239,2.07529,2.06924,2.07339,21258
2023-11-09T10:00:00.000Z,2.07337,2.0735,2.06618,2.06735,18817
2023-11-09T14:00:00.000Z,2.06735,2.06735,2.06345,2.06509,25203
2023-11-09T18:00:00.000Z,2.06509,2.07388,2.06487,2.07341,26041
2023-11-09T22:00:00.000Z,2.07198,2.07539,2.07169,2.07307,11968
2023-11-10T02:00:00.000Z,2.07307,2.07524,2.07285,2.07426,7035
2023-11-10T06:00:00.000Z,2.0743,2.07563,2.0711,2.07369,19946
2023-11-10T10:00:00.000Z,2.07373,2.07532,2.07162,2.07199,21698
2023-11-10T14:00:00.000Z,2.07199,2.07549,2.07111,2.07469,23512
2023-11-10T18:00:00.000Z,2.07471,2.07607,2.07409,2.07498,10070
2023-11-12T22:00:00.000Z,2.07311,2.07689,2.07059,2.07674,7612
2023-11-13T02:00:00.000Z,2.07671,2.07739,2.07443,2.07498,5389
2023-11-13T06:00:00.000Z,2.07487,2.08066,2.07487,2.08024,14288
2023-11-13T10:00:00.000Z,2.08026,2.08414,2.07921,2.08365,14314
2023-11-13T14:00:00.000Z,2.08365,2.08475,2.08151,2.08404,20927
2023-11-13T18:00:00.000Z,2.08399,2.08949,2.08279,2.08939,8547
2023-11-13T22:00:00.000Z,2.0851,2.0896,2.08367,2.0881,8474
2023-11-14T02:00:00.000Z,2.0881,2.09167,2.08714,2.09132,6941
2023-11-14T06:00:00.000Z,2.09133,2.09491,2.08966,2.09269,14429
2023-11-14T10:00:00.000Z,2.09267,2.09649,2.08357,2.08739,18611
2023-11-14T14:00:00.000Z,2.08742,2.08893,2.08313,2.0853,32704
2023-11-14T18:00:00.000Z,2.08534,2.08609,2.07869,2.08009,12255
2023-11-14T22:00:00.000Z,2.07992,2.08137,2.07764,2.0784,10685
2023-11-15T02:00:00.000Z,2.0782,2.07846,2.07272,2.07299,10180
2023-11-15T06:00:00.000Z,2.07295,2.07353,2.06298,2.06438,19633
2023-11-15T10:00:00.000Z,2.06437,2.06661,2.06016,2.06491,22903
2023-11-15T14:00:00.000Z,2.06489,2.06704,2.05882,2.06029,28178
2023-11-15T18:00:00.000Z,2.06014,2.06225,2.05971,2.06124,11033
2023-11-15T22:00:00.000Z,2.06047,2.07416,2.05957,2.07072,11307
2023-11-16T02:00:00.000Z,2.07069,2.07578,2.07037,2.07133,9828
2023-11-16T06:00:00.000Z,2.07133,2.07195,2.06549,2.06723,16909
2023-11-16T10:00:00.000Z,2.06715,2.07389,2.06669,2.06931,19171
2023-11-16T14:00:00.000Z,2.06936,2.07869,2.06903,2.0757,29645
2023-11-16T18:00:00.000Z,2.07576,2.0805,2.07361,2.07884,12290
2023-11-16T22:00:00.000Z,2.07509,2.08461,2.07507,2.08406,9327
2023-11-17T02:00:00.000Z,2.08402,2.08552,2.08143,2.08271,6815
2023-11-17T06:00:00.000Z,2.08276,2.08488,2.0733,2.0779,17901
2023-11-17T10:00:00.000Z,2.07791,2.07939,2.0729,2.07922,21506
2023-11-17T14:00:00.000Z,2.07927,2.08219,2.07744,2.08009,29292
2023-11-17T18:00:00.000Z,2.0801,2.08119,2.07877,2.07949,13082
2023-11-19T22:00:00.000Z,2.07734,2.07942,2.07278,2.07457,10280
2023-11-20T02:00:00.000Z,2.07453,2.07529,2.06942,2.07084,12194
2023-11-20T06:00:00.000Z,2.07076,2.07199,2.06719,2.07073,18934
2023-11-20T10:00:00.000Z,2.07073,2.07199,2.06743,2.07179,16588
2023-11-20T14:00:00.000Z,2.07181,2.07848,2.07069,2.07519,21854
2023-11-20T18:00:00.000Z,2.07509,2.07529,2.07059,2.07151,14539
2023-11-20T22:00:00.000Z,2.07225,2.07225,2.06692,2.06702,12876
2023-11-21T02:00:00.000Z,2.06697,2.06931,2.06372,2.06689,11594
2023-11-21T06:00:00.000Z,2.06677,2.06886,2.05929,2.06735,19430
2023-11-21T10:00:00.000Z,2.06735,2.0683,2.06221,2.06746,18824
2023-11-21T14:00:00.000Z,2.06749,2.07251,2.06231,2.07249,26687
2023-11-21T18:00:00.000Z,2.07259,2.0737,2.07119,2.07239,18514
2023-11-21T22:00:00.000Z,2.07017,2.07302,2.06919,2.07237,10280
2023-11-22T02:00:00.000Z,2.07236,2.0762,2.07115,2.07598,10893
2023-11-22T06:00:00.000Z,2.07598,2.08009,2.07553,2.07824,19334
2023-11-22T10:00:00.000Z,2.07825,2.07856,2.07389,2.07709,23431
2023-11-22T14:00:00.000Z,2.07709,2.0774,2.07209,2.07359,31176
2023-11-22T18:00:00.000Z,2.07359,2.07553,2.0729,2.07497,17257
2023-11-22T22:00:00.000Z,2.0709,2.07528,2.06813,2.06853,9972
2023-11-23T02:00:00.000Z,2.0686,2.06861,2.06467,2.06489,9503
2023-11-23T06:00:00.000Z,2.06492,2.07639,2.06294,2.0762,16067
2023-11-23T10:00:00.000Z,2.07619,2.07685,2.07381,2.07414,13317
2023-11-23T14:00:00.000Z,2.0741,2.07543,2.07195,2.07253,10735
2023-11-23T18:00:00.000Z,2.0726,2.07378,2.07085,2.0722,3146
2023-11-23T22:00:00.000Z,2.0704,2.07249,2.06947,2.07003,7147
2023-11-24T02:00:00.000Z,2.07003,2.07196,2.06924,2.07046,7833
2023-11-24T06:00:00.000Z,2.07042,2.07302,2.06829,2.07264,12035
2023-11-24T10:00:00.000Z,2.07264,2.07356,2.06927,2.07238,16190
2023-11-24T14:00:00.000Z,2.07239,2.07374,2.07071,2.07249,17276
2023-11-24T18:00:00.000Z,2.07249,2.07389,2.06827,2.06974,18196
2023-11-26T22:00:00.000Z,2.0703,2.07365,2.06888,2.07046,7602
2023-11-27T02:00:00.000Z,2.07047,2.07888,2.07022,2.07839,10296
2023-11-27T06:00:00.000Z,2.07839,2.07914,2.07026,2.07437,16775
2023-11-27T10:00:00.000Z,2.0744,2.07496,2.06959,2.07226,20787
2023-11-27T14:00:00.000Z,2.07226,2.07498,2.06909,2.07089,21994
2023-11-27T18:00:00.000Z,2.07057,2.07163,2.06818,2.071,13654
2023-11-27T22:00:00.000Z,2.06966,2.07237,2.06847,2.06877,11396
2023-11-28T02:00:00.000Z,2.06876,2.07111,2.06727,2.07049,10768
2023-11-28T06:00:00.000Z,2.07045,2.07554,2.06891,2.07255,14263
2023-11-28T10:00:00.000Z,2.07259,2.07441,2.0686,2.07139,16617
2023-11-28T14:00:00.000Z,2.07136,2.07217,2.06561,2.07016,34929
2023-11-28T18:00:00.000Z,2.06954,2.07141,2.06839,2.06899,18865
2023-11-28T22:00:00.000Z,2.06797,2.07124,2.05027,2.05365,16779
2023-11-29T02:00:00.000Z,2.05366,2.05574,2.0496,2.05291,13503
2023-11-29T06:00:00.000Z,2.05289,2.06265,2.05276,2.06079,24079
2023-11-29T10:00:00.000Z,2.06079,2.06423,2.05996,2.06369,21896
2023-11-29T14:00:00.000Z,2.06359,2.06437,2.05822,2.0632,29412
2023-11-29T18:00:00.000Z,2.06319,2.06481,2.06189,2.06189,17450
2023-11-29T22:00:00.000Z,2.05801,2.06274,2.05686,2.05801,10750
2023-11-30T02:00:00.000Z,2.05809,2.05894,2.05465,2.05864,11274
2023-11-30T06:00:00.000Z,2.05868,2.05961,2.05409,2.05526,20113
2023-11-30T10:00:00.000Z,2.05525,2.05859,2.05366,2.05489,23288
2023-11-30T14:00:00.000Z,2.05489,2.05931,2.04739,2.05069,39911
2023-11-30T18:00:00.000Z,2.05069,2.05164,2.04869,2.05089,15821
2023-11-30T22:00:00.000Z,2.05025,2.05222,2.04318,2.04389,11481
2023-12-01T02:00:00.000Z,2.04393,2.0517,2.04373,2.05074,11149
2023-12-01T06:00:00.000Z,2.0507,2.05494,2.04834,2.04923,15876
2023-12-01T10:00:00.000Z,2.04919,2.05102,2.04832,2.05036,17739
2023-12-01T14:00:00.000Z,2.05037,2.05115,2.04411,2.04739,36479
2023-12-01T18:00:00.000Z,2.04746,2.05079,2.04638,2.0464,16967
2023-12-03T22:00:00.000Z,2.04929,2.04956,2.039,2.04399,15429
2023-12-04T02:00:00.000Z,2.04391,2.04682,2.04203,2.04652,8014
2023-12-04T06:00:00.000Z,2.04649,2.05172,2.04591,2.04741,20797
2023-12-04T10:00:00.000Z,2.04743,2.04806,2.04425,2.04541,22630
2023-12-04T14:00:00.000Z,2.04539,2.04811,2.04309,2.04623,31108
2023-12-04T18:00:00.000Z,2.04619,2.0495,2.04582,2.04909,16337
2023-12-04T22:00:00.000Z,2.04586,2.05144,2.04586,2.04982,11398
2023-12-05T02:00:00.000Z,2.04985,2.05711,2.04917,2.05372,13325
2023-12-05T06:00:00.000Z,2.05373,2.05477,2.04874,2.05389,21619
2023-12-05T10:00:00.000Z,2.05398,2.05887,2.05374,2.05866,14813
2023-12-05T14:00:00.000Z,2.05864,2.05921,2.05075,2.05214,25490
2023-12-05T18:00:00.000Z,2.05216,2.05562,2.05118,2.05479,7034
2023-12-05T22:00:00.000Z,2.05419,2.05473,2.04441,2.0445,8565
2023-12-06T02:00:00.000Z,2.0445,2.04581,2.04345,2.04477,6906
2023-12-06T06:00:00.000Z,2.04477,2.05037,2.04099,2.04973,11473
2023-12-06T10:00:00.000Z,2.04971,2.05081,2.04309,2.04325,14851
2023-12-06T14:00:00.000Z,2.04325,2.04579,2.04094,2.04469,20345
2023-12-06T18:00:00.000Z,2.04469,2.04669,2.04189,2.04619,7938
2023-12-06T22:00:00.000Z,2.04547,2.04784,2.03878,2.04706,7647
2023-12-07T02:00:00.000Z,2.04706,2.05259,2.04585,2.04979,13253
2023-12-07T06:00:00.000Z,2.04979,2.05139,2.04589,2.0463,16252
2023-12-07T10:00:00.000Z,2.0463,2.04922,2.04349,2.04408,16521
2023-12-07T14:00:00.000Z,2.04403,2.046,2.03596,2.03829,21098
2023-12-07T18:00:00.000Z,2.03821,2.04069,2.03801,2.04059,8789
2023-12-07T22:00:00.000Z,2.03937,2.04437,2.0348,2.04122,10790
2023-12-08T02:00:00.000Z,2.04122,2.04439,2.03904,2.04274,12021
2023-12-08T06:00:00.000Z,2.04274,2.0443,2.04073,2.04287,13754
2023-12-08T10:00:00.000Z,2.04283,2.04771,2.04227,2.0465,15828
2023-12-08T14:00:00.000Z,2.04653,2.0503,2.04224,2.04862,23903
2023-12-08T18:00:00.000Z,2.04869,2.05029,2.048,2.05009,10117
2023-12-10T22:00:00.000Z,2.04662,2.05307,2.04263,2.05243,8566
2023-12-11T02:00:00.000Z,2.05243,2.05297,2.04947,2.05125,5247
2023-12-11T06:00:00.000Z,2.05125,2.05522,2.05003,2.05412,11306
2023-12-11T10:00:00.000Z,2.05415,2.05779,2.05274,2.05492,11056
2023-12-11T14:00:00.000Z,2.05485,2.05485,2.05032,2.05099,15009
2023-12-11T18:00:00.000Z,2.05099,2.05142,2.04879,2.05052,7900
2023-12-11T22:00:00.000Z,2.05017,2.05132,2.04758,2.04815,6907
2023-12-12T02:00:00.000Z,2.04815,2.04886,2.04202,2.04217,4517
2023-12-12T06:00:00.000Z,2.04217,2.04569,2.03945,2.04236,12828
2023-12-12T10:00:00.000Z,2.04236,2.05099,2.04183,2.04896,16182
2023-12-12T14:00:00.000Z,2.04889,2.05071,2.04647,2.04922,17058
2023-12-12T18:00:00.000Z,2.04921,2.05049,2.04799,2.04829,6111
2023-12-12T22:00:00.000Z,2.04839,2.05316,2.04509,2.0526,7587
2023-12-13T02:00:00.000Z,2.0526,2.05939,2.0524,2.05886,5826
2023-12-13T06:00:00.000Z,2.05886,2.06045,2.05327,2.05436,10910
2023-12-13T10:00:00.000Z,2.05433,2.05529,2.04983,2.04983,10985
2023-12-13T14:00:00.000Z,2.04983,2.04984,2.04289,2.04319,14143
2023-12-13T18:00:00.000Z,2.04319,2.04602,2.03201,2.04319,26278
2023-12-13T22:00:00.000Z,2.04359,2.04432,2.03076,2.03332,14445
2023-12-14T02:00:00.000Z,2.03332,2.03359,2.0243,2.02516,14163
2023-12-14T06:00:00.000Z,2.02516,2.04154,2.02462,2.03734,18230
2023-12-14T10:00:00.000Z,2.0373,2.05145,2.03629,2.05068,20849
2023-12-14T14:00:00.000Z,2.05068,2.05719,2.04756,2.05459,25359
2023-12-14T18:00:00.000Z,2.05455,2.05713,2.05377,2.05671,10902
2023-12-14T22:00:00.000Z,2.05631,2.05811,2.05397,2.05763,8618
2023-12-15T02:00:00.000Z,2.05762,2.05797,2.05147,2.05781,8772
2023-12-15T06:00:00.000Z,2.05781,2.0598,2.0488,2.05259,13004
2023-12-15T10:00:00.000Z,2.05259,2.05602,2.04874,2.05474,15335
2023-12-15T14:00:00.000Z,2.05474,2.05512,2.03888,2.04465,22936
2023-12-15T18:00:00.000Z,2.04471,2.04503,2.03954,2.04094,13407
2023-12-17T22:00:00.000Z,2.0394,2.04395,2.03484,2.03794,8619
2023-12-18T02:00:00.000Z,2.03794,2.03925,2.03401,2.03505,7135
2023-12-18T06:00:00.000Z,2.03505,2.03515,2.02769,2.028,11077
2023-12-18T10:00:00.000Z,2.02806,2.03421,2.02806,2.03209,14928
2023-12-18T14:00:00.000Z,2.03201,2.03822,2.0318,2.03743,16754
2023-12-18T18:00:00.000Z,2.03743,2.03792,2.0348,2.03576,10617
2023-12-18T22:00:00.000Z,2.03329,2.03677,2.03162,2.03453,7940
2023-12-19T02:00:00.000Z,2.03453,2.03518,2.0302,2.03183,8687
2023-12-19T06:00:00.000Z,2.03184,2.03622,2.03064,2.03542,12176
2023-12-19T10:00:00.000Z,2.03542,2.04,2.03464,2.03841,11234
2023-12-19T14:00:00.000Z,2.03841,2.03947,2.03139,2.03201,16264
2023-12-19T18:00:00.000Z,2.03201,2.03219,2.02935,2.03075,9567
2023-12-19T22:00:00.000Z,2.02952,2.03281,2.02817,2.03017,8873
2023-12-20T02:00:00.000Z,2.03017,2.03253,2.02543,2.02627,7759
2023-12-20T06:00:00.000Z,2.02629,2.02699,2.01157,2.01609,14219
2023-12-20T10:00:00.000Z,2.01609,2.01629,2.01049,2.01169,12647
2023-12-20T14:00:00.000Z,2.01161,2.01776,2.01155,2.01629,16713
2023-12-20T18:00:00.000Z,2.01633,2.02289,2.01451,2.02285,14926
2023-12-20T22:00:00.000Z,2.02214,2.02356,2.0193,2.02071,7313
2023-12-21T02:00:00.000Z,2.02072,2.02393,2.02006,2.02331,5458
2023-12-21T06:00:00.000Z,2.02331,2.02629,2.01813,2.02029,9496
2023-12-21T10:00:00.000Z,2.02029,2.02438,2.01699,2.01799,16185
2023-12-21T14:00:00.000Z,2.01796,2.02044,2.01109,2.01749,25593
2023-12-21T18:00:00.000Z,2.01712,2.0201,2.01549,2.01589,8514
2023-12-21T22:00:00.000Z,2.01519,2.0172,2.01357,2.01659,9648
2023-12-22T02:00:00.000Z,2.01659,2.0203,2.01623,2.01999,10264
2023-12-22T06:00:00.000Z,2.01997,2.02428,2.01769,2.01809,12297
2023-12-22T10:00:00.000Z,2.01809,2.02246,2.01669,2.01839,14695
2023-12-22T14:00:00.000Z,2.01849,2.02089,2.01532,2.01761,25370
2023-12-22T18:00:00.000Z,2.01761,2.01899,2.01609,2.0163,9951
2023-12-25T22:00:00.000Z,2.01127,2.01649,2.01016,2.01089,4381
2023-12-26T02:00:00.000Z,2.01089,2.01095,2.00851,2.00868,7131
2023-12-26T06:00:00.000Z,2.00868,2.01422,2.00856,2.01209,9263
2023-12-26T10:00:00.000Z,2.01209,2.01229,2.00891,2.00999,8456
2023-12-26T14:00:00.000Z,2.00999,2.01329,2.00969,2.01089,8846
2023-12-26T18:00:00.000Z,2.01079,2.01131,2.00895,2.01088,6139
2023-12-26T22:00:00.000Z,2.01037,2.01302,2.00818,2.01051,5282
2023-12-27T02:00:00.000Z,2.01051,2.01149,2.00883,2.01028,4786
2023-12-27T06:00:00.000Z,2.0103,2.01195,2.00745,2.01049,9107
2023-12-27T10:00:00.000Z,2.01049,2.01709,2.0093,2.01689,9856
2023-12-27T14:00:00.000Z,2.01693,2.01869,2.01394,2.01759,14370
2023-12-27T18:00:00.000Z,2.01767,2.02019,2.01566,2.01839,6364
2023-12-27T22:00:00.000Z,2.01666,2.01927,2.0124,2.01256,6675
2023-12-28T02:00:00.000Z,2.01256,2.01964,2.0106,2.01842,6114
2023-12-28T06:00:00.000Z,2.01842,2.02349,2.01639,2.02181,9363
2023-12-28T10:00:00.000Z,2.02181,2.02182,2.01131,2.01285,11404
2023-12-28T14:00:00.000Z,2.01289,2.01423,2.00563,2.00669,13247
2023-12-28T18:00:00.000Z,2.0066,2.01159,2.00569,2.01029,5675
2023-12-28T22:00:00.000Z,2.00947,2.0112,2.00617,2.00652,7537
2023-12-29T02:00:00.000Z,2.00652,2.00865,2.00562,2.00847,11411
2023-12-29T06:00:00.000Z,2.0085,2.01305,2.00729,2.01291,8211
2023-12-29T10:00:00.000Z,2.01291,2.01839,2.01243,2.01689,10594
2023-12-29T14:00:00.000Z,2.01689,2.01694,2.00886,2.01192,14970
2023-12-29T18:00:00.000Z,2.01192,2.01731,2.01159,2.01474,6094
2024-01-01T22:00:00.000Z,2.01154,2.01829,2.0105,2.0177,7182
2024-01-02T02:00:00.000Z,2.0177,2.02013,2.01587,2.0165,10081
2024-01-02T06:00:00.000Z,2.0165,2.02349,2.01461,2.01509,14240
2024-01-02T10:00:00.000Z,2.01509,2.01762,2.01079,2.01439,17655
2024-01-02T14:00:00.000Z,2.01439,2.01853,2.01102,2.01839,23140
2024-01-02T18:00:00.000Z,2.01839,2.01989,2.01793,2.01878,9789
2024-01-02T22:00:00.000Z,2.01797,2.02196,2.01686,2.0187,8366
2024-01-03T02:00:00.000Z,2.0187,2.01935,2.01406,2.0143,6455
2024-01-03T06:00:00.000Z,2.0143,2.02088,2.01387,2.01878,13420
2024-01-03T10:00:00.000Z,2.01875,2.0295,2.01759,2.0295,16060
2024-01-03T14:00:00.000Z,2.0295,2.0296,2.02289,2.02812,25755
2024-01-03T18:00:00.000Z,2.02812,2.03101,2.02583,2.02739,17127
2024-01-03T22:00:00.000Z,2.02799,2.03089,2.02543,2.02855,9930
2024-01-04T02:00:00.000Z,2.02852,2.02873,2.02132,2.02253,8626
2024-01-04T06:00:00.000Z,2.02253,2.03179,2.01837,2.03136,15981
2024-01-04T10:00:00.000Z,2.03134,2.03414,2.02995,2.03255,16285
2024-01-04T14:00:00.000Z,2.03258,2.03822,2.03209,2.03709,22485
2024-01-04T18:00:00.000Z,2.03716,2.03754,2.03375,2.03375,8569
2024-01-04T22:00:00.000Z,2.03355,2.03629,2.03249,2.03457,7645
2024-01-05T02:00:00.000Z,2.03458,2.03666,2.03319,2.03411,8169
2024-01-05T06:00:00.000Z,2.03411,2.03812,2.03253,2.03565,14069
2024-01-05T10:00:00.000Z,2.0357,2.04079,2.03398,2.03602,18450
2024-01-05T14:00:00.000Z,2.03603,2.03996,2.03239,2.03679,30556
2024-01-05T18:00:00.000Z,2.03679,2.03782,2.03549,2.03679,11383
2024-01-07T22:00:00.000Z,2.03555,2.03761,2.03256,2.03413,5884
2024-01-08T02:00:00.000Z,2.03413,2.03796,2.03405,2.03685,6435
2024-01-08T06:00:00.000Z,2.03685,2.04167,2.03494,2.03659,13590
2024-01-08T10:00:00.000Z,2.03659,2.04552,2.03649,2.04449,12415
2024-01-08T14:00:00.000Z,2.04443,2.04546,2.04049,2.04239,17865
2024-01-08T18:00:00.000Z,2.04239,2.0436,2.03839,2.03969,8170
2024-01-08T22:00:00.000Z,2.03544,2.04061,2.03462,2.03877,8330
2024-01-09T02:00:00.000Z,2.03877,2.04192,2.03635,2.04175,7110
2024-01-09T06:00:00.000Z,2.04175,2.04291,2.03539,2.03804,11602
2024-01-09T10:00:00.000Z,2.03798,2.03969,2.03677,2.03686,12994
2024-01-09T14:00:00.000Z,2.03686,2.03945,2.03619,2.03839,18256
2024-01-09T18:00:00.000Z,2.03829,2.03941,2.0352,2.03652,9250
2024-01-09T22:00:00.000Z,2.03607,2.03927,2.03514,2.03664,8800
2024-01-10T02:00:00.000Z,2.03664,2.03693,2.0333,2.03544,7371
2024-01-10T06:00:00.000Z,2.03544,2.03792,2.03376,2.03719,12636
2024-01-10T10:00:00.000Z,2.03719,2.04466,2.03678,2.04329,13297
2024-01-10T14:00:00.000Z,2.04329,2.04637,2.0422,2.04459,16891
2024-01-10T18:00:00.000Z,2.04451,2.04831,2.0437,2.04577,8945
2024-01-10T22:00:00.000Z,2.04473,2.04663,2.04362,2.04469,7750
2024-01-11T02:00:00.000Z,2.04469,2.04585,2.04109,2.04172,7590
2024-01-11T06:00:00.000Z,2.04172,2.0435,2.03865,2.03929,11233
2024-01-11T10:00:00.000Z,2.03929,2.04875,2.03743,2.04744,17994
2024-01-11T14:00:00.000Z,2.04744,2.04848,2.04451,2.04719,32776
2024-01-11T18:00:00.000Z,2.04512,2.0494,2.04507,2.04719,15690
2024-01-11T22:00:00.000Z,2.04716,2.0489,2.04217,2.04379,9374
2024-01-12T02:00:00.000Z,2.04385,2.04689,2.04203,2.04689,8978
2024-01-12T06:00:00.000Z,2.04689,2.04728,2.04212,2.04251,13683
2024-01-12T10:00:00.000Z,2.04251,2.04353,2.0368,2.03881,17048
2024-01-12T14:00:00.000Z,2.03882,2.04109,2.03533,2.04037,23441
2024-01-12T18:00:00.000Z,2.04039,2.04289,2.03984,2.04289,8221
2024-01-14T22:00:00.000Z,2.04115,2.04558,2.04065,2.04396,8559
2024-01-15T02:00:00.000Z,2.04396,2.04819,2.04376,2.04817,5430
2024-01-15T06:00:00.000Z,2.04817,2.05753,2.04805,2.05679,11084
2024-01-15T10:00:00.000Z,2.05675,2.05709,2.05308,2.05473,11259
2024-01-15T14:00:00.000Z,2.05473,2.05603,2.05184,2.05209,8020
2024-01-15T18:00:00.000Z,2.05209,2.05481,2.05185,2.05279,1673
2024-01-15T22:00:00.000Z,2.05179,2.05886,2.04992,2.0549,9655
2024-01-16T02:00:00.000Z,2.0549,2.05794,2.05467,2.05662,13104
2024-01-16T06:00:00.000Z,2.05662,2.05662,2.05097,2.05209,17908
2024-01-16T10:00:00.000Z,2.05209,2.05639,2.05089,2.05451,16099
2024-01-16T14:00:00.000Z,2.05451,2.06086,2.05392,2.05839,26736
2024-01-16T18:00:00.000Z,2.05839,2.06055,2.05764,2.05829,8002
2024-01-16T22:00:00.000Z,2.05667,2.05986,2.05472,2.05507,6208
2024-01-17T02:00:00.000Z,2.05505,2.0592,2.05476,2.05898,12097
2024-01-17T06:00:00.000Z,2.05901,2.07299,2.05809,2.07242,19300
2024-01-17T10:00:00.000Z,2.0724,2.07366,2.07067,2.07219,16052
2024-01-17T14:00:00.000Z,2.07219,2.07819,2.07209,2.07651,24376
2024-01-17T18:00:00.000Z,2.07651,2.07821,2.07331,2.07339,11462
2024-01-17T22:00:00.000Z,2.07177,2.07571,2.06886,2.06941,9785
2024-01-18T02:00:00.000Z,2.06942,2.07439,2.06856,2.07387,11156
2024-01-18T06:00:00.000Z,2.07386,2.07819,2.07049,2.07049,14092
2024-01-18T10:00:00.000Z,2.07049,2.07699,2.07029,2.07536,15913
2024-01-18T14:00:00.000Z,2.07536,2.07922,2.07401,2.07863,23154
2024-01-18T18:00:00.000Z,2.0749,2.0795,2.0749,2.07737,9075
2024-01-18T22:00:00.000Z,2.07763,2.07929,2.07434,2.07828,7743
2024-01-19T02:00:00.000Z,2.07845,2.0846,2.07807,2.08403,7142
2024-01-19T06:00:00.000Z,2.08403,2.08498,2.07222,2.07259,13643
2024-01-19T10:00:00.000Z,2.07258,2.07592,2.07019,2.07496,16341
2024-01-19T14:00:00.000Z,2.07498,2.0794,2.07448,2.07679,20171
2024-01-19T18:00:00.000Z,2.07679,2.07869,2.07623,2.07677,7653
2024-01-21T22:00:00.000Z,2.07446,2.07767,2.07056,2.07415,7841
2024-01-22T02:00:00.000Z,2.07415,2.08182,2.07395,2.08154,6639
2024-01-22T06:00:00.000Z,2.08153,2.08399,2.07799,2.0799,12467
2024-01-22T10:00:00.000Z,2.0799,2.08202,2.07664,2.08086,15428
2024-01-22T14:00:00.000Z,2.0809,2.08733,2.07915,2.08533,14163
2024-01-22T18:00:00.000Z,2.08538,2.0931,2.08536,2.09129,9480
2024-01-22T22:00:00.000Z,2.08877,2.09435,2.08687,2.09006,8560
2024-01-23T02:00:00.000Z,2.09006,2.09138,2.08538,2.08644,12000
2024-01-23T06:00:00.000Z,2.08644,2.0906,2.08349,2.08999,14080
2024-01-23T10:00:00.000Z,2.08999,2.09109,2.08412,2.08531,11639
2024-01-23T14:00:00.000Z,2.0853,2.08679,2.08305,2.08539,16357
2024-01-23T18:00:00.000Z,2.08529,2.08652,2.07724,2.07939,7931
2024-01-23T22:00:00.000Z,2.07617,2.08234,2.07599,2.07962,11720
2024-01-24T02:00:00.000Z,2.07962,2.08414,2.07962,2.08115,6650
2024-01-24T06:00:00.000Z,2.08115,2.08199,2.0739,2.08059,13361
2024-01-24T10:00:00.000Z,2.08058,2.08149,2.07626,2.07752,12389
2024-01-24T14:00:00.000Z,2.07751,2.08219,2.07612,2.07895,20560
2024-01-24T18:00:00.000Z,2.07892,2.08274,2.07622,2.08219,14628
2024-01-24T22:00:00.000Z,2.08087,2.08299,2.07979,2.0803,9949
2024-01-25T02:00:00.000Z,2.0802,2.08187,2.07916,2.0816,9514
2024-01-25T06:00:00.000Z,2.0816,2.08275,2.07701,2.07799,12006
2024-01-25T10:00:00.000Z,2.07799,2.08181,2.07619,2.0771,17395
2024-01-25T14:00:00.000Z,2.07713,2.07826,2.07471,2.07519,24505
2024-01-25T18:00:00.000Z,2.07519,2.08039,2.07419,2.07969,10273
2024-01-25T22:00:00.000Z,2.07857,2.08217,2.07729,2.08131,6314
2024-01-26T02:00:00.000Z,2.08121,2.082,2.07941,2.08017,7032
2024-01-26T06:00:00.000Z,2.08017,2.08519,2.07943,2.08331,12649
2024-01-26T10:00:00.000Z,2.08328,2.08681,2.08287,2.08517,13539
2024-01-26T14:00:00.000Z,2.08517,2.0871,2.08324,2.08454,16785
2024-01-26T18:00:00.000Z,2.08454,2.08549,2.08392,2.08529,5278
2024-01-28T22:00:00.000Z,2.0825,2.0855,2.07991,2.08045,6402
2024-01-29T02:00:00.000Z,2.08045,2.08434,2.08045,2.08299,5814
2024-01-29T06:00:00.000Z,2.08299,2.08382,2.07663,2.07741,10059
2024-01-29T10:00:00.000Z,2.07741,2.07809,2.07492,2.07636,10925
2024-01-29T14:00:00.000Z,2.07636,2.07791,2.07321,2.07729,12645
2024-01-29T18:00:00.000Z,2.07719,2.0775,2.06919,2.07219,7956
2024-01-29T22:00:00.000Z,2.07033,2.07337,2.0699,2.07173,8423
2024-01-30T02:00:00.000Z,2.07173,2.07219,2.06659,2.06874,5922
2024-01-30T06:00:00.000Z,2.06874,2.07019,2.06422,2.06741,12232
2024-01-30T10:00:00.000Z,2.06741,2.07114,2.06685,2.0706,13210
2024-01-30T14:00:00.000Z,2.07061,2.07229,2.06493,2.07109,18642
2024-01-30T18:00:00.000Z,2.07109,2.07149,2.06872,2.06959,7446
2024-01-30T22:00:00.000Z,2.06727,2.07215,2.06647,2.07124,8907
2024-01-31T02:00:00.000Z,2.07124,2.0741,2.07122,2.07368,7593
2024-01-31T06:00:00.000Z,2.07368,2.07452,2.06639,2.06812,11320
2024-01-31T10:00:00.000Z,2.06818,2.07311,2.068,2.06929,14421
2024-01-31T14:00:00.000Z,2.06929,2.07262,2.06361,2.07119,21481
2024-01-31T18:00:00.000Z,2.07119,2.07459,2.06593,2.07409,24809
2024-01-31T22:00:00.000Z,2.07067,2.07538,2.06966,2.07021,9511
2024-02-01T02:00:00.000Z,2.07021,2.07415,2.06754,2.07336,8961
2024-02-01T06:00:00.000Z,2.07336,2.0778,2.07179,2.07679,12333
2024-02-01T10:00:00.000Z,2.07679,2.08256,2.07409,2.07754,15005
2024-02-01T14:00:00.000Z,2.07754,2.07762,2.07209,2.07589,23890
2024-02-01T18:00:00.000Z,2.07589,2.07765,2.07386,2.074,9597
2024-02-01T22:00:00.000Z,2.07407,2.07497,2.07241,2.07244,6226
2024-02-02T02:00:00.000Z,2.07244,2.07335,2.07101,2.07257,5990
2024-02-02T06:00:00.000Z,2.07257,2.07585,2.07195,2.07309,10617
2024-02-02T10:00:00.000Z,2.07305,2.08067,2.07068,2.07914,14216
2024-02-02T14:00:00.000Z,2.07914,2.08519,2.07781,2.08099,21172
2024-02-02T18:00:00.000Z,2.08099,2.08289,2.0801,2.08269,8087
2024-02-04T22:00:00.000Z,2.08015,2.08479,2.07632,2.08029,10039
2024-02-05T02:00:00.000Z,2.08029,2.08041,2.07484,2.07581,8553
2024-02-05T06:00:00.000Z,2.07581,2.08017,2.07445,2.07809,13041
2024-02-05T10:00:00.000Z,2.07805,2.0783,2.07269,2.07349,12848
2024-02-05T14:00:00.000Z,2.07349,2.07525,2.07005,2.07017,18385
2024-02-05T18:00:00.000Z,2.07017,2.07179,2.06931,2.07059,7693
2024-02-05T22:00:00.000Z,2.06875,2.07152,2.06805,2.06825,7709
2024-02-06T02:00:00.000Z,2.06825,2.06959,2.06575,2.06773,10703
2024-02-06T06:00:00.000Z,2.06773,2.07364,2.0666,2.07161,13034
2024-02-06T10:00:00.000Z,2.07159,2.07612,2.07095,2.07564,11514
2024-02-06T14:00:00.000Z,2.07561,2.07655,2.07153,2.07201,21274
2024-02-06T18:00:00.000Z,2.07203,2.0736,2.06534,2.06629,14215
2024-02-06T22:00:00.000Z,2.06531,2.06817,2.06351,2.06406,8026
2024-02-07T02:00:00.000Z,2.06406,2.06623,2.0627,2.06554,7975
2024-02-07T06:00:00.000Z,2.06554,2.06966,2.06381,2.06949,11768
2024-02-07T10:00:00.000Z,2.06949,2.07069,2.06469,2.06485,10083
2024-02-07T14:00:00.000Z,2.06483,2.06862,2.06335,2.06723,18006
2024-02-07T18:00:00.000Z,2.06674,2.0686,2.06484,2.06572,9027
2024-02-07T22:00:00.000Z,2.06517,2.06758,2.064,2.06482,7305
2024-02-08T02:00:00.000Z,2.06483,2.06743,2.06369,2.06683,8087
2024-02-08T06:00:00.000Z,2.06679,2.07015,2.06614,2.06759,12661
2024-02-08T10:00:00.000Z,2.06759,2.06979,2.0672,2.06793,13462
2024-02-08T14:00:00.000Z,2.06788,2.07259,2.06647,2.07069,16348
2024-02-08T18:00:00.000Z,2.07069,2.07151,2.06478,2.06969,7762
2024-02-08T22:00:00.000Z,2.06807,2.07012,2.05952,2.06029,8399
2024-02-09T02:00:00.000Z,2.06029,2.06218,2.05852,2.06158,8895
2024-02-09T06:00:00.000Z,2.06158,2.06245,2.05039,2.0528,13503
2024-02-09T10:00:00.000Z,2.05277,2.05513,2.0512,2.0544,14913
2024-02-09T14:00:00.000Z,2.05438,2.05819,2.05419,2.05569,16317
2024-02-09T18:00:00.000Z,2.05569,2.05619,2.05231,2.05299,4319
2024-02-11T22:00:00.000Z,2.05103,2.05959,2.05086,2.05935,6006
2024-02-12T02:00:00.000Z,2.05933,2.06171,2.05757,2.06034,3696
2024-02-12T06:00:00.000Z,2.06034,2.06262,2.05896,2.06124,11360
2024-02-12T10:00:00.000Z,2.06124,2.06226,2.05629,2.05875,9846
2024-02-12T14:00:00.000Z,2.05875,2.06094,2.05732,2.05859,12238
2024-02-12T18:00:00.000Z,2.05859,2.06074,2.05816,2.0598,7971
2024-02-12T22:00:00.000Z,2.05897,2.06195,2.05852,2.06004,5564
2024-02-13T02:00:00.000Z,2.05995,2.06876,2.0596,2.0665,6817
2024-02-13T06:00:00.000Z,2.06651,2.07395,2.06549,2.07359,12551
2024-02-13T10:00:00.000Z,2.07359,2.07833,2.07015,2.07748,15385
2024-02-13T14:00:00.000Z,2.07749,2.08179,2.07469,2.08011,22577
2024-02-13T18:00:00.000Z,2.07948,2.08047,2.07631,2.07779,10121
2024-02-13T22:00:00.000Z,2.07688,2.08102,2.0764,2.07828,8487
2024-02-14T02:00:00.000Z,2.07828,2.07844,2.07349,2.07373,6267
2024-02-14T06:00:00.000Z,2.07373,2.0741,2.06213,2.06259,16604
2024-02-14T10:00:00.000Z,2.06259,2.06749,2.06242,2.06713,11718
2024-02-14T14:00:00.000Z,2.06713,2.06755,2.06186,2.06402,16363
2024-02-14T18:00:00.000Z,2.0634,2.06545,2.06278,2.06439,9282
2024-02-14T22:00:00.000Z,2.06357,2.06631,2.06215,2.06494,6513
2024-02-15T02:00:00.000Z,2.06494,2.06582,2.06348,2.0654,6698
2024-02-15T06:00:00.000Z,2.0654,2.06589,2.06009,2.06276,9697
2024-02-15T10:00:00.000Z,2.06276,2.06289,2.05207,2.05499,14442
2024-02-15T14:00:00.000Z,2.05501,2.06225,2.05409,2.062,19537
2024-02-15T18:00:00.000Z,2.062,2.06341,2.05964,2.0631,12411
2024-02-15T22:00:00.000Z,2.06157,2.06599,2.06004,2.0644,6533
2024-02-16T02:00:00.000Z,2.0644,2.06641,2.06244,2.06427,6207
2024-02-16T06:00:00.000Z,2.06427,2.06687,2.05883,2.06008,10497
2024-02-16T10:00:00.000Z,2.06009,2.06291,2.05896,2.06096,11543
2024-02-16T14:00:00.000Z,2.06099,2.06189,2.05654,2.05729,16542
2024-02-16T18:00:00.000Z,2.05729,2.05839,2.05589,2.05699,8970
2024-02-18T22:00:00.000Z,2.05637,2.05752,2.05459,2.0563,6676
2024-02-19T02:00:00.000Z,2.0563,2.05668,2.05403,2.05499,4852
2024-02-19T06:00:00.000Z,2.05499,2.05525,2.05074,2.05259,8962
2024-02-19T10:00:00.000Z,2.05258,2.05511,2.04919,2.0496,11391
2024-02-19T14:00:00.000Z,2.0496,2.05054,2.04828,2.04879,8403
2024-02-19T18:00:00.000Z,2.04879,2.04989,2.04777,2.04818,1282
2024-02-19T22:00:00.000Z,2.04667,2.05187,2.04628,2.05053,8691
2024-02-20T02:00:00.000Z,2.05053,2.05259,2.04936,2.04981,6094
2024-02-20T06:00:00.000Z,2.0498,2.05162,2.04418,2.04426,12805
2024-02-20T10:00:00.000Z,2.04426,2.04619,2.03979,2.04349,14914
2024-02-20T14:00:00.000Z,2.04349,2.05015,2.0431,2.04679,17527
2024-02-20T18:00:00.000Z,2.04669,2.0476,2.04494,2.04729,10420
2024-02-20T22:00:00.000Z,2.04734,2.04819,2.04412,2.04422,7212
2024-02-21T02:00:00.000Z,2.04422,2.04438,2.03859,2.0405,7568
2024-02-21T06:00:00.000Z,2.0405,2.04126,2.03743,2.03946,11766
2024-02-21T10:00:00.000Z,2.03946,2.04306,2.03827,2.04201,11258
2024-02-21T14:00:00.000Z,2.04198,2.04578,2.04047,2.04495,15398
2024-02-21T18:00:00.000Z,2.04483,2.04684,2.04387,2.04483,11581
2024-02-21T22:00:00.000Z,2.04398,2.04566,2.04006,2.04282,8594
2024-02-22T02:00:00.000Z,2.04282,2.04502,2.04001,2.04088,9946
2024-02-22T06:00:00.000Z,2.04088,2.04622,2.03751,2.0422,15689
2024-02-22T10:00:00.000Z,2.0422,2.04424,2.04104,2.04201,15044
2024-02-22T14:00:00.000Z,2.04201,2.045,2.03856,2.04329,17254
2024-02-22T18:00:00.000Z,2.04324,2.04366,2.04074,2.04255,9456
2024-02-22T22:00:00.000Z,2.04241,2.04495,2.04174,2.04323,8910
2024-02-23T02:00:00.000Z,2.04323,2.04416,2.04042,2.04222,8517
2024-02-23T06:00:00.000Z,2.04223,2.04777,2.0407,2.04698,13821
2024-02-23T10:00:00.000Z,2.047,2.04841,2.04349,2.04694,14695
2024-02-23T14:00:00.000Z,2.04697,2.04858,2.04478,2.04593,16524
2024-02-23T18:00:00.000Z,2.04603,2.04671,2.04404,2.04406,7743
2024-02-25T22:00:00.000Z,2.04337,2.05441,2.04299,2.05293,6154
2024-02-26T02:00:00.000Z,2.05293,2.054,2.05117,2.05389,5253
2024-02-26T06:00:00.000Z,2.05389,2.05647,2.05178,2.05483,9828
2024-02-26T10:00:00.000Z,2.05479,2.05543,2.05268,2.05371,12824
2024-02-26T14:00:00.000Z,2.05371,2.05668,2.05309,2.05353,13888
2024-02-26T18:00:00.000Z,2.05329,2.05525,2.05295,2.05486,7659
2024-02-26T22:00:00.000Z,2.05319,2.05939,2.05318,2.05791,7936
2024-02-27T02:00:00.000Z,2.05793,2.06079,2.05639,2.05712,9327
2024-02-27T06:00:00.000Z,2.05715,2.0577,2.05526,2.0576,11959
2024-02-27T10:00:00.000Z,2.05756,2.05943,2.05362,2.05625,13653
2024-02-27T14:00:00.000Z,2.0563,2.05743,2.05397,2.05563,15799
2024-02-27T18:00:00.000Z,2.05549,2.0561,2.05408,2.05586,8831
2024-02-27T22:00:00.000Z,2.05224,2.0715,2.05222,2.0701,8733
2024-02-28T02:00:00.000Z,2.0701,2.07533,2.07,2.07041,9872
2024-02-28T06:00:00.000Z,2.07041,2.07443,2.06913,2.07186,14568
2024-02-28T10:00:00.000Z,2.07186,2.07533,2.0709,2.07403,14283
2024-02-28T14:00:00.000Z,2.07405,2.08064,2.07355,2.07838,15449
2024-02-28T18:00:00.000Z,2.07838,2.07852,2.07552,2.07647,8157
2024-02-28T22:00:00.000Z,2.07344,2.07861,2.07333,2.07616,9026
2024-02-29T02:00:00.000Z,2.07612,2.07642,2.07364,2.07544,10513
2024-02-29T06:00:00.000Z,2.07551,2.08023,2.07473,2.07999,14636
2024-02-29T10:00:00.000Z,2.07999,2.08278,2.0751,2.07574,15668
2024-02-29T14:00:00.000Z,2.07581,2.0781,2.07363,2.0746,17411
2024-02-29T18:00:00.000Z,2.0746,2.07478,2.07262,2.07394,9223
2024-02-29T22:00:00.000Z,2.07173,2.07587,2.07121,2.07283,8486
2024-03-01T02:00:00.000Z,2.07281,2.07388,2.07162,2.07297,8825
2024-03-01T06:00:00.000Z,2.07298,2.07659,2.07191,2.07314,13384
2024-03-01T10:00:00.000Z,2.07324,2.07601,2.07046,2.07501,14968
2024-03-01T14:00:00.000Z,2.07502,2.07515,2.06743,2.07291,16658
2024-03-01T18:00:00.000Z,2.07291,2.07444,2.07146,2.07202,8521
2024-03-03T22:00:00.000Z,2.06928,2.07661,2.06928,2.07624,6138
2024-03-04T02:00:00.000Z,2.07624,2.07735,2.07506,2.07679,4795
2024-03-04T06:00:00.000Z,2.07679,2.08009,2.07509,2.07639,11104
2024-03-04T10:00:00.000Z,2.07635,2.08069,2.07553,2.0797,12898
2024-03-04T14:00:00.000Z,2.0797,2.08291,2.07852,2.08267,15020
2024-03-04T18:00:00.000Z,2.0825,2.08361,2.08149,2.08235,7438
2024-03-04T22:00:00.000Z,2.07982,2.08353,2.07847,2.08261,7726
2024-03-05T02:00:00.000Z,2.08258,2.08522,2.08187,2.08521,9285
2024-03-05T06:00:00.000Z,2.08524,2.08864,2.08462,2.08808,13756
2024-03-05T10:00:00.000Z,2.08808,2.08808,2.08419,2.08577,13683
2024-03-05T14:00:00.000Z,2.08577,2.08849,2.084,2.08673,17208
2024-03-05T18:00:00.000Z,2.08661,2.08846,2.08571,2.0875,9353
2024-03-05T22:00:00.000Z,2.08402,2.09136,2.08402,2.08838,8232
2024-03-06T02:00:00.000Z,2.08836,2.08843,2.08367,2.08457,8117
2024-03-06T06:00:00.000Z,2.08457,2.08734,2.08326,2.0859,13104
2024-03-06T10:00:00.000Z,2.0859,2.08674,2.08,2.08081,13471
2024-03-06T14:00:00.000Z,2.08081,2.08139,2.07658,2.07791,18069
2024-03-06T18:00:00.000Z,2.0779,2.07889,2.07625,2.07679,10703
2024-03-06T22:00:00.000Z,2.07512,2.07854,2.07488,2.07588,9960
2024-03-07T02:00:00.000Z,2.07576,2.07706,2.07114,2.07332,11084
2024-03-07T06:00:00.000Z,2.07335,2.07353,2.06881,2.07126,14763
2024-03-07T10:00:00.000Z,2.07125,2.07178,2.06639,2.06806,14459
2024-03-07T14:00:00.000Z,2.06806,2.07402,2.06802,2.0727,17348
2024-03-07T18:00:00.000Z,2.0727,2.07512,2.07235,2.07443,9013
2024-03-07T22:00:00.000Z,2.07315,2.07843,2.07273,2.07679,7989
2024-03-08T02:00:00.000Z,2.07683,2.07757,2.07383,2.0739,10138
2024-03-08T06:00:00.000Z,2.07387,2.07514,2.07132,2.07398,13860
2024-03-08T10:00:00.000Z,2.07398,2.07769,2.0727,2.07551,15384
2024-03-08T14:00:00.000Z,2.07555,2.08228,2.07483,2.0802,19586
2024-03-08T18:00:00.000Z,2.08023,2.08182,2.07977,2.08151,9964
2024-03-10T21:00:00.000Z,2.07884,2.08225,2.07827,2.0814,7632
2024-03-11T01:00:00.000Z,2.08142,2.08271,2.07985,2.08177,8026
2024-03-11T05:00:00.000Z,2.08177,2.08298,2.07902,2.08054,11206
2024-03-11T09:00:00.000Z,2.08054,2.08125,2.0773,2.07899,13172
2024-03-11T13:00:00.000Z,2.07898,2.0812,2.07511,2.07537,16298
2024-03-11T17:00:00.000Z,2.07531,2.07758,2.07509,2.07678,9419
2024-03-11T21:00:00.000Z,2.07387,2.07872,2.07387,2.07822,6984
2024-03-12T01:00:00.000Z,2.0782,2.07934,2.07587,2.07719,11299
2024-03-12T05:00:00.000Z,2.07718,2.07847,2.07236,2.07444,13716
2024-03-12T09:00:00.000Z,2.07444,2.07856,2.06927,2.07232,14704
2024-03-12T13:00:00.000Z,2.07232,2.08103,2.0723,2.07901,18633
2024-03-12T17:00:00.000Z,2.07902,2.08026,2.0786,2.08006,10007
2024-03-12T21:00:00.000Z,2.07881,2.08174,2.07796,2.08099,6424
2024-03-13T01:00:00.000Z,2.08102,2.08164,2.07515,2.07568,9803
2024-03-13T05:00:00.000Z,2.07564,2.07727,2.07327,2.07646,12996
2024-03-13T09:00:00.000Z,2.07647,2.08068,2.07627,2.07978,14101
2024-03-13T13:00:00.000Z,2.07975,2.08001,2.07627,2.07732,16339
2024-03-13T17:00:00.000Z,2.07734,2.0792,2.07615,2.07909,9911
2024-03-13T21:00:00.000Z,2.0764,2.07913,2.07488,2.07556,7676
2024-03-14T01:00:00.000Z,2.07557,2.07792,2.0727,2.07651,9869
2024-03-14T05:00:00.000Z,2.07656,2.08003,2.076,2.07912,12777
2024-03-14T09:00:00.000Z,2.07911,2.07971,2.07336,2.07751,14105
2024-03-14T13:00:00.000Z,2.07747,2.07984,2.07571,2.07778,19143
2024-03-14T17:00:00.000Z,2.07776,2.08212,2.07776,2.07992,10373
2024-03-14T21:00:00.000Z,2.07946,2.08563,2.07819,2.08563,6655
2024-03-15T01:00:00.000Z,2.08561,2.08889,2.08505,2.0874,9659
2024-03-15T05:00:00.000Z,2.0874,2.09205,2.08616,2.09094,12023
2024-03-15T09:00:00.000Z,2.09085,2.09328,2.08966,2.09102,13469
2024-03-15T13:00:00.000Z,2.09102,2.09275,2.08907,2.09245,16842
2024-03-15T17:00:00.000Z,2.09249,2.09343,2.09149,2.09283,9070
2024-03-17T21:00:00.000Z,2.08925,2.09307,2.08881,2.0922,5351
2024-03-18T01:00:00.000Z,2.0923,2.09312,2.08805,2.08919,8557
2024-03-18T05:00:00.000Z,2.08919,2.09203,2.08875,2.08969,9904
2024-03-18T09:00:00.000Z,2.08969,2.09148,2.08882,2.0909,11770
2024-03-18T13:00:00.000Z,2.0909,2.09327,2.08938,2.09288,14935
2024-03-18T17:00:00.000Z,2.09288,2.09402,2.09136,2.09154,7681
2024-03-18T21:00:00.000Z,2.08963,2.09501,2.08945,2.09396,6240
2024-03-19T01:00:00.000Z,2.09401,2.09785,2.09239,2.09769,11641
2024-03-19T05:00:00.000Z,2.09772,2.10134,2.09745,2.09801,14326
2024-03-19T09:00:00.000Z,2.098,2.10104,2.09655,2.09831,13800
2024-03-19T13:00:00.000Z,2.09825,2.10261,2.09815,2.10238,13329
2024-03-19T17:00:00.000Z,2.10238,2.10329,2.10083,2.10182,8580
2024-03-19T21:00:00.000Z,2.10151,2.10548,2.10029,2.10307,6344
2024-03-20T01:00:00.000Z,2.10299,2.10569,2.10013,2.1056,8655
2024-03-20T05:00:00.000Z,2.1056,2.1057,2.10113,2.10417,12213
2024-03-20T09:00:00.000Z,2.10419,2.10655,2.10313,2.10488,12263
2024-03-20T13:00:00.000Z,2.10489,2.10678,2.10415,2.10597,12682
2024-03-20T17:00:00.000Z,2.10597,2.10836,2.09635,2.10261,15727
2024-03-20T21:00:00.000Z,2.10249,2.10805,2.09955,2.10118,9439
2024-03-21T01:00:00.000Z,2.10108,2.10182,2.09747,2.09855,11286
2024-03-21T05:00:00.000Z,2.09854,2.09991,2.09443,2.0974,13142
2024-03-21T09:00:00.000Z,2.09741,2.10024,2.09364,2.09666,15802
2024-03-21T13:00:00.000Z,2.09666,2.09856,2.09315,2.0953,17363
2024-03-21T17:00:00.000Z,2.09534,2.09617,2.09318,2.09407,8968
2024-03-21T21:00:00.000Z,2.09422,2.09535,2.0923,2.09485,6165
2024-03-22T01:00:00.000Z,2.09485,2.10307,2.09389,2.10271,12076
2024-03-22T05:00:00.000Z,2.10271,2.10306,2.09514,2.09642,14086
2024-03-22T09:00:00.000Z,2.09644,2.09982,2.09447,2.09955,13807
2024-03-22T13:00:00.000Z,2.09953,2.10201,2.09758,2.10055,15055
2024-03-22T17:00:00.000Z,2.10054,2.10273,2.0995,2.10173,7007
2024-03-24T21:00:00.000Z,2.09821,2.10377,2.09669,2.10153,6405
2024-03-25T01:00:00.000Z,2.10151,2.10251,2.09808,2.1017,9437
2024-03-25T05:00:00.000Z,2.10173,2.10444,2.09959,2.10026,10852
2024-03-25T09:00:00.000Z,2.1002,2.10615,2.09964,2.10547,11485
2024-03-25T13:00:00.000Z,2.10545,2.10682,2.10345,2.10556,12766
2024-03-25T17:00:00.000Z,2.1055,2.1062,2.10444,2.10486,6781
2024-03-25T21:00:00.000Z,2.10465,2.10708,2.10336,2.10456,5665
2024-03-26T01:00:00.000Z,2.10456,2.10553,2.10242,2.10502,9765
2024-03-26T05:00:00.000Z,2.10505,2.10538,2.10194,2.1021,10833
2024-03-26T09:00:00.000Z,2.10218,2.10223,2.09927,2.10021,12791
2024-03-26T13:00:00.000Z,2.10021,2.10293,2.09941,2.1021,14402
2024-03-26T17:00:00.000Z,2.1021,2.10392,2.10114,2.10292,7427
2024-03-26T21:00:00.000Z,2.10278,2.10398,2.10158,2.10381,5796
2024-03-27T01:00:00.000Z,2.10378,2.10644,2.1027,2.10305,9598
2024-03-27T05:00:00.000Z,2.1031,2.1046,2.10186,2.10423,11456
2024-03-27T09:00:00.000Z,2.10426,2.10515,2.10157,2.10436,13514
2024-03-27T13:00:00.000Z,2.10433,2.10559,2.10078,2.10541,13494
2024-03-27T17:00:00.000Z,2.1054,2.10615,2.10478,2.1051,7240
2024-03-27T21:00:00.000Z,2.103,2.10882,2.10295,2.10752,6076
2024-03-28T01:00:00.000Z,2.10761,2.10866,2.10387,2.10785,8512
2024-03-28T05:00:00.000Z,2.10786,2.11381,2.10693,2.11362,11078
2024-03-28T09:00:00.000Z,2.11362,2.11741,2.11166,2.11615,12701
2024-03-28T13:00:00.000Z,2.11615,2.11671,2.11088,2.11201,15037
2024-03-28T17:00:00.000Z,2.11207,2.11368,2.11079,2.11292,8038
2024-03-28T21:00:00.000Z,2.11277,2.11361,2.11125,2.1128,5208
2024-03-29T01:00:00.000Z,2.11251,2.11546,2.11182,2.11352,4174
2024-03-29T05:00:00.000Z,2.11353,2.11514,2.11245,2.11423,3195
2024-03-29T09:00:00.000Z,2.11414,2.1143,2.10814,2.11138,3668
2024-03-29T13:00:00.000Z,2.11118,2.11344,2.10983,2.11142,3241
2024-03-29T17:00:00.000Z,2.11142,2.11156,2.10733,2.10927,2108
2024-03-31T21:00:00.000Z,2.10962,2.11293,2.10841,2.10915,6960
2024-04-01T01:00:00.000Z,2.10914,2.11253,2.1085,2.1116,7779
2024-04-01T05:00:00.000Z,2.11166,2.11329,2.10896,2.10963,8561
2024-04-01T09:00:00.000Z,2.10965,2.1133,2.10935,2.11236,9371
2024-04-01T13:00:00.000Z,2.11232,2.11393,2.11021,2.11087,13742
2024-04-01T17:00:00.000Z,2.11085,2.11109,2.10815,2.10815,7599
2024-04-01T21:00:00.000Z,2.10828,2.10913,2.10605,2.10878,5891
2024-04-02T01:00:00.000Z,2.10875,2.10998,2.10664,2.10954,8361
2024-04-02T05:00:00.000Z,2.10957,2.11138,2.10781,2.10919,14170
2024-04-02T09:00:00.000Z,2.10916,2.11091,2.10809,2.1084,12881
2024-04-02T13:00:00.000Z,2.1084,2.10929,2.10501,2.10852,15628
2024-04-02T17:00:00.000Z,2.1085,2.10891,2.10558,2.1062,6607
2024-04-02T21:00:00.000Z,2.10626,2.10952,2.10488,2.10949,6157
2024-04-03T01:00:00.000Z,2.10956,2.11158,2.10481,2.10599,8540
2024-04-03T05:00:00.000Z,2.10609,2.10949,2.10406,2.10826,11196
2024-04-03T09:00:00.000Z,2.10826,2.10952,2.10597,2.10699,12560
2024-04-03T13:00:00.000Z,2.10703,2.108,2.10449,2.10611,17203
2024-04-03T17:00:00.000Z,2.10609,2.1069,2.10435,2.10528,8632
2024-04-03T21:00:00.000Z,2.10467,2.10587,2.10019,2.10031,5882
2024-04-04T01:00:00.000Z,2.10034,2.10147,2.09857,2.09896,7952
2024-04-04T05:00:00.000Z,2.09898,2.09917,2.09574,2.09739,12078
2024-04-04T09:00:00.000Z,2.09739,2.09957,2.09455,2.09672,11962
2024-04-04T13:00:00.000Z,2.0967,2.09929,2.09577,2.09643,12453
2024-04-04T17:00:00.000Z,2.09644,2.09944,2.09464,2.09803,11251
2024-04-04T21:00:00.000Z,2.09641,2.09888,2.09546,2.09744,8423
2024-04-05T01:00:00.000Z,2.09747,2.10167,2.0966,2.10131,10315
2024-04-05T05:00:00.000Z,2.10135,2.10157,2.09692,2.09957,12301
2024-04-05T09:00:00.000Z,2.09956,2.10196,2.09474,2.10039,13345
2024-04-05T13:00:00.000Z,2.10039,2.10107,2.09808,2.10036,17678
2024-04-05T17:00:00.000Z,2.10044,2.10221,2.10007,2.10205,9278
2024-04-07T21:00:00.000Z,2.09871,2.10302,2.09854,2.1007,7524
2024-04-08T01:00:00.000Z,2.10071,2.10345,2.09955,2.10034,10769
2024-04-08T05:00:00.000Z,2.10012,2.10133,2.09881,2.09927,12163
2024-04-08T09:00:00.000Z,2.09933,2.09981,2.09542,2.09645,12198
2024-04-08T13:00:00.000Z,2.09644,2.09871,2.09441,2.09787,14512
2024-04-08T17:00:00.000Z,2.09787,2.0986,2.09695,2.09789,8134
2024-04-08T21:00:00.000Z,2.09575,2.09818,2.09419,2.0947,5761
2024-04-09T01:00:00.000Z,2.09473,2.09684,2.09268,2.09464,9455
2024-04-09T05:00:00.000Z,2.09467,2.09698,2.0941,2.09512,10334
2024-04-09T09:00:00.000Z,2.09512,2.0957,2.09236,2.09314,12546
2024-04-09T13:00:00.000Z,2.0931,2.09428,2.09022,2.09294,15764
2024-04-09T17:00:00.000Z,2.09295,2.09372,2.09064,2.09204,8899
2024-04-09T21:00:00.000Z,2.09223,2.09261,2.08891,2.09094,6030
2024-04-10T01:00:00.000Z,2.09101,2.09416,2.08568,2.08728,9849
2024-04-10T05:00:00.000Z,2.08733,2.09061,2.08596,2.08987,11428
2024-04-10T09:00:00.000Z,2.08987,2.09872,2.08617,2.09626,17713
2024-04-10T13:00:00.000Z,2.09624,2.09978,2.095,2.09772,30841
2024-04-10T17:00:00.000Z,2.09773,2.0993,2.09672,2.09879,19342
2024-04-10T21:00:00.000Z,2.09609,2.0989,2.0953,2.09805,10413
2024-04-11T01:00:00.000Z,2.09806,2.09837,2.09573,2.09606,11970
2024-04-11T05:00:00.000Z,2.09608,2.09884,2.09385,2.09611,19462
2024-04-11T09:00:00.000Z,2.09612,2.098,2.09188,2.092,21816
2024-04-11T13:00:00.000Z,2.09197,2.09648,2.09015,2.09449,26982
2024-04-11T17:00:00.000Z,2.09457,2.09492,2.09249,2.09373,13645
2024-04-11T21:00:00.000Z,2.09189,2.09338,2.09045,2.09094,8254
2024-04-12T01:00:00.000Z,2.091,2.09218,2.08906,2.0914,13302
2024-04-12T05:00:00.000Z,2.09142,2.09544,2.09115,2.09344,18953
2024-04-12T09:00:00.000Z,2.09342,2.09497,2.09086,2.09213,20524
2024-04-12T13:00:00.000Z,2.09214,2.0962,2.09184,2.09608,30181
2024-04-12T17:00:00.000Z,2.09607,2.09781,2.09596,2.09687,16767
2024-04-14T21:00:00.000Z,2.09387,2.09824,2.09243,2.0981,11162
2024-04-15T01:00:00.000Z,2.09801,2.09885,2.09309,2.09497,17546
2024-04-15T05:00:00.000Z,2.09498,2.10215,2.09466,2.10101,20441
2024-04-15T09:00:00.000Z,2.10102,2.10299,2.09979,2.1024,18966
2024-04-15T13:00:00.000Z,2.10243,2.10636,2.10201,2.10466,25907
2024-04-15T17:00:00.000Z,2.10462,2.1094,2.10441,2.10799,15444
2024-04-15T21:00:00.000Z,2.10604,2.11129,2.10535,2.11072,8156
2024-04-16T01:00:00.000Z,2.11075,2.11505,2.10966,2.11217,15474
2024-04-16T05:00:00.000Z,2.11217,2.1129,2.10767,2.11213,21318
2024-04-16T09:00:00.000Z,2.11214,2.1178,2.11214,2.11698,18627
2024-04-16T13:00:00.000Z,2.11689,2.12039,2.11183,2.11226,26678
2024-04-16T17:00:00.000Z,2.1123,2.11393,2.11102,2.113,20641
2024-04-16T21:00:00.000Z,2.11167,2.11941,2.10616,2.10674,9650
2024-04-17T01:00:00.000Z,2.1068,2.10836,2.10406,2.10576,15412
2024-04-17T05:00:00.000Z,2.10576,2.11127,2.10524,2.11058,21413
2024-04-17T09:00:00.000Z,2.11058,2.11188,2.10717,2.10845,18187
2024-04-17T13:00:00.000Z,2.10849,2.1104,2.10625,2.10639,29260
2024-04-17T17:00:00.000Z,2.10638,2.10646,2.10304,2.10497,20237
2024-04-17T21:00:00.000Z,2.10279,2.10747,2.10223,2.10566,8254
2024-04-18T01:00:00.000Z,2.1055,2.10636,2.10289,2.10615,13446
2024-04-18T05:00:00.000Z,2.10613,2.10741,2.10266,2.10345,17584
2024-04-18T09:00:00.000Z,2.10341,2.10524,2.10181,2.10293,17204
2024-04-18T13:00:00.000Z,2.10291,2.1074,2.10227,2.10645,25239
2024-04-18T17:00:00.000Z,2.10647,2.10843,2.10603,2.10711,15744
2024-04-18T21:00:00.000Z,2.10646,2.10821,2.10509,2.10798,8652
2024-04-19T01:00:00.000Z,2.10797,2.11706,2.10762,2.11074,29936
2024-04-19T05:00:00.000Z,2.11079,2.11237,2.10939,2.11182,23174
2024-04-19T09:00:00.000Z,2.11172,2.11477,2.11079,2.11183,19631
2024-04-19T13:00:00.000Z,2.1118,2.11375,2.10228,2.10284,26202
2024-04-19T17:00:00.000Z,2.1028,2.10309,2.09943,2.10079,16340
2024-04-21T21:00:00.000Z,2.10038,2.10116,2.09426,2.09484,9877
2024-04-22T01:00:00.000Z,2.09482,2.09532,2.08991,2.09515,12266
2024-04-22T05:00:00.000Z,2.09514,2.09627,2.09118,2.09336,16619
2024-04-22T09:00:00.000Z,2.09339,2.09369,2.08387,2.08406,19092
2024-04-22T13:00:00.000Z,2.08402,2.08917,2.08367,2.08834,21832
2024-04-22T17:00:00.000Z,2.08835,2.08842,2.08606,2.08689,11188
2024-04-22T21:00:00.000Z,2.08431,2.08739,2.08417,2.08468,5522
2024-04-23T01:00:00.000Z,2.08484,2.08757,2.0842,2.08733,12950
2024-04-23T05:00:00.000Z,2.08732,2.09495,2.08551,2.09394,18367
2024-04-23T09:00:00.000Z,2.09394,2.09774,2.08941,2.09462,17883
2024-04-23T13:00:00.000Z,2.0946,2.09646,2.09209,2.09532,24215
2024-04-23T17:00:00.000Z,2.09532,2.09908,2.09498,2.09863,11865
2024-04-23T21:00:00.000Z,2.09538,2.0986,2.09534,2.0964,8430
2024-04-24T01:00:00.000Z,2.09639,2.09812,2.09331,2.09466,13718
2024-04-24T05:00:00.000Z,2.09472,2.09624,2.09256,2.09277,15316
2024-04-24T09:00:00.000Z,2.09273,2.09904,2.09233,2.09868,15477
2024-04-24T13:00:00.000Z,2.0987,2.09974,2.09613,2.09951,23497
2024-04-24T17:00:00.000Z,2.09953,2.10057,2.09804,2.09968,13059
2024-04-24T21:00:00.000Z,2.0984,2.0998,2.09689,2.09822,7341
2024-04-25T01:00:00.000Z,2.09827,2.09955,2.09663,2.09789,13218
2024-04-25T05:00:00.000Z,2.0979,2.1004,2.09769,2.09971,17209
2024-04-25T09:00:00.000Z,2.09971,2.10439,2.09762,2.10425,19260
2024-04-25T13:00:00.000Z,2.10427,2.10557,2.10229,2.10509,27894
2024-04-25T17:00:00.000Z,2.10495,2.10568,2.10195,2.10318,15001
2024-04-25T21:00:00.000Z,2.10268,2.10322,2.096,2.09687,7734
2024-04-26T01:00:00.000Z,2.0969,2.09915,2.09526,2.09861,11947
2024-04-26T05:00:00.000Z,2.09861,2.10155,2.09604,2.10122,19377
2024-04-26T09:00:00.000Z,2.10125,2.1042,2.10056,2.10057,20134
2024-04-26T13:00:00.000Z,2.10062,2.10204,2.09673,2.10167,25495
2024-04-26T17:00:00.000Z,2.10176,2.10397,2.1012,2.10292,10492
2024-04-28T21:00:00.000Z,2.09603,2.10505,2.09559,2.1034,6047
2024-04-29T01:00:00.000Z,2.1034,2.10354,2.09584,2.09934,15408
2024-04-29T05:00:00.000Z,2.09934,2.10118,2.09753,2.09893,21378
2024-04-29T09:00:00.000Z,2.09894,2.10114,2.09634,2.10017,15449
2024-04-29T13:00:00.000Z,2.10015,2.10265,2.09835,2.10084,18633
2024-04-29T17:00:00.000Z,2.10093,2.10176,2.0997,2.10124,10773
2024-04-29T21:00:00.000Z,2.09879,2.10436,2.09864,2.10338,5727
2024-04-30T01:00:00.000Z,2.10337,2.10913,2.10208,2.10869,9882
2024-04-30T05:00:00.000Z,2.10871,2.11258,2.10854,2.10974,13239
2024-04-30T09:00:00.000Z,2.10976,2.11554,2.10727,2.11547,17312
2024-04-30T13:00:00.000Z,2.11547,2.1191,2.11487,2.11802,25588
2024-04-30T17:00:00.000Z,2.11803,2.12197,2.11723,2.12162,11472
2024-04-30T21:00:00.000Z,2.11763,2.1259,2.11738,2.12177,7513
2024-05-01T01:00:00.000Z,2.12177,2.1223,2.1185,2.11963,6095
2024-05-01T05:00:00.000Z,2.11967,2.12229,2.11773,2.12174,10282
2024-05-01T09:00:00.000Z,2.12173,2.12182,2.11653,2.11713,13559
2024-05-01T13:00:00.000Z,2.11711,2.11847,2.11423,2.11622,20046
2024-05-01T17:00:00.000Z,2.11632,2.11802,2.11076,2.11191,27329
2024-05-01T21:00:00.000Z,2.11074,2.11591,2.11057,2.11574,10411
2024-05-02T01:00:00.000Z,2.11578,2.11688,2.1136,2.11459,11752
2024-05-02T05:00:00.000Z,2.11459,2.11474,2.10787,2.10984,18751
2024-05-02T09:00:00.000Z,2.10984,2.11285,2.10823,2.11065,19089
2024-05-02T13:00:00.000Z,2.11065,2.11069,2.10309,2.10366,25920
2024-05-02T17:00:00.000Z,2.1036,2.10425,2.10072,2.10237,13185
2024-05-02T21:00:00.000Z,2.10096,2.10392,2.10001,2.10123,7764
2024-05-03T01:00:00.000Z,2.10126,2.1039,2.09972,2.10232,10574
2024-05-03T05:00:00.000Z,2.10239,2.10324,2.09935,2.09996,14558
2024-05-03T09:00:00.000Z,2.09993,2.10108,2.08704,2.08773,18810
2024-05-03T13:00:00.000Z,2.08774,2.08864,2.08261,2.08617,30320
2024-05-03T17:00:00.000Z,2.08619,2.0879,2.08499,2.08728,11065
2024-05-05T21:00:00.000Z,2.083,2.0903,2.08294,2.08984,6777
2024-05-06T01:00:00.000Z,2.08979,2.0921,2.08789,2.09056,9083
2024-05-06T05:00:00.000Z,2.0905,2.09106,2.08831,2.09014,12117
2024-05-06T09:00:00.000Z,2.09013,2.09091,2.08714,2.0889,12769
2024-05-06T13:00:00.000Z,2.0889,2.09245,2.0886,2.08985,14895
2024-05-06T17:00:00.000Z,2.08985,2.09059,2.08887,2.08978,8272
2024-05-06T21:00:00.000Z,2.087,2.09128,2.08644,2.0869,6304
2024-05-07T01:00:00.000Z,2.08694,2.09045,2.08624,2.08855,10094
2024-05-07T05:00:00.000Z,2.08859,2.08999,2.08612,2.08651,14844
2024-05-07T09:00:00.000Z,2.08658,2.08913,2.08566,2.08677,13972
2024-05-07T13:00:00.000Z,2.0868,2.08873,2.08432,2.08507,17564
2024-05-07T17:00:00.000Z,2.08501,2.08543,2.08361,2.08394,12056
2024-05-07T21:00:00.000Z,2.08237,2.08548,2.08134,2.08476,6672
2024-05-08T01:00:00.000Z,2.08478,2.08699,2.08324,2.08376,13887
2024-05-08T05:00:00.000Z,2.08378,2.08535,2.08235,2.08518,15370
2024-05-08T09:00:00.000Z,2.08518,2.08682,2.08375,2.0843,15593
2024-05-08T13:00:00.000Z,2.08429,2.08433,2.0812,2.08307,18449
2024-05-08T17:00:00.000Z,2.08307,2.0836,2.08114,2.08135,9266
2024-05-08T21:00:00.000Z,2.07995,2.08401,2.07915,2.08372,6281
2024-05-09T01:00:00.000Z,2.08372,2.08372,2.07964,2.08092,12754
2024-05-09T05:00:00.000Z,2.08092,2.08258,2.07894,2.08023,13221
2024-05-09T09:00:00.000Z,2.08025,2.0825,2.07484,2.0783,21462
2024-05-09T13:00:00.000Z,2.07829,2.08,2.07649,2.07786,21351
2024-05-09T17:00:00.000Z,2.07793,2.07848,2.07503,2.07518,11109
2024-05-09T21:00:00.000Z,2.07397,2.07674,2.07351,2.07657,9340
2024-05-10T01:00:00.000Z,2.07657,2.08068,2.07571,2.07791,14141
2024-05-10T05:00:00.000Z,2.0779,2.08316,2.07698,2.08295,19414
2024-05-10T09:00:00.000Z,2.08299,2.08339,2.08032,2.0812,18956
2024-05-10T13:00:00.000Z,2.08123,2.08244,2.07738,2.08216,24225
2024-05-10T17:00:00.000Z,2.08217,2.08246,2.08017,2.08065,9695
2024-05-12T21:00:00.000Z,2.07905,2.08264,2.0771,2.0815,5188
2024-05-13T01:00:00.000Z,2.08154,2.08709,2.08095,2.08506,12253
2024-05-13T05:00:00.000Z,2.08506,2.08695,2.08312,2.08464,13145
2024-05-13T09:00:00.000Z,2.08468,2.08593,2.08299,2.08356,19860
2024-05-13T13:00:00.000Z,2.08353,2.08806,2.08234,2.08768,24635
2024-05-13T17:00:00.000Z,2.08769,2.08803,2.08577,2.08718,15034
2024-05-13T21:00:00.000Z,2.08572,2.08782,2.0845,2.08717,10413
2024-05-14T01:00:00.000Z,2.08715,2.08892,2.0866,2.08719,17010
2024-05-14T05:00:00.000Z,2.0872,2.08793,2.0773,2.07964,20146
2024-05-14T09:00:00.000Z,2.07962,2.08929,2.07887,2.08436,22049
2024-05-14T13:00:00.000Z,2.08433,2.08652,2.08356,2.08552,26240
2024-05-14T17:00:00.000Z,2.08553,2.08592,2.08357,2.08422,11316
2024-05-14T21:00:00.000Z,2.08321,2.08477,2.08057,2.08282,6826
2024-05-15T01:00:00.000Z,2.08285,2.08323,2.07845,2.07911,11207
2024-05-15T05:00:00.000Z,2.0791,2.0802,2.07684,2.08002,16480
2024-05-15T09:00:00.000Z,2.08002,2.08314,2.0724,2.07842,20755
2024-05-15T13:00:00.000Z,2.07844,2.08275,2.07242,2.07246,28808
2024-05-15T17:00:00.000Z,2.07245,2.07256,2.07071,2.07197,13747
2024-05-15T21:00:00.000Z,2.07095,2.07299,2.06745,2.06872,9751
2024-05-16T01:00:00.000Z,2.06872,2.07378,2.06863,2.07179,17087
2024-05-16T05:00:00.000Z,2.07181,2.07498,2.07143,2.07336,17952
2024-05-16T09:00:00.000Z,2.07337,2.07516,2.07163,2.07314,18446
2024-05-16T13:00:00.000Z,2.07313,2.07492,2.06996,2.07086,21431
2024-05-16T17:00:00.000Z,2.07085,2.07147,2.06937,2.06937,12108
2024-05-16T21:00:00.000Z,2.0688,2.07028,2.06807,2.07026,7663
2024-05-17T01:00:00.000Z,2.07025,2.07239,2.06932,2.07065,13684
2024-05-17T05:00:00.000Z,2.07066,2.07212,2.06825,2.0713,16509
2024-05-17T09:00:00.000Z,2.07129,2.07315,2.07092,2.07114,14062
2024-05-17T13:00:00.000Z,2.07114,2.07289,2.06942,2.0709,21433
2024-05-17T17:00:00.000Z,2.07092,2.07202,2.06952,2.07017,9398
2024-05-19T21:00:00.000Z,2.06878,2.07306,2.06795,2.07296,4971
2024-05-20T01:00:00.000Z,2.07296,2.07474,2.0717,2.07283,5876
2024-05-20T05:00:00.000Z,2.07283,2.07639,2.07036,2.07617,11017
2024-05-20T09:00:00.000Z,2.07613,2.0827,2.07414,2.08078,17084
2024-05-20T13:00:00.000Z,2.0807,2.08079,2.07682,2.08057,20599
2024-05-20T17:00:00.000Z,2.08056,2.08119,2.07947,2.08081,10689
2024-05-20T21:00:00.000Z,2.07903,2.08131,2.0783,2.08079,6670
2024-05-21T01:00:00.000Z,2.08075,2.08537,2.08062,2.08336,14536
2024-05-21T05:00:00.000Z,2.08336,2.08491,2.08193,2.08262,16264
2024-05-21T09:00:00.000Z,2.08261,2.08504,2.08204,2.08318,16327
2024-05-21T13:00:00.000Z,2.08316,2.08644,2.08176,2.08521,24900
2024-05-21T17:00:00.000Z,2.0852,2.08637,2.0845,2.08596,10323
2024-05-21T21:00:00.000Z,2.08411,2.08623,2.08366,2.08428,8294
2024-05-22T01:00:00.000Z,2.08428,2.0852,2.06766,2.07751,16188
2024-05-22T05:00:00.000Z,2.07749,2.08574,2.07378,2.0816,19477
2024-05-22T09:00:00.000Z,2.08158,2.08266,2.07811,2.08189,20614
2024-05-22T13:00:00.000Z,2.08189,2.08651,2.08145,2.08623,24478
2024-05-22T17:00:00.000Z,2.08622,2.08964,2.08595,2.08602,19313
2024-05-22T21:00:00.000Z,2.08568,2.08686,2.0824,2.08381,9595
2024-05-23T01:00:00.000Z,2.08378,2.08436,2.07907,2.07952,14450
2024-05-23T05:00:00.000Z,2.07953,2.08426,2.07918,2.08015,20741
2024-05-23T09:00:00.000Z,2.08014,2.08025,2.07583,2.07771,19749
2024-05-23T13:00:00.000Z,2.07768,2.08318,2.07668,2.08151,30132
2024-05-23T17:00:00.000Z,2.08149,2.08316,2.08097,2.08183,18505
2024-05-23T21:00:00.000Z,2.08058,2.08386,2.08034,2.08301,8620
2024-05-24T01:00:00.000Z,2.08304,2.08482,2.08102,2.08129,13010
2024-05-24T05:00:00.000Z,2.08127,2.08391,2.07897,2.08073,18127
2024-05-24T09:00:00.000Z,2.08077,2.08244,2.08032,2.08158,17668
2024-05-24T13:00:00.000Z,2.08156,2.08324,2.08022,2.08115,24329
2024-05-24T17:00:00.000Z,2.08116,2.08178,2.07938,2.08055,11336
2024-05-26T21:00:00.000Z,2.07976,2.08094,2.07895,2.08041,7960
2024-05-27T01:00:00.000Z,2.08044,2.0805,2.07799,2.07856,8864
2024-05-27T05:00:00.000Z,2.07858,2.07974,2.07673,2.07679,12192
2024-05-27T09:00:00.000Z,2.07677,2.07737,2.07469,2.07531,14300
2024-05-27T13:00:00.000Z,2.07534,2.07774,2.07477,2.07672,13329
2024-05-27T17:00:00.000Z,2.07675,2.07713,2.07528,2.07624,5563
2024-05-27T21:00:00.000Z,2.07533,2.07662,2.07365,2.07437,7468
2024-05-28T01:00:00.000Z,2.07436,2.07512,2.07279,2.07399,14422
2024-05-28T05:00:00.000Z,2.074,2.07496,2.07179,2.07259,17091
2024-05-28T09:00:00.000Z,2.07259,2.07558,2.07143,2.07407,17205
2024-05-28T13:00:00.000Z,2.0742,2.07803,2.07398,2.07707,24783
2024-05-28T17:00:00.000Z,2.07699,2.07861,2.07685,2.07785,16939
2024-05-28T21:00:00.000Z,2.07514,2.07923,2.0745,2.07901,10470
2024-05-29T01:00:00.000Z,2.079,2.0803,2.07512,2.08002,15020
2024-05-29T05:00:00.000Z,2.08,2.08151,2.07774,2.07807,20044
2024-05-29T09:00:00.000Z,2.07806,2.08144,2.07778,2.07882,20365
2024-05-29T13:00:00.000Z,2.0788,2.08035,2.07652,2.07856,27811
2024-05-29T17:00:00.000Z,2.07853,2.07906,2.07549,2.07701,14701
2024-05-29T21:00:00.000Z,2.076,2.07922,2.07561,2.07861,9066
2024-05-30T01:00:00.000Z,2.07863,2.08051,2.07737,2.07963,15252
2024-05-30T05:00:00.000Z,2.07965,2.0833,2.07965,2.08116,21616
2024-05-30T09:00:00.000Z,2.08114,2.08403,2.07844,2.07992,21488
2024-05-30T13:00:00.000Z,2.07991,2.08081,2.07788,2.07905,26210
2024-05-30T17:00:00.000Z,2.07905,2.08255,2.07877,2.08222,13868
2024-05-30T21:00:00.000Z,2.08119,2.0824,2.07837,2.07849,9181
2024-05-31T01:00:00.000Z,2.0785,2.07914,2.07543,2.07718,16998
2024-05-31T05:00:00.000Z,2.07715,2.07736,2.07398,2.07445,19633
2024-05-31T09:00:00.000Z,2.07446,2.07637,2.07051,2.07064,22108
2024-05-31T13:00:00.000Z,2.07073,2.07615,2.06986,2.07465,30132
2024-05-31T17:00:00.000Z,2.07466,2.07483,2.07271,2.07365,15659
2024-06-02T21:00:00.000Z,2.07344,2.07428,2.07166,2.07227,9201
2024-06-03T01:00:00.000Z,2.07227,2.07385,2.0704,2.07286,14253
2024-06-03T05:00:00.000Z,2.07286,2.07575,2.06823,2.06858,21450
2024-06-03T09:00:00.000Z,2.06857,2.07042,2.0655,2.06639,22756
2024-06-03T13:00:00.000Z,2.0664,2.06964,2.06449,2.06905,30875
2024-06-03T17:00:00.000Z,2.06904,2.07154,2.06765,2.06794,17455
2024-06-03T21:00:00.000Z,2.06701,2.07004,2.06701,2.06973,9046
2024-06-04T01:00:00.000Z,2.06971,2.07233,2.06823,2.06897,13779
2024-06-04T05:00:00.000Z,2.06897,2.07144,2.06809,2.07044,23529
2024-06-04T09:00:00.000Z,2.07046,2.07202,2.06751,2.0681,26262
2024-06-04T13:00:00.000Z,2.0681,2.07198,2.06766,2.07122,31502
2024-06-04T17:00:00.000Z,2.07122,2.07192,2.06627,2.06721,18084
2024-06-04T21:00:00.000Z,2.06615,2.06905,2.06566,2.06669,9280
2024-06-05T01:00:00.000Z,2.06667,2.06809,2.06391,2.06441,16482
2024-06-05T05:00:00.000Z,2.06442,2.06725,2.06137,2.06519,19843
2024-06-05T09:00:00.000Z,2.06511,2.0673,2.0649,2.06705,19209
2024-06-05T13:00:00.000Z,2.06713,2.0685,2.06373,2.06611,27775
2024-06-05T17:00:00.000Z,2.06609,2.0665,2.0644,2.06533,12381
2024-06-05T21:00:00.000Z,2.06464,2.06514,2.06257,2.06283,7173
2024-06-06T01:00:00.000Z,2.06289,2.06566,2.06078,2.06512,14769
2024-06-06T05:00:00.000Z,2.06513,2.06875,2.06478,2.06696,17287
2024-06-06T09:00:00.000Z,2.06696,2.06786,2.06498,2.06765,19623
2024-06-06T13:00:00.000Z,2.06765,2.06775,2.0622,2.0623,23671
2024-06-06T17:00:00.000Z,2.0623,2.06326,2.06148,2.06285,13677
2024-06-06T21:00:00.000Z,2.06277,2.0654,2.06208,2.06418,7828
2024-06-07T01:00:00.000Z,2.06418,2.06661,2.06176,2.06344,14818
2024-06-07T05:00:00.000Z,2.06346,2.0672,2.06237,2.06504,20753
2024-06-07T09:00:00.000Z,2.06504,2.07567,2.06376,2.07486,22935
2024-06-07T13:00:00.000Z,2.07486,2.08388,2.0726,2.08171,30250
2024-06-07T17:00:00.000Z,2.08169,2.08466,2.08133,2.08398,14536
2024-06-09T21:00:00.000Z,2.08266,2.08578,2.08125,2.08513,10301
2024-06-10T01:00:00.000Z,2.08512,2.08597,2.08159,2.08187,12023
2024-06-10T05:00:00.000Z,2.08185,2.08338,2.07992,2.08076,20714
2024-06-10T09:00:00.000Z,2.08076,2.08233,2.07739,2.08155,22312
2024-06-10T13:00:00.000Z,2.08154,2.08205,2.07833,2.07953,22822
2024-06-10T17:00:00.000Z,2.07954,2.08063,2.07738,2.07744,16247
2024-06-10T21:00:00.000Z,2.07672,2.07743,2.07528,2.07678,9700
2024-06-11T01:00:00.000Z,2.07678,2.08143,2.07667,2.08051,15081
2024-06-11T05:00:00.000Z,2.0805,2.08062,2.07476,2.07723,19378
2024-06-11T09:00:00.000Z,2.07725,2.08164,2.07692,2.07885,23561
2024-06-11T13:00:00.000Z,2.07887,2.07917,2.07396,2.07457,23945
2024-06-11T17:00:00.000Z,2.07458,2.07464,2.07256,2.07317,13789
2024-06-11T21:00:00.000Z,2.07287,2.07551,2.07204,2.07463,6434
2024-06-12T01:00:00.000Z,2.07465,2.07514,2.07241,2.07383,12649
2024-06-12T05:00:00.000Z,2.07381,2.07728,2.0723,2.0767,18262
2024-06-12T09:00:00.000Z,2.07671,2.07766,2.06686,2.06978,18255
2024-06-12T13:00:00.000Z,2.0698,2.07099,2.06349,2.06651,24094
2024-06-12T17:00:00.000Z,2.06651,2.07195,2.06558,2.0693,21525
2024-06-12T21:00:00.000Z,2.0688,2.07024,2.06704,2.06977,8033
2024-06-13T01:00:00.000Z,2.06976,2.07255,2.0691,2.07173,11479
2024-06-13T05:00:00.000Z,2.07175,2.07263,2.07007,2.07119,15499
2024-06-13T09:00:00.000Z,2.0712,2.07133,2.06561,2.06841,17365
2024-06-13T13:00:00.000Z,2.06844,2.07221,2.06694,2.06788,22969
2024-06-13T17:00:00.000Z,2.06792,2.06986,2.06653,2.0688,12915
2024-06-13T21:00:00.000Z,2.06695,2.0739,2.06552,2.07377,7399
2024-06-14T01:00:00.000Z,2.07379,2.07405,2.07104,2.07275,14789
2024-06-14T05:00:00.000Z,2.07272,2.07572,2.07201,2.07373,21050
2024-06-14T09:00:00.000Z,2.07378,2.0747,2.06795,2.07015,24929
2024-06-14T13:00:00.000Z,2.07015,2.0707,2.06464,2.06564,22189
2024-06-14T17:00:00.000Z,2.06563,2.06802,2.06509,2.06544,11798
2024-06-16T21:00:00.000Z,2.06663,2.06886,2.06336,2.06879,8846
2024-06-17T01:00:00.000Z,2.06878,2.07098,2.06836,2.07056,10451
2024-06-17T05:00:00.000Z,2.07057,2.07335,2.06973,2.07044,17703
2024-06-17T09:00:00.000Z,2.07049,2.07476,2.06832,2.07318,16722
2024-06-17T13:00:00.000Z,2.0732,2.0749,2.07165,2.07369,18294
2024-06-17T17:00:00.000Z,2.07368,2.07368,2.07153,2.0724,10767
2024-06-17T21:00:00.000Z,2.07158,2.07269,2.07026,2.07141,8379
2024-06-18T01:00:00.000Z,2.07135,2.0764,2.07078,2.07526,14081
2024-06-18T05:00:00.000Z,2.07531,2.07917,2.07222,2.07679,19515
2024-06-18T09:00:00.000Z,2.07674,2.07994,2.07381,2.07556,19270
2024-06-18T13:00:00.000Z,2.07555,2.07668,2.06558,2.06729,21951
2024-06-18T17:00:00.000Z,2.0673,2.06921,2.06684,2.06789,13808
2024-06-18T21:00:00.000Z,2.06644,2.06994,2.06644,2.06926,7477
2024-06-19T01:00:00.000Z,2.06927,2.07235,2.06904,2.07202,10075
2024-06-19T05:00:00.000Z,2.07209,2.0753,2.06961,2.07412,16211
2024-06-19T09:00:00.000Z,2.0742,2.07608,2.07303,2.07334,15338
2024-06-19T13:00:00.000Z,2.07327,2.07538,2.07303,2.0747,12102
2024-06-19T17:00:00.000Z,2.07471,2.07526,2.07402,2.07433,4119
2024-06-19T21:00:00.000Z,2.07211,2.0752,2.06886,2.07367,9043
2024-06-20T01:00:00.000Z,2.07366,2.07512,2.07206,2.07268,12076
2024-06-20T05:00:00.000Z,2.07269,2.07375,2.07094,2.07237,15645
2024-06-20T09:00:00.000Z,2.07239,2.07352,2.06818,2.06968,18787
2024-06-20T13:00:00.000Z,2.06962,2.07159,2.06801,2.07034,21015
2024-06-20T17:00:00.000Z,2.07032,2.07054,2.06764,2.06824,14619
2024-06-20T21:00:00.000Z,2.06705,2.0693,2.06637,2.06919,7645
2024-06-21T01:00:00.000Z,2.0692,2.0692,2.06674,2.06685,10702
2024-06-21T05:00:00.000Z,2.06688,2.06903,2.06195,2.06498,17237
2024-06-21T09:00:00.000Z,2.06498,2.06638,2.06116,2.06346,17436
2024-06-21T13:00:00.000Z,2.06345,2.06745,2.06294,2.06553,20910
2024-06-21T17:00:00.000Z,2.06552,2.06747,2.06503,2.06599,10219
2024-06-23T21:00:00.000Z,2.06431,2.06854,2.06427,2.06792,7956
2024-06-24T01:00:00.000Z,2.06792,2.06929,2.0672,2.06875,12684
2024-06-24T05:00:00.000Z,2.06872,2.06914,2.06544,2.06547,16327
2024-06-24T09:00:00.000Z,2.06547,2.07084,2.06532,2.06884,20681
2024-06-24T13:00:00.000Z,2.06887,2.07126,2.0678,2.07042,23351
2024-06-24T17:00:00.000Z,2.07044,2.07132,2.06991,2.07107,15589
2024-06-24T21:00:00.000Z,2.06936,2.07309,2.06812,2.07254,10659
2024-06-25T01:00:00.000Z,2.07255,2.07416,2.07133,2.07324,15898
2024-06-25T05:00:00.000Z,2.07325,2.07355,2.06972,2.07277,17652
2024-06-25T09:00:00.000Z,2.07286,2.07334,2.07033,2.07242,19545
2024-06-25T13:00:00.000Z,2.07242,2.076,2.07132,2.07494,24409
2024-06-25T17:00:00.000Z,2.07493,2.07552,2.07265,2.07281,13424
2024-06-25T21:00:00.000Z,2.07057,2.0742,2.06963,2.07344,8368
2024-06-26T01:00:00.000Z,2.07343,2.07567,2.07098,2.07524,17419
2024-06-26T05:00:00.000Z,2.07523,2.0753,2.07199,2.07484,20928
2024-06-26T09:00:00.000Z,2.07483,2.07799,2.07311,2.07693,23221
2024-06-26T13:00:00.000Z,2.07696,2.07898,2.07348,2.07678,26814
2024-06-26T17:00:00.000Z,2.0768,2.07752,2.07409,2.07467,15727
2024-06-26T21:00:00.000Z,2.07434,2.07843,2.07259,2.07798,10364
2024-06-27T01:00:00.000Z,2.07795,2.07803,2.07509,2.07574,15202
2024-06-27T05:00:00.000Z,2.07575,2.07625,2.07249,2.07264,20758
2024-06-27T09:00:00.000Z,2.07265,2.07495,2.07197,2.07235,23316
2024-06-27T13:00:00.000Z,2.07236,2.0785,2.07223,2.07759,26271
2024-06-27T17:00:00.000Z,2.07757,2.07843,2.07688,2.07789,14776
2024-06-27T21:00:00.000Z,2.07372,2.07924,2.07372,2.07922,9250
2024-06-28T01:00:00.000Z,2.07922,2.08364,2.07883,2.08312,20107
2024-06-28T05:00:00.000Z,2.08312,2.08593,2.08071,2.08145,20935
2024-06-28T09:00:00.000Z,2.08142,2.08186,2.07616,2.07641,24127
2024-06-28T13:00:00.000Z,2.07642,2.07642,2.07141,2.07394,31017
2024-06-28T17:00:00.000Z,2.07396,2.07626,2.07229,2.07569,16327
2024-06-30T21:00:00.000Z,2.07233,2.07567,2.07158,2.07462,11988
2024-07-01T01:00:00.000Z,2.07459,2.07601,2.07446,2.0757,16140
2024-07-01T05:00:00.000Z,2.07575,2.07949,2.07513,2.07614,23379
2024-07-01T09:00:00.000Z,2.07614,2.082,2.07601,2.08083,22473
2024-07-01T13:00:00.000Z,2.08078,2.08392,2.07989,2.08282,28190
2024-07-01T17:00:00.000Z,2.08282,2.08297,2.08076,2.08213,12841
2024-07-01T21:00:00.000Z,2.07939,2.08724,2.07855,2.0872,9049
2024-07-02T01:00:00.000Z,2.0872,2.08896,2.08554,2.08654,14975
2024-07-02T05:00:00.000Z,2.08651,2.08803,2.0845,2.08488,21162
2024-07-02T09:00:00.000Z,2.08486,2.08948,2.08486,2.08843,20770
2024-07-02T13:00:00.000Z,2.08854,2.08946,2.08483,2.08673,27318
2024-07-02T17:00:00.000Z,2.08673,2.08718,2.08561,2.08676,13034
2024-07-02T21:00:00.000Z,2.08384,2.08708,2.08384,2.0862,8374
2024-07-03T01:00:00.000Z,2.08618,2.08761,2.08538,2.08757,13779
2024-07-03T05:00:00.000Z,2.08761,2.0893,2.08634,2.08915,19212
2024-07-03T09:00:00.000Z,2.08916,2.09394,2.08906,2.0918,20330
2024-07-03T13:00:00.000Z,2.0918,2.09238,2.08436,2.08667,27588
2024-07-03T17:00:00.000Z,2.08665,2.08818,2.0865,2.08759,10575
2024-07-03T21:00:00.000Z,2.08698,2.08861,2.08515,2.08537,7433
2024-07-04T01:00:00.000Z,2.08538,2.08707,2.08432,2.0861,12877
2024-07-04T05:00:00.000Z,2.08608,2.0865,2.08416,2.08517,18403
2024-07-04T09:00:00.000Z,2.08523,2.08601,2.08309,2.08389,16871
2024-07-04T13:00:00.000Z,2.08385,2.08689,2.08356,2.08508,13512
2024-07-04T17:00:00.000Z,2.08506,2.08628,2.08504,2.08587,2199
2024-07-04T21:00:00.000Z,2.08488,2.08678,2.08481,2.08647,8867
2024-07-05T01:00:00.000Z,2.08646,2.08678,2.08505,2.08674,15400
2024-07-05T05:00:00.000Z,2.08677,2.08911,2.08629,2.08783,18791
2024-07-05T09:00:00.000Z,2.08783,2.09022,2.08463,2.08877,21086
2024-07-05T13:00:00.000Z,2.08877,2.0915,2.08587,2.08617,30047
2024-07-05T17:00:00.000Z,2.08612,2.08683,2.08416,2.08518,11140
2024-07-07T21:00:00.000Z,2.08386,2.08674,2.08209,2.08661,10587
2024-07-08T01:00:00.000Z,2.08663,2.0869,2.08292,2.08442,13267
2024-07-08T05:00:00.000Z,2.08443,2.08982,2.08443,2.08972,21483
2024-07-08T09:00:00.000Z,2.08977,2.09224,2.08785,2.09059,19782
2024-07-08T13:00:00.000Z,2.09061,2.09221,2.09011,2.09033,21101
2024-07-08T17:00:00.000Z,2.09032,2.09175,2.08939,2.09041,10501
2024-07-08T21:00:00.000Z,2.08915,2.09159,2.08837,2.09143,7061
2024-07-09T01:00:00.000Z,2.09143,2.09312,2.08961,2.09083,13232
2024-07-09T05:00:00.000Z,2.09084,2.09395,2.0902,2.0939,17784
2024-07-09T09:00:00.000Z,2.09389,2.09578,2.09193,2.09271,19166
2024-07-09T13:00:00.000Z,2.09273,2.09345,2.08794,2.08814,25952
2024-07-09T17:00:00.000Z,2.08814,2.08829,2.08701,2.08765,13149
2024-07-09T21:00:00.000Z,2.0853,2.08776,2.08347,2.08723,6521
2024-07-10T01:00:00.000Z,2.08721,2.10432,2.08604,2.10027,15457
2024-07-10T05:00:00.000Z,2.10018,2.10873,2.09851,2.10794,18360
2024-07-10T09:00:00.000Z,2.10794,2.11017,2.10578,2.1068,18721
2024-07-10T13:00:00.000Z,2.10681,2.11207,2.10583,2.11185,22319
2024-07-10T17:00:00.000Z,2.11177,2.11354,2.11099,2.11261,11235
2024-07-10T21:00:00.000Z,2.11094,2.11339,2.11036,2.11107,5996
2024-07-11T01:00:00.000Z,2.11109,2.11275,2.10862,2.10917,10938
2024-07-11T05:00:00.000Z,2.10919,2.11412,2.10867,2.11329,18109
2024-07-11T09:00:00.000Z,2.11331,2.11657,2.10889,2.11135,21766
2024-07-11T13:00:00.000Z,2.11131,2.11596,2.11063,2.11519,32252
2024-07-11T17:00:00.000Z,2.11515,2.11905,2.11469,2.11826,17939
2024-07-11T21:00:00.000Z,2.11487,2.12335,2.11373,2.12265,14784
2024-07-12T01:00:00.000Z,2.1226,2.12412,2.11541,2.11602,16901
2024-07-12T05:00:00.000Z,2.116,2.11945,2.11567,2.11882,20959
2024-07-12T09:00:00.000Z,2.11882,2.122,2.11714,2.12127,22116
2024-07-12T13:00:00.000Z,2.12121,2.12255,2.11786,2.12242,27908
2024-07-12T17:00:00.000Z,2.12242,2.12324,2.12109,2.12241,10971
2024-07-14T21:00:00.000Z,2.12116,2.12843,2.121,2.12649,14305
2024-07-15T01:00:00.000Z,2.12649,2.12842,2.12567,2.12714,12579
2024-07-15T05:00:00.000Z,2.12714,2.13104,2.12651,2.12937,20164
2024-07-15T09:00:00.000Z,2.12939,2.13299,2.12847,2.13163,21644
2024-07-15T13:00:00.000Z,2.13161,2.13265,2.12927,2.13092,26078
2024-07-15T17:00:00.000Z,2.13092,2.13543,2.13082,2.13446,17564
2024-07-15T21:00:00.000Z,2.13322,2.1382,2.13114,2.13781,8903
2024-07-16T01:00:00.000Z,2.13781,2.14176,2.13687,2.14122,13740
2024-07-16T05:00:00.000Z,2.14121,2.1423,2.13811,2.13969,21076
2024-07-16T09:00:00.000Z,2.13969,2.14166,2.13514,2.14046,23594
2024-07-16T13:00:00.000Z,2.14045,2.14501,2.14012,2.14468,25005
2024-07-16T17:00:00.000Z,2.1447,2.14477,2.14352,2.14452,13549
2024-07-16T21:00:00.000Z,2.14241,2.14922,2.13343,2.1345,11146
2024-07-17T01:00:00.000Z,2.13451,2.13859,2.13304,2.1374,11720
2024-07-17T05:00:00.000Z,2.13741,2.14209,2.13672,2.13887,26382
2024-07-17T09:00:00.000Z,2.13888,2.14335,2.13841,2.14149,22009
2024-07-17T13:00:00.000Z,2.1415,2.14422,2.14041,2.14154,28403
2024-07-17T17:00:00.000Z,2.14159,2.14274,2.13836,2.1386,16545
2024-07-17T21:00:00.000Z,2.13869,2.14184,2.13685,2.14102,10564
2024-07-18T01:00:00.000Z,2.14102,2.14394,2.13783,2.14137,17025
2024-07-18T05:00:00.000Z,2.14136,2.14216,2.13753,2.13898,23471
2024-07-18T09:00:00.000Z,2.13896,2.14052,2.13683,2.13736,21098
2024-07-18T13:00:00.000Z,2.13732,2.13993,2.13639,2.13913,28592
2024-07-18T17:00:00.000Z,2.13912,2.14154,2.13846,2.1409,17434
2024-07-18T21:00:00.000Z,2.14005,2.14527,2.13707,2.1452,10100
2024-07-19T01:00:00.000Z,2.1452,2.14848,2.14455,2.1483,14895
2024-07-19T05:00:00.000Z,2.14829,2.14836,2.14197,2.14339,23983
2024-07-19T09:00:00.000Z,2.14341,2.14642,2.14236,2.1463,21473
2024-07-19T13:00:00.000Z,2.14628,2.14826,2.14518,2.14786,25851
2024-07-19T17:00:00.000Z,2.14784,2.14973,2.14712,2.14862,14579
2024-07-21T21:00:00.000Z,2.14487,2.14993,2.1438,2.14955,12439
2024-07-22T01:00:00.000Z,2.14955,2.15551,2.14773,2.1553,16338
2024-07-22T05:00:00.000Z,2.15525,2.15581,2.15204,2.15431,23326
2024-07-22T09:00:00.000Z,2.15431,2.15836,2.15355,2.15767,21956
2024-07-22T13:00:00.000Z,2.15769,2.16232,2.15744,2.16222,25289
2024-07-22T17:00:00.000Z,2.16221,2.16306,2.16106,2.16279,12979
2024-07-22T21:00:00.000Z,2.16116,2.16636,2.16045,2.16619,9317
2024-07-23T01:00:00.000Z,2.1662,2.167,2.16384,2.16692,14694
2024-07-23T05:00:00.000Z,2.16688,2.1674,2.16441,2.16689,22166
2024-07-23T09:00:00.000Z,2.1669,2.16724,2.16162,2.16496,22866
2024-07-23T13:00:00.000Z,2.16508,2.16904,2.16479,2.16849,23167
2024-07-23T17:00:00.000Z,2.16848,2.16863,2.16646,2.16698,13778
2024-07-23T21:00:00.000Z,2.16453,2.1706,2.16373,2.16945,9396
2024-07-24T01:00:00.000Z,2.16943,2.1789,2.1685,2.17753,17167
2024-07-24T05:00:00.000Z,2.17759,2.17764,2.17178,2.17617,23343
2024-07-24T09:00:00.000Z,2.17621,2.1766,2.17341,2.1738,22662
2024-07-24T13:00:00.000Z,2.17379,2.17664,2.1711,2.17471,26774
2024-07-24T17:00:00.000Z,2.17469,2.17803,2.17383,2.17651,16482
2024-07-24T21:00:00.000Z,2.17411,2.18017,2.17299,2.17864,12343
2024-07-25T01:00:00.000Z,2.17862,2.17953,2.1758,2.17953,18460
2024-07-25T05:00:00.000Z,2.17954,2.18157,2.17661,2.17951,27109
2024-07-25T09:00:00.000Z,2.17949,2.18646,2.17888,2.18465,27113
2024-07-25T13:00:00.000Z,2.18465,2.18471,2.18046,2.18157,32553
2024-07-25T17:00:00.000Z,2.18162,2.18405,2.1812,2.18268,19779
2024-07-25T21:00:00.000Z,2.18041,2.18408,2.17883,2.18374,10735
2024-07-26T01:00:00.000Z,2.18371,2.1858,2.18174,2.18427,14355
2024-07-26T05:00:00.000Z,2.18424,2.18429,2.17933,2.17946,19804
2024-07-26T09:00:00.000Z,2.17947,2.18529,2.17945,2.18255,20803
2024-07-26T13:00:00.000Z,2.18258,2.18321,2.17866,2.18253,25196
2024-07-26T17:00:00.000Z,2.18254,2.18641,2.18225,2.18459,14268
2024-07-28T21:00:00.000Z,2.18242,2.18601,2.18113,2.18464,11002
2024-07-29T01:00:00.000Z,2.18467,2.18767,2.1832,2.1874,15796
2024-07-29T05:00:00.000Z,2.18737,2.18745,2.17916,2.17951,21387
2024-07-29T09:00:00.000Z,2.1795,2.18786,2.17854,2.18764,20322
2024-07-29T13:00:00.000Z,2.18764,2.19081,2.18689,2.18809,24566
2024-07-29T17:00:00.000Z,2.18807,2.18946,2.18806,2.18915,14816
2024-07-29T21:00:00.000Z,2.18827,2.1887,2.18662,2.18694,8851
2024-07-30T01:00:00.000Z,2.18696,2.18923,2.18123,2.1824,14601
2024-07-30T05:00:00.000Z,2.1824,2.18258,2.17815,2.18111,20161
2024-07-30T09:00:00.000Z,2.18114,2.18276,2.17914,2.17916,17854
2024-07-30T13:00:00.000Z,2.17914,2.18,2.1735,2.17498,27784
2024-07-30T17:00:00.000Z,2.17496,2.17584,2.17343,2.17469,16183
2024-07-30T21:00:00.000Z,2.17361,2.1755,2.17273,2.17467,12482
2024-07-31T01:00:00.000Z,2.17467,2.18001,2.16744,2.17452,22053
2024-07-31T05:00:00.000Z,2.17453,2.17685,2.16515,2.16871,27716
2024-07-31T09:00:00.000Z,2.16871,2.17084,2.16487,2.16537,23622
2024-07-31T13:00:00.000Z,2.1654,2.1654,2.1576,2.15951,28746
2024-07-31T17:00:00.000Z,2.15952,2.16178,2.15554,2.15995,25381
2024-07-31T21:00:00.000Z,2.15847,2.16074,2.15649,2.1572,11928
2024-08-01T01:00:00.000Z,2.15718,2.16135,2.15635,2.15832,22775
2024-08-01T05:00:00.000Z,2.15833,2.16023,2.1486,2.15156,27710
2024-08-01T09:00:00.000Z,2.15154,2.15294,2.14577,2.15029,24900
2024-08-01T13:00:00.000Z,2.15032,2.15032,2.14011,2.1412,31303
2024-08-01T17:00:00.000Z,2.14118,2.14281,2.13995,2.14229,20321
2024-08-01T21:00:00.000Z,2.1409,2.14526,2.13891,2.14288,15704
2024-08-02T01:00:00.000Z,2.14292,2.14322,2.13679,2.13781,20132
2024-08-02T05:00:00.000Z,2.13781,2.14231,2.13513,2.14194,28151
2024-08-02T09:00:00.000Z,2.14194,2.14564,2.13738,2.14451,27253
2024-08-02T13:00:00.000Z,2.14451,2.14699,2.14233,2.14446,37934
2024-08-02T17:00:00.000Z,2.14448,2.14962,2.14437,2.14928,19104
2024-08-04T21:00:00.000Z,2.14769,2.1536,2.14635,2.14806,20789
2024-08-05T01:00:00.000Z,2.14808,2.15693,2.1476,2.15372,29588
2024-08-05T05:00:00.000Z,2.15374,2.1748,2.15153,2.15384,41708
2024-08-05T09:00:00.000Z,2.15386,2.15519,2.14597,2.14926,34153
2024-08-05T13:00:00.000Z,2.14927,2.15476,2.14181,2.15428,44986
2024-08-05T17:00:00.000Z,2.15424,2.15434,2.14996,2.15148,25184
2024-08-05T21:00:00.000Z,2.14886,2.15192,2.13854,2.14281,20741
2024-08-06T01:00:00.000Z,2.14267,2.15704,2.1413,2.15404,24524
2024-08-06T05:00:00.000Z,2.15407,2.15633,2.14645,2.14687,32864
2024-08-06T09:00:00.000Z,2.14685,2.14766,2.1396,2.14408,32024
2024-08-06T13:00:00.000Z,2.14408,2.14445,2.13172,2.13231,34797
2024-08-06T17:00:00.000Z,2.13238,2.13266,2.12995,2.13172,21970
2024-08-06T21:00:00.000Z,2.13047,2.13229,2.11685,2.11793,16317
2024-08-07T01:00:00.000Z,2.11785,2.11889,2.11204,2.11447,25447
2024-08-07T05:00:00.000Z,2.11446,2.11719,2.10997,2.11137,29247
2024-08-07T09:00:00.000Z,2.11142,2.11589,2.11037,2.11323,23779
2024-08-07T13:00:00.000Z,2.11326,2.11632,2.11157,2.11456,28910
2024-08-07T17:00:00.000Z,2.11459,2.11789,2.11437,2.11687,21698
2024-08-07T21:00:00.000Z,2.11513,2.1196,2.11419,2.11523,12862
2024-08-08T01:00:00.000Z,2.11524,2.11896,2.1123,2.11541,22748
2024-08-08T05:00:00.000Z,2.11542,2.11946,2.1144,2.11742,28044
2024-08-08T09:00:00.000Z,2.11741,2.11953,2.11402,2.11903,29437
2024-08-08T13:00:00.000Z,2.11898,2.1246,2.11781,2.12453,33428
2024-08-08T17:00:00.000Z,2.12448,2.12464,2.11952,2.11976,19228
2024-08-08T21:00:00.000Z,2.119,2.12293,2.1184,2.12123,13044
2024-08-09T01:00:00.000Z,2.12124,2.12167,2.11408,2.11585,20629
2024-08-09T05:00:00.000Z,2.11583,2.12075,2.11335,2.11837,25761
2024-08-09T09:00:00.000Z,2.11836,2.1212,2.11646,2.11938,23667
2024-08-09T13:00:00.000Z,2.11944,2.12461,2.11782,2.12364,27303
2024-08-09T17:00:00.000Z,2.12365,2.12809,2.12331,2.1267,14902
2024-08-11T21:00:00.000Z,2.1262,2.12863,2.12199,2.12335,9794
2024-08-12T01:00:00.000Z,2.1233,2.1241,2.12095,2.1225,13928
2024-08-12T05:00:00.000Z,2.12251,2.12471,2.11691,2.11738,20042
2024-08-12T09:00:00.000Z,2.11739,2.11981,2.11466,2.11943,18714
2024-08-12T13:00:00.000Z,2.11946,2.12319,2.11793,2.12111,28315
2024-08-12T17:00:00.000Z,2.12112,2.12215,2.1197,2.12113,17297
2024-08-12T21:00:00.000Z,2.11993,2.12145,2.11864,2.11937,10101
2024-08-13T01:00:00.000Z,2.11941,2.12105,2.11643,2.11743,14448
2024-08-13T05:00:00.000Z,2.11744,2.12344,2.11695,2.11916,21874
2024-08-13T09:00:00.000Z,2.11917,2.12011,2.11521,2.1158,24733
2024-08-13T13:00:00.000Z,2.1158,2.11862,2.11398,2.11627,28358
2024-08-13T17:00:00.000Z,2.11627,2.11853,2.11581,2.11664,19256
2024-08-13T21:00:00.000Z,2.1162,2.11833,2.11451,2.11554,10571
2024-08-14T01:00:00.000Z,2.11556,2.1417,2.11538,2.14041,22213
2024-08-14T05:00:00.000Z,2.14025,2.14236,2.12937,2.13591,21336
2024-08-14T09:00:00.000Z,2.13591,2.13745,2.13159,2.13626,19857
2024-08-14T13:00:00.000Z,2.13627,2.13863,2.13193,2.13539,26904
2024-08-14T17:00:00.000Z,2.13538,2.13945,2.13455,2.1388,14163
2024-08-14T21:00:00.000Z,2.13635,2.14027,2.1363,2.13944,9973
2024-08-15T01:00:00.000Z,2.13942,2.14288,2.13605,2.13825,17688
2024-08-15T05:00:00.000Z,2.13819,2.1416,2.13733,2.14084,17820
2024-08-15T09:00:00.000Z,2.14083,2.14244,2.13799,2.141,20971
2024-08-15T13:00:00.000Z,2.14102,2.14319,2.13828,2.14162,28173
2024-08-15T17:00:00.000Z,2.14163,2.14766,2.14114,2.14716,14398
2024-08-15T21:00:00.000Z,2.14543,2.15063,2.1444,2.14773,9638
2024-08-16T01:00:00.000Z,2.14769,2.14882,2.14012,2.14024,12709
2024-08-16T05:00:00.000Z,2.14023,2.14257,2.13716,2.14077,16298
2024-08-16T09:00:00.000Z,2.14081,2.14387,2.13972,2.14098,17757
2024-08-16T13:00:00.000Z,2.14082,2.14196,2.13789,2.13874,22627
2024-08-16T17:00:00.000Z,2.13874,2.14014,2.13741,2.13826,12023
2024-08-18T21:00:00.000Z,2.13725,2.13956,2.13556,2.13744,10183
2024-08-19T01:00:00.000Z,2.13743,2.13764,2.12849,2.13018,17342
2024-08-19T05:00:00.000Z,2.13017,2.13745,2.1291,2.13635,24325
2024-08-19T09:00:00.000Z,2.13638,2.13691,2.13073,2.13225,19703
2024-08-19T13:00:00.000Z,2.13225,2.1331,2.1289,2.13016,23303
2024-08-19T17:00:00.000Z,2.13017,2.13063,2.12348,2.12366,13884
2024-08-19T21:00:00.000Z,2.12415,2.12561,2.12181,2.12223,10060
2024-08-20T01:00:00.000Z,2.12194,2.12398,2.12002,2.12125,20937
2024-08-20T05:00:00.000Z,2.12125,2.12157,2.11857,2.11867,22768
2024-08-20T09:00:00.000Z,2.11869,2.12199,2.11636,2.12007,21342
2024-08-20T13:00:00.000Z,2.12001,2.12147,2.11739,2.11954,29015
2024-08-20T17:00:00.000Z,2.11952,2.12024,2.11572,2.11756,15243
2024-08-20T21:00:00.000Z,2.11679,2.11792,2.11437,2.11494,12749
2024-08-21T01:00:00.000Z,2.11495,2.12156,2.11495,2.12058,15583
2024-08-21T05:00:00.000Z,2.1206,2.12205,2.11817,2.11984,22001
2024-08-21T09:00:00.000Z,2.11979,2.12377,2.11954,2.12245,18047
2024-08-21T13:00:00.000Z,2.12244,2.1269,2.12072,2.12617,31477
2024-08-21T17:00:00.000Z,2.12622,2.12683,2.12279,2.12615,16389
2024-08-21T21:00:00.000Z,2.12388,2.12694,2.12302,2.12678,6662
2024-08-22T01:00:00.000Z,2.12679,2.12936,2.1264,2.12687,9423
2024-08-22T05:00:00.000Z,2.12687,2.12848,2.12317,2.12841,15834
2024-08-22T09:00:00.000Z,2.12843,2.13275,2.12786,2.13025,18764
2024-08-22T13:00:00.000Z,2.13027,2.13564,2.13027,2.13189,25444
2024-08-22T17:00:00.000Z,2.13186,2.13302,2.13103,2.13169,14620
2024-08-22T21:00:00.000Z,2.13066,2.13313,2.13038,2.13118,7222
2024-08-23T01:00:00.000Z,2.13123,2.13147,2.1289,2.13032,10099
2024-08-23T05:00:00.000Z,2.1303,2.13387,2.12896,2.13378,14227
2024-08-23T09:00:00.000Z,2.13378,2.1339,2.12954,2.12976,15711
2024-08-23T13:00:00.000Z,2.12968,2.13125,2.12188,2.12247,32547
2024-08-23T17:00:00.000Z,2.12244,2.12282,2.11835,2.11981,16378
2024-08-25T21:00:00.000Z,2.12075,2.12316,2.11838,2.1218,9672
2024-08-26T01:00:00.000Z,2.12178,2.12487,2.12083,2.12401,9288
2024-08-26T05:00:00.000Z,2.12399,2.12707,2.12339,2.12611,14370
2024-08-26T09:00:00.000Z,2.12614,2.12822,2.12426,2.12728,15666
2024-08-26T13:00:00.000Z,2.12732,2.12739,2.12387,2.1241,22459
2024-08-26T17:00:00.000Z,2.12413,2.12526,2.12341,2.12499,11570
2024-08-26T21:00:00.000Z,2.12372,2.12765,2.12307,2.12699,7583
2024-08-27T01:00:00.000Z,2.12697,2.12794,2.12084,2.12119,8949
2024-08-27T05:00:00.000Z,2.12116,2.12563,2.11944,2.12554,16595
2024-08-27T09:00:00.000Z,2.12555,2.12789,2.12042,2.12231,19315
2024-08-27T13:00:00.000Z,2.12231,2.12549,2.12069,2.12207,23896
2024-08-27T17:00:00.000Z,2.1221,2.12283,2.11981,2.12083,12525
2024-08-27T21:00:00.000Z,2.11935,2.12355,2.11875,2.12226,8078
2024-08-28T01:00:00.000Z,2.12225,2.12478,2.1187,2.11973,11928
2024-08-28T05:00:00.000Z,2.11973,2.12383,2.11805,2.11864,18254
2024-08-28T09:00:00.000Z,2.11865,2.11941,2.1154,2.11853,19448
2024-08-28T13:00:00.000Z,2.11854,2.11878,2.11355,2.11457,26705
2024-08-28T17:00:00.000Z,2.11455,2.11518,2.11143,2.11218,14831
2024-08-28T21:00:00.000Z,2.11142,2.11299,2.10755,2.10937,7612
2024-08-29T01:00:00.000Z,2.10944,2.10944,2.09808,2.0997,11060
2024-08-29T05:00:00.000Z,2.0997,2.10516,2.09873,2.10182,19931
2024-08-29T09:00:00.000Z,2.10182,2.10329,2.0991,2.10298,21737
2024-08-29T13:00:00.000Z,2.103,2.10536,2.10218,2.10435,27143
2024-08-29T17:00:00.000Z,2.10433,2.10474,2.10196,2.10462,15190
2024-08-29T21:00:00.000Z,2.10209,2.10475,2.09886,2.09957,7376
2024-08-30T01:00:00.000Z,2.0999,2.1031,2.09872,2.10247,9980
2024-08-30T05:00:00.000Z,2.1025,2.10731,2.10196,2.10521,15778
2024-08-30T09:00:00.000Z,2.10522,2.10661,2.10307,2.10511,18654
2024-08-30T13:00:00.000Z,2.10509,2.10549,2.0998,2.10361,30201
2024-08-30T17:00:00.000Z,2.10361,2.10371,2.09905,2.10109,14527
2024-09-01T21:00:00.000Z,2.10203,2.10233,2.09937,2.10182,5910
2024-09-02T01:00:00.000Z,2.10183,2.10645,2.10091,2.1058,7551
2024-09-02T05:00:00.000Z,2.10571,2.10997,2.10453,2.10738,13321
2024-09-02T09:00:00.000Z,2.10738,2.11085,2.10721,2.10986,12022
2024-09-02T13:00:00.000Z,2.10985,2.11214,2.10902,2.10992,11620
2024-09-02T17:00:00.000Z,2.11003,2.11003,2.10781,2.10909,2737
2024-09-02T21:00:00.000Z,2.10671,2.11199,2.10562,2.11059,5342
2024-09-03T01:00:00.000Z,2.1106,2.12207,2.10998,2.12008,13288
2024-09-03T05:00:00.000Z,2.12007,2.12062,2.11637,2.11813,19062
2024-09-03T09:00:00.000Z,2.11815,2.12197,2.118,2.11932,19069
2024-09-03T13:00:00.000Z,2.11933,2.1195,2.1142,2.11732,28150
2024-09-03T17:00:00.000Z,2.11733,2.11964,2.11605,2.11945,15328
2024-09-03T21:00:00.000Z,2.11741,2.12353,2.11741,2.12352,8719
2024-09-04T01:00:00.000Z,2.12363,2.12421,2.12029,2.12093,11349
2024-09-04T05:00:00.000Z,2.12092,2.12353,2.11882,2.12343,17761
2024-09-04T09:00:00.000Z,2.12347,2.12368,2.11811,2.11979,16206
2024-09-04T13:00:00.000Z,2.11981,2.12108,2.11696,2.12041,27066
2024-09-04T17:00:00.000Z,2.12037,2.12202,2.11988,2.12094,15352
2024-09-04T21:00:00.000Z,2.12042,2.12691,2.11972,2.12511,8191
2024-09-05T01:00:00.000Z,2.12513,2.12601,2.11954,2.12007,9890
2024-09-05T05:00:00.000Z,2.12006,2.12336,2.11761,2.12272,16106
2024-09-05T09:00:00.000Z,2.12269,2.12306,2.11664,2.11673,18499
2024-09-05T13:00:00.000Z,2.11674,2.12128,2.11615,2.11879,26563
2024-09-05T17:00:00.000Z,2.11879,2.11891,2.11701,2.11788,14316
2024-09-05T21:00:00.000Z,2.11667,2.11806,2.11652,2.11781,5246
2024-09-06T01:00:00.000Z,2.11783,2.12067,2.11749,2.11935,7854
2024-09-06T05:00:00.000Z,2.11936,2.12164,2.11392,2.1143,16773
2024-09-06T09:00:00.000Z,2.11434,2.12137,2.11246,2.11834,20834
2024-09-06T13:00:00.000Z,2.11845,2.12994,2.11798,2.1285,39060
2024-09-06T17:00:00.000Z,2.12852,2.12916,2.12621,2.12664,19495
2024-09-08T21:00:00.000Z,2.12269,2.12887,2.11961,2.12724,8446
2024-09-09T01:00:00.000Z,2.12719,2.12767,2.123,2.12688,10348
2024-09-09T05:00:00.000Z,2.12685,2.13355,2.12677,2.13302,18091
2024-09-09T09:00:00.000Z,2.13304,2.13481,2.13181,2.13245,17373
2024-09-09T13:00:00.000Z,2.13246,2.13269,2.127,2.1277,22575
2024-09-09T17:00:00.000Z,2.12772,2.13005,2.12662,2.12752,15602
2024-09-09T21:00:00.000Z,2.12507,2.13013,2.12488,2.13006,5700
2024-09-10T01:00:00.000Z,2.13009,2.1302,2.12622,2.12668,7951
2024-09-10T05:00:00.000Z,2.12666,2.12972,2.12416,2.12763,16255
2024-09-10T09:00:00.000Z,2.12766,2.12791,2.12322,2.12385,17881
2024-09-10T13:00:00.000Z,2.1239,2.12635,2.12153,2.12491,25945
2024-09-10T17:00:00.000Z,2.12501,2.12702,2.12404,2.12659,15920
2024-09-10T21:00:00.000Z,2.12451,2.12879,2.12371,2.12837,6764
2024-09-11T01:00:00.000Z,2.12836,2.13374,2.12749,2.13318,12912
2024-09-11T05:00:00.000Z,2.1332,2.13398,2.12573,2.12859,19472
2024-09-11T09:00:00.000Z,2.12864,2.13399,2.12642,2.13168,21249
2024-09-11T13:00:00.000Z,2.13169,2.13218,2.12633,2.12871,31162
2024-09-11T17:00:00.000Z,2.1287,2.12911,2.12463,2.12507,18382
2024-09-11T21:00:00.000Z,2.12469,2.12641,2.12399,2.12566,6158
2024-09-12T01:00:00.000Z,2.12565,2.12655,2.1209,2.12121,10312
2024-09-12T05:00:00.000Z,2.12121,2.12812,2.11954,2.12763,16497
2024-09-12T09:00:00.000Z,2.12764,2.12907,2.12381,2.12556,19880
2024-09-12T13:00:00.000Z,2.12556,2.12797,2.12495,2.12551,27856
2024-09-12T17:00:00.000Z,2.12553,2.12554,2.12174,2.12297,21075
2024-09-12T21:00:00.000Z,2.12262,2.12395,2.12149,2.12307,6831
2024-09-13T01:00:00.000Z,2.12305,2.12743,2.12267,2.12631,12802
2024-09-13T05:00:00.000Z,2.12629,2.12799,2.12378,2.12577,16757
2024-09-13T09:00:00.000Z,2.12575,2.12918,2.12351,2.12897,20657
2024-09-13T13:00:00.000Z,2.12894,2.13311,2.1277,2.13051,24060
2024-09-13T17:00:00.000Z,2.13054,2.13218,2.12969,2.13101,14511
2024-09-15T21:00:00.000Z,2.12893,2.13259,2.12776,2.13235,6756
2024-09-16T01:00:00.000Z,2.13225,2.13524,2.12897,2.12994,8620
2024-09-16T05:00:00.000Z,2.12993,2.1317,2.12949,2.1305,16106
2024-09-16T09:00:00.000Z,2.13056,2.13393,2.12965,2.13259,19430
2024-09-16T13:00:00.000Z,2.13256,2.13516,2.13169,2.1332,23190
2024-09-16T17:00:00.000Z,2.13319,2.13509,2.131,2.13107,12948
2024-09-16T21:00:00.000Z,2.12995,2.13501,2.12924,2.13497,6125
2024-09-17T01:00:00.000Z,2.13498,2.13503,2.13144,2.13329,8255
2024-09-17T05:00:00.000Z,2.13327,2.13503,2.12908,2.1309,14786
2024-09-17T09:00:00.000Z,2.13081,2.1361,2.12916,2.13564,20077
2024-09-17T13:00:00.000Z,2.13564,2.13594,2.12761,2.12815,26644
2024-09-17T17:00:00.000Z,2.12815,2.12859,2.12658,2.12728,18003
2024-09-17T21:00:00.000Z,2.12616,2.1279,2.12361,2.12402,6484
2024-09-18T01:00:00.000Z,2.12404,2.12426,2.12109,2.12397,10130
2024-09-18T05:00:00.000Z,2.12389,2.12518,2.12182,2.12378,17609
2024-09-18T09:00:00.000Z,2.12379,2.12511,2.12129,2.12466,18694
2024-09-18T13:00:00.000Z,2.12467,2.12893,2.12434,2.12665,23095
2024-09-18T17:00:00.000Z,2.12668,2.13041,2.11873,2.12826,37708
2024-09-18T21:00:00.000Z,2.12685,2.12929,2.12424,2.12905,11703
2024-09-19T01:00:00.000Z,2.12898,2.13017,2.11916,2.12542,19344
2024-09-19T05:00:00.000Z,2.12532,2.12949,2.11725,2.11975,23703
2024-09-19T09:00:00.000Z,2.1198,2.12726,2.11598,2.12543,26224
2024-09-19T13:00:00.000Z,2.12543,2.12843,2.12274,2.1273,30305
2024-09-19T17:00:00.000Z,2.12725,2.12947,2.12475,2.1293,18969
2024-09-19T21:00:00.000Z,2.12741,2.12994,2.12695,2.12971,7141
2024-09-20T01:00:00.000Z,2.12973,2.13244,2.12792,2.12968,12118
2024-09-20T05:00:00.000Z,2.12961,2.13375,2.12924,2.13243,23097
2024-09-20T09:00:00.000Z,2.13245,2.13617,2.13127,2.13383,19414
2024-09-20T13:00:00.000Z,2.13383,2.13708,2.13256,2.13284,30647
2024-09-20T17:00:00.000Z,2.13285,2.13586,2.13266,2.13581,20521
2024-09-22T21:00:00.000Z,2.13475,2.13614,2.13306,2.13465,7169
2024-09-23T01:00:00.000Z,2.13465,2.1363,2.13157,2.13197,9073
2024-09-23T05:00:00.000Z,2.13198,2.13321,2.12641,2.12796,21353
2024-09-23T09:00:00.000Z,2.12791,2.12903,2.12586,2.12868,20323
2024-09-23T13:00:00.000Z,2.12867,2.13124,2.12564,2.12863,27545
2024-09-23T17:00:00.000Z,2.12864,2.13036,2.12563,2.12986,15194
2024-09-23T21:00:00.000Z,2.12766,2.13179,2.1271,2.13041,6857
2024-09-24T01:00:00.000Z,2.1304,2.13252,2.12738,2.12836,15061
2024-09-24T05:00:00.000Z,2.12836,2.13361,2.12742,2.13302,23362
2024-09-24T09:00:00.000Z,2.13301,2.1332,2.12389,2.12434,20052
2024-09-24T13:00:00.000Z,2.12433,2.1244,2.11486,2.11587,26791
2024-09-24T17:00:00.000Z,2.11588,2.11699,2.11471,2.11557,15483
2024-09-24T21:00:00.000Z,2.11535,2.11627,2.1125,2.11254,6799
2024-09-25T01:00:00.000Z,2.11251,2.11913,2.11206,2.11856,13391
2024-09-25T05:00:00.000Z,2.1186,2.11948,2.11598,2.11719,20725
2024-09-25T09:00:00.000Z,2.11718,2.12222,2.11615,2.12208,20910
2024-09-25T13:00:00.000Z,2.12214,2.12661,2.12059,2.12641,28684
2024-09-25T17:00:00.000Z,2.1265,2.12753,2.12434,2.12734,19488
2024-09-25T21:00:00.000Z,2.12127,2.12877,2.12127,2.12814,8689
2024-09-26T01:00:00.000Z,2.12814,2.13081,2.12642,2.1293,12238
2024-09-26T05:00:00.000Z,2.12939,2.12966,2.12287,2.12508,20963
2024-09-26T09:00:00.000Z,2.12506,2.12563,2.11766,2.11795,23921
2024-09-26T13:00:00.000Z,2.11796,2.12332,2.11692,2.12197,32561
2024-09-26T17:00:00.000Z,2.12196,2.12229,2.11915,2.11973,19373
2024-09-26T21:00:00.000Z,2.11849,2.121,2.11676,2.12004,8907
2024-09-27T01:00:00.000Z,2.12006,2.12456,2.11888,2.12296,13778
2024-09-27T05:00:00.000Z,2.12286,2.12479,2.11911,2.11973,25253
2024-09-27T09:00:00.000Z,2.11974,2.12059,2.11133,2.1125,22750
2024-09-27T13:00:00.000Z,2.11253,2.11471,2.10585,2.10872,30197
2024-09-27T17:00:00.000Z,2.10864,2.11016,2.10666,2.10867,20875
2024-09-29T21:00:00.000Z,2.10783,2.10934,2.10245,2.10332,7808
2024-09-30T01:00:00.000Z,2.10334,2.10485,2.10023,2.10122,14456
2024-09-30T05:00:00.000Z,2.10119,2.11148,2.10027,2.11018,20533
2024-09-30T09:00:00.000Z,2.11014,2.11257,2.10653,2.10709,17777
2024-09-30T13:00:00.000Z,2.1071,2.10876,2.10246,2.10273,28535
2024-09-30T17:00:00.000Z,2.10277,2.10726,2.10148,2.10634,20988
2024-09-30T21:00:00.000Z,2.10533,2.10986,2.105,2.10861,7973
2024-10-01T01:00:00.000Z,2.10862,2.11621,2.1084,2.11288,12558
2024-10-01T05:00:00.000Z,2.11286,2.11475,2.10961,2.11177,21140
2024-10-01T09:00:00.000Z,2.11177,2.11194,2.10704,2.11084,22188
2024-10-01T13:00:00.000Z,2.11083,2.11495,2.10928,2.11127,34595
2024-10-01T17:00:00.000Z,2.11133,2.11484,2.10831,2.1144,24564
2024-10-01T21:00:00.000Z,2.11223,2.1159,2.11119,2.11129,7147
2024-10-02T01:00:00.000Z,2.11105,2.11125,2.10446,2.10668,14224
2024-10-02T05:00:00.000Z,2.10671,2.11558,2.10627,2.11555,22081
2024-10-02T09:00:00.000Z,2.11551,2.11611,2.11173,2.11421,20831
2024-10-02T13:00:00.000Z,2.11431,2.11751,2.11324,2.11739,27867
2024-10-02T17:00:00.000Z,2.11739,2.1189,2.11656,2.11823,16336
2024-10-02T21:00:00.000Z,2.11505,2.12338,2.11301,2.12325,9087
2024-10-03T01:00:00.000Z,2.12324,2.1251,2.12028,2.12316,14114
2024-10-03T05:00:00.000Z,2.1232,2.12322,2.10532,2.1077,26403
2024-10-03T09:00:00.000Z,2.10769,2.1101,2.10498,2.10837,23963
2024-10-03T13:00:00.000Z,2.10825,2.11065,2.10471,2.11034,31293
2024-10-03T17:00:00.000Z,2.11033,2.11305,2.10969,2.1123,16756
2024-10-03T21:00:00.000Z,2.11056,2.11404,2.11012,2.11313,7448
2024-10-04T01:00:00.000Z,2.11313,2.11467,2.11177,2.11402,13841
2024-10-04T05:00:00.000Z,2.11393,2.12275,2.11342,2.1211,18832
2024-10-04T09:00:00.000Z,2.12107,2.12892,2.11952,2.12523,20567
2024-10-04T13:00:00.000Z,2.12518,2.13117,2.12272,2.13039,31986
2024-10-04T17:00:00.000Z,2.13035,2.13129,2.12863,2.13006,17282
2024-10-06T21:00:00.000Z,2.12807,2.13122,2.12478,2.12969,9717
2024-10-07T01:00:00.000Z,2.12969,2.1309,2.12799,2.12857,14459
2024-10-07T05:00:00.000Z,2.12848,2.13318,2.12805,2.13085,21505
2024-10-07T09:00:00.000Z,2.1308,2.13109,2.1261,2.12821,22289
2024-10-07T13:00:00.000Z,2.12829,2.13792,2.12765,2.13691,26540
2024-10-07T17:00:00.000Z,2.13689,2.13831,2.13523,2.13527,16143
2024-10-07T21:00:00.000Z,2.13571,2.13697,2.13107,2.13258,8830
2024-10-08T01:00:00.000Z,2.13251,2.14248,2.1318,2.13687,20708
2024-10-08T05:00:00.000Z,2.13688,2.13985,2.13524,2.1391,23091
2024-10-08T09:00:00.000Z,2.13907,2.14271,2.13831,2.13996,18682
2024-10-08T13:00:00.000Z,2.13991,2.14329,2.13716,2.13815,24231
2024-10-08T17:00:00.000Z,2.13811,2.13955,2.13466,2.13502,17064
2024-10-08T21:00:00.000Z,2.13085,2.13821,2.13085,2.13517,6716
2024-10-09T01:00:00.000Z,2.13502,2.15364,2.13502,2.15038,19998
2024-10-09T05:00:00.000Z,2.15044,2.15143,2.14361,2.15025,24762
2024-10-09T09:00:00.000Z,2.15032,2.15789,2.14809,2.15695,17600
2024-10-09T13:00:00.000Z,2.15698,2.1592,2.15341,2.15618,22243
2024-10-09T17:00:00.000Z,2.15621,2.15861,2.15483,2.15683,12936
2024-10-09T21:00:00.000Z,2.15461,2.15644,2.15171,2.15389,8027
2024-10-10T01:00:00.000Z,2.15395,2.15411,2.14595,2.14598,16085
2024-10-10T05:00:00.000Z,2.14599,2.15342,2.1457,2.1518,18174
2024-10-10T09:00:00.000Z,2.1517,2.15418,2.14584,2.14839,20658
2024-10-10T13:00:00.000Z,2.14842,2.14921,2.14363,2.14665,30144
2024-10-10T17:00:00.000Z,2.14673,2.14752,2.14282,2.14299,15255
2024-10-10T21:00:00.000Z,2.14085,2.14339,2.14041,2.1428,7679
2024-10-11T01:00:00.000Z,2.1428,2.14315,2.13773,2.13832,9840
2024-10-11T05:00:00.000Z,2.13833,2.14456,2.13767,2.144,14995
2024-10-11T09:00:00.000Z,2.14391,2.1463,2.14226,2.14504,16489
2024-10-11T13:00:00.000Z,2.14507,2.1463,2.13731,2.13806,21779
2024-10-11T17:00:00.000Z,2.13804,2.13925,2.13652,2.13871,8815
2024-10-13T21:00:00.000Z,2.14019,2.1436,2.13816,2.14084,7668
2024-10-14T01:00:00.000Z,2.14086,2.14416,2.14003,2.14335,13597
2024-10-14T05:00:00.000Z,2.14335,2.14618,2.14177,2.14572,16349
2024-10-14T09:00:00.000Z,2.14567,2.14819,2.14397,2.14573,15481
2024-10-14T13:00:00.000Z,2.14575,2.14681,2.13993,2.14347,19580
2024-10-14T17:00:00.000Z,2.1434,2.14486,2.14232,2.14253,10412
2024-10-14T21:00:00.000Z,2.14146,2.14658,2.14146,2.1449,5926
2024-10-15T01:00:00.000Z,2.14493,2.14711,2.14359,2.14492,13947
2024-10-15T05:00:00.000Z,2.14495,2.15126,2.14442,2.14729,20378
2024-10-15T09:00:00.000Z,2.14732,2.15033,2.14539,2.14628,18186
2024-10-15T13:00:00.000Z,2.14629,2.15158,2.14514,2.1491,24373
2024-10-15T17:00:00.000Z,2.14913,2.15052,2.14494,2.14915,12524
2024-10-15T21:00:00.000Z,2.14737,2.16224,2.14415,2.15958,9180
2024-10-16T01:00:00.000Z,2.15962,2.15996,2.1527,2.1565,13780
2024-10-16T05:00:00.000Z,2.1565,2.1573,2.14005,2.14259,22327
2024-10-16T09:00:00.000Z,2.14261,2.14659,2.14142,2.14509,18210
2024-10-16T13:00:00.000Z,2.14508,2.14759,2.14367,2.14607,21606
2024-10-16T17:00:00.000Z,2.14609,2.1463,2.14226,2.14413,10583
2024-10-16T21:00:00.000Z,2.14319,2.14528,2.14131,2.14131,8177
2024-10-17T01:00:00.000Z,2.14125,2.14352,2.13954,2.14232,14825
2024-10-17T05:00:00.000Z,2.14229,2.14773,2.14029,2.1442,17751
2024-10-17T09:00:00.000Z,2.14421,2.14874,2.14214,2.14526,20385
2024-10-17T13:00:00.000Z,2.14529,2.14747,2.1417,2.1463,28103
2024-10-17T17:00:00.000Z,2.14631,2.14794,2.14552,2.1469,12398
2024-10-17T21:00:00.000Z,2.14553,2.14938,2.14553,2.14807,6386
2024-10-18T01:00:00.000Z,2.14813,2.14897,2.14476,2.14882,14753
2024-10-18T05:00:00.000Z,2.14886,2.15544,2.14765,2.14844,19191
2024-10-18T09:00:00.000Z,2.14851,2.14904,2.14661,2.14829,17292
2024-10-18T13:00:00.000Z,2.14827,2.14996,2.14675,2.14758,20743
2024-10-18T17:00:00.000Z,2.14752,2.15057,2.14736,2.14895,13193
2024-10-20T21:00:00.000Z,2.14642,2.15012,2.14642,2.14724,7719
2024-10-21T01:00:00.000Z,2.14725,2.14794,2.14514,2.14746,13584
2024-10-21T05:00:00.000Z,2.14747,2.15231,2.14677,2.14973,16906
2024-10-21T09:00:00.000Z,2.14973,2.15219,2.14789,2.14968,17657
2024-10-21T13:00:00.000Z,2.14967,2.15343,2.1492,2.15215,20972
2024-10-21T17:00:00.000Z,2.15212,2.15319,2.15123,2.15307,12874
2024-10-21T21:00:00.000Z,2.15013,2.15639,2.15013,2.15397,6852
2024-10-22T01:00:00.000Z,2.15395,2.15433,2.14588,2.14635,16548
2024-10-22T05:00:00.000Z,2.14637,2.14955,2.14479,2.14674,17798
2024-10-22T09:00:00.000Z,2.14673,2.14785,2.13994,2.14009,18342
2024-10-22T13:00:00.000Z,2.1401,2.14717,2.1379,2.14553,22782
2024-10-22T17:00:00.000Z,2.14548,2.14909,2.14448,2.14862,11836
2024-10-22T21:00:00.000Z,2.14463,2.15119,2.14347,2.15066,7039
2024-10-23T01:00:00.000Z,2.15058,2.15198,2.14612,2.15117,14825
2024-10-23T05:00:00.000Z,2.15112,2.15414,2.14932,2.15405,17503
2024-10-23T09:00:00.000Z,2.15406,2.15739,2.15332,2.15503,17208
2024-10-23T13:00:00.000Z,2.15503,2.15714,2.15348,2.15443,21196
2024-10-23T17:00:00.000Z,2.15447,2.15526,2.15173,2.15177,14006
2024-10-23T21:00:00.000Z,2.15008,2.15206,2.14773,2.15026,7323
2024-10-24T01:00:00.000Z,2.15026,2.15073,2.14872,2.14929,14816
2024-10-24T05:00:00.000Z,2.14931,2.15362,2.14732,2.15017,19760
2024-10-24T09:00:00.000Z,2.15019,2.15464,2.14967,2.15369,18544
2024-10-24T13:00:00.000Z,2.15369,2.15893,2.15362,2.15644,23900
2024-10-24T17:00:00.000Z,2.15648,2.15749,2.15541,2.15675,13172
2024-10-24T21:00:00.000Z,2.15544,2.16068,2.15397,2.15988,6692
2024-10-25T01:00:00.000Z,2.1599,2.16463,2.15823,2.16345,14141
2024-10-25T05:00:00.000Z,2.16345,2.16394,2.1588,2.16306,17738
2024-10-25T09:00:00.000Z,2.16305,2.16381,2.16119,2.16119,14912
2024-10-25T13:00:00.000Z,2.16114,2.16837,2.16028,2.16802,20506
2024-10-25T17:00:00.000Z,2.16803,2.16952,2.16791,2.16852,15209
2024-10-27T21:00:00.000Z,2.16633,2.16942,2.16353,2.16893,9144
2024-10-28T01:00:00.000Z,2.16896,2.17262,2.16791,2.17044,13988
2024-10-28T05:00:00.000Z,2.17045,2.17263,2.16951,2.17138,15248
2024-10-28T09:00:00.000Z,2.17129,2.17165,2.16778,2.16834,16835
2024-10-28T13:00:00.000Z,2.16837,2.17196,2.16545,2.17106,20383
2024-10-28T17:00:00.000Z,2.17105,2.17174,2.16834,2.1685,12282
2024-10-28T21:00:00.000Z,2.16721,2.17081,2.16622,2.17006,5786
2024-10-29T01:00:00.000Z,2.17007,2.17172,2.16801,2.17046,15971
2024-10-29T05:00:00.000Z,2.17047,2.17355,2.16871,2.17166,16473
2024-10-29T09:00:00.000Z,2.17166,2.17832,2.17008,2.1773,18298
2024-10-29T13:00:00.000Z,2.17731,2.18196,2.17453,2.1813,27804
2024-10-29T17:00:00.000Z,2.18136,2.1816,2.17882,2.17897,13887
2024-10-29T21:00:00.000Z,2.17868,2.18366,2.17694,2.17926,7777
2024-10-30T01:00:00.000Z,2.17926,2.18419,2.17724,2.18168,15016
2024-10-30T05:00:00.000Z,2.18168,2.18272,2.16944,2.17016,17723
2024-10-30T09:00:00.000Z,2.17017,2.17192,2.16514,2.16707,24045
2024-10-30T13:00:00.000Z,2.1671,2.179,2.16655,2.17253,29762
2024-10-30T17:00:00.000Z,2.1725,2.17274,2.16776,2.16979,15978
2024-10-30T21:00:00.000Z,2.16934,2.17102,2.16825,2.17051,8868
2024-10-31T01:00:00.000Z,2.17052,2.1706,2.16531,2.16774,15494
2024-10-31T05:00:00.000Z,2.16782,2.17311,2.16648,2.17216,18327
2024-10-31T09:00:00.000Z,2.17218,2.17621,2.16978,2.17093,20917
2024-10-31T13:00:00.000Z,2.17097,2.17762,2.15907,2.15912,33064
2024-10-31T17:00:00.000Z,2.15911,2.15937,2.15624,2.1581,18666
2024-10-31T21:00:00.000Z,2.15665,2.16147,2.15579,2.16038,7403
2024-11-01T01:00:00.000Z,2.16037,2.16131,2.15542,2.15587,14069
2024-11-01T05:00:00.000Z,2.15587,2.16256,2.15564,2.16098,16101
2024-11-01T09:00:00.000Z,2.16099,2.16596,2.16067,2.16184,19163
2024-11-01T13:00:00.000Z,2.16185,2.16877,2.16164,2.16733,29124
2024-11-01T17:00:00.000Z,2.16732,2.16883,2.16627,2.16647,17100
2024-11-03T22:00:00.000Z,2.15948,2.16668,2.15866,2.16373,12677
2024-11-04T02:00:00.000Z,2.16373,2.16474,2.16036,2.1638,14379
2024-11-04T06:00:00.000Z,2.16376,2.16802,2.16354,2.16569,19405
2024-11-04T10:00:00.000Z,2.16573,2.169,2.16319,2.16513,18326
2024-11-04T14:00:00.000Z,2.16516,2.16725,2.16327,2.16627,26514
2024-11-04T18:00:00.000Z,2.16614,2.16991,2.16581,2.16947,13965
2024-11-04T22:00:00.000Z,2.16473,2.17029,2.16473,2.16758,7850
2024-11-05T02:00:00.000Z,2.16764,2.16976,2.16516,2.16582,12413
2024-11-05T06:00:00.000Z,2.16588,2.16687,2.16236,2.1641,14283
2024-11-05T10:00:00.000Z,2.16413,2.16585,2.16291,2.16456,15098
2024-11-05T14:00:00.000Z,2.16457,2.17239,2.16354,2.17217,24520
2024-11-05T18:00:00.000Z,2.17219,2.17373,2.16717,2.17092,13937
2024-11-05T22:00:00.000Z,2.1682,2.17459,2.16522,2.17097,25396
2024-11-06T02:00:00.000Z,2.17104,2.17776,2.16597,2.17087,41671
2024-11-06T06:00:00.000Z,2.17091,2.17423,2.161,2.1612,37771
2024-11-06T10:00:00.000Z,2.16117,2.16607,2.15948,2.16535,33637
2024-11-06T14:00:00.000Z,2.16535,2.17124,2.16064,2.16926,35154
2024-11-06T18:00:00.000Z,2.16919,2.17022,2.16573,2.16939,19003
2024-11-06T22:00:00.000Z,2.16558,2.1719,2.16452,2.16638,12826
2024-11-07T02:00:00.000Z,2.16639,2.16643,2.1577,2.15999,15905
2024-11-07T06:00:00.000Z,2.15989,2.16118,2.15276,2.15408,23013
2024-11-07T10:00:00.000Z,2.15417,2.1609,2.15338,2.15548,25266
2024-11-07T14:00:00.000Z,2.15548,2.15784,2.1534,2.15586,29157
2024-11-07T18:00:00.000Z,2.15593,2.15665,2.15223,2.1555,23771
2024-11-07T22:00:00.000Z,2.15176,2.15699,2.15176,2.15664,10415
2024-11-08T02:00:00.000Z,2.15666,2.1604,2.1562,2.1586,15369
2024-11-08T06:00:00.000Z,2.15871,2.16061,2.15612,2.15697,23227
2024-11-08T10:00:00.000Z,2.15697,2.16457,2.1562,2.16443,22012
2024-11-08T14:00:00.000Z,2.16444,2.16699,2.16036,2.16363,29592
2024-11-08T18:00:00.000Z,2.1637,2.16763,2.16358,2.16471,13873
2024-11-10T22:00:00.000Z,2.16384,2.16654,2.16086,2.16473,11492
2024-11-11T02:00:00.000Z,2.16475,2.16535,2.16012,2.1625,11563
2024-11-11T06:00:00.000Z,2.16249,2.16386,2.16036,2.16066,19335
2024-11-11T10:00:00.000Z,2.16063,2.16134,2.15789,2.15995,19020
2024-11-11T14:00:00.000Z,2.15995,2.16108,2.15818,2.15893,19939
2024-11-11T18:00:00.000Z,2.15893,2.15945,2.15745,2.15766,9053
2024-11-11T22:00:00.000Z,2.15696,2.15858,2.15464,2.15617,9701
2024-11-12T02:00:00.000Z,2.15615,2.15758,2.15436,2.15573,17513
2024-11-12T06:00:00.000Z,2.15581,2.15766,2.15026,2.15646,24220
2024-11-12T10:00:00.000Z,2.1565,2.15782,2.15295,2.1535,22362
2024-11-12T14:00:00.000Z,2.15347,2.15506,2.14979,2.15325,29048
2024-11-12T18:00:00.000Z,2.15322,2.15342,2.14887,2.15058,15142
2024-11-12T22:00:00.000Z,2.14973,2.15289,2.14843,2.14954,11420
2024-11-13T02:00:00.000Z,2.14955,2.15135,2.1487,2.14965,14658
2024-11-13T06:00:00.000Z,2.14966,2.1515,2.14838,2.1493,20367
2024-11-13T10:00:00.000Z,2.14931,2.15112,2.14486,2.14817,22229
2024-11-13T14:00:00.000Z,2.14821,2.16109,2.14762,2.16032,33951
2024-11-13T18:00:00.000Z,2.16015,2.16232,2.15779,2.16173,15962
2024-11-13T22:00:00.000Z,2.1605,2.16314,2.15769,2.16219,12037
2024-11-14T02:00:00.000Z,2.16219,2.16538,2.16104,2.16465,15448
2024-11-14T06:00:00.000Z,2.16466,2.16532,2.15935,2.16071,22635
2024-11-14T10:00:00.000Z,2.16075,2.16147,2.15716,2.15909,25679
2024-11-14T14:00:00.000Z,2.15908,2.1643,2.15863,2.1616,30346
2024-11-14T18:00:00.000Z,2.16163,2.16586,2.16066,2.16529,20183
2024-11-14T22:00:00.000Z,2.15923,2.16717,2.15889,2.16501,13076
2024-11-15T02:00:00.000Z,2.16502,2.16525,2.16177,2.16342,15096
2024-11-15T06:00:00.000Z,2.16346,2.16412,2.15497,2.15525,22004
2024-11-15T10:00:00.000Z,2.15524,2.16124,2.15489,2.15721,22530
2024-11-15T14:00:00.000Z,2.15721,2.16041,2.15183,2.1524,33002
2024-11-15T18:00:00.000Z,2.15241,2.15341,2.15082,2.15137,19573
2024-11-17T22:00:00.000Z,2.14882,2.15484,2.14857,2.15388,14211
2024-11-18T02:00:00.000Z,2.15394,2.15704,2.15324,2.15513,13509
2024-11-18T06:00:00.000Z,2.1551,2.16052,2.15492,2.15943,20162
2024-11-18T10:00:00.000Z,2.15943,2.1626,2.15749,2.15793,20581
2024-11-18T14:00:00.000Z,2.15789,2.15828,2.15089,2.15136,24428
2024-11-18T18:00:00.000Z,2.15137,2.15221,2.15028,2.15106,13444
2024-11-18T22:00:00.000Z,2.1504,2.15504,2.14957,2.15161,10197
2024-11-19T02:00:00.000Z,2.15162,2.15334,2.14989,2.15131,14019
2024-11-19T06:00:00.000Z,2.15121,2.15172,2.14494,2.14785,25414
2024-11-19T10:00:00.000Z,2.14782,2.14874,2.14248,2.14328,25328
2024-11-19T14:00:00.000Z,2.14327,2.1473,2.14316,2.14663,28353
2024-11-19T18:00:00.000Z,2.14667,2.14701,2.14428,2.1445,12970
2024-11-19T22:00:00.000Z,2.14357,2.14732,2.14311,2.14544,9464
2024-11-20T02:00:00.000Z,2.14543,2.14889,2.14517,2.14843,10087
2024-11-20T06:00:00.000Z,2.14844,2.15534,2.14788,2.15253,21263
2024-11-20T10:00:00.000Z,2.15255,2.1557,2.1517,2.15554,20349
2024-11-20T14:00:00.000Z,2.15555,2.15743,2.15164,2.15438,25493
2024-11-20T18:00:00.000Z,2.15435,2.15512,2.15247,2.15306,13046
2024-11-20T22:00:00.000Z,2.15176,2.15322,2.15044,2.1519,8504
2024-11-21T02:00:00.000Z,2.15188,2.15494,2.15152,2.1548,11015
2024-11-21T06:00:00.000Z,2.15478,2.15743,2.15032,2.15462,23626
2024-11-21T10:00:00.000Z,2.1546,2.15492,2.14969,2.15158,21897
2024-11-21T14:00:00.000Z,2.1516,2.15235,2.14797,2.14819,31223
2024-11-21T18:00:00.000Z,2.1482,2.14942,2.14748,2.14816,13515
2024-11-21T22:00:00.000Z,2.14832,2.15307,2.14778,2.15299,10838
2024-11-22T02:00:00.000Z,2.15301,2.15866,2.15267,2.15575,15416
2024-11-22T06:00:00.000Z,2.15572,2.15592,2.14244,2.14489,27837
2024-11-22T10:00:00.000Z,2.14486,2.14646,2.14085,2.14309,25518
2024-11-22T14:00:00.000Z,2.1431,2.15071,2.1431,2.14881,28363
2024-11-22T18:00:00.000Z,2.14878,2.14964,2.14717,2.14723,13911
2024-11-24T22:00:00.000Z,2.14815,2.1494,2.14518,2.14831,15155
2024-11-25T02:00:00.000Z,2.1483,2.15323,2.14775,2.15183,14244
2024-11-25T06:00:00.000Z,2.15184,2.15237,2.14871,2.14896,23145
2024-11-25T10:00:00.000Z,2.14902,2.15029,2.14773,2.14991,23048
2024-11-25T14:00:00.000Z,2.14991,2.15073,2.14617,2.14934,28284
2024-11-25T18:00:00.000Z,2.14926,2.15007,2.1486,2.1493,13706
2024-11-25T22:00:00.000Z,2.14807,2.16081,2.14807,2.15294,20971
2024-11-26T02:00:00.000Z,2.15295,2.15322,2.14753,2.14827,17812
2024-11-26T06:00:00.000Z,2.14827,2.15194,2.14706,2.15153,23885
2024-11-26T10:00:00.000Z,2.15155,2.15342,2.14836,2.15281,23310
2024-11-26T14:00:00.000Z,2.15283,2.1573,2.15183,2.15377,28989
2024-11-26T18:00:00.000Z,2.15386,2.15552,2.15257,2.15408,17124
2024-11-26T22:00:00.000Z,2.15391,2.15708,2.13791,2.14043,13149
2024-11-27T02:00:00.000Z,2.14043,2.15071,2.13938,2.14281,14281
2024-11-27T06:00:00.000Z,2.1428,2.14329,2.13621,2.13932,24006
2024-11-27T10:00:00.000Z,2.13934,2.14629,2.13874,2.14431,23333
2024-11-27T14:00:00.000Z,2.14431,2.14956,2.14031,2.14698,30791
2024-11-27T18:00:00.000Z,2.14691,2.15102,2.14603,2.15086,12966
2024-11-27T22:00:00.000Z,2.14953,2.15176,2.14673,2.14716,11126
2024-11-28T02:00:00.000Z,2.14711,2.15063,2.147,2.14905,12985
2024-11-28T06:00:00.000Z,2.14899,2.15055,2.14711,2.14788,20290
2024-11-28T10:00:00.000Z,2.1479,2.15265,2.14751,2.15059,15759
2024-11-28T14:00:00.000Z,2.1506,2.15537,2.14987,2.1534,14145
2024-11-28T18:00:00.000Z,2.1534,2.15421,2.15305,2.15392,2406
2024-11-28T22:00:00.000Z,2.15166,2.15526,2.1504,2.15146,13136
2024-11-29T02:00:00.000Z,2.15146,2.15436,2.14877,2.14968,15189
2024-11-29T06:00:00.000Z,2.14966,2.15212,2.14607,2.14619,21361
2024-11-29T10:00:00.000Z,2.14622,2.14928,2.14382,2.14392,20894
2024-11-29T14:00:00.000Z,2.14392,2.15007,2.14183,2.14832,25708
2024-11-29T18:00:00.000Z,2.14828,2.15129,2.14779,2.14984,16262
2024-12-01T22:00:00.000Z,2.15072,2.15329,2.14934,2.15082,14936
2024-12-02T02:00:00.000Z,2.15081,2.15347,2.15042,2.15176,16583
2024-12-02T06:00:00.000Z,2.15196,2.15224,2.14801,2.15135,24776
2024-12-02T10:00:00.000Z,2.15132,2.15689,2.15025,2.15687,24458
2024-12-02T14:00:00.000Z,2.15686,2.15769,2.14948,2.15137,29832
2024-12-02T18:00:00.000Z,2.15148,2.15202,2.14754,2.14765,16103
2024-12-02T22:00:00.000Z,2.14763,2.15318,2.14723,2.15312,11838
2024-12-03T02:00:00.000Z,2.15312,2.15565,2.15085,2.15165,13317
2024-12-03T06:00:00.000Z,2.15165,2.15287,2.14931,2.15014,20012
2024-12-03T10:00:00.000Z,2.15016,2.15219,2.14857,2.15069,18822
2024-12-03T14:00:00.000Z,2.15069,2.15653,2.14957,2.15552,27538
2024-12-03T18:00:00.000Z,2.15545,2.15671,2.15361,2.15431,13681
2024-12-03T22:00:00.000Z,2.15339,2.1602,2.15305,2.15981,11048
2024-12-04T02:00:00.000Z,2.15981,2.16968,2.15893,2.16628,17493
2024-12-04T06:00:00.000Z,2.16628,2.17063,2.16206,2.16951,22597
2024-12-04T10:00:00.000Z,2.16953,2.17303,2.16902,2.1708,22066
2024-12-04T14:00:00.000Z,2.17081,2.17156,2.1666,2.16771,28344
2024-12-04T18:00:00.000Z,2.16773,2.16995,2.16583,2.16956,14964
2024-12-04T22:00:00.000Z,2.17074,2.17191,2.16468,2.1651,9825
2024-12-05T02:00:00.000Z,2.1651,2.16655,2.16352,2.16487,11315
2024-12-05T06:00:00.000Z,2.16487,2.1693,2.16484,2.16914,16342
2024-12-05T10:00:00.000Z,2.16915,2.17419,2.16863,2.1736,21184
2024-12-05T14:00:00.000Z,2.17361,2.17424,2.17028,2.17069,25955
2024-12-05T18:00:00.000Z,2.17069,2.17211,2.16586,2.16647,13888
2024-12-05T22:00:00.000Z,2.16555,2.1732,2.16482,2.17304,12644
2024-12-06T02:00:00.000Z,2.17304,2.17624,2.17036,2.17479,12759
2024-12-06T06:00:00.000Z,2.17478,2.18287,2.17478,2.18032,16945
2024-12-06T10:00:00.000Z,2.18032,2.18644,2.17924,2.17961,20353
2024-12-06T14:00:00.000Z,2.17961,2.18606,2.17875,2.18447,31226
2024-12-06T18:00:00.000Z,2.18449,2.18581,2.18281,2.18328,10543
2024-12-08T22:00:00.000Z,2.18058,2.1869,2.17933,2.18387,10449
2024-12-09T02:00:00.000Z,2.18387,2.19114,2.1827,2.18965,12143
2024-12-09T06:00:00.000Z,2.18965,2.19165,2.17718,2.17878,20041
2024-12-09T10:00:00.000Z,2.17883,2.17973,2.17338,2.17351,18356
2024-12-09T14:00:00.000Z,2.17349,2.17615,2.17229,2.17359,21136
2024-12-09T18:00:00.000Z,2.17359,2.17459,2.17256,2.17296,10537
2024-12-09T22:00:00.000Z,2.17289,2.18196,2.17194,2.18014,11014
2024-12-10T02:00:00.000Z,2.18007,2.1885,2.1788,2.18588,17567
2024-12-10T06:00:00.000Z,2.18588,2.19117,2.18558,2.19091,18531
2024-12-10T10:00:00.000Z,2.19093,2.19246,2.18853,2.19174,19353
2024-12-10T14:00:00.000Z,2.19174,2.20078,2.1914,2.1994,23545
2024-12-10T18:00:00.000Z,2.19941,2.20254,2.19819,2.20168,11651
2024-12-10T22:00:00.000Z,2.19864,2.20361,2.19821,2.20297,10427
2024-12-11T02:00:00.000Z,2.20299,2.2056,2.20015,2.20372,11536
2024-12-11T06:00:00.000Z,2.20371,2.20963,2.20322,2.20578,22582
2024-12-11T10:00:00.000Z,2.20573,2.20684,2.20171,2.20433,22521
2024-12-11T14:00:00.000Z,2.20434,2.20556,2.20144,2.20327,27011
2024-12-11T18:00:00.000Z,2.20339,2.20425,2.20114,2.20424,14055
2024-12-11T22:00:00.000Z,2.20225,2.20579,2.19836,2.19893,11295
2024-12-12T02:00:00.000Z,2.19889,2.20035,2.1974,2.19821,11742
2024-12-12T06:00:00.000Z,2.19821,2.19967,2.19599,2.19633,18900
2024-12-12T10:00:00.000Z,2.19633,2.19915,2.1947,2.19553,23469
2024-12-12T14:00:00.000Z,2.19553,2.19724,2.19334,2.19641,30712
2024-12-12T18:00:00.000Z,2.19641,2.19831,2.19586,2.19681,14903
2024-12-12T22:00:00.000Z,2.19458,2.19943,2.19385,2.19734,11699
2024-12-13T02:00:00.000Z,2.19737,2.19916,2.19503,2.1964,11930
2024-12-13T06:00:00.000Z,2.19649,2.19878,2.18935,2.19306,20244
2024-12-13T10:00:00.000Z,2.1931,2.19474,2.19107,2.19273,20031
2024-12-13T14:00:00.000Z,2.19278,2.19427,2.189,2.19207,23549
2024-12-13T18:00:00.000Z,2.19206,2.19281,2.19001,2.19013,11074
2024-12-15T22:00:00.000Z,2.18763,2.19036,2.18547,2.18835,10621
2024-12-16T02:00:00.000Z,2.18827,2.18875,2.18477,2.18584,10124
2024-12-16T06:00:00.000Z,2.18587,2.19193,2.18438,2.19061,17087
2024-12-16T10:00:00.000Z,2.19057,2.19484,2.19,2.19334,17251
2024-12-16T14:00:00.000Z,2.19334,2.19746,2.19227,2.19399,23787
2024-12-16T18:00:00.000Z,2.19416,2.19595,2.19365,2.19393,9852
2024-12-16T22:00:00.000Z,2.19124,2.19742,2.19088,2.1957,9675
2024-12-17T02:00:00.000Z,2.19569,2.19882,2.19522,2.1988,11214
2024-12-17T06:00:00.000Z,2.1988,2.20501,2.19805,2.20287,18807
2024-12-17T10:00:00.000Z,2.20287,2.20604,2.20102,2.20322,20670
2024-12-17T14:00:00.000Z,2.20322,2.20932,2.20037,2.20799,23997
2024-12-17T18:00:00.000Z,2.20801,2.20977,2.20735,2.20903,11125
2024-12-17T22:00:00.000Z,2.20516,2.21136,2.20485,2.21092,8894
2024-12-18T02:00:00.000Z,2.21093,2.21563,2.20922,2.21277,10624
2024-12-18T06:00:00.000Z,2.2128,2.21686,2.20906,2.2163,17973
2024-12-18T10:00:00.000Z,2.21632,2.22064,2.21294,2.21297,18976
2024-12-18T14:00:00.000Z,2.21296,2.22129,2.21164,2.22118,21290
2024-12-18T18:00:00.000Z,2.22104,2.23542,2.2202,2.23534,29672
2024-12-18T22:00:00.000Z,2.23377,2.24248,2.23207,2.23843,17789
2024-12-19T02:00:00.000Z,2.23846,2.23979,2.23484,2.23746,15881
2024-12-19T06:00:00.000Z,2.23744,2.24065,2.23357,2.23758,24822
2024-12-19T10:00:00.000Z,2.23753,2.23754,2.22456,2.22739,24730
2024-12-19T14:00:00.000Z,2.22732,2.22784,2.21607,2.21762,30912
2024-12-19T18:00:00.000Z,2.21755,2.22049,2.2173,2.21992,16096
2024-12-19T22:00:00.000Z,2.21936,2.22462,2.21754,2.21853,10834
2024-12-20T02:00:00.000Z,2.21849,2.22049,2.21666,2.21995,12725
2024-12-20T06:00:00.000Z,2.21994,2.22017,2.21464,2.21833,22627
2024-12-20T10:00:00.000Z,2.21835,2.22706,2.21802,2.22615,21552
2024-12-20T14:00:00.000Z,2.2262,2.22717,2.21944,2.22545,29994
2024-12-20T18:00:00.000Z,2.22545,2.22591,2.22116,2.22159,13638
2024-12-22T22:00:00.000Z,2.21782,2.22835,2.21782,2.22451,11491
2024-12-23T02:00:00.000Z,2.22453,2.22571,2.22245,2.2225,9519
2024-12-23T06:00:00.000Z,2.22254,2.2247,2.22046,2.2216,14732
2024-12-23T10:00:00.000Z,2.22158,2.22252,2.2183,2.22238,16021
2024-12-23T14:00:00.000Z,2.22238,2.22359,2.21578,2.21719,21394
2024-12-23T18:00:00.000Z,2.21705,2.21945,2.21648,2.21899,12972
2024-12-23T22:00:00.000Z,2.21862,2.222,2.21756,2.22087,7426
2024-12-24T02:00:00.000Z,2.22082,2.22336,2.2196,2.2202,8936
2024-12-24T06:00:00.000Z,2.22017,2.22267,2.21755,2.22226,11821
2024-12-24T10:00:00.000Z,2.22224,2.22723,2.22097,2.22518,14394
2024-12-24T14:00:00.000Z,2.2252,2.22687,2.21989,2.2211,18225
2024-12-24T18:00:00.000Z,2.2211,2.22259,2.21614,2.22173,4882
2024-12-25T22:00:00.000Z,2.21784,2.22291,2.21639,2.21871,10711
2024-12-26T02:00:00.000Z,2.21869,2.22166,2.21668,2.22129,9210
2024-12-26T06:00:00.000Z,2.22133,2.22387,2.2197,2.22329,10821
2024-12-26T10:00:00.000Z,2.22333,2.22386,2.22107,2.22382,12510
2024-12-26T14:00:00.000Z,2.22381,2.2264,2.222,2.22487,18295
2024-12-26T18:00:00.000Z,2.22483,2.22834,2.22372,2.22699,12356
2024-12-26T22:00:00.000Z,2.22336,2.22894,2.22114,2.22756,9736
2024-12-27T02:00:00.000Z,2.22759,2.23059,2.22616,2.22812,9907
2024-12-27T06:00:00.000Z,2.22811,2.22814,2.22206,2.22273,14721
2024-12-27T10:00:00.000Z,2.22274,2.23041,2.22249,2.22948,16930
2024-12-27T14:00:00.000Z,2.22944,2.23518,2.22898,2.23247,23321
2024-12-27T18:00:00.000Z,2.23244,2.23299,2.23028,2.23242,12885
2024-12-29T22:00:00.000Z,2.2302,2.2322,2.22825,2.22952,5534
2024-12-30T02:00:00.000Z,2.22948,2.22948,2.2227,2.22446,5738
2024-12-30T06:00:00.000Z,2.22447,2.22523,2.22004,2.22435,12422
2024-12-30T10:00:00.000Z,2.22439,2.22798,2.22396,2.22559,16691
2024-12-30T14:00:00.000Z,2.22555,2.22626,2.21852,2.223,26645
2024-12-30T18:00:00.000Z,2.22295,2.22564,2.22215,2.2252,12253
2024-12-30T22:00:00.000Z,2.22198,2.22596,2.22194,2.22575,7378
2024-12-31T02:00:00.000Z,2.22573,2.23024,2.22568,2.22938,7900
2024-12-31T06:00:00.000Z,2.22949,2.23229,2.22802,2.22998,14690
2024-12-31T10:00:00.000Z,2.22997,2.23626,2.2295,2.23321,18474
2024-12-31T14:00:00.000Z,2.23321,2.23924,2.23299,2.23822,27016
2024-12-31T18:00:00.000Z,2.23822,2.23835,2.23471,2.23663,12714
2025-01-01T22:00:00.000Z,2.2354,2.23664,2.22937,2.2295,10035
2025-01-02T02:00:00.000Z,2.22948,2.23289,2.2289,2.232,8401
2025-01-02T06:00:00.000Z,2.232,2.23388,2.2211,2.22141,16711
2025-01-02T10:00:00.000Z,2.22143,2.223,2.20936,2.21052,22837
2025-01-02T14:00:00.000Z,2.21052,2.21226,2.20591,2.21146,29912
2025-01-02T18:00:00.000Z,2.21149,2.21378,2.21103,2.21279,13729
2025-01-02T22:00:00.000Z,2.21,2.21375,2.20878,2.21147,9257
2025-01-03T02:00:00.000Z,2.21149,2.21218,2.2091,2.21062,8733
2025-01-03T06:00:00.000Z,2.21071,2.21578,2.21005,2.21471,17033
2025-01-03T10:00:00.000Z,2.21473,2.21492,2.21172,2.21241,16291
2025-01-03T14:00:00.000Z,2.21242,2.21625,2.21067,2.21467,22890
2025-01-03T18:00:00.000Z,2.21471,2.21634,2.21283,2.2132,10231
2025-01-05T22:00:00.000Z,2.21077,2.21408,2.20728,2.21299,12064
2025-01-06T02:00:00.000Z,2.21299,2.21441,2.21072,2.21114,10291
2025-01-06T06:00:00.000Z,2.21114,2.21516,2.21101,2.21345,17281
2025-01-06T10:00:00.000Z,2.21345,2.21493,2.20563,2.20865,28941
2025-01-06T14:00:00.000Z,2.20861,2.21999,2.20667,2.21925,29493
2025-01-06T18:00:00.000Z,2.21939,2.22064,2.21822,2.21838,12663
2025-01-06T22:00:00.000Z,2.21601,2.21972,2.21492,2.2169,10279
2025-01-07T02:00:00.000Z,2.21697,2.21718,2.21184,2.2122,11934
2025-01-07T06:00:00.000Z,2.21221,2.21461,2.2063,2.20927,19406
2025-01-07T10:00:00.000Z,2.20924,2.21162,2.20765,2.21158,20063
2025-01-07T14:00:00.000Z,2.21158,2.21544,2.20795,2.21391,31152
2025-01-07T18:00:00.000Z,2.21374,2.21576,2.21287,2.21313,12011
2025-01-07T22:00:00.000Z,2.21266,2.21799,2.21067,2.21651,10104
2025-01-08T02:00:00.000Z,2.21651,2.21759,2.21442,2.21469,9964
2025-01-08T06:00:00.000Z,2.21469,2.21629,2.21211,2.21542,19266
2025-01-08T10:00:00.000Z,2.21531,2.2177,2.20244,2.20621,30477
2025-01-08T14:00:00.000Z,2.20625,2.20696,2.20028,2.2032,27131
2025-01-08T18:00:00.000Z,2.20316,2.20567,2.2023,2.20285,14673
2025-01-08T22:00:00.000Z,2.2008,2.20801,2.19999,2.20791,11718
2025-01-09T02:00:00.000Z,2.20791,2.20804,2.20165,2.20206,11160
2025-01-09T06:00:00.000Z,2.20208,2.20302,2.19441,2.19723,24769
2025-01-09T10:00:00.000Z,2.19723,2.20064,2.19265,2.19805,22864
2025-01-09T14:00:00.000Z,2.19807,2.20093,2.19668,2.19762,19823
2025-01-09T18:00:00.000Z,2.19762,2.1987,2.19637,2.1983,7009
2025-01-09T22:00:00.000Z,2.19711,2.19965,2.19628,2.19651,9718
2025-01-10T02:00:00.000Z,2.19651,2.2,2.19632,2.19659,12021
2025-01-10T06:00:00.000Z,2.19662,2.20609,2.19657,2.20568,17697
2025-01-10T10:00:00.000Z,2.20568,2.206,2.19826,2.20146,22990
2025-01-10T14:00:00.000Z,2.20146,2.20224,2.1961,2.19669,38941
2025-01-10T18:00:00.000Z,2.19668,2.19813,2.19537,2.1962,15043
2025-01-12T22:00:00.000Z,2.1933,2.19746,2.18885,2.18997,12097
2025-01-13T02:00:00.000Z,2.18997,2.19018,2.18253,2.187,13438
2025-01-13T06:00:00.000Z,2.18699,2.18963,2.18279,2.18367,22728
2025-01-13T10:00:00.000Z,2.18365,2.18776,2.18056,2.18511,24154
2025-01-13T14:00:00.000Z,2.18511,2.1907,2.18455,2.18986,26036
2025-01-13T18:00:00.000Z,2.18984,2.1908,2.18407,2.18478,12649
2025-01-13T22:00:00.000Z,2.18266,2.1868,2.17591,2.17669,14840
2025-01-14T02:00:00.000Z,2.17667,2.17973,2.17592,2.17702,11813
2025-01-14T06:00:00.000Z,2.17711,2.17775,2.17004,2.17035,22785
2025-01-14T10:00:00.000Z,2.17035,2.1768,2.16887,2.1736,21806
2025-01-14T14:00:00.000Z,2.17359,2.17981,2.1719,2.17933,29602
2025-01-14T18:00:00.000Z,2.17932,2.18122,2.17797,2.17814,11909
2025-01-14T22:00:00.000Z,2.17843,2.17996,2.17686,2.17719,7495
2025-01-15T02:00:00.000Z,2.17719,2.17937,2.17597,2.17933,8974
2025-01-15T06:00:00.000Z,2.17933,2.18062,2.17018,2.17443,21028
2025-01-15T10:00:00.000Z,2.17441,2.18251,2.17438,2.17777,20879
2025-01-15T14:00:00.000Z,2.17783,2.18152,2.17498,2.17617,31640
2025-01-15T18:00:00.000Z,2.17604,2.17945,2.17564,2.17848,10405
2025-01-15T22:00:00.000Z,2.17656,2.17957,2.1732,2.17567,12663
2025-01-16T02:00:00.000Z,2.17575,2.18046,2.17517,2.17987,12561
2025-01-16T06:00:00.000Z,2.17987,2.18078,2.17514,2.17668,19596
2025-01-16T10:00:00.000Z,2.17662,2.1829,2.17643,2.18118,21687
2025-01-16T14:00:00.000Z,2.1812,2.18192,2.17674,2.17987,32965
2025-01-16T18:00:00.000Z,2.17985,2.18275,2.17947,2.18142,12151
2025-01-16T22:00:00.000Z,2.18175,2.18397,2.17941,2.18017,7116
2025-01-17T02:00:00.000Z,2.18017,2.18585,2.17913,2.18436,9416
2025-01-17T06:00:00.000Z,2.18436,2.18621,2.17509,2.17866,19763
2025-01-17T10:00:00.000Z,2.17856,2.18517,2.17823,2.1849,20515
2025-01-17T14:00:00.000Z,2.18491,2.1861,2.175,2.17703,30301
2025-01-17T18:00:00.000Z,2.17703,2.17931,2.17641,2.17754,12502
2025-01-19T22:00:00.000Z,2.17489,2.17949,2.17455,2.1763,9264
2025-01-20T02:00:00.000Z,2.1763,2.17793,2.17374,2.17791,8456
2025-01-20T06:00:00.000Z,2.17791,2.17905,2.17234,2.17427,17591
2025-01-20T10:00:00.000Z,2.17427,2.1781,2.16976,2.17297,20411
2025-01-20T14:00:00.000Z,2.17289,2.17554,2.16874,2.17167,30588
2025-01-20T18:00:00.000Z,2.17135,2.17389,2.17082,2.17128,13097
2025-01-20T22:00:00.000Z,2.17102,2.17952,2.16921,2.17653,23194
2025-01-21T02:00:00.000Z,2.17653,2.17653,2.1718,2.17625,17113
2025-01-21T06:00:00.000Z,2.17625,2.17706,2.17279,2.17486,22192
2025-01-21T10:00:00.000Z,2.17485,2.17757,2.17458,2.17733,25214
2025-01-21T14:00:00.000Z,2.17747,2.17793,2.17391,2.17568,30602
2025-01-21T18:00:00.000Z,2.17544,2.17634,2.17283,2.17477,12848
2025-01-21T22:00:00.000Z,2.17476,2.18118,2.17279,2.18074,16267
2025-01-22T02:00:00.000Z,2.18074,2.18275,2.17903,2.18032,10091
2025-01-22T06:00:00.000Z,2.18032,2.18193,2.17433,2.17659,22044
2025-01-22T10:00:00.000Z,2.17664,2.17813,2.17485,2.17555,21751
2025-01-22T14:00:00.000Z,2.17561,2.17752,2.17269,2.17411,26564
2025-01-22T18:00:00.000Z,2.17409,2.17476,2.1724,2.17243,11075
2025-01-22T22:00:00.000Z,2.17384,2.17522,2.17197,2.17276,8887
2025-01-23T02:00:00.000Z,2.17276,2.17419,2.17007,2.17317,10187
2025-01-23T06:00:00.000Z,2.17317,2.17743,2.17214,2.17683,18738
2025-01-23T10:00:00.000Z,2.17682,2.17799,2.17449,2.1755,22089
2025-01-23T14:00:00.000Z,2.17547,2.17836,2.1734,2.17678,31669
2025-01-23T18:00:00.000Z,2.17676,2.17783,2.17502,2.17519,13773
2025-01-23T22:00:00.000Z,2.17345,2.17826,2.17275,2.17624,7579
2025-01-24T02:00:00.000Z,2.17624,2.17643,2.17071,2.17121,18070
2025-01-24T06:00:00.000Z,2.17124,2.17669,2.16791,2.1752,26109
2025-01-24T10:00:00.000Z,2.1752,2.1778,2.17349,2.17737,19841
2025-01-24T14:00:00.000Z,2.17737,2.18604,2.17672,2.18445,27675
2025-01-24T18:00:00.000Z,2.18445,2.18617,2.18408,2.18552,13538
2025-01-26T22:00:00.000Z,2.18532,2.19188,2.18443,2.19157,12544
2025-01-27T02:00:00.000Z,2.19164,2.19174,2.18769,2.18798,13338
2025-01-27T06:00:00.000Z,2.18796,2.19393,2.18768,2.19382,24308
2025-01-27T10:00:00.000Z,2.19379,2.19742,2.19195,2.19591,27548
2025-01-27T14:00:00.000Z,2.1959,2.19837,2.19335,2.1956,28932
2025-01-27T18:00:00.000Z,2.1956,2.19675,2.19379,2.19521,16621
2025-01-27T22:00:00.000Z,2.19427,2.20148,2.19296,2.20008,20625
2025-01-28T02:00:00.000Z,2.20009,2.20054,2.19623,2.19879,15683
2025-01-28T06:00:00.000Z,2.19882,2.19951,2.1956,2.19893,20885
2025-01-28T10:00:00.000Z,2.19893,2.19974,2.19698,2.19886,19539
2025-01-28T14:00:00.000Z,2.19886,2.19907,2.19414,2.19439,24209
2025-01-28T18:00:00.000Z,2.1944,2.19561,2.19322,2.19548,12147
2025-01-28T22:00:00.000Z,2.19381,2.19973,2.19359,2.19803,9136
2025-01-29T02:00:00.000Z,2.19803,2.20027,2.19707,2.19812,9509
2025-01-29T06:00:00.000Z,2.19804,2.2015,2.19767,2.19954,18668
2025-01-29T10:00:00.000Z,2.19954,2.20115,2.19775,2.19926,21572
2025-01-29T14:00:00.000Z,2.19928,2.20124,2.19744,2.20028,29063
2025-01-29T18:00:00.000Z,2.20028,2.20289,2.19779,2.20018,27418
2025-01-29T22:00:00.000Z,2.19773,2.20004,2.19709,2.19925,10683
2025-01-30T02:00:00.000Z,2.19925,2.20474,2.1986,2.20467,11264
2025-01-30T06:00:00.000Z,2.20467,2.20659,2.20091,2.20225,17756
2025-01-30T10:00:00.000Z,2.2022,2.20408,2.19882,2.2035,22253
2025-01-30T14:00:00.000Z,2.20352,2.20572,2.20162,2.20198,28426
2025-01-30T18:00:00.000Z,2.20178,2.20696,2.20138,2.20355,16976
2025-01-30T22:00:00.000Z,2.20247,2.2068,2.20154,2.20363,11023
2025-01-31T02:00:00.000Z,2.20366,2.20515,2.19946,2.20012,10356
2025-01-31T06:00:00.000Z,2.20008,2.20058,2.19374,2.19763,19232
2025-01-31T10:00:00.000Z,2.19762,2.20097,2.19703,2.19819,20217
2025-01-31T14:00:00.000Z,2.19828,2.19896,2.19345,2.19405,31692
2025-01-31T18:00:00.000Z,2.19403,2.19999,2.194,2.19861,29031
2025-02-02T22:00:00.000Z,2.20176,2.21794,2.19873,2.21758,29683
2025-02-03T02:00:00.000Z,2.21754,2.2211,2.212,2.21545,23220
2025-02-03T06:00:00.000Z,2.21547,2.21671,2.21004,2.21087,28933
2025-02-03T10:00:00.000Z,2.21083,2.21926,2.21059,2.21835,26164
2025-02-03T14:00:00.000Z,2.21833,2.22085,2.21414,2.21643,43741
2025-02-03T18:00:00.000Z,2.21646,2.21783,2.20767,2.21146,22394
2025-02-03T22:00:00.000Z,2.20849,2.21277,2.20677,2.21103,16954
2025-02-04T02:00:00.000Z,2.21103,2.21841,2.21049,2.21743,18215
2025-02-04T06:00:00.000Z,2.21742,2.21757,2.21348,2.21584,23330
2025-02-04T10:00:00.000Z,2.21572,2.21614,2.21175,2.21309,20960
2025-02-04T14:00:00.000Z,2.2131,2.2144,2.20638,2.21085,30824
2025-02-04T18:00:00.000Z,2.21073,2.21089,2.20749,2.20779,13815
2025-02-04T22:00:00.000Z,2.20684,2.20954,2.20535,2.20779,12808
2025-02-05T02:00:00.000Z,2.20779,2.20865,2.20276,2.20401,14175
2025-02-05T06:00:00.000Z,2.20401,2.20586,2.20028,2.20285,22104
2025-02-05T10:00:00.000Z,2.20285,2.20544,2.20152,2.20337,22060
2025-02-05T14:00:00.000Z,2.2034,2.20494,2.1946,2.19722,27481
2025-02-05T18:00:00.000Z,2.19718,2.19943,2.19693,2.1982,12977
2025-02-05T22:00:00.000Z,2.2013,2.2014,2.19673,2.19906,8733
2025-02-06T02:00:00.000Z,2.19904,2.20405,2.19878,2.20352,10199
2025-02-06T06:00:00.000Z,2.20347,2.20494,2.19575,2.19653,17087
2025-02-06T10:00:00.000Z,2.19657,2.19693,2.18422,2.18886,24580
2025-02-06T14:00:00.000Z,2.18886,2.19392,2.18839,2.19217,24719
2025-02-06T18:00:00.000Z,2.19217,2.19373,2.19052,2.1909,13079
2025-02-06T22:00:00.000Z,2.1889,2.19202,2.18622,2.18684,8372
2025-02-07T02:00:00.000Z,2.18688,2.18937,2.18525,2.18861,9951
2025-02-07T06:00:00.000Z,2.18861,2.19207,2.1886,2.19102,14500
2025-02-07T10:00:00.000Z,2.191,2.19585,2.18899,2.19335,19013
2025-02-07T14:00:00.000Z,2.19331,2.19651,2.19275,2.19415,38327
2025-02-07T18:00:00.000Z,2.19415,2.19483,2.19169,2.19174,14797
2025-02-09T22:00:00.000Z,2.19252,2.19557,2.18794,2.19519,15445
2025-02-10T02:00:00.000Z,2.19519,2.19564,2.19151,2.19182,10835
2025-02-10T06:00:00.000Z,2.19182,2.19452,2.19112,2.19307,17858
2025-02-10T10:00:00.000Z,2.1931,2.19423,2.18958,2.18998,17375
2025-02-10T14:00:00.000Z,2.18998,2.19277,2.18786,2.19203,19864
2025-02-10T18:00:00.000Z,2.19203,2.19276,2.1909,2.19212,9585
2025-02-10T22:00:00.000Z,2.18978,2.19502,2.189,2.19234,9746
2025-02-11T02:00:00.000Z,2.19234,2.19304,2.18902,2.18955,9705
2025-02-11T06:00:00.000Z,2.18961,2.1908,2.18331,2.18984,16150
2025-02-11T10:00:00.000Z,2.18984,2.19608,2.18847,2.19565,16824
2025-02-11T14:00:00.000Z,2.19567,2.1979,2.19324,2.19778,20070
2025-02-11T18:00:00.000Z,2.19774,2.20161,2.19714,2.20109,12624
2025-02-11T22:00:00.000Z,2.19827,2.20179,2.19751,2.19765,9228
2025-02-12T02:00:00.000Z,2.19765,2.20157,2.19611,2.20089,11672
2025-02-12T06:00:00.000Z,2.20089,2.20668,2.20059,2.20639,17245
2025-02-12T10:00:00.000Z,2.20635,2.20953,2.20342,2.20947,21024
2025-02-12T14:00:00.000Z,2.2095,2.21038,2.20348,2.20487,34499
2025-02-12T18:00:00.000Z,2.20481,2.20571,2.20369,2.20515,16262
2025-02-12T22:00:00.000Z,2.2033,2.20825,2.20226,2.20689,10902
2025-02-13T02:00:00.000Z,2.20689,2.21009,2.20656,2.20705,13222
2025-02-13T06:00:00.000Z,2.20705,2.21692,2.20703,2.21588,21135
2025-02-13T10:00:00.000Z,2.21584,2.21739,2.20916,2.21457,22354
2025-02-13T14:00:00.000Z,2.21458,2.21765,2.21294,2.21575,28406
2025-02-13T18:00:00.000Z,2.21573,2.21712,2.21227,2.21311,19875
2025-02-13T22:00:00.000Z,2.2106,2.21353,2.20932,2.2095,11260
2025-02-14T02:00:00.000Z,2.2095,2.21125,2.206,2.2083,10138
2025-02-14T06:00:00.000Z,2.20825,2.20903,2.20476,2.20515,21034
2025-02-14T10:00:00.000Z,2.20513,2.20717,2.20295,2.20408,19814
2025-02-14T14:00:00.000Z,2.20408,2.20501,2.19784,2.19823,23410
2025-02-14T18:00:00.000Z,2.19823,2.19849,2.19331,2.19516,10253
2025-02-16T22:00:00.000Z,2.19832,2.19945,2.19058,2.19313,13578
2025-02-17T02:00:00.000Z,2.19313,2.19596,2.19288,2.19465,13417
2025-02-17T06:00:00.000Z,2.19465,2.19807,2.19339,2.1956,17814
2025-02-17T10:00:00.000Z,2.19565,2.19802,2.1951,2.19565,14638
2025-02-17T14:00:00.000Z,2.19565,2.20023,2.19483,2.1993,11218
2025-02-17T18:00:00.000Z,2.1993,2.20285,2.19851,2.2008,5678
2025-02-17T22:00:00.000Z,2.19782,2.20694,2.19782,2.20626,9357
2025-02-18T02:00:00.000Z,2.20626,2.20856,2.20472,2.20676,14356
2025-02-18T06:00:00.000Z,2.20676,2.21006,2.20538,2.20791,19188
2025-02-18T10:00:00.000Z,2.20791,2.21134,2.20551,2.20989,17097
2025-02-18T14:00:00.000Z,2.20991,2.21276,2.20954,2.21067,19303
2025-02-18T18:00:00.000Z,2.21038,2.21127,2.20901,2.21007,9813
2025-02-18T22:00:00.000Z,2.21022,2.22109,2.20879,2.21507,13309
2025-02-19T02:00:00.000Z,2.21511,2.21875,2.20364,2.2053,12462
2025-02-19T06:00:00.000Z,2.2053,2.20654,2.20106,2.20179,16815
2025-02-19T10:00:00.000Z,2.20177,2.20416,2.20131,2.20336,17773
2025-02-19T14:00:00.000Z,2.2034,2.20589,2.20145,2.20562,21964
2025-02-19T18:00:00.000Z,2.20562,2.20744,2.20484,2.20558,12376
2025-02-19T22:00:00.000Z,2.20266,2.20957,2.20246,2.20879,11470
2025-02-20T02:00:00.000Z,2.20879,2.20951,2.20095,2.2014,13399
2025-02-20T06:00:00.000Z,2.20144,2.20292,2.19972,2.20166,17712
2025-02-20T10:00:00.000Z,2.20166,2.20335,2.19869,2.20015,19564
2025-02-20T14:00:00.000Z,2.20015,2.20036,2.19365,2.19575,24955
2025-02-20T18:00:00.000Z,2.19584,2.19846,2.1954,2.19829,11144
2025-02-20T22:00:00.000Z,2.19744,2.19894,2.19512,2.19757,12236
2025-02-21T02:00:00.000Z,2.19757,2.19811,2.19531,2.19793,14344
2025-02-21T06:00:00.000Z,2.19793,2.20127,2.19613,2.19729,20306
2025-02-21T10:00:00.000Z,2.19729,2.1979,2.19533,2.19694,14668
2025-02-21T14:00:00.000Z,2.19695,2.19985,2.19519,2.19964,23948
2025-02-21T18:00:00.000Z,2.19964,2.20212,2.1989,2.19893,15209
2025-02-23T22:00:00.000Z,2.19794,2.20518,2.19352,2.20432,15195
2025-02-24T02:00:00.000Z,2.20436,2.2047,2.1987,2.20157,15210
2025-02-24T06:00:00.000Z,2.20157,2.20184,2.19738,2.19955,20599
2025-02-24T10:00:00.000Z,2.19953,2.20107,2.19814,2.20008,17541
2025-02-24T14:00:00.000Z,2.20007,2.20141,2.19784,2.20093,25249
2025-02-24T18:00:00.000Z,2.20093,2.20278,2.1996,2.20227,12926
2025-02-24T22:00:00.000Z,2.2016,2.20516,2.20143,2.204,10842
2025-02-25T02:00:00.000Z,2.204,2.20475,2.20193,2.2025,12678
2025-02-25T06:00:00.000Z,2.2025,2.20921,2.202,2.20896,20703
2025-02-25T10:00:00.000Z,2.20899,2.2134,2.20877,2.21253,20445
2025-02-25T14:00:00.000Z,2.21256,2.21693,2.2115,2.21539,28280
2025-02-25T18:00:00.000Z,2.2154,2.21544,2.21169,2.21187,15009
2025-02-25T22:00:00.000Z,2.21152,2.21613,2.21087,2.21486,10701
2025-02-26T02:00:00.000Z,2.21488,2.21583,2.21283,2.21428,13216
2025-02-26T06:00:00.000Z,2.21428,2.21763,2.21282,2.21753,18742
2025-02-26T10:00:00.000Z,2.21753,2.22376,2.21612,2.22294,18579
2025-02-26T14:00:00.000Z,2.22292,2.2262,2.22201,2.22384,29035
2025-02-26T18:00:00.000Z,2.22389,2.22684,2.22302,2.22559,16972
2025-02-26T22:00:00.000Z,2.22306,2.22608,2.22218,2.22384,10786
2025-02-27T02:00:00.000Z,2.22384,2.23019,2.22348,2.22845,14211
2025-02-27T06:00:00.000Z,2.22839,2.23069,2.22638,2.22963,18775
2025-02-27T10:00:00.000Z,2.22963,2.23255,2.22863,2.23193,22234
2025-02-27T14:00:00.000Z,2.23197,2.23792,2.23123,2.23655,29973
2025-02-27T18:00:00.000Z,2.23655,2.239,2.2354,2.2374,14899
2025-02-27T22:00:00.000Z,2.23455,2.24389,2.23453,2.24355,12521
2025-02-28T02:00:00.000Z,2.24359,2.24738,2.24289,2.24704,14046
2025-02-28T06:00:00.000Z,2.24709,2.24982,2.24549,2.24856,19128
2025-02-28T10:00:00.000Z,2.24856,2.25021,2.2471,2.24937,17846
2025-02-28T14:00:00.000Z,2.24935,2.25144,2.24568,2.24903,27992
2025-02-28T18:00:00.000Z,2.24903,2.24966,2.2471,2.24719,18952
2025-03-02T22:00:00.000Z,2.24449,2.25027,2.24418,2.24705,14158
2025-03-03T02:00:00.000Z,2.24705,2.25039,2.2468,2.24984,12286
2025-03-03T06:00:00.000Z,2.2499,2.25178,2.24625,2.25174,19134
2025-03-03T10:00:00.000Z,2.25175,2.2626,2.25162,2.25848,24488
2025-03-03T14:00:00.000Z,2.25848,2.25854,2.25478,2.25644,28218
2025-03-03T18:00:00.000Z,2.25667,2.2638,2.25558,2.26115,22265
2025-03-03T22:00:00.000Z,2.2591,2.26448,2.2591,2.26242,15559
2025-03-04T02:00:00.000Z,2.26246,2.26737,2.26196,2.26412,18167
2025-03-04T06:00:00.000Z,2.26412,2.26578,2.25951,2.26208,24448
2025-03-04T10:00:00.000Z,2.26206,2.26248,2.25839,2.2592,25422
2025-03-04T14:00:00.000Z,2.25924,2.26741,2.25898,2.26723,35338
2025-03-04T18:00:00.000Z,2.26722,2.2692,2.25805,2.25871,28217
2025-03-04T22:00:00.000Z,2.25644,2.26466,2.25644,2.26024,15435
2025-03-05T02:00:00.000Z,2.26031,2.26589,2.25973,2.26434,18503
2025-03-05T06:00:00.000Z,2.26432,2.26586,2.25785,2.25991,26510
2025-03-05T10:00:00.000Z,2.2599,2.2609,2.25134,2.25167,25561
2025-03-05T14:00:00.000Z,2.25169,2.25695,2.2507,2.25456,38388
2025-03-05T18:00:00.000Z,2.25456,2.25662,2.25009,2.25066,21146
2025-03-05T22:00:00.000Z,2.25078,2.25407,2.24739,2.2477,14988
2025-03-06T02:00:00.000Z,2.24772,2.25008,2.24625,2.24972,16049
2025-03-06T06:00:00.000Z,2.24972,2.2528,2.24529,2.24539,27974
2025-03-06T10:00:00.000Z,2.24539,2.2483,2.24246,2.24777,26489
2025-03-06T14:00:00.000Z,2.24785,2.24801,2.24111,2.24407,37618
2025-03-06T18:00:00.000Z,2.24403,2.24671,2.24351,2.24581,21285
2025-03-06T22:00:00.000Z,2.24221,2.24892,2.2422,2.2481,11646
2025-03-07T02:00:00.000Z,2.2481,2.2559,2.24793,2.25512,14807
2025-03-07T06:00:00.000Z,2.25511,2.25955,2.25427,2.25901,20994
2025-03-07T10:00:00.000Z,2.25905,2.26202,2.25628,2.2609,25147
2025-03-07T14:00:00.000Z,2.26092,2.2661,2.25887,2.26528,36582
2025-03-07T18:00:00.000Z,2.26528,2.26661,2.26155,2.26234,18284
2025-03-09T21:00:00.000Z,2.25467,2.26638,2.25449,2.26332,13236
2025-03-10T01:00:00.000Z,2.26332,2.26346,2.25877,2.25917,13806
2025-03-10T05:00:00.000Z,2.25917,2.25935,2.248,2.24829,20729
2025-03-10T09:00:00.000Z,2.24831,2.25482,2.24767,2.25412,25382
2025-03-10T13:00:00.000Z,2.25414,2.25578,2.2523,2.25435,29874
2025-03-10T17:00:00.000Z,2.25434,2.26032,2.25309,2.25946,20613
2025-03-10T21:00:00.000Z,2.25821,2.26433,2.25676,2.26399,11034
2025-03-11T01:00:00.000Z,2.26399,2.26702,2.2618,2.26399,19461
2025-03-11T05:00:00.000Z,2.26399,2.26924,2.26344,2.26653,24272
2025-03-11T09:00:00.000Z,2.26649,2.2693,2.26461,2.26849,22295
2025-03-11T13:00:00.000Z,2.26845,2.27006,2.26196,2.26649,33952
2025-03-11T17:00:00.000Z,2.26649,2.26846,2.26352,2.26559,21538
2025-03-11T21:00:00.000Z,2.26297,2.26662,2.26277,2.26602,8197
2025-03-12T01:00:00.000Z,2.26602,2.26789,2.26425,2.26542,15004
2025-03-12T05:00:00.000Z,2.26534,2.26699,2.26251,2.26321,19731
2025-03-12T09:00:00.000Z,2.26321,2.27228,2.26099,2.26778,23597
2025-03-12T13:00:00.000Z,2.26783,2.26818,2.26423,2.26565,30142
2025-03-12T17:00:00.000Z,2.26565,2.26571,2.26081,2.26103,15687
2025-03-12T21:00:00.000Z,2.25916,2.26259,2.25794,2.25956,6617
2025-03-13T01:00:00.000Z,2.25959,2.26296,2.25876,2.26267,12880
2025-03-13T05:00:00.000Z,2.26267,2.27053,2.2623,2.26927,20075
2025-03-13T09:00:00.000Z,2.26927,2.27523,2.26561,2.27376,22364
2025-03-13T13:00:00.000Z,2.27378,2.27482,2.26519,2.2679,28057
2025-03-13T17:00:00.000Z,2.26786,2.27316,2.2671,2.27289,13998
2025-03-13T21:00:00.000Z,2.27054,2.27366,2.27022,2.27038,8150
2025-03-14T01:00:00.000Z,2.27038,2.27047,2.26569,2.2664,14478
2025-03-14T05:00:00.000Z,2.2664,2.26736,2.25725,2.25753,18115
2025-03-14T09:00:00.000Z,2.25757,2.26272,2.25399,2.25505,23678
2025-03-14T13:00:00.000Z,2.25505,2.2555,2.24861,2.24932,25098
2025-03-14T17:00:00.000Z,2.24932,2.25048,2.24699,2.24905,9736
2025-03-16T21:00:00.000Z,2.24725,2.2499,2.24444,2.2479,8267
2025-03-17T01:00:00.000Z,2.2479,2.24847,2.24547,2.24595,10847
2025-03-17T05:00:00.000Z,2.24595,2.24706,2.24012,2.24144,14338
2025-03-17T09:00:00.000Z,2.24144,2.24343,2.23907,2.24136,17646
2025-03-17T13:00:00.000Z,2.24136,2.24145,2.23318,2.23354,20753
2025-03-17T17:00:00.000Z,2.23356,2.23386,2.2304,2.23113,12031
2025-03-17T21:00:00.000Z,2.23065,2.23293,2.22843,2.2293,5899
2025-03-18T01:00:00.000Z,2.2293,2.232,2.22695,2.23027,10335
2025-03-18T05:00:00.000Z,2.23027,2.23152,2.22842,2.22957,13947
2025-03-18T09:00:00.000Z,2.22945,2.23364,2.22812,2.23136,17900
2025-03-18T13:00:00.000Z,2.23136,2.23611,2.22947,2.23564,23279
2025-03-18T17:00:00.000Z,2.23564,2.23616,2.23351,2.23392,11424
2025-03-18T21:00:00.000Z,2.23305,2.23489,2.23272,2.23432,5488
2025-03-19T01:00:00.000Z,2.23432,2.2363,2.23398,2.23557,8114
2025-03-19T05:00:00.000Z,2.23557,2.24213,2.23271,2.24201,17175
2025-03-19T09:00:00.000Z,2.24203,2.24348,2.23961,2.23986,17689
2025-03-19T13:00:00.000Z,2.23987,2.24393,2.23937,2.24276,18424
2025-03-19T17:00:00.000Z,2.24276,2.24404,2.2351,2.23575,22358
2025-03-19T21:00:00.000Z,2.23345,2.24241,2.22912,2.2416,7981
2025-03-20T01:00:00.000Z,2.2416,2.24769,2.24105,2.24464,11432
2025-03-20T05:00:00.000Z,2.24464,2.25327,2.24428,2.25205,15409
2025-03-20T09:00:00.000Z,2.25205,2.26304,2.25087,2.25767,22905
2025-03-20T13:00:00.000Z,2.25769,2.26128,2.25544,2.25687,22291
2025-03-20T17:00:00.000Z,2.25687,2.25716,2.24945,2.25171,10410
2025-03-20T21:00:00.000Z,2.25162,2.25323,2.24838,2.24957,6682
2025-03-21T01:00:00.000Z,2.24957,2.25239,2.2493,2.2508,10341
2025-03-21T05:00:00.000Z,2.2508,2.25088,2.24521,2.24678,15379
2025-03-21T09:00:00.000Z,2.24678,2.24878,2.24579,2.24737,15777
2025-03-21T13:00:00.000Z,2.24737,2.25493,2.24669,2.25233,23729
2025-03-21T17:00:00.000Z,2.25237,2.25433,2.25134,2.25266,11247
2025-03-23T21:00:00.000Z,2.24459,2.2514,2.24421,2.25039,7817
2025-03-24T01:00:00.000Z,2.25045,2.25812,2.25042,2.25697,11388
2025-03-24T05:00:00.000Z,2.25697,2.25983,2.25645,2.25925,16067
2025-03-24T09:00:00.000Z,2.25925,2.26171,2.25597,2.26055,17681
2025-03-24T13:00:00.000Z,2.26055,2.2612,2.25647,2.25841,24758
2025-03-24T17:00:00.000Z,2.25841,2.2602,2.2555,2.25576,12594
2025-03-24T21:00:00.000Z,2.25507,2.25841,2.25093,2.25757,5235
2025-03-25T01:00:00.000Z,2.25757,2.25916,2.25588,2.25826,10950
2025-03-25T05:00:00.000Z,2.25816,2.25958,2.25595,2.2593,13949
2025-03-25T09:00:00.000Z,2.25926,2.2599,2.25263,2.25423,18419
2025-03-25T13:00:00.000Z,2.25423,2.25837,2.25279,2.25825,22391
2025-03-25T17:00:00.000Z,2.25831,2.25959,2.25765,2.25799,11539
2025-03-25T21:00:00.000Z,2.25416,2.26056,2.25416,2.2602,6261
2025-03-26T01:00:00.000Z,2.2602,2.26213,2.24971,2.25081,10826
2025-03-26T05:00:00.000Z,2.25081,2.25136,2.23996,2.24278,16539
2025-03-26T09:00:00.000Z,2.24274,2.24377,2.23966,2.24223,17393
2025-03-26T13:00:00.000Z,2.24215,2.247,2.24046,2.24651,22821
2025-03-26T17:00:00.000Z,2.24653,2.25164,2.24638,2.24981,14045
2025-03-26T21:00:00.000Z,2.24843,2.25347,2.24317,2.2511,10078
2025-03-27T01:00:00.000Z,2.2511,2.25189,2.24793,2.25006,12308
2025-03-27T05:00:00.000Z,2.25006,2.25174,2.24783,2.24847,18120
2025-03-27T09:00:00.000Z,2.24844,2.25539,2.24719,2.25305,18440
2025-03-27T13:00:00.000Z,2.25304,2.25811,2.25274,2.25674,23766
2025-03-27T17:00:00.000Z,2.25674,2.25752,2.25559,2.25588,11460
2025-03-27T21:00:00.000Z,2.2537,2.2603,2.25295,2.26025,7297
2025-03-28T01:00:00.000Z,2.26024,2.26645,2.26022,2.26491,8777
2025-03-28T05:00:00.000Z,2.26491,2.26739,2.26259,2.26369,13029
2025-03-28T09:00:00.000Z,2.26369,2.26604,2.26047,2.26058,14916
2025-03-28T13:00:00.000Z,2.2606,2.26396,2.25887,2.26183,24684
2025-03-28T17:00:00.000Z,2.26183,2.26634,2.26153,2.26371,11977
2025-03-30T21:00:00.000Z,2.26069,2.27324,2.26049,2.27151,10917
2025-03-31T01:00:00.000Z,2.27151,2.27151,2.26788,2.27048,11829
2025-03-31T05:00:00.000Z,2.27052,2.27565,2.26631,2.27527,18466
2025-03-31T09:00:00.000Z,2.27526,2.28078,2.27286,2.28078,15711
2025-03-31T13:00:00.000Z,2.28078,2.28472,2.27464,2.27634,25210
2025-03-31T17:00:00.000Z,2.27624,2.27703,2.27427,2.27504,11502
2025-03-31T21:00:00.000Z,2.27286,2.28017,2.27286,2.27914,5759
2025-04-01T01:00:00.000Z,2.27914,2.28173,2.27436,2.27452,11718
2025-04-01T05:00:00.000Z,2.27452,2.27939,2.27427,2.27603,17044
2025-04-01T09:00:00.000Z,2.27603,2.27728,2.26901,2.27004,19837
2025-04-01T13:00:00.000Z,2.27004,2.27139,2.26407,2.26887,25020
2025-04-01T17:00:00.000Z,2.26887,2.27025,2.26637,2.26688,12038
2025-04-01T21:00:00.000Z,2.26323,2.26695,2.26113,2.26286,7592
2025-04-02T01:00:00.000Z,2.26286,2.26346,2.25679,2.25772,9526
2025-04-02T05:00:00.000Z,2.25772,2.25866,2.25015,2.25085,13469
2025-04-02T09:00:00.000Z,2.25085,2.25641,2.25031,2.25252,15809
2025-04-02T13:00:00.000Z,2.25252,2.26251,2.25219,2.26165,22167
2025-04-02T17:00:00.000Z,2.26165,2.27249,2.2525,2.26715,20290
2025-04-02T21:00:00.000Z,2.26185,2.28382,2.2566,2.27435,26289
2025-04-03T01:00:00.000Z,2.27434,2.28047,2.27335,2.27838,21626
2025-04-03T05:00:00.000Z,2.27838,2.2784,2.26826,2.27068,31079
2025-04-03T09:00:00.000Z,2.27067,2.27153,2.25631,2.25675,36176
2025-04-03T13:00:00.000Z,2.25678,2.25847,2.24987,2.25519,37170
2025-04-03T17:00:00.000Z,2.25515,2.26213,2.25511,2.26106,17983
2025-04-03T21:00:00.000Z,2.25732,2.2634,2.25639,2.26217,13753
2025-04-04T01:00:00.000Z,2.26217,2.29174,2.26166,2.2912,20753
2025-04-04T05:00:00.000Z,2.2912,2.29124,2.28144,2.28144,31015
2025-04-04T09:00:00.000Z,2.28149,2.31508,2.27859,2.30403,48484
2025-04-04T13:00:00.000Z,2.30404,2.31946,2.29878,2.3153,50297
2025-04-04T17:00:00.000Z,2.31534,2.31682,2.29932,2.30167,30836
2025-04-06T21:00:00.000Z,2.29941,2.3356,2.29705,2.32435,34068
2025-04-07T01:00:00.000Z,2.32431,2.32476,2.30782,2.31662,30667
2025-04-07T05:00:00.000Z,2.31662,2.32587,2.30571,2.31323,43659
2025-04-07T09:00:00.000Z,2.31323,2.31653,2.28712,2.28803,46434
2025-04-07T13:00:00.000Z,2.28803,2.31047,2.27287,2.31024,54008
2025-04-07T17:00:00.000Z,2.31039,2.31089,2.29623,2.2969,33451
2025-04-07T21:00:00.000Z,2.29237,2.30268,2.29046,2.3003,13607
2025-04-08T01:00:00.000Z,2.30052,2.30443,2.27972,2.2803,23328
2025-04-08T05:00:00.000Z,2.2803,2.28471,2.27238,2.27648,31738
2025-04-08T09:00:00.000Z,2.27648,2.28583,2.27481,2.27638,33126
2025-04-08T13:00:00.000Z,2.27636,2.29897,2.27213,2.29829,40986
2025-04-08T17:00:00.000Z,2.29844,2.31113,2.29636,2.30855,32657
2025-04-08T21:00:00.000Z,2.30113,2.32883,2.29885,2.31892,19466
2025-04-09T01:00:00.000Z,2.31892,2.32673,2.30882,2.3182,33878
2025-04-09T05:00:00.000Z,2.31813,2.32157,2.29924,2.30596,41564
2025-04-09T09:00:00.000Z,2.30596,2.31075,2.29408,2.29415,37727
2025-04-09T13:00:00.000Z,2.29409,2.30042,2.28248,2.29121,36414
2025-04-09T17:00:00.000Z,2.29129,2.29172,2.26097,2.27296,46537
2025-04-09T21:00:00.000Z,2.26691,2.27711,2.26491,2.2754,21014
2025-04-10T01:00:00.000Z,2.27536,2.27875,2.25683,2.25779,24311
2025-04-10T05:00:00.000Z,2.25779,2.27355,2.25254,2.26822,33229
2025-04-10T09:00:00.000Z,2.26831,2.2719,2.25143,2.26583,35458
2025-04-10T13:00:00.000Z,2.26578,2.26909,2.25205,2.26247,44549
2025-04-10T17:00:00.000Z,2.26247,2.26353,2.25338,2.25843,33918
2025-04-10T21:00:00.000Z,2.25739,2.26546,2.25636,2.26156,23892
2025-04-11T01:00:00.000Z,2.26154,2.26204,2.24453,2.25775,33968
2025-04-11T05:00:00.000Z,2.25778,2.26152,2.24885,2.25596,39286
2025-04-11T09:00:00.000Z,2.2561,2.26092,2.25055,2.25436,37018
2025-04-11T13:00:00.000Z,2.25436,2.26137,2.24026,2.25001,44575
2025-04-11T17:00:00.000Z,2.24993,2.25288,2.24133,2.2431,25280
2025-04-13T21:00:00.000Z,2.24623,2.24631,2.23746,2.24119,18926
2025-04-14T01:00:00.000Z,2.24111,2.24713,2.23797,2.23826,22744
2025-04-14T05:00:00.000Z,2.23826,2.24447,2.23582,2.23832,25436
2025-04-14T09:00:00.000Z,2.23833,2.25002,2.23738,2.24866,23550
2025-04-14T13:00:00.000Z,2.24865,2.25074,2.23948,2.24521,34315
2025-04-14T17:00:00.000Z,2.24523,2.2453,2.24033,2.2434,19575
2025-04-14T21:00:00.000Z,2.24269,2.24691,2.23845,2.2386,11381
2025-04-15T01:00:00.000Z,2.23864,2.23893,2.22902,2.23056,16433
2025-04-15T05:00:00.000Z,2.23056,2.24097,2.22998,2.23989,23380
2025-04-15T09:00:00.000Z,2.23983,2.24125,2.2278,2.22868,21418
2025-04-15T13:00:00.000Z,2.2287,2.23775,2.22497,2.23667,29084
2025-04-15T17:00:00.000Z,2.23667,2.24354,2.23664,2.24227,14342
2025-04-15T21:00:00.000Z,2.23718,2.24871,2.23625,2.24669,13025
2025-04-16T01:00:00.000Z,2.24673,2.24803,2.24009,2.24031,15971
2025-04-16T05:00:00.000Z,2.24031,2.24635,2.23948,2.24437,25031
2025-04-16T09:00:00.000Z,2.24439,2.24631,2.24083,2.24563,23028
2025-04-16T13:00:00.000Z,2.24566,2.24709,2.23183,2.23279,24838
2025-04-16T17:00:00.000Z,2.23279,2.23653,2.22965,2.23035,21377
2025-04-16T21:00:00.000Z,2.22905,2.23251,2.22618,2.2311,11855
2025-04-17T01:00:00.000Z,2.23106,2.23608,2.23102,2.23515,15675
2025-04-17T05:00:00.000Z,2.23515,2.24235,2.23388,2.23414,21001
2025-04-17T09:00:00.000Z,2.23414,2.23502,2.22235,2.22269,21166
2025-04-17T13:00:00.000Z,2.22269,2.22575,2.21882,2.22059,27610
2025-04-17T17:00:00.000Z,2.22055,2.22205,2.2189,2.22108,13397
2025-04-17T21:00:00.000Z,2.22341,2.22465,2.21731,2.22398,16982
2025-04-18T01:00:00.000Z,2.22398,2.23931,2.22367,2.23476,60132
2025-04-18T05:00:00.000Z,2.23478,2.23997,2.23123,2.23954,56280
2025-04-18T09:00:00.000Z,2.23968,2.23979,2.23368,2.23816,54480
2025-04-18T13:00:00.000Z,2.23819,2.23964,2.23708,2.23913,43485
2025-04-18T17:00:00.000Z,2.23906,2.23924,2.23524,2.23569,38550
2025-04-20T21:00:00.000Z,2.23549,2.23954,2.22933,2.2389,13856
2025-04-21T01:00:00.000Z,2.2389,2.23989,2.22886,2.23117,14477
2025-04-21T05:00:00.000Z,2.23119,2.23276,2.22685,2.22994,18269
2025-04-21T09:00:00.000Z,2.22994,2.23089,2.22622,2.22757,18461
2025-04-21T13:00:00.000Z,2.22758,2.23187,2.22647,2.2293,21808
2025-04-21T17:00:00.000Z,2.2293,2.23072,2.22509,2.22948,13193
2025-04-21T21:00:00.000Z,2.22571,2.23423,2.22571,2.23287,11010
2025-04-22T01:00:00.000Z,2.23287,2.23287,2.22576,2.22591,14852
2025-04-22T05:00:00.000Z,2.22591,2.23169,2.22493,2.22938,24075
2025-04-22T09:00:00.000Z,2.22937,2.23218,2.22493,2.2314,20456
2025-04-22T13:00:00.000Z,2.2314,2.2341,2.22675,2.22861,24245
2025-04-22T17:00:00.000Z,2.22858,2.23471,2.22693,2.23453,14875
2025-04-22T21:00:00.000Z,2.2303,2.23344,2.22213,2.22366,20499
2025-04-23T01:00:00.000Z,2.22366,2.22956,2.22245,2.22462,15997
2025-04-23T05:00:00.000Z,2.22462,2.22691,2.2181,2.22458,22646
2025-04-23T09:00:00.000Z,2.22458,2.22551,2.21793,2.21829,21768
2025-04-23T13:00:00.000Z,2.21829,2.22796,2.21374,2.225,32988
2025-04-23T17:00:00.000Z,2.225,2.22964,2.22447,2.22865,14675
2025-04-23T21:00:00.000Z,2.22588,2.23226,2.22529,2.23126,9457
2025-04-24T01:00:00.000Z,2.2313,2.23432,2.22724,2.22843,12769
2025-04-24T05:00:00.000Z,2.22843,2.2327,2.22468,2.2262,19007
2025-04-24T09:00:00.000Z,2.22622,2.22823,2.22249,2.22653,17951
2025-04-24T13:00:00.000Z,2.22655,2.22803,2.22171,2.22362,22831
2025-04-24T17:00:00.000Z,2.22362,2.22545,2.2234,2.22425,9843
2025-04-24T21:00:00.000Z,2.22231,2.22578,2.22057,2.22308,9227
2025-04-25T01:00:00.000Z,2.22308,2.22417,2.21897,2.22237,13112
2025-04-25T05:00:00.000Z,2.22237,2.23053,2.22172,2.23045,18601
2025-04-25T09:00:00.000Z,2.23045,2.23707,2.2301,2.23648,14816
2025-04-25T13:00:00.000Z,2.23648,2.23733,2.23054,2.23254,18005
2025-04-25T17:00:00.000Z,2.23254,2.23516,2.23141,2.23262,9515
2025-04-27T21:00:00.000Z,2.22953,2.2352,2.22685,2.23375,7797
2025-04-28T01:00:00.000Z,2.23371,2.23582,2.22998,2.23118,9295
2025-04-28T05:00:00.000Z,2.23118,2.2454,2.23086,2.24439,16970
2025-04-28T09:00:00.000Z,2.24443,2.24545,2.24017,2.24319,16433
2025-04-28T13:00:00.000Z,2.24321,2.24753,2.23966,2.247,22612
2025-04-28T17:00:00.000Z,2.247,2.25012,2.24692,2.2481,10580
2025-04-28T21:00:00.000Z,2.24463,2.25305,2.24432,2.25178,7618
2025-04-29T01:00:00.000Z,2.25178,2.25416,2.24497,2.25113,13327
2025-04-29T05:00:00.000Z,2.25113,2.25301,2.24449,2.24752,17209
2025-04-29T09:00:00.000Z,2.24759,2.25122,2.24612,2.25115,14703
2025-04-29T13:00:00.000Z,2.25119,2.26182,2.25084,2.2562,21270
2025-04-29T17:00:00.000Z,2.25623,2.26058,2.25363,2.26015,9339
2025-04-29T21:00:00.000Z,2.25458,2.26093,2.2532,2.2603,6872
2025-04-30T01:00:00.000Z,2.26034,2.26102,2.25535,2.25652,12131
2025-04-30T05:00:00.000Z,2.25652,2.26144,2.25202,2.25824,16015
2025-04-30T09:00:00.000Z,2.2583,2.26192,2.25386,2.25894,19140
2025-04-30T13:00:00.000Z,2.25892,2.26023,2.24758,2.25013,26926
2025-04-30T17:00:00.000Z,2.25013,2.25039,2.24286,2.24512,13910
2025-04-30T21:00:00.000Z,2.24413,2.24547,2.24024,2.24034,7620
2025-05-01T01:00:00.000Z,2.24034,2.24267,2.23697,2.23726,10713
2025-05-01T05:00:00.000Z,2.23726,2.24862,2.23651,2.2476,16415
2025-05-01T09:00:00.000Z,2.24758,2.25219,2.24627,2.25024,17064
2025-05-01T13:00:00.000Z,2.25022,2.25312,2.24739,2.24964,22839
2025-05-01T17:00:00.000Z,2.24965,2.24967,2.24634,2.24739,10860
2025-05-01T21:00:00.000Z,2.24495,2.2495,2.24109,2.24139,8173
2025-05-02T01:00:00.000Z,2.24129,2.24664,2.24067,2.24316,12891
2025-05-02T05:00:00.000Z,2.24316,2.24766,2.2392,2.24318,17383
2025-05-02T09:00:00.000Z,2.24316,2.2437,2.23042,2.23344,21843
2025-05-02T13:00:00.000Z,2.23344,2.23414,2.22704,2.23186,27972
2025-05-02T17:00:00.000Z,2.23185,2.2346,2.22995,2.23088,11873
2025-05-04T21:00:00.000Z,2.22735,2.23246,2.22212,2.23085,7963
2025-05-05T01:00:00.000Z,2.23082,2.23082,2.22178,2.22529,11573
2025-05-05T05:00:00.000Z,2.22529,2.22758,2.21966,2.2246,17194
2025-05-05T09:00:00.000Z,2.22461,2.22573,2.22211,2.22483,17497
2025-05-05T13:00:00.000Z,2.22485,2.22784,2.22307,2.22562,20714
2025-05-05T17:00:00.000Z,2.22562,2.22928,2.22525,2.22774,9835
2025-05-05T21:00:00.000Z,2.22334,2.23208,2.22322,2.23073,5719
2025-05-06T01:00:00.000Z,2.23063,2.23091,2.22296,2.22374,12594
2025-05-06T05:00:00.000Z,2.22374,2.22746,2.22221,2.227,18883
2025-05-06T09:00:00.000Z,2.22704,2.23769,2.22695,2.23692,17753
2025-05-06T13:00:00.000Z,2.23694,2.2381,2.22444,2.22628,20787
2025-05-06T17:00:00.000Z,2.22629,2.22841,2.2241,2.22522,12083
2025-05-06T21:00:00.000Z,2.22307,2.22633,2.21784,2.21929,14302
2025-05-07T01:00:00.000Z,2.21929,2.22746,2.21794,2.22359,15142
2025-05-07T05:00:00.000Z,2.22352,2.22674,2.22263,2.22509,18132
2025-05-07T09:00:00.000Z,2.2251,2.23395,2.22455,2.23395,15401
2025-05-07T13:00:00.000Z,2.23395,2.23583,2.23067,2.23385,19047
2025-05-07T17:00:00.000Z,2.23385,2.23909,2.23136,2.23724,20317
2025-05-07T21:00:00.000Z,2.23355,2.23852,2.22565,2.23486,8666
2025-05-08T01:00:00.000Z,2.23486,2.23827,2.23335,2.234,13096
2025-05-08T05:00:00.000Z,2.234,2.24313,2.23256,2.24068,20882
2025-05-08T09:00:00.000Z,2.24068,2.25143,2.23389,2.24669,20615
2025-05-08T13:00:00.000Z,2.24669,2.24833,2.24164,2.24301,24931
2025-05-08T17:00:00.000Z,2.24301,2.24541,2.24188,2.24265,13056
2025-05-08T21:00:00.000Z,2.24155,2.24696,2.24096,2.2468,6788
2025-05-09T01:00:00.000Z,2.2468,2.25043,2.2439,2.24416,13936
2025-05-09T05:00:00.000Z,2.24416,2.25041,2.24355,2.2491,15462
2025-05-09T09:00:00.000Z,2.2491,2.2553,2.24883,2.25222,15919
2025-05-09T13:00:00.000Z,2.25222,2.25234,2.24693,2.25045,18296
2025-05-09T17:00:00.000Z,2.2504,2.25157,2.2492,2.25055,7468
2025-05-11T21:00:00.000Z,2.23637,2.24767,2.23615,2.24391,11125
2025-05-12T01:00:00.000Z,2.24391,2.24439,2.2392,2.24184,12449
2025-05-12T05:00:00.000Z,2.24184,2.24575,2.23642,2.24014,24551
2025-05-12T09:00:00.000Z,2.24018,2.24552,2.23867,2.24516,22073
2025-05-12T13:00:00.000Z,2.24516,2.25289,2.24216,2.25076,22548
2025-05-12T17:00:00.000Z,2.25076,2.25186,2.24846,2.2501,12395
2025-05-12T21:00:00.000Z,2.24693,2.25182,2.24678,2.25151,8163
2025-05-13T01:00:00.000Z,2.25151,2.25359,2.24096,2.24149,13461
2025-05-13T05:00:00.000Z,2.24149,2.24402,2.23817,2.24272,18285
2025-05-13T09:00:00.000Z,2.24275,2.244,2.23921,2.2397,16876
2025-05-13T13:00:00.000Z,2.2397,2.24076,2.23432,2.23919,23866
2025-05-13T17:00:00.000Z,2.23919,2.24116,2.23826,2.24021,11876
2025-05-13T21:00:00.000Z,2.23817,2.24168,2.23756,2.23979,7598
2025-05-14T01:00:00.000Z,2.23979,2.24149,2.23668,2.23928,14786
2025-05-14T05:00:00.000Z,2.2393,2.24284,2.23616,2.23941,19986
2025-05-14T09:00:00.000Z,2.23943,2.24466,2.23706,2.24212,20847
2025-05-14T13:00:00.000Z,2.24216,2.25002,2.24189,2.2488,24891
2025-05-14T17:00:00.000Z,2.2488,2.24971,2.24666,2.24792,13039
2025-05-14T21:00:00.000Z,2.24441,2.25141,2.24248,2.24968,8188
2025-05-15T01:00:00.000Z,2.24973,2.25289,2.24489,2.25273,13426
2025-05-15T05:00:00.000Z,2.25273,2.25594,2.24947,2.25565,18499
2025-05-15T09:00:00.000Z,2.25563,2.2647,2.25509,2.26182,18380
2025-05-15T13:00:00.000Z,2.26168,2.26583,2.26078,2.26301,24264
2025-05-15T17:00:00.000Z,2.26296,2.26525,2.26258,2.26363,10725
2025-05-15T21:00:00.000Z,2.26076,2.26945,2.26053,2.26897,7294
2025-05-16T01:00:00.000Z,2.26897,2.26949,2.25386,2.25548,12023
2025-05-16T05:00:00.000Z,2.25548,2.25676,2.25016,2.25172,15063
2025-05-16T09:00:00.000Z,2.25172,2.25452,2.25003,2.25264,15535
2025-05-16T13:00:00.000Z,2.25267,2.25975,2.25259,2.25846,19622
2025-05-16T17:00:00.000Z,2.25854,2.25926,2.25692,2.2571,10919
2025-05-18T21:00:00.000Z,2.25228,2.26127,2.25225,2.25916,8131
2025-05-19T01:00:00.000Z,2.25917,2.25975,2.25508,2.25953,11134
2025-05-19T05:00:00.000Z,2.25953,2.26831,2.25768,2.26578,18404
2025-05-19T09:00:00.000Z,2.26578,2.2671,2.26167,2.26392,19683
2025-05-19T13:00:00.000Z,2.26388,2.26396,2.25269,2.25429,21430
2025-05-19T17:00:00.000Z,2.25432,2.25571,2.25232,2.25284,10716
2025-05-19T21:00:00.000Z,2.25046,2.25497,2.25031,2.25497,7003
2025-05-20T01:00:00.000Z,2.25497,2.25966,2.25479,2.25751,12867
2025-05-20T05:00:00.000Z,2.25752,2.26141,2.25534,2.25933,19941
2025-05-20T09:00:00.000Z,2.25933,2.26326,2.25819,2.26047,15975
2025-05-20T13:00:00.000Z,2.26049,2.26414,2.25905,2.25941,21618
2025-05-20T17:00:00.000Z,2.25945,2.26267,2.25913,2.26026,11259
2025-05-20T21:00:00.000Z,2.25639,2.26166,2.25566,2.25788,7427
2025-05-21T01:00:00.000Z,2.25788,2.26085,2.25661,2.2573,12999
2025-05-21T05:00:00.000Z,2.2573,2.26352,2.25607,2.26001,19568
2025-05-21T09:00:00.000Z,2.26011,2.26241,2.25581,2.25904,20042
2025-05-21T13:00:00.000Z,2.25903,2.26106,2.25353,2.25484,22166
2025-05-21T17:00:00.000Z,2.25484,2.26108,2.25418,2.25955,16213
2025-05-21T21:00:00.000Z,2.25621,2.26402,2.25431,2.26234,9152
2025-05-22T01:00:00.000Z,2.26231,2.26746,2.26093,2.26366,13687
2025-05-22T05:00:00.000Z,2.26366,2.26684,2.26174,2.26406,18906
2025-05-22T09:00:00.000Z,2.26406,2.27308,2.26404,2.27,18505
2025-05-22T13:00:00.000Z,2.26996,2.27611,2.26974,2.27315,22248
2025-05-22T17:00:00.000Z,2.27315,2.27577,2.27218,2.27455,12108
2025-05-22T21:00:00.000Z,2.27087,2.27636,2.27053,2.27466,7232
2025-05-23T01:00:00.000Z,2.27466,2.27532,2.27126,2.27346,9836
2025-05-23T05:00:00.000Z,2.27343,2.2743,2.26702,2.26923,14944
2025-05-23T09:00:00.000Z,2.26923,2.26958,2.26224,2.26754,22756
2025-05-23T13:00:00.000Z,2.2675,2.26989,2.25842,2.26021,21622
2025-05-23T17:00:00.000Z,2.26023,2.26146,2.25926,2.26095,10584
2025-05-25T21:00:00.000Z,2.25801,2.26181,2.25659,2.26181,10534
2025-05-26T01:00:00.000Z,2.26185,2.26187,2.2526,2.25513,14206
2025-05-26T05:00:00.000Z,2.25515,2.25705,2.25251,2.25386,14422
2025-05-26T09:00:00.000Z,2.25388,2.25587,2.25372,2.25512,10692
2025-05-26T13:00:00.000Z,2.25512,2.25937,2.25375,2.25923,9868
2025-05-26T17:00:00.000Z,2.25923,2.26059,2.25884,2.26055,6318
2025-05-26T21:00:00.000Z,2.25773,2.26389,2.25689,2.2622,7879
2025-05-27T01:00:00.000Z,2.26222,2.26722,2.26168,2.26701,11480
2025-05-27T05:00:00.000Z,2.26702,2.27238,2.263,2.27165,19860
2025-05-27T09:00:00.000Z,2.27165,2.27693,2.26993,2.27228,15649
2025-05-27T13:00:00.000Z,2.27228,2.27674,2.27031,2.27091,19665
2025-05-27T17:00:00.000Z,2.27094,2.27238,2.26972,2.27054,9698
2025-05-27T21:00:00.000Z,2.26785,2.27405,2.26285,2.27306,6844
2025-05-28T01:00:00.000Z,2.27306,2.27732,2.25546,2.26488,16638
2025-05-28T05:00:00.000Z,2.26488,2.26605,2.25859,2.26092,16412
2025-05-28T09:00:00.000Z,2.26091,2.2642,2.25814,2.26143,14842
2025-05-28T13:00:00.000Z,2.26143,2.26482,2.26003,2.26196,21919
2025-05-28T17:00:00.000Z,2.26195,2.2621,2.25643,2.25704,11755
2025-05-28T21:00:00.000Z,2.2557,2.2577,2.25167,2.25535,15084
2025-05-29T01:00:00.000Z,2.25535,2.26731,2.25526,2.26168,16126
2025-05-29T05:00:00.000Z,2.2617,2.26434,2.25593,2.25824,17066
2025-05-29T09:00:00.000Z,2.25824,2.25905,2.25422,2.25458,18602
2025-05-29T13:00:00.000Z,2.25458,2.26022,2.25365,2.25569,23064
2025-05-29T17:00:00.000Z,2.25569,2.26132,2.25546,2.26003,13002
2025-05-29T21:00:00.000Z,2.25771,2.26,2.25005,2.25575,11152
2025-05-30T01:00:00.000Z,2.25575,2.2605,2.25496,2.25633,13655
2025-05-30T05:00:00.000Z,2.25633,2.26317,2.25302,2.26266,16063
2025-05-30T09:00:00.000Z,2.26259,2.26405,2.26047,2.26361,18143
2025-05-30T13:00:00.000Z,2.26361,2.26416,2.25466,2.25768,24689
2025-05-30T17:00:00.000Z,2.25766,2.25784,2.2536,2.25444,12749
2025-06-01T21:00:00.000Z,2.25429,2.25546,2.24975,2.25045,8135
2025-06-02T01:00:00.000Z,2.25045,2.25067,2.2459,2.2499,12365
2025-06-02T05:00:00.000Z,2.24992,2.25362,2.24845,2.25158,17105
2025-06-02T09:00:00.000Z,2.25158,2.25185,2.24761,2.24996,17596
2025-06-02T13:00:00.000Z,2.24996,2.25164,2.24427,2.24485,23914
2025-06-02T17:00:00.000Z,2.24482,2.24553,2.24132,2.24306,11068
2025-06-02T21:00:00.000Z,2.24209,2.24516,2.23794,2.23848,6789
2025-06-03T01:00:00.000Z,2.23848,2.24955,2.23755,2.24834,12679
2025-06-03T05:00:00.000Z,2.24836,2.25808,2.24816,2.25292,15316
2025-06-03T09:00:00.000Z,2.25301,2.25366,2.24941,2.25266,15329
2025-06-03T13:00:00.000Z,2.25266,2.25514,2.24942,2.2533,22675
2025-06-03T17:00:00.000Z,2.25325,2.25391,2.25168,2.25343,9098
2025-06-03T21:00:00.000Z,2.25069,2.25513,2.25047,2.25355,6751
2025-06-04T01:00:00.000Z,2.25355,2.25491,2.2508,2.25328,11757
2025-06-04T05:00:00.000Z,2.25328,2.25491,2.25104,2.25161,15808
2025-06-04T09:00:00.000Z,2.25165,2.25252,2.24622,2.24848,16489
2025-06-04T13:00:00.000Z,2.2485,2.25184,2.24691,2.24793,21210
2025-06-04T17:00:00.000Z,2.24792,2.24849,2.24622,2.24824,10384
2025-06-04T21:00:00.000Z,2.24652,2.24881,2.24523,2.24646,6569
2025-06-05T01:00:00.000Z,2.24646,2.24742,2.24335,2.24582,12266
2025-06-05T05:00:00.000Z,2.24583,2.24876,2.24416,2.24601,13583
2025-06-05T09:00:00.000Z,2.246,2.2461,2.24154,2.24265,18125
2025-06-05T13:00:00.000Z,2.24265,2.24849,2.23819,2.24798,27545
2025-06-05T17:00:00.000Z,2.24801,2.24856,2.24666,2.24843,14015
2025-06-05T21:00:00.000Z,2.24669,2.24954,2.24531,2.24675,6508
2025-06-06T01:00:00.000Z,2.24675,2.25126,2.24392,2.24436,10189
2025-06-06T05:00:00.000Z,2.24436,2.2469,2.24109,2.24655,13785
2025-06-06T09:00:00.000Z,2.24659,2.24811,2.24195,2.24665,17666
2025-06-06T13:00:00.000Z,2.24664,2.25065,2.24601,2.24933,25552
2025-06-06T17:00:00.000Z,2.24933,2.24936,2.24634,2.24755,10617
2025-06-08T21:00:00.000Z,2.24763,2.24959,2.2442,2.24846,6347
2025-06-09T01:00:00.000Z,2.2485,2.24852,2.24446,2.24523,9547
2025-06-09T05:00:00.000Z,2.24523,2.24624,2.23815,2.24035,12298
2025-06-09T09:00:00.000Z,2.24036,2.24218,2.23843,2.24077,14318
2025-06-09T13:00:00.000Z,2.24075,2.24205,2.23847,2.24012,16715
2025-06-09T17:00:00.000Z,2.24012,2.24067,2.23918,2.24017,8918
2025-06-09T21:00:00.000Z,2.23767,2.24123,2.23669,2.23887,8436
2025-06-10T01:00:00.000Z,2.23883,2.24339,2.23605,2.23788,14531
2025-06-10T05:00:00.000Z,2.23781,2.24264,2.23056,2.23137,20031
2025-06-10T09:00:00.000Z,2.23137,2.23372,2.22968,2.23351,14606
2025-06-10T13:00:00.000Z,2.23351,2.23715,2.23293,2.23366,17947
2025-06-10T17:00:00.000Z,2.23368,2.23501,2.23019,2.23034,9800
2025-06-10T21:00:00.000Z,2.22853,2.23196,2.22761,2.23088,9701
2025-06-11T01:00:00.000Z,2.23088,2.23644,2.22985,2.23441,11818
2025-06-11T05:00:00.000Z,2.23443,2.23767,2.2326,2.23679,13332
2025-06-11T09:00:00.000Z,2.23679,2.24011,2.2328,2.23366,17760
2025-06-11T13:00:00.000Z,2.23366,2.24376,2.23333,2.24232,20803
2025-06-11T17:00:00.000Z,2.24228,2.24743,2.24083,2.24671,12258
2025-06-11T21:00:00.000Z,2.2431,2.2521,2.2431,2.25143,8909
2025-06-12T01:00:00.000Z,2.25143,2.25719,2.24817,2.25115,14032
2025-06-12T05:00:00.000Z,2.25115,2.25263,2.24478,2.24821,18364
2025-06-12T09:00:00.000Z,2.24821,2.2503,2.24247,2.24456,21389
2025-06-12T13:00:00.000Z,2.24455,2.24721,2.24008,2.24205,22625
2025-06-12T17:00:00.000Z,2.24203,2.24451,2.24158,2.24426,9501
2025-06-12T21:00:00.000Z,2.2401,2.25705,2.2401,2.25627,14191
2025-06-13T01:00:00.000Z,2.25627,2.25898,2.24446,2.25256,21798
2025-06-13T05:00:00.000Z,2.25256,2.25579,2.24947,2.25266,22326
2025-06-13T09:00:00.000Z,2.25266,2.25659,2.25178,2.25254,20885
2025-06-13T13:00:00.000Z,2.25261,2.25339,2.24718,2.25164,20213
2025-06-13T17:00:00.000Z,2.25164,2.25566,2.25085,2.25426,14980
2025-06-15T21:00:00.000Z,2.25339,2.25549,2.24867,2.24958,14490
2025-06-16T01:00:00.000Z,2.24967,2.25437,2.24914,2.25191,14708
2025-06-16T05:00:00.000Z,2.25187,2.25469,2.24828,2.24853,17702
2025-06-16T09:00:00.000Z,2.24851,2.24978,2.24151,2.24175,14946
2025-06-16T13:00:00.000Z,2.24175,2.2436,2.23656,2.23871,21914
2025-06-16T17:00:00.000Z,2.23869,2.24159,2.23775,2.23998,11860
2025-06-16T21:00:00.000Z,2.23601,2.24276,2.23601,2.24131,11539
2025-06-17T01:00:00.000Z,2.24131,2.24273,2.23614,2.237,13621
2025-06-17T05:00:00.000Z,2.23701,2.23824,2.23203,2.23281,15767
2025-06-17T09:00:00.000Z,2.23274,2.23653,2.23138,2.2353,16075
2025-06-17T13:00:00.000Z,2.2353,2.23555,2.22906,2.23175,23329
2025-06-17T17:00:00.000Z,2.23173,2.23525,2.23113,2.23193,17700
2025-06-17T21:00:00.000Z,2.22635,2.23431,2.22245,2.2309,12480
2025-06-18T01:00:00.000Z,2.2309,2.23126,2.22769,2.22775,14831
2025-06-18T05:00:00.000Z,2.22773,2.23332,2.2269,2.23219,16406
2025-06-18T09:00:00.000Z,2.23222,2.23368,2.23029,2.23106,14784
2025-06-18T13:00:00.000Z,2.23106,2.23175,2.22635,2.22843,22588
2025-06-18T17:00:00.000Z,2.22838,2.22872,2.22177,2.22569,23897
2025-06-18T21:00:00.000Z,2.22178,2.22879,2.22127,2.22868,11246
2025-06-19T01:00:00.000Z,2.22868,2.23792,2.22859,2.23652,17351
2025-06-19T05:00:00.000Z,2.23652,2.24641,2.23645,2.24349,17263
2025-06-19T09:00:00.000Z,2.24349,2.25086,2.24186,2.25042,16551
2025-06-19T13:00:00.000Z,2.25038,2.25253,2.24613,2.25023,14607
2025-06-19T17:00:00.000Z,2.25023,2.25043,2.24707,2.24752,6317
2025-06-19T21:00:00.000Z,2.24637,2.24749,2.24281,2.2468,10220
2025-06-20T01:00:00.000Z,2.2468,2.25116,2.24611,2.2472,14396
2025-06-20T05:00:00.000Z,2.2472,2.25065,2.24444,2.2502,16899
2025-06-20T09:00:00.000Z,2.2502,2.25329,2.24826,2.25313,15767
2025-06-20T13:00:00.000Z,2.2531,2.25701,2.25266,2.25469,21005
2025-06-20T17:00:00.000Z,2.25469,2.25626,2.25288,2.25308,11703
2025-06-22T21:00:00.000Z,2.25122,2.25833,2.24137,2.2544,14393
2025-06-23T01:00:00.000Z,2.2544,2.26691,2.25298,2.26436,16415
2025-06-23T05:00:00.000Z,2.26456,2.26946,2.26411,2.26837,20551
2025-06-23T09:00:00.000Z,2.26837,2.27349,2.26744,2.27067,20754
2025-06-23T13:00:00.000Z,2.27067,2.27406,2.2675,2.27121,26366
2025-06-23T17:00:00.000Z,2.27119,2.27173,2.26197,2.26291,15656
2025-06-23T21:00:00.000Z,2.26195,2.26336,2.25782,2.25903,13642
2025-06-24T01:00:00.000Z,2.25905,2.26063,2.25478,2.25501,15353
2025-06-24T05:00:00.000Z,2.25501,2.25957,2.2519,2.25809,21008
2025-06-24T09:00:00.000Z,2.25808,2.25817,2.25429,2.25776,15976
2025-06-24T13:00:00.000Z,2.25776,2.26475,2.25746,2.26303,22850
2025-06-24T17:00:00.000Z,2.26303,2.26677,2.26291,2.26624,11390
2025-06-24T21:00:00.000Z,2.26487,2.2671,2.26153,2.26215,7318
2025-06-25T01:00:00.000Z,2.26215,2.26385,2.25492,2.25842,13235
2025-06-25T05:00:00.000Z,2.25842,2.26258,2.25842,2.26101,15850
2025-06-25T09:00:00.000Z,2.26094,2.26258,2.25896,2.26089,14857
2025-06-25T13:00:00.000Z,2.26087,2.26381,2.25949,2.26294,17484
2025-06-25T17:00:00.000Z,2.26292,2.26408,2.2617,2.26244,12158
2025-06-25T21:00:00.000Z,2.25937,2.26323,2.25805,2.26316,8636
2025-06-26T01:00:00.000Z,2.26316,2.26852,2.26134,2.26466,13945
2025-06-26T05:00:00.000Z,2.26466,2.26945,2.26441,2.26567,19841
2025-06-26T09:00:00.000Z,2.26567,2.2683,2.26322,2.26513,19337
2025-06-26T13:00:00.000Z,2.26512,2.26774,2.26266,2.26662,25008
2025-06-26T17:00:00.000Z,2.26662,2.26703,2.26358,2.2663,14159
2025-06-26T21:00:00.000Z,2.26559,2.27171,2.26281,2.26304,7289
2025-06-27T01:00:00.000Z,2.26302,2.26532,2.2621,2.26463,12122
2025-06-27T05:00:00.000Z,2.26463,2.26577,2.26159,2.26338,16495
2025-06-27T09:00:00.000Z,2.26323,2.26708,2.26264,2.26376,17394
2025-06-27T13:00:00.000Z,2.26376,2.26642,2.26042,2.26092,21549
2025-06-27T17:00:00.000Z,2.2609,2.26679,2.26054,2.26436,14975
2025-06-29T21:00:00.000Z,2.26297,2.26454,2.25989,2.26142,9440
2025-06-30T01:00:00.000Z,2.26149,2.26245,2.25873,2.2603,10719
2025-06-30T05:00:00.000Z,2.2603,2.26046,2.25586,2.25724,16722
2025-06-30T09:00:00.000Z,2.25721,2.26139,2.25637,2.2597,15199
2025-06-30T13:00:00.000Z,2.2597,2.2597,2.25107,2.25182,21921
2025-06-30T17:00:00.000Z,2.25182,2.25251,2.2506,2.25184,11152
2025-06-30T21:00:00.000Z,2.25147,2.25558,2.24993,2.25507,7568
2025-07-01T01:00:00.000Z,2.25511,2.25884,2.25494,2.25518,11069
2025-07-01T05:00:00.000Z,2.25518,2.25576,2.25109,2.25223,17258
2025-07-01T09:00:00.000Z,2.25225,2.25359,2.24974,2.25246,18560
2025-07-01T13:00:00.000Z,2.25253,2.2563,2.2504,2.25599,23181
2025-07-01T17:00:00.000Z,2.25596,2.25633,2.25358,2.25381,10865
2025-07-01T21:00:00.000Z,2.25119,2.25435,2.25036,2.25178,6369
2025-07-02T01:00:00.000Z,2.25178,2.25506,2.25135,2.2521,9433
2025-07-02T05:00:00.000Z,2.25208,2.25711,2.25206,2.25453,14866
2025-07-02T09:00:00.000Z,2.25451,2.25911,2.24568,2.2473,21030
2025-07-02T13:00:00.000Z,2.2473,2.24734,2.23915,2.24256,21973
2025-07-02T17:00:00.000Z,2.2425,2.24275,2.23752,2.23889,10745
2025-07-02T21:00:00.000Z,2.23736,2.24296,2.23733,2.24116,7606
2025-07-03T01:00:00.000Z,2.24116,2.24634,2.24112,2.24518,10140
2025-07-03T05:00:00.000Z,2.24518,2.25,2.2451,2.24835,14458
2025-07-03T09:00:00.000Z,2.24835,2.25518,2.24711,2.25362,18739
2025-07-03T13:00:00.000Z,2.25362,2.25534,2.24793,2.24965,24706
2025-07-03T17:00:00.000Z,2.24962,2.25013,2.24824,2.24899,5918
2025-07-03T21:00:00.000Z,2.24774,2.24976,2.24592,2.2475,6229
2025-07-04T01:00:00.000Z,2.2475,2.25373,2.24693,2.25184,10818
2025-07-04T05:00:00.000Z,2.25189,2.25496,2.24956,2.25284,15566
2025-07-04T09:00:00.000Z,2.25279,2.25304,2.24989,2.25078,14648
2025-07-04T13:00:00.000Z,2.25078,2.25504,2.25048,2.25383,13007
2025-07-04T17:00:00.000Z,2.25385,2.25543,2.25083,2.25116,30893
2025-07-06T21:00:00.000Z,2.25082,2.25942,2.24988,2.25907,7700
2025-07-07T01:00:00.000Z,2.25901,2.26574,2.25719,2.26563,13073
2025-07-07T05:00:00.000Z,2.26567,2.26657,2.26344,2.26632,18675
2025-07-07T09:00:00.000Z,2.26632,2.27177,2.26538,2.2706,16256
2025-07-07T13:00:00.000Z,2.27056,2.27113,2.2661,2.26798,19965
2025-07-07T17:00:00.000Z,2.26798,2.2692,2.26634,2.26906,14650
2025-07-07T21:00:00.000Z,2.26559,2.26901,2.26268,2.26764,9021
2025-07-08T01:00:00.000Z,2.26764,2.26826,2.26037,2.26551,12370
2025-07-08T05:00:00.000Z,2.26552,2.26728,2.2607,2.26127,17988
2025-07-08T09:00:00.000Z,2.2613,2.26212,2.25607,2.25879,16738
2025-07-08T13:00:00.000Z,2.25879,2.26653,2.2575,2.26483,25335
2025-07-08T17:00:00.000Z,2.26478,2.26708,2.26291,2.26572,14659
2025-07-08T21:00:00.000Z,2.26482,2.26768,2.26127,2.2674,7995
2025-07-09T01:00:00.000Z,2.2674,2.26988,2.2593,2.26359,13794
2025-07-09T05:00:00.000Z,2.26359,2.26843,2.26212,2.26678,16841
2025-07-09T09:00:00.000Z,2.26678,2.2723,2.26488,2.26967,15024
2025-07-09T13:00:00.000Z,2.26967,2.27056,2.26418,2.26664,17195
2025-07-09T17:00:00.000Z,2.26664,2.26745,2.26302,2.26486,8184
2025-07-09T21:00:00.000Z,2.2618,2.26723,2.25985,2.26584,7944
2025-07-10T01:00:00.000Z,2.26584,2.26655,2.26379,2.26479,10285
2025-07-10T05:00:00.000Z,2.26479,2.26567,2.26127,2.26266,12146
2025-07-10T09:00:00.000Z,2.26266,2.26297,2.25443,2.25712,12426
2025-07-10T13:00:00.000Z,2.2571,2.25974,2.25148,2.25253,19457
2025-07-10T17:00:00.000Z,2.2525,2.25335,2.24965,2.25004,9905
2025-07-10T21:00:00.000Z,2.24819,2.2549,2.24699,2.25278,9849
2025-07-11T01:00:00.000Z,2.25284,2.25478,2.24769,2.25368,14554
2025-07-11T05:00:00.000Z,2.25368,2.25521,2.24748,2.25149,16813
2025-07-11T09:00:00.000Z,2.25149,2.25315,2.24377,2.24569,16649
2025-07-11T13:00:00.000Z,2.24571,2.25015,2.24437,2.2483,19236
2025-07-11T17:00:00.000Z,2.2483,2.24921,2.24518,2.24535,9232
2025-07-13T21:00:00.000Z,2.24266,2.24872,2.24089,2.24695,10168
2025-07-14T01:00:00.000Z,2.24695,2.25451,2.24669,2.25299,12161
2025-07-14T05:00:00.000Z,2.25299,2.2535,2.24779,2.25016,14478
2025-07-14T09:00:00.000Z,2.2502,2.2523,2.249,2.25204,12599
2025-07-14T13:00:00.000Z,2.25205,2.25322,2.24675,2.24918,17842
2025-07-14T17:00:00.000Z,2.24911,2.24924,2.24659,2.24755,7108
2025-07-14T21:00:00.000Z,2.24635,2.24895,2.24457,2.24722,8087
2025-07-15T01:00:00.000Z,2.24727,2.24789,2.24496,2.24733,9627
2025-07-15T05:00:00.000Z,2.24733,2.24787,2.24184,2.24258,13435
2025-07-15T09:00:00.000Z,2.24258,2.24446,2.2395,2.2416,15252
2025-07-15T13:00:00.000Z,2.2416,2.25373,2.24023,2.2528,24822
2025-07-15T17:00:00.000Z,2.2528,2.2528,2.25004,2.25128,10647
2025-07-15T21:00:00.000Z,2.24859,2.25169,2.24519,2.24669,6206
2025-07-16T01:00:00.000Z,2.24663,2.25226,2.24615,2.2515,10202
2025-07-16T05:00:00.000Z,2.25143,2.25467,2.2504,2.25336,14267
2025-07-16T09:00:00.000Z,2.25336,2.25624,2.24999,2.25478,15721
2025-07-16T13:00:00.000Z,2.25478,2.2617,2.25427,2.25803,32629
2025-07-16T17:00:00.000Z,2.25803,2.2583,2.25598,2.25638,13663
2025-07-16T21:00:00.000Z,2.25395,2.25927,2.25147,2.25801,8260
2025-07-17T01:00:00.000Z,2.25793,2.26397,2.25563,2.25957,12958
2025-07-17T05:00:00.000Z,2.25955,2.26559,2.2576,2.26326,17949
2025-07-17T09:00:00.000Z,2.26329,2.2667,2.2618,2.26461,15231
2025-07-17T13:00:00.000Z,2.26462,2.26633,2.2615,2.26197,18305
2025-07-17T17:00:00.000Z,2.26193,2.26323,2.26128,2.26144,8430
2025-07-17T21:00:00.000Z,2.26053,2.26232,2.2557,2.25611,8037
2025-07-18T01:00:00.000Z,2.25611,2.25662,2.25305,2.2546,10474
2025-07-18T05:00:00.000Z,2.2546,2.25603,2.25225,2.25248,12823
2025-07-18T09:00:00.000Z,2.25248,2.25295,2.25042,2.25061,12839
2025-07-18T13:00:00.000Z,2.25061,2.25115,2.24771,2.2492,18918
2025-07-18T17:00:00.000Z,2.2492,2.25063,2.24879,2.2492,8928
2025-07-20T21:00:00.000Z,2.24396,2.25738,2.24396,2.25525,9607
2025-07-21T01:00:00.000Z,2.25523,2.25789,2.2539,2.2546,9611
2025-07-21T05:00:00.000Z,2.25458,2.25785,2.25214,2.25564,13910
2025-07-21T09:00:00.000Z,2.25564,2.25956,2.25544,2.25759,13176
2025-07-21T13:00:00.000Z,2.25759,2.2591,2.2563,2.25684,17118
2025-07-21T17:00:00.000Z,2.25684,2.26033,2.25667,2.26026,8671
2025-07-21T21:00:00.000Z,2.25618,2.26257,2.25537,2.26204,6345
2025-07-22T01:00:00.000Z,2.26206,2.26274,2.26014,2.26166,9684
2025-07-22T05:00:00.000Z,2.26166,2.26897,2.26143,2.26897,13856
2025-07-22T09:00:00.000Z,2.26897,2.26926,2.25991,2.2601,13246
2025-07-22T13:00:00.000Z,2.2601,2.26055,2.25245,2.25441,22139
2025-07-22T17:00:00.000Z,2.25441,2.25538,2.25362,2.25446,10455
2025-07-22T21:00:00.000Z,2.25553,2.25861,2.25177,2.25216,9991
2025-07-23T01:00:00.000Z,2.25216,2.25382,2.24799,2.24858,14389
2025-07-23T05:00:00.000Z,2.24858,2.24892,2.24358,2.24498,15244
2025-07-23T09:00:00.000Z,2.24497,2.24511,2.23919,2.24468,14363
2025-07-23T13:00:00.000Z,2.24462,2.24958,2.24079,2.24937,21157
2025-07-23T17:00:00.000Z,2.24937,2.24973,2.2456,2.24593,11493
2025-07-23T21:00:00.000Z,2.2447,2.24751,2.24323,2.24539,7834
2025-07-24T01:00:00.000Z,2.24539,2.24594,2.24165,2.24294,13454
2025-07-24T05:00:00.000Z,2.24297,2.2444,2.23609,2.23638,16226
2025-07-24T09:00:00.000Z,2.23638,2.24072,2.23635,2.23966,15387
2025-07-24T13:00:00.000Z,2.23966,2.24221,2.23633,2.23728,22667
2025-07-24T17:00:00.000Z,2.23724,2.2409,2.23687,2.24036,11746
2025-07-24T21:00:00.000Z,2.23625,2.24076,2.23344,2.23803,7047
2025-07-25T01:00:00.000Z,2.23803,2.24202,2.23754,2.24082,12675
2025-07-25T05:00:00.000Z,2.24082,2.24188,2.23756,2.23988,18099
2025-07-25T09:00:00.000Z,2.23988,2.24118,2.23523,2.23723,14442
2025-07-25T13:00:00.000Z,2.23723,2.23761,2.23271,2.23293,21460
2025-07-25T17:00:00.000Z,2.23293,2.23438,2.23182,2.23237,9483
2025-07-27T21:00:00.000Z,2.23062,2.23294,2.23011,2.23046,9804
2025-07-28T01:00:00.000Z,2.23046,2.23599,2.22939,2.23531,12601
2025-07-28T05:00:00.000Z,2.23531,2.24662,2.23447,2.24572,18185
2025-07-28T09:00:00.000Z,2.24573,2.24657,2.24238,2.24509,18863
2025-07-28T13:00:00.000Z,2.24509,2.24641,2.24007,2.24032,20472
2025-07-28T17:00:00.000Z,2.24032,2.24036,2.23576,2.23677,10165
2025-07-28T21:00:00.000Z,2.23418,2.2391,2.23402,2.23795,6846
2025-07-29T01:00:00.000Z,2.23795,2.23803,2.2347,2.23635,12906
2025-07-29T05:00:00.000Z,2.23635,2.24192,2.23517,2.23864,18783
2025-07-29T09:00:00.000Z,2.23864,2.24374,2.23832,2.23942,17796
2025-07-29T13:00:00.000Z,2.23938,2.24212,2.23666,2.24061,23291
2025-07-29T17:00:00.000Z,2.24061,2.24291,2.23939,2.24156,14016
2025-07-29T21:00:00.000Z,2.24002,2.24324,2.23874,2.23992,7191
2025-07-30T01:00:00.000Z,2.23993,2.24163,2.23798,2.23945,13618
2025-07-30T05:00:00.000Z,2.23947,2.24464,2.23795,2.24358,15769
2025-07-30T09:00:00.000Z,2.24353,2.25025,2.24315,2.24563,19188
2025-07-30T13:00:00.000Z,2.24561,2.24715,2.24425,2.24519,21709
2025-07-30T17:00:00.000Z,2.24519,2.24804,2.24172,2.24515,25095
2025-07-30T21:00:00.000Z,2.24356,2.24532,2.2408,2.24362,9171
2025-07-31T01:00:00.000Z,2.24362,2.24596,2.23895,2.23901,14608
2025-07-31T05:00:00.000Z,2.23905,2.24123,2.23624,2.2405,18420
2025-07-31T09:00:00.000Z,2.24052,2.2422,2.23857,2.23981,18194
2025-07-31T13:00:00.000Z,2.23981,2.2456,2.23756,2.24264,24847
2025-07-31T17:00:00.000Z,2.24258,2.2432,2.24113,2.24185,15356
2025-07-31T21:00:00.000Z,2.23682,2.24435,2.23682,2.24267,10176
2025-08-01T01:00:00.000Z,2.24277,2.24552,2.24198,2.24411,14802
2025-08-01T05:00:00.000Z,2.24411,2.24952,2.24382,2.24398,15832
2025-08-01T09:00:00.000Z,2.24398,2.24854,2.23881,2.24359,19875
2025-08-01T13:00:00.000Z,2.24359,2.24932,2.24245,2.24319,33722
2025-08-01T17:00:00.000Z,2.24319,2.24524,2.24204,2.24284,18069
2025-08-03T21:00:00.000Z,2.2439,2.2475,2.24147,2.24351,12096
2025-08-04T01:00:00.000Z,2.24352,2.24574,2.24137,2.24485,14157
2025-08-04T05:00:00.000Z,2.24485,2.24785,2.24433,2.24601,17254
2025-08-04T09:00:00.000Z,2.24601,2.24916,2.24461,2.2466,18231
2025-08-04T13:00:00.000Z,2.2466,2.25066,2.24425,2.24968,22800
2025-08-04T17:00:00.000Z,2.24971,2.25036,2.24843,2.24883,11199
2025-08-04T21:00:00.000Z,2.24543,2.24925,2.24472,2.2488,8162
2025-08-05T01:00:00.000Z,2.24878,2.2536,2.24803,2.252,11210
2025-08-05T05:00:00.000Z,2.252,2.25576,2.25113,2.25574,15780
2025-08-05T09:00:00.000Z,2.25575,2.25638,2.25243,2.25413,16347
2025-08-05T13:00:00.000Z,2.25412,2.25673,2.25111,2.25567,23542
2025-08-05T17:00:00.000Z,2.25567,2.2563,2.2533,2.25339,13077
2025-08-05T21:00:00.000Z,2.25049,2.25635,2.2489,2.25021,7451
2025-08-06T01:00:00.000Z,2.25021,2.25157,2.24614,2.24658,9604
2025-08-06T05:00:00.000Z,2.24657,2.24884,2.24401,2.24412,13682
2025-08-06T09:00:00.000Z,2.24412,2.24667,2.24338,2.24446,16276
2025-08-06T13:00:00.000Z,2.24446,2.25093,2.2443,2.2504,21263
2025-08-06T17:00:00.000Z,2.2504,2.25259,2.24954,2.25255,12032
2025-08-06T21:00:00.000Z,2.25012,2.25401,2.24846,2.25149,7540
2025-08-07T01:00:00.000Z,2.25145,2.25155,2.24598,2.24687,10179
2025-08-07T05:00:00.000Z,2.24687,2.24892,2.24206,2.24403,15531
2025-08-07T09:00:00.000Z,2.24392,2.25676,2.24369,2.25366,19350
2025-08-07T13:00:00.000Z,2.25368,2.26016,2.25127,2.25909,22517
2025-08-07T17:00:00.000Z,2.25909,2.2596,2.25456,2.25476,15528
2025-08-07T21:00:00.000Z,2.25514,2.25571,2.25111,2.25515,8700
2025-08-08T01:00:00.000Z,2.25515,2.25667,2.25268,2.25477,10153
2025-08-08T05:00:00.000Z,2.25475,2.25744,2.25164,2.25692,14217
2025-08-08T09:00:00.000Z,2.25692,2.25897,2.25476,2.25497,15911
2025-08-08T13:00:00.000Z,2.25497,2.25955,2.2526,2.25943,17951
2025-08-08T17:00:00.000Z,2.25943,2.26116,2.25755,2.25864,12302
2025-08-10T21:00:00.000Z,2.25308,2.26052,2.2524,2.26035,5375
2025-08-11T01:00:00.000Z,2.26035,2.2625,2.2585,2.26239,8207
2025-08-11T05:00:00.000Z,2.26242,2.2659,2.26206,2.26451,12202
2025-08-11T09:00:00.000Z,2.26448,2.26586,2.26241,2.26336,13821
2025-08-11T13:00:00.000Z,2.26332,2.26389,2.25983,2.26216,17568
2025-08-11T17:00:00.000Z,2.26216,2.26285,2.26147,2.26169,11389
2025-08-11T21:00:00.000Z,2.26062,2.26259,2.25848,2.26014,6675
2025-08-12T01:00:00.000Z,2.26014,2.26419,2.25937,2.26276,9129
2025-08-12T05:00:00.000Z,2.26276,2.27431,2.26192,2.27411,16175
2025-08-12T09:00:00.000Z,2.27411,2.27498,2.26931,2.27134,17412
2025-08-12T13:00:00.000Z,2.27136,2.27474,2.26638,2.26907,27703
2025-08-12T17:00:00.000Z,2.26903,2.2695,2.26593,2.26647,11456
2025-08-12T21:00:00.000Z,2.26499,2.26835,2.26362,2.26835,6252
2025-08-13T01:00:00.000Z,2.26835,2.27043,2.26517,2.26673,8641
2025-08-13T05:00:00.000Z,2.26669,2.26826,2.2613,2.26545,13610
2025-08-13T09:00:00.000Z,2.26541,2.26939,2.26382,2.26843,14704
2025-08-13T13:00:00.000Z,2.26845,2.27146,2.26793,2.27135,16887
2025-08-13T17:00:00.000Z,2.27135,2.27269,2.27118,2.27234,9622
2025-08-13T21:00:00.000Z,2.27052,2.27279,2.26727,2.27023,5994
2025-08-14T01:00:00.000Z,2.27023,2.27264,2.26811,2.2711,11948
2025-08-14T05:00:00.000Z,2.2711,2.28184,2.27099,2.28169,15509
2025-08-14T09:00:00.000Z,2.28161,2.28521,2.27957,2.28501,16723
2025-08-14T13:00:00.000Z,2.28505,2.28862,2.28504,2.28694,21844
2025-08-14T17:00:00.000Z,2.28696,2.28825,2.28584,2.28605,10285
2025-08-14T21:00:00.000Z,2.28502,2.28658,2.28109,2.28577,5410
2025-08-15T01:00:00.000Z,2.28575,2.29108,2.28483,2.28803,9376
2025-08-15T05:00:00.000Z,2.28803,2.28911,2.28525,2.28525,10388
2025-08-15T09:00:00.000Z,2.2852,2.28909,2.2849,2.28685,13003
2025-08-15T13:00:00.000Z,2.28685,2.28832,2.28464,2.2872,19322
2025-08-15T17:00:00.000Z,2.28714,2.28877,2.28709,2.28824,8644
2025-08-17T21:00:00.000Z,2.28655,2.28891,2.28427,2.2848,5458
2025-08-18T01:00:00.000Z,2.28481,2.28544,2.28297,2.28336,7926
2025-08-18T05:00:00.000Z,2.28336,2.28433,2.27958,2.28034,12198
2025-08-18T09:00:00.000Z,2.28034,2.2834,2.27957,2.28315,12489
2025-08-18T13:00:00.000Z,2.28316,2.28677,2.28145,2.28178,16398
2025-08-18T17:00:00.000Z,2.28178,2.28252,2.27883,2.27957,9698
2025-08-18T21:00:00.000Z,2.27804,2.28201,2.27785,2.27793,6101
2025-08-19T01:00:00.000Z,2.27793,2.28001,2.27673,2.27906,10819
2025-08-19T05:00:00.000Z,2.2791,2.28524,2.27866,2.28433,12983
2025-08-19T09:00:00.000Z,2.28433,2.28433,2.2803,2.28124,12503
2025-08-19T13:00:00.000Z,2.28124,2.28747,2.28065,2.28639,16855
2025-08-19T17:00:00.000Z,2.28635,2.28964,2.28544,2.28955,8995
2025-08-19T21:00:00.000Z,2.28388,2.28928,2.2835,2.28745,8569
2025-08-20T01:00:00.000Z,2.28745,2.31451,2.28667,2.31219,13717
2025-08-20T05:00:00.000Z,2.31219,2.32153,2.30948,2.31585,14864
2025-08-20T09:00:00.000Z,2.31582,2.31829,2.30988,2.31096,12659
2025-08-20T13:00:00.000Z,2.31099,2.31563,2.30847,2.30935,18264
2025-08-20T17:00:00.000Z,2.30932,2.31083,2.30689,2.31037,11086
2025-08-20T21:00:00.000Z,2.31036,2.31258,2.30617,2.31153,6617
2025-08-21T01:00:00.000Z,2.31151,2.31284,2.30767,2.31224,8543
2025-08-21T05:00:00.000Z,2.31223,2.31376,2.3083,2.31191,12542
2025-08-21T09:00:00.000Z,2.31193,2.3129,2.30892,2.3101,14243
2025-08-21T13:00:00.000Z,2.31008,2.31036,2.3049,2.30666,22179
2025-08-21T17:00:00.000Z,2.30666,2.30683,2.30421,2.30523,10082
2025-08-21T21:00:00.000Z,2.30215,2.30817,2.30086,2.30768,6241
2025-08-22T01:00:00.000Z,2.30768,2.30832,2.30413,2.30647,9509
2025-08-22T05:00:00.000Z,2.30651,2.30915,2.30614,2.3072,11607
2025-08-22T09:00:00.000Z,2.3072,2.31131,2.30698,2.30875,13217
2025-08-22T13:00:00.000Z,2.30881,2.31026,2.30222,2.30519,29211
2025-08-22T17:00:00.000Z,2.30519,2.30604,2.30375,2.30422,12496
2025-08-24T21:00:00.000Z,2.30034,2.3063,2.29967,2.30147,7379
2025-08-25T01:00:00.000Z,2.30147,2.30591,2.30081,2.30357,7763
2025-08-25T05:00:00.000Z,2.30357,2.30361,2.29974,2.30154,10962
2025-08-25T09:00:00.000Z,2.30154,2.30347,2.30039,2.30272,10719
2025-08-25T13:00:00.000Z,2.3027,2.30312,2.29713,2.30034,17294
2025-08-25T17:00:00.000Z,2.30036,2.30177,2.29945,2.29963,11754
2025-08-25T21:00:00.000Z,2.2951,2.30302,2.2924,2.30219,10400
2025-08-26T01:00:00.000Z,2.30223,2.30782,2.30158,2.30374,11964
2025-08-26T05:00:00.000Z,2.30374,2.3058,2.30103,2.30545,17520
2025-08-26T09:00:00.000Z,2.30545,2.30548,2.30179,2.30229,15397
2025-08-26T13:00:00.000Z,2.30219,2.30426,2.29857,2.29873,19207
2025-08-26T17:00:00.000Z,2.29875,2.30059,2.29796,2.2994,9552
2025-08-26T21:00:00.000Z,2.30069,2.30296,2.29528,2.30102,6496
2025-08-27T01:00:00.000Z,2.30108,2.30261,2.29916,2.30108,10689
2025-08-27T05:00:00.000Z,2.30109,2.30679,2.30037,2.30648,13258
2025-08-27T09:00:00.000Z,2.30648,2.30753,2.30487,2.30715,13780
2025-08-27T13:00:00.000Z,2.30719,2.30848,2.30208,2.30258,18796
2025-08-27T17:00:00.000Z,2.30256,2.30405,2.30141,2.3031,11222
2025-08-27T21:00:00.000Z,2.30338,2.30503,2.3012,2.30458,7643
2025-08-28T01:00:00.000Z,2.3046,2.30685,2.30303,2.30444,11686
2025-08-28T05:00:00.000Z,2.30444,2.30611,2.30034,2.30091,13899
2025-08-28T09:00:00.000Z,2.30091,2.30319,2.29853,2.29894,15739
2025-08-28T13:00:00.000Z,2.29894,2.30191,2.29533,2.29646,20030
2025-08-28T17:00:00.000Z,2.29646,2.2968,2.29497,2.29559,10386
2025-08-28T21:00:00.000Z,2.2954,2.29705,2.29413,2.29417,7112
2025-08-29T01:00:00.000Z,2.29415,2.2946,2.29048,2.29145,11176
2025-08-29T05:00:00.000Z,2.29147,2.29277,2.28577,2.28661,13553
2025-08-29T09:00:00.000Z,2.28657,2.28795,2.28514,2.28612,15506
2025-08-29T13:00:00.000Z,2.28612,2.29137,2.28414,2.28882,21357
2025-08-29T17:00:00.000Z,2.28882,2.29101,2.28846,2.28946,9903
2025-08-31T21:00:00.000Z,2.2876,2.29144,2.28702,2.28848,6784
2025-09-01T01:00:00.000Z,2.28848,2.2911,2.28638,2.29095,11652
2025-09-01T05:00:00.000Z,2.29093,2.29603,2.28838,2.28875,13827
2025-09-01T09:00:00.000Z,2.28875,2.29343,2.28762,2.29334,13144
2025-09-01T13:00:00.000Z,2.29337,2.29659,2.29331,2.29467,13196
2025-09-01T17:00:00.000Z,2.29463,2.29579,2.29446,2.29446,4757
2025-09-01T21:00:00.000Z,2.29268,2.29536,2.29187,2.29307,7056
2025-09-02T01:00:00.000Z,2.29307,2.29965,2.29303,2.29869,11926
2025-09-02T05:00:00.000Z,2.29869,2.29902,2.28651,2.28987,21166
2025-09-02T09:00:00.000Z,2.28987,2.29021,2.28343,2.28593,22537
2025-09-02T13:00:00.000Z,2.2859,2.28696,2.2819,2.28326,23049
2025-09-02T17:00:00.000Z,2.28326,2.28411,2.28149,2.28313,11454
2025-09-02T21:00:00.000Z,2.28125,2.28489,2.28029,2.28373,6732
2025-09-03T01:00:00.000Z,2.28373,2.28375,2.28004,2.28091,10678
2025-09-03T05:00:00.000Z,2.28091,2.28718,2.28039,2.28686,15789
2025-09-03T09:00:00.000Z,2.28687,2.28915,2.28511,2.28785,15450
2025-09-03T13:00:00.000Z,2.28791,2.28906,2.28541,2.28726,21234
2025-09-03T17:00:00.000Z,2.28725,2.28809,2.28606,2.28627,10683
2025-09-03T21:00:00.000Z,2.28578,2.28713,2.28415,2.28472,6499
2025-09-04T01:00:00.000Z,2.28474,2.28789,2.28291,2.28773,10051
2025-09-04T05:00:00.000Z,2.28781,2.29341,2.28769,2.29237,12109
2025-09-04T09:00:00.000Z,2.29237,2.29678,2.29186,2.29515,15107
2025-09-04T13:00:00.000Z,2.29518,2.30257,2.29417,2.29959,18377
2025-09-04T17:00:00.000Z,2.29963,2.30011,2.29766,2.29777,8719
2025-09-04T21:00:00.000Z,2.29589,2.29841,2.29493,2.29623,6270
2025-09-05T01:00:00.000Z,2.29623,2.29656,2.29357,2.29532,8844
2025-09-05T05:00:00.000Z,2.29532,2.2957,2.29066,2.29184,10999
2025-09-05T09:00:00.000Z,2.2919,2.29481,2.28675,2.29104,16461
2025-09-05T13:00:00.000Z,2.29104,2.29417,2.28866,2.2922,27678
2025-09-05T17:00:00.000Z,2.29219,2.29403,2.29109,2.29163,11497
2025-09-07T21:00:00.000Z,2.28922,2.2925,2.28778,2.29102,7690
2025-09-08T01:00:00.000Z,2.29097,2.29155,2.28644,2.28691,11249
2025-09-08T05:00:00.000Z,2.28687,2.28716,2.27975,2.28099,14107
2025-09-08T09:00:00.000Z,2.28103,2.28236,2.27858,2.27975,14187
2025-09-08T13:00:00.000Z,2.27981,2.28187,2.2789,2.28166,17748
2025-09-08T17:00:00.000Z,2.2817,2.2825,2.27969,2.28032,9329
2025-09-08T21:00:00.000Z,2.27923,2.2815,2.27861,2.28066,6718
2025-09-09T01:00:00.000Z,2.2807,2.28298,2.2807,2.28128,11044
2025-09-09T05:00:00.000Z,2.28132,2.28273,2.27984,2.28084,15360
2025-09-09T09:00:00.000Z,2.28085,2.28139,2.27799,2.28098,13161
2025-09-09T13:00:00.000Z,2.28096,2.283,2.27826,2.28229,21785
2025-09-09T17:00:00.000Z,2.28226,2.28324,2.28149,2.28263,9458
2025-09-09T21:00:00.000Z,2.27754,2.28298,2.27754,2.28135,6952
2025-09-10T01:00:00.000Z,2.28137,2.28277,2.27601,2.27623,11449
2025-09-10T05:00:00.000Z,2.27625,2.27899,2.27515,2.2776,14002
2025-09-10T09:00:00.000Z,2.27758,2.28,2.27346,2.27621,16082
2025-09-10T13:00:00.000Z,2.27617,2.27804,2.27346,2.27608,18893
2025-09-10T17:00:00.000Z,2.27607,2.27725,2.2741,2.27717,9461
2025-09-10T21:00:00.000Z,2.27435,2.27881,2.27265,2.27869,6378
2025-09-11T01:00:00.000Z,2.27871,2.27957,2.2757,2.27826,8579
2025-09-11T05:00:00.000Z,2.27828,2.28065,2.27673,2.27967,15869
2025-09-11T09:00:00.000Z,2.27969,2.28211,2.27677,2.27871,20935
2025-09-11T13:00:00.000Z,2.27874,2.28001,2.27157,2.27332,25668
2025-09-11T17:00:00.000Z,2.27334,2.27419,2.27029,2.27085,13634
2025-09-11T21:00:00.000Z,2.27035,2.27297,2.26933,2.27082,6870
2025-09-12T01:00:00.000Z,2.27083,2.27169,2.26927,2.27126,10616
2025-09-12T05:00:00.000Z,2.27124,2.27424,2.27021,2.27382,15327
2025-09-12T09:00:00.000Z,2.27384,2.27777,2.27308,2.27764,15633
2025-09-12T13:00:00.000Z,2.27766,2.27906,2.27504,2.27804,17405
2025-09-12T17:00:00.000Z,2.27802,2.2786,2.27599,2.27636,9857
2025-09-14T21:00:00.000Z,2.27482,2.27745,2.27215,2.27644,7690
2025-09-15T01:00:00.000Z,2.2764,2.27671,2.27382,2.27497,8396
2025-09-15T05:00:00.000Z,2.27493,2.28089,2.2748,2.27884,13019
2025-09-15T09:00:00.000Z,2.2788,2.28543,2.27869,2.28193,13543
2025-09-15T13:00:00.000Z,2.28204,2.28288,2.27832,2.27978,17183
2025-09-15T17:00:00.000Z,2.27979,2.27993,2.27688,2.27722,10871
2025-09-15T21:00:00.000Z,2.27688,2.28167,2.27473,2.28108,6638
2025-09-16T01:00:00.000Z,2.28106,2.28486,2.28037,2.2835,10805
2025-09-16T05:00:00.000Z,2.28352,2.28458,2.28033,2.28346,14836
2025-09-16T09:00:00.000Z,2.28353,2.28513,2.28089,2.28431,17369
2025-09-16T13:00:00.000Z,2.28431,2.28698,2.28139,2.28173,21074
2025-09-16T17:00:00.000Z,2.28173,2.28218,2.27767,2.27857,11746
2025-09-16T21:00:00.000Z,2.27932,2.28167,2.27616,2.28092,7394
2025-09-17T01:00:00.000Z,2.28094,2.28302,2.28057,2.28182,8477
2025-09-17T05:00:00.000Z,2.28178,2.28486,2.2813,2.28356,12016
2025-09-17T09:00:00.000Z,2.28354,2.28571,2.28004,2.28104,11674
2025-09-17T13:00:00.000Z,2.28105,2.2895,2.28068,2.28917,15032
2025-09-17T17:00:00.000Z,2.28915,2.29062,2.28111,2.28521,29792
2025-09-17T21:00:00.000Z,2.28303,2.30128,2.28043,2.30121,10460
2025-09-18T01:00:00.000Z,2.30141,2.30329,2.29624,2.30133,13079
2025-09-18T05:00:00.000Z,2.30137,2.31481,2.3006,2.31442,17693
2025-09-18T09:00:00.000Z,2.31446,2.31495,2.3047,2.30716,18752
2025-09-18T13:00:00.000Z,2.30719,2.30778,2.30241,2.30413,25820
2025-09-18T17:00:00.000Z,2.30415,2.30515,2.30287,2.30363,11175
2025-09-18T21:00:00.000Z,2.29848,2.30416,2.29773,2.3023,8953
2025-09-19T01:00:00.000Z,2.30226,2.30777,2.30054,2.30692,13817
2025-09-19T05:00:00.000Z,2.3069,2.30848,2.29635,2.29706,18683
2025-09-19T09:00:00.000Z,2.29702,2.3004,2.29631,2.29902,15038
2025-09-19T13:00:00.000Z,2.299,2.30385,2.2981,2.30106,19523
2025-09-19T17:00:00.000Z,2.3011,2.30133,2.29867,2.29958,9092
2025-09-21T21:00:00.000Z,2.2925,2.30225,2.29157,2.30205,8644
2025-09-22T01:00:00.000Z,2.30198,2.30323,2.29632,2.2971,10852
2025-09-22T05:00:00.000Z,2.29711,2.30614,2.29704,2.30328,14770
2025-09-22T09:00:00.000Z,2.30322,2.30495,2.30154,2.30403,13340
2025-09-22T13:00:00.000Z,2.30401,2.30659,2.30247,2.30375,15821
2025-09-22T17:00:00.000Z,2.30375,2.30375,2.30204,2.30269,7682
2025-09-22T21:00:00.000Z,2.301,2.30548,2.29977,2.30548,6249
2025-09-23T01:00:00.000Z,2.30545,2.30999,2.30533,2.30967,9770
2025-09-23T05:00:00.000Z,2.30972,2.31157,2.30215,2.30336,16260
2025-09-23T09:00:00.000Z,2.30333,2.30755,2.30175,2.30671,14076
2025-09-23T13:00:00.000Z,2.30669,2.30935,2.30557,2.30773,19889
2025-09-23T17:00:00.000Z,2.30768,2.30956,2.30646,2.30822,12135
2025-09-23T21:00:00.000Z,2.30705,2.31024,2.30325,2.30799,8500
2025-09-24T01:00:00.000Z,2.30796,2.30931,2.30371,2.30521,11093
2025-09-24T05:00:00.000Z,2.30519,2.3078,2.30227,2.30607,13624
2025-09-24T09:00:00.000Z,2.3061,2.30793,2.30562,2.30677,14156
2025-09-24T13:00:00.000Z,2.30676,2.31451,2.30624,2.31347,20795
2025-09-24T17:00:00.000Z,2.31343,2.31511,2.31191,2.31234,9342
2025-09-24T21:00:00.000Z,2.30454,2.31409,2.3044,2.31393,8564
2025-09-25T01:00:00.000Z,2.31395,2.31583,2.30972,2.31144,9675
2025-09-25T05:00:00.000Z,2.31148,2.3139,2.30802,2.30822,14053
2025-09-25T09:00:00.000Z,2.30821,2.31206,2.30638,2.3095,16705
2025-09-25T13:00:00.000Z,2.30949,2.31786,2.30894,2.31119,24417
2025-09-25T17:00:00.000Z,2.3111,2.31424,2.31098,2.31393,11847
2025-09-25T21:00:00.000Z,2.30852,2.31596,2.30728,2.3147,8923
2025-09-26T01:00:00.000Z,2.31472,2.31614,2.31386,2.31461,8841
2025-09-26T05:00:00.000Z,2.31457,2.31906,2.314,2.31826,12335
2025-09-26T09:00:00.000Z,2.31828,2.31978,2.31708,2.3197,14231
2025-09-26T13:00:00.000Z,2.31968,2.32437,2.31875,2.32132,21255
2025-09-26T17:00:00.000Z,2.32132,2.32276,2.32063,2.32138,8606
2025-09-28T21:00:00.000Z,2.31578,2.32292,2.3136,2.3228,6365
2025-09-29T01:00:00.000Z,2.32279,2.32519,2.31997,2.32041,9746
2025-09-29T05:00:00.000Z,2.32039,2.3229,2.31995,2.32001,12309
2025-09-29T09:00:00.000Z,2.31999,2.32485,2.31955,2.32394,12233
2025-09-29T13:00:00.000Z,2.32392,2.32566,2.31845,2.3228,16099
2025-09-29T17:00:00.000Z,2.32284,2.3253,2.32214,2.32435,7311
2025-09-29T21:00:00.000Z,2.31977,2.32522,2.31824,2.32294,6294
2025-09-30T01:00:00.000Z,2.32298,2.32346,2.31814,2.32016,9975
2025-09-30T05:00:00.000Z,2.32019,2.32252,2.31623,2.31797,15172
2025-09-30T09:00:00.000Z,2.31799,2.32107,2.31784,2.3191,11946
2025-09-30T13:00:00.000Z,2.31914,2.3202,2.31483,2.31987,19012
2025-09-30T17:00:00.000Z,2.31983,2.32063,2.31907,2.31935,9799
2025-09-30T21:00:00.000Z,2.31452,2.3213,2.3131,2.32086,7721
2025-10-01T01:00:00.000Z,2.32082,2.32241,2.31994,2.32022,9024
2025-10-01T05:00:00.000Z,2.32031,2.32147,2.31498,2.31573,17382
2025-10-01T09:00:00.000Z,2.31576,2.32102,2.31545,2.31951,18023
2025-10-01T13:00:00.000Z,2.31954,2.32278,2.31707,2.31748,21618
2025-10-01T17:00:00.000Z,2.31751,2.31838,2.31613,2.31633,9297
2025-10-01T21:00:00.000Z,2.3168,2.3211,2.31381,2.31611,7072
2025-10-02T01:00:00.000Z,2.31611,2.3169,2.31077,2.31133,8922
2025-10-02T05:00:00.000Z,2.31128,2.31284,2.3084,2.31263,13931
2025-10-02T09:00:00.000Z,2.31259,2.31465,2.31129,2.31286,13597
2025-10-02T13:00:00.000Z,2.31283,2.31302,2.30815,2.3095,19620
2025-10-02T17:00:00.000Z,2.30946,2.31115,2.30937,2.31058,8270
2025-10-02T21:00:00.000Z,2.30697,2.31179,2.30612,2.30977,4540
2025-10-03T01:00:00.000Z,2.30977,2.31109,2.30795,2.31052,8121
2025-10-03T05:00:00.000Z,2.31046,2.31064,2.30653,2.30752,12406
2025-10-03T09:00:00.000Z,2.30743,2.30853,2.30361,2.30674,12231
2025-10-03T13:00:00.000Z,2.30677,2.3117,2.30667,2.31024,18953
2025-10-03T17:00:00.000Z,2.31022,2.31152,2.30967,2.31079,9443
2025-10-05T21:00:00.000Z,2.30782,2.31037,2.30533,2.30589,12104
2025-10-06T01:00:00.000Z,2.30612,2.30735,2.30402,2.30621,8358
2025-10-06T05:00:00.000Z,2.30619,2.30869,2.30347,2.30825,16576
2025-10-06T09:00:00.000Z,2.30819,2.3114,2.30414,2.30422,15485
2025-10-06T13:00:00.000Z,2.30425,2.30933,2.30401,2.30754,16448
2025-10-06T17:00:00.000Z,2.3075,2.30888,2.30736,2.3079,7029
2025-10-06T21:00:00.000Z,2.30566,2.31287,2.30482,2.31254,5455
2025-10-07T01:00:00.000Z,2.3125,2.31344,2.30846,2.31158,6614
2025-10-07T05:00:00.000Z,2.31164,2.31429,2.31122,2.31358,13587
2025-10-07T09:00:00.000Z,2.3136,2.31406,2.307,2.30955,13857
2025-10-07T13:00:00.000Z,2.30953,2.3167,2.30782,2.31569,18786
2025-10-07T17:00:00.000Z,2.31564,2.31726,2.31444,2.31497,9329
2025-10-07T21:00:00.000Z,2.31434,2.31579,2.31257,2.31303,6585
2025-10-08T01:00:00.000Z,2.31303,2.33524,2.31303,2.33159,12123
2025-10-08T05:00:00.000Z,2.33159,2.33408,2.3278,2.329,14321
2025-10-08T09:00:00.000Z,2.32888,2.32888,2.32008,2.32203,14241
2025-10-08T13:00:00.000Z,2.32199,2.32578,2.31602,2.31722,16888
2025-10-08T17:00:00.000Z,2.31718,2.31772,2.31409,2.31608,10145
2025-10-08T21:00:00.000Z,2.31468,2.31753,2.31378,2.31532,6094
2025-10-09T01:00:00.000Z,2.31529,2.31585,2.30948,2.31077,7463
2025-10-09T05:00:00.000Z,2.31081,2.3178,2.31014,2.31645,15189
2025-10-09T09:00:00.000Z,2.31645,2.31681,2.312,2.31497,15316
2025-10-09T13:00:00.000Z,2.31498,2.31919,2.31357,2.31563,23432
2025-10-09T17:00:00.000Z,2.31555,2.31583,2.31414,2.31508,11325
2025-10-09T21:00:00.000Z,2.30961,2.31525,2.30789,2.31254,6210
2025-10-10T01:00:00.000Z,2.3125,2.31368,2.31097,2.31218,7829
2025-10-10T05:00:00.000Z,2.31217,2.31467,2.3107,2.3118,14929
2025-10-10T09:00:00.000Z,2.31177,2.31218,2.30685,2.30849,14729
2025-10-10T13:00:00.000Z,2.3085,2.33296,2.30778,2.33213,25322
2025-10-10T17:00:00.000Z,2.33211,2.33343,2.32979,2.33297,12959
2025-10-12T21:00:00.000Z,2.32159,2.33076,2.31719,2.32786,13124
2025-10-13T01:00:00.000Z,2.32788,2.32907,2.32447,2.32748,10440
2025-10-13T05:00:00.000Z,2.3273,2.32916,2.32361,2.32506,16344
2025-10-13T09:00:00.000Z,2.32504,2.33126,2.32431,2.33026,14983
2025-10-13T13:00:00.000Z,2.33031,2.33066,2.3243,2.32441,17796
2025-10-13T17:00:00.000Z,2.32445,2.32807,2.32406,2.3279,7418
2025-10-13T21:00:00.000Z,2.32548,2.33242,2.32476,2.33032,7789
2025-10-14T01:00:00.000Z,2.33029,2.34027,2.32988,2.33933,12379
2025-10-14T05:00:00.000Z,2.33925,2.34339,2.32891,2.33413,20604
2025-10-14T09:00:00.000Z,2.3341,2.33469,2.32768,2.32986,17935
2025-10-14T13:00:00.000Z,2.32984,2.33282,2.32634,2.32854,24727
2025-10-14T17:00:00.000Z,2.32857,2.33341,2.32842,2.33053,11748
2025-10-14T21:00:00.000Z,2.32757,2.33519,2.32568,2.33353,7609
2025-10-15T01:00:00.000Z,2.33357,2.33447,2.33042,2.3333,10828
2025-10-15T05:00:00.000Z,2.33317,2.33601,2.32989,2.33044,15286
2025-10-15T09:00:00.000Z,2.33046,2.33436,2.32945,2.33427,15205
2025-10-15T13:00:00.000Z,2.33425,2.34146,2.33149,2.34063,21300
2025-10-15T17:00:00.000Z,2.3406,2.34442,2.33979,2.341,11649
2025-10-15T21:00:00.000Z,2.33762,2.34786,2.33735,2.34252,8644
2025-10-16T01:00:00.000Z,2.34249,2.34285,2.3352,2.33531,11529
2025-10-16T05:00:00.000Z,2.33531,2.34206,2.33371,2.34206,16555
2025-10-16T09:00:00.000Z,2.34204,2.3437,2.33909,2.3435,16083
2025-10-16T13:00:00.000Z,2.34354,2.34656,2.33979,2.34264,24035
2025-10-16T17:00:00.000Z,2.34256,2.34803,2.34222,2.34648,15779
2025-10-16T21:00:00.000Z,2.34601,2.34908,2.34223,2.34751,8389
2025-10-17T01:00:00.000Z,2.34752,2.34992,2.34493,2.3464,12698
2025-10-17T05:00:00.000Z,2.34634,2.35227,2.34565,2.34672,19486
2025-10-17T09:00:00.000Z,2.34679,2.34883,2.34007,2.34598,19232
2025-10-17T13:00:00.000Z,2.34593,2.34786,2.3408,2.34428,24460
2025-10-17T17:00:00.000Z,2.34426,2.34455,2.34046,2.34431,13096
2025-10-19T21:00:00.000Z,2.33982,2.34493,2.33661,2.34186,8497
2025-10-20T01:00:00.000Z,2.3418,2.3436,2.33924,2.34232,9368
2025-10-20T05:00:00.000Z,2.34223,2.34254,2.33822,2.33978,14686
2025-10-20T09:00:00.000Z,2.33977,2.34365,2.3394,2.34173,16703
2025-10-20T13:00:00.000Z,2.34173,2.34242,2.33254,2.33371,19344
2025-10-20T17:00:00.000Z,2.33365,2.33464,2.3316,2.33365,9459
2025-10-20T21:00:00.000Z,2.33289,2.33431,2.33003,2.33256,7215
2025-10-21T01:00:00.000Z,2.33254,2.33833,2.33226,2.33726,10248
2025-10-21T05:00:00.000Z,2.33722,2.34407,2.33685,2.34085,17982
2025-10-21T09:00:00.000Z,2.34089,2.34199,2.33558,2.33635,17951
2025-10-21T13:00:00.000Z,2.33641,2.33802,2.32831,2.32869,23543
2025-10-21T17:00:00.000Z,2.32871,2.32907,2.32684,2.32778,11669
2025-10-21T21:00:00.000Z,2.3274,2.32981,2.3262,2.3287,8383
2025-10-22T01:00:00.000Z,2.3288,2.32996,2.3253,2.32599,10040
2025-10-22T05:00:00.000Z,2.32601,2.32644,2.31402,2.31744,19288
2025-10-22T09:00:00.000Z,2.31738,2.32332,2.31659,2.32014,19018
2025-10-22T13:00:00.000Z,2.32022,2.32896,2.31928,2.3261,22906
2025-10-22T17:00:00.000Z,2.32608,2.32928,2.32587,2.3273,12571
2025-10-22T21:00:00.000Z,2.32356,2.32805,2.32356,2.32466,7407
2025-10-23T01:00:00.000Z,2.32463,2.32909,2.32386,2.32751,8588
2025-10-23T05:00:00.000Z,2.32751,2.32849,2.32167,2.32353,12802
2025-10-23T09:00:00.000Z,2.32344,2.32378,2.32146,2.32271,13000
2025-10-23T13:00:00.000Z,2.32271,2.32312,2.31538,2.31607,19593
2025-10-23T17:00:00.000Z,2.31608,2.31706,2.31412,2.31653,9505
2025-10-23T21:00:00.000Z,2.3146,2.31677,2.31416,2.31569,6480
2025-10-24T01:00:00.000Z,2.31571,2.31812,2.31511,2.31742,8882
2025-10-24T05:00:00.000Z,2.3174,2.31981,2.31466,2.31913,14916
2025-10-24T09:00:00.000Z,2.31911,2.32091,2.3093,2.3175,16465
2025-10-24T13:00:00.000Z,2.31764,2.31995,2.31327,2.31363,21528
2025-10-24T17:00:00.000Z,2.31359,2.31642,2.31332,2.31548,9236
2025-10-26T21:00:00.000Z,2.3025,2.31359,2.3025,2.31253,9939
2025-10-27T01:00:00.000Z,2.3125,2.31457,2.31081,2.31301,8856
2025-10-27T05:00:00.000Z,2.31299,2.31488,2.31008,2.31381,12321
2025-10-27T09:00:00.000Z,2.31388,2.31673,2.31318,2.31562,15318
2025-10-27T13:00:00.000Z,2.31564,2.31604,2.31178,2.31284,16875
2025-10-27T17:00:00.000Z,2.31282,2.31373,2.30983,2.31085,8829
2025-10-27T21:00:00.000Z,2.31023,2.3112,2.30871,2.31093,7046
2025-10-28T01:00:00.000Z,2.31108,2.31344,2.31055,2.31129,10275
2025-10-28T05:00:00.000Z,2.31125,2.31532,2.30684,2.30891,14394
2025-10-28T09:00:00.000Z,2.30891,2.30919,2.30284,2.30347,15831
2025-10-28T13:00:00.000Z,2.30356,2.30426,2.29404,2.29586,19854
2025-10-28T17:00:00.000Z,2.29588,2.29686,2.29389,2.29637,8500
2025-10-28T21:00:00.000Z,2.29441,2.29804,2.29301,2.29625,7456
2025-10-29T01:00:00.000Z,2.29622,2.29821,2.29047,2.29224,9814
2025-10-29T05:00:00.000Z,2.29223,2.29249,2.28212,2.28707,14835
2025-10-29T09:00:00.000Z,2.28707,2.28803,2.28371,2.28426,16860
2025-10-29T13:00:00.000Z,2.28428,2.28544,2.28049,2.28186,21244
2025-10-29T17:00:00.000Z,2.28174,2.28962,2.28066,2.28891,23620
2025-10-29T21:00:00.000Z,2.2883,2.29057,2.28594,2.28624,8609
2025-10-30T01:00:00.000Z,2.28628,2.2886,2.28289,2.28392,15390
2025-10-30T05:00:00.000Z,2.28394,2.28816,2.28348,2.28772,16690
2025-10-30T09:00:00.000Z,2.28769,2.29308,2.28497,2.29246,18028
2025-10-30T13:00:00.000Z,2.2925,2.29372,2.28752,2.2898,22562
2025-10-30T17:00:00.000Z,2.28984,2.2913,2.2887,2.29052,12247
2025-10-30T21:00:00.000Z,2.28818,2.29243,2.28793,2.29194,7666
2025-10-31T01:00:00.000Z,2.29192,2.29607,2.29159,2.29475,9994
2025-10-31T05:00:00.000Z,2.29474,2.29951,2.29474,2.29656,12254
2025-10-31T09:00:00.000Z,2.29679,2.29745,2.2925,2.29293,15145
2025-10-31T13:00:00.000Z,2.29295,2.29652,2.28934,2.29488,21188
2025-10-31T17:00:00.000Z,2.2949,2.29718,2.29483,2.29525,11169
2025-11-02T22:00:00.000Z,2.29272,2.29883,2.29232,2.29828,9295
2025-11-03T02:00:00.000Z,2.29826,2.29878,2.29366,2.29423,7175
2025-11-03T06:00:00.000Z,2.29423,2.29686,2.29285,2.29596,11982
2025-11-03T10:00:00.000Z,2.29594,2.29972,2.29556,2.29903,12840
2025-11-03T14:00:00.000Z,2.29909,2.30623,2.29807,2.30281,18993
2025-11-03T18:00:00.000Z,2.30274,2.30303,2.30063,2.30214,9053
2025-11-03T22:00:00.000Z,2.30144,2.30731,2.29929,2.30507,9845
2025-11-04T02:00:00.000Z,2.30505,2.31008,2.30364,2.30982,11344
2025-11-04T06:00:00.000Z,2.30977,2.31219,2.30267,2.30716,17571
2025-11-04T10:00:00.000Z,2.30714,2.30857,2.30586,2.30648,14874
2025-11-04T14:00:00.000Z,2.30652,2.30758,2.30177,2.30318,18614
2025-11-04T18:00:00.000Z,2.30316,2.30999,2.30156,2.30982,10192
2025-11-04T22:00:00.000Z,2.29754,2.31087,2.29154,2.30919,10917
2025-11-05T02:00:00.000Z,2.30922,2.3095,2.30141,2.30346,9739
2025-11-05T06:00:00.000Z,2.30343,2.3089,2.30255,2.30885,12869
2025-11-05T10:00:00.000Z,2.3088,2.31145,2.30675,2.30797,14503
2025-11-05T14:00:00.000Z,2.30798,2.30927,2.30272,2.30365,19338
2025-11-05T18:00:00.000Z,2.30372,2.30546,2.30236,2.30447,8612
2025-11-05T22:00:00.000Z,2.30351,2.30876,2.30242,2.30561,6849
2025-11-06T02:00:00.000Z,2.30565,2.30764,2.30429,2.30755,6501
2025-11-06T06:00:00.000Z,2.30764,2.31181,2.3068,2.31085,13767
2025-11-06T10:00:00.000Z,2.31083,2.31578,2.30807,2.31523,16304
2025-11-06T14:00:00.000Z,2.31526,2.33072,2.31502,2.32875,22680
2025-11-06T18:00:00.000Z,2.32876,2.33198,2.3282,2.33138,12865
2025-11-06T22:00:00.000Z,2.32776,2.33337,2.32766,2.33164,8645
2025-11-07T02:00:00.000Z,2.33167,2.33587,2.33136,2.33469,9051
2025-11-07T06:00:00.000Z,2.3347,2.34107,2.33089,2.33192,13280
2025-11-07T10:00:00.000Z,2.33189,2.33622,2.33115,2.33559,16613
2025-11-07T14:00:00.000Z,2.33557,2.34493,2.33484,2.34223,21858
2025-11-07T18:00:00.000Z,2.34224,2.34277,2.33638,2.33814,12177
2025-11-09T22:00:00.000Z,2.33499,2.33854,2.33194,2.33612,12396
2025-11-10T02:00:00.000Z,2.33611,2.33715,2.33304,2.33383,10528
2025-11-10T06:00:00.000Z,2.33381,2.33572,2.33131,2.3314,17348
2025-11-10T10:00:00.000Z,2.33143,2.33715,2.33058,2.33561,15325
2025-11-10T14:00:00.000Z,2.3356,2.33756,2.33307,2.33413,20275
2025-11-10T18:00:00.000Z,2.33415,2.33513,2.33309,2.33359,10643
2025-11-10T22:00:00.000Z,2.32743,2.33487,2.32743,2.33422,8467
2025-11-11T02:00:00.000Z,2.3342,2.33678,2.33211,2.33673,9141
2025-11-11T06:00:00.000Z,2.33671,2.3368,2.32416,2.32649,17659
2025-11-11T10:00:00.000Z,2.32638,2.32918,2.32456,2.32522,17235
2025-11-11T14:00:00.000Z,2.32524,2.3316,2.32335,2.32775,20420
2025-11-11T18:00:00.000Z,2.32782,2.32823,2.32518,2.32562,11362
2025-11-11T22:00:00.000Z,2.3249,2.32675,2.32267,2.32286,7581
2025-11-12T02:00:00.000Z,2.32286,2.32556,2.32147,2.32309,8595
2025-11-12T06:00:00.000Z,2.32309,2.32664,2.31857,2.31926,15639
2025-11-12T10:00:00.000Z,2.31929,2.32227,2.3143,2.31532,16961
2025-11-12T14:00:00.000Z,2.31536,2.32029,2.31172,2.31965,20984
2025-11-12T18:00:00.000Z,2.31976,2.31978,2.31636,2.31725,11447
2025-11-12T22:00:00.000Z,2.31351,2.32265,2.31165,2.31988,10535
2025-11-13T02:00:00.000Z,2.3199,2.32366,2.31771,2.32334,10361
2025-11-13T06:00:00.000Z,2.32332,2.3278,2.31253,2.318,19293
2025-11-13T10:00:00.000Z,2.31798,2.32602,2.31798,2.32481,19611
2025-11-13T14:00:00.000Z,2.3247,2.32941,2.32209,2.32906,26391
2025-11-13T18:00:00.000Z,2.32913,2.33467,2.32877,2.33246,15869
2025-11-13T22:00:00.000Z,2.3298,2.33345,2.31602,2.31612,11668
2025-11-14T02:00:00.000Z,2.31625,2.31715,2.31077,2.31158,11520
2025-11-14T06:00:00.000Z,2.3116,2.32418,2.31124,2.3178,20569
2025-11-14T10:00:00.000Z,2.3179,2.31961,2.31292,2.3178,19863
2025-11-14T14:00:00.000Z,2.3178,2.31835,2.30869,2.316,24806
2025-11-14T18:00:00.000Z,2.31596,2.32004,2.31581,2.31894,10955
2025-11-16T22:00:00.000Z,2.31434,2.32372,2.31357,2.32267,9135
2025-11-17T02:00:00.000Z,2.3226,2.32323,2.31722,2.31754,7202
2025-11-17T06:00:00.000Z,2.31756,2.32279,2.31559,2.32171,14724
2025-11-17T10:00:00.000Z,2.32179,2.32768,2.32025,2.32578,17934
2025-11-17T14:00:00.000Z,2.32579,2.32789,2.32093,2.32311,20971
2025-11-17T18:00:00.000Z,2.32302,2.32814,2.32254,2.325,14474
2025-11-17T22:00:00.000Z,2.32357,2.32722,2.32194,2.32446,9504
2025-11-18T02:00:00.000Z,2.32448,2.33191,2.32392,2.32784,13780
2025-11-18T06:00:00.000Z,2.32781,2.32851,2.32089,2.32134,18850
2025-11-18T10:00:00.000Z,2.32141,2.32321,2.31702,2.32005,18262
2025-11-18T14:00:00.000Z,2.32007,2.32903,2.31987,2.3208,26315
2025-11-18T18:00:00.000Z,2.32077,2.32435,2.31962,2.32351,14167
2025-11-18T22:00:00.000Z,2.32203,2.32986,2.32135,2.329,9528
2025-11-19T02:00:00.000Z,2.32898,2.33439,2.32712,2.33273,11504
2025-11-19T06:00:00.000Z,2.33276,2.33328,2.32891,2.33011,16929
2025-11-19T10:00:00.000Z,2.33009,2.3335,2.32684,2.33293,17709
2025-11-19T14:00:00.000Z,2.33291,2.33587,2.33027,2.33571,24914
2025-11-19T18:00:00.000Z,2.33573,2.33582,2.32872,2.33008,16646
2025-11-19T22:00:00.000Z,2.3284,2.33031,2.32491,2.32794,9260
2025-11-20T02:00:00.000Z,2.32799,2.33028,2.3252,2.32909,10643
2025-11-20T06:00:00.000Z,2.32914,2.33284,2.32689,2.32898,16920
2025-11-20T10:00:00.000Z,2.32892,2.33008,2.32354,2.32756,19775
2025-11-20T14:00:00.000Z,2.32754,2.33799,2.32528,2.33639,31709
2025-11-20T18:00:00.000Z,2.33644,2.34116,2.33417,2.34115,16892
2025-11-20T22:00:00.000Z,2.3338,2.34169,2.3298,2.33809,12338
2025-11-21T02:00:00.000Z,2.33806,2.34095,2.33707,2.33876,11606
2025-11-21T06:00:00.000Z,2.33876,2.33885,2.33342,2.33456,22001
2025-11-21T10:00:00.000Z,2.33452,2.33706,2.33263,2.33407,25273
2025-11-21T14:00:00.000Z,2.33405,2.34095,2.33397,2.33573,29566
2025-11-21T18:00:00.000Z,2.33569,2.33745,2.33337,2.33461,15190
2025-11-23T22:00:00.000Z,2.33193,2.33599,2.33167,2.33428,9573
2025-11-24T02:00:00.000Z,2.33433,2.33785,2.3325,2.33737,12182
2025-11-24T06:00:00.000Z,2.33734,2.33919,2.33339,2.33762,18046
2025-11-24T10:00:00.000Z,2.33764,2.33903,2.33278,2.33675,16908
2025-11-24T14:00:00.000Z,2.33674,2.33809,2.3327,2.33575,20628
2025-11-24T18:00:00.000Z,2.33575,2.33718,2.33471,2.33548,9831
2025-11-24T22:00:00.000Z,2.33392,2.33771,2.33274,2.33474,9296
2025-11-25T02:00:00.000Z,2.3347,2.34019,2.33464,2.33766,10434
2025-11-25T06:00:00.000Z,2.3377,2.34498,2.33741,2.34244,15125
2025-11-25T10:00:00.000Z,2.34241,2.34686,2.34103,2.34582,19681
2025-11-25T14:00:00.000Z,2.34586,2.35519,2.3455,2.34735,26443
2025-11-25T18:00:00.000Z,2.34731,2.34992,2.341,2.34243,14928
2025-11-25T22:00:00.000Z,2.34169,2.34425,2.31969,2.32477,13893
2025-11-26T02:00:00.000Z,2.32479,2.32545,2.31565,2.31787,15216
2025-11-26T06:00:00.000Z,2.31791,2.32508,2.31729,2.32072,20120
2025-11-26T10:00:00.000Z,2.32079,2.32944,2.31633,2.32633,26142
2025-11-26T14:00:00.000Z,2.32637,2.32806,2.32063,2.32314,24137
2025-11-26T18:00:00.000Z,2.32314,2.32509,2.32187,2.3229,11323
2025-11-26T22:00:00.000Z,2.32127,2.32368,2.31721,2.31721,10702
2025-11-27T02:00:00.000Z,2.31717,2.31785,2.31309,2.31579,12570
2025-11-27T06:00:00.000Z,2.31583,2.31877,2.3105,2.31188,15170
2025-11-27T10:00:00.000Z,2.31188,2.31773,2.31154,2.31573,13470
2025-11-27T14:00:00.000Z,2.31576,2.31601,2.31025,2.31278,10280
2025-11-27T18:00:00.000Z,2.31275,2.31372,2.31118,2.3112,5565
2025-11-27T22:00:00.000Z,2.30943,2.31233,2.30892,2.31176,10178
2025-11-28T02:00:00.000Z,2.31171,2.31575,2.31124,2.31381,33190
2025-11-28T06:00:00.000Z,2.31385,2.31599,2.31118,2.31341,42153
2025-11-28T10:00:00.000Z,2.31334,2.31608,2.3109,2.31188,46217
2025-11-28T14:00:00.000Z,2.31182,2.31285,2.30425,2.30649,24026
2025-11-28T18:00:00.000Z,2.30661,2.30935,2.30558,2.3072,19563
2025-11-30T22:00:00.000Z,2.30734,2.31048,2.30493,2.30678,14950
2025-12-01T02:00:00.000Z,2.30682,2.30966,2.30625,2.30759,12369
2025-12-01T06:00:00.000Z,2.30763,2.30796,2.30309,2.30619,17642
2025-12-01T10:00:00.000Z,2.30614,2.30972,2.3052,2.30925,19208
2025-12-01T14:00:00.000Z,2.30921,2.31016,2.30447,2.3052,22652
2025-12-01T18:00:00.000Z,2.30516,2.30767,2.30453,2.30636,10884
2025-12-01T22:00:00.000Z,2.30552,2.309,2.30552,2.30708,5945
2025-12-02T02:00:00.000Z,2.30707,2.30922,2.30643,2.30662,6950
2025-12-02T06:00:00.000Z,2.30659,2.31122,2.30471,2.3103,13949
2025-12-02T10:00:00.000Z,2.31026,2.31045,2.30422,2.30435,15649
2025-12-02T14:00:00.000Z,2.30431,2.30474,2.2988,2.3035,22344
2025-12-02T18:00:00.000Z,2.30353,2.30472,2.30238,2.30281,10181
2025-12-02T22:00:00.000Z,2.30032,2.30488,2.29879,2.30158,8300
2025-12-03T02:00:00.000Z,2.30159,2.30172,2.29934,2.30029,7580
2025-12-03T06:00:00.000Z,2.30029,2.31328,2.30017,2.31247,15533
2025-12-03T10:00:00.000Z,2.31251,2.31561,2.30976,2.31387,15908
2025-12-03T14:00:00.000Z,2.31391,2.3188,2.31039,2.31163,22626
2025-12-03T18:00:00.000Z,2.31155,2.31242,2.31035,2.31201,10341
2025-12-03T22:00:00.000Z,2.31131,2.31326,2.30948,2.31266,7642
2025-12-04T02:00:00.000Z,2.31269,2.31353,2.30956,2.31098,9804
2025-12-04T06:00:00.000Z,2.31096,2.31264,2.30833,2.31155,14004
2025-12-04T10:00:00.000Z,2.31156,2.31582,2.31092,2.31427,18166
2025-12-04T14:00:00.000Z,2.31429,2.3178,2.31076,2.31125,20365
2025-12-04T18:00:00.000Z,2.31123,2.31351,2.31038,2.31282,9758
2025-12-04T22:00:00.000Z,2.30872,2.31361,2.30558,2.31125,11640
2025-12-05T02:00:00.000Z,2.31127,2.31317,2.31022,2.31269,8794
2025-12-05T06:00:00.000Z,2.31268,2.31313,2.31046,2.31097,14766
2025-12-05T10:00:00.000Z,2.31098,2.31201,2.30805,2.30957,14971
2025-12-05T14:00:00.000Z,2.30959,2.31122,2.306,2.30794,23507
2025-12-05T18:00:00.000Z,2.30786,2.30951,2.30753,2.30761,11315
2025-12-07T22:00:00.000Z,2.30281,2.30921,2.30195,2.30387,12233
2025-12-08T02:00:00.000Z,2.30384,2.30664,2.30338,2.30501,7748
2025-12-08T06:00:00.000Z,2.30497,2.30769,2.30075,2.30228,15358
2025-12-08T10:00:00.000Z,2.30236,2.30585,2.30087,2.30294,15871
2025-12-08T14:00:00.000Z,2.30306,2.31115,2.30249,2.30607,23486
2025-12-08T18:00:00.000Z,2.30611,2.30886,2.3053,2.3067,10074
2025-12-08T22:00:00.000Z,2.30464,2.30928,2.3039,2.3085,7367
2025-12-09T02:00:00.000Z,2.30848,2.30864,2.30157,2.30357,10635
2025-12-09T06:00:00.000Z,2.30359,2.30886,2.30318,2.30384,16283
2025-12-09T10:00:00.000Z,2.30382,2.30527,2.30046,2.30134,18706
2025-12-09T14:00:00.000Z,2.30132,2.30326,2.29632,2.30109,24998
2025-12-09T18:00:00.000Z,2.30111,2.30249,2.3001,2.30087,11651
2025-12-09T22:00:00.000Z,2.301,2.30604,2.29878,2.30585,7309
2025-12-10T02:00:00.000Z,2.30587,2.30847,2.30361,2.30363,8845
2025-12-10T06:00:00.000Z,2.30361,2.30453,2.30018,2.30059,15071
2025-12-10T10:00:00.000Z,2.30061,2.30557,2.29943,2.30541,16846
2025-12-10T14:00:00.000Z,2.3054,2.30667,2.30396,2.30585,21953
2025-12-10T18:00:00.000Z,2.3058,2.30619,2.29816,2.3005,25728
2025-12-10T22:00:00.000Z,2.2994,2.30304,2.2994,2.30043,10347
2025-12-11T02:00:00.000Z,2.30038,2.30726,2.29975,2.30574,12039
2025-12-11T06:00:00.000Z,2.30576,2.30804,2.30138,2.30334,18035
2025-12-11T10:00:00.000Z,2.30332,2.30505,2.30046,2.3026,19541
2025-12-11T14:00:00.000Z,2.30258,2.30939,2.30146,2.30677,25982
2025-12-11T18:00:00.000Z,2.30685,2.30689,2.30422,2.3049,13215
2025-12-11T22:00:00.000Z,2.30356,2.30579,2.30173,2.30398,9689
2025-12-12T02:00:00.000Z,2.30402,2.30577,2.30257,2.30388,7452
2025-12-12T06:00:00.000Z,2.3039,2.30497,2.29955,2.30132,16266
2025-12-12T10:00:00.000Z,2.30131,2.30357,2.30075,2.30146,15947
2025-12-12T14:00:00.000Z,2.30142,2.30615,2.2998,2.30408,27318
2025-12-12T18:00:00.000Z,2.30406,2.30444,2.30212,2.3034,14865
2025-12-14T22:00:00.000Z,2.30488,2.30664,2.30046,2.30249,9466
2025-12-15T02:00:00.000Z,2.30256,2.31638,2.30246,2.31164,12460
2025-12-15T06:00:00.000Z,2.31166,2.31411,2.3093,2.31373,15695
2025-12-15T10:00:00.000Z,2.31395,2.31414,2.3094,2.31138,14533
2025-12-15T14:00:00.000Z,2.31146,2.31171,2.30729,2.30948,26383
2025-12-15T18:00:00.000Z,2.30954,2.31248,2.30897,2.31229,12631
2025-12-15T22:00:00.000Z,2.3106,2.32033,2.31047,2.31876,11221
2025-12-16T02:00:00.000Z,2.31878,2.31902,2.3119,2.31266,13764
2025-12-16T06:00:00.000Z,2.31261,2.31877,2.31001,2.31865,16998
2025-12-16T10:00:00.000Z,2.31866,2.32369,2.31676,2.31772,21268
2025-12-16T14:00:00.000Z,2.31774,2.31934,2.31448,2.31869,30402
2025-12-16T18:00:00.000Z,2.31868,2.32139,2.3185,2.3208,17730
2025-12-16T22:00:00.000Z,2.31949,2.32396,2.31888,2.3193,9054
2025-12-17T02:00:00.000Z,2.31928,2.3235,2.31644,2.31707,12038
2025-12-17T06:00:00.000Z,2.31708,2.31835,2.30582,2.30913,20978
2025-12-17T10:00:00.000Z,2.30917,2.31243,2.30639,2.31103,19165
2025-12-17T14:00:00.000Z,2.31103,2.31878,2.30812,2.31723,28357
2025-12-17T18:00:00.000Z,2.31719,2.31771,2.31206,2.31607,15214
2025-12-17T22:00:00.000Z,2.31485,2.32027,2.3118,2.31837,9271
2025-12-18T02:00:00.000Z,2.31822,2.322,2.31669,2.31913,10014
2025-12-18T06:00:00.000Z,2.31909,2.32103,2.31525,2.31596,16725
2025-12-18T10:00:00.000Z,2.31595,2.32548,2.31322,2.32315,21969
2025-12-18T14:00:00.000Z,2.32316,2.32425,2.31529,2.31766,31201
2025-12-18T18:00:00.000Z,2.31768,2.31918,2.31597,2.31674,14329
2025-12-18T22:00:00.000Z,2.31574,2.31875,2.31433,2.31823,9868
2025-12-19T02:00:00.000Z,2.31827,2.32266,2.31742,2.32257,11607
2025-12-19T06:00:00.000Z,2.32252,2.32846,2.32105,2.32763,18764
2025-12-19T10:00:00.000Z,2.32759,2.33034,2.3264,2.32732,18427
2025-12-19T14:00:00.000Z,2.32729,2.32791,2.32102,2.3226,23828
2025-12-19T18:00:00.000Z,2.32258,2.32415,2.32154,2.32383,12808
2025-12-21T22:00:00.000Z,2.32602,2.32658,2.3213,2.32435,22148
2025-12-22T02:00:00.000Z,2.32438,2.32483,2.32072,2.32218,8296
2025-12-22T06:00:00.000Z,2.32222,2.32293,2.31933,2.32136,14516
2025-12-22T10:00:00.000Z,2.3214,2.32349,2.31977,2.32133,17372
2025-12-22T14:00:00.000Z,2.32123,2.3235,2.3189,2.32336,21173
2025-12-22T18:00:00.000Z,2.32347,2.32396,2.32179,2.3224,11269
2025-12-22T22:00:00.000Z,2.32209,2.3246,2.32002,2.32074,8182
2025-12-23T02:00:00.000Z,2.32072,2.32151,2.31764,2.32071,10855
2025-12-23T06:00:00.000Z,2.3207,2.32143,2.31313,2.31329,18470
2025-12-23T10:00:00.000Z,2.31326,2.31557,2.3115,2.31516,20015
2025-12-23T14:00:00.000Z,2.31518,2.31822,2.3106,2.31113,22547
2025-12-23T18:00:00.000Z,2.31112,2.31434,2.31037,2.31424,10711
2025-12-23T22:00:00.000Z,2.31301,2.31502,2.31162,2.31299,9885
2025-12-24T02:00:00.000Z,2.31302,2.31433,2.31176,2.31288,10155
2025-12-24T06:00:00.000Z,2.31283,2.31437,2.31068,2.31275,14943
2025-12-24T10:00:00.000Z,2.31273,2.31455,2.31147,2.31358,15698
2025-12-24T14:00:00.000Z,2.31364,2.31504,2.31131,2.31346,18803
2025-12-24T18:00:00.000Z,2.31353,2.31497,2.31282,2.31313,16534
2025-12-25T22:00:00.000Z,2.31439,2.31612,2.3115,2.31577,13696
2025-12-26T02:00:00.000Z,2.31573,2.31616,2.31192,2.31268,10673
2025-12-26T06:00:00.000Z,2.31264,2.31786,2.31208,2.3173,15925
2025-12-26T10:00:00.000Z,2.31729,2.31925,2.31689,2.31756,15278
2025-12-26T14:00:00.000Z,2.31756,2.31773,2.31365,2.31468,22672
2025-12-26T18:00:00.000Z,2.31476,2.31636,2.31422,2.31503,12724
2025-12-28T22:00:00.000Z,2.31312,2.31831,2.31226,2.31735,11622
2025-12-29T02:00:00.000Z,2.31748,2.31821,2.3148,2.31812,10956
2025-12-29T06:00:00.000Z,2.31814,2.32458,2.31533,2.32276,19961
2025-12-29T10:00:00.000Z,2.32272,2.32911,2.32147,2.32715,21644
2025-12-29T14:00:00.000Z,2.32715,2.32829,2.32287,2.32379,27410
2025-12-29T18:00:00.000Z,2.32383,2.32783,2.32287,2.327,12642
2025-12-29T22:00:00.000Z,2.32596,2.32742,2.32268,2.32532,9879
2025-12-30T02:00:00.000Z,2.32529,2.32647,2.32298,2.32339,9282
2025-12-30T06:00:00.000Z,2.32341,2.32752,2.3222,2.32701,16085
2025-12-30T10:00:00.000Z,2.32704,2.32917,2.32637,2.32637,17580
2025-12-30T14:00:00.000Z,2.32641,2.32641,2.32042,2.3212,22040
2025-12-30T18:00:00.000Z,2.32117,2.32607,2.3207,2.32466,10934
2025-12-30T22:00:00.000Z,2.32304,2.32839,2.32304,2.32835,7376
2025-12-31T02:00:00.000Z,2.32838,2.33236,2.32759,2.33172,9786
2025-12-31T06:00:00.000Z,2.33174,2.33369,2.32774,2.33034,15348
2025-12-31T10:00:00.000Z,2.33033,2.33659,2.32909,2.33233,19706
2025-12-31T14:00:00.000Z,2.33229,2.34019,2.33084,2.33742,26370
2025-12-31T18:00:00.000Z,2.33744,2.34281,2.33721,2.34082,12549
2026-01-01T22:00:00.000Z,2.33595,2.34229,2.33423,2.33851,7579
2026-01-02T02:00:00.000Z,2.33857,2.34046,2.33755,2.33895,8101
2026-01-02T06:00:00.000Z,2.33903,2.33975,2.33146,2.33199,16930
2026-01-02T10:00:00.000Z,2.33201,2.33457,2.32841,2.33403,17555
2026-01-02T14:00:00.000Z,2.33399,2.33955,2.33121,2.33424,23867
2026-01-02T18:00:00.000Z,2.3342,2.33503,2.33208,2.33236,12840
2026-01-04T22:00:00.000Z,2.33146,2.33815,2.3314,2.33461,14129
2026-01-05T02:00:00.000Z,2.33457,2.33642,2.32999,2.33334,14322
2026-01-05T06:00:00.000Z,2.33329,2.33809,2.33221,2.33789,19259
2026-01-05T10:00:00.000Z,2.33785,2.33982,2.33507,2.33688,22499
2026-01-05T14:00:00.000Z,2.33686,2.33898,2.33253,2.33861,28103
2026-01-05T18:00:00.000Z,2.33847,2.33981,2.33746,2.33904,12234
2026-01-05T22:00:00.000Z,2.33816,2.3415,2.33624,2.33763,10261
2026-01-06T02:00:00.000Z,2.33768,2.33884,2.33467,2.33619,12620
2026-01-06T06:00:00.000Z,2.33619,2.33972,2.33337,2.33705,20340
2026-01-06T10:00:00.000Z,2.33711,2.33824,2.33381,2.33554,20137
2026-01-06T14:00:00.000Z,2.33548,2.33913,2.33369,2.33592,25442
2026-01-06T18:00:00.000Z,2.33591,2.33629,2.33308,2.33422,11106
2026-01-06T22:00:00.000Z,2.33342,2.33644,2.32712,2.33347,13015
2026-01-07T02:00:00.000Z,2.33349,2.33719,2.33298,2.33661,13078
2026-01-07T06:00:00.000Z,2.33659,2.33754,2.33086,2.33153,18016
2026-01-07T10:00:00.000Z,2.33157,2.33249,2.32903,2.3298,19648
2026-01-07T14:00:00.000Z,2.32978,2.33393,2.32795,2.33052,25179
2026-01-07T18:00:00.000Z,2.33044,2.33276,2.32866,2.3312,12168
2026-01-07T22:00:00.000Z,2.32816,2.33348,2.32666,2.33203,8150
2026-01-08T02:00:00.000Z,2.33194,2.33597,2.33187,2.3353,11886
2026-01-08T06:00:00.000Z,2.33526,2.34036,2.33524,2.3392,18872
2026-01-08T10:00:00.000Z,2.33921,2.33962,2.33579,2.33624,18688
2026-01-08T14:00:00.000Z,2.33623,2.33857,2.33519,2.33686,25263
2026-01-08T18:00:00.000Z,2.3367,2.33773,2.33563,2.33666,11878
2026-01-08T22:00:00.000Z,2.33346,2.33996,2.33346,2.33801,9712
2026-01-09T02:00:00.000Z,2.33799,2.34027,2.33725,2.33933,11681
2026-01-09T06:00:00.000Z,2.33931,2.34362,2.33831,2.34087,18628
2026-01-09T10:00:00.000Z,2.34087,2.34483,2.33923,2.34248,22641
2026-01-09T14:00:00.000Z,2.34246,2.34552,2.33908,2.34028,30400
2026-01-09T18:00:00.000Z,2.34038,2.34061,2.3373,2.33766,11132
2026-01-11T22:00:00.000Z,2.33562,2.33902,2.33401,2.33719,12731
2026-01-12T02:00:00.000Z,2.33716,2.33764,2.33586,2.33658,11307
2026-01-12T06:00:00.000Z,2.33644,2.33927,2.33576,2.33768,19032
2026-01-12T10:00:00.000Z,2.33771,2.33928,2.33614,2.33796,19315
2026-01-12T14:00:00.000Z,2.33799,2.34005,2.33406,2.33444,22342
2026-01-12T18:00:00.000Z,2.33442,2.33509,2.33176,2.33304,9229
2026-01-12T22:00:00.000Z,2.33104,2.33343,2.33068,2.33219,10348
2026-01-13T02:00:00.000Z,2.33214,2.3331,2.33115,2.33194,11790
2026-01-13T06:00:00.000Z,2.33197,2.33698,2.33135,2.33603,16684
2026-01-13T10:00:00.000Z,2.33604,2.33814,2.33191,2.3372,19341
2026-01-13T14:00:00.000Z,2.33718,2.34136,2.33425,2.33998,27055
2026-01-13T18:00:00.000Z,2.33998,2.3412,2.33901,2.33997,12843
2026-01-13T22:00:00.000Z,2.33797,2.34195,2.33497,2.34074,8476
2026-01-14T02:00:00.000Z,2.34069,2.34105,2.33858,2.3395,10954
2026-01-14T06:00:00.000Z,2.33951,2.34197,2.338,2.34118,16466
2026-01-14T10:00:00.000Z,2.3412,2.34367,2.33942,2.34118,17614
2026-01-14T14:00:00.000Z,2.34123,2.34191,2.33648,2.33924,25605
2026-01-14T18:00:00.000Z,2.33927,2.33928,2.33677,2.33883,12215
2026-01-14T22:00:00.000Z,2.33543,2.34159,2.33419,2.34097,11094
2026-01-15T02:00:00.000Z,2.34093,2.34274,2.3404,2.34141,9652
2026-01-15T06:00:00.000Z,2.3414,2.34254,2.33673,2.33687,16444
2026-01-15T10:00:00.000Z,2.33691,2.33713,2.33201,2.33381,17221
2026-01-15T14:00:00.000Z,2.33377,2.33523,2.32914,2.33071,21649
2026-01-15T18:00:00.000Z,2.33071,2.33167,2.32897,2.32952,11681
2026-01-15T22:00:00.000Z,2.32636,2.33045,2.32578,2.328,9903
2026-01-16T02:00:00.000Z,2.32802,2.32887,2.32457,2.32545,8887
2026-01-16T06:00:00.000Z,2.32549,2.32725,2.32338,2.32606,13515
2026-01-16T10:00:00.000Z,2.32604,2.32942,2.32419,2.3283,14782
2026-01-16T14:00:00.000Z,2.32832,2.32918,2.32571,2.32668,22903
2026-01-16T18:00:00.000Z,2.3267,2.32753,2.32421,2.32511,10648
2026-01-18T22:00:00.000Z,2.322,2.32669,2.32044,2.32301,18175
2026-01-19T02:00:00.000Z,2.32302,2.32319,2.31861,2.31965,14422
2026-01-19T06:00:00.000Z,2.31965,2.32237,2.31901,2.32069,18465
2026-01-19T10:00:00.000Z,2.32071,2.32114,2.31704,2.31861,13989
2026-01-19T14:00:00.000Z,2.31865,2.32055,2.31623,2.31748,13393
2026-01-19T18:00:00.000Z,2.31744,2.31892,2.31343,2.31463,4364
2026-01-19T22:00:00.000Z,2.31438,2.31698,2.31105,2.31217,8244
2026-01-20T02:00:00.000Z,2.31201,2.31235,2.30403,2.30465,10059
2026-01-20T06:00:00.000Z,2.30463,2.31114,2.303,2.3083,23558
2026-01-20T10:00:00.000Z,2.30828,2.31041,2.30293,2.30612,25267
2026-01-20T14:00:00.000Z,2.30614,2.3072,2.30056,2.30345,28037
2026-01-20T18:00:00.000Z,2.30339,2.30489,2.30255,2.30441,13616
2026-01-20T22:00:00.000Z,2.30477,2.30894,2.29984,2.30551,10297
2026-01-21T02:00:00.000Z,2.30552,2.30675,2.30136,2.30183,9685
2026-01-21T06:00:00.000Z,2.30181,2.30226,2.29444,2.29497,16679
2026-01-21T10:00:00.000Z,2.29501,2.29618,2.28843,2.29273,19212
2026-01-21T14:00:00.000Z,2.29279,2.29837,2.29084,2.29744,30324
2026-01-21T18:00:00.000Z,2.29738,2.29813,2.29503,2.29738,17865
2026-01-21T22:00:00.000Z,2.29646,2.29996,2.29461,2.29504,10734
2026-01-22T02:00:00.000Z,2.29496,2.29523,2.29118,2.29225,9115
2026-01-22T06:00:00.000Z,2.29221,2.29333,2.28731,2.29181,15292
2026-01-22T10:00:00.000Z,2.29177,2.29279,2.27738,2.2799,21698
2026-01-22T14:00:00.000Z,2.2799,2.28782,2.27916,2.2841,24062
2026-01-22T18:00:00.000Z,2.28408,2.28543,2.27779,2.27918,10653
2026-01-22T22:00:00.000Z,2.27486,2.28434,2.27482,2.28087,9872
2026-01-23T02:00:00.000Z,2.28088,2.28439,2.27911,2.28375,9944
2026-01-23T06:00:00.000Z,2.28367,2.2945,2.28132,2.29403,20987
2026-01-23T10:00:00.000Z,2.29405,2.29662,2.28676,2.29129,18415
2026-01-23T14:00:00.000Z,2.29131,2.29326,2.28856,2.29308,25121
2026-01-23T18:00:00.000Z,2.29308,2.29389,2.29181,2.29275,19054
2026-01-25T22:00:00.000Z,2.2945,2.29582,2.28794,2.29167,18440
2026-01-26T02:00:00.000Z,2.29171,2.29347,2.29009,2.29263,14040
2026-01-26T06:00:00.000Z,2.29268,2.2947,2.28794,2.28981,22034
2026-01-26T10:00:00.000Z,2.28986,2.29158,2.2875,2.29036,19929
2026-01-26T14:00:00.000Z,2.2904,2.29064,2.28401,2.28475,24685
2026-01-26T18:00:00.000Z,2.28471,2.29007,2.28413,2.28963,15693
2026-01-26T22:00:00.000Z,2.28782,2.29429,2.28672,2.29209,10418
2026-01-27T02:00:00.000Z,2.29215,2.29609,2.29058,2.29208,12592
2026-01-27T06:00:00.000Z,2.2921,2.29587,2.29132,2.2932,19656
2026-01-27T10:00:00.000Z,2.29318,2.29463,2.29074,2.29257,25194
2026-01-27T14:00:00.000Z,2.29258,2.29561,2.28692,2.29152,31325
2026-01-27T18:00:00.000Z,2.29149,2.29361,2.28874,2.29011,23103
2026-01-27T22:00:00.000Z,2.28828,2.29615,2.2848,2.29535,17378
2026-01-28T02:00:00.000Z,2.29531,2.29606,2.29061,2.29068,15607
2026-01-28T06:00:00.000Z,2.29062,2.29152,2.28542,2.2859,24005
2026-01-28T10:00:00.000Z,2.28589,2.28734,2.28237,2.28413,24001
2026-01-28T14:00:00.000Z,2.28409,2.28666,2.28081,2.28524,32520
2026-01-28T18:00:00.000Z,2.28526,2.28663,2.27812,2.2782,24193
2026-01-28T22:00:00.000Z,2.27778,2.28347,2.27542,2.28158,20734
2026-01-29T02:00:00.000Z,2.28156,2.28202,2.27145,2.27306,17001
2026-01-29T06:00:00.000Z,2.27306,2.27908,2.27243,2.27531,22750
2026-01-29T10:00:00.000Z,2.27531,2.27858,2.27079,2.27191,22930
2026-01-29T14:00:00.000Z,2.27189,2.28325,2.27138,2.27681,42525
2026-01-29T18:00:00.000Z,2.27674,2.27704,2.27025,2.27166,22030
2026-01-29T22:00:00.000Z,2.27043,2.27743,2.26873,2.27468,18171
2026-01-30T02:00:00.000Z,2.27469,2.2779,2.27269,2.27436,21630
2026-01-30T06:00:00.000Z,2.2744,2.27693,2.27072,2.27503,28427
2026-01-30T10:00:00.000Z,2.27513,2.27515,2.26714,2.27034,29360
2026-01-30T14:00:00.000Z,2.27026,2.27272,2.26282,2.2721,39780
2026-01-30T18:00:00.000Z,2.27214,2.27694,2.26949,2.2727,29617
2026-02-01T22:00:00.000Z,2.27516,2.28005,2.27078,2.2716,26908
2026-02-02T02:00:00.000Z,2.27158,2.27826,2.27096,2.27707,24669
2026-02-02T06:00:00.000Z,2.27709,2.2814,2.27503,2.2759,29869
2026-02-02T10:00:00.000Z,2.27589,2.27805,2.27341,2.27364,27374
2026-02-02T14:00:00.000Z,2.27361,2.27506,2.27106,2.27491,36064
2026-02-02T18:00:00.000Z,2.27494,2.27794,2.27485,2.27677,16921
2026-02-02T22:00:00.000Z,2.27653,2.27899,2.27178,2.27319,10194
2026-02-03T02:00:00.000Z,2.27325,2.27639,2.26553,2.26876,15990
2026-02-03T06:00:00.000Z,2.26875,2.26943,2.25977,2.26495,23903
2026-02-03T10:00:00.000Z,2.26498,2.26652,2.26229,2.26277,22236
2026-02-03T14:00:00.000Z,2.26274,2.27007,2.26273,2.26599,31930
2026-02-03T18:00:00.000Z,2.26602,2.2671,2.2595,2.26569,19389
2026-02-03T22:00:00.000Z,2.26474,2.2697,2.26065,2.26861,11003
2026-02-04T02:00:00.000Z,2.26857,2.27305,2.26765,2.27075,11141
2026-02-04T06:00:00.000Z,2.27076,2.27636,2.26815,2.27565,17264
2026-02-04T10:00:00.000Z,2.2756,2.27919,2.27359,2.27419,19216
2026-02-04T14:00:00.000Z,2.2742,2.27979,2.27228,2.27751,36604
2026-02-04T18:00:00.000Z,2.27749,2.27842,2.27329,2.27408,18020
2026-02-04T22:00:00.000Z,2.27429,2.27561,2.2671,2.27478,10982
2026-02-05T02:00:00.000Z,2.2748,2.27994,2.27424,2.27491,16814
2026-02-05T06:00:00.000Z,2.27489,2.27563,2.26428,2.26806,21889
2026-02-05T10:00:00.000Z,2.26804,2.27123,2.26158,2.26493,29729
2026-02-05T14:00:00.000Z,2.26494,2.26678,2.25973,2.26406,38168
2026-02-05T18:00:00.000Z,2.26402,2.274,2.26381,2.27358,16217
2026-02-05T22:00:00.000Z,2.27294,2.27889,2.27075,2.27358,13812
2026-02-06T02:00:00.000Z,2.27361,2.27375,2.26975,2.26999,12267
2026-02-06T06:00:00.000Z,2.26999,2.27146,2.26731,2.26773,19178
2026-02-06T10:00:00.000Z,2.26771,2.26911,2.26345,2.26375,17441
2026-02-06T14:00:00.000Z,2.26376,2.26483,2.25902,2.26079,25232
2026-02-06T18:00:00.000Z,2.26077,2.26303,2.25912,2.26101,12064
2026-02-08T22:00:00.000Z,2.25532,2.26202,2.25515,2.26106,14775
2026-02-09T02:00:00.000Z,2.26112,2.26216,2.25939,2.26168,8894
2026-02-09T06:00:00.000Z,2.26165,2.26333,2.25676,2.26254,20692
2026-02-09T10:00:00.000Z,2.26254,2.26734,2.26055,2.261,23015
2026-02-09T14:00:00.000Z,2.26101,2.26237,2.25414,2.25973,25223
2026-02-09T18:00:00.000Z,2.25972,2.26194,2.25793,2.26155,12881
2026-02-09T22:00:00.000Z,2.25995,2.26617,2.25909,2.26207,9644
2026-02-10T02:00:00.000Z,2.26206,2.26654,2.26153,2.26494,10261
2026-02-10T06:00:00.000Z,2.26492,2.26591,2.25968,2.26087,14691
2026-02-10T10:00:00.000Z,2.26089,2.26587,2.25958,2.26173,18542
2026-02-10T14:00:00.000Z,2.26169,2.26188,2.25687,2.25891,25950
2026-02-10T18:00:00.000Z,2.25887,2.25938,2.25631,2.25641,13920
2026-02-10T22:00:00.000Z,2.25856,2.25904,2.25438,2.25556,9449
2026-02-11T02:00:00.000Z,2.25554,2.25603,2.25168,2.25504,9798
2026-02-11T06:00:00.000Z,2.25506,2.26018,2.25423,2.25821,14593
2026-02-11T10:00:00.000Z,2.2582,2.2609,2.25378,2.25387,22591
2026-02-11T14:00:00.000Z,2.25387,2.26075,2.2526,2.25408,35923
2026-02-11T18:00:00.000Z,2.25406,2.25444,2.24946,2.2524,15522
2026-02-11T22:00:00.000Z,2.25297,2.25496,2.24782,2.2511,9193
2026-02-12T02:00:00.000Z,2.25117,2.2535,2.24993,2.25196,10825
2026-02-12T06:00:00.000Z,2.25196,2.25361,2.24783,2.24796,16990
2026-02-12T10:00:00.000Z,2.24792,2.24894,2.2455,2.24727,16559
2026-02-12T14:00:00.000Z,2.24727,2.25745,2.24706,2.25699,34523
2026-02-12T18:00:00.000Z,2.25725,2.25898,2.25592,2.25679,18989
2026-02-12T22:00:00.000Z,2.25622,2.25861,2.24756,2.25654,9262
2026-02-13T02:00:00.000Z,2.25642,2.25762,2.25516,2.25748,9500
2026-02-13T06:00:00.000Z,2.25746,2.26131,2.255,2.25601,17506
2026-02-13T10:00:00.000Z,2.25601,2.26083,2.25582,2.25773,21270
2026-02-13T14:00:00.000Z,2.25771,2.26119,2.256,2.25791,33328
2026-02-13T18:00:00.000Z,2.25793,2.26031,2.25678,2.25941,15184
2026-02-15T22:00:00.000Z,2.2616,2.26329,2.2564,2.2591,10501
2026-02-16T02:00:00.000Z,2.25909,2.26272,2.25883,2.25968,6834
2026-02-16T06:00:00.000Z,2.25965,2.26046,2.25798,2.25891,12397
2026-02-16T10:00:00.000Z,2.25887,2.25989,2.25663,2.25731,11071
2026-02-16T14:00:00.000Z,2.25729,2.26018,2.25661,2.25906,10486
2026-02-16T18:00:00.000Z,2.25904,2.25919,2.25794,2.25833,3925
2026-02-16T22:00:00.000Z,2.25891,2.26064,2.25703,2.26028,7836
2026-02-17T02:00:00.000Z,2.26026,2.26148,2.25466,2.25582,8988
2026-02-17T06:00:00.000Z,2.25576,2.25576,2.24785,2.24936,15442
2026-02-17T10:00:00.000Z,2.24935,2.24961,2.2428,2.24508,18695
2026-02-17T14:00:00.000Z,2.24508,2.24952,2.24253,2.24612,30279
2026-02-17T18:00:00.000Z,2.24612,2.24619,2.24123,2.24244,13373
2026-02-17T22:00:00.000Z,2.23989,2.25532,2.23989,2.25265,8616
2026-02-18T02:00:00.000Z,2.25261,2.2606,2.25216,2.26032,6944
2026-02-18T06:00:00.000Z,2.26028,2.2637,2.25656,2.25825,14059
2026-02-18T10:00:00.000Z,2.25825,2.26399,2.25775,2.26333,14447
2026-02-18T14:00:00.000Z,2.26331,2.26467,2.25823,2.25974,22322
2026-02-18T18:00:00.000Z,2.25987,2.26421,2.25857,2.26182,14656
2026-02-18T22:00:00.000Z,2.26156,2.26428,2.25836,2.25912,7559
2026-02-19T02:00:00.000Z,2.25911,2.26024,2.25701,2.25889,7144
2026-02-19T06:00:00.000Z,2.25889,2.2599,2.25598,2.2599,14350
2026-02-19T10:00:00.000Z,2.25996,2.26026,2.25491,2.25715,18001
2026-02-19T14:00:00.000Z,2.25715,2.25993,2.25089,2.25404,28480
2026-02-19T18:00:00.000Z,2.25401,2.25539,2.25295,2.25429,13501
2026-02-19T22:00:00.000Z,2.25321,2.26123,2.25247,2.25931,8738
2026-02-20T02:00:00.000Z,2.25904,2.263,2.25684,2.25823,9166
2026-02-20T06:00:00.000Z,2.25827,2.26297,2.25691,2.26022,17038
2026-02-20T10:00:00.000Z,2.26024,2.2658,2.25997,2.26516,18641
2026-02-20T14:00:00.000Z,2.26517,2.26667,2.25727,2.2593,36170
2026-02-20T18:00:00.000Z,2.25935,2.26052,2.25586,2.25594,20276
2026-02-22T22:00:00.000Z,2.2562,2.25785,2.25282,2.257,15181
2026-02-23T02:00:00.000Z,2.25698,2.26074,2.25661,2.25915,9757
2026-02-23T06:00:00.000Z,2.25911,2.26164,2.25741,2.25882,15500
2026-02-23T10:00:00.000Z,2.25875,2.26313,2.25873,2.26222,16899
2026-02-23T14:00:00.000Z,2.26219,2.26453,2.25985,2.26345,27141
2026-02-23T18:00:00.000Z,2.26345,2.26654,2.26268,2.26538,12579
2026-02-23T22:00:00.000Z,2.26585,2.26604,2.2615,2.26376,14381
2026-02-24T02:00:00.000Z,2.26379,2.26396,2.26074,2.26205,8831
2026-02-24T06:00:00.000Z,2.26207,2.26261,2.25934,2.26215,17843
2026-02-24T10:00:00.000Z,2.26215,2.26718,2.26158,2.26711,15917
2026-02-24T14:00:00.000Z,2.26706,2.26848,2.26317,2.26426,23536
2026-02-24T18:00:00.000Z,2.2643,2.26455,2.26107,2.26109,11835
2026-02-24T22:00:00.000Z,2.26187,2.26443,2.25833,2.26187,8623
2026-02-25T02:00:00.000Z,2.26191,2.26233,2.25926,2.25968,12228
2026-02-25T06:00:00.000Z,2.25968,2.26348,2.25738,2.26344,16531
2026-02-25T10:00:00.000Z,2.2634,2.26526,2.26207,2.26313,15673
2026-02-25T14:00:00.000Z,2.26312,2.26329,2.25932,2.26116,21870
2026-02-25T18:00:00.000Z,2.26118,2.26127,2.25814,2.2589,9022
2026-02-25T22:00:00.000Z,2.25919,2.26058,2.25744,2.25815,9437
2026-02-26T02:00:00.000Z,2.25817,2.25943,2.25546,2.2566,10237
2026-02-26T06:00:00.000Z,2.25662,2.25986,2.25629,2.25897,16492
2026-02-26T10:00:00.000Z,2.25894,2.26296,2.25828,2.26186,14445
2026-02-26T14:00:00.000Z,2.26182,2.26619,2.25673,2.2568,28660
2026-02-26T18:00:00.000Z,2.25688,2.25718,2.25299,2.25465,14105
2026-02-26T22:00:00.000Z,2.25349,2.25718,2.24966,2.25433,10971
2026-02-27T02:00:00.000Z,2.25433,2.2552,2.25066,2.2519,9652
2026-02-27T06:00:00.000Z,2.25189,2.25514,2.24797,2.25209,17221
2026-02-27T10:00:00.000Z,2.25209,2.25341,2.24831,2.24951,20099
2026-02-27T14:00:00.000Z,2.24949,2.25048,2.24,2.24397,29626
2026-02-27T18:00:00.000Z,2.24397,2.24875,2.24392,2.24743,14323
2026-03-01T22:00:00.000Z,2.25121,2.25309,2.24487,2.24627,22571
2026-03-02T02:00:00.000Z,2.24623,2.25096,2.24419,2.25084,16094
2026-03-02T06:00:00.000Z,2.25086,2.25105,2.2427,2.24614,29995
2026-03-02T10:00:00.000Z,2.24612,2.25693,2.24421,2.2549,26558
2026-03-02T14:00:00.000Z,2.25486,2.26003,2.25371,2.25814,35510
2026-03-02T18:00:00.000Z,2.25815,2.25825,2.25347,2.25574,19364
2026-03-02T22:00:00.000Z,2.25418,2.2583,2.25081,2.25536,13057
2026-03-03T02:00:00.000Z,2.25533,2.25703,2.25265,2.25441,19248
2026-03-03T06:00:00.000Z,2.25436,2.25824,2.25092,2.25791,31286
2026-03-03T10:00:00.000Z,2.2578,2.26657,2.25623,2.25898,37270
2026-03-03T14:00:00.000Z,2.25898,2.27195,2.25789,2.26683,46295
2026-03-03T18:00:00.000Z,2.26684,2.26974,2.26245,2.26784,26630
2026-03-03T22:00:00.000Z,2.26583,2.2707,2.26126,2.2671,19450
2026-03-04T02:00:00.000Z,2.26707,2.26787,2.25825,2.25946,25157
2026-03-04T06:00:00.000Z,2.25948,2.26479,2.25864,2.26074,29082
2026-03-04T10:00:00.000Z,2.26081,2.26409,2.25771,2.26067,31906
2026-03-04T14:00:00.000Z,2.26067,2.26374,2.25103,2.25293,34902
2026-03-04T18:00:00.000Z,2.25292,2.253,2.24923,2.25061,14710
2026-03-04T22:00:00.000Z,2.25007,2.25362,2.24868,2.25319,14644
2026-03-05T02:00:00.000Z,2.25316,2.25374,2.24735,2.25071,19365
2026-03-05T06:00:00.000Z,2.25064,2.2561,2.24817,2.2555,31069
2026-03-05T10:00:00.000Z,2.25552,2.2594,2.25312,2.25853,26812
2026-03-05T14:00:00.000Z,2.25857,2.26759,2.25604,2.26693,39108
2026-03-05T18:00:00.000Z,2.26692,2.26807,2.26359,2.26525,26251
2026-03-05T22:00:00.000Z,2.25892,2.26564,2.25661,2.26155,13327
2026-03-06T02:00:00.000Z,2.26153,2.2635,2.26021,2.26302,13931
2026-03-06T06:00:00.000Z,2.26298,2.26892,2.25989,2.26885,24025
2026-03-06T10:00:00.000Z,2.26877,2.27769,2.26662,2.27611,33055
2026-03-06T14:00:00.000Z,2.27609,2.27612,2.26858,2.27151,44198
2026-03-06T18:00:00.000Z,2.27151,2.27175,2.26685,2.27087,27127
2026-03-08T21:00:00.000Z,2.27248,2.27591,2.26767,2.27108,21986
2026-03-09T01:00:00.000Z,2.27116,2.27116,2.26314,2.26496,27407
2026-03-09T05:00:00.000Z,2.26494,2.26604,2.26103,2.26212,35613
2026-03-09T09:00:00.000Z,2.26203,2.26407,2.25647,2.26318,35900
2026-03-09T13:00:00.000Z,2.26319,2.26626,2.25823,2.26046,39772
2026-03-09T17:00:00.000Z,2.26043,2.26728,2.26033,2.26537,27489
2026-03-09T21:00:00.000Z,2.26484,2.26715,2.26172,2.26697,14868
2026-03-10T01:00:00.000Z,2.2671,2.272,2.26674,2.27123,21169
2026-03-10T05:00:00.000Z,2.27126,2.27298,2.26736,2.27167,24224
2026-03-10T09:00:00.000Z,2.27178,2.27188,2.2624,2.26362,29651
2026-03-10T13:00:00.000Z,2.26364,2.26728,2.25858,2.26165,33705
2026-03-10T17:00:00.000Z,2.26165,2.26404,2.25915,2.26301,30722
2026-03-10T21:00:00.000Z,2.26268,2.26594,2.26017,2.26569,10405
2026-03-11T01:00:00.000Z,2.26567,2.26776,2.2617,2.26252,13853
2026-03-11T05:00:00.000Z,2.2625,2.26621,2.26175,2.26504,22312
2026-03-11T09:00:00.000Z,2.26502,2.26776,2.26378,2.26548,29284
2026-03-11T13:00:00.000Z,2.26543,2.26868,2.26187,2.26683,37242
2026-03-11T17:00:00.000Z,2.26682,2.26936,2.26623,2.26743,18437
2026-03-11T21:00:00.000Z,2.26673,2.27083,2.2617,2.26607,12153
2026-03-12T01:00:00.000Z,2.26611,2.26766,2.2631,2.26498,14975
2026-03-12T05:00:00.000Z,2.26497,2.26899,2.26379,2.26685,20892
2026-03-12T09:00:00.000Z,2.26683,2.27041,2.26621,2.26982,23738
2026-03-12T13:00:00.000Z,2.26982,2.27873,2.26921,2.27808,39767
2026-03-12T17:00:00.000Z,2.27808,2.28054,2.27766,2.28011,22064
2026-03-12T21:00:00.000Z,2.27682,2.28281,2.27503,2.28265,9694
2026-03-13T01:00:00.000Z,2.28267,2.28666,2.28025,2.28657,11590
2026-03-13T05:00:00.000Z,2.28655,2.29111,2.27916,2.2792,21353
2026-03-13T09:00:00.000Z,2.27918,2.2812,2.27282,2.27422,28804
2026-03-13T13:00:00.000Z,2.27422,2.28316,2.27408,2.28314,37214
2026-03-13T17:00:00.000Z,2.28314,2.28915,2.2819,2.28895,20594
2026-03-15T21:00:00.000Z,2.28455,2.28961,2.27657,2.28518,13338
2026-03-16T01:00:00.000Z,2.28519,2.28611,2.28049,2.28249,13393
2026-03-16T05:00:00.000Z,2.28253,2.28364,2.27751,2.278,17866
2026-03-16T09:00:00.000Z,2.27802,2.27871,2.27168,2.27314,23460
2026-03-16T13:00:00.000Z,2.27305,2.27639,2.2717,2.27621,29305
2026-03-16T17:00:00.000Z,2.27616,2.27616,2.27231,2.27231,19694
2026-03-16T21:00:00.000Z,2.27168,2.27626,2.27117,2.27557,7205
2026-03-17T01:00:00.000Z,2.27546,2.27864,2.27315,2.27857,12414
2026-03-17T05:00:00.000Z,2.27869,2.28583,2.27846,2.28309,20521
2026-03-17T09:00:00.000Z,2.28308,2.28376,2.27855,2.27855,21761
2026-03-17T13:00:00.000Z,2.27856,2.28097,2.27687,2.27793,30627
2026-03-17T17:00:00.000Z,2.27797,2.28063,2.27694,2.27952,13657
2026-03-17T21:00:00.000Z,2.27856,2.28355,2.27736,2.27892,12703
2026-03-18T01:00:00.000Z,2.2789,2.28102,2.27741,2.27945,9138
2026-03-18T05:00:00.000Z,2.27947,2.2812,2.27722,2.27748,13820
2026-03-18T09:00:00.000Z,2.27746,2.28707,2.27733,2.28687,23499
2026-03-18T13:00:00.000Z,2.28666,2.28879,2.27915,2.28322,33191
2026-03-18T17:00:00.000Z,2.28322,2.28988,2.28146,2.28706,26620
2026-03-18T21:00:00.000Z,2.28371,2.29132,2.27711,2.28393,11573
2026-03-19T01:00:00.000Z,2.28397,2.28551,2.28036,2.28122,13732
2026-03-19T05:00:00.000Z,2.28117,2.28431,2.2794,2.27998,23593
2026-03-19T09:00:00.000Z,2.27999,2.29138,2.27925,2.29003,32913
2026-03-19T13:00:00.000Z,2.28999,2.29278,2.28602,2.28976,44939
2026-03-19T17:00:00.000Z,2.28975,2.29188,2.28461,2.28664,27935
2026-03-19T21:00:00.000Z,2.28529,2.28876,2.281,2.28167,9489
2026-03-20T01:00:00.000Z,2.28163,2.28163,2.27772,2.2789,12449
2026-03-20T05:00:00.000Z,2.27886,2.28243,2.2782,2.28086,18102
2026-03-20T09:00:00.000Z,2.28082,2.2836,2.27966,2.28115,28365
2026-03-20T13:00:00.000Z,2.28115,2.28684,2.27767,2.28042,38881
2026-03-20T17:00:00.000Z,2.2804,2.29042,2.27976,2.28855,27328
2026-03-22T21:00:00.000Z,2.28571,2.28874,2.28125,2.28726,14685
2026-03-23T01:00:00.000Z,2.2873,2.29267,2.28574,2.29228,21375
2026-03-23T05:00:00.000Z,2.29224,2.29856,2.29191,2.29582,28542
2026-03-23T09:00:00.000Z,2.29586,2.30372,2.28935,2.29473,45741
2026-03-23T13:00:00.000Z,2.29476,2.29679,2.28588,2.29017,50484
2026-03-23T17:00:00.000Z,2.29017,2.29318,2.28669,2.29151,27317
2026-03-23T21:00:00.000Z,2.2939,2.29642,2.28316,2.29323,14994
2026-03-24T01:00:00.000Z,2.29323,2.29807,2.29233,2.29747,22081
2026-03-24T05:00:00.000Z,2.29744,2.30094,2.29338,2.29925,28964
2026-03-24T09:00:00.000Z,2.29925,2.3017,2.29641,2.2991,30059
2026-03-24T13:00:00.000Z,2.2991,2.30182,2.29741,2.30154,39695
2026-03-24T17:00:00.000Z,2.30157,2.30624,2.29464,2.29741,31789
2026-03-24T21:00:00.000Z,2.2956,2.30192,2.29292,2.29969,15043
2026-03-25T01:00:00.000Z,2.29975,2.30296,2.29854,2.3024,16604
2026-03-25T05:00:00.000Z,2.30236,2.30546,2.2999,2.30028,21473
2026-03-25T09:00:00.000Z,2.30028,2.30594,2.29947,2.3024,25192
2026-03-25T13:00:00.000Z,2.30236,2.30236,2.2975,2.29978,34629
2026-03-25T17:00:00.000Z,2.29978,2.30159,2.29842,2.30116,18961
2026-03-25T21:00:00.000Z,2.30029,2.30423,2.29742,2.30315,7950
2026-03-26T01:00:00.000Z,2.30316,2.30396,2.30089,2.30154,11207
2026-03-26T05:00:00.000Z,2.30156,2.3085,2.30132,2.30722,19016
2026-03-26T09:00:00.000Z,2.30718,2.30876,2.30586,2.3072,22419
2026-03-26T13:00:00.000Z,2.30719,2.31286,2.30636,2.31224,33678
2026-03-26T17:00:00.000Z,2.3122,2.31473,2.31051,2.3129,21143
2026-03-26T21:00:00.000Z,2.3123,2.31642,2.3019,2.31607,11126
2026-03-27T01:00:00.000Z,2.31611,2.31757,2.31032,2.31044,12592
2026-03-27T05:00:00.000Z,2.31042,2.3124,2.30649,2.3085,19576
2026-03-27T09:00:00.000Z,2.30847,2.30946,2.30457,2.30837,23545
2026-03-27T13:00:00.000Z,2.30835,2.31285,2.30755,2.30787,33213
2026-03-27T17:00:00.000Z,2.30788,2.3117,2.30746,2.30861,20222
2026-03-29T21:00:00.000Z,2.30503,2.31362,2.30365,2.31192,14959
2026-03-30T01:00:00.000Z,2.31192,2.31447,2.30933,2.31305,16648
2026-03-30T05:00:00.000Z,2.31307,2.31375,2.3089,2.3126,19057
2026-03-30T09:00:00.000Z,2.31262,2.31521,2.31069,2.3111,21088
2026-03-30T13:00:00.000Z,2.31106,2.31251,2.30638,2.30692,30529
2026-03-30T17:00:00.000Z,2.30694,2.30807,2.30462,2.30486,17747
2026-03-30T21:00:00.000Z,2.30368,2.30683,2.30087,2.30671,12599
2026-03-31T01:00:00.000Z,2.30669,2.31184,2.3052,2.31177,17442
2026-03-31T05:00:00.000Z,2.31183,2.31413,2.30883,2.312,19998
2026-03-31T09:00:00.000Z,2.31203,2.31557,2.30934,2.31271,24078
2026-03-31T13:00:00.000Z,2.31269,2.31456,2.30524,2.30645,37333
2026-03-31T17:00:00.000Z,2.30646,2.30961,2.30087,2.30113,27023
2026-03-31T21:00:00.000Z,2.302,2.30325,2.29913,2.30198,9426
2026-04-01T01:00:00.000Z,2.30197,2.30921,2.30097,2.30793,14856
2026-04-01T05:00:00.000Z,2.30791,2.30967,2.30247,2.30527,26466
2026-04-01T09:00:00.000Z,2.30527,2.30957,2.3034,2.30906,24813
2026-04-01T13:00:00.000Z,2.30906,2.31274,2.30725,2.31051,33013
2026-04-01T17:00:00.000Z,2.31047,2.31528,2.31018,2.31198,20282
2026-04-01T21:00:00.000Z,2.31089,2.31503,2.30793,2.31278,11428
2026-04-02T01:00:00.000Z,2.31273,2.31858,2.31249,2.31788,27444
2026-04-02T05:00:00.000Z,2.31788,2.31834,2.31099,2.31152,22048
2026-04-02T09:00:00.000Z,2.31153,2.31484,2.30927,2.31362,21445
2026-04-02T13:00:00.000Z,2.31365,2.31379,2.30801,2.31188,35054
2026-04-02T17:00:00.000Z,2.31191,2.3148,2.31119,2.31288,16772
2026-04-02T21:00:00.000Z,2.31345,2.31504,2.31078,2.315,5307
2026-04-03T01:00:00.000Z,2.31496,2.31747,2.31432,2.31716,4034
2026-04-03T05:00:00.000Z,2.31712,2.32008,2.31687,2.31984,5639
2026-04-03T09:00:00.000Z,2.31987,2.32006,2.31215,2.31662,8549
2026-04-03T13:00:00.000Z,2.31664,2.3201,2.31495,2.31791,11902
2026-04-03T17:00:00.000Z,2.31788,2.32049,2.30412,2.31525,5821
2026-04-05T21:00:00.000Z,2.314,2.32056,2.31351,2.31756,17816
2026-04-06T01:00:00.000Z,2.31756,2.31879,2.31596,2.3165,32321
2026-04-06T05:00:00.000Z,2.3165,2.31772,2.31425,2.31463,36501
2026-04-06T09:00:00.000Z,2.31463,2.31602,2.31343,2.31515,33097
2026-04-06T13:00:00.000Z,2.31516,2.31801,2.31383,2.31569,42754
2026-04-06T17:00:00.000Z,2.31569,2.31697,2.31488,2.31667,23900
2026-04-06T21:00:00.000Z,2.31564,2.3191,2.30886,2.31895,12876
2026-04-07T01:00:00.000Z,2.31899,2.32216,2.31778,2.32034,27200
2026-04-07T05:00:00.000Z,2.32032,2.32336,2.31869,2.322,38267
2026-04-07T09:00:00.000Z,2.32196,2.32453,2.32034,2.32374,47128
2026-04-07T13:00:00.000Z,2.32374,2.32507,2.32062,2.32154,58183
2026-04-07T17:00:00.000Z,2.32152,2.32378,2.31908,2.31932,38332
2026-04-07T21:00:00.000Z,2.31919,2.32265,2.30104,2.31299,41052
2026-04-08T01:00:00.000Z,2.31302,2.31467,2.29722,2.29983,38674
2026-04-08T05:00:00.000Z,2.29984,2.3083,2.29718,2.3082,56530
2026-04-08T09:00:00.000Z,2.30822,2.31022,2.30206,2.3023,48596
2026-04-08T13:00:00.000Z,2.30229,2.30584,2.29976,2.3001,59870
2026-04-08T17:00:00.000Z,2.30009,2.30325,2.2997,2.30045,38251
2026-04-08T21:00:00.000Z,2.29517,2.30175,2.29517,2.29906,13949
2026-04-09T01:00:00.000Z,2.29905,2.2994,2.29566,2.29687,26450
2026-04-09T05:00:00.000Z,2.2969,2.29936,2.29391,2.2992,37287
2026-04-09T09:00:00.000Z,2.29919,2.30012,2.29752,2.29867,32285
2026-04-09T13:00:00.000Z,2.2987,2.29905,2.28949,2.29153,56749
2026-04-09T17:00:00.000Z,2.29151,2.29439,2.29046,2.29261,31288
2026-04-09T21:00:00.000Z,2.28871,2.29584,2.28757,2.29472,11507
2026-04-10T01:00:00.000Z,2.29474,2.29614,2.29351,2.29545,19361
2026-04-10T05:00:00.000Z,2.29547,2.29995,2.29354,2.2999,26276
2026-04-10T09:00:00.000Z,2.2999,2.30121,2.2981,2.29986,35084
2026-04-10T13:00:00.000Z,2.29986,2.30553,2.29642,2.30463,46065
2026-04-10T17:00:00.000Z,2.30465,2.30573,2.30334,2.30552,20275
2026-04-12T21:00:00.000Z,2.3096,2.3103,2.30187,2.30338,17600
2026-04-13T01:00:00.000Z,2.30338,2.30415,2.30034,2.30103,14883
2026-04-13T05:00:00.000Z,2.30102,2.30302,2.29845,2.303,18342
2026-04-13T09:00:00.000Z,2.30298,2.30755,2.30268,2.30584,26857
2026-04-13T13:00:00.000Z,2.30585,2.30796,2.30006,2.30012,52352
2026-04-13T17:00:00.000Z,2.30012,2.30192,2.29904,2.30176,27144
2026-04-13T21:00:00.000Z,2.30065,2.30422,2.2973,2.30366,12912
2026-04-14T01:00:00.000Z,2.30365,2.30571,2.30214,2.30224,19129
2026-04-14T05:00:00.000Z,2.30222,2.30273,2.29576,2.29727,36194
2026-04-14T09:00:00.000Z,2.29727,2.30137,2.2955,2.29879,34614
2026-04-14T13:00:00.000Z,2.29879,2.29899,2.29467,2.29734,40455
2026-04-14T17:00:00.000Z,2.29734,2.29906,2.29617,2.29883,17784
2026-04-14T21:00:00.000Z,2.29623,2.30021,2.29619,2.30002,14751
2026-04-15T01:00:00.000Z,2.30004,2.30081,2.29783,2.29907,23344
2026-04-15T05:00:00.000Z,2.29906,2.29907,2.29545,2.2965,34379
2026-04-15T09:00:00.000Z,2.2965,2.29898,2.29569,2.29877,39040
2026-04-15T13:00:00.000Z,2.29877,2.30035,2.29516,2.29565,45991
2026-04-15T17:00:00.000Z,2.29564,2.29702,2.29323,2.29346,22605
2026-04-15T21:00:00.000Z,2.29295,2.29613,2.29041,2.29552,10639
2026-04-16T01:00:00.000Z,2.29554,2.29699,2.29379,2.29543,23751
2026-04-16T05:00:00.000Z,2.29542,2.29965,2.29397,2.29852,36281
2026-04-16T09:00:00.000Z,2.29849,2.30045,2.29687,2.29961,28502
2026-04-16T13:00:00.000Z,2.29964,2.30181,2.29414,2.2981,54577
2026-04-16T17:00:00.000Z,2.2981,2.29908,2.29598,2.29619,27423
2026-04-16T21:00:00.000Z,2.29211,2.29831,2.28937,2.29672,12367
2026-04-17T01:00:00.000Z,2.29672,2.29849,2.29595,2.29647,21532
2026-04-17T05:00:00.000Z,2.29647,2.29765,2.29497,2.29599,31571
2026-04-17T09:00:00.000Z,2.296,2.29947,2.29371,2.29411,39729
2026-04-17T13:00:00.000Z,2.29411,2.29538,2.29147,2.29436,76498
2026-04-17T17:00:00.000Z,2.29438,2.29836,2.29421,2.29742,41029
2026-04-19T21:00:00.000Z,2.2995,2.30328,2.29572,2.29661,20888
2026-04-20T01:00:00.000Z,2.29663,2.29745,2.29545,2.29713,24869
2026-04-20T05:00:00.000Z,2.29713,2.3024,2.29664,2.29925,43086
2026-04-20T09:00:00.000Z,2.29926,2.30051,2.29643,2.29897,35927
2026-04-20T13:00:00.000Z,2.29898,2.2998,2.29637,2.29833,53966
2026-04-20T17:00:00.000Z,2.29835,2.29862,2.29656,2.29731,25560
2026-04-20T21:00:00.000Z,2.2988,2.29935,2.28681,2.28708,15391
2026-04-21T01:00:00.000Z,2.28708,2.2909,2.28476,2.28843,24126
2026-04-21T05:00:00.000Z,2.28841,2.28983,2.28556,2.28721,42745
2026-04-21T09:00:00.000Z,2.28719,2.28968,2.28627,2.28889,40851
2026-04-21T13:00:00.000Z,2.28888,2.29037,2.28505,2.29018,59891
2026-04-21T17:00:00.000Z,2.29017,2.29522,2.28886,2.29104,50036
2026-04-21T21:00:00.000Z,2.28902,2.29362,2.28534,2.28764,17404
2026-04-22T01:00:00.000Z,2.28766,2.28827,2.28631,2.28737,24673
2026-04-22T05:00:00.000Z,2.28738,2.28749,2.28373,2.28638,35506
2026-04-22T09:00:00.000Z,2.28636,2.28798,2.28528,2.28712,19801
2026-04-22T13:00:00.000Z,2.28714,2.28794,2.28353,2.28672,27978
2026-04-22T17:00:00.000Z,2.2867,2.28761,2.28583,2.28647,15177
2026-04-22T21:00:00.000Z,2.2791,2.28928,2.2791,2.28682,11756
2026-04-23T01:00:00.000Z,2.2868,2.29443,2.28648,2.29191,17205
2026-04-23T05:00:00.000Z,2.29187,2.29422,2.28893,2.29403,18389
2026-04-23T09:00:00.000Z,2.29401,2.29773,2.29384,2.29485,23682
2026-04-23T13:00:00.000Z,2.29483,2.29919,2.29443,2.2964,27484
2026-04-23T17:00:00.000Z,2.29638,2.30242,2.29585,2.29991,27238
2026-04-23T21:00:00.000Z,2.29259,2.302,2.29259,2.29906,8263
2026-04-24T01:00:00.000Z,2.29908,2.30367,2.29777,2.30009,13413
2026-04-24T05:00:00.000Z,2.30005,2.30273,2.29969,2.30087,16809
2026-04-24T09:00:00.000Z,2.30083,2.30306,2.2965,2.30005,22754
2026-04-24T13:00:00.000Z,2.3001,2.30161,2.29798,2.29963,29273
2026-04-24T17:00:00.000Z,2.29961,2.30121,2.29904,2.30101,15048
2026-04-26T21:00:00.000Z,2.29989,2.3033,2.29505,2.29847,8457
2026-04-27T01:00:00.000Z,2.2984,2.29999,2.29724,2.29981,12967
2026-04-27T05:00:00.000Z,2.29979,2.30074,2.29209,2.29277,17566
2026-04-27T09:00:00.000Z,2.29278,2.29382,2.28996,2.29005,18633
2026-04-27T13:00:00.000Z,2.29,2.29204,2.28827,2.28999,26438
2026-04-27T17:00:00.000Z,2.29001,2.29058,2.28867,2.29012,14138
2026-04-27T21:00:00.000Z,2.29074,2.29167,2.28704,2.2888,8173
2026-04-28T01:00:00.000Z,2.28882,2.29413,2.28839,2.29336,12782
2026-04-28T05:00:00.000Z,2.29337,2.29595,2.29228,2.29252,20051
2026-04-28T09:00:00.000Z,2.2925,2.29691,2.29022,2.29535,24575
2026-04-28T13:00:00.000Z,2.29539,2.29843,2.29398,2.29634,29798
2026-04-28T17:00:00.000Z,2.29632,2.29775,2.29527,2.29682,15475
2026-04-28T21:00:00.000Z,2.29661,2.29776,2.29103,2.29684,6443
2026-04-29T01:00:00.000Z,2.29677,2.30711,2.29528,2.30472,14261
2026-04-29T05:00:00.000Z,2.30468,2.30553,2.30027,2.30409,18074
2026-04-29T09:00:00.000Z,2.30405,2.30728,2.30384,2.3069,20211
2026-04-29T13:00:00.000Z,2.30688,2.31285,2.30619,2.31069,30185
2026-04-29T17:00:00.000Z,2.31071,2.31451,2.30751,2.31085,25073
2026-04-29T21:00:00.000Z,2.30717,2.31229,2.30414,2.3097,12912
2026-04-30T01:00:00.000Z,2.30964,2.31314,2.30859,2.31011,20503
2026-04-30T05:00:00.000Z,2.3101,2.313,2.30811,2.30908,26906
2026-04-30T09:00:00.000Z,2.30909,2.31005,2.29793,2.3029,36552
2026-04-30T13:00:00.000Z,2.30292,2.30873,2.29871,2.3047,36253
2026-04-30T17:00:00.000Z,2.30468,2.30558,2.30162,2.30173,20966
2026-04-30T21:00:00.000Z,2.30248,2.30434,2.30095,2.30379,8396
2026-05-01T01:00:00.000Z,2.30375,2.30697,2.30293,2.30689,11278
2026-05-01T05:00:00.000Z,2.30692,2.30951,2.30544,2.30757,19638
2026-05-01T09:00:00.000Z,2.30759,2.31068,2.30702,2.30954,19761
2026-05-01T13:00:00.000Z,2.3096,2.3104,2.30024,2.30075,31197
2026-05-01T17:00:00.000Z,2.30071,2.30198,2.29992,2.30058,18140
2026-05-03T21:00:00.000Z,2.30208,2.30254,2.29699,2.30106,8698
2026-05-04T01:00:00.000Z,2.30102,2.30152,2.29434,2.29567,15909
2026-05-04T05:00:00.000Z,2.29569,2.30081,2.29523,2.29814,18821
2026-05-04T09:00:00.000Z,2.29802,2.30266,2.29742,2.30055,24340
2026-05-04T13:00:00.000Z,2.30059,2.30616,2.29975,2.30504,33490
2026-05-04T17:00:00.000Z,2.30496,2.30502,2.30336,2.30402,18728
2026-05-04T21:00:00.000Z,2.30277,2.30685,2.29997,2.30675,8132
2026-05-05T01:00:00.000Z,2.30673,2.30731,2.30363,2.30711,11516
2026-05-05T05:00:00.000Z,2.30714,2.30748,2.3023,2.30335,19676
2026-05-05T09:00:00.000Z,2.30334,2.3038,2.29964,2.30214,21584
2026-05-05T13:00:00.000Z,2.30216,2.30413,2.29831,2.30077,26691
2026-05-05T17:00:00.000Z,2.30075,2.30093,2.29915,2.29994,14814
2026-05-05T21:00:00.000Z,2.29736,2.3024,2.2931,2.2931,14951
2026-05-06T01:00:00.000Z,2.29314,2.29371,2.28365,2.28478,20741
2026-05-06T05:00:00.000Z,2.28476,2.28648,2.28107,2.28228,24561
2026-05-06T09:00:00.000Z,2.28232,2.28436,2.2769,2.28356,32428
2026-05-06T13:00:00.000Z,2.28359,2.28591,2.28128,2.28309,30954
2026-05-06T17:00:00.000Z,2.2831,2.28376,2.28084,2.28251,16777
2026-05-06T21:00:00.000Z,2.27805,2.28355,2.2753,2.28253,11145
2026-05-07T01:00:00.000Z,2.28257,2.28396,2.28024,2.28081,15711
2026-05-07T05:00:00.000Z,2.28074,2.28285,2.27812,2.27955,21739
2026-05-07T09:00:00.000Z,2.27953,2.28104,2.27549,2.27855,22396
2026-05-07T13:00:00.000Z,2.27859,2.28315,2.27786,2.28076,30121
2026-05-07T17:00:00.000Z,2.28072,2.28246,2.2792,2.28098,24860
2026-05-07T21:00:00.000Z,2.27975,2.28392,2.27909,2.28191,10898
2026-05-08T01:00:00.000Z,2.28195,2.28463,2.28061,2.28202,15984
2026-05-08T05:00:00.000Z,2.28198,2.28375,2.28093,2.28314,20267
2026-05-08T09:00:00.000Z,2.28307,2.28544,2.28006,2.28453,21438
2026-05-08T13:00:00.000Z,2.28457,2.28768,2.284,2.28552,27735
2026-05-08T17:00:00.000Z,2.28545,2.28624,2.28456,2.28545,15266
2026-05-10T21:00:00.000Z,2.27977,2.28572,2.27328,2.28296,10467
2026-05-11T01:00:00.000Z,2.28304,2.28679,2.28279,2.28589,13498
2026-05-11T05:00:00.000Z,2.28582,2.28775,2.2842,2.28711,17370
2026-05-11T09:00:00.000Z,2.28711,2.28803,2.28309,2.28682,20423
2026-05-11T13:00:00.000Z,2.28682,2.28834,2.28403,2.2875,24479
2026-05-11T17:00:00.000Z,2.28753,2.28809,2.28187,2.28221,17247
2026-05-11T21:00:00.000Z,2.28081,2.28252,2.27935,2.28238,8324
2026-05-12T01:00:00.000Z,2.28236,2.28329,2.27967,2.28054,15422
2026-05-12T05:00:00.000Z,2.28062,2.28083,2.27208,2.27592,24535
2026-05-12T09:00:00.000Z,2.27589,2.27714,2.27069,2.27241,25246
2026-05-12T13:00:00.000Z,2.27241,2.2777,2.27125,2.27663,31738
2026-05-12T17:00:00.000Z,2.27658,2.27662,2.27325,2.27399,17903
2026-05-12T21:00:00.000Z,2.2702,2.27512,2.2694,2.27283,9273
2026-05-13T01:00:00.000Z,2.27287,2.27896,2.27012,2.27862,14423
2026-05-13T05:00:00.000Z,2.27863,2.28165,2.27725,2.28062,20435
2026-05-13T09:00:00.000Z,2.28066,2.28128,2.2752,2.27728,23424
2026-05-13T13:00:00.000Z,2.27728,2.2811,2.27594,2.27667,27969
2026-05-13T17:00:00.000Z,2.27664,2.27897,2.27625,2.2777,16655
2026-05-13T21:00:00.000Z,2.27792,2.28173,2.27375,2.28069,7446
2026-05-14T01:00:00.000Z,2.28066,2.28213,2.27956,2.28012,13375
2026-05-14T05:00:00.000Z,2.28017,2.28042,2.27586,2.27615,20023
2026-05-14T09:00:00.000Z,2.27616,2.27866,2.27544,2.27831,20452
2026-05-14T13:00:00.000Z,2.27831,2.28019,2.27037,2.27119,27663
2026-05-14T17:00:00.000Z,2.27119,2.27136,2.26329,2.26654,17673
2026-05-14T21:00:00.000Z,2.26564,2.2714,2.26294,2.27089,9346
2026-05-15T01:00:00.000Z,2.27099,2.27539,2.27019,2.27515,17789
2026-05-15T05:00:00.000Z,2.27499,2.28197,2.27447,2.28146,28146
2026-05-15T09:00:00.000Z,2.28141,2.28699,2.28073,2.28461,27546
2026-05-15T13:00:00.000Z,2.28463,2.28583,2.27991,2.28082,34563
2026-05-15T17:00:00.000Z,2.28081,2.2819,2.27953,2.28088,18885
2026-05-17T21:00:00.000Z,2.27593,2.2843,2.27593,2.28402,15271
2026-05-18T01:00:00.000Z,2.28406,2.28445,2.27926,2.2813,19597
2026-05-18T05:00:00.000Z,2.28123,2.28399,2.28042,2.28238,24085
2026-05-18T09:00:00.000Z,2.28236,2.28292,2.27824,2.27895,25894
2026-05-18T13:00:00.000Z,2.27899,2.29061,2.27757,2.28732,33050
2026-05-18T17:00:00.000Z,2.2873,2.2878,2.28372,2.28638,23569
2026-05-18T21:00:00.000Z,2.28526,2.29002,2.28307,2.28974,10633
2026-05-19T01:00:00.000Z,2.28976,2.29164,2.28959,2.2909,18796
2026-05-19T05:00:00.000Z,2.29094,2.29165,2.287,2.29085,23865
2026-05-19T09:00:00.000Z,2.29085,2.29548,2.29085,2.29547,23586
2026-05-19T13:00:00.000Z,2.29538,2.30043,2.29455,2.2954,33870
2026-05-19T17:00:00.000Z,2.2954,2.29695,2.29524,2.29585,18063
2026-05-19T21:00:00.000Z,2.29333,2.3,2.28952,2.29985,11901
2026-05-20T01:00:00.000Z,2.29985,2.30088,2.29564,2.2975,23316
2026-05-20T05:00:00.000Z,2.29756,2.29811,2.29101,2.2917,23856
2026-05-20T09:00:00.000Z,2.2917,2.29403,2.29093,2.29363,19986
2026-05-20T13:00:00.000Z,2.29361,2.29424,2.28558,2.28941,36454
2026-05-20T17:00:00.000Z,2.28943,2.29015,2.28742,2.28828,20721
2026-05-20T21:00:00.000Z,2.28805,2.29176,2.28703,2.29164,9545
2026-05-21T01:00:00.000Z,2.2916,2.29427,2.2885,2.29057,17829
2026-05-21T05:00:00.000Z,2.29061,2.29532,2.28831,2.29057,24535
2026-05-21T09:00:00.000Z,2.2906,2.29367,2.2886,2.29152,26566
2026-05-21T13:00:00.000Z,2.29153,2.29225,2.28652,2.28792,31438
2026-05-21T17:00:00.000Z,2.28796,2.28832,2.28387,2.28627,25945
2026-05-21T21:00:00.000Z,2.28272,2.28706,2.28066,2.28583,9562
2026-05-22T01:00:00.000Z,2.28599,2.2872,2.28456,2.28615,14126
2026-05-22T05:00:00.000Z,2.28622,2.29103,2.28507,2.29048,19284
2026-05-22T09:00:00.000Z,2.2905,2.29394,2.29044,2.29313,19826
2026-05-22T13:00:00.000Z,2.29308,2.29648,2.29285,2.2947,28024
2026-05-22T17:00:00.000Z,2.29466,2.29706,2.29367,2.29636,18529
2026-05-24T21:00:00.000Z,2.28603,2.29635,2.28423,2.29507,10737
2026-05-25T01:00:00.000Z,2.29509,2.29585,2.29323,2.29434,12926
2026-05-25T05:00:00.000Z,2.29437,2.29822,2.29404,2.29786,15366
2026-05-25T09:00:00.000Z,2.29784,2.29882,2.29717,2.29782,11426
2026-05-25T13:00:00.000Z,2.29782,2.30006,2.29736,2.29944,12850
2026-05-25T17:00:00.000Z,2.29944,2.30022,2.29909,2.29943,5942
2026-05-25T21:00:00.000Z,2.29842,2.30376,2.29699,2.30292,10190
2026-05-26T01:00:00.000Z,2.3029,2.30557,2.30225,2.30432,13478
2026-05-26T05:00:00.000Z,2.30436,2.30574,2.30226,2.30522,18903
2026-05-26T09:00:00.000Z,2.30527,2.30691,2.30496,2.30588,18936
2026-05-26T13:00:00.000Z,2.30588,2.30643,2.30164,2.30371,25979
2026-05-26T17:00:00.000Z,2.30373,2.30449,2.30315,2.30383,12877
2026-05-26T21:00:00.000Z,2.30264,2.30437,2.29866,2.30168,8567
2026-05-27T01:00:00.000Z,2.30166,2.30353,2.28816,2.28903,15848
2026-05-27T05:00:00.000Z,2.28915,2.2911,2.28698,2.28762,18430
2026-05-27T09:00:00.000Z,2.28755,2.28828,2.27853,2.27944,21124
2026-05-27T13:00:00.000Z,2.27946,2.27993,2.27624,2.27875,30007
2026-05-27T17:00:00.000Z,2.27878,2.27967,2.27459,2.27467,14883
2026-05-27T21:00:00.000Z,2.2737,2.27753,2.27181,2.27287,10434
2026-05-28T01:00:00.000Z,2.27279,2.28095,2.26895,2.28036,20090
2026-05-28T05:00:00.000Z,2.28028,2.2803,2.27495,2.27629,20932
2026-05-28T09:00:00.000Z,2.27629,2.27706,2.27141,2.27181,20716
2026-05-28T13:00:00.000Z,2.27176,2.27302,2.26548,2.26622,30181
2026-05-28T17:00:00.000Z,2.26627,2.26746,2.26488,2.26499,15728
2026-05-28T21:00:00.000Z,2.26505,2.26603,2.25912,2.26038,8843
2026-05-29T01:00:00.000Z,2.26036,2.26038,2.25428,2.25516,15070
2026-05-29T05:00:00.000Z,2.25514,2.25632,2.24974,2.25006,18895
2026-05-29T09:00:00.000Z,2.25002,2.25036,2.24599,2.24663,20687
2026-05-29T13:00:00.000Z,2.24661,2.25177,2.24431,2.24821,30287
2026-05-29T17:00:00.000Z,2.24822,2.24991,2.24608,2.24635,18478
2026-05-31T21:00:00.000Z,2.25021,2.25097,2.24409,2.25004,14187
2026-06-01T01:00:00.000Z,2.25004,2.2552,2.2497,2.25422,13116
2026-06-01T05:00:00.000Z,2.2542,2.25911,2.25343,2.25776,17457
2026-06-01T09:00:00.000Z,2.25774,2.26207,2.25761,2.26086,19854
2026-06-01T13:00:00.000Z,2.2608,2.27124,2.26002,2.26715,31042
2026-06-01T17:00:00.000Z,2.26714,2.26847,2.26552,2.26746,16161
2026-06-01T21:00:00.000Z,2.2663,2.27303,2.26215,2.27242,11513
2026-06-02T01:00:00.000Z,2.27249,2.27331,2.26768,2.26903,14478
2026-06-02T05:00:00.000Z,2.26903,2.27073,2.26709,2.27053,18573
2026-06-02T09:00:00.000Z,2.27054,2.2737,2.26859,2.27219,16807
2026-06-02T13:00:00.000Z,2.27217,2.27497,2.26944,2.27267,22180
2026-06-02T17:00:00.000Z,2.27265,2.27348,2.27228,2.27242,13022
2026-06-02T21:00:00.000Z,2.26872,2.27286,2.26693,2.27033,9750
2026-06-03T01:00:00.000Z,2.27026,2.27643,2.2692,2.2761,12206
2026-06-03T05:00:00.000Z,2.27608,2.28099,2.27577,2.28042,19396
2026-06-03T09:00:00.000Z,2.28039,2.28332,2.27855,2.28281,19171
2026-06-03T13:00:00.000Z,2.28283,2.2897,2.28188,2.28834,28163
2026-06-03T17:00:00.000Z,2.28835,2.29038,2.28745,2.28996,14206
2026-06-03T21:00:00.000Z,2.28669,2.28895,2.28329,2.28691,11201
2026-06-04T01:00:00.000Z,2.28689,2.28791,2.28459,2.2868,14282
2026-06-04T05:00:00.000Z,2.28684,2.29026,2.28577,2.28935,19453
2026-06-04T09:00:00.000Z,2.28929,2.28974,2.286,2.28825,22670
2026-06-04T13:00:00.000Z,2.28824,2.28861,2.28463,2.28627,25008
2026-06-04T17:00:00.000Z,2.28623,2.28792,2.28535,2.28765,11941
2026-06-04T21:00:00.000Z,2.28471,2.28866,2.28471,2.28819,8831
2026-06-05T01:00:00.000Z,2.28821,2.2929,2.28801,2.28863,15252
2026-06-05T05:00:00.000Z,2.28861,2.29164,2.28812,2.29153,18092
2026-06-05T09:00:00.000Z,2.29145,2.29432,2.28766,2.29397,21541
2026-06-05T13:00:00.000Z,2.29392,2.30149,2.29345,2.29874,35422
2026-06-05T17:00:00.000Z,2.29878,2.30308,2.29866,2.30094,23363
2026-06-07T21:00:00.000Z,2.3019,2.303,2.29813,2.2988,11276
2026-06-08T01:00:00.000Z,2.29873,2.30191,2.29751,2.29899,21319
2026-06-08T05:00:00.000Z,2.29903,2.29984,2.29553,2.2957,26851
2026-06-08T09:00:00.000Z,2.29571,2.29619,2.28976,2.29021,26488
2026-06-08T13:00:00.000Z,2.29023,2.29674,2.2894,2.29478,30949
2026-06-08T17:00:00.000Z,2.2948,2.29698,2.29463,2.29606,18204
2026-06-08T21:00:00.000Z,2.29351,2.29889,2.29282,2.29745,9507
2026-06-09T01:00:00.000Z,2.29748,2.29748,2.29161,2.29207,15839
2026-06-09T05:00:00.000Z,2.29212,2.29592,2.28663,2.29439,21935
2026-06-09T09:00:00.000Z,2.2944,2.29663,2.29367,2.29544,17392
2026-06-09T13:00:00.000Z,2.29544,2.30289,2.29382,2.30103,37861
2026-06-09T17:00:00.000Z,2.30103,2.30265,2.29886,2.30058,23767
2026-06-09T21:00:00.000Z,2.29651,2.30292,2.2942,2.29982,12952
2026-06-10T01:00:00.000Z,2.29978,2.30155,2.29725,2.30155,19791
2026-06-10T05:00:00.000Z,2.30159,2.30512,2.30082,2.30374,22882
2026-06-10T09:00:00.000Z,2.30374,2.30615,2.30024,2.30327,27943
2026-06-10T13:00:00.000Z,2.30329,2.30367,2.2981,2.30035,37120
2026-06-10T17:00:00.000Z,2.30037,2.30645,2.30012,2.30627,24055
2026-06-10T21:00:00.000Z,2.30135,2.30824,2.29862,2.30606,17951
2026-06-11T01:00:00.000Z,2.306,2.309,2.30468,2.30802,18649
2026-06-11T05:00:00.000Z,2.30801,2.31169,2.30793,2.31116,19531
2026-06-11T09:00:00.000Z,2.3112,2.31244,2.30743,2.31127,22048
2026-06-11T13:00:00.000Z,2.31126,2.31179,2.30646,2.30867,33397
2026-06-11T17:00:00.000Z,2.30869,2.30893,2.29623,2.29829,31539
2026-06-11T21:00:00.000Z,2.29709,2.30233,2.29286,2.3019,12732
2026-06-12T01:00:00.000Z,2.30194,2.30579,2.30178,2.30237,18460
2026-06-12T05:00:00.000Z,2.30243,2.30513,2.29967,2.30189,26554
2026-06-12T09:00:00.000Z,2.30194,2.30199,2.29864,2.30078,24648
2026-06-12T13:00:00.000Z,2.30082,2.30234,2.2987,2.29961,34466
2026-06-12T17:00:00.000Z,2.29957,2.30047,2.29799,2.29834,16560
2026-06-14T21:00:00.000Z,2.2966,2.30008,2.28853,2.29999,15443
2026-06-15T01:00:00.000Z,2.29996,2.30054,2.29653,2.29668,12843
2026-06-15T05:00:00.000Z,2.29669,2.29949,2.29525,2.29649,18892
2026-06-15T09:00:00.000Z,2.2965,2.29937,2.29578,2.29818,18181
2026-06-15T13:00:00.000Z,2.29817,2.30292,2.29817,2.30262,21718
2026-06-15T17:00:00.000Z,2.30264,2.3043,2.30252,2.30329,14245
2026-06-15T21:00:00.000Z,2.29996,2.30415,2.29701,2.30382,9612
2026-06-16T01:00:00.000Z,2.3038,2.3106,2.30369,2.30658,12814
2026-06-16T05:00:00.000Z,2.30657,2.30774,2.30317,2.30411,17618
2026-06-16T09:00:00.000Z,2.30412,2.30467,2.29964,2.30046,16640
2026-06-16T13:00:00.000Z,2.3005,2.30193,2.29874,2.29963,25063
2026-06-16T17:00:00.000Z,2.2996,2.30211,2.29919,2.30194,13265
2026-06-16T21:00:00.000Z,2.30269,2.30381,2.30025,2.30326,11340
2026-06-17T01:00:00.000Z,2.30326,2.30579,2.30161,2.30547,8348
2026-06-17T05:00:00.000Z,2.30549,2.30698,2.30335,2.30594,14729
2026-06-17T09:00:00.000Z,2.30598,2.30803,2.3051,2.30643,15123
2026-06-17T13:00:00.000Z,2.30641,2.30707,2.3015,2.30306,22396
2026-06-17T17:00:00.000Z,2.30302,2.30681,2.29955,2.30469,34140
2026-06-17T21:00:00.000Z,2.29777,2.30566,2.2977,2.30277,11148
2026-06-18T01:00:00.000Z,2.30281,2.30285,2.29651,2.29738,13839
2026-06-18T05:00:00.000Z,2.2974,2.30022,2.29528,2.29621,22142
2026-06-18T09:00:00.000Z,2.29621,2.29764,2.29244,2.29288,25951
2026-06-18T13:00:00.000Z,2.2929,2.29733,2.29211,2.29625,31654
2026-06-18T17:00:00.000Z,2.29626,2.29681,2.29262,2.29425,17999
2026-06-18T21:00:00.000Z,2.28846,2.2956,2.28846,2.29317,8260
2026-06-19T01:00:00.000Z,2.29313,2.29986,2.29312,2.29836,14072
2026-06-19T05:00:00.000Z,2.29834,2.30508,2.29819,2.304,20676
2026-06-19T09:00:00.000Z,2.304,2.30584,2.30257,2.30287,18307
2026-06-19T13:00:00.000Z,2.30282,2.30832,2.30274,2.30564,17301
2026-06-19T17:00:00.000Z,2.30566,2.30686,2.30225,2.30354,21359
2026-06-21T21:00:00.000Z,2.29733,2.30534,2.29674,2.30489,10506
2026-06-22T01:00:00.000Z,2.3048,2.30804,2.30446,2.30655,14509
2026-06-22T05:00:00.000Z,2.30651,2.3083,2.30483,2.30799,20675
2026-06-22T09:00:00.000Z,2.30795,2.3149,2.30733,2.31441,21923
2026-06-22T13:00:00.000Z,2.31435,2.31679,2.31177,2.31538,29237
2026-06-22T17:00:00.000Z,2.3154,2.31967,2.31532,2.31892,12802
2026-06-22T21:00:00.000Z,2.31382,2.32276,2.31323,2.32251,8222
2026-06-23T01:00:00.000Z,2.32249,2.3249,2.32036,2.32476,16193
2026-06-23T05:00:00.000Z,2.32478,2.32826,2.32432,2.32511,23820
2026-06-23T09:00:00.000Z,2.32509,2.32979,2.32205,2.32897,20290
2026-06-23T13:00:00.000Z,2.32898,2.32918,2.32336,2.32644,27174
2026-06-23T17:00:00.000Z,2.3264,2.32988,2.32551,2.32939,12860
2026-06-23T21:00:00.000Z,2.31966,2.331,2.31966,2.32957,10475
2026-06-24T01:00:00.000Z,2.32957,2.33481,2.32864,2.33338,17701
2026-06-24T05:00:00.000Z,2.33339,2.33674,2.33131,2.33624,20794
2026-06-24T09:00:00.000Z,2.33626,2.33798,2.33181,2.33415,22352
2026-06-24T13:00:00.000Z,2.33423,2.33445,2.3294,2.33043,28997
2026-06-24T17:00:00.000Z,2.33047,2.33409,2.3295,2.32983,19566
2026-06-24T21:00:00.000Z,2.32847,2.33352,2.32256,2.33201,10844
2026-06-25T01:00:00.000Z,2.33205,2.33875,2.33108,2.33408,16048
2026-06-25T05:00:00.000Z,2.33408,2.33763,2.33315,2.33575,18358
2026-06-25T09:00:00.000Z,2.33581,2.33606,2.3298,2.33398,19300
2026-06-25T13:00:00.000Z,2.33401,2.33892,2.33309,2.33627,31927
2026-06-25T17:00:00.000Z,2.33631,2.33703,2.33548,2.33575,17779
2026-06-25T21:00:00.000Z,2.33547,2.33829,2.32903,2.3382,10758
2026-06-26T01:00:00.000Z,2.33821,2.34262,2.33725,2.34005,16855
2026-06-26T05:00:00.000Z,2.34007,2.34023,2.33593,2.33907,21420
2026-06-26T09:00:00.000Z,2.33905,2.34023,2.3372,2.33756,22420
2026-06-26T13:00:00.000Z,2.33758,2.34135,2.3364,2.3408,27314
2026-06-26T17:00:00.000Z,2.34081,2.34156,2.33961,2.34022,15066
2026-06-28T21:00:00.000Z,2.33606,2.34294,2.33531,2.34197,9416
2026-06-29T01:00:00.000Z,2.34193,2.34262,2.33777,2.33867,14199
2026-06-29T05:00:00.000Z,2.33865,2.33896,2.33643,2.33792,17510
2026-06-29T09:00:00.000Z,2.3379,2.3426,2.33742,2.34197,17700
2026-06-29T13:00:00.000Z,2.34197,2.34719,2.34186,2.3454,24542
2026-06-29T17:00:00.000Z,2.34536,2.34622,2.34466,2.34617,9601
2026-06-29T21:00:00.000Z,2.34267,2.34683,2.34209,2.346,7065
2026-06-30T01:00:00.000Z,2.34598,2.34656,2.34175,2.34253,14350
2026-06-30T05:00:00.000Z,2.34252,2.3431,2.33951,2.34089,19574
2026-06-30T09:00:00.000Z,2.34091,2.34116,2.33445,2.33495,19576
2026-06-30T13:00:00.000Z,2.33495,2.3372,2.33175,2.33565,25093
2026-06-30T17:00:00.000Z,2.33561,2.3359,2.33309,2.33587,12092
2026-06-30T21:00:00.000Z,2.3342,2.3365,2.33145,2.33627,6665
2026-07-01T01:00:00.000Z,2.33628,2.3377,2.33303,2.3336,14258
2026-07-01T05:00:00.000Z,2.33345,2.33483,2.33161,2.33371,17265
2026-07-01T09:00:00.000Z,2.33373,2.33763,2.33121,2.33701,18255
2026-07-01T13:00:00.000Z,2.33703,2.34008,2.33351,2.33932,30785
2026-07-01T17:00:00.000Z,2.33928,2.34167,2.33886,2.33996,12781
2026-07-01T21:00:00.000Z,2.33809,2.34129,2.33748,2.34071,7929
2026-07-02T01:00:00.000Z,2.34063,2.34301,2.33816,2.34033,13522
2026-07-02T05:00:00.000Z,2.34029,2.34905,2.34005,2.34568,21869
2026-07-02T09:00:00.000Z,2.34572,2.34758,2.33993,2.34433,23020
2026-07-02T13:00:00.000Z,2.34445,2.3454,2.34139,2.34265,35886
2026-07-02T17:00:00.000Z,2.34263,2.34369,2.34213,2.3423,15776
2026-07-02T21:00:00.000Z,2.34195,2.34379,2.3358,2.34327,7808
2026-07-03T01:00:00.000Z,2.34324,2.34349,2.33892,2.33929,14028
2026-07-03T05:00:00.000Z,2.33925,2.33997,2.33527,2.33687,17154
2026-07-03T09:00:00.000Z,2.33681,2.33952,2.33583,2.33911,13891
2026-07-03T13:00:00.000Z,2.33909,2.34011,2.33774,2.33882,12628
2026-07-03T17:00:00.000Z,2.33883,2.34063,2.33712,2.33813,21598
2026-07-05T21:00:00.000Z,2.33394,2.34322,2.33379,2.34219,11771
2026-07-06T01:00:00.000Z,2.34217,2.34737,2.34215,2.3447,15671
2026-07-06T05:00:00.000Z,2.34474,2.34691,2.34414,2.34679,18643
2026-07-06T09:00:00.000Z,2.34681,2.35015,2.34618,2.34948,16600
2026-07-06T13:00:00.000Z,2.34942,2.35048,2.34803,2.34883,19520
2026-07-06T17:00:00.000Z,2.34879,2.34902,2.34727,2.34806,8967
2026-07-06T21:00:00.000Z,2.34558,2.34968,2.34468,2.34909,7861
2026-07-07T01:00:00.000Z,2.34911,2.35096,2.34814,2.35096,14628
2026-07-07T05:00:00.000Z,2.35095,2.35305,2.34975,2.35298,16841
2026-07-07T09:00:00.000Z,2.35302,2.35356,2.3495,2.35054,15960
2026-07-07T13:00:00.000Z,2.35053,2.35263,2.34988,2.35145,23232
2026-07-07T17:00:00.000Z,2.3515,2.35345,2.34973,2.35216,14768
2026-07-07T21:00:00.000Z,2.34954,2.35287,2.34803,2.34835,9186
2026-07-08T01:00:00.000Z,2.34833,2.34864,2.33756,2.33761,16120
2026-07-08T05:00:00.000Z,2.33776,2.34314,2.33531,2.34205,23943
2026-07-08T09:00:00.000Z,2.34203,2.34516,2.34103,2.343,26574
2026-07-08T13:00:00.000Z,2.34303,2.35143,2.34221,2.34965,29879
2026-07-08T17:00:00.000Z,2.34965,2.3509,2.34714,2.34824,17258
2026-07-08T21:00:00.000Z,2.34372,2.34941,2.33939,2.34059,8650
2026-07-09T01:00:00.000Z,2.34056,2.34209,2.33939,2.34005,12952
2026-07-09T05:00:00.000Z,2.34001,2.34368,2.33795,2.33843,17833
2026-07-09T09:00:00.000Z,2.33842,2.34043,2.33007,2.33064,17094
2026-07-09T13:00:00.000Z,2.33062,2.33172,2.3269,2.32874,20864
2026-07-09T17:00:00.000Z,2.32873,2.32992,2.32765,2.32929,12437
2026-07-09T21:00:00.000Z,2.32731,2.33045,2.3249,2.32499,6893
2026-07-10T01:00:00.000Z,2.32498,2.32552,2.32183,2.32539,14888
2026-07-10T05:00:00.000Z,2.32537,2.32753,2.32472,2.32517,18126
2026-07-10T09:00:00.000Z,2.32521,2.32854,2.32346,2.32618,17500
2026-07-10T13:00:00.000Z,2.32618,2.32784,2.32278,2.32346,25000
2026-07-10T17:00:00.000Z,2.3235,2.32511,2.32274,2.3237,14470
2026-07-12T21:00:00.000Z,2.32104,2.32678,2.32071,2.326,12035
2026-07-13T01:00:00.000Z,2.326,2.32621,2.3189,2.32433,18239
2026-07-13T05:00:00.000Z,2.32431,2.32609,2.31541,2.31581,23158
2026-07-13T09:00:00.000Z,2.31585,2.31779,2.31462,2.31559,20651
2026-07-13T13:00:00.000Z,2.31554,2.32227,2.31447,2.32132,28786
2026-07-13T17:00:00.000Z,2.32129,2.3232,2.32039,2.32122,16838
2026-07-13T21:00:00.000Z,2.32028,2.32122,2.31057,2.31109,11057
2026-07-14T01:00:00.000Z,2.31107,2.31205,2.30525,2.3075,19237
2026-07-14T05:00:00.000Z,2.30747,2.30911,2.30441,2.30705,20941
2026-07-14T09:00:00.000Z,2.30707,2.30783,2.29419,2.30373,24407
2026-07-14T13:00:00.000Z,2.30374,2.30534,2.30028,2.30339,34446
2026-07-14T17:00:00.000Z,2.30338,2.30529,2.30213,2.30454,15532
2026-07-14T21:00:00.000Z,2.30033,2.30614,2.29824,2.30208,9186
2026-07-15T01:00:00.000Z,2.30206,2.30646,2.30054,2.30476,14887
2026-07-15T05:00:00.000Z,2.30467,2.30721,2.30113,2.3016,18983
2026-07-15T09:00:00.000Z,2.30164,2.30511,2.29996,2.30262,20521
2026-07-15T13:00:00.000Z,2.30258,2.3179,2.30187,2.31697,28641
2026-07-15T17:00:00.000Z,2.31695,2.31807,2.31148,2.31386,18517
2026-07-15T21:00:00.000Z,2.31316,2.31663,2.31005,2.31574,9176
2026-07-16T01:00:00.000Z,2.31575,2.31761,2.31202,2.3138,14798
2026-07-16T05:00:00.000Z,2.31382,2.31447,2.30923,2.31089,19073
2026-07-16T09:00:00.000Z,2.31078,2.31117,2.30531,2.30881,20774
2026-07-16T13:00:00.000Z,2.30883,2.31036,2.30542,2.30672,26824
2026-07-16T17:00:00.000Z,2.3067,2.30768,2.30537,2.30673,14496
2026-07-16T21:00:00.000Z,2.30576,2.30781,2.30467,2.30515,7920
2026-07-17T01:00:00.000Z,2.30513,2.30807,2.30424,2.30674,15949
2026-07-17T05:00:00.000Z,2.30674,2.30742,2.30268,2.30588,21098
2026-07-17T09:00:00.000Z,2.3059,2.30689,2.30194,2.30503,22051
2026-07-17T13:00:00.000Z,2.30498,2.3053,2.29935,2.30196,27657
2026-07-17T17:00:00.000Z,2.30197,2.30371,2.30129,2.30243,13873
2026-07-19T21:00:00.000Z,2.30477,2.30638,2.30126,2.30262,11135
2026-07-20T01:00:00.000Z,2.30258,2.30343,2.29733,2.29852,15375
2026-07-20T05:00:00.000Z,2.2985,2.30194,2.29815,2.30067,17886
2026-07-20T09:00:00.000Z,2.30065,2.30221,2.29783,2.29858,19481
2026-07-20T13:00:00.000Z,2.29862,2.30089,2.29421,2.2959,22435
2026-07-20T17:00:00.000Z,2.29592,2.30043,2.29563,2.3,13608
2026-07-20T21:00:00.000Z,2.29734,2.30048,2.2907,2.29177,9773
2026-07-21T01:00:00.000Z,2.29176,2.2924,2.28801,2.29181,14583
2026-07-21T05:00:00.000Z,2.29181,2.29677,2.29131,2.29193,15806
2026-07-21T09:00:00.000Z,2.29197,2.29318,2.29023,2.29261,17093
2026-07-21T13:00:00.000Z,2.29268,2.29748,2.2924,2.29401,22802
2026-07-21T17:00:00.000Z,2.29404,2.29638,2.29368,2.2951,11570
2026-07-21T21:00:00.000Z,2.29228,2.29774,2.29099,2.29491,9388
2026-07-22T01:00:00.000Z,2.29487,2.29771,2.29448,2.29694,13432
2026-07-22T05:00:00.000Z,2.29697,2.30081,2.29637,2.29864,19184
2026-07-22T09:00:00.000Z,2.29858,2.29943,2.29672,2.29799,18610
2026-07-22T13:00:00.000Z,2.29795,2.30124,2.29737,2.29861,22465
2026-07-22T17:00:00.000Z,2.29853,2.30011,2.29796,2.29958,12514
2026-07-22T21:00:00.000Z,2.2968,2.30134,2.29582,2.30011,7935
2026-07-23T01:00:00.000Z,2.30001,2.30292,2.29895,2.30089,16180
2026-07-23T05:00:00.000Z,2.30088,2.30661,2.29856,2.30625,18261
2026-07-23T09:00:00.000Z,2.30629,2.31067,2.30514,2.309,20729
2026-07-23T13:00:00.000Z,2.30906,2.3104,2.30474,2.30632,31293
2026-07-23T17:00:00.000Z,2.30628,2.30821,2.30588,2.30687,15235
2026-07-23T21:00:00.000Z,2.30602,2.30753,2.30334,2.30365,8933
2026-07-24T01:00:00.000Z,2.3037,2.30528,2.30255,2.30498,16547
2026-07-24T05:00:00.000Z,2.30488,2.30505,2.30216,2.30235,18983
2026-07-24T09:00:00.000Z,2.30239,2.30355,2.30085,2.30284,19050
2026-07-24T13:00:00.000Z,2.30288,2.30512,2.29939,2.29984,24188
2026-07-24T17:00:00.000Z,2.29982,2.30201,2.29981,2.30118,12962
2026-07-26T21:00:00.000Z,2.29415,2.30331,2.29377,2.30101,12961
2026-07-27T01:00:00.000Z,2.30103,2.30647,2.30044,2.30287,16171
2026-07-27T05:00:00.000Z,2.30282,2.30289,2.29804,2.29971,20167
2026-07-27T09:00:00.000Z,2.29967,2.30062,2.29715,2.29974,19482
2026-07-27T13:00:00.000Z,2.29968,2.30294,2.29883,2.30075,26748
2026-07-27T17:00:00.000Z,2.30073,2.3019,2.2999,2.30081,15020
2026-07-27T21:00:00.000Z,2.29995,2.30409,2.29706,2.30235,9524
2026-07-28T01:00:00.000Z,2.30232,2.30549,2.30184,2.30533,14564
2026-07-28T05:00:00.000Z,2.30531,2.30589,2.30225,2.30417,18152
2026-07-28T09:00:00.000Z,2.30419,2.30437,2.3008,2.30359,17834
2026-07-28T13:00:00.000Z,2.3036,2.3042,2.29479,2.29578,25200
2026-07-28T17:00:00.000Z,2.2958,2.29735,2.29518,2.29582,13433
2026-07-28T21:00:00.000Z,2.29604,2.29903,2.29238,2.29877,9848
2026-07-29T01:00:00.000Z,2.29873,2.30089,2.29606,2.29766,17356
2026-07-29T05:00:00.000Z,2.2976,2.30128,2.29573,2.30032,17727
2026-07-29T09:00:00.000Z,2.30032,2.30191,2.29891,2.29972,19398
2026-07-29T13:00:00.000Z,2.29968,2.30485,2.29762,2.30445,23102
2026-07-29T17:00:00.000Z,2.30447,2.30623,2.29467,2.3058,32712
2026-07-29T21:00:00.000Z,2.30445,2.3066,2.29966,2.30297,12847
2026-07-30T01:00:00.000Z,2.30294,2.30294,2.29676,2.29835,15068
2026-07-30T05:00:00.000Z,2.29831,2.29988,2.29469,2.29501,22456
2026-07-30T09:00:00.000Z,2.29503,2.29609,2.29056,2.2915,26880
2026-07-30T13:00:00.000Z,2.29153,2.29194,2.28547,2.29084,37568
2026-07-30T17:00:00.000Z,2.29079,2.29191,2.28969,2.28979,18836
2026-07-30T21:00:00.000Z,2.29188,2.29239,2.28906,2.29213,10964
2026-07-31T01:00:00.000Z,2.29214,2.29435,2.28992,2.29143,17732
2026-07-31T05:00:00.000Z,2.29139,2.29224,2.28623,2.28698,22705
2026-07-31T09:00:00.000Z,2.28689,2.29192,2.28647,2.29076,23598
2026-07-31T13:00:00.000Z,2.29074,2.29269,2.28626,2.29038,32798
2026-07-31T17:00:00.000Z,2.29038,2.29054,2.28739,2.28867,23614
2026-08-02T21:00:00.000Z,2.28499,2.28845,2.28267,2.28666,16563
2026-08-03T01:00:00.000Z,2.28664,2.29108,2.28567,2.29085,17431
2026-08-03T05:00:00.000Z,2.29083,2.29273,2.28898,2.2921,19780
2026-08-03T09:00:00.000Z,2.29202,2.2961,2.29176,2.29352,19502
2026-08-03T13:00:00.000Z,2.29351,2.29497,2.28811,2.28855,24877
2026-08-03T17:00:00.000Z,2.28852,2.29016,2.28678,2.28735,14309
2026-08-03T21:00:00.000Z,2.28694,2.2893,2.28256,2.28815,9370
2026-08-04T01:00:00.000Z,2.28811,2.28952,2.28723,2.28791,16236
2026-08-04T05:00:00.000Z,2.28797,2.28988,2.28768,2.28966,18140
2026-08-04T09:00:00.000Z,2.28968,2.29011,2.28293,2.28391,20390
2026-08-04T13:00:00.000Z,2.28391,2.28622,2.28179,2.28404,22368
2026-08-04T17:00:00.000Z,2.28405,2.28405,2.28117,2.28157,15868
2026-08-04T21:00:00.000Z,2.28116,2.29029,2.27801,2.28849,10136
2026-08-05T01:00:00.000Z,2.28855,2.29243,2.28778,2.29145,15649
2026-08-05T05:00:00.000Z,2.29144,2.29635,2.29096,2.29608,19484
2026-08-05T09:00:00.000Z,2.2961,2.29747,2.29407,2.29551,19655
2026-08-05T13:00:00.000Z,2.29547,2.29555,2.28845,2.2894,26036
2026-08-05T17:00:00.000Z,2.28934,2.28942,2.28585,2.28698,14383
2026-08-05T21:00:00.000Z,2.28602,2.28983,2.28323,2.28923,9518
2026-08-06T01:00:00.000Z,2.28922,2.28995,2.28502,2.28892,14410
2026-08-06T05:00:00.000Z,2.28888,2.29268,2.28878,2.29044,17739
2026-08-06T09:00:00.000Z,2.29044,2.29107,2.28743,2.29098,18749
2026-08-06T13:00:00.000Z,2.29102,2.29473,2.2899,2.29326,23967
2026-08-06T17:00:00.000Z,2.29328,2.29388,2.29064,2.29198,14142
2026-08-06T21:00:00.000Z,2.29021,2.29402,2.28891,2.29259,7193
2026-08-07T01:00:00.000Z,2.29257,2.2947,2.29186,2.29409,12775
2026-08-07T05:00:00.000Z,2.29411,2.29452,2.28945,2.28945,16946
2026-08-07T09:00:00.000Z,2.28946,2.29135,2.28639,2.28898,20419
2026-08-07T13:00:00.000Z,2.28898,2.29344,2.28857,2.29066,28369
2026-08-07T17:00:00.000Z,2.2907,2.29091,2.28781,2.28932,15545
2026-08-09T21:00:00.000Z,2.28808,2.29287,2.28358,2.29236,10566
2026-08-10T01:00:00.000Z,2.29233,2.29364,2.29041,2.29125,12273
2026-08-10T05:00:00.000Z,2.29123,2.29223,2.28897,2.29045,17165
2026-08-10T09:00:00.000Z,2.29041,2.29382,2.28901,2.29338,18064
2026-08-10T13:00:00.000Z,2.2934,2.29684,2.29312,2.29595,21272
2026-08-10T17:00:00.000Z,2.29593,2.29673,2.29561,2.29623,12189
2026-08-10T21:00:00.000Z,2.29389,2.29647,2.29244,2.29573,6172
2026-08-11T01:00:00.000Z,2.29573,2.29643,2.29229,2.29284,12262
2026-08-11T05:00:00.000Z,2.29273,2.30042,2.2919,2.29951,18100
2026-08-11T09:00:00.000Z,2.29951,2.29993,2.2939,2.2946,19339
2026-08-11T13:00:00.000Z,2.29462,2.29826,2.29302,2.29587,21248
2026-08-11T17:00:00.000Z,2.29584,2.29718,2.2952,2.29683,12151
2026-08-11T21:00:00.000Z,2.29496,2.29914,2.29336,2.29851,6296
2026-08-12T01:00:00.000Z,2.29845,2.30233,2.29792,2.30175,11312
2026-08-12T05:00:00.000Z,2.30173,2.30506,2.30128,2.30504,13984
2026-08-12T09:00:00.000Z,2.30506,2.30825,2.29953,2.30138,22015
2026-08-12T13:00:00.000Z,2.30138,2.30473,2.29954,2.30434,25720
2026-08-12T17:00:00.000Z,2.3043,2.30462,2.30246,2.30334,13092
2026-08-12T21:00:00.000Z,2.30128,2.30412,2.29903,2.30325,7419
2026-08-13T01:00:00.000Z,2.30329,2.31488,2.30292,2.31407,14045
2026-08-13T05:00:00.000Z,2.31404,2.31485,2.3097,2.3104,17446
2026-08-13T09:00:00.000Z,2.31044,2.31044,2.30641,2.30729,17723
2026-08-13T13:00:00.000Z,2.30731,2.30993,2.30545,2.30596,24071
2026-08-13T17:00:00.000Z,2.30596,2.30614,2.30457,2.30473,11314
2026-08-13T21:00:00.000Z,2.30393,2.30562,2.30309,2.30349,7699
2026-08-14T01:00:00.000Z,2.30347,2.30486,2.29976,2.30067,13559
2026-08-14T05:00:00.000Z,2.30069,2.30156,2.29947,2.30102,16303
2026-08-14T09:00:00.000Z,2.30097,2.30123,2.2974,2.29863,18161
2026-08-14T13:00:00.000Z,2.29863,2.30055,2.29751,2.29876,24952
2026-08-14T17:00:00.000Z,2.2988,2.29947,2.29693,2.29748,11218
2026-08-16T21:00:00.000Z,2.29482,2.29975,2.29366,2.29382,9454
2026-08-17T01:00:00.000Z,2.29383,2.2954,2.29292,2.29317,14078
2026-08-17T05:00:00.000Z,2.29318,2.2932,2.28876,2.28919,19747
2026-08-17T09:00:00.000Z,2.28924,2.2927,2.28862,2.29165,18473
2026-08-17T13:00:00.000Z,2.29163,2.29535,2.29077,2.29491,21394
2026-08-17T17:00:00.000Z,2.29487,2.29621,2.2934,2.29463,12594
2026-08-17T21:00:00.000Z,2.29349,2.29582,2.29177,2.29512,8377
2026-08-18T01:00:00.000Z,2.29513,2.30189,2.2938,2.30107,15531
2026-08-18T05:00:00.000Z,2.30105,2.30337,2.30029,2.30211,17830
2026-08-18T09:00:00.000Z,2.30207,2.30234,2.29779,2.29819,18113
2026-08-18T13:00:00.000Z,2.29819,2.30525,2.29743,2.30424,23750
2026-08-18T17:00:00.000Z,2.30419,2.3051,2.30331,2.30338,11928
2026-08-18T21:00:00.000Z,2.30019,2.30819,2.29816,2.30811,9982
2026-08-19T01:00:00.000Z,2.30811,2.30842,2.30393,2.30629,16977
2026-08-19T05:00:00.000Z,2.30633,2.30939,2.30531,2.30622,19895
2026-08-19T09:00:00.000Z,2.30621,2.30635,2.30199,2.30371,22081
2026-08-19T13:00:00.000Z,2.30379,2.30403,2.29313,2.29389,33057
2026-08-19T17:00:00.000Z,2.29392,2.29461,2.2914,2.29186,18866
2026-08-19T21:00:00.000Z,2.29153,2.29389,2.28977,2.29097,10392
2026-08-20T01:00:00.000Z,2.29095,2.29288,2.28516,2.28649,19367
2026-08-20T05:00:00.000Z,2.28652,2.29056,2.28492,2.29,21773
2026-08-20T09:00:00.000Z,2.29003,2.2933,2.28767,2.29143,23977
2026-08-20T13:00:00.000Z,2.29141,2.29455,2.28917,2.29389,32737
2026-08-20T17:00:00.000Z,2.29387,2.29433,2.29297,2.29314,13863
2026-08-20T21:00:00.000Z,2.2921,2.29372,2.28897,2.28967,9023
2026-08-21T01:00:00.000Z,2.28969,2.2899,2.28493,2.28641,16729
2026-08-21T05:00:00.000Z,2.28637,2.2873,2.28339,2.28542,20546
2026-08-21T09:00:00.000Z,2.28546,2.28633,2.28013,2.28035,24191
2026-08-21T13:00:00.000Z,2.2804,2.28257,2.27968,2.28075,27066
2026-08-21T17:00:00.000Z,2.28078,2.28249,2.28054,2.28188,12936
2026-08-23T21:00:00.000Z,2.27923,2.28584,2.27658,2.28256,10951
2026-08-24T01:00:00.000Z,2.28254,2.28566,2.28229,2.28391,17932
2026-08-24T05:00:00.000Z,2.28389,2.2859,2.28259,2.28295,21835
2026-08-24T09:00:00.000Z,2.28297,2.28774,2.28275,2.28719,21639
2026-08-24T13:00:00.000Z,2.28717,2.28919,2.28545,2.28846,24789
2026-08-24T17:00:00.000Z,2.28845,2.28946,2.28697,2.287,12536
2026-08-24T21:00:00.000Z,2.28711,2.28796,2.28537,2.28673,7163
2026-08-25T01:00:00.000Z,2.28671,2.28825,2.28516,2.28749,13953
2026-08-25T05:00:00.000Z,2.2875,2.29236,2.28704,2.29087,17647
2026-08-25T09:00:00.000Z,2.29087,2.29132,2.28401,2.28581,19999
2026-08-25T13:00:00.000Z,2.28581,2.28756,2.28263,2.28399,23256
2026-08-25T17:00:00.000Z,2.28395,2.28508,2.28225,2.28297,11110
2026-08-25T21:00:00.000Z,2.28307,2.28444,2.27986,2.28358,8042
2026-08-26T01:00:00.000Z,2.28357,2.29018,2.28126,2.28969,14196
2026-08-26T05:00:00.000Z,2.28973,2.29272,2.28744,2.28808,16314
2026-08-26T09:00:00.000Z,2.2881,2.289,2.28389,2.28839,16576
2026-08-26T13:00:00.000Z,2.28845,2.29022,2.28708,2.28816,23489
2026-08-26T17:00:00.000Z,2.28818,2.28833,2.28634,2.28714,10362
2026-08-26T21:00:00.000Z,2.28402,2.28732,2.28179,2.28499,11343
2026-08-27T01:00:00.000Z,2.28498,2.28587,2.28206,2.28284,12905
2026-08-27T05:00:00.000Z,2.28286,2.28722,2.2827,2.28513,16941
2026-08-27T09:00:00.000Z,2.28514,2.28648,2.27902,2.28231,19486
2026-08-27T13:00:00.000Z,2.28227,2.28531,2.28213,2.28375,23251
2026-08-27T17:00:00.000Z,2.28377,2.28445,2.28318,2.28392,10333
2026-08-27T21:00:00.000Z,2.28206,2.28459,2.28079,2.28271,6414
2026-08-28T01:00:00.000Z,2.28271,2.28298,2.27824,2.2805,10751
2026-08-28T05:00:00.000Z,2.2805,2.2833,2.27926,2.2833,16330
2026-08-28T09:00:00.000Z,2.28328,2.28543,2.28212,2.28308,16586
2026-08-28T13:00:00.000Z,2.28308,2.29248,2.27922,2.29078,34235
2026-08-28T17:00:00.000Z,2.29073,2.29084,2.28818,2.28856,14368
2026-08-30T21:00:00.000Z,2.28152,2.28994,2.28152,2.2899,10410
2026-08-31T01:00:00.000Z,2.28988,2.29435,2.28721,2.288,16509
2026-08-31T05:00:00.000Z,2.28802,2.29061,2.28798,2.28923,18235
2026-08-31T09:00:00.000Z,2.28926,2.2907,2.28805,2.28929,17213
2026-08-31T13:00:00.000Z,2.28931,2.29306,2.28659,2.28904,23651
2026-08-31T17:00:00.000Z,2.28903,2.29039,2.28887,2.28989,9969
2026-08-31T21:00:00.000Z,2.28946,2.2905,2.28606,2.28907,9234
2026-09-01T01:00:00.000Z,2.28905,2.29264,2.28895,2.29221,14984
2026-09-01T05:00:00.000Z,2.29225,2.29712,2.29035,2.29709,19742
2026-09-01T09:00:00.000Z,2.29711,2.29836,2.29209,2.29212,21306
2026-09-01T13:00:00.000Z,2.29206,2.29492,2.28801,2.29361,25264
2026-09-01T17:00:00.000Z,2.29362,2.29457,2.29285,2.29394,13320
2026-09-01T21:00:00.000Z,2.29169,2.29425,2.29071,2.29246,8899
2026-09-02T01:00:00.000Z,2.29241,2.31517,2.28775,2.31509,17910
2026-09-02T05:00:00.000Z,2.31503,2.32418,2.30906,2.32406,23338
2026-09-02T09:00:00.000Z,2.32405,2.32469,2.31099,2.31476,23558
2026-09-02T13:00:00.000Z,2.31482,2.31648,2.30754,2.30829,29833
2026-09-02T17:00:00.000Z,2.30832,2.30878,2.30407,2.30474,14549
2026-09-02T21:00:00.000Z,2.30475,2.30692,2.30247,2.30387,8665
2026-09-03T01:00:00.000Z,2.30386,2.30412,2.29955,2.30076,18025
2026-09-03T05:00:00.000Z,2.30066,2.30567,2.30044,2.30219,25720
2026-09-03T09:00:00.000Z,2.30223,2.30274,2.29641,2.29874,27888
2026-09-03T13:00:00.000Z,2.29874,2.30214,2.29841,2.29985,31295
2026-09-03T17:00:00.000Z,2.29986,2.30122,2.29902,2.29936,14134
2026-09-03T21:00:00.000Z,2.29976,2.3007,2.2948,2.29673,9785
2026-09-04T01:00:00.000Z,2.29676,2.29754,2.29315,2.29495,15564
2026-09-04T05:00:00.000Z,2.29494,2.30155,2.29389,2.30054,18754
2026-09-04T09:00:00.000Z,2.3006,2.30264,2.29389,2.29996,23833
2026-09-04T13:00:00.000Z,2.29997,2.30062,2.29464,2.2955,32561
2026-09-04T17:00:00.000Z,2.29547,2.29842,2.2954,2.29804,13954
2026-09-06T21:00:00.000Z,2.29619,2.29964,2.29559,2.29919,8537
2026-09-07T01:00:00.000Z,2.29915,2.30263,2.29898,2.29961,12709
2026-09-07T05:00:00.000Z,2.29965,2.3037,2.29925,2.30102,19927
2026-09-07T09:00:00.000Z,2.30102,2.30357,2.30012,2.30306,16131
2026-09-07T13:00:00.000Z,2.3031,2.3042,2.30076,2.30403,13124
2026-09-07T17:00:00.000Z,2.30405,2.30431,2.30323,2.30331,3874
2026-09-07T21:00:00.000Z,2.30263,2.30411,2.29755,2.30358,9834
2026-09-08T01:00:00.000Z,2.30357,2.31381,2.3033,2.31085,15989
2026-09-08T05:00:00.000Z,2.31085,2.31813,2.30924,2.31604,21093
2026-09-08T09:00:00.000Z,2.31608,2.31971,2.31285,2.31497,21996
2026-09-08T13:00:00.000Z,2.315,2.31529,2.3116,2.31238,23715
2026-09-08T17:00:00.000Z,2.3124,2.3132,2.31067,2.313,13825
2026-09-08T21:00:00.000Z,2.31249,2.31274,2.30652,2.31097,9794
2026-09-09T01:00:00.000Z,2.31097,2.31447,2.31012,2.31367,13702
2026-09-09T05:00:00.000Z,2.31364,2.31751,2.31204,2.3171,19392
2026-09-09T09:00:00.000Z,2.31714,2.32116,2.31437,2.31506,20542
2026-09-09T13:00:00.000Z,2.31497,2.32064,2.31399,2.31979,28161
2026-09-09T17:00:00.000Z,2.31977,2.3213,2.31956,2.32013,13663
2026-09-09T21:00:00.000Z,2.3198,2.32079,2.31492,2.31743,9491
2026-09-10T01:00:00.000Z,2.31745,2.31839,2.31544,2.3167,12420