time,open,high,low,close,volume
2023-09-10T21:00:00.000Z,0.58908,0.59054,0.58782,0.59006,9316
2023-09-11T01:00:00.000Z,0.59008,0.59314,0.58971,0.59297,17295
2023-09-11T05:00:00.000Z,0.59297,0.59332,0.5919,0.59226,15541
2023-09-11T09:00:00.000Z,0.59226,0.59275,0.59105,0.59219,12604
2023-09-11T13:00:00.000Z,0.59218,0.59347,0.59156,0.59211,18667
2023-09-11T17:00:00.000Z,0.59211,0.59217,0.5915,0.59197,7617
2023-09-11T21:00:00.000Z,0.5905,0.59218,0.5905,0.59084,6337
2023-09-12T01:00:00.000Z,0.59084,0.59214,0.59057,0.59098,14277
2023-09-12T05:00:00.000Z,0.59098,0.59184,0.59017,0.59051,16849
2023-09-12T09:00:00.000Z,0.5905,0.59084,0.58923,0.58965,14611
2023-09-12T13:00:00.000Z,0.58965,0.59067,0.58887,0.58991,16858
2023-09-12T17:00:00.000Z,0.5899,0.59074,0.58975,0.59048,9135
2023-09-12T21:00:00.000Z,0.58956,0.59135,0.58956,0.59082,6384
2023-09-13T01:00:00.000Z,0.59083,0.59132,0.58863,0.58972,12254
2023-09-13T05:00:00.000Z,0.58973,0.59085,0.58905,0.59078,16338
2023-09-13T09:00:00.000Z,0.59077,0.59204,0.58795,0.59091,22258
2023-09-13T13:00:00.000Z,0.59091,0.59266,0.59023,0.592,24584
2023-09-13T17:00:00.000Z,0.59199,0.59247,0.59038,0.59174,9830
2023-09-13T21:00:00.000Z,0.59132,0.59367,0.59131,0.59351,5080
2023-09-14T01:00:00.000Z,0.59353,0.59443,0.59183,0.59286,12573
2023-09-14T05:00:00.000Z,0.59286,0.59385,0.59173,0.59232,13201
2023-09-14T09:00:00.000Z,0.59231,0.59338,0.5901,0.59178,21846
2023-09-14T13:00:00.000Z,0.5918,0.59346,0.5903,0.59221,25950
2023-09-14T17:00:00.000Z,0.5922,0.59231,0.59062,0.59117,10278
2023-09-14T21:00:00.000Z,0.59113,0.59178,0.59015,0.5912,5608
2023-09-15T01:00:00.000Z,0.59121,0.59358,0.5908,0.59347,13282
2023-09-15T05:00:00.000Z,0.59348,0.59369,0.59126,0.59134,16240
2023-09-15T09:00:00.000Z,0.59133,0.59193,0.59005,0.5901,15012
2023-09-15T13:00:00.000Z,0.5901,0.59174,0.58956,0.59038,22383
2023-09-15T17:00:00.000Z,0.59037,0.59057,0.58924,0.58991,8111
2023-09-17T21:00:00.000Z,0.58955,0.59143,0.58949,0.59142,3856
2023-09-18T01:00:00.000Z,0.59144,0.59191,0.59014,0.59142,9261
2023-09-18T05:00:00.000Z,0.59144,0.59195,0.58984,0.59079,11520
2023-09-18T09:00:00.000Z,0.59078,0.59113,0.58986,0.58998,9523
2023-09-18T13:00:00.000Z,0.58999,0.59209,0.58943,0.59155,16670
2023-09-18T17:00:00.000Z,0.59156,0.59188,0.59101,0.59169,6662
2023-09-18T21:00:00.000Z,0.59007,0.59268,0.58995,0.5917,5515
2023-09-19T01:00:00.000Z,0.59172,0.59225,0.59114,0.59212,9354
2023-09-19T05:00:00.000Z,0.59212,0.59409,0.59125,0.5934,13609
2023-09-19T09:00:00.000Z,0.59339,0.59476,0.59292,0.5942,12573
2023-09-19T13:00:00.000Z,0.59414,0.59438,0.59239,0.59271,17810
2023-09-19T17:00:00.000Z,0.59272,0.59346,0.59267,0.59337,8453
2023-09-19T21:00:00.000Z,0.59305,0.59534,0.59292,0.59404,6699
2023-09-20T01:00:00.000Z,0.59406,0.59465,0.59323,0.59369,9346
2023-09-20T05:00:00.000Z,0.59368,0.5944,0.59332,0.5943,15270
2023-09-20T09:00:00.000Z,0.5943,0.59678,0.59401,0.59616,12182
2023-09-20T13:00:00.000Z,0.59617,0.59851,0.59606,0.59837,16664
2023-09-20T17:00:00.000Z,0.59839,0.59839,0.59202,0.59287,26098
2023-09-20T21:00:00.000Z,0.59247,0.59511,0.59084,0.59112,10443
2023-09-21T01:00:00.000Z,0.59111,0.59201,0.59024,0.59043,9629
2023-09-21T05:00:00.000Z,0.59046,0.59202,0.59015,0.59128,15420
2023-09-21T09:00:00.000Z,0.59128,0.59249,0.5895,0.59092,19131
2023-09-21T13:00:00.000Z,0.59092,0.59366,0.5905,0.59302,23041
2023-09-21T17:00:00.000Z,0.59303,0.59412,0.59272,0.5931,9071
2023-09-21T21:00:00.000Z,0.59243,0.59387,0.59205,0.59259,5912
2023-09-22T01:00:00.000Z,0.59259,0.59379,0.59189,0.59365,11801
2023-09-22T05:00:00.000Z,0.59368,0.59573,0.59325,0.59546,19717
2023-09-22T09:00:00.000Z,0.59547,0.59814,0.59529,0.598,13335
2023-09-22T13:00:00.000Z,0.59801,0.59885,0.59696,0.59713,18234
2023-09-22T17:00:00.000Z,0.59713,0.59739,0.59584,0.59603,7681
2023-09-24T21:00:00.000Z,0.59576,0.59622,0.59542,0.59603,8091
2023-09-25T01:00:00.000Z,0.59603,0.59638,0.59448,0.59497,8753
2023-09-25T05:00:00.000Z,0.59497,0.59548,0.59428,0.59483,15548
2023-09-25T09:00:00.000Z,0.59482,0.59737,0.59462,0.59656,15407
2023-09-25T13:00:00.000Z,0.59656,0.59722,0.59517,0.59633,19947
2023-09-25T17:00:00.000Z,0.59634,0.59706,0.59576,0.59669,8263
2023-09-25T21:00:00.000Z,0.59599,0.59694,0.59598,0.59646,6470
2023-09-26T01:00:00.000Z,0.59648,0.59733,0.59612,0.59633,13203
2023-09-26T05:00:00.000Z,0.59632,0.59653,0.59359,0.59593,17188
2023-09-26T09:00:00.000Z,0.59591,0.59688,0.59541,0.5968,15641
2023-09-26T13:00:00.000Z,0.59682,0.59691,0.59471,0.59542,22013
2023-09-26T17:00:00.000Z,0.59541,0.5958,0.59414,0.59444,9027
2023-09-26T21:00:00.000Z,0.59443,0.59537,0.59412,0.5944,5749
2023-09-27T01:00:00.000Z,0.59439,0.59564,0.59225,0.59286,14090
2023-09-27T05:00:00.000Z,0.59287,0.5944,0.59225,0.59413,14531
2023-09-27T09:00:00.000Z,0.59414,0.59424,0.59201,0.59304,15147
2023-09-27T13:00:00.000Z,0.59304,0.59416,0.59171,0.59178,20943
2023-09-27T17:00:00.000Z,0.59177,0.59301,0.58993,0.59229,14623
2023-09-27T21:00:00.000Z,0.59232,0.59298,0.59111,0.59292,6721
2023-09-28T01:00:00.000Z,0.59293,0.59455,0.59272,0.59395,11310
2023-09-28T05:00:00.000Z,0.59397,0.5947,0.59336,0.59439,15467
2023-09-28T09:00:00.000Z,0.59439,0.59641,0.59349,0.59376,18364
2023-09-28T13:00:00.000Z,0.59373,0.59728,0.59364,0.5964,29018
2023-09-28T17:00:00.000Z,0.59641,0.59691,0.59561,0.59621,13410
2023-09-28T21:00:00.000Z,0.59611,0.59701,0.59562,0.59657,6179
2023-09-29T01:00:00.000Z,0.59656,0.60063,0.59645,0.60032,12699
2023-09-29T05:00:00.000Z,0.60032,0.60351,0.59994,0.60288,16867
2023-09-29T09:00:00.000Z,0.60287,0.60486,0.60217,0.60346,17307
2023-09-29T13:00:00.000Z,0.60347,0.60371,0.6002,0.6004,28178
2023-09-29T17:00:00.000Z,0.60037,0.60037,0.59874,0.59978,14044
2023-10-01T21:00:00.000Z,0.59833,0.6,0.59814,0.59909,8187
2023-10-02T01:00:00.000Z,0.59907,0.59964,0.59872,0.59877,9576
2023-10-02T05:00:00.000Z,0.59878,0.60077,0.59771,0.59807,15191
2023-10-02T09:00:00.000Z,0.59805,0.59821,0.59655,0.59662,17175
2023-10-02T13:00:00.000Z,0.59659,0.59705,0.59449,0.59456,29238
2023-10-02T17:00:00.000Z,0.59454,0.59567,0.59427,0.59474,10337
2023-10-02T21:00:00.000Z,0.59449,0.59543,0.59337,0.5938,7350
2023-10-03T01:00:00.000Z,0.59381,0.59385,0.59067,0.59094,12192
2023-10-03T05:00:00.000Z,0.5909,0.592,0.5903,0.59118,17417
2023-10-03T09:00:00.000Z,0.59122,0.59122,0.58876,0.58972,18103
2023-10-03T13:00:00.000Z,0.58976,0.5917,0.58872,0.58999,34436
2023-10-03T17:00:00.000Z,0.58998,0.59105,0.58899,0.59086,12741
2023-10-03T21:00:00.000Z,0.5899,0.59207,0.5899,0.59203,7293
2023-10-04T01:00:00.000Z,0.59202,0.59214,0.58706,0.59015,14119
2023-10-04T05:00:00.000Z,0.59016,0.5905,0.58804,0.59004,18564
2023-10-04T09:00:00.000Z,0.59008,0.59208,0.58924,0.5917,21676
2023-10-04T13:00:00.000Z,0.59171,0.59247,0.58858,0.59165,28791
2023-10-04T17:00:00.000Z,0.59166,0.59209,0.59044,0.59121,13222
2023-10-04T21:00:00.000Z,0.59089,0.59325,0.59074,0.5932,8101
2023-10-05T01:00:00.000Z,0.59318,0.59502,0.59283,0.59487,14140
2023-10-05T05:00:00.000Z,0.59487,0.5949,0.59201,0.5923,18649
2023-10-05T09:00:00.000Z,0.59229,0.59448,0.59212,0.59395,20144
2023-10-05T13:00:00.000Z,0.59395,0.59602,0.5935,0.59576,29756
2023-10-05T17:00:00.000Z,0.59575,0.59675,0.59531,0.59649,11403
2023-10-05T21:00:00.000Z,0.59646,0.59708,0.59589,0.59651,5944
2023-10-06T01:00:00.000Z,0.5965,0.59696,0.59565,0.59576,10965
2023-10-06T05:00:00.000Z,0.59576,0.59676,0.59499,0.59622,15306
2023-10-06T09:00:00.000Z,0.59622,0.59704,0.5923,0.59333,21621
2023-10-06T13:00:00.000Z,0.59335,0.59997,0.59295,0.59824,36451
2023-10-06T17:00:00.000Z,0.59822,0.60033,0.59812,0.59884,10961
2023-10-08T21:00:00.000Z,0.59676,0.59848,0.59615,0.59848,13505
2023-10-09T01:00:00.000Z,0.59849,0.59886,0.5964,0.59652,12489
2023-10-09T05:00:00.000Z,0.59654,0.59799,0.59601,0.5973,22502
2023-10-09T09:00:00.000Z,0.59731,0.59853,0.59726,0.59841,18578
2023-10-09T13:00:00.000Z,0.59841,0.60084,0.5984,0.60004,24262
2023-10-09T17:00:00.000Z,0.60004,0.60275,0.59986,0.60219,12656
2023-10-09T21:00:00.000Z,0.60041,0.60379,0.60041,0.60287,10041
2023-10-10T01:00:00.000Z,0.60287,0.60414,0.60148,0.60158,15500
2023-10-10T05:00:00.000Z,0.60158,0.60245,0.59987,0.60207,28802
2023-10-10T09:00:00.000Z,0.60207,0.60232,0.59982,0.60112,27458
2023-10-10T13:00:00.000Z,0.60111,0.60434,0.60047,0.60409,28484
2023-10-10T17:00:00.000Z,0.6041,0.60484,0.60273,0.60453,14934
2023-10-10T21:00:00.000Z,0.60446,0.60551,0.60361,0.60478,6325
2023-10-11T01:00:00.000Z,0.6048,0.60493,0.60213,0.60249,15008
2023-10-11T05:00:00.000Z,0.6025,0.60367,0.60173,0.60224,24964
2023-10-11T09:00:00.000Z,0.60224,0.60268,0.60068,0.60257,26786
2023-10-11T13:00:00.000Z,0.60258,0.60327,0.60135,0.60193,33728
2023-10-11T17:00:00.000Z,0.60194,0.60225,0.60063,0.60195,15468
2023-10-11T21:00:00.000Z,0.60097,0.60213,0.60097,0.60186,8006
2023-10-12T01:00:00.000Z,0.60186,0.60254,0.60065,0.60163,12927
2023-10-12T05:00:00.000Z,0.60164,0.60173,0.59954,0.60021,18901
2023-10-12T09:00:00.000Z,0.60024,0.60032,0.59726,0.59798,24178
2023-10-12T13:00:00.000Z,0.59799,0.59821,0.59334,0.59351,32906
2023-10-12T17:00:00.000Z,0.59349,0.5938,0.59247,0.5926,16416
2023-10-12T21:00:00.000Z,0.59262,0.59289,0.59197,0.5927,7509
2023-10-13T01:00:00.000Z,0.59268,0.59279,0.59122,0.59142,15181
2023-10-13T05:00:00.000Z,0.59141,0.59259,0.59103,0.59146,22027
2023-10-13T09:00:00.000Z,0.59144,0.59205,0.58978,0.59185,26792
2023-10-13T13:00:00.000Z,0.59185,0.5921,0.58866,0.58916,26139
2023-10-13T17:00:00.000Z,0.58918,0.58965,0.5883,0.58847,10009
2023-10-15T21:00:00.000Z,0.59118,0.59134,0.58987,0.59041,9077
2023-10-16T01:00:00.000Z,0.59044,0.59283,0.59039,0.59231,11765
2023-10-16T05:00:00.000Z,0.59231,0.59279,0.59147,0.59186,17666
2023-10-16T09:00:00.000Z,0.59185,0.59274,0.59131,0.59243,16428
2023-10-16T13:00:00.000Z,0.59244,0.59252,0.59061,0.59238,17896
2023-10-16T17:00:00.000Z,0.59239,0.59293,0.59215,0.59277,8073
2023-10-16T21:00:00.000Z,0.59264,0.59282,0.5896,0.59066,9409
2023-10-17T01:00:00.000Z,0.59066,0.59137,0.58984,0.59014,10439
2023-10-17T05:00:00.000Z,0.59015,0.59043,0.58797,0.5883,15243
2023-10-17T09:00:00.000Z,0.5883,0.59037,0.58708,0.58764,18830
2023-10-17T13:00:00.000Z,0.58761,0.5909,0.58714,0.59002,28196
2023-10-17T17:00:00.000Z,0.59002,0.59016,0.58871,0.58965,12048
2023-10-17T21:00:00.000Z,0.58937,0.58981,0.58797,0.58854,7727
2023-10-18T01:00:00.000Z,0.58854,0.59111,0.58835,0.59052,16488
2023-10-18T05:00:00.000Z,0.59054,0.59196,0.58961,0.5902,19626
2023-10-18T09:00:00.000Z,0.59019,0.59065,0.58774,0.5883,19684
2023-10-18T13:00:00.000Z,0.58831,0.58874,0.58508,0.58568,28473
2023-10-18T17:00:00.000Z,0.58568,0.58743,0.58532,0.58554,19768
2023-10-18T21:00:00.000Z,0.5853,0.58583,0.58417,0.58471,8381
2023-10-19T01:00:00.000Z,0.5847,0.58524,0.58241,0.5826,13891
2023-10-19T05:00:00.000Z,0.58259,0.58331,0.58173,0.58196,19719
2023-10-19T09:00:00.000Z,0.58197,0.5835,0.58154,0.58333,19264
2023-10-19T13:00:00.000Z,0.58334,0.58665,0.58281,0.58579,34887
2023-10-19T17:00:00.000Z,0.58583,0.58646,0.58406,0.58482,24344
2023-10-19T21:00:00.000Z,0.58461,0.58493,0.58276,0.58316,8005
2023-10-20T01:00:00.000Z,0.58315,0.5839,0.58206,0.58298,11157
2023-10-20T05:00:00.000Z,0.583,0.58352,0.58165,0.58325,17806
2023-10-20T09:00:00.000Z,0.58323,0.58359,0.58184,0.58236,15947
2023-10-20T13:00:00.000Z,0.58234,0.58362,0.58205,0.58304,26182
2023-10-20T17:00:00.000Z,0.58303,0.58354,0.58198,0.58271,14195
2023-10-22T21:00:00.000Z,0.58169,0.5832,0.58169,0.58224,7021
2023-10-23T01:00:00.000Z,0.58225,0.58298,0.58186,0.58218,8894
2023-10-23T05:00:00.000Z,0.58217,0.58334,0.58138,0.58153,14671
2023-10-23T09:00:00.000Z,0.58152,0.58292,0.58071,0.58193,16698
2023-10-23T13:00:00.000Z,0.58194,0.58516,0.58132,0.58514,25302
2023-10-23T17:00:00.000Z,0.58515,0.58576,0.58443,0.58451,12421
2023-10-23T21:00:00.000Z,0.58403,0.58545,0.58403,0.58533,7726
2023-10-24T01:00:00.000Z,0.58534,0.58649,0.58464,0.58564,12340
2023-10-24T05:00:00.000Z,0.58563,0.58721,0.58499,0.58574,17682
2023-10-24T09:00:00.000Z,0.58573,0.58586,0.58419,0.58489,17072
2023-10-24T13:00:00.000Z,0.58488,0.58489,0.58288,0.58332,26538
2023-10-24T17:00:00.000Z,0.58332,0.58455,0.58331,0.58441,11085
2023-10-24T21:00:00.000Z,0.58388,0.58601,0.58386,0.5859,9887
2023-10-25T01:00:00.000Z,0.58591,0.58695,0.5848,0.58544,11714
2023-10-25T05:00:00.000Z,0.58544,0.58584,0.58382,0.58402,15976
2023-10-25T09:00:00.000Z,0.58399,0.58418,0.58162,0.58191,15570
2023-10-25T13:00:00.000Z,0.5819,0.58297,0.58096,0.58149,26418
2023-10-25T17:00:00.000Z,0.58149,0.58166,0.58006,0.58011,13958
2023-10-25T21:00:00.000Z,0.58016,0.58038,0.57794,0.5782,9978
2023-10-26T01:00:00.000Z,0.57819,0.57911,0.5773,0.57798,14102
2023-10-26T05:00:00.000Z,0.57798,0.58068,0.57797,0.5804,19436
2023-10-26T09:00:00.000Z,0.5804,0.58186,0.57891,0.58182,19437
2023-10-26T13:00:00.000Z,0.58183,0.58289,0.58062,0.58091,28798
2023-10-26T17:00:00.000Z,0.58092,0.58293,0.58084,0.58195,15400
2023-10-26T21:00:00.000Z,0.58207,0.5831,0.58136,0.58236,9217
2023-10-27T01:00:00.000Z,0.58235,0.58318,0.58176,0.58231,13668
2023-10-27T05:00:00.000Z,0.5823,0.58271,0.58096,0.58257,15764
2023-10-27T09:00:00.000Z,0.58258,0.58359,0.58149,0.58292,16081
2023-10-27T13:00:00.000Z,0.58291,0.58438,0.58149,0.58159,26132
2023-10-27T17:00:00.000Z,0.58158,0.58166,0.58049,0.58092,15292
2023-10-29T21:00:00.000Z,0.58065,0.58174,0.58041,0.58163,8300
2023-10-30T01:00:00.000Z,0.58163,0.58282,0.58155,0.58281,10782
2023-10-30T05:00:00.000Z,0.58281,0.5834,0.58191,0.58232,13759
2023-10-30T09:00:00.000Z,0.58232,0.58382,0.58232,0.58339,16193
2023-10-30T13:00:00.000Z,0.58339,0.58435,0.58222,0.58312,24740
2023-10-30T17:00:00.000Z,0.58312,0.58447,0.58279,0.58439,9609
2023-10-30T21:00:00.000Z,0.58428,0.58452,0.58341,0.58374,6488
2023-10-31T01:00:00.000Z,0.58372,0.58458,0.58225,0.58253,17503
2023-10-31T05:00:00.000Z,0.58253,0.58529,0.58241,0.58525,16180
2023-10-31T09:00:00.000Z,0.58524,0.5857,0.58299,0.58301,18213
2023-10-31T13:00:00.000Z,0.58302,0.58308,0.58034,0.58102,28624
2023-10-31T17:00:00.000Z,0.58102,0.5826,0.58096,0.58241,11188
2023-10-31T21:00:00.000Z,0.58167,0.58312,0.57937,0.57994,9919
2023-11-01T01:00:00.000Z,0.57993,0.58087,0.57886,0.5805,13466
2023-11-01T05:00:00.000Z,0.58049,0.58223,0.58031,0.58177,15692
2023-11-01T09:00:00.000Z,0.58176,0.58391,0.58134,0.58302,19043
2023-11-01T13:00:00.000Z,0.58303,0.58582,0.58145,0.58258,27733
2023-11-01T17:00:00.000Z,0.58259,0.58571,0.58208,0.58465,27792
2023-11-01T21:00:00.000Z,0.58394,0.58918,0.58394,0.58917,10725
2023-11-02T01:00:00.000Z,0.58916,0.58961,0.58814,0.58821,16186
2023-11-02T05:00:00.000Z,0.5882,0.58909,0.5873,0.5887,16547
2023-11-02T09:00:00.000Z,0.5887,0.59167,0.58864,0.59157,19231
2023-11-02T13:00:00.000Z,0.59156,0.5916,0.58774,0.58808,26059
2023-11-02T17:00:00.000Z,0.58808,0.58979,0.58799,0.58971,10475
2023-11-02T21:00:00.000Z,0.58974,0.59005,0.58846,0.58876,6547
2023-11-03T01:00:00.000Z,0.58875,0.59004,0.5884,0.58988,12749
2023-11-03T05:00:00.000Z,0.5899,0.59135,0.58982,0.59085,10712
2023-11-03T09:00:00.000Z,0.59086,0.59832,0.59058,0.59715,18223
2023-11-03T13:00:00.000Z,0.59717,0.59994,0.59608,0.59955,34791
2023-11-03T17:00:00.000Z,0.59953,0.60003,0.59824,0.59935,10917
2023-11-05T22:00:00.000Z,0.59922,0.59974,0.59832,0.59883,11259
2023-11-06T02:00:00.000Z,0.59883,0.5998,0.5985,0.59969,10281
2023-11-06T06:00:00.000Z,0.59967,0.60015,0.59845,0.59857,17559
2023-11-06T10:00:00.000Z,0.59857,0.59888,0.59663,0.59716,13299
2023-11-06T14:00:00.000Z,0.59718,0.5982,0.59674,0.59757,17367
2023-11-06T18:00:00.000Z,0.59756,0.59788,0.59591,0.59636,9009
2023-11-06T22:00:00.000Z,0.59588,0.59649,0.59468,0.59507,9216
2023-11-07T02:00:00.000Z,0.59509,0.59658,0.59294,0.59329,14653
2023-11-07T06:00:00.000Z,0.59326,0.59339,0.59148,0.5918,16735
2023-11-07T10:00:00.000Z,0.5918,0.59264,0.59117,0.59202,15231
2023-11-07T14:00:00.000Z,0.59204,0.59343,0.59109,0.59205,18979
2023-11-07T18:00:00.000Z,0.59206,0.5942,0.59201,0.59343,9147
2023-11-07T22:00:00.000Z,0.59296,0.59368,0.59232,0.59281,9429
2023-11-08T02:00:00.000Z,0.5928,0.59417,0.59248,0.59313,12303
2023-11-08T06:00:00.000Z,0.59314,0.59397,0.59169,0.59212,16469
2023-11-08T10:00:00.000Z,0.59211,0.59342,0.59182,0.59252,14044
2023-11-08T14:00:00.000Z,0.59252,0.59323,0.59107,0.59203,20893
2023-11-08T18:00:00.000Z,0.59204,0.59252,0.59059,0.59115,9784
2023-11-08T22:00:00.000Z,0.59108,0.59235,0.59021,0.59197,8289
2023-11-09T02:00:00.000Z,0.59197,0.59298,0.59169,0.59237,9963
2023-11-09T06:00:00.000Z,0.59237,0.59366,0.59165,0.59319,14308
2023-11-09T10:00:00.000Z,0.59321,0.59378,0.59217,0.59357,14524
2023-11-09T14:00:00.000Z,0.59356,0.59545,0.59327,0.59386,19276
2023-11-09T18:00:00.000Z,0.5939,0.59397,0.58928,0.58939,20510
2023-11-09T22:00:00.000Z,0.58931,0.58993,0.58859,0.58966,9865
2023-11-10T02:00:00.000Z,0.58965,0.58967,0.58892,0.58937,9523
2023-11-10T06:00:00.000Z,0.58936,0.59044,0.5886,0.58907,15171
2023-11-10T10:00:00.000Z,0.58906,0.58998,0.58856,0.58992,13971
2023-11-10T14:00:00.000Z,0.58993,0.58995,0.58778,0.58878,20528
2023-11-10T18:00:00.000Z,0.58878,0.58944,0.58846,0.58898,7200
2023-11-12T22:00:00.000Z,0.58868,0.58983,0.5879,0.58909,8440
2023-11-13T02:00:00.000Z,0.5891,0.58959,0.58872,0.58931,7600
2023-11-13T06:00:00.000Z,0.58931,0.58972,0.58811,0.58853,12266
2023-11-13T10:00:00.000Z,0.58853,0.58892,0.58746,0.58772,10657
2023-11-13T14:00:00.000Z,0.58773,0.58939,0.58698,0.58861,17018
2023-11-13T18:00:00.000Z,0.58856,0.58911,0.58762,0.58767,5373
2023-11-13T22:00:00.000Z,0.58717,0.58836,0.58711,0.58769,6762
2023-11-14T02:00:00.000Z,0.58769,0.58809,0.58651,0.5866,8192
2023-11-14T06:00:00.000Z,0.5866,0.58791,0.58634,0.58777,12087
2023-11-14T10:00:00.000Z,0.58777,0.59485,0.58634,0.59403,16406
2023-11-14T14:00:00.000Z,0.59404,0.59906,0.59398,0.599,28356
2023-11-14T18:00:00.000Z,0.59901,0.60131,0.59875,0.60079,7430
2023-11-14T22:00:00.000Z,0.60055,0.6012,0.59917,0.60062,8990
2023-11-15T02:00:00.000Z,0.60069,0.60281,0.60057,0.60238,11522
2023-11-15T06:00:00.000Z,0.60238,0.6041,0.60176,0.60364,16468
2023-11-15T10:00:00.000Z,0.60365,0.60541,0.60123,0.6025,18463
2023-11-15T14:00:00.000Z,0.60252,0.60362,0.60031,0.60289,24007
2023-11-15T18:00:00.000Z,0.60283,0.6029,0.60183,0.60224,7528
2023-11-15T22:00:00.000Z,0.60211,0.60292,0.59781,0.59891,10407
2023-11-16T02:00:00.000Z,0.59893,0.59899,0.59706,0.59834,10522
2023-11-16T06:00:00.000Z,0.59831,0.60045,0.59764,0.59984,15606
2023-11-16T10:00:00.000Z,0.59984,0.6012,0.59715,0.60116,16390
2023-11-16T14:00:00.000Z,0.60118,0.60118,0.59738,0.59853,26432
2023-11-16T18:00:00.000Z,0.59849,0.59903,0.59633,0.59716,8481
2023-11-16T22:00:00.000Z,0.59684,0.59721,0.59539,0.59555,9717
2023-11-17T02:00:00.000Z,0.59556,0.59614,0.59469,0.596,8449
2023-11-17T06:00:00.000Z,0.596,0.5979,0.594,0.59714,17460
2023-11-17T10:00:00.000Z,0.59713,0.5997,0.59701,0.59734,19666
2023-11-17T14:00:00.000Z,0.59733,0.59817,0.59646,0.59779,23207
2023-11-17T18:00:00.000Z,0.59779,0.59923,0.59771,0.59919,6505
2023-11-19T22:00:00.000Z,0.59802,0.6014,0.59761,0.60094,11817
2023-11-20T02:00:00.000Z,0.60095,0.60368,0.60068,0.60261,14655
2023-11-20T06:00:00.000Z,0.60262,0.60427,0.60203,0.60408,17587
2023-11-20T10:00:00.000Z,0.60408,0.60411,0.60182,0.60197,14864
2023-11-20T14:00:00.000Z,0.60197,0.60343,0.60041,0.60232,18273
2023-11-20T18:00:00.000Z,0.60233,0.60396,0.60217,0.60362,9309
2023-11-20T22:00:00.000Z,0.60201,0.60574,0.60201,0.60547,11599
2023-11-21T02:00:00.000Z,0.60546,0.60747,0.60498,0.60598,14654
2023-11-21T06:00:00.000Z,0.60599,0.60857,0.6053,0.60608,18611
2023-11-21T10:00:00.000Z,0.6061,0.60827,0.60583,0.60644,15299
2023-11-21T14:00:00.000Z,0.60643,0.60843,0.60528,0.60528,23294
2023-11-21T18:00:00.000Z,0.60516,0.60533,0.60369,0.60489,12682
2023-11-21T22:00:00.000Z,0.60506,0.60639,0.60319,0.60481,9709
2023-11-22T02:00:00.000Z,0.6048,0.60539,0.60324,0.60329,10548
2023-11-22T06:00:00.000Z,0.60329,0.60364,0.60152,0.60282,18900
2023-11-22T10:00:00.000Z,0.60283,0.60438,0.60213,0.60246,19852
2023-11-22T14:00:00.000Z,0.60246,0.60267,0.59959,0.60171,25789
2023-11-22T18:00:00.000Z,0.60169,0.60242,0.60163,0.60216,8047
2023-11-22T22:00:00.000Z,0.60229,0.60415,0.60116,0.60407,9918
2023-11-23T02:00:00.000Z,0.60405,0.60593,0.60399,0.60584,10071
2023-11-23T06:00:00.000Z,0.60587,0.6066,0.60467,0.60478,15016
2023-11-23T10:00:00.000Z,0.60478,0.60521,0.60347,0.60439,10478
2023-11-23T14:00:00.000Z,0.60438,0.60482,0.60368,0.60455,9888
2023-11-23T18:00:00.000Z,0.60455,0.60503,0.60435,0.60481,2094
2023-11-23T22:00:00.000Z,0.60466,0.60572,0.60403,0.60537,7589
2023-11-24T02:00:00.000Z,0.60537,0.60589,0.6044,0.60589,7937
2023-11-24T06:00:00.000Z,0.60589,0.60632,0.60505,0.60543,10700
2023-11-24T10:00:00.000Z,0.60543,0.60779,0.60533,0.60684,11168
2023-11-24T14:00:00.000Z,0.60684,0.60868,0.60661,0.60825,13937
2023-11-24T18:00:00.000Z,0.60825,0.6089,0.60795,0.60827,7295
2023-11-26T22:00:00.000Z,0.60787,0.60918,0.60743,0.60865,8698
2023-11-27T02:00:00.000Z,0.60865,0.60872,0.60607,0.60669,11068
2023-11-27T06:00:00.000Z,0.6067,0.60903,0.60663,0.60773,13646
2023-11-27T10:00:00.000Z,0.60773,0.61034,0.60733,0.60919,14975
2023-11-27T14:00:00.000Z,0.60918,0.60942,0.60791,0.60852,20743
2023-11-27T18:00:00.000Z,0.60856,0.6107,0.60837,0.60979,8094
2023-11-27T22:00:00.000Z,0.60979,0.61112,0.60911,0.61066,10362
2023-11-28T02:00:00.000Z,0.61067,0.61138,0.60956,0.60972,11381
2023-11-28T06:00:00.000Z,0.60973,0.61044,0.60797,0.60926,14176
2023-11-28T10:00:00.000Z,0.60928,0.61038,0.60863,0.61027,14322
2023-11-28T14:00:00.000Z,0.61027,0.61467,0.60998,0.61303,29868
2023-11-28T18:00:00.000Z,0.61296,0.61397,0.61182,0.61366,12977
2023-11-28T22:00:00.000Z,0.61363,0.62079,0.61304,0.61921,18021
2023-11-29T02:00:00.000Z,0.61922,0.62038,0.61829,0.61921,13949
2023-11-29T06:00:00.000Z,0.61922,0.61926,0.61447,0.61526,19325
2023-11-29T10:00:00.000Z,0.61526,0.61673,0.61445,0.61468,19921
2023-11-29T14:00:00.000Z,0.61469,0.61721,0.61377,0.61538,27740
2023-11-29T18:00:00.000Z,0.61527,0.61686,0.61486,0.61555,11526
2023-11-29T22:00:00.000Z,0.61575,0.61734,0.61515,0.61668,11394
2023-11-30T02:00:00.000Z,0.61667,0.6182,0.61652,0.61677,11844
2023-11-30T06:00:00.000Z,0.61678,0.61782,0.61524,0.61537,18278
2023-11-30T10:00:00.000Z,0.61537,0.61682,0.61382,0.6143,22129
2023-11-30T14:00:00.000Z,0.61432,0.61808,0.61203,0.6153,36888
2023-11-30T18:00:00.000Z,0.61535,0.61628,0.61481,0.61553,11316
2023-11-30T22:00:00.000Z,0.61519,0.61919,0.61484,0.619,11502
2023-12-01T02:00:00.000Z,0.619,0.61916,0.61589,0.61649,12261
2023-12-01T06:00:00.000Z,0.6165,0.61854,0.61506,0.61812,15964
2023-12-01T10:00:00.000Z,0.61812,0.61818,0.61583,0.61588,16633
2023-12-01T14:00:00.000Z,0.61587,0.62026,0.61546,0.61997,37790
2023-12-01T18:00:00.000Z,0.61994,0.62088,0.61961,0.62087,14356
2023-12-03T22:00:00.000Z,0.61946,0.62221,0.61917,0.62011,16208
2023-12-04T02:00:00.000Z,0.62012,0.62107,0.61922,0.61942,11676
2023-12-04T06:00:00.000Z,0.61941,0.61986,0.61734,0.61896,17912
2023-12-04T10:00:00.000Z,0.61897,0.61996,0.61825,0.61869,17638
2023-12-04T14:00:00.000Z,0.6187,0.61877,0.61574,0.61679,29976
2023-12-04T18:00:00.000Z,0.61677,0.61688,0.61507,0.61638,9997
2023-12-04T22:00:00.000Z,0.61589,0.61738,0.61558,0.61638,11498
2023-12-05T02:00:00.000Z,0.61638,0.61666,0.6139,0.61535,13632
2023-12-05T06:00:00.000Z,0.61537,0.61618,0.6144,0.61492,20117
2023-12-05T10:00:00.000Z,0.61491,0.61536,0.61324,0.61376,14162
2023-12-05T14:00:00.000Z,0.61375,0.61559,0.61251,0.61365,23863
2023-12-05T18:00:00.000Z,0.61365,0.61378,0.61262,0.61287,6751
2023-12-05T22:00:00.000Z,0.61286,0.61648,0.61263,0.61631,7257
2023-12-06T02:00:00.000Z,0.61631,0.61714,0.61599,0.61665,7329
2023-12-06T06:00:00.000Z,0.61665,0.61767,0.61437,0.61468,11531
2023-12-06T10:00:00.000Z,0.61468,0.61666,0.61406,0.61653,11450
2023-12-06T14:00:00.000Z,0.61654,0.61685,0.61512,0.61528,15417
2023-12-06T18:00:00.000Z,0.61528,0.6159,0.61337,0.61366,6148
2023-12-06T22:00:00.000Z,0.61377,0.61452,0.61314,0.61345,6178
2023-12-07T02:00:00.000Z,0.61345,0.61387,0.61128,0.61218,9097
2023-12-07T06:00:00.000Z,0.61219,0.61506,0.61198,0.61501,12932
2023-12-07T10:00:00.000Z,0.61501,0.61604,0.61276,0.61554,15845
2023-12-07T14:00:00.000Z,0.61555,0.61933,0.61398,0.6182,20248
2023-12-07T18:00:00.000Z,0.61817,0.61817,0.61669,0.61696,7090
2023-12-07T22:00:00.000Z,0.61605,0.61739,0.61547,0.61672,11245
2023-12-08T02:00:00.000Z,0.61673,0.61746,0.61566,0.61616,10042
2023-12-08T06:00:00.000Z,0.61615,0.61651,0.61424,0.61462,12593
2023-12-08T10:00:00.000Z,0.61462,0.61545,0.61111,0.61295,15163
2023-12-08T14:00:00.000Z,0.61298,0.61419,0.61035,0.61229,23817
2023-12-08T18:00:00.000Z,0.61228,0.61269,0.6119,0.61194,5858
2023-12-10T22:00:00.000Z,0.61175,0.61318,0.61099,0.61117,7727
2023-12-11T02:00:00.000Z,0.61117,0.61202,0.61054,0.61138,7106
2023-12-11T06:00:00.000Z,0.61138,0.61185,0.61044,0.61107,10935
2023-12-11T10:00:00.000Z,0.61107,0.61255,0.61072,0.6122,8978
2023-12-11T14:00:00.000Z,0.61221,0.61316,0.61123,0.61138,14650
2023-12-11T18:00:00.000Z,0.61135,0.61316,0.61125,0.61219,5910
2023-12-11T22:00:00.000Z,0.61225,0.61369,0.61176,0.61341,5375
2023-12-12T02:00:00.000Z,0.61342,0.6158,0.61311,0.61573,5976
2023-12-12T06:00:00.000Z,0.61573,0.61631,0.61397,0.61517,8809
2023-12-12T10:00:00.000Z,0.61517,0.61691,0.61185,0.6121,13506
2023-12-12T14:00:00.000Z,0.6121,0.61371,0.61048,0.6121,18931
2023-12-12T18:00:00.000Z,0.61209,0.61338,0.61203,0.61337,6046
2023-12-12T22:00:00.000Z,0.61258,0.61388,0.61141,0.6118,6886
2023-12-13T02:00:00.000Z,0.6118,0.61186,0.6093,0.60985,6859
2023-12-13T06:00:00.000Z,0.60985,0.61029,0.60839,0.60969,9378
2023-12-13T10:00:00.000Z,0.60969,0.61175,0.60901,0.61165,9375
2023-12-13T14:00:00.000Z,0.61166,0.61269,0.61103,0.61211,11745
2023-12-13T18:00:00.000Z,0.61208,0.62131,0.6113,0.61741,23862
2023-12-13T22:00:00.000Z,0.61717,0.62234,0.61654,0.6216,12857
2023-12-14T02:00:00.000Z,0.6216,0.62493,0.62137,0.62383,15670
2023-12-14T06:00:00.000Z,0.62383,0.62435,0.61916,0.62174,16331
2023-12-14T10:00:00.000Z,0.62174,0.62196,0.61862,0.62056,18471
2023-12-14T14:00:00.000Z,0.62056,0.62287,0.6185,0.62212,21989
2023-12-14T18:00:00.000Z,0.62211,0.62213,0.61997,0.62055,8729
2023-12-14T22:00:00.000Z,0.62033,0.62142,0.61952,0.61979,7220
2023-12-15T02:00:00.000Z,0.61979,0.62218,0.61975,0.61996,8155
2023-12-15T06:00:00.000Z,0.61995,0.62245,0.6193,0.62228,12986
2023-12-15T10:00:00.000Z,0.62229,0.62263,0.61775,0.61852,13214
2023-12-15T14:00:00.000Z,0.61853,0.62292,0.61846,0.62131,20890
2023-12-15T18:00:00.000Z,0.62129,0.62171,0.61995,0.6209,9685
2023-12-17T22:00:00.000Z,0.62037,0.62322,0.61847,0.62217,8251
2023-12-18T02:00:00.000Z,0.62217,0.62422,0.62203,0.62364,6664
2023-12-18T06:00:00.000Z,0.62365,0.62508,0.62342,0.6245,9930
2023-12-18T10:00:00.000Z,0.6245,0.62454,0.62247,0.62331,11695
2023-12-18T14:00:00.000Z,0.62332,0.62339,0.62018,0.62092,14244
2023-12-18T18:00:00.000Z,0.62092,0.62147,0.6203,0.62118,6516
2023-12-18T22:00:00.000Z,0.62101,0.62244,0.62034,0.62181,6243
2023-12-19T02:00:00.000Z,0.62181,0.62368,0.62153,0.62291,9576
2023-12-19T06:00:00.000Z,0.62291,0.62387,0.6219,0.62387,12646
2023-12-19T10:00:00.000Z,0.62384,0.62542,0.62302,0.62509,10247
2023-12-19T14:00:00.000Z,0.6251,0.62725,0.6246,0.62665,15391
2023-12-19T18:00:00.000Z,0.62671,0.62723,0.6261,0.62685,5933
2023-12-19T22:00:00.000Z,0.6271,0.6272,0.62486,0.62646,6736
2023-12-20T02:00:00.000Z,0.62645,0.62813,0.62566,0.62779,6846
2023-12-20T06:00:00.000Z,0.62779,0.62946,0.62721,0.62879,12198
2023-12-20T10:00:00.000Z,0.62879,0.62937,0.62791,0.62933,8763
2023-12-20T14:00:00.000Z,0.62934,0.62984,0.62759,0.62826,14863
2023-12-20T18:00:00.000Z,0.62827,0.62875,0.62461,0.62464,13106
2023-12-20T22:00:00.000Z,0.62466,0.62618,0.6237,0.62556,6653
2023-12-21T02:00:00.000Z,0.62556,0.62579,0.62432,0.62514,5761
2023-12-21T06:00:00.000Z,0.62514,0.62557,0.62386,0.62515,9012
2023-12-21T10:00:00.000Z,0.62515,0.62924,0.62458,0.62831,14527
2023-12-21T14:00:00.000Z,0.62833,0.62948,0.62658,0.62765,25021
2023-12-21T18:00:00.000Z,0.62763,0.62957,0.62685,0.62955,10175
2023-12-21T22:00:00.000Z,0.62915,0.62981,0.62773,0.62876,8471
2023-12-22T02:00:00.000Z,0.62877,0.62897,0.62773,0.6279,9663
2023-12-22T06:00:00.000Z,0.62792,0.62891,0.62753,0.62857,11598
2023-12-22T10:00:00.000Z,0.62857,0.63095,0.62849,0.63085,15110
2023-12-22T14:00:00.000Z,0.63085,0.63178,0.6288,0.62977,20460
2023-12-22T18:00:00.000Z,0.62977,0.62995,0.62861,0.6296,8351
2023-12-25T22:00:00.000Z,0.62971,0.63188,0.62829,0.63178,5454
2023-12-26T02:00:00.000Z,0.63178,0.63256,0.63171,0.63247,7223
2023-12-26T06:00:00.000Z,0.63246,0.63249,0.63021,0.63065,6437
2023-12-26T10:00:00.000Z,0.63066,0.63222,0.63063,0.63199,9049
2023-12-26T14:00:00.000Z,0.63198,0.63239,0.63132,0.63184,11501
2023-12-26T18:00:00.000Z,0.63184,0.63317,0.63171,0.6327,7976
2023-12-26T22:00:00.000Z,0.63237,0.63346,0.62997,0.63286,5341
2023-12-27T02:00:00.000Z,0.63287,0.63366,0.63233,0.63328,4281
2023-12-27T06:00:00.000Z,0.63329,0.63345,0.63157,0.63263,9475
2023-12-27T10:00:00.000Z,0.63263,0.63337,0.63173,0.63233,9001
2023-12-27T14:00:00.000Z,0.63234,0.63485,0.63217,0.63384,12605
2023-12-27T18:00:00.000Z,0.63383,0.63463,0.63318,0.63411,9701
2023-12-27T22:00:00.000Z,0.63375,0.63658,0.63339,0.63655,5540
2023-12-28T02:00:00.000Z,0.63655,0.63691,0.63425,0.63452,7358
2023-12-28T06:00:00.000Z,0.63452,0.63551,0.63262,0.63275,12372
2023-12-28T10:00:00.000Z,0.63274,0.63451,0.63274,0.63295,13996
2023-12-28T14:00:00.000Z,0.63295,0.63634,0.63295,0.63478,16807
2023-12-28T18:00:00.000Z,0.63476,0.63477,0.63239,0.63321,6807
2023-12-28T22:00:00.000Z,0.63316,0.63488,0.63294,0.63469,7082
2023-12-29T02:00:00.000Z,0.6347,0.63549,0.63387,0.63534,8501
2023-12-29T06:00:00.000Z,0.63534,0.63586,0.6311,0.63114,10685
2023-12-29T10:00:00.000Z,0.63111,0.63218,0.63042,0.63062,11846
2023-12-29T14:00:00.000Z,0.63062,0.63465,0.63048,0.63425,19005
2023-12-29T18:00:00.000Z,0.63426,0.63426,0.63129,0.63188,7958
2024-01-01T22:00:00.000Z,0.63159,0.63237,0.6303,0.63041,5976
2024-01-02T02:00:00.000Z,0.63041,0.63161,0.62933,0.63157,8082
2024-01-02T06:00:00.000Z,0.63157,0.63166,0.63003,0.63104,13828
2024-01-02T10:00:00.000Z,0.63103,0.63132,0.62667,0.62691,14512
2024-01-02T14:00:00.000Z,0.62688,0.62825,0.62526,0.62584,20592
2024-01-02T18:00:00.000Z,0.6258,0.62601,0.62486,0.62506,7876
2024-01-02T22:00:00.000Z,0.62523,0.62579,0.62447,0.62554,6089
2024-01-03T02:00:00.000Z,0.62553,0.62743,0.62522,0.62698,6058
2024-01-03T06:00:00.000Z,0.62698,0.62757,0.6252,0.62545,10881
2024-01-03T10:00:00.000Z,0.62545,0.6258,0.62203,0.62227,12189
2024-01-03T14:00:00.000Z,0.62226,0.62531,0.62185,0.62339,22072
2024-01-03T18:00:00.000Z,0.62332,0.62523,0.62231,0.6246,14984
2024-01-03T22:00:00.000Z,0.62426,0.62516,0.62343,0.62414,7866
2024-01-04T02:00:00.000Z,0.62414,0.62687,0.62385,0.62614,8349
2024-01-04T06:00:00.000Z,0.62614,0.6285,0.62582,0.62612,14160
2024-01-04T10:00:00.000Z,0.62612,0.62647,0.62294,0.62344,15150
2024-01-04T14:00:00.000Z,0.62343,0.62399,0.62206,0.62253,19225
2024-01-04T18:00:00.000Z,0.62249,0.62356,0.62214,0.62351,7805
2024-01-04T22:00:00.000Z,0.62313,0.62434,0.62266,0.62383,6485
2024-01-05T02:00:00.000Z,0.62383,0.62433,0.62233,0.62302,7885
2024-01-05T06:00:00.000Z,0.62301,0.62348,0.62175,0.62182,12179
2024-01-05T10:00:00.000Z,0.62181,0.62215,0.61806,0.62161,15575
2024-01-05T14:00:00.000Z,0.62162,0.62772,0.62131,0.6246,30110
2024-01-05T18:00:00.000Z,0.6246,0.62575,0.62369,0.62425,10871
2024-01-07T22:00:00.000Z,0.62349,0.62606,0.6231,0.62531,5067
2024-01-08T02:00:00.000Z,0.62532,0.62532,0.62302,0.62364,5658
2024-01-08T06:00:00.000Z,0.62364,0.62484,0.62184,0.62328,11133
2024-01-08T10:00:00.000Z,0.62329,0.62336,0.6212,0.6217,11224
2024-01-08T14:00:00.000Z,0.62171,0.62529,0.62152,0.62442,15345
2024-01-08T18:00:00.000Z,0.62443,0.62554,0.62354,0.62496,6782
2024-01-08T22:00:00.000Z,0.62511,0.62593,0.62413,0.62584,6430
2024-01-09T02:00:00.000Z,0.62584,0.62666,0.62405,0.62411,6770
2024-01-09T06:00:00.000Z,0.6241,0.62576,0.62335,0.62476,10296
2024-01-09T10:00:00.000Z,0.62477,0.62518,0.62343,0.62468,10480
2024-01-09T14:00:00.000Z,0.62468,0.62493,0.62267,0.62346,14939
2024-01-09T18:00:00.000Z,0.62345,0.62429,0.62256,0.62402,8647
2024-01-09T22:00:00.000Z,0.62312,0.62414,0.62249,0.62403,6856
2024-01-10T02:00:00.000Z,0.62402,0.62483,0.62365,0.62395,7321
2024-01-10T06:00:00.000Z,0.62395,0.6254,0.62294,0.62461,10731
2024-01-10T10:00:00.000Z,0.62461,0.62504,0.62243,0.62267,10561
2024-01-10T14:00:00.000Z,0.62267,0.62309,0.62173,0.62273,12991
2024-01-10T18:00:00.000Z,0.62267,0.62304,0.62153,0.62274,8537
2024-01-10T22:00:00.000Z,0.6225,0.62418,0.6221,0.62401,5222
2024-01-11T02:00:00.000Z,0.62401,0.62537,0.62378,0.62505,6123
2024-01-11T06:00:00.000Z,0.62507,0.62585,0.624,0.62464,10158
2024-01-11T10:00:00.000Z,0.62464,0.62606,0.62004,0.62076,16041
2024-01-11T14:00:00.000Z,0.62079,0.62372,0.61954,0.62127,31664
2024-01-11T18:00:00.000Z,0.62131,0.62367,0.62105,0.62331,11741
2024-01-11T22:00:00.000Z,0.62276,0.62536,0.62253,0.62522,7132
2024-01-12T02:00:00.000Z,0.62522,0.62582,0.62377,0.62393,7634
2024-01-12T06:00:00.000Z,0.62393,0.62524,0.62336,0.62427,10348
2024-01-12T10:00:00.000Z,0.62427,0.62671,0.62298,0.62556,14727
2024-01-12T14:00:00.000Z,0.62557,0.62776,0.62396,0.62429,22229
2024-01-12T18:00:00.000Z,0.62429,0.62485,0.62392,0.62396,7323
2024-01-14T22:00:00.000Z,0.62363,0.62386,0.62231,0.62334,7827
2024-01-15T02:00:00.000Z,0.62336,0.62418,0.62256,0.62259,5521
2024-01-15T06:00:00.000Z,0.62258,0.62275,0.61836,0.61867,10948
2024-01-15T10:00:00.000Z,0.61867,0.61981,0.61828,0.61936,8935
2024-01-15T14:00:00.000Z,0.61936,0.62033,0.61871,0.62019,6211
2024-01-15T18:00:00.000Z,0.62019,0.62027,0.61931,0.61991,1706
2024-01-15T22:00:00.000Z,0.6199,0.62021,0.61595,0.61774,8310
2024-01-16T02:00:00.000Z,0.61772,0.61776,0.61596,0.61651,11798
2024-01-16T06:00:00.000Z,0.61652,0.61793,0.61548,0.61596,14355
2024-01-16T10:00:00.000Z,0.61595,0.61695,0.61482,0.61526,14482
2024-01-16T14:00:00.000Z,0.61527,0.61613,0.61311,0.61327,24713
2024-01-16T18:00:00.000Z,0.61329,0.61391,0.6126,0.61382,7792
2024-01-16T22:00:00.000Z,0.61386,0.61492,0.61334,0.61473,6486
2024-01-17T02:00:00.000Z,0.61473,0.61513,0.61222,0.61235,9529
2024-01-17T06:00:00.000Z,0.61236,0.61253,0.61065,0.61178,15896
2024-01-17T10:00:00.000Z,0.61178,0.61262,0.61007,0.61041,15587
2024-01-17T14:00:00.000Z,0.61041,0.61054,0.60879,0.61045,20093
2024-01-17T18:00:00.000Z,0.6104,0.61146,0.60944,0.61145,11909
2024-01-17T22:00:00.000Z,0.61159,0.61339,0.61037,0.61314,8044
2024-01-18T02:00:00.000Z,0.61313,0.61355,0.61125,0.61167,9097
2024-01-18T06:00:00.000Z,0.61171,0.61259,0.61068,0.61208,12124
2024-01-18T10:00:00.000Z,0.61207,0.61274,0.60942,0.6096,12918
2024-01-18T14:00:00.000Z,0.60961,0.61156,0.60951,0.60995,20632
2024-01-18T18:00:00.000Z,0.60949,0.6118,0.60945,0.61162,8422
2024-01-18T22:00:00.000Z,0.61133,0.61261,0.61089,0.61136,6609
2024-01-19T02:00:00.000Z,0.61136,0.6114,0.6091,0.60929,6883
2024-01-19T06:00:00.000Z,0.60928,0.61194,0.60893,0.61194,11334
2024-01-19T10:00:00.000Z,0.61192,0.61238,0.61052,0.61078,10939
2024-01-19T14:00:00.000Z,0.61076,0.61114,0.60899,0.61087,20249
2024-01-19T18:00:00.000Z,0.61089,0.61175,0.61025,0.61155,6670
2024-01-21T22:00:00.000Z,0.61101,0.61385,0.6105,0.61267,7779
2024-01-22T02:00:00.000Z,0.61266,0.61312,0.6108,0.61094,8930
2024-01-22T06:00:00.000Z,0.61094,0.61122,0.60995,0.61078,11789
2024-01-22T10:00:00.000Z,0.61078,0.61238,0.61054,0.61157,10597
2024-01-22T14:00:00.000Z,0.61156,0.61177,0.60944,0.60991,13065
2024-01-22T18:00:00.000Z,0.60997,0.60997,0.60715,0.60759,6223
2024-01-22T22:00:00.000Z,0.60751,0.60863,0.60652,0.60857,7304
2024-01-23T02:00:00.000Z,0.60856,0.61065,0.60801,0.61039,12246
2024-01-23T06:00:00.000Z,0.61039,0.61168,0.60854,0.60894,12860
2024-01-23T10:00:00.000Z,0.60893,0.61001,0.6077,0.60934,9729
2024-01-23T14:00:00.000Z,0.60932,0.60933,0.60614,0.60687,15378
2024-01-23T18:00:00.000Z,0.60685,0.61074,0.60667,0.61005,7801
2024-01-23T22:00:00.000Z,0.60986,0.61065,0.60948,0.61024,6229
2024-01-24T02:00:00.000Z,0.61024,0.61045,0.60885,0.61026,7831
2024-01-24T06:00:00.000Z,0.61026,0.61417,0.61003,0.61343,12439
2024-01-24T10:00:00.000Z,0.61343,0.61466,0.61252,0.61447,11347
2024-01-24T14:00:00.000Z,0.61445,0.61484,0.61191,0.61305,20286
2024-01-24T18:00:00.000Z,0.61302,0.61313,0.61075,0.61105,11146
2024-01-24T22:00:00.000Z,0.61048,0.61146,0.60996,0.61099,6359
2024-01-25T02:00:00.000Z,0.61102,0.61145,0.61032,0.61055,7097
2024-01-25T06:00:00.000Z,0.61055,0.61253,0.61039,0.61236,9904
2024-01-25T10:00:00.000Z,0.61236,0.61321,0.61051,0.61311,13884
2024-01-25T14:00:00.000Z,0.6131,0.61315,0.61056,0.61142,20924
2024-01-25T18:00:00.000Z,0.61142,0.61224,0.61012,0.61112,9357
2024-01-25T22:00:00.000Z,0.61083,0.61127,0.61,0.61058,6148
2024-01-26T02:00:00.000Z,0.61058,0.61134,0.6104,0.61074,6821
2024-01-26T06:00:00.000Z,0.61073,0.61075,0.60918,0.61024,10226
2024-01-26T10:00:00.000Z,0.61026,0.61202,0.60979,0.61135,10765
2024-01-26T14:00:00.000Z,0.61135,0.61166,0.60957,0.60981,14742
2024-01-26T18:00:00.000Z,0.60977,0.60997,0.60899,0.60902,5205
2024-01-28T22:00:00.000Z,0.60903,0.61076,0.60856,0.61039,5000
2024-01-29T02:00:00.000Z,0.61038,0.61039,0.60929,0.60973,5212
2024-01-29T06:00:00.000Z,0.60973,0.61174,0.60969,0.61145,8200
2024-01-29T10:00:00.000Z,0.61145,0.61215,0.61095,0.61127,8367
2024-01-29T14:00:00.000Z,0.61128,0.61143,0.61,0.61051,10252
2024-01-29T18:00:00.000Z,0.61052,0.61433,0.61029,0.61332,7333
2024-01-29T22:00:00.000Z,0.61269,0.61442,0.61253,0.61349,5822
2024-01-30T02:00:00.000Z,0.61349,0.61489,0.61314,0.61409,6469
2024-01-30T06:00:00.000Z,0.61409,0.61477,0.61262,0.6133,10060
2024-01-30T10:00:00.000Z,0.61331,0.61343,0.61144,0.61209,7754
2024-01-30T14:00:00.000Z,0.61208,0.6137,0.61051,0.61221,16493
2024-01-30T18:00:00.000Z,0.61221,0.6137,0.61193,0.61357,5894
2024-01-30T22:00:00.000Z,0.61337,0.61358,0.61222,0.61234,7331
2024-01-31T02:00:00.000Z,0.61233,0.61233,0.61106,0.61128,7316
2024-01-31T06:00:00.000Z,0.61129,0.61358,0.61077,0.61252,9849
2024-01-31T10:00:00.000Z,0.61252,0.6142,0.61165,0.61395,11677
2024-01-31T14:00:00.000Z,0.61395,0.61734,0.61365,0.61397,22569
2024-01-31T18:00:00.000Z,0.61397,0.61645,0.6101,0.61156,27024
2024-01-31T22:00:00.000Z,0.61149,0.61267,0.61099,0.61239,8971
2024-02-01T02:00:00.000Z,0.6124,0.61408,0.61081,0.61091,8354
2024-02-01T06:00:00.000Z,0.61092,0.61116,0.60897,0.60931,12723
2024-02-01T10:00:00.000Z,0.60932,0.6105,0.60794,0.60925,13897
2024-02-01T14:00:00.000Z,0.60925,0.61396,0.60865,0.61343,26328
2024-02-01T18:00:00.000Z,0.61341,0.61442,0.61286,0.6144,9791
2024-02-01T22:00:00.000Z,0.61364,0.61516,0.61364,0.61496,8213
2024-02-02T02:00:00.000Z,0.61496,0.61575,0.61478,0.61511,9100
2024-02-02T06:00:00.000Z,0.61512,0.61552,0.61442,0.61535,11536
2024-02-02T10:00:00.000Z,0.61535,0.61604,0.60907,0.60939,13755
2024-02-02T14:00:00.000Z,0.60939,0.60963,0.60582,0.60629,21941
2024-02-02T18:00:00.000Z,0.60629,0.60755,0.60603,0.60647,8115
2024-02-04T22:00:00.000Z,0.60653,0.60663,0.60477,0.60616,11831
2024-02-05T02:00:00.000Z,0.60616,0.60767,0.60598,0.60744,10069
2024-02-05T06:00:00.000Z,0.60744,0.60816,0.60619,0.60631,11884
2024-02-05T10:00:00.000Z,0.60631,0.60683,0.60504,0.60533,11109
2024-02-05T14:00:00.000Z,0.60534,0.60577,0.60381,0.60548,16819
2024-02-05T18:00:00.000Z,0.60548,0.60609,0.60479,0.60538,5988
2024-02-05T22:00:00.000Z,0.60421,0.60664,0.60421,0.60655,7436
2024-02-06T02:00:00.000Z,0.60655,0.60769,0.60581,0.60698,11287
2024-02-06T06:00:00.000Z,0.60698,0.60766,0.60528,0.60538,10024
2024-02-06T10:00:00.000Z,0.60538,0.60652,0.60463,0.60524,10130
2024-02-06T14:00:00.000Z,0.60525,0.60803,0.60513,0.60779,18538
2024-02-06T18:00:00.000Z,0.60779,0.6099,0.60705,0.60958,8732
2024-02-06T22:00:00.000Z,0.60949,0.61108,0.60919,0.61089,7209
2024-02-07T02:00:00.000Z,0.61089,0.61114,0.60987,0.61021,8092
2024-02-07T06:00:00.000Z,0.6102,0.61141,0.60983,0.6104,10995
2024-02-07T10:00:00.000Z,0.61041,0.61188,0.60982,0.61139,8108
2024-02-07T14:00:00.000Z,0.61139,0.61245,0.61033,0.61052,17488
2024-02-07T18:00:00.000Z,0.61046,0.61146,0.61019,0.61125,6793
2024-02-07T22:00:00.000Z,0.6112,0.61196,0.61061,0.61176,7663
2024-02-08T02:00:00.000Z,0.61176,0.61233,0.61078,0.61104,8078
2024-02-08T06:00:00.000Z,0.61106,0.61146,0.60989,0.61083,11053
2024-02-08T10:00:00.000Z,0.61084,0.61096,0.60787,0.60835,12139
2024-02-08T14:00:00.000Z,0.60835,0.60946,0.60828,0.60928,13866
2024-02-08T18:00:00.000Z,0.60923,0.61008,0.60879,0.60966,6267
2024-02-08T22:00:00.000Z,0.60947,0.61268,0.60916,0.6124,8256
2024-02-09T02:00:00.000Z,0.61241,0.6129,0.61163,0.61181,7717
2024-02-09T06:00:00.000Z,0.61181,0.61499,0.61148,0.61426,11013
2024-02-09T10:00:00.000Z,0.61423,0.61582,0.61314,0.61424,12912
2024-02-09T14:00:00.000Z,0.61423,0.61502,0.61328,0.61434,13360
2024-02-09T18:00:00.000Z,0.61434,0.61541,0.61433,0.61513,4423
2024-02-11T22:00:00.000Z,0.61448,0.61517,0.61337,0.6135,7413
2024-02-12T02:00:00.000Z,0.61352,0.61399,0.61237,0.6129,5851
2024-02-12T06:00:00.000Z,0.6129,0.61425,0.612,0.61226,12686
2024-02-12T10:00:00.000Z,0.61226,0.61333,0.61203,0.61244,11540
2024-02-12T14:00:00.000Z,0.61243,0.61399,0.61223,0.61394,10767
2024-02-12T18:00:00.000Z,0.61385,0.61391,0.61266,0.61302,6245
2024-02-12T22:00:00.000Z,0.61264,0.6131,0.61199,0.61255,5283
2024-02-13T02:00:00.000Z,0.61257,0.61263,0.60957,0.61038,7737
2024-02-13T06:00:00.000Z,0.61038,0.61112,0.60969,0.61022,11978
2024-02-13T10:00:00.000Z,0.61022,0.61242,0.60581,0.60606,14375
2024-02-13T14:00:00.000Z,0.60607,0.60739,0.60541,0.60566,21923
2024-02-13T18:00:00.000Z,0.60566,0.60627,0.60494,0.60594,6166
2024-02-13T22:00:00.000Z,0.60547,0.60625,0.60507,0.60607,8831
2024-02-14T02:00:00.000Z,0.60608,0.60774,0.60587,0.6077,7814
2024-02-14T06:00:00.000Z,0.6077,0.60873,0.60696,0.60788,13676
2024-02-14T10:00:00.000Z,0.60788,0.60867,0.60725,0.60741,11205
2024-02-14T14:00:00.000Z,0.60742,0.60895,0.60726,0.60865,16249
2024-02-14T18:00:00.000Z,0.60865,0.60919,0.60819,0.60859,6970
2024-02-14T22:00:00.000Z,0.6079,0.60942,0.60775,0.60831,7221
2024-02-15T02:00:00.000Z,0.6083,0.60894,0.60798,0.60831,8427
2024-02-15T06:00:00.000Z,0.60831,0.60923,0.60812,0.60858,11003
2024-02-15T10:00:00.000Z,0.60857,0.61227,0.60852,0.6116,11550
2024-02-15T14:00:00.000Z,0.61159,0.61272,0.61002,0.61036,18179
2024-02-15T18:00:00.000Z,0.61034,0.61168,0.61027,0.6107,6348
2024-02-15T22:00:00.000Z,0.61047,0.61151,0.60886,0.6097,6428
2024-02-16T02:00:00.000Z,0.60969,0.61,0.60906,0.60948,7298
2024-02-16T06:00:00.000Z,0.60949,0.61107,0.60923,0.61088,10522
2024-02-16T10:00:00.000Z,0.61087,0.61145,0.60858,0.60969,12164
2024-02-16T14:00:00.000Z,0.60971,0.61275,0.60894,0.61274,16927
2024-02-16T18:00:00.000Z,0.61275,0.61355,0.61238,0.61249,6555
2024-02-18T22:00:00.000Z,0.61171,0.61445,0.61171,0.6134,8387
2024-02-19T02:00:00.000Z,0.61339,0.61418,0.61319,0.61402,7669
2024-02-19T06:00:00.000Z,0.61401,0.61521,0.61377,0.61451,11543
2024-02-19T10:00:00.000Z,0.61451,0.61483,0.61365,0.61466,6897
2024-02-19T14:00:00.000Z,0.61466,0.61468,0.61404,0.61448,5090
2024-02-19T18:00:00.000Z,0.61448,0.61513,0.61446,0.61502,2449
2024-02-19T22:00:00.000Z,0.61493,0.61499,0.61314,0.61361,8938
2024-02-20T02:00:00.000Z,0.6136,0.61408,0.61288,0.61374,8345
2024-02-20T06:00:00.000Z,0.61373,0.61645,0.6135,0.61644,9763
2024-02-20T10:00:00.000Z,0.61643,0.6188,0.61598,0.61863,13507
2024-02-20T14:00:00.000Z,0.61866,0.61908,0.61695,0.61725,15232
2024-02-20T18:00:00.000Z,0.61725,0.61737,0.6162,0.61644,6794
2024-02-20T22:00:00.000Z,0.61604,0.6177,0.61585,0.61767,6431
2024-02-21T02:00:00.000Z,0.61767,0.61976,0.61766,0.61909,9344
2024-02-21T06:00:00.000Z,0.6191,0.6194,0.61801,0.61833,10929
2024-02-21T10:00:00.000Z,0.61833,0.61896,0.61766,0.61815,9399
2024-02-21T14:00:00.000Z,0.61814,0.61858,0.61657,0.61683,10675
2024-02-21T18:00:00.000Z,0.61678,0.61818,0.61616,0.61789,9130
2024-02-21T22:00:00.000Z,0.61736,0.6198,0.61722,0.61866,7932
2024-02-22T02:00:00.000Z,0.61866,0.61983,0.61763,0.61948,8603
2024-02-22T06:00:00.000Z,0.6195,0.62178,0.61949,0.62061,15916
2024-02-22T10:00:00.000Z,0.62061,0.62125,0.61824,0.61838,11825
2024-02-22T14:00:00.000Z,0.61836,0.61957,0.61779,0.61935,15484
2024-02-22T18:00:00.000Z,0.61932,0.62033,0.61889,0.61973,5783
2024-02-22T22:00:00.000Z,0.61909,0.62023,0.61852,0.61965,7645
2024-02-23T02:00:00.000Z,0.61965,0.62037,0.6193,0.61995,6103
2024-02-23T06:00:00.000Z,0.61995,0.62052,0.61802,0.61825,7194
2024-02-23T10:00:00.000Z,0.61825,0.62108,0.61823,0.62008,10288
2024-02-23T14:00:00.000Z,0.62007,0.62022,0.61853,0.61961,14915
2024-02-23T18:00:00.000Z,0.6196,0.61991,0.61895,0.61966,4645
2024-02-25T22:00:00.000Z,0.61929,0.61948,0.61628,0.61671,9338
2024-02-26T02:00:00.000Z,0.61671,0.61712,0.61652,0.61665,8302
2024-02-26T06:00:00.000Z,0.61665,0.6173,0.61621,0.617,11305
2024-02-26T10:00:00.000Z,0.617,0.6185,0.617,0.6182,8843
2024-02-26T14:00:00.000Z,0.61819,0.61827,0.61644,0.6172,11475
2024-02-26T18:00:00.000Z,0.61719,0.61775,0.61689,0.61725,6262
2024-02-26T22:00:00.000Z,0.61724,0.61735,0.61549,0.61606,5528
2024-02-27T02:00:00.000Z,0.61606,0.61661,0.61509,0.61635,8286
2024-02-27T06:00:00.000Z,0.61635,0.61753,0.61619,0.61663,10166
2024-02-27T10:00:00.000Z,0.61663,0.61751,0.61595,0.61666,9890
2024-02-27T14:00:00.000Z,0.61665,0.61758,0.61569,0.61704,13173
2024-02-27T18:00:00.000Z,0.61703,0.61777,0.61671,0.61698,5279
2024-02-27T22:00:00.000Z,0.61694,0.61773,0.61182,0.61226,7221
2024-02-28T02:00:00.000Z,0.61225,0.61238,0.61026,0.61133,12251
2024-02-28T06:00:00.000Z,0.61132,0.6115,0.60927,0.60928,12510
2024-02-28T10:00:00.000Z,0.60928,0.61032,0.6091,0.6095,12474
2024-02-28T14:00:00.000Z,0.6095,0.60981,0.60816,0.60905,13572
2024-02-28T18:00:00.000Z,0.60905,0.60997,0.60892,0.60967,4735
2024-02-28T22:00:00.000Z,0.60991,0.6103,0.60888,0.6097,6112
2024-02-29T02:00:00.000Z,0.60971,0.61094,0.60967,0.61023,8194
2024-02-29T06:00:00.000Z,0.61023,0.61039,0.60875,0.60887,12425
2024-02-29T10:00:00.000Z,0.60886,0.6098,0.60764,0.60947,11403
2024-02-29T14:00:00.000Z,0.60946,0.61117,0.60774,0.60807,19105
2024-02-29T18:00:00.000Z,0.60808,0.60897,0.60801,0.60863,5102
2024-02-29T22:00:00.000Z,0.60767,0.60956,0.60756,0.60944,7550
2024-03-01T02:00:00.000Z,0.60944,0.60971,0.60893,0.60903,7741
2024-03-01T06:00:00.000Z,0.60904,0.6096,0.60809,0.60911,10416
2024-03-01T10:00:00.000Z,0.6091,0.60993,0.60821,0.60864,15678
2024-03-01T14:00:00.000Z,0.60864,0.61116,0.60783,0.61049,16158
2024-03-01T18:00:00.000Z,0.61049,0.61082,0.60984,0.61064,3915
2024-03-03T22:00:00.000Z,0.61077,0.61111,0.60944,0.60966,6191
2024-03-04T02:00:00.000Z,0.60966,0.61027,0.60934,0.60964,5553
2024-03-04T06:00:00.000Z,0.60964,0.61079,0.60901,0.61053,9427
2024-03-04T10:00:00.000Z,0.61053,0.61061,0.60876,0.60954,9049
2024-03-04T14:00:00.000Z,0.60955,0.61055,0.60916,0.60955,13905
2024-03-04T18:00:00.000Z,0.60952,0.60974,0.60905,0.60935,3437
2024-03-04T22:00:00.000Z,0.60951,0.60976,0.60895,0.60929,7547
2024-03-05T02:00:00.000Z,0.60929,0.60944,0.60813,0.60818,7687
2024-03-05T06:00:00.000Z,0.6082,0.60839,0.60707,0.60745,11625
2024-03-05T10:00:00.000Z,0.60745,0.60864,0.60738,0.6084,9938
2024-03-05T14:00:00.000Z,0.60842,0.61095,0.60822,0.60907,16522
2024-03-05T18:00:00.000Z,0.60906,0.60924,0.60809,0.60853,6800
2024-03-05T22:00:00.000Z,0.60868,0.6091,0.60684,0.60772,7330
2024-03-06T02:00:00.000Z,0.60772,0.60972,0.60763,0.60936,6498
2024-03-06T06:00:00.000Z,0.60937,0.61029,0.60914,0.61026,10455
2024-03-06T10:00:00.000Z,0.61025,0.61159,0.60961,0.61142,10432
2024-03-06T14:00:00.000Z,0.61143,0.61438,0.61123,0.61324,18707
2024-03-06T18:00:00.000Z,0.61321,0.61391,0.61258,0.61284,8334
2024-03-06T22:00:00.000Z,0.61253,0.61371,0.61226,0.6132,9863
2024-03-07T02:00:00.000Z,0.6132,0.61499,0.61267,0.61413,11355
2024-03-07T06:00:00.000Z,0.61412,0.61574,0.61391,0.6155,11287
2024-03-07T10:00:00.000Z,0.61549,0.6173,0.61537,0.61654,13234
2024-03-07T14:00:00.000Z,0.61653,0.61757,0.61558,0.61706,14411
2024-03-07T18:00:00.000Z,0.61706,0.6175,0.617,0.61743,5202
2024-03-07T22:00:00.000Z,0.61723,0.61837,0.61609,0.61671,7247
2024-03-08T02:00:00.000Z,0.6167,0.61766,0.61636,0.61759,8059
2024-03-08T06:00:00.000Z,0.61759,0.61883,0.61707,0.61845,12023
2024-03-08T10:00:00.000Z,0.61846,0.62165,0.61718,0.61971,13625
2024-03-08T14:00:00.000Z,0.61971,0.62074,0.61732,0.61758,19905
2024-03-08T18:00:00.000Z,0.6176,0.61785,0.61685,0.61756,5859
2024-03-10T21:00:00.000Z,0.61731,0.61809,0.6167,0.61762,6424
2024-03-11T01:00:00.000Z,0.61761,0.61821,0.61677,0.61727,6119
2024-03-11T05:00:00.000Z,0.61727,0.61789,0.61662,0.61688,10290
2024-03-11T09:00:00.000Z,0.61688,0.61812,0.61678,0.6168,8193
2024-03-11T13:00:00.000Z,0.6168,0.61735,0.616,0.61703,13301
2024-03-11T17:00:00.000Z,0.61704,0.61723,0.61624,0.61692,6834
2024-03-11T21:00:00.000Z,0.6167,0.61724,0.6165,0.61664,6407
2024-03-12T01:00:00.000Z,0.61664,0.61756,0.61638,0.61709,8416
2024-03-12T05:00:00.000Z,0.61709,0.61747,0.61608,0.61627,11529
2024-03-12T09:00:00.000Z,0.61628,0.6184,0.61355,0.61621,15760
2024-03-12T13:00:00.000Z,0.6162,0.6162,0.61352,0.61456,21097
2024-03-12T17:00:00.000Z,0.61456,0.61526,0.61387,0.61506,6231
2024-03-12T21:00:00.000Z,0.61472,0.61513,0.61449,0.6147,4272
2024-03-13T01:00:00.000Z,0.6147,0.61645,0.61448,0.61613,6832
2024-03-13T05:00:00.000Z,0.61612,0.61699,0.61566,0.61602,9462
2024-03-13T09:00:00.000Z,0.61601,0.61609,0.61485,0.61541,9863
2024-03-13T13:00:00.000Z,0.61543,0.61638,0.61532,0.61599,14308
2024-03-13T17:00:00.000Z,0.61599,0.6168,0.6154,0.61548,7145
2024-03-13T21:00:00.000Z,0.61537,0.61679,0.61527,0.61665,6046
2024-03-14T01:00:00.000Z,0.61665,0.61751,0.61535,0.61599,5595
2024-03-14T05:00:00.000Z,0.61597,0.61642,0.61555,0.61594,10707
2024-03-14T09:00:00.000Z,0.61596,0.6173,0.61536,0.61585,13583
2024-03-14T13:00:00.000Z,0.61586,0.61618,0.61222,0.61349,18548
2024-03-14T17:00:00.000Z,0.61349,0.61363,0.61212,0.61303,6852
2024-03-14T21:00:00.000Z,0.61309,0.61323,0.61054,0.61061,4697
2024-03-15T01:00:00.000Z,0.6106,0.61095,0.60951,0.61021,7647
2024-03-15T05:00:00.000Z,0.61023,0.61065,0.60899,0.60915,9858
2024-03-15T09:00:00.000Z,0.60917,0.61031,0.60899,0.60959,9030
2024-03-15T13:00:00.000Z,0.6096,0.61035,0.60823,0.60831,13289
2024-03-15T17:00:00.000Z,0.60832,0.60894,0.60806,0.6085,5273
2024-03-17T21:00:00.000Z,0.60862,0.60888,0.60785,0.60846,6067
2024-03-18T01:00:00.000Z,0.60845,0.60987,0.60799,0.60931,8681
2024-03-18T05:00:00.000Z,0.60932,0.60998,0.60865,0.60987,9153
2024-03-18T09:00:00.000Z,0.60988,0.60999,0.60887,0.60907,9333
2024-03-18T13:00:00.000Z,0.60906,0.60945,0.60794,0.60802,10450
2024-03-18T17:00:00.000Z,0.60801,0.60849,0.60771,0.60846,4723
2024-03-18T21:00:00.000Z,0.60838,0.60864,0.60708,0.60742,4071
2024-03-19T01:00:00.000Z,0.60741,0.60825,0.60611,0.60618,12131
2024-03-19T05:00:00.000Z,0.60617,0.60624,0.60413,0.60474,10564
2024-03-19T09:00:00.000Z,0.60475,0.60531,0.60338,0.60517,10303
2024-03-19T13:00:00.000Z,0.60517,0.60566,0.60431,0.60524,10351
2024-03-19T17:00:00.000Z,0.60525,0.60566,0.60492,0.60518,5069
2024-03-19T21:00:00.000Z,0.60527,0.60553,0.6037,0.60465,5760
2024-03-20T01:00:00.000Z,0.60467,0.60555,0.60394,0.60398,9888
2024-03-20T05:00:00.000Z,0.60397,0.60498,0.6033,0.60366,7113
2024-03-20T09:00:00.000Z,0.60365,0.60369,0.60242,0.60301,6861
2024-03-20T13:00:00.000Z,0.60301,0.60389,0.60265,0.60388,8358
2024-03-20T17:00:00.000Z,0.60389,0.60849,0.60263,0.60803,19623
2024-03-20T21:00:00.000Z,0.60807,0.60922,0.60536,0.60883,9004
2024-03-21T01:00:00.000Z,0.60884,0.61008,0.60863,0.60939,7833
2024-03-21T05:00:00.000Z,0.60939,0.61065,0.60824,0.60854,11396
2024-03-21T09:00:00.000Z,0.60853,0.60938,0.60719,0.60737,13395
2024-03-21T13:00:00.000Z,0.60737,0.60739,0.60428,0.60439,16048
2024-03-21T17:00:00.000Z,0.60438,0.6045,0.60381,0.60437,4201
2024-03-21T21:00:00.000Z,0.60434,0.60517,0.60414,0.60493,4951
2024-03-22T01:00:00.000Z,0.60493,0.60506,0.60104,0.60115,11668
2024-03-22T05:00:00.000Z,0.60116,0.60179,0.60028,0.60086,11052
2024-03-22T09:00:00.000Z,0.60087,0.60146,0.59984,0.60102,10551
2024-03-22T13:00:00.000Z,0.60102,0.60163,0.5992,0.5995,11415
2024-03-22T17:00:00.000Z,0.59952,0.59981,0.5989,0.59932,3124
2024-03-24T21:00:00.000Z,0.5994,0.59958,0.59854,0.59928,4415
2024-03-25T01:00:00.000Z,0.59927,0.60126,0.59908,0.59972,10732
2024-03-25T05:00:00.000Z,0.59973,0.60056,0.59886,0.60027,7332
2024-03-25T09:00:00.000Z,0.60027,0.60086,0.59985,0.60022,6872
2024-03-25T13:00:00.000Z,0.60023,0.60117,0.60003,0.60024,10009
2024-03-25T17:00:00.000Z,0.60024,0.60046,0.59995,0.60029,3112
2024-03-25T21:00:00.000Z,0.60034,0.60071,0.59959,0.60066,4243
2024-03-26T01:00:00.000Z,0.60066,0.60137,0.60011,0.60051,8664
2024-03-26T05:00:00.000Z,0.60051,0.60175,0.6003,0.60168,8314
2024-03-26T09:00:00.000Z,0.60168,0.60304,0.60147,0.60179,9219
2024-03-26T13:00:00.000Z,0.6018,0.60206,0.60063,0.60077,10025
2024-03-26T17:00:00.000Z,0.60076,0.6012,0.59999,0.6004,3966
2024-03-26T21:00:00.000Z,0.60049,0.60074,0.59961,0.59991,5324
2024-03-27T01:00:00.000Z,0.59991,0.60006,0.59875,0.59993,9472
2024-03-27T05:00:00.000Z,0.59992,0.60065,0.59957,0.59977,8776
2024-03-27T09:00:00.000Z,0.59977,0.60102,0.5994,0.59948,9314
2024-03-27T13:00:00.000Z,0.59947,0.60084,0.59934,0.59989,11347
2024-03-27T17:00:00.000Z,0.59988,0.60044,0.59956,0.60041,4949
2024-03-27T21:00:00.000Z,0.6005,0.6005,0.598,0.59904,6362
2024-03-28T01:00:00.000Z,0.59904,0.60039,0.59848,0.59914,9272
2024-03-28T05:00:00.000Z,0.59916,0.59969,0.59632,0.59635,10295
2024-03-28T09:00:00.000Z,0.59635,0.59732,0.5956,0.59726,9224
2024-03-28T13:00:00.000Z,0.59726,0.59875,0.59704,0.59815,14392
2024-03-28T17:00:00.000Z,0.59815,0.59842,0.59709,0.59721,4508
2024-03-28T21:00:00.000Z,0.59731,0.59785,0.59695,0.59752,1356
2024-03-29T01:00:00.000Z,0.59746,0.59764,0.59694,0.59712,753
2024-03-29T05:00:00.000Z,0.59712,0.59728,0.59667,0.59714,809
2024-03-29T09:00:00.000Z,0.59713,0.59884,0.59705,0.59823,1735
2024-03-29T13:00:00.000Z,0.59824,0.59875,0.59795,0.59802,1022
2024-03-29T17:00:00.000Z,0.59805,0.59848,0.59697,0.59765,3091
2024-03-31T21:00:00.000Z,0.5978,0.59925,0.59731,0.59895,6370
2024-04-01T01:00:00.000Z,0.59896,0.59923,0.59772,0.59806,6060
2024-04-01T05:00:00.000Z,0.59805,0.5985,0.59732,0.59825,5423
2024-04-01T09:00:00.000Z,0.59825,0.59838,0.5964,0.59702,4872
2024-04-01T13:00:00.000Z,0.59702,0.59718,0.59391,0.59427,12906
2024-04-01T17:00:00.000Z,0.59428,0.59528,0.59422,0.59526,3307
2024-04-01T21:00:00.000Z,0.59523,0.59546,0.59467,0.59495,5558
2024-04-02T01:00:00.000Z,0.59495,0.59547,0.59437,0.5946,9739
2024-04-02T05:00:00.000Z,0.5946,0.59574,0.59429,0.59555,10252
2024-04-02T09:00:00.000Z,0.59553,0.59602,0.59516,0.59553,8684
2024-04-02T13:00:00.000Z,0.59553,0.5973,0.59538,0.59618,12327
2024-04-02T17:00:00.000Z,0.5962,0.59727,0.59601,0.59708,3812
2024-04-02T21:00:00.000Z,0.59705,0.59744,0.59591,0.59591,4777
2024-04-03T01:00:00.000Z,0.5959,0.59773,0.5952,0.5972,7036
2024-04-03T05:00:00.000Z,0.59721,0.59763,0.59596,0.59652,9637
2024-04-03T09:00:00.000Z,0.59652,0.59733,0.59616,0.59665,8367
2024-04-03T13:00:00.000Z,0.59666,0.60076,0.59628,0.60036,17257
2024-04-03T17:00:00.000Z,0.60035,0.60109,0.59998,0.60092,5067
2024-04-03T21:00:00.000Z,0.60053,0.60238,0.60046,0.6023,5564
2024-04-04T01:00:00.000Z,0.6023,0.60294,0.60179,0.60273,5767
2024-04-04T05:00:00.000Z,0.60273,0.60415,0.60271,0.60372,7818
2024-04-04T09:00:00.000Z,0.60372,0.60448,0.6025,0.60418,7473
2024-04-04T13:00:00.000Z,0.60419,0.60458,0.6035,0.60413,8405
2024-04-04T17:00:00.000Z,0.60413,0.60463,0.60192,0.60254,6778
2024-04-04T21:00:00.000Z,0.60234,0.60306,0.60212,0.60295,6848
2024-04-05T01:00:00.000Z,0.60294,0.60309,0.60064,0.60075,9431
2024-04-05T05:00:00.000Z,0.60076,0.60213,0.60055,0.60185,9849
2024-04-05T09:00:00.000Z,0.60185,0.60267,0.59878,0.59957,11314
2024-04-05T13:00:00.000Z,0.59957,0.60194,0.59852,0.6015,18543
2024-04-05T17:00:00.000Z,0.60147,0.60166,0.60097,0.60111,6895
2024-04-07T21:00:00.000Z,0.60073,0.6011,0.59978,0.60047,6288
2024-04-08T01:00:00.000Z,0.60046,0.60181,0.6003,0.60125,10169
2024-04-08T05:00:00.000Z,0.60129,0.60169,0.60087,0.60118,10133
2024-04-08T09:00:00.000Z,0.60119,0.6028,0.60103,0.60222,7662
2024-04-08T13:00:00.000Z,0.60222,0.60382,0.60222,0.60289,11281
2024-04-08T17:00:00.000Z,0.60289,0.60358,0.60281,0.60319,3816
2024-04-08T21:00:00.000Z,0.60284,0.60435,0.60282,0.60405,3402
2024-04-09T01:00:00.000Z,0.60405,0.60487,0.60339,0.60419,6728
2024-04-09T05:00:00.000Z,0.60418,0.60441,0.60339,0.60425,6228
2024-04-09T09:00:00.000Z,0.60424,0.60681,0.60415,0.60653,7635
2024-04-09T13:00:00.000Z,0.60654,0.60765,0.60511,0.60529,11831
2024-04-09T17:00:00.000Z,0.60529,0.60617,0.6049,0.60594,4866
2024-04-09T21:00:00.000Z,0.6058,0.60682,0.60504,0.60614,5798
2024-04-10T01:00:00.000Z,0.60613,0.6077,0.60504,0.60731,9077
2024-04-10T05:00:00.000Z,0.60728,0.60773,0.60656,0.60735,9378
2024-04-10T09:00:00.000Z,0.60738,0.60827,0.60048,0.60155,12357
2024-04-10T13:00:00.000Z,0.60154,0.60161,0.59656,0.59742,22534
2024-04-10T17:00:00.000Z,0.59742,0.59862,0.59669,0.59738,13974
2024-04-10T21:00:00.000Z,0.59746,0.59796,0.59709,0.59745,8383
2024-04-11T01:00:00.000Z,0.59744,0.5986,0.59733,0.59855,11030
2024-04-11T05:00:00.000Z,0.59857,0.59921,0.5979,0.59866,13277
2024-04-11T09:00:00.000Z,0.59866,0.60068,0.59712,0.60066,15353
2024-04-11T13:00:00.000Z,0.60067,0.60144,0.59688,0.59851,17549
2024-04-11T17:00:00.000Z,0.59851,0.6003,0.59823,0.59953,6844
2024-04-11T21:00:00.000Z,0.59961,0.60054,0.59946,0.6004,5701
2024-04-12T01:00:00.000Z,0.60041,0.60099,0.59932,0.59939,7714
2024-04-12T05:00:00.000Z,0.5994,0.59962,0.59694,0.59741,14239
2024-04-12T09:00:00.000Z,0.59741,0.59763,0.59483,0.59522,13379
2024-04-12T13:00:00.000Z,0.59522,0.59533,0.59352,0.59385,21988
2024-04-12T17:00:00.000Z,0.59386,0.59428,0.59334,0.59365,8800
2024-04-14T21:00:00.000Z,0.5933,0.59494,0.59318,0.59347,9887
2024-04-15T01:00:00.000Z,0.59344,0.59532,0.59269,0.59472,11376
2024-04-15T05:00:00.000Z,0.59473,0.59517,0.59319,0.594,13326
2024-04-15T09:00:00.000Z,0.59401,0.59465,0.59223,0.5935,12786
2024-04-15T13:00:00.000Z,0.59351,0.59409,0.59122,0.59187,18428
2024-04-15T17:00:00.000Z,0.59184,0.59206,0.58981,0.59028,7402
2024-04-15T21:00:00.000Z,0.59036,0.59075,0.58903,0.58915,6063
2024-04-16T01:00:00.000Z,0.58914,0.5895,0.58732,0.58857,13489
2024-04-16T05:00:00.000Z,0.58857,0.58955,0.58816,0.58877,14826
2024-04-16T09:00:00.000Z,0.58878,0.58956,0.58794,0.58854,10808
2024-04-16T13:00:00.000Z,0.58855,0.58901,0.58727,0.58861,20522
2024-04-16T17:00:00.000Z,0.58862,0.58951,0.58678,0.58798,14785
2024-04-16T21:00:00.000Z,0.58765,0.59004,0.58605,0.58989,8191
2024-04-17T01:00:00.000Z,0.5899,0.59081,0.58933,0.59021,9123
2024-04-17T05:00:00.000Z,0.59021,0.59171,0.58921,0.59082,13774
2024-04-17T09:00:00.000Z,0.59082,0.59135,0.59017,0.59044,12140
2024-04-17T13:00:00.000Z,0.59043,0.5913,0.58935,0.58993,19090
2024-04-17T17:00:00.000Z,0.58994,0.59249,0.58986,0.59159,11015
2024-04-17T21:00:00.000Z,0.59069,0.59186,0.59057,0.59131,5271
2024-04-18T01:00:00.000Z,0.59133,0.59285,0.59119,0.59202,10569
2024-04-18T05:00:00.000Z,0.59203,0.59327,0.59151,0.593,10797
2024-04-18T09:00:00.000Z,0.593,0.59312,0.59182,0.59235,11063
2024-04-18T13:00:00.000Z,0.59235,0.59278,0.59074,0.59087,18085
2024-04-18T17:00:00.000Z,0.59089,0.59094,0.58984,0.59009,8330
2024-04-18T21:00:00.000Z,0.59025,0.59041,0.58936,0.58945,6007
2024-04-19T01:00:00.000Z,0.58944,0.58963,0.58518,0.58828,26648
2024-04-19T05:00:00.000Z,0.58828,0.58974,0.58759,0.58904,18710
2024-04-19T09:00:00.000Z,0.58904,0.59002,0.58812,0.58941,14379
2024-04-19T13:00:00.000Z,0.58939,0.59061,0.58819,0.5891,20119
2024-04-19T17:00:00.000Z,0.58911,0.58936,0.58835,0.58876,8592
2024-04-21T21:00:00.000Z,0.58827,0.59119,0.58801,0.59054,6995
2024-04-22T01:00:00.000Z,0.59053,0.59282,0.59053,0.59114,8956
2024-04-22T05:00:00.000Z,0.59115,0.5913,0.59024,0.59062,10426
2024-04-22T09:00:00.000Z,0.59062,0.59121,0.59033,0.5907,10380
2024-04-22T13:00:00.000Z,0.5907,0.59131,0.58941,0.59117,13408
2024-04-22T17:00:00.000Z,0.59117,0.59225,0.59113,0.59184,5580
2024-04-22T21:00:00.000Z,0.59159,0.59256,0.59152,0.59253,4879
2024-04-23T01:00:00.000Z,0.59253,0.59279,0.59157,0.5917,7663
2024-04-23T05:00:00.000Z,0.5917,0.59189,0.59047,0.5907,9791
2024-04-23T09:00:00.000Z,0.5907,0.59162,0.59021,0.5915,9928
2024-04-23T13:00:00.000Z,0.5915,0.59478,0.5912,0.59384,16090
2024-04-23T17:00:00.000Z,0.59386,0.59428,0.59302,0.59318,5495
2024-04-23T21:00:00.000Z,0.59273,0.59428,0.59259,0.59422,5168
2024-04-24T01:00:00.000Z,0.59423,0.59518,0.59378,0.59451,9861
2024-04-24T05:00:00.000Z,0.59451,0.59473,0.5932,0.5937,9991
2024-04-24T09:00:00.000Z,0.5937,0.59419,0.59239,0.59276,8353
2024-04-24T13:00:00.000Z,0.59278,0.59383,0.59201,0.59279,13555
2024-04-24T17:00:00.000Z,0.59278,0.5939,0.59262,0.59355,7124
2024-04-24T21:00:00.000Z,0.59313,0.59412,0.59289,0.59387,6411
2024-04-25T01:00:00.000Z,0.59388,0.59457,0.59316,0.59422,7837
2024-04-25T05:00:00.000Z,0.59424,0.59642,0.59397,0.59629,9916
2024-04-25T09:00:00.000Z,0.59628,0.59682,0.59268,0.5929,11515
2024-04-25T13:00:00.000Z,0.59291,0.59461,0.59197,0.59444,19456
2024-04-25T17:00:00.000Z,0.59447,0.59524,0.59423,0.59488,8295
2024-04-25T21:00:00.000Z,0.59458,0.59636,0.59396,0.5963,6668
2024-04-26T01:00:00.000Z,0.59631,0.5968,0.59528,0.59558,8837
2024-04-26T05:00:00.000Z,0.59558,0.59692,0.59551,0.59609,13995
2024-04-26T09:00:00.000Z,0.59608,0.59637,0.59456,0.59537,12363
2024-04-26T13:00:00.000Z,0.59536,0.59591,0.59287,0.59406,16820
2024-04-26T17:00:00.000Z,0.59405,0.5948,0.59372,0.59398,4355
2024-04-28T21:00:00.000Z,0.5942,0.59505,0.59347,0.59493,3413
2024-04-29T01:00:00.000Z,0.59493,0.59823,0.59476,0.59738,12711
2024-04-29T05:00:00.000Z,0.59737,0.59773,0.59575,0.59637,15381
2024-04-29T09:00:00.000Z,0.59638,0.59797,0.59622,0.59652,8986
2024-04-29T13:00:00.000Z,0.59652,0.59827,0.59593,0.5979,11861
2024-04-29T17:00:00.000Z,0.59792,0.59842,0.59717,0.59775,6563
2024-04-29T21:00:00.000Z,0.59734,0.59792,0.59652,0.5968,4295
2024-04-30T01:00:00.000Z,0.59681,0.59729,0.59464,0.59486,7180
2024-04-30T05:00:00.000Z,0.59488,0.5949,0.59295,0.59429,7710
2024-04-30T09:00:00.000Z,0.59428,0.59527,0.59152,0.59166,10045
2024-04-30T13:00:00.000Z,0.59168,0.59246,0.59016,0.59047,16205
2024-04-30T17:00:00.000Z,0.59048,0.59061,0.58866,0.58871,5571
2024-04-30T21:00:00.000Z,0.58871,0.5891,0.58736,0.58837,4296
2024-05-01T01:00:00.000Z,0.58837,0.58893,0.58829,0.5886,3100
2024-05-01T05:00:00.000Z,0.58859,0.58913,0.58809,0.58901,4720
2024-05-01T09:00:00.000Z,0.58901,0.59008,0.58869,0.58977,6509
2024-05-01T13:00:00.000Z,0.58977,0.59076,0.58938,0.58969,11064
2024-05-01T17:00:00.000Z,0.58971,0.59395,0.58922,0.59315,23002
2024-05-01T21:00:00.000Z,0.59229,0.59345,0.59137,0.59206,6709
2024-05-02T01:00:00.000Z,0.59206,0.5931,0.59139,0.59268,6156
2024-05-02T05:00:00.000Z,0.59268,0.59473,0.59257,0.59338,11142
2024-05-02T09:00:00.000Z,0.59339,0.59408,0.59201,0.59286,11107
2024-05-02T13:00:00.000Z,0.59286,0.59519,0.59156,0.59492,16878
2024-05-02T17:00:00.000Z,0.59495,0.59676,0.59478,0.5962,5997
2024-05-02T21:00:00.000Z,0.59529,0.59697,0.5948,0.59693,5628
2024-05-03T01:00:00.000Z,0.59693,0.59783,0.59641,0.59678,6492
2024-05-03T05:00:00.000Z,0.59677,0.59811,0.59622,0.59804,8213
2024-05-03T09:00:00.000Z,0.59803,0.60442,0.59762,0.60374,12577
2024-05-03T13:00:00.000Z,0.60371,0.60482,0.60031,0.60113,24451
2024-05-03T17:00:00.000Z,0.60115,0.60187,0.60079,0.60101,4425
2024-05-05T21:00:00.000Z,0.60127,0.60135,0.59981,0.60047,4603
2024-05-06T01:00:00.000Z,0.60047,0.6012,0.59952,0.59991,6309
2024-05-06T05:00:00.000Z,0.59991,0.602,0.59973,0.60186,6615
2024-05-06T09:00:00.000Z,0.60188,0.60317,0.60156,0.60271,5811
2024-05-06T13:00:00.000Z,0.6027,0.60278,0.6007,0.60112,6532
2024-05-06T17:00:00.000Z,0.60114,0.60152,0.60074,0.60109,3029
2024-05-06T21:00:00.000Z,0.60117,0.60231,0.60057,0.60217,3782
2024-05-07T01:00:00.000Z,0.60216,0.60244,0.6005,0.60094,6754
2024-05-07T05:00:00.000Z,0.60096,0.60142,0.59994,0.60094,8705
2024-05-07T09:00:00.000Z,0.60093,0.60174,0.6,0.60153,6935
2024-05-07T13:00:00.000Z,0.60153,0.60206,0.60064,0.60074,8220
2024-05-07T17:00:00.000Z,0.60075,0.60085,0.5995,0.6002,4686
2024-05-07T21:00:00.000Z,0.60011,0.60036,0.5992,0.59932,3272
2024-05-08T01:00:00.000Z,0.59932,0.59949,0.59832,0.59919,4957
2024-05-08T05:00:00.000Z,0.59919,0.59961,0.59812,0.59825,6382
2024-05-08T09:00:00.000Z,0.59825,0.59915,0.59807,0.59872,5468
2024-05-08T13:00:00.000Z,0.59873,0.60033,0.59871,0.59991,7076
2024-05-08T17:00:00.000Z,0.59992,0.60038,0.59963,0.60038,2707
2024-05-08T21:00:00.000Z,0.60016,0.60074,0.59924,0.59937,2855
2024-05-09T01:00:00.000Z,0.59937,0.60087,0.59931,0.60025,4346
2024-05-09T05:00:00.000Z,0.60026,0.60044,0.59923,0.59957,5466
2024-05-09T09:00:00.000Z,0.59958,0.60205,0.59944,0.60151,8834
2024-05-09T13:00:00.000Z,0.6015,0.60252,0.60052,0.60221,9783
2024-05-09T17:00:00.000Z,0.60219,0.6035,0.60209,0.60344,3948
2024-05-09T21:00:00.000Z,0.60271,0.60398,0.60271,0.60288,5153
2024-05-10T01:00:00.000Z,0.60287,0.60326,0.60137,0.60225,6151
2024-05-10T05:00:00.000Z,0.60225,0.60301,0.60154,0.6016,8510
2024-05-10T09:00:00.000Z,0.60161,0.60219,0.60129,0.60163,8025
2024-05-10T13:00:00.000Z,0.60164,0.60343,0.60086,0.60195,12341
2024-05-10T17:00:00.000Z,0.60195,0.60228,0.60162,0.60185,2740
2024-05-12T21:00:00.000Z,0.6011,0.60225,0.60067,0.60149,3641
2024-05-13T01:00:00.000Z,0.6015,0.60175,0.59999,0.60064,6768
2024-05-13T05:00:00.000Z,0.60063,0.60144,0.6005,0.60115,10557
2024-05-13T09:00:00.000Z,0.60115,0.60262,0.60089,0.60255,7630
2024-05-13T13:00:00.000Z,0.60256,0.60307,0.60135,0.60165,10855
2024-05-13T17:00:00.000Z,0.60165,0.60193,0.60116,0.60167,6024
2024-05-13T21:00:00.000Z,0.60142,0.60255,0.60126,0.60158,6260
2024-05-14T01:00:00.000Z,0.60159,0.60179,0.60095,0.60145,7180
2024-05-14T05:00:00.000Z,0.60145,0.60275,0.60124,0.60238,7236
2024-05-14T09:00:00.000Z,0.60237,0.60293,0.59943,0.60223,10714
2024-05-14T13:00:00.000Z,0.60223,0.60377,0.60191,0.60342,13406
2024-05-14T17:00:00.000Z,0.60342,0.60425,0.6032,0.60405,4280
2024-05-14T21:00:00.000Z,0.6033,0.60503,0.60298,0.60433,3722
2024-05-15T01:00:00.000Z,0.60433,0.60608,0.60429,0.60564,5428
2024-05-15T05:00:00.000Z,0.60564,0.6066,0.60556,0.60629,6223
2024-05-15T09:00:00.000Z,0.60629,0.61012,0.60558,0.60834,10964
2024-05-15T13:00:00.000Z,0.60834,0.61155,0.60567,0.61149,16017
2024-05-15T17:00:00.000Z,0.61149,0.61242,0.61145,0.61218,5627
2024-05-15T21:00:00.000Z,0.61126,0.61402,0.61126,0.61382,5245
2024-05-16T01:00:00.000Z,0.61381,0.61383,0.61159,0.61233,8377
2024-05-16T05:00:00.000Z,0.61233,0.61251,0.61087,0.61123,8001
2024-05-16T09:00:00.000Z,0.61124,0.61142,0.61008,0.61035,8391
2024-05-16T13:00:00.000Z,0.61033,0.61222,0.60951,0.61191,9971
2024-05-16T17:00:00.000Z,0.61192,0.61221,0.61165,0.61219,4967
2024-05-16T21:00:00.000Z,0.61175,0.61266,0.61155,0.61168,4112
2024-05-17T01:00:00.000Z,0.61172,0.61185,0.6105,0.61113,6257
2024-05-17T05:00:00.000Z,0.61112,0.61229,0.61027,0.61063,6789
2024-05-17T09:00:00.000Z,0.61064,0.61125,0.61009,0.61117,4857
2024-05-17T13:00:00.000Z,0.61118,0.61347,0.61102,0.61327,10005
2024-05-17T17:00:00.000Z,0.61326,0.61393,0.61322,0.61344,2900
2024-05-19T21:00:00.000Z,0.61244,0.61375,0.61241,0.61283,4395
2024-05-20T01:00:00.000Z,0.61283,0.61331,0.61211,0.613,7652
2024-05-20T05:00:00.000Z,0.61302,0.61369,0.61163,0.61189,8137
2024-05-20T09:00:00.000Z,0.61189,0.61241,0.60962,0.61011,7543
2024-05-20T13:00:00.000Z,0.61012,0.61188,0.61009,0.61123,10072
2024-05-20T17:00:00.000Z,0.61123,0.61162,0.61052,0.61058,4625
2024-05-20T21:00:00.000Z,0.61042,0.61102,0.61,0.61073,3509
2024-05-21T01:00:00.000Z,0.61074,0.61081,0.60888,0.61003,7848
2024-05-21T05:00:00.000Z,0.61004,0.61082,0.60957,0.61028,7074
2024-05-21T09:00:00.000Z,0.61029,0.61073,0.6095,0.60996,7370
2024-05-21T13:00:00.000Z,0.60995,0.6107,0.60871,0.60934,14330
2024-05-21T17:00:00.000Z,0.60935,0.60968,0.60903,0.60915,4065
2024-05-21T21:00:00.000Z,0.60906,0.61021,0.60895,0.60993,5252
2024-05-22T01:00:00.000Z,0.60992,0.61523,0.6096,0.61175,9676
2024-05-22T05:00:00.000Z,0.61175,0.61297,0.61095,0.61141,9034
2024-05-22T09:00:00.000Z,0.61142,0.61245,0.61043,0.61125,9659
2024-05-22T13:00:00.000Z,0.61124,0.61217,0.61019,0.61082,12517
2024-05-22T17:00:00.000Z,0.61081,0.61096,0.60827,0.60963,9517
2024-05-22T21:00:00.000Z,0.60915,0.61096,0.60907,0.61037,4672
2024-05-23T01:00:00.000Z,0.61037,0.61222,0.61015,0.6119,8102
2024-05-23T05:00:00.000Z,0.6119,0.61204,0.61053,0.61148,10005
2024-05-23T09:00:00.000Z,0.61148,0.61317,0.61126,0.61274,8592
2024-05-23T13:00:00.000Z,0.61275,0.61335,0.61014,0.61068,19694
2024-05-23T17:00:00.000Z,0.61068,0.61068,0.60921,0.60989,8863
2024-05-23T21:00:00.000Z,0.6096,0.61008,0.60897,0.60936,4383
2024-05-24T01:00:00.000Z,0.60935,0.61004,0.60871,0.60975,7031
2024-05-24T05:00:00.000Z,0.60975,0.61068,0.60902,0.61052,7799
2024-05-24T09:00:00.000Z,0.61052,0.61139,0.61029,0.61104,7882
2024-05-24T13:00:00.000Z,0.61103,0.61261,0.61069,0.61181,12364
2024-05-24T17:00:00.000Z,0.61182,0.61257,0.61171,0.61208,4995
2024-05-26T21:00:00.000Z,0.61161,0.61267,0.61139,0.61225,4590
2024-05-27T01:00:00.000Z,0.61225,0.61311,0.61223,0.61298,4897
2024-05-27T05:00:00.000Z,0.61297,0.61354,0.61248,0.61347,5021
2024-05-27T09:00:00.000Z,0.61348,0.61466,0.61344,0.61465,6115
2024-05-27T13:00:00.000Z,0.61465,0.6153,0.61446,0.61483,5777
2024-05-27T17:00:00.000Z,0.61482,0.61534,0.61476,0.61491,1609
2024-05-27T21:00:00.000Z,0.61472,0.61597,0.61469,0.61561,4044
2024-05-28T01:00:00.000Z,0.61561,0.61652,0.61551,0.61589,7464
2024-05-28T05:00:00.000Z,0.6159,0.61653,0.61557,0.61603,8215
2024-05-28T09:00:00.000Z,0.61602,0.61678,0.6156,0.61671,7696
2024-05-28T13:00:00.000Z,0.6167,0.617,0.61471,0.61506,13197
2024-05-28T17:00:00.000Z,0.61505,0.61515,0.61371,0.61407,7682
2024-05-28T21:00:00.000Z,0.61363,0.61439,0.61327,0.61342,5220
2024-05-29T01:00:00.000Z,0.61343,0.61475,0.61279,0.61303,7762
2024-05-29T05:00:00.000Z,0.61303,0.61449,0.61248,0.61376,9301
2024-05-29T09:00:00.000Z,0.61375,0.61394,0.61217,0.613,9125
2024-05-29T13:00:00.000Z,0.61302,0.61318,0.61111,0.61173,14800
2024-05-29T17:00:00.000Z,0.61173,0.61214,0.61116,0.61143,6935
2024-05-29T21:00:00.000Z,0.61136,0.61169,0.61031,0.61063,4431
2024-05-30T01:00:00.000Z,0.61063,0.61141,0.61001,0.61041,7934
2024-05-30T05:00:00.000Z,0.61039,0.61092,0.60885,0.61077,10788
2024-05-30T09:00:00.000Z,0.61078,0.61203,0.60982,0.61172,11212
2024-05-30T13:00:00.000Z,0.61173,0.6131,0.61141,0.6128,14836
2024-05-30T17:00:00.000Z,0.61279,0.61295,0.61118,0.61142,6321
2024-05-30T21:00:00.000Z,0.61106,0.61249,0.61101,0.61243,4767
2024-05-31T01:00:00.000Z,0.61243,0.61286,0.61173,0.61239,10280
2024-05-31T05:00:00.000Z,0.61238,0.61321,0.61158,0.61262,9663
2024-05-31T09:00:00.000Z,0.61262,0.61562,0.61218,0.61552,11605
2024-05-31T13:00:00.000Z,0.61552,0.61653,0.61292,0.61352,18166
2024-05-31T17:00:00.000Z,0.61353,0.61475,0.61343,0.61444,7347
2024-06-02T21:00:00.000Z,0.61309,0.61556,0.61305,0.61538,6092
2024-06-03T01:00:00.000Z,0.61539,0.61586,0.61419,0.61471,7268
2024-06-03T05:00:00.000Z,0.61471,0.61487,0.61334,0.61411,10129
2024-06-03T09:00:00.000Z,0.61411,0.61632,0.61343,0.61603,10568
2024-06-03T13:00:00.000Z,0.61605,0.61889,0.61575,0.61757,19934
2024-06-03T17:00:00.000Z,0.61758,0.61929,0.61687,0.6192,9528
2024-06-03T21:00:00.000Z,0.61905,0.61979,0.61887,0.61895,4410
2024-06-04T01:00:00.000Z,0.61895,0.61942,0.61788,0.61908,7353
2024-06-04T05:00:00.000Z,0.61907,0.61926,0.61676,0.61703,12913
2024-06-04T09:00:00.000Z,0.61702,0.61738,0.61554,0.61716,14512
2024-06-04T13:00:00.000Z,0.61717,0.61818,0.61625,0.61727,21130
2024-06-04T17:00:00.000Z,0.61727,0.61818,0.61699,0.61767,9182
2024-06-04T21:00:00.000Z,0.61754,0.61845,0.61706,0.61809,5124
2024-06-05T01:00:00.000Z,0.61809,0.61912,0.61759,0.61873,8946
2024-06-05T05:00:00.000Z,0.61872,0.6198,0.61758,0.61851,11138
2024-06-05T09:00:00.000Z,0.61851,0.61902,0.61756,0.61881,10193
2024-06-05T13:00:00.000Z,0.6188,0.6194,0.61702,0.61838,18705
2024-06-05T17:00:00.000Z,0.61837,0.6195,0.61813,0.61917,5450
2024-06-05T21:00:00.000Z,0.61913,0.62063,0.61904,0.62056,4416
2024-06-06T01:00:00.000Z,0.62056,0.62147,0.61935,0.61951,8632
2024-06-06T05:00:00.000Z,0.61952,0.61965,0.61785,0.61859,8624
2024-06-06T09:00:00.000Z,0.61859,0.61927,0.61768,0.61797,10777
2024-06-06T13:00:00.000Z,0.61797,0.61981,0.61732,0.61957,13664
2024-06-06T17:00:00.000Z,0.61958,0.6205,0.6195,0.62,6321
2024-06-06T21:00:00.000Z,0.61953,0.62019,0.61902,0.61949,4265
2024-06-07T01:00:00.000Z,0.61948,0.62032,0.61882,0.61982,6763
2024-06-07T05:00:00.000Z,0.61983,0.6201,0.61878,0.61922,11085
2024-06-07T09:00:00.000Z,0.61922,0.61958,0.61361,0.61385,14686
2024-06-07T13:00:00.000Z,0.61384,0.61425,0.61051,0.61118,20464
2024-06-07T17:00:00.000Z,0.61117,0.61137,0.61016,0.6104,6822
2024-06-09T21:00:00.000Z,0.61005,0.61078,0.60992,0.61016,5244
2024-06-10T01:00:00.000Z,0.61017,0.61076,0.60993,0.61075,6105
2024-06-10T05:00:00.000Z,0.61076,0.61146,0.61028,0.61065,9605
2024-06-10T09:00:00.000Z,0.61065,0.61168,0.61035,0.61067,10677
2024-06-10T13:00:00.000Z,0.61067,0.61251,0.61018,0.61203,12358
2024-06-10T17:00:00.000Z,0.61203,0.61277,0.61167,0.61275,7444
2024-06-10T21:00:00.000Z,0.61264,0.61326,0.61251,0.6128,4640
2024-06-11T01:00:00.000Z,0.61279,0.61283,0.61176,0.61205,7286
2024-06-11T05:00:00.000Z,0.61204,0.61307,0.61201,0.61251,9232
2024-06-11T09:00:00.000Z,0.61251,0.61304,0.61174,0.61298,11980
2024-06-11T13:00:00.000Z,0.61297,0.61369,0.61183,0.61352,12062
2024-06-11T17:00:00.000Z,0.61352,0.61498,0.61342,0.61437,6372
2024-06-11T21:00:00.000Z,0.6139,0.61474,0.61342,0.61371,4115
2024-06-12T01:00:00.000Z,0.6137,0.61483,0.61356,0.61423,6783
2024-06-12T05:00:00.000Z,0.61423,0.61492,0.61372,0.61427,7998
2024-06-12T09:00:00.000Z,0.61427,0.62128,0.61405,0.62092,8359
2024-06-12T13:00:00.000Z,0.62091,0.62217,0.62022,0.62157,12373
2024-06-12T17:00:00.000Z,0.62159,0.62166,0.61746,0.61838,12980
2024-06-12T21:00:00.000Z,0.6184,0.6188,0.6179,0.61811,2781
2024-06-13T01:00:00.000Z,0.61811,0.61842,0.61679,0.61681,4930
2024-06-13T05:00:00.000Z,0.6168,0.61789,0.61649,0.61788,5790
2024-06-13T09:00:00.000Z,0.61788,0.61984,0.61667,0.61801,8024
2024-06-13T13:00:00.000Z,0.61802,0.61843,0.61598,0.61627,11513
2024-06-13T17:00:00.000Z,0.61627,0.61743,0.61627,0.61685,5327
2024-06-13T21:00:00.000Z,0.61681,0.61696,0.61476,0.61481,3016
2024-06-14T01:00:00.000Z,0.61481,0.6162,0.61473,0.61504,6511
2024-06-14T05:00:00.000Z,0.61506,0.61537,0.6132,0.61342,8900
2024-06-14T09:00:00.000Z,0.61342,0.61399,0.61207,0.61296,10964
2024-06-14T13:00:00.000Z,0.61297,0.61427,0.61157,0.61412,11383
2024-06-14T17:00:00.000Z,0.61413,0.61426,0.61319,0.61416,4121
2024-06-16T21:00:00.000Z,0.61251,0.61404,0.61235,0.61308,4115
2024-06-17T01:00:00.000Z,0.61309,0.61317,0.61233,0.61248,5070
2024-06-17T05:00:00.000Z,0.61248,0.61251,0.61082,0.61211,7975
2024-06-17T09:00:00.000Z,0.61211,0.61244,0.61043,0.61095,7222
2024-06-17T13:00:00.000Z,0.61095,0.61235,0.61089,0.6122,7976
2024-06-17T17:00:00.000Z,0.6122,0.61338,0.61219,0.61296,4269
2024-06-17T21:00:00.000Z,0.61152,0.61396,0.61152,0.61354,3761
2024-06-18T01:00:00.000Z,0.61354,0.61365,0.61136,0.61161,6180
2024-06-18T05:00:00.000Z,0.61158,0.61238,0.60967,0.6105,8454
2024-06-18T09:00:00.000Z,0.6105,0.61184,0.60981,0.61142,8369
2024-06-18T13:00:00.000Z,0.61145,0.61469,0.6113,0.61438,10734
2024-06-18T17:00:00.000Z,0.61438,0.6148,0.61387,0.6145,5713
2024-06-18T21:00:00.000Z,0.61399,0.61456,0.61368,0.61386,2775
2024-06-19T01:00:00.000Z,0.61386,0.61407,0.61305,0.61315,3603
2024-06-19T05:00:00.000Z,0.61313,0.61407,0.61294,0.61381,6213
2024-06-19T09:00:00.000Z,0.61379,0.61415,0.61299,0.61343,5721
2024-06-19T13:00:00.000Z,0.61344,0.61377,0.61306,0.61306,4026
2024-06-19T17:00:00.000Z,0.61305,0.61312,0.61278,0.61308,1671
2024-06-19T21:00:00.000Z,0.61281,0.61476,0.61281,0.61314,3834
2024-06-20T01:00:00.000Z,0.61315,0.61371,0.61246,0.61332,5201
2024-06-20T05:00:00.000Z,0.61332,0.61371,0.61251,0.61262,6098
2024-06-20T09:00:00.000Z,0.61263,0.61358,0.61228,0.61251,7809
2024-06-20T13:00:00.000Z,0.61252,0.6132,0.61113,0.6116,10391
2024-06-20T17:00:00.000Z,0.61161,0.61284,0.61143,0.61187,5994
2024-06-20T21:00:00.000Z,0.61186,0.61252,0.61151,0.61159,2702
2024-06-21T01:00:00.000Z,0.61159,0.61259,0.61157,0.61255,4609
2024-06-21T05:00:00.000Z,0.61255,0.61299,0.61179,0.61274,7137
2024-06-21T09:00:00.000Z,0.61275,0.61341,0.61212,0.61293,7807
2024-06-21T13:00:00.000Z,0.61293,0.61301,0.61088,0.61182,10295
2024-06-21T17:00:00.000Z,0.61181,0.61232,0.61159,0.61177,3539
2024-06-23T21:00:00.000Z,0.6109,0.61183,0.6107,0.6112,3045
2024-06-24T01:00:00.000Z,0.6112,0.61132,0.61044,0.6112,5217
2024-06-24T05:00:00.000Z,0.61121,0.61287,0.61118,0.61276,5234
2024-06-24T09:00:00.000Z,0.61276,0.61294,0.61136,0.61213,8480
2024-06-24T13:00:00.000Z,0.61212,0.614,0.61212,0.61237,9032
2024-06-24T17:00:00.000Z,0.61236,0.61305,0.61184,0.61249,4762
2024-06-24T21:00:00.000Z,0.61183,0.61257,0.61164,0.61204,4316
2024-06-25T01:00:00.000Z,0.61204,0.61256,0.61179,0.61224,5803
2024-06-25T05:00:00.000Z,0.61223,0.61303,0.61217,0.6127,6908
2024-06-25T09:00:00.000Z,0.61269,0.61289,0.61155,0.6118,7007
2024-06-25T13:00:00.000Z,0.6118,0.61209,0.61075,0.61096,10172
2024-06-25T17:00:00.000Z,0.61096,0.61228,0.61087,0.61198,4704
2024-06-25T21:00:00.000Z,0.61133,0.61214,0.61125,0.61172,3313
2024-06-26T01:00:00.000Z,0.61171,0.61276,0.61105,0.61122,7902
2024-06-26T05:00:00.000Z,0.61122,0.61204,0.61031,0.61038,7869
2024-06-26T09:00:00.000Z,0.61038,0.61097,0.60868,0.60878,8399
2024-06-26T13:00:00.000Z,0.60878,0.60925,0.60759,0.60791,10822
2024-06-26T17:00:00.000Z,0.60791,0.60846,0.60737,0.60825,5413
2024-06-26T21:00:00.000Z,0.60742,0.60869,0.60684,0.60699,4454
2024-06-27T01:00:00.000Z,0.607,0.60876,0.60697,0.60869,6227
2024-06-27T05:00:00.000Z,0.60872,0.60968,0.60849,0.60955,9405
2024-06-27T09:00:00.000Z,0.60956,0.61083,0.6093,0.61063,11615
2024-06-27T13:00:00.000Z,0.61062,0.61065,0.60848,0.60889,13575
2024-06-27T17:00:00.000Z,0.60889,0.60898,0.60822,0.60826,5451
2024-06-27T21:00:00.000Z,0.60833,0.60858,0.60731,0.60732,4157
2024-06-28T01:00:00.000Z,0.60732,0.60749,0.60573,0.60593,10896
2024-06-28T05:00:00.000Z,0.60593,0.60722,0.60585,0.60701,9868
2024-06-28T09:00:00.000Z,0.60702,0.60957,0.60674,0.60918,12957
2024-06-28T13:00:00.000Z,0.60917,0.61009,0.60855,0.60951,18680
2024-06-28T17:00:00.000Z,0.60951,0.61047,0.60868,0.60903,6179
2024-06-30T21:00:00.000Z,0.60935,0.61035,0.60866,0.60981,7065
2024-07-01T01:00:00.000Z,0.6098,0.61032,0.60954,0.60973,8787
2024-07-01T05:00:00.000Z,0.60972,0.61071,0.60965,0.6104,10952
2024-07-01T09:00:00.000Z,0.6104,0.6104,0.60797,0.60861,10460
2024-07-01T13:00:00.000Z,0.60863,0.6104,0.60647,0.60721,15023
2024-07-01T17:00:00.000Z,0.60722,0.60773,0.60664,0.60758,4781
2024-07-01T21:00:00.000Z,0.60679,0.60773,0.60556,0.6056,4856
2024-07-02T01:00:00.000Z,0.6056,0.6061,0.60473,0.60539,7815
2024-07-02T05:00:00.000Z,0.6054,0.60572,0.60473,0.60568,9476
2024-07-02T09:00:00.000Z,0.60568,0.60662,0.60508,0.60635,8771
2024-07-02T13:00:00.000Z,0.60632,0.60787,0.60622,0.60705,16274
2024-07-02T17:00:00.000Z,0.60703,0.60824,0.60697,0.60785,5477
2024-07-02T21:00:00.000Z,0.60759,0.60855,0.60748,0.60817,4361
2024-07-03T01:00:00.000Z,0.60816,0.60828,0.60755,0.60768,6731
2024-07-03T05:00:00.000Z,0.60768,0.60845,0.60706,0.60762,8700
2024-07-03T09:00:00.000Z,0.60762,0.60828,0.60693,0.60797,9432
2024-07-03T13:00:00.000Z,0.60797,0.61286,0.60792,0.61117,15675
2024-07-03T17:00:00.000Z,0.61117,0.61117,0.60982,0.61034,3865
2024-07-03T21:00:00.000Z,0.61004,0.61145,0.60997,0.61139,3474
2024-07-04T01:00:00.000Z,0.61141,0.61179,0.61066,0.61083,6251
2024-07-04T05:00:00.000Z,0.61081,0.61184,0.61067,0.61167,7105
2024-07-04T09:00:00.000Z,0.61168,0.61224,0.61132,0.61176,5744
2024-07-04T13:00:00.000Z,0.61176,0.61197,0.61142,0.61192,5153
2024-07-04T17:00:00.000Z,0.61191,0.61197,0.6116,0.61161,757
2024-07-04T21:00:00.000Z,0.61161,0.61206,0.61116,0.61169,4176
2024-07-05T01:00:00.000Z,0.6117,0.61238,0.61153,0.61192,7386
2024-07-05T05:00:00.000Z,0.61192,0.61216,0.61133,0.61203,8489
2024-07-05T09:00:00.000Z,0.61204,0.61417,0.61047,0.61288,11948
2024-07-05T13:00:00.000Z,0.61288,0.61398,0.61146,0.61342,19567
2024-07-05T17:00:00.000Z,0.61343,0.61487,0.6133,0.61448,4683
2024-07-07T21:00:00.000Z,0.61332,0.61475,0.61322,0.6136,5777
2024-07-08T01:00:00.000Z,0.61359,0.61534,0.61343,0.6147,7483
2024-07-08T05:00:00.000Z,0.61469,0.61476,0.61336,0.61339,9426
2024-07-08T09:00:00.000Z,0.61337,0.61413,0.61297,0.61403,7200
2024-07-08T13:00:00.000Z,0.61404,0.61421,0.61301,0.61329,9634
2024-07-08T17:00:00.000Z,0.61328,0.61343,0.6123,0.61256,3018
2024-07-08T21:00:00.000Z,0.61178,0.61327,0.61178,0.61236,2938
2024-07-09T01:00:00.000Z,0.61235,0.61286,0.6116,0.61255,5896
2024-07-09T05:00:00.000Z,0.61255,0.61276,0.61142,0.6115,7182
2024-07-09T09:00:00.000Z,0.6115,0.61206,0.61133,0.61187,7372
2024-07-09T13:00:00.000Z,0.61187,0.61318,0.61119,0.61212,12646
2024-07-09T17:00:00.000Z,0.61211,0.61269,0.61208,0.61248,4774
2024-07-09T21:00:00.000Z,0.61218,0.61316,0.61184,0.61252,2586
2024-07-10T01:00:00.000Z,0.61253,0.61299,0.60748,0.60914,10012
2024-07-10T05:00:00.000Z,0.60915,0.60946,0.60647,0.60702,7894
2024-07-10T09:00:00.000Z,0.60703,0.60822,0.60668,0.60789,7134
2024-07-10T13:00:00.000Z,0.60789,0.60886,0.60786,0.60824,9698
2024-07-10T17:00:00.000Z,0.60826,0.60845,0.60746,0.60807,4124
2024-07-10T21:00:00.000Z,0.60789,0.60914,0.60786,0.60887,3311
2024-07-11T01:00:00.000Z,0.60887,0.60983,0.60819,0.60956,5100
2024-07-11T05:00:00.000Z,0.60956,0.6097,0.60867,0.60919,6904
2024-07-11T09:00:00.000Z,0.60918,0.61345,0.6082,0.61243,11640
2024-07-11T13:00:00.000Z,0.61242,0.61313,0.61009,0.61034,23688
2024-07-11T17:00:00.000Z,0.61034,0.61038,0.60911,0.6095,7909
2024-07-11T21:00:00.000Z,0.60918,0.60975,0.60802,0.60812,9687
2024-07-12T01:00:00.000Z,0.60813,0.61029,0.60761,0.61009,8919
2024-07-12T05:00:00.000Z,0.61009,0.61097,0.6094,0.61095,8322
2024-07-12T09:00:00.000Z,0.61096,0.61154,0.60965,0.61116,10595
2024-07-12T13:00:00.000Z,0.61116,0.61258,0.61116,0.61184,16366
2024-07-12T17:00:00.000Z,0.61186,0.61229,0.61145,0.6118,3513
2024-07-14T21:00:00.000Z,0.61056,0.61094,0.60905,0.60969,7652
2024-07-15T01:00:00.000Z,0.60967,0.61006,0.60906,0.60992,6646
2024-07-15T05:00:00.000Z,0.60991,0.61019,0.6085,0.60994,8524
2024-07-15T09:00:00.000Z,0.60993,0.61003,0.60808,0.60873,8515
2024-07-15T13:00:00.000Z,0.60874,0.60995,0.60858,0.60895,12982
2024-07-15T17:00:00.000Z,0.60896,0.60896,0.60725,0.60749,8117
2024-07-15T21:00:00.000Z,0.60735,0.60764,0.60628,0.60641,4070
2024-07-16T01:00:00.000Z,0.60645,0.60665,0.60517,0.60536,5864
2024-07-16T05:00:00.000Z,0.60534,0.6061,0.60478,0.6058,8656
2024-07-16T09:00:00.000Z,0.60581,0.60733,0.60424,0.60482,10941
2024-07-16T13:00:00.000Z,0.60481,0.60487,0.60358,0.60395,12840
2024-07-16T17:00:00.000Z,0.60396,0.60524,0.60393,0.60494,4041
2024-07-16T21:00:00.000Z,0.60437,0.60794,0.60344,0.60755,7854
2024-07-17T01:00:00.000Z,0.60755,0.60817,0.60658,0.60668,5525
2024-07-17T05:00:00.000Z,0.60667,0.60921,0.60647,0.60907,13351
2024-07-17T09:00:00.000Z,0.60907,0.60971,0.60762,0.60851,9869
2024-07-17T13:00:00.000Z,0.60851,0.60889,0.6066,0.60715,15231
2024-07-17T17:00:00.000Z,0.60714,0.60827,0.60696,0.60819,5994
2024-07-17T21:00:00.000Z,0.60677,0.60826,0.60677,0.60731,5088
2024-07-18T01:00:00.000Z,0.60732,0.60816,0.6064,0.60712,9191
2024-07-18T05:00:00.000Z,0.60711,0.60783,0.60663,0.60705,10849
2024-07-18T09:00:00.000Z,0.60705,0.60754,0.60668,0.60731,8944
2024-07-18T13:00:00.000Z,0.60732,0.6076,0.60607,0.60633,16036
2024-07-18T17:00:00.000Z,0.60632,0.6064,0.60432,0.60453,6248
2024-07-18T21:00:00.000Z,0.60431,0.60485,0.60332,0.60338,4985
2024-07-19T01:00:00.000Z,0.60339,0.60352,0.60216,0.60223,7395
2024-07-19T05:00:00.000Z,0.60224,0.60393,0.60213,0.60258,10429
2024-07-19T09:00:00.000Z,0.60258,0.60273,0.60172,0.60191,9215
2024-07-19T13:00:00.000Z,0.60191,0.60234,0.60115,0.60122,12894
2024-07-19T17:00:00.000Z,0.60122,0.60143,0.60053,0.60078,5723
2024-07-21T21:00:00.000Z,0.60089,0.60277,0.60057,0.60142,6217
2024-07-22T01:00:00.000Z,0.60141,0.60175,0.59923,0.59928,9189
2024-07-22T05:00:00.000Z,0.59927,0.60029,0.59906,0.60001,9669
2024-07-22T09:00:00.000Z,0.6,0.60041,0.59838,0.59859,8675
2024-07-22T13:00:00.000Z,0.59858,0.59864,0.59714,0.59736,12040
2024-07-22T17:00:00.000Z,0.59736,0.59795,0.59736,0.59784,3970
2024-07-22T21:00:00.000Z,0.59734,0.59805,0.59666,0.59676,4409
2024-07-23T01:00:00.000Z,0.59675,0.59766,0.59651,0.59653,6983
2024-07-23T05:00:00.000Z,0.59654,0.59687,0.59599,0.59635,8669
2024-07-23T09:00:00.000Z,0.59636,0.59665,0.59572,0.59605,8843
2024-07-23T13:00:00.000Z,0.59603,0.59622,0.59513,0.59529,9576
2024-07-23T17:00:00.000Z,0.59529,0.59583,0.59504,0.59557,5330
2024-07-23T21:00:00.000Z,0.5953,0.59568,0.59413,0.59445,4383
2024-07-24T01:00:00.000Z,0.59446,0.59474,0.59133,0.59178,8750
2024-07-24T05:00:00.000Z,0.59179,0.59355,0.59177,0.59259,10404
2024-07-24T09:00:00.000Z,0.59258,0.59478,0.59241,0.59469,8796
2024-07-24T13:00:00.000Z,0.59469,0.59496,0.59364,0.59435,14339
2024-07-24T17:00:00.000Z,0.59435,0.59457,0.59238,0.59296,6249
2024-07-24T21:00:00.000Z,0.59246,0.59314,0.59142,0.59188,6001
2024-07-25T01:00:00.000Z,0.59189,0.59239,0.59128,0.59132,9301
2024-07-25T05:00:00.000Z,0.59132,0.59266,0.59045,0.59119,13131
2024-07-25T09:00:00.000Z,0.59118,0.59138,0.58796,0.5893,15050
2024-07-25T13:00:00.000Z,0.58929,0.59084,0.58895,0.59049,18845
2024-07-25T17:00:00.000Z,0.5905,0.59082,0.58829,0.5887,9036
2024-07-25T21:00:00.000Z,0.58851,0.5892,0.58805,0.58871,5285
2024-07-26T01:00:00.000Z,0.5887,0.58947,0.58826,0.58887,7140
2024-07-26T05:00:00.000Z,0.58888,0.59042,0.58887,0.59025,7638
2024-07-26T09:00:00.000Z,0.59022,0.59023,0.58832,0.58944,8784
2024-07-26T13:00:00.000Z,0.58946,0.59053,0.58874,0.58981,11702
2024-07-26T17:00:00.000Z,0.58981,0.58985,0.58876,0.58887,4895
2024-07-28T21:00:00.000Z,0.58865,0.58997,0.58855,0.58974,5400
2024-07-29T01:00:00.000Z,0.58974,0.59003,0.58845,0.58853,7742
2024-07-29T05:00:00.000Z,0.58855,0.58923,0.58745,0.58782,8522
2024-07-29T09:00:00.000Z,0.58782,0.58861,0.58678,0.58678,6116
2024-07-29T13:00:00.000Z,0.58679,0.58768,0.58574,0.58742,10936
2024-07-29T17:00:00.000Z,0.58743,0.58794,0.58714,0.58748,4045
2024-07-29T21:00:00.000Z,0.58626,0.58817,0.58626,0.58768,3849
2024-07-30T01:00:00.000Z,0.58768,0.5894,0.58675,0.5891,7060
2024-07-30T05:00:00.000Z,0.58909,0.5901,0.58888,0.58951,8776
2024-07-30T09:00:00.000Z,0.58952,0.58964,0.58834,0.58866,6081
2024-07-30T13:00:00.000Z,0.58866,0.59053,0.58859,0.59001,13133
2024-07-30T17:00:00.000Z,0.59002,0.59052,0.58956,0.59021,5991
2024-07-30T21:00:00.000Z,0.58959,0.59081,0.58925,0.59041,5807
2024-07-31T01:00:00.000Z,0.59042,0.59246,0.58877,0.59069,13601
2024-07-31T05:00:00.000Z,0.5907,0.59282,0.58962,0.59151,14169
2024-07-31T09:00:00.000Z,0.59151,0.59341,0.59098,0.59327,10804
2024-07-31T13:00:00.000Z,0.59329,0.59478,0.5932,0.59437,13982
2024-07-31T17:00:00.000Z,0.59437,0.59615,0.59325,0.59501,16270
2024-07-31T21:00:00.000Z,0.59409,0.59608,0.59407,0.5958,6611
2024-08-01T01:00:00.000Z,0.59579,0.59627,0.59443,0.5953,14791
2024-08-01T05:00:00.000Z,0.59531,0.59551,0.59381,0.59389,13977
2024-08-01T09:00:00.000Z,0.59388,0.5959,0.59375,0.5957,11055
2024-08-01T13:00:00.000Z,0.59569,0.59821,0.5952,0.5956,18142
2024-08-01T17:00:00.000Z,0.59561,0.59576,0.59406,0.59457,8733
2024-08-01T21:00:00.000Z,0.59407,0.5948,0.59301,0.5937,7642
2024-08-02T01:00:00.000Z,0.59369,0.59561,0.59351,0.59517,10550
2024-08-02T05:00:00.000Z,0.59518,0.59604,0.59416,0.59451,14594
2024-08-02T09:00:00.000Z,0.5945,0.59811,0.59416,0.59692,16342
2024-08-02T13:00:00.000Z,0.59692,0.59843,0.59607,0.5963,26164
2024-08-02T17:00:00.000Z,0.5963,0.59668,0.59555,0.59569,9704
2024-08-04T21:00:00.000Z,0.59529,0.59589,0.59376,0.59509,14056
2024-08-05T01:00:00.000Z,0.59507,0.59576,0.59326,0.59429,20876
2024-08-05T05:00:00.000Z,0.5943,0.59442,0.58495,0.59248,35708
2024-08-05T09:00:00.000Z,0.59246,0.59434,0.59221,0.59327,23121
2024-08-05T13:00:00.000Z,0.59326,0.59711,0.59205,0.59257,42176
2024-08-05T17:00:00.000Z,0.59257,0.59388,0.59252,0.59373,15881
2024-08-05T21:00:00.000Z,0.59308,0.59798,0.593,0.59742,12893
2024-08-06T01:00:00.000Z,0.59744,0.59762,0.59222,0.5929,14224
2024-08-06T05:00:00.000Z,0.5929,0.59334,0.59149,0.593,22721
2024-08-06T09:00:00.000Z,0.59297,0.59297,0.5913,0.59131,20599
2024-08-06T13:00:00.000Z,0.59131,0.5959,0.59128,0.59578,23547
2024-08-06T17:00:00.000Z,0.59576,0.59634,0.59515,0.59528,10477
2024-08-06T21:00:00.000Z,0.59409,0.59982,0.59409,0.5997,9837
2024-08-07T01:00:00.000Z,0.5997,0.60174,0.59932,0.60077,16696
2024-08-07T05:00:00.000Z,0.60077,0.60197,0.60014,0.60152,17023
2024-08-07T09:00:00.000Z,0.60151,0.60248,0.60112,0.60198,12407
2024-08-07T13:00:00.000Z,0.60197,0.60229,0.60051,0.6009,14967
2024-08-07T17:00:00.000Z,0.6009,0.6009,0.59893,0.59942,11061
2024-08-07T21:00:00.000Z,0.59861,0.59984,0.5982,0.59946,8035
2024-08-08T01:00:00.000Z,0.59946,0.60092,0.59894,0.6001,14529
2024-08-08T05:00:00.000Z,0.60009,0.60068,0.59905,0.59976,14369
2024-08-08T09:00:00.000Z,0.59976,0.60003,0.5978,0.59811,16073
2024-08-08T13:00:00.000Z,0.59811,0.60059,0.59769,0.59971,21168
2024-08-08T17:00:00.000Z,0.59972,0.60143,0.59945,0.60126,7823
2024-08-08T21:00:00.000Z,0.60048,0.60146,0.60001,0.60058,6821
2024-08-09T01:00:00.000Z,0.60057,0.60347,0.60056,0.60252,13235
2024-08-09T05:00:00.000Z,0.60253,0.6034,0.60181,0.60255,15229
2024-08-09T09:00:00.000Z,0.60255,0.60256,0.6006,0.60092,11087
2024-08-09T13:00:00.000Z,0.60092,0.60218,0.60037,0.60068,13998
2024-08-09T17:00:00.000Z,0.60067,0.60086,0.59941,0.59983,5878
2024-08-11T21:00:00.000Z,0.5995,0.60118,0.5989,0.60075,5109
2024-08-12T01:00:00.000Z,0.60077,0.60161,0.6007,0.60126,7777
2024-08-12T05:00:00.000Z,0.60126,0.60311,0.60064,0.60276,8896
2024-08-12T09:00:00.000Z,0.60275,0.60324,0.60199,0.60216,6982
2024-08-12T13:00:00.000Z,0.60216,0.60296,0.60138,0.6014,12954
2024-08-12T17:00:00.000Z,0.60139,0.60225,0.60125,0.60171,6764
2024-08-12T21:00:00.000Z,0.60155,0.60257,0.60155,0.6023,6458
2024-08-13T01:00:00.000Z,0.6023,0.60372,0.60183,0.60346,9102
2024-08-13T05:00:00.000Z,0.60345,0.60454,0.60284,0.60384,9679
2024-08-13T09:00:00.000Z,0.60384,0.60566,0.60331,0.60526,11080
2024-08-13T13:00:00.000Z,0.60526,0.60706,0.60459,0.60691,15875
2024-08-13T17:00:00.000Z,0.6069,0.60814,0.60655,0.60769,7444
2024-08-13T21:00:00.000Z,0.60631,0.60836,0.60631,0.60797,7656
2024-08-14T01:00:00.000Z,0.60794,0.60799,0.6004,0.60067,16613
2024-08-14T05:00:00.000Z,0.60069,0.60204,0.60024,0.60114,9744
2024-08-14T09:00:00.000Z,0.60114,0.60273,0.60025,0.60097,9601
2024-08-14T13:00:00.000Z,0.60097,0.60306,0.60035,0.60116,14885
2024-08-14T17:00:00.000Z,0.60116,0.60126,0.59945,0.59968,5004
2024-08-14T21:00:00.000Z,0.59981,0.60026,0.59925,0.59951,5812
2024-08-15T01:00:00.000Z,0.59954,0.60071,0.59825,0.60045,11968
2024-08-15T05:00:00.000Z,0.60044,0.60089,0.59983,0.59989,7180
2024-08-15T09:00:00.000Z,0.59988,0.60145,0.59811,0.59862,11086
2024-08-15T13:00:00.000Z,0.59862,0.60127,0.5974,0.60001,15139
2024-08-15T17:00:00.000Z,0.60001,0.60018,0.59845,0.59856,6502
2024-08-15T21:00:00.000Z,0.59791,0.59889,0.59782,0.59885,4962
2024-08-16T01:00:00.000Z,0.59886,0.60145,0.59849,0.60142,6668
2024-08-16T05:00:00.000Z,0.60143,0.60252,0.60112,0.60184,7347
2024-08-16T09:00:00.000Z,0.60183,0.60282,0.60181,0.60232,8656
2024-08-16T13:00:00.000Z,0.60233,0.60424,0.60146,0.60407,12401
2024-08-16T17:00:00.000Z,0.60407,0.60552,0.60393,0.60532,4579
2024-08-18T21:00:00.000Z,0.60407,0.60616,0.60407,0.60559,5509
2024-08-19T01:00:00.000Z,0.6056,0.60859,0.6055,0.60803,10670
2024-08-19T05:00:00.000Z,0.60804,0.60838,0.60666,0.60714,12013
2024-08-19T09:00:00.000Z,0.60713,0.60795,0.60665,0.60732,7800
2024-08-19T13:00:00.000Z,0.60732,0.6098,0.6068,0.60936,11935
2024-08-19T17:00:00.000Z,0.60936,0.61165,0.60916,0.6116,5409
2024-08-19T21:00:00.000Z,0.61064,0.61196,0.61062,0.61184,5788
2024-08-20T01:00:00.000Z,0.61192,0.61248,0.61109,0.61184,12382
2024-08-20T05:00:00.000Z,0.61183,0.61381,0.61165,0.61358,12114
2024-08-20T09:00:00.000Z,0.61358,0.61442,0.61311,0.61442,9567
2024-08-20T13:00:00.000Z,0.61442,0.61527,0.61372,0.61445,16623
2024-08-20T17:00:00.000Z,0.61446,0.6157,0.6141,0.61547,6258
2024-08-20T21:00:00.000Z,0.61506,0.61633,0.61485,0.61627,6262
2024-08-21T01:00:00.000Z,0.61625,0.61625,0.61384,0.61423,8240
2024-08-21T05:00:00.000Z,0.61423,0.61477,0.61322,0.6138,9194
2024-08-21T09:00:00.000Z,0.61381,0.61468,0.6135,0.61455,6750
2024-08-21T13:00:00.000Z,0.61456,0.61656,0.61337,0.61556,20538
2024-08-21T17:00:00.000Z,0.61556,0.61779,0.61535,0.61562,8423
2024-08-21T21:00:00.000Z,0.61546,0.61649,0.61531,0.61542,4095
2024-08-22T01:00:00.000Z,0.6154,0.61553,0.61431,0.61511,5381
2024-08-22T05:00:00.000Z,0.61511,0.61695,0.61482,0.61608,6612
2024-08-22T09:00:00.000Z,0.61608,0.61624,0.6143,0.61575,8306
2024-08-22T13:00:00.000Z,0.61576,0.61578,0.61275,0.61378,14948
2024-08-22T17:00:00.000Z,0.61379,0.6143,0.61317,0.61412,6413
2024-08-22T21:00:00.000Z,0.61333,0.61486,0.61313,0.61454,4687
2024-08-23T01:00:00.000Z,0.61454,0.61551,0.61445,0.61529,5378
2024-08-23T05:00:00.000Z,0.6153,0.616,0.61473,0.61534,6491
2024-08-23T09:00:00.000Z,0.61534,0.61607,0.61522,0.61593,5576
2024-08-23T13:00:00.000Z,0.61592,0.62228,0.61521,0.62145,22966
2024-08-23T17:00:00.000Z,0.62143,0.62362,0.62134,0.62346,7144
2024-08-25T21:00:00.000Z,0.6223,0.62324,0.62193,0.62275,5687
2024-08-26T01:00:00.000Z,0.62274,0.62317,0.62127,0.62145,5657
2024-08-26T05:00:00.000Z,0.62146,0.62167,0.62028,0.62067,7096
2024-08-26T09:00:00.000Z,0.62067,0.62089,0.61971,0.62053,7616
2024-08-26T13:00:00.000Z,0.62053,0.62154,0.62012,0.62134,11593
2024-08-26T17:00:00.000Z,0.62133,0.62165,0.62037,0.62047,4748
2024-08-26T21:00:00.000Z,0.61934,0.62084,0.61934,0.61965,4782
2024-08-27T01:00:00.000Z,0.61966,0.62196,0.61938,0.6219,5274
2024-08-27T05:00:00.000Z,0.62189,0.62271,0.62119,0.62181,7811
2024-08-27T09:00:00.000Z,0.6218,0.62345,0.62167,0.62251,8386
2024-08-27T13:00:00.000Z,0.6225,0.62384,0.62209,0.62352,12205
2024-08-27T17:00:00.000Z,0.62353,0.62545,0.62344,0.62528,5409
2024-08-27T21:00:00.000Z,0.62503,0.6253,0.62416,0.62474,4317
2024-08-28T01:00:00.000Z,0.62473,0.62525,0.62359,0.62461,7741
2024-08-28T05:00:00.000Z,0.62461,0.62478,0.62238,0.62441,9137
2024-08-28T09:00:00.000Z,0.62442,0.62483,0.62329,0.6235,8233
2024-08-28T13:00:00.000Z,0.6235,0.62501,0.6229,0.62352,14988
2024-08-28T17:00:00.000Z,0.62352,0.62458,0.62282,0.62444,6353
2024-08-28T21:00:00.000Z,0.62397,0.62645,0.62387,0.62603,3989
2024-08-29T01:00:00.000Z,0.62602,0.62946,0.62602,0.6292,7254
2024-08-29T05:00:00.000Z,0.6292,0.62988,0.62701,0.62743,10795
2024-08-29T09:00:00.000Z,0.62743,0.62827,0.62544,0.62574,11028
2024-08-29T13:00:00.000Z,0.62576,0.62708,0.62475,0.62641,15040
2024-08-29T17:00:00.000Z,0.6264,0.62705,0.62553,0.62569,7373
2024-08-29T21:00:00.000Z,0.62555,0.62725,0.62481,0.62711,3720
2024-08-30T01:00:00.000Z,0.62709,0.6274,0.6258,0.62607,5165
2024-08-30T05:00:00.000Z,0.62607,0.62706,0.62495,0.62612,6692
2024-08-30T09:00:00.000Z,0.62612,0.62665,0.62415,0.62485,8539
2024-08-30T13:00:00.000Z,0.62487,0.6262,0.62295,0.62361,18524
2024-08-30T17:00:00.000Z,0.6236,0.62544,0.62348,0.62483,6363
2024-09-01T21:00:00.000Z,0.6236,0.62531,0.6236,0.62483,3271
2024-09-02T01:00:00.000Z,0.62485,0.62524,0.62299,0.62328,4419
2024-09-02T05:00:00.000Z,0.62328,0.62403,0.62243,0.62324,6327
2024-09-02T09:00:00.000Z,0.62324,0.62346,0.6221,0.62287,4590
2024-09-02T13:00:00.000Z,0.62287,0.62343,0.62205,0.62278,4852
2024-09-02T17:00:00.000Z,0.62275,0.62359,0.62274,0.62318,1157
2024-09-02T21:00:00.000Z,0.62301,0.62354,0.62186,0.62239,2656
2024-09-03T01:00:00.000Z,0.62238,0.62277,0.61845,0.61904,8528
2024-09-03T05:00:00.000Z,0.61903,0.62029,0.61833,0.61946,9051
2024-09-03T09:00:00.000Z,0.61947,0.62006,0.61829,0.6195,7865
2024-09-03T13:00:00.000Z,0.61949,0.62096,0.61813,0.61882,17173
2024-09-03T17:00:00.000Z,0.61882,0.61905,0.61796,0.61877,7638
2024-09-03T21:00:00.000Z,0.61826,0.61902,0.61701,0.61702,5547
2024-09-04T01:00:00.000Z,0.617,0.61852,0.61687,0.61841,6807
2024-09-04T05:00:00.000Z,0.61842,0.61887,0.6173,0.61785,8473
2024-09-04T09:00:00.000Z,0.61785,0.61912,0.61774,0.61904,6859
2024-09-04T13:00:00.000Z,0.61904,0.62165,0.61889,0.62014,16715
2024-09-04T17:00:00.000Z,0.62013,0.62036,0.619,0.61985,8291
2024-09-04T21:00:00.000Z,0.61908,0.62,0.61779,0.61843,3759
2024-09-05T01:00:00.000Z,0.61844,0.62019,0.61827,0.6201,4768
2024-09-05T05:00:00.000Z,0.6201,0.62085,0.61945,0.62036,7872
2024-09-05T09:00:00.000Z,0.62036,0.62218,0.62,0.62171,9617
2024-09-05T13:00:00.000Z,0.62173,0.62251,0.62018,0.62166,14831
2024-09-05T17:00:00.000Z,0.62166,0.62261,0.62145,0.62235,5481
2024-09-05T21:00:00.000Z,0.62186,0.62253,0.62184,0.62218,2964
2024-09-06T01:00:00.000Z,0.62218,0.62227,0.62124,0.62176,3930
2024-09-06T05:00:00.000Z,0.62175,0.62293,0.62091,0.62274,7247
2024-09-06T09:00:00.000Z,0.62273,0.62539,0.62038,0.62355,12277
2024-09-06T13:00:00.000Z,0.62355,0.62382,0.61557,0.61637,31024
2024-09-06T17:00:00.000Z,0.61636,0.61763,0.61584,0.6173,10302
2024-09-08T21:00:00.000Z,0.61731,0.61773,0.61631,0.61716,4527
2024-09-09T01:00:00.000Z,0.61718,0.61859,0.6167,0.61679,5932
2024-09-09T05:00:00.000Z,0.61679,0.6168,0.61337,0.61355,9405
2024-09-09T09:00:00.000Z,0.61354,0.61413,0.61244,0.61348,7407
2024-09-09T13:00:00.000Z,0.61348,0.61566,0.61342,0.61549,11360
2024-09-09T17:00:00.000Z,0.6155,0.61584,0.61383,0.61437,6430
2024-09-09T21:00:00.000Z,0.61375,0.61505,0.61317,0.61319,2910
2024-09-10T01:00:00.000Z,0.61318,0.61488,0.61317,0.61482,4207
2024-09-10T05:00:00.000Z,0.61482,0.61584,0.61467,0.61495,6966
2024-09-10T09:00:00.000Z,0.61494,0.6165,0.61466,0.61537,7420
2024-09-10T13:00:00.000Z,0.61536,0.61579,0.61417,0.61496,14346
2024-09-10T17:00:00.000Z,0.61495,0.61578,0.61487,0.61496,8147
2024-09-10T21:00:00.000Z,0.61434,0.61538,0.61403,0.61412,3312
2024-09-11T01:00:00.000Z,0.61413,0.61538,0.61357,0.61416,7497
2024-09-11T05:00:00.000Z,0.61415,0.61568,0.61413,0.61457,9374
2024-09-11T09:00:00.000Z,0.61459,0.61508,0.61137,0.61268,13949
2024-09-11T13:00:00.000Z,0.61264,0.61366,0.61059,0.61238,23024
2024-09-11T17:00:00.000Z,0.61238,0.61386,0.61231,0.61377,9460
2024-09-11T21:00:00.000Z,0.61251,0.61405,0.61251,0.61311,3966
2024-09-12T01:00:00.000Z,0.61311,0.61512,0.61279,0.6151,5410
2024-09-12T05:00:00.000Z,0.61511,0.61587,0.61291,0.61315,8483
2024-09-12T09:00:00.000Z,0.61315,0.61472,0.61309,0.61408,11170
2024-09-12T13:00:00.000Z,0.61408,0.616,0.61342,0.61588,17464
2024-09-12T17:00:00.000Z,0.61588,0.61843,0.61581,0.6182,11007
2024-09-12T21:00:00.000Z,0.61718,0.61916,0.61718,0.61909,3692
2024-09-13T01:00:00.000Z,0.6191,0.61936,0.61778,0.61827,6330
2024-09-13T05:00:00.000Z,0.61828,0.61866,0.6175,0.61825,7492
2024-09-13T09:00:00.000Z,0.61825,0.61915,0.61623,0.61702,8469
2024-09-13T13:00:00.000Z,0.61703,0.61768,0.61587,0.61629,13000
2024-09-13T17:00:00.000Z,0.61628,0.61637,0.61518,0.61572,5990
2024-09-15T21:00:00.000Z,0.61539,0.61655,0.61539,0.61624,3463
2024-09-16T01:00:00.000Z,0.61623,0.61808,0.61539,0.6175,4601
2024-09-16T05:00:00.000Z,0.61749,0.61935,0.61713,0.61897,7831
2024-09-16T09:00:00.000Z,0.61896,0.61993,0.61833,0.61884,9252
2024-09-16T13:00:00.000Z,0.61883,0.61927,0.61801,0.61907,12230
2024-09-16T17:00:00.000Z,0.61907,0.62016,0.61838,0.62012,4772
2024-09-16T21:00:00.000Z,0.61923,0.6202,0.61827,0.6183,3173
2024-09-17T01:00:00.000Z,0.61831,0.61963,0.61829,0.61885,4070
2024-09-17T05:00:00.000Z,0.61887,0.62079,0.61854,0.62073,6693
2024-09-17T09:00:00.000Z,0.62072,0.62107,0.61818,0.6185,9866
2024-09-17T13:00:00.000Z,0.6185,0.61964,0.61779,0.61824,14383
2024-09-17T17:00:00.000Z,0.61824,0.6191,0.61754,0.61845,7362
2024-09-17T21:00:00.000Z,0.6181,0.6201,0.61797,0.61992,3603
2024-09-18T01:00:00.000Z,0.61991,0.62066,0.61946,0.61951,5634
2024-09-18T05:00:00.000Z,0.61951,0.62182,0.61937,0.62174,8371
2024-09-18T09:00:00.000Z,0.62174,0.62279,0.62158,0.62207,8179
2024-09-18T13:00:00.000Z,0.62206,0.62316,0.62007,0.62114,12590
2024-09-18T17:00:00.000Z,0.62111,0.62674,0.61877,0.62071,32878
2024-09-18T21:00:00.000Z,0.61933,0.62202,0.61853,0.61859,6398
2024-09-19T01:00:00.000Z,0.61861,0.62275,0.61808,0.62143,12608
2024-09-19T05:00:00.000Z,0.62147,0.62625,0.62144,0.62563,14113
2024-09-19T09:00:00.000Z,0.62562,0.62684,0.62285,0.62287,15027
2024-09-19T13:00:00.000Z,0.62287,0.62453,0.62178,0.62428,19423
2024-09-19T17:00:00.000Z,0.62429,0.62516,0.62383,0.62385,10280
2024-09-19T21:00:00.000Z,0.623,0.62413,0.62286,0.62338,4297
2024-09-20T01:00:00.000Z,0.62339,0.62501,0.62248,0.62412,6925
2024-09-20T05:00:00.000Z,0.62412,0.626,0.62335,0.62369,12597
2024-09-20T09:00:00.000Z,0.62369,0.6244,0.6221,0.62421,9885
2024-09-20T13:00:00.000Z,0.62422,0.62497,0.62097,0.62476,20621
2024-09-20T17:00:00.000Z,0.62473,0.6248,0.62339,0.62365,9598
2024-09-22T21:00:00.000Z,0.62233,0.62405,0.6223,0.62351,3633
2024-09-23T01:00:00.000Z,0.62349,0.62474,0.62294,0.62452,5033
2024-09-23T05:00:00.000Z,0.62452,0.62489,0.62248,0.6236,11451
2024-09-23T09:00:00.000Z,0.62361,0.62619,0.62359,0.62602,9310
2024-09-23T13:00:00.000Z,0.62603,0.62735,0.62573,0.6268,16208
2024-09-23T17:00:00.000Z,0.6268,0.62799,0.62638,0.6267,6202
2024-09-23T21:00:00.000Z,0.62635,0.62688,0.626,0.62633,3699
2024-09-24T01:00:00.000Z,0.62633,0.62782,0.62589,0.62757,9360
2024-09-24T05:00:00.000Z,0.6276,0.62807,0.62591,0.6271,13258
2024-09-24T09:00:00.000Z,0.62709,0.63024,0.62695,0.63012,9530
2024-09-24T13:00:00.000Z,0.63013,0.63322,0.63008,0.6328,16945
2024-09-24T17:00:00.000Z,0.6328,0.63425,0.63253,0.63402,6911
2024-09-24T21:00:00.000Z,0.63346,0.63539,0.63341,0.63535,4148
2024-09-25T01:00:00.000Z,0.63536,0.63552,0.6331,0.63326,7538
2024-09-25T05:00:00.000Z,0.63326,0.63372,0.63153,0.63186,9622
2024-09-25T09:00:00.000Z,0.63187,0.63191,0.6307,0.63117,8434
2024-09-25T13:00:00.000Z,0.63119,0.63231,0.62689,0.62693,16925
2024-09-25T17:00:00.000Z,0.62693,0.62738,0.62594,0.6261,9142
2024-09-25T21:00:00.000Z,0.62661,0.62661,0.6254,0.62619,5416
2024-09-26T01:00:00.000Z,0.6262,0.62708,0.62523,0.62641,7184
2024-09-26T05:00:00.000Z,0.6264,0.62882,0.62621,0.62823,10274
2024-09-26T09:00:00.000Z,0.62823,0.63152,0.62819,0.63132,13260
2024-09-26T13:00:00.000Z,0.63136,0.63319,0.62947,0.63188,22844
2024-09-26T17:00:00.000Z,0.63187,0.63313,0.63177,0.63269,10067
2024-09-26T21:00:00.000Z,0.6318,0.63345,0.63166,0.63195,5827
2024-09-27T01:00:00.000Z,0.63195,0.6324,0.63008,0.63043,8783
2024-09-27T05:00:00.000Z,0.63046,0.63147,0.62958,0.63089,14622
2024-09-27T09:00:00.000Z,0.63088,0.63558,0.63058,0.63542,13587
2024-09-27T13:00:00.000Z,0.63543,0.63669,0.63345,0.63461,20931
2024-09-27T17:00:00.000Z,0.63462,0.63532,0.63389,0.63405,10609
2024-09-29T21:00:00.000Z,0.6335,0.63643,0.63327,0.63623,4759
2024-09-30T01:00:00.000Z,0.63623,0.63747,0.63547,0.63712,10260
2024-09-30T05:00:00.000Z,0.63713,0.63768,0.63512,0.63582,11755
2024-09-30T09:00:00.000Z,0.63582,0.63598,0.63461,0.63523,9908
2024-09-30T13:00:00.000Z,0.63523,0.63744,0.63508,0.63728,19190
2024-09-30T17:00:00.000Z,0.63729,0.63783,0.6337,0.63489,13287
2024-09-30T21:00:00.000Z,0.63416,0.63486,0.63368,0.63427,4493
2024-10-01T01:00:00.000Z,0.63426,0.6346,0.63191,0.63324,7541
2024-10-01T05:00:00.000Z,0.63324,0.6338,0.63047,0.63127,11332
2024-10-01T09:00:00.000Z,0.63127,0.63251,0.63062,0.63092,11175
2024-10-01T13:00:00.000Z,0.63091,0.63156,0.62711,0.62776,27419
2024-10-01T17:00:00.000Z,0.62774,0.63017,0.62644,0.62818,12649
2024-10-01T21:00:00.000Z,0.628,0.62902,0.62764,0.62881,4356
2024-10-02T01:00:00.000Z,0.62884,0.63134,0.62884,0.62982,9172
2024-10-02T05:00:00.000Z,0.62982,0.63012,0.62833,0.62848,12914
2024-10-02T09:00:00.000Z,0.62849,0.62895,0.62769,0.62778,10656
2024-10-02T13:00:00.000Z,0.62779,0.6284,0.62605,0.62673,16799
2024-10-02T17:00:00.000Z,0.62673,0.62696,0.62578,0.62633,7047
2024-10-02T21:00:00.000Z,0.62621,0.62632,0.62435,0.62455,4344
2024-10-03T01:00:00.000Z,0.62453,0.62512,0.6235,0.62373,8430
2024-10-03T05:00:00.000Z,0.62373,0.62452,0.62223,0.62226,12945
2024-10-03T09:00:00.000Z,0.62227,0.62264,0.62147,0.62195,11912
2024-10-03T13:00:00.000Z,0.62196,0.62315,0.62111,0.62191,21739
2024-10-03T17:00:00.000Z,0.62192,0.62218,0.621,0.62113,8624
2024-10-03T21:00:00.000Z,0.62095,0.6219,0.62091,0.62136,4247
2024-10-04T01:00:00.000Z,0.62135,0.62192,0.62067,0.62093,7961
2024-10-04T05:00:00.000Z,0.62095,0.62137,0.61974,0.62023,8704
2024-10-04T09:00:00.000Z,0.62024,0.62087,0.61501,0.61538,12507
2024-10-04T13:00:00.000Z,0.61539,0.61721,0.61452,0.61557,22164
2024-10-04T17:00:00.000Z,0.61558,0.61649,0.61542,0.61588,7119
2024-10-06T21:00:00.000Z,0.61503,0.61732,0.61487,0.6161,5518
2024-10-07T01:00:00.000Z,0.61612,0.61696,0.61583,0.6162,9392
2024-10-07T05:00:00.000Z,0.61619,0.61621,0.61408,0.6142,10321
2024-10-07T09:00:00.000Z,0.61419,0.61544,0.61339,0.61445,11025
2024-10-07T13:00:00.000Z,0.61445,0.61499,0.61172,0.61247,16385
2024-10-07T17:00:00.000Z,0.61249,0.61313,0.61123,0.61258,8840
2024-10-07T21:00:00.000Z,0.61181,0.61448,0.61109,0.61425,5126
2024-10-08T01:00:00.000Z,0.61426,0.61447,0.61069,0.61251,15495
2024-10-08T05:00:00.000Z,0.61253,0.61321,0.61108,0.61232,13407
2024-10-08T09:00:00.000Z,0.61232,0.61281,0.61133,0.61213,8459
2024-10-08T13:00:00.000Z,0.61212,0.61283,0.61086,0.61207,13735
2024-10-08T17:00:00.000Z,0.61204,0.61375,0.61114,0.61372,7951
2024-10-08T21:00:00.000Z,0.61385,0.61407,0.61258,0.6134,4360
2024-10-09T01:00:00.000Z,0.61349,0.61349,0.60748,0.6084,15437
2024-10-09T05:00:00.000Z,0.6084,0.61111,0.6076,0.60814,16320
2024-10-09T09:00:00.000Z,0.60814,0.60895,0.60608,0.60646,7779
2024-10-09T13:00:00.000Z,0.60646,0.60723,0.60524,0.60605,11654
2024-10-09T17:00:00.000Z,0.60606,0.60636,0.60533,0.60606,5252
2024-10-09T21:00:00.000Z,0.60547,0.60739,0.60547,0.60671,4431
2024-10-10T01:00:00.000Z,0.60671,0.60914,0.60654,0.6091,10650
2024-10-10T05:00:00.000Z,0.6091,0.60921,0.60701,0.60752,8953
2024-10-10T09:00:00.000Z,0.60754,0.60959,0.60524,0.6086,13046
2024-10-10T13:00:00.000Z,0.60859,0.60933,0.60698,0.60718,21202
2024-10-10T17:00:00.000Z,0.60719,0.60946,0.60656,0.6093,7264
2024-10-10T21:00:00.000Z,0.6083,0.60988,0.60826,0.60963,4065
2024-10-11T01:00:00.000Z,0.60963,0.61057,0.60915,0.61022,5215
2024-10-11T05:00:00.000Z,0.61021,0.61041,0.60871,0.60973,6672
2024-10-11T09:00:00.000Z,0.60971,0.6105,0.60835,0.60904,9423
2024-10-11T13:00:00.000Z,0.60903,0.61157,0.60838,0.61137,12776
2024-10-11T17:00:00.000Z,0.61138,0.61194,0.61074,0.61079,3579
2024-10-13T21:00:00.000Z,0.60925,0.61028,0.60873,0.60958,4633
2024-10-14T01:00:00.000Z,0.60958,0.6099,0.60823,0.60923,9471
2024-10-14T05:00:00.000Z,0.60922,0.61012,0.60847,0.60891,8134
2024-10-14T09:00:00.000Z,0.60893,0.60936,0.60718,0.60739,6429
2024-10-14T13:00:00.000Z,0.60738,0.60989,0.60696,0.60886,11515
2024-10-14T17:00:00.000Z,0.60885,0.60956,0.60808,0.60939,4682
2024-10-14T21:00:00.000Z,0.60915,0.60959,0.60842,0.60909,3200
2024-10-15T01:00:00.000Z,0.60909,0.60935,0.6082,0.60835,7378
2024-10-15T05:00:00.000Z,0.60835,0.60896,0.60734,0.60892,10312
2024-10-15T09:00:00.000Z,0.60893,0.60983,0.60849,0.60976,9474
2024-10-15T13:00:00.000Z,0.60975,0.61057,0.6079,0.60807,14251
2024-10-15T17:00:00.000Z,0.60805,0.60823,0.60737,0.6082,5666
2024-10-15T21:00:00.000Z,0.60755,0.60854,0.60393,0.6049,6175
2024-10-16T01:00:00.000Z,0.6049,0.60734,0.6048,0.60619,8744
2024-10-16T05:00:00.000Z,0.60619,0.60706,0.60569,0.60687,10989
2024-10-16T09:00:00.000Z,0.60688,0.60795,0.60639,0.60669,8884
2024-10-16T13:00:00.000Z,0.6067,0.60743,0.60525,0.60589,12187
2024-10-16T17:00:00.000Z,0.60589,0.60615,0.60544,0.60574,4403
2024-10-16T21:00:00.000Z,0.60544,0.60666,0.60533,0.60646,4037
2024-10-17T01:00:00.000Z,0.60646,0.60753,0.60557,0.60603,8072
2024-10-17T05:00:00.000Z,0.60603,0.60663,0.60442,0.6052,8615
2024-10-17T09:00:00.000Z,0.60521,0.60739,0.60479,0.60635,10978
2024-10-17T13:00:00.000Z,0.60634,0.60702,0.60535,0.6061,17310
2024-10-17T17:00:00.000Z,0.60612,0.60649,0.60565,0.60593,4614
2024-10-17T21:00:00.000Z,0.60575,0.60629,0.6053,0.60579,3467
2024-10-18T01:00:00.000Z,0.60578,0.60722,0.60577,0.60594,8859
2024-10-18T05:00:00.000Z,0.60593,0.60715,0.60572,0.60694,9003
2024-10-18T09:00:00.000Z,0.60693,0.60764,0.60671,0.60737,7437
2024-10-18T13:00:00.000Z,0.60736,0.60795,0.60629,0.60732,10458
2024-10-18T17:00:00.000Z,0.60734,0.60739,0.60641,0.60709,3953
2024-10-20T21:00:00.000Z,0.60684,0.60783,0.60646,0.60739,3841
2024-10-21T01:00:00.000Z,0.60738,0.60837,0.607,0.6072,8703
2024-10-21T05:00:00.000Z,0.60721,0.60743,0.60543,0.60591,9015
2024-10-21T09:00:00.000Z,0.60592,0.6066,0.60489,0.60605,8195
2024-10-21T13:00:00.000Z,0.60604,0.60617,0.60276,0.60338,11002
2024-10-21T17:00:00.000Z,0.60339,0.60356,0.60284,0.60301,5245
2024-10-21T21:00:00.000Z,0.60266,0.60322,0.60208,0.60256,2844
2024-10-22T01:00:00.000Z,0.60257,0.60569,0.60253,0.60563,8906
2024-10-22T05:00:00.000Z,0.60562,0.60598,0.60498,0.60501,8979
2024-10-22T09:00:00.000Z,0.60499,0.60582,0.60463,0.60534,8290
2024-10-22T13:00:00.000Z,0.60533,0.60609,0.60405,0.60469,12915
2024-10-22T17:00:00.000Z,0.6047,0.60534,0.604,0.60433,5211
2024-10-22T21:00:00.000Z,0.60369,0.60453,0.60317,0.60333,2854
2024-10-23T01:00:00.000Z,0.60338,0.60528,0.60281,0.60376,7345
2024-10-23T05:00:00.000Z,0.60378,0.60393,0.60257,0.60272,7791
2024-10-23T09:00:00.000Z,0.60272,0.60282,0.6003,0.60101,6620
2024-10-23T13:00:00.000Z,0.60102,0.60126,0.59979,0.60003,9997
2024-10-23T17:00:00.000Z,0.60001,0.6007,0.59887,0.60048,5358
2024-10-23T21:00:00.000Z,0.60008,0.60116,0.59985,0.6011,3747
2024-10-24T01:00:00.000Z,0.60109,0.60164,0.60077,0.60157,6866
2024-10-24T05:00:00.000Z,0.60157,0.60315,0.6012,0.60273,8838
2024-10-24T09:00:00.000Z,0.60272,0.60317,0.60185,0.60236,8995
2024-10-24T13:00:00.000Z,0.60234,0.60253,0.60012,0.60088,13762
2024-10-24T17:00:00.000Z,0.6009,0.60201,0.60083,0.60143,5726
2024-10-24T21:00:00.000Z,0.60131,0.60164,0.60004,0.60036,2786
2024-10-25T01:00:00.000Z,0.60036,0.60102,0.59868,0.59919,7153
2024-10-25T05:00:00.000Z,0.59917,0.60029,0.59914,0.5998,8446
2024-10-25T09:00:00.000Z,0.5998,0.60122,0.59973,0.60109,6911
2024-10-25T13:00:00.000Z,0.6011,0.6013,0.59834,0.59845,11680
2024-10-25T17:00:00.000Z,0.59842,0.59845,0.59738,0.59757,5693
2024-10-27T21:00:00.000Z,0.59722,0.59845,0.59712,0.59716,5051
2024-10-28T01:00:00.000Z,0.59716,0.59762,0.59574,0.59643,7671
2024-10-28T05:00:00.000Z,0.59642,0.59757,0.59581,0.59752,7007
2024-10-28T09:00:00.000Z,0.59754,0.59905,0.59713,0.59892,6912
2024-10-28T13:00:00.000Z,0.59892,0.59974,0.59758,0.59777,9753
2024-10-28T17:00:00.000Z,0.59777,0.59825,0.59735,0.59804,4709
2024-10-28T21:00:00.000Z,0.59802,0.59893,0.59755,0.59771,2895
2024-10-29T01:00:00.000Z,0.5977,0.59837,0.5967,0.59712,7302
2024-10-29T05:00:00.000Z,0.59711,0.5981,0.59683,0.59783,7349
2024-10-29T09:00:00.000Z,0.59782,0.59828,0.59567,0.59598,7916
2024-10-29T13:00:00.000Z,0.59597,0.59766,0.59531,0.59587,16847
2024-10-29T17:00:00.000Z,0.59585,0.59721,0.59579,0.59717,6138
2024-10-29T21:00:00.000Z,0.59705,0.59746,0.59572,0.59708,4342
2024-10-30T01:00:00.000Z,0.59708,0.59779,0.595,0.59574,8535
2024-10-30T05:00:00.000Z,0.59574,0.60013,0.59536,0.59977,8391
2024-10-30T09:00:00.000Z,0.59978,0.59991,0.5968,0.59747,12446
2024-10-30T13:00:00.000Z,0.59746,0.59942,0.59708,0.59823,17939
2024-10-30T17:00:00.000Z,0.59823,0.59863,0.59729,0.59735,6223
2024-10-30T21:00:00.000Z,0.5971,0.5975,0.59641,0.59653,5327
2024-10-31T01:00:00.000Z,0.59653,0.59815,0.5965,0.59733,8706
2024-10-31T05:00:00.000Z,0.5973,0.59827,0.59722,0.59749,8816
2024-10-31T09:00:00.000Z,0.59746,0.59804,0.59626,0.59774,10015
2024-10-31T13:00:00.000Z,0.59771,0.59773,0.59395,0.59573,19460
2024-10-31T17:00:00.000Z,0.59573,0.5979,0.59569,0.59756,8691
2024-10-31T21:00:00.000Z,0.59744,0.59802,0.5963,0.59683,4142
2024-11-01T01:00:00.000Z,0.59683,0.59829,0.59637,0.59817,6967
2024-11-01T05:00:00.000Z,0.59819,0.59827,0.59628,0.59708,7266
2024-11-01T09:00:00.000Z,0.59708,0.59987,0.59619,0.59912,10373
2024-11-01T13:00:00.000Z,0.59913,0.59935,0.59747,0.59771,18646
2024-11-01T17:00:00.000Z,0.5977,0.59777,0.59581,0.59628,7058
2024-11-03T22:00:00.000Z,0.5996,0.60037,0.59723,0.59957,7825
2024-11-04T02:00:00.000Z,0.59957,0.60151,0.59935,0.60039,8068
2024-11-04T06:00:00.000Z,0.60038,0.60052,0.59819,0.59887,9271
2024-11-04T10:00:00.000Z,0.59889,0.59952,0.59795,0.59895,7792
2024-11-04T14:00:00.000Z,0.59894,0.59983,0.59719,0.59803,14286
2024-11-04T18:00:00.000Z,0.59803,0.59815,0.59705,0.59716,5673
2024-11-04T22:00:00.000Z,0.59701,0.59784,0.59666,0.59761,4542
2024-11-05T02:00:00.000Z,0.59761,0.59858,0.59692,0.5983,6823
2024-11-05T06:00:00.000Z,0.5983,0.60021,0.59807,0.59979,7221
2024-11-05T10:00:00.000Z,0.5998,0.60036,0.59939,0.59971,6789
2024-11-05T14:00:00.000Z,0.59969,0.60102,0.59944,0.59993,14203
2024-11-05T18:00:00.000Z,0.5998,0.6015,0.59919,0.60062,6791
2024-11-05T22:00:00.000Z,0.60056,0.60204,0.59568,0.5972,20413
2024-11-06T02:00:00.000Z,0.5972,0.5975,0.59148,0.59363,37883
2024-11-06T06:00:00.000Z,0.59363,0.5972,0.59117,0.59682,27296
2024-11-06T10:00:00.000Z,0.59681,0.59745,0.59339,0.59403,22009
2024-11-06T14:00:00.000Z,0.59403,0.59572,0.59318,0.59412,24741
2024-11-06T18:00:00.000Z,0.59412,0.59596,0.59344,0.59361,9788
2024-11-06T22:00:00.000Z,0.59369,0.595,0.59302,0.5949,8276
2024-11-07T02:00:00.000Z,0.59491,0.59881,0.5949,0.59857,9648
2024-11-07T06:00:00.000Z,0.59857,0.60026,0.59805,0.59912,11598
2024-11-07T10:00:00.000Z,0.59914,0.60189,0.59845,0.60175,14137
2024-11-07T14:00:00.000Z,0.60175,0.60375,0.60116,0.60244,17544
2024-11-07T18:00:00.000Z,0.60245,0.60323,0.60048,0.60235,16854
2024-11-07T22:00:00.000Z,0.60242,0.60249,0.60118,0.60147,6469
2024-11-08T02:00:00.000Z,0.60148,0.60172,0.59994,0.60076,8805
2024-11-08T06:00:00.000Z,0.60078,0.60134,0.59898,0.60079,14554
2024-11-08T10:00:00.000Z,0.60078,0.60099,0.59759,0.59786,11912
2024-11-08T14:00:00.000Z,0.59788,0.59873,0.59469,0.59601,17967
2024-11-08T18:00:00.000Z,0.596,0.59673,0.5952,0.59664,6783
2024-11-10T22:00:00.000Z,0.59461,0.59719,0.59461,0.59666,6667
2024-11-11T02:00:00.000Z,0.59665,0.59772,0.59638,0.59717,6585
2024-11-11T06:00:00.000Z,0.59717,0.59762,0.59559,0.59699,10227
2024-11-11T10:00:00.000Z,0.59698,0.59716,0.59516,0.59561,9113
2024-11-11T14:00:00.000Z,0.59562,0.59647,0.59533,0.59579,11160
2024-11-11T18:00:00.000Z,0.59578,0.59637,0.5954,0.59631,3544
2024-11-11T22:00:00.000Z,0.59589,0.59721,0.59584,0.59643,6366
2024-11-12T02:00:00.000Z,0.59644,0.59653,0.59518,0.59522,9417
2024-11-12T06:00:00.000Z,0.59522,0.5959,0.59398,0.5946,12623
2024-11-12T10:00:00.000Z,0.59459,0.59545,0.5938,0.59477,11237
2024-11-12T14:00:00.000Z,0.59477,0.59478,0.59092,0.5913,16116
2024-11-12T18:00:00.000Z,0.59132,0.59302,0.59127,0.59265,6809
2024-11-12T22:00:00.000Z,0.592,0.59333,0.5917,0.59308,6632
2024-11-13T02:00:00.000Z,0.5931,0.59318,0.59231,0.59272,7464
2024-11-13T06:00:00.000Z,0.59271,0.59338,0.59186,0.59322,10728
2024-11-13T10:00:00.000Z,0.59321,0.59471,0.59192,0.59365,13841
2024-11-13T14:00:00.000Z,0.59365,0.59385,0.588,0.58825,24958
2024-11-13T18:00:00.000Z,0.58829,0.58907,0.58757,0.58785,7161
2024-11-13T22:00:00.000Z,0.58777,0.58842,0.58678,0.58702,6958
2024-11-14T02:00:00.000Z,0.58703,0.58723,0.58533,0.58605,8807
2024-11-14T06:00:00.000Z,0.58604,0.58712,0.58555,0.58572,11398
2024-11-14T10:00:00.000Z,0.58571,0.58757,0.58496,0.58615,15329
2024-11-14T14:00:00.000Z,0.58614,0.58828,0.5861,0.58763,18952
2024-11-14T18:00:00.000Z,0.58761,0.58769,0.58389,0.58491,12735
2024-11-14T22:00:00.000Z,0.58513,0.58525,0.58397,0.58494,7714
2024-11-15T02:00:00.000Z,0.58493,0.58661,0.5849,0.58582,7133
2024-11-15T06:00:00.000Z,0.58582,0.58757,0.5853,0.58699,11095
2024-11-15T10:00:00.000Z,0.58701,0.58799,0.58589,0.58635,13051
2024-11-15T14:00:00.000Z,0.58635,0.58694,0.5847,0.58657,21672
2024-11-15T18:00:00.000Z,0.58657,0.58688,0.58518,0.58627,9071
2024-11-17T22:00:00.000Z,0.58604,0.58753,0.58583,0.58656,7320
2024-11-18T02:00:00.000Z,0.58655,0.58696,0.58511,0.58599,6603
2024-11-18T06:00:00.000Z,0.58599,0.58599,0.58399,0.58481,9853
2024-11-18T10:00:00.000Z,0.5848,0.58501,0.5836,0.58498,9184
2024-11-18T14:00:00.000Z,0.58499,0.58885,0.58477,0.58867,13119
2024-11-18T18:00:00.000Z,0.58867,0.58977,0.58852,0.58926,5060
2024-11-18T22:00:00.000Z,0.58873,0.58927,0.58776,0.58912,5416
2024-11-19T02:00:00.000Z,0.58914,0.59012,0.58846,0.58882,6999
2024-11-19T06:00:00.000Z,0.58884,0.58992,0.58739,0.58786,15958
2024-11-19T10:00:00.000Z,0.58785,0.59037,0.58775,0.58947,14219
2024-11-19T14:00:00.000Z,0.58947,0.59116,0.58874,0.59018,16977
2024-11-19T18:00:00.000Z,0.59018,0.59129,0.58971,0.59128,5201
2024-11-19T22:00:00.000Z,0.59048,0.59217,0.59047,0.59139,4567
2024-11-20T02:00:00.000Z,0.5914,0.59151,0.59024,0.59029,4575
2024-11-20T06:00:00.000Z,0.59028,0.59064,0.58819,0.58851,9213
2024-11-20T10:00:00.000Z,0.5885,0.58879,0.58732,0.58788,8555
2024-11-20T14:00:00.000Z,0.58789,0.58795,0.58636,0.58729,12009
2024-11-20T18:00:00.000Z,0.58729,0.58762,0.5866,0.58758,5054
2024-11-20T22:00:00.000Z,0.58718,0.58855,0.58718,0.588,4033
2024-11-21T02:00:00.000Z,0.58801,0.58814,0.58696,0.58698,5495
2024-11-21T06:00:00.000Z,0.58699,0.58769,0.58596,0.58624,12329
2024-11-21T10:00:00.000Z,0.58623,0.58798,0.58611,0.58775,11523
2024-11-21T14:00:00.000Z,0.58776,0.58838,0.58494,0.58649,19293
2024-11-21T18:00:00.000Z,0.5865,0.58673,0.58584,0.58587,6324
2024-11-21T22:00:00.000Z,0.5856,0.58602,0.58453,0.58461,5450
2024-11-22T02:00:00.000Z,0.5846,0.58481,0.58259,0.58296,8171
2024-11-22T06:00:00.000Z,0.58296,0.5854,0.58221,0.58328,17191
2024-11-22T10:00:00.000Z,0.58327,0.5845,0.58262,0.58416,16215
2024-11-22T14:00:00.000Z,0.58416,0.58436,0.58161,0.58308,19464
2024-11-22T18:00:00.000Z,0.58308,0.5835,0.58244,0.58349,5560
2024-11-24T22:00:00.000Z,0.58488,0.58688,0.58483,0.58614,8697
2024-11-25T02:00:00.000Z,0.58614,0.58666,0.58471,0.58523,7802
2024-11-25T06:00:00.000Z,0.58522,0.58626,0.5836,0.58504,12822
2024-11-25T10:00:00.000Z,0.58503,0.58676,0.58381,0.58654,11545
2024-11-25T14:00:00.000Z,0.58655,0.58663,0.58351,0.58401,15864
2024-11-25T18:00:00.000Z,0.58402,0.5852,0.58399,0.58452,5632
2024-11-25T22:00:00.000Z,0.58392,0.58473,0.57967,0.58177,13732
2024-11-26T02:00:00.000Z,0.58178,0.58464,0.58162,0.58406,9535
2024-11-26T06:00:00.000Z,0.58406,0.58474,0.58315,0.58425,11332
2024-11-26T10:00:00.000Z,0.58423,0.58656,0.58412,0.5844,12651
2024-11-26T14:00:00.000Z,0.5844,0.58448,0.58177,0.58202,17163
2024-11-26T18:00:00.000Z,0.58202,0.58336,0.5815,0.58336,8228
2024-11-26T22:00:00.000Z,0.58305,0.58813,0.58263,0.58741,7673
2024-11-27T02:00:00.000Z,0.58741,0.58767,0.5845,0.58644,7919
2024-11-27T06:00:00.000Z,0.58643,0.59006,0.58641,0.5891,13630
2024-11-27T10:00:00.000Z,0.58909,0.59049,0.58791,0.59045,13187
2024-11-27T14:00:00.000Z,0.59045,0.59079,0.58915,0.59025,20153
2024-11-27T18:00:00.000Z,0.59027,0.59066,0.58931,0.58942,6529
2024-11-27T22:00:00.000Z,0.58882,0.59049,0.58854,0.59013,5894
2024-11-28T02:00:00.000Z,0.59014,0.59018,0.58869,0.58923,6172
2024-11-28T06:00:00.000Z,0.58924,0.5893,0.588,0.58893,10934
2024-11-28T10:00:00.000Z,0.58893,0.58972,0.58829,0.5888,7339
2024-11-28T14:00:00.000Z,0.58882,0.5892,0.58806,0.58907,6117
2024-11-28T18:00:00.000Z,0.58907,0.58921,0.58882,0.58892,1084
2024-11-28T22:00:00.000Z,0.5888,0.59073,0.58837,0.5903,7625
2024-11-29T02:00:00.000Z,0.59029,0.59158,0.58976,0.59102,8004
2024-11-29T06:00:00.000Z,0.59101,0.59286,0.59076,0.59135,11168
2024-11-29T10:00:00.000Z,0.59135,0.5917,0.59041,0.59162,11000
2024-11-29T14:00:00.000Z,0.59162,0.59268,0.59071,0.59215,14150
2024-11-29T18:00:00.000Z,0.59218,0.5928,0.59204,0.59224,4189
2024-12-01T22:00:00.000Z,0.5909,0.59146,0.58946,0.58998,7652
2024-12-02T02:00:00.000Z,0.58998,0.59004,0.58896,0.58951,9462
2024-12-02T06:00:00.000Z,0.58945,0.59086,0.58935,0.59042,13887
2024-12-02T10:00:00.000Z,0.59041,0.5911,0.58763,0.58804,12675
2024-12-02T14:00:00.000Z,0.58805,0.58837,0.58635,0.58764,18560
2024-12-02T18:00:00.000Z,0.58761,0.58938,0.58744,0.58859,7850
2024-12-02T22:00:00.000Z,0.58781,0.58874,0.58711,0.58728,5876
2024-12-03T02:00:00.000Z,0.58728,0.58792,0.5864,0.58773,6403
2024-12-03T06:00:00.000Z,0.58773,0.59046,0.58731,0.58955,9511
2024-12-03T10:00:00.000Z,0.58955,0.5897,0.58785,0.589,8315
2024-12-03T14:00:00.000Z,0.58901,0.58936,0.5867,0.58874,14757
2024-12-03T18:00:00.000Z,0.58875,0.58919,0.58731,0.58767,4713
2024-12-03T22:00:00.000Z,0.58779,0.58842,0.58634,0.58644,5468
2024-12-04T02:00:00.000Z,0.58644,0.58677,0.58308,0.58578,9271
2024-12-04T06:00:00.000Z,0.58578,0.5864,0.58387,0.5842,10533
2024-12-04T10:00:00.000Z,0.5842,0.58441,0.58286,0.58361,9389
2024-12-04T14:00:00.000Z,0.58361,0.58675,0.58315,0.58657,15093
2024-12-04T18:00:00.000Z,0.58656,0.58683,0.58467,0.5847,6702
2024-12-04T22:00:00.000Z,0.58468,0.58654,0.58464,0.58638,5252
2024-12-05T02:00:00.000Z,0.58637,0.58727,0.58618,0.58723,5404
2024-12-05T06:00:00.000Z,0.58723,0.58808,0.58633,0.58642,7763
2024-12-05T10:00:00.000Z,0.5864,0.58689,0.58518,0.58658,9894
2024-12-05T14:00:00.000Z,0.58658,0.58811,0.58582,0.58715,12613
2024-12-05T18:00:00.000Z,0.58715,0.58873,0.58617,0.58839,6033
2024-12-05T22:00:00.000Z,0.58841,0.5889,0.58622,0.58641,6204
2024-12-06T02:00:00.000Z,0.58641,0.58751,0.58544,0.58596,7401
2024-12-06T06:00:00.000Z,0.58596,0.58606,0.58481,0.58515,7693
2024-12-06T10:00:00.000Z,0.58516,0.58763,0.58382,0.58692,10986
2024-12-06T14:00:00.000Z,0.58692,0.58702,0.58212,0.5826,17931
2024-12-06T18:00:00.000Z,0.58258,0.58338,0.58209,0.58301,4879
2024-12-08T22:00:00.000Z,0.58337,0.58397,0.5825,0.58324,5062
2024-12-09T02:00:00.000Z,0.58324,0.58374,0.5804,0.58082,5774
2024-12-09T06:00:00.000Z,0.58082,0.58679,0.58065,0.58598,10070
2024-12-09T10:00:00.000Z,0.586,0.58797,0.58551,0.58787,7803
2024-12-09T14:00:00.000Z,0.58787,0.58877,0.58693,0.58746,10630
2024-12-09T18:00:00.000Z,0.58746,0.58764,0.58599,0.58621,4634
2024-12-09T22:00:00.000Z,0.58612,0.58658,0.58379,0.58461,5324
2024-12-10T02:00:00.000Z,0.58462,0.58526,0.58214,0.58342,10465
2024-12-10T06:00:00.000Z,0.58342,0.58365,0.58142,0.58207,9012
2024-12-10T10:00:00.000Z,0.58207,0.5829,0.5814,0.58167,8638
2024-12-10T14:00:00.000Z,0.58166,0.58209,0.5791,0.57944,12658
2024-12-10T18:00:00.000Z,0.57942,0.58057,0.57939,0.57997,4657
2024-12-10T22:00:00.000Z,0.57978,0.58037,0.57961,0.57999,4904
2024-12-11T02:00:00.000Z,0.57998,0.58082,0.57864,0.57922,6141
2024-12-11T06:00:00.000Z,0.57921,0.57943,0.57633,0.57704,14362
2024-12-11T10:00:00.000Z,0.57705,0.58007,0.57611,0.57926,13772
2024-12-11T14:00:00.000Z,0.57926,0.57973,0.57796,0.57829,17855
2024-12-11T18:00:00.000Z,0.57828,0.57943,0.57804,0.57832,6856
2024-12-11T22:00:00.000Z,0.57801,0.5808,0.57795,0.58058,6733
2024-12-12T02:00:00.000Z,0.58059,0.5809,0.57996,0.58061,6562
2024-12-12T06:00:00.000Z,0.58061,0.58172,0.58009,0.58085,10281
2024-12-12T10:00:00.000Z,0.58084,0.58111,0.57846,0.5797,14029
2024-12-12T14:00:00.000Z,0.57971,0.58017,0.57709,0.57831,20128
2024-12-12T18:00:00.000Z,0.57828,0.57842,0.5762,0.57673,6956
2024-12-12T22:00:00.000Z,0.57627,0.57719,0.57595,0.57637,7023
2024-12-13T02:00:00.000Z,0.57636,0.57683,0.57575,0.57651,6289
2024-12-13T06:00:00.000Z,0.57653,0.57682,0.57552,0.57627,10331
2024-12-13T10:00:00.000Z,0.57628,0.57782,0.576,0.57752,9254
2024-12-13T14:00:00.000Z,0.57753,0.57753,0.57534,0.57567,12035
2024-12-13T18:00:00.000Z,0.57566,0.5762,0.5754,0.57617,4329
2024-12-15T22:00:00.000Z,0.57568,0.5775,0.57559,0.57733,5741
2024-12-16T02:00:00.000Z,0.57734,0.57831,0.57697,0.57803,5946
2024-12-16T06:00:00.000Z,0.57803,0.57857,0.57741,0.57755,7994
2024-12-16T10:00:00.000Z,0.57755,0.5776,0.57616,0.57731,7656
2024-12-16T14:00:00.000Z,0.5773,0.57854,0.57584,0.57797,12558
2024-12-16T18:00:00.000Z,0.57794,0.57838,0.57751,0.57809,3930
2024-12-16T22:00:00.000Z,0.57721,0.57928,0.57703,0.57784,4883
2024-12-17T02:00:00.000Z,0.57784,0.57819,0.57634,0.57637,5757
2024-12-17T06:00:00.000Z,0.57637,0.57692,0.57547,0.57583,8693
2024-12-17T10:00:00.000Z,0.57581,0.57657,0.57539,0.57646,9627
2024-12-17T14:00:00.000Z,0.57646,0.57677,0.57513,0.57601,12328
2024-12-17T18:00:00.000Z,0.576,0.57616,0.57495,0.57536,4096
2024-12-17T22:00:00.000Z,0.5752,0.57585,0.57458,0.57484,4294
2024-12-18T02:00:00.000Z,0.57485,0.57517,0.57306,0.57395,5336
2024-12-18T06:00:00.000Z,0.57394,0.57475,0.57226,0.57241,7614
2024-12-18T10:00:00.000Z,0.57241,0.57356,0.57241,0.57341,7389
2024-12-18T14:00:00.000Z,0.5734,0.5737,0.57154,0.5719,10321
2024-12-18T18:00:00.000Z,0.57191,0.57245,0.56226,0.56227,20433
2024-12-18T22:00:00.000Z,0.56195,0.56345,0.56075,0.56237,11394
2024-12-19T02:00:00.000Z,0.56238,0.56317,0.56183,0.56243,8852
2024-12-19T06:00:00.000Z,0.56243,0.56582,0.56217,0.56575,12834
2024-12-19T10:00:00.000Z,0.56576,0.56612,0.56482,0.56527,12421
2024-12-19T14:00:00.000Z,0.56526,0.56618,0.56397,0.56405,17149
2024-12-19T18:00:00.000Z,0.56408,0.5646,0.56293,0.56301,6902
2024-12-19T22:00:00.000Z,0.56268,0.56325,0.56124,0.56292,5945
2024-12-20T02:00:00.000Z,0.56293,0.56313,0.56205,0.56243,6589
2024-12-20T06:00:00.000Z,0.56243,0.56458,0.56202,0.56357,11727
2024-12-20T10:00:00.000Z,0.56357,0.56494,0.56271,0.56387,11255
2024-12-20T14:00:00.000Z,0.56386,0.56721,0.56329,0.56625,17905
2024-12-20T18:00:00.000Z,0.56622,0.56681,0.56522,0.56557,6191
2024-12-22T22:00:00.000Z,0.56443,0.5657,0.56395,0.56551,5235
2024-12-23T02:00:00.000Z,0.56549,0.56598,0.56504,0.56586,4172
2024-12-23T06:00:00.000Z,0.56586,0.56609,0.56447,0.56572,6796
2024-12-23T10:00:00.000Z,0.56572,0.56582,0.56348,0.56351,7408
2024-12-23T14:00:00.000Z,0.56353,0.56513,0.56316,0.56464,11370
2024-12-23T18:00:00.000Z,0.56461,0.56538,0.56461,0.56477,5615
2024-12-23T22:00:00.000Z,0.56426,0.56497,0.56384,0.56417,3881
2024-12-24T02:00:00.000Z,0.56419,0.56485,0.56349,0.56467,3968
2024-12-24T06:00:00.000Z,0.56464,0.5652,0.56388,0.56391,5823
2024-12-24T10:00:00.000Z,0.56392,0.56483,0.56349,0.56464,5926
2024-12-24T14:00:00.000Z,0.56464,0.56482,0.56334,0.56354,8570
2024-12-24T18:00:00.000Z,0.56357,0.56527,0.56344,0.56527,3541
2024-12-25T22:00:00.000Z,0.5644,0.56545,0.56317,0.56517,7746
2024-12-26T02:00:00.000Z,0.56517,0.56596,0.5646,0.56464,4766
2024-12-26T06:00:00.000Z,0.56463,0.56471,0.56332,0.56351,5050
2024-12-26T10:00:00.000Z,0.56352,0.56412,0.563,0.56307,5901
2024-12-26T14:00:00.000Z,0.56309,0.56342,0.56213,0.56248,10015
2024-12-26T18:00:00.000Z,0.56247,0.56337,0.56207,0.56233,5496
2024-12-26T22:00:00.000Z,0.56218,0.56276,0.56194,0.56211,5392
2024-12-27T02:00:00.000Z,0.56211,0.5624,0.56134,0.56182,4077
2024-12-27T06:00:00.000Z,0.56182,0.56368,0.5618,0.5627,6547
2024-12-27T10:00:00.000Z,0.56269,0.5643,0.56233,0.56389,7535
2024-12-27T14:00:00.000Z,0.56391,0.56394,0.56211,0.56256,11265
2024-12-27T18:00:00.000Z,0.56253,0.56377,0.56253,0.56316,4136
2024-12-29T22:00:00.000Z,0.56288,0.56465,0.56255,0.56419,3149
2024-12-30T02:00:00.000Z,0.5642,0.56587,0.56411,0.56553,3100
2024-12-30T06:00:00.000Z,0.56553,0.56633,0.56463,0.56536,5710
2024-12-30T10:00:00.000Z,0.56536,0.56642,0.56392,0.56402,7096
2024-12-30T14:00:00.000Z,0.56402,0.56468,0.56275,0.56424,14036
2024-12-30T18:00:00.000Z,0.56423,0.56492,0.56365,0.56386,4363
2024-12-30T22:00:00.000Z,0.56357,0.56462,0.56322,0.56414,3969
2024-12-31T02:00:00.000Z,0.56414,0.56419,0.56268,0.56287,3760
2024-12-31T06:00:00.000Z,0.56284,0.56355,0.56198,0.56288,7105
2024-12-31T10:00:00.000Z,0.56289,0.56289,0.56027,0.56096,8302
2024-12-31T14:00:00.000Z,0.56098,0.56123,0.55874,0.55926,15111
2024-12-31T18:00:00.000Z,0.55923,0.55987,0.55905,0.55933,5055
2025-01-01T22:00:00.000Z,0.5585,0.5616,0.5585,0.56146,5461
2025-01-02T02:00:00.000Z,0.56147,0.5621,0.56113,0.5614,3865
2025-01-02T06:00:00.000Z,0.56142,0.56243,0.56038,0.56185,7150
2025-01-02T10:00:00.000Z,0.56185,0.56211,0.56015,0.56108,11022
2025-01-02T14:00:00.000Z,0.56108,0.56158,0.55905,0.55937,17407
2025-01-02T18:00:00.000Z,0.5594,0.55965,0.55863,0.55934,5376
2025-01-02T22:00:00.000Z,0.55898,0.56073,0.55898,0.55999,4777
2025-01-03T02:00:00.000Z,0.55998,0.56106,0.55991,0.56063,3953
2025-01-03T06:00:00.000Z,0.56063,0.56104,0.55926,0.56008,8814
2025-01-03T10:00:00.000Z,0.56008,0.56088,0.55976,0.56046,6245
2025-01-03T14:00:00.000Z,0.56048,0.56134,0.5593,0.56066,11638
2025-01-03T18:00:00.000Z,0.56064,0.56129,0.56039,0.56114,3575
2025-01-05T22:00:00.000Z,0.56108,0.56338,0.56065,0.56186,5873
2025-01-06T02:00:00.000Z,0.56186,0.56277,0.56134,0.56235,5752
2025-01-06T06:00:00.000Z,0.56235,0.56433,0.56217,0.56355,8532
2025-01-06T10:00:00.000Z,0.56355,0.56843,0.56261,0.56743,17943
2025-01-06T14:00:00.000Z,0.56744,0.56798,0.56342,0.56398,21007
2025-01-06T18:00:00.000Z,0.56398,0.56445,0.56306,0.56422,5391
2025-01-06T22:00:00.000Z,0.56401,0.56486,0.56353,0.56464,4721
2025-01-07T02:00:00.000Z,0.56462,0.56695,0.56462,0.56667,5716
2025-01-07T06:00:00.000Z,0.56667,0.56924,0.56613,0.56858,9136
2025-01-07T10:00:00.000Z,0.56858,0.56889,0.56688,0.56705,8649
2025-01-07T14:00:00.000Z,0.56705,0.56706,0.56363,0.56457,16569
2025-01-07T18:00:00.000Z,0.56457,0.5648,0.56313,0.56321,5811
2025-01-07T22:00:00.000Z,0.56318,0.56415,0.5625,0.56322,4807
2025-01-08T02:00:00.000Z,0.56322,0.56386,0.56291,0.56381,4271
2025-01-08T06:00:00.000Z,0.56381,0.56414,0.56175,0.56193,8056
2025-01-08T10:00:00.000Z,0.56194,0.56196,0.55892,0.56002,14435
2025-01-08T14:00:00.000Z,0.56002,0.56122,0.55941,0.5603,13435
2025-01-08T18:00:00.000Z,0.56025,0.56125,0.56012,0.56059,6068
2025-01-08T22:00:00.000Z,0.56083,0.56083,0.55945,0.55972,7094
2025-01-09T02:00:00.000Z,0.55972,0.5605,0.55926,0.55991,5462
2025-01-09T06:00:00.000Z,0.55989,0.55993,0.55716,0.55891,9336
2025-01-09T10:00:00.000Z,0.55891,0.56014,0.55866,0.55957,8968
2025-01-09T14:00:00.000Z,0.55956,0.56015,0.55894,0.55971,7458
2025-01-09T18:00:00.000Z,0.55971,0.56029,0.55945,0.55976,1961
2025-01-09T22:00:00.000Z,0.55941,0.56027,0.55913,0.56006,5105
2025-01-10T02:00:00.000Z,0.56006,0.56009,0.5587,0.55879,5862
2025-01-10T06:00:00.000Z,0.55878,0.55921,0.55765,0.5577,7114
2025-01-10T10:00:00.000Z,0.5577,0.55879,0.55426,0.55556,10851
2025-01-10T14:00:00.000Z,0.55556,0.55732,0.55493,0.55629,20234
2025-01-10T18:00:00.000Z,0.55629,0.5564,0.55517,0.55523,5874
2025-01-12T22:00:00.000Z,0.5548,0.55694,0.55473,0.55659,6351
2025-01-13T02:00:00.000Z,0.55659,0.55719,0.55479,0.55533,7450
2025-01-13T06:00:00.000Z,0.5553,0.55636,0.55412,0.55436,9187
2025-01-13T10:00:00.000Z,0.55436,0.55631,0.55431,0.55562,9616
2025-01-13T14:00:00.000Z,0.55562,0.5559,0.55446,0.55586,11978
2025-01-13T18:00:00.000Z,0.55586,0.55788,0.55544,0.55781,4723
2025-01-13T22:00:00.000Z,0.55742,0.56171,0.55742,0.56094,7261
2025-01-14T02:00:00.000Z,0.56094,0.56116,0.55957,0.56041,5221
2025-01-14T06:00:00.000Z,0.56042,0.56309,0.56032,0.56106,9399
2025-01-14T10:00:00.000Z,0.56105,0.5614,0.55845,0.55908,10595
2025-01-14T14:00:00.000Z,0.55909,0.56105,0.55854,0.5591,14447
2025-01-14T18:00:00.000Z,0.55909,0.56031,0.55899,0.56017,4298
2025-01-14T22:00:00.000Z,0.55975,0.56059,0.55967,0.56027,3080
2025-01-15T02:00:00.000Z,0.56027,0.56068,0.55972,0.55972,3779
2025-01-15T06:00:00.000Z,0.55972,0.56254,0.55959,0.56185,7812
2025-01-15T10:00:00.000Z,0.56184,0.56508,0.55998,0.5646,10304
2025-01-15T14:00:00.000Z,0.56462,0.56466,0.56046,0.56121,16799
2025-01-15T18:00:00.000Z,0.56121,0.56201,0.56105,0.56133,4377
2025-01-15T22:00:00.000Z,0.56076,0.56327,0.56076,0.56198,5882
2025-01-16T02:00:00.000Z,0.56199,0.56222,0.55985,0.56002,6914
2025-01-16T06:00:00.000Z,0.56002,0.56117,0.55995,0.56033,8150
2025-01-16T10:00:00.000Z,0.56033,0.56063,0.55818,0.55914,9708
2025-01-16T14:00:00.000Z,0.55914,0.56236,0.55876,0.56129,16624
2025-01-16T18:00:00.000Z,0.5613,0.56153,0.56029,0.56043,4943
2025-01-16T22:00:00.000Z,0.56028,0.56136,0.56018,0.56102,3333
2025-01-17T02:00:00.000Z,0.56105,0.56152,0.55895,0.55925,4889
2025-01-17T06:00:00.000Z,0.55925,0.56036,0.55834,0.55972,8035
2025-01-17T10:00:00.000Z,0.55975,0.56014,0.55719,0.55747,9125
2025-01-17T14:00:00.000Z,0.55747,0.56146,0.55631,0.55912,15389
2025-01-17T18:00:00.000Z,0.55912,0.55951,0.55804,0.55817,4650
2025-01-19T22:00:00.000Z,0.55905,0.56025,0.55791,0.56013,4074
2025-01-20T02:00:00.000Z,0.56013,0.56139,0.55982,0.56055,4492
2025-01-20T06:00:00.000Z,0.56055,0.56222,0.5597,0.56004,7378
2025-01-20T10:00:00.000Z,0.56004,0.56597,0.55989,0.56591,11293
2025-01-20T14:00:00.000Z,0.56592,0.56797,0.56336,0.56551,17824
2025-01-20T18:00:00.000Z,0.56551,0.56842,0.56514,0.56697,5207
2025-01-20T22:00:00.000Z,0.5669,0.5689,0.56214,0.5639,14947
2025-01-21T02:00:00.000Z,0.56391,0.56677,0.56391,0.56401,9772
2025-01-21T06:00:00.000Z,0.56401,0.56465,0.5625,0.56313,10135
2025-01-21T10:00:00.000Z,0.56313,0.56407,0.56164,0.56385,11481
2025-01-21T14:00:00.000Z,0.56389,0.56702,0.56359,0.56645,15384
2025-01-21T18:00:00.000Z,0.5665,0.56758,0.56628,0.56745,5214
2025-01-21T22:00:00.000Z,0.56673,0.56776,0.56534,0.56543,9690
2025-01-22T02:00:00.000Z,0.56543,0.56634,0.56497,0.56609,5643
2025-01-22T06:00:00.000Z,0.56609,0.568,0.56487,0.568,9624
2025-01-22T10:00:00.000Z,0.568,0.56875,0.5668,0.56738,10136
2025-01-22T14:00:00.000Z,0.56737,0.56766,0.56592,0.56669,12981
2025-01-22T18:00:00.000Z,0.56671,0.5672,0.56605,0.56629,4389
2025-01-22T22:00:00.000Z,0.56607,0.56716,0.56587,0.56649,4359
2025-01-23T02:00:00.000Z,0.56649,0.56713,0.5662,0.56644,4872
2025-01-23T06:00:00.000Z,0.56644,0.5669,0.56493,0.56577,7987
2025-01-23T10:00:00.000Z,0.56577,0.5666,0.56512,0.56636,9722
2025-01-23T14:00:00.000Z,0.56637,0.56855,0.56462,0.56831,16494
2025-01-23T18:00:00.000Z,0.56829,0.56841,0.56716,0.56725,5755
2025-01-23T22:00:00.000Z,0.56746,0.5678,0.56709,0.56765,3947
2025-01-24T02:00:00.000Z,0.56765,0.57104,0.56762,0.57099,10293
2025-01-24T06:00:00.000Z,0.57099,0.57214,0.57046,0.57128,12304
2025-01-24T10:00:00.000Z,0.57129,0.57137,0.56989,0.57007,9633
2025-01-24T14:00:00.000Z,0.57007,0.57232,0.56982,0.57162,14432
2025-01-24T18:00:00.000Z,0.57162,0.57174,0.57096,0.5711,6429
2025-01-26T22:00:00.000Z,0.56941,0.57003,0.56786,0.56795,5745
2025-01-27T02:00:00.000Z,0.56794,0.56934,0.56778,0.56879,6674
2025-01-27T06:00:00.000Z,0.56879,0.56946,0.56763,0.56912,10942
2025-01-27T10:00:00.000Z,0.56912,0.57049,0.56901,0.56933,13798
2025-01-27T14:00:00.000Z,0.56933,0.56957,0.56769,0.56809,13346
2025-01-27T18:00:00.000Z,0.56809,0.56953,0.56784,0.56927,7328
2025-01-27T22:00:00.000Z,0.56871,0.56909,0.56537,0.56581,11473
2025-01-28T02:00:00.000Z,0.56579,0.5667,0.56521,0.56594,8231
2025-01-28T06:00:00.000Z,0.56594,0.56654,0.5654,0.56606,9139
2025-01-28T10:00:00.000Z,0.56606,0.5664,0.56479,0.56494,8428
2025-01-28T14:00:00.000Z,0.56494,0.56656,0.56494,0.5663,11645
2025-01-28T18:00:00.000Z,0.5663,0.56705,0.56606,0.56653,4769
2025-01-28T22:00:00.000Z,0.56649,0.56673,0.56538,0.56572,4194
2025-01-29T02:00:00.000Z,0.56572,0.56669,0.56551,0.56649,4281
2025-01-29T06:00:00.000Z,0.56649,0.56683,0.56452,0.56464,7907
2025-01-29T10:00:00.000Z,0.56464,0.56495,0.56339,0.56365,9036
2025-01-29T14:00:00.000Z,0.56366,0.566,0.56364,0.56539,13924
2025-01-29T18:00:00.000Z,0.5654,0.56609,0.56352,0.56575,14608
2025-01-29T22:00:00.000Z,0.56499,0.56675,0.56497,0.56604,4444
2025-01-30T02:00:00.000Z,0.56604,0.5664,0.56449,0.56458,4755
2025-01-30T06:00:00.000Z,0.56458,0.5653,0.56383,0.56498,6954
2025-01-30T10:00:00.000Z,0.56498,0.56593,0.56433,0.56572,9676
2025-01-30T14:00:00.000Z,0.56571,0.56604,0.56459,0.56509,13742
2025-01-30T18:00:00.000Z,0.56512,0.56586,0.5622,0.56337,8216
2025-01-30T22:00:00.000Z,0.56239,0.56366,0.5623,0.56351,5482
2025-01-31T02:00:00.000Z,0.56351,0.56478,0.56323,0.56449,5457
2025-01-31T06:00:00.000Z,0.56449,0.56619,0.56431,0.56518,8589
2025-01-31T10:00:00.000Z,0.56518,0.56525,0.56392,0.56467,9087
2025-01-31T14:00:00.000Z,0.56467,0.56839,0.56349,0.56756,16373
2025-01-31T18:00:00.000Z,0.56756,0.56769,0.56331,0.56333,16102
2025-02-02T22:00:00.000Z,0.55825,0.55903,0.55396,0.55404,17269
2025-02-03T02:00:00.000Z,0.55405,0.55472,0.5516,0.55411,13572
2025-02-03T06:00:00.000Z,0.55411,0.55677,0.55396,0.55596,13922
2025-02-03T10:00:00.000Z,0.55596,0.55856,0.55531,0.55732,12141
2025-02-03T14:00:00.000Z,0.55733,0.56086,0.55538,0.55909,27273
2025-02-03T18:00:00.000Z,0.55908,0.56401,0.55844,0.5626,11406
2025-02-03T22:00:00.000Z,0.56188,0.56406,0.56,0.56174,8094
2025-02-04T02:00:00.000Z,0.56174,0.56198,0.55816,0.55902,10147
2025-02-04T06:00:00.000Z,0.55902,0.56107,0.55896,0.56069,10629
2025-02-04T10:00:00.000Z,0.5607,0.56152,0.56026,0.56152,8314
2025-02-04T14:00:00.000Z,0.56152,0.56512,0.56152,0.56457,14611
2025-02-04T18:00:00.000Z,0.56456,0.56543,0.56443,0.56525,5124
2025-02-04T22:00:00.000Z,0.56485,0.56616,0.56421,0.56475,6615
2025-02-05T02:00:00.000Z,0.56473,0.56619,0.56455,0.56558,7209
2025-02-05T06:00:00.000Z,0.56559,0.56867,0.5654,0.56819,11098
2025-02-05T10:00:00.000Z,0.5682,0.56924,0.56778,0.56794,9613
2025-02-05T14:00:00.000Z,0.56794,0.57021,0.56762,0.56927,13162
2025-02-05T18:00:00.000Z,0.56927,0.56941,0.56838,0.56861,4677
2025-02-05T22:00:00.000Z,0.56669,0.56909,0.56655,0.56872,4342
2025-02-06T02:00:00.000Z,0.5687,0.56877,0.56643,0.56647,5103
2025-02-06T06:00:00.000Z,0.56647,0.56671,0.56516,0.56564,7190
2025-02-06T10:00:00.000Z,0.56564,0.56636,0.56527,0.5657,9396
2025-02-06T14:00:00.000Z,0.56572,0.56753,0.56544,0.56749,9963
2025-02-06T18:00:00.000Z,0.56749,0.56792,0.56707,0.56753,4772
2025-02-06T22:00:00.000Z,0.56697,0.56855,0.56684,0.56843,3830
2025-02-07T02:00:00.000Z,0.56843,0.56898,0.56728,0.56749,4446
2025-02-07T06:00:00.000Z,0.56749,0.56896,0.56721,0.56861,6140
2025-02-07T10:00:00.000Z,0.56862,0.5694,0.56589,0.56669,9205
2025-02-07T14:00:00.000Z,0.56668,0.56827,0.56401,0.56521,22408
2025-02-07T18:00:00.000Z,0.56521,0.5662,0.56518,0.56553,6130
2025-02-09T22:00:00.000Z,0.56343,0.56522,0.56336,0.56405,7635
2025-02-10T02:00:00.000Z,0.56405,0.56616,0.5639,0.5657,5060
2025-02-10T06:00:00.000Z,0.56571,0.56637,0.56488,0.56576,7801
2025-02-10T10:00:00.000Z,0.56575,0.56615,0.56473,0.56575,6748
2025-02-10T14:00:00.000Z,0.56575,0.56591,0.56428,0.56475,8414
2025-02-10T18:00:00.000Z,0.56476,0.56476,0.56395,0.56399,2929
2025-02-10T22:00:00.000Z,0.56347,0.56441,0.56286,0.56373,4196
2025-02-11T02:00:00.000Z,0.56373,0.56463,0.563,0.5645,4406
2025-02-11T06:00:00.000Z,0.56448,0.56545,0.56438,0.56463,7280
2025-02-11T10:00:00.000Z,0.56463,0.56499,0.56402,0.56461,6842
2025-02-11T14:00:00.000Z,0.56461,0.56586,0.56457,0.56521,8689
2025-02-11T18:00:00.000Z,0.56521,0.56608,0.56463,0.56533,4341
2025-02-11T22:00:00.000Z,0.5652,0.56648,0.56513,0.56646,3860
2025-02-12T02:00:00.000Z,0.56646,0.56715,0.56515,0.56541,4667
2025-02-12T06:00:00.000Z,0.56541,0.56554,0.56391,0.56406,7453
2025-02-12T10:00:00.000Z,0.56406,0.56439,0.56036,0.56066,9943
2025-02-12T14:00:00.000Z,0.56063,0.56619,0.56001,0.56587,18010
2025-02-12T18:00:00.000Z,0.56588,0.56623,0.56393,0.56406,6267
2025-02-12T22:00:00.000Z,0.56333,0.56466,0.56333,0.56439,4677
2025-02-13T02:00:00.000Z,0.56439,0.56616,0.56378,0.56591,6316
2025-02-13T06:00:00.000Z,0.56591,0.56597,0.56334,0.56369,9008
2025-02-13T10:00:00.000Z,0.56369,0.56411,0.56243,0.56308,10111
2025-02-13T14:00:00.000Z,0.56308,0.56587,0.56225,0.56506,12878
2025-02-13T18:00:00.000Z,0.56508,0.56792,0.56332,0.56777,8891
2025-02-13T22:00:00.000Z,0.56705,0.56879,0.56638,0.56854,4712
2025-02-14T02:00:00.000Z,0.56855,0.56939,0.56812,0.56846,4703
2025-02-14T06:00:00.000Z,0.56846,0.57104,0.56835,0.5708,9020
2025-02-14T10:00:00.000Z,0.57079,0.57202,0.56986,0.57176,9041
2025-02-14T14:00:00.000Z,0.57176,0.57375,0.57168,0.57357,10564
2025-02-14T18:00:00.000Z,0.57357,0.57379,0.57308,0.5731,3848
2025-02-16T22:00:00.000Z,0.57138,0.57502,0.5713,0.57448,6720
2025-02-17T02:00:00.000Z,0.57448,0.57449,0.57324,0.57354,5984
2025-02-17T06:00:00.000Z,0.57354,0.57418,0.57276,0.57343,8168
2025-02-17T10:00:00.000Z,0.57342,0.57379,0.57308,0.57352,6013
2025-02-17T14:00:00.000Z,0.57352,0.57397,0.57335,0.57389,3972
2025-02-17T18:00:00.000Z,0.5739,0.57399,0.57346,0.57354,2450
2025-02-17T22:00:00.000Z,0.57357,0.57358,0.57089,0.57133,4462
2025-02-18T02:00:00.000Z,0.57133,0.57197,0.5703,0.57084,7754
2025-02-18T06:00:00.000Z,0.57084,0.57192,0.57035,0.57096,8114
2025-02-18T10:00:00.000Z,0.57096,0.57114,0.56937,0.56977,6684
2025-02-18T14:00:00.000Z,0.56977,0.57063,0.56953,0.5699,7823
2025-02-18T18:00:00.000Z,0.5699,0.57057,0.56964,0.57045,3521
2025-02-18T22:00:00.000Z,0.57007,0.57085,0.56776,0.56938,5923
2025-02-19T02:00:00.000Z,0.56936,0.57245,0.56834,0.57241,6502
2025-02-19T06:00:00.000Z,0.57241,0.57317,0.57217,0.57242,7201
2025-02-19T10:00:00.000Z,0.57242,0.57244,0.57091,0.5714,7243
2025-02-19T14:00:00.000Z,0.57139,0.57247,0.56963,0.56998,9932
2025-02-19T18:00:00.000Z,0.56998,0.57089,0.56957,0.57054,4439
2025-02-19T22:00:00.000Z,0.5703,0.57143,0.56931,0.56964,5480
2025-02-20T02:00:00.000Z,0.56964,0.57216,0.56935,0.57202,7306
2025-02-20T06:00:00.000Z,0.57201,0.57309,0.57184,0.57288,8106
2025-02-20T10:00:00.000Z,0.57288,0.57391,0.57207,0.57324,8797
2025-02-20T14:00:00.000Z,0.57323,0.57672,0.57294,0.57618,11351
2025-02-20T18:00:00.000Z,0.57613,0.57663,0.57589,0.57622,4072
2025-02-20T22:00:00.000Z,0.57605,0.57724,0.5756,0.57586,5804
2025-02-21T02:00:00.000Z,0.57586,0.57716,0.57586,0.57596,7223
2025-02-21T06:00:00.000Z,0.57596,0.57645,0.57533,0.57566,9041
2025-02-21T10:00:00.000Z,0.57566,0.57604,0.57517,0.57556,6416
2025-02-21T14:00:00.000Z,0.57557,0.57665,0.5746,0.57479,11130
2025-02-21T18:00:00.000Z,0.57478,0.57481,0.57348,0.57408,6003
2025-02-23T22:00:00.000Z,0.57366,0.57563,0.57364,0.5751,7968
2025-02-24T02:00:00.000Z,0.57509,0.57698,0.57503,0.57564,8022
2025-02-24T06:00:00.000Z,0.57564,0.57609,0.57437,0.57454,9605
2025-02-24T10:00:00.000Z,0.57454,0.57509,0.57386,0.57472,8192
2025-02-24T14:00:00.000Z,0.57472,0.57495,0.57315,0.57425,11572
2025-02-24T18:00:00.000Z,0.57425,0.5749,0.57291,0.57318,4889
2025-02-24T22:00:00.000Z,0.57301,0.57317,0.57218,0.5727,5066
2025-02-25T02:00:00.000Z,0.5727,0.57382,0.57243,0.57373,5831
2025-02-25T06:00:00.000Z,0.57373,0.57382,0.57137,0.57144,9178
2025-02-25T10:00:00.000Z,0.57143,0.57304,0.57079,0.57262,8350
2025-02-25T14:00:00.000Z,0.57262,0.57278,0.5706,0.57156,13244
2025-02-25T18:00:00.000Z,0.57156,0.57263,0.57154,0.57253,5526
2025-02-25T22:00:00.000Z,0.57205,0.57324,0.57145,0.57176,4866
2025-02-26T02:00:00.000Z,0.57176,0.57214,0.5706,0.57074,6505
2025-02-26T06:00:00.000Z,0.57074,0.57189,0.57048,0.57056,8649
2025-02-26T10:00:00.000Z,0.57056,0.5707,0.56879,0.5692,7973
2025-02-26T14:00:00.000Z,0.5692,0.5721,0.56893,0.57032,14294
2025-02-26T18:00:00.000Z,0.57032,0.57101,0.56889,0.56937,6763
2025-02-26T22:00:00.000Z,0.56971,0.5701,0.56905,0.56942,5293
2025-02-27T02:00:00.000Z,0.56942,0.56956,0.56728,0.56782,6401
2025-02-27T06:00:00.000Z,0.56783,0.56894,0.56783,0.56859,8364
2025-02-27T10:00:00.000Z,0.56859,0.56875,0.56587,0.56592,10858
2025-02-27T14:00:00.000Z,0.56592,0.56649,0.56377,0.56388,14793
2025-02-27T18:00:00.000Z,0.56389,0.5647,0.56291,0.56299,5274
2025-02-27T22:00:00.000Z,0.56256,0.56332,0.56129,0.56131,6913
2025-02-28T02:00:00.000Z,0.5613,0.56159,0.55982,0.56006,7033
2025-02-28T06:00:00.000Z,0.56004,0.56081,0.55966,0.56008,8176
2025-02-28T10:00:00.000Z,0.56008,0.56068,0.55969,0.5602,7685
2025-02-28T14:00:00.000Z,0.56021,0.56097,0.55956,0.55975,13028
2025-02-28T18:00:00.000Z,0.55974,0.55987,0.55849,0.5596,7716
2025-03-02T22:00:00.000Z,0.55977,0.56135,0.55973,0.56108,6746
2025-03-03T02:00:00.000Z,0.56108,0.56118,0.5599,0.56022,5790
2025-03-03T06:00:00.000Z,0.56021,0.56092,0.55931,0.56078,7839
2025-03-03T10:00:00.000Z,0.56078,0.56141,0.56024,0.56135,9583
2025-03-03T14:00:00.000Z,0.56135,0.56364,0.5613,0.56349,13114
2025-03-03T18:00:00.000Z,0.56342,0.56402,0.56022,0.56148,10472
2025-03-03T22:00:00.000Z,0.56088,0.56207,0.56039,0.56115,8292
2025-03-04T02:00:00.000Z,0.56114,0.56132,0.5595,0.56066,9380
2025-03-04T06:00:00.000Z,0.56066,0.56318,0.56046,0.56246,11486
2025-03-04T10:00:00.000Z,0.56246,0.56432,0.56207,0.56306,12631
2025-03-04T14:00:00.000Z,0.56306,0.5634,0.56086,0.56205,18442
2025-03-04T18:00:00.000Z,0.56203,0.56649,0.56192,0.56629,13071
2025-03-04T22:00:00.000Z,0.56594,0.56687,0.56444,0.56524,7651
2025-03-05T02:00:00.000Z,0.56526,0.56539,0.5637,0.56502,8509
2025-03-05T06:00:00.000Z,0.56501,0.56844,0.56493,0.56794,12265
2025-03-05T10:00:00.000Z,0.56793,0.56952,0.56713,0.56941,13192
2025-03-05T14:00:00.000Z,0.56941,0.57155,0.56911,0.5712,21693
2025-03-05T18:00:00.000Z,0.5712,0.57316,0.57049,0.57282,8692
2025-03-05T22:00:00.000Z,0.57245,0.57425,0.57197,0.57405,6061
2025-03-06T02:00:00.000Z,0.57405,0.57455,0.57288,0.57344,7890
2025-03-06T06:00:00.000Z,0.57344,0.57441,0.57265,0.5734,13289
2025-03-06T10:00:00.000Z,0.57339,0.5746,0.57292,0.57369,12454
2025-03-06T14:00:00.000Z,0.57369,0.57592,0.57339,0.57426,19623
2025-03-06T18:00:00.000Z,0.57426,0.57462,0.5731,0.57347,9526
2025-03-06T22:00:00.000Z,0.57303,0.57412,0.57265,0.57302,5993
2025-03-07T02:00:00.000Z,0.57302,0.57312,0.5711,0.5713,7402
2025-03-07T06:00:00.000Z,0.5713,0.57314,0.57058,0.5727,9464
2025-03-07T10:00:00.000Z,0.57269,0.57273,0.57046,0.57062,12762
2025-03-07T14:00:00.000Z,0.57064,0.57226,0.56949,0.56974,19733
2025-03-07T18:00:00.000Z,0.56974,0.57152,0.56966,0.57102,5191
2025-03-09T21:00:00.000Z,0.57137,0.57181,0.56944,0.57161,6428
2025-03-10T01:00:00.000Z,0.57161,0.57229,0.57039,0.57131,7407
2025-03-10T05:00:00.000Z,0.57131,0.57317,0.57117,0.57272,9555
2025-03-10T09:00:00.000Z,0.57272,0.57422,0.57263,0.57373,10576
2025-03-10T13:00:00.000Z,0.57373,0.5741,0.5719,0.57196,13526
2025-03-10T17:00:00.000Z,0.57195,0.57214,0.56903,0.56961,9885
2025-03-10T21:00:00.000Z,0.56978,0.57023,0.5686,0.56912,5276
2025-03-11T01:00:00.000Z,0.56913,0.5699,0.56793,0.56949,9231
2025-03-11T05:00:00.000Z,0.56949,0.5706,0.56773,0.57044,10553
2025-03-11T09:00:00.000Z,0.57045,0.57121,0.56969,0.5706,8776
2025-03-11T13:00:00.000Z,0.5706,0.57137,0.56927,0.57076,16245
2025-03-11T17:00:00.000Z,0.57076,0.57262,0.57027,0.57146,9074
2025-03-11T21:00:00.000Z,0.57136,0.57169,0.5705,0.57082,3760
2025-03-12T01:00:00.000Z,0.57082,0.57127,0.56985,0.57041,6321
2025-03-12T05:00:00.000Z,0.57042,0.57179,0.56975,0.57178,8149
2025-03-12T09:00:00.000Z,0.57178,0.57376,0.56983,0.57066,10350
2025-03-12T13:00:00.000Z,0.57068,0.57304,0.5699,0.57253,14775
2025-03-12T17:00:00.000Z,0.57253,0.57326,0.57228,0.57309,6977
2025-03-12T21:00:00.000Z,0.57279,0.57417,0.5721,0.57379,3524
2025-03-13T01:00:00.000Z,0.57379,0.57408,0.57268,0.57283,5756
2025-03-13T05:00:00.000Z,0.57283,0.57283,0.57024,0.57051,8694
2025-03-13T09:00:00.000Z,0.5705,0.57132,0.56839,0.56872,9741
2025-03-13T13:00:00.000Z,0.56872,0.5714,0.56821,0.57082,13158
2025-03-13T17:00:00.000Z,0.57083,0.57089,0.56958,0.56982,6600
2025-03-13T21:00:00.000Z,0.56977,0.57041,0.56909,0.57011,3658
2025-03-14T01:00:00.000Z,0.57011,0.57118,0.57009,0.57092,5545
2025-03-14T05:00:00.000Z,0.57092,0.57289,0.57063,0.57281,7634
2025-03-14T09:00:00.000Z,0.57281,0.5742,0.57176,0.57384,10770
2025-03-14T13:00:00.000Z,0.57384,0.57483,0.5733,0.57458,11650
2025-03-14T17:00:00.000Z,0.57456,0.57553,0.57441,0.57501,3735
2025-03-16T21:00:00.000Z,0.57411,0.57624,0.57409,0.57512,4151
2025-03-17T01:00:00.000Z,0.57512,0.57626,0.57502,0.57584,5990
2025-03-17T05:00:00.000Z,0.57584,0.57767,0.57534,0.57735,7319
2025-03-17T09:00:00.000Z,0.57735,0.57917,0.5771,0.57867,8017
2025-03-17T13:00:00.000Z,0.57868,0.58173,0.57865,0.58156,8956
2025-03-17T17:00:00.000Z,0.58156,0.58256,0.58141,0.58211,4470
2025-03-17T21:00:00.000Z,0.5814,0.58272,0.58111,0.58234,3259
2025-03-18T01:00:00.000Z,0.58234,0.58299,0.58117,0.5818,4663
2025-03-18T05:00:00.000Z,0.5818,0.5831,0.58115,0.58289,5981
2025-03-18T09:00:00.000Z,0.58288,0.58293,0.58088,0.58118,7164
2025-03-18T13:00:00.000Z,0.58118,0.5816,0.57976,0.5814,9334
2025-03-18T17:00:00.000Z,0.5814,0.58203,0.58137,0.58193,4444
2025-03-18T21:00:00.000Z,0.58179,0.58202,0.58138,0.58159,2252
2025-03-19T01:00:00.000Z,0.58159,0.58184,0.58084,0.58088,3937
2025-03-19T05:00:00.000Z,0.58088,0.5814,0.57836,0.5786,8073
2025-03-19T09:00:00.000Z,0.5786,0.57936,0.57784,0.57883,7435
2025-03-19T13:00:00.000Z,0.57883,0.57893,0.57758,0.57844,7624
2025-03-19T17:00:00.000Z,0.57844,0.58162,0.57723,0.58149,10164
2025-03-19T21:00:00.000Z,0.5814,0.58257,0.57971,0.5803,4534
2025-03-20T01:00:00.000Z,0.5803,0.58045,0.57861,0.5792,6305
2025-03-20T05:00:00.000Z,0.5792,0.5792,0.57549,0.57597,7177
2025-03-20T09:00:00.000Z,0.57597,0.57617,0.57336,0.57361,9649
2025-03-20T13:00:00.000Z,0.57361,0.57509,0.57226,0.57443,9535
2025-03-20T17:00:00.000Z,0.57443,0.57623,0.57412,0.57569,3849
2025-03-20T21:00:00.000Z,0.57546,0.57659,0.57502,0.57625,3496
2025-03-21T01:00:00.000Z,0.57625,0.57629,0.57464,0.57485,5127
2025-03-21T05:00:00.000Z,0.57485,0.57609,0.57469,0.57591,6287
2025-03-21T09:00:00.000Z,0.57591,0.57673,0.57529,0.57557,6277
2025-03-21T13:00:00.000Z,0.57557,0.57557,0.57244,0.57359,10446
2025-03-21T17:00:00.000Z,0.57362,0.57391,0.573,0.57305,5190
2025-03-23T21:00:00.000Z,0.573,0.57494,0.57291,0.57468,3745
2025-03-24T01:00:00.000Z,0.57467,0.57468,0.57185,0.57222,5171
2025-03-24T05:00:00.000Z,0.57222,0.57397,0.57182,0.57329,6833
2025-03-24T09:00:00.000Z,0.5733,0.57476,0.57231,0.57254,6225
2025-03-24T13:00:00.000Z,0.57254,0.57358,0.57103,0.5713,10235
2025-03-24T17:00:00.000Z,0.5713,0.57294,0.57094,0.57275,6049
2025-03-24T21:00:00.000Z,0.57177,0.57291,0.57166,0.57211,2784
2025-03-25T01:00:00.000Z,0.57211,0.57284,0.57179,0.5722,5315
2025-03-25T05:00:00.000Z,0.5722,0.57286,0.57107,0.57149,5134
2025-03-25T09:00:00.000Z,0.57148,0.57502,0.57135,0.57465,7300
2025-03-25T13:00:00.000Z,0.57465,0.57487,0.57314,0.57372,9752
2025-03-25T17:00:00.000Z,0.57375,0.57422,0.57272,0.57309,5006
2025-03-25T21:00:00.000Z,0.57317,0.57347,0.57211,0.57217,2973
2025-03-26T01:00:00.000Z,0.57217,0.57499,0.57138,0.57463,6121
2025-03-26T05:00:00.000Z,0.57463,0.57553,0.57427,0.57544,6508
2025-03-26T09:00:00.000Z,0.57545,0.57623,0.57454,0.57495,6004
2025-03-26T13:00:00.000Z,0.57498,0.57549,0.57352,0.57398,10183
2025-03-26T17:00:00.000Z,0.57398,0.57404,0.57208,0.57274,7163
2025-03-26T21:00:00.000Z,0.57274,0.57302,0.57115,0.57252,4985
2025-03-27T01:00:00.000Z,0.57252,0.57451,0.57252,0.57417,5970
2025-03-27T05:00:00.000Z,0.57417,0.57498,0.57324,0.57472,8316
2025-03-27T09:00:00.000Z,0.57471,0.57514,0.57367,0.57449,7343
2025-03-27T13:00:00.000Z,0.5745,0.57554,0.57335,0.57409,10975
2025-03-27T17:00:00.000Z,0.57409,0.57472,0.5735,0.57385,5635
2025-03-27T21:00:00.000Z,0.57348,0.57398,0.57253,0.57284,4092
2025-03-28T01:00:00.000Z,0.57284,0.57285,0.57109,0.57134,4583
2025-03-28T05:00:00.000Z,0.57134,0.57245,0.57111,0.57187,5244
2025-03-28T09:00:00.000Z,0.57187,0.57269,0.57108,0.57253,6221
2025-03-28T13:00:00.000Z,0.57253,0.5736,0.57204,0.57222,11962
2025-03-28T17:00:00.000Z,0.57222,0.57223,0.57109,0.57141,6144
2025-03-30T21:00:00.000Z,0.57153,0.57162,0.56935,0.57048,5862
2025-03-31T01:00:00.000Z,0.57048,0.5716,0.57045,0.57062,6133
2025-03-31T05:00:00.000Z,0.57061,0.57221,0.56867,0.56887,9012
2025-03-31T09:00:00.000Z,0.56887,0.56918,0.56695,0.56695,6888
2025-03-31T13:00:00.000Z,0.56695,0.56748,0.56483,0.56696,10993
2025-03-31T17:00:00.000Z,0.56695,0.56798,0.56687,0.56777,5676
2025-03-31T21:00:00.000Z,0.56726,0.56791,0.56667,0.5671,2729
2025-04-01T01:00:00.000Z,0.5671,0.56884,0.56626,0.56874,6432
2025-04-01T05:00:00.000Z,0.56876,0.56876,0.56642,0.56787,8025
2025-04-01T09:00:00.000Z,0.56786,0.56854,0.5671,0.56776,8767
2025-04-01T13:00:00.000Z,0.56776,0.57044,0.56754,0.56968,11816
2025-04-01T17:00:00.000Z,0.56968,0.57024,0.56885,0.57002,5697
2025-04-01T21:00:00.000Z,0.56925,0.57142,0.56924,0.5705,4185
2025-04-02T01:00:00.000Z,0.57051,0.57242,0.57022,0.57211,4577
2025-04-02T05:00:00.000Z,0.57211,0.57401,0.57168,0.57397,6523
2025-04-02T09:00:00.000Z,0.57397,0.57467,0.57354,0.57456,6953
2025-04-02T13:00:00.000Z,0.57456,0.57457,0.57306,0.57345,10203
2025-04-02T17:00:00.000Z,0.57345,0.57787,0.5709,0.57328,11315
2025-04-02T21:00:00.000Z,0.57281,0.57406,0.56813,0.57329,14410
2025-04-03T01:00:00.000Z,0.5733,0.57448,0.5727,0.57311,11464
2025-04-03T05:00:00.000Z,0.57311,0.57993,0.5731,0.5796,16228
2025-04-03T09:00:00.000Z,0.5796,0.58337,0.57924,0.58299,18607
2025-04-03T13:00:00.000Z,0.583,0.58529,0.58085,0.58103,20573
2025-04-03T17:00:00.000Z,0.58102,0.58102,0.57825,0.5791,8219
2025-04-03T21:00:00.000Z,0.57905,0.57969,0.57811,0.5791,6317
2025-04-04T01:00:00.000Z,0.57909,0.57921,0.5714,0.57159,11591
2025-04-04T05:00:00.000Z,0.57159,0.57311,0.56809,0.569,15256
2025-04-04T09:00:00.000Z,0.56901,0.56949,0.56132,0.56421,31035
2025-04-04T13:00:00.000Z,0.56424,0.56579,0.55632,0.55689,31934
2025-04-04T17:00:00.000Z,0.5569,0.56088,0.55513,0.55937,16556
2025-04-06T21:00:00.000Z,0.55719,0.55792,0.55199,0.55536,20739
2025-04-07T01:00:00.000Z,0.55536,0.55842,0.55476,0.5569,18747
2025-04-07T05:00:00.000Z,0.5569,0.56016,0.55516,0.55636,26769
2025-04-07T09:00:00.000Z,0.55635,0.56168,0.55527,0.56101,27871
2025-04-07T13:00:00.000Z,0.56102,0.5643,0.55061,0.55095,38032
2025-04-07T17:00:00.000Z,0.55094,0.55533,0.55094,0.55367,20499
2025-04-07T21:00:00.000Z,0.55336,0.55586,0.55293,0.55421,7465
2025-04-08T01:00:00.000Z,0.55421,0.56084,0.55333,0.56063,13834
2025-04-08T05:00:00.000Z,0.56063,0.56236,0.55881,0.56013,17004
2025-04-08T09:00:00.000Z,0.56013,0.56212,0.55814,0.56119,17032
2025-04-08T13:00:00.000Z,0.56119,0.56261,0.55552,0.5557,24841
2025-04-08T17:00:00.000Z,0.55565,0.55632,0.552,0.55283,18155
2025-04-08T21:00:00.000Z,0.5533,0.5539,0.54848,0.55256,11219
2025-04-09T01:00:00.000Z,0.55255,0.55606,0.55136,0.55449,20542
2025-04-09T05:00:00.000Z,0.55449,0.55648,0.55244,0.5561,28114
2025-04-09T09:00:00.000Z,0.55611,0.5582,0.55412,0.55803,23891
2025-04-09T13:00:00.000Z,0.55805,0.55931,0.5548,0.55707,21745
2025-04-09T17:00:00.000Z,0.55707,0.56678,0.5566,0.5641,32361
2025-04-09T21:00:00.000Z,0.5635,0.56637,0.56344,0.56439,12778
2025-04-10T01:00:00.000Z,0.5644,0.56966,0.56277,0.56949,14754
2025-04-10T05:00:00.000Z,0.56949,0.57095,0.56605,0.56731,19721
2025-04-10T09:00:00.000Z,0.56729,0.57387,0.56663,0.57037,21102
2025-04-10T13:00:00.000Z,0.57038,0.57511,0.56931,0.57252,28093
2025-04-10T17:00:00.000Z,0.5725,0.57653,0.57163,0.57417,20873
2025-04-10T21:00:00.000Z,0.57309,0.57747,0.57309,0.57548,15472
2025-04-11T01:00:00.000Z,0.57549,0.57994,0.57507,0.57665,21580
2025-04-11T05:00:00.000Z,0.57665,0.5812,0.57533,0.58101,23131
2025-04-11T09:00:00.000Z,0.58097,0.5826,0.57804,0.58207,21071
2025-04-11T13:00:00.000Z,0.58206,0.58394,0.57764,0.57997,29032
2025-04-11T17:00:00.000Z,0.58,0.58335,0.57943,0.5821,14142
2025-04-13T21:00:00.000Z,0.5813,0.58533,0.58126,0.58434,10841
2025-04-14T01:00:00.000Z,0.58437,0.58599,0.58308,0.58539,12575
2025-04-14T05:00:00.000Z,0.58539,0.58913,0.58498,0.58839,13274
2025-04-14T09:00:00.000Z,0.58839,0.58895,0.58427,0.58454,11691
2025-04-14T13:00:00.000Z,0.58455,0.58861,0.58302,0.58637,20113
2025-04-14T17:00:00.000Z,0.58638,0.58903,0.58636,0.58763,9769
2025-04-14T21:00:00.000Z,0.5863,0.58841,0.58609,0.58841,6067
2025-04-15T01:00:00.000Z,0.5884,0.59281,0.58835,0.59224,9724
2025-04-15T05:00:00.000Z,0.59224,0.59277,0.59022,0.5906,12442
2025-04-15T09:00:00.000Z,0.5906,0.59384,0.59029,0.59326,10606
2025-04-15T13:00:00.000Z,0.59326,0.59436,0.59033,0.59065,15769
2025-04-15T17:00:00.000Z,0.59065,0.59102,0.58913,0.58995,7153
2025-04-15T21:00:00.000Z,0.58962,0.59094,0.58858,0.58954,7217
2025-04-16T01:00:00.000Z,0.58953,0.59213,0.58933,0.59203,8864
2025-04-16T05:00:00.000Z,0.59203,0.59304,0.59094,0.59205,13545
2025-04-16T09:00:00.000Z,0.59205,0.59236,0.58993,0.59039,12107
2025-04-16T13:00:00.000Z,0.5904,0.59304,0.59,0.59262,13611
2025-04-16T17:00:00.000Z,0.59259,0.59365,0.59097,0.59344,11099
2025-04-16T21:00:00.000Z,0.59245,0.59437,0.59193,0.5921,6073
2025-04-17T01:00:00.000Z,0.59211,0.59253,0.59066,0.59094,9172
2025-04-17T05:00:00.000Z,0.59094,0.59262,0.58993,0.59254,10445
2025-04-17T09:00:00.000Z,0.59254,0.59609,0.59243,0.59603,10098
2025-04-17T13:00:00.000Z,0.59603,0.59751,0.59509,0.59696,13628
2025-04-17T17:00:00.000Z,0.59697,0.59777,0.59652,0.59707,6579
2025-04-17T21:00:00.000Z,0.5949,0.59732,0.59489,0.5971,7664
2025-04-18T01:00:00.000Z,0.59705,0.59718,0.59264,0.59366,36588
2025-04-18T05:00:00.000Z,0.59369,0.59425,0.59244,0.59256,28928
2025-04-18T09:00:00.000Z,0.59254,0.59362,0.59243,0.59312,29564
2025-04-18T13:00:00.000Z,0.59312,0.59328,0.59285,0.59324,15261
2025-04-18T17:00:00.000Z,0.59324,0.59406,0.59304,0.5934,24835
2025-04-20T21:00:00.000Z,0.59227,0.59703,0.5921,0.59602,7304
2025-04-21T01:00:00.000Z,0.59602,0.60038,0.59585,0.59972,7628
2025-04-21T05:00:00.000Z,0.59972,0.60171,0.59946,0.60152,9674
2025-04-21T09:00:00.000Z,0.60152,0.60188,0.60022,0.60169,9491
2025-04-21T13:00:00.000Z,0.60169,0.60183,0.59956,0.60005,11504
2025-04-21T17:00:00.000Z,0.60005,0.60136,0.59926,0.6,7212
2025-04-21T21:00:00.000Z,0.59983,0.60024,0.598,0.59876,5601
2025-04-22T01:00:00.000Z,0.59876,0.60233,0.59876,0.60201,8487
2025-04-22T05:00:00.000Z,0.602,0.60287,0.59994,0.60044,11901
2025-04-22T09:00:00.000Z,0.60044,0.60095,0.59852,0.59918,9053
2025-04-22T13:00:00.000Z,0.59919,0.60013,0.59846,0.59881,12005
2025-04-22T17:00:00.000Z,0.59881,0.59928,0.59629,0.59634,8101
2025-04-22T21:00:00.000Z,0.59622,0.5983,0.59366,0.59829,10002
2025-04-23T01:00:00.000Z,0.59829,0.59873,0.5961,0.59801,8531
2025-04-23T05:00:00.000Z,0.59801,0.59976,0.59737,0.59869,10446
2025-04-23T09:00:00.000Z,0.59869,0.59989,0.59796,0.59967,8987
2025-04-23T13:00:00.000Z,0.59967,0.6013,0.59519,0.59593,17601
2025-04-23T17:00:00.000Z,0.59593,0.59638,0.59439,0.59462,7224
2025-04-23T21:00:00.000Z,0.59436,0.59568,0.5942,0.59498,4459
2025-04-24T01:00:00.000Z,0.59497,0.59627,0.59434,0.59541,7500
2025-04-24T05:00:00.000Z,0.59541,0.59805,0.59411,0.59742,9645
2025-04-24T09:00:00.000Z,0.59742,0.59824,0.59721,0.59734,8088
2025-04-24T13:00:00.000Z,0.59737,0.59941,0.59726,0.59934,11504
2025-04-24T17:00:00.000Z,0.59934,0.59999,0.59847,0.59983,4419
2025-04-24T21:00:00.000Z,0.59855,0.60008,0.59801,0.59852,5017
2025-04-25T01:00:00.000Z,0.59852,0.59996,0.59773,0.59781,7059
2025-04-25T05:00:00.000Z,0.59782,0.59829,0.59598,0.59635,9082
2025-04-25T09:00:00.000Z,0.59637,0.59648,0.59482,0.59564,7462
2025-04-25T13:00:00.000Z,0.59565,0.59689,0.59506,0.59654,8757
2025-04-25T17:00:00.000Z,0.59654,0.597,0.5959,0.59596,4817
2025-04-27T21:00:00.000Z,0.59514,0.59655,0.59477,0.59532,4176
2025-04-28T01:00:00.000Z,0.59535,0.59675,0.59428,0.59671,5500
2025-04-28T05:00:00.000Z,0.59672,0.59697,0.5928,0.59382,7743
2025-04-28T09:00:00.000Z,0.59382,0.59584,0.59372,0.59476,7672
2025-04-28T13:00:00.000Z,0.59476,0.5982,0.59463,0.59685,11255
2025-04-28T17:00:00.000Z,0.59685,0.59802,0.59618,0.59782,4746
2025-04-28T21:00:00.000Z,0.5972,0.59798,0.59592,0.59619,3444
2025-04-29T01:00:00.000Z,0.59619,0.59864,0.59462,0.59503,6645
2025-04-29T05:00:00.000Z,0.59503,0.59785,0.59474,0.59666,8245
2025-04-29T09:00:00.000Z,0.59663,0.59682,0.59477,0.5956,6798
2025-04-29T13:00:00.000Z,0.5956,0.59567,0.59266,0.59421,10295
2025-04-29T17:00:00.000Z,0.59419,0.59467,0.59294,0.59305,4164
2025-04-29T21:00:00.000Z,0.5928,0.59392,0.59253,0.59288,3189
2025-04-30T01:00:00.000Z,0.59286,0.59428,0.59234,0.59336,6472
2025-04-30T05:00:00.000Z,0.59336,0.59494,0.59164,0.59188,7501
2025-04-30T09:00:00.000Z,0.59188,0.59287,0.59024,0.59103,8251
2025-04-30T13:00:00.000Z,0.59102,0.59378,0.5898,0.59309,13063
2025-04-30T17:00:00.000Z,0.5931,0.5946,0.59302,0.59338,7419
2025-04-30T21:00:00.000Z,0.59224,0.59445,0.5921,0.59443,4049
2025-05-01T01:00:00.000Z,0.59443,0.5951,0.59329,0.59409,6385
2025-05-01T05:00:00.000Z,0.59409,0.59419,0.59225,0.59277,7523
2025-05-01T09:00:00.000Z,0.59277,0.5933,0.59124,0.59167,7443
2025-05-01T13:00:00.000Z,0.59166,0.59249,0.58935,0.59026,11112
2025-05-01T17:00:00.000Z,0.59026,0.59136,0.58958,0.59078,5700
2025-05-01T21:00:00.000Z,0.5903,0.59247,0.58972,0.59239,4284
2025-05-02T01:00:00.000Z,0.59242,0.59368,0.59158,0.59316,6966
2025-05-02T05:00:00.000Z,0.59316,0.59412,0.59137,0.59248,7536
2025-05-02T09:00:00.000Z,0.59249,0.59567,0.59209,0.595,10355
2025-05-02T13:00:00.000Z,0.595,0.59772,0.59481,0.59511,14977
2025-05-02T17:00:00.000Z,0.59511,0.59532,0.59398,0.59447,5873
2025-05-04T21:00:00.000Z,0.59379,0.596,0.59339,0.59484,4514
2025-05-05T01:00:00.000Z,0.59491,0.59844,0.59489,0.59742,6886
2025-05-05T05:00:00.000Z,0.59742,0.59934,0.59614,0.59699,8851
2025-05-05T09:00:00.000Z,0.597,0.59955,0.59699,0.59912,8574
2025-05-05T13:00:00.000Z,0.59911,0.59944,0.59628,0.59636,10443
2025-05-05T17:00:00.000Z,0.59636,0.59719,0.59595,0.59663,5013
2025-05-05T21:00:00.000Z,0.59628,0.59685,0.59436,0.59478,2565
2025-05-06T01:00:00.000Z,0.59478,0.59832,0.59436,0.59813,6375
2025-05-06T05:00:00.000Z,0.59813,0.59906,0.59656,0.59782,9021
2025-05-06T09:00:00.000Z,0.59781,0.59892,0.59635,0.59881,7724
2025-05-06T13:00:00.000Z,0.59881,0.60084,0.59791,0.59996,10409
2025-05-06T17:00:00.000Z,0.59995,0.60131,0.59971,0.60072,6012
2025-05-06T21:00:00.000Z,0.60012,0.60216,0.59993,0.60155,7573
2025-05-07T01:00:00.000Z,0.60155,0.60227,0.59884,0.59998,8877
2025-05-07T05:00:00.000Z,0.59998,0.60123,0.59928,0.59928,9241
2025-05-07T09:00:00.000Z,0.59928,0.5995,0.59799,0.5983,7580
2025-05-07T13:00:00.000Z,0.5983,0.59909,0.59665,0.59748,9719
2025-05-07T17:00:00.000Z,0.59748,0.59808,0.59343,0.59396,11353
2025-05-07T21:00:00.000Z,0.59342,0.59561,0.59326,0.59485,4608
2025-05-08T01:00:00.000Z,0.59484,0.59743,0.59474,0.59672,6736
2025-05-08T05:00:00.000Z,0.59672,0.5968,0.59171,0.59199,9945
2025-05-08T09:00:00.000Z,0.59199,0.59361,0.59143,0.59298,9840
2025-05-08T13:00:00.000Z,0.59298,0.59433,0.59074,0.59138,13174
2025-05-08T17:00:00.000Z,0.59138,0.59147,0.59005,0.59061,6341
2025-05-08T21:00:00.000Z,0.59011,0.59076,0.58889,0.58922,3548
2025-05-09T01:00:00.000Z,0.58922,0.58985,0.58704,0.58977,7407
2025-05-09T05:00:00.000Z,0.58978,0.59054,0.58891,0.58997,7240
2025-05-09T09:00:00.000Z,0.58997,0.59003,0.58845,0.58981,7638
2025-05-09T13:00:00.000Z,0.58981,0.59203,0.58981,0.59123,9561
2025-05-09T17:00:00.000Z,0.59122,0.59177,0.59053,0.59057,3840
2025-05-11T21:00:00.000Z,0.59186,0.59259,0.5905,0.59216,5956
2025-05-12T01:00:00.000Z,0.59217,0.59343,0.59182,0.5926,6825
2025-05-12T05:00:00.000Z,0.5926,0.59405,0.58748,0.58893,13185
2025-05-12T09:00:00.000Z,0.58891,0.58944,0.58618,0.58769,10067
2025-05-12T13:00:00.000Z,0.58769,0.58908,0.58534,0.58544,10439
2025-05-12T17:00:00.000Z,0.58544,0.58619,0.58464,0.58546,5672
2025-05-12T21:00:00.000Z,0.5847,0.58648,0.5847,0.58526,3178
2025-05-13T01:00:00.000Z,0.58526,0.5889,0.58467,0.58889,6852
2025-05-13T05:00:00.000Z,0.58889,0.58989,0.58829,0.58901,8002
2025-05-13T09:00:00.000Z,0.58902,0.59125,0.58867,0.59125,7536
2025-05-13T13:00:00.000Z,0.59125,0.59397,0.5901,0.59357,12079
2025-05-13T17:00:00.000Z,0.59357,0.5942,0.59339,0.59383,5143
2025-05-13T21:00:00.000Z,0.5929,0.5945,0.5929,0.59432,3494
2025-05-14T01:00:00.000Z,0.59432,0.59493,0.59374,0.59407,6322
2025-05-14T05:00:00.000Z,0.59407,0.59686,0.59315,0.59594,9555
2025-05-14T09:00:00.000Z,0.59598,0.59684,0.59387,0.59425,10370
2025-05-14T13:00:00.000Z,0.59425,0.59427,0.5898,0.5906,13134
2025-05-14T17:00:00.000Z,0.5906,0.59102,0.58927,0.58975,6045
2025-05-14T21:00:00.000Z,0.58931,0.59031,0.58798,0.58989,3423
2025-05-15T01:00:00.000Z,0.58988,0.59158,0.58917,0.58921,6776
2025-05-15T05:00:00.000Z,0.58921,0.59102,0.5882,0.58911,8312
2025-05-15T09:00:00.000Z,0.58911,0.58915,0.58645,0.58825,8080
2025-05-15T13:00:00.000Z,0.58825,0.5887,0.58602,0.58719,10923
2025-05-15T17:00:00.000Z,0.58719,0.58782,0.58669,0.58759,4306
2025-05-15T21:00:00.000Z,0.58666,0.58781,0.58643,0.58673,2784
2025-05-16T01:00:00.000Z,0.58673,0.59074,0.58657,0.59043,5329
2025-05-16T05:00:00.000Z,0.59043,0.59179,0.59029,0.5908,6552
2025-05-16T09:00:00.000Z,0.59079,0.59105,0.58897,0.58963,6873
2025-05-16T13:00:00.000Z,0.58963,0.58994,0.58662,0.58746,9451
2025-05-16T17:00:00.000Z,0.58746,0.58812,0.58728,0.5876,4352
2025-05-18T21:00:00.000Z,0.58846,0.58943,0.58704,0.58921,3366
2025-05-19T01:00:00.000Z,0.58921,0.58988,0.58834,0.5885,4730
2025-05-19T05:00:00.000Z,0.5885,0.59032,0.58797,0.58991,7967
2025-05-19T09:00:00.000Z,0.58992,0.59179,0.58977,0.59055,8378
2025-05-19T13:00:00.000Z,0.59056,0.59324,0.59026,0.59236,10326
2025-05-19T17:00:00.000Z,0.59236,0.59308,0.59169,0.59298,4167
2025-05-19T21:00:00.000Z,0.59251,0.59319,0.59198,0.59223,2374
2025-05-20T01:00:00.000Z,0.59223,0.59282,0.59122,0.59193,5900
2025-05-20T05:00:00.000Z,0.59192,0.59316,0.59104,0.59186,8980
2025-05-20T09:00:00.000Z,0.59186,0.59219,0.58939,0.59009,6957
2025-05-20T13:00:00.000Z,0.59009,0.59184,0.58976,0.59171,9289
2025-05-20T17:00:00.000Z,0.59172,0.59236,0.59123,0.59236,4951
2025-05-20T21:00:00.000Z,0.59162,0.59399,0.59149,0.59382,3093
2025-05-21T01:00:00.000Z,0.59382,0.59515,0.59321,0.59489,6176
2025-05-21T05:00:00.000Z,0.59489,0.59546,0.59236,0.59282,8939
2025-05-21T09:00:00.000Z,0.5928,0.59515,0.5925,0.5941,9103
2025-05-21T13:00:00.000Z,0.59413,0.59676,0.59371,0.5963,10981
2025-05-21T17:00:00.000Z,0.5963,0.59663,0.59341,0.59378,7473
2025-05-21T21:00:00.000Z,0.5931,0.59413,0.59279,0.59336,3796
2025-05-22T01:00:00.000Z,0.59338,0.59396,0.59204,0.59319,6148
2025-05-22T05:00:00.000Z,0.59321,0.5938,0.59187,0.59191,8534
2025-05-22T09:00:00.000Z,0.59191,0.59192,0.58939,0.59082,8723
2025-05-22T13:00:00.000Z,0.59084,0.59145,0.58955,0.59022,10505
2025-05-22T17:00:00.000Z,0.59022,0.59044,0.58948,0.58973,5935
2025-05-22T21:00:00.000Z,0.58904,0.59043,0.58904,0.59043,3268
2025-05-23T01:00:00.000Z,0.59043,0.59218,0.59015,0.59161,4662
2025-05-23T05:00:00.000Z,0.59161,0.59471,0.59126,0.59432,6620
2025-05-23T09:00:00.000Z,0.59432,0.59688,0.5941,0.5961,10488
2025-05-23T13:00:00.000Z,0.59609,0.59853,0.59481,0.59818,11346
2025-05-23T17:00:00.000Z,0.59818,0.59893,0.59803,0.59827,5007
2025-05-25T21:00:00.000Z,0.59777,0.59967,0.59726,0.59952,5108
2025-05-26T01:00:00.000Z,0.59951,0.60312,0.59943,0.60224,6930
2025-05-26T05:00:00.000Z,0.60224,0.60294,0.60134,0.60176,7173
2025-05-26T09:00:00.000Z,0.60178,0.60183,0.60081,0.60105,5620
2025-05-26T13:00:00.000Z,0.60105,0.60168,0.60028,0.60034,5224
2025-05-26T17:00:00.000Z,0.60034,0.60042,0.59983,0.59987,2826
2025-05-26T21:00:00.000Z,0.59912,0.60053,0.59912,0.60034,3459
2025-05-27T01:00:00.000Z,0.60034,0.60064,0.59784,0.59787,5293
2025-05-27T05:00:00.000Z,0.59787,0.59955,0.59562,0.59585,9216
2025-05-27T09:00:00.000Z,0.59585,0.59679,0.59491,0.59679,7447
2025-05-27T13:00:00.000Z,0.59678,0.59716,0.59397,0.59475,9023
2025-05-27T17:00:00.000Z,0.59475,0.59502,0.59444,0.5948,4696
2025-05-27T21:00:00.000Z,0.59402,0.59542,0.59374,0.5945,2522
2025-05-28T01:00:00.000Z,0.5945,0.59794,0.59236,0.59478,9087
2025-05-28T05:00:00.000Z,0.59478,0.59776,0.59426,0.59747,7948
2025-05-28T09:00:00.000Z,0.59747,0.59773,0.59542,0.59556,6674
2025-05-28T13:00:00.000Z,0.59556,0.59662,0.59438,0.59563,10128
2025-05-28T17:00:00.000Z,0.59563,0.59675,0.59558,0.59662,5353
2025-05-28T21:00:00.000Z,0.59627,0.59765,0.59457,0.59534,7434
2025-05-29T01:00:00.000Z,0.59534,0.59541,0.59249,0.5942,7725
2025-05-29T05:00:00.000Z,0.5942,0.59707,0.59308,0.59598,8185
2025-05-29T09:00:00.000Z,0.59597,0.59895,0.59579,0.59878,9093
2025-05-29T13:00:00.000Z,0.59878,0.59918,0.59651,0.59812,11706
2025-05-29T17:00:00.000Z,0.59812,0.5986,0.59654,0.59698,6433
2025-05-29T21:00:00.000Z,0.59582,0.59843,0.5951,0.59824,4908
2025-05-30T01:00:00.000Z,0.59824,0.59894,0.59598,0.59701,7013
2025-05-30T05:00:00.000Z,0.59701,0.5981,0.59506,0.59508,7894
2025-05-30T09:00:00.000Z,0.59507,0.59684,0.5947,0.596,8927
2025-05-30T13:00:00.000Z,0.596,0.59743,0.59475,0.59617,12758
2025-05-30T17:00:00.000Z,0.59617,0.59766,0.59617,0.59671,5855
2025-06-01T21:00:00.000Z,0.59563,0.59959,0.59559,0.59929,3876
2025-06-02T01:00:00.000Z,0.59929,0.60092,0.59898,0.59948,6138
2025-06-02T05:00:00.000Z,0.59948,0.60271,0.59911,0.60143,7976
2025-06-02T09:00:00.000Z,0.60143,0.60248,0.60098,0.60184,8426
2025-06-02T13:00:00.000Z,0.60185,0.60385,0.6005,0.60233,11275
2025-06-02T17:00:00.000Z,0.60232,0.60434,0.60196,0.60383,5002
2025-06-02T21:00:00.000Z,0.60273,0.60541,0.60259,0.60514,3059
2025-06-03T01:00:00.000Z,0.60515,0.60536,0.60093,0.60142,6362
2025-06-03T05:00:00.000Z,0.60141,0.60151,0.59904,0.59983,7626
2025-06-03T09:00:00.000Z,0.59981,0.60102,0.59871,0.59939,6993
2025-06-03T13:00:00.000Z,0.5994,0.60112,0.59881,0.59989,10743
2025-06-03T17:00:00.000Z,0.59988,0.6007,0.59972,0.59983,4398
2025-06-03T21:00:00.000Z,0.59892,0.60071,0.59891,0.60017,2656
2025-06-04T01:00:00.000Z,0.60017,0.60139,0.59953,0.59962,5648
2025-06-04T05:00:00.000Z,0.59962,0.60162,0.59915,0.60128,7487
2025-06-04T09:00:00.000Z,0.60128,0.60236,0.60096,0.60225,7949
2025-06-04T13:00:00.000Z,0.60226,0.60376,0.60138,0.60365,9758
2025-06-04T17:00:00.000Z,0.60365,0.60392,0.60261,0.60271,4256
2025-06-04T21:00:00.000Z,0.60227,0.60375,0.60211,0.60353,2942
2025-06-05T01:00:00.000Z,0.60353,0.60432,0.60259,0.60316,5616
2025-06-05T05:00:00.000Z,0.60317,0.60446,0.60257,0.60399,6762
2025-06-05T09:00:00.000Z,0.60399,0.6062,0.60392,0.60543,8637
2025-06-05T13:00:00.000Z,0.60542,0.60799,0.60391,0.6043,13625
2025-06-05T17:00:00.000Z,0.60431,0.60468,0.60345,0.60355,6072
2025-06-05T21:00:00.000Z,0.60307,0.60485,0.60304,0.60433,2829
2025-06-06T01:00:00.000Z,0.60433,0.60501,0.60258,0.60479,4644
2025-06-06T05:00:00.000Z,0.60479,0.60479,0.60232,0.60256,6912
2025-06-06T09:00:00.000Z,0.60257,0.60434,0.60161,0.60245,9309
2025-06-06T13:00:00.000Z,0.60244,0.60287,0.60062,0.60098,13586
2025-06-06T17:00:00.000Z,0.60098,0.60234,0.60093,0.60151,5044
2025-06-08T21:00:00.000Z,0.60037,0.60276,0.60037,0.60172,3345
2025-06-09T01:00:00.000Z,0.60171,0.60415,0.60171,0.60364,5524
2025-06-09T05:00:00.000Z,0.60364,0.60652,0.60314,0.60579,6094
2025-06-09T09:00:00.000Z,0.60579,0.60647,0.60373,0.60405,6855
2025-06-09T13:00:00.000Z,0.60403,0.60566,0.60354,0.60518,8098
2025-06-09T17:00:00.000Z,0.60518,0.60571,0.60464,0.60466,4135
2025-06-09T21:00:00.000Z,0.60398,0.60582,0.60326,0.60534,3426
2025-06-10T01:00:00.000Z,0.60533,0.60582,0.60274,0.60491,7446
2025-06-10T05:00:00.000Z,0.60492,0.60527,0.60292,0.6044,10197
2025-06-10T09:00:00.000Z,0.60438,0.60556,0.6038,0.60469,6594
2025-06-10T13:00:00.000Z,0.60469,0.6057,0.60377,0.60427,8730
2025-06-10T17:00:00.000Z,0.60427,0.60513,0.60375,0.60511,4475
2025-06-10T21:00:00.000Z,0.60422,0.60615,0.60422,0.60473,4193
2025-06-11T01:00:00.000Z,0.60473,0.60513,0.60249,0.60333,5472
2025-06-11T05:00:00.000Z,0.60333,0.60397,0.6024,0.60323,6258
2025-06-11T09:00:00.000Z,0.60322,0.60656,0.60232,0.60517,9014
2025-06-11T13:00:00.000Z,0.60517,0.60532,0.6035,0.60422,10554
2025-06-11T17:00:00.000Z,0.60423,0.60495,0.60238,0.60284,6024
2025-06-11T21:00:00.000Z,0.6027,0.6038,0.60224,0.60324,4105
2025-06-12T01:00:00.000Z,0.60324,0.60414,0.60159,0.60328,6847
2025-06-12T05:00:00.000Z,0.60327,0.60427,0.60054,0.60338,8848
2025-06-12T09:00:00.000Z,0.60338,0.6071,0.60305,0.60631,10476
2025-06-12T13:00:00.000Z,0.60631,0.60663,0.60515,0.60615,11207
2025-06-12T17:00:00.000Z,0.60615,0.60673,0.60559,0.60653,4470
2025-06-12T21:00:00.000Z,0.60664,0.60692,0.6009,0.6014,6976
2025-06-13T01:00:00.000Z,0.6014,0.60439,0.6004,0.60076,11244
2025-06-13T05:00:00.000Z,0.60076,0.6026,0.60047,0.60188,11301
2025-06-13T09:00:00.000Z,0.60188,0.60215,0.59949,0.60079,10636
2025-06-13T13:00:00.000Z,0.60077,0.60413,0.59986,0.60372,10638
2025-06-13T17:00:00.000Z,0.60372,0.60372,0.60114,0.60154,7113
2025-06-15T21:00:00.000Z,0.60018,0.60256,0.59952,0.60225,7507
2025-06-16T01:00:00.000Z,0.60221,0.60243,0.60035,0.6015,8056
2025-06-16T05:00:00.000Z,0.60151,0.60406,0.60151,0.60383,8137
2025-06-16T09:00:00.000Z,0.60384,0.60593,0.60365,0.60582,6432
2025-06-16T13:00:00.000Z,0.60582,0.60876,0.60566,0.60783,10559
2025-06-16T17:00:00.000Z,0.60784,0.60789,0.6057,0.60614,5985
2025-06-16T21:00:00.000Z,0.60516,0.60617,0.60451,0.60525,4568
2025-06-17T01:00:00.000Z,0.60525,0.60719,0.60492,0.60671,6715
2025-06-17T05:00:00.000Z,0.60671,0.60745,0.60587,0.60672,7299
2025-06-17T09:00:00.000Z,0.60673,0.60795,0.60596,0.60604,7521
2025-06-17T13:00:00.000Z,0.60606,0.60748,0.60345,0.60359,11660
2025-06-17T17:00:00.000Z,0.6036,0.60382,0.60097,0.6014,8386
2025-06-17T21:00:00.000Z,0.60142,0.60257,0.60091,0.60202,4984
2025-06-18T01:00:00.000Z,0.60204,0.60353,0.60196,0.6034,6535
2025-06-18T05:00:00.000Z,0.6034,0.60392,0.60231,0.60264,7341
2025-06-18T09:00:00.000Z,0.60264,0.60328,0.60173,0.60269,6809
2025-06-18T13:00:00.000Z,0.60269,0.60492,0.60204,0.60384,11605
2025-06-18T17:00:00.000Z,0.60384,0.60566,0.60164,0.6028,12549
2025-06-18T21:00:00.000Z,0.6025,0.6033,0.6018,0.60189,3786
2025-06-19T01:00:00.000Z,0.60189,0.60191,0.59825,0.59959,8001
2025-06-19T05:00:00.000Z,0.59959,0.59959,0.5964,0.59845,8343
2025-06-19T09:00:00.000Z,0.59845,0.59884,0.5968,0.59723,7492
2025-06-19T13:00:00.000Z,0.59722,0.59809,0.59589,0.59656,7590
2025-06-19T17:00:00.000Z,0.59656,0.59925,0.59654,0.59915,2983
2025-06-19T21:00:00.000Z,0.5975,0.6006,0.59706,0.60027,3377
2025-06-20T01:00:00.000Z,0.60027,0.60073,0.59866,0.60048,5429
2025-06-20T05:00:00.000Z,0.60048,0.60089,0.59906,0.5995,7149
2025-06-20T09:00:00.000Z,0.59949,0.6001,0.59862,0.59918,7439
2025-06-20T13:00:00.000Z,0.5992,0.59931,0.59636,0.59738,9858
2025-06-20T17:00:00.000Z,0.59738,0.59765,0.59621,0.5965,5196
2025-06-22T21:00:00.000Z,0.59448,0.59661,0.59274,0.59531,6497
2025-06-23T01:00:00.000Z,0.59531,0.59578,0.59157,0.59214,8280
2025-06-23T05:00:00.000Z,0.59207,0.59349,0.59115,0.59131,9301
2025-06-23T09:00:00.000Z,0.5913,0.59132,0.58827,0.58971,9427
2025-06-23T13:00:00.000Z,0.58971,0.59546,0.5892,0.59401,13967
2025-06-23T17:00:00.000Z,0.59402,0.59803,0.5938,0.59757,8489
2025-06-23T21:00:00.000Z,0.59639,0.60013,0.59568,0.59966,6026
2025-06-24T01:00:00.000Z,0.59967,0.6017,0.59893,0.60148,6615
2025-06-24T05:00:00.000Z,0.60148,0.60336,0.60075,0.60224,9131
2025-06-24T09:00:00.000Z,0.60224,0.60391,0.6022,0.60235,6959
2025-06-24T13:00:00.000Z,0.60236,0.60408,0.6009,0.60204,10600
2025-06-24T17:00:00.000Z,0.60204,0.60242,0.60055,0.60068,5175
2025-06-24T21:00:00.000Z,0.60018,0.60209,0.60018,0.60189,3072
2025-06-25T01:00:00.000Z,0.60189,0.60396,0.60133,0.60286,5590
2025-06-25T05:00:00.000Z,0.60286,0.60315,0.60183,0.6024,6974
2025-06-25T09:00:00.000Z,0.6024,0.60241,0.60117,0.60133,6050
2025-06-25T13:00:00.000Z,0.60134,0.60292,0.60099,0.60273,8527
2025-06-25T17:00:00.000Z,0.60274,0.60424,0.60232,0.60382,5309
2025-06-25T21:00:00.000Z,0.60308,0.60573,0.60257,0.60482,3309
2025-06-26T01:00:00.000Z,0.60482,0.60655,0.60288,0.6049,6503
2025-06-26T05:00:00.000Z,0.6049,0.60732,0.60421,0.60681,9017
2025-06-26T09:00:00.000Z,0.60677,0.60686,0.60476,0.60557,9316
2025-06-26T13:00:00.000Z,0.60557,0.60746,0.60482,0.60677,12523
2025-06-26T17:00:00.000Z,0.60677,0.60743,0.60558,0.60559,5832
2025-06-26T21:00:00.000Z,0.60436,0.60678,0.60274,0.60666,2679
2025-06-27T01:00:00.000Z,0.60666,0.60761,0.60585,0.6059,5501
2025-06-27T05:00:00.000Z,0.60595,0.6078,0.60566,0.60713,7536
2025-06-27T09:00:00.000Z,0.60719,0.60732,0.60538,0.60693,8315
2025-06-27T13:00:00.000Z,0.60693,0.60724,0.60517,0.60621,10713
2025-06-27T17:00:00.000Z,0.60622,0.60633,0.60369,0.60558,8270
2025-06-29T21:00:00.000Z,0.60414,0.60705,0.60414,0.60636,4027
2025-06-30T01:00:00.000Z,0.60635,0.60774,0.60608,0.60736,5569
2025-06-30T05:00:00.000Z,0.60736,0.60852,0.60623,0.60688,8086
2025-06-30T09:00:00.000Z,0.60688,0.60716,0.60566,0.60594,6608
2025-06-30T13:00:00.000Z,0.60594,0.60902,0.60568,0.60898,11193
2025-06-30T17:00:00.000Z,0.60898,0.60985,0.60835,0.60961,5352
2025-06-30T21:00:00.000Z,0.60846,0.60971,0.60647,0.60929,3058
2025-07-01T01:00:00.000Z,0.60928,0.60951,0.6075,0.60927,4572
2025-07-01T05:00:00.000Z,0.60927,0.61194,0.60914,0.6115,7488
2025-07-01T09:00:00.000Z,0.6115,0.61201,0.60996,0.61002,7882
2025-07-01T13:00:00.000Z,0.61001,0.61048,0.60807,0.6083,12534
2025-07-01T17:00:00.000Z,0.60831,0.60985,0.60816,0.60979,5046
2025-07-01T21:00:00.000Z,0.60862,0.61051,0.6086,0.6105,2650
2025-07-02T01:00:00.000Z,0.6105,0.61058,0.609,0.6102,4419
2025-07-02T05:00:00.000Z,0.6102,0.61022,0.6074,0.60751,6856
2025-07-02T09:00:00.000Z,0.60751,0.60775,0.60496,0.60547,8879
2025-07-02T13:00:00.000Z,0.60547,0.60802,0.60512,0.60779,10911
2025-07-02T17:00:00.000Z,0.60777,0.60923,0.60775,0.60875,4902
2025-07-02T21:00:00.000Z,0.60852,0.60925,0.60818,0.60887,2271
2025-07-03T01:00:00.000Z,0.60887,0.60891,0.60651,0.60698,3864
2025-07-03T05:00:00.000Z,0.60698,0.60821,0.60647,0.60768,6021
2025-07-03T09:00:00.000Z,0.60768,0.60782,0.603,0.60408,9349
2025-07-03T13:00:00.000Z,0.60408,0.60767,0.60367,0.60673,12660
2025-07-03T17:00:00.000Z,0.60671,0.60709,0.60624,0.6069,2785
2025-07-03T21:00:00.000Z,0.60669,0.60816,0.60573,0.60789,2080
2025-07-04T01:00:00.000Z,0.60789,0.60809,0.60632,0.60719,4530
2025-07-04T05:00:00.000Z,0.60719,0.60791,0.60568,0.60646,6965
2025-07-04T09:00:00.000Z,0.60647,0.60674,0.60567,0.60575,6138
2025-07-04T13:00:00.000Z,0.60575,0.60612,0.60499,0.60541,6011
2025-07-04T17:00:00.000Z,0.60541,0.60577,0.60491,0.60535,12328
2025-07-06T21:00:00.000Z,0.60489,0.60585,0.60395,0.60406,3050
2025-07-07T01:00:00.000Z,0.60407,0.60439,0.60091,0.60098,6227
2025-07-07T05:00:00.000Z,0.60097,0.60165,0.59913,0.59918,8373
2025-07-07T09:00:00.000Z,0.59919,0.60043,0.59882,0.59966,6806
2025-07-07T13:00:00.000Z,0.59966,0.60164,0.59919,0.59939,9453
2025-07-07T17:00:00.000Z,0.59939,0.60053,0.59898,0.59922,6933
2025-07-07T21:00:00.000Z,0.59936,0.60162,0.59889,0.60096,2876
2025-07-08T01:00:00.000Z,0.60096,0.60348,0.60035,0.60162,6035
2025-07-08T05:00:00.000Z,0.60162,0.60285,0.60085,0.60192,8117
2025-07-08T09:00:00.000Z,0.60191,0.60231,0.60054,0.60106,6793
2025-07-08T13:00:00.000Z,0.60106,0.60109,0.59789,0.5995,11688
2025-07-08T17:00:00.000Z,0.59951,0.60043,0.59933,0.59972,6881
2025-07-08T21:00:00.000Z,0.59891,0.60006,0.59809,0.59912,2754
2025-07-09T01:00:00.000Z,0.59912,0.60141,0.59757,0.6001,6346
2025-07-09T05:00:00.000Z,0.6001,0.60102,0.5989,0.59996,7917
2025-07-09T09:00:00.000Z,0.59997,0.60033,0.59809,0.59951,6290
2025-07-09T13:00:00.000Z,0.59952,0.60082,0.59879,0.59925,9037
2025-07-09T17:00:00.000Z,0.59925,0.60069,0.59913,0.59978,4938
2025-07-09T21:00:00.000Z,0.59995,0.60112,0.59957,0.60059,3466
2025-07-10T01:00:00.000Z,0.60054,0.60106,0.60005,0.60067,4032
2025-07-10T05:00:00.000Z,0.60067,0.60199,0.6004,0.60126,5774
2025-07-10T09:00:00.000Z,0.60126,0.60247,0.60032,0.60072,5249
2025-07-10T13:00:00.000Z,0.60072,0.60247,0.59963,0.60212,8921
2025-07-10T17:00:00.000Z,0.60212,0.60357,0.60202,0.60342,4398
2025-07-10T21:00:00.000Z,0.60311,0.60432,0.60071,0.60163,4553
2025-07-11T01:00:00.000Z,0.60162,0.60352,0.60087,0.60148,6457
2025-07-11T05:00:00.000Z,0.60148,0.60265,0.60089,0.60113,7549
2025-07-11T09:00:00.000Z,0.60113,0.60237,0.60048,0.60127,7538
2025-07-11T13:00:00.000Z,0.60126,0.60204,0.60005,0.60069,10101
2025-07-11T17:00:00.000Z,0.60069,0.60119,0.60011,0.60072,4748
2025-07-13T21:00:00.000Z,0.59964,0.60143,0.59902,0.60068,3889
2025-07-14T01:00:00.000Z,0.60068,0.60089,0.59801,0.5981,5540
2025-07-14T05:00:00.000Z,0.5981,0.59931,0.59748,0.59881,6446
2025-07-14T09:00:00.000Z,0.5988,0.59961,0.59808,0.59841,5546
2025-07-14T13:00:00.000Z,0.59841,0.59889,0.59683,0.59729,8124
2025-07-14T17:00:00.000Z,0.59728,0.59779,0.59707,0.59722,3586
2025-07-14T21:00:00.000Z,0.59696,0.59812,0.59679,0.59779,2907
2025-07-15T01:00:00.000Z,0.59778,0.59853,0.59727,0.59761,4127
2025-07-15T05:00:00.000Z,0.59761,0.59996,0.5975,0.59954,5558
2025-07-15T09:00:00.000Z,0.59954,0.60056,0.5986,0.59987,6599
2025-07-15T13:00:00.000Z,0.59987,0.59994,0.59383,0.59416,12524
2025-07-15T17:00:00.000Z,0.59416,0.59508,0.59407,0.59425,4604
2025-07-15T21:00:00.000Z,0.59454,0.5966,0.59414,0.59608,2429
2025-07-16T01:00:00.000Z,0.59608,0.59635,0.59441,0.59496,3740
2025-07-16T05:00:00.000Z,0.59496,0.5955,0.59395,0.59422,5680
2025-07-16T09:00:00.000Z,0.59422,0.59481,0.59347,0.59389,6555
2025-07-16T13:00:00.000Z,0.59388,0.59696,0.59123,0.59436,18850
2025-07-16T17:00:00.000Z,0.59436,0.59551,0.59366,0.59467,6507
2025-07-16T21:00:00.000Z,0.59437,0.59482,0.59294,0.59337,2657
2025-07-17T01:00:00.000Z,0.59342,0.59417,0.59115,0.59279,5992
2025-07-17T05:00:00.000Z,0.59279,0.59332,0.59093,0.59248,7505
2025-07-17T09:00:00.000Z,0.59249,0.59269,0.59044,0.5917,6616
2025-07-17T13:00:00.000Z,0.59169,0.59321,0.59108,0.59234,8607
2025-07-17T17:00:00.000Z,0.59235,0.59315,0.59229,0.5931,4274
2025-07-17T21:00:00.000Z,0.59291,0.59555,0.59263,0.59527,2683
2025-07-18T01:00:00.000Z,0.59527,0.59632,0.59501,0.59533,4433
2025-07-18T05:00:00.000Z,0.59533,0.59668,0.59474,0.5965,5543
2025-07-18T09:00:00.000Z,0.5965,0.59818,0.59641,0.59792,5351
2025-07-18T13:00:00.000Z,0.59792,0.59907,0.59645,0.59656,9031
2025-07-18T17:00:00.000Z,0.59656,0.59662,0.59581,0.59591,4234
2025-07-20T21:00:00.000Z,0.59661,0.59681,0.59392,0.59429,3905
2025-07-21T01:00:00.000Z,0.59425,0.5952,0.59384,0.59512,4255
2025-07-21T05:00:00.000Z,0.59512,0.59669,0.59502,0.59632,6344
2025-07-21T09:00:00.000Z,0.59632,0.59762,0.59521,0.59703,5787
2025-07-21T13:00:00.000Z,0.59703,0.59847,0.59626,0.59786,7084
2025-07-21T17:00:00.000Z,0.59786,0.59794,0.59671,0.59672,2899
2025-07-21T21:00:00.000Z,0.59661,0.59713,0.59554,0.59599,2505
2025-07-22T01:00:00.000Z,0.59599,0.59667,0.59558,0.59582,3824
2025-07-22T05:00:00.000Z,0.59582,0.59592,0.59402,0.59449,6337
2025-07-22T09:00:00.000Z,0.59449,0.59665,0.59449,0.59644,6010
2025-07-22T13:00:00.000Z,0.59644,0.60041,0.59644,0.6001,10397
2025-07-22T17:00:00.000Z,0.6001,0.60027,0.59951,0.60005,3768
2025-07-22T21:00:00.000Z,0.59803,0.6008,0.59726,0.60057,3840
2025-07-23T01:00:00.000Z,0.60057,0.60179,0.59972,0.60153,5532
2025-07-23T05:00:00.000Z,0.60153,0.60343,0.60131,0.60315,6743
2025-07-23T09:00:00.000Z,0.60315,0.60468,0.60291,0.60341,6290
2025-07-23T13:00:00.000Z,0.60341,0.60442,0.60265,0.60285,10301
2025-07-23T17:00:00.000Z,0.60285,0.60472,0.60285,0.60454,4654
2025-07-23T21:00:00.000Z,0.60431,0.60511,0.60375,0.60444,2607
2025-07-24T01:00:00.000Z,0.60444,0.6059,0.60441,0.6054,5296
2025-07-24T05:00:00.000Z,0.6054,0.60585,0.60441,0.60556,7264
2025-07-24T09:00:00.000Z,0.60555,0.60557,0.60412,0.6043,6480
2025-07-24T13:00:00.000Z,0.6043,0.60559,0.60339,0.60386,10441
2025-07-24T17:00:00.000Z,0.60387,0.60438,0.60259,0.60265,4384
2025-07-24T21:00:00.000Z,0.60274,0.60388,0.60229,0.60346,2408
2025-07-25T01:00:00.000Z,0.60346,0.60359,0.60145,0.60201,5010
2025-07-25T05:00:00.000Z,0.60201,0.60306,0.60059,0.60099,8004
2025-07-25T09:00:00.000Z,0.60099,0.60157,0.60025,0.60039,5814
2025-07-25T13:00:00.000Z,0.60039,0.60149,0.59975,0.60099,10826
2025-07-25T17:00:00.000Z,0.60099,0.60159,0.60085,0.6014,3954
2025-07-27T21:00:00.000Z,0.6008,0.60267,0.60075,0.60267,3948
2025-07-28T01:00:00.000Z,0.60267,0.60324,0.60078,0.60105,5206
2025-07-28T05:00:00.000Z,0.60105,0.60124,0.59678,0.59756,8892
2025-07-28T09:00:00.000Z,0.59756,0.59849,0.59714,0.59848,9666
2025-07-28T13:00:00.000Z,0.59847,0.59882,0.5968,0.59713,10476
2025-07-28T17:00:00.000Z,0.59713,0.59731,0.59661,0.59689,4668
2025-07-28T21:00:00.000Z,0.59574,0.59738,0.59574,0.59624,2562
2025-07-29T01:00:00.000Z,0.59624,0.59763,0.59624,0.59686,4540
2025-07-29T05:00:00.000Z,0.59686,0.59716,0.59452,0.59592,8235
2025-07-29T09:00:00.000Z,0.59592,0.59637,0.59448,0.59453,7664
2025-07-29T13:00:00.000Z,0.59453,0.59581,0.59421,0.59522,11446
2025-07-29T17:00:00.000Z,0.59522,0.59612,0.59516,0.59539,6238
2025-07-29T21:00:00.000Z,0.59535,0.59668,0.59495,0.59665,2695
2025-07-30T01:00:00.000Z,0.59664,0.59712,0.59583,0.59611,5637
2025-07-30T05:00:00.000Z,0.59611,0.59663,0.59508,0.59576,7074
2025-07-30T09:00:00.000Z,0.59576,0.59604,0.59241,0.59261,8039
2025-07-30T13:00:00.000Z,0.59261,0.59266,0.59083,0.59152,10322
2025-07-30T17:00:00.000Z,0.59152,0.5929,0.58884,0.58952,12931
2025-07-30T21:00:00.000Z,0.58938,0.59103,0.58919,0.59054,3366
2025-07-31T01:00:00.000Z,0.59054,0.59259,0.58974,0.59256,5812
2025-07-31T05:00:00.000Z,0.59255,0.59367,0.59093,0.59133,8148
2025-07-31T09:00:00.000Z,0.59133,0.59138,0.58952,0.59003,7916
2025-07-31T13:00:00.000Z,0.59003,0.59041,0.58896,0.58956,12210
2025-07-31T17:00:00.000Z,0.58956,0.58979,0.58878,0.58891,6611
2025-07-31T21:00:00.000Z,0.58902,0.58939,0.58823,0.58899,4101
2025-08-01T01:00:00.000Z,0.58897,0.58922,0.58741,0.58811,5876
2025-08-01T05:00:00.000Z,0.58811,0.58838,0.58638,0.58643,6741
2025-08-01T09:00:00.000Z,0.58643,0.59225,0.58563,0.59207,9592
2025-08-01T13:00:00.000Z,0.59209,0.59287,0.58954,0.59041,18892
2025-08-01T17:00:00.000Z,0.59041,0.59217,0.58891,0.59193,8981
2025-08-03T21:00:00.000Z,0.59039,0.59187,0.59024,0.59105,4868
2025-08-04T01:00:00.000Z,0.59103,0.59223,0.59035,0.59143,6450
2025-08-04T05:00:00.000Z,0.59143,0.59173,0.59034,0.59111,8318
2025-08-04T09:00:00.000Z,0.59111,0.59247,0.59063,0.59184,7880
2025-08-04T13:00:00.000Z,0.59184,0.59301,0.59021,0.59049,10481
2025-08-04T17:00:00.000Z,0.59048,0.59079,0.58985,0.59075,3882
2025-08-04T21:00:00.000Z,0.59045,0.59223,0.59009,0.59131,3920
2025-08-05T01:00:00.000Z,0.59131,0.59152,0.5891,0.5899,4712
2025-08-05T05:00:00.000Z,0.5899,0.59026,0.58837,0.58867,7648
2025-08-05T09:00:00.000Z,0.58867,0.58961,0.5881,0.58915,7783
2025-08-05T13:00:00.000Z,0.58916,0.59044,0.58859,0.58999,11815
2025-08-05T17:00:00.000Z,0.58999,0.59021,0.58908,0.59002,4349
2025-08-05T21:00:00.000Z,0.58972,0.59152,0.58901,0.59104,3369
2025-08-06T01:00:00.000Z,0.59104,0.59264,0.59045,0.59245,4036
2025-08-06T05:00:00.000Z,0.59245,0.59253,0.59152,0.59188,5921
2025-08-06T09:00:00.000Z,0.59188,0.59356,0.59175,0.59329,6698
2025-08-06T13:00:00.000Z,0.59329,0.59379,0.59209,0.59305,10317
2025-08-06T17:00:00.000Z,0.59305,0.59408,0.59274,0.5928,4532
2025-08-06T21:00:00.000Z,0.59284,0.59342,0.59226,0.59276,3234
2025-08-07T01:00:00.000Z,0.59277,0.59511,0.59273,0.5949,4160
2025-08-07T05:00:00.000Z,0.5949,0.5967,0.59423,0.59571,7439
2025-08-07T09:00:00.000Z,0.59573,0.59605,0.5945,0.59544,8069
2025-08-07T13:00:00.000Z,0.59544,0.59608,0.59312,0.59443,10798
2025-08-07T17:00:00.000Z,0.59443,0.59636,0.59382,0.59613,6134
2025-08-07T21:00:00.000Z,0.59481,0.59717,0.59452,0.59627,3794
2025-08-08T01:00:00.000Z,0.59627,0.59679,0.59532,0.59579,4760
2025-08-08T05:00:00.000Z,0.59579,0.59682,0.59492,0.59521,6172
2025-08-08T09:00:00.000Z,0.59521,0.59589,0.5948,0.59522,6766
2025-08-08T13:00:00.000Z,0.59522,0.59626,0.59498,0.59513,8015
2025-08-08T17:00:00.000Z,0.59513,0.59594,0.59471,0.59493,4763
2025-08-10T21:00:00.000Z,0.59523,0.59536,0.59439,0.59463,2544
2025-08-11T01:00:00.000Z,0.59463,0.59588,0.59458,0.59514,4002
2025-08-11T05:00:00.000Z,0.59514,0.59563,0.5939,0.59452,5389
2025-08-11T09:00:00.000Z,0.59451,0.59466,0.59247,0.59301,5972
2025-08-11T13:00:00.000Z,0.59301,0.59385,0.59256,0.59339,7834
2025-08-11T17:00:00.000Z,0.59339,0.59391,0.59292,0.59385,4509
2025-08-11T21:00:00.000Z,0.59234,0.59439,0.59234,0.59416,2822
2025-08-12T01:00:00.000Z,0.59416,0.59458,0.59285,0.59384,4662
2025-08-12T05:00:00.000Z,0.59384,0.59393,0.59215,0.59223,7379
2025-08-12T09:00:00.000Z,0.59223,0.59441,0.59127,0.59367,9684
2025-08-12T13:00:00.000Z,0.59367,0.59656,0.59218,0.59558,17326
2025-08-12T17:00:00.000Z,0.59559,0.59584,0.59514,0.59534,4545
2025-08-12T21:00:00.000Z,0.59529,0.59585,0.59477,0.59519,2666
2025-08-13T01:00:00.000Z,0.59519,0.5961,0.59446,0.59574,4404
2025-08-13T05:00:00.000Z,0.59575,0.5988,0.59529,0.59838,6758
2025-08-13T09:00:00.000Z,0.59839,0.59956,0.59747,0.59773,6591
2025-08-13T13:00:00.000Z,0.59772,0.59885,0.59739,0.59754,8517
2025-08-13T17:00:00.000Z,0.59754,0.59776,0.59698,0.59747,3474
2025-08-13T21:00:00.000Z,0.59719,0.59858,0.59678,0.59835,2851
2025-08-14T01:00:00.000Z,0.59835,0.59907,0.59717,0.59772,6065
2025-08-14T05:00:00.000Z,0.59772,0.59773,0.59476,0.59479,7872
2025-08-14T09:00:00.000Z,0.59481,0.59553,0.59289,0.59308,9069
2025-08-14T13:00:00.000Z,0.59308,0.59315,0.59083,0.59127,13410
2025-08-14T17:00:00.000Z,0.59127,0.59208,0.5911,0.59171,4446
2025-08-14T21:00:00.000Z,0.59147,0.59222,0.59126,0.59206,2462
2025-08-15T01:00:00.000Z,0.59206,0.59247,0.59071,0.59206,4753
2025-08-15T05:00:00.000Z,0.59206,0.59298,0.59157,0.5927,4907
2025-08-15T09:00:00.000Z,0.5927,0.59333,0.59175,0.59294,6361
2025-08-15T13:00:00.000Z,0.59294,0.59387,0.59241,0.59269,10589
2025-08-15T17:00:00.000Z,0.5927,0.5927,0.59194,0.59202,4474
2025-08-17T21:00:00.000Z,0.59162,0.59362,0.59115,0.59313,2671
2025-08-18T01:00:00.000Z,0.59313,0.5941,0.5928,0.59393,4485
2025-08-18T05:00:00.000Z,0.59393,0.59424,0.59293,0.59399,6480
2025-08-18T09:00:00.000Z,0.59399,0.59409,0.59294,0.59315,5941
2025-08-18T13:00:00.000Z,0.59315,0.59319,0.59095,0.59198,8342
2025-08-18T17:00:00.000Z,0.59197,0.59254,0.59178,0.59219,4623
2025-08-18T21:00:00.000Z,0.59211,0.59283,0.5912,0.59268,3435
2025-08-19T01:00:00.000Z,0.59268,0.59288,0.59161,0.59251,5550
2025-08-19T05:00:00.000Z,0.59251,0.59303,0.59141,0.59181,6935
2025-08-19T09:00:00.000Z,0.5918,0.59292,0.5918,0.59215,6403
2025-08-19T13:00:00.000Z,0.59214,0.59222,0.58979,0.58994,9183
2025-08-19T17:00:00.000Z,0.58994,0.59035,0.58907,0.58913,4765
2025-08-19T21:00:00.000Z,0.58925,0.58977,0.58856,0.58922,3655
2025-08-20T01:00:00.000Z,0.58922,0.58951,0.58197,0.58269,10363
2025-08-20T05:00:00.000Z,0.58275,0.58353,0.58148,0.58293,8279
2025-08-20T09:00:00.000Z,0.58293,0.58403,0.58215,0.58363,6803
2025-08-20T13:00:00.000Z,0.58362,0.58365,0.58182,0.58284,10236
2025-08-20T17:00:00.000Z,0.58284,0.58339,0.58205,0.58231,5725
2025-08-20T21:00:00.000Z,0.58199,0.58282,0.5811,0.58208,3382
2025-08-21T01:00:00.000Z,0.58208,0.58325,0.58144,0.58171,5104
2025-08-21T05:00:00.000Z,0.58171,0.58251,0.58128,0.58238,6414
2025-08-21T09:00:00.000Z,0.58238,0.58308,0.58166,0.582,6957
2025-08-21T13:00:00.000Z,0.582,0.58279,0.58104,0.58166,11824
2025-08-21T17:00:00.000Z,0.58166,0.58239,0.58137,0.58171,5442
2025-08-21T21:00:00.000Z,0.58156,0.58223,0.58127,0.58145,2864
2025-08-22T01:00:00.000Z,0.58145,0.58206,0.58052,0.58061,5088
2025-08-22T05:00:00.000Z,0.5806,0.58139,0.57996,0.58131,5309
2025-08-22T09:00:00.000Z,0.58131,0.58134,0.58013,0.58089,5969
2025-08-22T13:00:00.000Z,0.58089,0.58759,0.58081,0.58664,18897
2025-08-22T17:00:00.000Z,0.58664,0.5874,0.58631,0.58666,5640
2025-08-24T21:00:00.000Z,0.58614,0.58705,0.58581,0.58641,3212
2025-08-25T01:00:00.000Z,0.58641,0.58669,0.58518,0.58647,4351
2025-08-25T05:00:00.000Z,0.58647,0.58804,0.58634,0.58666,6356
2025-08-25T09:00:00.000Z,0.58666,0.58728,0.58563,0.58642,5424
2025-08-25T13:00:00.000Z,0.58642,0.58771,0.58611,0.58631,8368
2025-08-25T17:00:00.000Z,0.58631,0.58631,0.5845,0.58489,6294
2025-08-25T21:00:00.000Z,0.5845,0.58607,0.58399,0.58552,6379
2025-08-26T01:00:00.000Z,0.58551,0.58573,0.58284,0.58405,6080
2025-08-26T05:00:00.000Z,0.58405,0.58456,0.58328,0.58393,8267
2025-08-26T09:00:00.000Z,0.58393,0.58587,0.58389,0.58543,6884
2025-08-26T13:00:00.000Z,0.58543,0.58679,0.5847,0.58626,9019
2025-08-26T17:00:00.000Z,0.58626,0.5865,0.58577,0.586,5050
2025-08-26T21:00:00.000Z,0.58394,0.58635,0.58338,0.58541,2607
2025-08-27T01:00:00.000Z,0.5854,0.58584,0.58424,0.58438,5198
2025-08-27T05:00:00.000Z,0.58438,0.58485,0.58248,0.58287,6474
2025-08-27T09:00:00.000Z,0.58287,0.58321,0.58178,0.58254,6437
2025-08-27T13:00:00.000Z,0.58254,0.5862,0.58231,0.58609,9518
2025-08-27T17:00:00.000Z,0.58609,0.58649,0.58563,0.58597,5911
2025-08-27T21:00:00.000Z,0.58421,0.58632,0.58419,0.58591,2998
2025-08-28T01:00:00.000Z,0.58591,0.58678,0.58548,0.58596,5739
2025-08-28T05:00:00.000Z,0.58596,0.58671,0.58533,0.58662,6944
2025-08-28T09:00:00.000Z,0.58662,0.58779,0.58628,0.58733,7946
2025-08-28T13:00:00.000Z,0.58733,0.58896,0.58653,0.58878,10106
2025-08-28T17:00:00.000Z,0.58878,0.58917,0.58822,0.58839,4786
2025-08-28T21:00:00.000Z,0.58814,0.58876,0.58779,0.58875,2818
2025-08-29T01:00:00.000Z,0.58875,0.58944,0.58813,0.58922,4893
2025-08-29T05:00:00.000Z,0.58922,0.58976,0.5885,0.58935,5847
2025-08-29T09:00:00.000Z,0.58936,0.5895,0.58804,0.58872,6697
2025-08-29T13:00:00.000Z,0.58872,0.59054,0.5883,0.59013,11064
2025-08-29T17:00:00.000Z,0.59013,0.59013,0.58924,0.58951,4800
2025-08-31T21:00:00.000Z,0.58823,0.59066,0.58819,0.59065,2560
2025-09-01T01:00:00.000Z,0.59065,0.59135,0.58957,0.59001,5448
2025-09-01T05:00:00.000Z,0.59001,0.59143,0.58896,0.59132,6067
2025-09-01T09:00:00.000Z,0.59132,0.59138,0.58983,0.59002,5631
2025-09-01T13:00:00.000Z,0.59003,0.59042,0.58964,0.59009,5988
2025-09-01T17:00:00.000Z,0.59009,0.5904,0.58977,0.59027,2523
2025-09-01T21:00:00.000Z,0.59015,0.59075,0.589,0.59029,2859
2025-09-02T01:00:00.000Z,0.59029,0.59029,0.58808,0.58842,5211
2025-09-02T05:00:00.000Z,0.58842,0.58885,0.58488,0.58572,9680
2025-09-02T09:00:00.000Z,0.58572,0.5859,0.58373,0.58404,11367
2025-09-02T13:00:00.000Z,0.58404,0.58701,0.58384,0.58651,13373
2025-09-02T17:00:00.000Z,0.58651,0.58672,0.58564,0.58654,6169
2025-09-02T21:00:00.000Z,0.58579,0.58663,0.58515,0.58564,2566
2025-09-03T01:00:00.000Z,0.58564,0.58633,0.58539,0.5861,5270
2025-09-03T05:00:00.000Z,0.5861,0.5867,0.5841,0.58623,7606
2025-09-03T09:00:00.000Z,0.58623,0.58694,0.58558,0.58673,7600
2025-09-03T13:00:00.000Z,0.58673,0.58816,0.58612,0.58796,12306
2025-09-03T17:00:00.000Z,0.58796,0.58834,0.58733,0.58778,5471
2025-09-03T21:00:00.000Z,0.58714,0.5884,0.58689,0.5883,2496
2025-09-04T01:00:00.000Z,0.5883,0.58897,0.58681,0.58684,5393
2025-09-04T05:00:00.000Z,0.58684,0.58692,0.58614,0.58686,5705
2025-09-04T09:00:00.000Z,0.58686,0.58694,0.58452,0.58556,7097
2025-09-04T13:00:00.000Z,0.58556,0.58587,0.58325,0.58357,10667
2025-09-04T17:00:00.000Z,0.58357,0.58466,0.58355,0.58459,4483
2025-09-04T21:00:00.000Z,0.58399,0.58566,0.58391,0.58564,2440
2025-09-05T01:00:00.000Z,0.58564,0.58645,0.58557,0.58591,3418
2025-09-05T05:00:00.000Z,0.58591,0.58793,0.58587,0.58768,4210
2025-09-05T09:00:00.000Z,0.58768,0.59064,0.58715,0.5901,9095
2025-09-05T13:00:00.000Z,0.5901,0.59176,0.58914,0.59002,15489
2025-09-05T17:00:00.000Z,0.59003,0.59003,0.58868,0.58922,5112
2025-09-07T21:00:00.000Z,0.58822,0.58913,0.58714,0.58904,3530
2025-09-08T01:00:00.000Z,0.58906,0.59039,0.58869,0.59011,4777
2025-09-08T05:00:00.000Z,0.59012,0.59307,0.59002,0.59233,5143
2025-09-08T09:00:00.000Z,0.59232,0.59413,0.59183,0.59399,4790
2025-09-08T13:00:00.000Z,0.594,0.59452,0.59296,0.59325,6713
2025-09-08T17:00:00.000Z,0.59325,0.59425,0.59286,0.5939,3665
2025-09-08T21:00:00.000Z,0.59319,0.5949,0.59319,0.59445,2379
2025-09-09T01:00:00.000Z,0.59444,0.59504,0.59371,0.59491,4120
2025-09-09T05:00:00.000Z,0.59489,0.59561,0.59397,0.59504,6259
2025-09-09T09:00:00.000Z,0.59505,0.59595,0.59393,0.59417,4476
2025-09-09T13:00:00.000Z,0.59418,0.59572,0.59251,0.59298,10344
2025-09-09T17:00:00.000Z,0.593,0.59308,0.59224,0.59244,4405
2025-09-09T21:00:00.000Z,0.59266,0.59291,0.59203,0.59266,2221
2025-09-10T01:00:00.000Z,0.59267,0.59488,0.59209,0.59484,4379
2025-09-10T05:00:00.000Z,0.59483,0.59514,0.59331,0.59387,5830
2025-09-10T09:00:00.000Z,0.59386,0.59563,0.59355,0.59436,7008
2025-09-10T13:00:00.000Z,0.59439,0.59635,0.59399,0.59465,8795
2025-09-10T17:00:00.000Z,0.59465,0.59517,0.5939,0.59395,4391
2025-09-10T21:00:00.000Z,0.59379,0.59469,0.59325,0.59357,2447
2025-09-11T01:00:00.000Z,0.59356,0.59459,0.59333,0.5937,2757
2025-09-11T05:00:00.000Z,0.59371,0.59371,0.59264,0.59278,6819
2025-09-11T09:00:00.000Z,0.59277,0.59454,0.5912,0.59437,9831
2025-09-11T13:00:00.000Z,0.59438,0.59752,0.59384,0.59722,12188
2025-09-11T17:00:00.000Z,0.59721,0.59795,0.59696,0.59773,5481
2025-09-11T21:00:00.000Z,0.59669,0.59784,0.59637,0.59762,2566
2025-09-12T01:00:00.000Z,0.59763,0.59773,0.59661,0.59679,3635
2025-09-12T05:00:00.000Z,0.5968,0.59737,0.59499,0.59515,5774
2025-09-12T09:00:00.000Z,0.59513,0.59587,0.59395,0.59457,5669
2025-09-12T13:00:00.000Z,0.59454,0.59583,0.59437,0.59521,7296
2025-09-12T17:00:00.000Z,0.59522,0.5961,0.59516,0.5955,4244
2025-09-14T21:00:00.000Z,0.59384,0.59566,0.59384,0.59541,3269
2025-09-15T01:00:00.000Z,0.59542,0.59661,0.59527,0.59628,3046
2025-09-15T05:00:00.000Z,0.59632,0.59643,0.59503,0.59595,4962
2025-09-15T09:00:00.000Z,0.59596,0.5968,0.59541,0.59656,5130
2025-09-15T13:00:00.000Z,0.59654,0.59715,0.59563,0.59645,7615
2025-09-15T17:00:00.000Z,0.59644,0.59746,0.59633,0.59698,4094
2025-09-15T21:00:00.000Z,0.5951,0.59716,0.5951,0.59621,2461
2025-09-16T01:00:00.000Z,0.59623,0.59703,0.59553,0.59619,4286
2025-09-16T05:00:00.000Z,0.5962,0.59805,0.59604,0.5967,5730
2025-09-16T09:00:00.000Z,0.59671,0.59802,0.59651,0.59708,7417
2025-09-16T13:00:00.000Z,0.59709,0.5987,0.59705,0.59852,10441
2025-09-16T17:00:00.000Z,0.59853,0.59905,0.59836,0.59874,4781
2025-09-16T21:00:00.000Z,0.59789,0.59901,0.5969,0.59818,1978
2025-09-17T01:00:00.000Z,0.59822,0.59829,0.59745,0.59779,3163
2025-09-17T05:00:00.000Z,0.5978,0.5981,0.59667,0.59724,4679
2025-09-17T09:00:00.000Z,0.59725,0.59862,0.59702,0.59855,4939
2025-09-17T13:00:00.000Z,0.59856,0.59862,0.59675,0.59687,6995
2025-09-17T17:00:00.000Z,0.59688,0.6007,0.5948,0.59611,17096
2025-09-17T21:00:00.000Z,0.59612,0.59649,0.59207,0.59212,5174
2025-09-18T01:00:00.000Z,0.59208,0.59337,0.59106,0.59117,6089
2025-09-18T05:00:00.000Z,0.59117,0.59162,0.58926,0.58928,9017
2025-09-18T09:00:00.000Z,0.58927,0.59105,0.58913,0.58917,9101
2025-09-18T13:00:00.000Z,0.58912,0.5892,0.5872,0.58813,12182
2025-09-18T17:00:00.000Z,0.58812,0.58862,0.58792,0.58802,4865
2025-09-18T21:00:00.000Z,0.58809,0.58914,0.58763,0.58844,2551
2025-09-19T01:00:00.000Z,0.58845,0.58862,0.58676,0.58707,5518
2025-09-19T05:00:00.000Z,0.58706,0.58799,0.58543,0.58763,7929
2025-09-19T09:00:00.000Z,0.58764,0.58799,0.58551,0.58579,6128
2025-09-19T13:00:00.000Z,0.5858,0.58672,0.58536,0.58587,8781
2025-09-19T17:00:00.000Z,0.58586,0.58598,0.58533,0.58553,3462
2025-09-21T21:00:00.000Z,0.58563,0.58603,0.58467,0.58494,3115
2025-09-22T01:00:00.000Z,0.58497,0.58622,0.58468,0.58591,4463
2025-09-22T05:00:00.000Z,0.58592,0.58595,0.58423,0.58587,6130
2025-09-22T09:00:00.000Z,0.5859,0.58657,0.5856,0.58623,4633
2025-09-22T13:00:00.000Z,0.58624,0.58662,0.58509,0.58631,6738
2025-09-22T17:00:00.000Z,0.58633,0.58712,0.58631,0.58678,3481
2025-09-22T21:00:00.000Z,0.58586,0.58695,0.58448,0.5864,2137
2025-09-23T01:00:00.000Z,0.58641,0.58646,0.58476,0.58476,4092
2025-09-23T05:00:00.000Z,0.58475,0.58629,0.5845,0.5862,6201
2025-09-23T09:00:00.000Z,0.58622,0.58692,0.58598,0.58627,4930
2025-09-23T13:00:00.000Z,0.58628,0.58685,0.58513,0.58583,9131
2025-09-23T17:00:00.000Z,0.58584,0.58621,0.58531,0.58575,5828
2025-09-23T21:00:00.000Z,0.58491,0.58605,0.58396,0.58549,2340
2025-09-24T01:00:00.000Z,0.5855,0.58658,0.58491,0.58595,4799
2025-09-24T05:00:00.000Z,0.58594,0.58617,0.58414,0.58466,5727
2025-09-24T09:00:00.000Z,0.58465,0.58487,0.58241,0.5828,5133
2025-09-24T13:00:00.000Z,0.58276,0.58282,0.5808,0.58102,8683
2025-09-24T17:00:00.000Z,0.58103,0.58153,0.58091,0.58131,4169
2025-09-24T21:00:00.000Z,0.58128,0.58192,0.58027,0.58149,3055
2025-09-25T01:00:00.000Z,0.58153,0.58282,0.58073,0.5824,3607
2025-09-25T05:00:00.000Z,0.58239,0.58279,0.58148,0.58276,5837
2025-09-25T09:00:00.000Z,0.58277,0.5831,0.57905,0.57945,7158
2025-09-25T13:00:00.000Z,0.57946,0.57961,0.57692,0.57711,10363
2025-09-25T17:00:00.000Z,0.57709,0.57714,0.57584,0.57661,5511
2025-09-25T21:00:00.000Z,0.57658,0.57694,0.57553,0.5765,3300
2025-09-26T01:00:00.000Z,0.57649,0.57704,0.576,0.57688,3358
2025-09-26T05:00:00.000Z,0.57689,0.57706,0.57568,0.57646,5369
2025-09-26T09:00:00.000Z,0.57639,0.57691,0.5754,0.57661,6196
2025-09-26T13:00:00.000Z,0.57662,0.57733,0.57611,0.57713,10438
2025-09-26T17:00:00.000Z,0.57712,0.57756,0.57699,0.57723,4480
2025-09-28T21:00:00.000Z,0.57669,0.57807,0.57668,0.57785,2366
2025-09-29T01:00:00.000Z,0.57784,0.57917,0.57702,0.57904,4714
2025-09-29T05:00:00.000Z,0.57905,0.57957,0.57846,0.57908,5997
2025-09-29T09:00:00.000Z,0.57907,0.57923,0.57797,0.57879,5660
2025-09-29T13:00:00.000Z,0.57882,0.57899,0.57793,0.57819,7565
2025-09-29T17:00:00.000Z,0.57818,0.57834,0.57758,0.57767,3102
2025-09-29T21:00:00.000Z,0.57733,0.57804,0.57706,0.57788,2460
2025-09-30T01:00:00.000Z,0.57789,0.57941,0.5776,0.57914,5419
2025-09-30T05:00:00.000Z,0.57907,0.58068,0.57842,0.58003,8149
2025-09-30T09:00:00.000Z,0.58002,0.58007,0.57892,0.5796,5539
2025-09-30T13:00:00.000Z,0.57961,0.58074,0.57879,0.58009,9762
2025-09-30T17:00:00.000Z,0.5801,0.5802,0.5792,0.57935,4566
2025-09-30T21:00:00.000Z,0.57932,0.57991,0.57884,0.57908,3578
2025-10-01T01:00:00.000Z,0.57909,0.58022,0.57859,0.58022,4690
2025-10-01T05:00:00.000Z,0.58027,0.58207,0.57986,0.58153,8451
2025-10-01T09:00:00.000Z,0.58152,0.58283,0.58031,0.58251,8969
2025-10-01T13:00:00.000Z,0.58252,0.5831,0.58077,0.58136,11819
2025-10-01T17:00:00.000Z,0.58137,0.58202,0.58112,0.58156,4185
2025-10-01T21:00:00.000Z,0.58022,0.58213,0.57873,0.58151,3460
2025-10-02T01:00:00.000Z,0.58151,0.58354,0.58126,0.58296,4648
2025-10-02T05:00:00.000Z,0.58297,0.58427,0.58296,0.58391,6625
2025-10-02T09:00:00.000Z,0.58392,0.58401,0.58194,0.58218,5981
2025-10-02T13:00:00.000Z,0.58219,0.58262,0.58027,0.58186,10057
2025-10-02T17:00:00.000Z,0.58186,0.58217,0.58149,0.5816,3586
2025-10-02T21:00:00.000Z,0.58157,0.58218,0.58094,0.582,1965
2025-10-03T01:00:00.000Z,0.58201,0.58249,0.58136,0.58145,3312
2025-10-03T05:00:00.000Z,0.58146,0.58335,0.58135,0.58316,5384
2025-10-03T09:00:00.000Z,0.58315,0.58362,0.58254,0.58337,5007
2025-10-03T13:00:00.000Z,0.58338,0.58381,0.58243,0.58333,9484
2025-10-03T17:00:00.000Z,0.58333,0.58352,0.58258,0.58311,4569
2025-10-05T21:00:00.000Z,0.58103,0.58284,0.581,0.58282,4712
2025-10-06T01:00:00.000Z,0.58283,0.58399,0.58235,0.58303,3655
2025-10-06T05:00:00.000Z,0.58302,0.58395,0.58165,0.58206,7529
2025-10-06T09:00:00.000Z,0.58198,0.58312,0.58101,0.58311,6687
2025-10-06T13:00:00.000Z,0.58312,0.58416,0.58279,0.5839,6650
2025-10-06T17:00:00.000Z,0.58391,0.58448,0.58386,0.58418,1844
2025-10-06T21:00:00.000Z,0.5835,0.58421,0.58235,0.58297,3029
2025-10-07T01:00:00.000Z,0.58297,0.58381,0.58237,0.58264,3161
2025-10-07T05:00:00.000Z,0.58256,0.58269,0.58047,0.58075,5778
2025-10-07T09:00:00.000Z,0.58074,0.58132,0.5801,0.58078,5182
2025-10-07T13:00:00.000Z,0.58079,0.58162,0.58026,0.58046,8950
2025-10-07T17:00:00.000Z,0.58047,0.58087,0.57937,0.57979,3212
2025-10-07T21:00:00.000Z,0.57961,0.58013,0.57916,0.57921,2201
2025-10-08T01:00:00.000Z,0.57936,0.57942,0.57387,0.57437,6650
2025-10-08T05:00:00.000Z,0.57438,0.57663,0.57367,0.57566,6460
2025-10-08T09:00:00.000Z,0.57571,0.57811,0.57565,0.57788,5821
2025-10-08T13:00:00.000Z,0.57783,0.57871,0.57725,0.57768,7404
2025-10-08T17:00:00.000Z,0.57768,0.57865,0.57739,0.5786,4402
2025-10-08T21:00:00.000Z,0.57846,0.57933,0.57793,0.57911,2436
2025-10-09T01:00:00.000Z,0.57909,0.58062,0.57892,0.58036,3721
2025-10-09T05:00:00.000Z,0.58035,0.58058,0.57603,0.57677,6961
2025-10-09T09:00:00.000Z,0.5768,0.57863,0.57677,0.57813,6281
2025-10-09T13:00:00.000Z,0.57814,0.57868,0.57375,0.57405,11493
2025-10-09T17:00:00.000Z,0.57404,0.57475,0.57337,0.57453,4485
2025-10-09T21:00:00.000Z,0.5744,0.57531,0.57397,0.57527,2848
2025-10-10T01:00:00.000Z,0.57528,0.57577,0.575,0.57552,3313
2025-10-10T05:00:00.000Z,0.57553,0.57581,0.57396,0.5756,6576
2025-10-10T09:00:00.000Z,0.57562,0.57567,0.57471,0.57518,5600
2025-10-10T13:00:00.000Z,0.57519,0.57525,0.57197,0.57218,13932
2025-10-10T17:00:00.000Z,0.57216,0.57279,0.57144,0.57201,5351
2025-10-12T21:00:00.000Z,0.57302,0.57438,0.57121,0.57348,6880
2025-10-13T01:00:00.000Z,0.57361,0.5745,0.57315,0.57383,4641
2025-10-13T05:00:00.000Z,0.57387,0.57412,0.57245,0.57308,7343
2025-10-13T09:00:00.000Z,0.57309,0.57361,0.57186,0.57212,6584
2025-10-13T13:00:00.000Z,0.57211,0.57358,0.57188,0.57343,8815
2025-10-13T17:00:00.000Z,0.57342,0.57353,0.57252,0.57253,2365
2025-10-13T21:00:00.000Z,0.57252,0.5728,0.5714,0.57223,3200
2025-10-14T01:00:00.000Z,0.57224,0.57263,0.57026,0.57073,5845
2025-10-14T05:00:00.000Z,0.57075,0.57075,0.56845,0.56909,8834
2025-10-14T09:00:00.000Z,0.56908,0.56937,0.56823,0.56916,6840
2025-10-14T13:00:00.000Z,0.56914,0.57236,0.56909,0.57189,11891
2025-10-14T17:00:00.000Z,0.57187,0.57197,0.57077,0.57139,4311
2025-10-14T21:00:00.000Z,0.57138,0.57172,0.57055,0.57114,2813
2025-10-15T01:00:00.000Z,0.57113,0.57272,0.57101,0.57202,4631
2025-10-15T05:00:00.000Z,0.5721,0.57315,0.57147,0.57263,6052
2025-10-15T09:00:00.000Z,0.57262,0.57299,0.57157,0.57169,5932
2025-10-15T13:00:00.000Z,0.57167,0.57302,0.57135,0.57207,9393
2025-10-15T17:00:00.000Z,0.57208,0.57237,0.57055,0.57235,3975
2025-10-15T21:00:00.000Z,0.57237,0.57332,0.57113,0.57292,3776
2025-10-16T01:00:00.000Z,0.57293,0.57553,0.57286,0.57436,5493
2025-10-16T05:00:00.000Z,0.57435,0.57491,0.57337,0.57374,6762
2025-10-16T09:00:00.000Z,0.57373,0.57408,0.57311,0.57377,6343
2025-10-16T13:00:00.000Z,0.57376,0.57404,0.57226,0.57311,10842
2025-10-16T17:00:00.000Z,0.57313,0.57368,0.5718,0.57247,5515
2025-10-16T21:00:00.000Z,0.57207,0.57303,0.57188,0.57276,2478
2025-10-17T01:00:00.000Z,0.57275,0.57354,0.57157,0.57327,4663
2025-10-17T05:00:00.000Z,0.57328,0.57369,0.57125,0.572,9279
2025-10-17T09:00:00.000Z,0.57199,0.57428,0.57116,0.57166,9967
2025-10-17T13:00:00.000Z,0.57166,0.57265,0.57117,0.57226,12262
2025-10-17T17:00:00.000Z,0.57227,0.57384,0.57207,0.57244,3723
2025-10-19T21:00:00.000Z,0.57184,0.57368,0.57137,0.57362,3661
2025-10-20T01:00:00.000Z,0.57363,0.57429,0.57324,0.57354,3787
2025-10-20T05:00:00.000Z,0.57354,0.57425,0.57288,0.57382,5881
2025-10-20T09:00:00.000Z,0.57381,0.57392,0.57251,0.57325,6591
2025-10-20T13:00:00.000Z,0.57326,0.57527,0.57301,0.57482,8191
2025-10-20T17:00:00.000Z,0.57481,0.57504,0.57428,0.57432,2108
2025-10-20T21:00:00.000Z,0.57397,0.5752,0.57342,0.57504,2499
2025-10-21T01:00:00.000Z,0.57503,0.57505,0.57255,0.57294,4431
2025-10-21T05:00:00.000Z,0.57299,0.57302,0.57096,0.57154,7449
2025-10-21T09:00:00.000Z,0.57153,0.57294,0.57108,0.57293,7363
2025-10-21T13:00:00.000Z,0.57292,0.57496,0.57191,0.5742,10271
2025-10-21T17:00:00.000Z,0.57419,0.57466,0.57386,0.57405,2882
2025-10-21T21:00:00.000Z,0.57358,0.57467,0.57195,0.57409,2870
2025-10-22T01:00:00.000Z,0.57406,0.57517,0.57382,0.57517,3848
2025-10-22T05:00:00.000Z,0.57518,0.57607,0.57439,0.57468,7614
2025-10-22T09:00:00.000Z,0.57467,0.57498,0.57375,0.57422,7557
2025-10-22T13:00:00.000Z,0.5742,0.57518,0.57376,0.57478,10218
2025-10-22T17:00:00.000Z,0.5748,0.57482,0.57346,0.57387,4654
2025-10-22T21:00:00.000Z,0.57374,0.57418,0.57333,0.57402,2383
2025-10-23T01:00:00.000Z,0.57404,0.57422,0.57241,0.57302,3484
2025-10-23T05:00:00.000Z,0.57301,0.5751,0.57281,0.57448,5313
2025-10-23T09:00:00.000Z,0.5745,0.57499,0.57387,0.57442,5018
2025-10-23T13:00:00.000Z,0.57442,0.57537,0.57438,0.57472,7964
2025-10-23T17:00:00.000Z,0.57472,0.5755,0.57442,0.57521,3474
2025-10-23T21:00:00.000Z,0.57489,0.57587,0.57451,0.57561,1983
2025-10-24T01:00:00.000Z,0.5756,0.57573,0.57448,0.57476,3937
2025-10-24T05:00:00.000Z,0.57477,0.57565,0.57413,0.57433,5368
2025-10-24T09:00:00.000Z,0.57431,0.57703,0.57384,0.5758,6706
2025-10-24T13:00:00.000Z,0.57579,0.5762,0.5738,0.57461,9687
2025-10-24T17:00:00.000Z,0.57461,0.57505,0.57446,0.57461,2733
2025-10-26T21:00:00.000Z,0.577,0.57711,0.57536,0.57613,3971
2025-10-27T01:00:00.000Z,0.57612,0.577,0.5753,0.57563,4189
2025-10-27T05:00:00.000Z,0.57564,0.57706,0.57514,0.57591,4968
2025-10-27T09:00:00.000Z,0.57589,0.57678,0.57561,0.57636,6064
2025-10-27T13:00:00.000Z,0.57637,0.57683,0.57548,0.57652,6963
2025-10-27T17:00:00.000Z,0.57653,0.57737,0.57627,0.57708,3296
2025-10-27T21:00:00.000Z,0.57671,0.578,0.57591,0.57761,2614
2025-10-28T01:00:00.000Z,0.57758,0.5784,0.57707,0.57828,4320
2025-10-28T05:00:00.000Z,0.57831,0.57835,0.57621,0.5763,5125
2025-10-28T09:00:00.000Z,0.5763,0.57758,0.57618,0.57662,4908
2025-10-28T13:00:00.000Z,0.57663,0.57882,0.57586,0.5788,8195
2025-10-28T17:00:00.000Z,0.57881,0.57893,0.57789,0.57797,2390
2025-10-28T21:00:00.000Z,0.57783,0.57897,0.57712,0.57795,3795
2025-10-29T01:00:00.000Z,0.57796,0.57862,0.57718,0.57803,4158
2025-10-29T05:00:00.000Z,0.57802,0.57958,0.57746,0.57746,5258
2025-10-29T09:00:00.000Z,0.57745,0.57865,0.5773,0.57797,5537
2025-10-29T13:00:00.000Z,0.57798,0.58012,0.5779,0.57966,8308
2025-10-29T17:00:00.000Z,0.57964,0.57982,0.57487,0.57624,13358
2025-10-29T21:00:00.000Z,0.57572,0.57758,0.57571,0.57748,2688
2025-10-30T01:00:00.000Z,0.57747,0.57879,0.57672,0.57861,7703
2025-10-30T05:00:00.000Z,0.5786,0.57868,0.57666,0.57729,7228
2025-10-30T09:00:00.000Z,0.57728,0.57736,0.57299,0.57304,6974
2025-10-30T13:00:00.000Z,0.57302,0.57482,0.57258,0.5745,10749
2025-10-30T17:00:00.000Z,0.57449,0.57466,0.57363,0.57416,4732
2025-10-30T21:00:00.000Z,0.57404,0.57447,0.5736,0.57406,2251
2025-10-31T01:00:00.000Z,0.57405,0.57426,0.57274,0.5733,4642
2025-10-31T05:00:00.000Z,0.57329,0.5733,0.57139,0.57217,4541
2025-10-31T09:00:00.000Z,0.5721,0.57269,0.57145,0.57155,5496
2025-10-31T13:00:00.000Z,0.57153,0.57323,0.57136,0.57201,9845
2025-10-31T17:00:00.000Z,0.57199,0.57258,0.57151,0.57247,4043
2025-11-02T22:00:00.000Z,0.57115,0.57245,0.57115,0.57147,3640
2025-11-03T02:00:00.000Z,0.57146,0.57297,0.57136,0.57278,2888
2025-11-03T06:00:00.000Z,0.57279,0.57298,0.57157,0.57162,4712
2025-11-03T10:00:00.000Z,0.57158,0.57199,0.57076,0.57089,4568
2025-11-03T14:00:00.000Z,0.57088,0.57122,0.56922,0.57076,8129
2025-11-03T18:00:00.000Z,0.57077,0.57103,0.57042,0.57066,3176
2025-11-03T22:00:00.000Z,0.57037,0.57093,0.56852,0.56931,3699
2025-11-04T02:00:00.000Z,0.5693,0.56994,0.5679,0.56804,5581
2025-11-04T06:00:00.000Z,0.56807,0.56893,0.56607,0.56615,7099
2025-11-04T10:00:00.000Z,0.56614,0.56703,0.56573,0.56606,5696
2025-11-04T14:00:00.000Z,0.56606,0.56673,0.56547,0.56562,7476
2025-11-04T18:00:00.000Z,0.56561,0.56573,0.56345,0.56352,4451
2025-11-04T22:00:00.000Z,0.5648,0.5663,0.56302,0.56358,4683
2025-11-05T02:00:00.000Z,0.56359,0.56604,0.56358,0.56523,4601
2025-11-05T06:00:00.000Z,0.56524,0.56586,0.56465,0.56474,4744
2025-11-05T10:00:00.000Z,0.56475,0.56496,0.56384,0.56434,5505
2025-11-05T14:00:00.000Z,0.56433,0.56635,0.56393,0.56596,8926
2025-11-05T18:00:00.000Z,0.56595,0.56653,0.56589,0.56625,2970
2025-11-05T22:00:00.000Z,0.56547,0.56663,0.56547,0.56652,2504
2025-11-06T02:00:00.000Z,0.56651,0.56685,0.56585,0.56592,2835
2025-11-06T06:00:00.000Z,0.56587,0.56661,0.56506,0.566,4988
2025-11-06T10:00:00.000Z,0.56601,0.56701,0.56561,0.56611,5702
2025-11-06T14:00:00.000Z,0.5661,0.56613,0.56257,0.56341,11286
2025-11-06T18:00:00.000Z,0.56342,0.56433,0.56293,0.56339,5100
2025-11-06T22:00:00.000Z,0.56319,0.56403,0.56251,0.56288,2899
2025-11-07T02:00:00.000Z,0.5629,0.56315,0.56146,0.56185,4199
2025-11-07T06:00:00.000Z,0.56186,0.56219,0.5606,0.56161,5277
2025-11-07T10:00:00.000Z,0.56159,0.56282,0.5612,0.56216,6311
2025-11-07T14:00:00.000Z,0.56216,0.56244,0.5609,0.56223,10712
2025-11-07T18:00:00.000Z,0.56223,0.56325,0.56208,0.56261,4767
2025-11-09T22:00:00.000Z,0.56187,0.56324,0.56186,0.56287,6236
2025-11-10T02:00:00.000Z,0.56288,0.56382,0.56245,0.56362,5240
2025-11-10T06:00:00.000Z,0.56361,0.56502,0.56295,0.56497,6141
2025-11-10T10:00:00.000Z,0.56496,0.56496,0.56377,0.56401,4237
2025-11-10T14:00:00.000Z,0.56399,0.56467,0.5627,0.56452,7143
2025-11-10T18:00:00.000Z,0.56453,0.56483,0.56435,0.56442,3340
2025-11-10T22:00:00.000Z,0.56415,0.5647,0.56366,0.56392,2818
2025-11-11T02:00:00.000Z,0.56393,0.56471,0.56338,0.5634,3229
2025-11-11T06:00:00.000Z,0.56341,0.56464,0.5631,0.56429,5163
2025-11-11T10:00:00.000Z,0.56428,0.56655,0.56408,0.56642,5309
2025-11-11T14:00:00.000Z,0.56643,0.56688,0.56507,0.56592,7063
2025-11-11T18:00:00.000Z,0.56593,0.56625,0.56529,0.56537,3392
2025-11-11T22:00:00.000Z,0.56412,0.5657,0.56412,0.56558,2842
2025-11-12T02:00:00.000Z,0.56557,0.56602,0.56452,0.5653,3448
2025-11-12T06:00:00.000Z,0.56529,0.56593,0.56524,0.56547,5216
2025-11-12T10:00:00.000Z,0.56546,0.56662,0.56535,0.56595,4916
2025-11-12T14:00:00.000Z,0.56594,0.56653,0.56558,0.56635,7899
2025-11-12T18:00:00.000Z,0.56632,0.56705,0.5663,0.56645,4071
2025-11-12T22:00:00.000Z,0.56588,0.56664,0.56469,0.56567,5169
2025-11-13T02:00:00.000Z,0.56569,0.56609,0.56439,0.5645,4335
2025-11-13T06:00:00.000Z,0.56449,0.56824,0.56342,0.56752,6602
2025-11-13T10:00:00.000Z,0.56749,0.56758,0.56585,0.56642,6800
2025-11-13T14:00:00.000Z,0.56645,0.56776,0.56601,0.56721,11776
2025-11-13T18:00:00.000Z,0.56719,0.56735,0.56517,0.56535,5379
2025-11-13T22:00:00.000Z,0.56461,0.56773,0.56454,0.56758,4324
2025-11-14T02:00:00.000Z,0.56759,0.56912,0.56729,0.56875,5020
2025-11-14T06:00:00.000Z,0.56876,0.56884,0.56679,0.56754,7863
2025-11-14T10:00:00.000Z,0.56752,0.56881,0.5669,0.56804,8306
2025-11-14T14:00:00.000Z,0.56803,0.56906,0.56775,0.56823,11542
2025-11-14T18:00:00.000Z,0.56822,0.56826,0.5675,0.5679,4080
2025-11-16T22:00:00.000Z,0.56719,0.568,0.56604,0.56633,4245
2025-11-17T02:00:00.000Z,0.56634,0.5672,0.56576,0.56708,3265
2025-11-17T06:00:00.000Z,0.56711,0.56886,0.56669,0.56698,5416
2025-11-17T10:00:00.000Z,0.56696,0.56732,0.56598,0.56633,6385
2025-11-17T14:00:00.000Z,0.5663,0.56749,0.56588,0.56688,9641
2025-11-17T18:00:00.000Z,0.56687,0.56692,0.56485,0.56563,5783
2025-11-17T22:00:00.000Z,0.5656,0.56603,0.56487,0.5657,3377
2025-11-18T02:00:00.000Z,0.56569,0.56582,0.56379,0.56531,5757
2025-11-18T06:00:00.000Z,0.56531,0.56691,0.56485,0.56654,6639
2025-11-18T10:00:00.000Z,0.56652,0.56749,0.56596,0.56693,6563
2025-11-18T14:00:00.000Z,0.56692,0.56697,0.56468,0.56618,12722
2025-11-18T18:00:00.000Z,0.56619,0.56683,0.56548,0.56564,5167
2025-11-18T22:00:00.000Z,0.56577,0.56615,0.5636,0.5638,4162
2025-11-19T02:00:00.000Z,0.56381,0.56423,0.56278,0.56349,5334
2025-11-19T06:00:00.000Z,0.5635,0.56433,0.56271,0.56332,6212
2025-11-19T10:00:00.000Z,0.56333,0.56342,0.56212,0.56229,6346
2025-11-19T14:00:00.000Z,0.56228,0.56243,0.55896,0.55946,11351
2025-11-19T18:00:00.000Z,0.55947,0.56055,0.55903,0.56023,5853
2025-11-19T22:00:00.000Z,0.56013,0.56145,0.5597,0.56038,4150
2025-11-20T02:00:00.000Z,0.56037,0.56125,0.55949,0.56038,5026
2025-11-20T06:00:00.000Z,0.56035,0.56152,0.56027,0.56152,6723
2025-11-20T10:00:00.000Z,0.56153,0.56326,0.55982,0.56258,8770
2025-11-20T14:00:00.000Z,0.56259,0.56385,0.55891,0.55929,16430
2025-11-20T18:00:00.000Z,0.5593,0.56016,0.55822,0.55822,8655
2025-11-20T22:00:00.000Z,0.55837,0.55972,0.55776,0.55946,4940
2025-11-21T02:00:00.000Z,0.5595,0.56017,0.55898,0.55958,4255
2025-11-21T06:00:00.000Z,0.55959,0.5607,0.55915,0.55943,8473
2025-11-21T10:00:00.000Z,0.55941,0.56072,0.55824,0.56051,11005
2025-11-21T14:00:00.000Z,0.5605,0.56124,0.5587,0.56083,14573
2025-11-21T18:00:00.000Z,0.56084,0.56154,0.56012,0.56106,6478
2025-11-23T22:00:00.000Z,0.56053,0.56142,0.56027,0.56064,3539
2025-11-24T02:00:00.000Z,0.56063,0.56143,0.56045,0.56053,3749
2025-11-24T06:00:00.000Z,0.5605,0.56139,0.55951,0.55992,6280
2025-11-24T10:00:00.000Z,0.55991,0.56144,0.55984,0.56078,5602
2025-11-24T14:00:00.000Z,0.56076,0.56123,0.55977,0.56082,7881
2025-11-24T18:00:00.000Z,0.56084,0.56135,0.56076,0.56103,3290
2025-11-24T22:00:00.000Z,0.56091,0.56214,0.56047,0.56139,3311
2025-11-25T02:00:00.000Z,0.5614,0.56145,0.55978,0.56037,4020
2025-11-25T06:00:00.000Z,0.56036,0.56083,0.55922,0.56071,5564
2025-11-25T10:00:00.000Z,0.5607,0.56146,0.55911,0.5607,7933
2025-11-25T14:00:00.000Z,0.56069,0.56283,0.55945,0.5623,12044
2025-11-25T18:00:00.000Z,0.56232,0.56263,0.56164,0.56197,5229
2025-11-25T22:00:00.000Z,0.5611,0.56818,0.5611,0.56682,6716
2025-11-26T02:00:00.000Z,0.56681,0.56965,0.56661,0.56906,7270
2025-11-26T06:00:00.000Z,0.56905,0.56943,0.56686,0.56761,7145
2025-11-26T10:00:00.000Z,0.5676,0.56828,0.56627,0.56706,9416
2025-11-26T14:00:00.000Z,0.56705,0.56938,0.56664,0.56928,9130
2025-11-26T18:00:00.000Z,0.56927,0.57011,0.56915,0.56987,4227
2025-11-26T22:00:00.000Z,0.56978,0.57206,0.56885,0.57205,4135
2025-11-27T02:00:00.000Z,0.57206,0.57318,0.5719,0.57246,4597
2025-11-27T06:00:00.000Z,0.57245,0.57257,0.57116,0.57151,5666
2025-11-27T10:00:00.000Z,0.57154,0.57199,0.57085,0.57184,4185
2025-11-27T14:00:00.000Z,0.57183,0.57297,0.57153,0.57232,3468
2025-11-27T18:00:00.000Z,0.57233,0.57267,0.57204,0.57267,1065
2025-11-27T22:00:00.000Z,0.57204,0.57314,0.57137,0.57235,3796
2025-11-28T02:00:00.000Z,0.57236,0.57254,0.57155,0.57181,19642
2025-11-28T06:00:00.000Z,0.57183,0.57204,0.5707,0.57092,22215
2025-11-28T10:00:00.000Z,0.57086,0.57208,0.57038,0.57201,23518
2025-11-28T14:00:00.000Z,0.57203,0.57436,0.57172,0.57384,9712
2025-11-28T18:00:00.000Z,0.57379,0.57388,0.5728,0.57335,10955
2025-11-30T22:00:00.000Z,0.57231,0.57443,0.57229,0.57382,5343
2025-12-01T02:00:00.000Z,0.57382,0.57383,0.57253,0.57286,4102
2025-12-01T06:00:00.000Z,0.57286,0.57403,0.57258,0.57377,6368
2025-12-01T10:00:00.000Z,0.57378,0.57514,0.5728,0.57444,5997
2025-12-01T14:00:00.000Z,0.57445,0.5745,0.57333,0.57364,7595
2025-12-01T18:00:00.000Z,0.57365,0.57379,0.57246,0.57279,2903
2025-12-01T22:00:00.000Z,0.57224,0.57288,0.57181,0.57263,2259
2025-12-02T02:00:00.000Z,0.5726,0.57289,0.57218,0.57281,2235
2025-12-02T06:00:00.000Z,0.5728,0.57323,0.57151,0.57175,4289
2025-12-02T10:00:00.000Z,0.57176,0.57309,0.57108,0.57307,5052
2025-12-02T14:00:00.000Z,0.57309,0.57446,0.57232,0.57271,9367
2025-12-02T18:00:00.000Z,0.57268,0.57372,0.57246,0.57367,3363
2025-12-02T22:00:00.000Z,0.57338,0.57468,0.57335,0.5746,2875
2025-12-03T02:00:00.000Z,0.57461,0.57554,0.57458,0.5754,2624
2025-12-03T06:00:00.000Z,0.57541,0.5755,0.57393,0.57416,5771
2025-12-03T10:00:00.000Z,0.57416,0.57563,0.57415,0.5747,6159
2025-12-03T14:00:00.000Z,0.5747,0.57727,0.57345,0.57716,9483
2025-12-03T18:00:00.000Z,0.57717,0.57774,0.57712,0.57738,2059
2025-12-03T22:00:00.000Z,0.57702,0.57761,0.57658,0.57679,2589
2025-12-04T02:00:00.000Z,0.57676,0.5774,0.5761,0.57712,3136
2025-12-04T06:00:00.000Z,0.57713,0.57784,0.57651,0.57731,5519
2025-12-04T10:00:00.000Z,0.5773,0.57747,0.57579,0.57645,6786
2025-12-04T14:00:00.000Z,0.57646,0.57786,0.5762,0.57726,7933
2025-12-04T18:00:00.000Z,0.57724,0.57752,0.57609,0.57609,2810
2025-12-04T22:00:00.000Z,0.57594,0.57695,0.57565,0.5768,5092
2025-12-05T02:00:00.000Z,0.57681,0.57716,0.57617,0.57696,2872
2025-12-05T06:00:00.000Z,0.57697,0.57805,0.57689,0.57746,5619
2025-12-05T10:00:00.000Z,0.57747,0.57829,0.57672,0.578,5181
2025-12-05T14:00:00.000Z,0.57798,0.57869,0.5763,0.57753,10084
2025-12-05T18:00:00.000Z,0.57755,0.57775,0.57708,0.5774,2969
2025-12-07T22:00:00.000Z,0.57702,0.57912,0.57612,0.57882,6186
2025-12-08T02:00:00.000Z,0.57883,0.5791,0.57812,0.57858,3534
2025-12-08T06:00:00.000Z,0.57859,0.579,0.5774,0.57839,6041
2025-12-08T10:00:00.000Z,0.57837,0.57923,0.57744,0.57832,6125
2025-12-08T14:00:00.000Z,0.57835,0.57881,0.57584,0.57771,9874
2025-12-08T18:00:00.000Z,0.57772,0.57796,0.57699,0.57751,3246
2025-12-08T22:00:00.000Z,0.57691,0.57774,0.57671,0.5775,3104
2025-12-09T02:00:00.000Z,0.57752,0.57922,0.57726,0.57876,5858
2025-12-09T06:00:00.000Z,0.57875,0.57944,0.57771,0.57929,6159
2025-12-09T10:00:00.000Z,0.57928,0.57932,0.57799,0.57853,6544
2025-12-09T14:00:00.000Z,0.57852,0.57946,0.57731,0.57782,11585
2025-12-09T18:00:00.000Z,0.5778,0.57818,0.57751,0.57791,4131
2025-12-09T22:00:00.000Z,0.57689,0.57822,0.57662,0.57666,3504
2025-12-10T02:00:00.000Z,0.57664,0.57763,0.5761,0.57758,4057
2025-12-10T06:00:00.000Z,0.57755,0.57889,0.57752,0.57862,5432
2025-12-10T10:00:00.000Z,0.57861,0.57892,0.57744,0.57819,6277
2025-12-10T14:00:00.000Z,0.57818,0.57894,0.5775,0.57872,9653
2025-12-10T18:00:00.000Z,0.57871,0.58246,0.57755,0.5816,13836
2025-12-10T22:00:00.000Z,0.58117,0.58203,0.58078,0.58166,5069
2025-12-11T02:00:00.000Z,0.58167,0.58204,0.57915,0.57943,6339
2025-12-11T06:00:00.000Z,0.57943,0.58064,0.57878,0.58051,7053
2025-12-11T10:00:00.000Z,0.58052,0.58265,0.58017,0.58222,7865
2025-12-11T14:00:00.000Z,0.58221,0.58311,0.58107,0.58177,12158
2025-12-11T18:00:00.000Z,0.58175,0.58207,0.58049,0.58086,5315
2025-12-11T22:00:00.000Z,0.58072,0.58203,0.58031,0.58123,4433
2025-12-12T02:00:00.000Z,0.58122,0.58157,0.58073,0.58134,3703
2025-12-12T06:00:00.000Z,0.58135,0.58194,0.58074,0.58149,6484
2025-12-12T10:00:00.000Z,0.58148,0.58153,0.58045,0.58085,6250
2025-12-12T14:00:00.000Z,0.58084,0.58154,0.57875,0.58036,13857
2025-12-12T18:00:00.000Z,0.58037,0.58078,0.57989,0.58017,6390
2025-12-14T22:00:00.000Z,0.57949,0.58083,0.57861,0.58078,4883
2025-12-15T02:00:00.000Z,0.58075,0.58078,0.57651,0.57808,7113
2025-12-15T06:00:00.000Z,0.57807,0.57879,0.57765,0.57859,6739
2025-12-15T10:00:00.000Z,0.57855,0.57987,0.57801,0.57914,5961
2025-12-15T14:00:00.000Z,0.5791,0.58027,0.57863,0.57875,12769
2025-12-15T18:00:00.000Z,0.57876,0.57905,0.57816,0.57819,5003
2025-12-15T22:00:00.000Z,0.57751,0.57888,0.5758,0.57647,5343
2025-12-16T02:00:00.000Z,0.57648,0.57816,0.57631,0.57771,5970
2025-12-16T06:00:00.000Z,0.5777,0.57913,0.57751,0.57833,5895
2025-12-16T10:00:00.000Z,0.57832,0.58067,0.57788,0.5792,8807
2025-12-16T14:00:00.000Z,0.57914,0.58058,0.5785,0.5789,14923
2025-12-16T18:00:00.000Z,0.57889,0.5792,0.5772,0.57835,7537
2025-12-16T22:00:00.000Z,0.57801,0.57884,0.57759,0.57879,4271
2025-12-17T02:00:00.000Z,0.57882,0.57883,0.5771,0.57753,6585
2025-12-17T06:00:00.000Z,0.57754,0.57786,0.5767,0.57705,7778
2025-12-17T10:00:00.000Z,0.57704,0.57802,0.5769,0.5779,6576
2025-12-17T14:00:00.000Z,0.57791,0.57941,0.57734,0.57769,13324
2025-12-17T18:00:00.000Z,0.57768,0.57832,0.57717,0.5775,6437
2025-12-17T22:00:00.000Z,0.57725,0.57751,0.57604,0.57643,4355
2025-12-18T02:00:00.000Z,0.5765,0.57703,0.57544,0.5764,5148
2025-12-18T06:00:00.000Z,0.57641,0.5768,0.57581,0.57631,6180
2025-12-18T10:00:00.000Z,0.5763,0.57868,0.57606,0.57795,9059
2025-12-18T14:00:00.000Z,0.57793,0.57875,0.57662,0.57728,15308
2025-12-18T18:00:00.000Z,0.57729,0.57768,0.57697,0.5775,6160
2025-12-18T22:00:00.000Z,0.57706,0.57832,0.57669,0.57723,4407
2025-12-19T02:00:00.000Z,0.57721,0.57753,0.5758,0.57583,5519
2025-12-19T06:00:00.000Z,0.57579,0.57634,0.57445,0.57486,7569
2025-12-19T10:00:00.000Z,0.57487,0.57506,0.57358,0.57451,6720
2025-12-19T14:00:00.000Z,0.57451,0.57609,0.57444,0.57593,10079
2025-12-19T18:00:00.000Z,0.57592,0.57656,0.5754,0.57542,4839
2025-12-21T22:00:00.000Z,0.57481,0.57691,0.57412,0.57629,8962
2025-12-22T02:00:00.000Z,0.57628,0.5771,0.57624,0.57684,4090
2025-12-22T06:00:00.000Z,0.57684,0.57848,0.57661,0.57825,5213
2025-12-22T10:00:00.000Z,0.57824,0.57923,0.5782,0.57884,5929
2025-12-22T14:00:00.000Z,0.57887,0.58012,0.5785,0.57971,9034
2025-12-22T18:00:00.000Z,0.57969,0.57984,0.57915,0.57946,4190
2025-12-22T22:00:00.000Z,0.57872,0.58095,0.57872,0.58069,3576
2025-12-23T02:00:00.000Z,0.58071,0.58167,0.58068,0.5812,5581
2025-12-23T06:00:00.000Z,0.58121,0.58379,0.58075,0.58379,7963
2025-12-23T10:00:00.000Z,0.5838,0.5843,0.58277,0.58284,8068
2025-12-23T14:00:00.000Z,0.58281,0.58337,0.58195,0.58293,10581
2025-12-23T18:00:00.000Z,0.58292,0.58423,0.5828,0.5842,4059
2025-12-23T22:00:00.000Z,0.58333,0.58488,0.58333,0.58487,3899
2025-12-24T02:00:00.000Z,0.58488,0.5853,0.58389,0.58443,4256
2025-12-24T06:00:00.000Z,0.58437,0.58478,0.58382,0.58461,5359
2025-12-24T10:00:00.000Z,0.5846,0.58466,0.58333,0.58367,5305
2025-12-24T14:00:00.000Z,0.58363,0.58424,0.58321,0.58336,7618
2025-12-24T18:00:00.000Z,0.58334,0.58366,0.58305,0.58332,4554
2025-12-25T22:00:00.000Z,0.58343,0.58416,0.58286,0.58347,4017
2025-12-26T02:00:00.000Z,0.58348,0.58404,0.5829,0.58346,4422
2025-12-26T06:00:00.000Z,0.58347,0.58365,0.58186,0.58188,6956
2025-12-26T10:00:00.000Z,0.58189,0.58334,0.58177,0.58319,6449
2025-12-26T14:00:00.000Z,0.58322,0.58423,0.5824,0.58295,9851
2025-12-26T18:00:00.000Z,0.58297,0.58331,0.58261,0.58267,4180
2025-12-28T22:00:00.000Z,0.58211,0.58329,0.58211,0.58292,5419
2025-12-29T02:00:00.000Z,0.58288,0.58335,0.58192,0.58192,5444
2025-12-29T06:00:00.000Z,0.5819,0.5825,0.58027,0.58073,8861
2025-12-29T10:00:00.000Z,0.58072,0.58108,0.57897,0.5798,8424
2025-12-29T14:00:00.000Z,0.57979,0.58106,0.57924,0.58026,12523
2025-12-29T18:00:00.000Z,0.58027,0.58071,0.5798,0.58037,4636
2025-12-29T22:00:00.000Z,0.57948,0.58095,0.57921,0.58085,3595
2025-12-30T02:00:00.000Z,0.58086,0.58178,0.58028,0.58161,4233
2025-12-30T06:00:00.000Z,0.58162,0.58192,0.58064,0.58069,6373
2025-12-30T10:00:00.000Z,0.58068,0.58117,0.57939,0.57971,6359
2025-12-30T14:00:00.000Z,0.57972,0.58065,0.57899,0.58024,8962
2025-12-30T18:00:00.000Z,0.58028,0.58048,0.57883,0.57922,4177
2025-12-30T22:00:00.000Z,0.57899,0.5792,0.57805,0.57805,3446
2025-12-31T02:00:00.000Z,0.57803,0.57835,0.577,0.57721,4692
2025-12-31T06:00:00.000Z,0.5772,0.57741,0.57636,0.57659,6459
2025-12-31T10:00:00.000Z,0.57659,0.57733,0.57598,0.5768,7521
2025-12-31T14:00:00.000Z,0.57681,0.57685,0.57398,0.57544,11529
2025-12-31T18:00:00.000Z,0.57543,0.57578,0.57502,0.57549,4879
2026-01-01T22:00:00.000Z,0.57544,0.57701,0.57513,0.57672,3655
2026-01-02T02:00:00.000Z,0.57671,0.57705,0.57574,0.57586,4611
2026-01-02T06:00:00.000Z,0.57585,0.57722,0.57554,0.57694,7466
2026-01-02T10:00:00.000Z,0.57695,0.57737,0.5764,0.57654,6530
2026-01-02T14:00:00.000Z,0.57656,0.57778,0.57635,0.57671,11371
2026-01-02T18:00:00.000Z,0.5767,0.57706,0.57586,0.57695,5619
2026-01-04T22:00:00.000Z,0.57593,0.5769,0.57393,0.57562,8036
2026-01-05T02:00:00.000Z,0.57563,0.57626,0.57422,0.57544,7898
2026-01-05T06:00:00.000Z,0.57545,0.57585,0.57451,0.57495,9017
2026-01-05T10:00:00.000Z,0.57495,0.57638,0.57415,0.57561,9924
2026-01-05T14:00:00.000Z,0.57565,0.57907,0.57553,0.57863,14185
2026-01-05T18:00:00.000Z,0.57861,0.57919,0.57854,0.57877,5072
2026-01-05T22:00:00.000Z,0.57828,0.57967,0.57789,0.57943,5613
2026-01-06T02:00:00.000Z,0.57942,0.5806,0.57924,0.57993,7291
2026-01-06T06:00:00.000Z,0.57994,0.58103,0.57891,0.57912,9246
2026-01-06T10:00:00.000Z,0.57911,0.57952,0.57812,0.57901,8243
2026-01-06T14:00:00.000Z,0.57902,0.57976,0.57685,0.5783,11720
2026-01-06T18:00:00.000Z,0.57829,0.57868,0.57779,0.57832,4653
2026-01-06T22:00:00.000Z,0.57746,0.57923,0.57731,0.57871,8403
2026-01-07T02:00:00.000Z,0.57867,0.57917,0.57784,0.57808,7098
2026-01-07T06:00:00.000Z,0.57808,0.57881,0.57738,0.57871,7709
2026-01-07T10:00:00.000Z,0.5787,0.5793,0.57819,0.57918,7802
2026-01-07T14:00:00.000Z,0.57916,0.5793,0.57741,0.57807,11137
2026-01-07T18:00:00.000Z,0.57806,0.57848,0.57694,0.57723,4898
2026-01-07T22:00:00.000Z,0.57695,0.57756,0.57655,0.57696,4395
2026-01-08T02:00:00.000Z,0.57699,0.57708,0.57601,0.57624,6807
2026-01-08T06:00:00.000Z,0.57622,0.57623,0.57403,0.57445,8823
2026-01-08T10:00:00.000Z,0.57446,0.57516,0.5742,0.57451,7476
2026-01-08T14:00:00.000Z,0.5745,0.57547,0.57372,0.57491,11836
2026-01-08T18:00:00.000Z,0.5749,0.57533,0.57424,0.57518,4790
2026-01-08T22:00:00.000Z,0.57433,0.57531,0.57382,0.5743,5249
2026-01-09T02:00:00.000Z,0.57432,0.57464,0.57392,0.57405,6201
2026-01-09T06:00:00.000Z,0.57406,0.57429,0.57269,0.57281,7848
2026-01-09T10:00:00.000Z,0.57282,0.57454,0.57158,0.57351,10018
2026-01-09T14:00:00.000Z,0.57353,0.57403,0.57108,0.57266,16104
2026-01-09T18:00:00.000Z,0.57265,0.57338,0.57259,0.57297,3423
2026-01-11T22:00:00.000Z,0.57225,0.57499,0.57219,0.57448,7238
2026-01-12T02:00:00.000Z,0.57447,0.57492,0.57397,0.57488,6079
2026-01-12T06:00:00.000Z,0.57487,0.57599,0.57461,0.57548,8011
2026-01-12T10:00:00.000Z,0.57547,0.57687,0.57514,0.57658,7732
2026-01-12T14:00:00.000Z,0.57658,0.57679,0.57557,0.57673,9948
2026-01-12T18:00:00.000Z,0.57672,0.57745,0.57635,0.57713,3215
2026-01-12T22:00:00.000Z,0.57702,0.57792,0.57681,0.57754,4852
2026-01-13T02:00:00.000Z,0.57753,0.57804,0.57744,0.57767,5945
2026-01-13T06:00:00.000Z,0.57768,0.57773,0.57638,0.57701,7577
2026-01-13T10:00:00.000Z,0.57702,0.57817,0.57539,0.57652,9404
2026-01-13T14:00:00.000Z,0.5765,0.57701,0.57348,0.57404,14863
2026-01-13T18:00:00.000Z,0.57403,0.57424,0.57356,0.57361,5768
2026-01-13T22:00:00.000Z,0.57368,0.57428,0.573,0.57337,4836
2026-01-14T02:00:00.000Z,0.57339,0.5748,0.57334,0.57423,6446
2026-01-14T06:00:00.000Z,0.57424,0.57508,0.57406,0.57474,6652
2026-01-14T10:00:00.000Z,0.57474,0.5748,0.57367,0.57421,6821
2026-01-14T14:00:00.000Z,0.57419,0.57558,0.57403,0.57413,12048
2026-01-14T18:00:00.000Z,0.57412,0.57497,0.57406,0.57452,5667
2026-01-14T22:00:00.000Z,0.57488,0.57519,0.57352,0.57385,6210
2026-01-15T02:00:00.000Z,0.57385,0.57393,0.5731,0.57337,5398
2026-01-15T06:00:00.000Z,0.57336,0.57522,0.57336,0.57494,6243
2026-01-15T10:00:00.000Z,0.57494,0.57521,0.57272,0.57296,6456
2026-01-15T14:00:00.000Z,0.57296,0.57471,0.57252,0.57435,9992
2026-01-15T18:00:00.000Z,0.57436,0.57471,0.57361,0.57425,4945
2026-01-15T22:00:00.000Z,0.57418,0.57503,0.57372,0.57468,4477
2026-01-16T02:00:00.000Z,0.57467,0.57582,0.57449,0.57543,4632
2026-01-16T06:00:00.000Z,0.57543,0.57634,0.57513,0.57591,4864
2026-01-16T10:00:00.000Z,0.57592,0.57671,0.57543,0.57563,6317
2026-01-16T14:00:00.000Z,0.57562,0.57599,0.57415,0.57495,10535
2026-01-16T18:00:00.000Z,0.57493,0.57553,0.57473,0.57509,4574
2026-01-18T22:00:00.000Z,0.57404,0.57727,0.57388,0.57644,9528
2026-01-19T02:00:00.000Z,0.57649,0.57794,0.57593,0.57738,6738
2026-01-19T06:00:00.000Z,0.57737,0.57793,0.57688,0.5776,8580
2026-01-19T10:00:00.000Z,0.5776,0.57892,0.57759,0.57848,5640
2026-01-19T14:00:00.000Z,0.57848,0.57967,0.57789,0.57951,6043
2026-01-19T18:00:00.000Z,0.57952,0.58024,0.57889,0.57993,2030
2026-01-19T22:00:00.000Z,0.5795,0.5806,0.57885,0.58052,4069
2026-01-20T02:00:00.000Z,0.58056,0.58353,0.58036,0.58318,5524
2026-01-20T06:00:00.000Z,0.58316,0.58435,0.58248,0.58372,10147
2026-01-20T10:00:00.000Z,0.58372,0.58429,0.58287,0.58328,10528
2026-01-20T14:00:00.000Z,0.58327,0.58511,0.58293,0.58412,13698
2026-01-20T18:00:00.000Z,0.58411,0.58433,0.5827,0.58314,5216
2026-01-20T22:00:00.000Z,0.58271,0.58358,0.58206,0.58343,5099
2026-01-21T02:00:00.000Z,0.58342,0.58387,0.58273,0.58371,4936
2026-01-21T06:00:00.000Z,0.58372,0.58532,0.58355,0.58427,6199
2026-01-21T10:00:00.000Z,0.58426,0.58646,0.58405,0.58621,7432
2026-01-21T14:00:00.000Z,0.58621,0.5866,0.5839,0.58441,16214
2026-01-21T18:00:00.000Z,0.58442,0.58477,0.58383,0.58443,9240
2026-01-21T22:00:00.000Z,0.58396,0.58525,0.58349,0.58513,5413
2026-01-22T02:00:00.000Z,0.58515,0.58626,0.58486,0.58581,5068
2026-01-22T06:00:00.000Z,0.58581,0.58699,0.58537,0.58656,6001
2026-01-22T10:00:00.000Z,0.58655,0.58883,0.58619,0.58871,7713
2026-01-22T14:00:00.000Z,0.58872,0.59076,0.58834,0.59067,10656
2026-01-22T18:00:00.000Z,0.59065,0.59274,0.59039,0.59232,4372
2026-01-22T22:00:00.000Z,0.59229,0.59241,0.591,0.59172,4788
2026-01-23T02:00:00.000Z,0.59171,0.59208,0.59058,0.59102,5719
2026-01-23T06:00:00.000Z,0.59101,0.59124,0.58961,0.58973,9068
2026-01-23T10:00:00.000Z,0.58972,0.59157,0.58913,0.59022,7000
2026-01-23T14:00:00.000Z,0.59022,0.59412,0.59008,0.59342,11526
2026-01-23T18:00:00.000Z,0.59341,0.5951,0.59255,0.59488,8032
2026-01-25T22:00:00.000Z,0.59443,0.5975,0.59428,0.59606,10883
2026-01-26T02:00:00.000Z,0.59605,0.59718,0.59558,0.59604,8299
2026-01-26T06:00:00.000Z,0.59603,0.59737,0.59516,0.59702,9691
2026-01-26T10:00:00.000Z,0.59706,0.59749,0.5954,0.59642,8870
2026-01-26T14:00:00.000Z,0.59641,0.59989,0.59634,0.59904,11533
2026-01-26T18:00:00.000Z,0.59905,0.59964,0.59713,0.59728,6724
2026-01-26T22:00:00.000Z,0.59676,0.59721,0.59583,0.59677,4743
2026-01-27T02:00:00.000Z,0.59675,0.59787,0.59606,0.59668,5946
2026-01-27T06:00:00.000Z,0.59669,0.59742,0.59548,0.59732,7264
2026-01-27T10:00:00.000Z,0.59728,0.59962,0.59642,0.59907,10455
2026-01-27T14:00:00.000Z,0.5991,0.60222,0.59887,0.60163,14994
2026-01-27T18:00:00.000Z,0.60163,0.60505,0.60122,0.60477,11576
2026-01-27T22:00:00.000Z,0.6042,0.60427,0.60108,0.60119,8820
2026-01-28T02:00:00.000Z,0.60118,0.60261,0.60075,0.60261,7627
2026-01-28T06:00:00.000Z,0.60263,0.60444,0.60212,0.6031,11689
2026-01-28T10:00:00.000Z,0.60311,0.60418,0.60222,0.60282,10242
2026-01-28T14:00:00.000Z,0.60282,0.60407,0.60155,0.60336,17360
2026-01-28T18:00:00.000Z,0.60334,0.60599,0.60146,0.60599,12614
2026-01-28T22:00:00.000Z,0.60484,0.60701,0.6044,0.60494,9196
2026-01-29T02:00:00.000Z,0.60495,0.60923,0.60441,0.60873,9642
2026-01-29T06:00:00.000Z,0.60872,0.60887,0.60614,0.60662,10617
2026-01-29T10:00:00.000Z,0.60663,0.60819,0.60485,0.60763,10960
2026-01-29T14:00:00.000Z,0.60764,0.60891,0.60224,0.60597,29273
2026-01-29T18:00:00.000Z,0.60596,0.60823,0.6057,0.60788,12146
2026-01-29T22:00:00.000Z,0.60706,0.60802,0.6048,0.6049,10386
2026-01-30T02:00:00.000Z,0.60491,0.60553,0.60312,0.60478,12338
2026-01-30T06:00:00.000Z,0.60477,0.60607,0.6031,0.60361,13530
2026-01-30T10:00:00.000Z,0.60358,0.60788,0.60355,0.60535,15517
2026-01-30T14:00:00.000Z,0.60538,0.60778,0.60291,0.60328,23524
2026-01-30T18:00:00.000Z,0.60326,0.60416,0.60097,0.60188,16221
2026-02-01T22:00:00.000Z,0.60087,0.60334,0.59929,0.60277,16441
2026-02-02T02:00:00.000Z,0.60278,0.60313,0.59962,0.60036,15818
2026-02-02T06:00:00.000Z,0.60041,0.6024,0.59902,0.60232,16701
2026-02-02T10:00:00.000Z,0.60228,0.6026,0.59991,0.60039,15140
2026-02-02T14:00:00.000Z,0.60036,0.60153,0.59905,0.60041,21877
2026-02-02T18:00:00.000Z,0.60041,0.60064,0.59924,0.60011,8001
2026-02-02T22:00:00.000Z,0.59965,0.60231,0.5991,0.60202,4903
2026-02-03T02:00:00.000Z,0.60201,0.60423,0.60059,0.60334,9252
2026-02-03T06:00:00.000Z,0.60336,0.60577,0.60317,0.60337,11148
2026-02-03T10:00:00.000Z,0.6034,0.60437,0.60266,0.60407,10431
2026-02-03T14:00:00.000Z,0.60408,0.60542,0.60192,0.60433,18882
2026-02-03T18:00:00.000Z,0.60431,0.6063,0.60338,0.6045,11718
2026-02-03T22:00:00.000Z,0.60413,0.60503,0.60326,0.60415,5621
2026-02-04T02:00:00.000Z,0.60415,0.6046,0.60268,0.60391,6374
2026-02-04T06:00:00.000Z,0.60401,0.60472,0.60198,0.60238,8186
2026-02-04T10:00:00.000Z,0.60237,0.60343,0.60118,0.60294,10212
2026-02-04T14:00:00.000Z,0.60294,0.60299,0.59874,0.59912,23077
2026-02-04T18:00:00.000Z,0.59913,0.60071,0.59877,0.60003,10360
2026-02-04T22:00:00.000Z,0.6003,0.60093,0.59961,0.59992,5041
2026-02-05T02:00:00.000Z,0.59993,0.59997,0.59765,0.59866,10961
2026-02-05T06:00:00.000Z,0.59867,0.59974,0.59806,0.59807,11024
2026-02-05T10:00:00.000Z,0.59807,0.60023,0.598,0.59977,13724
2026-02-05T14:00:00.000Z,0.59975,0.60011,0.59686,0.59849,22879
2026-02-05T18:00:00.000Z,0.5985,0.59871,0.59476,0.59494,9763
2026-02-05T22:00:00.000Z,0.59476,0.59582,0.5928,0.59547,7912
2026-02-06T02:00:00.000Z,0.59551,0.59773,0.59547,0.59773,7973
2026-02-06T06:00:00.000Z,0.59772,0.59893,0.59716,0.59866,8211
2026-02-06T10:00:00.000Z,0.59863,0.60022,0.5982,0.60021,8654
2026-02-06T14:00:00.000Z,0.60021,0.60262,0.60007,0.60233,14040
2026-02-06T18:00:00.000Z,0.60232,0.60269,0.60157,0.6017,4526
2026-02-08T22:00:00.000Z,0.60189,0.60336,0.60065,0.60151,8081
2026-02-09T02:00:00.000Z,0.6015,0.60218,0.60111,0.6019,5202
2026-02-09T06:00:00.000Z,0.60188,0.60268,0.60082,0.60108,9605
2026-02-09T10:00:00.000Z,0.60109,0.60423,0.59969,0.60368,10250
2026-02-09T14:00:00.000Z,0.60369,0.60565,0.6036,0.60498,13222
2026-02-09T18:00:00.000Z,0.60498,0.60596,0.6045,0.60559,5621
2026-02-09T22:00:00.000Z,0.60494,0.60558,0.60324,0.60491,4760
2026-02-10T02:00:00.000Z,0.60492,0.6052,0.60356,0.60385,5149
2026-02-10T06:00:00.000Z,0.60384,0.60498,0.60331,0.60451,6107
2026-02-10T10:00:00.000Z,0.6045,0.60538,0.60376,0.60485,7906
2026-02-10T14:00:00.000Z,0.60489,0.60611,0.60418,0.60437,13857
2026-02-10T18:00:00.000Z,0.60438,0.60509,0.60388,0.60436,5273
2026-02-10T22:00:00.000Z,0.60345,0.60511,0.60304,0.60486,3445
2026-02-11T02:00:00.000Z,0.60487,0.60655,0.6048,0.60613,5963
2026-02-11T06:00:00.000Z,0.60614,0.60665,0.60526,0.60642,6557
2026-02-11T10:00:00.000Z,0.60641,0.60732,0.60235,0.60519,12039
2026-02-11T14:00:00.000Z,0.60518,0.60648,0.60316,0.60586,22490
2026-02-11T18:00:00.000Z,0.60585,0.6064,0.60465,0.60489,7554
2026-02-11T22:00:00.000Z,0.60409,0.60589,0.60387,0.60588,4428
2026-02-12T02:00:00.000Z,0.60585,0.60612,0.6043,0.60484,5433
2026-02-12T06:00:00.000Z,0.60486,0.60714,0.60389,0.60712,7130
2026-02-12T10:00:00.000Z,0.60713,0.60758,0.60594,0.60737,7422
2026-02-12T14:00:00.000Z,0.60737,0.60752,0.60329,0.60334,21765
2026-02-12T18:00:00.000Z,0.60333,0.60382,0.60255,0.60348,9968
2026-02-12T22:00:00.000Z,0.603,0.60479,0.60264,0.60336,4838
2026-02-13T02:00:00.000Z,0.60337,0.60395,0.60236,0.60257,4963
2026-02-13T06:00:00.000Z,0.60257,0.60424,0.60143,0.60381,8299
2026-02-13T10:00:00.000Z,0.6038,0.60431,0.60175,0.60381,11800
2026-02-13T14:00:00.000Z,0.60374,0.60505,0.60222,0.60443,20124
2026-02-13T18:00:00.000Z,0.60446,0.6049,0.60354,0.60397,6263
2026-02-15T22:00:00.000Z,0.60237,0.604,0.60191,0.60385,4703
2026-02-16T02:00:00.000Z,0.60384,0.60402,0.60275,0.60354,4068
2026-02-16T06:00:00.000Z,0.60355,0.60481,0.60349,0.60398,5702
2026-02-16T10:00:00.000Z,0.60396,0.60459,0.60372,0.60391,5141
2026-02-16T14:00:00.000Z,0.60392,0.60429,0.60298,0.60316,5970
2026-02-16T18:00:00.000Z,0.60317,0.60357,0.60316,0.60331,1480
2026-02-16T22:00:00.000Z,0.60303,0.60332,0.6022,0.60237,3551
2026-02-17T02:00:00.000Z,0.60233,0.60368,0.60189,0.60317,5140
2026-02-17T06:00:00.000Z,0.60318,0.60422,0.60233,0.60419,7477
2026-02-17T10:00:00.000Z,0.60418,0.60498,0.60207,0.60236,9399
2026-02-17T14:00:00.000Z,0.60237,0.60341,0.60041,0.60307,19662
2026-02-17T18:00:00.000Z,0.60308,0.60505,0.60296,0.60487,6148
2026-02-17T22:00:00.000Z,0.60457,0.60526,0.60098,0.60184,4519
2026-02-18T02:00:00.000Z,0.60185,0.60185,0.59954,0.59978,4243
2026-02-18T06:00:00.000Z,0.59979,0.60137,0.59892,0.60107,6567
2026-02-18T10:00:00.000Z,0.60107,0.60132,0.5987,0.59871,6840
2026-02-18T14:00:00.000Z,0.59873,0.59984,0.59768,0.59832,11675
2026-02-18T18:00:00.000Z,0.59833,0.5987,0.59613,0.59654,7422
2026-02-18T22:00:00.000Z,0.59608,0.59755,0.59577,0.59736,3426
2026-02-19T02:00:00.000Z,0.59736,0.59786,0.59645,0.59701,4264
2026-02-19T06:00:00.000Z,0.59702,0.59902,0.59686,0.59751,6629
2026-02-19T10:00:00.000Z,0.5975,0.59777,0.59562,0.5966,8324
2026-02-19T14:00:00.000Z,0.59659,0.598,0.59455,0.59674,16086
2026-02-19T18:00:00.000Z,0.59673,0.59753,0.59621,0.59728,6980
2026-02-19T22:00:00.000Z,0.59687,0.59749,0.59437,0.59511,4222
2026-02-20T02:00:00.000Z,0.59512,0.59567,0.59376,0.59531,5773
2026-02-20T06:00:00.000Z,0.5953,0.59645,0.5944,0.59576,7858
2026-02-20T10:00:00.000Z,0.59581,0.59599,0.5945,0.59533,8719
2026-02-20T14:00:00.000Z,0.59531,0.5985,0.59447,0.59702,24347
2026-02-20T18:00:00.000Z,0.59701,0.59838,0.5966,0.59756,10377
2026-02-22T22:00:00.000Z,0.59738,0.60032,0.59714,0.59893,8621
2026-02-23T02:00:00.000Z,0.59894,0.59909,0.59793,0.59841,5807
2026-02-23T06:00:00.000Z,0.59842,0.59901,0.59751,0.59799,7452
2026-02-23T10:00:00.000Z,0.59799,0.59801,0.59569,0.59698,7419
2026-02-23T14:00:00.000Z,0.597,0.59786,0.59551,0.59618,15736
2026-02-23T18:00:00.000Z,0.59617,0.5966,0.59514,0.5955,6350
2026-02-23T22:00:00.000Z,0.59467,0.59627,0.59467,0.59587,5183
2026-02-24T02:00:00.000Z,0.59586,0.59711,0.59557,0.59622,4603
2026-02-24T06:00:00.000Z,0.59623,0.5971,0.59562,0.59673,8298
2026-02-24T10:00:00.000Z,0.59673,0.59688,0.59468,0.5948,7149
2026-02-24T14:00:00.000Z,0.59481,0.59738,0.59423,0.59696,12207
2026-02-24T18:00:00.000Z,0.59695,0.59733,0.59635,0.5966,4801
2026-02-24T22:00:00.000Z,0.59575,0.5976,0.59562,0.59693,4519
2026-02-25T02:00:00.000Z,0.59692,0.59855,0.59687,0.59831,7262
2026-02-25T06:00:00.000Z,0.5983,0.59915,0.59714,0.59715,7755
2026-02-25T10:00:00.000Z,0.59716,0.59791,0.59593,0.59684,6662
2026-02-25T14:00:00.000Z,0.59683,0.59999,0.59672,0.59943,10165
2026-02-25T18:00:00.000Z,0.59942,0.60023,0.59941,0.60007,3978
2026-02-25T22:00:00.000Z,0.5994,0.60116,0.59912,0.60104,4210
2026-02-26T02:00:00.000Z,0.60103,0.60126,0.59973,0.60085,4927
2026-02-26T06:00:00.000Z,0.60086,0.60096,0.59852,0.59877,8035
2026-02-26T10:00:00.000Z,0.59878,0.59949,0.59807,0.59843,6326
2026-02-26T14:00:00.000Z,0.5984,0.59874,0.59571,0.59597,16315
2026-02-26T18:00:00.000Z,0.59595,0.59868,0.59573,0.59797,6443
2026-02-26T22:00:00.000Z,0.5976,0.59839,0.59671,0.59776,5894
2026-02-27T02:00:00.000Z,0.59778,0.59946,0.59768,0.59895,5462
2026-02-27T06:00:00.000Z,0.59892,0.59937,0.59841,0.59871,7943
2026-02-27T10:00:00.000Z,0.59872,0.5988,0.59703,0.59762,9266
2026-02-27T14:00:00.000Z,0.59763,0.60046,0.59749,0.59978,16157
2026-02-27T18:00:00.000Z,0.59979,0.60024,0.59919,0.59951,6266
2026-03-01T22:00:00.000Z,0.59476,0.5991,0.59464,0.59876,14316
2026-03-02T02:00:00.000Z,0.59874,0.59945,0.5959,0.59593,9585
2026-03-02T06:00:00.000Z,0.59592,0.59609,0.59281,0.59532,15639
2026-03-02T10:00:00.000Z,0.59531,0.59673,0.59335,0.59345,13424
2026-03-02T14:00:00.000Z,0.59343,0.59529,0.5916,0.59402,20338
2026-03-02T18:00:00.000Z,0.59401,0.59567,0.59295,0.59413,10637
2026-03-02T22:00:00.000Z,0.59381,0.59553,0.59261,0.59449,6713
2026-03-03T02:00:00.000Z,0.59448,0.59498,0.59248,0.59272,10418
2026-03-03T06:00:00.000Z,0.59275,0.5932,0.58858,0.58888,17307
2026-03-03T10:00:00.000Z,0.58889,0.59031,0.5863,0.58876,22702
2026-03-03T14:00:00.000Z,0.58877,0.58937,0.58357,0.5877,32602
2026-03-03T18:00:00.000Z,0.5877,0.59068,0.58767,0.58883,15383
2026-03-03T22:00:00.000Z,0.58878,0.58958,0.5861,0.58773,11267
2026-03-04T02:00:00.000Z,0.58774,0.59053,0.58742,0.58934,16017
2026-03-04T06:00:00.000Z,0.58933,0.59148,0.58856,0.59094,15616
2026-03-04T10:00:00.000Z,0.59093,0.5933,0.5905,0.59104,18745
2026-03-04T14:00:00.000Z,0.59097,0.5936,0.59006,0.59298,21497
2026-03-04T18:00:00.000Z,0.59296,0.59421,0.59257,0.59405,7169
2026-03-04T22:00:00.000Z,0.59371,0.59483,0.59311,0.59321,6960
2026-03-05T02:00:00.000Z,0.59322,0.59409,0.59146,0.59148,10372
2026-03-05T06:00:00.000Z,0.59149,0.59457,0.59019,0.59207,18259
2026-03-05T10:00:00.000Z,0.59206,0.5932,0.59062,0.59085,14587
2026-03-05T14:00:00.000Z,0.59081,0.59172,0.58741,0.58796,25449
2026-03-05T18:00:00.000Z,0.58793,0.59019,0.58728,0.58955,14777
2026-03-05T22:00:00.000Z,0.5898,0.59129,0.58859,0.59093,6074
2026-03-06T02:00:00.000Z,0.59094,0.59145,0.59009,0.59012,7100
2026-03-06T06:00:00.000Z,0.59013,0.59154,0.58707,0.5872,12290
2026-03-06T10:00:00.000Z,0.58721,0.58899,0.58575,0.58598,20411
2026-03-06T14:00:00.000Z,0.58595,0.59073,0.5859,0.58929,28931
2026-03-06T18:00:00.000Z,0.5893,0.59101,0.58922,0.58979,14378
2026-03-08T21:00:00.000Z,0.5862,0.58753,0.58482,0.58553,12923
2026-03-09T01:00:00.000Z,0.58552,0.58796,0.58501,0.58703,17259
2026-03-09T05:00:00.000Z,0.58702,0.58976,0.58674,0.58873,21077
2026-03-09T09:00:00.000Z,0.58877,0.59157,0.58838,0.58994,20846
2026-03-09T13:00:00.000Z,0.58995,0.59283,0.58936,0.59235,26345
2026-03-09T17:00:00.000Z,0.59234,0.59349,0.59117,0.59315,13852
2026-03-09T21:00:00.000Z,0.59297,0.5939,0.59229,0.5926,7515
2026-03-10T01:00:00.000Z,0.59254,0.59274,0.59073,0.59102,13245
2026-03-10T05:00:00.000Z,0.59101,0.59437,0.59096,0.59243,12501
2026-03-10T09:00:00.000Z,0.5924,0.59453,0.59235,0.59376,15591
2026-03-10T13:00:00.000Z,0.59377,0.5962,0.59297,0.59522,19703
2026-03-10T17:00:00.000Z,0.59519,0.59642,0.59252,0.59278,17481
2026-03-10T21:00:00.000Z,0.59266,0.5935,0.59207,0.59274,4793
2026-03-11T01:00:00.000Z,0.59275,0.59479,0.59246,0.59461,8624
2026-03-11T05:00:00.000Z,0.59462,0.5948,0.59215,0.59274,11938
2026-03-11T09:00:00.000Z,0.59273,0.59332,0.59091,0.59141,15886
2026-03-11T13:00:00.000Z,0.59135,0.59406,0.59053,0.59154,22070
2026-03-11T17:00:00.000Z,0.59155,0.59198,0.59047,0.59134,9097
2026-03-11T21:00:00.000Z,0.59114,0.59221,0.58916,0.59049,5988
2026-03-12T01:00:00.000Z,0.59048,0.59136,0.58947,0.58992,8390
2026-03-12T05:00:00.000Z,0.58993,0.59113,0.5895,0.59014,10330
2026-03-12T09:00:00.000Z,0.59015,0.59113,0.58912,0.58933,10916
2026-03-12T13:00:00.000Z,0.58935,0.58979,0.58547,0.58588,23619
2026-03-12T17:00:00.000Z,0.58587,0.58653,0.58506,0.58531,10057
2026-03-12T21:00:00.000Z,0.58526,0.58588,0.58476,0.58538,4027
2026-03-13T01:00:00.000Z,0.58537,0.58619,0.58298,0.58299,6663
2026-03-13T05:00:00.000Z,0.58302,0.58332,0.58029,0.58177,9644
2026-03-13T09:00:00.000Z,0.58177,0.58391,0.58164,0.58348,13490
2026-03-13T13:00:00.000Z,0.58349,0.58403,0.57993,0.58003,20280
2026-03-13T17:00:00.000Z,0.58006,0.58056,0.57738,0.57747,9215
2026-03-15T21:00:00.000Z,0.57857,0.58067,0.57728,0.58036,7122
2026-03-16T01:00:00.000Z,0.58037,0.5815,0.57946,0.58049,7290
2026-03-16T05:00:00.000Z,0.58048,0.58174,0.57988,0.5817,8304
2026-03-16T09:00:00.000Z,0.58169,0.58483,0.58131,0.58408,10345
2026-03-16T13:00:00.000Z,0.58413,0.58581,0.58382,0.5844,14103
2026-03-16T17:00:00.000Z,0.58444,0.58689,0.58444,0.58611,8396
2026-03-16T21:00:00.000Z,0.58589,0.5859,0.58429,0.58451,3266
2026-03-17T01:00:00.000Z,0.58452,0.58538,0.5841,0.58414,7025
2026-03-17T05:00:00.000Z,0.58413,0.58414,0.58167,0.58377,9744
2026-03-17T09:00:00.000Z,0.58376,0.58507,0.58353,0.58506,9024
2026-03-17T13:00:00.000Z,0.58506,0.5865,0.58461,0.5859,14518
2026-03-17T17:00:00.000Z,0.58589,0.58685,0.58551,0.58577,4998
2026-03-17T21:00:00.000Z,0.58373,0.58627,0.58373,0.58583,4116
2026-03-18T01:00:00.000Z,0.58586,0.5866,0.58527,0.58622,4715
2026-03-18T05:00:00.000Z,0.58622,0.58723,0.58528,0.58614,5750
2026-03-18T09:00:00.000Z,0.58614,0.5864,0.5821,0.58216,11669
2026-03-18T13:00:00.000Z,0.58224,0.58506,0.58129,0.584,17992
2026-03-18T17:00:00.000Z,0.58401,0.5849,0.57882,0.57937,12725
2026-03-18T21:00:00.000Z,0.5799,0.58182,0.57848,0.58165,6174
2026-03-19T01:00:00.000Z,0.58167,0.58276,0.58087,0.58174,7651
2026-03-19T05:00:00.000Z,0.58175,0.5822,0.58039,0.58125,11671
2026-03-19T09:00:00.000Z,0.58124,0.58266,0.57979,0.58068,17417
2026-03-19T13:00:00.000Z,0.58066,0.58501,0.57994,0.58383,29221
2026-03-19T17:00:00.000Z,0.58384,0.58924,0.5835,0.58723,15228
2026-03-19T21:00:00.000Z,0.58769,0.58832,0.58656,0.58827,4357
2026-03-20T01:00:00.000Z,0.58835,0.58911,0.58786,0.58805,7878
2026-03-20T05:00:00.000Z,0.58806,0.58917,0.58715,0.58818,9043
2026-03-20T09:00:00.000Z,0.58819,0.58828,0.58523,0.58655,15520
2026-03-20T13:00:00.000Z,0.58657,0.58668,0.58297,0.58419,22919
2026-03-20T17:00:00.000Z,0.58421,0.58448,0.58177,0.58284,14485
2026-03-22T21:00:00.000Z,0.58136,0.5838,0.58092,0.58226,8705
2026-03-23T01:00:00.000Z,0.58228,0.58335,0.58091,0.58119,14143
2026-03-23T05:00:00.000Z,0.5812,0.58129,0.57891,0.57965,14696
2026-03-23T09:00:00.000Z,0.57966,0.58542,0.57619,0.58517,33688
2026-03-23T13:00:00.000Z,0.58518,0.58871,0.58305,0.58511,37484
2026-03-23T17:00:00.000Z,0.58513,0.58813,0.58492,0.58581,13875
2026-03-23T21:00:00.000Z,0.58519,0.5869,0.58317,0.58434,8481
2026-03-24T01:00:00.000Z,0.58433,0.58458,0.58255,0.58293,12282
2026-03-24T05:00:00.000Z,0.58295,0.58606,0.5821,0.58231,16969
2026-03-24T09:00:00.000Z,0.58232,0.58407,0.58153,0.58246,16711
2026-03-24T13:00:00.000Z,0.58245,0.5841,0.58116,0.58143,26403
2026-03-24T17:00:00.000Z,0.58142,0.58511,0.57933,0.58351,18248
2026-03-24T21:00:00.000Z,0.58346,0.58432,0.58281,0.58389,7475
2026-03-25T01:00:00.000Z,0.58384,0.5843,0.58152,0.5816,8264
2026-03-25T05:00:00.000Z,0.58161,0.58323,0.58077,0.58281,11277
2026-03-25T09:00:00.000Z,0.5828,0.58309,0.58098,0.58169,14166
2026-03-25T13:00:00.000Z,0.58173,0.58233,0.58038,0.5817,19983
2026-03-25T17:00:00.000Z,0.58169,0.58258,0.58037,0.58049,8258
2026-03-25T21:00:00.000Z,0.58042,0.58106,0.57953,0.57999,3221
2026-03-26T01:00:00.000Z,0.57998,0.58086,0.57947,0.58067,6325
2026-03-26T05:00:00.000Z,0.58068,0.58073,0.57817,0.5787,10022
2026-03-26T09:00:00.000Z,0.57871,0.57924,0.57709,0.57771,10797
2026-03-26T13:00:00.000Z,0.57776,0.57932,0.57654,0.57677,19013
2026-03-26T17:00:00.000Z,0.57677,0.57822,0.575,0.57607,10106
2026-03-26T21:00:00.000Z,0.57583,0.57863,0.57521,0.57563,5247
2026-03-27T01:00:00.000Z,0.57562,0.5775,0.57525,0.57743,6401
2026-03-27T05:00:00.000Z,0.57741,0.57776,0.57623,0.57666,9031
2026-03-27T09:00:00.000Z,0.57668,0.57747,0.5749,0.57534,10959
2026-03-27T13:00:00.000Z,0.57537,0.57682,0.57495,0.57522,17332
2026-03-27T17:00:00.000Z,0.57521,0.57581,0.57377,0.57465,8101
2026-03-29T21:00:00.000Z,0.5744,0.57454,0.57233,0.57316,8533
2026-03-30T01:00:00.000Z,0.57317,0.57413,0.57253,0.57353,8120
2026-03-30T05:00:00.000Z,0.57354,0.57492,0.57215,0.57224,9181
2026-03-30T09:00:00.000Z,0.57227,0.57302,0.5715,0.57233,10269
2026-03-30T13:00:00.000Z,0.57234,0.57262,0.56993,0.57171,15062
2026-03-30T17:00:00.000Z,0.57172,0.57211,0.57105,0.57184,6836
2026-03-30T21:00:00.000Z,0.57166,0.57282,0.5706,0.57221,6084
2026-03-31T01:00:00.000Z,0.57219,0.57351,0.57081,0.57082,10075
2026-03-31T05:00:00.000Z,0.5708,0.57183,0.57039,0.57141,10334
2026-03-31T09:00:00.000Z,0.5714,0.57331,0.56998,0.57232,13026
2026-03-31T13:00:00.000Z,0.57233,0.57381,0.56976,0.57291,21859
2026-03-31T17:00:00.000Z,0.57292,0.57483,0.5728,0.57458,13177
2026-03-31T21:00:00.000Z,0.57401,0.57592,0.57373,0.57536,4486
2026-04-01T01:00:00.000Z,0.57538,0.57541,0.57304,0.57372,7399
2026-04-01T05:00:00.000Z,0.57373,0.57729,0.57366,0.5764,14300
2026-04-01T09:00:00.000Z,0.57641,0.57773,0.57593,0.5762,13220
2026-04-01T13:00:00.000Z,0.57623,0.57731,0.57562,0.57727,18050
2026-04-01T17:00:00.000Z,0.57726,0.57758,0.57424,0.57534,9549
2026-04-01T21:00:00.000Z,0.57505,0.57562,0.57441,0.5755,4462
2026-04-02T01:00:00.000Z,0.57551,0.57586,0.57062,0.57096,16942
2026-04-02T05:00:00.000Z,0.57097,0.57168,0.56995,0.57108,10239
2026-04-02T09:00:00.000Z,0.57107,0.57157,0.57002,0.57111,10011
2026-04-02T13:00:00.000Z,0.57116,0.57359,0.57065,0.57227,21263
2026-04-02T17:00:00.000Z,0.57226,0.57264,0.57134,0.57169,6976
2026-04-02T21:00:00.000Z,0.57059,0.57201,0.56987,0.57166,1398
2026-04-03T01:00:00.000Z,0.57165,0.57171,0.57071,0.57078,1683
2026-04-03T05:00:00.000Z,0.57079,0.57128,0.57036,0.57062,2777
2026-04-03T09:00:00.000Z,0.57061,0.57123,0.56956,0.5703,4061
2026-04-03T13:00:00.000Z,0.57029,0.57084,0.56927,0.56932,4645
2026-04-03T17:00:00.000Z,0.56932,0.57219,0.56792,0.56824,2151
2026-04-05T21:00:00.000Z,0.5686,0.56942,0.5681,0.56939,5167
2026-04-06T01:00:00.000Z,0.56942,0.57062,0.56884,0.57032,7470
2026-04-06T05:00:00.000Z,0.57033,0.57266,0.57004,0.57236,7325
2026-04-06T09:00:00.000Z,0.57238,0.57261,0.57141,0.57209,7958
2026-04-06T13:00:00.000Z,0.57208,0.57295,0.57107,0.57144,12748
2026-04-06T17:00:00.000Z,0.57145,0.57187,0.57056,0.57115,6366
2026-04-06T21:00:00.000Z,0.57119,0.57164,0.57047,0.57049,4703
2026-04-07T01:00:00.000Z,0.5705,0.57089,0.56891,0.57023,8351
2026-04-07T05:00:00.000Z,0.57024,0.57221,0.56956,0.57198,10316
2026-04-07T09:00:00.000Z,0.57197,0.57213,0.56985,0.57017,13830
2026-04-07T13:00:00.000Z,0.57022,0.57141,0.5694,0.57069,17231
2026-04-07T17:00:00.000Z,0.5707,0.57324,0.5704,0.57312,11579
2026-04-07T21:00:00.000Z,0.57238,0.58183,0.57062,0.57874,17467
2026-04-08T01:00:00.000Z,0.57875,0.58342,0.57866,0.58328,14390
2026-04-08T05:00:00.000Z,0.58329,0.58499,0.58117,0.5817,15881
2026-04-08T09:00:00.000Z,0.58169,0.58539,0.58131,0.58516,13176
2026-04-08T13:00:00.000Z,0.58515,0.58588,0.58294,0.58359,17948
2026-04-08T17:00:00.000Z,0.5836,0.58377,0.58095,0.58218,10024
2026-04-08T21:00:00.000Z,0.58231,0.58273,0.58134,0.58239,4028
2026-04-09T01:00:00.000Z,0.58238,0.58376,0.5822,0.58329,6502
2026-04-09T05:00:00.000Z,0.5833,0.58382,0.58257,0.58291,8936
2026-04-09T09:00:00.000Z,0.5829,0.58413,0.58257,0.58358,8642
2026-04-09T13:00:00.000Z,0.5836,0.58733,0.58352,0.58666,14000
2026-04-09T17:00:00.000Z,0.58667,0.58732,0.58531,0.58584,7246
2026-04-09T21:00:00.000Z,0.58589,0.58627,0.58459,0.58498,3646
2026-04-10T01:00:00.000Z,0.58497,0.58549,0.58449,0.58464,5446
2026-04-10T05:00:00.000Z,0.58464,0.58508,0.58322,0.58348,7386
2026-04-10T09:00:00.000Z,0.58351,0.58563,0.58335,0.58512,9302
2026-04-10T13:00:00.000Z,0.5851,0.58687,0.58327,0.58382,12891
2026-04-10T17:00:00.000Z,0.5838,0.58478,0.58353,0.58403,6020
2026-04-12T21:00:00.000Z,0.57897,0.58179,0.57889,0.58179,7636
2026-04-13T01:00:00.000Z,0.5818,0.58274,0.58149,0.58249,6184
2026-04-13T05:00:00.000Z,0.5825,0.58411,0.58221,0.58301,8655
2026-04-13T09:00:00.000Z,0.58302,0.58358,0.5815,0.58262,8217
2026-04-13T13:00:00.000Z,0.58262,0.58599,0.58242,0.58574,15279
2026-04-13T17:00:00.000Z,0.58574,0.58732,0.58573,0.58667,5314
2026-04-13T21:00:00.000Z,0.58582,0.58729,0.58582,0.58661,3549
2026-04-14T01:00:00.000Z,0.5866,0.58719,0.58566,0.58716,4480
2026-04-14T05:00:00.000Z,0.58717,0.58938,0.58675,0.58925,9097
2026-04-14T09:00:00.000Z,0.58926,0.59102,0.58885,0.591,10386
2026-04-14T13:00:00.000Z,0.59096,0.59197,0.59028,0.59053,11925
2026-04-14T17:00:00.000Z,0.59054,0.59098,0.59003,0.59006,4649
2026-04-14T21:00:00.000Z,0.59011,0.5906,0.58955,0.59009,4389
2026-04-15T01:00:00.000Z,0.59008,0.59035,0.58924,0.59005,6046
2026-04-15T05:00:00.000Z,0.59006,0.59089,0.58991,0.59058,9484
2026-04-15T09:00:00.000Z,0.59059,0.59077,0.58917,0.5896,11545
2026-04-15T13:00:00.000Z,0.58959,0.59133,0.58916,0.59121,13078
2026-04-15T17:00:00.000Z,0.59121,0.59191,0.59063,0.59128,5958
2026-04-15T21:00:00.000Z,0.59053,0.59166,0.59016,0.59126,3253
2026-04-16T01:00:00.000Z,0.59124,0.59218,0.59036,0.59139,6438
2026-04-16T05:00:00.000Z,0.59138,0.59156,0.58932,0.58946,10403
2026-04-16T09:00:00.000Z,0.58942,0.58966,0.58857,0.58903,8908
2026-04-16T13:00:00.000Z,0.58904,0.58985,0.58826,0.58863,15241
2026-04-16T17:00:00.000Z,0.58864,0.58914,0.5882,0.58896,6756
2026-04-16T21:00:00.000Z,0.58923,0.58941,0.58824,0.58863,3664
2026-04-17T01:00:00.000Z,0.58862,0.5888,0.58797,0.58877,4706
2026-04-17T05:00:00.000Z,0.58876,0.58938,0.58801,0.58928,8190
2026-04-17T09:00:00.000Z,0.58927,0.59206,0.58804,0.59204,10492
2026-04-17T13:00:00.000Z,0.59205,0.5929,0.59031,0.59068,21009
2026-04-17T17:00:00.000Z,0.59067,0.59067,0.588,0.58807,10404
2026-04-19T21:00:00.000Z,0.58501,0.58781,0.58484,0.58755,6967
2026-04-20T01:00:00.000Z,0.58756,0.58827,0.58734,0.58784,6438
2026-04-20T05:00:00.000Z,0.58784,0.58792,0.58629,0.587,10785
2026-04-20T09:00:00.000Z,0.58699,0.58845,0.58698,0.58787,9005
2026-04-20T13:00:00.000Z,0.58789,0.58954,0.58752,0.58899,15797
2026-04-20T17:00:00.000Z,0.58899,0.58935,0.58871,0.5891,5473
2026-04-20T21:00:00.000Z,0.58687,0.5916,0.58683,0.59129,5359
2026-04-21T01:00:00.000Z,0.5913,0.59204,0.58992,0.59052,5524
2026-04-21T05:00:00.000Z,0.59053,0.59154,0.58959,0.59032,9221
2026-04-21T09:00:00.000Z,0.59032,0.59125,0.58983,0.5904,9316
2026-04-21T13:00:00.000Z,0.59043,0.59195,0.5893,0.58932,15231
2026-04-21T17:00:00.000Z,0.58931,0.59057,0.5872,0.58933,17952
2026-04-21T21:00:00.000Z,0.5895,0.59071,0.58821,0.5905,4571
2026-04-22T01:00:00.000Z,0.59049,0.59088,0.59006,0.59047,6322
2026-04-22T05:00:00.000Z,0.59048,0.59224,0.59043,0.59167,9147
2026-04-22T09:00:00.000Z,0.59166,0.59183,0.58984,0.58996,9118
2026-04-22T13:00:00.000Z,0.58997,0.59208,0.5898,0.59052,13303
2026-04-22T17:00:00.000Z,0.59051,0.59104,0.59021,0.59039,6419
2026-04-22T21:00:00.000Z,0.59111,0.59111,0.58873,0.59067,7478
2026-04-23T01:00:00.000Z,0.59066,0.59075,0.5876,0.58856,9549
2026-04-23T05:00:00.000Z,0.58857,0.58927,0.5884,0.58863,8182
2026-04-23T09:00:00.000Z,0.58862,0.58888,0.5872,0.58769,11733
2026-04-23T13:00:00.000Z,0.58769,0.58863,0.58681,0.58746,13889
2026-04-23T17:00:00.000Z,0.58747,0.5876,0.58401,0.58525,16235
2026-04-23T21:00:00.000Z,0.5861,0.58611,0.58442,0.58576,4471
2026-04-24T01:00:00.000Z,0.58578,0.58611,0.58398,0.58528,8184
2026-04-24T05:00:00.000Z,0.58528,0.58613,0.58451,0.58567,8598
2026-04-24T09:00:00.000Z,0.58568,0.58778,0.58545,0.58694,11447
2026-04-24T13:00:00.000Z,0.58695,0.58805,0.58616,0.5879,15879
2026-04-24T17:00:00.000Z,0.58791,0.5883,0.58756,0.58815,5505
2026-04-26T21:00:00.000Z,0.58563,0.58826,0.58555,0.5882,4292
2026-04-27T01:00:00.000Z,0.58824,0.5895,0.58824,0.58873,7137
2026-04-27T05:00:00.000Z,0.58874,0.59137,0.58788,0.5911,8004
2026-04-27T09:00:00.000Z,0.5911,0.59216,0.59077,0.5916,7088
2026-04-27T13:00:00.000Z,0.59158,0.59237,0.59089,0.59135,12372
2026-04-27T17:00:00.000Z,0.59133,0.59167,0.59072,0.59084,4610
2026-04-27T21:00:00.000Z,0.59042,0.59175,0.58937,0.59119,4659
2026-04-28T01:00:00.000Z,0.5912,0.59123,0.58958,0.5899,7420
2026-04-28T05:00:00.000Z,0.58991,0.59001,0.58818,0.58905,11031
2026-04-28T09:00:00.000Z,0.58904,0.58911,0.58655,0.58776,12269
2026-04-28T13:00:00.000Z,0.58776,0.58899,0.58707,0.58849,16255
2026-04-28T17:00:00.000Z,0.5885,0.58886,0.58811,0.5885,5091
2026-04-28T21:00:00.000Z,0.58746,0.58917,0.5873,0.58877,3880
2026-04-29T01:00:00.000Z,0.58876,0.58905,0.58561,0.58626,9662
2026-04-29T05:00:00.000Z,0.58627,0.58694,0.58573,0.58583,9369
2026-04-29T09:00:00.000Z,0.58584,0.58611,0.58517,0.58518,9170
2026-04-29T13:00:00.000Z,0.58518,0.58559,0.58286,0.58338,16570
2026-04-29T17:00:00.000Z,0.58339,0.58393,0.58149,0.58291,13208
2026-04-29T21:00:00.000Z,0.58323,0.58455,0.58153,0.58376,6106
2026-04-30T01:00:00.000Z,0.58373,0.58373,0.58247,0.58264,11387
2026-04-30T05:00:00.000Z,0.58265,0.58473,0.58209,0.58392,13434
2026-04-30T09:00:00.000Z,0.58391,0.58768,0.58358,0.5867,20106
2026-04-30T13:00:00.000Z,0.5867,0.58952,0.5864,0.58907,21433
2026-04-30T17:00:00.000Z,0.58908,0.59102,0.58881,0.59089,8191
2026-04-30T21:00:00.000Z,0.59011,0.5908,0.58978,0.59043,4740
2026-05-01T01:00:00.000Z,0.59044,0.59087,0.58933,0.58935,5917
2026-05-01T05:00:00.000Z,0.58934,0.58999,0.58867,0.58963,9851
2026-05-01T09:00:00.000Z,0.58965,0.59067,0.58878,0.59008,9226
2026-05-01T13:00:00.000Z,0.59005,0.59246,0.58971,0.59099,15489
2026-05-01T17:00:00.000Z,0.59098,0.59112,0.58966,0.5898,6241
2026-05-03T21:00:00.000Z,0.58909,0.59128,0.58895,0.5904,4969
2026-05-04T01:00:00.000Z,0.59041,0.59262,0.58987,0.59185,8928
2026-05-04T05:00:00.000Z,0.59184,0.59202,0.5894,0.59003,9551
2026-05-04T09:00:00.000Z,0.59005,0.59037,0.58737,0.58922,14402
2026-05-04T13:00:00.000Z,0.58923,0.58983,0.58602,0.58645,18956
2026-05-04T17:00:00.000Z,0.58646,0.5878,0.58645,0.58714,8556
2026-05-04T21:00:00.000Z,0.58717,0.58735,0.58616,0.58626,3606
2026-05-05T01:00:00.000Z,0.58627,0.58702,0.58572,0.58577,6164
2026-05-05T05:00:00.000Z,0.58573,0.58839,0.58565,0.58788,10079
2026-05-05T09:00:00.000Z,0.58787,0.58909,0.58745,0.58828,9836
2026-05-05T13:00:00.000Z,0.58827,0.59055,0.58802,0.58915,12009
2026-05-05T17:00:00.000Z,0.58916,0.58949,0.58843,0.58859,4261
2026-05-05T21:00:00.000Z,0.58861,0.59194,0.58632,0.59194,8735
2026-05-06T01:00:00.000Z,0.59194,0.5952,0.59171,0.59472,12011
2026-05-06T05:00:00.000Z,0.59467,0.59762,0.59403,0.59699,13410
2026-05-06T09:00:00.000Z,0.59696,0.59909,0.59579,0.59603,18613
2026-05-06T13:00:00.000Z,0.596,0.59694,0.59466,0.59489,16965
2026-05-06T17:00:00.000Z,0.59487,0.59602,0.59474,0.5953,5892
2026-05-06T21:00:00.000Z,0.59549,0.59584,0.59438,0.59543,5884
2026-05-07T01:00:00.000Z,0.59542,0.59655,0.59501,0.59613,7641
2026-05-07T05:00:00.000Z,0.59614,0.59793,0.59539,0.59752,10443
2026-05-07T09:00:00.000Z,0.59751,0.5983,0.59702,0.59784,9297
2026-05-07T13:00:00.000Z,0.5978,0.59806,0.5956,0.59601,15410
2026-05-07T17:00:00.000Z,0.59602,0.59623,0.59381,0.59411,13508
2026-05-07T21:00:00.000Z,0.59383,0.59416,0.59316,0.5938,5651
2026-05-08T01:00:00.000Z,0.59381,0.59457,0.59301,0.59437,9562
2026-05-08T05:00:00.000Z,0.59438,0.59649,0.59428,0.59621,10935
2026-05-08T09:00:00.000Z,0.59624,0.59686,0.5941,0.59585,10010
2026-05-08T13:00:00.000Z,0.59583,0.59655,0.59486,0.59574,14294
2026-05-08T17:00:00.000Z,0.59573,0.59651,0.59567,0.59649,6520
2026-05-10T21:00:00.000Z,0.59338,0.59563,0.59338,0.59559,5539
2026-05-11T01:00:00.000Z,0.59557,0.59572,0.59397,0.59404,7808
2026-05-11T05:00:00.000Z,0.59405,0.59558,0.59384,0.59491,9101
2026-05-11T09:00:00.000Z,0.59489,0.5953,0.59427,0.59516,8525
2026-05-11T13:00:00.000Z,0.59515,0.59688,0.59512,0.59626,12214
2026-05-11T17:00:00.000Z,0.59627,0.59665,0.59572,0.5962,6086
2026-05-11T21:00:00.000Z,0.59541,0.59687,0.59458,0.59552,4909
2026-05-12T01:00:00.000Z,0.59549,0.59617,0.59472,0.5956,8869
2026-05-12T05:00:00.000Z,0.59558,0.59583,0.59372,0.59444,12377
2026-05-12T09:00:00.000Z,0.59443,0.59582,0.59381,0.59568,10983
2026-05-12T13:00:00.000Z,0.59568,0.59575,0.59339,0.59373,16487
2026-05-12T17:00:00.000Z,0.59374,0.59553,0.59372,0.5952,6742
2026-05-12T21:00:00.000Z,0.5952,0.59555,0.59387,0.59553,5324
2026-05-13T01:00:00.000Z,0.59552,0.59658,0.59378,0.59392,8966
2026-05-13T05:00:00.000Z,0.59392,0.5945,0.59285,0.59295,9734
2026-05-13T09:00:00.000Z,0.59294,0.59333,0.59197,0.59235,10612
2026-05-13T13:00:00.000Z,0.59234,0.59424,0.59212,0.59359,13642
2026-05-13T17:00:00.000Z,0.59361,0.59378,0.59284,0.5936,6697
2026-05-13T21:00:00.000Z,0.59294,0.59375,0.59274,0.59314,4159
2026-05-14T01:00:00.000Z,0.59315,0.5935,0.59263,0.59325,8323
2026-05-14T05:00:00.000Z,0.59325,0.59418,0.59274,0.59391,9904
2026-05-14T09:00:00.000Z,0.59392,0.59407,0.59274,0.59284,9178
2026-05-14T13:00:00.000Z,0.59283,0.59299,0.59142,0.59183,12860
2026-05-14T17:00:00.000Z,0.59184,0.59215,0.59088,0.59109,7189
2026-05-14T21:00:00.000Z,0.59106,0.59136,0.58887,0.58916,4852
2026-05-15T01:00:00.000Z,0.58911,0.58928,0.58724,0.58729,11025
2026-05-15T05:00:00.000Z,0.58734,0.58736,0.58475,0.5849,15243
2026-05-15T09:00:00.000Z,0.58492,0.58668,0.58379,0.58445,14328
2026-05-15T13:00:00.000Z,0.58445,0.58516,0.58359,0.58441,17351
2026-05-15T17:00:00.000Z,0.5844,0.58495,0.58354,0.58367,9246
2026-05-17T21:00:00.000Z,0.5837,0.5842,0.58249,0.58262,10036
2026-05-18T01:00:00.000Z,0.58261,0.58419,0.58227,0.58364,12884
2026-05-18T05:00:00.000Z,0.58366,0.58625,0.58327,0.58606,12309
2026-05-18T09:00:00.000Z,0.58604,0.58811,0.58517,0.58774,12602
2026-05-18T13:00:00.000Z,0.58774,0.5881,0.58564,0.58708,20152
2026-05-18T17:00:00.000Z,0.58705,0.5882,0.58589,0.58745,11733
2026-05-18T21:00:00.000Z,0.58691,0.58788,0.58593,0.58598,6531
2026-05-19T01:00:00.000Z,0.58597,0.58626,0.58503,0.58514,11220
2026-05-19T05:00:00.000Z,0.58515,0.58597,0.58431,0.58454,12588
2026-05-19T09:00:00.000Z,0.58455,0.58484,0.58363,0.58406,12389
2026-05-19T13:00:00.000Z,0.58405,0.58406,0.58174,0.58367,19769
2026-05-19T17:00:00.000Z,0.58369,0.58411,0.58331,0.58345,8289
2026-05-19T21:00:00.000Z,0.58346,0.58398,0.58206,0.5821,6482
2026-05-20T01:00:00.000Z,0.58209,0.58384,0.58147,0.58279,13619
2026-05-20T05:00:00.000Z,0.5828,0.58421,0.58255,0.58387,12126
2026-05-20T09:00:00.000Z,0.58386,0.58508,0.58348,0.58409,8945
2026-05-20T13:00:00.000Z,0.58407,0.58876,0.58349,0.58707,21918
2026-05-20T17:00:00.000Z,0.58708,0.58775,0.58656,0.58699,10698
2026-05-20T21:00:00.000Z,0.58634,0.58704,0.58599,0.58628,5194
2026-05-21T01:00:00.000Z,0.58629,0.58743,0.58501,0.58631,10630
2026-05-21T05:00:00.000Z,0.58632,0.58733,0.58495,0.58651,14247
2026-05-21T09:00:00.000Z,0.58652,0.5874,0.58489,0.58533,16253
2026-05-21T13:00:00.000Z,0.58532,0.58635,0.58441,0.586,19005
2026-05-21T17:00:00.000Z,0.58601,0.58879,0.5858,0.58742,16348
2026-05-21T21:00:00.000Z,0.58702,0.58794,0.58647,0.58725,4572
2026-05-22T01:00:00.000Z,0.58724,0.58781,0.58692,0.58737,7101
2026-05-22T05:00:00.000Z,0.58736,0.58767,0.58583,0.58611,11645
2026-05-22T09:00:00.000Z,0.58611,0.58611,0.58499,0.58587,10690
2026-05-22T13:00:00.000Z,0.58592,0.58676,0.58444,0.58582,15896
2026-05-22T17:00:00.000Z,0.58581,0.58646,0.58459,0.58487,9670
2026-05-24T21:00:00.000Z,0.58713,0.58799,0.58644,0.58723,5609
2026-05-25T01:00:00.000Z,0.58722,0.58815,0.58684,0.58761,7416
2026-05-25T05:00:00.000Z,0.58762,0.58782,0.58621,0.58717,8244
2026-05-25T09:00:00.000Z,0.58718,0.58786,0.58672,0.58752,5560
2026-05-25T13:00:00.000Z,0.58751,0.58774,0.58688,0.58723,6267
2026-05-25T17:00:00.000Z,0.58723,0.5874,0.58712,0.58724,1878
2026-05-25T21:00:00.000Z,0.5869,0.58719,0.58551,0.5859,5706
2026-05-26T01:00:00.000Z,0.58591,0.58602,0.58475,0.58495,7111
2026-05-26T05:00:00.000Z,0.58494,0.58541,0.5843,0.58447,10071
2026-05-26T09:00:00.000Z,0.58446,0.58483,0.58394,0.58398,8831
2026-05-26T13:00:00.000Z,0.58399,0.58452,0.58328,0.58341,12561
2026-05-26T17:00:00.000Z,0.5834,0.58388,0.58316,0.58359,5589
2026-05-26T21:00:00.000Z,0.58348,0.58476,0.58343,0.58454,3844
2026-05-27T01:00:00.000Z,0.58452,0.58781,0.5837,0.58772,10052
2026-05-27T05:00:00.000Z,0.58772,0.58804,0.58679,0.58775,9870
2026-05-27T09:00:00.000Z,0.58772,0.59041,0.58762,0.58956,11525
2026-05-27T13:00:00.000Z,0.58953,0.59117,0.58892,0.58934,17154
2026-05-27T17:00:00.000Z,0.58935,0.59026,0.58862,0.59023,7015
2026-05-27T21:00:00.000Z,0.58946,0.59026,0.58898,0.59008,5390
2026-05-28T01:00:00.000Z,0.59009,0.59103,0.58639,0.58658,11772
2026-05-28T05:00:00.000Z,0.58659,0.58924,0.58659,0.58871,10598
2026-05-28T09:00:00.000Z,0.58872,0.59087,0.58847,0.59072,10285
2026-05-28T13:00:00.000Z,0.59074,0.59354,0.59009,0.5933,17097
2026-05-28T17:00:00.000Z,0.59329,0.59343,0.59269,0.5934,7047
2026-05-28T21:00:00.000Z,0.593,0.595,0.59245,0.59459,4937
2026-05-29T01:00:00.000Z,0.59459,0.59599,0.59451,0.59581,7762
2026-05-29T05:00:00.000Z,0.59582,0.59632,0.5954,0.596,9622
2026-05-29T09:00:00.000Z,0.59602,0.59799,0.596,0.59792,10081
2026-05-29T13:00:00.000Z,0.59793,0.5994,0.5978,0.59894,16531
2026-05-29T17:00:00.000Z,0.59895,0.59905,0.59803,0.59888,8185
2026-05-31T21:00:00.000Z,0.59626,0.59852,0.59618,0.59777,5872
2026-06-01T01:00:00.000Z,0.59778,0.59785,0.59646,0.59692,7040
2026-06-01T05:00:00.000Z,0.59693,0.59731,0.59623,0.59659,9207
2026-06-01T09:00:00.000Z,0.5966,0.59665,0.59498,0.59545,9308
2026-06-01T13:00:00.000Z,0.59546,0.59551,0.59101,0.59368,20720
2026-06-01T17:00:00.000Z,0.5937,0.59443,0.59315,0.5933,7065
2026-06-01T21:00:00.000Z,0.59215,0.59361,0.59178,0.59197,5999
2026-06-02T01:00:00.000Z,0.59196,0.59346,0.59178,0.59331,7492
2026-06-02T05:00:00.000Z,0.59332,0.59454,0.59282,0.5929,9110
2026-06-02T09:00:00.000Z,0.59291,0.59385,0.59231,0.59286,8179
2026-06-02T13:00:00.000Z,0.59287,0.59337,0.59207,0.59249,12323
2026-06-02T17:00:00.000Z,0.59249,0.59269,0.59182,0.59248,5065
2026-06-02T21:00:00.000Z,0.59299,0.5931,0.59183,0.59305,4941
2026-06-03T01:00:00.000Z,0.59307,0.5935,0.5912,0.59131,6484
2026-06-03T05:00:00.000Z,0.59132,0.59147,0.5893,0.58942,11338
2026-06-03T09:00:00.000Z,0.58943,0.59037,0.58816,0.58836,9986
2026-06-03T13:00:00.000Z,0.58836,0.58874,0.5861,0.58651,15988
2026-06-03T17:00:00.000Z,0.58653,0.58681,0.58574,0.58585,6590
2026-06-03T21:00:00.000Z,0.58577,0.58747,0.58568,0.58701,6346
2026-06-04T01:00:00.000Z,0.58698,0.58763,0.58651,0.58728,8357
2026-06-04T05:00:00.000Z,0.58729,0.58766,0.58621,0.58657,10573
2026-06-04T09:00:00.000Z,0.58658,0.58866,0.58655,0.58799,11804
2026-06-04T13:00:00.000Z,0.58798,0.58869,0.58744,0.58759,12868
2026-06-04T17:00:00.000Z,0.58758,0.58766,0.58657,0.58666,5183
2026-06-04T21:00:00.000Z,0.58622,0.58734,0.58613,0.58657,4575
2026-06-05T01:00:00.000Z,0.58656,0.58691,0.58508,0.58674,9401
2026-06-05T05:00:00.000Z,0.58676,0.58772,0.58594,0.58712,9860
2026-06-05T09:00:00.000Z,0.58711,0.58846,0.58429,0.58429,11803
2026-06-05T13:00:00.000Z,0.58427,0.58492,0.58003,0.58097,21933
2026-06-05T17:00:00.000Z,0.58096,0.581,0.57894,0.57941,13089
2026-06-07T21:00:00.000Z,0.57786,0.58071,0.57783,0.58062,6689
2026-06-08T01:00:00.000Z,0.58064,0.58079,0.57888,0.58016,14173
2026-06-08T05:00:00.000Z,0.58015,0.58088,0.57941,0.58023,16244
2026-06-08T09:00:00.000Z,0.58022,0.58368,0.57972,0.5829,14659
2026-06-08T13:00:00.000Z,0.58292,0.58326,0.58087,0.5814,19364
2026-06-08T17:00:00.000Z,0.5814,0.58174,0.58071,0.58081,10155
2026-06-08T21:00:00.000Z,0.58097,0.58106,0.57988,0.58042,5290
2026-06-09T01:00:00.000Z,0.58043,0.583,0.5804,0.58285,9767
2026-06-09T05:00:00.000Z,0.58285,0.58475,0.58214,0.58309,13131
2026-06-09T09:00:00.000Z,0.5831,0.58427,0.5828,0.58385,9461
2026-06-09T13:00:00.000Z,0.58389,0.58456,0.58001,0.58107,27060
2026-06-09T17:00:00.000Z,0.5811,0.58236,0.58101,0.58145,16737
2026-06-09T21:00:00.000Z,0.58162,0.58186,0.58017,0.58166,7433
2026-06-10T01:00:00.000Z,0.58167,0.58231,0.58132,0.5814,13527
2026-06-10T05:00:00.000Z,0.58139,0.58204,0.58059,0.581,14603
2026-06-10T09:00:00.000Z,0.58099,0.5825,0.58009,0.58128,18163
2026-06-10T13:00:00.000Z,0.58126,0.58324,0.58117,0.58201,26375
2026-06-10T17:00:00.000Z,0.58202,0.58226,0.57944,0.57948,14983
2026-06-10T21:00:00.000Z,0.57947,0.58007,0.57854,0.57977,10057
2026-06-11T01:00:00.000Z,0.57978,0.58068,0.57926,0.57983,12951
2026-06-11T05:00:00.000Z,0.57984,0.57996,0.57798,0.57815,10947
2026-06-11T09:00:00.000Z,0.57814,0.5788,0.57692,0.57805,13566
2026-06-11T13:00:00.000Z,0.57809,0.57863,0.57703,0.57748,22278
2026-06-11T17:00:00.000Z,0.57747,0.5844,0.57724,0.58354,21820
2026-06-11T21:00:00.000Z,0.58264,0.58396,0.58187,0.58243,7710
2026-06-12T01:00:00.000Z,0.58243,0.58272,0.58119,0.58242,11291
2026-06-12T05:00:00.000Z,0.5824,0.58337,0.58109,0.58265,16104
2026-06-12T09:00:00.000Z,0.58265,0.58391,0.58181,0.58207,14916
2026-06-12T13:00:00.000Z,0.58206,0.58376,0.58192,0.58331,22534
2026-06-12T17:00:00.000Z,0.58332,0.58361,0.58285,0.58302,8762
2026-06-14T21:00:00.000Z,0.58203,0.58639,0.58158,0.58448,8841
2026-06-15T01:00:00.000Z,0.58447,0.58561,0.5842,0.58557,7603
2026-06-15T05:00:00.000Z,0.58558,0.58627,0.58407,0.58446,10647
2026-06-15T09:00:00.000Z,0.58443,0.58503,0.58357,0.58431,8926
2026-06-15T13:00:00.000Z,0.5843,0.58458,0.58294,0.58318,12119
2026-06-15T17:00:00.000Z,0.58318,0.58319,0.58194,0.58209,6222
2026-06-15T21:00:00.000Z,0.58248,0.58295,0.58174,0.58216,3636
2026-06-16T01:00:00.000Z,0.58215,0.58224,0.57942,0.58076,8095
2026-06-16T05:00:00.000Z,0.58077,0.58269,0.58047,0.58255,9157
2026-06-16T09:00:00.000Z,0.58256,0.58369,0.58228,0.58313,8462
2026-06-16T13:00:00.000Z,0.58314,0.5843,0.58249,0.58393,13892
2026-06-16T17:00:00.000Z,0.58394,0.58399,0.58299,0.58307,6578
2026-06-16T21:00:00.000Z,0.58213,0.58343,0.58194,0.58305,6132
2026-06-17T01:00:00.000Z,0.58308,0.5835,0.58239,0.58249,5236
2026-06-17T05:00:00.000Z,0.58248,0.58259,0.58122,0.58178,7768
2026-06-17T09:00:00.000Z,0.58177,0.58197,0.58078,0.5816,7633
2026-06-17T13:00:00.000Z,0.58161,0.58227,0.58107,0.58162,12456
2026-06-17T17:00:00.000Z,0.58163,0.58194,0.57521,0.57675,25064
2026-06-17T21:00:00.000Z,0.57709,0.57856,0.57626,0.57781,5506
2026-06-18T01:00:00.000Z,0.5778,0.57988,0.57777,0.5795,6820
2026-06-18T05:00:00.000Z,0.57949,0.57977,0.57668,0.57679,11910
2026-06-18T09:00:00.000Z,0.57679,0.57747,0.5755,0.57708,13851
2026-06-18T13:00:00.000Z,0.57709,0.57793,0.5754,0.57571,18881
2026-06-18T17:00:00.000Z,0.57572,0.57608,0.57486,0.57534,8024
2026-06-18T21:00:00.000Z,0.57544,0.57622,0.57463,0.57595,4032
2026-06-19T01:00:00.000Z,0.57596,0.57605,0.57278,0.57295,8787
2026-06-19T05:00:00.000Z,0.57296,0.57438,0.57229,0.57425,11541
2026-06-19T09:00:00.000Z,0.57426,0.57488,0.57384,0.57466,8740
2026-06-19T13:00:00.000Z,0.57469,0.57472,0.57299,0.57368,8391
2026-06-19T17:00:00.000Z,0.57367,0.57441,0.57332,0.57374,12343
2026-06-21T21:00:00.000Z,0.573,0.57361,0.57258,0.57358,5727
2026-06-22T01:00:00.000Z,0.57365,0.57403,0.57228,0.57255,8066
2026-06-22T05:00:00.000Z,0.57259,0.57321,0.57183,0.57211,10674
2026-06-22T09:00:00.000Z,0.57213,0.57351,0.57211,0.57295,10011
2026-06-22T13:00:00.000Z,0.57296,0.57354,0.57154,0.57196,16451
2026-06-22T17:00:00.000Z,0.57197,0.57197,0.57091,0.57122,6065
2026-06-22T21:00:00.000Z,0.57139,0.57164,0.57004,0.57025,4683
2026-06-23T01:00:00.000Z,0.57026,0.5708,0.56919,0.56931,9429
2026-06-23T05:00:00.000Z,0.5693,0.56945,0.56822,0.56854,13129
2026-06-23T09:00:00.000Z,0.56853,0.5695,0.56706,0.56723,10771
2026-06-23T13:00:00.000Z,0.56724,0.56812,0.56672,0.56678,14751
2026-06-23T17:00:00.000Z,0.56677,0.56703,0.56629,0.56663,7029
2026-06-23T21:00:00.000Z,0.56715,0.56715,0.56617,0.56656,5167
2026-06-24T01:00:00.000Z,0.56655,0.56663,0.56506,0.56534,9367
2026-06-24T05:00:00.000Z,0.56535,0.56611,0.56404,0.56466,10946
2026-06-24T09:00:00.000Z,0.56467,0.56473,0.56307,0.56334,11467
2026-06-24T13:00:00.000Z,0.56334,0.5654,0.56323,0.5651,15178
2026-06-24T17:00:00.000Z,0.5651,0.56518,0.56367,0.565,11187
2026-06-24T21:00:00.000Z,0.56451,0.56518,0.56322,0.5644,5626
2026-06-25T01:00:00.000Z,0.56439,0.56524,0.56296,0.56469,8375
2026-06-25T05:00:00.000Z,0.5647,0.56506,0.56341,0.56469,9025
2026-06-25T09:00:00.000Z,0.56468,0.56522,0.56298,0.56447,9185
2026-06-25T13:00:00.000Z,0.56449,0.56612,0.56399,0.56519,19316
2026-06-25T17:00:00.000Z,0.56519,0.56532,0.56454,0.56467,8337
2026-06-25T21:00:00.000Z,0.56379,0.56491,0.56361,0.56419,5230
2026-06-26T01:00:00.000Z,0.56418,0.56457,0.56261,0.56406,9805
2026-06-26T05:00:00.000Z,0.56405,0.56534,0.56399,0.56499,10703
2026-06-26T09:00:00.000Z,0.565,0.56571,0.56456,0.56509,10081
2026-06-26T13:00:00.000Z,0.5651,0.5658,0.56398,0.56412,15169
2026-06-26T17:00:00.000Z,0.56411,0.56433,0.56348,0.56352,6738
2026-06-28T21:00:00.000Z,0.56364,0.56412,0.56314,0.56353,4584
2026-06-29T01:00:00.000Z,0.56354,0.56467,0.56322,0.56434,7701
2026-06-29T05:00:00.000Z,0.56433,0.56584,0.56429,0.56486,8411
2026-06-29T09:00:00.000Z,0.56487,0.56557,0.56469,0.565,7982
2026-06-29T13:00:00.000Z,0.56503,0.56537,0.56398,0.56506,11998
2026-06-29T17:00:00.000Z,0.56507,0.56544,0.56486,0.56502,3552
2026-06-29T21:00:00.000Z,0.56505,0.56543,0.56417,0.56453,2924
2026-06-30T01:00:00.000Z,0.56454,0.56542,0.56405,0.56464,6413
2026-06-30T05:00:00.000Z,0.56465,0.56591,0.56447,0.56514,9125
2026-06-30T09:00:00.000Z,0.56514,0.56634,0.56507,0.56595,8525
2026-06-30T13:00:00.000Z,0.56595,0.56902,0.56553,0.56729,13191
2026-06-30T17:00:00.000Z,0.5673,0.56818,0.56728,0.56756,4555
2026-06-30T21:00:00.000Z,0.56752,0.56778,0.56682,0.56689,2903
2026-07-01T01:00:00.000Z,0.56688,0.56755,0.56609,0.56738,6365
2026-07-01T05:00:00.000Z,0.56738,0.56786,0.567,0.56759,7812
2026-07-01T09:00:00.000Z,0.56758,0.56822,0.56632,0.56637,7506
2026-07-01T13:00:00.000Z,0.56636,0.56896,0.56575,0.56767,15835
2026-07-01T17:00:00.000Z,0.56768,0.56786,0.56692,0.56715,4902
2026-07-01T21:00:00.000Z,0.56707,0.56758,0.56664,0.56724,3184
2026-07-02T01:00:00.000Z,0.56724,0.56848,0.56675,0.5678,7034
2026-07-02T05:00:00.000Z,0.5678,0.56944,0.5673,0.56939,9853
2026-07-02T09:00:00.000Z,0.56938,0.57167,0.56677,0.57003,11612
2026-07-02T13:00:00.000Z,0.57004,0.57134,0.56953,0.56994,20617
2026-07-02T17:00:00.000Z,0.56993,0.56994,0.56926,0.56977,7340
2026-07-02T21:00:00.000Z,0.56933,0.57,0.56893,0.56956,3731
2026-07-03T01:00:00.000Z,0.56959,0.57132,0.56946,0.57128,6589
2026-07-03T05:00:00.000Z,0.57128,0.57269,0.5712,0.57167,8014
2026-07-03T09:00:00.000Z,0.57166,0.57185,0.57088,0.57094,5132
2026-07-03T13:00:00.000Z,0.57095,0.57111,0.57066,0.57093,4276
2026-07-03T17:00:00.000Z,0.57092,0.571,0.57037,0.57068,4529
2026-07-05T21:00:00.000Z,0.57021,0.57082,0.56964,0.57005,6439
2026-07-06T01:00:00.000Z,0.57006,0.57006,0.56824,0.56901,7699
2026-07-06T05:00:00.000Z,0.56902,0.56913,0.56813,0.56829,8285
2026-07-06T09:00:00.000Z,0.56828,0.56878,0.56766,0.56784,6662
2026-07-06T13:00:00.000Z,0.56785,0.5695,0.56773,0.56943,8518
2026-07-06T17:00:00.000Z,0.56944,0.57051,0.5694,0.57012,3303
2026-07-06T21:00:00.000Z,0.56991,0.57052,0.56936,0.56986,3096
2026-07-07T01:00:00.000Z,0.56987,0.57065,0.56945,0.56945,6755
2026-07-07T05:00:00.000Z,0.56946,0.56956,0.56867,0.56909,8219
2026-07-07T09:00:00.000Z,0.56908,0.56981,0.56867,0.56942,6738
2026-07-07T13:00:00.000Z,0.56943,0.56943,0.56818,0.5686,10662
2026-07-07T17:00:00.000Z,0.56859,0.56912,0.56722,0.56776,5623
2026-07-07T21:00:00.000Z,0.56762,0.56864,0.5671,0.56856,4091
2026-07-08T01:00:00.000Z,0.56858,0.57119,0.5682,0.57118,8223
2026-07-08T05:00:00.000Z,0.57116,0.57199,0.56938,0.56954,13644
2026-07-08T09:00:00.000Z,0.56953,0.57035,0.56838,0.56935,14236
2026-07-08T13:00:00.000Z,0.56932,0.57013,0.56812,0.56963,16067
2026-07-08T17:00:00.000Z,0.56964,0.57103,0.56962,0.56998,6640
2026-07-08T21:00:00.000Z,0.5697,0.57288,0.56847,0.57237,4625
2026-07-09T01:00:00.000Z,0.57238,0.5726,0.57156,0.57253,7302
2026-07-09T05:00:00.000Z,0.57254,0.5739,0.57229,0.57354,8745
2026-07-09T09:00:00.000Z,0.57353,0.57458,0.57292,0.57427,8099
2026-07-09T13:00:00.000Z,0.57426,0.57622,0.57416,0.5758,9177
2026-07-09T17:00:00.000Z,0.57579,0.57629,0.57534,0.57553,3710
2026-07-09T21:00:00.000Z,0.57532,0.57735,0.57433,0.57728,3246
2026-07-10T01:00:00.000Z,0.57727,0.57929,0.57703,0.57753,7635
2026-07-10T05:00:00.000Z,0.57754,0.57782,0.57653,0.57668,8409
2026-07-10T09:00:00.000Z,0.57668,0.57782,0.5764,0.57693,7793
2026-07-10T13:00:00.000Z,0.57694,0.57762,0.57532,0.57716,12487
2026-07-10T17:00:00.000Z,0.57714,0.57725,0.57616,0.57636,4160
2026-07-12T21:00:00.000Z,0.57559,0.57612,0.57474,0.57501,5680
2026-07-13T01:00:00.000Z,0.57502,0.57706,0.5748,0.57578,8296
2026-07-13T05:00:00.000Z,0.57579,0.57864,0.57511,0.57836,10520
2026-07-13T09:00:00.000Z,0.57835,0.57861,0.57739,0.57861,8248
2026-07-13T13:00:00.000Z,0.57864,0.57883,0.57519,0.57564,15378
2026-07-13T17:00:00.000Z,0.57566,0.57587,0.57437,0.57477,6101
2026-07-13T21:00:00.000Z,0.57484,0.57799,0.57425,0.57769,5784
2026-07-14T01:00:00.000Z,0.57771,0.57954,0.57748,0.57891,9617
2026-07-14T05:00:00.000Z,0.57892,0.5801,0.5783,0.5797,9628
2026-07-14T09:00:00.000Z,0.57972,0.58414,0.57951,0.58203,13295
2026-07-14T13:00:00.000Z,0.58206,0.58288,0.58021,0.58123,21129
2026-07-14T17:00:00.000Z,0.58122,0.58131,0.58042,0.58095,5273
2026-07-14T21:00:00.000Z,0.58138,0.58225,0.58008,0.58215,4928
2026-07-15T01:00:00.000Z,0.58215,0.58256,0.58091,0.58147,8890
2026-07-15T05:00:00.000Z,0.5815,0.58243,0.58118,0.58198,9861
2026-07-15T09:00:00.000Z,0.58201,0.58326,0.5813,0.58315,9322
2026-07-15T13:00:00.000Z,0.58315,0.58417,0.58258,0.58374,13829
2026-07-15T17:00:00.000Z,0.58375,0.58631,0.58372,0.58496,7468
2026-07-15T21:00:00.000Z,0.58452,0.58522,0.58322,0.58438,4269
2026-07-16T01:00:00.000Z,0.58438,0.58533,0.58339,0.5848,7916
2026-07-16T05:00:00.000Z,0.58482,0.5858,0.58469,0.58507,9583
2026-07-16T09:00:00.000Z,0.58509,0.58573,0.58452,0.58457,9098
2026-07-16T13:00:00.000Z,0.58461,0.58552,0.58352,0.58373,12602
2026-07-16T17:00:00.000Z,0.58374,0.5843,0.58334,0.58422,5039
2026-07-16T21:00:00.000Z,0.58396,0.58462,0.58334,0.58459,4396
2026-07-17T01:00:00.000Z,0.5846,0.58485,0.58326,0.58342,8307
2026-07-17T05:00:00.000Z,0.58343,0.58456,0.58295,0.58295,10558
2026-07-17T09:00:00.000Z,0.58294,0.58349,0.58249,0.58268,9053
2026-07-17T13:00:00.000Z,0.58269,0.58482,0.5825,0.5845,13882
2026-07-17T17:00:00.000Z,0.58451,0.58462,0.58398,0.58423,5230
2026-07-19T21:00:00.000Z,0.58247,0.58439,0.58227,0.58408,6531
2026-07-20T01:00:00.000Z,0.5841,0.58608,0.58388,0.58584,8839
2026-07-20T05:00:00.000Z,0.58584,0.58636,0.58467,0.58541,9931
2026-07-20T09:00:00.000Z,0.58542,0.5863,0.58472,0.58532,9232
2026-07-20T13:00:00.000Z,0.58531,0.58549,0.58407,0.5845,10994
2026-07-20T17:00:00.000Z,0.58452,0.58479,0.58374,0.5838,4757
2026-07-20T21:00:00.000Z,0.58305,0.58639,0.58289,0.58602,6400
2026-07-21T01:00:00.000Z,0.58604,0.58723,0.58581,0.58637,8399
2026-07-21T05:00:00.000Z,0.58638,0.58669,0.58546,0.5859,7989
2026-07-21T09:00:00.000Z,0.58591,0.58641,0.58369,0.58398,8080
2026-07-21T13:00:00.000Z,0.584,0.58401,0.58224,0.58332,11145
2026-07-21T17:00:00.000Z,0.58331,0.58343,0.58253,0.58275,3325
2026-07-21T21:00:00.000Z,0.58261,0.58321,0.58209,0.5832,4887
2026-07-22T01:00:00.000Z,0.58321,0.58335,0.58235,0.58261,7862
2026-07-22T05:00:00.000Z,0.58262,0.58288,0.58123,0.58177,9512
2026-07-22T09:00:00.000Z,0.58176,0.58202,0.58106,0.58128,8645
2026-07-22T13:00:00.000Z,0.5813,0.58234,0.5813,0.58175,11308
2026-07-22T17:00:00.000Z,0.58175,0.58185,0.58134,0.58152,4069
2026-07-22T21:00:00.000Z,0.58112,0.58191,0.58086,0.58173,4655
2026-07-23T01:00:00.000Z,0.58172,0.58217,0.58123,0.58177,9670
2026-07-23T05:00:00.000Z,0.58176,0.58232,0.57934,0.5796,9606
2026-07-23T09:00:00.000Z,0.57959,0.5801,0.57717,0.57782,10202
2026-07-23T13:00:00.000Z,0.57781,0.57813,0.57622,0.57765,17492
2026-07-23T17:00:00.000Z,0.57766,0.5777,0.57675,0.57708,5453
2026-07-23T21:00:00.000Z,0.57607,0.57833,0.57607,0.57832,5593
2026-07-24T01:00:00.000Z,0.57833,0.57857,0.57721,0.57742,10567
2026-07-24T05:00:00.000Z,0.57743,0.57908,0.57739,0.57856,10584
2026-07-24T09:00:00.000Z,0.57857,0.57908,0.5778,0.57795,8844
2026-07-24T13:00:00.000Z,0.57794,0.58025,0.57771,0.57969,13152
2026-07-24T17:00:00.000Z,0.57968,0.57968,0.57847,0.5787,4272
2026-07-26T21:00:00.000Z,0.58002,0.58098,0.57934,0.58016,7130
2026-07-27T01:00:00.000Z,0.58017,0.58057,0.57877,0.57968,7811
2026-07-27T05:00:00.000Z,0.57971,0.58083,0.5796,0.57995,9165
2026-07-27T09:00:00.000Z,0.57994,0.57997,0.57846,0.57886,8362
2026-07-27T13:00:00.000Z,0.57887,0.57919,0.57773,0.57817,14011
2026-07-27T17:00:00.000Z,0.57816,0.57816,0.57726,0.57737,5219
2026-07-27T21:00:00.000Z,0.57716,0.57762,0.57635,0.57733,5292
2026-07-28T01:00:00.000Z,0.57732,0.57783,0.57655,0.57663,8588
2026-07-28T05:00:00.000Z,0.57664,0.57768,0.57618,0.57727,9542
2026-07-28T09:00:00.000Z,0.57726,0.57748,0.57639,0.57723,8721
2026-07-28T13:00:00.000Z,0.57724,0.57984,0.57705,0.57933,12364
2026-07-28T17:00:00.000Z,0.57932,0.57945,0.57854,0.57862,5173
2026-07-28T21:00:00.000Z,0.57721,0.57878,0.57721,0.57816,5015
2026-07-29T01:00:00.000Z,0.57817,0.57885,0.57743,0.57872,8941
2026-07-29T05:00:00.000Z,0.57874,0.57943,0.57797,0.57838,9086
2026-07-29T09:00:00.000Z,0.57839,0.57851,0.57693,0.5776,9203
2026-07-29T13:00:00.000Z,0.57759,0.57864,0.57617,0.5766,12963
2026-07-29T17:00:00.000Z,0.57659,0.58267,0.57654,0.57942,21575
2026-07-29T21:00:00.000Z,0.57937,0.58078,0.57858,0.57989,6827
2026-07-30T01:00:00.000Z,0.57989,0.58127,0.57989,0.58055,7459
2026-07-30T05:00:00.000Z,0.58056,0.58203,0.57988,0.58192,11959
2026-07-30T09:00:00.000Z,0.58193,0.58453,0.5819,0.58349,13438
2026-07-30T13:00:00.000Z,0.5835,0.58804,0.58338,0.58772,23158
2026-07-30T17:00:00.000Z,0.58771,0.58833,0.58731,0.588,7800
2026-07-30T21:00:00.000Z,0.58609,0.58825,0.58605,0.58712,5762
2026-07-31T01:00:00.000Z,0.58713,0.58728,0.58627,0.58673,7808
2026-07-31T05:00:00.000Z,0.58673,0.58882,0.58643,0.58848,11267
2026-07-31T09:00:00.000Z,0.58849,0.58881,0.58552,0.58582,11656
2026-07-31T13:00:00.000Z,0.58581,0.58797,0.58491,0.58784,17976
2026-07-31T17:00:00.000Z,0.58785,0.58951,0.58782,0.58928,10006
2026-08-02T21:00:00.000Z,0.58977,0.5908,0.58919,0.5898,8196
2026-08-03T01:00:00.000Z,0.58981,0.58999,0.58775,0.58803,9570
2026-08-03T05:00:00.000Z,0.58804,0.5887,0.58685,0.58697,9367
2026-08-03T09:00:00.000Z,0.58696,0.58757,0.58613,0.58702,8590
2026-08-03T13:00:00.000Z,0.58703,0.58721,0.58612,0.5866,12842
2026-08-03T17:00:00.000Z,0.58659,0.58721,0.586,0.58702,5105
2026-08-03T21:00:00.000Z,0.5863,0.5872,0.58597,0.58667,5644
2026-08-04T01:00:00.000Z,0.58666,0.58709,0.58636,0.58679,9992
2026-08-04T05:00:00.000Z,0.58679,0.58731,0.58617,0.58705,8515
2026-08-04T09:00:00.000Z,0.58705,0.58893,0.58676,0.58857,9708
2026-08-04T13:00:00.000Z,0.58856,0.58942,0.58798,0.58867,11623
2026-08-04T17:00:00.000Z,0.58868,0.58961,0.58868,0.58946,5174
2026-08-04T21:00:00.000Z,0.58835,0.58961,0.58712,0.58769,6572
2026-08-05T01:00:00.000Z,0.5877,0.58815,0.58657,0.58714,9193
2026-08-05T05:00:00.000Z,0.58713,0.58754,0.58598,0.58602,10096
2026-08-05T09:00:00.000Z,0.58601,0.58767,0.58597,0.58677,9250
2026-08-05T13:00:00.000Z,0.58677,0.58862,0.58677,0.58787,14536
2026-08-05T17:00:00.000Z,0.58788,0.58924,0.58777,0.58872,5359
2026-08-05T21:00:00.000Z,0.5884,0.58879,0.58802,0.58822,4480
2026-08-06T01:00:00.000Z,0.58823,0.58955,0.58785,0.58804,7262
2026-08-06T05:00:00.000Z,0.58804,0.58824,0.58693,0.58781,7842
2026-08-06T09:00:00.000Z,0.58782,0.58855,0.58757,0.58789,7622
2026-08-06T13:00:00.000Z,0.58791,0.58822,0.58608,0.58673,12825
2026-08-06T17:00:00.000Z,0.58674,0.58743,0.58648,0.58682,5244
2026-08-06T21:00:00.000Z,0.58679,0.58688,0.58616,0.5866,3138
2026-08-07T01:00:00.000Z,0.58659,0.58701,0.58625,0.5864,5664
2026-08-07T05:00:00.000Z,0.58641,0.58714,0.58624,0.58711,6958
2026-08-07T09:00:00.000Z,0.58712,0.5906,0.58648,0.58975,10163
2026-08-07T13:00:00.000Z,0.58976,0.5899,0.58815,0.58915,14807
2026-08-07T17:00:00.000Z,0.58914,0.59016,0.589,0.58918,4502
2026-08-09T21:00:00.000Z,0.58827,0.58941,0.58762,0.58844,4574
2026-08-10T01:00:00.000Z,0.58846,0.5888,0.58785,0.58863,5468
2026-08-10T05:00:00.000Z,0.58862,0.58974,0.58858,0.58951,7184
2026-08-10T09:00:00.000Z,0.58952,0.58994,0.58825,0.58839,7265
2026-08-10T13:00:00.000Z,0.58841,0.5893,0.58789,0.58856,9720
2026-08-10T17:00:00.000Z,0.58857,0.58861,0.58805,0.58807,4331
2026-08-10T21:00:00.000Z,0.58818,0.58891,0.58732,0.58846,3038
2026-08-11T01:00:00.000Z,0.58845,0.58933,0.58811,0.58927,5916
2026-08-11T05:00:00.000Z,0.58929,0.58941,0.5868,0.58721,8786
2026-08-11T09:00:00.000Z,0.58722,0.5887,0.58699,0.58825,9238
2026-08-11T13:00:00.000Z,0.58827,0.58877,0.58767,0.58821,9846
2026-08-11T17:00:00.000Z,0.58822,0.58834,0.58764,0.58798,4163
2026-08-11T21:00:00.000Z,0.58782,0.58825,0.58682,0.58761,2802
2026-08-12T01:00:00.000Z,0.58762,0.58767,0.58652,0.58679,4930
2026-08-12T05:00:00.000Z,0.5868,0.58687,0.58603,0.58609,5784
2026-08-12T09:00:00.000Z,0.5861,0.58829,0.58554,0.5882,11520
2026-08-12T13:00:00.000Z,0.58824,0.58852,0.58548,0.58569,13573
2026-08-12T17:00:00.000Z,0.5857,0.58596,0.58545,0.58575,4673
2026-08-12T21:00:00.000Z,0.58547,0.58632,0.58534,0.58597,2955
2026-08-13T01:00:00.000Z,0.58596,0.58608,0.58264,0.58314,7098
2026-08-13T05:00:00.000Z,0.58313,0.58364,0.58213,0.58336,8217
2026-08-13T09:00:00.000Z,0.58337,0.58544,0.58331,0.58544,7497
2026-08-13T13:00:00.000Z,0.58545,0.58571,0.58428,0.58477,11934
2026-08-13T17:00:00.000Z,0.58478,0.58514,0.58453,0.58506,4204
2026-08-13T21:00:00.000Z,0.58481,0.58597,0.58443,0.58593,2702
2026-08-14T01:00:00.000Z,0.58591,0.58684,0.58527,0.58661,5520
2026-08-14T05:00:00.000Z,0.58662,0.58787,0.58652,0.58762,6497
2026-08-14T09:00:00.000Z,0.58761,0.58971,0.58757,0.58894,7674
2026-08-14T13:00:00.000Z,0.58895,0.58982,0.58853,0.58893,11292
2026-08-14T17:00:00.000Z,0.58892,0.58904,0.58842,0.58889,3936
2026-08-16T21:00:00.000Z,0.58827,0.59093,0.58777,0.59086,4132
2026-08-17T01:00:00.000Z,0.59085,0.59109,0.59014,0.59089,7359
2026-08-17T05:00:00.000Z,0.5909,0.5925,0.59088,0.59204,9458
2026-08-17T09:00:00.000Z,0.59204,0.59261,0.59118,0.59169,8172
2026-08-17T13:00:00.000Z,0.59167,0.59213,0.59047,0.59079,10512
2026-08-17T17:00:00.000Z,0.59078,0.59083,0.58983,0.59011,4839
2026-08-17T21:00:00.000Z,0.58966,0.59087,0.58966,0.59036,3714
2026-08-18T01:00:00.000Z,0.59037,0.59082,0.5879,0.58818,8036
2026-08-18T05:00:00.000Z,0.58819,0.5882,0.58719,0.58778,8323
2026-08-18T09:00:00.000Z,0.58778,0.58893,0.5876,0.58874,7145
2026-08-18T13:00:00.000Z,0.58872,0.58923,0.58742,0.5876,11236
2026-08-18T17:00:00.000Z,0.58759,0.58764,0.58706,0.58735,4368
2026-08-18T21:00:00.000Z,0.58732,0.58776,0.58607,0.58609,5564
2026-08-19T01:00:00.000Z,0.58608,0.5875,0.58602,0.58713,8687
2026-08-19T05:00:00.000Z,0.58712,0.58799,0.5868,0.58763,9712
2026-08-19T09:00:00.000Z,0.58761,0.59053,0.58749,0.59009,10667
2026-08-19T13:00:00.000Z,0.5901,0.59378,0.5901,0.59328,18983
2026-08-19T17:00:00.000Z,0.59327,0.5938,0.59232,0.59359,9010
2026-08-19T21:00:00.000Z,0.59277,0.59404,0.59235,0.59355,5197
2026-08-20T01:00:00.000Z,0.59357,0.59572,0.59312,0.59508,10210
2026-08-20T05:00:00.000Z,0.59508,0.59564,0.59487,0.59538,10327
2026-08-20T09:00:00.000Z,0.5954,0.59641,0.59401,0.59533,12011
2026-08-20T13:00:00.000Z,0.59537,0.59602,0.59396,0.59416,20527
2026-08-20T17:00:00.000Z,0.59417,0.5944,0.59367,0.59429,5615
2026-08-20T21:00:00.000Z,0.59401,0.59589,0.59364,0.59558,4266
2026-08-21T01:00:00.000Z,0.59559,0.59736,0.59553,0.59668,8195
2026-08-21T05:00:00.000Z,0.59669,0.59794,0.59635,0.59787,10337
2026-08-21T09:00:00.000Z,0.59786,0.59879,0.59744,0.59826,11256
2026-08-21T13:00:00.000Z,0.59827,0.59844,0.59683,0.5981,14327
2026-08-21T17:00:00.000Z,0.59811,0.59848,0.59768,0.59773,4902
2026-08-23T21:00:00.000Z,0.59668,0.59824,0.59664,0.59819,6140
2026-08-24T01:00:00.000Z,0.5982,0.59824,0.59694,0.59748,10149
2026-08-24T05:00:00.000Z,0.59749,0.59767,0.59615,0.5966,10585
2026-08-24T09:00:00.000Z,0.59659,0.59709,0.59588,0.59645,10390
2026-08-24T13:00:00.000Z,0.59646,0.59695,0.59549,0.59574,11624
2026-08-24T17:00:00.000Z,0.59575,0.59605,0.59508,0.59588,5267
2026-08-24T21:00:00.000Z,0.59557,0.59676,0.59526,0.59641,2646
2026-08-25T01:00:00.000Z,0.59642,0.59643,0.59561,0.59564,6097
2026-08-25T05:00:00.000Z,0.59563,0.59589,0.59462,0.59544,7658
2026-08-25T09:00:00.000Z,0.59544,0.597,0.59535,0.59651,8635
2026-08-25T13:00:00.000Z,0.5965,0.59744,0.5962,0.59691,10063
2026-08-25T17:00:00.000Z,0.59692,0.59822,0.59663,0.59776,4285
2026-08-25T21:00:00.000Z,0.59662,0.59782,0.59579,0.59751,3327
2026-08-26T01:00:00.000Z,0.5975,0.59764,0.59523,0.59534,7058
2026-08-26T05:00:00.000Z,0.59533,0.59608,0.59442,0.5956,7143
2026-08-26T09:00:00.000Z,0.59561,0.59618,0.59453,0.59458,7712
2026-08-26T13:00:00.000Z,0.59457,0.59489,0.59327,0.5939,12471
2026-08-26T17:00:00.000Z,0.59391,0.5945,0.59388,0.59426,3678
2026-08-26T21:00:00.000Z,0.59439,0.59506,0.59362,0.59478,4389
2026-08-27T01:00:00.000Z,0.59479,0.59549,0.59448,0.59516,5704
2026-08-27T05:00:00.000Z,0.59517,0.59518,0.59399,0.59422,8293
2026-08-27T09:00:00.000Z,0.59423,0.59519,0.59369,0.5947,8645
2026-08-27T13:00:00.000Z,0.59471,0.59569,0.59454,0.59515,10550
2026-08-27T17:00:00.000Z,0.59514,0.59525,0.59461,0.59501,4091
2026-08-27T21:00:00.000Z,0.59477,0.59572,0.59424,0.59555,2319
2026-08-28T01:00:00.000Z,0.59556,0.59656,0.59541,0.59577,4256
2026-08-28T05:00:00.000Z,0.59577,0.59617,0.595,0.59502,7709
2026-08-28T09:00:00.000Z,0.59501,0.59536,0.59427,0.59492,7290
2026-08-28T13:00:00.000Z,0.59493,0.59616,0.59048,0.5909,21542
2026-08-28T17:00:00.000Z,0.59089,0.59144,0.59064,0.59118,6417
2026-08-30T21:00:00.000Z,0.59142,0.592,0.59073,0.59149,4342
2026-08-31T01:00:00.000Z,0.59149,0.59221,0.59014,0.59195,8035
2026-08-31T05:00:00.000Z,0.59196,0.59217,0.59126,0.59142,8363
2026-08-31T09:00:00.000Z,0.59144,0.59194,0.59089,0.59133,9312
2026-08-31T13:00:00.000Z,0.59134,0.59217,0.59093,0.59185,10266
2026-08-31T17:00:00.000Z,0.59184,0.59194,0.59143,0.59154,3503
2026-08-31T21:00:00.000Z,0.59134,0.59288,0.59082,0.592,3505
2026-09-01T01:00:00.000Z,0.59201,0.59204,0.59056,0.59075,6937
2026-09-01T05:00:00.000Z,0.59074,0.59134,0.58938,0.58945,10490
2026-09-01T09:00:00.000Z,0.58946,0.59024,0.58901,0.59023,10894
2026-09-01T13:00:00.000Z,0.5902,0.59117,0.58914,0.58919,13763
2026-09-01T17:00:00.000Z,0.5892,0.58965,0.58874,0.58903,5873
2026-09-01T21:00:00.000Z,0.58902,0.58954,0.58873,0.58913,4127
2026-09-02T01:00:00.000Z,0.58912,0.5896,0.58293,0.58295,10983
2026-09-02T05:00:00.000Z,0.58295,0.58489,0.58088,0.58089,12590
2026-09-02T09:00:00.000Z,0.58089,0.58331,0.5802,0.58209,12177
2026-09-02T13:00:00.000Z,0.58208,0.58521,0.58197,0.58454,15907
2026-09-02T17:00:00.000Z,0.58455,0.58544,0.58413,0.58509,5325
2026-09-02T21:00:00.000Z,0.58301,0.58566,0.58287,0.58541,3453
2026-09-03T01:00:00.000Z,0.5854,0.58693,0.58524,0.58645,9192
2026-09-03T05:00:00.000Z,0.58646,0.5869,0.58484,0.58634,14671
2026-09-03T09:00:00.000Z,0.58634,0.58836,0.58507,0.58804,14975
2026-09-03T13:00:00.000Z,0.58805,0.58918,0.58655,0.58886,16007
2026-09-03T17:00:00.000Z,0.58887,0.58893,0.58785,0.58816,4881
2026-09-03T21:00:00.000Z,0.5866,0.58936,0.5866,0.58906,3713
2026-09-04T01:00:00.000Z,0.58907,0.59008,0.58885,0.5896,6769
2026-09-04T05:00:00.000Z,0.58959,0.59021,0.58807,0.58821,8421
2026-09-04T09:00:00.000Z,0.5882,0.58923,0.58562,0.58711,12851
2026-09-04T13:00:00.000Z,0.58711,0.58929,0.58663,0.58892,16982
2026-09-04T17:00:00.000Z,0.58891,0.58891,0.5879,0.588,5426
2026-09-06T21:00:00.000Z,0.58691,0.58837,0.58688,0.58798,3435
2026-09-07T01:00:00.000Z,0.58799,0.58803,0.58661,0.58753,5842
2026-09-07T05:00:00.000Z,0.58753,0.58886,0.58701,0.58819,10269
2026-09-07T09:00:00.000Z,0.58818,0.58844,0.58743,0.58776,6793
2026-09-07T13:00:00.000Z,0.58777,0.58839,0.58765,0.5879,5160
2026-09-07T17:00:00.000Z,0.58791,0.58791,0.58758,0.58775,1137
2026-09-07T21:00:00.000Z,0.58715,0.58853,0.587,0.58785,4514
2026-09-08T01:00:00.000Z,0.58784,0.58811,0.58503,0.58588,8105
2026-09-08T05:00:00.000Z,0.58589,0.58663,0.58357,0.58395,11404
2026-09-08T09:00:00.000Z,0.58395,0.58545,0.58382,0.58544,10243
2026-09-08T13:00:00.000Z,0.58543,0.58632,0.58491,0.58534,11611
2026-09-08T17:00:00.000Z,0.58535,0.5861,0.58525,0.5853,6289
2026-09-08T21:00:00.000Z,0.58485,0.58622,0.58459,0.58621,3852
2026-09-09T01:00:00.000Z,0.58621,0.58632,0.58524,0.58561,5054
2026-09-09T05:00:00.000Z,0.58561,0.58652,0.58433,0.58444,8604
2026-09-09T09:00:00.000Z,0.58444,0.5857,0.58301,0.58528,9040
2026-09-09T13:00:00.000Z,0.58532,0.58571,0.58364,0.58414,14863
2026-09-09T17:00:00.000Z,0.58414,0.58441,0.58349,0.58378,5486
2026-09-09T21:00:00.000Z,0.58345,0.58474,0.58303,0.58447,3455
2026-09-10T01:00:00.000Z,0.58448,0.58545,0.58428,0.58503,4730