time,open,high,low,close,volume
2023-09-10T21:00:00.000Z,0.89134,0.89259,0.89072,0.89187,10304
2023-09-11T01:00:00.000Z,0.89187,0.89222,0.89015,0.89033,7925
2023-09-11T05:00:00.000Z,0.89034,0.8919,0.88965,0.89147,13043
2023-09-11T09:00:00.000Z,0.89148,0.89217,0.89099,0.8914,12945
2023-09-11T13:00:00.000Z,0.89141,0.89225,0.89019,0.89038,13458
2023-09-11T17:00:00.000Z,0.89037,0.89142,0.89024,0.89096,5947
2023-09-11T21:00:00.000Z,0.89061,0.89179,0.89009,0.89155,8290
2023-09-12T01:00:00.000Z,0.89154,0.892,0.89044,0.89127,6290
2023-09-12T05:00:00.000Z,0.89127,0.8919,0.89013,0.89165,11951
2023-09-12T09:00:00.000Z,0.89167,0.89294,0.89116,0.89294,11747
2023-09-12T13:00:00.000Z,0.89296,0.8934,0.89072,0.89164,11428
2023-09-12T17:00:00.000Z,0.89164,0.89212,0.89072,0.89119,6558
2023-09-12T21:00:00.000Z,0.89078,0.89154,0.89007,0.8913,5793
2023-09-13T01:00:00.000Z,0.89128,0.89242,0.89082,0.89103,6236
2023-09-13T05:00:00.000Z,0.89101,0.89327,0.89087,0.89298,12214
2023-09-13T09:00:00.000Z,0.89297,0.89517,0.89113,0.89239,17827
2023-09-13T13:00:00.000Z,0.89241,0.89399,0.89149,0.89232,18973
2023-09-13T17:00:00.000Z,0.89234,0.89369,0.89209,0.89369,6168
2023-09-13T21:00:00.000Z,0.89312,0.89357,0.89208,0.89222,5413
2023-09-14T01:00:00.000Z,0.89222,0.89294,0.892,0.89225,5755
2023-09-14T05:00:00.000Z,0.89225,0.89388,0.89144,0.89343,9992
2023-09-14T09:00:00.000Z,0.89343,0.89701,0.8927,0.89496,21801
2023-09-14T13:00:00.000Z,0.89492,0.89607,0.89299,0.896,25173
2023-09-14T17:00:00.000Z,0.89597,0.89704,0.89539,0.89547,7075
2023-09-14T21:00:00.000Z,0.89484,0.89632,0.89467,0.89547,7926
2023-09-15T01:00:00.000Z,0.89548,0.8961,0.89499,0.89518,6716
2023-09-15T05:00:00.000Z,0.89518,0.89636,0.89456,0.89552,12663
2023-09-15T09:00:00.000Z,0.89553,0.89736,0.89505,0.89694,10693
2023-09-15T13:00:00.000Z,0.89693,0.89773,0.89522,0.89644,19079
2023-09-15T17:00:00.000Z,0.89643,0.89774,0.8962,0.8974,6202
2023-09-17T21:00:00.000Z,0.89561,0.89755,0.8956,0.89665,2389
2023-09-18T01:00:00.000Z,0.89666,0.89769,0.8963,0.89698,3722
2023-09-18T05:00:00.000Z,0.897,0.8971,0.89553,0.89626,9846
2023-09-18T09:00:00.000Z,0.89627,0.89788,0.89536,0.89777,8616
2023-09-18T13:00:00.000Z,0.89777,0.89824,0.89613,0.89682,12420
2023-09-18T17:00:00.000Z,0.89684,0.89801,0.89633,0.89698,5179
2023-09-18T21:00:00.000Z,0.89646,0.89734,0.89636,0.89703,6139
2023-09-19T01:00:00.000Z,0.89703,0.89784,0.89692,0.8973,4382
2023-09-19T05:00:00.000Z,0.89731,0.89831,0.89477,0.89629,10007
2023-09-19T09:00:00.000Z,0.89626,0.89711,0.89503,0.89643,11072
2023-09-19T13:00:00.000Z,0.89642,0.89839,0.8963,0.89809,12944
2023-09-19T17:00:00.000Z,0.89809,0.89831,0.89744,0.8977,4648
2023-09-19T21:00:00.000Z,0.89756,0.89788,0.89679,0.89755,4147
2023-09-20T01:00:00.000Z,0.89756,0.89821,0.89742,0.8981,2789
2023-09-20T05:00:00.000Z,0.89809,0.8984,0.89642,0.89725,12330
2023-09-20T09:00:00.000Z,0.89728,0.89772,0.89607,0.89672,9199
2023-09-20T13:00:00.000Z,0.89674,0.89682,0.89316,0.89356,14142
2023-09-20T17:00:00.000Z,0.89356,0.89954,0.89347,0.89867,22022
2023-09-20T21:00:00.000Z,0.89816,0.90048,0.89797,0.90042,14280
2023-09-21T01:00:00.000Z,0.90043,0.90086,0.8996,0.8999,6344
2023-09-21T05:00:00.000Z,0.89991,0.9074,0.89851,0.9071,17033
2023-09-21T09:00:00.000Z,0.90711,0.90782,0.90416,0.90424,20799
2023-09-21T13:00:00.000Z,0.9042,0.90616,0.90202,0.90417,19913
2023-09-21T17:00:00.000Z,0.90415,0.90473,0.90296,0.90449,6852
2023-09-21T21:00:00.000Z,0.9033,0.90527,0.9033,0.90481,4226
2023-09-22T01:00:00.000Z,0.9048,0.90527,0.90427,0.90454,7388
2023-09-22T05:00:00.000Z,0.90456,0.90694,0.90426,0.90614,17317
2023-09-22T09:00:00.000Z,0.90615,0.907,0.90454,0.90534,11672
2023-09-22T13:00:00.000Z,0.90536,0.90657,0.90445,0.90638,14457
2023-09-22T17:00:00.000Z,0.90639,0.9075,0.90617,0.90707,6227
2023-09-24T21:00:00.000Z,0.90553,0.90758,0.9055,0.90705,7064
2023-09-25T01:00:00.000Z,0.90704,0.90817,0.907,0.90799,3922
2023-09-25T05:00:00.000Z,0.908,0.91051,0.90737,0.90978,13340
2023-09-25T09:00:00.000Z,0.90977,0.91124,0.90859,0.91034,12795
2023-09-25T13:00:00.000Z,0.91035,0.91354,0.91021,0.91201,16638
2023-09-25T17:00:00.000Z,0.91201,0.91252,0.91117,0.91193,4883
2023-09-25T21:00:00.000Z,0.91152,0.91301,0.91098,0.9127,5172
2023-09-26T01:00:00.000Z,0.91277,0.91358,0.91207,0.9122,7409
2023-09-26T05:00:00.000Z,0.91219,0.91503,0.9121,0.91243,15050
2023-09-26T09:00:00.000Z,0.91243,0.9132,0.91185,0.9122,13919
2023-09-26T13:00:00.000Z,0.91221,0.91471,0.91217,0.91461,17278
2023-09-26T17:00:00.000Z,0.91462,0.91588,0.914,0.91582,7065
2023-09-26T21:00:00.000Z,0.91387,0.9167,0.91387,0.91632,4949
2023-09-27T01:00:00.000Z,0.91633,0.91746,0.91561,0.9171,6439
2023-09-27T05:00:00.000Z,0.91712,0.91767,0.9154,0.91662,11747
2023-09-27T09:00:00.000Z,0.91662,0.91933,0.91599,0.91779,15619
2023-09-27T13:00:00.000Z,0.91779,0.92067,0.917,0.92045,19234
2023-09-27T17:00:00.000Z,0.92046,0.92248,0.9197,0.92116,12550
2023-09-27T21:00:00.000Z,0.9199,0.92095,0.91975,0.92048,5603
2023-09-28T01:00:00.000Z,0.92051,0.92163,0.92037,0.92075,6006
2023-09-28T05:00:00.000Z,0.92074,0.92159,0.91842,0.91851,14684
2023-09-28T09:00:00.000Z,0.91849,0.9198,0.91637,0.91957,18638
2023-09-28T13:00:00.000Z,0.91957,0.91958,0.91471,0.91636,24744
2023-09-28T17:00:00.000Z,0.91635,0.91714,0.91482,0.91483,9936
2023-09-28T21:00:00.000Z,0.91545,0.91552,0.91453,0.91502,5465
2023-09-29T01:00:00.000Z,0.91502,0.91532,0.91317,0.91346,6591
2023-09-29T05:00:00.000Z,0.91345,0.91368,0.90907,0.90973,16185
2023-09-29T09:00:00.000Z,0.90973,0.91317,0.90948,0.91137,19176
2023-09-29T13:00:00.000Z,0.91137,0.91634,0.9105,0.91448,25445
2023-09-29T17:00:00.000Z,0.91451,0.91611,0.91449,0.91516,10974
2023-10-01T21:00:00.000Z,0.91452,0.91612,0.91437,0.916,4440
2023-10-02T01:00:00.000Z,0.916,0.91634,0.91513,0.91577,3884
2023-10-02T05:00:00.000Z,0.9158,0.91665,0.91101,0.91149,13627
2023-10-02T09:00:00.000Z,0.91151,0.91616,0.9114,0.91585,15958
2023-10-02T13:00:00.000Z,0.91588,0.91945,0.91581,0.9185,23156
2023-10-02T17:00:00.000Z,0.9185,0.9185,0.91656,0.91814,8968
2023-10-02T21:00:00.000Z,0.91765,0.91911,0.91724,0.91846,7041
2023-10-03T01:00:00.000Z,0.91846,0.91944,0.91827,0.91933,8592
2023-10-03T05:00:00.000Z,0.91935,0.92187,0.91874,0.91979,17452
2023-10-03T09:00:00.000Z,0.91978,0.92377,0.91978,0.92228,18190
2023-10-03T13:00:00.000Z,0.92227,0.92441,0.92006,0.92148,35253
2023-10-03T17:00:00.000Z,0.9215,0.92168,0.92023,0.92094,11921
2023-10-03T21:00:00.000Z,0.9208,0.9215,0.92019,0.92097,7501
2023-10-04T01:00:00.000Z,0.92098,0.92254,0.92093,0.92139,12364
2023-10-04T05:00:00.000Z,0.9214,0.9232,0.91817,0.91861,17563
2023-10-04T09:00:00.000Z,0.91857,0.9194,0.91438,0.91502,23573
2023-10-04T13:00:00.000Z,0.91503,0.91949,0.91464,0.91601,25113
2023-10-04T17:00:00.000Z,0.91602,0.91744,0.91548,0.91711,11967
2023-10-04T21:00:00.000Z,0.91691,0.91728,0.91478,0.91493,6004
2023-10-05T01:00:00.000Z,0.91491,0.91493,0.91341,0.91411,10150
2023-10-05T05:00:00.000Z,0.91414,0.91809,0.91371,0.9178,15016
2023-10-05T09:00:00.000Z,0.91783,0.91822,0.91396,0.91591,21171
2023-10-05T13:00:00.000Z,0.91591,0.91695,0.91308,0.91363,23511
2023-10-05T17:00:00.000Z,0.91363,0.91424,0.91211,0.91241,10066
2023-10-05T21:00:00.000Z,0.91203,0.91329,0.91194,0.91319,4174
2023-10-06T01:00:00.000Z,0.9132,0.91359,0.9127,0.91348,6718
2023-10-06T05:00:00.000Z,0.91346,0.91455,0.91206,0.91289,14434
2023-10-06T09:00:00.000Z,0.9129,0.91757,0.91091,0.91667,20391
2023-10-06T13:00:00.000Z,0.91667,0.91729,0.90728,0.91009,35097
2023-10-06T17:00:00.000Z,0.9101,0.91039,0.9087,0.91,8601
2023-10-08T21:00:00.000Z,0.90882,0.9102,0.90791,0.90798,10962
2023-10-09T01:00:00.000Z,0.908,0.91065,0.90796,0.91038,10966
2023-10-09T05:00:00.000Z,0.91037,0.91233,0.90903,0.91055,20303
2023-10-09T09:00:00.000Z,0.91055,0.91082,0.90825,0.90863,17240
2023-10-09T13:00:00.000Z,0.90864,0.90867,0.90628,0.90811,23264
2023-10-09T17:00:00.000Z,0.90809,0.90812,0.90493,0.90658,10313
2023-10-09T21:00:00.000Z,0.90525,0.90647,0.90438,0.9054,8865
2023-10-10T01:00:00.000Z,0.90544,0.90637,0.90444,0.9062,10433
2023-10-10T05:00:00.000Z,0.90621,0.90728,0.9035,0.90409,24422
2023-10-10T09:00:00.000Z,0.9041,0.90772,0.90338,0.90681,28544
2023-10-10T13:00:00.000Z,0.90682,0.90826,0.9037,0.90393,29147
2023-10-10T17:00:00.000Z,0.90394,0.9055,0.9038,0.90462,13670
2023-10-10T21:00:00.000Z,0.90465,0.90492,0.90367,0.90417,5020
2023-10-11T01:00:00.000Z,0.90417,0.90496,0.90381,0.90494,8149
2023-10-11T05:00:00.000Z,0.90494,0.90543,0.9026,0.90272,24467
2023-10-11T09:00:00.000Z,0.90274,0.90479,0.90181,0.90193,28522
2023-10-11T13:00:00.000Z,0.90195,0.90336,0.90016,0.90272,32296
2023-10-11T17:00:00.000Z,0.90272,0.90468,0.90173,0.90194,13715
2023-10-11T21:00:00.000Z,0.90129,0.90205,0.90073,0.9011,7472
2023-10-12T01:00:00.000Z,0.90109,0.90117,0.90019,0.90054,9877
2023-10-12T05:00:00.000Z,0.90054,0.9016,0.89864,0.89998,15802
2023-10-12T09:00:00.000Z,0.89998,0.90445,0.89938,0.90271,27153
2023-10-12T13:00:00.000Z,0.90273,0.90715,0.90221,0.90698,33479
2023-10-12T17:00:00.000Z,0.907,0.90879,0.90695,0.90852,15289
2023-10-12T21:00:00.000Z,0.90864,0.90872,0.90708,0.90723,6907
2023-10-13T01:00:00.000Z,0.90723,0.90753,0.9065,0.9065,8198
2023-10-13T05:00:00.000Z,0.90651,0.90811,0.90563,0.9065,23725
2023-10-13T09:00:00.000Z,0.90653,0.90847,0.9047,0.90526,26215
2023-10-13T13:00:00.000Z,0.90527,0.90639,0.90064,0.90128,26750
2023-10-13T17:00:00.000Z,0.90127,0.90259,0.90019,0.90247,10280
2023-10-15T21:00:00.000Z,0.90085,0.90287,0.90044,0.90234,7498
2023-10-16T01:00:00.000Z,0.90235,0.90236,0.90128,0.90152,6413
2023-10-16T05:00:00.000Z,0.90153,0.90419,0.90108,0.90274,15127
2023-10-16T09:00:00.000Z,0.90274,0.90315,0.90069,0.9011,14765
2023-10-16T13:00:00.000Z,0.9011,0.90336,0.90025,0.9006,16984
2023-10-16T17:00:00.000Z,0.90065,0.90101,0.89952,0.90017,7319
2023-10-16T21:00:00.000Z,0.89968,0.9005,0.89937,0.90023,6258
2023-10-17T01:00:00.000Z,0.90023,0.90122,0.90021,0.90113,4951
2023-10-17T05:00:00.000Z,0.90114,0.90303,0.90074,0.90259,11919
2023-10-17T09:00:00.000Z,0.90258,0.90321,0.89944,0.90225,18626
2023-10-17T13:00:00.000Z,0.90227,0.90274,0.89897,0.90067,25485
2023-10-17T17:00:00.000Z,0.90067,0.90133,0.89962,0.90028,9271
2023-10-17T21:00:00.000Z,0.89968,0.90086,0.89915,0.9006,7573
2023-10-18T01:00:00.000Z,0.9006,0.90072,0.89877,0.89919,9283
2023-10-18T05:00:00.000Z,0.89921,0.90003,0.89732,0.89904,17843
2023-10-18T09:00:00.000Z,0.89906,0.89972,0.89745,0.89867,20437
2023-10-18T13:00:00.000Z,0.89864,0.8994,0.89543,0.89848,28554
2023-10-18T17:00:00.000Z,0.89848,0.89925,0.89721,0.89905,12993
2023-10-18T21:00:00.000Z,0.89895,0.89912,0.89819,0.89885,6246
2023-10-19T01:00:00.000Z,0.89885,0.89944,0.89833,0.89897,8499
2023-10-19T05:00:00.000Z,0.89896,0.90016,0.89739,0.89943,18319
2023-10-19T09:00:00.000Z,0.89943,0.89946,0.89592,0.89645,18495
2023-10-19T13:00:00.000Z,0.89645,0.89758,0.89277,0.89334,32499
2023-10-19T17:00:00.000Z,0.89334,0.89378,0.89085,0.8916,21297
2023-10-19T21:00:00.000Z,0.89125,0.89289,0.89074,0.89229,7237
2023-10-20T01:00:00.000Z,0.8923,0.89291,0.89144,0.89287,10208
2023-10-20T05:00:00.000Z,0.89286,0.89349,0.89021,0.89153,17837
2023-10-20T09:00:00.000Z,0.89156,0.89323,0.89079,0.89269,18961
2023-10-20T13:00:00.000Z,0.89273,0.89344,0.89067,0.89207,23142
2023-10-20T17:00:00.000Z,0.89208,0.89269,0.89094,0.89231,14082
2023-10-22T21:00:00.000Z,0.89108,0.89364,0.8907,0.89348,10216
2023-10-23T01:00:00.000Z,0.89347,0.89487,0.89346,0.89453,5280
2023-10-23T05:00:00.000Z,0.89453,0.89567,0.89197,0.89242,16543
2023-10-23T09:00:00.000Z,0.89244,0.89355,0.89127,0.89343,17347
2023-10-23T13:00:00.000Z,0.89344,0.89481,0.89116,0.8914,21310
2023-10-23T17:00:00.000Z,0.89141,0.89219,0.89055,0.89092,9257
2023-10-23T21:00:00.000Z,0.89101,0.89118,0.8902,0.89079,6058
2023-10-24T01:00:00.000Z,0.89078,0.89126,0.88994,0.8906,8732
2023-10-24T05:00:00.000Z,0.89061,0.89227,0.88877,0.89163,18111
2023-10-24T09:00:00.000Z,0.89164,0.89423,0.89156,0.89384,15610
2023-10-24T13:00:00.000Z,0.89388,0.89521,0.89275,0.89367,23717
2023-10-24T17:00:00.000Z,0.89365,0.89394,0.89281,0.89313,7575
2023-10-24T21:00:00.000Z,0.89294,0.89352,0.89237,0.893,8403
2023-10-25T01:00:00.000Z,0.893,0.89329,0.89251,0.89264,5655
2023-10-25T05:00:00.000Z,0.89263,0.89522,0.89203,0.8951,12756
2023-10-25T09:00:00.000Z,0.89511,0.89645,0.89497,0.89529,13872
2023-10-25T13:00:00.000Z,0.89529,0.89684,0.89423,0.89632,21117
2023-10-25T17:00:00.000Z,0.89632,0.89689,0.89595,0.89684,10557
2023-10-25T21:00:00.000Z,0.89669,0.89736,0.89608,0.89709,8528
2023-10-26T01:00:00.000Z,0.89709,0.89826,0.89685,0.89812,9574
2023-10-26T05:00:00.000Z,0.89812,0.89984,0.89784,0.89949,17824
2023-10-26T09:00:00.000Z,0.89946,0.89993,0.89664,0.89664,21672
2023-10-26T13:00:00.000Z,0.89664,0.90045,0.8963,0.90015,26165
2023-10-26T17:00:00.000Z,0.90014,0.90024,0.89859,0.89899,12662
2023-10-26T21:00:00.000Z,0.89765,0.89926,0.89737,0.89921,8980
2023-10-27T01:00:00.000Z,0.89923,0.89953,0.89802,0.8986,7244
2023-10-27T05:00:00.000Z,0.8986,0.90114,0.89834,0.90051,15220
2023-10-27T09:00:00.000Z,0.90052,0.90249,0.89925,0.90144,18619
2023-10-27T13:00:00.000Z,0.90143,0.90344,0.90037,0.90301,26957
2023-10-27T17:00:00.000Z,0.90302,0.90345,0.901,0.90211,13189
2023-10-29T21:00:00.000Z,0.90057,0.90329,0.90026,0.90302,5617
2023-10-30T01:00:00.000Z,0.90302,0.90346,0.90279,0.90317,4931
2023-10-30T05:00:00.000Z,0.9032,0.90408,0.90208,0.90252,11500
2023-10-30T09:00:00.000Z,0.9025,0.90486,0.90204,0.90205,16038
2023-10-30T13:00:00.000Z,0.90205,0.90293,0.90073,0.90227,21463
2023-10-30T17:00:00.000Z,0.90228,0.9031,0.90135,0.90209,8195
2023-10-30T21:00:00.000Z,0.90123,0.90233,0.90113,0.90175,4221
2023-10-31T01:00:00.000Z,0.90177,0.90314,0.90164,0.90234,10145
2023-10-31T05:00:00.000Z,0.90233,0.90276,0.901,0.90118,13856
2023-10-31T09:00:00.000Z,0.9012,0.90489,0.90093,0.90484,19247
2023-10-31T13:00:00.000Z,0.90483,0.91042,0.90421,0.90947,28953
2023-10-31T17:00:00.000Z,0.90947,0.91061,0.90795,0.91029,11482
2023-10-31T21:00:00.000Z,0.90902,0.9107,0.9086,0.91017,6452
2023-11-01T01:00:00.000Z,0.91018,0.91066,0.90937,0.90997,8871
2023-11-01T05:00:00.000Z,0.90996,0.9101,0.90841,0.90992,13588
2023-11-01T09:00:00.000Z,0.90996,0.9101,0.90708,0.9081,19017
2023-11-01T13:00:00.000Z,0.90811,0.9106,0.90689,0.9104,27837
2023-11-01T17:00:00.000Z,0.91038,0.91119,0.90731,0.90762,26599
2023-11-01T21:00:00.000Z,0.90748,0.90785,0.90466,0.90473,9373
2023-11-02T01:00:00.000Z,0.90473,0.90519,0.90246,0.90331,8882
2023-11-02T05:00:00.000Z,0.90332,0.90563,0.90309,0.90513,15078
2023-11-02T09:00:00.000Z,0.90514,0.90553,0.90221,0.9023,22184
2023-11-02T13:00:00.000Z,0.9023,0.90685,0.90177,0.90599,25405
2023-11-02T17:00:00.000Z,0.90597,0.90624,0.90464,0.90596,10417
2023-11-02T21:00:00.000Z,0.90608,0.90618,0.90547,0.90573,6418
2023-11-03T01:00:00.000Z,0.90573,0.90616,0.90529,0.90541,7765
2023-11-03T05:00:00.000Z,0.90542,0.90688,0.90491,0.90686,9354
2023-11-03T09:00:00.000Z,0.90686,0.90738,0.89885,0.89911,20021
2023-11-03T13:00:00.000Z,0.8991,0.90137,0.89701,0.89709,35154
2023-11-03T17:00:00.000Z,0.8971,0.8995,0.89648,0.89941,11389
2023-11-05T22:00:00.000Z,0.89844,0.8996,0.89804,0.89806,8165
2023-11-06T02:00:00.000Z,0.89806,0.89822,0.89666,0.89705,7626
2023-11-06T06:00:00.000Z,0.89706,0.89809,0.8953,0.89611,15904
2023-11-06T10:00:00.000Z,0.89611,0.89879,0.89583,0.89819,15751
2023-11-06T14:00:00.000Z,0.89818,0.89861,0.89676,0.8978,15503
2023-11-06T18:00:00.000Z,0.89781,0.89943,0.89778,0.89929,8606
2023-11-06T22:00:00.000Z,0.89924,0.89941,0.8982,0.89917,8240
2023-11-07T02:00:00.000Z,0.89916,0.90061,0.89903,0.90029,9234
2023-11-07T06:00:00.000Z,0.90029,0.90114,0.89899,0.90023,14658
2023-11-07T10:00:00.000Z,0.90021,0.90156,0.89938,0.90065,16378
2023-11-07T14:00:00.000Z,0.90065,0.90184,0.8992,0.90133,20804
2023-11-07T18:00:00.000Z,0.90132,0.90138,0.89964,0.90015,11211
2023-11-07T22:00:00.000Z,0.89867,0.90108,0.89867,0.90056,7068
2023-11-08T02:00:00.000Z,0.90057,0.90106,0.89985,0.90106,8467
2023-11-08T06:00:00.000Z,0.90107,0.90238,0.90098,0.90206,16507
2023-11-08T10:00:00.000Z,0.90205,0.90238,0.89936,0.90015,15518
2023-11-08T14:00:00.000Z,0.90016,0.90056,0.89765,0.89926,22891
2023-11-08T18:00:00.000Z,0.89928,0.89996,0.89865,0.89923,10988
2023-11-08T22:00:00.000Z,0.89921,0.89969,0.89837,0.89887,7993
2023-11-09T02:00:00.000Z,0.89888,0.89983,0.89886,0.89965,5300
2023-11-09T06:00:00.000Z,0.89964,0.901,0.89917,0.90053,15748
2023-11-09T10:00:00.000Z,0.90052,0.90157,0.89994,0.90009,14663
2023-11-09T14:00:00.000Z,0.90009,0.90066,0.89911,0.9005,19593
2023-11-09T18:00:00.000Z,0.9005,0.90408,0.9,0.90296,21890
2023-11-09T22:00:00.000Z,0.90255,0.9037,0.90216,0.90318,6036
2023-11-10T02:00:00.000Z,0.90318,0.90371,0.90295,0.90344,4483
2023-11-10T06:00:00.000Z,0.90346,0.90457,0.902,0.90231,13662
2023-11-10T10:00:00.000Z,0.9023,0.9028,0.90017,0.90152,15746
2023-11-10T14:00:00.000Z,0.90154,0.90377,0.90124,0.90237,20700
2023-11-10T18:00:00.000Z,0.90238,0.90305,0.90189,0.90246,8654
2023-11-12T22:00:00.000Z,0.90183,0.90262,0.9015,0.90214,5234
2023-11-13T02:00:00.000Z,0.90214,0.90266,0.90203,0.90229,5492
2023-11-13T06:00:00.000Z,0.9023,0.90247,0.90108,0.90208,11443
2023-11-13T10:00:00.000Z,0.90207,0.9052,0.90196,0.90401,11850
2023-11-13T14:00:00.000Z,0.90401,0.90451,0.90069,0.90195,17169
2023-11-13T18:00:00.000Z,0.90195,0.90241,0.90127,0.90161,6793
2023-11-13T22:00:00.000Z,0.90109,0.90224,0.90071,0.90208,4674
2023-11-14T02:00:00.000Z,0.90207,0.90262,0.90174,0.90247,4246
2023-11-14T06:00:00.000Z,0.90246,0.90258,0.90094,0.90147,10614
2023-11-14T10:00:00.000Z,0.90146,0.90271,0.89467,0.89623,19872
2023-11-14T14:00:00.000Z,0.89623,0.89625,0.89021,0.89026,26207
2023-11-14T18:00:00.000Z,0.89027,0.8903,0.88795,0.88907,8068
2023-11-14T22:00:00.000Z,0.88851,0.89027,0.88791,0.88949,7231
2023-11-15T02:00:00.000Z,0.88947,0.88954,0.88824,0.88875,5773
2023-11-15T06:00:00.000Z,0.88877,0.88933,0.88675,0.8891,14975
2023-11-15T10:00:00.000Z,0.88911,0.88917,0.88542,0.8875,16484
2023-11-15T14:00:00.000Z,0.88749,0.88927,0.88602,0.88748,22437
2023-11-15T18:00:00.000Z,0.88748,0.88883,0.88741,0.88803,8241
2023-11-15T22:00:00.000Z,0.88728,0.88834,0.8866,0.88796,6137
2023-11-16T02:00:00.000Z,0.88798,0.88884,0.88794,0.88849,5764
2023-11-16T06:00:00.000Z,0.88849,0.88967,0.88788,0.88919,12585
2023-11-16T10:00:00.000Z,0.88919,0.88997,0.88718,0.88729,17591
2023-11-16T14:00:00.000Z,0.88728,0.88855,0.88541,0.8879,25412
2023-11-16T18:00:00.000Z,0.8879,0.88911,0.88755,0.88862,7369
2023-11-16T22:00:00.000Z,0.88868,0.88897,0.88767,0.88887,6780
2023-11-17T02:00:00.000Z,0.88886,0.88913,0.88807,0.8888,6079
2023-11-17T06:00:00.000Z,0.88882,0.8894,0.88724,0.88765,16615
2023-11-17T10:00:00.000Z,0.88765,0.88808,0.88618,0.88698,16441
2023-11-17T14:00:00.000Z,0.88699,0.88838,0.88609,0.88641,21179
2023-11-17T18:00:00.000Z,0.88642,0.88658,0.8852,0.88566,9754
2023-11-19T22:00:00.000Z,0.8857,0.88655,0.88488,0.88496,8390
2023-11-20T02:00:00.000Z,0.88495,0.88507,0.88301,0.88373,9134
2023-11-20T06:00:00.000Z,0.88374,0.88488,0.88258,0.88266,17014
2023-11-20T10:00:00.000Z,0.88266,0.8855,0.88265,0.88484,12945
2023-11-20T14:00:00.000Z,0.88483,0.88522,0.88314,0.88484,15510
2023-11-20T18:00:00.000Z,0.88484,0.8851,0.88366,0.88509,8952
2023-11-20T22:00:00.000Z,0.8848,0.88486,0.88327,0.88383,8271
2023-11-21T02:00:00.000Z,0.88383,0.88414,0.88265,0.88338,8316
2023-11-21T06:00:00.000Z,0.8834,0.88457,0.88273,0.88413,17622
2023-11-21T10:00:00.000Z,0.88414,0.88441,0.88223,0.88274,13931
2023-11-21T14:00:00.000Z,0.88273,0.88377,0.88192,0.88352,20850
2023-11-21T18:00:00.000Z,0.88351,0.88481,0.88344,0.88358,10720
2023-11-21T22:00:00.000Z,0.88341,0.88376,0.8828,0.88348,7436
2023-11-22T02:00:00.000Z,0.88347,0.88404,0.88292,0.88385,8828
2023-11-22T06:00:00.000Z,0.88387,0.88622,0.88313,0.88444,15810
2023-11-22T10:00:00.000Z,0.88446,0.88481,0.88198,0.88419,19187
2023-11-22T14:00:00.000Z,0.88417,0.88743,0.88403,0.88458,22343
2023-11-22T18:00:00.000Z,0.8846,0.88483,0.88355,0.88393,7511
2023-11-22T22:00:00.000Z,0.88362,0.88451,0.8831,0.8832,6520
2023-11-23T02:00:00.000Z,0.8832,0.8832,0.88247,0.88258,5656
2023-11-23T06:00:00.000Z,0.88259,0.88389,0.88167,0.88281,16931
2023-11-23T10:00:00.000Z,0.8828,0.88493,0.88229,0.88394,12971
2023-11-23T14:00:00.000Z,0.88395,0.88489,0.88287,0.88373,9712
2023-11-23T18:00:00.000Z,0.88374,0.88453,0.88352,0.88424,4732
2023-11-23T22:00:00.000Z,0.88369,0.88457,0.88255,0.88419,9033
2023-11-24T02:00:00.000Z,0.8842,0.88485,0.8829,0.883,5893
2023-11-24T06:00:00.000Z,0.883,0.88452,0.883,0.88432,13127
2023-11-24T10:00:00.000Z,0.88432,0.88432,0.88241,0.88276,12442
2023-11-24T14:00:00.000Z,0.88275,0.88313,0.88108,0.88146,12554
2023-11-24T18:00:00.000Z,0.88148,0.88229,0.88081,0.88181,14243
2023-11-26T22:00:00.000Z,0.88165,0.88278,0.88133,0.88175,7022
2023-11-27T02:00:00.000Z,0.88174,0.88271,0.88166,0.88183,10109
2023-11-27T06:00:00.000Z,0.88187,0.88204,0.88012,0.88145,14447
2023-11-27T10:00:00.000Z,0.88147,0.88155,0.87937,0.88002,15796
2023-11-27T14:00:00.000Z,0.88004,0.88174,0.87999,0.88139,19990
2023-11-27T18:00:00.000Z,0.8814,0.88157,0.88005,0.8803,8455
2023-11-27T22:00:00.000Z,0.88032,0.88055,0.87958,0.87995,11603
2023-11-28T02:00:00.000Z,0.87999,0.88046,0.8795,0.88039,7517
2023-11-28T06:00:00.000Z,0.8804,0.88165,0.87986,0.87992,14598
2023-11-28T10:00:00.000Z,0.87992,0.88187,0.879,0.87906,17250
2023-11-28T14:00:00.000Z,0.87905,0.87973,0.8761,0.8776,29534
2023-11-28T18:00:00.000Z,0.8776,0.87887,0.87744,0.87796,10884
2023-11-28T22:00:00.000Z,0.87775,0.87793,0.87567,0.87647,11986
2023-11-29T02:00:00.000Z,0.87647,0.87709,0.87615,0.87643,7933
2023-11-29T06:00:00.000Z,0.87643,0.87837,0.87588,0.87665,18993
2023-11-29T10:00:00.000Z,0.87667,0.87772,0.87538,0.87645,22016
2023-11-29T14:00:00.000Z,0.87642,0.87718,0.87321,0.87446,26937
2023-11-29T18:00:00.000Z,0.87445,0.87466,0.87198,0.87374,9743
2023-11-29T22:00:00.000Z,0.87381,0.8743,0.87208,0.87306,8043
2023-11-30T02:00:00.000Z,0.87308,0.87345,0.87164,0.873,7420
2023-11-30T06:00:00.000Z,0.87302,0.87548,0.87186,0.87478,17637
2023-11-30T10:00:00.000Z,0.87478,0.8761,0.87318,0.87525,20805
2023-11-30T14:00:00.000Z,0.87523,0.87705,0.86848,0.87485,36096
2023-11-30T18:00:00.000Z,0.87485,0.87652,0.87393,0.87516,11774
2023-11-30T22:00:00.000Z,0.87461,0.87542,0.87351,0.87408,9857
2023-12-01T02:00:00.000Z,0.87408,0.87505,0.87366,0.87412,7041
2023-12-01T06:00:00.000Z,0.87415,0.87494,0.87309,0.87382,16992
2023-12-01T10:00:00.000Z,0.87383,0.87672,0.87343,0.87641,14991
2023-12-01T14:00:00.000Z,0.8764,0.8768,0.86973,0.87037,35157
2023-12-01T18:00:00.000Z,0.87038,0.8705,0.86788,0.86927,13295
2023-12-03T22:00:00.000Z,0.86916,0.8709,0.86664,0.87036,15611
2023-12-04T02:00:00.000Z,0.87043,0.87088,0.86942,0.8707,8932
2023-12-04T06:00:00.000Z,0.87069,0.87549,0.87016,0.8724,20146
2023-12-04T10:00:00.000Z,0.8724,0.87385,0.87153,0.87279,18463
2023-12-04T14:00:00.000Z,0.87279,0.87529,0.87118,0.87266,30358
2023-12-04T18:00:00.000Z,0.87264,0.87378,0.8725,0.87275,8651
2023-12-04T22:00:00.000Z,0.87252,0.87282,0.8714,0.87235,9002
2023-12-05T02:00:00.000Z,0.87234,0.87296,0.8718,0.87184,7575
2023-12-05T06:00:00.000Z,0.87183,0.87479,0.87179,0.87358,19090
2023-12-05T10:00:00.000Z,0.87359,0.87446,0.87254,0.87319,12896
2023-12-05T14:00:00.000Z,0.87319,0.87659,0.87284,0.8748,21949
2023-12-05T18:00:00.000Z,0.87481,0.87602,0.87467,0.8749,5605
2023-12-05T22:00:00.000Z,0.87468,0.87523,0.87364,0.8749,7371
2023-12-06T02:00:00.000Z,0.8749,0.87539,0.87451,0.87461,5082
2023-12-06T06:00:00.000Z,0.87461,0.87597,0.8738,0.8742,10925
2023-12-06T10:00:00.000Z,0.87419,0.87542,0.87306,0.87331,13657
2023-12-06T14:00:00.000Z,0.87332,0.87476,0.87288,0.87465,15260
2023-12-06T18:00:00.000Z,0.87467,0.87566,0.87359,0.87484,5474
2023-12-06T22:00:00.000Z,0.87412,0.87491,0.87403,0.87481,5759
2023-12-07T02:00:00.000Z,0.87481,0.87618,0.8744,0.87569,4973
2023-12-07T06:00:00.000Z,0.87568,0.87592,0.87297,0.87339,12158
2023-12-07T10:00:00.000Z,0.87339,0.87794,0.87287,0.87525,18099
2023-12-07T14:00:00.000Z,0.87526,0.87819,0.8728,0.8738,21561
2023-12-07T18:00:00.000Z,0.87381,0.87586,0.87331,0.87494,7255
2023-12-07T22:00:00.000Z,0.87538,0.87552,0.87433,0.87519,9794
2023-12-08T02:00:00.000Z,0.87519,0.87562,0.87469,0.87527,9773
2023-12-08T06:00:00.000Z,0.87529,0.87639,0.87408,0.87519,11522
2023-12-08T10:00:00.000Z,0.87519,0.88068,0.87442,0.87947,15840
2023-12-08T14:00:00.000Z,0.87948,0.88204,0.87701,0.88064,24275
2023-12-08T18:00:00.000Z,0.88063,0.88104,0.87961,0.88004,6969
2023-12-10T22:00:00.000Z,0.8801,0.88044,0.87876,0.87925,6530
2023-12-11T02:00:00.000Z,0.87924,0.88016,0.87905,0.87994,3918
2023-12-11T06:00:00.000Z,0.87994,0.88048,0.87846,0.87894,10542
2023-12-11T10:00:00.000Z,0.87894,0.88158,0.87887,0.88021,10517
2023-12-11T14:00:00.000Z,0.8802,0.88138,0.87874,0.88,13378
2023-12-11T18:00:00.000Z,0.88,0.88011,0.87788,0.87847,5451
2023-12-11T22:00:00.000Z,0.87848,0.87865,0.87753,0.87784,4866
2023-12-12T02:00:00.000Z,0.87784,0.87806,0.87639,0.87663,3314
2023-12-12T06:00:00.000Z,0.87663,0.87817,0.87544,0.8777,10785
2023-12-12T10:00:00.000Z,0.87769,0.87772,0.87214,0.87699,15054
2023-12-12T14:00:00.000Z,0.877,0.87805,0.87435,0.87615,19121
2023-12-12T18:00:00.000Z,0.87616,0.87631,0.87509,0.87536,5683
2023-12-12T22:00:00.000Z,0.87493,0.87576,0.87417,0.87545,7806
2023-12-13T02:00:00.000Z,0.87545,0.87583,0.87527,0.87548,6945
2023-12-13T06:00:00.000Z,0.87548,0.87674,0.8753,0.876,9309
2023-12-13T10:00:00.000Z,0.876,0.87704,0.87497,0.87531,10708
2023-12-13T14:00:00.000Z,0.87531,0.87778,0.87491,0.87712,12361
2023-12-13T18:00:00.000Z,0.87712,0.87798,0.869,0.87165,24726
2023-12-13T22:00:00.000Z,0.87084,0.87135,0.8688,0.86892,10151
2023-12-14T02:00:00.000Z,0.86892,0.86926,0.86651,0.86788,8065
2023-12-14T06:00:00.000Z,0.86787,0.87318,0.86761,0.87099,21386
2023-12-14T10:00:00.000Z,0.87097,0.87156,0.86688,0.86964,19498
2023-12-14T14:00:00.000Z,0.86965,0.87068,0.863,0.86379,22938
2023-12-14T18:00:00.000Z,0.86378,0.86756,0.86378,0.86754,7540
2023-12-14T22:00:00.000Z,0.86687,0.86813,0.86585,0.86709,10452
2023-12-15T02:00:00.000Z,0.86709,0.86724,0.86517,0.867,6837
2023-12-15T06:00:00.000Z,0.867,0.86845,0.86617,0.86669,14115
2023-12-15T10:00:00.000Z,0.86668,0.86984,0.86569,0.86924,14964
2023-12-15T14:00:00.000Z,0.86922,0.86936,0.86643,0.86856,19120
2023-12-15T18:00:00.000Z,0.86859,0.87111,0.86843,0.87014,10133
2023-12-17T22:00:00.000Z,0.86903,0.87112,0.86882,0.87071,8799
2023-12-18T02:00:00.000Z,0.87071,0.87071,0.86895,0.86922,4808
2023-12-18T06:00:00.000Z,0.86922,0.86979,0.86795,0.86874,9689
2023-12-18T10:00:00.000Z,0.86874,0.86923,0.86664,0.86762,11491
2023-12-18T14:00:00.000Z,0.86761,0.86915,0.86714,0.86774,14663
2023-12-18T18:00:00.000Z,0.86774,0.86865,0.86708,0.86714,6451
2023-12-18T22:00:00.000Z,0.8668,0.86759,0.86672,0.8673,6441
2023-12-19T02:00:00.000Z,0.86729,0.86768,0.86618,0.86625,6557
2023-12-19T06:00:00.000Z,0.86626,0.86744,0.86512,0.86611,13585
2023-12-19T10:00:00.000Z,0.86611,0.86664,0.86282,0.86371,13785
2023-12-19T14:00:00.000Z,0.86369,0.86462,0.85926,0.86178,17685
2023-12-19T18:00:00.000Z,0.8618,0.862,0.86065,0.86101,5290
2023-12-19T22:00:00.000Z,0.85972,0.86116,0.85948,0.86097,6335
2023-12-20T02:00:00.000Z,0.86097,0.86149,0.86091,0.86131,4504
2023-12-20T06:00:00.000Z,0.86131,0.86224,0.86013,0.86144,11920
2023-12-20T10:00:00.000Z,0.86144,0.86508,0.8613,0.862,11325
2023-12-20T14:00:00.000Z,0.862,0.86271,0.86045,0.86165,13565
2023-12-20T18:00:00.000Z,0.86165,0.86402,0.86132,0.86267,8237
2023-12-20T22:00:00.000Z,0.86258,0.86286,0.86165,0.8618,4891
2023-12-21T02:00:00.000Z,0.8618,0.8624,0.86113,0.86141,6418
2023-12-21T06:00:00.000Z,0.86141,0.86325,0.8613,0.86199,11651
2023-12-21T10:00:00.000Z,0.862,0.86231,0.85621,0.85797,15037
2023-12-21T14:00:00.000Z,0.85797,0.85917,0.85626,0.85812,23369
2023-12-21T18:00:00.000Z,0.85812,0.85884,0.85598,0.85603,9623
2023-12-21T22:00:00.000Z,0.85637,0.85653,0.85564,0.85641,8066
2023-12-22T02:00:00.000Z,0.8564,0.85733,0.85623,0.85719,6066
2023-12-22T06:00:00.000Z,0.8572,0.85726,0.855,0.85565,13660
2023-12-22T10:00:00.000Z,0.85565,0.85647,0.85296,0.85311,19323
2023-12-22T14:00:00.000Z,0.85304,0.85686,0.85137,0.85589,21459
2023-12-22T18:00:00.000Z,0.85589,0.85733,0.85523,0.85574,9025
2023-12-25T22:00:00.000Z,0.85457,0.85662,0.85441,0.85578,5173
2023-12-26T02:00:00.000Z,0.85578,0.85598,0.85483,0.85491,6720
2023-12-26T06:00:00.000Z,0.85492,0.85798,0.85438,0.85744,7019
2023-12-26T10:00:00.000Z,0.85744,0.85783,0.85445,0.85551,8647
2023-12-26T14:00:00.000Z,0.85551,0.85581,0.85377,0.85517,11587
2023-12-26T18:00:00.000Z,0.85517,0.8552,0.8531,0.85355,7401
2023-12-26T22:00:00.000Z,0.85362,0.8545,0.85303,0.8539,5040
2023-12-27T02:00:00.000Z,0.8539,0.85414,0.85328,0.85369,4547
2023-12-27T06:00:00.000Z,0.85369,0.85488,0.8516,0.85189,9183
2023-12-27T10:00:00.000Z,0.8519,0.85365,0.8515,0.8516,8430
2023-12-27T14:00:00.000Z,0.85155,0.85159,0.84085,0.8436,16952
2023-12-27T18:00:00.000Z,0.84361,0.84396,0.84212,0.84311,8233
2023-12-27T22:00:00.000Z,0.84238,0.84363,0.84049,0.84061,5715
2023-12-28T02:00:00.000Z,0.84061,0.84117,0.83935,0.84038,6293
2023-12-28T06:00:00.000Z,0.8404,0.84085,0.83374,0.83526,14987
2023-12-28T10:00:00.000Z,0.83524,0.83968,0.83524,0.83943,13579
2023-12-28T14:00:00.000Z,0.83944,0.84105,0.83324,0.8408,18567
2023-12-28T18:00:00.000Z,0.84079,0.84506,0.8405,0.84485,9768
2023-12-28T22:00:00.000Z,0.84415,0.84479,0.84213,0.84244,7511
2023-12-29T02:00:00.000Z,0.84244,0.84355,0.84229,0.84316,7897
2023-12-29T06:00:00.000Z,0.84317,0.84321,0.83958,0.8402,12947
2023-12-29T10:00:00.000Z,0.84022,0.84024,0.83564,0.84013,16207
2023-12-29T14:00:00.000Z,0.84012,0.84321,0.83617,0.83914,22708
2023-12-29T18:00:00.000Z,0.83913,0.8419,0.83913,0.84131,8414
2024-01-01T22:00:00.000Z,0.83969,0.84263,0.83875,0.84262,5672
2024-01-02T02:00:00.000Z,0.84261,0.84555,0.84252,0.84388,5900
2024-01-02T06:00:00.000Z,0.84389,0.84709,0.84327,0.84623,14423
2024-01-02T10:00:00.000Z,0.84623,0.85033,0.84607,0.84938,18179
2024-01-02T14:00:00.000Z,0.84939,0.8503,0.84636,0.85016,21138
2024-01-02T18:00:00.000Z,0.85016,0.85065,0.84898,0.85042,9112
2024-01-02T22:00:00.000Z,0.84938,0.85039,0.84905,0.84955,4710
2024-01-03T02:00:00.000Z,0.84955,0.85023,0.84889,0.84995,4467
2024-01-03T06:00:00.000Z,0.84991,0.85218,0.84922,0.85143,13354
2024-01-03T10:00:00.000Z,0.85142,0.8554,0.85127,0.85277,15693
2024-01-03T14:00:00.000Z,0.85277,0.85472,0.85065,0.85166,23565
2024-01-03T18:00:00.000Z,0.85167,0.85311,0.8491,0.84919,15164
2024-01-03T22:00:00.000Z,0.84926,0.85055,0.84853,0.85037,7105
2024-01-04T02:00:00.000Z,0.85039,0.85041,0.84822,0.84976,6555
2024-01-04T06:00:00.000Z,0.84976,0.8512,0.84769,0.84941,17085
2024-01-04T10:00:00.000Z,0.8494,0.85285,0.84868,0.85133,16572
2024-01-04T14:00:00.000Z,0.85133,0.85237,0.84859,0.85142,17506
2024-01-04T18:00:00.000Z,0.85141,0.85205,0.84971,0.84995,8029
2024-01-04T22:00:00.000Z,0.8497,0.8505,0.84868,0.84919,6187
2024-01-05T02:00:00.000Z,0.84919,0.85082,0.84899,0.85046,5274
2024-01-05T06:00:00.000Z,0.85046,0.85339,0.85037,0.85295,14183
2024-01-05T10:00:00.000Z,0.85294,0.85766,0.85204,0.85278,18697
2024-01-05T14:00:00.000Z,0.85278,0.85279,0.84551,0.8499,27920
2024-01-05T18:00:00.000Z,0.84992,0.85072,0.84848,0.85053,10699
2024-01-07T22:00:00.000Z,0.84881,0.8513,0.84881,0.85021,5106
2024-01-08T02:00:00.000Z,0.85021,0.85209,0.85021,0.85165,4967
2024-01-08T06:00:00.000Z,0.85166,0.85206,0.84866,0.85079,15898
2024-01-08T10:00:00.000Z,0.85079,0.85171,0.84914,0.84983,13317
2024-01-08T14:00:00.000Z,0.84985,0.84999,0.846,0.84705,14500
2024-01-08T18:00:00.000Z,0.84706,0.84822,0.84683,0.84821,6317
2024-01-08T22:00:00.000Z,0.84786,0.84832,0.84649,0.84653,5774
2024-01-09T02:00:00.000Z,0.84652,0.84786,0.84639,0.84771,5646
2024-01-09T06:00:00.000Z,0.84771,0.85031,0.84715,0.84968,12850
2024-01-09T10:00:00.000Z,0.84968,0.85201,0.84917,0.84993,13194
2024-01-09T14:00:00.000Z,0.84991,0.85316,0.84959,0.85161,16187
2024-01-09T18:00:00.000Z,0.8516,0.85285,0.85102,0.85241,6373
2024-01-09T22:00:00.000Z,0.85251,0.85271,0.85136,0.85217,5050
2024-01-10T02:00:00.000Z,0.85217,0.85252,0.85186,0.85222,4242
2024-01-10T06:00:00.000Z,0.85222,0.8535,0.8514,0.85212,11565
2024-01-10T10:00:00.000Z,0.85214,0.85324,0.85123,0.85257,9946
2024-01-10T14:00:00.000Z,0.85257,0.85311,0.85072,0.85101,13588
2024-01-10T18:00:00.000Z,0.85101,0.8522,0.85069,0.8508,8274
2024-01-10T22:00:00.000Z,0.85088,0.85111,0.84937,0.84942,3461
2024-01-11T02:00:00.000Z,0.84942,0.85005,0.84907,0.84994,3449
2024-01-11T06:00:00.000Z,0.84994,0.85105,0.84905,0.85085,10161
2024-01-11T10:00:00.000Z,0.85083,0.85506,0.84831,0.85476,15866
2024-01-11T14:00:00.000Z,0.85475,0.85658,0.85107,0.85545,29142
2024-01-11T18:00:00.000Z,0.85546,0.8556,0.8518,0.85206,10699
2024-01-11T22:00:00.000Z,0.85194,0.85244,0.85085,0.85149,11758
2024-01-12T02:00:00.000Z,0.8515,0.85231,0.85142,0.85228,5176
2024-01-12T06:00:00.000Z,0.85227,0.85394,0.85148,0.85372,10555
2024-01-12T10:00:00.000Z,0.85372,0.85508,0.85141,0.85252,16066
2024-01-12T14:00:00.000Z,0.85251,0.85358,0.84883,0.85339,22103
2024-01-12T18:00:00.000Z,0.85342,0.85353,0.85195,0.85266,6527
2024-01-14T22:00:00.000Z,0.85203,0.85405,0.85175,0.85302,4343
2024-01-15T02:00:00.000Z,0.85303,0.85304,0.8522,0.85272,3415
2024-01-15T06:00:00.000Z,0.85272,0.8543,0.85216,0.85393,9538
2024-01-15T10:00:00.000Z,0.85392,0.85476,0.85336,0.85374,10441
2024-01-15T14:00:00.000Z,0.85375,0.85611,0.85365,0.856,9241
2024-01-15T18:00:00.000Z,0.856,0.8562,0.85563,0.85565,1750
2024-01-15T22:00:00.000Z,0.85538,0.85766,0.85511,0.85695,10287
2024-01-16T02:00:00.000Z,0.85695,0.85934,0.85695,0.85913,5378
2024-01-16T06:00:00.000Z,0.85913,0.86162,0.85829,0.8605,15387
2024-01-16T10:00:00.000Z,0.86049,0.86132,0.85925,0.86091,16067
2024-01-16T14:00:00.000Z,0.86093,0.86192,0.85913,0.86183,24968
2024-01-16T18:00:00.000Z,0.86183,0.86194,0.86065,0.86153,9181
2024-01-16T22:00:00.000Z,0.86043,0.86217,0.86042,0.8613,9000
2024-01-17T02:00:00.000Z,0.86129,0.86275,0.86072,0.8625,5571
2024-01-17T06:00:00.000Z,0.8625,0.86344,0.86136,0.86187,16658
2024-01-17T10:00:00.000Z,0.86191,0.86726,0.86073,0.86616,17602
2024-01-17T14:00:00.000Z,0.86616,0.8685,0.86512,0.8654,20924
2024-01-17T18:00:00.000Z,0.86541,0.86643,0.86425,0.86449,8193
2024-01-17T22:00:00.000Z,0.86426,0.8648,0.86329,0.86396,6613
2024-01-18T02:00:00.000Z,0.86397,0.86506,0.86339,0.86473,4299
2024-01-18T06:00:00.000Z,0.86474,0.8664,0.86372,0.86427,15373
2024-01-18T10:00:00.000Z,0.86426,0.86898,0.86415,0.86875,15245
2024-01-18T14:00:00.000Z,0.86874,0.86905,0.86705,0.86875,24573
2024-01-18T18:00:00.000Z,0.86875,0.86939,0.86774,0.86807,9054
2024-01-18T22:00:00.000Z,0.86809,0.86862,0.86716,0.86809,7690
2024-01-19T02:00:00.000Z,0.8681,0.86883,0.86777,0.86868,5558
2024-01-19T06:00:00.000Z,0.86869,0.86936,0.86762,0.86846,12161
2024-01-19T10:00:00.000Z,0.86846,0.8694,0.86776,0.86906,11468
2024-01-19T14:00:00.000Z,0.86906,0.87043,0.86787,0.86909,17541
2024-01-19T18:00:00.000Z,0.86909,0.86969,0.86785,0.86805,7052
2024-01-21T22:00:00.000Z,0.86813,0.86902,0.86694,0.86795,8955
2024-01-22T02:00:00.000Z,0.86795,0.86854,0.86763,0.8682,4461
2024-01-22T06:00:00.000Z,0.8682,0.86914,0.86656,0.86774,14573
2024-01-22T10:00:00.000Z,0.86775,0.86895,0.86707,0.8674,12736
2024-01-22T14:00:00.000Z,0.86741,0.87003,0.86739,0.86848,12442
2024-01-22T18:00:00.000Z,0.86848,0.86979,0.86846,0.86904,6494
2024-01-22T22:00:00.000Z,0.8691,0.86934,0.86796,0.86798,5367
2024-01-23T02:00:00.000Z,0.86798,0.86821,0.86553,0.86563,8728
2024-01-23T06:00:00.000Z,0.86563,0.86877,0.86497,0.86812,16021
2024-01-23T10:00:00.000Z,0.86813,0.86965,0.86793,0.86866,11643
2024-01-23T14:00:00.000Z,0.86866,0.8728,0.86866,0.87139,16188
2024-01-23T18:00:00.000Z,0.8714,0.8719,0.86998,0.87027,5444
2024-01-23T22:00:00.000Z,0.87034,0.87042,0.86918,0.86938,4007
2024-01-24T02:00:00.000Z,0.86938,0.86994,0.86895,0.86913,4761
2024-01-24T06:00:00.000Z,0.86915,0.86952,0.86491,0.86509,14524
2024-01-24T10:00:00.000Z,0.8651,0.86564,0.86078,0.86107,14348
2024-01-24T14:00:00.000Z,0.86108,0.86445,0.86062,0.86217,21473
2024-01-24T18:00:00.000Z,0.86219,0.86389,0.86202,0.8629,9928
2024-01-24T22:00:00.000Z,0.86254,0.86489,0.86204,0.86418,6024
2024-01-25T02:00:00.000Z,0.86418,0.86478,0.86369,0.86463,7007
2024-01-25T06:00:00.000Z,0.86461,0.86471,0.8626,0.86342,12887
2024-01-25T10:00:00.000Z,0.86342,0.86691,0.86287,0.86502,15630
2024-01-25T14:00:00.000Z,0.86501,0.86846,0.86473,0.86747,24229
2024-01-25T18:00:00.000Z,0.86748,0.868,0.8666,0.86694,9856
2024-01-25T22:00:00.000Z,0.86704,0.86763,0.86613,0.86669,6951
2024-01-26T02:00:00.000Z,0.86669,0.86724,0.86635,0.86662,5933
2024-01-26T06:00:00.000Z,0.86662,0.86851,0.86442,0.86508,12408
2024-01-26T10:00:00.000Z,0.86508,0.86508,0.86186,0.86329,15171
2024-01-26T14:00:00.000Z,0.86331,0.86435,0.86158,0.86374,18150
2024-01-26T18:00:00.000Z,0.86375,0.8649,0.86347,0.86393,6791
2024-01-28T22:00:00.000Z,0.86464,0.86507,0.86313,0.86344,4159
2024-01-29T02:00:00.000Z,0.86344,0.8639,0.86296,0.86388,3544
2024-01-29T06:00:00.000Z,0.86388,0.86389,0.86067,0.8619,13095
2024-01-29T10:00:00.000Z,0.86192,0.86351,0.86154,0.86319,10203
2024-01-29T14:00:00.000Z,0.86317,0.86493,0.86259,0.8639,11771
2024-01-29T18:00:00.000Z,0.86389,0.8644,0.86063,0.86126,8757
2024-01-29T22:00:00.000Z,0.86092,0.86173,0.86058,0.86142,9166
2024-01-30T02:00:00.000Z,0.86143,0.86188,0.8611,0.86169,4186
2024-01-30T06:00:00.000Z,0.86169,0.86389,0.86073,0.86304,13534
2024-01-30T10:00:00.000Z,0.86303,0.86372,0.8621,0.86223,12585
2024-01-30T14:00:00.000Z,0.86222,0.86429,0.86078,0.86256,17961
2024-01-30T18:00:00.000Z,0.86256,0.86307,0.86146,0.86182,7354
2024-01-30T22:00:00.000Z,0.86148,0.86231,0.86112,0.8623,6235
2024-01-31T02:00:00.000Z,0.86231,0.8636,0.86231,0.86285,5551
2024-01-31T06:00:00.000Z,0.86286,0.86423,0.86184,0.86281,13503
2024-01-31T10:00:00.000Z,0.86281,0.86432,0.86062,0.86133,15512
2024-01-31T14:00:00.000Z,0.86133,0.86167,0.85506,0.85966,26159
2024-01-31T18:00:00.000Z,0.85967,0.86432,0.85794,0.86133,27438
2024-01-31T22:00:00.000Z,0.86074,0.86343,0.86022,0.86317,6877
2024-02-01T02:00:00.000Z,0.86317,0.86362,0.86182,0.86356,7625
2024-02-01T06:00:00.000Z,0.86355,0.86494,0.86247,0.86274,15437
2024-02-01T10:00:00.000Z,0.86274,0.86389,0.86116,0.86253,18944
2024-02-01T14:00:00.000Z,0.86253,0.86396,0.85706,0.85854,26932
2024-02-01T18:00:00.000Z,0.85852,0.85916,0.85725,0.85787,12035
2024-02-01T22:00:00.000Z,0.85743,0.85779,0.85671,0.85741,5523
2024-02-02T02:00:00.000Z,0.85741,0.85773,0.85647,0.85733,7729
2024-02-02T06:00:00.000Z,0.85733,0.85766,0.85566,0.85634,12834
2024-02-02T10:00:00.000Z,0.85634,0.86411,0.8553,0.86358,16671
2024-02-02T14:00:00.000Z,0.8636,0.86806,0.86287,0.86755,26414
2024-02-02T18:00:00.000Z,0.86755,0.86775,0.86606,0.86677,9355
2024-02-04T22:00:00.000Z,0.86621,0.86869,0.86513,0.86743,9145
2024-02-05T02:00:00.000Z,0.86743,0.86813,0.86733,0.86772,6036
2024-02-05T06:00:00.000Z,0.86772,0.87042,0.86706,0.87026,15580
2024-02-05T10:00:00.000Z,0.87026,0.87108,0.86882,0.87097,14546
2024-02-05T14:00:00.000Z,0.87097,0.87184,0.86973,0.87013,17893
2024-02-05T18:00:00.000Z,0.87013,0.87106,0.86953,0.8707,6878
2024-02-05T22:00:00.000Z,0.87061,0.87082,0.87017,0.8705,4428
2024-02-06T02:00:00.000Z,0.8705,0.87066,0.86932,0.86955,9966
2024-02-06T06:00:00.000Z,0.86956,0.87277,0.86898,0.87271,16143
2024-02-06T10:00:00.000Z,0.8727,0.8735,0.87152,0.87301,14464
2024-02-06T14:00:00.000Z,0.87302,0.8741,0.86989,0.87016,22036
2024-02-06T18:00:00.000Z,0.87016,0.87077,0.86953,0.86974,10743
2024-02-06T22:00:00.000Z,0.86977,0.86986,0.86876,0.86917,7066
2024-02-07T02:00:00.000Z,0.86918,0.86985,0.86917,0.86952,6203
2024-02-07T06:00:00.000Z,0.86952,0.87194,0.86882,0.87128,12627
2024-02-07T10:00:00.000Z,0.87128,0.87297,0.87087,0.87134,13637
2024-02-07T14:00:00.000Z,0.87135,0.87446,0.8704,0.87384,22428
2024-02-07T18:00:00.000Z,0.87385,0.87532,0.87321,0.87444,10170
2024-02-07T22:00:00.000Z,0.87357,0.87456,0.87314,0.87321,5642
2024-02-08T02:00:00.000Z,0.87322,0.87344,0.87244,0.87307,5674
2024-02-08T06:00:00.000Z,0.87308,0.87401,0.87238,0.87281,12201
2024-02-08T10:00:00.000Z,0.87281,0.87601,0.87247,0.87596,15795
2024-02-08T14:00:00.000Z,0.876,0.87606,0.87345,0.87433,17268
2024-02-08T18:00:00.000Z,0.87434,0.87462,0.87342,0.87359,9793
2024-02-08T22:00:00.000Z,0.87302,0.87395,0.8729,0.87374,5625
2024-02-09T02:00:00.000Z,0.87374,0.87451,0.87351,0.87438,5431
2024-02-09T06:00:00.000Z,0.87438,0.87619,0.87394,0.87575,12486
2024-02-09T10:00:00.000Z,0.87577,0.87616,0.87309,0.87474,15064
2024-02-09T14:00:00.000Z,0.87477,0.87541,0.87365,0.87491,18007
2024-02-09T18:00:00.000Z,0.87491,0.87554,0.87446,0.87455,5809
2024-02-11T22:00:00.000Z,0.87451,0.87455,0.874,0.87433,5203
2024-02-12T02:00:00.000Z,0.87433,0.87476,0.87413,0.87448,7138
2024-02-12T06:00:00.000Z,0.8745,0.87557,0.87261,0.87552,14161
2024-02-12T10:00:00.000Z,0.87552,0.87724,0.87484,0.87689,13351
2024-02-12T14:00:00.000Z,0.87689,0.87727,0.87517,0.87518,13662
2024-02-12T18:00:00.000Z,0.87519,0.87615,0.87503,0.87567,7556
2024-02-12T22:00:00.000Z,0.8749,0.87623,0.87476,0.87608,5367
2024-02-13T02:00:00.000Z,0.87609,0.8767,0.87593,0.87608,6843
2024-02-13T06:00:00.000Z,0.87608,0.88171,0.87548,0.87961,16619
2024-02-13T10:00:00.000Z,0.87959,0.88607,0.87728,0.88571,17520
2024-02-13T14:00:00.000Z,0.88565,0.88761,0.88436,0.88714,25224
2024-02-13T18:00:00.000Z,0.88714,0.88806,0.88641,0.88708,7730
2024-02-13T22:00:00.000Z,0.88697,0.88752,0.88634,0.88683,6571
2024-02-14T02:00:00.000Z,0.88683,0.88693,0.88594,0.8861,5410
2024-02-14T06:00:00.000Z,0.8861,0.88856,0.88568,0.88729,14190
2024-02-14T10:00:00.000Z,0.88729,0.88822,0.88577,0.88649,12584
2024-02-14T14:00:00.000Z,0.88648,0.88744,0.88483,0.88515,16295
2024-02-14T18:00:00.000Z,0.88515,0.88596,0.88473,0.88572,6749
2024-02-14T22:00:00.000Z,0.8851,0.88581,0.88488,0.88554,5911
2024-02-15T02:00:00.000Z,0.88554,0.88568,0.88483,0.88505,7891
2024-02-15T06:00:00.000Z,0.88505,0.88518,0.88251,0.88321,13382
2024-02-15T10:00:00.000Z,0.88321,0.88361,0.87983,0.88113,14585
2024-02-15T14:00:00.000Z,0.88115,0.88165,0.87828,0.88048,22033
2024-02-15T18:00:00.000Z,0.88048,0.88064,0.87894,0.87988,9144
2024-02-15T22:00:00.000Z,0.87954,0.88103,0.87901,0.88056,5496
2024-02-16T02:00:00.000Z,0.88056,0.88144,0.88054,0.88103,4776
2024-02-16T06:00:00.000Z,0.88102,0.88166,0.88049,0.88109,9727
2024-02-16T10:00:00.000Z,0.88109,0.8839,0.88021,0.8825,12541
2024-02-16T14:00:00.000Z,0.8825,0.88345,0.88015,0.88079,17810
2024-02-16T18:00:00.000Z,0.88075,0.88133,0.87976,0.88096,8439
2024-02-18T22:00:00.000Z,0.88011,0.88106,0.87965,0.8807,6816
2024-02-19T02:00:00.000Z,0.88071,0.88161,0.8805,0.88089,7703
2024-02-19T06:00:00.000Z,0.88089,0.88169,0.88011,0.88118,11491
2024-02-19T10:00:00.000Z,0.88118,0.88137,0.87995,0.88112,10793
2024-02-19T14:00:00.000Z,0.88112,0.88281,0.88096,0.88281,7473
2024-02-19T18:00:00.000Z,0.88281,0.88281,0.88196,0.88236,3624
2024-02-19T22:00:00.000Z,0.88165,0.88324,0.88165,0.88306,7157
2024-02-20T02:00:00.000Z,0.88306,0.88335,0.88248,0.88289,5990
2024-02-20T06:00:00.000Z,0.8829,0.88377,0.88145,0.8817,10339
2024-02-20T10:00:00.000Z,0.8817,0.88257,0.87951,0.87976,13974
2024-02-20T14:00:00.000Z,0.87975,0.88131,0.87856,0.88121,18090
2024-02-20T18:00:00.000Z,0.88121,0.88209,0.88109,0.88191,8174
2024-02-20T22:00:00.000Z,0.88159,0.88203,0.88092,0.88143,5363
2024-02-21T02:00:00.000Z,0.88143,0.88149,0.88044,0.88068,4196
2024-02-21T06:00:00.000Z,0.88069,0.88184,0.88029,0.88057,11606
2024-02-21T10:00:00.000Z,0.88057,0.88088,0.87958,0.88,11217
2024-02-21T14:00:00.000Z,0.87998,0.88118,0.87928,0.88049,13404
2024-02-21T18:00:00.000Z,0.88051,0.88112,0.87879,0.87962,10910
2024-02-21T22:00:00.000Z,0.87887,0.87961,0.87821,0.87886,6782
2024-02-22T02:00:00.000Z,0.87887,0.87938,0.87762,0.87806,5548
2024-02-22T06:00:00.000Z,0.87807,0.87811,0.87421,0.87707,14654
2024-02-22T10:00:00.000Z,0.87707,0.88045,0.87693,0.88025,15559
2024-02-22T14:00:00.000Z,0.88024,0.88212,0.88013,0.88153,19374
2024-02-22T18:00:00.000Z,0.88152,0.88175,0.87996,0.88028,10693
2024-02-22T22:00:00.000Z,0.88021,0.88086,0.87962,0.88037,5180
2024-02-23T02:00:00.000Z,0.88037,0.88098,0.88012,0.88084,3285
2024-02-23T06:00:00.000Z,0.88084,0.88194,0.88022,0.88164,10093
2024-02-23T10:00:00.000Z,0.88163,0.88167,0.87812,0.8798,13023
2024-02-23T14:00:00.000Z,0.87984,0.88178,0.87959,0.88058,14925
2024-02-23T18:00:00.000Z,0.88057,0.88145,0.88028,0.88125,5294
2024-02-25T22:00:00.000Z,0.87942,0.882,0.87937,0.8816,5339
2024-02-26T02:00:00.000Z,0.8816,0.8822,0.88075,0.88093,6299
2024-02-26T06:00:00.000Z,0.88092,0.88133,0.87977,0.87977,9926
2024-02-26T10:00:00.000Z,0.87976,0.88026,0.87878,0.87928,10370
2024-02-26T14:00:00.000Z,0.87927,0.88138,0.87908,0.8808,15870
2024-02-26T18:00:00.000Z,0.8808,0.88127,0.87993,0.88002,10729
2024-02-26T22:00:00.000Z,0.87982,0.88071,0.87928,0.88021,5869
2024-02-27T02:00:00.000Z,0.88021,0.88036,0.87915,0.87981,7716
2024-02-27T06:00:00.000Z,0.87979,0.88018,0.87845,0.87963,13198
2024-02-27T10:00:00.000Z,0.87963,0.88079,0.87847,0.87983,13509
2024-02-27T14:00:00.000Z,0.87982,0.88103,0.87865,0.87977,14120
2024-02-27T18:00:00.000Z,0.87977,0.8802,0.87845,0.87856,10113
2024-02-27T22:00:00.000Z,0.87884,0.87963,0.87811,0.87918,6585
2024-02-28T02:00:00.000Z,0.87918,0.88051,0.87912,0.88022,6106
2024-02-28T06:00:00.000Z,0.88023,0.88154,0.88007,0.88137,10096
2024-02-28T10:00:00.000Z,0.88137,0.88144,0.87938,0.88011,13279
2024-02-28T14:00:00.000Z,0.88013,0.88067,0.87838,0.8791,12806
2024-02-28T18:00:00.000Z,0.8791,0.87932,0.87856,0.87888,7814
2024-02-28T22:00:00.000Z,0.87863,0.87903,0.87817,0.87865,4906
2024-02-29T02:00:00.000Z,0.87864,0.87881,0.87804,0.87829,9181
2024-02-29T06:00:00.000Z,0.87833,0.87933,0.87793,0.87803,11416
2024-02-29T10:00:00.000Z,0.87803,0.881,0.87794,0.87914,17281
2024-02-29T14:00:00.000Z,0.87914,0.8844,0.8779,0.88384,18644
2024-02-29T18:00:00.000Z,0.88383,0.88466,0.88322,0.88454,7509
2024-02-29T22:00:00.000Z,0.88454,0.88487,0.88391,0.88421,5001
2024-03-01T02:00:00.000Z,0.88418,0.88491,0.88392,0.88486,6313
2024-03-01T06:00:00.000Z,0.88487,0.88701,0.88453,0.8851,15102
2024-03-01T10:00:00.000Z,0.88506,0.88787,0.88473,0.88783,12376
2024-03-01T14:00:00.000Z,0.88784,0.88925,0.88371,0.88398,20232
2024-03-01T18:00:00.000Z,0.88399,0.88477,0.88294,0.88301,10294
2024-03-03T22:00:00.000Z,0.88273,0.8838,0.8826,0.8835,7113
2024-03-04T02:00:00.000Z,0.88351,0.8837,0.88248,0.88309,5907
2024-03-04T06:00:00.000Z,0.88307,0.88338,0.88054,0.88252,11515
2024-03-04T10:00:00.000Z,0.88253,0.88639,0.8825,0.88444,11557
2024-03-04T14:00:00.000Z,0.88443,0.88611,0.8839,0.88433,13736
2024-03-04T18:00:00.000Z,0.88433,0.88518,0.88385,0.88488,5271
2024-03-04T22:00:00.000Z,0.88414,0.88572,0.88389,0.88549,6906
2024-03-05T02:00:00.000Z,0.88549,0.88568,0.88487,0.88557,3987
2024-03-05T06:00:00.000Z,0.88557,0.88653,0.88504,0.88578,13386
2024-03-05T10:00:00.000Z,0.8858,0.88663,0.88504,0.88533,8799
2024-03-05T14:00:00.000Z,0.88533,0.88545,0.88253,0.88362,18318
2024-03-05T18:00:00.000Z,0.88362,0.88405,0.88298,0.88329,10575
2024-03-05T22:00:00.000Z,0.88297,0.88522,0.88293,0.88489,7246
2024-03-06T02:00:00.000Z,0.88488,0.88492,0.88406,0.88439,7115
2024-03-06T06:00:00.000Z,0.88439,0.88554,0.88368,0.88445,10782
2024-03-06T10:00:00.000Z,0.88446,0.88556,0.88354,0.8836,13897
2024-03-06T14:00:00.000Z,0.88361,0.88386,0.88039,0.88189,17838
2024-03-06T18:00:00.000Z,0.88191,0.88261,0.88139,0.88211,10289
2024-03-06T22:00:00.000Z,0.88211,0.88231,0.88117,0.88171,7737
2024-03-07T02:00:00.000Z,0.88174,0.8822,0.88087,0.88175,6475
2024-03-07T06:00:00.000Z,0.88175,0.88197,0.88066,0.88077,11042
2024-03-07T10:00:00.000Z,0.8808,0.88134,0.87848,0.87933,13523
2024-03-07T14:00:00.000Z,0.87934,0.88037,0.87746,0.87865,18292
2024-03-07T18:00:00.000Z,0.87866,0.87866,0.87724,0.87756,10904
2024-03-07T22:00:00.000Z,0.87696,0.87768,0.87665,0.87731,7205
2024-03-08T02:00:00.000Z,0.87731,0.87772,0.87701,0.87727,5388
2024-03-08T06:00:00.000Z,0.87727,0.87765,0.87574,0.87645,11207
2024-03-08T10:00:00.000Z,0.87645,0.87823,0.87295,0.87509,14753
2024-03-08T14:00:00.000Z,0.8751,0.877,0.87427,0.87671,24051
2024-03-08T18:00:00.000Z,0.87671,0.87785,0.87662,0.8774,6434
2024-03-10T21:00:00.000Z,0.87583,0.87809,0.87527,0.87726,4752
2024-03-11T01:00:00.000Z,0.87726,0.87795,0.87672,0.8777,6880
2024-03-11T05:00:00.000Z,0.8777,0.87795,0.87546,0.87591,10946
2024-03-11T09:00:00.000Z,0.87592,0.87774,0.87548,0.87772,12448
2024-03-11T13:00:00.000Z,0.87774,0.87946,0.8775,0.87834,13292
2024-03-11T17:00:00.000Z,0.87834,0.87878,0.87738,0.87748,7435
2024-03-11T21:00:00.000Z,0.87755,0.87777,0.87694,0.87736,6694
2024-03-12T01:00:00.000Z,0.87736,0.87758,0.87691,0.87706,10819
2024-03-12T05:00:00.000Z,0.87706,0.87738,0.8761,0.87652,9101
2024-03-12T09:00:00.000Z,0.87652,0.87923,0.87468,0.87728,15868
2024-03-12T13:00:00.000Z,0.87727,0.87948,0.87722,0.87804,22521
2024-03-12T17:00:00.000Z,0.87804,0.87865,0.87709,0.87717,14467
2024-03-12T21:00:00.000Z,0.87698,0.87764,0.87662,0.87737,5844
2024-03-13T01:00:00.000Z,0.87737,0.87793,0.87722,0.87778,8489
2024-03-13T05:00:00.000Z,0.87778,0.87858,0.87744,0.87852,11736
2024-03-13T09:00:00.000Z,0.87852,0.87886,0.87708,0.87743,12797
2024-03-13T13:00:00.000Z,0.87744,0.87834,0.87661,0.87776,16325
2024-03-13T17:00:00.000Z,0.87777,0.87897,0.87683,0.87889,10001
2024-03-13T21:00:00.000Z,0.87881,0.87881,0.87817,0.87846,5437
2024-03-14T01:00:00.000Z,0.87845,0.8797,0.87816,0.87928,10577
2024-03-14T05:00:00.000Z,0.87931,0.88024,0.87923,0.87995,10512
2024-03-14T09:00:00.000Z,0.87994,0.87999,0.87818,0.87964,12028
2024-03-14T13:00:00.000Z,0.87964,0.88382,0.87947,0.88316,20595
2024-03-14T17:00:00.000Z,0.88316,0.88409,0.88293,0.88375,6962
2024-03-14T21:00:00.000Z,0.88376,0.8849,0.88288,0.8848,5098
2024-03-15T01:00:00.000Z,0.88482,0.88504,0.88446,0.88472,5844
2024-03-15T05:00:00.000Z,0.88473,0.88525,0.88387,0.88421,12325
2024-03-15T09:00:00.000Z,0.88421,0.88422,0.88191,0.88268,13409
2024-03-15T13:00:00.000Z,0.88268,0.88415,0.88196,0.88408,14583
2024-03-15T17:00:00.000Z,0.88405,0.88453,0.88337,0.88352,5992
2024-03-17T21:00:00.000Z,0.88297,0.88384,0.88242,0.88359,7069
2024-03-18T01:00:00.000Z,0.88358,0.88391,0.88276,0.88353,6296
2024-03-18T05:00:00.000Z,0.88353,0.88423,0.88327,0.88358,11543
2024-03-18T09:00:00.000Z,0.88358,0.88447,0.88214,0.8837,11214
2024-03-18T13:00:00.000Z,0.88371,0.88702,0.88371,0.88693,14861
2024-03-18T17:00:00.000Z,0.88692,0.88844,0.88657,0.8877,7202
2024-03-18T21:00:00.000Z,0.8864,0.88839,0.8864,0.88838,6367
2024-03-19T01:00:00.000Z,0.88837,0.88872,0.8877,0.8883,11175
2024-03-19T05:00:00.000Z,0.8883,0.88985,0.887,0.88729,14801
2024-03-19T09:00:00.000Z,0.88729,0.88953,0.88702,0.88702,14780
2024-03-19T13:00:00.000Z,0.88702,0.88875,0.88668,0.88808,12353
2024-03-19T17:00:00.000Z,0.88808,0.88835,0.88745,0.88809,5739
2024-03-19T21:00:00.000Z,0.88794,0.88899,0.88727,0.88862,7351
2024-03-20T01:00:00.000Z,0.88861,0.88924,0.88846,0.88923,5167
2024-03-20T05:00:00.000Z,0.88924,0.89046,0.88861,0.89011,11560
2024-03-20T09:00:00.000Z,0.89011,0.89188,0.89006,0.89048,11642
2024-03-20T13:00:00.000Z,0.89048,0.89163,0.89023,0.89077,10714
2024-03-20T17:00:00.000Z,0.89076,0.89165,0.88587,0.88676,25712
2024-03-20T21:00:00.000Z,0.8861,0.88677,0.88499,0.88507,11932
2024-03-21T01:00:00.000Z,0.88508,0.8854,0.88391,0.88532,9717
2024-03-21T05:00:00.000Z,0.88534,0.89741,0.88446,0.89484,17933
2024-03-21T09:00:00.000Z,0.89484,0.89682,0.89234,0.89466,21484
2024-03-21T13:00:00.000Z,0.89466,0.89939,0.89463,0.89822,22686
2024-03-21T17:00:00.000Z,0.89822,0.89879,0.89745,0.89752,7788
2024-03-21T21:00:00.000Z,0.89767,0.89795,0.897,0.89748,5669
2024-03-22T01:00:00.000Z,0.89749,0.89946,0.89738,0.89909,10174
2024-03-22T05:00:00.000Z,0.89908,0.90198,0.89811,0.90102,11860
2024-03-22T09:00:00.000Z,0.90102,0.90124,0.89838,0.89845,15739
2024-03-22T13:00:00.000Z,0.89844,0.89901,0.89691,0.89871,16035
2024-03-22T17:00:00.000Z,0.89872,0.89898,0.89652,0.89726,7158
2024-03-24T21:00:00.000Z,0.89664,0.89842,0.89652,0.89832,6858
2024-03-25T01:00:00.000Z,0.89832,0.89836,0.89694,0.8977,11713
2024-03-25T05:00:00.000Z,0.8977,0.89868,0.89698,0.8983,9358
2024-03-25T09:00:00.000Z,0.8983,0.89862,0.8972,0.8976,9360
2024-03-25T13:00:00.000Z,0.89762,0.89903,0.89688,0.89901,10215
2024-03-25T17:00:00.000Z,0.89901,0.89955,0.89848,0.89948,4441
2024-03-25T21:00:00.000Z,0.89914,0.89987,0.89829,0.89937,6998
2024-03-26T01:00:00.000Z,0.89936,0.90057,0.89901,0.90042,6854
2024-03-26T05:00:00.000Z,0.90043,0.90176,0.89953,0.90094,10725
2024-03-26T09:00:00.000Z,0.90094,0.90391,0.90012,0.90333,13441
2024-03-26T13:00:00.000Z,0.90333,0.90433,0.90202,0.90366,13999
2024-03-26T17:00:00.000Z,0.90365,0.90413,0.90304,0.90392,5849
2024-03-26T21:00:00.000Z,0.90367,0.90397,0.90285,0.90355,4795
2024-03-27T01:00:00.000Z,0.90357,0.90422,0.90326,0.90388,6084
2024-03-27T05:00:00.000Z,0.90387,0.90628,0.90369,0.90529,10208
2024-03-27T09:00:00.000Z,0.90525,0.90707,0.90377,0.90676,14872
2024-03-27T13:00:00.000Z,0.90675,0.90714,0.9047,0.90486,11002
2024-03-27T17:00:00.000Z,0.90486,0.90598,0.90368,0.90373,6247
2024-03-27T21:00:00.000Z,0.90395,0.90643,0.90315,0.90567,6435
2024-03-28T01:00:00.000Z,0.90568,0.90593,0.90431,0.90487,8424
2024-03-28T05:00:00.000Z,0.90488,0.90647,0.90457,0.90606,12201
2024-03-28T09:00:00.000Z,0.9061,0.90641,0.90352,0.90359,13875
2024-03-28T13:00:00.000Z,0.90359,0.90375,0.89993,0.9008,18291
2024-03-28T17:00:00.000Z,0.9008,0.90225,0.90048,0.90156,7046
2024-03-28T21:00:00.000Z,0.90141,0.90239,0.90067,0.90195,16409
2024-03-29T01:00:00.000Z,0.90195,0.90277,0.90155,0.90203,3093
2024-03-29T05:00:00.000Z,0.90203,0.90273,0.90065,0.90123,8509
2024-03-29T09:00:00.000Z,0.90136,0.90204,0.90078,0.90121,14376
2024-03-29T13:00:00.000Z,0.90121,0.90226,0.90091,0.90216,15906
2024-03-29T17:00:00.000Z,0.90207,0.90253,0.90081,0.90101,4783
2024-03-31T21:00:00.000Z,0.90108,0.90234,0.90064,0.90189,7223
2024-04-01T01:00:00.000Z,0.90186,0.90237,0.90142,0.90184,8698
2024-04-01T05:00:00.000Z,0.90186,0.90207,0.9005,0.90086,8083
2024-04-01T09:00:00.000Z,0.90086,0.90289,0.90062,0.90221,9003
2024-04-01T13:00:00.000Z,0.90221,0.90568,0.90201,0.90493,15036
2024-04-01T17:00:00.000Z,0.90491,0.9053,0.90411,0.90429,6702
2024-04-01T21:00:00.000Z,0.90446,0.90561,0.90345,0.9052,7007
2024-04-02T01:00:00.000Z,0.90523,0.90641,0.90508,0.90632,5210
2024-04-02T05:00:00.000Z,0.90635,0.90894,0.90612,0.90848,10986
2024-04-02T09:00:00.000Z,0.90849,0.90907,0.90734,0.90798,12713
2024-04-02T13:00:00.000Z,0.90799,0.90819,0.90533,0.90709,17969
2024-04-02T17:00:00.000Z,0.90709,0.90871,0.90705,0.90798,5312
2024-04-02T21:00:00.000Z,0.90755,0.90819,0.90711,0.90813,5880
2024-04-03T01:00:00.000Z,0.90814,0.90853,0.90768,0.9082,5695
2024-04-03T05:00:00.000Z,0.9082,0.90954,0.90792,0.90821,9343
2024-04-03T09:00:00.000Z,0.90822,0.90924,0.90759,0.90894,10837
2024-04-03T13:00:00.000Z,0.90893,0.90902,0.90295,0.90383,18487
2024-04-03T17:00:00.000Z,0.90385,0.90431,0.90279,0.90282,7150
2024-04-03T21:00:00.000Z,0.90288,0.90327,0.90238,0.9027,4669
2024-04-04T01:00:00.000Z,0.90271,0.90345,0.90265,0.90341,4684
2024-04-04T05:00:00.000Z,0.90341,0.90741,0.90262,0.90587,12063
2024-04-04T09:00:00.000Z,0.90586,0.90748,0.90479,0.90481,9233
2024-04-04T13:00:00.000Z,0.90481,0.90565,0.90381,0.90449,12259
2024-04-04T17:00:00.000Z,0.90448,0.90501,0.90084,0.90123,12978
2024-04-04T21:00:00.000Z,0.90079,0.90216,0.90028,0.90139,8460
2024-04-05T01:00:00.000Z,0.9014,0.90277,0.90128,0.90261,7541
2024-04-05T05:00:00.000Z,0.90261,0.9045,0.90153,0.90344,11684
2024-04-05T09:00:00.000Z,0.90344,0.90707,0.90263,0.90536,13066
2024-04-05T13:00:00.000Z,0.90534,0.9061,0.89976,0.90138,20091
2024-04-05T17:00:00.000Z,0.90137,0.90261,0.90098,0.90223,8967
2024-04-07T21:00:00.000Z,0.90106,0.90405,0.90021,0.90398,10245
2024-04-08T01:00:00.000Z,0.90401,0.90419,0.90234,0.904,12837
2024-04-08T05:00:00.000Z,0.90399,0.90592,0.90296,0.90565,14564
2024-04-08T09:00:00.000Z,0.90565,0.90654,0.90474,0.90488,10841
2024-04-08T13:00:00.000Z,0.90486,0.90619,0.90398,0.90561,13849
2024-04-08T17:00:00.000Z,0.90561,0.9059,0.90429,0.9056,5718
2024-04-08T21:00:00.000Z,0.9047,0.90563,0.90427,0.9055,7513
2024-04-09T01:00:00.000Z,0.90551,0.90561,0.90471,0.90485,5300
2024-04-09T05:00:00.000Z,0.90485,0.90523,0.90404,0.90449,7439
2024-04-09T09:00:00.000Z,0.9045,0.90457,0.90168,0.90194,13890
2024-04-09T13:00:00.000Z,0.90193,0.90388,0.90125,0.90343,14676
2024-04-09T17:00:00.000Z,0.90343,0.90412,0.90329,0.90351,6433
2024-04-09T21:00:00.000Z,0.9028,0.90358,0.90244,0.90334,6445
2024-04-10T01:00:00.000Z,0.90335,0.90405,0.90316,0.90382,5662
2024-04-10T05:00:00.000Z,0.90385,0.90428,0.90291,0.90367,9141
2024-04-10T09:00:00.000Z,0.90366,0.90978,0.90244,0.90898,16002
2024-04-10T13:00:00.000Z,0.90895,0.91422,0.90895,0.91414,24841
2024-04-10T17:00:00.000Z,0.91413,0.91472,0.91143,0.91274,15819
2024-04-10T21:00:00.000Z,0.91281,0.91356,0.91212,0.91314,9136
2024-04-11T01:00:00.000Z,0.91314,0.91325,0.91228,0.91252,6476
2024-04-11T05:00:00.000Z,0.91251,0.91464,0.91228,0.9138,14293
2024-04-11T09:00:00.000Z,0.9138,0.91404,0.90743,0.90882,20771
2024-04-11T13:00:00.000Z,0.90882,0.91237,0.90879,0.91047,22053
2024-04-11T17:00:00.000Z,0.91048,0.9106,0.90861,0.90988,9483
2024-04-11T21:00:00.000Z,0.90973,0.91045,0.90898,0.90966,6021
2024-04-12T01:00:00.000Z,0.90968,0.91123,0.90932,0.9112,9651
2024-04-12T05:00:00.000Z,0.91119,0.91308,0.91065,0.91267,14534
2024-04-12T09:00:00.000Z,0.91266,0.91369,0.91068,0.91137,16358
2024-04-12T13:00:00.000Z,0.91137,0.91273,0.91033,0.91247,25485
2024-04-12T17:00:00.000Z,0.91246,0.91443,0.91209,0.91438,8999
2024-04-14T21:00:00.000Z,0.91187,0.91435,0.91132,0.91425,14260
2024-04-15T01:00:00.000Z,0.91425,0.91475,0.91315,0.91418,10071
2024-04-15T05:00:00.000Z,0.91418,0.91437,0.91211,0.91287,13631
2024-04-15T09:00:00.000Z,0.91287,0.91512,0.91217,0.91344,14991
2024-04-15T13:00:00.000Z,0.91343,0.91519,0.91273,0.91335,19219
2024-04-15T17:00:00.000Z,0.91335,0.91347,0.91185,0.91188,12690
2024-04-15T21:00:00.000Z,0.91148,0.91283,0.91092,0.91281,6400
2024-04-16T01:00:00.000Z,0.91281,0.91366,0.91241,0.91281,9360
2024-04-16T05:00:00.000Z,0.91279,0.91418,0.91171,0.91333,14868
2024-04-16T09:00:00.000Z,0.91335,0.9135,0.91111,0.91196,15163
2024-04-16T13:00:00.000Z,0.91196,0.91371,0.91176,0.91244,19095
2024-04-16T17:00:00.000Z,0.91244,0.91396,0.91188,0.91297,15737
2024-04-16T21:00:00.000Z,0.91228,0.91308,0.91213,0.91229,6319
2024-04-17T01:00:00.000Z,0.91229,0.91258,0.91181,0.91235,7246
2024-04-17T05:00:00.000Z,0.91235,0.91323,0.90933,0.90993,13337
2024-04-17T09:00:00.000Z,0.90994,0.91181,0.90975,0.91165,12621
2024-04-17T13:00:00.000Z,0.91167,0.91313,0.91054,0.91093,17524
2024-04-17T17:00:00.000Z,0.91093,0.91111,0.90955,0.91068,12778
2024-04-17T21:00:00.000Z,0.91067,0.91099,0.91009,0.91043,5879
2024-04-18T01:00:00.000Z,0.91043,0.91091,0.90956,0.91007,7957
2024-04-18T05:00:00.000Z,0.91008,0.9102,0.9081,0.90859,11927
2024-04-18T09:00:00.000Z,0.90861,0.91026,0.90819,0.90955,12103
2024-04-18T13:00:00.000Z,0.90956,0.91217,0.90933,0.91177,15592
2024-04-18T17:00:00.000Z,0.91177,0.91255,0.91128,0.91249,6937
2024-04-18T21:00:00.000Z,0.91213,0.91309,0.91181,0.91195,6988
2024-04-19T01:00:00.000Z,0.91196,0.91198,0.9011,0.90824,31578
2024-04-19T05:00:00.000Z,0.90823,0.90947,0.90698,0.90845,22788
2024-04-19T09:00:00.000Z,0.90843,0.90947,0.90714,0.90795,15542
2024-04-19T13:00:00.000Z,0.90795,0.91011,0.90742,0.90992,17657
2024-04-19T17:00:00.000Z,0.90993,0.9106,0.90931,0.91013,8342
2024-04-21T21:00:00.000Z,0.90946,0.91128,0.90919,0.911,9518
2024-04-22T01:00:00.000Z,0.91101,0.91229,0.91014,0.91165,9845
2024-04-22T05:00:00.000Z,0.91166,0.91221,0.90982,0.91086,12460
2024-04-22T09:00:00.000Z,0.91086,0.91193,0.9105,0.91119,13005
2024-04-22T13:00:00.000Z,0.91119,0.91239,0.91055,0.91164,12545
2024-04-22T17:00:00.000Z,0.91164,0.91203,0.91068,0.91187,5711
2024-04-22T21:00:00.000Z,0.91167,0.91209,0.91092,0.91145,13564
2024-04-23T01:00:00.000Z,0.91145,0.9123,0.91125,0.91225,6728
2024-04-23T05:00:00.000Z,0.91227,0.91299,0.90992,0.91184,11400
2024-04-23T09:00:00.000Z,0.91184,0.91248,0.91068,0.91138,11075
2024-04-23T13:00:00.000Z,0.91139,0.9124,0.90867,0.91165,17914
2024-04-23T17:00:00.000Z,0.91165,0.91199,0.91057,0.91187,6719
2024-04-23T21:00:00.000Z,0.91186,0.912,0.91093,0.91153,4793
2024-04-24T01:00:00.000Z,0.91153,0.91187,0.9113,0.9117,6805
2024-04-24T05:00:00.000Z,0.9117,0.9147,0.91162,0.91428,10532
2024-04-24T09:00:00.000Z,0.91428,0.9153,0.91328,0.9133,9052
2024-04-24T13:00:00.000Z,0.9133,0.91434,0.91201,0.9139,14192
2024-04-24T17:00:00.000Z,0.91391,0.91524,0.91308,0.91524,6541
2024-04-24T21:00:00.000Z,0.91498,0.91509,0.91396,0.91441,6126
2024-04-25T01:00:00.000Z,0.9144,0.91485,0.91398,0.91445,5788
2024-04-25T05:00:00.000Z,0.91443,0.91447,0.9125,0.91257,9663
2024-04-25T09:00:00.000Z,0.91258,0.91555,0.91188,0.9152,13502
2024-04-25T13:00:00.000Z,0.91518,0.91565,0.91269,0.91289,17792
2024-04-25T17:00:00.000Z,0.91291,0.91302,0.9117,0.9123,9105
2024-04-25T21:00:00.000Z,0.91182,0.91321,0.91142,0.9128,7613
2024-04-26T01:00:00.000Z,0.91281,0.91343,0.91256,0.91317,6846
2024-04-26T05:00:00.000Z,0.91316,0.91333,0.90957,0.91154,14002
2024-04-26T09:00:00.000Z,0.91156,0.91338,0.91038,0.91296,15364
2024-04-26T13:00:00.000Z,0.91295,0.91501,0.91199,0.9139,18067
2024-04-26T17:00:00.000Z,0.91389,0.91475,0.91307,0.91443,5306
2024-04-28T21:00:00.000Z,0.91359,0.91423,0.91268,0.91312,5041
2024-04-29T01:00:00.000Z,0.91312,0.91523,0.9101,0.91068,13289
2024-04-29T05:00:00.000Z,0.91068,0.91305,0.90965,0.91159,17937
2024-04-29T09:00:00.000Z,0.91159,0.91231,0.91106,0.91207,10120
2024-04-29T13:00:00.000Z,0.91208,0.91325,0.90878,0.90981,13674
2024-04-29T17:00:00.000Z,0.90979,0.91074,0.90962,0.91051,6543
2024-04-29T21:00:00.000Z,0.90989,0.91134,0.90933,0.91106,7104
2024-04-30T01:00:00.000Z,0.91105,0.91192,0.91078,0.91131,6536
2024-04-30T05:00:00.000Z,0.91132,0.91371,0.91124,0.91237,10808
2024-04-30T09:00:00.000Z,0.91236,0.91544,0.91045,0.91484,13543
2024-04-30T13:00:00.000Z,0.91483,0.91846,0.9129,0.91771,20224
2024-04-30T17:00:00.000Z,0.91766,0.9195,0.91725,0.91935,6135
2024-04-30T21:00:00.000Z,0.91909,0.92,0.91783,0.91997,5733
2024-05-01T01:00:00.000Z,0.91994,0.92159,0.91972,0.92122,3697
2024-05-01T05:00:00.000Z,0.92122,0.92242,0.92065,0.92105,7832
2024-05-01T09:00:00.000Z,0.92104,0.92123,0.91918,0.91966,8514
2024-05-01T13:00:00.000Z,0.91967,0.92021,0.91867,0.9201,11890
2024-05-01T17:00:00.000Z,0.9201,0.92077,0.91454,0.91503,25195
2024-05-01T21:00:00.000Z,0.9162,0.91709,0.91495,0.9168,10041
2024-05-02T01:00:00.000Z,0.91681,0.91732,0.91617,0.91636,7180
2024-05-02T05:00:00.000Z,0.91637,0.91663,0.90983,0.91264,15289
2024-05-02T09:00:00.000Z,0.91265,0.91291,0.91085,0.91211,12919
2024-05-02T13:00:00.000Z,0.91211,0.9138,0.91099,0.91151,16598
2024-05-02T17:00:00.000Z,0.91151,0.91195,0.90975,0.91071,6796
2024-05-02T21:00:00.000Z,0.91032,0.91049,0.90941,0.90953,5819
2024-05-03T01:00:00.000Z,0.90954,0.90975,0.9088,0.9095,5093
2024-05-03T05:00:00.000Z,0.90951,0.90958,0.907,0.90783,9154
2024-05-03T09:00:00.000Z,0.90783,0.90792,0.90056,0.903,13967
2024-05-03T13:00:00.000Z,0.90304,0.90619,0.90196,0.9057,24867
2024-05-03T17:00:00.000Z,0.90568,0.90594,0.90463,0.90493,5441
2024-05-05T21:00:00.000Z,0.90485,0.90608,0.90412,0.90562,4374
2024-05-06T01:00:00.000Z,0.90562,0.90623,0.90503,0.90601,5520
2024-05-06T05:00:00.000Z,0.90603,0.90635,0.90418,0.90468,7591
2024-05-06T09:00:00.000Z,0.90469,0.906,0.90374,0.90379,8008
2024-05-06T13:00:00.000Z,0.90379,0.90631,0.90357,0.90607,7366
2024-05-06T17:00:00.000Z,0.90605,0.9066,0.90579,0.90615,3803
2024-05-06T21:00:00.000Z,0.90558,0.90694,0.90498,0.90606,5120
2024-05-07T01:00:00.000Z,0.90608,0.90765,0.90582,0.90711,4603
2024-05-07T05:00:00.000Z,0.90711,0.90802,0.90601,0.90777,8029
2024-05-07T09:00:00.000Z,0.90778,0.90862,0.90652,0.90662,7761
2024-05-07T13:00:00.000Z,0.90661,0.90799,0.90578,0.90766,8787
2024-05-07T17:00:00.000Z,0.90765,0.90935,0.90753,0.90837,4696
2024-05-07T21:00:00.000Z,0.90789,0.90877,0.90789,0.90868,3926
2024-05-08T01:00:00.000Z,0.9087,0.90932,0.90844,0.90914,4112
2024-05-08T05:00:00.000Z,0.90915,0.90959,0.9083,0.90832,6893
2024-05-08T09:00:00.000Z,0.90832,0.90925,0.90784,0.90839,7231
2024-05-08T13:00:00.000Z,0.90841,0.90893,0.9073,0.90809,8642
2024-05-08T17:00:00.000Z,0.90806,0.90825,0.90759,0.90803,3193
2024-05-08T21:00:00.000Z,0.90719,0.90846,0.90719,0.90845,3907
2024-05-09T01:00:00.000Z,0.90845,0.90854,0.90796,0.90839,4017
2024-05-09T05:00:00.000Z,0.90838,0.90946,0.90822,0.90944,6511
2024-05-09T09:00:00.000Z,0.90945,0.90987,0.90643,0.90727,9967
2024-05-09T13:00:00.000Z,0.90727,0.90823,0.90601,0.90672,10161
2024-05-09T17:00:00.000Z,0.90671,0.90682,0.90558,0.90591,3999
2024-05-09T21:00:00.000Z,0.90551,0.90655,0.90516,0.90631,5153
2024-05-10T01:00:00.000Z,0.90632,0.907,0.90594,0.90661,4309
2024-05-10T05:00:00.000Z,0.90663,0.90705,0.90558,0.90631,7530
2024-05-10T09:00:00.000Z,0.90629,0.90788,0.90591,0.90753,7505
2024-05-10T13:00:00.000Z,0.90754,0.90854,0.90595,0.90607,10642
2024-05-10T17:00:00.000Z,0.90607,0.90653,0.90559,0.90649,3697
2024-05-12T21:00:00.000Z,0.90589,0.90665,0.90514,0.90642,3307
2024-05-13T01:00:00.000Z,0.90641,0.90696,0.90631,0.90687,4807
2024-05-13T05:00:00.000Z,0.90689,0.90703,0.9062,0.90648,8559
2024-05-13T09:00:00.000Z,0.90647,0.90754,0.90533,0.90554,10750
2024-05-13T13:00:00.000Z,0.90553,0.90771,0.90453,0.90732,13226
2024-05-13T17:00:00.000Z,0.90733,0.90872,0.90731,0.90824,6034
2024-05-13T21:00:00.000Z,0.90779,0.90861,0.90779,0.90834,5601
2024-05-14T01:00:00.000Z,0.90836,0.90883,0.90821,0.90862,5390
2024-05-14T05:00:00.000Z,0.90861,0.90876,0.90741,0.90748,7493
2024-05-14T09:00:00.000Z,0.90749,0.91021,0.90705,0.90739,12268
2024-05-14T13:00:00.000Z,0.9074,0.90784,0.90548,0.90654,15487
2024-05-14T17:00:00.000Z,0.90653,0.90695,0.90638,0.90649,4811
2024-05-14T21:00:00.000Z,0.90572,0.90705,0.90569,0.90654,7286
2024-05-15T01:00:00.000Z,0.90654,0.90661,0.90581,0.90615,3859
2024-05-15T05:00:00.000Z,0.90614,0.90618,0.90443,0.90497,8734
2024-05-15T09:00:00.000Z,0.90497,0.90578,0.90146,0.90354,14210
2024-05-15T13:00:00.000Z,0.90354,0.90632,0.90273,0.90293,19070
2024-05-15T17:00:00.000Z,0.90294,0.90355,0.90195,0.90224,7383
2024-05-15T21:00:00.000Z,0.90207,0.90244,0.8988,0.89895,9367
2024-05-16T01:00:00.000Z,0.89894,0.90075,0.89891,0.90066,8795
2024-05-16T05:00:00.000Z,0.90065,0.90222,0.8998,0.90207,9959
2024-05-16T09:00:00.000Z,0.90207,0.90444,0.90164,0.90439,10592
2024-05-16T13:00:00.000Z,0.90439,0.90571,0.90393,0.90467,11522
2024-05-16T17:00:00.000Z,0.90465,0.90626,0.90435,0.90612,5101
2024-05-16T21:00:00.000Z,0.90546,0.90725,0.90473,0.9068,5714
2024-05-17T01:00:00.000Z,0.90679,0.90735,0.90665,0.90725,5663
2024-05-17T05:00:00.000Z,0.90725,0.9098,0.9064,0.90896,8668
2024-05-17T09:00:00.000Z,0.90895,0.90977,0.90849,0.90873,7803
2024-05-17T13:00:00.000Z,0.90872,0.90905,0.90671,0.90798,11430
2024-05-17T17:00:00.000Z,0.90797,0.90912,0.9075,0.90908,4704
2024-05-19T21:00:00.000Z,0.9087,0.90943,0.90778,0.90921,3727
2024-05-20T01:00:00.000Z,0.90921,0.90971,0.90897,0.90924,5181
2024-05-20T05:00:00.000Z,0.90924,0.90999,0.90863,0.90889,7393
2024-05-20T09:00:00.000Z,0.9089,0.91085,0.90854,0.91053,7938
2024-05-20T13:00:00.000Z,0.91054,0.91058,0.90789,0.90931,10227
2024-05-20T17:00:00.000Z,0.90932,0.91086,0.90913,0.91058,5704
2024-05-20T21:00:00.000Z,0.91001,0.9107,0.90929,0.91066,6523
2024-05-21T01:00:00.000Z,0.91067,0.91162,0.9106,0.91075,5375
2024-05-21T05:00:00.000Z,0.91075,0.91087,0.90957,0.90998,7927
2024-05-21T09:00:00.000Z,0.90997,0.91009,0.90869,0.90996,8924
2024-05-21T13:00:00.000Z,0.90995,0.91131,0.90897,0.91061,16917
2024-05-21T17:00:00.000Z,0.91061,0.91141,0.91057,0.91095,5929
2024-05-21T21:00:00.000Z,0.91099,0.91129,0.91056,0.9111,4240
2024-05-22T01:00:00.000Z,0.91112,0.9116,0.91067,0.9115,5825
2024-05-22T05:00:00.000Z,0.91151,0.91344,0.91089,0.91277,9136
2024-05-22T09:00:00.000Z,0.91278,0.91581,0.91272,0.91434,10281
2024-05-22T13:00:00.000Z,0.91434,0.9146,0.91326,0.91378,12390
2024-05-22T17:00:00.000Z,0.91378,0.91573,0.91375,0.91571,9631
2024-05-22T21:00:00.000Z,0.9155,0.9155,0.91426,0.91515,5548
2024-05-23T01:00:00.000Z,0.91515,0.91533,0.91428,0.91462,5814
2024-05-23T05:00:00.000Z,0.91462,0.91539,0.91396,0.9146,11141
2024-05-23T09:00:00.000Z,0.9146,0.91462,0.91263,0.91341,9801
2024-05-23T13:00:00.000Z,0.9134,0.91519,0.91262,0.91484,20367
2024-05-23T17:00:00.000Z,0.91484,0.91521,0.91416,0.91444,8797
2024-05-23T21:00:00.000Z,0.91396,0.91512,0.91367,0.91468,12608
2024-05-24T01:00:00.000Z,0.91468,0.91544,0.91448,0.91522,4413
2024-05-24T05:00:00.000Z,0.91523,0.91555,0.91428,0.91483,7214
2024-05-24T09:00:00.000Z,0.91484,0.9158,0.91428,0.91466,8330
2024-05-24T13:00:00.000Z,0.91466,0.91513,0.91337,0.91425,11121
2024-05-24T17:00:00.000Z,0.91424,0.91478,0.91379,0.91472,4669
2024-05-26T21:00:00.000Z,0.91355,0.91462,0.91342,0.91452,2874
2024-05-27T01:00:00.000Z,0.91452,0.91461,0.91401,0.91439,4255
2024-05-27T05:00:00.000Z,0.91438,0.91536,0.91418,0.91449,5573
2024-05-27T09:00:00.000Z,0.91451,0.9153,0.91332,0.91473,7430
2024-05-27T13:00:00.000Z,0.91472,0.91481,0.91322,0.91353,7731
2024-05-27T17:00:00.000Z,0.91353,0.9137,0.91339,0.91363,3367
2024-05-27T21:00:00.000Z,0.91341,0.9139,0.9126,0.91291,9147
2024-05-28T01:00:00.000Z,0.91292,0.91296,0.91168,0.91204,6587
2024-05-28T05:00:00.000Z,0.91205,0.91247,0.911,0.91201,8759
2024-05-28T09:00:00.000Z,0.91202,0.91215,0.90853,0.90996,10479
2024-05-28T13:00:00.000Z,0.90998,0.91167,0.90931,0.91097,15062
2024-05-28T17:00:00.000Z,0.91096,0.91246,0.91095,0.91242,8715
2024-05-28T21:00:00.000Z,0.91214,0.91269,0.91119,0.91238,9833
2024-05-29T01:00:00.000Z,0.91241,0.91274,0.91183,0.9125,5209
2024-05-29T05:00:00.000Z,0.91249,0.91319,0.91174,0.91271,10158
2024-05-29T09:00:00.000Z,0.91272,0.91434,0.91126,0.91165,11424
2024-05-29T13:00:00.000Z,0.91166,0.91402,0.91161,0.91357,14715
2024-05-29T17:00:00.000Z,0.91359,0.91395,0.91311,0.91316,8078
2024-05-29T21:00:00.000Z,0.91282,0.91365,0.9128,0.9135,5230
2024-05-30T01:00:00.000Z,0.9135,0.91408,0.9127,0.91293,7410
2024-05-30T05:00:00.000Z,0.91295,0.91309,0.90697,0.90705,15164
2024-05-30T09:00:00.000Z,0.90704,0.90772,0.90479,0.90497,14782
2024-05-30T13:00:00.000Z,0.90497,0.90565,0.90309,0.90386,14968
2024-05-30T17:00:00.000Z,0.90385,0.90398,0.90308,0.90329,6000
2024-05-30T21:00:00.000Z,0.90322,0.90361,0.90238,0.90282,5663
2024-05-31T01:00:00.000Z,0.90281,0.90427,0.90258,0.90396,8074
2024-05-31T05:00:00.000Z,0.90397,0.906,0.90388,0.90599,11117
2024-05-31T09:00:00.000Z,0.90598,0.90691,0.90284,0.90316,13996
2024-05-31T13:00:00.000Z,0.90316,0.90405,0.90022,0.90326,18809
2024-05-31T17:00:00.000Z,0.90328,0.90342,0.90209,0.90234,7195
2024-06-02T21:00:00.000Z,0.90243,0.90272,0.90078,0.90102,5942
2024-06-03T01:00:00.000Z,0.90099,0.90165,0.90048,0.9014,6188
2024-06-03T05:00:00.000Z,0.90143,0.9031,0.90095,0.9027,10896
2024-06-03T09:00:00.000Z,0.90269,0.90355,0.9004,0.90109,11823
2024-06-03T13:00:00.000Z,0.9011,0.90127,0.89502,0.89551,17949
2024-06-03T17:00:00.000Z,0.89551,0.89637,0.8951,0.89576,7312
2024-06-03T21:00:00.000Z,0.89498,0.89587,0.89462,0.8952,6168
2024-06-04T01:00:00.000Z,0.89519,0.89606,0.89519,0.89565,5327
2024-06-04T05:00:00.000Z,0.89566,0.89718,0.89334,0.89513,14985
2024-06-04T09:00:00.000Z,0.89513,0.89594,0.89221,0.89332,16328
2024-06-04T13:00:00.000Z,0.89332,0.89374,0.88908,0.88924,18139
2024-06-04T17:00:00.000Z,0.88927,0.89022,0.88842,0.89012,7007
2024-06-04T21:00:00.000Z,0.88975,0.89074,0.8896,0.89046,5968
2024-06-05T01:00:00.000Z,0.89047,0.89106,0.8902,0.89096,3627
2024-06-05T05:00:00.000Z,0.89096,0.89313,0.89084,0.89217,8032
2024-06-05T09:00:00.000Z,0.89217,0.89295,0.89167,0.89194,8053
2024-06-05T13:00:00.000Z,0.89195,0.89487,0.89132,0.89381,14848
2024-06-05T17:00:00.000Z,0.89382,0.89432,0.89298,0.89353,4181
2024-06-05T21:00:00.000Z,0.89303,0.8936,0.89138,0.89141,4825
2024-06-06T01:00:00.000Z,0.89143,0.89143,0.89032,0.89107,4944
2024-06-06T05:00:00.000Z,0.89107,0.89306,0.89078,0.89202,6992
2024-06-06T09:00:00.000Z,0.89203,0.89211,0.89023,0.89173,10273
2024-06-06T13:00:00.000Z,0.89173,0.89292,0.89113,0.89153,11074
2024-06-06T17:00:00.000Z,0.89151,0.89189,0.88924,0.88929,4781
2024-06-06T21:00:00.000Z,0.88894,0.89039,0.88888,0.89022,6012
2024-06-07T01:00:00.000Z,0.89021,0.89063,0.88954,0.88983,4551
2024-06-07T05:00:00.000Z,0.88982,0.89021,0.88808,0.88937,8297
2024-06-07T09:00:00.000Z,0.88938,0.89583,0.88884,0.8953,13080
2024-06-07T13:00:00.000Z,0.8953,0.89728,0.89514,0.89611,16466
2024-06-07T17:00:00.000Z,0.89611,0.89679,0.89608,0.8966,4938
2024-06-09T21:00:00.000Z,0.89614,0.89767,0.89556,0.89669,6599
2024-06-10T01:00:00.000Z,0.89667,0.89791,0.89648,0.89741,4889
2024-06-10T05:00:00.000Z,0.89739,0.89828,0.89661,0.89692,9846
2024-06-10T09:00:00.000Z,0.89692,0.89707,0.89543,0.89679,8538
2024-06-10T13:00:00.000Z,0.89679,0.8975,0.89601,0.89676,9080
2024-06-10T17:00:00.000Z,0.89675,0.89689,0.89614,0.89653,4650
2024-06-10T21:00:00.000Z,0.89606,0.89708,0.89563,0.89694,4550
2024-06-11T01:00:00.000Z,0.89695,0.89706,0.89643,0.89663,3214
2024-06-11T05:00:00.000Z,0.89663,0.89735,0.89589,0.89679,6529
2024-06-11T09:00:00.000Z,0.8968,0.89744,0.89605,0.89717,10590
2024-06-11T13:00:00.000Z,0.89718,0.8993,0.8971,0.89841,9740
2024-06-11T17:00:00.000Z,0.89841,0.89854,0.89677,0.89764,4937
2024-06-11T21:00:00.000Z,0.89751,0.89832,0.89721,0.89825,4352
2024-06-12T01:00:00.000Z,0.89826,0.89832,0.89742,0.89784,4605
2024-06-12T05:00:00.000Z,0.89784,0.8979,0.89644,0.89661,5559
2024-06-12T09:00:00.000Z,0.89667,0.89688,0.88931,0.89045,8015
2024-06-12T13:00:00.000Z,0.8905,0.89288,0.89025,0.89129,11308
2024-06-12T17:00:00.000Z,0.89128,0.89494,0.89048,0.8944,10978
2024-06-12T21:00:00.000Z,0.89362,0.89464,0.8932,0.894,3307
2024-06-13T01:00:00.000Z,0.89401,0.89546,0.89386,0.89544,3283
2024-06-13T05:00:00.000Z,0.89543,0.89603,0.89483,0.89542,5263
2024-06-13T09:00:00.000Z,0.89542,0.8967,0.89322,0.89466,8335
2024-06-13T13:00:00.000Z,0.89467,0.89591,0.89317,0.89464,10683
2024-06-13T17:00:00.000Z,0.89464,0.89466,0.89337,0.8938,4520
2024-06-13T21:00:00.000Z,0.89348,0.89419,0.89319,0.89395,3149
2024-06-14T01:00:00.000Z,0.89394,0.89435,0.89319,0.8942,5112
2024-06-14T05:00:00.000Z,0.89421,0.89477,0.89115,0.89211,9620
2024-06-14T09:00:00.000Z,0.89212,0.8944,0.8916,0.89237,10739
2024-06-14T13:00:00.000Z,0.89237,0.89269,0.88969,0.89056,10318
2024-06-14T17:00:00.000Z,0.89057,0.89064,0.88945,0.89025,3333
2024-06-16T21:00:00.000Z,0.88979,0.89094,0.88882,0.8905,3831
2024-06-17T01:00:00.000Z,0.8905,0.89091,0.89033,0.89042,4210
2024-06-17T05:00:00.000Z,0.8904,0.89189,0.89027,0.89182,8103
2024-06-17T09:00:00.000Z,0.8918,0.89321,0.89169,0.89292,7687
2024-06-17T13:00:00.000Z,0.89288,0.8929,0.89082,0.89093,7341
2024-06-17T17:00:00.000Z,0.89093,0.891,0.88959,0.88963,3100
2024-06-17T21:00:00.000Z,0.88932,0.88977,0.88798,0.88817,3461
2024-06-18T01:00:00.000Z,0.88815,0.88968,0.88809,0.88964,4020
2024-06-18T05:00:00.000Z,0.88964,0.88998,0.88859,0.88889,6562
2024-06-18T09:00:00.000Z,0.88888,0.88897,0.88509,0.88524,8036
2024-06-18T13:00:00.000Z,0.88522,0.88535,0.88265,0.88401,9699
2024-06-18T17:00:00.000Z,0.88402,0.88466,0.88359,0.88415,4125
2024-06-18T21:00:00.000Z,0.88357,0.88445,0.88354,0.88417,4994
2024-06-19T01:00:00.000Z,0.88419,0.88442,0.8838,0.8843,3101
2024-06-19T05:00:00.000Z,0.88431,0.88478,0.88337,0.88424,6175
2024-06-19T09:00:00.000Z,0.88424,0.88541,0.8837,0.88407,6095
2024-06-19T13:00:00.000Z,0.88407,0.88441,0.88359,0.88424,3767
2024-06-19T17:00:00.000Z,0.88423,0.88475,0.88421,0.88439,1282
2024-06-19T21:00:00.000Z,0.88412,0.88448,0.88342,0.88401,3452
2024-06-20T01:00:00.000Z,0.88402,0.88407,0.88341,0.88383,3258
2024-06-20T05:00:00.000Z,0.88382,0.89113,0.88321,0.8894,8350
2024-06-20T09:00:00.000Z,0.88941,0.89188,0.88901,0.89174,9923
2024-06-20T13:00:00.000Z,0.89173,0.89258,0.89011,0.89126,8471
2024-06-20T17:00:00.000Z,0.89126,0.89143,0.89031,0.89132,3877
2024-06-20T21:00:00.000Z,0.89087,0.89196,0.89087,0.89192,3599
2024-06-21T01:00:00.000Z,0.89191,0.89204,0.89107,0.89108,3919
2024-06-21T05:00:00.000Z,0.89109,0.89255,0.89046,0.892,8017
2024-06-21T09:00:00.000Z,0.89201,0.89291,0.89167,0.89253,6109
2024-06-21T13:00:00.000Z,0.89254,0.89442,0.89225,0.89431,8915
2024-06-21T17:00:00.000Z,0.89434,0.89443,0.89398,0.89421,2694
2024-06-23T21:00:00.000Z,0.89306,0.89451,0.89303,0.8938,3500
2024-06-24T01:00:00.000Z,0.89381,0.89408,0.89319,0.89359,3595
2024-06-24T05:00:00.000Z,0.89358,0.89414,0.89308,0.89391,5425
2024-06-24T09:00:00.000Z,0.8939,0.89412,0.89214,0.89249,7356
2024-06-24T13:00:00.000Z,0.89248,0.89412,0.89218,0.89398,8025
2024-06-24T17:00:00.000Z,0.89401,0.89416,0.8927,0.89285,3363
2024-06-24T21:00:00.000Z,0.89239,0.89329,0.89175,0.89185,3600
2024-06-25T01:00:00.000Z,0.89186,0.89254,0.89166,0.89189,3945
2024-06-25T05:00:00.000Z,0.89188,0.89383,0.89127,0.89359,5754
2024-06-25T09:00:00.000Z,0.89363,0.89421,0.89272,0.89418,5980
2024-06-25T13:00:00.000Z,0.89413,0.89496,0.89374,0.89494,6575
2024-06-25T17:00:00.000Z,0.89494,0.89524,0.89424,0.89465,2752
2024-06-25T21:00:00.000Z,0.89438,0.89567,0.89435,0.89535,3498
2024-06-26T01:00:00.000Z,0.89534,0.89536,0.89461,0.89502,4250
2024-06-26T05:00:00.000Z,0.89505,0.89721,0.89499,0.89714,5047
2024-06-26T09:00:00.000Z,0.89713,0.89829,0.8958,0.89624,7094
2024-06-26T13:00:00.000Z,0.89621,0.89775,0.89529,0.89754,9945
2024-06-26T17:00:00.000Z,0.89755,0.89767,0.89684,0.89739,3420
2024-06-26T21:00:00.000Z,0.89675,0.89748,0.89675,0.89729,4032
2024-06-27T01:00:00.000Z,0.89729,0.89737,0.89662,0.89669,4107
2024-06-27T05:00:00.000Z,0.89666,0.898,0.89648,0.89767,6387
2024-06-27T09:00:00.000Z,0.89761,0.89798,0.89601,0.89629,9521
2024-06-27T13:00:00.000Z,0.89626,0.89841,0.89571,0.89806,11190
2024-06-27T17:00:00.000Z,0.89805,0.89882,0.89781,0.89881,4909
2024-06-27T21:00:00.000Z,0.89862,0.89952,0.89793,0.8995,3859
2024-06-28T01:00:00.000Z,0.89951,0.9,0.8991,0.89948,6308
2024-06-28T05:00:00.000Z,0.89947,0.90018,0.89856,0.89947,7709
2024-06-28T09:00:00.000Z,0.89946,0.9004,0.89851,0.89938,11028
2024-06-28T13:00:00.000Z,0.89939,0.90096,0.89791,0.89846,16469
2024-06-28T17:00:00.000Z,0.89845,0.89884,0.89791,0.89864,4618
2024-06-30T21:00:00.000Z,0.89725,0.90046,0.89705,0.89948,7607
2024-07-01T01:00:00.000Z,0.89949,0.89985,0.89887,0.89958,5229
2024-07-01T05:00:00.000Z,0.89958,0.90079,0.8984,0.90024,10183
2024-07-01T09:00:00.000Z,0.90025,0.90243,0.89962,0.90234,8740
2024-07-01T13:00:00.000Z,0.90233,0.90444,0.89989,0.90352,12780
2024-07-01T17:00:00.000Z,0.9035,0.904,0.90275,0.90282,3630
2024-07-01T21:00:00.000Z,0.9025,0.90358,0.9023,0.9033,4648
2024-07-02T01:00:00.000Z,0.90329,0.90408,0.90303,0.90398,3679
2024-07-02T05:00:00.000Z,0.90397,0.90469,0.90349,0.9042,7562
2024-07-02T09:00:00.000Z,0.9042,0.90432,0.90357,0.90424,6689
2024-07-02T13:00:00.000Z,0.90423,0.90495,0.90314,0.90446,13508
2024-07-02T17:00:00.000Z,0.90448,0.90478,0.90363,0.90393,3598
2024-07-02T21:00:00.000Z,0.90353,0.90395,0.90328,0.9038,3511
2024-07-03T01:00:00.000Z,0.90381,0.90435,0.90378,0.9042,3451
2024-07-03T05:00:00.000Z,0.90421,0.90502,0.90339,0.90363,6629
2024-07-03T09:00:00.000Z,0.90362,0.90381,0.90256,0.90264,8360
2024-07-03T13:00:00.000Z,0.90263,0.90283,0.89852,0.90069,14876
2024-07-03T17:00:00.000Z,0.9007,0.90187,0.90066,0.90138,3591
2024-07-03T21:00:00.000Z,0.90058,0.90173,0.90013,0.90064,5584
2024-07-04T01:00:00.000Z,0.90064,0.90116,0.90029,0.90105,3901
2024-07-04T05:00:00.000Z,0.90105,0.90394,0.90001,0.90131,10301
2024-07-04T09:00:00.000Z,0.9013,0.90132,0.89913,0.89995,7573
2024-07-04T13:00:00.000Z,0.89995,0.90054,0.89938,0.89985,6200
2024-07-04T17:00:00.000Z,0.89985,0.90003,0.89967,0.90001,2193
2024-07-04T21:00:00.000Z,0.89993,0.90032,0.8995,0.89972,2927
2024-07-05T01:00:00.000Z,0.89973,0.89981,0.89826,0.89848,4755
2024-07-05T05:00:00.000Z,0.89849,0.89897,0.89789,0.89829,6291
2024-07-05T09:00:00.000Z,0.8983,0.90055,0.89733,0.89798,11498
2024-07-05T13:00:00.000Z,0.89798,0.89908,0.89698,0.89755,15738
2024-07-05T17:00:00.000Z,0.89756,0.89757,0.89537,0.89571,4242
2024-07-07T21:00:00.000Z,0.8956,0.89567,0.89432,0.8955,5779
2024-07-08T01:00:00.000Z,0.8955,0.89571,0.89489,0.89501,4679
2024-07-08T05:00:00.000Z,0.89501,0.89568,0.89445,0.89546,9065
2024-07-08T09:00:00.000Z,0.89546,0.89671,0.89521,0.89621,8193
2024-07-08T13:00:00.000Z,0.89622,0.89727,0.89559,0.89715,9028
2024-07-08T17:00:00.000Z,0.89714,0.89766,0.89674,0.89763,2628
2024-07-08T21:00:00.000Z,0.89747,0.89828,0.89678,0.89818,3159
2024-07-09T01:00:00.000Z,0.89819,0.89904,0.89798,0.89822,3995
2024-07-09T05:00:00.000Z,0.89822,0.89877,0.89786,0.8985,6202
2024-07-09T09:00:00.000Z,0.89851,0.89853,0.89735,0.89805,7659
2024-07-09T13:00:00.000Z,0.89805,0.8986,0.89682,0.89774,13360
2024-07-09T17:00:00.000Z,0.89774,0.89797,0.89725,0.89764,4810
2024-07-09T21:00:00.000Z,0.89723,0.89802,0.89719,0.89797,3934
2024-07-10T01:00:00.000Z,0.89798,0.89819,0.89719,0.89729,3566
2024-07-10T05:00:00.000Z,0.8973,0.89761,0.89637,0.89733,5938
2024-07-10T09:00:00.000Z,0.89733,0.89839,0.89731,0.89811,6366
2024-07-10T13:00:00.000Z,0.89812,0.89971,0.89806,0.89918,9329
2024-07-10T17:00:00.000Z,0.89918,0.90007,0.89896,0.89953,3444
2024-07-10T21:00:00.000Z,0.89896,0.89948,0.8988,0.89902,2406
2024-07-11T01:00:00.000Z,0.89903,0.8993,0.89855,0.89924,3388
2024-07-11T05:00:00.000Z,0.89923,0.89976,0.89828,0.89837,6522
2024-07-11T09:00:00.000Z,0.89838,0.89867,0.8918,0.89321,12646
2024-07-11T13:00:00.000Z,0.89324,0.89437,0.89151,0.89431,21761
2024-07-11T17:00:00.000Z,0.89431,0.89657,0.89412,0.8963,6942
2024-07-11T21:00:00.000Z,0.89543,0.89703,0.89487,0.896,10539
2024-07-12T01:00:00.000Z,0.896,0.89696,0.89598,0.89624,5043
2024-07-12T05:00:00.000Z,0.89622,0.89624,0.89543,0.89578,7877
2024-07-12T09:00:00.000Z,0.89578,0.89637,0.8942,0.89473,11626
2024-07-12T13:00:00.000Z,0.89471,0.8952,0.89323,0.89464,17082
2024-07-12T17:00:00.000Z,0.89462,0.89495,0.89401,0.89445,3191
2024-07-14T21:00:00.000Z,0.89366,0.89715,0.89362,0.89624,6315
2024-07-15T01:00:00.000Z,0.89624,0.89675,0.89552,0.89559,4649
2024-07-15T05:00:00.000Z,0.89561,0.89598,0.89384,0.89396,8543
2024-07-15T09:00:00.000Z,0.89396,0.89498,0.8934,0.89421,9848
2024-07-15T13:00:00.000Z,0.89422,0.89545,0.89351,0.89471,12059
2024-07-15T17:00:00.000Z,0.89472,0.89598,0.89469,0.89574,6329
2024-07-15T21:00:00.000Z,0.89555,0.89584,0.89494,0.89569,3071
2024-07-16T01:00:00.000Z,0.89568,0.89598,0.89521,0.89531,3103
2024-07-16T05:00:00.000Z,0.89531,0.89554,0.89449,0.89521,7873
2024-07-16T09:00:00.000Z,0.8952,0.89789,0.89496,0.89716,10291
2024-07-16T13:00:00.000Z,0.89716,0.89728,0.89505,0.89509,10136
2024-07-16T17:00:00.000Z,0.89509,0.89513,0.89348,0.89383,4451
2024-07-16T21:00:00.000Z,0.89351,0.8942,0.89328,0.89412,3423
2024-07-17T01:00:00.000Z,0.89413,0.89445,0.89367,0.89372,3198
2024-07-17T05:00:00.000Z,0.89372,0.89411,0.88716,0.88739,13343
2024-07-17T09:00:00.000Z,0.8874,0.88904,0.88521,0.88604,14732
2024-07-17T13:00:00.000Z,0.88604,0.8865,0.88358,0.88439,14862
2024-07-17T17:00:00.000Z,0.8844,0.885,0.8827,0.88353,5914
2024-07-17T21:00:00.000Z,0.88322,0.88372,0.88196,0.88362,6585
2024-07-18T01:00:00.000Z,0.88363,0.88475,0.88363,0.88461,7048
2024-07-18T05:00:00.000Z,0.88461,0.88471,0.88263,0.88426,11389
2024-07-18T09:00:00.000Z,0.88425,0.88448,0.88314,0.88344,9843
2024-07-18T13:00:00.000Z,0.88344,0.88644,0.88331,0.88596,12632
2024-07-18T17:00:00.000Z,0.88597,0.88785,0.88587,0.88777,6051
2024-07-18T21:00:00.000Z,0.88589,0.88823,0.88563,0.88796,5862
2024-07-19T01:00:00.000Z,0.88796,0.88933,0.88785,0.88932,5538
2024-07-19T05:00:00.000Z,0.88932,0.88961,0.88742,0.8883,10196
2024-07-19T09:00:00.000Z,0.88829,0.88997,0.88763,0.88982,8487
2024-07-19T13:00:00.000Z,0.88982,0.88983,0.88811,0.88852,10191
2024-07-19T17:00:00.000Z,0.88855,0.88947,0.88848,0.88886,3573
2024-07-21T21:00:00.000Z,0.88762,0.8889,0.88743,0.88815,5718
2024-07-22T01:00:00.000Z,0.88814,0.88894,0.88812,0.88857,4600
2024-07-22T05:00:00.000Z,0.88857,0.88899,0.88706,0.88777,10573
2024-07-22T09:00:00.000Z,0.88777,0.88934,0.88733,0.88888,9473
2024-07-22T13:00:00.000Z,0.88888,0.89022,0.88863,0.8896,9887
2024-07-22T17:00:00.000Z,0.88959,0.88979,0.88924,0.88959,3133
2024-07-22T21:00:00.000Z,0.88926,0.88985,0.8884,0.8893,5908
2024-07-23T01:00:00.000Z,0.88931,0.88961,0.88881,0.88902,4954
2024-07-23T05:00:00.000Z,0.88901,0.89054,0.88887,0.89004,9418
2024-07-23T09:00:00.000Z,0.89004,0.89201,0.89001,0.89136,8951
2024-07-23T13:00:00.000Z,0.89136,0.89238,0.89072,0.8916,8624
2024-07-23T17:00:00.000Z,0.89158,0.89164,0.89102,0.89132,4747
2024-07-23T21:00:00.000Z,0.89102,0.89208,0.89044,0.89185,2897
2024-07-24T01:00:00.000Z,0.89186,0.89213,0.89092,0.89119,7466
2024-07-24T05:00:00.000Z,0.89119,0.89131,0.88895,0.8891,11438
2024-07-24T09:00:00.000Z,0.88911,0.88922,0.88449,0.88474,10830
2024-07-24T13:00:00.000Z,0.88474,0.88499,0.88284,0.88417,15901
2024-07-24T17:00:00.000Z,0.88417,0.88605,0.88396,0.88526,6503
2024-07-24T21:00:00.000Z,0.88454,0.88539,0.88435,0.88445,7933
2024-07-25T01:00:00.000Z,0.88445,0.88448,0.88265,0.88293,9240
2024-07-25T05:00:00.000Z,0.88295,0.88334,0.87956,0.88069,15719
2024-07-25T09:00:00.000Z,0.88069,0.88104,0.87768,0.88079,18375
2024-07-25T13:00:00.000Z,0.88079,0.88205,0.8786,0.88018,18146
2024-07-25T17:00:00.000Z,0.88019,0.88162,0.87962,0.88154,7135
2024-07-25T21:00:00.000Z,0.8806,0.88165,0.88021,0.88119,6326
2024-07-26T01:00:00.000Z,0.88118,0.88136,0.88021,0.88097,7134
2024-07-26T05:00:00.000Z,0.88098,0.88419,0.88067,0.88338,9491
2024-07-26T09:00:00.000Z,0.88339,0.88442,0.88205,0.88266,10627
2024-07-26T13:00:00.000Z,0.8827,0.88342,0.88193,0.88309,13287
2024-07-26T17:00:00.000Z,0.88308,0.88388,0.88292,0.88383,3965
2024-07-28T21:00:00.000Z,0.88317,0.88461,0.88211,0.8831,5744
2024-07-29T01:00:00.000Z,0.88309,0.88353,0.88199,0.88312,7985
2024-07-29T05:00:00.000Z,0.88311,0.88549,0.88282,0.88518,11495
2024-07-29T09:00:00.000Z,0.88517,0.88555,0.8841,0.88483,8730
2024-07-29T13:00:00.000Z,0.88484,0.88713,0.8847,0.88616,9560
2024-07-29T17:00:00.000Z,0.88616,0.88642,0.88571,0.88611,3510
2024-07-29T21:00:00.000Z,0.88594,0.88646,0.88565,0.88629,3812
2024-07-30T01:00:00.000Z,0.88629,0.88689,0.8862,0.88668,5104
2024-07-30T05:00:00.000Z,0.88669,0.88754,0.88531,0.88607,9775
2024-07-30T09:00:00.000Z,0.88607,0.88669,0.8854,0.88623,8410
2024-07-30T13:00:00.000Z,0.88624,0.88634,0.88309,0.88315,17057
2024-07-30T17:00:00.000Z,0.88315,0.88417,0.88252,0.88267,7381
2024-07-30T21:00:00.000Z,0.88254,0.88311,0.88134,0.88175,8639
2024-07-31T01:00:00.000Z,0.88174,0.88303,0.88066,0.88102,11406
2024-07-31T05:00:00.000Z,0.88101,0.88279,0.88027,0.88118,16262
2024-07-31T09:00:00.000Z,0.88116,0.88191,0.8782,0.87862,13890
2024-07-31T13:00:00.000Z,0.87861,0.8808,0.87701,0.88045,16809
2024-07-31T17:00:00.000Z,0.88044,0.88184,0.87721,0.87806,16446
2024-07-31T21:00:00.000Z,0.87753,0.87839,0.87724,0.87742,6976
2024-08-01T01:00:00.000Z,0.87743,0.87757,0.87593,0.877,11712
2024-08-01T05:00:00.000Z,0.87701,0.87749,0.87536,0.87567,14712
2024-08-01T09:00:00.000Z,0.87569,0.87769,0.87457,0.87614,14167
2024-08-01T13:00:00.000Z,0.87616,0.87696,0.87268,0.87389,20326
2024-08-01T17:00:00.000Z,0.87389,0.87417,0.87258,0.87331,7216
2024-08-01T21:00:00.000Z,0.87253,0.87338,0.87189,0.87249,7675
2024-08-02T01:00:00.000Z,0.87249,0.87329,0.87175,0.87182,8061
2024-08-02T05:00:00.000Z,0.87184,0.87277,0.87067,0.87173,16152
2024-08-02T09:00:00.000Z,0.87173,0.87181,0.86316,0.86419,18314
2024-08-02T13:00:00.000Z,0.86419,0.86636,0.85767,0.85987,33888
2024-08-02T17:00:00.000Z,0.85986,0.85994,0.85737,0.85795,9871
2024-08-04T21:00:00.000Z,0.85773,0.8596,0.85359,0.8546,18969
2024-08-05T01:00:00.000Z,0.85458,0.8558,0.84872,0.84919,25902
2024-08-05T05:00:00.000Z,0.84918,0.85338,0.84474,0.85013,36895
2024-08-05T09:00:00.000Z,0.85013,0.85123,0.84321,0.84443,25185
2024-08-05T13:00:00.000Z,0.84445,0.85529,0.84425,0.85342,37787
2024-08-05T17:00:00.000Z,0.85342,0.85424,0.84976,0.8521,20095
2024-08-05T21:00:00.000Z,0.8523,0.85553,0.85145,0.85437,15878
2024-08-06T01:00:00.000Z,0.85436,0.85647,0.85367,0.8561,19562
2024-08-06T05:00:00.000Z,0.8561,0.85717,0.85326,0.85432,26062
2024-08-06T09:00:00.000Z,0.85431,0.85552,0.85222,0.85301,23665
2024-08-06T13:00:00.000Z,0.85299,0.8542,0.85009,0.85356,26978
2024-08-06T17:00:00.000Z,0.85357,0.85397,0.85144,0.85155,11474
2024-08-06T21:00:00.000Z,0.8505,0.85415,0.8505,0.8535,10754
2024-08-07T01:00:00.000Z,0.85352,0.85922,0.85299,0.85884,20858
2024-08-07T05:00:00.000Z,0.85885,0.85934,0.85461,0.85874,21415
2024-08-07T09:00:00.000Z,0.85874,0.86404,0.85859,0.86111,14874
2024-08-07T13:00:00.000Z,0.86111,0.8662,0.86081,0.86303,22515
2024-08-07T17:00:00.000Z,0.86303,0.86344,0.86079,0.86172,14347
2024-08-07T21:00:00.000Z,0.86153,0.86301,0.85724,0.85852,15103
2024-08-08T01:00:00.000Z,0.85856,0.86097,0.85848,0.85911,17066
2024-08-08T05:00:00.000Z,0.85912,0.86032,0.85793,0.85839,18211
2024-08-08T09:00:00.000Z,0.85839,0.86289,0.85595,0.86202,20315
2024-08-08T13:00:00.000Z,0.86203,0.8674,0.86165,0.86614,25057
2024-08-08T17:00:00.000Z,0.86614,0.86703,0.86532,0.86676,10190
2024-08-08T21:00:00.000Z,0.86597,0.86703,0.86516,0.86626,14690
2024-08-09T01:00:00.000Z,0.86626,0.86671,0.86501,0.86528,12313
2024-08-09T05:00:00.000Z,0.86529,0.86717,0.86477,0.86542,13380
2024-08-09T09:00:00.000Z,0.86543,0.86578,0.86372,0.86469,13823
2024-08-09T13:00:00.000Z,0.86469,0.86505,0.86319,0.86445,13184
2024-08-09T17:00:00.000Z,0.86443,0.86537,0.86432,0.86521,5242
2024-08-11T21:00:00.000Z,0.86377,0.86622,0.86347,0.86503,5093
2024-08-12T01:00:00.000Z,0.86502,0.86679,0.86457,0.86669,6453
2024-08-12T05:00:00.000Z,0.86668,0.86934,0.86647,0.86848,13120
2024-08-12T09:00:00.000Z,0.86849,0.86961,0.86777,0.86908,10643
2024-08-12T13:00:00.000Z,0.86907,0.87106,0.86596,0.86676,20072
2024-08-12T17:00:00.000Z,0.86674,0.86675,0.86444,0.86533,9890
2024-08-12T21:00:00.000Z,0.86472,0.86654,0.86452,0.86627,9230
2024-08-13T01:00:00.000Z,0.86628,0.86788,0.86557,0.86731,6574
2024-08-13T05:00:00.000Z,0.8673,0.8679,0.86622,0.86728,12030
2024-08-13T09:00:00.000Z,0.86729,0.86798,0.86572,0.86661,14519
2024-08-13T13:00:00.000Z,0.86662,0.86673,0.86416,0.86485,17142
2024-08-13T17:00:00.000Z,0.86485,0.86555,0.86367,0.86469,8932
2024-08-13T21:00:00.000Z,0.86479,0.86547,0.86403,0.86545,8689
2024-08-14T01:00:00.000Z,0.86546,0.86587,0.86375,0.86462,12320
2024-08-14T05:00:00.000Z,0.86462,0.86546,0.8622,0.86245,12518
2024-08-14T09:00:00.000Z,0.86245,0.86604,0.86172,0.86513,14817
2024-08-14T13:00:00.000Z,0.86512,0.86571,0.86192,0.86474,18719
2024-08-14T17:00:00.000Z,0.86473,0.86554,0.86469,0.86497,4900
2024-08-14T21:00:00.000Z,0.86438,0.86546,0.8643,0.865,6214
2024-08-15T01:00:00.000Z,0.865,0.86633,0.86497,0.86534,7733
2024-08-15T05:00:00.000Z,0.86532,0.86634,0.86469,0.86615,8976
2024-08-15T09:00:00.000Z,0.86615,0.87375,0.86598,0.87303,13229
2024-08-15T13:00:00.000Z,0.87303,0.87485,0.87055,0.87217,19598
2024-08-15T17:00:00.000Z,0.87218,0.87295,0.87176,0.87265,5175
2024-08-15T21:00:00.000Z,0.87253,0.87283,0.8715,0.87193,5971
2024-08-16T01:00:00.000Z,0.87193,0.87213,0.87096,0.8711,6615
2024-08-16T05:00:00.000Z,0.87111,0.87147,0.86816,0.86865,8264
2024-08-16T09:00:00.000Z,0.86867,0.86924,0.86641,0.86682,12086
2024-08-16T13:00:00.000Z,0.86683,0.86965,0.86659,0.86841,15215
2024-08-16T17:00:00.000Z,0.86842,0.86842,0.86594,0.86618,5081
2024-08-18T21:00:00.000Z,0.86527,0.86774,0.86437,0.86682,8135
2024-08-19T01:00:00.000Z,0.86682,0.86717,0.86331,0.8639,10985
2024-08-19T05:00:00.000Z,0.86389,0.86476,0.86158,0.86458,16617
2024-08-19T09:00:00.000Z,0.86458,0.86562,0.8638,0.86536,11220
2024-08-19T13:00:00.000Z,0.86536,0.86633,0.86264,0.86301,14114
2024-08-19T17:00:00.000Z,0.86301,0.86329,0.86225,0.86278,5066
2024-08-19T21:00:00.000Z,0.8623,0.86307,0.86174,0.86206,6427
2024-08-20T01:00:00.000Z,0.86206,0.86233,0.86045,0.86202,12169
2024-08-20T05:00:00.000Z,0.86203,0.8625,0.85882,0.86005,12374
2024-08-20T09:00:00.000Z,0.86005,0.86044,0.85902,0.85909,10834
2024-08-20T13:00:00.000Z,0.8591,0.85934,0.8558,0.85614,17517
2024-08-20T17:00:00.000Z,0.85614,0.85648,0.85397,0.85409,5795
2024-08-20T21:00:00.000Z,0.85381,0.85422,0.85206,0.85351,8770
2024-08-21T01:00:00.000Z,0.8535,0.85436,0.85334,0.85418,9558
2024-08-21T05:00:00.000Z,0.85417,0.85611,0.8534,0.85521,11001
2024-08-21T09:00:00.000Z,0.85521,0.85593,0.85377,0.854,9284
2024-08-21T13:00:00.000Z,0.85399,0.85568,0.8507,0.85131,25229
2024-08-21T17:00:00.000Z,0.85132,0.85229,0.84951,0.85188,8809
2024-08-21T21:00:00.000Z,0.85144,0.85186,0.85044,0.85177,6195
2024-08-22T01:00:00.000Z,0.85177,0.85249,0.85103,0.85139,6070
2024-08-22T05:00:00.000Z,0.85138,0.85153,0.84888,0.85123,11485
2024-08-22T09:00:00.000Z,0.85124,0.85321,0.85064,0.85131,12828
2024-08-22T13:00:00.000Z,0.8513,0.8534,0.85058,0.85201,17974
2024-08-22T17:00:00.000Z,0.85202,0.85267,0.85145,0.85219,6542
2024-08-22T21:00:00.000Z,0.85137,0.85225,0.8512,0.8516,7340
2024-08-23T01:00:00.000Z,0.85161,0.85217,0.85037,0.85173,7327
2024-08-23T05:00:00.000Z,0.85172,0.85235,0.85045,0.85192,10061
2024-08-23T09:00:00.000Z,0.85192,0.8527,0.85161,0.85221,8322
2024-08-23T13:00:00.000Z,0.85222,0.85416,0.84704,0.84975,25274
2024-08-23T17:00:00.000Z,0.84976,0.84981,0.84707,0.84766,8277
2024-08-25T21:00:00.000Z,0.84716,0.84825,0.84556,0.84636,8954
2024-08-26T01:00:00.000Z,0.84637,0.84743,0.84562,0.84717,8435
2024-08-26T05:00:00.000Z,0.84717,0.84786,0.84569,0.84582,9962
2024-08-26T09:00:00.000Z,0.84583,0.84855,0.84555,0.84743,10626
2024-08-26T13:00:00.000Z,0.84743,0.84845,0.84628,0.84728,14207
2024-08-26T17:00:00.000Z,0.84727,0.84775,0.8467,0.84726,5393
2024-08-26T21:00:00.000Z,0.84638,0.84775,0.84544,0.84759,5606
2024-08-27T01:00:00.000Z,0.8476,0.84788,0.8467,0.84704,5744
2024-08-27T05:00:00.000Z,0.84705,0.84843,0.8467,0.84758,10515
2024-08-27T09:00:00.000Z,0.84758,0.84766,0.84504,0.84531,11858
2024-08-27T13:00:00.000Z,0.8453,0.84556,0.84213,0.84316,16721
2024-08-27T17:00:00.000Z,0.84317,0.84328,0.84087,0.84141,6380
2024-08-27T21:00:00.000Z,0.8413,0.84215,0.84091,0.84174,6245
2024-08-28T01:00:00.000Z,0.84176,0.84366,0.84164,0.84342,7423
2024-08-28T05:00:00.000Z,0.84342,0.84463,0.84275,0.84307,11629
2024-08-28T09:00:00.000Z,0.84306,0.84502,0.84214,0.84446,12664
2024-08-28T13:00:00.000Z,0.84447,0.84518,0.84113,0.84299,15368
2024-08-28T17:00:00.000Z,0.84298,0.84325,0.84155,0.84216,7252
2024-08-28T21:00:00.000Z,0.84183,0.84224,0.84103,0.84159,6339
2024-08-29T01:00:00.000Z,0.8416,0.84175,0.84021,0.84057,6761
2024-08-29T05:00:00.000Z,0.84056,0.84603,0.83999,0.84444,14149
2024-08-29T09:00:00.000Z,0.84444,0.84787,0.84319,0.84686,15381
2024-08-29T13:00:00.000Z,0.84686,0.84934,0.84629,0.84677,17638
2024-08-29T17:00:00.000Z,0.84678,0.84734,0.84595,0.84719,6381
2024-08-29T21:00:00.000Z,0.84654,0.84748,0.84647,0.84706,6249
2024-08-30T01:00:00.000Z,0.84706,0.84782,0.84667,0.84768,6605
2024-08-30T05:00:00.000Z,0.84768,0.84869,0.84706,0.84859,9961
2024-08-30T09:00:00.000Z,0.84859,0.85076,0.8479,0.85007,12613
2024-08-30T13:00:00.000Z,0.85007,0.85103,0.84746,0.85081,20359
2024-08-30T17:00:00.000Z,0.85082,0.85091,0.84958,0.84993,5969
2024-09-01T21:00:00.000Z,0.84904,0.851,0.84822,0.85001,5522
2024-09-02T01:00:00.000Z,0.85002,0.8504,0.84922,0.84988,5827
2024-09-02T05:00:00.000Z,0.84987,0.85047,0.84849,0.84986,9699
2024-09-02T09:00:00.000Z,0.84987,0.85154,0.84941,0.85118,7219
2024-09-02T13:00:00.000Z,0.85117,0.8537,0.85085,0.8514,7385
2024-09-02T17:00:00.000Z,0.85141,0.85165,0.85121,0.85162,2963
2024-09-02T21:00:00.000Z,0.85102,0.85266,0.85092,0.8525,4334
2024-09-03T01:00:00.000Z,0.85251,0.85293,0.85178,0.85272,8514
2024-09-03T05:00:00.000Z,0.85273,0.85375,0.85107,0.85258,14433
2024-09-03T09:00:00.000Z,0.85257,0.85339,0.85066,0.8508,12147
2024-09-03T13:00:00.000Z,0.8508,0.85106,0.8478,0.85064,21453
2024-09-03T17:00:00.000Z,0.85064,0.85109,0.8499,0.85051,6848
2024-09-03T21:00:00.000Z,0.85012,0.85067,0.84836,0.84844,8147
2024-09-04T01:00:00.000Z,0.84844,0.84939,0.84825,0.84843,10101
2024-09-04T05:00:00.000Z,0.84844,0.84919,0.84717,0.84869,14733
2024-09-04T09:00:00.000Z,0.84868,0.85184,0.84856,0.85107,10793
2024-09-04T13:00:00.000Z,0.85108,0.85123,0.84712,0.84794,21254
2024-09-04T17:00:00.000Z,0.84795,0.84815,0.84628,0.84634,6472
2024-09-04T21:00:00.000Z,0.84586,0.84717,0.84552,0.84684,6143
2024-09-05T01:00:00.000Z,0.84684,0.84719,0.84585,0.84662,7913
2024-09-05T05:00:00.000Z,0.84661,0.84731,0.8455,0.84615,12755
2024-09-05T09:00:00.000Z,0.84614,0.84669,0.84336,0.84611,15092
2024-09-05T13:00:00.000Z,0.8461,0.84909,0.84484,0.84546,22603
2024-09-05T17:00:00.000Z,0.84545,0.84555,0.84361,0.84404,7886
2024-09-05T21:00:00.000Z,0.84371,0.84424,0.84314,0.84326,5203
2024-09-06T01:00:00.000Z,0.84324,0.84374,0.84261,0.8428,6699
2024-09-06T05:00:00.000Z,0.8428,0.84282,0.84039,0.84095,14533
2024-09-06T09:00:00.000Z,0.84096,0.84644,0.83744,0.84385,17765
2024-09-06T13:00:00.000Z,0.84382,0.84757,0.84029,0.84362,38800
2024-09-06T17:00:00.000Z,0.84363,0.84446,0.84248,0.8432,10905
2024-09-08T21:00:00.000Z,0.84425,0.84461,0.84209,0.84444,8556
2024-09-09T01:00:00.000Z,0.84444,0.84635,0.84409,0.84613,9513
2024-09-09T05:00:00.000Z,0.84612,0.84849,0.84545,0.84827,14052
2024-09-09T09:00:00.000Z,0.84827,0.84942,0.84731,0.84884,10667
2024-09-09T13:00:00.000Z,0.84885,0.84895,0.84693,0.84823,14958
2024-09-09T17:00:00.000Z,0.84822,0.84935,0.84766,0.84932,7213
2024-09-09T21:00:00.000Z,0.8481,0.84977,0.8481,0.84973,5310
2024-09-10T01:00:00.000Z,0.84973,0.84985,0.84836,0.84838,5686
2024-09-10T05:00:00.000Z,0.84839,0.849,0.84788,0.8481,10331
2024-09-10T09:00:00.000Z,0.8481,0.8484,0.84583,0.84658,11646
2024-09-10T13:00:00.000Z,0.84658,0.84823,0.84562,0.84678,17750
2024-09-10T17:00:00.000Z,0.84676,0.84717,0.84628,0.84695,7621
2024-09-10T21:00:00.000Z,0.84675,0.84709,0.84616,0.8465,4571
2024-09-11T01:00:00.000Z,0.84652,0.84697,0.84284,0.8431,12735
2024-09-11T05:00:00.000Z,0.8431,0.84598,0.84216,0.84556,14896
2024-09-11T09:00:00.000Z,0.84556,0.85125,0.84528,0.85032,17396
2024-09-11T13:00:00.000Z,0.85034,0.85157,0.84739,0.85012,28090
2024-09-11T17:00:00.000Z,0.8501,0.85294,0.85,0.85214,10284
2024-09-11T21:00:00.000Z,0.85139,0.85329,0.85133,0.85269,4108
2024-09-12T01:00:00.000Z,0.8527,0.85333,0.85179,0.85319,7416
2024-09-12T05:00:00.000Z,0.85318,0.85486,0.85188,0.85427,12426
2024-09-12T09:00:00.000Z,0.85426,0.85495,0.85181,0.85287,14962
2024-09-12T13:00:00.000Z,0.85287,0.85484,0.85223,0.85315,23081
2024-09-12T17:00:00.000Z,0.85314,0.8533,0.85062,0.85115,13792
2024-09-12T21:00:00.000Z,0.85054,0.85135,0.8489,0.84952,6534
2024-09-13T01:00:00.000Z,0.84952,0.84991,0.84853,0.84961,8032
2024-09-13T05:00:00.000Z,0.84961,0.85008,0.84741,0.84824,13288
2024-09-13T09:00:00.000Z,0.84824,0.84876,0.84563,0.84566,15260
2024-09-13T13:00:00.000Z,0.84565,0.84847,0.84435,0.84791,18263
2024-09-13T17:00:00.000Z,0.84791,0.84941,0.84773,0.84902,6856
2024-09-15T21:00:00.000Z,0.84718,0.8486,0.84685,0.84715,4751
2024-09-16T01:00:00.000Z,0.84715,0.84737,0.84517,0.84607,6093
2024-09-16T05:00:00.000Z,0.84608,0.84655,0.84357,0.8444,12831
2024-09-16T09:00:00.000Z,0.84439,0.84546,0.84344,0.84452,14894
2024-09-16T13:00:00.000Z,0.84451,0.84584,0.84341,0.84475,15774
2024-09-16T17:00:00.000Z,0.84474,0.84595,0.84455,0.8447,6376
2024-09-16T21:00:00.000Z,0.84432,0.84543,0.84418,0.84469,4756
2024-09-17T01:00:00.000Z,0.84469,0.8448,0.84368,0.84419,6047
2024-09-17T05:00:00.000Z,0.84419,0.84466,0.84296,0.84325,10229
2024-09-17T09:00:00.000Z,0.84325,0.84691,0.84316,0.84633,14889
2024-09-17T13:00:00.000Z,0.84633,0.84769,0.84561,0.84617,21513
2024-09-17T17:00:00.000Z,0.84617,0.84752,0.84583,0.84716,8337
2024-09-17T21:00:00.000Z,0.8467,0.84728,0.84551,0.84567,4757
2024-09-18T01:00:00.000Z,0.84568,0.84581,0.84498,0.84527,5299
2024-09-18T05:00:00.000Z,0.84527,0.84571,0.84356,0.84392,11906
2024-09-18T09:00:00.000Z,0.84393,0.84483,0.84231,0.8445,11358
2024-09-18T13:00:00.000Z,0.84449,0.84634,0.84344,0.84513,14053
2024-09-18T17:00:00.000Z,0.84513,0.84798,0.83904,0.84633,31079
2024-09-18T21:00:00.000Z,0.84583,0.85005,0.84536,0.84991,8831
2024-09-19T01:00:00.000Z,0.84992,0.85149,0.84819,0.84866,14144
2024-09-19T05:00:00.000Z,0.84866,0.84876,0.84489,0.846,18915
2024-09-19T09:00:00.000Z,0.84601,0.85059,0.84511,0.85058,20818
2024-09-19T13:00:00.000Z,0.85057,0.85062,0.84734,0.84788,24359
2024-09-19T17:00:00.000Z,0.84788,0.84829,0.84622,0.84773,10146
2024-09-19T21:00:00.000Z,0.84709,0.84797,0.84673,0.84685,5287
2024-09-20T01:00:00.000Z,0.84685,0.84717,0.84583,0.84638,9756
2024-09-20T05:00:00.000Z,0.84636,0.84808,0.84513,0.84726,18836
2024-09-20T09:00:00.000Z,0.84724,0.84999,0.84715,0.84768,13632
2024-09-20T13:00:00.000Z,0.84768,0.85168,0.84741,0.8492,23596
2024-09-20T17:00:00.000Z,0.84923,0.85142,0.84915,0.85029,9236
2024-09-22T21:00:00.000Z,0.84905,0.85134,0.84905,0.85093,4566
2024-09-23T01:00:00.000Z,0.85094,0.8515,0.85063,0.85098,4958
2024-09-23T05:00:00.000Z,0.85096,0.85178,0.84989,0.85107,16079
2024-09-23T09:00:00.000Z,0.85108,0.85144,0.84852,0.84984,13232
2024-09-23T13:00:00.000Z,0.84984,0.85082,0.84635,0.84653,21055
2024-09-23T17:00:00.000Z,0.84652,0.84756,0.84559,0.84738,5693
2024-09-23T21:00:00.000Z,0.84723,0.8479,0.8466,0.84674,4833
2024-09-24T01:00:00.000Z,0.84674,0.84755,0.84644,0.84711,7767
2024-09-24T05:00:00.000Z,0.84712,0.84897,0.84708,0.84786,15010
2024-09-24T09:00:00.000Z,0.84786,0.84871,0.84691,0.84705,14222
2024-09-24T13:00:00.000Z,0.84704,0.84857,0.84488,0.8451,19769
2024-09-24T17:00:00.000Z,0.84511,0.84546,0.84306,0.84326,6947
2024-09-24T21:00:00.000Z,0.84371,0.84371,0.84149,0.84164,6378
2024-09-25T01:00:00.000Z,0.84162,0.8427,0.84151,0.84224,7544
2024-09-25T05:00:00.000Z,0.84224,0.84682,0.84151,0.84655,14100
2024-09-25T09:00:00.000Z,0.84653,0.84972,0.84634,0.84789,14044
2024-09-25T13:00:00.000Z,0.84789,0.85009,0.84659,0.84993,19139
2024-09-25T17:00:00.000Z,0.84992,0.85068,0.84905,0.85042,9040
2024-09-25T21:00:00.000Z,0.8498,0.85076,0.84964,0.85002,7198
2024-09-26T01:00:00.000Z,0.85001,0.85091,0.84955,0.8498,7129
2024-09-26T05:00:00.000Z,0.84979,0.8516,0.84572,0.84959,18238
2024-09-26T09:00:00.000Z,0.84959,0.84972,0.84628,0.84875,19350
2024-09-26T13:00:00.000Z,0.84873,0.85058,0.846,0.84701,25405
2024-09-26T17:00:00.000Z,0.84701,0.84708,0.84526,0.8462,10749
2024-09-26T21:00:00.000Z,0.84566,0.84746,0.84529,0.8474,5899
2024-09-27T01:00:00.000Z,0.84741,0.84819,0.84647,0.84807,8677
2024-09-27T05:00:00.000Z,0.84808,0.8493,0.8443,0.84521,27042
2024-09-27T09:00:00.000Z,0.8452,0.84579,0.84069,0.84083,18646
2024-09-27T13:00:00.000Z,0.84084,0.84302,0.84065,0.84215,24511
2024-09-27T17:00:00.000Z,0.84215,0.8425,0.84015,0.84036,10017
2024-09-29T21:00:00.000Z,0.84041,0.84175,0.84004,0.84116,6607
2024-09-30T01:00:00.000Z,0.84115,0.84225,0.84065,0.84142,8768
2024-09-30T05:00:00.000Z,0.84141,0.8438,0.84059,0.84337,16554
2024-09-30T09:00:00.000Z,0.84337,0.84477,0.84216,0.84359,14996
2024-09-30T13:00:00.000Z,0.8436,0.84568,0.84258,0.84443,22384
2024-09-30T17:00:00.000Z,0.84442,0.84736,0.84371,0.84574,15487
2024-09-30T21:00:00.000Z,0.84537,0.84631,0.84398,0.8455,6471
2024-10-01T01:00:00.000Z,0.84548,0.84679,0.84466,0.84606,7382
2024-10-01T05:00:00.000Z,0.84605,0.84802,0.84539,0.84679,17559
2024-10-01T09:00:00.000Z,0.8468,0.84819,0.84542,0.8479,17525
2024-10-01T13:00:00.000Z,0.84791,0.84794,0.84311,0.84655,29069
2024-10-01T17:00:00.000Z,0.84655,0.84814,0.8455,0.8465,14231
2024-10-01T21:00:00.000Z,0.84521,0.84663,0.84485,0.84608,4165
2024-10-02T01:00:00.000Z,0.84608,0.8469,0.84515,0.84566,7171
2024-10-02T05:00:00.000Z,0.84567,0.84641,0.84486,0.8464,16134
2024-10-02T09:00:00.000Z,0.8464,0.8506,0.84633,0.85038,16185
2024-10-02T13:00:00.000Z,0.85039,0.85074,0.84855,0.84965,18579
2024-10-02T17:00:00.000Z,0.84964,0.84996,0.84901,0.84968,6985
2024-10-02T21:00:00.000Z,0.84919,0.85077,0.84895,0.85074,7120
2024-10-03T01:00:00.000Z,0.85073,0.85113,0.84941,0.84969,7168
2024-10-03T05:00:00.000Z,0.84966,0.85377,0.84943,0.85073,19864
2024-10-03T09:00:00.000Z,0.8507,0.85179,0.84885,0.85055,16956
2024-10-03T13:00:00.000Z,0.85057,0.85426,0.85021,0.85246,24350
2024-10-03T17:00:00.000Z,0.85247,0.85309,0.85191,0.85289,7220
2024-10-03T21:00:00.000Z,0.85173,0.85268,0.85153,0.85184,4264
2024-10-04T01:00:00.000Z,0.85185,0.85226,0.85108,0.85123,5802
2024-10-04T05:00:00.000Z,0.85123,0.85253,0.84998,0.85155,11786
2024-10-04T09:00:00.000Z,0.85154,0.86,0.85107,0.85981,15423
2024-10-04T13:00:00.000Z,0.8598,0.86078,0.85803,0.85939,24377
2024-10-04T17:00:00.000Z,0.8594,0.8594,0.85786,0.85808,6968
2024-10-06T21:00:00.000Z,0.85818,0.85984,0.85785,0.85838,6639
2024-10-07T01:00:00.000Z,0.85837,0.85844,0.85728,0.85769,6448
2024-10-07T05:00:00.000Z,0.8577,0.85903,0.85706,0.85807,13040
2024-10-07T09:00:00.000Z,0.85808,0.85859,0.85387,0.85444,14787
2024-10-07T13:00:00.000Z,0.85445,0.85653,0.85341,0.85391,18639
2024-10-07T17:00:00.000Z,0.85392,0.8546,0.85363,0.85436,6435
2024-10-07T21:00:00.000Z,0.85555,0.85555,0.8531,0.85394,6794
2024-10-08T01:00:00.000Z,0.85395,0.8543,0.853,0.85406,9096
2024-10-08T05:00:00.000Z,0.85407,0.85519,0.853,0.85449,13439
2024-10-08T09:00:00.000Z,0.85448,0.85796,0.85447,0.85701,13038
2024-10-08T13:00:00.000Z,0.85702,0.8584,0.85604,0.85734,14171
2024-10-08T17:00:00.000Z,0.85735,0.85823,0.85715,0.85717,6234
2024-10-08T21:00:00.000Z,0.85635,0.85759,0.85628,0.85758,4813
2024-10-09T01:00:00.000Z,0.85761,0.85813,0.85707,0.85798,6578
2024-10-09T05:00:00.000Z,0.85797,0.85822,0.85652,0.85757,11648
2024-10-09T09:00:00.000Z,0.85756,0.85873,0.8566,0.85832,9772
2024-10-09T13:00:00.000Z,0.85829,0.86018,0.85799,0.85998,13271
2024-10-09T17:00:00.000Z,0.85997,0.86102,0.85963,0.86077,6678
2024-10-09T21:00:00.000Z,0.86035,0.86082,0.86015,0.86051,4325
2024-10-10T01:00:00.000Z,0.86052,0.86082,0.86007,0.86073,5727
2024-10-10T05:00:00.000Z,0.86072,0.86127,0.85902,0.86047,9780
2024-10-10T09:00:00.000Z,0.86047,0.86132,0.85572,0.85752,16442
2024-10-10T13:00:00.000Z,0.85753,0.85861,0.85602,0.85784,25780
2024-10-10T17:00:00.000Z,0.85784,0.85784,0.85604,0.85622,8958
2024-10-10T21:00:00.000Z,0.85581,0.85693,0.85581,0.85644,6197
2024-10-11T01:00:00.000Z,0.85643,0.85747,0.85634,0.85708,6110
2024-10-11T05:00:00.000Z,0.85708,0.85783,0.85585,0.85611,8951
2024-10-11T09:00:00.000Z,0.85611,0.85844,0.85602,0.85754,12096
2024-10-11T13:00:00.000Z,0.85754,0.85837,0.85625,0.85632,14472
2024-10-11T17:00:00.000Z,0.85631,0.85751,0.85623,0.85724,4208
2024-10-13T21:00:00.000Z,0.85649,0.85855,0.85646,0.8583,4122
2024-10-14T01:00:00.000Z,0.85833,0.85858,0.85803,0.85825,4242
2024-10-14T05:00:00.000Z,0.85824,0.86023,0.85804,0.85984,7483
2024-10-14T09:00:00.000Z,0.85985,0.86311,0.85933,0.86311,9438
2024-10-14T13:00:00.000Z,0.8631,0.86415,0.86199,0.86333,10393
2024-10-14T17:00:00.000Z,0.86334,0.86391,0.86228,0.86261,4164
2024-10-14T21:00:00.000Z,0.86236,0.86289,0.86159,0.8617,3904
2024-10-15T01:00:00.000Z,0.86169,0.86365,0.86149,0.86356,5289
2024-10-15T05:00:00.000Z,0.86357,0.86366,0.86133,0.8615,11204
2024-10-15T09:00:00.000Z,0.86149,0.86246,0.86062,0.86151,11572
2024-10-15T13:00:00.000Z,0.86153,0.86317,0.86066,0.86309,13099
2024-10-15T17:00:00.000Z,0.86311,0.86365,0.86197,0.86209,5730
2024-10-15T21:00:00.000Z,0.86189,0.86273,0.86141,0.86259,4166
2024-10-16T01:00:00.000Z,0.86259,0.86262,0.86162,0.86241,5441
2024-10-16T05:00:00.000Z,0.86243,0.86294,0.86173,0.86221,10709
2024-10-16T09:00:00.000Z,0.86222,0.86335,0.86139,0.86318,10083
2024-10-16T13:00:00.000Z,0.86317,0.86566,0.86239,0.86459,13093
2024-10-16T17:00:00.000Z,0.8646,0.86578,0.8643,0.86534,4440
2024-10-16T21:00:00.000Z,0.86482,0.86595,0.86414,0.86561,4989
2024-10-17T01:00:00.000Z,0.86561,0.86625,0.86535,0.86621,4950
2024-10-17T05:00:00.000Z,0.86621,0.86697,0.86484,0.86513,8386
2024-10-17T09:00:00.000Z,0.86513,0.86594,0.86287,0.86453,12824
2024-10-17T13:00:00.000Z,0.86452,0.86634,0.86402,0.86583,18762
2024-10-17T17:00:00.000Z,0.86584,0.86682,0.86555,0.866,4632
2024-10-17T21:00:00.000Z,0.86572,0.86632,0.86566,0.86628,5210
2024-10-18T01:00:00.000Z,0.86628,0.86633,0.86558,0.86574,5105
2024-10-18T05:00:00.000Z,0.86571,0.86692,0.86533,0.86627,8883
2024-10-18T09:00:00.000Z,0.86628,0.86693,0.8649,0.86534,9264
2024-10-18T13:00:00.000Z,0.86534,0.86606,0.86497,0.86505,9432
2024-10-18T17:00:00.000Z,0.86506,0.86578,0.86457,0.86475,6613
2024-10-20T21:00:00.000Z,0.86447,0.86539,0.86419,0.86529,4921
2024-10-21T01:00:00.000Z,0.8653,0.86536,0.86447,0.86493,7295
2024-10-21T05:00:00.000Z,0.86492,0.86583,0.86467,0.86491,7616
2024-10-21T09:00:00.000Z,0.86491,0.86547,0.86329,0.86369,8562
2024-10-21T13:00:00.000Z,0.86369,0.86596,0.86337,0.86542,10832
2024-10-21T17:00:00.000Z,0.86541,0.86638,0.86533,0.86622,5716
2024-10-21T21:00:00.000Z,0.86582,0.86612,0.86525,0.86528,3573
2024-10-22T01:00:00.000Z,0.86529,0.86544,0.86464,0.86519,6560
2024-10-22T05:00:00.000Z,0.86519,0.86575,0.86447,0.86538,8936
2024-10-22T09:00:00.000Z,0.86538,0.86624,0.86501,0.8657,9720
2024-10-22T13:00:00.000Z,0.8657,0.86624,0.86477,0.86547,11798
2024-10-22T17:00:00.000Z,0.86546,0.86588,0.86498,0.86534,5984
2024-10-22T21:00:00.000Z,0.86491,0.86673,0.86489,0.86668,3936
2024-10-23T01:00:00.000Z,0.86664,0.86719,0.86641,0.86695,6015
2024-10-23T05:00:00.000Z,0.86694,0.86858,0.86646,0.86661,9172
2024-10-23T09:00:00.000Z,0.86659,0.86822,0.86641,0.86728,9903
2024-10-23T13:00:00.000Z,0.86725,0.86784,0.86621,0.86701,11300
2024-10-23T17:00:00.000Z,0.86701,0.86767,0.86612,0.86642,6154
2024-10-23T21:00:00.000Z,0.86549,0.86698,0.86549,0.86632,5242
2024-10-24T01:00:00.000Z,0.86631,0.86683,0.86565,0.86577,6744
2024-10-24T05:00:00.000Z,0.86579,0.86716,0.86536,0.86571,12092
2024-10-24T09:00:00.000Z,0.86572,0.86677,0.86506,0.86614,11395
2024-10-24T13:00:00.000Z,0.86616,0.86693,0.8653,0.86598,13857
2024-10-24T17:00:00.000Z,0.86599,0.86618,0.8651,0.86572,5938
2024-10-24T21:00:00.000Z,0.86508,0.86632,0.86508,0.86619,3230
2024-10-25T01:00:00.000Z,0.86618,0.86643,0.86546,0.86555,6355
2024-10-25T05:00:00.000Z,0.86556,0.8668,0.865,0.86675,9259
2024-10-25T09:00:00.000Z,0.86674,0.86742,0.86534,0.86562,7977
2024-10-25T13:00:00.000Z,0.86563,0.86689,0.86547,0.86617,12438
2024-10-25T17:00:00.000Z,0.86617,0.86671,0.8656,0.86668,4986
2024-10-27T21:00:00.000Z,0.86714,0.86936,0.86697,0.86916,8159
2024-10-28T01:00:00.000Z,0.86915,0.86988,0.86896,0.86967,9074
2024-10-28T05:00:00.000Z,0.86966,0.86996,0.86707,0.86717,8831
2024-10-28T09:00:00.000Z,0.86718,0.86765,0.865,0.86627,9336
2024-10-28T13:00:00.000Z,0.86627,0.86646,0.86465,0.86545,10818
2024-10-28T17:00:00.000Z,0.86546,0.86554,0.86464,0.86524,5914
2024-10-28T21:00:00.000Z,0.86455,0.86543,0.8643,0.86503,3367
2024-10-29T01:00:00.000Z,0.86503,0.86542,0.86458,0.86515,5780
2024-10-29T05:00:00.000Z,0.86518,0.86671,0.86463,0.86627,8040
2024-10-29T09:00:00.000Z,0.86628,0.8697,0.86533,0.8694,10234
2024-10-29T13:00:00.000Z,0.86941,0.86983,0.86671,0.86914,17621
2024-10-29T17:00:00.000Z,0.86914,0.86927,0.86717,0.86735,7014
2024-10-29T21:00:00.000Z,0.86701,0.86757,0.86679,0.86731,4704
2024-10-30T01:00:00.000Z,0.8673,0.86778,0.86686,0.86745,5642
2024-10-30T05:00:00.000Z,0.86746,0.86762,0.86606,0.86647,8599
2024-10-30T09:00:00.000Z,0.86646,0.86932,0.86587,0.86839,13976
2024-10-30T13:00:00.000Z,0.86838,0.8688,0.86562,0.86601,17588
2024-10-30T17:00:00.000Z,0.86598,0.86688,0.86535,0.86643,7368
2024-10-30T21:00:00.000Z,0.86637,0.86653,0.8661,0.86633,3079
2024-10-31T01:00:00.000Z,0.86634,0.86645,0.86518,0.86567,6259
2024-10-31T05:00:00.000Z,0.86568,0.86616,0.86448,0.86568,11774
2024-10-31T09:00:00.000Z,0.86568,0.86634,0.86453,0.86507,13676
2024-10-31T13:00:00.000Z,0.86507,0.86598,0.86366,0.86547,22507
2024-10-31T17:00:00.000Z,0.86546,0.86567,0.86326,0.86359,8897
2024-10-31T21:00:00.000Z,0.86336,0.86395,0.86322,0.86348,5929
2024-11-01T01:00:00.000Z,0.86348,0.8642,0.86316,0.86414,7146
2024-11-01T05:00:00.000Z,0.86411,0.8693,0.8639,0.86809,9832
2024-11-01T09:00:00.000Z,0.86807,0.86842,0.86387,0.86541,12827
2024-11-01T13:00:00.000Z,0.8654,0.87048,0.86534,0.86922,20391
2024-11-01T17:00:00.000Z,0.86923,0.87107,0.86915,0.86976,6813
2024-11-03T22:00:00.000Z,0.86705,0.86807,0.86528,0.86551,7263
2024-11-04T02:00:00.000Z,0.86552,0.86564,0.86422,0.86506,6429
2024-11-04T06:00:00.000Z,0.86507,0.86596,0.86306,0.86361,10165
2024-11-04T10:00:00.000Z,0.8636,0.86407,0.86196,0.86315,9608
2024-11-04T14:00:00.000Z,0.86315,0.86374,0.86148,0.86292,13153
2024-11-04T18:00:00.000Z,0.86293,0.86435,0.86286,0.86417,5924
2024-11-04T22:00:00.000Z,0.8639,0.86427,0.86358,0.86404,4314
2024-11-05T02:00:00.000Z,0.86403,0.8645,0.86398,0.86407,4378
2024-11-05T06:00:00.000Z,0.86407,0.8644,0.86168,0.86209,7241
2024-11-05T10:00:00.000Z,0.86209,0.86325,0.86156,0.86315,7086
2024-11-05T14:00:00.000Z,0.86316,0.86464,0.86268,0.86286,13698
2024-11-05T18:00:00.000Z,0.86286,0.86361,0.86207,0.86317,6522
2024-11-05T22:00:00.000Z,0.86303,0.86994,0.86193,0.86907,22331
2024-11-06T02:00:00.000Z,0.86906,0.87536,0.86828,0.87139,38184
2024-11-06T06:00:00.000Z,0.87138,0.8749,0.87101,0.87419,31939
2024-11-06T10:00:00.000Z,0.87421,0.87734,0.8738,0.87624,22593
2024-11-06T14:00:00.000Z,0.87625,0.87672,0.874,0.87628,23696
2024-11-06T18:00:00.000Z,0.87629,0.87669,0.87489,0.87662,10743
2024-11-06T22:00:00.000Z,0.87587,0.8774,0.87545,0.87648,7980
2024-11-07T02:00:00.000Z,0.87649,0.87657,0.87499,0.87504,6532
2024-11-07T06:00:00.000Z,0.87504,0.87662,0.87358,0.87622,13021
2024-11-07T10:00:00.000Z,0.8762,0.87726,0.87379,0.87398,15009
2024-11-07T14:00:00.000Z,0.87398,0.87491,0.87091,0.8722,18053
2024-11-07T18:00:00.000Z,0.87221,0.87514,0.8716,0.8725,17346
2024-11-07T22:00:00.000Z,0.87211,0.87367,0.87177,0.87289,6527
2024-11-08T02:00:00.000Z,0.87287,0.87337,0.87244,0.87298,6450
2024-11-08T06:00:00.000Z,0.87298,0.87379,0.87145,0.87153,12896
2024-11-08T10:00:00.000Z,0.87153,0.87392,0.87007,0.87385,12900
2024-11-08T14:00:00.000Z,0.87385,0.87675,0.87251,0.87619,18347
2024-11-08T18:00:00.000Z,0.87618,0.87687,0.87535,0.87547,7233
2024-11-10T22:00:00.000Z,0.87547,0.87675,0.87475,0.87623,5963
2024-11-11T02:00:00.000Z,0.87622,0.87739,0.87589,0.87677,5100
2024-11-11T06:00:00.000Z,0.87678,0.87925,0.87649,0.87831,9811
2024-11-11T10:00:00.000Z,0.87832,0.88071,0.87819,0.87976,10334
2024-11-11T14:00:00.000Z,0.87974,0.88074,0.87909,0.8802,10545
2024-11-11T18:00:00.000Z,0.88019,0.88094,0.87984,0.88088,3902
2024-11-11T22:00:00.000Z,0.8804,0.88155,0.8792,0.88154,4472
2024-11-12T02:00:00.000Z,0.88152,0.88173,0.88081,0.88131,6942
2024-11-12T06:00:00.000Z,0.88131,0.88282,0.88085,0.8825,12974
2024-11-12T10:00:00.000Z,0.8825,0.88306,0.88026,0.88128,14258
2024-11-12T14:00:00.000Z,0.88127,0.8836,0.88119,0.8825,15092
2024-11-12T18:00:00.000Z,0.88248,0.88274,0.88132,0.88179,6551
2024-11-12T22:00:00.000Z,0.88096,0.88282,0.88096,0.88181,6588
2024-11-13T02:00:00.000Z,0.88181,0.88297,0.88163,0.88278,5367
2024-11-13T06:00:00.000Z,0.88278,0.88413,0.88224,0.88255,10969
2024-11-13T10:00:00.000Z,0.88254,0.88351,0.87963,0.8813,15004
2024-11-13T14:00:00.000Z,0.88131,0.88531,0.88069,0.88511,24958
2024-11-13T18:00:00.000Z,0.8851,0.88631,0.88502,0.88596,7541
2024-11-13T22:00:00.000Z,0.88491,0.88672,0.8849,0.8865,7669
2024-11-14T02:00:00.000Z,0.88649,0.88783,0.8864,0.8874,5986
2024-11-14T06:00:00.000Z,0.88741,0.88952,0.88651,0.88928,11923
2024-11-14T10:00:00.000Z,0.88928,0.89095,0.88822,0.89003,18017
2024-11-14T14:00:00.000Z,0.89002,0.89022,0.8865,0.88774,20544
2024-11-14T18:00:00.000Z,0.88773,0.89175,0.88764,0.89042,13634
2024-11-14T22:00:00.000Z,0.88966,0.89073,0.88929,0.89008,6403
2024-11-15T02:00:00.000Z,0.89007,0.89007,0.88902,0.88921,6409
2024-11-15T06:00:00.000Z,0.8892,0.8895,0.88678,0.88831,13645
2024-11-15T10:00:00.000Z,0.88832,0.88952,0.88656,0.88844,17524
2024-11-15T14:00:00.000Z,0.88844,0.88995,0.88631,0.88682,24218
2024-11-15T18:00:00.000Z,0.88682,0.88872,0.88589,0.88839,10603
2024-11-17T22:00:00.000Z,0.88708,0.8887,0.88666,0.88767,8483
2024-11-18T02:00:00.000Z,0.88768,0.88833,0.88728,0.88763,6092
2024-11-18T06:00:00.000Z,0.88764,0.88769,0.88539,0.88591,11704
2024-11-18T10:00:00.000Z,0.88593,0.88816,0.88576,0.88577,11977
2024-11-18T14:00:00.000Z,0.88575,0.88648,0.88387,0.88419,14671
2024-11-18T18:00:00.000Z,0.88421,0.88444,0.88287,0.88303,6006
2024-11-18T22:00:00.000Z,0.88231,0.8836,0.88231,0.88298,5526
2024-11-19T02:00:00.000Z,0.88299,0.88388,0.88271,0.88384,5574
2024-11-19T06:00:00.000Z,0.88384,0.88433,0.88237,0.88354,18359
2024-11-19T10:00:00.000Z,0.88354,0.8837,0.88008,0.88075,17188
2024-11-19T14:00:00.000Z,0.88076,0.88322,0.88058,0.88321,20434
2024-11-19T18:00:00.000Z,0.88322,0.88445,0.88226,0.88232,6412
2024-11-19T22:00:00.000Z,0.8816,0.88314,0.8816,0.88258,4185
2024-11-20T02:00:00.000Z,0.88258,0.88375,0.88246,0.88355,3664
2024-11-20T06:00:00.000Z,0.88357,0.88572,0.88344,0.88546,11912
2024-11-20T10:00:00.000Z,0.88545,0.8862,0.88419,0.88446,11029
2024-11-20T14:00:00.000Z,0.88445,0.88589,0.88359,0.8842,15145
2024-11-20T18:00:00.000Z,0.88421,0.88491,0.88386,0.88408,6171
2024-11-20T22:00:00.000Z,0.88373,0.88414,0.883,0.88336,4681
2024-11-21T02:00:00.000Z,0.88335,0.88336,0.88248,0.88312,4930
2024-11-21T06:00:00.000Z,0.88311,0.88411,0.88206,0.88409,16274
2024-11-21T10:00:00.000Z,0.88408,0.88436,0.88269,0.88335,13611
2024-11-21T14:00:00.000Z,0.88334,0.88698,0.88247,0.88594,21478
2024-11-21T18:00:00.000Z,0.88594,0.88697,0.88593,0.8869,6415
2024-11-21T22:00:00.000Z,0.88647,0.88693,0.88609,0.88642,5316
2024-11-22T02:00:00.000Z,0.88643,0.88686,0.88591,0.88678,5224
2024-11-22T06:00:00.000Z,0.88679,0.89099,0.88512,0.88901,19471
2024-11-22T10:00:00.000Z,0.889,0.89374,0.88773,0.89305,16869
2024-11-22T14:00:00.000Z,0.89309,0.89575,0.89253,0.89344,20789
2024-11-22T18:00:00.000Z,0.89344,0.89477,0.89335,0.89427,6609
2024-11-24T22:00:00.000Z,0.89,0.89165,0.88967,0.89016,9911
2024-11-25T02:00:00.000Z,0.89016,0.89136,0.88913,0.89073,6301
2024-11-25T06:00:00.000Z,0.89072,0.89168,0.88862,0.8889,14167
2024-11-25T10:00:00.000Z,0.8889,0.89055,0.88635,0.88687,14666
2024-11-25T14:00:00.000Z,0.88687,0.88797,0.88482,0.88719,20318
2024-11-25T18:00:00.000Z,0.8872,0.88721,0.8851,0.88643,7989
2024-11-25T22:00:00.000Z,0.88655,0.8894,0.88549,0.88779,13888
2024-11-26T02:00:00.000Z,0.88778,0.88826,0.88619,0.887,7686
2024-11-26T06:00:00.000Z,0.88699,0.8877,0.88545,0.88592,13332
2024-11-26T10:00:00.000Z,0.88592,0.88673,0.88422,0.88655,16148
2024-11-26T14:00:00.000Z,0.88656,0.88845,0.88633,0.88795,20770
2024-11-26T18:00:00.000Z,0.88795,0.88868,0.88632,0.88648,10130
2024-11-26T22:00:00.000Z,0.88589,0.8867,0.88538,0.88566,8367
2024-11-27T02:00:00.000Z,0.88566,0.88617,0.88546,0.88581,5581
2024-11-27T06:00:00.000Z,0.88582,0.88584,0.88163,0.88284,16661
2024-11-27T10:00:00.000Z,0.88284,0.88411,0.88145,0.88151,18519
2024-11-27T14:00:00.000Z,0.8815,0.88368,0.87972,0.88104,23079
2024-11-27T18:00:00.000Z,0.88104,0.88235,0.88069,0.88195,8072
2024-11-27T22:00:00.000Z,0.88113,0.88353,0.88043,0.88288,7323
2024-11-28T02:00:00.000Z,0.88287,0.88377,0.88268,0.88341,4774
2024-11-28T06:00:00.000Z,0.88343,0.88472,0.88289,0.88467,12608
2024-11-28T10:00:00.000Z,0.88467,0.88478,0.88304,0.88348,8538
2024-11-28T14:00:00.000Z,0.88349,0.88391,0.88246,0.88296,7748
2024-11-28T18:00:00.000Z,0.88296,0.88312,0.88274,0.88292,2997
2024-11-28T22:00:00.000Z,0.88268,0.8828,0.88012,0.88109,9576
2024-11-29T02:00:00.000Z,0.88108,0.88172,0.88084,0.88157,7479
2024-11-29T06:00:00.000Z,0.88159,0.8819,0.87951,0.88116,13084
2024-11-29T10:00:00.000Z,0.88115,0.88211,0.88014,0.88054,11433
2024-11-29T14:00:00.000Z,0.88053,0.88275,0.88025,0.88097,15070
2024-11-29T18:00:00.000Z,0.88097,0.88129,0.87994,0.88118,16142
2024-12-01T22:00:00.000Z,0.87984,0.88406,0.87965,0.88398,9479
2024-12-02T02:00:00.000Z,0.88397,0.88536,0.88385,0.88489,6769
2024-12-02T06:00:00.000Z,0.88489,0.88615,0.8835,0.88596,15864
2024-12-02T10:00:00.000Z,0.88596,0.88717,0.88475,0.88647,14337
2024-12-02T14:00:00.000Z,0.88644,0.88895,0.88593,0.88699,20862
2024-12-02T18:00:00.000Z,0.88699,0.88737,0.88511,0.88606,9261
2024-12-02T22:00:00.000Z,0.88579,0.888,0.88579,0.88778,6449
2024-12-03T02:00:00.000Z,0.88778,0.88884,0.88764,0.88798,6449
2024-12-03T06:00:00.000Z,0.88798,0.88846,0.88434,0.88525,10515
2024-12-03T10:00:00.000Z,0.88525,0.88574,0.88294,0.88332,8784
2024-12-03T14:00:00.000Z,0.88332,0.88638,0.88325,0.88498,16343
2024-12-03T18:00:00.000Z,0.885,0.8864,0.88432,0.886,6139
2024-12-03T22:00:00.000Z,0.88594,0.88757,0.88582,0.88691,6724
2024-12-04T02:00:00.000Z,0.88692,0.88746,0.88564,0.88614,7550
2024-12-04T06:00:00.000Z,0.88614,0.88795,0.88528,0.88705,11082
2024-12-04T10:00:00.000Z,0.88704,0.88743,0.88567,0.88714,11921
2024-12-04T14:00:00.000Z,0.88714,0.88759,0.88263,0.88292,17218
2024-12-04T18:00:00.000Z,0.88292,0.88477,0.88288,0.88411,8970
2024-12-04T22:00:00.000Z,0.88359,0.8846,0.88343,0.8843,5625
2024-12-05T02:00:00.000Z,0.8843,0.8845,0.88334,0.8835,6258
2024-12-05T06:00:00.000Z,0.8835,0.8853,0.88308,0.88488,8776
2024-12-05T10:00:00.000Z,0.8849,0.88505,0.88097,0.88161,11578
2024-12-05T14:00:00.000Z,0.88161,0.88166,0.87882,0.87962,15801
2024-12-05T18:00:00.000Z,0.87962,0.88046,0.87788,0.87802,7554
2024-12-05T22:00:00.000Z,0.87794,0.87946,0.87788,0.87917,6010
2024-12-06T02:00:00.000Z,0.87917,0.87919,0.87822,0.87915,6343
2024-12-06T06:00:00.000Z,0.87915,0.87968,0.87796,0.87884,8178
2024-12-06T10:00:00.000Z,0.87884,0.87892,0.87334,0.87509,12802
2024-12-06T14:00:00.000Z,0.8751,0.87898,0.87466,0.8787,18168
2024-12-06T18:00:00.000Z,0.87871,0.8797,0.87811,0.8782,5795
2024-12-08T22:00:00.000Z,0.87821,0.87924,0.87805,0.87912,6565
2024-12-09T02:00:00.000Z,0.87912,0.88039,0.87877,0.88011,6086
2024-12-09T06:00:00.000Z,0.88011,0.88023,0.8789,0.87964,9443
2024-12-09T10:00:00.000Z,0.87961,0.87985,0.87814,0.8785,9156
2024-12-09T14:00:00.000Z,0.8785,0.8792,0.87585,0.87825,12564
2024-12-09T18:00:00.000Z,0.87825,0.87927,0.878,0.87829,5193
2024-12-09T22:00:00.000Z,0.87814,0.87919,0.87792,0.87859,4566
2024-12-10T02:00:00.000Z,0.87859,0.87868,0.87712,0.87721,6158
2024-12-10T06:00:00.000Z,0.87721,0.88076,0.87706,0.88042,8779
2024-12-10T10:00:00.000Z,0.88044,0.8807,0.87942,0.8799,10723
2024-12-10T14:00:00.000Z,0.87989,0.88298,0.8795,0.88278,14242
2024-12-10T18:00:00.000Z,0.8828,0.88324,0.88182,0.88295,5743
2024-12-10T22:00:00.000Z,0.8824,0.88326,0.88194,0.88303,4012
2024-12-11T02:00:00.000Z,0.88303,0.8838,0.88263,0.88347,4507
2024-12-11T06:00:00.000Z,0.88348,0.88539,0.8833,0.88425,13521
2024-12-11T10:00:00.000Z,0.88425,0.88473,0.88107,0.88188,15136
2024-12-11T14:00:00.000Z,0.88191,0.88487,0.88149,0.88473,18555
2024-12-11T18:00:00.000Z,0.88473,0.88534,0.88379,0.88411,7501
2024-12-11T22:00:00.000Z,0.88351,0.88406,0.88284,0.88349,4902
2024-12-12T02:00:00.000Z,0.88349,0.88423,0.88345,0.88386,5283
2024-12-12T06:00:00.000Z,0.88385,0.88923,0.88162,0.88654,13648
2024-12-12T10:00:00.000Z,0.88656,0.88989,0.88549,0.88867,15530
2024-12-12T14:00:00.000Z,0.88863,0.89019,0.88669,0.88913,21680
2024-12-12T18:00:00.000Z,0.88911,0.89275,0.88907,0.89239,8829
2024-12-12T22:00:00.000Z,0.89149,0.89271,0.89149,0.8925,6093
2024-12-13T02:00:00.000Z,0.8925,0.89304,0.89219,0.8922,5259
2024-12-13T06:00:00.000Z,0.89221,0.89445,0.89219,0.89445,10216
2024-12-13T10:00:00.000Z,0.89443,0.89455,0.89146,0.89211,12128
2024-12-13T14:00:00.000Z,0.89211,0.89422,0.89198,0.89246,13094
2024-12-13T18:00:00.000Z,0.89246,0.89302,0.89215,0.89264,5525
2024-12-15T22:00:00.000Z,0.89271,0.893,0.89101,0.89123,8139
2024-12-16T02:00:00.000Z,0.89124,0.89152,0.89033,0.8905,7164
2024-12-16T06:00:00.000Z,0.89051,0.89183,0.88984,0.89043,12235
2024-12-16T10:00:00.000Z,0.89045,0.89357,0.89013,0.89309,10075
2024-12-16T14:00:00.000Z,0.89308,0.89484,0.89217,0.8939,14998
2024-12-16T18:00:00.000Z,0.8939,0.89476,0.89347,0.89428,6370
2024-12-16T22:00:00.000Z,0.89328,0.89447,0.89313,0.8932,6899
2024-12-17T02:00:00.000Z,0.89321,0.89523,0.89298,0.89457,5131
2024-12-17T06:00:00.000Z,0.89457,0.89739,0.89444,0.89737,10235
2024-12-17T10:00:00.000Z,0.89736,0.89744,0.89523,0.89545,12070
2024-12-17T14:00:00.000Z,0.89545,0.89562,0.89176,0.89197,15083
2024-12-17T18:00:00.000Z,0.89196,0.89298,0.89143,0.89263,5729
2024-12-17T22:00:00.000Z,0.89216,0.89282,0.89193,0.8923,5766
2024-12-18T02:00:00.000Z,0.89229,0.89293,0.89212,0.89239,4784
2024-12-18T06:00:00.000Z,0.89237,0.89421,0.89172,0.8937,10143
2024-12-18T10:00:00.000Z,0.89368,0.89455,0.89305,0.8934,10064
2024-12-18T14:00:00.000Z,0.8934,0.89401,0.89209,0.89278,12473
2024-12-18T18:00:00.000Z,0.89278,0.90203,0.89171,0.90118,21018
2024-12-18T22:00:00.000Z,0.90062,0.90216,0.89965,0.89988,8803
2024-12-19T02:00:00.000Z,0.89987,0.90109,0.89942,0.89955,8391
2024-12-19T06:00:00.000Z,0.89955,0.90025,0.89602,0.89615,17597
2024-12-19T10:00:00.000Z,0.89613,0.89725,0.89514,0.89721,16811
2024-12-19T14:00:00.000Z,0.89718,0.89961,0.8968,0.8994,20817
2024-12-19T18:00:00.000Z,0.8994,0.89974,0.8977,0.8988,8702
2024-12-19T22:00:00.000Z,0.89803,0.89915,0.89782,0.89808,8248
2024-12-20T02:00:00.000Z,0.89807,0.89866,0.89751,0.89772,6918
2024-12-20T06:00:00.000Z,0.89772,0.89865,0.89477,0.89526,13238
2024-12-20T10:00:00.000Z,0.89525,0.8953,0.89292,0.89394,13463
2024-12-20T14:00:00.000Z,0.89395,0.89526,0.89155,0.89224,20871
2024-12-20T18:00:00.000Z,0.89227,0.89334,0.89131,0.89312,7828
2024-12-22T22:00:00.000Z,0.89172,0.89361,0.89102,0.89307,10042
2024-12-23T02:00:00.000Z,0.89307,0.89372,0.89272,0.89366,4637
2024-12-23T06:00:00.000Z,0.89367,0.89549,0.89332,0.89549,8564
2024-12-23T10:00:00.000Z,0.89547,0.89841,0.89498,0.89721,9610
2024-12-23T14:00:00.000Z,0.89721,0.90016,0.8969,0.89919,12105
2024-12-23T18:00:00.000Z,0.89919,0.89923,0.89817,0.8986,5629
2024-12-23T22:00:00.000Z,0.89803,0.89908,0.89787,0.89865,3612
2024-12-24T02:00:00.000Z,0.89864,0.89963,0.89825,0.89851,3742
2024-12-24T06:00:00.000Z,0.8985,0.90082,0.89849,0.90068,5804
2024-12-24T10:00:00.000Z,0.90068,0.90077,0.89949,0.89978,6215
2024-12-24T14:00:00.000Z,0.89979,0.90116,0.89955,0.90095,8916
2024-12-24T18:00:00.000Z,0.90095,0.90119,0.89908,0.89982,3274
2024-12-25T22:00:00.000Z,0.89894,0.90005,0.89865,0.89961,5614
2024-12-26T02:00:00.000Z,0.89961,0.90003,0.89936,0.89971,2819
2024-12-26T06:00:00.000Z,0.89972,0.90041,0.89951,0.89956,5214
2024-12-26T10:00:00.000Z,0.89953,0.90096,0.89934,0.90072,6593
2024-12-26T14:00:00.000Z,0.90074,0.90099,0.89957,0.8997,9212
2024-12-26T18:00:00.000Z,0.8997,0.8997,0.89843,0.89873,5686
2024-12-26T22:00:00.000Z,0.89844,0.89947,0.89839,0.89922,3454
2024-12-27T02:00:00.000Z,0.89922,0.89966,0.89903,0.89963,3097
2024-12-27T06:00:00.000Z,0.89962,0.90117,0.8995,0.89982,8188
2024-12-27T10:00:00.000Z,0.89982,0.90117,0.89949,0.90074,8125
2024-12-27T14:00:00.000Z,0.90072,0.90272,0.90019,0.90258,12324
2024-12-27T18:00:00.000Z,0.90258,0.90267,0.90159,0.90222,4957
2024-12-29T22:00:00.000Z,0.90074,0.90197,0.90034,0.90164,3124
2024-12-30T02:00:00.000Z,0.90162,0.90194,0.90141,0.9017,2111
2024-12-30T06:00:00.000Z,0.90169,0.90397,0.90141,0.90183,6051
2024-12-30T10:00:00.000Z,0.90184,0.90598,0.90099,0.90585,9319
2024-12-30T14:00:00.000Z,0.90584,0.90735,0.90419,0.90511,16492
2024-12-30T18:00:00.000Z,0.9051,0.90512,0.90335,0.90351,5334
2024-12-30T22:00:00.000Z,0.90356,0.90385,0.90247,0.90277,3353
2024-12-31T02:00:00.000Z,0.90277,0.90309,0.90244,0.90297,3416
2024-12-31T06:00:00.000Z,0.90298,0.90396,0.90226,0.90378,7207
2024-12-31T10:00:00.000Z,0.90378,0.90604,0.90363,0.90519,10163
2024-12-31T14:00:00.000Z,0.90517,0.908,0.90407,0.90767,15961
2024-12-31T18:00:00.000Z,0.90772,0.90788,0.90698,0.90714,4858
2025-01-01T22:00:00.000Z,0.90636,0.90782,0.90541,0.90603,6193
2025-01-02T02:00:00.000Z,0.90604,0.90604,0.90421,0.905,3325
2025-01-02T06:00:00.000Z,0.905,0.90586,0.90387,0.90477,8356
2025-01-02T10:00:00.000Z,0.90478,0.90896,0.90446,0.9087,13381
2025-01-02T14:00:00.000Z,0.90869,0.9137,0.90777,0.91239,19205
2025-01-02T18:00:00.000Z,0.91238,0.91352,0.91204,0.91237,5998
2025-01-02T22:00:00.000Z,0.91156,0.91245,0.9114,0.91153,4173
2025-01-03T02:00:00.000Z,0.91154,0.91244,0.91087,0.9114,4081
2025-01-03T06:00:00.000Z,0.9114,0.91164,0.90858,0.90916,8924
2025-01-03T10:00:00.000Z,0.90916,0.90986,0.90871,0.90931,8073
2025-01-03T14:00:00.000Z,0.90931,0.91075,0.90798,0.90923,12196
2025-01-03T18:00:00.000Z,0.90924,0.90982,0.90854,0.90871,4116
2025-01-05T22:00:00.000Z,0.90825,0.91048,0.90805,0.90986,4845
2025-01-06T02:00:00.000Z,0.90986,0.90993,0.9091,0.90956,3786
2025-01-06T06:00:00.000Z,0.90957,0.90993,0.90536,0.90597,10530
2025-01-06T10:00:00.000Z,0.90596,0.9067,0.90082,0.90227,20383
2025-01-06T14:00:00.000Z,0.90227,0.90665,0.90167,0.90396,21137
2025-01-06T18:00:00.000Z,0.90394,0.90509,0.90388,0.90453,6497
2025-01-06T22:00:00.000Z,0.90452,0.90595,0.90407,0.90529,6683
2025-01-07T02:00:00.000Z,0.90531,0.90557,0.90327,0.90379,5166
2025-01-07T06:00:00.000Z,0.90379,0.90528,0.90222,0.90407,12414
2025-01-07T10:00:00.000Z,0.90408,0.90774,0.90398,0.90697,11867
2025-01-07T14:00:00.000Z,0.90697,0.9096,0.90665,0.90754,17523
2025-01-07T18:00:00.000Z,0.90754,0.90959,0.90743,0.90934,8291
2025-01-07T22:00:00.000Z,0.90941,0.90955,0.9087,0.90906,5095
2025-01-08T02:00:00.000Z,0.90906,0.90958,0.90876,0.90892,3745
2025-01-08T06:00:00.000Z,0.90891,0.91202,0.90887,0.91184,9253
2025-01-08T10:00:00.000Z,0.91184,0.91283,0.91028,0.9103,14579
2025-01-08T14:00:00.000Z,0.9103,0.91194,0.90983,0.91153,12700
2025-01-08T18:00:00.000Z,0.91152,0.9119,0.9108,0.91092,7658
2025-01-08T22:00:00.000Z,0.91074,0.91142,0.9104,0.91072,4038
2025-01-09T02:00:00.000Z,0.9107,0.91139,0.9098,0.91069,4468
2025-01-09T06:00:00.000Z,0.91069,0.91308,0.91052,0.91153,9243
2025-01-09T10:00:00.000Z,0.91153,0.91274,0.91071,0.91124,7997
2025-01-09T14:00:00.000Z,0.91125,0.91298,0.91068,0.91269,7387
2025-01-09T18:00:00.000Z,0.91269,0.91292,0.91194,0.91233,2991
2025-01-09T22:00:00.000Z,0.91142,0.91239,0.91142,0.91173,3801
2025-01-10T02:00:00.000Z,0.91173,0.913,0.91164,0.91297,3420
2025-01-10T06:00:00.000Z,0.91297,0.91345,0.91219,0.9134,7189
2025-01-10T10:00:00.000Z,0.9134,0.91883,0.91304,0.91662,10949
2025-01-10T14:00:00.000Z,0.91663,0.91794,0.91451,0.91646,19096
2025-01-10T18:00:00.000Z,0.91647,0.91759,0.91605,0.91611,6816
2025-01-12T22:00:00.000Z,0.91588,0.91736,0.91571,0.9165,4737
2025-01-13T02:00:00.000Z,0.9165,0.9179,0.91628,0.917,4306
2025-01-13T06:00:00.000Z,0.917,0.91798,0.91543,0.91701,10975
2025-01-13T10:00:00.000Z,0.917,0.91716,0.91552,0.91669,9960
2025-01-13T14:00:00.000Z,0.91669,0.92006,0.91666,0.91828,11917
2025-01-13T18:00:00.000Z,0.91829,0.91912,0.91696,0.91699,6161
2025-01-13T22:00:00.000Z,0.91603,0.91689,0.9151,0.9163,6444
2025-01-14T02:00:00.000Z,0.91631,0.91695,0.9156,0.91606,5260
2025-01-14T06:00:00.000Z,0.91606,0.91615,0.91291,0.91596,10051
2025-01-14T10:00:00.000Z,0.91596,0.91735,0.91408,0.9163,11026
2025-01-14T14:00:00.000Z,0.9163,0.91697,0.91329,0.91409,14457
2025-01-14T18:00:00.000Z,0.91409,0.91415,0.91211,0.91211,5783
2025-01-14T22:00:00.000Z,0.912,0.91275,0.91155,0.91234,3334
2025-01-15T02:00:00.000Z,0.91234,0.91289,0.9119,0.91257,3757
2025-01-15T06:00:00.000Z,0.91257,0.91263,0.91093,0.91178,8800
2025-01-15T10:00:00.000Z,0.91178,0.9124,0.90773,0.90933,10877
2025-01-15T14:00:00.000Z,0.9093,0.91463,0.90918,0.91304,16028
2025-01-15T18:00:00.000Z,0.91303,0.91343,0.9123,0.91233,6160
2025-01-15T22:00:00.000Z,0.91215,0.91285,0.91177,0.9122,4601
2025-01-16T02:00:00.000Z,0.91215,0.91287,0.91119,0.91274,4873
2025-01-16T06:00:00.000Z,0.91275,0.9128,0.91052,0.91109,7826
2025-01-16T10:00:00.000Z,0.91108,0.91357,0.91103,0.912,9385
2025-01-16T14:00:00.000Z,0.91203,0.91363,0.91,0.91084,16667
2025-01-16T18:00:00.000Z,0.91084,0.91136,0.91031,0.91031,6357
2025-01-16T22:00:00.000Z,0.91009,0.91136,0.90995,0.91028,3863
2025-01-17T02:00:00.000Z,0.91027,0.91186,0.91011,0.91153,4176
2025-01-17T06:00:00.000Z,0.91153,0.91297,0.90962,0.91117,7655
2025-01-17T10:00:00.000Z,0.91114,0.91335,0.91075,0.91311,8435
2025-01-17T14:00:00.000Z,0.91311,0.91522,0.91089,0.91463,14868
2025-01-17T18:00:00.000Z,0.91463,0.91534,0.91411,0.91452,4632
2025-01-19T22:00:00.000Z,0.91288,0.91519,0.91288,0.91356,4833
2025-01-20T02:00:00.000Z,0.91356,0.91397,0.91267,0.91297,3825
2025-01-20T06:00:00.000Z,0.91296,0.91388,0.91204,0.91381,7291
2025-01-20T10:00:00.000Z,0.91381,0.91461,0.90827,0.90889,10471
2025-01-20T14:00:00.000Z,0.90888,0.91051,0.90673,0.90814,17073
2025-01-20T18:00:00.000Z,0.90814,0.90873,0.90554,0.90639,4856
2025-01-20T22:00:00.000Z,0.90578,0.90977,0.9051,0.90831,12857
2025-01-21T02:00:00.000Z,0.90831,0.90839,0.90625,0.90792,6862
2025-01-21T06:00:00.000Z,0.90794,0.91106,0.90758,0.91056,8734
2025-01-21T10:00:00.000Z,0.91056,0.91145,0.90885,0.90928,10221
2025-01-21T14:00:00.000Z,0.90925,0.90981,0.90634,0.90726,13621
2025-01-21T18:00:00.000Z,0.90726,0.90735,0.90515,0.90527,4913
2025-01-21T22:00:00.000Z,0.90572,0.90737,0.90467,0.90672,7012
2025-01-22T02:00:00.000Z,0.90672,0.90722,0.90633,0.90676,4686
2025-01-22T06:00:00.000Z,0.90676,0.90724,0.90423,0.90429,9846
2025-01-22T10:00:00.000Z,0.90429,0.90635,0.90326,0.90601,9221
2025-01-22T14:00:00.000Z,0.90601,0.90752,0.90589,0.90664,11162
2025-01-22T18:00:00.000Z,0.90664,0.90697,0.90581,0.90622,4207
2025-01-22T22:00:00.000Z,0.90596,0.90653,0.90555,0.90635,4720
2025-01-23T02:00:00.000Z,0.90637,0.90668,0.90602,0.90653,7603
2025-01-23T06:00:00.000Z,0.90653,0.90794,0.90602,0.90721,9525
2025-01-23T10:00:00.000Z,0.90723,0.90883,0.90632,0.9074,9711
2025-01-23T14:00:00.000Z,0.90739,0.91084,0.90606,0.9062,14860
2025-01-23T18:00:00.000Z,0.9062,0.90747,0.90612,0.90705,5216
2025-01-23T22:00:00.000Z,0.90656,0.90765,0.90656,0.90713,4287
2025-01-24T02:00:00.000Z,0.90713,0.90714,0.90468,0.9051,9371
2025-01-24T06:00:00.000Z,0.9051,0.90593,0.90272,0.90421,14680
2025-01-24T10:00:00.000Z,0.90421,0.90706,0.90417,0.9063,10141
2025-01-24T14:00:00.000Z,0.90629,0.90711,0.90399,0.90504,12554
2025-01-24T18:00:00.000Z,0.90504,0.9064,0.9048,0.90581,3994
2025-01-26T22:00:00.000Z,0.90581,0.9072,0.90532,0.90648,5894
2025-01-27T02:00:00.000Z,0.90646,0.90729,0.90594,0.90671,5092
2025-01-27T06:00:00.000Z,0.90671,0.90723,0.90128,0.90149,11833
2025-01-27T10:00:00.000Z,0.90149,0.90149,0.89649,0.89863,16446
2025-01-27T14:00:00.000Z,0.89864,0.90204,0.89804,0.90108,13652
2025-01-27T18:00:00.000Z,0.90108,0.90226,0.90101,0.90197,5763
2025-01-27T22:00:00.000Z,0.90162,0.90534,0.90131,0.90483,8851
2025-01-28T02:00:00.000Z,0.90483,0.90593,0.90452,0.90521,6055
2025-01-28T06:00:00.000Z,0.90521,0.90707,0.90463,0.90576,10020
2025-01-28T10:00:00.000Z,0.90576,0.90677,0.90514,0.906,9001
2025-01-28T14:00:00.000Z,0.906,0.906,0.90401,0.9044,9637
2025-01-28T18:00:00.000Z,0.90438,0.90504,0.90382,0.90406,4600
2025-01-28T22:00:00.000Z,0.90369,0.90439,0.90369,0.90416,3533
2025-01-29T02:00:00.000Z,0.90416,0.90429,0.90312,0.90333,4050
2025-01-29T06:00:00.000Z,0.90328,0.90643,0.90321,0.90631,8284
2025-01-29T10:00:00.000Z,0.90631,0.90815,0.90565,0.90811,9378
2025-01-29T14:00:00.000Z,0.90809,0.9082,0.90562,0.90685,12054
2025-01-29T18:00:00.000Z,0.90683,0.90949,0.9059,0.90672,13144
2025-01-29T22:00:00.000Z,0.9062,0.90678,0.90597,0.90667,8603
2025-01-30T02:00:00.000Z,0.90668,0.90694,0.90621,0.90636,6321
2025-01-30T06:00:00.000Z,0.90636,0.90781,0.90616,0.90762,8198
2025-01-30T10:00:00.000Z,0.90763,0.90894,0.9064,0.90659,11095
2025-01-30T14:00:00.000Z,0.90659,0.9092,0.9059,0.90876,13103
2025-01-30T18:00:00.000Z,0.90873,0.91035,0.90815,0.90971,7854
2025-01-30T22:00:00.000Z,0.90874,0.91046,0.9087,0.90979,7432
2025-01-31T02:00:00.000Z,0.90979,0.91041,0.90946,0.91008,5055
2025-01-31T06:00:00.000Z,0.91008,0.91156,0.90869,0.91068,9460
2025-01-31T10:00:00.000Z,0.91068,0.91123,0.90902,0.90993,9750
2025-01-31T14:00:00.000Z,0.90992,0.91094,0.90713,0.90796,15974
2025-01-31T18:00:00.000Z,0.90796,0.91144,0.90779,0.91108,13484
2025-02-02T22:00:00.000Z,0.91376,0.91678,0.91341,0.91584,14739
2025-02-03T02:00:00.000Z,0.91584,0.91764,0.91583,0.91611,9787
2025-02-03T06:00:00.000Z,0.91611,0.91966,0.91528,0.91734,13580
2025-02-03T10:00:00.000Z,0.91734,0.91752,0.91327,0.91491,12699
2025-02-03T14:00:00.000Z,0.91491,0.91619,0.91026,0.91378,23698
2025-02-03T18:00:00.000Z,0.91378,0.91433,0.90924,0.91062,9452
2025-02-03T22:00:00.000Z,0.90965,0.91252,0.90956,0.91177,6238
2025-02-04T02:00:00.000Z,0.91176,0.91313,0.9112,0.91272,7499
2025-02-04T06:00:00.000Z,0.91272,0.9128,0.90878,0.90964,9976
2025-02-04T10:00:00.000Z,0.90965,0.91002,0.90822,0.90868,8582
2025-02-04T14:00:00.000Z,0.90867,0.90867,0.90502,0.90546,13908
2025-02-04T18:00:00.000Z,0.90546,0.90574,0.90453,0.905,4971
2025-02-04T22:00:00.000Z,0.90461,0.90592,0.90435,0.90588,5587
2025-02-05T02:00:00.000Z,0.90589,0.90593,0.9044,0.90559,4660
2025-02-05T06:00:00.000Z,0.90561,0.90584,0.90185,0.90253,9894
2025-02-05T10:00:00.000Z,0.90253,0.90336,0.90077,0.90292,10091
2025-02-05T14:00:00.000Z,0.90291,0.90319,0.90015,0.90068,13789
2025-02-05T18:00:00.000Z,0.90068,0.9018,0.90015,0.90174,4832
2025-02-05T22:00:00.000Z,0.90122,0.90186,0.90084,0.90102,4405
2025-02-06T02:00:00.000Z,0.90101,0.90301,0.90078,0.90292,4098
2025-02-06T06:00:00.000Z,0.90292,0.90547,0.90266,0.90531,7565
2025-02-06T10:00:00.000Z,0.90531,0.90608,0.90457,0.90525,10113
2025-02-06T14:00:00.000Z,0.90524,0.90618,0.90457,0.90481,10784
2025-02-06T18:00:00.000Z,0.90483,0.90523,0.90397,0.90489,5480
2025-02-06T22:00:00.000Z,0.90408,0.90583,0.90396,0.90563,4372
2025-02-07T02:00:00.000Z,0.90563,0.90649,0.90552,0.90622,3733
2025-02-07T06:00:00.000Z,0.90622,0.90677,0.90553,0.90595,6176
2025-02-07T10:00:00.000Z,0.90595,0.90993,0.90433,0.90915,9899
2025-02-07T14:00:00.000Z,0.90915,0.91064,0.90687,0.91033,21480
2025-02-07T18:00:00.000Z,0.91033,0.91045,0.9089,0.91,5465
2025-02-09T22:00:00.000Z,0.91022,0.91189,0.91013,0.91176,5689
2025-02-10T02:00:00.000Z,0.91176,0.91223,0.91085,0.91102,4065
2025-02-10T06:00:00.000Z,0.91102,0.91126,0.9097,0.91021,7340
2025-02-10T10:00:00.000Z,0.9102,0.91113,0.90936,0.90997,7055
2025-02-10T14:00:00.000Z,0.90997,0.91166,0.90975,0.91126,8791
2025-02-10T18:00:00.000Z,0.91126,0.91162,0.91104,0.91137,3882
2025-02-10T22:00:00.000Z,0.91054,0.91157,0.91054,0.91125,3874
2025-02-11T02:00:00.000Z,0.91125,0.9118,0.91121,0.91167,3410
2025-02-11T06:00:00.000Z,0.9117,0.91208,0.9111,0.91179,6457
2025-02-11T10:00:00.000Z,0.91179,0.91398,0.91152,0.91336,6588
2025-02-11T14:00:00.000Z,0.91336,0.91395,0.91235,0.91313,9108
2025-02-11T18:00:00.000Z,0.91313,0.91406,0.91222,0.91325,5417
2025-02-11T22:00:00.000Z,0.91223,0.91346,0.91223,0.91292,3714
2025-02-12T02:00:00.000Z,0.91292,0.91362,0.91255,0.91307,4101
2025-02-12T06:00:00.000Z,0.91308,0.91325,0.91024,0.91051,6948
2025-02-12T10:00:00.000Z,0.91049,0.91558,0.91038,0.91444,10278
2025-02-12T14:00:00.000Z,0.9145,0.91505,0.91132,0.91172,17041
2025-02-12T18:00:00.000Z,0.91171,0.91386,0.91156,0.91357,6624
2025-02-12T22:00:00.000Z,0.91265,0.91402,0.9122,0.91313,4614
2025-02-13T02:00:00.000Z,0.91312,0.91337,0.91095,0.91134,5697
2025-02-13T06:00:00.000Z,0.91134,0.91153,0.90706,0.90789,9468
2025-02-13T10:00:00.000Z,0.90789,0.90851,0.90649,0.90756,10798
2025-02-13T14:00:00.000Z,0.90757,0.90845,0.9036,0.90433,12812
2025-02-13T18:00:00.000Z,0.90433,0.9063,0.90278,0.90304,9563
2025-02-13T22:00:00.000Z,0.90287,0.90351,0.90241,0.90304,6337
2025-02-14T02:00:00.000Z,0.90304,0.90454,0.90295,0.90439,4590
2025-02-14T06:00:00.000Z,0.90439,0.9049,0.90116,0.90184,8886
2025-02-14T10:00:00.000Z,0.90184,0.90227,0.89857,0.89892,9464
2025-02-14T14:00:00.000Z,0.89892,0.89911,0.8972,0.89802,10259
2025-02-14T18:00:00.000Z,0.89803,0.89977,0.89793,0.89961,4622
2025-02-16T22:00:00.000Z,0.89801,0.9003,0.898,0.89926,6685
2025-02-17T02:00:00.000Z,0.89926,0.90086,0.8992,0.90032,6118
2025-02-17T06:00:00.000Z,0.90032,0.90081,0.89971,0.90037,7360
2025-02-17T10:00:00.000Z,0.90036,0.90179,0.90031,0.90096,5635
2025-02-17T14:00:00.000Z,0.90097,0.90144,0.90022,0.90064,4497
2025-02-17T18:00:00.000Z,0.90064,0.90103,0.90054,0.90077,2502
2025-02-17T22:00:00.000Z,0.90044,0.90211,0.9,0.90181,4317
2025-02-18T02:00:00.000Z,0.90181,0.90343,0.90148,0.90317,4639
2025-02-18T06:00:00.000Z,0.90317,0.9032,0.89953,0.90038,6606
2025-02-18T10:00:00.000Z,0.90037,0.90225,0.90028,0.9018,6348
2025-02-18T14:00:00.000Z,0.90179,0.90364,0.90115,0.90335,7535
2025-02-18T18:00:00.000Z,0.90335,0.9041,0.90315,0.90334,3729
2025-02-18T22:00:00.000Z,0.90248,0.90436,0.90224,0.90384,5105
2025-02-19T02:00:00.000Z,0.90384,0.90402,0.90289,0.90291,3810
2025-02-19T06:00:00.000Z,0.90291,0.90494,0.90247,0.90448,6117
2025-02-19T10:00:00.000Z,0.90448,0.90514,0.90322,0.90351,7484
2025-02-19T14:00:00.000Z,0.90351,0.90544,0.90233,0.90487,8931
2025-02-19T18:00:00.000Z,0.90487,0.90495,0.90313,0.90445,4496
2025-02-19T22:00:00.000Z,0.90378,0.90463,0.90305,0.90367,4335
2025-02-20T02:00:00.000Z,0.90367,0.9037,0.90245,0.90263,5777
2025-02-20T06:00:00.000Z,0.90263,0.90294,0.90197,0.90205,6761
2025-02-20T10:00:00.000Z,0.90206,0.90306,0.90094,0.90202,8093
2025-02-20T14:00:00.000Z,0.90202,0.90267,0.89809,0.89834,10533
2025-02-20T18:00:00.000Z,0.89834,0.89866,0.89757,0.8978,4315
2025-02-20T22:00:00.000Z,0.8978,0.89958,0.89762,0.89926,5373
2025-02-21T02:00:00.000Z,0.89926,0.89926,0.89775,0.89879,5391
2025-02-21T06:00:00.000Z,0.89879,0.89943,0.89707,0.89892,8522
2025-02-21T10:00:00.000Z,0.89892,0.90046,0.89819,0.89956,6457
2025-02-21T14:00:00.000Z,0.89959,0.90038,0.89742,0.89757,10805
2025-02-21T18:00:00.000Z,0.89757,0.89799,0.89677,0.8979,6305
2025-02-23T22:00:00.000Z,0.89706,0.89851,0.89582,0.89589,8061
2025-02-24T02:00:00.000Z,0.8959,0.89639,0.89534,0.89618,5787
2025-02-24T06:00:00.000Z,0.89618,0.89936,0.89612,0.89918,8861
2025-02-24T10:00:00.000Z,0.89919,0.89982,0.89847,0.89863,7237
2025-02-24T14:00:00.000Z,0.89864,0.89895,0.89619,0.89693,10411
2025-02-24T18:00:00.000Z,0.89693,0.89748,0.89593,0.89709,4852
2025-02-24T22:00:00.000Z,0.89674,0.8978,0.89659,0.89746,3679
2025-02-25T02:00:00.000Z,0.89746,0.89766,0.89688,0.89709,3958
2025-02-25T06:00:00.000Z,0.89709,0.89741,0.89616,0.89624,8079
2025-02-25T10:00:00.000Z,0.89624,0.89694,0.89294,0.89371,8641
2025-02-25T14:00:00.000Z,0.89371,0.89417,0.89121,0.89247,12622
2025-02-25T18:00:00.000Z,0.89247,0.89291,0.89204,0.89281,5206
2025-02-25T22:00:00.000Z,0.89234,0.89309,0.89162,0.89262,4448
2025-02-26T02:00:00.000Z,0.89262,0.89467,0.89249,0.89463,4957
2025-02-26T06:00:00.000Z,0.89464,0.89517,0.8936,0.89467,7289
2025-02-26T10:00:00.000Z,0.89467,0.89645,0.89436,0.89486,7861
2025-02-26T14:00:00.000Z,0.89486,0.89595,0.89247,0.89417,13865
2025-02-26T18:00:00.000Z,0.89416,0.89489,0.89291,0.8947,6969
2025-02-26T22:00:00.000Z,0.89414,0.89535,0.89372,0.89512,3861
2025-02-27T02:00:00.000Z,0.89512,0.89739,0.89502,0.89702,5071
2025-02-27T06:00:00.000Z,0.89704,0.89782,0.89582,0.89753,7863
2025-02-27T10:00:00.000Z,0.89753,0.90019,0.89647,0.89998,10794
2025-02-27T14:00:00.000Z,0.89999,0.90055,0.89767,0.89926,14698
2025-02-27T18:00:00.000Z,0.89925,0.89973,0.8989,0.89962,5589
2025-02-27T22:00:00.000Z,0.89926,0.90012,0.89824,0.89887,5361
2025-02-28T02:00:00.000Z,0.89888,0.89943,0.89867,0.8993,5305
2025-02-28T06:00:00.000Z,0.89931,0.90227,0.89924,0.90188,8404
2025-02-28T10:00:00.000Z,0.90188,0.90314,0.90119,0.90201,8365
2025-02-28T14:00:00.000Z,0.90201,0.90301,0.90096,0.90188,14206
2025-02-28T18:00:00.000Z,0.90189,0.90359,0.90158,0.90281,8723
2025-03-02T22:00:00.000Z,0.90209,0.903,0.90185,0.90205,6634
2025-03-03T02:00:00.000Z,0.90205,0.90224,0.90148,0.90204,4964
2025-03-03T06:00:00.000Z,0.90204,0.90311,0.90027,0.90078,7611
2025-03-03T10:00:00.000Z,0.90075,0.90175,0.89957,0.89982,9971
2025-03-03T14:00:00.000Z,0.89982,0.89982,0.89674,0.89679,13042
2025-03-03T18:00:00.000Z,0.8968,0.89782,0.89603,0.89669,9970
2025-03-03T22:00:00.000Z,0.89649,0.89715,0.89456,0.89581,7079
2025-03-04T02:00:00.000Z,0.89581,0.89675,0.89569,0.89595,6633
2025-03-04T06:00:00.000Z,0.89595,0.89599,0.89052,0.89147,11541
2025-03-04T10:00:00.000Z,0.89147,0.89207,0.88715,0.88901,13163
2025-03-04T14:00:00.000Z,0.889,0.89129,0.88863,0.88979,18238
2025-03-04T18:00:00.000Z,0.88979,0.8901,0.88808,0.88942,11677
2025-03-04T22:00:00.000Z,0.88856,0.89098,0.8884,0.89088,6775
2025-03-05T02:00:00.000Z,0.89088,0.89129,0.8895,0.88953,6220
2025-03-05T06:00:00.000Z,0.88953,0.88983,0.88557,0.88573,11482
2025-03-05T10:00:00.000Z,0.88573,0.89004,0.88566,0.88815,12784
2025-03-05T14:00:00.000Z,0.88816,0.8912,0.88704,0.89076,20355
2025-03-05T18:00:00.000Z,0.89075,0.89144,0.89031,0.89044,7982
2025-03-05T22:00:00.000Z,0.89002,0.8914,0.88945,0.8903,5302
2025-03-06T02:00:00.000Z,0.89031,0.89256,0.89021,0.89078,6980
2025-03-06T06:00:00.000Z,0.89078,0.89126,0.88574,0.88602,14269
2025-03-06T10:00:00.000Z,0.88602,0.88813,0.88452,0.8848,13092
2025-03-06T14:00:00.000Z,0.8848,0.88695,0.88274,0.88448,18897
2025-03-06T18:00:00.000Z,0.88448,0.88452,0.8825,0.88355,7409
2025-03-06T22:00:00.000Z,0.88324,0.88359,0.88212,0.88273,5126
2025-03-07T02:00:00.000Z,0.88273,0.88296,0.88134,0.88137,4907
2025-03-07T06:00:00.000Z,0.88137,0.88191,0.87669,0.87854,9222
2025-03-07T10:00:00.000Z,0.87854,0.8819,0.87774,0.87919,12345
2025-03-07T14:00:00.000Z,0.8792,0.8803,0.87677,0.87903,19184
2025-03-07T18:00:00.000Z,0.87903,0.88103,0.87899,0.87975,7303
2025-03-09T21:00:00.000Z,0.87927,0.88025,0.87651,0.87686,6453
2025-03-10T01:00:00.000Z,0.87686,0.87898,0.87655,0.87879,4975
2025-03-10T05:00:00.000Z,0.8788,0.88032,0.87796,0.87873,8070
2025-03-10T09:00:00.000Z,0.87872,0.87881,0.8758,0.87708,11777
2025-03-10T13:00:00.000Z,0.87709,0.88192,0.87671,0.88166,13851
2025-03-10T17:00:00.000Z,0.88166,0.88216,0.8806,0.88083,7201
2025-03-10T21:00:00.000Z,0.88,0.88111,0.87779,0.87815,4874
2025-03-11T01:00:00.000Z,0.87813,0.87968,0.87728,0.87897,6806
2025-03-11T05:00:00.000Z,0.87897,0.88113,0.87798,0.88046,10061
2025-03-11T09:00:00.000Z,0.88046,0.88257,0.87981,0.88046,9735
2025-03-11T13:00:00.000Z,0.8805,0.88158,0.87867,0.88103,19538
2025-03-11T17:00:00.000Z,0.88103,0.88352,0.87996,0.8826,9925
2025-03-11T21:00:00.000Z,0.88173,0.88362,0.88167,0.88355,2673
2025-03-12T01:00:00.000Z,0.88355,0.88396,0.88278,0.88365,3324
2025-03-12T05:00:00.000Z,0.88365,0.88401,0.88146,0.88172,6825
2025-03-12T09:00:00.000Z,0.88172,0.88406,0.87943,0.88366,9934
2025-03-12T13:00:00.000Z,0.88365,0.88519,0.88232,0.88283,14032
2025-03-12T17:00:00.000Z,0.88282,0.88291,0.88161,0.8818,5062
2025-03-12T21:00:00.000Z,0.88121,0.882,0.88115,0.88118,2026
2025-03-13T01:00:00.000Z,0.88117,0.88201,0.88093,0.88135,3359
2025-03-13T05:00:00.000Z,0.88135,0.88302,0.88034,0.88152,7435
2025-03-13T09:00:00.000Z,0.88153,0.884,0.88066,0.88385,9490
2025-03-13T13:00:00.000Z,0.88381,0.88546,0.8831,0.88451,12424
2025-03-13T17:00:00.000Z,0.88451,0.88492,0.88185,0.88192,6277
2025-03-13T21:00:00.000Z,0.88177,0.88322,0.88142,0.88322,3024
2025-03-14T01:00:00.000Z,0.88322,0.88453,0.88318,0.88402,3965
2025-03-14T05:00:00.000Z,0.88402,0.88458,0.88294,0.88359,7409
2025-03-14T09:00:00.000Z,0.88359,0.88588,0.88333,0.88526,10165
2025-03-14T13:00:00.000Z,0.88525,0.88637,0.88419,0.88459,12273
2025-03-14T17:00:00.000Z,0.88458,0.88527,0.88434,0.88506,3888
2025-03-16T21:00:00.000Z,0.88438,0.8853,0.88375,0.8845,3332
2025-03-17T01:00:00.000Z,0.8845,0.88476,0.88378,0.88452,4047
2025-03-17T05:00:00.000Z,0.88453,0.88469,0.88338,0.8834,5950
2025-03-17T09:00:00.000Z,0.88338,0.88361,0.88128,0.88216,8298
2025-03-17T13:00:00.000Z,0.88215,0.8829,0.87975,0.88037,11066
2025-03-17T17:00:00.000Z,0.88038,0.88122,0.8801,0.88074,5211
2025-03-17T21:00:00.000Z,0.88028,0.88135,0.87988,0.88131,2377
2025-03-18T01:00:00.000Z,0.88131,0.88162,0.88087,0.88097,3101
2025-03-18T05:00:00.000Z,0.88097,0.88185,0.87916,0.87959,5461
2025-03-18T09:00:00.000Z,0.87959,0.88065,0.87882,0.87985,7239
2025-03-18T13:00:00.000Z,0.87985,0.88004,0.87627,0.87696,11349
2025-03-18T17:00:00.000Z,0.87696,0.87697,0.8759,0.87652,5886
2025-03-18T21:00:00.000Z,0.876,0.87751,0.87576,0.87745,2502
2025-03-19T01:00:00.000Z,0.87745,0.87762,0.87672,0.87727,2932
2025-03-19T05:00:00.000Z,0.87727,0.87779,0.87664,0.87703,7413
2025-03-19T09:00:00.000Z,0.87701,0.88,0.87696,0.87917,7082
2025-03-19T13:00:00.000Z,0.87914,0.88088,0.87885,0.87968,7567
2025-03-19T17:00:00.000Z,0.87968,0.88092,0.87689,0.87745,9994
2025-03-19T21:00:00.000Z,0.87738,0.87756,0.87602,0.87633,3218
2025-03-20T01:00:00.000Z,0.87633,0.87701,0.87556,0.87685,6289
2025-03-20T05:00:00.000Z,0.87685,0.88146,0.8761,0.8808,8460
2025-03-20T09:00:00.000Z,0.8808,0.88364,0.88052,0.8828,11551
2025-03-20T13:00:00.000Z,0.8828,0.88426,0.88152,0.88179,9923
2025-03-20T17:00:00.000Z,0.88178,0.88231,0.8813,0.88155,3846
2025-03-20T21:00:00.000Z,0.88129,0.88238,0.88062,0.88202,3162
2025-03-21T01:00:00.000Z,0.88202,0.88376,0.88193,0.88353,3418
2025-03-21T05:00:00.000Z,0.88353,0.88398,0.88273,0.88356,5790
2025-03-21T09:00:00.000Z,0.88356,0.88376,0.87964,0.88107,7574
2025-03-21T13:00:00.000Z,0.88107,0.88362,0.88098,0.88333,10408
2025-03-21T17:00:00.000Z,0.88333,0.88359,0.88254,0.88331,4141
2025-03-23T21:00:00.000Z,0.88255,0.88347,0.88249,0.88306,3098
2025-03-24T01:00:00.000Z,0.88306,0.88391,0.88304,0.88359,3450
2025-03-24T05:00:00.000Z,0.88359,0.88391,0.88167,0.88229,6150
2025-03-24T09:00:00.000Z,0.88229,0.88294,0.87994,0.88166,7251
2025-03-24T13:00:00.000Z,0.88166,0.88456,0.88119,0.88338,10215
2025-03-24T17:00:00.000Z,0.88339,0.88387,0.88259,0.88288,4345
2025-03-24T21:00:00.000Z,0.8828,0.88327,0.88247,0.883,2367
2025-03-25T01:00:00.000Z,0.883,0.88345,0.88265,0.88279,3031
2025-03-25T05:00:00.000Z,0.88279,0.88486,0.88261,0.88401,5014
2025-03-25T09:00:00.000Z,0.88401,0.88423,0.88049,0.88098,7795
2025-03-25T13:00:00.000Z,0.88097,0.88214,0.88001,0.8815,9402
2025-03-25T17:00:00.000Z,0.8815,0.88274,0.88105,0.88258,3361
2025-03-25T21:00:00.000Z,0.88208,0.88324,0.88206,0.88315,2474
2025-03-26T01:00:00.000Z,0.88315,0.88391,0.88252,0.88375,3443
2025-03-26T05:00:00.000Z,0.88375,0.88416,0.88314,0.88344,5978
2025-03-26T09:00:00.000Z,0.88351,0.88429,0.88289,0.88399,6902
2025-03-26T13:00:00.000Z,0.88397,0.8847,0.88308,0.88359,9099
2025-03-26T17:00:00.000Z,0.8836,0.88503,0.88351,0.88381,4815
2025-03-26T21:00:00.000Z,0.88305,0.88487,0.88305,0.88348,3790
2025-03-27T01:00:00.000Z,0.88348,0.88348,0.88195,0.88248,3768
2025-03-27T05:00:00.000Z,0.88248,0.88475,0.88246,0.8837,6848
2025-03-27T09:00:00.000Z,0.8837,0.88466,0.88261,0.88285,7357
2025-03-27T13:00:00.000Z,0.88284,0.88399,0.88036,0.88183,11074
2025-03-27T17:00:00.000Z,0.8818,0.88245,0.88137,0.88162,3489
2025-03-27T21:00:00.000Z,0.88089,0.8825,0.88053,0.88212,2707
2025-03-28T01:00:00.000Z,0.88212,0.88278,0.88193,0.88243,2691
2025-03-28T05:00:00.000Z,0.88243,0.88259,0.88109,0.88224,4776
2025-03-28T09:00:00.000Z,0.88224,0.88342,0.88191,0.8822,6394
2025-03-28T13:00:00.000Z,0.88221,0.88275,0.87995,0.88124,11225
2025-03-28T17:00:00.000Z,0.88124,0.88228,0.88073,0.88083,4146
2025-03-30T21:00:00.000Z,0.87913,0.88121,0.87843,0.87894,4405
2025-03-31T01:00:00.000Z,0.87894,0.87942,0.87836,0.87905,3736
2025-03-31T05:00:00.000Z,0.87905,0.88163,0.87808,0.88072,7978
2025-03-31T09:00:00.000Z,0.88072,0.88213,0.88048,0.88211,6751
2025-03-31T13:00:00.000Z,0.88211,0.88531,0.88127,0.8844,11082
2025-03-31T17:00:00.000Z,0.8844,0.88549,0.88404,0.88421,3907
2025-03-31T21:00:00.000Z,0.88348,0.88434,0.88319,0.88343,2488
2025-04-01T01:00:00.000Z,0.88343,0.88364,0.88263,0.88288,2952
2025-04-01T05:00:00.000Z,0.88288,0.88437,0.88247,0.88257,6231
2025-04-01T09:00:00.000Z,0.88257,0.88333,0.88176,0.88319,7248
2025-04-01T13:00:00.000Z,0.8832,0.88379,0.88167,0.88315,10700
2025-04-01T17:00:00.000Z,0.88315,0.8842,0.88315,0.88363,4053
2025-04-01T21:00:00.000Z,0.88222,0.88397,0.88222,0.88368,3104
2025-04-02T01:00:00.000Z,0.88368,0.88424,0.88314,0.8837,2619
2025-04-02T05:00:00.000Z,0.8837,0.88479,0.88359,0.88439,5163
2025-04-02T09:00:00.000Z,0.88439,0.88484,0.88281,0.88287,6603
2025-04-02T13:00:00.000Z,0.88288,0.88382,0.8815,0.88349,10902
2025-04-02T17:00:00.000Z,0.88349,0.88403,0.88122,0.88242,10759
2025-04-02T21:00:00.000Z,0.88103,0.88276,0.87635,0.87816,13319
2025-04-03T01:00:00.000Z,0.87816,0.87861,0.87497,0.87603,10932
2025-04-03T05:00:00.000Z,0.87602,0.87606,0.86528,0.86608,18056
2025-04-03T09:00:00.000Z,0.86608,0.86647,0.85848,0.85927,21674
2025-04-03T13:00:00.000Z,0.85924,0.86087,0.85468,0.86,24433
2025-04-03T17:00:00.000Z,0.86002,0.86186,0.85901,0.85902,9770
2025-04-03T21:00:00.000Z,0.85826,0.85961,0.85718,0.85753,7420
2025-04-04T01:00:00.000Z,0.85753,0.85817,0.85276,0.85309,9571
2025-04-04T05:00:00.000Z,0.85309,0.85702,0.85239,0.85558,16775
2025-04-04T09:00:00.000Z,0.85559,0.85628,0.84766,0.85281,31164
2025-04-04T13:00:00.000Z,0.85278,0.8591,0.85029,0.85852,33525
2025-04-04T17:00:00.000Z,0.85853,0.86255,0.85806,0.8604,18052
2025-04-06T21:00:00.000Z,0.85442,0.85564,0.84962,0.8539,19318
2025-04-07T01:00:00.000Z,0.8539,0.85837,0.85252,0.85284,14463
2025-04-07T05:00:00.000Z,0.85284,0.85431,0.84505,0.85117,26393
2025-04-07T09:00:00.000Z,0.85117,0.85867,0.85098,0.85634,26027
2025-04-07T13:00:00.000Z,0.85632,0.86739,0.85388,0.85846,36663
2025-04-07T17:00:00.000Z,0.85837,0.86007,0.85551,0.85966,20042
2025-04-07T21:00:00.000Z,0.85946,0.86045,0.85733,0.85751,9570
2025-04-08T01:00:00.000Z,0.85748,0.85778,0.85586,0.85682,10128
2025-04-08T05:00:00.000Z,0.85682,0.86015,0.85435,0.85919,16404
2025-04-08T09:00:00.000Z,0.85919,0.8597,0.85207,0.85289,16686
2025-04-08T13:00:00.000Z,0.85289,0.85857,0.85247,0.85273,23910
2025-04-08T17:00:00.000Z,0.85271,0.85321,0.84551,0.84747,20695
2025-04-08T21:00:00.000Z,0.84697,0.84782,0.84296,0.84336,15056
2025-04-09T01:00:00.000Z,0.84335,0.84612,0.83811,0.84043,19397
2025-04-09T05:00:00.000Z,0.84043,0.84664,0.84001,0.84286,26502
2025-04-09T09:00:00.000Z,0.84287,0.84341,0.83591,0.83671,23945
2025-04-09T13:00:00.000Z,0.83669,0.8427,0.83668,0.84173,24172
2025-04-09T17:00:00.000Z,0.84175,0.85836,0.84014,0.85693,30149
2025-04-09T21:00:00.000Z,0.85649,0.85716,0.85172,0.85226,16064
2025-04-10T01:00:00.000Z,0.85227,0.85353,0.85146,0.85244,13355
2025-04-10T05:00:00.000Z,0.85244,0.85745,0.84564,0.84612,18117
2025-04-10T09:00:00.000Z,0.84612,0.84661,0.83496,0.83939,18848
2025-04-10T13:00:00.000Z,0.83936,0.83994,0.82494,0.82656,29151
2025-04-10T17:00:00.000Z,0.82657,0.8288,0.82311,0.82409,20233
2025-04-10T21:00:00.000Z,0.8239,0.82449,0.81406,0.81838,17281
2025-04-11T01:00:00.000Z,0.81838,0.82145,0.81715,0.8179,21414
2025-04-11T05:00:00.000Z,0.8179,0.82575,0.81108,0.81308,28813
2025-04-11T09:00:00.000Z,0.81309,0.82127,0.81087,0.81148,27141
2025-04-11T13:00:00.000Z,0.81148,0.81871,0.80992,0.81714,28814
2025-04-11T17:00:00.000Z,0.81716,0.81937,0.81459,0.81488,12164
2025-04-13T21:00:00.000Z,0.81759,0.81917,0.81631,0.81647,12230
2025-04-14T01:00:00.000Z,0.81645,0.81857,0.81344,0.81738,14622
2025-04-14T05:00:00.000Z,0.81738,0.81906,0.81207,0.817,19266
2025-04-14T09:00:00.000Z,0.817,0.82424,0.81535,0.82409,17136
2025-04-14T13:00:00.000Z,0.82408,0.82684,0.81186,0.81576,25671
2025-04-14T17:00:00.000Z,0.81575,0.81652,0.81214,0.81477,9282
2025-04-14T21:00:00.000Z,0.81492,0.8181,0.81335,0.81782,6926
2025-04-15T01:00:00.000Z,0.81782,0.81805,0.81498,0.81596,7234
2025-04-15T05:00:00.000Z,0.81596,0.81881,0.8132,0.81473,12875
2025-04-15T09:00:00.000Z,0.81477,0.81797,0.81367,0.81784,13573
2025-04-15T13:00:00.000Z,0.81785,0.8221,0.81667,0.82095,17983
2025-04-15T17:00:00.000Z,0.82095,0.82391,0.82083,0.82347,6079
2025-04-15T21:00:00.000Z,0.82226,0.82305,0.81776,0.81833,9336
2025-04-16T01:00:00.000Z,0.81833,0.81872,0.81512,0.81646,9570
2025-04-16T05:00:00.000Z,0.81646,0.82007,0.81286,0.81716,15728
2025-04-16T09:00:00.000Z,0.81716,0.8183,0.81466,0.81562,15322
2025-04-16T13:00:00.000Z,0.81562,0.81709,0.81305,0.81558,15713
2025-04-16T17:00:00.000Z,0.81566,0.81667,0.81207,0.81361,10936
2025-04-16T21:00:00.000Z,0.81252,0.81623,0.81157,0.81614,7490
2025-04-17T01:00:00.000Z,0.81614,0.81826,0.81595,0.81727,8646
2025-04-17T05:00:00.000Z,0.81727,0.81992,0.81617,0.81666,11734
2025-04-17T09:00:00.000Z,0.81667,0.81934,0.81602,0.81787,13151
2025-04-17T13:00:00.000Z,0.81789,0.82312,0.81595,0.82106,17099
2025-04-17T17:00:00.000Z,0.82105,0.82183,0.81825,0.81924,7303
2025-04-17T21:00:00.000Z,0.81873,0.81882,0.81731,0.81842,8349
2025-04-18T01:00:00.000Z,0.81824,0.81904,0.81749,0.81851,46778
2025-04-18T05:00:00.000Z,0.81852,0.81962,0.81764,0.81912,44844
2025-04-18T09:00:00.000Z,0.81908,0.81919,0.81756,0.81803,42554
2025-04-18T13:00:00.000Z,0.81797,0.81864,0.81685,0.81739,40346
2025-04-18T17:00:00.000Z,0.81732,0.81755,0.81546,0.81567,32744
2025-04-20T21:00:00.000Z,0.81628,0.81629,0.8109,0.81193,9590
2025-04-21T01:00:00.000Z,0.81193,0.81194,0.80691,0.80806,9264
2025-04-21T05:00:00.000Z,0.80806,0.80989,0.80416,0.80512,10779
2025-04-21T09:00:00.000Z,0.80512,0.80802,0.80396,0.80488,12342
2025-04-21T13:00:00.000Z,0.80488,0.80838,0.80465,0.80708,15280
2025-04-21T17:00:00.000Z,0.80708,0.80926,0.80648,0.80881,6020
2025-04-21T21:00:00.000Z,0.80857,0.81179,0.80646,0.81112,6792
2025-04-22T01:00:00.000Z,0.81112,0.81243,0.80717,0.80825,8734
2025-04-22T05:00:00.000Z,0.80825,0.8117,0.80667,0.81056,15475
2025-04-22T09:00:00.000Z,0.81055,0.81338,0.80928,0.81259,13255
2025-04-22T13:00:00.000Z,0.81259,0.81807,0.81176,0.81776,15347
2025-04-22T17:00:00.000Z,0.81779,0.81915,0.81573,0.81899,8504
2025-04-22T21:00:00.000Z,0.81692,0.82873,0.81692,0.82272,12769
2025-04-23T01:00:00.000Z,0.82273,0.82443,0.82062,0.82277,9938
2025-04-23T05:00:00.000Z,0.82273,0.8242,0.82054,0.82148,15906
2025-04-23T09:00:00.000Z,0.8215,0.82485,0.8197,0.82263,13293
2025-04-23T13:00:00.000Z,0.82263,0.82993,0.82205,0.82948,24486
2025-04-23T17:00:00.000Z,0.82948,0.83111,0.82859,0.83084,7332
2025-04-23T21:00:00.000Z,0.82954,0.8302,0.8276,0.82892,5907
2025-04-24T01:00:00.000Z,0.82895,0.82936,0.82759,0.82866,6841
2025-04-24T05:00:00.000Z,0.82866,0.82917,0.82569,0.82666,10529
2025-04-24T09:00:00.000Z,0.82656,0.82681,0.82393,0.82556,11483
2025-04-24T13:00:00.000Z,0.82554,0.82844,0.82515,0.82705,13730
2025-04-24T17:00:00.000Z,0.82705,0.82882,0.82638,0.8267,5321
2025-04-24T21:00:00.000Z,0.82576,0.83078,0.8254,0.83073,4322
2025-04-25T01:00:00.000Z,0.83073,0.83291,0.8294,0.83162,8525
2025-04-25T05:00:00.000Z,0.83162,0.83343,0.82957,0.83055,12681
2025-04-25T09:00:00.000Z,0.83055,0.83104,0.82819,0.83062,11068
2025-04-25T13:00:00.000Z,0.83059,0.83139,0.8278,0.82909,11326
2025-04-25T17:00:00.000Z,0.82909,0.8294,0.82665,0.82827,4805
2025-04-27T21:00:00.000Z,0.829,0.82928,0.82614,0.82755,5449
2025-04-28T01:00:00.000Z,0.82755,0.82925,0.82693,0.82697,5215
2025-04-28T05:00:00.000Z,0.82697,0.83183,0.82672,0.83062,9101
2025-04-28T09:00:00.000Z,0.83058,0.83098,0.82855,0.83025,9137
2025-04-28T13:00:00.000Z,0.83025,0.83067,0.81993,0.82105,13311
2025-04-28T17:00:00.000Z,0.82105,0.82208,0.81978,0.81983,5979
2025-04-28T21:00:00.000Z,0.81967,0.82208,0.81945,0.82192,3676
2025-04-29T01:00:00.000Z,0.82192,0.82478,0.82131,0.82439,6975
2025-04-29T05:00:00.000Z,0.82439,0.82538,0.8221,0.82491,10379
2025-04-29T09:00:00.000Z,0.82491,0.82641,0.82264,0.82276,9560
2025-04-29T13:00:00.000Z,0.82277,0.82476,0.82168,0.82322,15871
2025-04-29T17:00:00.000Z,0.82322,0.82486,0.82284,0.8238,5662
2025-04-29T21:00:00.000Z,0.82339,0.82432,0.82254,0.82359,4715
2025-04-30T01:00:00.000Z,0.82358,0.82462,0.82266,0.82358,6467
2025-04-30T05:00:00.000Z,0.82357,0.82629,0.82303,0.82561,9080
2025-04-30T09:00:00.000Z,0.82561,0.82588,0.82215,0.8234,12912
2025-04-30T13:00:00.000Z,0.82341,0.82451,0.82138,0.82222,18263
2025-04-30T17:00:00.000Z,0.82222,0.82727,0.82183,0.8269,7276
2025-04-30T21:00:00.000Z,0.82475,0.82686,0.82469,0.82615,3093
2025-05-01T01:00:00.000Z,0.82615,0.82788,0.82564,0.82748,4958
2025-05-01T05:00:00.000Z,0.82748,0.82891,0.82558,0.82671,9254
2025-05-01T09:00:00.000Z,0.82671,0.8292,0.82608,0.8289,10419
2025-05-01T13:00:00.000Z,0.82894,0.8333,0.82736,0.83108,14400
2025-05-01T17:00:00.000Z,0.83108,0.83227,0.82886,0.82916,5883
2025-05-01T21:00:00.000Z,0.82956,0.83184,0.82858,0.83139,3952
2025-05-02T01:00:00.000Z,0.83138,0.83145,0.82829,0.82933,6953
2025-05-02T05:00:00.000Z,0.82932,0.82943,0.82599,0.82621,10195
2025-05-02T09:00:00.000Z,0.82614,0.82761,0.82056,0.82721,13570
2025-05-02T13:00:00.000Z,0.82722,0.82803,0.82271,0.82748,18615
2025-05-02T17:00:00.000Z,0.82748,0.82803,0.8261,0.82656,6492
2025-05-04T21:00:00.000Z,0.82408,0.82569,0.82379,0.82414,3924
2025-05-05T01:00:00.000Z,0.82412,0.82414,0.82197,0.82322,5091
2025-05-05T05:00:00.000Z,0.82322,0.82751,0.82267,0.82498,9996
2025-05-05T09:00:00.000Z,0.82497,0.82499,0.82189,0.82281,9334
2025-05-05T13:00:00.000Z,0.82281,0.8248,0.82142,0.82407,12615
2025-05-05T17:00:00.000Z,0.82407,0.82419,0.82158,0.82205,4381
2025-05-05T21:00:00.000Z,0.82134,0.82458,0.82081,0.82448,3437
2025-05-06T01:00:00.000Z,0.82448,0.82538,0.8222,0.82278,6511
2025-05-06T05:00:00.000Z,0.82278,0.82499,0.82216,0.8241,11211
2025-05-06T09:00:00.000Z,0.8241,0.82652,0.82328,0.82416,11153
2025-05-06T13:00:00.000Z,0.82417,0.82534,0.82256,0.82361,11471
2025-05-06T17:00:00.000Z,0.82361,0.82363,0.82128,0.82158,4555
2025-05-06T21:00:00.000Z,0.82134,0.82713,0.82093,0.82635,7914
2025-05-07T01:00:00.000Z,0.82635,0.8272,0.82476,0.82555,8497
2025-05-07T05:00:00.000Z,0.82555,0.82622,0.82305,0.82552,9987
2025-05-07T09:00:00.000Z,0.82555,0.82622,0.82142,0.82193,9939
2025-05-07T13:00:00.000Z,0.82193,0.82249,0.81938,0.82025,11679
2025-05-07T17:00:00.000Z,0.82027,0.82439,0.81854,0.82363,11168
2025-05-07T21:00:00.000Z,0.82284,0.82428,0.8224,0.82392,4094
2025-05-08T01:00:00.000Z,0.82392,0.82417,0.82235,0.82411,8746
2025-05-08T05:00:00.000Z,0.82411,0.82916,0.82407,0.82688,12736
2025-05-08T09:00:00.000Z,0.82687,0.82708,0.82316,0.82435,13433
2025-05-08T13:00:00.000Z,0.82435,0.83138,0.82394,0.83082,18530
2025-05-08T17:00:00.000Z,0.83082,0.8332,0.83044,0.83161,6768
2025-05-08T21:00:00.000Z,0.83056,0.83238,0.8299,0.83089,5218
2025-05-09T01:00:00.000Z,0.83088,0.8341,0.83076,0.83128,6868
2025-05-09T05:00:00.000Z,0.83128,0.83209,0.82986,0.83023,9493
2025-05-09T09:00:00.000Z,0.83023,0.83249,0.83001,0.83024,9604
2025-05-09T13:00:00.000Z,0.83024,0.83147,0.82691,0.83134,11914
2025-05-09T17:00:00.000Z,0.83134,0.83159,0.83055,0.83129,4922
2025-05-11T21:00:00.000Z,0.83439,0.83468,0.83325,0.83385,6548
2025-05-12T01:00:00.000Z,0.83385,0.83502,0.83307,0.83401,8609
2025-05-12T05:00:00.000Z,0.83401,0.84679,0.83321,0.84156,18693
2025-05-12T09:00:00.000Z,0.84165,0.84752,0.84157,0.84286,17676
2025-05-12T13:00:00.000Z,0.84285,0.84511,0.84103,0.84509,17692
2025-05-12T17:00:00.000Z,0.84509,0.8476,0.84468,0.84565,7044
2025-05-12T21:00:00.000Z,0.84411,0.84569,0.84357,0.84374,4737
2025-05-13T01:00:00.000Z,0.84374,0.84435,0.84272,0.84278,7929
2025-05-13T05:00:00.000Z,0.84278,0.84412,0.83949,0.83978,11298
2025-05-13T09:00:00.000Z,0.83976,0.8432,0.83965,0.84179,11584
2025-05-13T13:00:00.000Z,0.84178,0.84341,0.84045,0.84141,15549
2025-05-13T17:00:00.000Z,0.84141,0.84168,0.8387,0.83934,4855
2025-05-13T21:00:00.000Z,0.8386,0.84018,0.83825,0.8391,5717
2025-05-14T01:00:00.000Z,0.83909,0.8395,0.83802,0.83856,8867
2025-05-14T05:00:00.000Z,0.83856,0.83995,0.83446,0.8356,13688
2025-05-14T09:00:00.000Z,0.83556,0.83786,0.83244,0.83748,15655
2025-05-14T13:00:00.000Z,0.83748,0.84246,0.83676,0.84095,17477
2025-05-14T17:00:00.000Z,0.84096,0.84358,0.84044,0.8422,7921
2025-05-14T21:00:00.000Z,0.83997,0.84186,0.83956,0.8401,4719
2025-05-15T01:00:00.000Z,0.84011,0.8405,0.83895,0.8404,8373
2025-05-15T05:00:00.000Z,0.84041,0.84062,0.83591,0.83664,12214
2025-05-15T09:00:00.000Z,0.83665,0.83927,0.83587,0.8364,12560
2025-05-15T13:00:00.000Z,0.8364,0.83786,0.83462,0.8366,15309
2025-05-15T17:00:00.000Z,0.8366,0.83735,0.83501,0.83551,4985
2025-05-15T21:00:00.000Z,0.83506,0.83597,0.83293,0.83313,4591
2025-05-16T01:00:00.000Z,0.83312,0.83483,0.83282,0.83458,7802
2025-05-16T05:00:00.000Z,0.83458,0.83565,0.83266,0.83547,10336
2025-05-16T09:00:00.000Z,0.83546,0.83815,0.83516,0.83725,10044
2025-05-16T13:00:00.000Z,0.83725,0.84007,0.83641,0.83906,11389
2025-05-16T17:00:00.000Z,0.83906,0.83952,0.83658,0.83683,4522
2025-05-18T21:00:00.000Z,0.83546,0.83618,0.83421,0.8348,6821
2025-05-19T01:00:00.000Z,0.8348,0.83655,0.83457,0.8363,9219
2025-05-19T05:00:00.000Z,0.8363,0.83645,0.83275,0.83332,13362
2025-05-19T09:00:00.000Z,0.83329,0.83431,0.83184,0.83431,12806
2025-05-19T13:00:00.000Z,0.83431,0.83499,0.8319,0.8345,14451
2025-05-19T17:00:00.000Z,0.8345,0.83545,0.83416,0.83466,4783
2025-05-19T21:00:00.000Z,0.83316,0.83626,0.83257,0.83529,4879
2025-05-20T01:00:00.000Z,0.83529,0.83594,0.83345,0.83441,9462
2025-05-20T05:00:00.000Z,0.83442,0.83442,0.83091,0.83186,13654
2025-05-20T09:00:00.000Z,0.83186,0.83435,0.83149,0.83401,11353
2025-05-20T13:00:00.000Z,0.83401,0.83478,0.83075,0.83212,14006
2025-05-20T17:00:00.000Z,0.83212,0.83234,0.82846,0.82857,5104
2025-05-20T21:00:00.000Z,0.82806,0.82857,0.8255,0.82616,5329
2025-05-21T01:00:00.000Z,0.82616,0.82659,0.82167,0.82224,10903
2025-05-21T05:00:00.000Z,0.82225,0.82633,0.82093,0.82546,13313
2025-05-21T09:00:00.000Z,0.82546,0.82657,0.8225,0.8246,13648
2025-05-21T13:00:00.000Z,0.8246,0.82586,0.82381,0.82515,14258
2025-05-21T17:00:00.000Z,0.82515,0.826,0.82268,0.82501,8425
2025-05-21T21:00:00.000Z,0.82437,0.82645,0.82367,0.82492,6103
2025-05-22T01:00:00.000Z,0.82494,0.8256,0.82336,0.82463,9723
2025-05-22T05:00:00.000Z,0.82461,0.82659,0.82421,0.82624,13872
2025-05-22T09:00:00.000Z,0.82624,0.82801,0.82529,0.82727,13557
2025-05-22T13:00:00.000Z,0.82729,0.83,0.82623,0.82921,15970
2025-05-22T17:00:00.000Z,0.82921,0.83065,0.82819,0.82866,6144
2025-05-22T21:00:00.000Z,0.82818,0.82911,0.82743,0.8279,4305
2025-05-23T01:00:00.000Z,0.82791,0.82811,0.82611,0.82637,8505
2025-05-23T05:00:00.000Z,0.82637,0.82718,0.82546,0.82625,10133
2025-05-23T09:00:00.000Z,0.82626,0.82684,0.8211,0.82325,19183
2025-05-23T13:00:00.000Z,0.82325,0.8244,0.82085,0.82085,15448
2025-05-23T17:00:00.000Z,0.82086,0.82156,0.82043,0.82085,6237
2025-05-25T21:00:00.000Z,0.82005,0.82278,0.82001,0.82167,7056
2025-05-26T01:00:00.000Z,0.82169,0.82187,0.81924,0.82035,9728
2025-05-26T05:00:00.000Z,0.82033,0.82199,0.81975,0.82158,9361
2025-05-26T09:00:00.000Z,0.82158,0.8233,0.82064,0.82284,6357
2025-05-26T13:00:00.000Z,0.82284,0.82327,0.81985,0.82023,5767
2025-05-26T17:00:00.000Z,0.82018,0.82091,0.82013,0.82088,2061
2025-05-26T21:00:00.000Z,0.82068,0.82086,0.8192,0.81967,5330
2025-05-27T01:00:00.000Z,0.81967,0.82166,0.81876,0.82158,7383
2025-05-27T05:00:00.000Z,0.82155,0.82569,0.82058,0.82495,14176
2025-05-27T09:00:00.000Z,0.82495,0.82736,0.82451,0.82527,11489
2025-05-27T13:00:00.000Z,0.82527,0.82798,0.82453,0.82696,12684
2025-05-27T17:00:00.000Z,0.82695,0.82754,0.82661,0.82724,4767
2025-05-27T21:00:00.000Z,0.82634,0.8274,0.82581,0.82717,4091
2025-05-28T01:00:00.000Z,0.82717,0.82895,0.82706,0.82831,9639
2025-05-28T05:00:00.000Z,0.82831,0.8291,0.82538,0.82653,10239
2025-05-28T09:00:00.000Z,0.82653,0.828,0.82583,0.82734,9387
2025-05-28T13:00:00.000Z,0.82735,0.82859,0.82448,0.82686,13985
2025-05-28T17:00:00.000Z,0.82686,0.82747,0.82652,0.82708,5818
2025-05-28T21:00:00.000Z,0.82654,0.83478,0.82562,0.83378,10429
2025-05-29T01:00:00.000Z,0.83378,0.83472,0.83155,0.83218,10332
2025-05-29T05:00:00.000Z,0.83218,0.83378,0.82915,0.82974,11389
2025-05-29T09:00:00.000Z,0.82976,0.82983,0.82425,0.82439,13229
2025-05-29T13:00:00.000Z,0.82439,0.82511,0.82247,0.82305,14952
2025-05-29T17:00:00.000Z,0.82305,0.82396,0.82177,0.82276,6031
2025-05-29T21:00:00.000Z,0.82186,0.823,0.8214,0.82195,5263
2025-05-30T01:00:00.000Z,0.82195,0.82342,0.81992,0.82296,9193
2025-05-30T05:00:00.000Z,0.82297,0.82482,0.82261,0.82393,11306
2025-05-30T09:00:00.000Z,0.82393,0.82489,0.82116,0.82254,12496
2025-05-30T13:00:00.000Z,0.82254,0.82452,0.82131,0.82219,17179
2025-05-30T17:00:00.000Z,0.82214,0.82327,0.82121,0.82312,6492
2025-06-01T21:00:00.000Z,0.82256,0.82322,0.82087,0.82175,5523
2025-06-02T01:00:00.000Z,0.82175,0.82303,0.82089,0.82241,8325
2025-06-02T05:00:00.000Z,0.82242,0.82252,0.81716,0.81769,10836
2025-06-02T09:00:00.000Z,0.81769,0.81848,0.81568,0.81805,10283
2025-06-02T13:00:00.000Z,0.81804,0.81913,0.81568,0.81802,15585
2025-06-02T17:00:00.000Z,0.81803,0.81849,0.81664,0.81695,6022
2025-06-02T21:00:00.000Z,0.81697,0.81737,0.81582,0.81697,3486
2025-06-03T01:00:00.000Z,0.81697,0.81887,0.81697,0.81784,7158
2025-06-03T05:00:00.000Z,0.81784,0.81909,0.81688,0.81888,9756
2025-06-03T09:00:00.000Z,0.81889,0.82342,0.8183,0.82313,9623
2025-06-03T13:00:00.000Z,0.82311,0.82472,0.82169,0.8239,13847
2025-06-03T17:00:00.000Z,0.8239,0.82425,0.82328,0.82387,4441
2025-06-03T21:00:00.000Z,0.82302,0.82388,0.82246,0.82343,3735
2025-06-04T01:00:00.000Z,0.82343,0.82444,0.82241,0.82436,6946
2025-06-04T05:00:00.000Z,0.82436,0.82497,0.82189,0.82219,9826
2025-06-04T09:00:00.000Z,0.82218,0.82421,0.82079,0.82118,11065
2025-06-04T13:00:00.000Z,0.82118,0.82219,0.81701,0.81709,15046
2025-06-04T17:00:00.000Z,0.81709,0.81912,0.81706,0.81814,6272
2025-06-04T21:00:00.000Z,0.81752,0.81876,0.81711,0.81759,4770
2025-06-05T01:00:00.000Z,0.81759,0.81943,0.81719,0.81906,7694
2025-06-05T05:00:00.000Z,0.81904,0.82083,0.81866,0.82035,8108
2025-06-05T09:00:00.000Z,0.82035,0.82147,0.81803,0.8203,12066
2025-06-05T13:00:00.000Z,0.82029,0.82144,0.81721,0.81913,19334
2025-06-05T17:00:00.000Z,0.81913,0.82107,0.81908,0.81953,8032
2025-06-05T21:00:00.000Z,0.81962,0.82019,0.8179,0.82015,3720
2025-06-06T01:00:00.000Z,0.82015,0.82079,0.81973,0.82029,5569
2025-06-06T05:00:00.000Z,0.82027,0.82206,0.82025,0.822,8222
2025-06-06T09:00:00.000Z,0.822,0.82416,0.82103,0.82371,11653
2025-06-06T13:00:00.000Z,0.82372,0.8248,0.82118,0.82309,17247
2025-06-06T17:00:00.000Z,0.82309,0.82323,0.82158,0.82222,5647
2025-06-08T21:00:00.000Z,0.8215,0.82253,0.82085,0.82252,2965
2025-06-09T01:00:00.000Z,0.82252,0.82252,0.82042,0.8209,5619
2025-06-09T05:00:00.000Z,0.8209,0.82126,0.81922,0.82021,6655
2025-06-09T09:00:00.000Z,0.82021,0.82233,0.81949,0.82201,8174
2025-06-09T13:00:00.000Z,0.82205,0.82254,0.8204,0.821,9816
2025-06-09T17:00:00.000Z,0.821,0.82168,0.82093,0.82167,4519
2025-06-09T21:00:00.000Z,0.82111,0.82177,0.82074,0.82142,3869
2025-06-10T01:00:00.000Z,0.82142,0.82418,0.82109,0.82254,7322
2025-06-10T05:00:00.000Z,0.82254,0.82363,0.82079,0.82107,11855
2025-06-10T09:00:00.000Z,0.82107,0.82194,0.82075,0.8217,8799
2025-06-10T13:00:00.000Z,0.8217,0.82297,0.82037,0.82225,11061
2025-06-10T17:00:00.000Z,0.82222,0.82328,0.82205,0.82271,4421
2025-06-10T21:00:00.000Z,0.82208,0.82291,0.82123,0.82217,4623
2025-06-11T01:00:00.000Z,0.82217,0.82323,0.82205,0.82264,6447
2025-06-11T05:00:00.000Z,0.82264,0.82345,0.82135,0.82201,7690
2025-06-11T09:00:00.000Z,0.82202,0.82291,0.81846,0.82062,11706
2025-06-11T13:00:00.000Z,0.82061,0.82094,0.81925,0.82045,13183
2025-06-11T17:00:00.000Z,0.82045,0.82075,0.81932,0.82029,5487
2025-06-11T21:00:00.000Z,0.81932,0.8202,0.81715,0.8176,5713
2025-06-12T01:00:00.000Z,0.8176,0.81793,0.81592,0.81688,8774
2025-06-12T05:00:00.000Z,0.81694,0.81758,0.81409,0.81458,11103
2025-06-12T09:00:00.000Z,0.81458,0.815,0.81023,0.81118,14205
2025-06-12T13:00:00.000Z,0.81119,0.81421,0.8106,0.8122,14322
2025-06-12T17:00:00.000Z,0.81221,0.81282,0.81012,0.81026,5067
2025-06-12T21:00:00.000Z,0.80994,0.81064,0.80558,0.80694,8531
2025-06-13T01:00:00.000Z,0.80695,0.8101,0.80617,0.8096,12881
2025-06-13T05:00:00.000Z,0.8096,0.81289,0.80892,0.81238,14013
2025-06-13T09:00:00.000Z,0.81238,0.81482,0.81205,0.81294,11977
2025-06-13T13:00:00.000Z,0.81298,0.814,0.81079,0.81135,12384
2025-06-13T17:00:00.000Z,0.81135,0.81216,0.81072,0.8114,6662
2025-06-15T21:00:00.000Z,0.81108,0.8124,0.81022,0.81184,10344
2025-06-16T01:00:00.000Z,0.81188,0.81317,0.81081,0.81264,7119
2025-06-16T05:00:00.000Z,0.81264,0.81336,0.81069,0.81205,10248
2025-06-16T09:00:00.000Z,0.81205,0.81236,0.81006,0.81109,8778
2025-06-16T13:00:00.000Z,0.81109,0.81208,0.80887,0.81169,12408
2025-06-16T17:00:00.000Z,0.81169,0.81467,0.81159,0.81367,4811
2025-06-16T21:00:00.000Z,0.81282,0.81463,0.81224,0.81448,5537
2025-06-17T01:00:00.000Z,0.81448,0.81449,0.81286,0.81354,8328
2025-06-17T05:00:00.000Z,0.81355,0.81378,0.81201,0.81285,9739
2025-06-17T09:00:00.000Z,0.81285,0.81432,0.81205,0.81424,10288
2025-06-17T13:00:00.000Z,0.81421,0.81645,0.81323,0.81515,13243
2025-06-17T17:00:00.000Z,0.81514,0.81713,0.81457,0.81619,6894
2025-06-17T21:00:00.000Z,0.81432,0.81729,0.81404,0.81687,4834
2025-06-18T01:00:00.000Z,0.81687,0.81702,0.81601,0.81643,5919
2025-06-18T05:00:00.000Z,0.81644,0.81734,0.81534,0.81717,8377
2025-06-18T09:00:00.000Z,0.81716,0.81816,0.8162,0.81666,9175
2025-06-18T13:00:00.000Z,0.81668,0.81829,0.81652,0.81771,11046
2025-06-18T17:00:00.000Z,0.81771,0.81992,0.81563,0.81858,11777
2025-06-18T21:00:00.000Z,0.81764,0.81923,0.81709,0.81899,4454
2025-06-19T01:00:00.000Z,0.81898,0.82054,0.81877,0.81965,6206
2025-06-19T05:00:00.000Z,0.81965,0.82151,0.81585,0.81604,10361
2025-06-19T09:00:00.000Z,0.81604,0.81844,0.81559,0.81751,8460
2025-06-19T13:00:00.000Z,0.81752,0.81945,0.81704,0.8188,7314
2025-06-19T17:00:00.000Z,0.8188,0.81888,0.81573,0.8163,3092
2025-06-19T21:00:00.000Z,0.81508,0.81717,0.81465,0.81595,4225
2025-06-20T01:00:00.000Z,0.81595,0.81706,0.81557,0.81663,7380
2025-06-20T05:00:00.000Z,0.81663,0.81704,0.81519,0.81597,7972
2025-06-20T09:00:00.000Z,0.81597,0.81794,0.81575,0.81711,8505
2025-06-20T13:00:00.000Z,0.8171,0.81832,0.81654,0.81665,10810
2025-06-20T17:00:00.000Z,0.81665,0.81833,0.81624,0.8178,4150
2025-06-22T21:00:00.000Z,0.81638,0.81946,0.81604,0.81865,8185
2025-06-23T01:00:00.000Z,0.81865,0.81944,0.81717,0.81814,9357
2025-06-23T05:00:00.000Z,0.81814,0.8183,0.81586,0.81794,11902
2025-06-23T09:00:00.000Z,0.81794,0.81937,0.81727,0.81826,12215
2025-06-23T13:00:00.000Z,0.81826,0.81876,0.81222,0.8131,16991
2025-06-23T17:00:00.000Z,0.81311,0.8135,0.81149,0.81255,7909
2025-06-23T21:00:00.000Z,0.81172,0.81311,0.81105,0.81215,6571
2025-06-24T01:00:00.000Z,0.81215,0.81303,0.81124,0.81181,7627
2025-06-24T05:00:00.000Z,0.81181,0.81256,0.81046,0.81134,12088
2025-06-24T09:00:00.000Z,0.81134,0.81142,0.80788,0.80826,10354
2025-06-24T13:00:00.000Z,0.80826,0.80947,0.80395,0.80414,15204
2025-06-24T17:00:00.000Z,0.80414,0.8055,0.80344,0.80519,4812
2025-06-24T21:00:00.000Z,0.80493,0.80571,0.80429,0.80456,3961
2025-06-25T01:00:00.000Z,0.80457,0.80561,0.80425,0.8051,5363
2025-06-25T05:00:00.000Z,0.8051,0.80585,0.80401,0.80544,8043
2025-06-25T09:00:00.000Z,0.80544,0.80799,0.80534,0.80715,8369
2025-06-25T13:00:00.000Z,0.80715,0.80746,0.80474,0.80516,9942
2025-06-25T17:00:00.000Z,0.80516,0.80575,0.80394,0.8049,4468
2025-06-25T21:00:00.000Z,0.80403,0.80493,0.80319,0.80354,3691
2025-06-26T01:00:00.000Z,0.80353,0.80435,0.80235,0.8036,6829
2025-06-26T05:00:00.000Z,0.8036,0.80413,0.79803,0.79948,10770
2025-06-26T09:00:00.000Z,0.7995,0.80212,0.79937,0.80019,11591
2025-06-26T13:00:00.000Z,0.80019,0.80119,0.7978,0.79893,14266
2025-06-26T17:00:00.000Z,0.79893,0.80054,0.79865,0.80041,5608
2025-06-26T21:00:00.000Z,0.79925,0.80155,0.79882,0.80113,4781
2025-06-27T01:00:00.000Z,0.80114,0.80156,0.80002,0.80131,6563
2025-06-27T05:00:00.000Z,0.80129,0.80179,0.79779,0.79839,9434
2025-06-27T09:00:00.000Z,0.79837,0.79963,0.79606,0.79634,10567
2025-06-27T13:00:00.000Z,0.79634,0.80075,0.79575,0.79923,12698
2025-06-27T17:00:00.000Z,0.79924,0.8007,0.7984,0.79841,6862
2025-06-29T21:00:00.000Z,0.79816,0.79943,0.79797,0.79903,4682
2025-06-30T01:00:00.000Z,0.79903,0.79933,0.79815,0.79835,6591
2025-06-30T05:00:00.000Z,0.79835,0.79937,0.79726,0.79756,9764
2025-06-30T09:00:00.000Z,0.79756,0.79828,0.79624,0.79805,8864
2025-06-30T13:00:00.000Z,0.79805,0.79825,0.79378,0.79417,13176
2025-06-30T17:00:00.000Z,0.79417,0.79418,0.7929,0.79302,4921
2025-06-30T21:00:00.000Z,0.79274,0.79341,0.79187,0.79191,3470
2025-07-01T01:00:00.000Z,0.79191,0.79309,0.79147,0.79247,5651
2025-07-01T05:00:00.000Z,0.79247,0.7928,0.78887,0.78972,9770
2025-07-01T09:00:00.000Z,0.78973,0.79027,0.78719,0.79014,11597
2025-07-01T13:00:00.000Z,0.79014,0.79433,0.78875,0.79355,15163
2025-07-01T17:00:00.000Z,0.79355,0.79375,0.79103,0.79115,5562
2025-07-01T21:00:00.000Z,0.7882,0.79124,0.7882,0.79039,2618
2025-07-02T01:00:00.000Z,0.79039,0.79162,0.79034,0.79142,4587
2025-07-02T05:00:00.000Z,0.79142,0.79344,0.7913,0.79248,8038
2025-07-02T09:00:00.000Z,0.7925,0.79393,0.79115,0.7928,11177
2025-07-02T13:00:00.000Z,0.79281,0.79411,0.79152,0.79185,11724
2025-07-02T17:00:00.000Z,0.79185,0.792,0.79118,0.79175,4063
2025-07-02T21:00:00.000Z,0.79158,0.79193,0.79064,0.79131,2905
2025-07-03T01:00:00.000Z,0.79131,0.79194,0.79091,0.79187,3939
2025-07-03T05:00:00.000Z,0.79187,0.7921,0.79004,0.79188,7616
2025-07-03T09:00:00.000Z,0.79189,0.79863,0.79186,0.79745,11132
2025-07-03T13:00:00.000Z,0.79745,0.79762,0.79364,0.79543,13805
2025-07-03T17:00:00.000Z,0.79545,0.79629,0.79497,0.7954,2599
2025-07-03T21:00:00.000Z,0.79468,0.79557,0.79361,0.79431,3946
2025-07-04T01:00:00.000Z,0.7943,0.79501,0.79295,0.7931,5428
2025-07-04T05:00:00.000Z,0.79309,0.79423,0.79215,0.79338,8702
2025-07-04T09:00:00.000Z,0.79338,0.79438,0.79298,0.79426,8473
2025-07-04T13:00:00.000Z,0.79426,0.79438,0.79264,0.79331,5917
2025-07-04T17:00:00.000Z,0.79331,0.79526,0.79306,0.79384,22957
2025-07-06T21:00:00.000Z,0.79348,0.7948,0.79274,0.79387,3665
2025-07-07T01:00:00.000Z,0.79388,0.79504,0.79359,0.79489,5876
2025-07-07T05:00:00.000Z,0.79489,0.79757,0.79441,0.79711,9050
2025-07-07T09:00:00.000Z,0.79711,0.79838,0.79667,0.798,8643
2025-07-07T13:00:00.000Z,0.798,0.79879,0.79591,0.79854,9374
2025-07-07T17:00:00.000Z,0.79851,0.7991,0.7977,0.79839,5052
2025-07-07T21:00:00.000Z,0.79734,0.7983,0.79645,0.79695,3126
2025-07-08T01:00:00.000Z,0.79695,0.79769,0.79577,0.79637,5151
2025-07-08T05:00:00.000Z,0.79637,0.79741,0.79562,0.79645,8199
2025-07-08T09:00:00.000Z,0.79645,0.79842,0.79596,0.79813,7982
2025-07-08T13:00:00.000Z,0.79814,0.79945,0.79674,0.7969,11340
2025-07-08T17:00:00.000Z,0.7969,0.79702,0.79531,0.79575,4928
2025-07-08T21:00:00.000Z,0.79558,0.79658,0.79526,0.79626,2721
2025-07-09T01:00:00.000Z,0.79626,0.79787,0.79588,0.79715,5360
2025-07-09T05:00:00.000Z,0.79715,0.79768,0.79592,0.79636,7385
2025-07-09T09:00:00.000Z,0.79638,0.79749,0.7954,0.7957,7711
2025-07-09T13:00:00.000Z,0.7957,0.79605,0.79392,0.7954,7978
2025-07-09T17:00:00.000Z,0.79544,0.79556,0.79431,0.79438,3185
2025-07-09T21:00:00.000Z,0.79378,0.79397,0.79194,0.79236,3243
2025-07-10T01:00:00.000Z,0.79238,0.79445,0.79238,0.79405,3528
2025-07-10T05:00:00.000Z,0.79406,0.79538,0.79366,0.79509,5056
2025-07-10T09:00:00.000Z,0.79509,0.79689,0.79418,0.79639,5950
2025-07-10T13:00:00.000Z,0.79638,0.79874,0.7958,0.79767,10000
2025-07-10T17:00:00.000Z,0.79766,0.79771,0.79608,0.79667,3243
2025-07-10T21:00:00.000Z,0.79661,0.79781,0.79593,0.79747,3635
2025-07-11T01:00:00.000Z,0.79748,0.79819,0.79714,0.79751,4813
2025-07-11T05:00:00.000Z,0.79751,0.7978,0.79611,0.79728,6866
2025-07-11T09:00:00.000Z,0.79729,0.79733,0.79535,0.79638,8267
2025-07-11T13:00:00.000Z,0.79635,0.79742,0.79543,0.79617,10077
2025-07-11T17:00:00.000Z,0.79617,0.79725,0.79599,0.79647,3185
2025-07-13T21:00:00.000Z,0.7966,0.79758,0.79536,0.79599,4162
2025-07-14T01:00:00.000Z,0.79599,0.7974,0.79566,0.79732,4509
2025-07-14T05:00:00.000Z,0.79733,0.79846,0.79682,0.79708,6727
2025-07-14T09:00:00.000Z,0.79709,0.79741,0.7955,0.79609,6579
2025-07-14T13:00:00.000Z,0.79609,0.79799,0.7958,0.79788,8832
2025-07-14T17:00:00.000Z,0.79788,0.79822,0.79768,0.7981,2424
2025-07-14T21:00:00.000Z,0.79752,0.79827,0.79652,0.79707,2158
2025-07-15T01:00:00.000Z,0.79707,0.7979,0.7966,0.79692,3340
2025-07-15T05:00:00.000Z,0.79692,0.79693,0.79534,0.79582,5281
2025-07-15T09:00:00.000Z,0.79583,0.79737,0.79539,0.79624,8446
2025-07-15T13:00:00.000Z,0.79624,0.80214,0.79622,0.80186,12834
2025-07-15T17:00:00.000Z,0.80186,0.80243,0.8015,0.80174,3314
2025-07-15T21:00:00.000Z,0.80084,0.80183,0.80018,0.80166,3258
2025-07-16T01:00:00.000Z,0.80168,0.80213,0.80128,0.80139,3071
2025-07-16T05:00:00.000Z,0.8014,0.80159,0.80036,0.80123,6132
2025-07-16T09:00:00.000Z,0.80123,0.80457,0.80122,0.8038,9282
2025-07-16T13:00:00.000Z,0.8038,0.80615,0.7947,0.8005,22135
2025-07-16T17:00:00.000Z,0.8005,0.80206,0.79911,0.8007,6277
2025-07-16T21:00:00.000Z,0.80037,0.80237,0.79993,0.80216,3422
2025-07-17T01:00:00.000Z,0.80215,0.80298,0.80131,0.80236,4675
2025-07-17T05:00:00.000Z,0.80236,0.80563,0.80203,0.80334,8471
2025-07-17T09:00:00.000Z,0.80332,0.80641,0.80309,0.80461,9071
2025-07-17T13:00:00.000Z,0.80461,0.80574,0.80375,0.80551,9669
2025-07-17T17:00:00.000Z,0.80551,0.80603,0.80375,0.80431,3364
2025-07-17T21:00:00.000Z,0.80407,0.80428,0.80252,0.80292,3404
2025-07-18T01:00:00.000Z,0.80292,0.80315,0.80213,0.80285,3768
2025-07-18T05:00:00.000Z,0.80285,0.80366,0.80148,0.80228,5546
2025-07-18T09:00:00.000Z,0.80228,0.80265,0.79961,0.79966,6628
2025-07-18T13:00:00.000Z,0.79967,0.80102,0.79846,0.80077,9485
2025-07-18T17:00:00.000Z,0.80077,0.80193,0.80067,0.80146,3289
2025-07-20T21:00:00.000Z,0.79885,0.80183,0.79885,0.80182,4274
2025-07-21T01:00:00.000Z,0.80189,0.80222,0.80131,0.80139,4101
2025-07-21T05:00:00.000Z,0.8014,0.80144,0.79957,0.80026,6603
2025-07-21T09:00:00.000Z,0.80026,0.80135,0.79887,0.79926,7368
2025-07-21T13:00:00.000Z,0.79925,0.79961,0.79653,0.79754,9171
2025-07-21T17:00:00.000Z,0.79754,0.79848,0.79746,0.79783,2908
2025-07-21T21:00:00.000Z,0.79789,0.79915,0.79682,0.79824,4404
2025-07-22T01:00:00.000Z,0.79825,0.79873,0.79741,0.79779,5294
2025-07-22T05:00:00.000Z,0.79779,0.79879,0.79651,0.79703,6547
2025-07-22T09:00:00.000Z,0.79703,0.79828,0.79663,0.79765,6726
2025-07-22T13:00:00.000Z,0.79764,0.79831,0.79202,0.79221,11380
2025-07-22T17:00:00.000Z,0.79221,0.79314,0.79197,0.79211,2984
2025-07-22T21:00:00.000Z,0.79138,0.79403,0.79138,0.79305,5228
2025-07-23T01:00:00.000Z,0.79304,0.79426,0.79274,0.79376,6052
2025-07-23T05:00:00.000Z,0.79376,0.79447,0.79107,0.7926,7551
2025-07-23T09:00:00.000Z,0.7926,0.79403,0.79218,0.79362,7227
2025-07-23T13:00:00.000Z,0.79362,0.79493,0.79296,0.79438,11006
2025-07-23T17:00:00.000Z,0.79436,0.79473,0.79191,0.79251,4747
2025-07-23T21:00:00.000Z,0.79214,0.79287,0.79118,0.79268,4414
2025-07-24T01:00:00.000Z,0.79268,0.79268,0.79151,0.79247,5868
2025-07-24T05:00:00.000Z,0.79247,0.79407,0.79219,0.79391,7338
2025-07-24T09:00:00.000Z,0.79391,0.79587,0.7938,0.79541,7998
2025-07-24T13:00:00.000Z,0.79541,0.79605,0.79307,0.79451,12807
2025-07-24T17:00:00.000Z,0.79448,0.79558,0.79352,0.79542,4309
2025-07-24T21:00:00.000Z,0.79491,0.7959,0.79379,0.79558,4162
2025-07-25T01:00:00.000Z,0.79558,0.79673,0.79519,0.79602,4915
2025-07-25T05:00:00.000Z,0.79603,0.7964,0.79474,0.79594,7768
2025-07-25T09:00:00.000Z,0.79594,0.79761,0.79577,0.79722,7461
2025-07-25T13:00:00.000Z,0.79722,0.79793,0.79543,0.79545,10949
2025-07-25T17:00:00.000Z,0.79545,0.79566,0.79468,0.7953,3085
2025-07-27T21:00:00.000Z,0.79472,0.79574,0.79442,0.7949,4726
2025-07-28T01:00:00.000Z,0.79489,0.79599,0.79449,0.79556,6160
2025-07-28T05:00:00.000Z,0.79556,0.79947,0.79553,0.79908,10325
2025-07-28T09:00:00.000Z,0.79909,0.80166,0.79879,0.80076,10222
2025-07-28T13:00:00.000Z,0.80075,0.80325,0.80006,0.80287,10185
2025-07-28T17:00:00.000Z,0.80287,0.8036,0.80259,0.80359,2794
2025-07-28T21:00:00.000Z,0.80111,0.80389,0.80111,0.80384,3712
2025-07-29T01:00:00.000Z,0.80385,0.80425,0.80246,0.80362,5271
2025-07-29T05:00:00.000Z,0.80362,0.80715,0.80354,0.80514,9884
2025-07-29T09:00:00.000Z,0.80514,0.80756,0.8037,0.80748,9540
2025-07-29T13:00:00.000Z,0.80747,0.80791,0.8048,0.80642,11512
2025-07-29T17:00:00.000Z,0.80642,0.80648,0.80498,0.80612,4042
2025-07-29T21:00:00.000Z,0.80545,0.80587,0.80411,0.80418,4356
2025-07-30T01:00:00.000Z,0.80419,0.80554,0.80379,0.80549,5289
2025-07-30T05:00:00.000Z,0.80549,0.8059,0.80401,0.80436,7156
2025-07-30T09:00:00.000Z,0.80437,0.81058,0.80404,0.81022,10315
2025-07-30T13:00:00.000Z,0.81022,0.81241,0.80987,0.81048,11107
2025-07-30T17:00:00.000Z,0.81049,0.815,0.80817,0.81469,11108
2025-07-30T21:00:00.000Z,0.81457,0.81462,0.81278,0.8131,4693
2025-07-31T01:00:00.000Z,0.8131,0.81435,0.81254,0.81267,6545
2025-07-31T05:00:00.000Z,0.81267,0.81342,0.81117,0.81276,9104
2025-07-31T09:00:00.000Z,0.81276,0.81417,0.81165,0.81313,9172
2025-07-31T13:00:00.000Z,0.81312,0.81445,0.81128,0.81242,11404
2025-07-31T17:00:00.000Z,0.81242,0.81289,0.81156,0.81224,4721
2025-07-31T21:00:00.000Z,0.81217,0.81455,0.81149,0.81288,5404
2025-08-01T01:00:00.000Z,0.81288,0.81437,0.81273,0.81401,6354
2025-08-01T05:00:00.000Z,0.81401,0.81706,0.81292,0.81701,7653
2025-08-01T09:00:00.000Z,0.81701,0.81711,0.80511,0.8055,13084
2025-08-01T13:00:00.000Z,0.8055,0.8076,0.80259,0.80663,21215
2025-08-01T17:00:00.000Z,0.80663,0.80817,0.80314,0.80338,8364
2025-08-03T21:00:00.000Z,0.80349,0.80652,0.80251,0.80646,6513
2025-08-04T01:00:00.000Z,0.80647,0.80683,0.80466,0.80519,6974
2025-08-04T05:00:00.000Z,0.80519,0.80939,0.8046,0.80901,10960
2025-08-04T09:00:00.000Z,0.80902,0.80963,0.80569,0.80681,10827
2025-08-04T13:00:00.000Z,0.8068,0.80894,0.80593,0.80785,12360
2025-08-04T17:00:00.000Z,0.80785,0.80885,0.80753,0.80789,5640
2025-08-04T21:00:00.000Z,0.80752,0.80859,0.80533,0.80833,5676
2025-08-05T01:00:00.000Z,0.80833,0.80972,0.80822,0.80942,5546
2025-08-05T05:00:00.000Z,0.80942,0.81147,0.80843,0.81106,7872
2025-08-05T09:00:00.000Z,0.81106,0.81176,0.80925,0.80971,8093
2025-08-05T13:00:00.000Z,0.8097,0.80993,0.80651,0.80712,12149
2025-08-05T17:00:00.000Z,0.80712,0.80793,0.80695,0.80727,3568
2025-08-05T21:00:00.000Z,0.80685,0.80765,0.80634,0.80739,5510
2025-08-06T01:00:00.000Z,0.80739,0.80791,0.80647,0.80677,4908
2025-08-06T05:00:00.000Z,0.80677,0.80937,0.80644,0.80885,6605
2025-08-06T09:00:00.000Z,0.80885,0.80904,0.80602,0.80635,8536
2025-08-06T13:00:00.000Z,0.80635,0.80783,0.80483,0.80702,11918
2025-08-06T17:00:00.000Z,0.80702,0.80747,0.80571,0.80661,4891
2025-08-06T21:00:00.000Z,0.80572,0.80679,0.80497,0.8065,4576
2025-08-07T01:00:00.000Z,0.80651,0.80663,0.80474,0.80498,5389
2025-08-07T05:00:00.000Z,0.80498,0.80729,0.80426,0.80577,8259
2025-08-07T09:00:00.000Z,0.80577,0.80893,0.8055,0.80804,11386
2025-08-07T13:00:00.000Z,0.80804,0.80876,0.80693,0.80712,12006
2025-08-07T17:00:00.000Z,0.8071,0.8084,0.80559,0.80616,5012
2025-08-07T21:00:00.000Z,0.80592,0.80664,0.80538,0.80613,4904
2025-08-08T01:00:00.000Z,0.80613,0.8073,0.80613,0.80672,4589
2025-08-08T05:00:00.000Z,0.80671,0.80885,0.80641,0.80851,6816
2025-08-08T09:00:00.000Z,0.80851,0.80882,0.8068,0.80773,7633
2025-08-08T13:00:00.000Z,0.80773,0.80813,0.80669,0.80795,9271
2025-08-08T17:00:00.000Z,0.80795,0.80862,0.80733,0.8081,5747
2025-08-10T21:00:00.000Z,0.80766,0.80812,0.80693,0.80761,3435
2025-08-11T01:00:00.000Z,0.80761,0.80773,0.80621,0.80641,4862
2025-08-11T05:00:00.000Z,0.80641,0.80856,0.8061,0.80831,6112
2025-08-11T09:00:00.000Z,0.80835,0.8117,0.80815,0.81143,6648
2025-08-11T13:00:00.000Z,0.81143,0.81318,0.81093,0.81261,8806
2025-08-11T17:00:00.000Z,0.81261,0.81301,0.81191,0.81213,4354
2025-08-11T21:00:00.000Z,0.81181,0.81264,0.81098,0.81189,3530
2025-08-12T01:00:00.000Z,0.81189,0.81195,0.81074,0.81095,6356
2025-08-12T05:00:00.000Z,0.81095,0.81169,0.80914,0.80993,9049
2025-08-12T09:00:00.000Z,0.80993,0.81185,0.80803,0.80961,12434
2025-08-12T13:00:00.000Z,0.80961,0.81113,0.80661,0.80736,19080
2025-08-12T17:00:00.000Z,0.80736,0.80786,0.80614,0.80658,6421
2025-08-12T21:00:00.000Z,0.80617,0.80696,0.806,0.80646,7096
2025-08-13T01:00:00.000Z,0.80643,0.80716,0.80613,0.80646,5039
2025-08-13T05:00:00.000Z,0.80646,0.80685,0.80256,0.80338,8620
2025-08-13T09:00:00.000Z,0.80337,0.80439,0.8022,0.80437,9417
2025-08-13T13:00:00.000Z,0.80437,0.80498,0.80344,0.80498,9691
2025-08-13T17:00:00.000Z,0.80498,0.80581,0.80472,0.80535,3991
2025-08-13T21:00:00.000Z,0.80403,0.80531,0.80332,0.80491,5677
2025-08-14T01:00:00.000Z,0.80491,0.80577,0.80442,0.80525,6750
2025-08-14T05:00:00.000Z,0.80525,0.80688,0.80514,0.80668,9175
2025-08-14T09:00:00.000Z,0.80668,0.80809,0.80504,0.80659,11156
2025-08-14T13:00:00.000Z,0.80659,0.80924,0.80607,0.80878,14289
2025-08-14T17:00:00.000Z,0.80878,0.80885,0.80717,0.80742,5488
2025-08-14T21:00:00.000Z,0.80707,0.80792,0.8069,0.80765,3629
2025-08-15T01:00:00.000Z,0.80765,0.80782,0.80648,0.80651,4996
2025-08-15T05:00:00.000Z,0.80651,0.80679,0.80493,0.80513,6912
2025-08-15T09:00:00.000Z,0.80514,0.80692,0.80473,0.80543,8834
2025-08-15T13:00:00.000Z,0.80543,0.80668,0.80453,0.8062,10659
2025-08-15T17:00:00.000Z,0.80619,0.80688,0.80575,0.80659,5266
2025-08-17T21:00:00.000Z,0.80415,0.80689,0.80404,0.8066,3814
2025-08-18T01:00:00.000Z,0.80659,0.80696,0.80584,0.80594,4522
2025-08-18T05:00:00.000Z,0.80594,0.80784,0.80545,0.80711,7912
2025-08-18T09:00:00.000Z,0.80711,0.80808,0.80655,0.80738,7672
2025-08-18T13:00:00.000Z,0.80738,0.80798,0.80634,0.80727,8945
2025-08-18T17:00:00.000Z,0.80725,0.8078,0.80691,0.80736,4398
2025-08-18T21:00:00.000Z,0.8071,0.80766,0.80642,0.80738,3433
2025-08-19T01:00:00.000Z,0.80737,0.80854,0.80706,0.80718,5758
2025-08-19T05:00:00.000Z,0.80718,0.80754,0.80537,0.80599,7281
2025-08-19T09:00:00.000Z,0.80599,0.80623,0.80471,0.80555,7260
2025-08-19T13:00:00.000Z,0.80557,0.80736,0.80522,0.80721,8911
2025-08-19T17:00:00.000Z,0.80721,0.8079,0.80694,0.80774,4875
2025-08-19T21:00:00.000Z,0.80716,0.80916,0.8061,0.80854,5021
2025-08-20T01:00:00.000Z,0.80854,0.80928,0.80805,0.80844,5525
2025-08-20T05:00:00.000Z,0.80844,0.80896,0.8076,0.80792,7140
2025-08-20T09:00:00.000Z,0.80792,0.80818,0.80564,0.80567,7585
2025-08-20T13:00:00.000Z,0.80567,0.80647,0.80331,0.80394,11162
2025-08-20T17:00:00.000Z,0.80394,0.80441,0.8031,0.8041,4854
2025-08-20T21:00:00.000Z,0.80347,0.80497,0.80303,0.80437,3829
2025-08-21T01:00:00.000Z,0.80437,0.80534,0.80409,0.8053,4868
2025-08-21T05:00:00.000Z,0.80529,0.80648,0.80463,0.80524,7261
2025-08-21T09:00:00.000Z,0.80524,0.8069,0.80489,0.80615,7936
2025-08-21T13:00:00.000Z,0.80615,0.80894,0.80582,0.80811,12573
2025-08-21T17:00:00.000Z,0.80811,0.80904,0.8079,0.80876,3549
2025-08-21T21:00:00.000Z,0.80807,0.80897,0.80673,0.80886,4161
2025-08-22T01:00:00.000Z,0.80885,0.81036,0.80874,0.81034,4843
2025-08-22T05:00:00.000Z,0.81032,0.81037,0.80895,0.80933,6316
2025-08-22T09:00:00.000Z,0.80933,0.8096,0.80789,0.80809,6485
2025-08-22T13:00:00.000Z,0.80808,0.80883,0.80019,0.80131,20273
2025-08-22T17:00:00.000Z,0.80131,0.80159,0.79999,0.80122,5516
2025-08-24T21:00:00.000Z,0.80032,0.80329,0.79975,0.80296,4964
2025-08-25T01:00:00.000Z,0.80296,0.80352,0.80244,0.80291,4258
2025-08-25T05:00:00.000Z,0.80291,0.80345,0.80159,0.80191,5637
2025-08-25T09:00:00.000Z,0.80191,0.80284,0.80177,0.80238,5810
2025-08-25T13:00:00.000Z,0.80238,0.80454,0.80194,0.80413,8957
2025-08-25T17:00:00.000Z,0.80413,0.80711,0.80406,0.80604,6058
2025-08-25T21:00:00.000Z,0.80514,0.80667,0.80271,0.80346,7535
2025-08-26T01:00:00.000Z,0.80346,0.80591,0.80343,0.80541,6262
2025-08-26T05:00:00.000Z,0.80541,0.80722,0.80488,0.80672,9772
2025-08-26T09:00:00.000Z,0.80672,0.80681,0.80374,0.80445,8716
2025-08-26T13:00:00.000Z,0.80448,0.80519,0.80254,0.80331,10900
2025-08-26T17:00:00.000Z,0.80331,0.80399,0.8029,0.80356,5241
2025-08-26T21:00:00.000Z,0.80323,0.80415,0.8023,0.80405,4293
2025-08-27T01:00:00.000Z,0.80405,0.8053,0.80368,0.80522,4604
2025-08-27T05:00:00.000Z,0.80522,0.80764,0.80489,0.80641,7095
2025-08-27T09:00:00.000Z,0.80641,0.80728,0.8049,0.80518,7640
2025-08-27T13:00:00.000Z,0.80518,0.80555,0.80152,0.80191,11068
2025-08-27T17:00:00.000Z,0.80191,0.80283,0.80158,0.80226,5534
2025-08-27T21:00:00.000Z,0.80207,0.80241,0.80143,0.80169,4112
2025-08-28T01:00:00.000Z,0.80169,0.80183,0.80097,0.80154,4411
2025-08-28T05:00:00.000Z,0.80154,0.80213,0.80098,0.80118,6387
2025-08-28T09:00:00.000Z,0.80118,0.80225,0.79938,0.80198,9571
2025-08-28T13:00:00.000Z,0.80198,0.80304,0.80045,0.80045,11618
2025-08-28T17:00:00.000Z,0.80045,0.80189,0.79975,0.80143,4938
2025-08-28T21:00:00.000Z,0.80077,0.80243,0.80003,0.80203,4452
2025-08-29T01:00:00.000Z,0.80203,0.80315,0.8019,0.80249,5370
2025-08-29T05:00:00.000Z,0.80249,0.80267,0.79962,0.80067,7260
2025-08-29T09:00:00.000Z,0.80067,0.80349,0.80059,0.80241,8272
2025-08-29T13:00:00.000Z,0.80241,0.8027,0.79854,0.79925,13160
2025-08-29T17:00:00.000Z,0.79925,0.80072,0.79915,0.80051,5513
2025-08-31T21:00:00.000Z,0.79827,0.80113,0.79817,0.80069,3661
2025-09-01T01:00:00.000Z,0.80069,0.80117,0.79932,0.79959,4974
2025-09-01T05:00:00.000Z,0.79959,0.79988,0.7986,0.79877,6484
2025-09-01T09:00:00.000Z,0.79877,0.80122,0.79866,0.80107,7169
2025-09-01T13:00:00.000Z,0.80105,0.8017,0.79997,0.80117,7553
2025-09-01T17:00:00.000Z,0.80117,0.80129,0.8002,0.80056,3625
2025-09-01T21:00:00.000Z,0.80006,0.8013,0.79939,0.8012,4202
2025-09-02T01:00:00.000Z,0.8012,0.80155,0.80098,0.80133,6810
2025-09-02T05:00:00.000Z,0.80133,0.80448,0.80083,0.80424,12060
2025-09-02T09:00:00.000Z,0.80424,0.80608,0.80371,0.80519,14424
2025-09-02T13:00:00.000Z,0.80519,0.8054,0.80193,0.8039,13873
2025-09-02T17:00:00.000Z,0.8039,0.80541,0.80366,0.80446,6370
2025-09-02T21:00:00.000Z,0.8042,0.80564,0.80298,0.80558,3761
2025-09-03T01:00:00.000Z,0.80558,0.80588,0.80508,0.80518,5766
2025-09-03T05:00:00.000Z,0.80517,0.80678,0.80397,0.80412,8408
2025-09-03T09:00:00.000Z,0.80412,0.80546,0.80309,0.80517,8959
2025-09-03T13:00:00.000Z,0.80517,0.80556,0.8027,0.8032,13346
2025-09-03T17:00:00.000Z,0.8032,0.80448,0.8031,0.80418,5460
2025-09-03T21:00:00.000Z,0.80337,0.80438,0.8028,0.80411,5002
2025-09-04T01:00:00.000Z,0.80411,0.8045,0.80344,0.80441,6249
2025-09-04T05:00:00.000Z,0.80441,0.80549,0.80395,0.80435,8058
2025-09-04T09:00:00.000Z,0.80434,0.80617,0.80419,0.80557,10074
2025-09-04T13:00:00.000Z,0.80557,0.80683,0.8047,0.80666,11486
2025-09-04T17:00:00.000Z,0.80666,0.80717,0.8054,0.80544,5110
2025-09-04T21:00:00.000Z,0.80529,0.80576,0.80405,0.805,4528
2025-09-05T01:00:00.000Z,0.805,0.80511,0.80428,0.80477,4605
2025-09-05T05:00:00.000Z,0.80477,0.80478,0.80326,0.8033,6027
2025-09-05T09:00:00.000Z,0.8033,0.80393,0.79847,0.79975,12195
2025-09-05T13:00:00.000Z,0.79973,0.79999,0.79558,0.79704,16994
2025-09-05T17:00:00.000Z,0.79704,0.79857,0.79701,0.79802,4394
2025-09-07T21:00:00.000Z,0.79806,0.79954,0.79501,0.79837,5606
2025-09-08T01:00:00.000Z,0.79836,0.7986,0.79739,0.79743,6273
2025-09-08T05:00:00.000Z,0.79742,0.79757,0.79508,0.79589,7308
2025-09-08T09:00:00.000Z,0.7959,0.79663,0.79439,0.79464,7005
2025-09-08T13:00:00.000Z,0.79466,0.79469,0.79292,0.79426,8322
2025-09-08T17:00:00.000Z,0.79427,0.79464,0.79272,0.79314,4080
2025-09-08T21:00:00.000Z,0.79316,0.7933,0.7922,0.79253,3854
2025-09-09T01:00:00.000Z,0.79255,0.79304,0.79206,0.79226,4753
2025-09-09T05:00:00.000Z,0.79232,0.79439,0.79152,0.79305,8475
2025-09-09T09:00:00.000Z,0.79303,0.79557,0.79225,0.79495,7312
2025-09-09T13:00:00.000Z,0.79494,0.79697,0.79286,0.79685,11627
2025-09-09T17:00:00.000Z,0.79684,0.79793,0.79667,0.79741,4521
2025-09-09T21:00:00.000Z,0.79687,0.79799,0.79365,0.79784,2619
2025-09-10T01:00:00.000Z,0.79784,0.79848,0.79668,0.79669,5232
2025-09-10T05:00:00.000Z,0.7967,0.79847,0.79614,0.79753,6764
2025-09-10T09:00:00.000Z,0.79752,0.79914,0.79517,0.79801,7834
2025-09-10T13:00:00.000Z,0.79805,0.79894,0.79633,0.79873,9365
2025-09-10T17:00:00.000Z,0.79874,0.79945,0.79847,0.79908,3751
2025-09-10T21:00:00.000Z,0.79877,0.79922,0.79798,0.79917,2573
2025-09-11T01:00:00.000Z,0.79918,0.79923,0.79863,0.79865,3595
2025-09-11T05:00:00.000Z,0.79866,0.79992,0.79865,0.79928,8793
2025-09-11T09:00:00.000Z,0.79926,0.80048,0.79698,0.79774,9411
2025-09-11T13:00:00.000Z,0.79772,0.79828,0.79483,0.79591,11744
2025-09-11T17:00:00.000Z,0.7959,0.79638,0.79548,0.79581,4238
2025-09-11T21:00:00.000Z,0.79538,0.79621,0.79442,0.79606,2432
2025-09-12T01:00:00.000Z,0.79602,0.79698,0.79594,0.79671,2585
2025-09-12T05:00:00.000Z,0.7967,0.79741,0.79551,0.79733,5035
2025-09-12T09:00:00.000Z,0.79734,0.79863,0.79626,0.79774,5378
2025-09-12T13:00:00.000Z,0.79776,0.79809,0.79618,0.79656,6578
2025-09-12T17:00:00.000Z,0.79655,0.79666,0.79578,0.79655,2755
2025-09-14T21:00:00.000Z,0.79595,0.7968,0.79508,0.79652,2775
2025-09-15T01:00:00.000Z,0.79651,0.79689,0.79608,0.79625,2188
2025-09-15T05:00:00.000Z,0.79624,0.79727,0.7957,0.79611,3590
2025-09-15T09:00:00.000Z,0.79614,0.79614,0.79438,0.79476,4942
2025-09-15T13:00:00.000Z,0.79477,0.79557,0.79361,0.79462,6172
2025-09-15T17:00:00.000Z,0.79463,0.79467,0.79381,0.79456,2844
2025-09-15T21:00:00.000Z,0.7942,0.79477,0.79371,0.79444,2776
2025-09-16T01:00:00.000Z,0.79443,0.79478,0.79324,0.79366,4406
2025-09-16T05:00:00.000Z,0.79365,0.7938,0.79165,0.79221,5580
2025-09-16T09:00:00.000Z,0.79215,0.7922,0.79,0.79084,7727
2025-09-16T13:00:00.000Z,0.79083,0.79092,0.78626,0.78629,9477
2025-09-16T17:00:00.000Z,0.78626,0.78663,0.78555,0.78587,4770
2025-09-16T21:00:00.000Z,0.78553,0.78668,0.78536,0.78662,3092
2025-09-17T01:00:00.000Z,0.78663,0.78715,0.78656,0.787,3100
2025-09-17T05:00:00.000Z,0.78698,0.78784,0.78658,0.78691,4840
2025-09-17T09:00:00.000Z,0.78689,0.78764,0.78627,0.78689,5107
2025-09-17T13:00:00.000Z,0.78688,0.7872,0.78586,0.78696,5966
2025-09-17T17:00:00.000Z,0.78695,0.78936,0.7829,0.78887,17368
2025-09-17T21:00:00.000Z,0.78804,0.78909,0.78762,0.78859,4813
2025-09-18T01:00:00.000Z,0.78859,0.79076,0.78835,0.79064,4515
2025-09-18T05:00:00.000Z,0.79065,0.79152,0.7883,0.78909,7859
2025-09-18T09:00:00.000Z,0.7891,0.79103,0.78715,0.79101,8644
2025-09-18T13:00:00.000Z,0.79107,0.79376,0.79103,0.79231,11816
2025-09-18T17:00:00.000Z,0.79229,0.79293,0.79189,0.79282,4056
2025-09-18T21:00:00.000Z,0.79015,0.79322,0.79009,0.79242,6360
2025-09-19T01:00:00.000Z,0.79241,0.79341,0.792,0.79301,7014
2025-09-19T05:00:00.000Z,0.79302,0.79554,0.79268,0.79523,7529
2025-09-19T09:00:00.000Z,0.79524,0.79659,0.79443,0.79592,6998
2025-09-19T13:00:00.000Z,0.79593,0.79596,0.79409,0.79473,9460
2025-09-19T17:00:00.000Z,0.79472,0.79578,0.7946,0.79561,4840
2025-09-21T21:00:00.000Z,0.79319,0.79701,0.79297,0.79652,5899
2025-09-22T01:00:00.000Z,0.79652,0.79727,0.79606,0.79707,5712
2025-09-22T05:00:00.000Z,0.79706,0.79711,0.79398,0.79419,6025
2025-09-22T09:00:00.000Z,0.79418,0.79478,0.79279,0.79311,5560
2025-09-22T13:00:00.000Z,0.7931,0.79444,0.79271,0.79289,7315
2025-09-22T17:00:00.000Z,0.79288,0.79309,0.79219,0.79231,3624
2025-09-22T21:00:00.000Z,0.79268,0.79347,0.79188,0.792,5435
2025-09-23T01:00:00.000Z,0.79201,0.7925,0.79096,0.79249,6140
2025-09-23T05:00:00.000Z,0.7925,0.79334,0.79164,0.79188,6629
2025-09-23T09:00:00.000Z,0.79185,0.79283,0.79149,0.79213,5581
2025-09-23T13:00:00.000Z,0.79214,0.79317,0.79155,0.79185,10891
2025-09-23T17:00:00.000Z,0.79184,0.79198,0.79092,0.79122,5964
2025-09-23T21:00:00.000Z,0.79169,0.79218,0.79031,0.79198,7688
2025-09-24T01:00:00.000Z,0.79197,0.79255,0.79188,0.79209,5588
2025-09-24T05:00:00.000Z,0.7921,0.79427,0.79185,0.79395,6400
2025-09-24T09:00:00.000Z,0.79396,0.7952,0.79369,0.79451,7062
2025-09-24T13:00:00.000Z,0.79452,0.79573,0.79398,0.7956,8740
2025-09-24T17:00:00.000Z,0.79559,0.79564,0.79499,0.79527,3151
2025-09-24T21:00:00.000Z,0.7937,0.79491,0.7937,0.79437,5016
2025-09-25T01:00:00.000Z,0.79439,0.7951,0.79427,0.79473,3850
2025-09-25T05:00:00.000Z,0.79473,0.79681,0.79471,0.79582,6518
2025-09-25T09:00:00.000Z,0.79581,0.79984,0.7951,0.79904,8088
2025-09-25T13:00:00.000Z,0.79903,0.80094,0.79777,0.80081,12573
2025-09-25T17:00:00.000Z,0.80082,0.80138,0.79938,0.79956,6393
2025-09-25T21:00:00.000Z,0.79947,0.80069,0.79874,0.79978,5107
2025-09-26T01:00:00.000Z,0.79977,0.80015,0.79915,0.79916,4500
2025-09-26T05:00:00.000Z,0.79915,0.80006,0.79863,0.7992,6096
2025-09-26T09:00:00.000Z,0.79919,0.80033,0.79841,0.79888,7448
2025-09-26T13:00:00.000Z,0.79887,0.79925,0.79746,0.7984,10845
2025-09-26T17:00:00.000Z,0.79839,0.79839,0.79728,0.79797,5582
2025-09-28T21:00:00.000Z,0.79676,0.79809,0.79614,0.79653,4664
2025-09-29T01:00:00.000Z,0.79653,0.79707,0.7957,0.79602,4227
2025-09-29T05:00:00.000Z,0.79603,0.79691,0.79516,0.79603,6019
2025-09-29T09:00:00.000Z,0.79604,0.79874,0.79592,0.79621,6866
2025-09-29T13:00:00.000Z,0.7962,0.79789,0.79618,0.79708,8852
2025-09-29T17:00:00.000Z,0.79707,0.79786,0.79701,0.79751,3005
2025-09-29T21:00:00.000Z,0.7975,0.79833,0.79663,0.79793,4801
2025-09-30T01:00:00.000Z,0.79792,0.79804,0.79696,0.79697,4398
2025-09-30T05:00:00.000Z,0.79697,0.79779,0.79522,0.79616,7444
2025-09-30T09:00:00.000Z,0.79617,0.79821,0.7961,0.79708,6889
2025-09-30T13:00:00.000Z,0.79707,0.79854,0.79447,0.79463,10416
2025-09-30T17:00:00.000Z,0.79464,0.79645,0.7939,0.79639,3602
2025-09-30T21:00:00.000Z,0.79608,0.79686,0.79467,0.7963,4602
2025-10-01T01:00:00.000Z,0.79631,0.79664,0.79419,0.79435,5294
2025-10-01T05:00:00.000Z,0.79436,0.79588,0.79283,0.79582,9492
2025-10-01T09:00:00.000Z,0.7958,0.79884,0.79513,0.79738,11325
2025-10-01T13:00:00.000Z,0.79737,0.799,0.79599,0.79822,13281
2025-10-01T17:00:00.000Z,0.7982,0.79823,0.79662,0.79719,3750
2025-10-01T21:00:00.000Z,0.79655,0.79744,0.79608,0.79711,4116
2025-10-02T01:00:00.000Z,0.79715,0.79736,0.7961,0.79669,4440
2025-10-02T05:00:00.000Z,0.79668,0.79752,0.79586,0.79622,6736
2025-10-02T09:00:00.000Z,0.79624,0.79693,0.79511,0.79663,6726
2025-10-02T13:00:00.000Z,0.79661,0.79999,0.79634,0.79811,9634
2025-10-02T17:00:00.000Z,0.79812,0.79854,0.79714,0.7978,3328
2025-10-02T21:00:00.000Z,0.79737,0.79764,0.79666,0.79737,3182
2025-10-03T01:00:00.000Z,0.79734,0.79797,0.79705,0.79772,4568
2025-10-03T05:00:00.000Z,0.79771,0.798,0.79576,0.79621,5352
2025-10-03T09:00:00.000Z,0.79622,0.79717,0.79564,0.79575,5198
2025-10-03T13:00:00.000Z,0.79574,0.79667,0.79468,0.79526,9361
2025-10-03T17:00:00.000Z,0.79527,0.79613,0.79507,0.79532,2554
2025-10-05T21:00:00.000Z,0.7953,0.79776,0.79516,0.79652,8118
2025-10-06T01:00:00.000Z,0.7965,0.79714,0.79536,0.79598,5658
2025-10-06T05:00:00.000Z,0.79599,0.79932,0.79558,0.79863,9482
2025-10-06T09:00:00.000Z,0.79869,0.79938,0.79713,0.79718,7280
2025-10-06T13:00:00.000Z,0.79717,0.79765,0.79478,0.79506,6905
2025-10-06T17:00:00.000Z,0.7951,0.79556,0.79454,0.79477,2673
2025-10-06T21:00:00.000Z,0.79477,0.79537,0.79433,0.79502,5286
2025-10-07T01:00:00.000Z,0.795,0.79578,0.79498,0.79559,4145
2025-10-07T05:00:00.000Z,0.7956,0.79778,0.79549,0.79776,5359
2025-10-07T09:00:00.000Z,0.79777,0.79914,0.79692,0.79752,6379
2025-10-07T13:00:00.000Z,0.79754,0.79836,0.79672,0.79738,7935
2025-10-07T17:00:00.000Z,0.79737,0.79893,0.79661,0.79823,4041
2025-10-07T21:00:00.000Z,0.79788,0.79924,0.79643,0.79897,4205
2025-10-08T01:00:00.000Z,0.79899,0.80102,0.79899,0.80087,4571
2025-10-08T05:00:00.000Z,0.80086,0.80186,0.8005,0.80109,6477
2025-10-08T09:00:00.000Z,0.80108,0.8013,0.79942,0.80026,5993
2025-10-08T13:00:00.000Z,0.80028,0.80277,0.79985,0.80222,8184
2025-10-08T17:00:00.000Z,0.80223,0.80286,0.80156,0.80186,4085
2025-10-08T21:00:00.000Z,0.80134,0.80165,0.80071,0.801,3088
2025-10-09T01:00:00.000Z,0.80103,0.80104,0.80026,0.8005,3062
2025-10-09T05:00:00.000Z,0.80051,0.80353,0.80043,0.80202,6253
2025-10-09T09:00:00.000Z,0.80203,0.80242,0.80039,0.80233,6102
2025-10-09T13:00:00.000Z,0.80232,0.80695,0.80173,0.80665,11683
2025-10-09T17:00:00.000Z,0.80664,0.80759,0.8059,0.80609,4969
2025-10-09T21:00:00.000Z,0.80603,0.80678,0.80506,0.80634,3452
2025-10-10T01:00:00.000Z,0.80633,0.80668,0.80585,0.8059,3564
2025-10-10T05:00:00.000Z,0.80591,0.80614,0.80471,0.80516,6689
2025-10-10T09:00:00.000Z,0.80516,0.80644,0.80497,0.80555,5286
2025-10-10T13:00:00.000Z,0.80554,0.80617,0.79999,0.80139,13542
2025-10-10T17:00:00.000Z,0.80138,0.8021,0.79945,0.79956,5805
2025-10-12T21:00:00.000Z,0.80016,0.80385,0.7992,0.80118,6980
2025-10-13T01:00:00.000Z,0.80109,0.80166,0.80086,0.80112,5115
2025-10-13T05:00:00.000Z,0.80111,0.80431,0.80001,0.8041,7715
2025-10-13T09:00:00.000Z,0.80411,0.80514,0.80249,0.80466,8008
2025-10-13T13:00:00.000Z,0.80465,0.80577,0.80372,0.80403,7637
2025-10-13T17:00:00.000Z,0.80402,0.8043,0.80377,0.80413,2655
2025-10-13T21:00:00.000Z,0.8035,0.80498,0.80277,0.80455,3490
2025-10-14T01:00:00.000Z,0.80456,0.80459,0.80237,0.80254,5487
2025-10-14T05:00:00.000Z,0.80255,0.80461,0.8018,0.80325,11120
2025-10-14T09:00:00.000Z,0.80323,0.80481,0.80323,0.80424,8680
2025-10-14T13:00:00.000Z,0.80423,0.80448,0.80026,0.80082,13619
2025-10-14T17:00:00.000Z,0.80083,0.80146,0.80053,0.80106,4566
2025-10-14T21:00:00.000Z,0.79938,0.80157,0.79935,0.8011,3394
2025-10-15T01:00:00.000Z,0.80109,0.80119,0.79984,0.80004,4859
2025-10-15T05:00:00.000Z,0.80006,0.80018,0.79904,0.79978,7577
2025-10-15T09:00:00.000Z,0.79981,0.80107,0.79973,0.80062,8077
2025-10-15T13:00:00.000Z,0.80061,0.80084,0.79566,0.79669,10682
2025-10-15T17:00:00.000Z,0.79668,0.79772,0.79636,0.79675,4559
2025-10-15T21:00:00.000Z,0.79606,0.79676,0.79501,0.79538,3875
2025-10-16T01:00:00.000Z,0.79537,0.7956,0.79329,0.79549,5797
2025-10-16T05:00:00.000Z,0.79548,0.79759,0.79537,0.79656,8469
2025-10-16T09:00:00.000Z,0.79657,0.79847,0.79625,0.79687,7812
2025-10-16T13:00:00.000Z,0.79686,0.79785,0.79418,0.79431,12255
2025-10-16T17:00:00.000Z,0.7943,0.79435,0.79236,0.7927,7372
2025-10-16T21:00:00.000Z,0.79255,0.79262,0.79086,0.79135,4243
2025-10-17T01:00:00.000Z,0.79136,0.79189,0.79001,0.79035,6432
2025-10-17T05:00:00.000Z,0.79037,0.79039,0.78728,0.78935,13568
2025-10-17T09:00:00.000Z,0.78933,0.79318,0.78841,0.79217,12972
2025-10-17T13:00:00.000Z,0.79216,0.79328,0.79055,0.79213,12705
2025-10-17T17:00:00.000Z,0.79214,0.79361,0.7918,0.79341,4988
2025-10-19T21:00:00.000Z,0.79099,0.79413,0.79097,0.7928,4849
2025-10-20T01:00:00.000Z,0.79281,0.79381,0.7926,0.79279,4184
2025-10-20T05:00:00.000Z,0.79283,0.79433,0.79231,0.79248,7779
2025-10-20T09:00:00.000Z,0.79247,0.79346,0.7922,0.7925,7435
2025-10-20T13:00:00.000Z,0.79249,0.7929,0.79059,0.79204,8713
2025-10-20T17:00:00.000Z,0.79205,0.79251,0.79171,0.79238,2887
2025-10-20T21:00:00.000Z,0.79203,0.79256,0.79122,0.79178,3591
2025-10-21T01:00:00.000Z,0.7918,0.79343,0.79168,0.79302,5392
2025-10-21T05:00:00.000Z,0.79303,0.7938,0.79178,0.79366,9995
2025-10-21T09:00:00.000Z,0.79365,0.79598,0.79365,0.79553,9996
2025-10-21T13:00:00.000Z,0.79554,0.79621,0.79395,0.79585,11980
2025-10-21T17:00:00.000Z,0.79583,0.79642,0.79558,0.79623,3354
2025-10-21T21:00:00.000Z,0.79575,0.79689,0.79485,0.79603,4461
2025-10-22T01:00:00.000Z,0.796,0.79614,0.79541,0.79576,4221
2025-10-22T05:00:00.000Z,0.79577,0.79689,0.79512,0.79608,8012
2025-10-22T09:00:00.000Z,0.79609,0.79719,0.79579,0.79696,8107
2025-10-22T13:00:00.000Z,0.79695,0.79737,0.79483,0.79515,10128
2025-10-22T17:00:00.000Z,0.79516,0.79635,0.79511,0.796,3366
2025-10-22T21:00:00.000Z,0.7955,0.79667,0.79501,0.79633,3338
2025-10-23T01:00:00.000Z,0.79636,0.79765,0.79629,0.79721,2696
2025-10-23T05:00:00.000Z,0.79722,0.79801,0.7968,0.7975,4879
2025-10-23T09:00:00.000Z,0.79751,0.79867,0.79656,0.79691,5419
2025-10-23T13:00:00.000Z,0.79692,0.79713,0.79512,0.79567,7076
2025-10-23T17:00:00.000Z,0.79568,0.79604,0.79499,0.79504,2422
2025-10-23T21:00:00.000Z,0.79498,0.79528,0.79471,0.79514,3287
2025-10-24T01:00:00.000Z,0.79513,0.79613,0.79505,0.79603,3510
2025-10-24T05:00:00.000Z,0.79602,0.79653,0.79464,0.79578,6542
2025-10-24T09:00:00.000Z,0.79582,0.79682,0.7926,0.79456,7875
2025-10-24T13:00:00.000Z,0.79455,0.79616,0.79398,0.79581,9479
2025-10-24T17:00:00.000Z,0.79579,0.79579,0.79492,0.79542,2735
2025-10-26T21:00:00.000Z,0.79603,0.79664,0.79499,0.79538,3677
2025-10-27T01:00:00.000Z,0.79537,0.79646,0.79452,0.79627,4290
2025-10-27T05:00:00.000Z,0.79626,0.79728,0.79584,0.79711,5473
2025-10-27T09:00:00.000Z,0.79712,0.79715,0.79464,0.79565,6997
2025-10-27T13:00:00.000Z,0.79567,0.79678,0.79551,0.79561,6780
2025-10-27T17:00:00.000Z,0.7956,0.79608,0.79503,0.79527,2727
2025-10-27T21:00:00.000Z,0.79505,0.79526,0.79386,0.7942,3376
2025-10-28T01:00:00.000Z,0.79419,0.79438,0.79313,0.79322,5036
2025-10-28T05:00:00.000Z,0.79321,0.79482,0.79306,0.794,6393
2025-10-28T09:00:00.000Z,0.79401,0.79601,0.79331,0.79563,6713
2025-10-28T13:00:00.000Z,0.79564,0.79669,0.79249,0.79284,9374
2025-10-28T17:00:00.000Z,0.79283,0.79348,0.7926,0.79332,3007
2025-10-28T21:00:00.000Z,0.79314,0.79362,0.79241,0.79296,4273
2025-10-29T01:00:00.000Z,0.79297,0.79429,0.79282,0.79418,4031
2025-10-29T05:00:00.000Z,0.79419,0.7971,0.79407,0.79667,6887
2025-10-29T09:00:00.000Z,0.79668,0.79776,0.79579,0.79748,6965
2025-10-29T13:00:00.000Z,0.79747,0.79791,0.7956,0.79643,8240
2025-10-29T17:00:00.000Z,0.79642,0.80201,0.79633,0.80009,12206
2025-10-29T21:00:00.000Z,0.79968,0.80064,0.79823,0.79972,3774
2025-10-30T01:00:00.000Z,0.79973,0.79976,0.79754,0.79776,7488
2025-10-30T05:00:00.000Z,0.79777,0.79951,0.79761,0.79881,7098
2025-10-30T09:00:00.000Z,0.7988,0.80289,0.7977,0.80286,8134
2025-10-30T13:00:00.000Z,0.8029,0.80368,0.80068,0.80147,10924
2025-10-30T17:00:00.000Z,0.80146,0.8027,0.80141,0.80155,3804
2025-10-30T21:00:00.000Z,0.80171,0.80198,0.80113,0.80115,2747
2025-10-31T01:00:00.000Z,0.80116,0.80194,0.80088,0.80169,4519
2025-10-31T05:00:00.000Z,0.8017,0.80327,0.80159,0.80237,6009
2025-10-31T09:00:00.000Z,0.80238,0.80392,0.8014,0.80379,7238
2025-10-31T13:00:00.000Z,0.80384,0.80488,0.80234,0.80361,10826
2025-10-31T17:00:00.000Z,0.8036,0.80514,0.80355,0.80477,3473
2025-11-02T22:00:00.000Z,0.80301,0.8053,0.80262,0.80497,6641
2025-11-03T02:00:00.000Z,0.80496,0.80503,0.80432,0.80449,3864
2025-11-03T06:00:00.000Z,0.8045,0.80732,0.80384,0.80719,5591
2025-11-03T10:00:00.000Z,0.8072,0.80867,0.80661,0.80833,6223
2025-11-03T14:00:00.000Z,0.80832,0.80916,0.8068,0.80744,7477
2025-11-03T18:00:00.000Z,0.80744,0.80823,0.80705,0.80793,2469
2025-11-03T22:00:00.000Z,0.80778,0.80986,0.80736,0.80941,4747
2025-11-04T02:00:00.000Z,0.80942,0.80969,0.80853,0.80874,4403
2025-11-04T06:00:00.000Z,0.80872,0.80892,0.8067,0.80869,6687
2025-11-04T10:00:00.000Z,0.80868,0.81015,0.80812,0.80847,6256
2025-11-04T14:00:00.000Z,0.80848,0.81037,0.80832,0.80953,7738
2025-11-04T18:00:00.000Z,0.80954,0.81082,0.80948,0.81041,2851
2025-11-04T22:00:00.000Z,0.81011,0.81056,0.8079,0.80867,5184
2025-11-05T02:00:00.000Z,0.80866,0.80986,0.80842,0.809,5625
2025-11-05T06:00:00.000Z,0.80905,0.81072,0.80864,0.81059,6125
2025-11-05T10:00:00.000Z,0.81058,0.81164,0.80949,0.81098,7013
2025-11-05T14:00:00.000Z,0.81099,0.81242,0.80974,0.811,8817
2025-11-05T18:00:00.000Z,0.81095,0.81102,0.80994,0.81008,2450
2025-11-05T22:00:00.000Z,0.80992,0.81042,0.80866,0.80899,4825
2025-11-06T02:00:00.000Z,0.809,0.8095,0.80883,0.80912,4289
2025-11-06T06:00:00.000Z,0.80917,0.80989,0.80829,0.80888,5760
2025-11-06T10:00:00.000Z,0.80889,0.80946,0.8068,0.80753,7083
2025-11-06T14:00:00.000Z,0.80754,0.80877,0.80664,0.80713,8563
2025-11-06T18:00:00.000Z,0.80712,0.80736,0.806,0.80616,3314
2025-11-06T22:00:00.000Z,0.80594,0.80716,0.80589,0.80696,6415
2025-11-07T02:00:00.000Z,0.80694,0.80782,0.80657,0.80764,3886
2025-11-07T06:00:00.000Z,0.80762,0.80842,0.80749,0.80818,4348
2025-11-07T10:00:00.000Z,0.80818,0.80818,0.80451,0.80526,6591
2025-11-07T14:00:00.000Z,0.80524,0.80546,0.80319,0.80387,7463
2025-11-07T18:00:00.000Z,0.80388,0.80583,0.80365,0.80512,3365
2025-11-09T22:00:00.000Z,0.80419,0.80727,0.80418,0.80638,7133
2025-11-10T02:00:00.000Z,0.80639,0.8067,0.80568,0.80596,4811
2025-11-10T06:00:00.000Z,0.80597,0.80693,0.80475,0.80591,9614
2025-11-10T10:00:00.000Z,0.8059,0.80652,0.80466,0.80475,7495
2025-11-10T14:00:00.000Z,0.80474,0.80673,0.80471,0.80477,8260
2025-11-10T18:00:00.000Z,0.80476,0.80524,0.80442,0.80519,2151
2025-11-10T22:00:00.000Z,0.80539,0.80614,0.80442,0.80524,2883
2025-11-11T02:00:00.000Z,0.80524,0.80524,0.804,0.80404,2639
2025-11-11T06:00:00.000Z,0.80405,0.80501,0.80254,0.80325,6866
2025-11-11T10:00:00.000Z,0.80324,0.80334,0.79898,0.79936,8692
2025-11-11T14:00:00.000Z,0.79935,0.80014,0.7986,0.79983,8429
2025-11-11T18:00:00.000Z,0.79984,0.80061,0.79964,0.80048,2728
2025-11-11T22:00:00.000Z,0.79992,0.80097,0.79913,0.80089,3533
2025-11-12T02:00:00.000Z,0.80087,0.80115,0.80026,0.80067,2750
2025-11-12T06:00:00.000Z,0.80069,0.80098,0.79869,0.79925,6643
2025-11-12T10:00:00.000Z,0.79924,0.79962,0.79844,0.79846,8031
2025-11-12T14:00:00.000Z,0.79845,0.79906,0.79674,0.79701,9117
2025-11-12T18:00:00.000Z,0.79702,0.79827,0.79702,0.79791,2216
2025-11-12T22:00:00.000Z,0.79742,0.7987,0.79702,0.79811,3632
2025-11-13T02:00:00.000Z,0.79808,0.79939,0.79785,0.79928,3312
2025-11-13T06:00:00.000Z,0.79929,0.79932,0.79428,0.79547,8919
2025-11-13T10:00:00.000Z,0.79546,0.79614,0.7949,0.79576,8321
2025-11-13T14:00:00.000Z,0.79574,0.79587,0.79091,0.79121,11240
2025-11-13T18:00:00.000Z,0.7912,0.79325,0.79084,0.79271,3943
2025-11-13T22:00:00.000Z,0.79231,0.79357,0.79156,0.79313,6571
2025-11-14T02:00:00.000Z,0.79314,0.79357,0.79176,0.79186,4976
2025-11-14T06:00:00.000Z,0.79187,0.79233,0.79013,0.79218,8254
2025-11-14T10:00:00.000Z,0.7922,0.79262,0.78779,0.78952,10696
2025-11-14T14:00:00.000Z,0.78953,0.7948,0.78915,0.794,11613
2025-11-14T18:00:00.000Z,0.79399,0.79432,0.79374,0.79401,3406
2025-11-16T22:00:00.000Z,0.79333,0.79472,0.79306,0.79448,4526
2025-11-17T02:00:00.000Z,0.79449,0.79554,0.7944,0.79492,4799
2025-11-17T06:00:00.000Z,0.79493,0.79548,0.79316,0.79435,7139
2025-11-17T10:00:00.000Z,0.79434,0.79611,0.79429,0.79587,7516
2025-11-17T14:00:00.000Z,0.79588,0.79621,0.79516,0.79567,7183
2025-11-17T18:00:00.000Z,0.79566,0.79656,0.7956,0.79601,2894
2025-11-17T22:00:00.000Z,0.79568,0.79663,0.79493,0.79606,4116
2025-11-18T02:00:00.000Z,0.79607,0.79633,0.79399,0.79455,5786
2025-11-18T06:00:00.000Z,0.79456,0.79637,0.79376,0.79636,9132
2025-11-18T10:00:00.000Z,0.79635,0.79753,0.79547,0.79644,8009
2025-11-18T14:00:00.000Z,0.79636,0.80005,0.79611,0.79976,10794
2025-11-18T18:00:00.000Z,0.79978,0.79995,0.79861,0.79961,3676
2025-11-18T22:00:00.000Z,0.79907,0.80042,0.79864,0.80038,4782
2025-11-19T02:00:00.000Z,0.80037,0.80098,0.79854,0.79926,5181
2025-11-19T06:00:00.000Z,0.79925,0.80151,0.79882,0.80135,7837
2025-11-19T10:00:00.000Z,0.80134,0.80305,0.80086,0.80249,9528
2025-11-19T14:00:00.000Z,0.80252,0.80552,0.80219,0.80474,11544
2025-11-19T18:00:00.000Z,0.80471,0.8067,0.8045,0.80562,4966
2025-11-19T22:00:00.000Z,0.80493,0.80628,0.80327,0.80624,5134
2025-11-20T02:00:00.000Z,0.80628,0.80724,0.80621,0.80678,5567
2025-11-20T06:00:00.000Z,0.8068,0.807,0.80549,0.80552,8410
2025-11-20T10:00:00.000Z,0.80554,0.80766,0.80521,0.80646,9873
2025-11-20T14:00:00.000Z,0.80647,0.80751,0.80488,0.80565,14113
2025-11-20T18:00:00.000Z,0.80566,0.80639,0.80486,0.80586,4807
2025-11-20T22:00:00.000Z,0.80541,0.80613,0.80467,0.80547,5924
2025-11-21T02:00:00.000Z,0.80539,0.80544,0.80416,0.80462,5329
2025-11-21T06:00:00.000Z,0.80461,0.80564,0.80355,0.80545,10092
2025-11-21T10:00:00.000Z,0.80548,0.80723,0.80495,0.8068,12084
2025-11-21T14:00:00.000Z,0.80679,0.80986,0.80624,0.80834,12321
2025-11-21T18:00:00.000Z,0.80833,0.80906,0.8075,0.80827,4876
2025-11-23T22:00:00.000Z,0.80672,0.8092,0.80672,0.80876,5224
2025-11-24T02:00:00.000Z,0.80878,0.80884,0.80795,0.80821,4501
2025-11-24T06:00:00.000Z,0.80822,0.81017,0.80697,0.80721,8405
2025-11-24T10:00:00.000Z,0.80722,0.80769,0.80605,0.80747,7046
2025-11-24T14:00:00.000Z,0.80748,0.80919,0.80708,0.80854,7559
2025-11-24T18:00:00.000Z,0.80854,0.80863,0.8076,0.80813,3554
2025-11-24T22:00:00.000Z,0.80816,0.80867,0.80795,0.80824,4292
2025-11-25T02:00:00.000Z,0.80827,0.8093,0.80816,0.80886,4027
2025-11-25T06:00:00.000Z,0.80888,0.80953,0.80857,0.80948,6960
2025-11-25T10:00:00.000Z,0.80949,0.81018,0.80813,0.80842,8471
2025-11-25T14:00:00.000Z,0.80844,0.80919,0.80578,0.80653,11955
2025-11-25T18:00:00.000Z,0.80652,0.80812,0.80626,0.80758,5154
2025-11-25T22:00:00.000Z,0.80728,0.80814,0.80642,0.80701,5011
2025-11-26T02:00:00.000Z,0.80703,0.80719,0.80429,0.80451,4942
2025-11-26T06:00:00.000Z,0.80453,0.80668,0.80417,0.80655,9262
2025-11-26T10:00:00.000Z,0.80652,0.80835,0.80597,0.8081,12608
2025-11-26T14:00:00.000Z,0.80809,0.8083,0.80413,0.80416,10268
2025-11-26T18:00:00.000Z,0.80418,0.8045,0.80386,0.80414,3599
2025-11-26T22:00:00.000Z,0.80408,0.80412,0.80283,0.80292,3726
2025-11-27T02:00:00.000Z,0.80289,0.80381,0.80264,0.80353,3866
2025-11-27T06:00:00.000Z,0.80354,0.80567,0.80333,0.80561,7213
2025-11-27T10:00:00.000Z,0.80562,0.80623,0.80492,0.805,5766
2025-11-27T14:00:00.000Z,0.80499,0.80594,0.80462,0.80489,3316
2025-11-27T18:00:00.000Z,0.80482,0.80518,0.80472,0.80478,1924
2025-11-27T22:00:00.000Z,0.80409,0.80551,0.80409,0.80548,4115
2025-11-28T02:00:00.000Z,0.80547,0.8055,0.80449,0.80449,17694
2025-11-28T06:00:00.000Z,0.80451,0.80651,0.80438,0.80637,23116
2025-11-28T10:00:00.000Z,0.80636,0.80711,0.80441,0.80493,18490
2025-11-28T14:00:00.000Z,0.80495,0.8058,0.80262,0.80309,9590
2025-11-28T18:00:00.000Z,0.8031,0.80368,0.80292,0.80298,7279
2025-11-30T22:00:00.000Z,0.80321,0.80383,0.80238,0.80343,5758
2025-12-01T02:00:00.000Z,0.80344,0.8045,0.8034,0.8044,3787
2025-12-01T06:00:00.000Z,0.80441,0.80471,0.80208,0.80284,7563
2025-12-01T10:00:00.000Z,0.80285,0.80353,0.7996,0.80074,7164
2025-12-01T14:00:00.000Z,0.80075,0.80374,0.80054,0.8037,9102
2025-12-01T18:00:00.000Z,0.80366,0.80487,0.8035,0.80458,4394
2025-12-01T22:00:00.000Z,0.80383,0.80499,0.80349,0.80443,2147
2025-12-02T02:00:00.000Z,0.80444,0.80479,0.80403,0.80455,1896
2025-12-02T06:00:00.000Z,0.80456,0.80518,0.80394,0.80422,4732
2025-12-02T10:00:00.000Z,0.80421,0.8053,0.80403,0.80444,4640
2025-12-02T14:00:00.000Z,0.80443,0.80504,0.80302,0.80402,8204
2025-12-02T18:00:00.000Z,0.80401,0.80449,0.8027,0.80305,4259
2025-12-02T22:00:00.000Z,0.80269,0.80308,0.80186,0.80202,2621
2025-12-03T02:00:00.000Z,0.80203,0.80223,0.80182,0.80196,1931
2025-12-03T06:00:00.000Z,0.80195,0.80269,0.80076,0.80183,5384
2025-12-03T10:00:00.000Z,0.80182,0.80184,0.79938,0.80016,6701
2025-12-03T14:00:00.000Z,0.80015,0.8012,0.79933,0.79948,8693
2025-12-03T18:00:00.000Z,0.79949,0.79991,0.79916,0.79966,3078
2025-12-03T22:00:00.000Z,0.79925,0.80042,0.79904,0.80008,3798
2025-12-04T02:00:00.000Z,0.80006,0.80102,0.80001,0.80083,3046
2025-12-04T06:00:00.000Z,0.80082,0.80148,0.79959,0.7997,5616
2025-12-04T10:00:00.000Z,0.79971,0.80164,0.79953,0.80068,6130
2025-12-04T14:00:00.000Z,0.80064,0.80269,0.79961,0.80252,7229
2025-12-04T18:00:00.000Z,0.80251,0.80395,0.80231,0.80348,3592
2025-12-04T22:00:00.000Z,0.8033,0.80384,0.80213,0.80317,2221
2025-12-05T02:00:00.000Z,0.80316,0.80366,0.80264,0.80289,2559
2025-12-05T06:00:00.000Z,0.80288,0.8035,0.80187,0.80267,5555
2025-12-05T10:00:00.000Z,0.80268,0.80424,0.80251,0.80348,6012
2025-12-05T14:00:00.000Z,0.80349,0.80549,0.80273,0.80477,10114
2025-12-05T18:00:00.000Z,0.80476,0.80493,0.80405,0.80461,3587
2025-12-07T22:00:00.000Z,0.80317,0.80497,0.80312,0.80355,8006
2025-12-08T02:00:00.000Z,0.80354,0.80382,0.80326,0.80339,2722
2025-12-08T06:00:00.000Z,0.80338,0.80437,0.80278,0.80428,7283
2025-12-08T10:00:00.000Z,0.8043,0.80628,0.80388,0.80585,7789
2025-12-08T14:00:00.000Z,0.80581,0.80854,0.80534,0.80667,9959
2025-12-08T18:00:00.000Z,0.80668,0.80718,0.80631,0.8065,3337
2025-12-08T22:00:00.000Z,0.80665,0.80694,0.80619,0.80623,2707
2025-12-09T02:00:00.000Z,0.80624,0.80662,0.80518,0.80545,3758
2025-12-09T06:00:00.000Z,0.80547,0.80662,0.80498,0.80559,7826
2025-12-09T10:00:00.000Z,0.80558,0.80714,0.80545,0.80609,8577
2025-12-09T14:00:00.000Z,0.8061,0.80823,0.80556,0.80637,10346
2025-12-09T18:00:00.000Z,0.80638,0.80668,0.80562,0.80614,2883
2025-12-09T22:00:00.000Z,0.80554,0.80647,0.80494,0.80634,2891
2025-12-10T02:00:00.000Z,0.80633,0.80639,0.8058,0.80604,1950
2025-12-10T06:00:00.000Z,0.80605,0.80612,0.80399,0.80518,5339
2025-12-10T10:00:00.000Z,0.80519,0.80568,0.80315,0.80326,7211
2025-12-10T14:00:00.000Z,0.80322,0.80348,0.8021,0.80221,8232
2025-12-10T18:00:00.000Z,0.80222,0.80303,0.79922,0.80027,12459
2025-12-10T22:00:00.000Z,0.79951,0.8,0.79876,0.79897,3902
2025-12-11T02:00:00.000Z,0.79896,0.79983,0.79869,0.79974,4022
2025-12-11T06:00:00.000Z,0.79972,0.80012,0.79788,0.79806,7354
2025-12-11T10:00:00.000Z,0.79804,0.79842,0.79516,0.79552,9856
2025-12-11T14:00:00.000Z,0.79551,0.79561,0.79242,0.7935,10684
2025-12-11T18:00:00.000Z,0.79349,0.79543,0.79327,0.79506,4579
2025-12-11T22:00:00.000Z,0.79514,0.79515,0.79343,0.79473,4872
2025-12-12T02:00:00.000Z,0.79467,0.79514,0.79444,0.79466,2869
2025-12-12T06:00:00.000Z,0.79465,0.79533,0.79447,0.79486,6725
2025-12-12T10:00:00.000Z,0.79487,0.79627,0.79477,0.79594,6641
2025-12-12T14:00:00.000Z,0.79598,0.79646,0.79452,0.79539,10812
2025-12-12T18:00:00.000Z,0.79538,0.79623,0.79514,0.79611,3923
2025-12-14T22:00:00.000Z,0.79468,0.79679,0.79405,0.79593,5649
2025-12-15T02:00:00.000Z,0.79592,0.79633,0.79538,0.79593,4480
2025-12-15T06:00:00.000Z,0.79594,0.79735,0.79591,0.79611,6355
2025-12-15T10:00:00.000Z,0.79615,0.79627,0.79523,0.79616,5519
2025-12-15T14:00:00.000Z,0.79622,0.79709,0.79383,0.79688,9423
2025-12-15T18:00:00.000Z,0.79688,0.79732,0.7963,0.79632,3109
2025-12-15T22:00:00.000Z,0.79579,0.79637,0.79503,0.79573,4669
2025-12-16T02:00:00.000Z,0.79571,0.79634,0.79521,0.7963,4457
2025-12-16T06:00:00.000Z,0.79631,0.79706,0.79563,0.79582,5646
2025-12-16T10:00:00.000Z,0.79579,0.79645,0.7926,0.79479,9521
2025-12-16T14:00:00.000Z,0.79478,0.79568,0.79297,0.79421,12366
2025-12-16T18:00:00.000Z,0.79422,0.79609,0.79416,0.79504,5141
2025-12-16T22:00:00.000Z,0.79487,0.79546,0.79378,0.79516,3327
2025-12-17T02:00:00.000Z,0.79517,0.79644,0.79516,0.79626,3536
2025-12-17T06:00:00.000Z,0.79627,0.79875,0.7962,0.79787,8390
2025-12-17T10:00:00.000Z,0.79789,0.79814,0.79511,0.79576,8466
2025-12-17T14:00:00.000Z,0.79577,0.79648,0.79352,0.79458,10998
2025-12-17T18:00:00.000Z,0.79457,0.7959,0.79427,0.7957,3897
2025-12-17T22:00:00.000Z,0.79505,0.7956,0.7942,0.79552,4383
2025-12-18T02:00:00.000Z,0.79553,0.79557,0.79497,0.79497,2782
2025-12-18T06:00:00.000Z,0.79495,0.7966,0.7947,0.79651,6257
2025-12-18T10:00:00.000Z,0.79652,0.79658,0.79166,0.79376,10440
2025-12-18T14:00:00.000Z,0.79379,0.79548,0.79305,0.79468,12789
2025-12-18T18:00:00.000Z,0.79466,0.79482,0.7937,0.79402,3906
2025-12-18T22:00:00.000Z,0.794,0.7948,0.79378,0.79465,3338
2025-12-19T02:00:00.000Z,0.79464,0.7954,0.79441,0.79494,4324
2025-12-19T06:00:00.000Z,0.79493,0.79609,0.79456,0.79516,8617
2025-12-19T10:00:00.000Z,0.79519,0.79611,0.79462,0.79506,8332
2025-12-19T14:00:00.000Z,0.79505,0.79621,0.79405,0.79505,9803
2025-12-19T18:00:00.000Z,0.79506,0.79582,0.79446,0.79556,3350
2025-12-21T22:00:00.000Z,0.79379,0.7959,0.79355,0.7948,9511
2025-12-22T02:00:00.000Z,0.79482,0.79519,0.79429,0.79469,3109
2025-12-22T06:00:00.000Z,0.7947,0.79531,0.79331,0.79337,7638
2025-12-22T10:00:00.000Z,0.79336,0.7938,0.7926,0.79298,7065
2025-12-22T14:00:00.000Z,0.79296,0.79342,0.79159,0.79197,8112
2025-12-22T18:00:00.000Z,0.79198,0.79244,0.79175,0.7918,2996
2025-12-22T22:00:00.000Z,0.79179,0.79209,0.7903,0.7906,4115
2025-12-23T02:00:00.000Z,0.79059,0.79059,0.78927,0.78978,6385
2025-12-23T06:00:00.000Z,0.78979,0.7908,0.78777,0.78833,7673
2025-12-23T10:00:00.000Z,0.78832,0.78925,0.78665,0.78924,8372
2025-12-23T14:00:00.000Z,0.78922,0.79084,0.78898,0.78929,9346
2025-12-23T18:00:00.000Z,0.78928,0.78936,0.78732,0.78735,3145
2025-12-23T22:00:00.000Z,0.78732,0.78813,0.78617,0.78634,4244
2025-12-24T02:00:00.000Z,0.78633,0.78771,0.78623,0.78702,4365
2025-12-24T06:00:00.000Z,0.78703,0.78822,0.78621,0.78627,7398
2025-12-24T10:00:00.000Z,0.78628,0.78795,0.78614,0.78795,6953
2025-12-24T14:00:00.000Z,0.78796,0.78967,0.78785,0.78842,6935
2025-12-24T18:00:00.000Z,0.78848,0.7886,0.7873,0.78742,10711
2025-12-25T22:00:00.000Z,0.78735,0.78876,0.78633,0.78798,7945
2025-12-26T02:00:00.000Z,0.78798,0.78848,0.78779,0.78808,4959
2025-12-26T06:00:00.000Z,0.78806,0.79032,0.78798,0.7899,4659
2025-12-26T10:00:00.000Z,0.78991,0.79002,0.78794,0.78833,4727
2025-12-26T14:00:00.000Z,0.78828,0.79025,0.78786,0.78976,12561
2025-12-26T18:00:00.000Z,0.78973,0.78997,0.78875,0.78939,5480
2025-12-28T22:00:00.000Z,0.78794,0.78932,0.78761,0.78858,7483
2025-12-29T02:00:00.000Z,0.78859,0.79008,0.78853,0.78994,5038
2025-12-29T06:00:00.000Z,0.78992,0.79,0.78732,0.78846,7216
2025-12-29T10:00:00.000Z,0.78847,0.79159,0.78828,0.79001,11157
2025-12-29T14:00:00.000Z,0.79,0.79095,0.78818,0.79062,13230
2025-12-29T18:00:00.000Z,0.79063,0.79078,0.78906,0.78909,3921
2025-12-29T22:00:00.000Z,0.78817,0.78918,0.78817,0.78882,4679
2025-12-30T02:00:00.000Z,0.78879,0.78919,0.78816,0.78863,3529
2025-12-30T06:00:00.000Z,0.78861,0.78969,0.78818,0.78872,5948
2025-12-30T10:00:00.000Z,0.78873,0.79036,0.7876,0.78987,8302
2025-12-30T14:00:00.000Z,0.78986,0.79168,0.78986,0.79119,9188
2025-12-30T18:00:00.000Z,0.79118,0.79239,0.79084,0.7918,2781
2025-12-30T22:00:00.000Z,0.79146,0.79194,0.79122,0.79187,3625
2025-12-31T02:00:00.000Z,0.7919,0.7928,0.79189,0.79271,3344
2025-12-31T06:00:00.000Z,0.79272,0.79422,0.79253,0.79346,4808
2025-12-31T10:00:00.000Z,0.79347,0.7938,0.79171,0.79249,8799
2025-12-31T14:00:00.000Z,0.79248,0.79414,0.79196,0.79342,11297
2025-12-31T18:00:00.000Z,0.79344,0.7937,0.79182,0.79251,3661
2026-01-01T22:00:00.000Z,0.79245,0.79254,0.79095,0.79111,3587
2026-01-02T02:00:00.000Z,0.79112,0.79246,0.79082,0.79244,3684
2026-01-02T06:00:00.000Z,0.79243,0.79402,0.79224,0.79363,6950
2026-01-02T10:00:00.000Z,0.79362,0.79409,0.79261,0.79309,7111
2026-01-02T14:00:00.000Z,0.79308,0.79324,0.79011,0.79189,8936
2026-01-02T18:00:00.000Z,0.7919,0.79274,0.79183,0.7924,3002
2026-01-04T22:00:00.000Z,0.79099,0.79343,0.7906,0.79273,5914
2026-01-05T02:00:00.000Z,0.79272,0.79507,0.7926,0.79412,5903
2026-01-05T06:00:00.000Z,0.79413,0.79665,0.79368,0.79636,8017
2026-01-05T10:00:00.000Z,0.79639,0.79675,0.79405,0.79544,10953
2026-01-05T14:00:00.000Z,0.79544,0.79592,0.79226,0.79261,11470
2026-01-05T18:00:00.000Z,0.79264,0.79275,0.79126,0.79173,3078
2026-01-05T22:00:00.000Z,0.79127,0.79266,0.79108,0.79134,3670
2026-01-06T02:00:00.000Z,0.79133,0.79151,0.79066,0.79138,3680
2026-01-06T06:00:00.000Z,0.79139,0.79283,0.7906,0.7926,7362
2026-01-06T10:00:00.000Z,0.79259,0.79397,0.79234,0.79284,8598
2026-01-06T14:00:00.000Z,0.79283,0.7959,0.79239,0.79494,11850
2026-01-06T18:00:00.000Z,0.79495,0.79593,0.79483,0.79571,3613
2026-01-06T22:00:00.000Z,0.79516,0.79585,0.79464,0.79497,4662
2026-01-07T02:00:00.000Z,0.79498,0.79532,0.7944,0.79515,5147
2026-01-07T06:00:00.000Z,0.79516,0.79674,0.79448,0.79581,7198
2026-01-07T10:00:00.000Z,0.79586,0.79682,0.79538,0.79584,8974
2026-01-07T14:00:00.000Z,0.79585,0.79727,0.79513,0.79689,12910
2026-01-07T18:00:00.000Z,0.79688,0.79788,0.79671,0.79773,4220
2026-01-07T22:00:00.000Z,0.79716,0.79801,0.79633,0.79781,3133
2026-01-08T02:00:00.000Z,0.7978,0.79795,0.79701,0.7972,3987
2026-01-08T06:00:00.000Z,0.79719,0.79848,0.79691,0.79753,7167
2026-01-08T10:00:00.000Z,0.79754,0.79849,0.79681,0.79823,7656
2026-01-08T14:00:00.000Z,0.79825,0.79988,0.79751,0.79945,9557
2026-01-08T18:00:00.000Z,0.79946,0.79997,0.79867,0.79878,3012
2026-01-08T22:00:00.000Z,0.79855,0.79999,0.79741,0.79984,3488
2026-01-09T02:00:00.000Z,0.79985,0.80012,0.7992,0.79974,4888
2026-01-09T06:00:00.000Z,0.79973,0.80034,0.79935,0.80012,6937
2026-01-09T10:00:00.000Z,0.80013,0.80103,0.7986,0.79968,10233
2026-01-09T14:00:00.000Z,0.79973,0.80176,0.79901,0.80142,16042
2026-01-09T18:00:00.000Z,0.80143,0.80154,0.80064,0.80106,3353
2026-01-11T22:00:00.000Z,0.79968,0.80174,0.79724,0.79843,7417
2026-01-12T02:00:00.000Z,0.79844,0.79929,0.79775,0.79799,4960
2026-01-12T06:00:00.000Z,0.798,0.79838,0.79557,0.79702,9083
2026-01-12T10:00:00.000Z,0.79701,0.79794,0.79568,0.79637,9750
2026-01-12T14:00:00.000Z,0.79638,0.79786,0.79581,0.7971,10466
2026-01-12T18:00:00.000Z,0.79709,0.79782,0.79668,0.79743,3586
2026-01-12T22:00:00.000Z,0.79685,0.79794,0.79649,0.79792,4180
2026-01-13T02:00:00.000Z,0.79794,0.79801,0.79681,0.79727,4919
2026-01-13T06:00:00.000Z,0.79728,0.79797,0.79675,0.79769,7445
2026-01-13T10:00:00.000Z,0.79768,0.79928,0.79723,0.79829,10401
2026-01-13T14:00:00.000Z,0.79831,0.80158,0.79778,0.80077,12819
2026-01-13T18:00:00.000Z,0.80076,0.80122,0.8002,0.80094,3743
2026-01-13T22:00:00.000Z,0.80047,0.80169,0.80046,0.80161,5001
2026-01-14T02:00:00.000Z,0.8016,0.80174,0.80063,0.80137,4183
2026-01-14T06:00:00.000Z,0.80138,0.80276,0.80049,0.80198,8740
2026-01-14T10:00:00.000Z,0.80199,0.80243,0.80035,0.80113,8933
2026-01-14T14:00:00.000Z,0.80113,0.80117,0.79834,0.79958,11987
2026-01-14T18:00:00.000Z,0.79958,0.80049,0.79955,0.80014,3593
2026-01-14T22:00:00.000Z,0.79937,0.80003,0.79856,0.79985,5112
2026-01-15T02:00:00.000Z,0.79986,0.80115,0.79958,0.801,3261
2026-01-15T06:00:00.000Z,0.80099,0.80173,0.80015,0.80048,6559
2026-01-15T10:00:00.000Z,0.80049,0.80274,0.80014,0.80242,9146
2026-01-15T14:00:00.000Z,0.80241,0.80406,0.80176,0.803,10853
2026-01-15T18:00:00.000Z,0.80299,0.80369,0.80247,0.80322,3463
2026-01-15T22:00:00.000Z,0.80301,0.80393,0.80248,0.80332,2869
2026-01-16T02:00:00.000Z,0.8033,0.80333,0.80211,0.8026,4511
2026-01-16T06:00:00.000Z,0.80262,0.80284,0.80178,0.80225,5042
2026-01-16T10:00:00.000Z,0.80224,0.80228,0.80106,0.80155,5923
2026-01-16T14:00:00.000Z,0.80154,0.80349,0.8006,0.80303,10368
2026-01-16T18:00:00.000Z,0.80304,0.80359,0.80286,0.80306,2947
2026-01-18T22:00:00.000Z,0.80091,0.80219,0.79796,0.79922,12020
2026-01-19T02:00:00.000Z,0.7992,0.79981,0.79806,0.79888,7810
2026-01-19T06:00:00.000Z,0.79887,0.80007,0.79785,0.79877,10424
2026-01-19T10:00:00.000Z,0.79878,0.79913,0.7974,0.79783,7988
2026-01-19T14:00:00.000Z,0.79783,0.79799,0.79624,0.79735,8376
2026-01-19T18:00:00.000Z,0.79736,0.79759,0.79696,0.79725,1714
2026-01-19T22:00:00.000Z,0.79709,0.79843,0.79672,0.79745,3195
2026-01-20T02:00:00.000Z,0.79744,0.79763,0.79583,0.79633,3904
2026-01-20T06:00:00.000Z,0.79635,0.79664,0.78956,0.79057,12125
2026-01-20T10:00:00.000Z,0.79055,0.79149,0.78784,0.79018,14098
2026-01-20T14:00:00.000Z,0.79017,0.79203,0.78859,0.78938,14504
2026-01-20T18:00:00.000Z,0.78939,0.7905,0.78907,0.78987,5085
2026-01-20T22:00:00.000Z,0.78874,0.79058,0.7884,0.78942,4354
2026-01-21T02:00:00.000Z,0.78944,0.79172,0.78929,0.79092,4098
2026-01-21T06:00:00.000Z,0.79091,0.79307,0.79042,0.79282,7806
2026-01-21T10:00:00.000Z,0.79283,0.7931,0.78902,0.79017,9631
2026-01-21T14:00:00.000Z,0.79019,0.79426,0.79,0.79334,15933
2026-01-21T18:00:00.000Z,0.79335,0.79686,0.79296,0.79549,7581
2026-01-21T22:00:00.000Z,0.7955,0.79652,0.79477,0.79552,4806
2026-01-22T02:00:00.000Z,0.79553,0.79572,0.79404,0.79467,3599
2026-01-22T06:00:00.000Z,0.79465,0.79527,0.79301,0.79326,7223
2026-01-22T10:00:00.000Z,0.79324,0.79414,0.79171,0.79247,9652
2026-01-22T14:00:00.000Z,0.79248,0.7925,0.7894,0.79,11239
2026-01-22T18:00:00.000Z,0.79001,0.79031,0.78898,0.78907,4065
2026-01-22T22:00:00.000Z,0.78952,0.79011,0.78867,0.78972,4047
2026-01-23T02:00:00.000Z,0.78973,0.79056,0.78966,0.79006,3951
2026-01-23T06:00:00.000Z,0.79007,0.79111,0.7894,0.79101,10643
2026-01-23T10:00:00.000Z,0.79103,0.79144,0.78976,0.79082,7154
2026-01-23T14:00:00.000Z,0.79081,0.79093,0.78552,0.78578,11932
2026-01-23T18:00:00.000Z,0.78579,0.78717,0.77884,0.78016,9784
2026-01-25T22:00:00.000Z,0.77485,0.77938,0.77409,0.77753,12619
2026-01-26T02:00:00.000Z,0.77754,0.77772,0.77609,0.77699,9961
2026-01-26T06:00:00.000Z,0.77698,0.77929,0.77528,0.77585,13360
2026-01-26T10:00:00.000Z,0.77584,0.77936,0.77561,0.7777,10616
2026-01-26T14:00:00.000Z,0.77769,0.77794,0.77306,0.77622,12958
2026-01-26T18:00:00.000Z,0.77621,0.77716,0.77521,0.77702,6647
2026-01-26T22:00:00.000Z,0.77678,0.77756,0.77497,0.77704,4261
2026-01-27T02:00:00.000Z,0.77704,0.77796,0.77526,0.77739,5475
2026-01-27T06:00:00.000Z,0.77738,0.77839,0.77556,0.77571,9272
2026-01-27T10:00:00.000Z,0.77572,0.77704,0.76971,0.77083,15731
2026-01-27T14:00:00.000Z,0.77081,0.77135,0.76599,0.76641,19839
2026-01-27T18:00:00.000Z,0.76636,0.76711,0.76046,0.76116,12675
2026-01-27T22:00:00.000Z,0.76116,0.76582,0.76061,0.7658,10752
2026-01-28T02:00:00.000Z,0.76581,0.76662,0.76511,0.76525,7466
2026-01-28T06:00:00.000Z,0.76526,0.76938,0.76285,0.76708,13699
2026-01-28T10:00:00.000Z,0.76707,0.76874,0.76625,0.76842,11639
2026-01-28T14:00:00.000Z,0.7684,0.772,0.76663,0.76949,19364
2026-01-28T18:00:00.000Z,0.76948,0.77274,0.76833,0.76833,12403
2026-01-28T22:00:00.000Z,0.7678,0.7686,0.76466,0.76729,9858
2026-01-29T02:00:00.000Z,0.76731,0.76799,0.76489,0.76574,8018
2026-01-29T06:00:00.000Z,0.76575,0.76804,0.76485,0.76784,11280
2026-01-29T10:00:00.000Z,0.76783,0.76864,0.76634,0.76749,12216
2026-01-29T14:00:00.000Z,0.76746,0.77059,0.76574,0.76652,24597
2026-01-29T18:00:00.000Z,0.76653,0.76714,0.76395,0.76435,8248
2026-01-29T22:00:00.000Z,0.76563,0.76854,0.76362,0.76834,14068
2026-01-30T02:00:00.000Z,0.76835,0.76999,0.76758,0.76858,12788
2026-01-30T06:00:00.000Z,0.7686,0.76999,0.76691,0.76967,14989
2026-01-30T10:00:00.000Z,0.76971,0.76989,0.76628,0.76894,14045
2026-01-30T14:00:00.000Z,0.76892,0.77228,0.76798,0.77183,19664
2026-01-30T18:00:00.000Z,0.77184,0.77318,0.7707,0.77293,12806
2026-02-01T22:00:00.000Z,0.772,0.77474,0.7717,0.77215,12657
2026-02-02T02:00:00.000Z,0.77212,0.77365,0.77142,0.77301,10796
2026-02-02T06:00:00.000Z,0.77299,0.77499,0.7724,0.77484,14834
2026-02-02T10:00:00.000Z,0.77485,0.77916,0.77405,0.77872,12968
2026-02-02T14:00:00.000Z,0.77873,0.78173,0.77839,0.77967,17449
2026-02-02T18:00:00.000Z,0.77965,0.78109,0.7793,0.77961,6479
2026-02-02T22:00:00.000Z,0.7792,0.78015,0.77813,0.77824,5629
2026-02-03T02:00:00.000Z,0.77825,0.77893,0.77762,0.77827,5557
2026-02-03T06:00:00.000Z,0.77828,0.77887,0.77667,0.77887,10198
2026-02-03T10:00:00.000Z,0.77884,0.77889,0.77667,0.77735,9474
2026-02-03T14:00:00.000Z,0.77732,0.77879,0.77385,0.77509,13553
2026-02-03T18:00:00.000Z,0.77508,0.77593,0.77442,0.77501,6720
2026-02-03T22:00:00.000Z,0.77484,0.77658,0.77436,0.77579,5267
2026-02-04T02:00:00.000Z,0.77581,0.77609,0.77457,0.77501,4364
2026-02-04T06:00:00.000Z,0.77504,0.77666,0.7748,0.77624,8109
2026-02-04T10:00:00.000Z,0.77624,0.77722,0.77486,0.77552,9297
2026-02-04T14:00:00.000Z,0.77556,0.77757,0.77515,0.77678,17230
2026-02-04T18:00:00.000Z,0.77679,0.77741,0.77634,0.77733,5755
2026-02-04T22:00:00.000Z,0.77642,0.77768,0.77591,0.77694,5599
2026-02-05T02:00:00.000Z,0.77693,0.77855,0.77691,0.77816,6057
2026-02-05T06:00:00.000Z,0.77815,0.77871,0.77687,0.77849,9486
2026-02-05T10:00:00.000Z,0.77851,0.77861,0.77418,0.77473,13398
2026-02-05T14:00:00.000Z,0.77474,0.77801,0.77453,0.77687,17155
2026-02-05T18:00:00.000Z,0.77686,0.77838,0.77673,0.77823,4842
2026-02-05T22:00:00.000Z,0.77776,0.77832,0.77702,0.77729,6184
2026-02-06T02:00:00.000Z,0.77727,0.77736,0.7763,0.7765,4107
2026-02-06T06:00:00.000Z,0.77651,0.77859,0.77612,0.77841,8005
2026-02-06T10:00:00.000Z,0.77842,0.77846,0.77692,0.777,8016
2026-02-06T14:00:00.000Z,0.77702,0.77713,0.77506,0.7754,11422
2026-02-06T18:00:00.000Z,0.77541,0.7759,0.77508,0.77573,2958
2026-02-08T22:00:00.000Z,0.77448,0.77715,0.77415,0.77553,7307
2026-02-09T02:00:00.000Z,0.77554,0.77648,0.77469,0.7749,3972
2026-02-09T06:00:00.000Z,0.77492,0.77494,0.77164,0.77244,10320
2026-02-09T10:00:00.000Z,0.77247,0.7729,0.76859,0.76885,11460
2026-02-09T14:00:00.000Z,0.76884,0.76889,0.76605,0.76743,12867
2026-02-09T18:00:00.000Z,0.76744,0.76746,0.76576,0.76614,4348
2026-02-09T22:00:00.000Z,0.76681,0.76772,0.76606,0.76692,4442
2026-02-10T02:00:00.000Z,0.76693,0.76747,0.76569,0.76719,4020
2026-02-10T06:00:00.000Z,0.7672,0.7676,0.7653,0.76561,7112
2026-02-10T10:00:00.000Z,0.76562,0.7673,0.76508,0.76521,9367
2026-02-10T14:00:00.000Z,0.76515,0.76792,0.7629,0.76761,13850
2026-02-10T18:00:00.000Z,0.76762,0.76877,0.76733,0.76781,3996
2026-02-10T22:00:00.000Z,0.76658,0.7688,0.76474,0.76798,5038
2026-02-11T02:00:00.000Z,0.76797,0.76799,0.76543,0.76549,4703
2026-02-11T06:00:00.000Z,0.76548,0.76694,0.76481,0.76571,8252
2026-02-11T10:00:00.000Z,0.76572,0.77299,0.76542,0.77073,13082
2026-02-11T14:00:00.000Z,0.77075,0.77303,0.76914,0.77007,19001
2026-02-11T18:00:00.000Z,0.77006,0.7718,0.76965,0.77165,5582
2026-02-11T22:00:00.000Z,0.7703,0.77154,0.76962,0.77034,4605
2026-02-12T02:00:00.000Z,0.77035,0.77182,0.76999,0.77138,5655
2026-02-12T06:00:00.000Z,0.77139,0.7725,0.76797,0.76801,9034
2026-02-12T10:00:00.000Z,0.768,0.77024,0.76667,0.76873,9343
2026-02-12T14:00:00.000Z,0.7687,0.7701,0.76719,0.76978,17646
2026-02-12T18:00:00.000Z,0.76977,0.77018,0.76905,0.76933,6256
2026-02-12T22:00:00.000Z,0.76741,0.76981,0.76741,0.76944,4741
2026-02-13T02:00:00.000Z,0.76943,0.77051,0.76921,0.7701,3814
2026-02-13T06:00:00.000Z,0.77011,0.77179,0.76917,0.76968,7898
2026-02-13T10:00:00.000Z,0.76969,0.77023,0.767,0.7683,10082
2026-02-13T14:00:00.000Z,0.76833,0.77034,0.76757,0.76783,12434
2026-02-13T18:00:00.000Z,0.76783,0.76858,0.76753,0.76756,3570
2026-02-15T22:00:00.000Z,0.76751,0.76886,0.76696,0.76833,4713
2026-02-16T02:00:00.000Z,0.76834,0.76883,0.76801,0.76858,3749
2026-02-16T06:00:00.000Z,0.76859,0.76954,0.76788,0.76954,5404
2026-02-16T10:00:00.000Z,0.76955,0.77043,0.76928,0.76976,4277
2026-02-16T14:00:00.000Z,0.76977,0.76987,0.76899,0.76965,3976
2026-02-16T18:00:00.000Z,0.76963,0.76963,0.76917,0.76952,755
2026-02-16T22:00:00.000Z,0.76903,0.77012,0.76811,0.76969,4883
2026-02-17T02:00:00.000Z,0.76968,0.76989,0.76909,0.76918,4922
2026-02-17T06:00:00.000Z,0.76915,0.77068,0.76876,0.76918,6620
2026-02-17T10:00:00.000Z,0.76921,0.77175,0.76883,0.77123,8062
2026-02-17T14:00:00.000Z,0.77122,0.77399,0.77086,0.7711,12302
2026-02-17T18:00:00.000Z,0.77109,0.77117,0.76996,0.76998,3792
2026-02-17T22:00:00.000Z,0.77078,0.77095,0.76941,0.77034,5080
2026-02-18T02:00:00.000Z,0.77035,0.77123,0.77035,0.7708,3542
2026-02-18T06:00:00.000Z,0.77079,0.77215,0.77055,0.77147,5738
2026-02-18T10:00:00.000Z,0.77146,0.77204,0.76998,0.77163,6406
2026-02-18T14:00:00.000Z,0.77161,0.77295,0.7709,0.77264,9078
2026-02-18T18:00:00.000Z,0.77265,0.77321,0.77231,0.77289,4743
2026-02-18T22:00:00.000Z,0.7687,0.77295,0.7687,0.77215,4085
2026-02-19T02:00:00.000Z,0.77215,0.77337,0.77207,0.77293,4310
2026-02-19T06:00:00.000Z,0.77294,0.77315,0.77201,0.77315,5990
2026-02-19T10:00:00.000Z,0.77316,0.77594,0.77286,0.77464,7260
2026-02-19T14:00:00.000Z,0.77463,0.77627,0.77437,0.77551,12278
2026-02-19T18:00:00.000Z,0.77548,0.77618,0.77463,0.77476,3776
2026-02-19T22:00:00.000Z,0.77497,0.77598,0.77443,0.77577,4798
2026-02-20T02:00:00.000Z,0.77576,0.7762,0.77552,0.77577,4277
2026-02-20T06:00:00.000Z,0.77574,0.77686,0.77499,0.77539,7678
2026-02-20T10:00:00.000Z,0.77536,0.77705,0.77462,0.7762,8278
2026-02-20T14:00:00.000Z,0.77622,0.77721,0.77305,0.77527,18083
2026-02-20T18:00:00.000Z,0.77528,0.77578,0.77394,0.77509,7011
2026-02-22T22:00:00.000Z,0.77354,0.77451,0.77119,0.7717,8674
2026-02-23T02:00:00.000Z,0.77169,0.77289,0.77102,0.77258,5532
2026-02-23T06:00:00.000Z,0.77257,0.77442,0.77158,0.77429,7529
2026-02-23T10:00:00.000Z,0.77428,0.77681,0.77419,0.77502,7671
2026-02-23T14:00:00.000Z,0.775,0.77517,0.77314,0.77383,10839
2026-02-23T18:00:00.000Z,0.77384,0.7746,0.77368,0.77451,3172
2026-02-23T22:00:00.000Z,0.77429,0.77608,0.77372,0.77549,5835
2026-02-24T02:00:00.000Z,0.77549,0.77658,0.77507,0.77547,5538
2026-02-24T06:00:00.000Z,0.77546,0.77655,0.77364,0.77389,9003
2026-02-24T10:00:00.000Z,0.7739,0.7749,0.77315,0.77479,7897
2026-02-24T14:00:00.000Z,0.77481,0.77509,0.77321,0.77338,9806
2026-02-24T18:00:00.000Z,0.77339,0.77417,0.77303,0.77407,3530
2026-02-24T22:00:00.000Z,0.77438,0.77439,0.77313,0.77349,4643
2026-02-25T02:00:00.000Z,0.7735,0.77353,0.77191,0.7722,7444
2026-02-25T06:00:00.000Z,0.7722,0.77427,0.77211,0.77409,7198
2026-02-25T10:00:00.000Z,0.77408,0.77575,0.77404,0.77497,7064
2026-02-25T14:00:00.000Z,0.77496,0.77511,0.77186,0.77247,9485
2026-02-25T18:00:00.000Z,0.77248,0.77319,0.77222,0.77283,3082
2026-02-25T22:00:00.000Z,0.77018,0.77268,0.77018,0.77114,7476
2026-02-26T02:00:00.000Z,0.77115,0.77251,0.77104,0.77199,5582
2026-02-26T06:00:00.000Z,0.77199,0.77421,0.77164,0.77394,6844
2026-02-26T10:00:00.000Z,0.77395,0.77538,0.77356,0.7741,6725
2026-02-26T14:00:00.000Z,0.77409,0.77518,0.77316,0.77503,11597
2026-02-26T18:00:00.000Z,0.77502,0.77514,0.77364,0.77398,4446
2026-02-26T22:00:00.000Z,0.77406,0.77462,0.77293,0.77388,6177
2026-02-27T02:00:00.000Z,0.77387,0.77389,0.77244,0.77293,5056
2026-02-27T06:00:00.000Z,0.77296,0.77373,0.77221,0.77293,8919
2026-02-27T10:00:00.000Z,0.77291,0.77297,0.76989,0.77054,9285
2026-02-27T14:00:00.000Z,0.77053,0.77056,0.76715,0.76882,13190
2026-02-27T18:00:00.000Z,0.76881,0.76962,0.76771,0.7695,3557
2026-03-01T22:00:00.000Z,0.76714,0.76998,0.76699,0.76842,10753
2026-03-02T02:00:00.000Z,0.76844,0.7692,0.76784,0.76884,7777
2026-03-02T06:00:00.000Z,0.76883,0.77423,0.76878,0.77213,14956
2026-03-02T10:00:00.000Z,0.77217,0.77954,0.77108,0.77826,13808
2026-03-02T14:00:00.000Z,0.77827,0.78135,0.77734,0.77832,16936
2026-03-02T18:00:00.000Z,0.7783,0.78023,0.77787,0.77939,7768
2026-03-02T22:00:00.000Z,0.77873,0.77983,0.7778,0.77913,7699
2026-03-03T02:00:00.000Z,0.77914,0.78136,0.77914,0.78136,8819
2026-03-03T06:00:00.000Z,0.78134,0.78612,0.78091,0.78586,16127
2026-03-03T10:00:00.000Z,0.78585,0.78785,0.78401,0.78533,18107
2026-03-03T14:00:00.000Z,0.78534,0.78696,0.78175,0.78289,24662
2026-03-03T18:00:00.000Z,0.78289,0.783,0.78087,0.78177,10622
2026-03-03T22:00:00.000Z,0.78368,0.78368,0.7809,0.78217,9845
2026-03-04T02:00:00.000Z,0.78216,0.78233,0.78031,0.78185,10119
2026-03-04T06:00:00.000Z,0.78186,0.7835,0.77905,0.78344,13882
2026-03-04T10:00:00.000Z,0.78343,0.78346,0.77931,0.78065,16806
2026-03-04T14:00:00.000Z,0.78077,0.78194,0.77911,0.77983,17555
2026-03-04T18:00:00.000Z,0.77984,0.78038,0.7787,0.77906,6202
2026-03-04T22:00:00.000Z,0.77982,0.78034,0.77822,0.77931,7016
2026-03-05T02:00:00.000Z,0.77932,0.78155,0.77915,0.7815,8388
2026-03-05T06:00:00.000Z,0.78146,0.78187,0.77852,0.77897,16274
2026-03-05T10:00:00.000Z,0.77896,0.78208,0.7785,0.78141,12879
2026-03-05T14:00:00.000Z,0.78144,0.78333,0.77978,0.78242,19873
2026-03-05T18:00:00.000Z,0.78243,0.78375,0.78055,0.78093,12386
2026-03-05T22:00:00.000Z,0.78091,0.78125,0.78022,0.78054,6502
2026-03-06T02:00:00.000Z,0.78055,0.78108,0.78007,0.78105,6176
2026-03-06T06:00:00.000Z,0.78106,0.78214,0.77943,0.78204,10528
2026-03-06T10:00:00.000Z,0.78205,0.78274,0.77908,0.78176,15917
2026-03-06T14:00:00.000Z,0.78177,0.78247,0.77677,0.77752,23152
2026-03-06T18:00:00.000Z,0.77751,0.77769,0.77594,0.77599,11306
2026-03-08T21:00:00.000Z,0.77924,0.78195,0.77702,0.78174,11480
2026-03-09T01:00:00.000Z,0.78174,0.78254,0.78048,0.78067,12374
2026-03-09T05:00:00.000Z,0.78066,0.78086,0.77774,0.78037,19575
2026-03-09T09:00:00.000Z,0.78036,0.7805,0.77826,0.77961,18039
2026-03-09T13:00:00.000Z,0.77953,0.78075,0.77794,0.77895,20803
2026-03-09T17:00:00.000Z,0.77893,0.78035,0.77693,0.77743,12842
2026-03-09T21:00:00.000Z,0.77734,0.77811,0.77657,0.77715,7137
2026-03-10T01:00:00.000Z,0.77717,0.77829,0.77693,0.77799,9626
2026-03-10T05:00:00.000Z,0.778,0.77801,0.77535,0.7762,11714
2026-03-10T09:00:00.000Z,0.77625,0.77745,0.77507,0.77585,14009
2026-03-10T13:00:00.000Z,0.77586,0.77664,0.7748,0.77565,15408
2026-03-10T17:00:00.000Z,0.77566,0.77921,0.77541,0.77853,13016
2026-03-10T21:00:00.000Z,0.77706,0.77886,0.77656,0.7785,5264
2026-03-11T01:00:00.000Z,0.77851,0.77883,0.77691,0.777,6700
2026-03-11T05:00:00.000Z,0.77699,0.77874,0.77659,0.77771,9997
2026-03-11T09:00:00.000Z,0.77768,0.77976,0.77652,0.77937,13800
2026-03-11T13:00:00.000Z,0.77938,0.78083,0.77785,0.77969,17221
2026-03-11T17:00:00.000Z,0.77968,0.78055,0.77936,0.78054,7741
2026-03-11T21:00:00.000Z,0.77924,0.78207,0.77835,0.78124,6335
2026-03-12T01:00:00.000Z,0.78119,0.78233,0.78068,0.78217,7258
2026-03-12T05:00:00.000Z,0.78218,0.78277,0.7812,0.78202,9879
2026-03-12T09:00:00.000Z,0.78201,0.7824,0.78011,0.78207,10202
2026-03-12T13:00:00.000Z,0.78205,0.78506,0.78154,0.78445,17074
2026-03-12T17:00:00.000Z,0.78445,0.78633,0.78363,0.78589,6619
2026-03-12T21:00:00.000Z,0.785,0.78625,0.78468,0.78508,5182
2026-03-13T01:00:00.000Z,0.78507,0.78729,0.78483,0.78678,6416
2026-03-13T05:00:00.000Z,0.78677,0.78948,0.78652,0.78856,9818
2026-03-13T09:00:00.000Z,0.7885,0.78876,0.78613,0.78703,12785
2026-03-13T13:00:00.000Z,0.78701,0.78992,0.78611,0.78974,14616
2026-03-13T17:00:00.000Z,0.78971,0.79167,0.78922,0.79141,6121
2026-03-15T21:00:00.000Z,0.78923,0.79114,0.78642,0.78903,6929
2026-03-16T01:00:00.000Z,0.78904,0.79035,0.78882,0.79035,6761
2026-03-16T05:00:00.000Z,0.79034,0.79228,0.78925,0.78949,8936
2026-03-16T09:00:00.000Z,0.7895,0.78975,0.78698,0.78779,9760
2026-03-16T13:00:00.000Z,0.78772,0.78928,0.78661,0.7879,11036
2026-03-16T17:00:00.000Z,0.78787,0.78841,0.7865,0.78759,6425
2026-03-16T21:00:00.000Z,0.7869,0.7887,0.78682,0.78838,3794
2026-03-17T01:00:00.000Z,0.78838,0.78907,0.78792,0.78818,5167
2026-03-17T05:00:00.000Z,0.78817,0.79002,0.78657,0.78696,7698
2026-03-17T09:00:00.000Z,0.78697,0.78764,0.78608,0.78659,8507
2026-03-17T13:00:00.000Z,0.78658,0.78688,0.78479,0.78499,11517
2026-03-17T17:00:00.000Z,0.785,0.78533,0.78435,0.78473,3409
2026-03-17T21:00:00.000Z,0.78466,0.78537,0.78413,0.78524,4440
2026-03-18T01:00:00.000Z,0.78523,0.78573,0.78486,0.78526,4290
2026-03-18T05:00:00.000Z,0.78526,0.7875,0.78502,0.78619,6295
2026-03-18T09:00:00.000Z,0.7862,0.78814,0.78543,0.78814,10398
2026-03-18T13:00:00.000Z,0.78811,0.78961,0.78734,0.78944,13833
2026-03-18T17:00:00.000Z,0.78946,0.79359,0.78876,0.79335,10369
2026-03-18T21:00:00.000Z,0.79293,0.79324,0.79182,0.79199,5271
2026-03-19T01:00:00.000Z,0.79198,0.79274,0.79092,0.79261,6933
2026-03-19T05:00:00.000Z,0.79261,0.79381,0.79128,0.79251,12206
2026-03-19T09:00:00.000Z,0.79248,0.79579,0.79179,0.79385,16910
2026-03-19T13:00:00.000Z,0.79389,0.79434,0.79022,0.79186,23505
2026-03-19T17:00:00.000Z,0.79187,0.79187,0.78574,0.7882,12659
2026-03-19T21:00:00.000Z,0.78822,0.78906,0.7874,0.78864,5096
2026-03-20T01:00:00.000Z,0.78862,0.7894,0.78804,0.78932,5624
2026-03-20T05:00:00.000Z,0.78933,0.79006,0.78812,0.78876,7877
2026-03-20T09:00:00.000Z,0.78878,0.78925,0.78552,0.78638,13220
2026-03-20T13:00:00.000Z,0.78634,0.79055,0.78616,0.78807,17585
2026-03-20T17:00:00.000Z,0.78805,0.78899,0.7874,0.78786,9193
2026-03-22T21:00:00.000Z,0.7879,0.78933,0.78659,0.78896,7328
2026-03-23T01:00:00.000Z,0.78895,0.78954,0.78774,0.78898,7774
2026-03-23T05:00:00.000Z,0.789,0.79111,0.78841,0.7911,12880
2026-03-23T09:00:00.000Z,0.79105,0.79396,0.78522,0.78548,27844
2026-03-23T13:00:00.000Z,0.78547,0.78827,0.78344,0.78745,30829
2026-03-23T17:00:00.000Z,0.78744,0.78783,0.78441,0.78649,11207
2026-03-23T21:00:00.000Z,0.78602,0.78847,0.78519,0.7882,5878
2026-03-24T01:00:00.000Z,0.78816,0.78896,0.78756,0.78869,8889
2026-03-24T05:00:00.000Z,0.7887,0.78889,0.78597,0.78713,13706
2026-03-24T09:00:00.000Z,0.78714,0.78973,0.78642,0.78922,13605
2026-03-24T13:00:00.000Z,0.78923,0.79168,0.78883,0.79113,19578
2026-03-24T17:00:00.000Z,0.79114,0.79245,0.78708,0.78805,13698
2026-03-24T21:00:00.000Z,0.7879,0.78846,0.78699,0.78747,5456
2026-03-25T01:00:00.000Z,0.78749,0.78968,0.78721,0.78944,6493
2026-03-25T05:00:00.000Z,0.78945,0.79091,0.78835,0.78921,9957
2026-03-25T09:00:00.000Z,0.78922,0.7906,0.78821,0.78964,12708
2026-03-25T13:00:00.000Z,0.7896,0.79243,0.78916,0.7917,16411
2026-03-25T17:00:00.000Z,0.79171,0.79211,0.79061,0.79181,5566
2026-03-25T21:00:00.000Z,0.7918,0.79222,0.7913,0.79186,3093
2026-03-26T01:00:00.000Z,0.79187,0.79237,0.79137,0.7916,3675
2026-03-26T05:00:00.000Z,0.79159,0.79295,0.79142,0.79155,7779
2026-03-26T09:00:00.000Z,0.79156,0.79368,0.79132,0.79306,9172
2026-03-26T13:00:00.000Z,0.79306,0.79459,0.7924,0.79438,14463
2026-03-26T17:00:00.000Z,0.79438,0.79589,0.79312,0.79495,6945
2026-03-26T21:00:00.000Z,0.79497,0.79561,0.7935,0.79507,4865
2026-03-27T01:00:00.000Z,0.79506,0.79567,0.79452,0.79529,5241
2026-03-27T05:00:00.000Z,0.79528,0.79692,0.79483,0.79654,8690
2026-03-27T09:00:00.000Z,0.79654,0.79799,0.79631,0.797,9518
2026-03-27T13:00:00.000Z,0.79699,0.79793,0.79526,0.79681,14383
2026-03-27T17:00:00.000Z,0.79682,0.79933,0.79634,0.79888,6885
2026-03-29T21:00:00.000Z,0.79559,0.80007,0.79498,0.79863,6467
2026-03-30T01:00:00.000Z,0.79862,0.7991,0.7982,0.79863,6068
2026-03-30T05:00:00.000Z,0.79867,0.80015,0.79791,0.8001,7356
2026-03-30T09:00:00.000Z,0.80009,0.80057,0.79843,0.79984,9156
2026-03-30T13:00:00.000Z,0.79983,0.80127,0.79912,0.80011,13440
2026-03-30T17:00:00.000Z,0.80012,0.8006,0.79945,0.79958,5830
2026-03-30T21:00:00.000Z,0.79721,0.80022,0.79721,0.79883,5023
2026-03-31T01:00:00.000Z,0.79884,0.7991,0.7979,0.79868,6169
2026-03-31T05:00:00.000Z,0.79867,0.80021,0.79849,0.79991,7412
2026-03-31T09:00:00.000Z,0.7999,0.80112,0.7992,0.80018,10675
2026-03-31T13:00:00.000Z,0.80022,0.80422,0.79913,0.8011,19434
2026-03-31T17:00:00.000Z,0.80108,0.80111,0.79896,0.79923,11467
2026-03-31T21:00:00.000Z,0.80039,0.80064,0.79676,0.7968,4722
2026-04-01T01:00:00.000Z,0.79683,0.79844,0.79673,0.79762,6419
2026-04-01T05:00:00.000Z,0.7976,0.79764,0.79277,0.79361,13161
2026-04-01T09:00:00.000Z,0.79362,0.79415,0.79049,0.79198,12488
2026-04-01T13:00:00.000Z,0.79197,0.79431,0.79112,0.7922,15908
2026-04-01T17:00:00.000Z,0.79221,0.79499,0.79176,0.79421,5733
2026-04-01T21:00:00.000Z,0.79468,0.79497,0.79293,0.79312,4065
2026-04-02T01:00:00.000Z,0.79313,0.79881,0.79278,0.79851,13417
2026-04-02T05:00:00.000Z,0.7985,0.8003,0.79827,0.79957,10254
2026-04-02T09:00:00.000Z,0.79955,0.80086,0.79882,0.7991,9355
2026-04-02T13:00:00.000Z,0.79905,0.80047,0.79773,0.79869,17622
2026-04-02T17:00:00.000Z,0.7987,0.79918,0.79797,0.79855,5860
2026-04-02T21:00:00.000Z,0.79815,0.79898,0.79706,0.79876,2215
2026-04-03T01:00:00.000Z,0.79875,0.79909,0.79862,0.79876,1530
2026-04-03T05:00:00.000Z,0.79876,0.79889,0.79768,0.79798,2226
2026-04-03T09:00:00.000Z,0.79799,0.80066,0.79788,0.7993,3938
2026-04-03T13:00:00.000Z,0.7993,0.80082,0.79829,0.80077,10980
2026-04-03T17:00:00.000Z,0.80079,0.80119,0.798,0.79923,8097
2026-04-05T21:00:00.000Z,0.79943,0.80125,0.79856,0.80122,4785
2026-04-06T01:00:00.000Z,0.80121,0.80182,0.80039,0.80052,5982
2026-04-06T05:00:00.000Z,0.80051,0.8007,0.79671,0.79737,7720
2026-04-06T09:00:00.000Z,0.79736,0.79867,0.79705,0.79713,8005
2026-04-06T13:00:00.000Z,0.7971,0.79855,0.79612,0.79803,11801
2026-04-06T17:00:00.000Z,0.79801,0.79879,0.79749,0.79806,5430
2026-04-06T21:00:00.000Z,0.79765,0.79895,0.79695,0.79892,3596
2026-04-07T01:00:00.000Z,0.79891,0.80011,0.79857,0.79862,5567
2026-04-07T05:00:00.000Z,0.79861,0.79994,0.7979,0.79803,9132
2026-04-07T09:00:00.000Z,0.79804,0.80003,0.79786,0.79965,11456
2026-04-07T13:00:00.000Z,0.79964,0.80109,0.79881,0.79933,13905
2026-04-07T17:00:00.000Z,0.79932,0.79963,0.79729,0.79757,9954
2026-04-07T21:00:00.000Z,0.79823,0.79823,0.78969,0.79127,16846
2026-04-08T01:00:00.000Z,0.79128,0.79132,0.78928,0.78953,10389
2026-04-08T05:00:00.000Z,0.78949,0.78979,0.78719,0.78882,13401
2026-04-08T09:00:00.000Z,0.7888,0.78937,0.78714,0.78747,11777
2026-04-08T13:00:00.000Z,0.78746,0.79044,0.78693,0.78999,16599
2026-04-08T17:00:00.000Z,0.79,0.79263,0.78978,0.79135,9195
2026-04-08T21:00:00.000Z,0.79115,0.79197,0.79019,0.79182,4558
2026-04-09T01:00:00.000Z,0.79181,0.79214,0.79054,0.79112,6448
2026-04-09T05:00:00.000Z,0.79111,0.79219,0.79061,0.79103,7532
2026-04-09T09:00:00.000Z,0.79105,0.7917,0.79016,0.79049,7432
2026-04-09T13:00:00.000Z,0.79045,0.79119,0.788,0.78848,14019
2026-04-09T17:00:00.000Z,0.78847,0.79062,0.7879,0.79041,8636
2026-04-09T21:00:00.000Z,0.78918,0.79139,0.78875,0.79118,4296
2026-04-10T01:00:00.000Z,0.79117,0.79132,0.79011,0.79035,5199
2026-04-10T05:00:00.000Z,0.79036,0.79068,0.78946,0.79018,6168
2026-04-10T09:00:00.000Z,0.79013,0.79059,0.78716,0.78824,9410
2026-04-10T13:00:00.000Z,0.78827,0.79004,0.78545,0.78944,14780
2026-04-10T17:00:00.000Z,0.78943,0.78986,0.78846,0.78904,7081
2026-04-12T21:00:00.000Z,0.78965,0.79341,0.78935,0.79248,7855
2026-04-13T01:00:00.000Z,0.79246,0.7927,0.79166,0.79205,6234
2026-04-13T05:00:00.000Z,0.79205,0.79227,0.78974,0.79038,7740
2026-04-13T09:00:00.000Z,0.79037,0.79117,0.78923,0.7896,6983
2026-04-13T13:00:00.000Z,0.78959,0.78993,0.78569,0.78584,13641
2026-04-13T17:00:00.000Z,0.78585,0.78589,0.783,0.78381,7991
2026-04-13T21:00:00.000Z,0.78318,0.78371,0.78288,0.78301,4404
2026-04-14T01:00:00.000Z,0.78302,0.78382,0.78288,0.78311,5540
2026-04-14T05:00:00.000Z,0.78313,0.78367,0.78012,0.78058,9788
2026-04-14T09:00:00.000Z,0.78057,0.78098,0.77947,0.77991,9995
2026-04-14T13:00:00.000Z,0.77992,0.78122,0.77902,0.78112,13833
2026-04-14T17:00:00.000Z,0.78113,0.78138,0.78057,0.7809,6117
2026-04-14T21:00:00.000Z,0.78065,0.78161,0.78008,0.781,4514
2026-04-15T01:00:00.000Z,0.78102,0.78199,0.78069,0.78125,6063
2026-04-15T05:00:00.000Z,0.78126,0.78145,0.77984,0.78082,8096
2026-04-15T09:00:00.000Z,0.78082,0.78314,0.78067,0.78238,10588
2026-04-15T13:00:00.000Z,0.78239,0.78239,0.78064,0.78168,12139
2026-04-15T17:00:00.000Z,0.78169,0.78237,0.78135,0.78188,6438
2026-04-15T21:00:00.000Z,0.78189,0.78255,0.781,0.781,5062
2026-04-16T01:00:00.000Z,0.78101,0.78162,0.77985,0.7808,7616
2026-04-16T05:00:00.000Z,0.78079,0.78303,0.7806,0.78238,8781
2026-04-16T09:00:00.000Z,0.78237,0.78435,0.78231,0.78349,8333
2026-04-16T13:00:00.000Z,0.7835,0.78428,0.7826,0.78402,13698
2026-04-16T17:00:00.000Z,0.78402,0.78456,0.7829,0.78338,7618
2026-04-16T21:00:00.000Z,0.7833,0.78349,0.78256,0.78323,3377
2026-04-17T01:00:00.000Z,0.78322,0.78384,0.78314,0.78329,5295
2026-04-17T05:00:00.000Z,0.7833,0.78402,0.78218,0.7822,7344
2026-04-17T09:00:00.000Z,0.78217,0.78271,0.77918,0.77921,9494
2026-04-17T13:00:00.000Z,0.77918,0.77986,0.77752,0.77941,21753
2026-04-17T17:00:00.000Z,0.77943,0.78184,0.77938,0.78178,10164
2026-04-19T21:00:00.000Z,0.78027,0.78393,0.78027,0.78262,7347
2026-04-20T01:00:00.000Z,0.78263,0.78308,0.78205,0.78246,7988
2026-04-20T05:00:00.000Z,0.78247,0.78351,0.78131,0.78199,11526
2026-04-20T09:00:00.000Z,0.78198,0.78199,0.7806,0.78093,9407
2026-04-20T13:00:00.000Z,0.7809,0.78118,0.77758,0.7782,16092
2026-04-20T17:00:00.000Z,0.77821,0.77885,0.77795,0.7783,6857
2026-04-20T21:00:00.000Z,0.77815,0.77933,0.77784,0.77861,5037
2026-04-21T01:00:00.000Z,0.7786,0.77946,0.77837,0.77929,5348
2026-04-21T05:00:00.000Z,0.7793,0.78071,0.77847,0.78033,9272
2026-04-21T09:00:00.000Z,0.78036,0.78059,0.77915,0.78012,8470
2026-04-21T13:00:00.000Z,0.7801,0.78098,0.77827,0.78082,13654
2026-04-21T17:00:00.000Z,0.78083,0.78259,0.77959,0.78079,16282
2026-04-21T21:00:00.000Z,0.78028,0.78116,0.77974,0.78058,4878
2026-04-22T01:00:00.000Z,0.78059,0.78097,0.78026,0.78076,7614
2026-04-22T05:00:00.000Z,0.78075,0.78076,0.77919,0.78004,9589
2026-04-22T09:00:00.000Z,0.78003,0.78319,0.7798,0.78304,9596
2026-04-22T13:00:00.000Z,0.78305,0.78392,0.78172,0.7839,13790
2026-04-22T17:00:00.000Z,0.78389,0.78497,0.78341,0.78489,6583
2026-04-22T21:00:00.000Z,0.78403,0.78587,0.78283,0.78429,6278
2026-04-23T01:00:00.000Z,0.78426,0.78579,0.78413,0.78551,8809
2026-04-23T05:00:00.000Z,0.78551,0.78554,0.78403,0.78411,8743
2026-04-23T09:00:00.000Z,0.78415,0.78588,0.78407,0.78545,10743
2026-04-23T13:00:00.000Z,0.78544,0.78636,0.78317,0.78462,13754
2026-04-23T17:00:00.000Z,0.78462,0.78735,0.7846,0.78642,15133
2026-04-23T21:00:00.000Z,0.78435,0.78657,0.78435,0.78628,4484
2026-04-24T01:00:00.000Z,0.78625,0.78731,0.78604,0.78702,7567
2026-04-24T05:00:00.000Z,0.787,0.78764,0.78576,0.78611,7545
2026-04-24T09:00:00.000Z,0.7861,0.78712,0.78492,0.78613,10615
2026-04-24T13:00:00.000Z,0.78612,0.78744,0.78457,0.78487,13886
2026-04-24T17:00:00.000Z,0.78488,0.78556,0.78452,0.78465,5969
2026-04-26T21:00:00.000Z,0.78621,0.78655,0.78459,0.78571,4966
2026-04-27T01:00:00.000Z,0.78572,0.78572,0.78436,0.78476,8216
2026-04-27T05:00:00.000Z,0.78477,0.78567,0.78337,0.78355,8182
2026-04-27T09:00:00.000Z,0.78354,0.78497,0.78343,0.78446,7490
2026-04-27T13:00:00.000Z,0.78445,0.78537,0.78308,0.78535,10837
2026-04-27T17:00:00.000Z,0.78536,0.786,0.78511,0.78558,4945
2026-04-27T21:00:00.000Z,0.78468,0.78586,0.78374,0.78584,4718
2026-04-28T01:00:00.000Z,0.78585,0.78689,0.78583,0.78687,8601
2026-04-28T05:00:00.000Z,0.78686,0.78971,0.78682,0.78888,10657
2026-04-28T09:00:00.000Z,0.78889,0.7911,0.78864,0.7896,11245
2026-04-28T13:00:00.000Z,0.78962,0.79088,0.78868,0.78919,15859
2026-04-28T17:00:00.000Z,0.78918,0.78984,0.78895,0.78912,5533
2026-04-28T21:00:00.000Z,0.78969,0.78969,0.7883,0.78896,3738
2026-04-29T01:00:00.000Z,0.78897,0.78972,0.78829,0.78901,9169
2026-04-29T05:00:00.000Z,0.78902,0.78974,0.78872,0.78961,9646
2026-04-29T09:00:00.000Z,0.78962,0.79034,0.78872,0.79011,8587
2026-04-29T13:00:00.000Z,0.79012,0.79159,0.7894,0.7906,15199
2026-04-29T17:00:00.000Z,0.79059,0.79247,0.78967,0.79158,13000
2026-04-29T21:00:00.000Z,0.78974,0.7917,0.78958,0.79083,7507
2026-04-30T01:00:00.000Z,0.79084,0.7923,0.79055,0.79196,10872
2026-04-30T05:00:00.000Z,0.79195,0.79203,0.78867,0.78957,12750
2026-04-30T09:00:00.000Z,0.78963,0.78963,0.78337,0.78394,23913
2026-04-30T13:00:00.000Z,0.78393,0.78528,0.7808,0.78249,23822
2026-04-30T17:00:00.000Z,0.78248,0.78264,0.78055,0.78131,9097
2026-04-30T21:00:00.000Z,0.78171,0.78229,0.78035,0.7816,5170
2026-05-01T01:00:00.000Z,0.78161,0.78226,0.78111,0.78216,6729
2026-05-01T05:00:00.000Z,0.78217,0.78303,0.7796,0.78088,12426
2026-05-01T09:00:00.000Z,0.78087,0.78188,0.77885,0.78018,11605
2026-05-01T13:00:00.000Z,0.78022,0.78145,0.77789,0.78054,17902
2026-05-01T17:00:00.000Z,0.78056,0.78183,0.78035,0.78157,6777
2026-05-03T21:00:00.000Z,0.77965,0.78175,0.7782,0.78092,4625
2026-05-04T01:00:00.000Z,0.78091,0.78182,0.77995,0.78092,9892
2026-05-04T05:00:00.000Z,0.78093,0.78334,0.78044,0.78248,9971
2026-05-04T09:00:00.000Z,0.78247,0.78469,0.78207,0.78319,14350
2026-05-04T13:00:00.000Z,0.78323,0.78476,0.782,0.78467,18988
2026-05-04T17:00:00.000Z,0.78466,0.78474,0.78305,0.78393,8169
2026-05-04T21:00:00.000Z,0.78306,0.78456,0.78306,0.78439,3160
2026-05-05T01:00:00.000Z,0.78438,0.78473,0.78382,0.78469,5324
2026-05-05T05:00:00.000Z,0.7847,0.7848,0.78282,0.78345,9481
2026-05-05T09:00:00.000Z,0.78346,0.78424,0.78244,0.78364,10060
2026-05-05T13:00:00.000Z,0.78366,0.78367,0.7813,0.78289,14257
2026-05-05T17:00:00.000Z,0.78288,0.78317,0.78241,0.78301,5199
2026-05-05T21:00:00.000Z,0.78243,0.7833,0.78081,0.78128,6490
2026-05-06T01:00:00.000Z,0.78129,0.78191,0.77884,0.77955,11719
2026-05-06T05:00:00.000Z,0.77957,0.78199,0.77818,0.77882,12722
2026-05-06T09:00:00.000Z,0.77884,0.77995,0.77711,0.7793,17156
2026-05-06T13:00:00.000Z,0.7793,0.7804,0.77861,0.77974,16114
2026-05-06T17:00:00.000Z,0.77975,0.77982,0.77827,0.7787,5976
2026-05-06T21:00:00.000Z,0.77733,0.77931,0.77733,0.77904,5084
2026-05-07T01:00:00.000Z,0.77905,0.77927,0.77781,0.77897,7357
2026-05-07T05:00:00.000Z,0.77899,0.77928,0.77724,0.77754,11031
2026-05-07T09:00:00.000Z,0.77755,0.77831,0.77692,0.77728,10673
2026-05-07T13:00:00.000Z,0.77728,0.77834,0.77658,0.77828,14807
2026-05-07T17:00:00.000Z,0.77827,0.78055,0.77825,0.78031,11650
2026-05-07T21:00:00.000Z,0.78006,0.78085,0.77839,0.7805,6234
2026-05-08T01:00:00.000Z,0.78049,0.7809,0.77986,0.77986,6683
2026-05-08T05:00:00.000Z,0.77985,0.7801,0.77781,0.77818,8705
2026-05-08T09:00:00.000Z,0.77814,0.77878,0.7771,0.7776,10023
2026-05-08T13:00:00.000Z,0.77764,0.7782,0.77653,0.77719,13662
2026-05-08T17:00:00.000Z,0.7772,0.77728,0.77614,0.77621,5684
2026-05-10T21:00:00.000Z,0.77713,0.77824,0.77612,0.77784,4146
2026-05-11T01:00:00.000Z,0.77785,0.77944,0.77778,0.77941,5701
2026-05-11T05:00:00.000Z,0.77942,0.77952,0.77753,0.77844,7985
2026-05-11T09:00:00.000Z,0.77846,0.77904,0.77801,0.77817,8459
2026-05-11T13:00:00.000Z,0.77818,0.77825,0.77681,0.77783,11759
2026-05-11T17:00:00.000Z,0.77782,0.77845,0.77755,0.77797,5038
2026-05-11T21:00:00.000Z,0.77755,0.77898,0.77615,0.77896,3504
2026-05-12T01:00:00.000Z,0.77899,0.77997,0.77881,0.77973,6737
2026-05-12T05:00:00.000Z,0.77974,0.7809,0.77865,0.78062,11097
2026-05-12T09:00:00.000Z,0.78064,0.7815,0.78001,0.78036,11296
2026-05-12T13:00:00.000Z,0.78039,0.78233,0.78029,0.78198,15164
2026-05-12T17:00:00.000Z,0.78197,0.78202,0.78025,0.78048,6587
2026-05-12T21:00:00.000Z,0.7803,0.78078,0.77996,0.78015,3921
2026-05-13T01:00:00.000Z,0.78014,0.78069,0.78002,0.78052,4833
2026-05-13T05:00:00.000Z,0.78053,0.78245,0.78019,0.78218,6877
2026-05-13T09:00:00.000Z,0.78219,0.78299,0.78116,0.78267,9770
2026-05-13T13:00:00.000Z,0.78266,0.78309,0.78165,0.78244,12032
2026-05-13T17:00:00.000Z,0.78245,0.78248,0.78158,0.78161,5124
2026-05-13T21:00:00.000Z,0.78164,0.78174,0.78114,0.78146,3300
2026-05-14T01:00:00.000Z,0.78143,0.78193,0.78129,0.78177,5889
2026-05-14T05:00:00.000Z,0.78176,0.7825,0.78077,0.78195,8858
2026-05-14T09:00:00.000Z,0.78194,0.78215,0.78132,0.78204,9326
2026-05-14T13:00:00.000Z,0.78203,0.78356,0.78178,0.7832,14118
2026-05-14T17:00:00.000Z,0.78319,0.78403,0.78296,0.78376,5783
2026-05-14T21:00:00.000Z,0.78317,0.78499,0.7829,0.78471,3715
2026-05-15T01:00:00.000Z,0.78473,0.7858,0.78467,0.78565,7643
2026-05-15T05:00:00.000Z,0.78564,0.78632,0.78466,0.78569,12974
2026-05-15T09:00:00.000Z,0.78568,0.78703,0.78384,0.78667,13165
2026-05-15T13:00:00.000Z,0.78666,0.78733,0.78544,0.78652,16538
2026-05-15T17:00:00.000Z,0.78654,0.78729,0.78599,0.78674,7098
2026-05-17T21:00:00.000Z,0.7857,0.78749,0.7857,0.78735,5760
2026-05-18T01:00:00.000Z,0.78736,0.78773,0.78646,0.78687,9447
2026-05-18T05:00:00.000Z,0.78686,0.78712,0.78455,0.78486,11637
2026-05-18T09:00:00.000Z,0.78486,0.78652,0.78446,0.78499,12183
2026-05-18T13:00:00.000Z,0.785,0.78645,0.78443,0.78479,16403
2026-05-18T17:00:00.000Z,0.7848,0.7861,0.784,0.7844,10016
2026-05-18T21:00:00.000Z,0.78418,0.78528,0.78376,0.78523,3898
2026-05-19T01:00:00.000Z,0.78524,0.78596,0.78473,0.78585,7672
2026-05-19T05:00:00.000Z,0.78586,0.78703,0.78509,0.78685,10755
2026-05-19T09:00:00.000Z,0.78686,0.78799,0.78661,0.78783,10750
2026-05-19T13:00:00.000Z,0.78786,0.79062,0.78782,0.78894,17361
2026-05-19T17:00:00.000Z,0.78895,0.78926,0.78839,0.78895,6460
2026-05-19T21:00:00.000Z,0.78862,0.78939,0.78827,0.78934,5016
2026-05-20T01:00:00.000Z,0.78935,0.79013,0.78914,0.78992,9261
2026-05-20T05:00:00.000Z,0.78991,0.79067,0.7893,0.79023,10400
2026-05-20T09:00:00.000Z,0.79023,0.7906,0.78942,0.79045,9002
2026-05-20T13:00:00.000Z,0.79046,0.79065,0.78574,0.78721,21348
2026-05-20T17:00:00.000Z,0.78719,0.7879,0.7864,0.78716,8887
2026-05-20T21:00:00.000Z,0.7865,0.78752,0.78609,0.78704,4979
2026-05-21T01:00:00.000Z,0.78702,0.78759,0.78618,0.7869,6839
2026-05-21T05:00:00.000Z,0.78689,0.78846,0.78595,0.78701,11754
2026-05-21T09:00:00.000Z,0.78705,0.78894,0.78589,0.78876,14326
2026-05-21T13:00:00.000Z,0.78878,0.7904,0.78853,0.78884,16281
2026-05-21T17:00:00.000Z,0.78882,0.78902,0.78575,0.78659,14982
2026-05-21T21:00:00.000Z,0.78638,0.78692,0.78576,0.78687,3513
2026-05-22T01:00:00.000Z,0.78689,0.78708,0.78623,0.78628,4971
2026-05-22T05:00:00.000Z,0.78629,0.78758,0.78553,0.78617,9878
2026-05-22T09:00:00.000Z,0.78618,0.78702,0.78541,0.78574,10221
2026-05-22T13:00:00.000Z,0.78575,0.78708,0.78421,0.78426,15359
2026-05-22T17:00:00.000Z,0.78423,0.78516,0.7838,0.7849,7340
2026-05-24T21:00:00.000Z,0.78344,0.78393,0.78161,0.78238,4987
2026-05-25T01:00:00.000Z,0.78239,0.78245,0.78157,0.7819,6450
2026-05-25T05:00:00.000Z,0.78189,0.78235,0.78142,0.78168,6505
2026-05-25T09:00:00.000Z,0.78168,0.7818,0.78078,0.78106,5573
2026-05-25T13:00:00.000Z,0.78107,0.78349,0.78095,0.78301,7031
2026-05-25T17:00:00.000Z,0.78302,0.7831,0.7825,0.78257,1542
2026-05-25T21:00:00.000Z,0.7822,0.7837,0.7822,0.78329,3910
2026-05-26T01:00:00.000Z,0.7833,0.78383,0.78288,0.78346,5702
2026-05-26T05:00:00.000Z,0.78347,0.7852,0.78334,0.7846,8529
2026-05-26T09:00:00.000Z,0.78459,0.78547,0.78397,0.78508,8955
2026-05-26T13:00:00.000Z,0.78509,0.78644,0.78454,0.78577,12665
2026-05-26T17:00:00.000Z,0.78577,0.78604,0.78547,0.7856,5002
2026-05-26T21:00:00.000Z,0.78538,0.78562,0.78493,0.78517,3130
2026-05-27T01:00:00.000Z,0.78518,0.78565,0.78499,0.78512,4515
2026-05-27T05:00:00.000Z,0.78513,0.78622,0.78461,0.78613,7279
2026-05-27T09:00:00.000Z,0.78614,0.7867,0.78431,0.78526,10576
2026-05-27T13:00:00.000Z,0.78525,0.78755,0.78449,0.78653,15548
2026-05-27T17:00:00.000Z,0.78652,0.78735,0.78649,0.78704,5675
2026-05-27T21:00:00.000Z,0.78668,0.78805,0.78606,0.78782,3935
2026-05-28T01:00:00.000Z,0.78783,0.78992,0.78777,0.78954,7604
2026-05-28T05:00:00.000Z,0.78955,0.78961,0.78735,0.78886,8384
2026-05-28T09:00:00.000Z,0.78885,0.78989,0.78666,0.78681,8884
2026-05-28T13:00:00.000Z,0.7868,0.78751,0.78345,0.78356,17003
2026-05-28T17:00:00.000Z,0.78357,0.78417,0.78332,0.78391,6476
2026-05-28T21:00:00.000Z,0.78354,0.78394,0.78308,0.78383,2971
2026-05-29T01:00:00.000Z,0.78382,0.78458,0.78307,0.7841,5910
2026-05-29T05:00:00.000Z,0.78408,0.7847,0.78327,0.78433,8497
2026-05-29T09:00:00.000Z,0.78432,0.78435,0.78135,0.78136,9709
2026-05-29T13:00:00.000Z,0.78137,0.78282,0.77952,0.78133,16133
2026-05-29T17:00:00.000Z,0.78134,0.78254,0.77996,0.78109,8049
2026-05-31T21:00:00.000Z,0.78011,0.78291,0.77982,0.78272,4599
2026-06-01T01:00:00.000Z,0.78274,0.78335,0.78266,0.78298,6443
2026-06-01T05:00:00.000Z,0.78297,0.78361,0.78202,0.78309,9372
2026-06-01T09:00:00.000Z,0.7831,0.7851,0.78286,0.78508,9216
2026-06-01T13:00:00.000Z,0.78509,0.78844,0.78503,0.78637,18515
2026-06-01T17:00:00.000Z,0.78638,0.78693,0.78571,0.78654,6234
2026-06-01T21:00:00.000Z,0.78555,0.78708,0.78555,0.78689,3142
2026-06-02T01:00:00.000Z,0.78688,0.78718,0.78612,0.78618,5380
2026-06-02T05:00:00.000Z,0.78617,0.78655,0.78443,0.78598,9105
2026-06-02T09:00:00.000Z,0.78596,0.78619,0.78494,0.78572,8673
2026-06-02T13:00:00.000Z,0.78571,0.78741,0.78523,0.78715,12317
2026-06-02T17:00:00.000Z,0.78715,0.7884,0.78676,0.78713,5848
2026-06-02T21:00:00.000Z,0.7871,0.78845,0.78635,0.78771,4106
2026-06-03T01:00:00.000Z,0.7877,0.78856,0.78733,0.78835,4645
2026-06-03T05:00:00.000Z,0.78836,0.78951,0.78816,0.78948,9732
2026-06-03T09:00:00.000Z,0.78947,0.79047,0.7884,0.79034,9256
2026-06-03T13:00:00.000Z,0.79034,0.79235,0.78958,0.7919,14640
2026-06-03T17:00:00.000Z,0.79187,0.7927,0.79168,0.79208,5031
2026-06-03T21:00:00.000Z,0.79159,0.79228,0.79068,0.79123,5410
2026-06-04T01:00:00.000Z,0.79122,0.79144,0.79038,0.79063,5735
2026-06-04T05:00:00.000Z,0.79064,0.79226,0.79014,0.79091,9532
2026-06-04T09:00:00.000Z,0.7909,0.79092,0.78678,0.78768,12184
2026-06-04T13:00:00.000Z,0.78769,0.78905,0.78745,0.78886,11295
2026-06-04T17:00:00.000Z,0.78888,0.78976,0.78878,0.78947,4455
2026-06-04T21:00:00.000Z,0.78904,0.78956,0.78776,0.78912,3947
2026-06-05T01:00:00.000Z,0.78913,0.78956,0.78889,0.78909,5052
2026-06-05T05:00:00.000Z,0.78908,0.78931,0.78718,0.78813,8092
2026-06-05T09:00:00.000Z,0.78814,0.79312,0.78721,0.79311,10874
2026-06-05T13:00:00.000Z,0.79315,0.7961,0.7916,0.7953,20670
2026-06-05T17:00:00.000Z,0.79531,0.79678,0.79526,0.79627,8809
2026-06-07T21:00:00.000Z,0.79412,0.79721,0.79369,0.79579,4968
2026-06-08T01:00:00.000Z,0.79582,0.79794,0.79555,0.79677,11396
2026-06-08T05:00:00.000Z,0.79676,0.79811,0.79608,0.7981,13792
2026-06-08T09:00:00.000Z,0.79811,0.79865,0.79571,0.79583,14489
2026-06-08T13:00:00.000Z,0.79582,0.79765,0.79471,0.79743,16827
2026-06-08T17:00:00.000Z,0.79742,0.79823,0.79699,0.7979,8195
2026-06-08T21:00:00.000Z,0.79728,0.7984,0.7971,0.79806,4216
2026-06-09T01:00:00.000Z,0.79805,0.79818,0.7968,0.79693,7891
2026-06-09T05:00:00.000Z,0.79693,0.79733,0.79578,0.79642,11373
2026-06-09T09:00:00.000Z,0.79642,0.79655,0.79527,0.79569,8459
2026-06-09T13:00:00.000Z,0.79568,0.79916,0.79483,0.7983,20329
2026-06-09T17:00:00.000Z,0.79829,0.79866,0.79734,0.79829,10066
2026-06-09T21:00:00.000Z,0.79773,0.79942,0.79729,0.79883,5624
2026-06-10T01:00:00.000Z,0.79882,0.79949,0.79862,0.7991,10503
2026-06-10T05:00:00.000Z,0.7991,0.79919,0.79745,0.79883,10995
2026-06-10T09:00:00.000Z,0.79882,0.79955,0.79688,0.79822,15202
2026-06-10T13:00:00.000Z,0.79822,0.79949,0.79649,0.7985,19834
2026-06-10T17:00:00.000Z,0.79849,0.80015,0.7982,0.80008,9694
2026-06-10T21:00:00.000Z,0.79713,0.80061,0.79713,0.79922,8902
2026-06-11T01:00:00.000Z,0.79921,0.79922,0.79798,0.79836,10827
2026-06-11T05:00:00.000Z,0.79835,0.80015,0.79816,0.80007,10920
2026-06-11T09:00:00.000Z,0.80009,0.80088,0.79874,0.79903,12971
2026-06-11T13:00:00.000Z,0.79897,0.80105,0.79878,0.80096,17471
2026-06-11T17:00:00.000Z,0.80095,0.80128,0.79416,0.79479,19254
2026-06-11T21:00:00.000Z,0.79463,0.79602,0.79401,0.79586,6368
2026-06-12T01:00:00.000Z,0.79584,0.79627,0.79549,0.79586,8613
2026-06-12T05:00:00.000Z,0.79587,0.79749,0.7948,0.79566,13622
2026-06-12T09:00:00.000Z,0.79567,0.7975,0.79485,0.79714,12744
2026-06-12T13:00:00.000Z,0.79713,0.79758,0.79582,0.79652,18084
2026-06-12T17:00:00.000Z,0.79651,0.79703,0.79617,0.79697,6686
2026-06-14T21:00:00.000Z,0.79522,0.79546,0.79294,0.79455,8154
2026-06-15T01:00:00.000Z,0.79456,0.79477,0.79328,0.79338,6942
2026-06-15T05:00:00.000Z,0.79337,0.79454,0.79278,0.79335,10646
2026-06-15T09:00:00.000Z,0.79333,0.7938,0.79218,0.79273,9443
2026-06-15T13:00:00.000Z,0.79272,0.79394,0.79209,0.79359,11558
2026-06-15T17:00:00.000Z,0.79358,0.79491,0.79352,0.79474,5152
2026-06-15T21:00:00.000Z,0.79386,0.79491,0.79348,0.79439,3592
2026-06-16T01:00:00.000Z,0.7944,0.7959,0.79418,0.79566,7858
2026-06-16T05:00:00.000Z,0.79567,0.79596,0.79447,0.79457,8745
2026-06-16T09:00:00.000Z,0.79457,0.79573,0.79399,0.79501,8147
2026-06-16T13:00:00.000Z,0.79503,0.79569,0.79214,0.79267,13179
2026-06-16T17:00:00.000Z,0.79268,0.79344,0.79255,0.79315,5573
2026-06-16T21:00:00.000Z,0.79273,0.79326,0.79242,0.7925,4828
2026-06-17T01:00:00.000Z,0.79249,0.79287,0.79198,0.79207,5299
2026-06-17T05:00:00.000Z,0.79207,0.79243,0.79099,0.79188,8731
2026-06-17T09:00:00.000Z,0.7919,0.79336,0.79122,0.79235,8781
2026-06-17T13:00:00.000Z,0.79236,0.79393,0.79218,0.79325,11764
2026-06-17T17:00:00.000Z,0.79326,0.80153,0.79183,0.79967,23907
2026-06-17T21:00:00.000Z,0.79936,0.7999,0.79818,0.79883,6804
2026-06-18T01:00:00.000Z,0.79884,0.79907,0.79821,0.79847,7162
2026-06-18T05:00:00.000Z,0.79846,0.80256,0.79837,0.80244,11600
2026-06-18T09:00:00.000Z,0.80242,0.80497,0.80202,0.80364,14665
2026-06-18T13:00:00.000Z,0.80363,0.80484,0.80209,0.80451,18122
2026-06-18T17:00:00.000Z,0.80449,0.8062,0.80388,0.8045,8833
2026-06-18T21:00:00.000Z,0.8036,0.80495,0.80343,0.80467,4749
2026-06-19T01:00:00.000Z,0.80466,0.80851,0.80444,0.80834,7902
2026-06-19T05:00:00.000Z,0.80835,0.80917,0.80577,0.80578,11951
2026-06-19T09:00:00.000Z,0.80577,0.80733,0.80536,0.80643,9019
2026-06-19T13:00:00.000Z,0.80638,0.80806,0.80633,0.80752,7852
2026-06-19T17:00:00.000Z,0.80751,0.80755,0.80633,0.80641,9666
2026-06-21T21:00:00.000Z,0.80701,0.80857,0.80686,0.80789,5030
2026-06-22T01:00:00.000Z,0.8078,0.80878,0.80707,0.80848,9520
2026-06-22T05:00:00.000Z,0.80847,0.80916,0.80761,0.80792,11371
2026-06-22T09:00:00.000Z,0.80787,0.80878,0.80691,0.80844,12125
2026-06-22T13:00:00.000Z,0.80844,0.80973,0.8073,0.80897,17603
2026-06-22T17:00:00.000Z,0.80896,0.80942,0.80841,0.80863,5931
2026-06-22T21:00:00.000Z,0.80847,0.8092,0.80765,0.80854,4762
2026-06-23T01:00:00.000Z,0.80855,0.80925,0.80815,0.80919,9083
2026-06-23T05:00:00.000Z,0.8092,0.81004,0.80778,0.80976,13000
2026-06-23T09:00:00.000Z,0.80977,0.81035,0.80907,0.80925,11662
2026-06-23T13:00:00.000Z,0.80924,0.81034,0.80749,0.81022,15399
2026-06-23T17:00:00.000Z,0.81024,0.81063,0.80951,0.80957,5613
2026-06-23T21:00:00.000Z,0.80954,0.8104,0.80918,0.81003,4870
2026-06-24T01:00:00.000Z,0.81001,0.81105,0.80966,0.81078,9215
2026-06-24T05:00:00.000Z,0.81078,0.81237,0.81042,0.81152,10153
2026-06-24T09:00:00.000Z,0.81153,0.81377,0.8114,0.81358,12692
2026-06-24T13:00:00.000Z,0.81356,0.81395,0.81136,0.81186,17418
2026-06-24T17:00:00.000Z,0.81186,0.81292,0.81173,0.81224,8305
2026-06-24T21:00:00.000Z,0.81184,0.81306,0.81149,0.81242,5293
2026-06-25T01:00:00.000Z,0.81241,0.81247,0.81058,0.81102,9467
2026-06-25T05:00:00.000Z,0.81101,0.81267,0.81021,0.81083,9440
2026-06-25T09:00:00.000Z,0.81082,0.81347,0.81064,0.81214,11274
2026-06-25T13:00:00.000Z,0.81208,0.81236,0.80895,0.80996,19732
2026-06-25T17:00:00.000Z,0.80995,0.81036,0.80932,0.80999,7998
2026-06-25T21:00:00.000Z,0.80963,0.81084,0.809,0.81034,5759
2026-06-26T01:00:00.000Z,0.81035,0.81118,0.80849,0.8086,10476
2026-06-26T05:00:00.000Z,0.80862,0.8094,0.80773,0.80838,11210
2026-06-26T09:00:00.000Z,0.80839,0.80918,0.80703,0.80722,11554
2026-06-26T13:00:00.000Z,0.80721,0.80977,0.80649,0.80941,16728
2026-06-26T17:00:00.000Z,0.8094,0.81009,0.80915,0.81007,7834
2026-06-28T21:00:00.000Z,0.80992,0.81033,0.80964,0.80981,4915
2026-06-29T01:00:00.000Z,0.8098,0.8101,0.80936,0.80997,7579
2026-06-29T05:00:00.000Z,0.80997,0.80999,0.80841,0.80904,7855
2026-06-29T09:00:00.000Z,0.80903,0.80915,0.80797,0.80876,9322
2026-06-29T13:00:00.000Z,0.80873,0.80895,0.80748,0.80773,14229
2026-06-29T17:00:00.000Z,0.80774,0.80801,0.80713,0.80748,6216
2026-06-29T21:00:00.000Z,0.80744,0.80828,0.80705,0.80787,4166
2026-06-30T01:00:00.000Z,0.80786,0.80968,0.80778,0.80967,8802
2026-06-30T05:00:00.000Z,0.80966,0.8101,0.80829,0.80943,10871
2026-06-30T09:00:00.000Z,0.80942,0.81014,0.80849,0.8092,10757
2026-06-30T13:00:00.000Z,0.80921,0.80965,0.8063,0.80867,15038
2026-06-30T17:00:00.000Z,0.80866,0.80871,0.80758,0.80813,5814
2026-06-30T21:00:00.000Z,0.80782,0.80906,0.80721,0.80892,3696
2026-07-01T01:00:00.000Z,0.80893,0.80961,0.8089,0.80908,6306
2026-07-01T05:00:00.000Z,0.80907,0.81024,0.80889,0.80975,6982
2026-07-01T09:00:00.000Z,0.80978,0.81176,0.80952,0.81152,9318
2026-07-01T13:00:00.000Z,0.81153,0.81201,0.80779,0.80875,19491
2026-07-01T17:00:00.000Z,0.80874,0.80972,0.80843,0.8095,5659
2026-07-01T21:00:00.000Z,0.80919,0.80969,0.8085,0.80937,2891
2026-07-02T01:00:00.000Z,0.80936,0.8094,0.80841,0.80869,6314
2026-07-02T05:00:00.000Z,0.80868,0.8089,0.80412,0.8042,12319
2026-07-02T09:00:00.000Z,0.80424,0.80741,0.80098,0.80312,16996
2026-07-02T13:00:00.000Z,0.8031,0.80385,0.80157,0.80292,22270
2026-07-02T17:00:00.000Z,0.80293,0.80403,0.80293,0.80333,8315
2026-07-02T21:00:00.000Z,0.80317,0.80469,0.80267,0.8038,4708
2026-07-03T01:00:00.000Z,0.80376,0.80382,0.8024,0.8024,7181
2026-07-03T05:00:00.000Z,0.80242,0.80255,0.80104,0.80253,8874
2026-07-03T09:00:00.000Z,0.80254,0.80337,0.80234,0.80317,7306
2026-07-03T13:00:00.000Z,0.8032,0.8037,0.80284,0.80353,6986
2026-07-03T17:00:00.000Z,0.80341,0.80392,0.80258,0.80333,34478
2026-07-05T21:00:00.000Z,0.80244,0.80415,0.80244,0.80357,4849
2026-07-06T01:00:00.000Z,0.80356,0.80473,0.80352,0.80439,5541
2026-07-06T05:00:00.000Z,0.8044,0.806,0.80437,0.80537,8492
2026-07-06T09:00:00.000Z,0.80538,0.80654,0.80525,0.80637,7881
2026-07-06T13:00:00.000Z,0.80636,0.8073,0.80558,0.80602,9732
2026-07-06T17:00:00.000Z,0.806,0.80605,0.80466,0.80523,6046
2026-07-06T21:00:00.000Z,0.80431,0.80573,0.8043,0.80573,3835
2026-07-07T01:00:00.000Z,0.80572,0.80578,0.8048,0.80572,5630
2026-07-07T05:00:00.000Z,0.80571,0.80689,0.80556,0.8063,7997
2026-07-07T09:00:00.000Z,0.80631,0.80722,0.80538,0.80588,7575
2026-07-07T13:00:00.000Z,0.80587,0.80739,0.80537,0.80708,12502
2026-07-07T17:00:00.000Z,0.80707,0.80876,0.80657,0.80849,8455
2026-07-07T21:00:00.000Z,0.80692,0.80927,0.80692,0.80886,4340
2026-07-08T01:00:00.000Z,0.80885,0.80966,0.80821,0.80833,6168
2026-07-08T05:00:00.000Z,0.80834,0.80856,0.80637,0.80782,12425
2026-07-08T09:00:00.000Z,0.80781,0.80943,0.80727,0.80884,14206
2026-07-08T13:00:00.000Z,0.80888,0.81079,0.80852,0.80883,16171
2026-07-08T17:00:00.000Z,0.80884,0.80884,0.80719,0.80847,10190
2026-07-08T21:00:00.000Z,0.80816,0.80857,0.80703,0.80746,3914
2026-07-09T01:00:00.000Z,0.80745,0.80794,0.80689,0.80708,5951
2026-07-09T05:00:00.000Z,0.80709,0.80716,0.80528,0.80704,9297
2026-07-09T09:00:00.000Z,0.80705,0.80797,0.80657,0.80754,9508
2026-07-09T13:00:00.000Z,0.80753,0.80762,0.80603,0.8065,11678
2026-07-09T17:00:00.000Z,0.8065,0.80715,0.80581,0.80696,5980
2026-07-09T21:00:00.000Z,0.80564,0.80706,0.80547,0.80566,4021
2026-07-10T01:00:00.000Z,0.80567,0.80589,0.80304,0.80464,9783
2026-07-10T05:00:00.000Z,0.80463,0.80641,0.8043,0.80631,9553
2026-07-10T09:00:00.000Z,0.80632,0.80759,0.80603,0.80703,9223
2026-07-10T13:00:00.000Z,0.80703,0.80878,0.80595,0.80716,14442
2026-07-10T17:00:00.000Z,0.80715,0.80892,0.80709,0.80869,6982
2026-07-12T21:00:00.000Z,0.80716,0.81034,0.80672,0.81022,8642
2026-07-13T01:00:00.000Z,0.81021,0.81084,0.80926,0.80938,7521
2026-07-13T05:00:00.000Z,0.80937,0.81039,0.80747,0.80819,12103
2026-07-13T09:00:00.000Z,0.8082,0.81043,0.80818,0.80959,11189
2026-07-13T13:00:00.000Z,0.80954,0.814,0.80933,0.81356,16951
2026-07-13T17:00:00.000Z,0.81354,0.81489,0.8135,0.81476,8929
2026-07-13T21:00:00.000Z,0.81415,0.81514,0.8141,0.81455,5453
2026-07-14T01:00:00.000Z,0.81457,0.81462,0.81321,0.81385,7628
2026-07-14T05:00:00.000Z,0.81384,0.81482,0.81215,0.81261,10623
2026-07-14T09:00:00.000Z,0.81259,0.81302,0.80589,0.80808,15487
2026-07-14T13:00:00.000Z,0.80805,0.80944,0.80605,0.80868,21954
2026-07-14T17:00:00.000Z,0.80869,0.80993,0.8085,0.80927,8819
2026-07-14T21:00:00.000Z,0.80777,0.80968,0.80777,0.80842,5066
2026-07-15T01:00:00.000Z,0.80841,0.80947,0.808,0.80921,6307
2026-07-15T05:00:00.000Z,0.8092,0.8104,0.80838,0.81005,9308
2026-07-15T09:00:00.000Z,0.81002,0.81145,0.80888,0.80901,10908
2026-07-15T13:00:00.000Z,0.80897,0.80926,0.80636,0.80702,14061
2026-07-15T17:00:00.000Z,0.80701,0.80704,0.80337,0.80527,10066
2026-07-15T21:00:00.000Z,0.80418,0.80521,0.80418,0.80478,4351
2026-07-16T01:00:00.000Z,0.80479,0.80645,0.80475,0.80608,4923
2026-07-16T05:00:00.000Z,0.80606,0.80715,0.80551,0.8069,7573
2026-07-16T09:00:00.000Z,0.80689,0.80822,0.80612,0.80817,8969
2026-07-16T13:00:00.000Z,0.80815,0.80947,0.80734,0.80941,12068
2026-07-16T17:00:00.000Z,0.8094,0.80969,0.80852,0.80858,6026
2026-07-16T21:00:00.000Z,0.80758,0.8088,0.80721,0.8082,4420
2026-07-17T01:00:00.000Z,0.80818,0.80926,0.80809,0.80917,5082
2026-07-17T05:00:00.000Z,0.80916,0.80927,0.80643,0.80651,8329
2026-07-17T09:00:00.000Z,0.80652,0.80804,0.80645,0.80742,8802
2026-07-17T13:00:00.000Z,0.80743,0.80804,0.806,0.80734,11271
2026-07-17T17:00:00.000Z,0.80733,0.80781,0.80712,0.80737,6632
2026-07-19T21:00:00.000Z,0.80801,0.80919,0.80748,0.80802,6799
2026-07-20T01:00:00.000Z,0.80801,0.80823,0.80697,0.80701,3727
2026-07-20T05:00:00.000Z,0.807,0.80771,0.80612,0.80701,5768
2026-07-20T09:00:00.000Z,0.80702,0.80937,0.80692,0.80882,7906
2026-07-20T13:00:00.000Z,0.80881,0.81076,0.80874,0.81029,9787
2026-07-20T17:00:00.000Z,0.81026,0.81032,0.80971,0.81023,5106
2026-07-20T21:00:00.000Z,0.8092,0.81051,0.80917,0.81039,4654
2026-07-21T01:00:00.000Z,0.81038,0.8108,0.81004,0.8102,4255
2026-07-21T05:00:00.000Z,0.81021,0.81071,0.80908,0.81024,6218
2026-07-21T09:00:00.000Z,0.81023,0.81126,0.80922,0.81077,7669
2026-07-21T13:00:00.000Z,0.81076,0.81286,0.81073,0.81226,10002
2026-07-21T17:00:00.000Z,0.81227,0.81323,0.81218,0.8128,4697
2026-07-21T21:00:00.000Z,0.81249,0.81301,0.81209,0.81267,3756
2026-07-22T01:00:00.000Z,0.81266,0.81331,0.81237,0.81291,4049
2026-07-22T05:00:00.000Z,0.81292,0.8131,0.81134,0.81183,6673
2026-07-22T09:00:00.000Z,0.8118,0.81302,0.81156,0.81262,7392
2026-07-22T13:00:00.000Z,0.81263,0.81436,0.81135,0.81436,9826
2026-07-22T17:00:00.000Z,0.81437,0.81479,0.81413,0.81439,5104
2026-07-22T21:00:00.000Z,0.81421,0.81466,0.81386,0.81389,2889
2026-07-23T01:00:00.000Z,0.81388,0.81416,0.81299,0.81322,5332
2026-07-23T05:00:00.000Z,0.81323,0.81564,0.81307,0.81471,7401
2026-07-23T09:00:00.000Z,0.8147,0.81719,0.81426,0.81665,9938
2026-07-23T13:00:00.000Z,0.81667,0.81801,0.81598,0.81626,17387
2026-07-23T17:00:00.000Z,0.81627,0.8173,0.81594,0.81686,7915
2026-07-23T21:00:00.000Z,0.81566,0.81708,0.81566,0.81631,5000
2026-07-24T01:00:00.000Z,0.81629,0.81759,0.816,0.81737,5708
2026-07-24T05:00:00.000Z,0.81738,0.81739,0.81528,0.81653,8773
2026-07-24T09:00:00.000Z,0.81653,0.8182,0.81609,0.818,8940
2026-07-24T13:00:00.000Z,0.81802,0.81848,0.8163,0.81737,11920
2026-07-24T17:00:00.000Z,0.81736,0.81854,0.8173,0.81832,5672
2026-07-26T21:00:00.000Z,0.81557,0.81691,0.81406,0.81505,7046
2026-07-27T01:00:00.000Z,0.81506,0.81523,0.81387,0.81505,5926
2026-07-27T05:00:00.000Z,0.81504,0.81552,0.81389,0.81493,9299
2026-07-27T09:00:00.000Z,0.81492,0.81649,0.81438,0.81637,9414
2026-07-27T13:00:00.000Z,0.81636,0.81899,0.81636,0.818,14591
2026-07-27T17:00:00.000Z,0.81806,0.81936,0.81802,0.81929,7088
2026-07-27T21:00:00.000Z,0.81815,0.81969,0.81784,0.81875,3356
2026-07-28T01:00:00.000Z,0.81874,0.81927,0.81835,0.81919,4307
2026-07-28T05:00:00.000Z,0.8192,0.81999,0.81863,0.8193,7031
2026-07-28T09:00:00.000Z,0.81931,0.8205,0.81922,0.81958,7649
2026-07-28T13:00:00.000Z,0.81959,0.81961,0.81676,0.8178,12381
2026-07-28T17:00:00.000Z,0.81779,0.8194,0.81762,0.81932,5662
2026-07-28T21:00:00.000Z,0.81772,0.81981,0.81752,0.819,5499
2026-07-29T01:00:00.000Z,0.81901,0.81935,0.81691,0.81729,7010
2026-07-29T05:00:00.000Z,0.81728,0.81948,0.81699,0.81902,7942
2026-07-29T09:00:00.000Z,0.81903,0.82049,0.81891,0.8197,8572
2026-07-29T13:00:00.000Z,0.81969,0.82067,0.81819,0.82037,11443
2026-07-29T17:00:00.000Z,0.82036,0.8205,0.81322,0.81364,24251
2026-07-29T21:00:00.000Z,0.81297,0.81502,0.81296,0.81463,9646
2026-07-30T01:00:00.000Z,0.81462,0.81571,0.81426,0.81554,5768
2026-07-30T05:00:00.000Z,0.81553,0.81747,0.81498,0.81623,10483
2026-07-30T09:00:00.000Z,0.81624,0.81626,0.81141,0.81293,15704
2026-07-30T13:00:00.000Z,0.81292,0.81294,0.80388,0.80472,28143
2026-07-30T17:00:00.000Z,0.80473,0.806,0.80395,0.80512,12497
2026-07-30T21:00:00.000Z,0.80485,0.8065,0.80439,0.80616,7291
2026-07-31T01:00:00.000Z,0.80615,0.80748,0.80573,0.80714,8611
2026-07-31T05:00:00.000Z,0.80713,0.80817,0.8059,0.80614,12467
2026-07-31T09:00:00.000Z,0.80615,0.81101,0.80549,0.8106,13105
2026-07-31T13:00:00.000Z,0.81059,0.8129,0.80804,0.80886,22751
2026-07-31T17:00:00.000Z,0.80884,0.8089,0.80695,0.80727,18396
2026-08-02T21:00:00.000Z,0.8056,0.80742,0.8056,0.80683,12075
2026-08-03T01:00:00.000Z,0.80684,0.80949,0.80659,0.80865,8081
2026-08-03T05:00:00.000Z,0.80865,0.80947,0.80785,0.80893,9547
2026-08-03T09:00:00.000Z,0.80892,0.80938,0.80777,0.80903,10108
2026-08-03T13:00:00.000Z,0.80902,0.81151,0.8082,0.81096,14747
2026-08-03T17:00:00.000Z,0.81095,0.81148,0.80983,0.81036,7406
2026-08-03T21:00:00.000Z,0.80963,0.81047,0.80895,0.81018,5735
2026-08-04T01:00:00.000Z,0.81019,0.81053,0.80963,0.81015,6880
2026-08-04T05:00:00.000Z,0.81014,0.81061,0.80958,0.81014,8994
2026-08-04T09:00:00.000Z,0.81015,0.81042,0.8081,0.80884,10570
2026-08-04T13:00:00.000Z,0.80885,0.81034,0.808,0.81016,13953
2026-08-04T17:00:00.000Z,0.81013,0.81023,0.80886,0.80893,7081
2026-08-04T21:00:00.000Z,0.80851,0.80947,0.80838,0.80888,4443
2026-08-05T01:00:00.000Z,0.80887,0.80924,0.80739,0.8082,7133
2026-08-05T05:00:00.000Z,0.80821,0.81013,0.80749,0.80984,9771
2026-08-05T09:00:00.000Z,0.80983,0.80994,0.80828,0.80942,10360
2026-08-05T13:00:00.000Z,0.80941,0.80942,0.80637,0.80778,15297
2026-08-05T17:00:00.000Z,0.80776,0.80806,0.80659,0.80714,7146
2026-08-05T21:00:00.000Z,0.80655,0.80755,0.80624,0.80651,4105
2026-08-06T01:00:00.000Z,0.8065,0.80747,0.806,0.80737,5379
2026-08-06T05:00:00.000Z,0.80738,0.80878,0.80713,0.80857,6481
2026-08-06T09:00:00.000Z,0.80856,0.81013,0.80844,0.80981,7541
2026-08-06T13:00:00.000Z,0.80979,0.81358,0.80884,0.81235,12914
2026-08-06T17:00:00.000Z,0.81234,0.81295,0.81191,0.81241,5991
2026-08-06T21:00:00.000Z,0.81166,0.81292,0.81166,0.81278,3233
2026-08-07T01:00:00.000Z,0.81279,0.81283,0.81221,0.81263,4154
2026-08-07T05:00:00.000Z,0.81264,0.81274,0.81091,0.81126,6689
2026-08-07T09:00:00.000Z,0.81125,0.8113,0.80564,0.80707,11097
2026-08-07T13:00:00.000Z,0.8071,0.80862,0.80664,0.80769,14695
2026-08-07T17:00:00.000Z,0.8077,0.80818,0.80685,0.80793,7024
2026-08-09T21:00:00.000Z,0.80762,0.80862,0.80658,0.8083,4487
2026-08-10T01:00:00.000Z,0.80832,0.80941,0.8082,0.80917,4917
2026-08-10T05:00:00.000Z,0.80915,0.80943,0.80687,0.80814,7157
2026-08-10T09:00:00.000Z,0.80814,0.80948,0.80773,0.80943,7858
2026-08-10T13:00:00.000Z,0.80943,0.81029,0.80851,0.80962,11384
2026-08-10T17:00:00.000Z,0.80961,0.81043,0.80958,0.81034,5008
2026-08-10T21:00:00.000Z,0.80921,0.81023,0.80921,0.80973,3807
2026-08-11T01:00:00.000Z,0.80972,0.81052,0.8094,0.81017,4949
2026-08-11T05:00:00.000Z,0.81017,0.81127,0.8101,0.81104,6898
2026-08-11T09:00:00.000Z,0.81105,0.81151,0.81011,0.81069,8176
2026-08-11T13:00:00.000Z,0.81068,0.81167,0.81005,0.81127,9944
2026-08-11T17:00:00.000Z,0.81126,0.81205,0.81068,0.81097,4879
2026-08-11T21:00:00.000Z,0.80989,0.8116,0.80951,0.81147,5366
2026-08-12T01:00:00.000Z,0.81146,0.81235,0.81139,0.8121,3505
2026-08-12T05:00:00.000Z,0.81211,0.81285,0.81143,0.81274,5433
2026-08-12T09:00:00.000Z,0.81275,0.81284,0.80824,0.80972,11516
2026-08-12T13:00:00.000Z,0.80973,0.81304,0.80959,0.81281,13572
2026-08-12T17:00:00.000Z,0.81282,0.81392,0.81261,0.81367,4937
2026-08-12T21:00:00.000Z,0.81182,0.81362,0.81165,0.81281,3486
2026-08-13T01:00:00.000Z,0.81282,0.81435,0.81266,0.81371,4671
2026-08-13T05:00:00.000Z,0.8137,0.81457,0.81249,0.81288,6801
2026-08-13T09:00:00.000Z,0.81287,0.81342,0.8115,0.81157,7868
2026-08-13T13:00:00.000Z,0.81153,0.81365,0.81123,0.81314,12487
2026-08-13T17:00:00.000Z,0.81313,0.81467,0.81292,0.81407,4730
2026-08-13T21:00:00.000Z,0.81234,0.81434,0.81234,0.81372,3732
2026-08-14T01:00:00.000Z,0.81373,0.81442,0.81348,0.81357,4731
2026-08-14T05:00:00.000Z,0.81356,0.81408,0.81319,0.81351,6651
2026-08-14T09:00:00.000Z,0.81354,0.81356,0.81032,0.81173,9772
2026-08-14T13:00:00.000Z,0.81172,0.81265,0.81059,0.81256,13130
2026-08-14T17:00:00.000Z,0.81257,0.81352,0.81256,0.81334,5336
2026-08-16T21:00:00.000Z,0.81096,0.81348,0.81067,0.81179,4250
2026-08-17T01:00:00.000Z,0.81178,0.81228,0.8112,0.81157,5724
2026-08-17T05:00:00.000Z,0.81156,0.81161,0.80719,0.80902,10433
2026-08-17T09:00:00.000Z,0.80901,0.81062,0.8088,0.80939,9633
2026-08-17T13:00:00.000Z,0.80937,0.81033,0.80844,0.81006,11312
2026-08-17T17:00:00.000Z,0.81008,0.8117,0.80998,0.81089,6303
2026-08-17T21:00:00.000Z,0.81044,0.81118,0.8092,0.81075,4269
2026-08-18T01:00:00.000Z,0.81076,0.81189,0.81036,0.81176,5365
2026-08-18T05:00:00.000Z,0.81177,0.81222,0.81068,0.8115,7570
2026-08-18T09:00:00.000Z,0.81149,0.81277,0.81122,0.81227,7515
2026-08-18T13:00:00.000Z,0.81228,0.81309,0.81114,0.8119,12369
2026-08-18T17:00:00.000Z,0.81191,0.81273,0.81188,0.8125,5030
2026-08-18T21:00:00.000Z,0.81203,0.81271,0.8116,0.81223,4574
2026-08-19T01:00:00.000Z,0.81222,0.81281,0.81104,0.81113,6218
2026-08-19T05:00:00.000Z,0.81114,0.81129,0.8102,0.81087,8910
2026-08-19T09:00:00.000Z,0.81088,0.81092,0.80645,0.80693,11750
2026-08-19T13:00:00.000Z,0.80694,0.80694,0.79845,0.7993,26302
2026-08-19T17:00:00.000Z,0.79929,0.80048,0.79695,0.79706,12704
2026-08-19T21:00:00.000Z,0.7971,0.79909,0.79694,0.79896,6138
2026-08-20T01:00:00.000Z,0.79898,0.80016,0.79849,0.79999,9937
2026-08-20T05:00:00.000Z,0.79998,0.80042,0.79761,0.79775,12164
2026-08-20T09:00:00.000Z,0.79777,0.79907,0.79495,0.79762,14503
2026-08-20T13:00:00.000Z,0.7976,0.80089,0.79719,0.80037,19423
2026-08-20T17:00:00.000Z,0.80038,0.80097,0.80026,0.80046,6677
2026-08-20T21:00:00.000Z,0.79932,0.80059,0.79932,0.80023,4624
2026-08-21T01:00:00.000Z,0.80024,0.80024,0.79859,0.79983,7186
2026-08-21T05:00:00.000Z,0.79984,0.80075,0.79896,0.79941,10553
2026-08-21T09:00:00.000Z,0.7994,0.80054,0.79828,0.79991,12871
2026-08-21T13:00:00.000Z,0.79991,0.80206,0.79971,0.80106,15270
2026-08-21T17:00:00.000Z,0.80105,0.80143,0.80071,0.80134,5823
2026-08-23T21:00:00.000Z,0.80162,0.80169,0.79971,0.79977,5064
2026-08-24T01:00:00.000Z,0.79978,0.80067,0.79963,0.80012,7330
2026-08-24T05:00:00.000Z,0.80011,0.80282,0.8001,0.80219,10890
2026-08-24T09:00:00.000Z,0.80218,0.80276,0.80111,0.80259,11391
2026-08-24T13:00:00.000Z,0.80259,0.80277,0.80164,0.8023,12383
2026-08-24T17:00:00.000Z,0.80229,0.80298,0.80204,0.8025,5733
2026-08-24T21:00:00.000Z,0.80118,0.8025,0.80118,0.80214,3172
2026-08-25T01:00:00.000Z,0.80213,0.80387,0.80213,0.80381,4938
2026-08-25T05:00:00.000Z,0.8038,0.8042,0.80267,0.80269,7834
2026-08-25T09:00:00.000Z,0.80271,0.80308,0.80201,0.80258,9268
2026-08-25T13:00:00.000Z,0.80259,0.80316,0.80166,0.80249,10480
2026-08-25T17:00:00.000Z,0.8025,0.80274,0.80077,0.80134,5071
2026-08-25T21:00:00.000Z,0.80089,0.80199,0.80084,0.80176,3994
2026-08-26T01:00:00.000Z,0.80175,0.80356,0.80155,0.80355,5690
2026-08-26T05:00:00.000Z,0.80356,0.80388,0.80285,0.80359,7073
2026-08-26T09:00:00.000Z,0.8036,0.805,0.80268,0.80499,8285
2026-08-26T13:00:00.000Z,0.80497,0.80627,0.80454,0.80559,11539
2026-08-26T17:00:00.000Z,0.8056,0.80566,0.80503,0.80536,4018
2026-08-26T21:00:00.000Z,0.80497,0.80538,0.80426,0.80517,4356
2026-08-27T01:00:00.000Z,0.80518,0.80556,0.80504,0.80549,4090
2026-08-27T05:00:00.000Z,0.8055,0.80612,0.80513,0.80579,7365
2026-08-27T09:00:00.000Z,0.8058,0.80611,0.8046,0.80484,8397
2026-08-27T13:00:00.000Z,0.80485,0.80489,0.80292,0.80384,11847
2026-08-27T17:00:00.000Z,0.80383,0.80451,0.80365,0.80416,4613
2026-08-27T21:00:00.000Z,0.80334,0.80431,0.80264,0.80402,2889
2026-08-28T01:00:00.000Z,0.80403,0.80497,0.80376,0.80493,3173
2026-08-28T05:00:00.000Z,0.80494,0.80532,0.80404,0.80406,7113
2026-08-28T09:00:00.000Z,0.80407,0.80461,0.80317,0.80382,7452
2026-08-28T13:00:00.000Z,0.80381,0.80973,0.8024,0.80932,20599
2026-08-28T17:00:00.000Z,0.80932,0.80984,0.80895,0.80931,7093
2026-08-30T21:00:00.000Z,0.80669,0.80981,0.80669,0.80858,3705
2026-08-31T01:00:00.000Z,0.80859,0.80931,0.80823,0.80913,5643
2026-08-31T05:00:00.000Z,0.80912,0.80964,0.80746,0.80879,8134
2026-08-31T09:00:00.000Z,0.80878,0.80915,0.80803,0.8085,8504
2026-08-31T13:00:00.000Z,0.80849,0.80877,0.80686,0.80816,10890
2026-08-31T17:00:00.000Z,0.80815,0.80854,0.80785,0.80828,4598
2026-08-31T21:00:00.000Z,0.80717,0.80871,0.80717,0.80858,3263
2026-09-01T01:00:00.000Z,0.80857,0.80997,0.80854,0.80964,4615
2026-09-01T05:00:00.000Z,0.80965,0.81087,0.80909,0.80999,8418
2026-09-01T09:00:00.000Z,0.80999,0.81058,0.80924,0.80993,8813
2026-09-01T13:00:00.000Z,0.80993,0.81243,0.80946,0.81234,12005
2026-09-01T17:00:00.000Z,0.81234,0.81246,0.81138,0.81166,5174
2026-09-01T21:00:00.000Z,0.81125,0.8125,0.81119,0.81249,3350
2026-09-02T01:00:00.000Z,0.81251,0.81334,0.8123,0.81323,5971
2026-09-02T05:00:00.000Z,0.81322,0.81494,0.81215,0.81479,11694
2026-09-02T09:00:00.000Z,0.8148,0.81565,0.81344,0.81486,10787
2026-09-02T13:00:00.000Z,0.81485,0.81485,0.81164,0.81313,15706
2026-09-02T17:00:00.000Z,0.81312,0.81348,0.81255,0.81277,5601
2026-09-02T21:00:00.000Z,0.81232,0.81312,0.81225,0.81268,3816
2026-09-03T01:00:00.000Z,0.81269,0.81297,0.81146,0.81181,8136
2026-09-03T05:00:00.000Z,0.8118,0.81195,0.8083,0.80896,16498
2026-09-03T09:00:00.000Z,0.80895,0.81001,0.80668,0.80697,15232
2026-09-03T13:00:00.000Z,0.80695,0.80963,0.80522,0.80585,19325
2026-09-03T17:00:00.000Z,0.80584,0.80773,0.80574,0.8075,7251
2026-09-03T21:00:00.000Z,0.80651,0.80796,0.80641,0.80777,4648
2026-09-04T01:00:00.000Z,0.80776,0.80846,0.80738,0.80792,6362
2026-09-04T05:00:00.000Z,0.80791,0.80885,0.8074,0.80871,9525
2026-09-04T09:00:00.000Z,0.80872,0.81264,0.80803,0.81103,13773
2026-09-04T13:00:00.000Z,0.81102,0.81177,0.80901,0.8092,17622
2026-09-04T17:00:00.000Z,0.80922,0.81037,0.80921,0.80995,6054
2026-09-06T21:00:00.000Z,0.80865,0.81032,0.80865,0.8096,3593
2026-09-07T01:00:00.000Z,0.80959,0.81096,0.80956,0.81048,4846
2026-09-07T05:00:00.000Z,0.81049,0.81091,0.80846,0.80943,9987
2026-09-07T09:00:00.000Z,0.80943,0.80953,0.80846,0.80904,7148
2026-09-07T13:00:00.000Z,0.80903,0.80941,0.80851,0.80901,5761
2026-09-07T17:00:00.000Z,0.80902,0.80964,0.80901,0.80954,1160
2026-09-07T21:00:00.000Z,0.80908,0.80944,0.80858,0.80924,5434
2026-09-08T01:00:00.000Z,0.80923,0.8096,0.80826,0.80927,6979
2026-09-08T05:00:00.000Z,0.80928,0.81192,0.80773,0.81176,11252
2026-09-08T09:00:00.000Z,0.81174,0.81205,0.80997,0.80999,10942
2026-09-08T13:00:00.000Z,0.81,0.81005,0.80814,0.80922,12177
2026-09-08T17:00:00.000Z,0.80921,0.80981,0.80877,0.80961,6946
2026-09-08T21:00:00.000Z,0.80807,0.80952,0.80807,0.80883,4910
2026-09-09T01:00:00.000Z,0.80884,0.80952,0.80867,0.80873,5480
2026-09-09T05:00:00.000Z,0.80874,0.80961,0.80778,0.8096,9166
2026-09-09T09:00:00.000Z,0.80961,0.81064,0.80675,0.80784,9803
2026-09-09T13:00:00.000Z,0.80782,0.81098,0.80673,0.80993,16617
2026-09-09T17:00:00.000Z,0.80994,0.81067,0.80942,0.81017,6137
2026-09-09T21:00:00.000Z,0.80862,0.8104,0.80839,0.81006,3671
2026-09-10T01:00:00.000Z,0.81004,0.81009,0.80862,0.80905,5023