datetime,open,high,low,close,volume
2021-07-13 13:00:00,1.38063,1.38557,1.38018,1.38415,11462.0
2021-07-13 17:00:00,1.38415,1.38417,1.38086,1.38131,4523.0
2021-07-13 21:00:00,1.38118,1.38165,1.3801,1.3806,2625.0
2021-07-14 01:00:00,1.38062,1.38236,1.38055,1.38199,4291.0
2021-07-14 05:00:00,1.38199,1.38615,1.38191,1.38461,7571.0
2021-07-14 09:00:00,1.38461,1.38916,1.38345,1.38849,9390.0
2021-07-14 13:00:00,1.38849,1.38913,1.38482,1.38534,12053.0
2021-07-14 17:00:00,1.38534,1.3867,1.38501,1.38617,4786.0
2021-07-14 21:00:00,1.38593,1.38632,1.38348,1.38406,3415.0
2021-07-15 01:00:00,1.3841,1.38428,1.38214,1.38356,4817.0
2021-07-15 05:00:00,1.38356,1.38663,1.38128,1.38442,8280.0
2021-07-15 09:00:00,1.38449,1.38984,1.38299,1.38442,11085.0
2021-07-15 13:00:00,1.38443,1.38666,1.38231,1.38254,10571.0
2021-07-15 17:00:00,1.38252,1.38281,1.38048,1.3826,6063.0
2021-07-15 21:00:00,1.38219,1.38352,1.38196,1.38311,2019.0
2021-07-16 01:00:00,1.38315,1.384,1.38239,1.38364,4529.0
2021-07-16 05:00:00,1.3837,1.38617,1.37911,1.38592,7626.0
2021-07-16 09:00:00,1.38589,1.38589,1.37998,1.38083,7882.0
2021-07-16 13:00:00,1.38082,1.38215,1.37722,1.37777,10561.0
2021-07-16 17:00:00,1.37779,1.37846,1.37606,1.37644,4569.0
2021-08-01 21:00:00,1.38938,1.39043,1.38887,1.39003,1997.0
2021-08-02 01:00:00,1.39002,1.39035,1.38862,1.38987,2872.0
2021-08-02 05:00:00,1.38984,1.39323,1.38961,1.39209,4941.0
2021-08-02 09:00:00,1.39204,1.39241,1.38839,1.38898,4906.0
2021-08-02 13:00:00,1.38898,1.39176,1.38752,1.38948,8841.0
2021-08-02 17:00:00,1.3895,1.38951,1.38792,1.38853,2760.0
2021-08-02 21:00:00,1.38782,1.3901,1.3872,1.38941,1367.0
2021-08-03 01:00:00,1.38942,1.39041,1.38867,1.3895,4158.0
2021-08-03 05:00:00,1.3895,1.39245,1.38878,1.39128,5582.0
2021-08-03 09:00:00,1.39127,1.39384,1.39061,1.39214,5151.0
2021-08-03 13:00:00,1.3922,1.39241,1.38823,1.39167,9118.0
2021-08-03 17:00:00,1.39168,1.39186,1.39075,1.39123,2626.0
2021-08-03 21:00:00,1.39128,1.39174,1.39,1.39029,1796.0
2021-08-04 01:00:00,1.3903,1.3933,1.39029,1.39263,2355.0
2021-08-04 05:00:00,1.39263,1.39467,1.39181,1.39318,4634.0
2021-08-04 09:00:00,1.39318,1.39418,1.39182,1.39386,5758.0
2021-08-04 13:00:00,1.39384,1.39573,1.38931,1.38975,9497.0
2021-08-04 17:00:00,1.38977,1.39053,1.38855,1.38884,2504.0
2021-08-04 21:00:00,1.38871,1.38974,1.38852,1.38871,1272.0
2021-08-05 01:00:00,1.38868,1.38939,1.38779,1.38903,1821.0
2021-08-05 05:00:00,1.38903,1.39244,1.38722,1.39148,4922.0
2021-08-05 09:00:00,1.39148,1.39454,1.39007,1.39059,8464.0
2021-08-05 13:00:00,1.3905,1.39484,1.38991,1.3931,7149.0
2021-08-05 17:00:00,1.3931,1.39378,1.39255,1.39259,2579.0
2021-08-05 21:00:00,1.39269,1.39318,1.39165,1.39181,1152.0
2021-08-06 01:00:00,1.3919,1.3923,1.39149,1.39207,1704.0
2021-08-06 05:00:00,1.39207,1.39326,1.39101,1.39175,3960.0
2021-08-06 09:00:00,1.39178,1.39297,1.38922,1.3902,7010.0
2021-08-06 13:00:00,1.3902,1.39068,1.38611,1.38656,6699.0
2021-08-06 17:00:00,1.38657,1.38809,1.3865,1.38728,1920.0
2021-08-08 21:00:00,1.38707,1.38772,1.38545,1.38601,3326.0
2021-08-09 01:00:00,1.38601,1.38701,1.38557,1.38697,1962.0
2021-08-09 05:00:00,1.38697,1.389,1.38504,1.38574,4283.0
2021-08-09 09:00:00,1.38572,1.38943,1.38555,1.38828,5306.0
2021-08-09 13:00:00,1.38828,1.3889,1.38407,1.38471,6395.0
2021-08-09 17:00:00,1.38471,1.38583,1.38451,1.3846,2533.0
2021-08-09 21:00:00,1.38451,1.38509,1.38424,1.38505,1115.0
2021-08-10 01:00:00,1.38505,1.38511,1.38358,1.38442,1797.0
2021-08-10 05:00:00,1.38442,1.38721,1.38399,1.38641,4287.0
2021-08-10 09:00:00,1.38641,1.38654,1.38511,1.38519,4209.0
2021-08-10 13:00:00,1.38519,1.38683,1.38272,1.38323,6458.0
2021-08-10 17:00:00,1.38323,1.3843,1.38307,1.38375,2444.0
2021-08-10 21:00:00,1.38388,1.38405,1.38194,1.38236,1174.0
2021-08-11 01:00:00,1.38236,1.38329,1.38197,1.38282,1479.0
2021-08-11 05:00:00,1.38291,1.3833,1.38071,1.38087,3544.0
2021-08-11 09:00:00,1.38087,1.38755,1.38022,1.38599,5928.0
2021-08-11 13:00:00,1.38599,1.3879,1.38465,1.38789,6673.0
2021-08-11 17:00:00,1.38787,1.38873,1.38632,1.38647,2965.0
2021-08-11 21:00:00,1.38606,1.38734,1.38596,1.38703,1294.0
2021-08-12 01:00:00,1.38703,1.38746,1.38636,1.38677,1701.0
2021-08-12 05:00:00,1.38677,1.38784,1.38549,1.38625,3405.0
2021-08-12 09:00:00,1.38622,1.3866,1.38368,1.38468,4119.0
2021-08-12 13:00:00,1.38471,1.38472,1.38164,1.38165,4543.0
2021-08-12 17:00:00,1.38165,1.38174,1.37946,1.38077,3372.0
2021-08-12 21:00:00,1.38038,1.38137,1.38008,1.38097,1137.0
2021-08-13 01:00:00,1.38097,1.38164,1.38033,1.38137,1196.0
2021-08-13 05:00:00,1.38135,1.38145,1.37905,1.37995,2507.0
2021-08-13 09:00:00,1.38001,1.38334,1.37916,1.38297,3480.0
2021-08-13 13:00:00,1.38297,1.38704,1.38297,1.38663,5248.0
2021-08-13 17:00:00,1.38663,1.38747,1.38639,1.38696,2194.0
2021-08-15 21:00:00,1.38551,1.38725,1.3846,1.38574,1286.0
2021-08-16 01:00:00,1.38576,1.38664,1.3851,1.38558,1129.0
2021-08-16 05:00:00,1.38553,1.38679,1.38384,1.38604,3524.0
2021-08-16 09:00:00,1.38604,1.38779,1.38484,1.38645,4405.0
2021-08-16 13:00:00,1.38645,1.3872,1.38278,1.38452,6841.0
2021-08-16 17:00:00,1.38452,1.38452,1.38356,1.38403,1783.0
2021-08-16 21:00:00,1.38395,1.38447,1.38333,1.38347,1325.0
2021-08-17 01:00:00,1.38351,1.38365,1.38142,1.38187,2003.0
2021-08-17 05:00:00,1.38187,1.38298,1.37874,1.38094,5315.0
2021-08-17 09:00:00,1.38094,1.38115,1.37664,1.3773,5278.0
2021-08-17 13:00:00,1.37737,1.37757,1.37259,1.37264,6931.0
2021-08-17 17:00:00,1.37265,1.37423,1.37264,1.3741,3101.0
2021-08-17 21:00:00,1.37383,1.37427,1.37214,1.37409,1367.0
2021-08-18 01:00:00,1.37408,1.37586,1.37388,1.37424,2488.0
2021-08-18 05:00:00,1.37424,1.37627,1.37302,1.3757,3409.0
2021-08-18 09:00:00,1.37574,1.3769,1.37472,1.37667,3621.0
2021-08-18 13:00:00,1.37667,1.37706,1.37445,1.37486,5227.0
2021-08-18 17:00:00,1.37486,1.37855,1.37466,1.37506,6352.0
2021-08-31 21:00:00,1.37534,1.37581,1.37358,1.37371,1410.0
2021-09-01 01:00:00,1.37371,1.37411,1.3731,1.37353,2056.0
2021-09-01 05:00:00,1.37353,1.37649,1.37309,1.37555,4977.0
2021-09-01 09:00:00,1.37555,1.37904,1.37439,1.37865,5234.0
2021-09-01 13:00:00,1.37867,1.37978,1.37738,1.37839,6450.0
2021-09-01 17:00:00,1.37839,1.37839,1.37667,1.37691,3298.0
2021-09-01 21:00:00,1.37684,1.37769,1.37646,1.37745,1187.0
2021-09-02 01:00:00,1.37745,1.378,1.37705,1.37705,1132.0
2021-09-02 05:00:00,1.37705,1.37911,1.37702,1.37857,3334.0
2021-09-02 09:00:00,1.37861,1.38011,1.37821,1.37861,3669.0
2021-09-02 13:00:00,1.37865,1.38359,1.37815,1.38318,5931.0
2021-09-02 17:00:00,1.38318,1.38391,1.38285,1.38332,1903.0
2021-09-02 21:00:00,1.38325,1.38449,1.38294,1.38438,911.0
2021-09-03 01:00:00,1.38438,1.3845,1.38315,1.38321,1733.0
2021-09-03 05:00:00,1.38321,1.38408,1.38242,1.38344,3187.0
2021-09-03 09:00:00,1.38344,1.38669,1.38175,1.38499,7042.0
2021-09-03 13:00:00,1.38505,1.38743,1.38378,1.38737,8089.0
2021-09-03 17:00:00,1.38737,1.38913,1.38563,1.38583,3001.0
2021-09-05 21:00:00,1.38548,1.38669,1.38467,1.38551,1431.0
2021-09-06 01:00:00,1.38551,1.38594,1.38429,1.38438,1512.0
2021-09-06 05:00:00,1.38438,1.38555,1.38362,1.38417,3116.0
2021-09-06 09:00:00,1.38417,1.38464,1.38308,1.38383,3199.0
2021-09-06 13:00:00,1.38383,1.384,1.38183,1.38312,3194.0
2021-09-06 17:00:00,1.38315,1.38356,1.38272,1.38336,3487.0
2021-09-06 21:00:00,1.38317,1.38517,1.38226,1.38477,1066.0
2021-09-07 01:00:00,1.38477,1.38561,1.38376,1.38376,2102.0
2021-09-07 05:00:00,1.38378,1.38497,1.38099,1.38173,5183.0
2021-09-07 09:00:00,1.38173,1.38243,1.37673,1.37801,6641.0
2021-09-07 13:00:00,1.37801,1.37997,1.37673,1.37891,6970.0
2021-09-07 17:00:00,1.37887,1.37957,1.3779,1.37824,3116.0
2021-09-07 21:00:00,1.3784,1.3788,1.37748,1.37864,1337.0
2021-09-08 01:00:00,1.37864,1.37903,1.37768,1.37791,1904.0
2021-09-08 05:00:00,1.37791,1.37796,1.37502,1.3763,7197.0
2021-09-08 09:00:00,1.3763,1.3778,1.3753,1.37655,6013.0
2021-09-08 13:00:00,1.37655,1.37831,1.37261,1.3771,9726.0
2021-09-08 17:00:00,1.3771,1.37843,1.37681,1.37711,3201.0
2021-09-08 21:00:00,1.37702,1.37739,1.37587,1.37608,1205.0
2021-09-09 01:00:00,1.3761,1.37729,1.37532,1.37574,2710.0
2021-09-09 05:00:00,1.37574,1.38117,1.37553,1.38109,5546.0
2021-09-09 09:00:00,1.38108,1.38417,1.38051,1.38367,7636.0
2021-09-09 13:00:00,1.38366,1.38591,1.38246,1.38563,9176.0
2021-09-09 17:00:00,1.38563,1.38623,1.38342,1.38371,4722.0
2021-09-09 21:00:00,1.38346,1.38459,1.38315,1.38413,1547.0
2021-09-10 01:00:00,1.38415,1.38515,1.38328,1.38489,2153.0
2021-09-10 05:00:00,1.38489,1.38847,1.38395,1.38782,5733.0
2021-09-10 09:00:00,1.38781,1.38882,1.38639,1.38793,5022.0
2021-09-10 13:00:00,1.38793,1.38797,1.38414,1.38536,7240.0
2021-09-10 17:00:00,1.38534,1.38556,1.38261,1.38301,3296.0
2021-09-12 21:00:00,1.38323,1.38411,1.38255,1.3834,1231.0
2021-09-13 01:00:00,1.38341,1.38454,1.38217,1.38255,2196.0
2021-09-13 05:00:00,1.38255,1.38265,1.37966,1.38162,5769.0
2021-09-13 09:00:00,1.38161,1.38411,1.38139,1.38358,4473.0
2021-09-13 13:00:00,1.38356,1.38507,1.38132,1.38351,7013.0
2021-09-13 17:00:00,1.38352,1.38416,1.38263,1.38416,3209.0
2021-09-13 21:00:00,1.38381,1.38434,1.3826,1.38397,1240.0
2021-09-14 01:00:00,1.38397,1.38497,1.38371,1.38394,2173.0
2021-09-14 05:00:00,1.38394,1.38821,1.38291,1.38662,6621.0
2021-09-14 09:00:00,1.38662,1.39059,1.38502,1.39025,6546.0
2021-09-14 13:00:00,1.39025,1.39126,1.38391,1.38482,9027.0
2021-09-14 17:00:00,1.38482,1.38496,1.38031,1.3805,3849.0
2021-09-14 21:00:00,1.38055,1.38119,1.38024,1.38031,1421.0
2021-09-15 01:00:00,1.38032,1.38092,1.37918,1.38078,2246.0
2021-09-15 05:00:00,1.38078,1.38425,1.37973,1.38345,6000.0
2021-09-15 09:00:00,1.38346,1.38351,1.38127,1.38228,6318.0
2021-09-15 13:00:00,1.38234,1.38533,1.38172,1.38267,8892.0
2021-09-15 17:00:00,1.38267,1.3846,1.38251,1.3841,2360.0
2021-09-15 21:00:00,1.38406,1.38521,1.38299,1.38484,1236.0
2021-09-16 01:00:00,1.38484,1.38484,1.38317,1.38341,1867.0
2021-09-16 05:00:00,1.38341,1.38377,1.38116,1.38222,7137.0
2021-09-16 09:00:00,1.38222,1.38408,1.38,1.38063,10952.0
2021-09-16 13:00:00,1.38063,1.38063,1.37642,1.37824,12738.0
2021-09-16 17:00:00,1.37824,1.38024,1.37745,1.37923,5720.0
2021-09-16 21:00:00,1.37896,1.37993,1.37739,1.37841,4846.0
2021-09-17 01:00:00,1.37841,1.38068,1.37838,1.38066,3265.0
2021-09-17 05:00:00,1.38066,1.38123,1.37862,1.3795,8721.0
2021-09-17 09:00:00,1.3795,1.3807,1.37751,1.37973,9734.0
2021-09-17 13:00:00,1.37973,1.38052,1.37408,1.37465,13099.0
2021-09-17 17:00:00,1.37465,1.37549,1.37263,1.37279,6549.0
2021-10-03 21:00:00,1.35526,1.35763,1.3531,1.35574,3856.0
2021-10-04 01:00:00,1.35574,1.35578,1.35335,1.35473,4450.0
2021-10-04 05:00:00,1.35473,1.35678,1.35311,1.3559,12058.0
2021-10-04 09:00:00,1.3559,1.36107,1.35568,1.3605,12308.0
2021-10-04 13:00:00,1.3605,1.36397,1.35946,1.36074,19278.0
2021-10-04 17:00:00,1.36074,1.3618,1.36029,1.36078,8679.0
2021-10-04 21:00:00,1.36037,1.36127,1.35932,1.35945,3072.0
2021-10-05 01:00:00,1.35945,1.3606,1.35839,1.35891,4982.0
2021-10-05 05:00:00,1.35891,1.36268,1.35845,1.36198,13024.0
2021-10-05 09:00:00,1.36198,1.36423,1.36126,1.36226,13797.0
2021-10-05 13:00:00,1.36224,1.36475,1.35993,1.36411,18225.0
2021-10-05 17:00:00,1.36411,1.36442,1.36204,1.36251,6870.0
2021-10-05 21:00:00,1.3623,1.36309,1.36217,1.36241,2598.0
2021-10-06 01:00:00,1.36241,1.36291,1.3599,1.36054,4905.0
2021-10-06 05:00:00,1.36054,1.36148,1.35499,1.35508,18993.0
2021-10-06 09:00:00,1.35508,1.35903,1.35434,1.35828,20732.0
2021-10-06 13:00:00,1.35828,1.35906,1.35497,1.35541,24397.0
2021-10-06 17:00:00,1.35541,1.35909,1.35533,1.35822,9316.0
2021-10-06 21:00:00,1.35805,1.35972,1.35746,1.3593,2910.0
2021-10-07 01:00:00,1.3593,1.35947,1.35765,1.35813,2768.0
2021-10-07 05:00:00,1.35813,1.36048,1.35701,1.35869,13234.0
2021-10-07 09:00:00,1.35868,1.36173,1.35806,1.35948,12554.0
2021-10-07 13:00:00,1.35948,1.36373,1.35849,1.36212,14764.0
2021-10-07 17:00:00,1.36212,1.36245,1.36118,1.36131,6913.0
2021-10-07 21:00:00,1.36138,1.36228,1.36066,1.3618,2943.0
2021-10-08 01:00:00,1.3618,1.36205,1.36016,1.36017,3867.0
2021-10-08 05:00:00,1.36017,1.36074,1.35831,1.35996,9686.0
2021-10-08 09:00:00,1.35996,1.3656,1.35973,1.36398,13750.0
2021-10-08 13:00:00,1.36398,1.36484,1.36106,1.36163,20838.0
2021-10-08 17:00:00,1.36163,1.36252,1.36093,1.36171,5846.0
2021-10-10 21:00:00,1.36109,1.36417,1.3605,1.36383,3815.0
2021-10-11 01:00:00,1.36383,1.36553,1.36338,1.36399,5181.0
2021-10-11 05:00:00,1.36399,1.36736,1.36312,1.3647,13529.0
2021-10-11 09:00:00,1.3647,1.36476,1.36105,1.36198,13096.0
2021-10-11 13:00:00,1.36198,1.36508,1.36089,1.36098,9560.0
2021-10-11 17:00:00,1.36098,1.36104,1.35839,1.35942,9317.0
2021-10-11 21:00:00,1.35941,1.35954,1.35815,1.35844,3176.0
2021-10-12 01:00:00,1.35844,1.36022,1.35807,1.35963,3318.0
2021-10-12 05:00:00,1.35963,1.36114,1.3568,1.36003,11428.0
2021-10-12 09:00:00,1.36003,1.3637,1.35951,1.36073,13933.0
2021-10-12 13:00:00,1.36077,1.36212,1.3569,1.35866,16705.0
2021-10-12 17:00:00,1.35866,1.35971,1.35763,1.35889,4377.0
2021-10-12 21:00:00,1.35865,1.35964,1.35751,1.35958,3130.0
2021-10-13 01:00:00,1.35958,1.36178,1.35949,1.36178,4441.0
2021-10-13 05:00:00,1.36178,1.36382,1.36016,1.36271,15735.0
2021-10-13 09:00:00,1.36271,1.3644,1.3587,1.35952,19288.0
2021-10-13 13:00:00,1.35952,1.36509,1.35937,1.36416,20262.0
2021-10-13 17:00:00,1.36416,1.36644,1.36312,1.36605,8447.0
2021-10-13 21:00:00,1.36561,1.36695,1.36473,1.36667,2359.0
2021-10-14 01:00:00,1.36667,1.3672,1.36579,1.36638,2345.0
2021-10-14 05:00:00,1.36639,1.37178,1.36606,1.3712,8772.0
2021-10-14 09:00:00,1.3712,1.3734,1.36991,1.37156,12702.0
2021-10-14 13:00:00,1.37156,1.37189,1.36749,1.36846,14577.0
2021-10-14 17:00:00,1.36846,1.3687,1.3667,1.36736,5465.0
2021-10-14 21:00:00,1.36715,1.36768,1.36674,1.36766,1764.0
2021-10-15 01:00:00,1.36766,1.36888,1.36701,1.36859,2700.0
2021-10-15 05:00:00,1.36859,1.37387,1.36742,1.37211,10994.0
2021-10-15 09:00:00,1.37211,1.37579,1.37171,1.37334,12631.0
2021-10-15 13:00:00,1.37336,1.37729,1.37323,1.37579,14214.0
2021-10-15 17:00:00,1.37579,1.37616,1.37391,1.3744,8365.0
2021-10-17 21:00:00,1.37458,1.37649,1.37397,1.3743,8082.0
2021-10-18 01:00:00,1.3743,1.37461,1.37272,1.37301,3177.0
2021-10-18 05:00:00,1.373,1.37472,1.3716,1.37193,10824.0
2021-10-18 09:00:00,1.37193,1.37457,1.37186,1.37323,14081.0
2021-10-18 13:00:00,1.37323,1.37391,1.37089,1.37327,11358.0
2021-10-18 17:00:00,1.37327,1.37397,1.37256,1.37269,4711.0
2021-10-18 21:00:00,1.37245,1.37511,1.37197,1.37509,2253.0
2021-10-19 01:00:00,1.37509,1.37743,1.37468,1.37689,4227.0
2021-10-19 05:00:00,1.37689,1.37944,1.37678,1.37932,10123.0
2021-10-19 09:00:00,1.37932,1.38332,1.37871,1.3813,15958.0
2021-10-19 13:00:00,1.3813,1.38187,1.37915,1.37964,12774.0
2021-10-19 17:00:00,1.37964,1.38124,1.37881,1.37901,5564.0
2021-11-03 21:00:00,1.36849,1.36976,1.36796,1.36801,3411.0
2021-11-04 01:00:00,1.36801,1.36826,1.36544,1.36566,5088.0
2021-11-04 05:00:00,1.36566,1.36701,1.36328,1.36435,9954.0
2021-11-04 09:00:00,1.36435,1.36516,1.35317,1.35442,21614.0
2021-11-04 13:00:00,1.35442,1.3563,1.34709,1.3491,26765.0
2021-11-04 17:00:00,1.3491,1.35037,1.34839,1.35003,7077.0
2021-11-04 21:00:00,1.34966,1.35078,1.34878,1.3498,3205.0
2021-11-05 01:00:00,1.3498,1.35013,1.34834,1.34953,5341.0
2021-11-05 05:00:00,1.34953,1.35087,1.34491,1.34505,10826.0
2021-11-05 09:00:00,1.34504,1.34639,1.34241,1.34458,20447.0
2021-11-05 13:00:00,1.34458,1.35043,1.34438,1.35038,17248.0
2021-11-05 17:00:00,1.35038,1.35066,1.34799,1.34942,8161.0
2021-11-07 22:00:00,1.3477,1.3494,1.34717,1.34725,7074.0
2021-11-08 02:00:00,1.34725,1.34867,1.34714,1.34865,4774.0
2021-11-08 06:00:00,1.34865,1.35001,1.34497,1.34893,12298.0
2021-11-08 10:00:00,1.34893,1.355,1.34746,1.35413,12196.0
2021-11-08 14:00:00,1.35413,1.35793,1.35305,1.35572,12749.0
2021-11-08 18:00:00,1.35572,1.35679,1.355,1.35644,5450.0
2021-11-08 22:00:00,1.35621,1.35667,1.35475,1.35541,5825.0
2021-11-09 02:00:00,1.35541,1.35819,1.35536,1.35762,7137.0
2021-11-09 06:00:00,1.35762,1.36067,1.35565,1.35998,11156.0
2021-11-09 10:00:00,1.35999,1.36007,1.35448,1.35565,12327.0
2021-11-09 14:00:00,1.35564,1.35697,1.35238,1.35644,19308.0
2021-11-09 18:00:00,1.35645,1.35677,1.3553,1.3559,7273.0
2021-11-09 22:00:00,1.35561,1.35614,1.35461,1.35504,3600.0
2021-11-10 02:00:00,1.35504,1.35647,1.35459,1.35515,4355.0
2021-11-10 06:00:00,1.35515,1.35633,1.35179,1.35346,13382.0
2021-11-10 10:00:00,1.35346,1.35395,1.34796,1.35062,16026.0
2021-11-10 14:00:00,1.35062,1.35386,1.34547,1.34583,25673.0
2021-11-10 18:00:00,1.34583,1.34601,1.3401,1.34013,16939.0
2021-11-10 22:00:00,1.34045,1.34199,1.33981,1.3406,4530.0
2021-11-11 02:00:00,1.3406,1.34176,1.33921,1.34169,4760.0
2021-11-11 06:00:00,1.34169,1.34328,1.33636,1.33927,14088.0
2021-11-11 10:00:00,1.33926,1.34143,1.33834,1.34078,12254.0
2021-11-11 14:00:00,1.3408,1.34168,1.33689,1.33699,12876.0
2021-11-11 18:00:00,1.33699,1.33709,1.3358,1.3366,5385.0
2021-11-11 22:00:00,1.33679,1.33715,1.33544,1.33571,4298.0
2021-11-12 02:00:00,1.33571,1.33698,1.33528,1.33691,3130.0
2021-11-12 06:00:00,1.33691,1.34114,1.33628,1.33943,11370.0
2021-11-12 10:00:00,1.33943,1.34059,1.33816,1.33976,11829.0
2021-11-12 14:00:00,1.33976,1.3424,1.33783,1.34217,16024.0
2021-11-12 18:00:00,1.34217,1.34258,1.34099,1.34128,5928.0
2021-11-14 22:00:00,1.34204,1.3437,1.34081,1.34365,4613.0
2021-11-15 02:00:00,1.34365,1.34396,1.34264,1.34366,3233.0
2021-11-15 06:00:00,1.34366,1.34392,1.34026,1.34136,9681.0
2021-11-15 10:00:00,1.34136,1.34434,1.34082,1.34357,10710.0
2021-11-15 14:00:00,1.34357,1.34491,1.34203,1.3423,19338.0
2021-11-15 18:00:00,1.34229,1.34361,1.34048,1.34112,6418.0
2021-11-15 22:00:00,1.34094,1.34274,1.3404,1.34242,5251.0
2021-11-16 02:00:00,1.34242,1.34379,1.34164,1.34176,5522.0
2021-11-16 06:00:00,1.34176,1.34722,1.34172,1.34656,15494.0
2021-11-16 10:00:00,1.34656,1.3466,1.34316,1.34583,14378.0
2021-11-16 14:00:00,1.34582,1.34582,1.34145,1.34284,19501.0
2021-11-16 18:00:00,1.34283,1.34429,1.34201,1.34269,8087.0
2021-11-16 22:00:00,1.34275,1.34362,1.34195,1.34298,4553.0
2021-11-17 02:00:00,1.34298,1.34337,1.33954,1.34208,7808.0
2021-11-17 06:00:00,1.34208,1.34731,1.34204,1.34314,20384.0
2021-11-17 10:00:00,1.34314,1.34818,1.34161,1.3454,14015.0
2021-11-17 14:00:00,1.3454,1.34939,1.34513,1.34903,16983.0
2021-11-17 18:00:00,1.34902,1.34961,1.34789,1.34931,6972.0
2021-11-17 22:00:00,1.34797,1.34966,1.34776,1.34887,4457.0
2021-11-18 02:00:00,1.34887,1.35034,1.34831,1.34884,5607.0
2021-11-18 06:00:00,1.34884,1.35132,1.34864,1.34923,12376.0
2021-11-18 10:00:00,1.34923,1.35002,1.34633,1.34665,13951.0
2021-11-18 14:00:00,1.34665,1.35003,1.34636,1.34972,16968.0
2021-11-18 18:00:00,1.34971,1.35044,1.34934,1.34992,4878.0
2021-11-18 22:00:00,1.34879,1.35037,1.34825,1.34899,3232.0
2021-11-19 02:00:00,1.34899,1.34906,1.34806,1.34863,3805.0
2021-11-19 06:00:00,1.34863,1.35094,1.34186,1.34327,17904.0
2021-11-19 10:00:00,1.34327,1.34568,1.34067,1.34403,28621.0
2021-11-19 14:00:00,1.34403,1.34747,1.34392,1.34557,25444.0
2021-11-19 18:00:00,1.34556,1.34582,1.34398,1.34426,6485.0
2021-12-02 22:00:00,1.32974,1.33029,1.32838,1.32914,3474.0
2021-12-03 02:00:00,1.32914,1.32988,1.32831,1.32953,2687.0
2021-12-03 06:00:00,1.32953,1.32981,1.32677,1.32861,10887.0
2021-12-03 10:00:00,1.32861,1.33095,1.32539,1.32847,20282.0
2021-12-03 14:00:00,1.32847,1.3285,1.32082,1.32361,28593.0
2021-12-03 18:00:00,1.3236,1.32529,1.32267,1.32322,9981.0
2021-12-05 22:00:00,1.32143,1.32437,1.32125,1.3239,5973.0
2021-12-06 02:00:00,1.32389,1.324,1.32289,1.32299,3058.0
2021-12-06 06:00:00,1.323,1.32662,1.32222,1.32592,10927.0
2021-12-06 10:00:00,1.32592,1.32858,1.32489,1.32661,14415.0
2021-12-06 14:00:00,1.32661,1.32691,1.32301,1.3254,16128.0
2021-12-06 18:00:00,1.32539,1.32671,1.32466,1.32636,7708.0
2021-12-06 22:00:00,1.32621,1.32668,1.32469,1.32646,3338.0
2021-12-07 02:00:00,1.32649,1.32887,1.32637,1.32841,4432.0
2021-12-07 06:00:00,1.32838,1.32877,1.32461,1.3261,11721.0
2021-12-07 10:00:00,1.3261,1.32684,1.32186,1.32261,13444.0
2021-12-07 14:00:00,1.32261,1.32502,1.32086,1.32271,17202.0
2021-12-07 18:00:00,1.32271,1.32448,1.32213,1.32419,6301.0
2021-12-07 22:00:00,1.32429,1.32508,1.32307,1.32431,3985.0
2021-12-08 02:00:00,1.32431,1.32609,1.32431,1.32537,4250.0
2021-12-08 06:00:00,1.32536,1.32559,1.32316,1.32425,16595.0
2021-12-08 10:00:00,1.32425,1.32451,1.31594,1.32163,27760.0
2021-12-08 14:00:00,1.32163,1.32441,1.3189,1.32368,21348.0
2021-12-08 18:00:00,1.32368,1.32426,1.31908,1.32043,8444.0
2021-12-08 22:00:00,1.32024,1.32118,1.31933,1.32,3524.0
2021-12-09 02:00:00,1.32,1.32145,1.31932,1.32074,3300.0
2021-12-09 06:00:00,1.32074,1.32159,1.31926,1.32045,10502.0
2021-12-09 10:00:00,1.32045,1.3212,1.31699,1.32058,15732.0
2021-12-09 14:00:00,1.32057,1.32165,1.31851,1.3212,17549.0
2021-12-09 18:00:00,1.3212,1.32221,1.3207,1.32191,7276.0
2021-12-09 22:00:00,1.32193,1.32292,1.32126,1.32274,3300.0
2021-12-10 02:00:00,1.32274,1.32329,1.32163,1.32197,3343.0
2021-12-10 06:00:00,1.32197,1.32292,1.31964,1.32011,13942.0
2021-12-10 10:00:00,1.32011,1.32418,1.31865,1.32292,15956.0
2021-12-10 14:00:00,1.32291,1.3271,1.32036,1.3268,15286.0
2021-12-10 18:00:00,1.3268,1.32754,1.32556,1.32621,5201.0
2021-12-12 22:00:00,1.32512,1.32607,1.32397,1.32545,3906.0
2021-12-13 02:00:00,1.32545,1.32582,1.32458,1.32493,2261.0
2021-12-13 06:00:00,1.32493,1.32497,1.32211,1.32447,9559.0
2021-12-13 10:00:00,1.32447,1.32683,1.32377,1.32554,16510.0
2021-12-13 14:00:00,1.32554,1.32682,1.32119,1.32123,15962.0
2021-12-13 18:00:00,1.32123,1.32211,1.32067,1.32122,5236.0
2021-12-13 22:00:00,1.32121,1.32164,1.32006,1.32027,2186.0
2021-12-14 02:00:00,1.32027,1.32062,1.31908,1.32053,3188.0
2021-12-14 06:00:00,1.32053,1.32248,1.31973,1.32221,10447.0
2021-12-14 10:00:00,1.32221,1.32566,1.32175,1.32328,13742.0
2021-12-14 14:00:00,1.32328,1.32478,1.32222,1.32271,14086.0
2021-12-14 18:00:00,1.32271,1.32312,1.3219,1.32263,4894.0
2021-12-14 22:00:00,1.32293,1.32361,1.32231,1.32327,2427.0
2021-12-15 02:00:00,1.32326,1.32442,1.32266,1.32419,2155.0
2021-12-15 06:00:00,1.32419,1.32824,1.32363,1.32598,11604.0
2021-12-15 10:00:00,1.32598,1.32676,1.32461,1.32559,11272.0
2021-12-15 14:00:00,1.32559,1.32588,1.32057,1.32117,15102.0
2021-12-15 18:00:00,1.32118,1.3273,1.31713,1.32616,29306.0
2021-12-15 22:00:00,1.32567,1.32684,1.3248,1.32531,4509.0
2021-12-16 02:00:00,1.32531,1.32554,1.32407,1.32426,4270.0
2021-12-16 06:00:00,1.32426,1.33024,1.32412,1.32914,12953.0
2021-12-16 10:00:00,1.32914,1.33742,1.3258,1.33562,28020.0
2021-12-16 14:00:00,1.33562,1.33571,1.33068,1.33189,20615.0
2021-12-16 18:00:00,1.33189,1.33279,1.33019,1.3322,7684.0
2021-12-16 22:00:00,1.33183,1.33309,1.33115,1.33251,4051.0
2021-12-17 02:00:00,1.33251,1.33361,1.33185,1.33355,4203.0
2021-12-17 06:00:00,1.33355,1.3339,1.33057,1.33174,14952.0
2021-12-17 10:00:00,1.33174,1.33175,1.32801,1.32898,12712.0
2021-12-17 14:00:00,1.32898,1.32979,1.32551,1.32607,17260.0
2021-12-17 18:00:00,1.32607,1.32653,1.32296,1.32338,8711.0
2021-12-19 22:00:00,1.32391,1.32448,1.32215,1.32273,4480.0
2021-12-20 02:00:00,1.32273,1.32316,1.32189,1.3222,3981.0
2021-12-20 06:00:00,1.3222,1.32248,1.3173,1.31845,12038.0
2021-12-20 10:00:00,1.31845,1.3244,1.31831,1.3239,12021.0
2021-12-20 14:00:00,1.32388,1.32424,1.32052,1.32105,15421.0
2021-12-20 18:00:00,1.32104,1.32183,1.31995,1.32086,7391.0
2022-01-04 22:00:00,1.35281,1.35398,1.35213,1.35386,2934.0
2022-01-05 02:00:00,1.35386,1.35395,1.35221,1.35275,2338.0
2022-01-05 06:00:00,1.35275,1.35542,1.35265,1.35317,9279.0
2022-01-05 10:00:00,1.35317,1.35556,1.35274,1.35484,12633.0
2022-01-05 14:00:00,1.35484,1.35901,1.35451,1.35885,14955.0
2022-01-05 18:00:00,1.35885,1.35981,1.35479,1.35557,13724.0
2022-01-05 22:00:00,1.35538,1.35578,1.35372,1.35517,2862.0
2022-01-06 02:00:00,1.35517,1.35518,1.35249,1.35301,4071.0
2022-01-06 06:00:00,1.35301,1.35301,1.34899,1.35118,10674.0
2022-01-06 10:00:00,1.35118,1.35461,1.35097,1.35341,14078.0
2022-01-06 14:00:00,1.35341,1.35584,1.35155,1.35303,20152.0
2022-01-06 18:00:00,1.35303,1.35383,1.35219,1.35357,6114.0
2022-01-06 22:00:00,1.35276,1.35527,1.35271,1.35525,8023.0
2022-01-07 02:00:00,1.35525,1.35528,1.35419,1.3544,2067.0
2022-01-07 06:00:00,1.3544,1.35565,1.35267,1.35546,7085.0
2022-01-07 10:00:00,1.35546,1.3565,1.35292,1.35387,13847.0
2022-01-07 14:00:00,1.35387,1.35834,1.35351,1.35792,18076.0
2022-01-07 18:00:00,1.35792,1.35971,1.35752,1.35912,3822.0
2022-01-09 22:00:00,1.35697,1.35972,1.35665,1.35939,4635.0
2022-01-10 02:00:00,1.35939,1.35962,1.358,1.35849,2475.0
2022-01-10 06:00:00,1.35849,1.36034,1.3574,1.35819,9535.0
2022-01-10 10:00:00,1.35819,1.35971,1.35517,1.35532,11737.0
2022-01-10 14:00:00,1.35533,1.35705,1.35318,1.35627,15697.0
2022-01-10 18:00:00,1.35626,1.35803,1.35603,1.35798,7586.0
2022-01-10 22:00:00,1.35757,1.35874,1.35447,1.35798,3374.0
2022-01-11 02:00:00,1.35798,1.35998,1.35785,1.35965,3201.0
2022-01-11 06:00:00,1.35965,1.36193,1.35792,1.36088,11572.0
2022-01-11 10:00:00,1.36088,1.3612,1.35649,1.35733,12380.0
2022-01-11 14:00:00,1.35733,1.36238,1.35611,1.36163,16988.0
2022-01-11 18:00:00,1.36163,1.3636,1.36109,1.3634,5506.0
2022-01-11 22:00:00,1.3635,1.36422,1.36277,1.36332,3596.0
2022-01-12 02:00:00,1.36329,1.36455,1.36322,1.36412,2393.0
2022-01-12 06:00:00,1.36409,1.36442,1.36222,1.36269,6845.0
2022-01-12 10:00:00,1.36269,1.36833,1.36206,1.36765,13308.0
2022-01-12 14:00:00,1.36765,1.37083,1.36669,1.37067,16385.0
2022-01-12 18:00:00,1.37067,1.37133,1.37003,1.37034,6596.0
2022-01-12 22:00:00,1.36965,1.37121,1.36965,1.37072,2939.0
2022-01-13 02:00:00,1.37072,1.37187,1.37069,1.37096,3557.0
2022-01-13 06:00:00,1.37097,1.37466,1.37048,1.3737,7921.0
2022-01-13 10:00:00,1.3737,1.37485,1.37129,1.37381,11743.0
2022-01-13 14:00:00,1.37383,1.37481,1.37084,1.3712,15943.0
2022-01-13 18:00:00,1.37121,1.37224,1.37003,1.37071,6079.0
2022-01-13 22:00:00,1.37044,1.37182,1.37041,1.37121,3646.0
2022-01-14 02:00:00,1.37121,1.37371,1.37114,1.37324,4334.0
2022-01-14 06:00:00,1.37324,1.37431,1.37152,1.37338,10565.0
2022-01-14 10:00:00,1.37338,1.37338,1.36945,1.37003,13763.0
2022-01-14 14:00:00,1.37003,1.37041,1.36535,1.36551,21596.0
2022-01-14 18:00:00,1.36551,1.36833,1.36532,1.36825,6666.0
2022-01-16 22:00:00,1.36704,1.36773,1.36626,1.36665,4443.0
2022-01-17 02:00:00,1.36666,1.36815,1.36637,1.36732,3420.0
2022-01-17 06:00:00,1.36732,1.36894,1.36691,1.3679,8947.0
2022-01-17 10:00:00,1.3679,1.36865,1.36369,1.36515,11572.0
2022-01-17 14:00:00,1.36515,1.36632,1.36408,1.36504,9445.0
2022-01-17 18:00:00,1.36504,1.3651,1.36415,1.36418,1570.0
2022-01-17 22:00:00,1.36445,1.36611,1.36384,1.36587,2508.0
2022-01-18 02:00:00,1.36587,1.36603,1.36209,1.36341,7722.0
2022-01-18 06:00:00,1.3634,1.36519,1.36207,1.36257,14512.0
2022-01-18 10:00:00,1.36257,1.36274,1.35798,1.35994,16925.0
2022-01-18 14:00:00,1.35994,1.35994,1.35726,1.35769,21524.0
2022-01-18 18:00:00,1.35769,1.36034,1.3573,1.35977,9514.0
2022-01-18 22:00:00,1.35939,1.3602,1.35835,1.36005,5769.0
2022-01-19 02:00:00,1.36006,1.36092,1.35926,1.36082,6195.0
2022-01-19 06:00:00,1.36082,1.36196,1.35876,1.36129,14663.0
2022-01-19 10:00:00,1.36129,1.36443,1.36091,1.36287,13463.0
2022-01-19 14:00:00,1.36287,1.36484,1.36219,1.36254,15142.0
2022-01-19 18:00:00,1.36254,1.36343,1.36113,1.36114,6630.0
2022-01-19 22:00:00,1.36096,1.36356,1.36046,1.36277,4883.0
2022-01-20 02:00:00,1.36277,1.36297,1.3618,1.36234,4640.0
2022-01-20 06:00:00,1.36234,1.3637,1.36184,1.36267,11025.0
2022-01-20 10:00:00,1.36266,1.36341,1.35985,1.36325,11776.0
2022-01-20 14:00:00,1.36325,1.36613,1.36253,1.36259,14125.0
2022-01-20 18:00:00,1.36259,1.3627,1.35865,1.35974,7778.0
2022-01-27 22:00:00,1.33795,1.33945,1.33709,1.33937,4675.0
2022-01-28 02:00:00,1.33937,1.3415,1.3391,1.34126,6367.0
2022-01-28 06:00:00,1.34126,1.34145,1.33647,1.33816,12895.0
2022-01-28 10:00:00,1.33816,1.34264,1.33693,1.34263,17961.0
2022-01-28 14:00:00,1.34263,1.34324,1.33878,1.33883,23837.0
2022-01-28 18:00:00,1.33883,1.34007,1.33731,1.33939,8893.0
2022-01-30 22:00:00,1.33935,1.34139,1.3386,1.34131,5725.0
2022-01-31 02:00:00,1.34131,1.34202,1.34073,1.34173,3497.0
2022-01-31 06:00:00,1.34173,1.34485,1.34146,1.34448,10680.0
2022-01-31 10:00:00,1.34448,1.34481,1.33926,1.34428,14019.0
2022-01-31 14:00:00,1.34426,1.34544,1.34052,1.34363,20487.0
2022-01-31 18:00:00,1.34363,1.34599,1.34352,1.34441,10066.0
2022-01-31 22:00:00,1.34447,1.34481,1.34317,1.34384,3567.0
2022-02-01 02:00:00,1.34384,1.34566,1.34349,1.34519,4570.0
2022-02-01 06:00:00,1.34519,1.3501,1.34422,1.34979,11352.0
2022-02-01 10:00:00,1.34979,1.35138,1.34759,1.3495,12162.0
2022-02-01 14:00:00,1.3495,1.35191,1.34855,1.35055,19114.0
2022-02-01 18:00:00,1.35056,1.35277,1.35048,1.35239,6604.0
2022-02-01 22:00:00,1.35178,1.35269,1.35072,1.35256,2843.0
2022-02-02 02:00:00,1.35256,1.35271,1.35161,1.35201,3196.0
2022-02-02 06:00:00,1.35201,1.35476,1.35191,1.3541,9790.0
2022-02-02 10:00:00,1.3541,1.35872,1.35355,1.35601,12171.0
2022-02-02 14:00:00,1.35601,1.35831,1.35542,1.35773,16620.0
2022-02-02 18:00:00,1.35773,1.35862,1.35686,1.35731,5657.0
2022-02-02 22:00:00,1.3573,1.35774,1.35562,1.35646,3019.0
2022-02-03 02:00:00,1.35646,1.35669,1.35504,1.35529,4005.0
2022-02-03 06:00:00,1.35529,1.35613,1.35472,1.35577,10574.0
2022-02-03 10:00:00,1.35577,1.36275,1.35377,1.35821,28437.0
2022-02-03 14:00:00,1.3582,1.36193,1.35687,1.36077,28517.0
2022-02-03 18:00:00,1.36076,1.36085,1.35848,1.35986,8035.0
2022-02-03 22:00:00,1.35958,1.36119,1.35865,1.36039,3376.0
2022-02-04 02:00:00,1.36039,1.36146,1.35944,1.35962,4733.0
2022-02-04 06:00:00,1.35962,1.35976,1.35656,1.35687,14286.0
2022-02-04 10:00:00,1.35687,1.35792,1.35045,1.3512,21773.0
2022-02-04 14:00:00,1.35123,1.35509,1.35077,1.35346,24407.0
2022-02-04 18:00:00,1.35346,1.35475,1.35233,1.35268,7788.0
2022-02-06 22:00:00,1.3532,1.35413,1.35268,1.35327,4399.0
2022-02-07 02:00:00,1.35327,1.35349,1.35152,1.35202,5236.0
2022-02-07 06:00:00,1.35202,1.35508,1.35145,1.35156,12223.0
2022-02-07 10:00:00,1.35156,1.35238,1.34904,1.35218,13705.0
2022-02-07 14:00:00,1.35218,1.35357,1.35017,1.35166,16146.0
2022-02-07 18:00:00,1.35166,1.35379,1.35155,1.35349,4941.0
2022-02-07 22:00:00,1.35353,1.35388,1.3501,1.35353,4180.0
2022-02-08 02:00:00,1.35353,1.35362,1.35112,1.35174,4808.0
2022-02-08 06:00:00,1.35174,1.35545,1.35072,1.35511,11000.0
2022-02-08 10:00:00,1.35511,1.35635,1.35154,1.3538,12079.0
2022-02-08 14:00:00,1.3538,1.35561,1.35351,1.35438,11350.0
2022-02-08 18:00:00,1.35438,1.35555,1.3537,1.35472,5575.0
2022-02-08 22:00:00,1.3536,1.35552,1.35352,1.35551,2531.0
2022-02-09 02:00:00,1.35551,1.35658,1.35545,1.35551,3042.0
2022-02-09 06:00:00,1.35551,1.35731,1.35372,1.35686,8724.0
2022-02-09 10:00:00,1.35686,1.35889,1.35636,1.35792,9620.0
2022-02-09 14:00:00,1.35792,1.35796,1.35292,1.35383,11609.0
2022-02-09 18:00:00,1.35384,1.35407,1.35261,1.35344,5026.0
2022-02-09 22:00:00,1.35336,1.35368,1.35259,1.35309,3593.0
2022-02-10 02:00:00,1.35309,1.35362,1.35258,1.35304,4881.0
2022-02-10 06:00:00,1.35304,1.35737,1.35287,1.35713,10141.0
2022-02-10 10:00:00,1.35713,1.35803,1.35233,1.35462,14950.0
2022-02-10 14:00:00,1.35465,1.36433,1.35229,1.36116,32697.0
2022-02-10 18:00:00,1.36116,1.36204,1.35404,1.35604,18037.0
2022-02-10 22:00:00,1.35514,1.35651,1.35328,1.35497,7540.0
2022-02-11 02:00:00,1.35497,1.35551,1.35195,1.35325,7123.0
2022-02-11 06:00:00,1.35325,1.35687,1.35138,1.35557,15541.0
2022-02-11 10:00:00,1.35557,1.35987,1.35465,1.35729,11615.0
2022-02-11 14:00:00,1.3573,1.3609,1.35671,1.36007,20009.0
2022-02-11 18:00:00,1.36007,1.36047,1.35407,1.35593,38024.0
2022-02-13 22:00:00,1.35472,1.35715,1.35417,1.35537,5782.0
2022-02-14 02:00:00,1.35537,1.35538,1.35342,1.35466,4914.0
2022-02-14 06:00:00,1.35466,1.35466,1.34946,1.35128,15172.0
2022-02-14 10:00:00,1.35128,1.35471,1.35015,1.35275,18920.0
2022-02-14 14:00:00,1.35275,1.35395,1.35087,1.35305,20868.0
2022-02-14 18:00:00,1.35305,1.35404,1.35147,1.35319,14609.0
2022-03-02 22:00:00,1.34044,1.34051,1.3377,1.33835,7861.0
2022-03-03 02:00:00,1.33835,1.34118,1.33772,1.34077,5631.0
2022-03-03 06:00:00,1.34077,1.34174,1.33682,1.33804,13919.0
2022-03-03 10:00:00,1.33804,1.33925,1.33626,1.3378,14984.0
2022-03-03 14:00:00,1.3378,1.33923,1.33171,1.33335,26011.0
2022-03-03 18:00:00,1.33335,1.33566,1.33286,1.33477,8739.0
2022-03-03 22:00:00,1.3346,1.33533,1.33148,1.33451,14700.0
2022-03-04 02:00:00,1.3345,1.3348,1.33329,1.33378,8483.0
2022-03-04 06:00:00,1.33378,1.33448,1.33025,1.33042,13418.0
2022-03-04 10:00:00,1.33041,1.33166,1.32197,1.32304,21100.0
2022-03-04 14:00:00,1.32304,1.32484,1.3202,1.32276,24319.0
2022-03-04 18:00:00,1.32278,1.32492,1.32166,1.32275,10390.0
2022-03-06 22:00:00,1.32264,1.32376,1.31846,1.32011,16151.0
2022-03-07 02:00:00,1.32011,1.32233,1.31883,1.32136,11724.0
2022-03-07 06:00:00,1.32136,1.32284,1.31557,1.31683,23741.0
2022-03-07 10:00:00,1.31683,1.3214,1.31408,1.3173,31568.0
2022-03-07 14:00:00,1.3173,1.31979,1.31016,1.31115,32769.0
2022-03-07 18:00:00,1.31115,1.31306,1.31016,1.3103,15100.0
2022-03-07 22:00:00,1.31019,1.31282,1.31012,1.31226,6449.0
2022-03-08 02:00:00,1.31226,1.31306,1.31066,1.31109,7573.0
2022-03-08 06:00:00,1.31109,1.31309,1.30815,1.31201,28664.0
2022-03-08 10:00:00,1.312,1.31332,1.30852,1.31071,21252.0
2022-03-08 14:00:00,1.31071,1.31442,1.3089,1.31336,37856.0
2022-03-08 18:00:00,1.31334,1.31437,1.3092,1.31006,20734.0
2022-03-08 22:00:00,1.31006,1.31161,1.30875,1.31121,5664.0
2022-03-09 02:00:00,1.31121,1.31273,1.31056,1.31127,6244.0
2022-03-09 06:00:00,1.31127,1.31538,1.31044,1.31502,16003.0
2022-03-09 10:00:00,1.31502,1.31805,1.3137,1.31609,17702.0
2022-03-09 14:00:00,1.31609,1.31837,1.31468,1.31821,26496.0
2022-03-09 18:00:00,1.31821,1.31894,1.31597,1.31861,9659.0
2022-03-09 22:00:00,1.31744,1.31873,1.31431,1.31583,6280.0
2022-03-10 02:00:00,1.31583,1.3176,1.31505,1.31754,4976.0
2022-03-10 06:00:00,1.31754,1.31945,1.31462,1.31682,18613.0
2022-03-10 10:00:00,1.31682,1.31932,1.31414,1.31772,27975.0
2022-03-10 14:00:00,1.31769,1.31783,1.30914,1.30974,22335.0
2022-03-10 18:00:00,1.30974,1.3115,1.30813,1.30816,7888.0
2022-03-10 22:00:00,1.30822,1.3104,1.30747,1.308,4844.0
2022-03-11 02:00:00,1.308,1.30934,1.30689,1.30738,5336.0
2022-03-11 06:00:00,1.30737,1.31014,1.30508,1.30739,17445.0
2022-03-11 10:00:00,1.30737,1.31246,1.30703,1.30941,25055.0
2022-03-11 14:00:00,1.30941,1.30998,1.30418,1.30426,21674.0
2022-03-11 18:00:00,1.30425,1.30505,1.30269,1.30355,8695.0
2022-03-13 21:00:00,1.30362,1.30522,1.30266,1.30451,5336.0
2022-03-14 01:00:00,1.30451,1.30482,1.30095,1.30225,6794.0
2022-03-14 05:00:00,1.30225,1.30511,1.30129,1.30445,10622.0
2022-03-14 09:00:00,1.30445,1.3079,1.30189,1.30664,15400.0
2022-03-14 13:00:00,1.30663,1.30707,1.30322,1.30329,18483.0
2022-03-14 17:00:00,1.30329,1.30373,1.30007,1.3001,8255.0
2022-03-14 21:00:00,1.30011,1.3017,1.30004,1.30103,2966.0
2022-03-15 01:00:00,1.30102,1.3048,1.29997,1.30399,8335.0
2022-03-15 05:00:00,1.30401,1.3051,1.30177,1.30307,16089.0
2022-03-15 09:00:00,1.30307,1.3076,1.30197,1.30698,16279.0
2022-03-15 13:00:00,1.30694,1.30883,1.30396,1.30496,20688.0
2022-03-15 17:00:00,1.30494,1.30542,1.30206,1.30407,8503.0
2022-03-15 21:00:00,1.30414,1.30502,1.30239,1.30378,4692.0
2022-03-16 01:00:00,1.30378,1.30568,1.30355,1.30501,5468.0
2022-03-16 05:00:00,1.30501,1.30696,1.30357,1.3058,12137.0
2022-03-16 09:00:00,1.3058,1.31051,1.30523,1.30919,14705.0
2022-03-16 13:00:00,1.30918,1.31163,1.30743,1.3112,24227.0
2022-03-16 17:00:00,1.31119,1.31559,1.3043,1.31469,29220.0
2022-03-16 21:00:00,1.31478,1.31592,1.31254,1.31586,6826.0
2022-03-17 01:00:00,1.31586,1.31633,1.31339,1.31572,9364.0
2022-03-17 05:00:00,1.31572,1.3191,1.3148,1.3181,11934.0
2022-03-17 09:00:00,1.31813,1.3211,1.30874,1.30993,22937.0
2022-03-17 13:00:00,1.30994,1.31724,1.30925,1.31703,18219.0
2022-03-17 17:00:00,1.31703,1.31735,1.31449,1.31489,8140.0
2022-03-30 21:00:00,1.31289,1.31423,1.3127,1.3141,7932.0
2022-03-31 01:00:00,1.31411,1.31435,1.31095,1.31153,8373.0
2022-03-31 05:00:00,1.3115,1.3148,1.31098,1.31207,15371.0
2022-03-31 09:00:00,1.31207,1.31407,1.31116,1.3139,16693.0
2022-03-31 13:00:00,1.31389,1.31751,1.3105,1.31382,24737.0
2022-03-31 17:00:00,1.31378,1.31522,1.31302,1.3143,7448.0
2022-03-31 21:00:00,1.31314,1.31511,1.31273,1.31368,8411.0
2022-04-01 01:00:00,1.31368,1.31393,1.31213,1.31304,6701.0
2022-04-01 05:00:00,1.31304,1.31388,1.31126,1.31286,13067.0
2022-04-01 09:00:00,1.31286,1.31454,1.31076,1.31119,14610.0
2022-04-01 13:00:00,1.31122,1.31178,1.3086,1.31041,16649.0
2022-04-01 17:00:00,1.31041,1.31155,1.30917,1.3113,7173.0
2022-04-03 21:00:00,1.30899,1.31162,1.30899,1.31115,4216.0
2022-04-04 01:00:00,1.31116,1.31197,1.31066,1.31177,4665.0
2022-04-04 05:00:00,1.31177,1.31367,1.31136,1.31148,11019.0
2022-04-04 09:00:00,1.31148,1.31236,1.30929,1.31067,13533.0
2022-04-04 13:00:00,1.31067,1.31284,1.30987,1.31037,13006.0
2022-04-04 17:00:00,1.31033,1.31201,1.30967,1.31147,5116.0
2022-04-04 21:00:00,1.31134,1.31173,1.31057,1.31105,2903.0
2022-04-05 01:00:00,1.31105,1.31235,1.31064,1.31199,5039.0
2022-04-05 05:00:00,1.31199,1.31446,1.31148,1.31197,12469.0
2022-04-05 09:00:00,1.31197,1.3142,1.31184,1.31355,11784.0
2022-04-05 13:00:00,1.31356,1.31665,1.30819,1.30846,19662.0
2022-04-05 17:00:00,1.30846,1.30957,1.30665,1.30721,7976.0
2022-04-05 21:00:00,1.3069,1.30827,1.30631,1.30643,4909.0
2022-04-06 01:00:00,1.30643,1.30775,1.30562,1.3068,6453.0
2022-04-06 05:00:00,1.3068,1.30982,1.30449,1.30968,15638.0
2022-04-06 09:00:00,1.30967,1.31078,1.30714,1.30935,14519.0
2022-04-06 13:00:00,1.30936,1.30992,1.3068,1.3076,16611.0
2022-04-06 17:00:00,1.3076,1.31025,1.3048,1.30675,19437.0
2022-04-06 21:00:00,1.30661,1.30808,1.30495,1.30762,3828.0
2022-04-07 01:00:00,1.30762,1.30834,1.30684,1.30817,5282.0
2022-04-07 05:00:00,1.30817,1.31061,1.30709,1.30724,13801.0
2022-04-07 09:00:00,1.30724,1.30948,1.30626,1.30696,15318.0
2022-04-07 13:00:00,1.30696,1.30841,1.30514,1.30541,17194.0
2022-04-07 17:00:00,1.3054,1.30762,1.30538,1.30722,9282.0
2022-04-07 21:00:00,1.30727,1.30841,1.30644,1.30695,4164.0
2022-04-08 01:00:00,1.30695,1.30767,1.30605,1.30605,4429.0
2022-04-08 05:00:00,1.30605,1.30736,1.30254,1.30433,12367.0
2022-04-08 09:00:00,1.30433,1.3052,1.30126,1.30228,10980.0
2022-04-08 13:00:00,1.30223,1.30339,1.2982,1.30313,14942.0
2022-04-08 17:00:00,1.30313,1.30392,1.30214,1.30356,5534.0
2022-04-10 21:00:00,1.30294,1.30393,1.30202,1.30204,4514.0
2022-04-11 01:00:00,1.30204,1.30315,1.30085,1.30164,7380.0
2022-04-11 05:00:00,1.30164,1.30348,1.29888,1.30283,14230.0
2022-04-11 09:00:00,1.30283,1.30565,1.30188,1.30362,12545.0
2022-04-11 13:00:00,1.30362,1.30462,1.30183,1.30245,14825.0
2022-04-11 17:00:00,1.30245,1.30382,1.30193,1.30275,5656.0
2022-04-11 21:00:00,1.30287,1.30375,1.30175,1.30198,4281.0
2022-04-12 01:00:00,1.30196,1.30312,1.30041,1.30256,5454.0
2022-04-12 05:00:00,1.30256,1.30343,1.30007,1.30025,14038.0
2022-04-12 09:00:00,1.30025,1.30498,1.29933,1.30488,15110.0
2022-04-12 13:00:00,1.30479,1.30536,1.30158,1.30218,24231.0
2022-04-12 17:00:00,1.30218,1.30248,1.29989,1.30008,8018.0
2022-04-12 21:00:00,1.3,1.30058,1.29869,1.29919,2909.0
2022-04-13 01:00:00,1.29921,1.30143,1.29914,1.30036,5848.0
2022-04-13 05:00:00,1.30036,1.30256,1.29724,1.30066,13282.0
2022-04-13 09:00:00,1.30066,1.30244,1.29899,1.29946,14157.0
2022-04-13 13:00:00,1.29945,1.31029,1.29926,1.30935,20724.0
2022-04-13 17:00:00,1.30935,1.31169,1.30886,1.31161,6507.0
2022-04-13 21:00:00,1.31161,1.31301,1.30947,1.31155,4002.0
2022-04-14 01:00:00,1.31156,1.31411,1.3113,1.31376,5826.0
2022-04-14 05:00:00,1.31376,1.31469,1.31261,1.31352,9398.0
2022-04-14 09:00:00,1.31352,1.3146,1.30941,1.30959,16745.0
2022-04-14 13:00:00,1.30959,1.30968,1.30333,1.30568,24416.0
2022-04-14 17:00:00,1.30568,1.30823,1.30565,1.30785,5443.0
2022-04-14 21:00:00,1.30612,1.30774,1.30314,1.3056,7088.0
2022-04-15 01:00:00,1.3056,1.30696,1.30429,1.30679,21548.0
2022-04-15 05:00:00,1.30679,1.30738,1.30444,1.30647,59472.0
2022-04-15 09:00:00,1.30645,1.30705,1.30539,1.30634,59859.0
2022-04-15 13:00:00,1.30632,1.30688,1.30569,1.30623,10968.0
2022-04-15 17:00:00,1.30623,1.30663,1.30523,1.30566,14066.0
2022-05-03 21:00:00,1.24952,1.25055,1.24746,1.24958,3940.0
2022-05-04 01:00:00,1.24958,1.25004,1.24816,1.24819,4887.0
2022-05-04 05:00:00,1.24819,1.25242,1.24665,1.25147,10884.0
2022-05-04 09:00:00,1.25148,1.25361,1.25021,1.25297,11189.0
2022-05-04 13:00:00,1.25297,1.25373,1.2467,1.24938,18912.0
2022-05-04 17:00:00,1.24939,1.26376,1.24512,1.26357,46310.0
2022-05-04 21:00:00,1.26241,1.26336,1.26006,1.26089,6776.0
2022-05-05 01:00:00,1.26089,1.26327,1.25412,1.25466,10658.0
2022-05-05 05:00:00,1.25466,1.25678,1.25168,1.25459,17726.0
2022-05-05 09:00:00,1.25459,1.25783,1.2361,1.23887,32959.0
2022-05-05 13:00:00,1.23887,1.24119,1.23259,1.23377,28416.0
2022-05-05 17:00:00,1.23376,1.23688,1.23247,1.23552,19078.0
2022-05-05 21:00:00,1.23561,1.238,1.23505,1.23657,10095.0
2022-05-06 01:00:00,1.23657,1.23736,1.2333,1.23674,15820.0
2022-05-06 05:00:00,1.23675,1.23675,1.22758,1.23398,30192.0
2022-05-06 09:00:00,1.23399,1.23791,1.23177,1.23224,27064.0
2022-05-06 13:00:00,1.23219,1.23699,1.23006,1.23567,41812.0
2022-05-06 17:00:00,1.23567,1.23622,1.23225,1.23324,16073.0
2022-05-08 21:00:00,1.23445,1.23445,1.23018,1.23035,8213.0
2022-05-09 01:00:00,1.23034,1.2312,1.22809,1.22831,13229.0
2022-05-09 05:00:00,1.22831,1.23072,1.22601,1.227,20009.0
2022-05-09 09:00:00,1.22701,1.24059,1.22686,1.23891,25499.0
2022-05-09 13:00:00,1.23896,1.23904,1.23005,1.23477,28589.0
2022-05-09 17:00:00,1.23476,1.2355,1.23253,1.23279,17525.0
2022-05-09 21:00:00,1.23288,1.23417,1.23176,1.23302,8005.0
2022-05-10 01:00:00,1.23302,1.23719,1.23235,1.23652,16176.0
2022-05-10 05:00:00,1.23651,1.23755,1.23166,1.2337,21698.0
2022-05-10 09:00:00,1.23369,1.23584,1.23036,1.23185,18157.0
2022-05-10 13:00:00,1.23184,1.2341,1.22914,1.23097,33652.0
2022-05-10 17:00:00,1.23097,1.23305,1.23024,1.23165,14985.0
2022-05-10 21:00:00,1.23084,1.2326,1.23046,1.23167,5033.0
2022-05-11 01:00:00,1.23167,1.23399,1.23115,1.23354,9149.0
2022-05-11 05:00:00,1.23354,1.23728,1.23226,1.23727,17589.0
2022-05-11 09:00:00,1.23727,1.23896,1.22766,1.22871,25719.0
2022-05-11 13:00:00,1.22869,1.23998,1.22819,1.22896,43461.0
2022-05-11 17:00:00,1.22897,1.22928,1.2237,1.22459,26877.0
2022-05-11 21:00:00,1.22474,1.22524,1.22244,1.22445,8348.0
2022-05-12 01:00:00,1.22444,1.22458,1.22067,1.22076,16038.0
2022-05-12 05:00:00,1.22076,1.2221,1.21792,1.21795,31711.0
2022-05-12 09:00:00,1.21795,1.22474,1.21644,1.22276,24875.0
2022-05-12 13:00:00,1.22276,1.22432,1.21875,1.21911,33791.0
2022-05-12 17:00:00,1.21912,1.21992,1.21731,1.21975,19924.0
2022-05-12 21:00:00,1.21985,1.22138,1.21913,1.22073,6115.0
2022-05-13 01:00:00,1.22073,1.22268,1.21927,1.22222,13342.0
2022-05-13 05:00:00,1.22223,1.22312,1.21989,1.2205,20116.0
2022-05-13 09:00:00,1.2205,1.22162,1.21741,1.21995,15732.0
2022-05-13 13:00:00,1.21995,1.22485,1.2155,1.2236,26272.0
2022-05-13 17:00:00,1.2236,1.22613,1.222,1.22606,10514.0
2022-05-15 21:00:00,1.22399,1.22706,1.22338,1.22692,9987.0
2022-05-16 01:00:00,1.22692,1.22961,1.22327,1.22401,14410.0
2022-05-16 05:00:00,1.22401,1.22529,1.22166,1.22354,20093.0
2022-05-16 09:00:00,1.22354,1.22705,1.22188,1.22536,15443.0
2022-05-16 13:00:00,1.22537,1.2281,1.22359,1.22754,25046.0
2022-05-16 17:00:00,1.22752,1.23293,1.22734,1.23211,10379.0
2022-05-16 21:00:00,1.23165,1.23368,1.23126,1.2329,6383.0
2022-05-17 01:00:00,1.2329,1.23464,1.23202,1.23424,12534.0
2022-05-17 05:00:00,1.23424,1.24825,1.23346,1.2476,23033.0
2022-05-17 09:00:00,1.2476,1.24985,1.24424,1.24882,28945.0
2022-05-17 13:00:00,1.24882,1.24893,1.24491,1.24804,22816.0
2022-05-17 17:00:00,1.24805,1.24937,1.24523,1.24926,21949.0
2022-05-17 21:00:00,1.24903,1.25004,1.24823,1.24883,9731.0
2022-05-18 01:00:00,1.24883,1.24928,1.24628,1.24717,10104.0
2022-05-18 05:00:00,1.24717,1.2495,1.23712,1.23741,21736.0
2022-05-18 09:00:00,1.23739,1.24356,1.23734,1.24192,17797.0
2022-05-18 13:00:00,1.24192,1.2426,1.23731,1.23825,23798.0
2022-05-18 17:00:00,1.23825,1.23835,1.23296,1.23404,12584.0
2022-06-02 21:00:00,1.25761,1.25894,1.2571,1.25783,3668.0
2022-06-03 01:00:00,1.25783,1.25844,1.25684,1.25699,8560.0
2022-06-03 05:00:00,1.257,1.25832,1.25589,1.2574,10448.0
2022-06-03 09:00:00,1.2574,1.25763,1.25205,1.25349,13483.0
2022-06-03 13:00:00,1.25349,1.25732,1.24915,1.25144,20952.0
2022-06-03 17:00:00,1.25144,1.25151,1.24851,1.24865,6729.0
2022-06-05 21:00:00,1.24879,1.25021,1.24807,1.2482,5804.0
2022-06-06 01:00:00,1.2482,1.25004,1.24763,1.24992,7205.0
2022-06-06 05:00:00,1.24992,1.25772,1.24903,1.25724,18321.0
2022-06-06 09:00:00,1.25724,1.25729,1.25412,1.2556,12876.0
2022-06-06 13:00:00,1.2556,1.25605,1.25248,1.25395,19687.0
2022-06-06 17:00:00,1.25395,1.25478,1.2526,1.25284,8104.0
2022-06-06 21:00:00,1.25302,1.2532,1.25126,1.25164,6582.0
2022-06-07 01:00:00,1.25163,1.25224,1.24882,1.24913,13129.0
2022-06-07 05:00:00,1.24914,1.25341,1.24299,1.2494,28676.0
2022-06-07 09:00:00,1.2494,1.25191,1.24859,1.24865,18702.0
2022-06-07 13:00:00,1.24866,1.25991,1.24818,1.25929,22311.0
2022-06-07 17:00:00,1.25929,1.25991,1.25722,1.25907,8298.0
2022-06-07 21:00:00,1.25879,1.25971,1.25725,1.25749,6009.0
2022-06-08 01:00:00,1.25749,1.25864,1.25564,1.2557,11752.0
2022-06-08 05:00:00,1.25568,1.25836,1.25182,1.25216,20411.0
2022-06-08 09:00:00,1.25216,1.25595,1.25129,1.25363,18718.0
2022-06-08 13:00:00,1.25363,1.25642,1.2531,1.25471,19873.0
2022-06-08 17:00:00,1.25471,1.2548,1.25343,1.25356,7831.0
2022-06-08 21:00:00,1.25304,1.25458,1.25282,1.2534,9435.0
2022-06-09 01:00:00,1.25339,1.25481,1.25197,1.25285,8526.0
2022-06-09 05:00:00,1.25285,1.25325,1.24919,1.25255,18690.0
2022-06-09 09:00:00,1.25255,1.25482,1.25132,1.25312,29655.0
2022-06-09 13:00:00,1.25311,1.25582,1.25068,1.25144,32591.0
2022-06-09 17:00:00,1.25143,1.25224,1.24869,1.2495,10778.0
2022-06-09 21:00:00,1.24921,1.24997,1.24821,1.24992,4689.0
2022-06-10 01:00:00,1.24992,1.25012,1.24788,1.2496,10325.0
2022-06-10 05:00:00,1.2496,1.25172,1.2469,1.24819,21901.0
2022-06-10 09:00:00,1.24817,1.24837,1.23823,1.2383,25041.0
2022-06-10 13:00:00,1.2383,1.24138,1.23093,1.23109,34393.0
2022-06-10 17:00:00,1.2311,1.23226,1.23008,1.23097,15698.0
2022-06-12 21:00:00,1.23146,1.23196,1.22705,1.22752,13917.0
2022-06-13 01:00:00,1.22752,1.22914,1.22613,1.22854,14349.0
2022-06-13 05:00:00,1.22854,1.23003,1.2212,1.22194,30693.0
2022-06-13 09:00:00,1.22193,1.22223,1.21609,1.21945,27217.0
2022-06-13 13:00:00,1.21946,1.22001,1.21233,1.21734,34593.0
2022-06-13 17:00:00,1.21734,1.21865,1.21064,1.21291,29172.0
2022-06-13 21:00:00,1.21317,1.21608,1.21179,1.21552,13828.0
2022-06-14 01:00:00,1.21552,1.21958,1.21337,1.21761,22970.0
2022-06-14 05:00:00,1.21761,1.22076,1.21494,1.21524,32440.0
2022-06-14 09:00:00,1.21524,1.2159,1.20621,1.20767,35100.0
2022-06-14 13:00:00,1.20768,1.20837,1.19888,1.19945,45512.0
2022-06-14 17:00:00,1.19939,1.20308,1.19336,1.19964,22306.0
2022-06-14 21:00:00,1.19951,1.20186,1.19818,1.20185,16630.0
2022-06-15 01:00:00,1.20185,1.20408,1.19981,1.20012,14748.0
2022-06-15 05:00:00,1.20012,1.20892,1.19891,1.20881,36347.0
2022-06-15 09:00:00,1.20881,1.21246,1.20582,1.20632,37269.0
2022-06-15 13:00:00,1.20633,1.20969,1.20456,1.20638,30460.0
2022-06-15 17:00:00,1.20638,1.22043,1.20277,1.21725,55878.0
2022-06-15 21:00:00,1.2175,1.21893,1.21577,1.21779,13985.0
2022-06-16 01:00:00,1.2178,1.21854,1.21413,1.2146,14593.0
2022-06-16 05:00:00,1.2146,1.21547,1.20581,1.21278,32011.0
2022-06-16 09:00:00,1.21278,1.22465,1.20402,1.22209,52633.0
2022-06-16 13:00:00,1.22209,1.24062,1.22208,1.23799,46414.0
2022-06-16 17:00:00,1.23798,1.23976,1.2344,1.2352,26168.0
2022-06-16 21:00:00,1.23542,1.23599,1.23193,1.23247,20922.0
2022-06-17 01:00:00,1.23247,1.23309,1.22853,1.23054,22845.0
2022-06-17 05:00:00,1.23054,1.23427,1.22518,1.23156,35219.0
2022-06-17 09:00:00,1.23156,1.23352,1.22519,1.22667,29705.0
2022-06-17 13:00:00,1.22666,1.22679,1.21724,1.2188,39826.0
2022-06-17 17:00:00,1.21879,1.22325,1.2187,1.22113,17946.0
2022-07-04 21:00:00,1.2106,1.21185,1.20964,1.21108,13200.0
2022-07-05 01:00:00,1.21108,1.21224,1.20979,1.21127,11722.0
2022-07-05 05:00:00,1.21124,1.21251,1.20424,1.20438,27929.0
2022-07-05 09:00:00,1.20438,1.20565,1.19592,1.1969,29202.0
2022-07-05 13:00:00,1.1969,1.19719,1.18981,1.19238,36959.0
2022-07-05 17:00:00,1.19238,1.19591,1.19164,1.19576,15676.0
2022-07-05 21:00:00,1.19355,1.19647,1.19233,1.19645,8744.0
2022-07-06 01:00:00,1.19645,1.19714,1.19264,1.1935,13714.0
2022-07-06 05:00:00,1.1935,1.19895,1.19108,1.19597,32467.0
2022-07-06 09:00:00,1.19597,1.19636,1.18755,1.18968,36258.0
2022-07-06 13:00:00,1.18968,1.19404,1.18856,1.19091,46715.0
2022-07-06 17:00:00,1.19091,1.19451,1.19075,1.1922,26375.0
2022-07-06 21:00:00,1.19226,1.19301,1.19086,1.19254,9450.0
2022-07-07 01:00:00,1.19255,1.19528,1.1915,1.19477,17549.0
2022-07-07 05:00:00,1.19478,1.19941,1.19331,1.19687,27398.0
2022-07-07 09:00:00,1.19685,1.20232,1.19543,1.19639,32423.0
2022-07-07 13:00:00,1.19637,1.20139,1.19476,1.20077,33028.0
2022-07-07 17:00:00,1.20082,1.20295,1.19962,1.20236,10327.0
2022-07-07 21:00:00,1.20218,1.20518,1.20113,1.20497,6390.0
2022-07-08 01:00:00,1.20497,1.20555,1.19962,1.20143,16499.0
2022-07-08 05:00:00,1.20142,1.20144,1.19193,1.19347,27163.0
2022-07-08 09:00:00,1.19347,1.20295,1.19276,1.19864,32468.0
2022-07-08 13:00:00,1.19864,1.20477,1.1971,1.20189,33402.0
2022-07-08 17:00:00,1.20189,1.20361,1.20118,1.20312,9167.0
2022-07-10 21:00:00,1.2005,1.20368,1.20033,1.20084,12449.0
2022-07-11 01:00:00,1.20088,1.20094,1.19767,1.19877,12930.0
2022-07-11 05:00:00,1.19876,1.19893,1.1953,1.1966,20703.0
2022-07-11 09:00:00,1.19659,1.19772,1.1907,1.19227,23167.0
2022-07-11 13:00:00,1.19227,1.19228,1.18662,1.18829,33068.0
2022-07-11 17:00:00,1.18829,1.19093,1.18805,1.18897,12305.0
2022-07-11 21:00:00,1.18888,1.19095,1.18827,1.18926,12866.0
2022-07-12 01:00:00,1.18927,1.18935,1.186,1.18642,20787.0
2022-07-12 05:00:00,1.18643,1.18733,1.18068,1.18292,32959.0
2022-07-12 09:00:00,1.18292,1.18817,1.18119,1.18589,30638.0
2022-07-12 13:00:00,1.18583,1.19158,1.18583,1.19099,31219.0
2022-07-12 17:00:00,1.19103,1.19126,1.18813,1.18876,11672.0
2022-07-12 21:00:00,1.18828,1.1889,1.18743,1.18794,7637.0
2022-07-13 01:00:00,1.18794,1.19191,1.187,1.19012,19986.0
2022-07-13 05:00:00,1.19012,1.19363,1.18762,1.189,32343.0
2022-07-13 09:00:00,1.189,1.19433,1.18266,1.18552,32297.0
2022-07-13 13:00:00,1.1855,1.19671,1.18429,1.1921,47685.0
2022-07-13 17:00:00,1.1921,1.19323,1.18861,1.18898,19806.0
2022-07-13 21:00:00,1.18889,1.18934,1.18498,1.18573,11093.0
2022-07-14 01:00:00,1.18576,1.1884,1.18463,1.18604,17840.0
2022-07-14 05:00:00,1.18604,1.1875,1.18234,1.18418,30119.0
2022-07-14 09:00:00,1.18419,1.18768,1.18107,1.18114,34126.0
2022-07-14 13:00:00,1.18114,1.18423,1.17598,1.17795,47283.0
2022-07-14 17:00:00,1.17796,1.18384,1.17773,1.18243,22803.0
2022-07-14 21:00:00,1.18198,1.1841,1.18172,1.18266,9088.0
2022-07-15 01:00:00,1.18266,1.18513,1.18254,1.18311,17110.0
2022-07-15 05:00:00,1.18311,1.18448,1.18042,1.18268,30859.0
2022-07-15 09:00:00,1.18266,1.18527,1.1807,1.18466,31699.0
2022-07-15 13:00:00,1.18467,1.18743,1.18135,1.18549,39474.0
2022-07-15 17:00:00,1.18552,1.18701,1.18487,1.18673,11227.0
2022-07-17 21:00:00,1.18659,1.18905,1.1861,1.18826,11012.0
2022-07-18 01:00:00,1.18826,1.19064,1.1881,1.1886,12426.0
2022-07-18 05:00:00,1.1886,1.19654,1.18778,1.19458,25216.0
2022-07-18 09:00:00,1.19457,1.19914,1.19415,1.19793,27377.0
2022-07-18 13:00:00,1.19793,1.20331,1.19691,1.19764,27107.0
2022-07-18 17:00:00,1.19764,1.19802,1.19457,1.1951,14021.0
2022-07-18 21:00:00,1.19466,1.19574,1.19324,1.1935,9733.0
2022-07-19 01:00:00,1.19349,1.19562,1.19246,1.19455,11337.0
2022-07-19 05:00:00,1.19456,1.20239,1.19435,1.20205,31201.0
2022-07-19 09:00:00,1.20205,1.20395,1.19994,1.20116,29328.0
2022-07-19 13:00:00,1.20115,1.20453,1.20046,1.20071,30557.0
2022-07-19 17:00:00,1.20074,1.20105,1.19855,1.19976,10568.0
2022-08-04 21:00:00,1.21554,1.2163,1.21343,1.21377,10587.0
2022-08-05 01:00:00,1.21377,1.21463,1.21299,1.21403,10182.0
2022-08-05 05:00:00,1.21403,1.21688,1.21353,1.21441,18050.0
2022-08-05 09:00:00,1.21442,1.21486,1.20248,1.20269,25520.0
2022-08-05 13:00:00,1.2027,1.20836,1.20027,1.20772,38031.0
2022-08-05 17:00:00,1.20772,1.20939,1.20608,1.207,15333.0
2022-08-07 21:00:00,1.20668,1.207,1.20468,1.20562,5960.0
2022-08-08 01:00:00,1.20561,1.20801,1.20549,1.20765,7965.0
2022-08-08 05:00:00,1.20765,1.21225,1.20684,1.20849,18809.0
2022-08-08 09:00:00,1.2085,1.21219,1.20713,1.21207,19967.0
2022-08-08 13:00:00,1.21208,1.21375,1.20756,1.20769,29210.0
2022-08-08 17:00:00,1.20769,1.20929,1.20682,1.20802,11801.0
2022-08-08 21:00:00,1.2075,1.20886,1.2074,1.20778,13006.0
2022-08-09 01:00:00,1.20778,1.20853,1.20701,1.2084,7675.0
2022-08-09 05:00:00,1.2084,1.2122,1.20653,1.21182,15957.0
2022-08-09 09:00:00,1.21182,1.21299,1.20943,1.21069,19043.0
2022-08-09 13:00:00,1.21065,1.21283,1.20756,1.20824,24464.0
2022-08-09 17:00:00,1.20826,1.20861,1.20627,1.20739,8948.0
2022-08-09 21:00:00,1.20732,1.20902,1.20645,1.2068,6992.0
2022-08-10 01:00:00,1.20679,1.20843,1.20657,1.20828,7073.0
2022-08-10 05:00:00,1.20828,1.21054,1.20672,1.20948,14915.0
2022-08-10 09:00:00,1.20949,1.22501,1.20808,1.22188,26969.0
2022-08-10 13:00:00,1.22191,1.22767,1.2191,1.22474,40149.0
2022-08-10 17:00:00,1.22476,1.22611,1.22103,1.22168,13256.0
2022-08-10 21:00:00,1.22049,1.22209,1.22022,1.22085,10875.0
2022-08-11 01:00:00,1.22085,1.22092,1.21818,1.21903,9749.0
2022-08-11 05:00:00,1.21904,1.22454,1.21824,1.22419,22745.0
2022-08-11 09:00:00,1.22419,1.22441,1.21942,1.22351,28602.0
2022-08-11 13:00:00,1.22347,1.22491,1.21964,1.22237,32720.0
2022-08-11 17:00:00,1.22239,1.22266,1.21853,1.22012,13725.0
2022-08-11 21:00:00,1.21964,1.22034,1.21771,1.21843,7217.0
2022-08-12 01:00:00,1.21845,1.21966,1.21784,1.21893,8867.0
2022-08-12 05:00:00,1.21893,1.22162,1.21672,1.21785,22359.0
2022-08-12 09:00:00,1.21785,1.21785,1.21082,1.21111,23719.0
2022-08-12 13:00:00,1.21111,1.21439,1.20995,1.21288,33534.0
2022-08-12 17:00:00,1.21288,1.21464,1.21268,1.2134,10154.0
2022-08-14 21:00:00,1.21233,1.2148,1.21114,1.21423,5705.0
2022-08-15 01:00:00,1.21423,1.21451,1.2108,1.2115,13605.0
2022-08-15 05:00:00,1.2115,1.21211,1.20687,1.20742,16827.0
2022-08-15 09:00:00,1.20741,1.21148,1.20499,1.20888,23851.0
2022-08-15 13:00:00,1.20888,1.2109,1.20684,1.20844,21065.0
2022-08-15 17:00:00,1.20846,1.2086,1.20499,1.20542,8924.0
2022-08-15 21:00:00,1.2052,1.2059,1.20379,1.20396,9405.0
2022-08-16 01:00:00,1.20396,1.206,1.20351,1.20513,8028.0
2022-08-16 05:00:00,1.20513,1.2058,1.20076,1.20367,22772.0
2022-08-16 09:00:00,1.2037,1.20571,1.20128,1.20546,23448.0
2022-08-16 13:00:00,1.20546,1.21177,1.20482,1.20812,25968.0
2022-08-16 17:00:00,1.20812,1.21045,1.20791,1.20983,9619.0
2022-08-16 21:00:00,1.20913,1.21079,1.20798,1.2107,8082.0
2022-08-17 01:00:00,1.2107,1.21221,1.20976,1.21188,10210.0
2022-08-17 05:00:00,1.21188,1.21421,1.20774,1.2103,22537.0
2022-08-17 09:00:00,1.21031,1.2114,1.20477,1.20622,22638.0
2022-08-17 13:00:00,1.20623,1.20952,1.20277,1.20397,24587.0
2022-08-17 17:00:00,1.20397,1.20876,1.20351,1.20487,21044.0
2022-08-17 21:00:00,1.20469,1.206,1.20416,1.20509,10309.0
2022-08-18 01:00:00,1.20508,1.20587,1.20299,1.20397,11995.0
2022-08-18 05:00:00,1.20397,1.20578,1.19937,1.20474,22830.0
2022-08-18 09:00:00,1.20474,1.20791,1.20346,1.2049,23507.0
2022-08-18 13:00:00,1.2049,1.20532,1.19352,1.19366,25292.0
2022-08-18 17:00:00,1.19365,1.19435,1.19221,1.19317,13783.0
2022-08-18 21:00:00,1.19253,1.19359,1.1905,1.19057,13400.0
2022-08-19 01:00:00,1.19057,1.19258,1.18938,1.19018,11784.0
2022-08-19 05:00:00,1.19018,1.19255,1.18794,1.18952,20716.0
2022-08-19 09:00:00,1.18952,1.18961,1.18151,1.18473,24699.0
2022-08-19 13:00:00,1.18473,1.18572,1.17918,1.18251,24266.0
2022-08-19 17:00:00,1.18251,1.18341,1.18105,1.18294,10659.0
2022-09-04 21:00:00,1.14846,1.14961,1.14655,1.14802,14685.0
2022-09-05 01:00:00,1.14802,1.14927,1.14564,1.14643,15044.0
2022-09-05 05:00:00,1.14643,1.14936,1.14432,1.149,28699.0
2022-09-05 09:00:00,1.14901,1.15185,1.14802,1.14907,21696.0
2022-09-05 13:00:00,1.14908,1.15209,1.14908,1.15151,14958.0
2022-09-05 17:00:00,1.15151,1.15206,1.15128,1.15199,3135.0
2022-09-05 21:00:00,1.15139,1.15912,1.15072,1.159,12879.0
2022-09-06 01:00:00,1.159,1.15998,1.15594,1.15622,14051.0
2022-09-06 05:00:00,1.15622,1.16091,1.15485,1.15736,31057.0
2022-09-06 09:00:00,1.15736,1.16079,1.15464,1.15468,26172.0
2022-09-06 13:00:00,1.15467,1.15511,1.14937,1.15299,43334.0
2022-09-06 17:00:00,1.153,1.15326,1.15124,1.15185,16168.0
2022-09-06 21:00:00,1.15175,1.15202,1.14788,1.14801,9149.0
2022-09-07 01:00:00,1.14801,1.14856,1.14514,1.14778,17641.0
2022-09-07 05:00:00,1.14779,1.1523,1.14693,1.1496,21366.0
2022-09-07 09:00:00,1.1496,1.1502,1.14139,1.14311,30346.0
2022-09-07 13:00:00,1.14312,1.14996,1.14049,1.14949,34046.0
2022-09-07 17:00:00,1.14948,1.1539,1.14936,1.15371,15173.0
2022-09-07 21:00:00,1.15154,1.15406,1.15005,1.15061,9790.0
2022-09-08 01:00:00,1.15061,1.15157,1.14906,1.15045,14067.0
2022-09-08 05:00:00,1.15046,1.15215,1.14775,1.14954,27586.0
2022-09-08 09:00:00,1.1495,1.15604,1.14755,1.15023,35337.0
2022-09-08 13:00:00,1.15023,1.1516,1.14599,1.14812,49374.0
2022-09-08 17:00:00,1.14813,1.15168,1.14785,1.1501,17656.0
2022-09-08 21:00:00,1.15006,1.15518,1.14974,1.15428,11589.0
2022-09-09 01:00:00,1.15428,1.15957,1.15403,1.15878,19226.0
2022-09-09 05:00:00,1.15878,1.1648,1.15783,1.16293,26951.0
2022-09-09 09:00:00,1.16286,1.16305,1.15502,1.15751,27393.0
2022-09-09 13:00:00,1.15751,1.16016,1.15672,1.16012,28674.0
2022-09-09 17:00:00,1.16011,1.16012,1.15802,1.15881,9632.0
2022-09-11 21:00:00,1.1634,1.1636,1.16021,1.16116,10268.0
2022-09-12 01:00:00,1.16116,1.16286,1.16002,1.16046,10978.0
2022-09-12 05:00:00,1.16047,1.16998,1.16045,1.1691,29975.0
2022-09-12 09:00:00,1.16911,1.17038,1.16629,1.16916,23934.0
2022-09-12 13:00:00,1.16916,1.17103,1.16631,1.17085,24662.0
2022-09-12 17:00:00,1.17085,1.17087,1.16753,1.16815,10253.0
2022-09-12 21:00:00,1.16782,1.17056,1.16755,1.1695,8833.0
2022-09-13 01:00:00,1.16946,1.16975,1.16786,1.16816,9476.0
2022-09-13 05:00:00,1.16815,1.17321,1.16795,1.1714,18929.0
2022-09-13 09:00:00,1.1714,1.17378,1.15533,1.1555,28409.0
2022-09-13 13:00:00,1.1555,1.15841,1.15151,1.1524,41015.0
2022-09-13 17:00:00,1.15239,1.15367,1.1492,1.14921,20107.0
2022-09-13 21:00:00,1.14915,1.15116,1.14813,1.1502,12079.0
2022-09-14 01:00:00,1.1502,1.15293,1.14874,1.15208,12847.0
2022-09-14 05:00:00,1.15208,1.15521,1.14793,1.15377,32476.0
2022-09-14 09:00:00,1.15374,1.15722,1.15326,1.15565,31061.0
2022-09-14 13:00:00,1.15565,1.15894,1.15391,1.15652,33171.0
2022-09-14 17:00:00,1.15654,1.15702,1.15261,1.15393,14405.0
2022-09-14 21:00:00,1.15384,1.15491,1.15273,1.15334,5125.0
2022-09-15 01:00:00,1.15334,1.15474,1.15198,1.15245,8110.0
2022-09-15 05:00:00,1.15246,1.1538,1.15059,1.15278,18240.0
2022-09-15 09:00:00,1.15277,1.15279,1.14673,1.15089,28053.0
2022-09-15 13:00:00,1.1509,1.15172,1.14631,1.14807,31507.0
2022-09-15 17:00:00,1.14807,1.14985,1.14612,1.14689,13733.0
2022-09-15 21:00:00,1.14611,1.14781,1.14504,1.14706,9464.0
2022-09-16 01:00:00,1.14706,1.14801,1.14544,1.14652,8458.0
2022-09-16 05:00:00,1.14651,1.14651,1.13504,1.13701,29709.0
2022-09-16 09:00:00,1.13702,1.1413,1.13702,1.13779,24837.0
2022-09-16 13:00:00,1.13781,1.14464,1.13763,1.13969,36758.0
2022-09-16 17:00:00,1.1397,1.14263,1.13861,1.14227,13912.0
2022-09-18 21:00:00,1.14085,1.1442,1.14078,1.14244,10064.0
2022-09-19 01:00:00,1.14244,1.14279,1.13943,1.14011,8559.0
2022-10-19 05:00:00,1.13254,1.13295,1.12453,1.12622,45602.0
2022-10-19 09:00:00,1.12627,1.12859,1.12215,1.12453,46359.0
2022-10-19 13:00:00,1.12455,1.12777,1.11885,1.11933,51412.0
2022-10-19 17:00:00,1.11933,1.12269,1.11848,1.12167,29370.0
2022-10-19 21:00:00,1.12131,1.12236,1.11972,1.12087,18458.0
2022-10-20 01:00:00,1.12085,1.12402,1.11909,1.12211,38396.0
2022-10-20 05:00:00,1.12207,1.12401,1.11799,1.11844,53663.0
2022-10-20 09:00:00,1.11845,1.13071,1.11709,1.1255,60445.0
2022-10-20 13:00:00,1.12551,1.13362,1.12425,1.12546,70122.0
2022-10-20 17:00:00,1.12546,1.12553,1.12025,1.1232,43243.0
2022-10-20 21:00:00,1.12191,1.12368,1.11977,1.1206,15826.0
2022-10-21 01:00:00,1.12062,1.12193,1.11893,1.11958,25670.0
2022-10-21 05:00:00,1.11957,1.12222,1.11224,1.11298,46566.0
2022-10-21 09:00:00,1.11299,1.11539,1.10604,1.11294,52101.0
2022-10-21 13:00:00,1.11289,1.12994,1.11159,1.12596,94824.0
2022-10-21 17:00:00,1.12596,1.13147,1.12428,1.12933,37498.0
2022-10-23 21:00:00,1.13804,1.14079,1.1306,1.13278,49245.0
2022-10-24 01:00:00,1.13277,1.13534,1.13002,1.13471,30223.0
2022-10-24 05:00:00,1.13471,1.13815,1.13023,1.13261,58849.0
2022-10-24 09:00:00,1.13261,1.13485,1.12731,1.13241,51690.0
2022-10-24 13:00:00,1.13245,1.1344,1.12574,1.1275,64312.0
2022-10-24 17:00:00,1.12751,1.12963,1.12716,1.12785,20887.0
2022-10-24 21:00:00,1.12772,1.13251,1.12692,1.13185,19508.0
2022-10-25 01:00:00,1.13185,1.13242,1.12918,1.12986,37035.0
2022-10-25 05:00:00,1.12986,1.13323,1.12707,1.13204,38759.0
2022-10-25 09:00:00,1.13203,1.13639,1.13052,1.13633,31943.0
2022-10-25 13:00:00,1.13633,1.1499,1.13627,1.14696,55791.0
2022-10-25 17:00:00,1.14695,1.14884,1.14598,1.14726,24893.0
2022-10-25 21:00:00,1.14599,1.14748,1.14317,1.14384,21239.0
2022-10-26 01:00:00,1.14383,1.14679,1.14298,1.14524,27563.0
2022-10-26 05:00:00,1.14522,1.16061,1.14451,1.15998,52692.0
2022-10-26 09:00:00,1.15998,1.16196,1.15456,1.15545,53015.0
2022-10-26 13:00:00,1.15546,1.16387,1.15438,1.16106,59391.0
2022-10-26 17:00:00,1.16106,1.16338,1.15974,1.1629,25363.0
2022-10-26 21:00:00,1.16132,1.16454,1.16037,1.16248,34342.0
2022-10-27 01:00:00,1.16249,1.16401,1.16047,1.16227,29735.0
2022-10-27 05:00:00,1.16227,1.1636,1.15853,1.15899,45614.0
2022-10-27 09:00:00,1.159,1.15955,1.15484,1.15775,53353.0
2022-10-27 13:00:00,1.15778,1.16342,1.15565,1.15731,64021.0
2022-10-27 17:00:00,1.15731,1.16018,1.15574,1.1564,24325.0
2022-10-27 21:00:00,1.15565,1.15741,1.15443,1.15524,22950.0
2022-10-28 01:00:00,1.15524,1.15944,1.15476,1.15719,39904.0
2022-10-28 05:00:00,1.15719,1.15731,1.15031,1.15269,52449.0
2022-10-28 09:00:00,1.15269,1.15749,1.15126,1.15387,47431.0
2022-10-28 13:00:00,1.15387,1.15994,1.15333,1.15883,57121.0
2022-10-28 17:00:00,1.15883,1.16232,1.15829,1.16135,17482.0
2022-11-15 22:00:00,1.185,1.18871,1.18324,1.18435,26068.0
2022-11-16 02:00:00,1.18439,1.18842,1.18307,1.18705,35579.0
2022-11-16 06:00:00,1.187,1.19028,1.18366,1.18956,46379.0
2022-11-16 10:00:00,1.18956,1.19419,1.18592,1.18718,33499.0
2022-11-16 14:00:00,1.18723,1.19054,1.18319,1.18947,32967.0
2022-11-16 18:00:00,1.18947,1.19246,1.18691,1.1914,22947.0
2022-11-16 22:00:00,1.19121,1.19203,1.18829,1.18869,10430.0
2022-11-17 02:00:00,1.18869,1.19043,1.18662,1.18972,19528.0
2022-11-17 06:00:00,1.18969,1.19577,1.18697,1.1886,35409.0
2022-11-17 10:00:00,1.18861,1.18886,1.17621,1.17645,52313.0
2022-11-17 14:00:00,1.17644,1.18439,1.17632,1.18367,45351.0
2022-11-17 18:00:00,1.18367,1.18679,1.18346,1.1866,20055.0
2022-11-17 22:00:00,1.18616,1.1901,1.1853,1.18861,17294.0
2022-11-18 02:00:00,1.18861,1.19312,1.18859,1.19024,20520.0
2022-11-18 06:00:00,1.19023,1.19507,1.18812,1.1927,40260.0
2022-11-18 10:00:00,1.1927,1.19409,1.18905,1.19064,32058.0
2022-11-18 14:00:00,1.19066,1.19377,1.1873,1.18787,40619.0
2022-11-18 18:00:00,1.18786,1.19006,1.18753,1.18821,19181.0
2022-11-20 22:00:00,1.18916,1.18955,1.18455,1.18567,26900.0
2022-11-21 02:00:00,1.18567,1.1857,1.1821,1.18323,21551.0
2022-11-21 06:00:00,1.18324,1.18396,1.17926,1.18053,35573.0
2022-11-21 10:00:00,1.18053,1.18298,1.17845,1.1809,30728.0
2022-11-21 14:00:00,1.1809,1.18271,1.17783,1.17931,32865.0
2022-11-21 18:00:00,1.17932,1.18239,1.17908,1.18219,16485.0
2022-11-21 22:00:00,1.18209,1.18588,1.18076,1.18529,22823.0
2022-11-22 02:00:00,1.18529,1.18634,1.18338,1.18442,13104.0
2022-11-22 06:00:00,1.18442,1.18837,1.18246,1.18599,34078.0
2022-11-22 10:00:00,1.18598,1.19024,1.18459,1.18763,27685.0
2022-11-22 14:00:00,1.18767,1.18909,1.18554,1.18815,31738.0
2022-11-22 18:00:00,1.18815,1.18937,1.18741,1.18827,12448.0
2022-11-22 22:00:00,1.18846,1.19093,1.18759,1.18844,17054.0
2022-11-23 02:00:00,1.18845,1.18941,1.18723,1.1886,9736.0
2022-11-23 06:00:00,1.1886,1.19362,1.1874,1.19191,25723.0
2022-11-23 10:00:00,1.19191,1.1981,1.19045,1.1971,25973.0
2022-11-23 14:00:00,1.19704,1.20801,1.19661,1.20294,15576.0
2022-11-23 18:00:00,1.20294,1.2072,1.20188,1.20526,13523.0
2022-11-23 22:00:00,1.20517,1.2092,1.20389,1.20881,23547.0
2022-11-24 02:00:00,1.20881,1.21128,1.2079,1.20929,15040.0
2022-11-24 06:00:00,1.20929,1.20972,1.20594,1.20936,29171.0
2022-11-24 10:00:00,1.20937,1.21319,1.20868,1.21173,32939.0
2022-11-24 14:00:00,1.21171,1.21533,1.21159,1.21236,22766.0
2022-11-24 18:00:00,1.21237,1.2124,1.21104,1.21129,7949.0
2022-11-24 22:00:00,1.21008,1.21169,1.2096,1.21009,12934.0
2022-11-25 02:00:00,1.21011,1.21272,1.2095,1.21,11675.0
2022-11-25 06:00:00,1.21002,1.21245,1.20723,1.20802,26360.0
2022-11-25 10:00:00,1.20803,1.21201,1.20576,1.20787,26982.0
2022-11-25 14:00:00,1.2079,1.21106,1.2063,1.20945,28465.0
2022-11-25 18:00:00,1.20945,1.21035,1.20672,1.20868,89339.0
2022-11-27 22:00:00,1.20678,1.20749,1.203,1.20378,23941.0
2022-11-28 02:00:00,1.20378,1.20598,1.20254,1.20489,18982.0
2022-11-28 06:00:00,1.20489,1.21179,1.20465,1.20873,37925.0
2022-11-28 10:00:00,1.20873,1.21097,1.20591,1.20754,33110.0
2022-11-28 14:00:00,1.20753,1.20757,1.20003,1.20009,39807.0
2022-11-28 18:00:00,1.20009,1.20073,1.19401,1.19597,19243.0
2022-11-28 22:00:00,1.19543,1.19919,1.19468,1.19892,21092.0
2022-11-29 02:00:00,1.19892,1.20222,1.1983,1.20113,20020.0
2022-11-29 06:00:00,1.20112,1.2064,1.19797,1.19861,40429.0
2022-11-29 10:00:00,1.19861,1.20348,1.19783,1.1987,34320.0
2022-11-29 14:00:00,1.1987,1.20174,1.19527,1.19711,40260.0
2022-11-29 18:00:00,1.19709,1.19767,1.19451,1.19503,15382.0
2022-11-29 22:00:00,1.19486,1.19904,1.19412,1.19813,15441.0
2022-11-30 02:00:00,1.19813,1.19931,1.19704,1.19788,16372.0
2022-11-30 06:00:00,1.19788,1.20157,1.19475,1.20149,30084.0
2022-11-30 10:00:00,1.20147,1.20287,1.1985,1.19863,34236.0
2022-11-30 14:00:00,1.19862,1.20224,1.19001,1.19422,50213.0
2022-11-30 18:00:00,1.19421,1.20868,1.19219,1.20544,54212.0
2022-12-14 22:00:00,1.24198,1.24274,1.23981,1.24001,20000.0
2022-12-15 02:00:00,1.24002,1.24031,1.23762,1.23921,26650.0
2022-12-15 06:00:00,1.23921,1.2402,1.2296,1.2339,41324.0
2022-12-15 10:00:00,1.23388,1.23553,1.22847,1.23165,48108.0
2022-12-15 14:00:00,1.23165,1.23558,1.21561,1.21589,67696.0
2022-12-15 18:00:00,1.21589,1.21957,1.21576,1.21782,30800.0
2022-12-15 22:00:00,1.21766,1.22066,1.21721,1.22011,24336.0
2022-12-16 02:00:00,1.22012,1.22228,1.21994,1.22053,26541.0
2022-12-16 06:00:00,1.22053,1.22223,1.21191,1.21442,43376.0
2022-12-16 10:00:00,1.21443,1.22155,1.2139,1.21881,42547.0
2022-12-16 14:00:00,1.21882,1.22223,1.21447,1.21792,56035.0
2022-12-16 18:00:00,1.21791,1.21893,1.21421,1.21429,30070.0
2022-12-18 22:00:00,1.2145,1.21965,1.21416,1.21962,19634.0
2022-12-19 02:00:00,1.21962,1.22017,1.21668,1.21694,19375.0
2022-12-19 06:00:00,1.21694,1.22413,1.21687,1.22124,33955.0
2022-12-19 10:00:00,1.22123,1.22238,1.21551,1.21654,38629.0
2022-12-19 14:00:00,1.21655,1.21927,1.21204,1.21804,40854.0
2022-12-19 18:00:00,1.21805,1.2181,1.21386,1.21447,20688.0
2022-12-19 22:00:00,1.21461,1.21555,1.21381,1.21521,28719.0
2022-12-20 02:00:00,1.21521,1.22231,1.20849,1.21159,51675.0
2022-12-20 06:00:00,1.21161,1.21967,1.21137,1.21495,52601.0
2022-12-20 10:00:00,1.21489,1.21817,1.20974,1.21469,44809.0
2022-12-20 14:00:00,1.21466,1.21682,1.21215,1.21422,53920.0
2022-12-20 18:00:00,1.21421,1.21875,1.2133,1.21832,24536.0
2022-12-20 22:00:00,1.21733,1.21922,1.21625,1.21665,28613.0
2022-12-21 02:00:00,1.21665,1.21723,1.21603,1.21663,26723.0
2022-12-21 06:00:00,1.21664,1.21823,1.2128,1.21379,33608.0
2022-12-21 10:00:00,1.21379,1.21637,1.20853,1.21408,35703.0
2022-12-21 14:00:00,1.21409,1.21428,1.20547,1.2068,40497.0
2022-12-21 18:00:00,1.20676,1.20968,1.20592,1.20825,24312.0
2022-12-21 22:00:00,1.20756,1.21136,1.20667,1.21105,22745.0
2022-12-22 02:00:00,1.21104,1.21343,1.21076,1.21181,21591.0
2022-12-22 06:00:00,1.2118,1.2147,1.20871,1.20993,35059.0
2022-12-22 10:00:00,1.20993,1.21086,1.20218,1.203,42429.0
2022-12-22 14:00:00,1.203,1.20436,1.19917,1.20203,42042.0
2022-12-22 18:00:00,1.20202,1.20469,1.20006,1.20403,27570.0
2022-12-22 22:00:00,1.20291,1.20456,1.20178,1.20443,25710.0
2022-12-23 02:00:00,1.20443,1.20575,1.20343,1.20346,22754.0
2022-12-23 06:00:00,1.20346,1.20744,1.20284,1.20655,30609.0
2022-12-23 10:00:00,1.20656,1.20898,1.20224,1.20439,33969.0
2022-12-23 14:00:00,1.20439,1.20854,1.20278,1.20526,49077.0
2022-12-23 18:00:00,1.20526,1.20543,1.20277,1.20514,15054.0
2022-12-26 22:00:00,1.20538,1.20998,1.20475,1.20977,19091.0
2022-12-27 02:00:00,1.20976,1.21028,1.20788,1.20943,23089.0
2022-12-27 06:00:00,1.20944,1.21122,1.20517,1.20619,30429.0
2022-12-27 10:00:00,1.20618,1.20734,1.20198,1.20233,28624.0
2022-12-27 14:00:00,1.20234,1.20474,1.20019,1.20133,34141.0
2022-12-27 18:00:00,1.20134,1.20358,1.20109,1.20314,17922.0
2022-12-27 22:00:00,1.20138,1.20311,1.20077,1.2027,13900.0
2022-12-28 02:00:00,1.2027,1.20292,1.20018,1.20253,26938.0
2022-12-28 06:00:00,1.20252,1.20546,1.20173,1.20293,25469.0
2022-12-28 10:00:00,1.20292,1.20997,1.20262,1.20841,34165.0
2022-12-28 14:00:00,1.20841,1.21253,1.20219,1.20434,39146.0
2022-12-28 18:00:00,1.20435,1.2054,1.20159,1.20182,23346.0
2022-12-28 22:00:00,1.20149,1.2051,1.20095,1.20403,18292.0
2022-12-29 02:00:00,1.20402,1.20453,1.20273,1.20376,16654.0
2022-12-29 06:00:00,1.20377,1.20629,1.20142,1.2055,23125.0
2022-12-29 10:00:00,1.2055,1.2059,1.20191,1.20491,29214.0
2022-12-29 14:00:00,1.20493,1.20785,1.20223,1.20679,39619.0
2022-12-29 18:00:00,1.2068,1.20737,1.20535,1.20538,18789.0
2022-12-29 22:00:00,1.2051,1.20664,1.20392,1.20593,15256.0
2022-12-30 02:00:00,1.20593,1.20593,1.20381,1.20437,17897.0
2022-12-30 06:00:00,1.20434,1.20746,1.20268,1.20315,23174.0
2022-12-30 10:00:00,1.20314,1.20652,1.20095,1.20516,32587.0
2022-12-30 14:00:00,1.20517,1.21071,1.20153,1.20979,50551.0
2022-12-30 18:00:00,1.20993,1.20993,1.20594,1.20902,32742.0
2023-01-16 22:00:00,1.21906,1.22124,1.21779,1.21879,21859.0
2023-01-17 02:00:00,1.2188,1.2206,1.21715,1.22008,22588.0
2023-01-17 06:00:00,1.22007,1.223,1.21686,1.22079,35999.0
2023-01-17 10:00:00,1.22081,1.22721,1.21916,1.22517,41476.0
2023-01-17 14:00:00,1.22518,1.23008,1.22458,1.22619,50736.0
2023-01-17 18:00:00,1.22618,1.22913,1.2258,1.22878,19268.0
2023-01-17 22:00:00,1.22817,1.22873,1.22679,1.22842,16640.0
2023-01-18 02:00:00,1.22839,1.22898,1.22537,1.22819,34084.0
2023-01-18 06:00:00,1.2282,1.23631,1.22813,1.23586,43123.0
2023-01-18 10:00:00,1.23585,1.24215,1.23372,1.23947,42290.0
2023-01-18 14:00:00,1.23947,1.24353,1.23305,1.2345,44209.0
2023-01-18 18:00:00,1.23453,1.23476,1.23271,1.23432,29312.0
2023-01-18 22:00:00,1.23426,1.23496,1.23178,1.23361,22971.0
2023-01-19 02:00:00,1.23362,1.23448,1.23193,1.23305,20944.0
2023-01-19 06:00:00,1.23305,1.23491,1.23126,1.23365,34247.0
2023-01-19 10:00:00,1.23367,1.23589,1.23145,1.23488,39771.0
2023-01-19 14:00:00,1.23486,1.23772,1.23356,1.23718,42511.0
2023-01-19 18:00:00,1.23719,1.2397,1.23654,1.23934,25710.0
2023-01-19 22:00:00,1.2389,1.23975,1.23763,1.23846,12060.0
2023-01-20 02:00:00,1.23845,1.23935,1.23645,1.23784,19546.0
2023-01-20 06:00:00,1.23786,1.23823,1.2338,1.23407,29943.0
2023-01-20 10:00:00,1.23405,1.23707,1.23348,1.23409,32231.0
2023-01-20 14:00:00,1.23408,1.23954,1.2336,1.23861,38132.0
2023-01-20 18:00:00,1.23861,1.24043,1.23727,1.23987,22617.0
2023-01-22 22:00:00,1.24001,1.24342,1.23968,1.24256,14751.0
2023-01-23 02:00:00,1.24256,1.24475,1.24131,1.24133,17239.0
2023-01-23 06:00:00,1.24134,1.2431,1.23936,1.24062,29151.0
2023-01-23 10:00:00,1.24062,1.24087,1.23347,1.23453,27876.0
2023-01-23 14:00:00,1.23452,1.23871,1.23229,1.23684,37703.0
2023-01-23 18:00:00,1.23683,1.23876,1.23554,1.23778,24699.0
2023-01-23 22:00:00,1.23749,1.23901,1.23692,1.23877,11754.0
2023-01-24 02:00:00,1.23877,1.23936,1.23743,1.23861,14771.0
2023-01-24 06:00:00,1.2386,1.24132,1.23075,1.23304,26200.0
2023-01-24 10:00:00,1.23304,1.23353,1.2281,1.22916,29943.0
2023-01-24 14:00:00,1.22914,1.23396,1.22626,1.23256,32752.0
2023-01-24 18:00:00,1.23257,1.23417,1.2322,1.23394,20518.0
2023-01-24 22:00:00,1.23281,1.23364,1.23114,1.23255,19687.0
2023-01-25 02:00:00,1.23256,1.23366,1.23156,1.23217,14715.0
2023-01-25 06:00:00,1.23218,1.23387,1.23035,1.23097,25537.0
2023-01-25 10:00:00,1.23097,1.23364,1.22826,1.23151,25369.0
2023-01-25 14:00:00,1.2315,1.23993,1.23098,1.23816,42278.0
2023-01-25 18:00:00,1.23815,1.24037,1.23802,1.23994,21868.0
2023-01-25 22:00:00,1.23955,1.2418,1.23883,1.24093,15279.0
2023-01-26 02:00:00,1.24093,1.24102,1.23887,1.24003,13515.0
2023-01-26 06:00:00,1.24003,1.24302,1.23735,1.23839,25932.0
2023-01-26 10:00:00,1.2384,1.24062,1.23603,1.2392,27483.0
2023-01-26 14:00:00,1.23921,1.24191,1.23446,1.23746,25167.0
2023-01-26 18:00:00,1.23745,1.24155,1.23738,1.24118,16957.0
2023-01-26 22:00:00,1.24062,1.24185,1.23837,1.24032,12600.0
2023-01-27 02:00:00,1.24032,1.24036,1.23765,1.23812,11240.0
2023-01-27 06:00:00,1.23812,1.23893,1.23589,1.23702,20949.0
2023-01-27 10:00:00,1.23702,1.23908,1.2355,1.2368,23624.0
2023-01-27 14:00:00,1.23679,1.23977,1.23448,1.23914,41546.0
2023-01-27 18:00:00,1.23914,1.23992,1.2381,1.23979,12935.0
2023-01-29 22:00:00,1.23883,1.24042,1.23676,1.23918,15201.0
2023-01-30 02:00:00,1.2392,1.24053,1.2383,1.23961,27314.0
2023-01-30 06:00:00,1.2396,1.23995,1.23679,1.23923,30785.0
2023-01-30 10:00:00,1.23923,1.24171,1.23727,1.23744,25409.0
2023-01-30 14:00:00,1.23744,1.23942,1.23597,1.23625,33981.0
2023-01-30 18:00:00,1.23624,1.23635,1.23366,1.23514,20183.0
2023-01-30 22:00:00,1.23468,1.23712,1.23389,1.23665,14232.0
2023-01-31 02:00:00,1.23665,1.23665,1.23307,1.23382,17642.0
2023-01-31 06:00:00,1.23382,1.23624,1.23077,1.23251,25447.0
2023-01-31 10:00:00,1.23251,1.23297,1.22952,1.23214,28421.0
2023-01-31 14:00:00,1.23214,1.23278,1.22837,1.23257,38647.0
2023-01-31 18:00:00,1.23257,1.23373,1.23136,1.23183,12638.0
2023-02-16 22:00:00,1.1994,1.20002,1.19511,1.19534,18812.0
2023-02-17 02:00:00,1.19534,1.1958,1.19409,1.19477,17146.0
2023-02-17 06:00:00,1.19476,1.19584,1.19144,1.1942,31350.0
2023-02-17 10:00:00,1.1942,1.19737,1.19206,1.19699,33784.0
2023-02-17 14:00:00,1.19699,1.20366,1.19649,1.20195,51987.0
2023-02-17 18:00:00,1.20196,1.2049,1.20165,1.20402,19455.0
2023-02-19 22:00:00,1.20236,1.20359,1.20141,1.20184,26661.0
2023-02-20 02:00:00,1.20185,1.20449,1.2018,1.2042,20780.0
2023-02-20 06:00:00,1.2042,1.20567,1.20183,1.20215,31808.0
2023-02-20 10:00:00,1.20215,1.20411,1.20182,1.20375,27727.0
2023-02-20 14:00:00,1.20375,1.20427,1.20242,1.20355,17103.0
2023-02-20 18:00:00,1.2036,1.2042,1.20342,1.20394,8634.0
2023-02-20 22:00:00,1.2038,1.2044,1.20129,1.20257,18090.0
2023-02-21 02:00:00,1.20257,1.20364,1.20167,1.20301,15499.0
2023-02-21 06:00:00,1.20301,1.21135,1.19856,1.20912,38949.0
2023-02-21 10:00:00,1.20916,1.21296,1.2075,1.20992,37545.0
2023-02-21 14:00:00,1.2099,1.21473,1.20608,1.21272,23021.0
2023-02-21 18:00:00,1.21277,1.21281,1.20969,1.2111,14515.0
2023-02-21 22:00:00,1.21115,1.21351,1.21042,1.21205,19195.0
2023-02-22 02:00:00,1.21205,1.21248,1.20974,1.2106,13044.0
2023-02-22 06:00:00,1.2106,1.21283,1.2065,1.20772,31128.0
2023-02-22 10:00:00,1.20772,1.21199,1.20627,1.21046,34777.0
2023-02-22 14:00:00,1.21046,1.21134,1.20547,1.20735,39326.0
2023-02-22 18:00:00,1.20735,1.20825,1.20347,1.20436,15777.0
2023-02-22 22:00:00,1.20453,1.20605,1.20362,1.20572,11526.0
2023-02-23 02:00:00,1.20572,1.20679,1.20518,1.20604,15745.0
2023-02-23 06:00:00,1.20604,1.20748,1.20137,1.20304,34418.0
2023-02-23 10:00:00,1.20305,1.20614,1.20186,1.20343,33207.0
2023-02-23 14:00:00,1.20343,1.20694,1.19917,1.19985,46794.0
2023-02-23 18:00:00,1.19985,1.20318,1.19958,1.20149,19306.0
2023-02-23 22:00:00,1.20116,1.20328,1.20067,1.20161,30372.0
2023-02-24 02:00:00,1.20161,1.2031,1.20126,1.20227,20161.0
2023-02-24 06:00:00,1.20227,1.20418,1.19998,1.20237,27122.0
2023-02-24 10:00:00,1.20237,1.20303,1.19457,1.19645,36420.0
2023-02-24 14:00:00,1.19645,1.19663,1.19277,1.19454,48736.0
2023-02-24 18:00:00,1.19454,1.19544,1.19375,1.19392,20877.0
2023-02-26 22:00:00,1.19492,1.19628,1.19379,1.19625,13808.0
2023-02-27 02:00:00,1.19624,1.1964,1.19341,1.19375,22321.0
2023-02-27 06:00:00,1.19375,1.19846,1.19219,1.19733,32419.0
2023-02-27 10:00:00,1.19733,1.20239,1.19638,1.20187,31016.0
2023-02-27 14:00:00,1.20188,1.20603,1.2013,1.20591,37637.0
2023-02-27 18:00:00,1.20593,1.20657,1.20476,1.20617,18683.0
2023-02-27 22:00:00,1.20633,1.20678,1.20474,1.20525,14787.0
2023-02-28 02:00:00,1.20525,1.20627,1.20377,1.20397,14691.0
2023-02-28 06:00:00,1.20397,1.20973,1.20267,1.20739,30199.0
2023-02-28 10:00:00,1.20739,1.2128,1.20729,1.21222,30357.0
2023-02-28 14:00:00,1.21224,1.21432,1.20797,1.20994,40664.0
2023-02-28 18:00:00,1.20994,1.21019,1.20175,1.20184,15833.0
2023-02-28 22:00:00,1.20201,1.20428,1.20113,1.20337,30186.0
2023-03-01 02:00:00,1.20336,1.20467,1.20162,1.20403,13936.0
2023-03-01 06:00:00,1.20403,1.20885,1.2039,1.20676,31527.0
2023-03-01 10:00:00,1.20676,1.20748,1.20074,1.20083,34811.0
2023-03-01 14:00:00,1.20082,1.20448,1.19647,1.20224,26936.0
2023-03-01 18:00:00,1.20224,1.20274,1.19926,1.20261,16503.0
2023-03-01 22:00:00,1.20293,1.20363,1.19974,1.20089,14284.0
2023-03-02 02:00:00,1.20089,1.20166,1.19839,1.19877,18150.0
2023-03-02 06:00:00,1.19877,1.20093,1.19549,1.19729,33341.0
2023-03-02 10:00:00,1.19729,1.19876,1.19241,1.19283,35105.0
2023-03-02 14:00:00,1.19283,1.19623,1.1925,1.19333,20092.0
2023-03-02 18:00:00,1.19333,1.19574,1.19246,1.19463,19615.0
2023-03-02 22:00:00,1.19419,1.19748,1.19399,1.19623,14171.0
2023-03-03 02:00:00,1.19623,1.19764,1.19573,1.19646,13052.0
2023-03-03 06:00:00,1.19646,1.19986,1.19646,1.1985,25844.0
2023-03-03 10:00:00,1.1985,1.20185,1.19739,1.20078,26546.0
2023-03-03 14:00:00,1.20076,1.2017,1.19621,1.20095,21571.0
2023-03-03 18:00:00,1.20098,1.20484,1.20078,1.20427,8305.0
2023-03-19 21:00:00,1.22112,1.22112,1.21763,1.21925,19556.0
2023-03-20 01:00:00,1.21925,1.21954,1.2168,1.21805,28207.0
2023-03-20 05:00:00,1.21805,1.22143,1.21667,1.22134,40747.0
2023-03-20 09:00:00,1.22134,1.22412,1.21841,1.22301,33783.0
2023-03-20 13:00:00,1.223,1.22752,1.22284,1.22689,34585.0
2023-03-20 17:00:00,1.22689,1.22847,1.22649,1.22791,17547.0
2023-03-20 21:00:00,1.22773,1.22825,1.2269,1.22735,14765.0
2023-03-21 01:00:00,1.22735,1.22765,1.2248,1.22534,10349.0
2023-03-21 05:00:00,1.22534,1.22622,1.22313,1.22328,20274.0
2023-03-21 09:00:00,1.22327,1.22591,1.22286,1.22514,21327.0
2023-03-21 13:00:00,1.22516,1.22547,1.21784,1.21897,27368.0
2023-03-21 17:00:00,1.21897,1.22207,1.21863,1.22173,12533.0
2023-03-21 21:00:00,1.22163,1.22274,1.22093,1.22202,10300.0
2023-03-22 01:00:00,1.22203,1.22365,1.22083,1.22305,18220.0
2023-03-22 05:00:00,1.22305,1.22851,1.22236,1.22749,21962.0
2023-03-22 09:00:00,1.22749,1.22973,1.22616,1.22697,21068.0
2023-03-22 13:00:00,1.22696,1.22717,1.22207,1.22418,18757.0
2023-03-22 17:00:00,1.22418,1.23346,1.22324,1.22662,22969.0
2023-03-22 21:00:00,1.22633,1.22921,1.2258,1.22911,15322.0
2023-03-23 01:00:00,1.22911,1.23245,1.22824,1.23218,17779.0
2023-03-23 05:00:00,1.23217,1.23433,1.23044,1.23204,28238.0
2023-03-23 09:00:00,1.23204,1.23373,1.22649,1.22751,28869.0
2023-03-23 13:00:00,1.22751,1.23302,1.2273,1.23215,29852.0
2023-03-23 17:00:00,1.23215,1.23215,1.22613,1.22865,33253.0
2023-03-23 21:00:00,1.22862,1.22921,1.22669,1.22819,12298.0
2023-03-24 01:00:00,1.22818,1.22863,1.2261,1.22849,18846.0
2023-03-24 05:00:00,1.22849,1.22882,1.22362,1.22392,25343.0
2023-03-24 09:00:00,1.22391,1.2255,1.21901,1.22131,37636.0
2023-03-24 13:00:00,1.22131,1.22314,1.2196,1.22192,20234.0
2023-03-24 17:00:00,1.22191,1.2234,1.2212,1.22293,8156.0
2023-03-26 21:00:00,1.22216,1.22497,1.22192,1.22303,12396.0
2023-03-27 01:00:00,1.22303,1.2251,1.223,1.22375,16738.0
2023-03-27 05:00:00,1.22375,1.22655,1.22185,1.22622,25770.0
2023-03-27 09:00:00,1.22622,1.22728,1.22406,1.22429,21209.0
2023-03-27 13:00:00,1.22429,1.22926,1.22395,1.22824,26113.0
2023-03-27 17:00:00,1.22824,1.22928,1.22719,1.2288,11185.0
2023-03-27 21:00:00,1.2287,1.2315,1.22756,1.23096,14042.0
2023-03-28 01:00:00,1.23096,1.23211,1.23066,1.23148,12980.0
2023-03-28 05:00:00,1.23148,1.23301,1.22886,1.22955,20419.0
2023-03-28 09:00:00,1.22955,1.23285,1.22806,1.23131,20588.0
2023-03-28 13:00:00,1.23131,1.23489,1.22991,1.23441,23553.0
2023-03-28 17:00:00,1.23441,1.23484,1.23288,1.23402,10626.0
2023-03-28 21:00:00,1.23415,1.23415,1.23275,1.23359,7544.0
2023-03-29 01:00:00,1.23359,1.23406,1.23201,1.23286,14457.0
2023-03-29 05:00:00,1.23286,1.23315,1.23044,1.23248,22652.0
2023-03-29 09:00:00,1.23248,1.23613,1.23175,1.23315,26944.0
2023-03-29 13:00:00,1.23315,1.23399,1.23021,1.23085,27588.0
2023-03-29 17:00:00,1.23084,1.23227,1.23044,1.23165,12160.0
2023-03-29 21:00:00,1.23127,1.23177,1.23009,1.23044,8634.0
2023-03-30 01:00:00,1.23044,1.23111,1.22932,1.2311,15433.0
2023-03-30 05:00:00,1.2311,1.23627,1.23079,1.23545,27489.0
2023-03-30 09:00:00,1.23552,1.23797,1.23281,1.23775,23485.0
2023-03-30 13:00:00,1.23775,1.23859,1.23569,1.23857,27029.0
2023-03-30 17:00:00,1.23856,1.23925,1.2376,1.23891,10034.0
2023-03-30 21:00:00,1.23856,1.23993,1.23803,1.23987,7632.0
2023-03-31 01:00:00,1.23987,1.2423,1.23891,1.23947,15752.0
2023-03-31 05:00:00,1.23947,1.23995,1.23531,1.23656,23247.0
2023-03-31 09:00:00,1.23656,1.2396,1.23595,1.23906,23261.0
2023-03-31 13:00:00,1.23906,1.23972,1.23406,1.23475,27286.0
2023-03-31 17:00:00,1.23475,1.23482,1.23241,1.23286,15438.0
2023-04-02 21:00:00,1.23272,1.23295,1.22813,1.23062,14409.0
2023-04-03 01:00:00,1.23062,1.23073,1.22755,1.22806,18336.0
2023-04-03 05:00:00,1.22806,1.23343,1.22739,1.23323,20341.0
2023-04-03 09:00:00,1.23323,1.23928,1.23311,1.23853,22792.0
2023-04-03 13:00:00,1.23856,1.24206,1.23775,1.2396,29293.0
2023-04-03 17:00:00,1.2396,1.2423,1.23871,1.24168,10972.0
2023-04-18 21:00:00,1.24239,1.24319,1.24199,1.24312,4981.0
2023-04-19 01:00:00,1.24312,1.24342,1.2409,1.24181,9129.0
2023-04-19 05:00:00,1.24181,1.24722,1.24018,1.24354,26296.0
2023-04-19 09:00:00,1.24354,1.24488,1.23919,1.24399,24124.0
2023-04-19 13:00:00,1.24399,1.24741,1.24338,1.24517,23332.0
2023-04-19 17:00:00,1.24517,1.24543,1.24348,1.24382,9627.0
2023-04-19 21:00:00,1.24388,1.24405,1.24242,1.24267,8384.0
2023-04-20 01:00:00,1.24268,1.24349,1.24201,1.24292,9938.0
2023-04-20 05:00:00,1.24292,1.2452,1.2415,1.24431,20704.0
2023-04-20 09:00:00,1.24431,1.24604,1.24042,1.24538,22875.0
2023-04-20 13:00:00,1.24533,1.24673,1.24407,1.24485,22361.0
2023-04-20 17:00:00,1.24485,1.24523,1.24291,1.24433,11019.0
2023-04-20 21:00:00,1.24429,1.24431,1.24291,1.2441,6011.0
2023-04-21 01:00:00,1.2441,1.24461,1.24303,1.24321,10314.0
2023-04-21 05:00:00,1.24321,1.24331,1.23773,1.23998,20436.0
2023-04-21 09:00:00,1.23998,1.24133,1.23766,1.2413,18353.0
2023-04-21 13:00:00,1.24128,1.24312,1.23664,1.24296,29394.0
2023-04-21 17:00:00,1.24296,1.24477,1.24222,1.24414,9431.0
2023-04-23 21:00:00,1.24298,1.24516,1.24257,1.24477,2178.0
2023-04-24 01:00:00,1.24476,1.245,1.2431,1.24349,6157.0
2023-04-24 05:00:00,1.24349,1.24526,1.24103,1.24516,14563.0
2023-04-24 09:00:00,1.24516,1.24588,1.24264,1.24535,14608.0
2023-04-24 13:00:00,1.24534,1.24695,1.24326,1.24671,14417.0
2023-04-24 17:00:00,1.24671,1.24853,1.24652,1.24846,4402.0
2023-04-24 21:00:00,1.2485,1.25071,1.24692,1.24971,3628.0
2023-04-25 01:00:00,1.24971,1.25065,1.24802,1.24814,7721.0
2023-04-25 05:00:00,1.24814,1.24911,1.24556,1.2474,16919.0
2023-04-25 09:00:00,1.2474,1.24791,1.24204,1.24242,12542.0
2023-04-25 13:00:00,1.24242,1.24271,1.23865,1.23993,16547.0
2023-04-25 17:00:00,1.23993,1.24138,1.23948,1.24113,7936.0
2023-04-25 21:00:00,1.24068,1.24176,1.24025,1.24111,5771.0
2023-04-26 01:00:00,1.24111,1.2425,1.24024,1.24243,7450.0
2023-04-26 05:00:00,1.24243,1.24789,1.2421,1.24789,17370.0
2023-04-26 09:00:00,1.24788,1.24906,1.24592,1.24727,21025.0
2023-04-26 13:00:00,1.24727,1.25152,1.24594,1.24676,12738.0
2023-04-26 17:00:00,1.24673,1.24749,1.24537,1.24684,4079.0
2023-04-26 21:00:00,1.24685,1.24732,1.24571,1.24707,4136.0
2023-04-27 01:00:00,1.24707,1.24775,1.24628,1.24747,7161.0
2023-04-27 05:00:00,1.24747,1.2488,1.24565,1.24725,14785.0
2023-04-27 09:00:00,1.24725,1.24975,1.24361,1.24473,17710.0
2023-04-27 13:00:00,1.24483,1.24935,1.2441,1.24657,10520.0
2023-04-27 17:00:00,1.24657,1.24992,1.24615,1.24982,6203.0
2023-04-27 21:00:00,1.24964,1.24998,1.24725,1.2496,6472.0
2023-04-28 01:00:00,1.2496,1.25036,1.24777,1.2482,18148.0
2023-04-28 05:00:00,1.2482,1.24934,1.24498,1.24551,19746.0
2023-04-28 09:00:00,1.24551,1.24907,1.24463,1.2487,18304.0
2023-04-28 13:00:00,1.2487,1.25836,1.24849,1.25743,15620.0
2023-04-28 17:00:00,1.25744,1.25753,1.25575,1.25657,5315.0
2023-04-30 21:00:00,1.25546,1.25688,1.25505,1.25585,5407.0
2023-05-01 01:00:00,1.25585,1.25691,1.25536,1.25575,8590.0
2023-05-01 05:00:00,1.25575,1.25575,1.25176,1.25179,10466.0
2023-05-01 09:00:00,1.25179,1.2557,1.2514,1.25552,11620.0
2023-05-01 13:00:00,1.25552,1.25596,1.24804,1.24928,15091.0
2023-05-01 17:00:00,1.24927,1.24958,1.24835,1.24955,4801.0
2023-05-01 21:00:00,1.24934,1.24967,1.24835,1.24921,5600.0
2023-05-02 01:00:00,1.24921,1.25118,1.24914,1.24957,14157.0
2023-05-02 05:00:00,1.24957,1.25117,1.24631,1.24704,25031.0
2023-05-02 09:00:00,1.24704,1.24842,1.2453,1.24582,22584.0
2023-05-02 13:00:00,1.24581,1.24892,1.24351,1.24779,20807.0
2023-05-02 17:00:00,1.24779,1.24786,1.24657,1.24677,7638.0
2023-05-02 21:00:00,1.24665,1.24836,1.24609,1.24816,6830.0
2023-05-03 01:00:00,1.24816,1.24932,1.24762,1.24871,11140.0
2023-05-03 05:00:00,1.24871,1.25334,1.2481,1.25204,17017.0
2023-05-03 09:00:00,1.25205,1.25281,1.24837,1.24967,22324.0
2023-05-03 13:00:00,1.24969,1.25546,1.24944,1.25508,25087.0
2023-05-03 17:00:00,1.25508,1.25898,1.25376,1.25634,16733.0
2023-05-03 21:00:00,1.2563,1.25917,1.25451,1.25766,11677.0
2023-05-04 01:00:00,1.25765,1.25902,1.2572,1.25824,12707.0
2023-05-04 05:00:00,1.25824,1.25933,1.25555,1.25577,25365.0
2023-05-04 09:00:00,1.2558,1.25881,1.25485,1.25515,34108.0
2023-05-04 13:00:00,1.25515,1.25985,1.25476,1.2595,38446.0
2023-05-04 17:00:00,1.2595,1.25973,1.25693,1.2573,7457.0
2023-05-11 21:00:00,1.25098,1.25177,1.25058,1.25176,5040.0
2023-05-12 01:00:00,1.25176,1.25265,1.25082,1.25245,9441.0
2023-05-12 05:00:00,1.25245,1.25403,1.25057,1.2532,19095.0
2023-05-12 09:00:00,1.2532,1.25406,1.24914,1.25053,17309.0
2023-05-12 13:00:00,1.25053,1.25196,1.24484,1.24514,24929.0
2023-05-12 17:00:00,1.24514,1.24589,1.24444,1.24477,8230.0
2023-05-14 21:00:00,1.24548,1.24556,1.24395,1.245,5220.0
2023-05-15 01:00:00,1.245,1.24658,1.24499,1.24626,8804.0
2023-05-15 05:00:00,1.24626,1.2491,1.24616,1.24881,12856.0
2023-05-15 09:00:00,1.24882,1.25205,1.24761,1.25071,17256.0
2023-05-15 13:00:00,1.25071,1.25331,1.25031,1.25331,17822.0
2023-05-15 17:00:00,1.25331,1.25343,1.25244,1.25277,6616.0
2023-05-15 21:00:00,1.25281,1.25313,1.25166,1.25298,3743.0
2023-05-16 01:00:00,1.25298,1.2532,1.25143,1.25266,9129.0
2023-05-16 05:00:00,1.25266,1.25325,1.24649,1.25216,19862.0
2023-05-16 09:00:00,1.25216,1.25461,1.24947,1.25131,18391.0
2023-05-16 13:00:00,1.25131,1.25359,1.24763,1.24849,27518.0
2023-05-16 17:00:00,1.24849,1.249,1.24768,1.2484,7674.0
2023-05-16 21:00:00,1.24886,1.24898,1.24785,1.24858,5265.0
2023-05-17 01:00:00,1.24858,1.24934,1.24765,1.2478,9749.0
2023-05-17 05:00:00,1.2478,1.24792,1.24212,1.2427,19409.0
2023-05-17 09:00:00,1.2427,1.24773,1.24219,1.24693,17572.0
2023-05-17 13:00:00,1.24693,1.25073,1.24436,1.2504,24955.0
2023-05-17 17:00:00,1.25042,1.251,1.24825,1.24859,10886.0
2023-05-17 21:00:00,1.24864,1.24902,1.24779,1.24839,4796.0
2023-05-18 01:00:00,1.24839,1.24924,1.24721,1.24738,9787.0
2023-05-18 05:00:00,1.24738,1.24764,1.24316,1.24372,16693.0
2023-05-18 09:00:00,1.24372,1.24489,1.2414,1.24242,18912.0
2023-05-18 13:00:00,1.24242,1.24373,1.23943,1.23955,24534.0
2023-05-18 17:00:00,1.23954,1.24121,1.23912,1.24082,9552.0
2023-05-18 21:00:00,1.24079,1.24163,1.24006,1.2413,5959.0
2023-05-19 01:00:00,1.2413,1.24139,1.23919,1.23961,11312.0
2023-05-19 05:00:00,1.23961,1.24273,1.23949,1.24084,18666.0
2023-05-19 09:00:00,1.24084,1.24678,1.24083,1.2448,20680.0
2023-05-19 13:00:00,1.2448,1.24837,1.24212,1.24662,25991.0
2023-05-19 17:00:00,1.24663,1.24703,1.24356,1.24457,6561.0
2023-05-21 21:00:00,1.24364,1.24675,1.24352,1.24664,5781.0
2023-05-22 01:00:00,1.24664,1.2472,1.24557,1.24569,10692.0
2023-05-22 05:00:00,1.2457,1.24576,1.24134,1.2441,18990.0
2023-05-22 09:00:00,1.2441,1.24708,1.24406,1.24596,20579.0
2023-05-22 13:00:00,1.24596,1.24598,1.24142,1.24204,25168.0
2023-05-22 17:00:00,1.24204,1.24435,1.24195,1.24365,9527.0
2023-05-22 21:00:00,1.24365,1.24463,1.24306,1.24391,6950.0
2023-05-23 01:00:00,1.2439,1.24391,1.24252,1.24359,11076.0
2023-05-23 05:00:00,1.24359,1.2437,1.23845,1.2409,22831.0
2023-05-23 09:00:00,1.2409,1.24132,1.23727,1.23789,20331.0
2023-05-23 13:00:00,1.23789,1.24341,1.23767,1.24152,14864.0
2023-05-23 17:00:00,1.24153,1.24238,1.24086,1.24152,5534.0
2023-05-23 21:00:00,1.24103,1.2429,1.24103,1.24252,4614.0
2023-05-24 01:00:00,1.24252,1.24366,1.24148,1.24343,9952.0
2023-05-24 05:00:00,1.24343,1.24694,1.24021,1.24222,27635.0
2023-05-24 09:00:00,1.24222,1.24281,1.23637,1.24025,24877.0
2023-05-24 13:00:00,1.24025,1.2415,1.23572,1.23709,30324.0
2023-05-24 17:00:00,1.23709,1.23773,1.23578,1.23646,13789.0
2023-05-24 21:00:00,1.23643,1.23708,1.23541,1.23638,6568.0
2023-05-25 01:00:00,1.23638,1.2367,1.23317,1.23409,10601.0
2023-05-25 05:00:00,1.23409,1.238,1.23328,1.23676,20062.0
2023-05-25 09:00:00,1.23674,1.23869,1.23383,1.23407,23253.0
2023-05-25 13:00:00,1.23407,1.2361,1.23087,1.23087,23663.0
2023-05-25 17:00:00,1.23089,1.23329,1.23078,1.2321,5926.0
2023-05-25 21:00:00,1.23212,1.2325,1.23106,1.23222,6943.0
2023-05-26 01:00:00,1.23222,1.23366,1.23217,1.23355,10204.0
2023-05-26 05:00:00,1.23355,1.23689,1.23312,1.23531,18081.0
2023-05-26 09:00:00,1.23531,1.23952,1.23455,1.23713,22516.0
2023-05-26 13:00:00,1.23712,1.23815,1.23206,1.23431,12048.0
2023-05-26 17:00:00,1.23431,1.23566,1.2343,1.23454,4846.0
2023-05-28 21:00:00,1.23396,1.23515,1.23311,1.23462,3358.0
2023-05-29 01:00:00,1.23461,1.23573,1.23432,1.23552,4746.0
2023-05-29 05:00:00,1.23551,1.23715,1.2335,1.23464,6105.0
2023-05-29 09:00:00,1.23463,1.23525,1.23359,1.23461,4949.0
2023-05-29 13:00:00,1.23461,1.23617,1.2342,1.23594,3325.0
2023-05-29 17:00:00,1.23595,1.23615,1.23534,1.23542,1327.0
2023-06-14 21:00:00,1.26602,1.2674,1.26552,1.26589,4435.0
2023-06-15 01:00:00,1.26589,1.26594,1.2629,1.26372,11446.0
2023-06-15 05:00:00,1.26372,1.26723,1.26312,1.26606,17834.0
2023-06-15 09:00:00,1.26606,1.26695,1.26398,1.2668,20419.0
2023-06-15 13:00:00,1.26676,1.2776,1.26627,1.2774,14940.0
2023-06-15 17:00:00,1.27739,1.27854,1.27673,1.27833,5702.0
2023-06-15 21:00:00,1.27829,1.27928,1.27785,1.27812,5866.0
2023-06-16 01:00:00,1.27814,1.27887,1.27678,1.27792,9444.0
2023-06-16 05:00:00,1.27791,1.28179,1.27773,1.27959,19245.0
2023-06-16 09:00:00,1.27958,1.28481,1.27836,1.28153,17375.0
2023-06-16 13:00:00,1.28153,1.28472,1.28032,1.28272,15325.0
2023-06-16 17:00:00,1.28268,1.28353,1.28196,1.28225,7578.0
2023-06-18 21:00:00,1.28121,1.28366,1.28068,1.28204,5412.0
2023-06-19 01:00:00,1.28204,1.28248,1.28099,1.28129,9254.0
2023-06-19 05:00:00,1.28129,1.28302,1.28077,1.28173,16246.0
2023-06-19 09:00:00,1.28173,1.28196,1.28017,1.28083,15801.0
2023-06-19 13:00:00,1.28083,1.28124,1.277,1.27732,12451.0
2023-06-19 17:00:00,1.27732,1.27901,1.27727,1.279,3091.0
2023-06-19 21:00:00,1.27896,1.2806,1.27751,1.28013,8093.0
2023-06-20 01:00:00,1.28013,1.28045,1.27777,1.27783,14778.0
2023-06-20 05:00:00,1.27782,1.28061,1.2762,1.27833,22312.0
2023-06-20 09:00:00,1.27834,1.27875,1.27253,1.27392,21506.0
2023-06-20 13:00:00,1.27392,1.27563,1.27131,1.27551,21602.0
2023-06-20 17:00:00,1.27549,1.27685,1.27469,1.2764,6532.0
2023-06-20 21:00:00,1.27638,1.2766,1.27461,1.27585,6044.0
2023-06-21 01:00:00,1.27585,1.27676,1.27537,1.27645,12130.0
2023-06-21 05:00:00,1.27645,1.28017,1.27148,1.27198,28004.0
2023-06-21 09:00:00,1.27198,1.27349,1.26907,1.27304,22284.0
2023-06-21 13:00:00,1.273,1.27593,1.27016,1.27558,13888.0
2023-06-21 17:00:00,1.27554,1.27848,1.27527,1.27672,7224.0
2023-06-21 21:00:00,1.27691,1.27733,1.27602,1.27683,6652.0
2023-06-22 01:00:00,1.27683,1.27733,1.27574,1.27583,9620.0
2023-06-22 05:00:00,1.27583,1.27876,1.27385,1.27752,22915.0
2023-06-22 09:00:00,1.27752,1.28422,1.2737,1.27486,30314.0
2023-06-22 13:00:00,1.27486,1.27636,1.27271,1.27324,16242.0
2023-06-22 17:00:00,1.27324,1.27479,1.27254,1.27475,7140.0
2023-06-22 21:00:00,1.27473,1.27494,1.27346,1.27464,6959.0
2023-06-23 01:00:00,1.27464,1.27481,1.26961,1.27073,14162.0
2023-06-23 05:00:00,1.27073,1.27301,1.26846,1.27008,26626.0
2023-06-23 09:00:00,1.27008,1.27362,1.26901,1.27113,22272.0
2023-06-23 13:00:00,1.27116,1.27281,1.26883,1.26981,15081.0
2023-06-23 17:00:00,1.26984,1.27214,1.26984,1.27155,6999.0
2023-06-25 21:00:00,1.27078,1.27352,1.27036,1.27333,9720.0
2023-06-26 01:00:00,1.27333,1.27385,1.27266,1.27321,10483.0
2023-06-26 05:00:00,1.27321,1.27484,1.27101,1.27369,20619.0
2023-06-26 09:00:00,1.27369,1.27448,1.26879,1.27113,19409.0
2023-06-26 13:00:00,1.27113,1.27275,1.26944,1.27216,11994.0
2023-06-26 17:00:00,1.27217,1.27257,1.27096,1.27108,4875.0
2023-06-26 21:00:00,1.27107,1.27155,1.27026,1.27047,7209.0
2023-06-27 01:00:00,1.27048,1.27366,1.27042,1.27289,12518.0
2023-06-27 05:00:00,1.27289,1.27579,1.27259,1.2737,18890.0
2023-06-27 09:00:00,1.2737,1.27438,1.27114,1.27369,20910.0
2023-06-27 13:00:00,1.27369,1.27589,1.27328,1.27492,14279.0
2023-06-27 17:00:00,1.27488,1.27572,1.2743,1.27477,6844.0
2023-06-27 21:00:00,1.2748,1.27518,1.27415,1.27433,8252.0
2023-06-28 01:00:00,1.27433,1.27457,1.27234,1.27252,13811.0
2023-06-28 05:00:00,1.27252,1.27374,1.27015,1.27108,17813.0
2023-06-28 09:00:00,1.27108,1.27147,1.2632,1.26398,22071.0
2023-06-28 13:00:00,1.26398,1.26499,1.26063,1.26476,14407.0
2023-06-28 17:00:00,1.26477,1.26534,1.26344,1.26355,5585.0
2023-06-28 21:00:00,1.26348,1.26453,1.26249,1.2634,5924.0
2023-06-29 01:00:00,1.26341,1.26467,1.26167,1.26198,12135.0
2023-06-29 05:00:00,1.26198,1.26536,1.26143,1.26456,19670.0
2023-06-29 09:00:00,1.26461,1.26664,1.25997,1.26059,19673.0
2023-06-29 13:00:00,1.26059,1.2631,1.25905,1.26229,15167.0
2023-06-29 17:00:00,1.26229,1.26243,1.26083,1.26109,5605.0
2023-07-13 21:00:00,1.31344,1.31385,1.31165,1.31199,9034.0
2023-07-14 01:00:00,1.31199,1.31418,1.31188,1.31307,11763.0
2023-07-14 05:00:00,1.31307,1.31323,1.30927,1.31203,17653.0
2023-07-14 09:00:00,1.31203,1.31418,1.31001,1.31129,20016.0
2023-07-14 13:00:00,1.31129,1.313,1.30935,1.31126,15005.0
2023-07-14 17:00:00,1.31133,1.31145,1.3089,1.3092,6118.0
2023-07-16 21:00:00,1.30912,1.30978,1.30794,1.30925,6530.0
2023-07-17 01:00:00,1.30925,1.30961,1.30813,1.30875,10855.0
2023-07-17 05:00:00,1.30875,1.31088,1.30644,1.30932,17780.0
2023-07-17 09:00:00,1.30932,1.31064,1.30531,1.30671,19926.0
2023-07-17 13:00:00,1.30671,1.30922,1.30504,1.30748,11056.0
2023-07-17 17:00:00,1.30746,1.30865,1.30699,1.30727,4698.0
2023-07-17 21:00:00,1.30723,1.30818,1.30672,1.30778,5130.0
2023-07-18 01:00:00,1.30778,1.30997,1.30734,1.30941,14385.0
2023-07-18 05:00:00,1.30941,1.31063,1.30714,1.30781,20381.0
2023-07-18 09:00:00,1.30782,1.31253,1.30719,1.30884,16846.0
2023-07-18 13:00:00,1.30886,1.30982,1.30276,1.30343,13249.0
2023-07-18 17:00:00,1.30343,1.30491,1.30293,1.30345,6044.0
2023-07-18 21:00:00,1.30349,1.30407,1.30297,1.30356,6086.0
2023-07-19 01:00:00,1.30356,1.30383,1.30123,1.30159,12328.0
2023-07-19 05:00:00,1.30159,1.30347,1.29224,1.2932,31025.0
2023-07-19 09:00:00,1.2932,1.29564,1.28968,1.29154,22145.0
2023-07-19 13:00:00,1.29155,1.29198,1.28672,1.29081,13438.0
2023-07-19 17:00:00,1.29083,1.29401,1.29054,1.29398,5582.0
2023-07-19 21:00:00,1.29353,1.29474,1.29265,1.29462,5604.0
2023-07-20 01:00:00,1.29462,1.29642,1.29405,1.29436,13538.0
2023-07-20 05:00:00,1.29436,1.29446,1.29048,1.29237,17686.0
2023-07-20 09:00:00,1.29237,1.29237,1.28545,1.28709,18021.0
2023-07-20 13:00:00,1.28705,1.28825,1.28393,1.28525,11810.0
2023-07-20 17:00:00,1.28528,1.28687,1.28507,1.28679,4943.0
2023-07-20 21:00:00,1.28661,1.28771,1.28611,1.28759,5003.0
2023-07-21 01:00:00,1.28759,1.28856,1.2866,1.28791,10337.0
2023-07-21 05:00:00,1.28791,1.29038,1.28398,1.28577,22273.0
2023-07-21 09:00:00,1.28577,1.28695,1.28155,1.283,20331.0
2023-07-21 13:00:00,1.283,1.2861,1.28287,1.28581,19981.0
2023-07-21 17:00:00,1.28581,1.28657,1.2848,1.28514,8138.0
2023-07-23 21:00:00,1.28438,1.28667,1.28435,1.28639,7222.0
2023-07-24 01:00:00,1.28639,1.28697,1.28489,1.28636,11332.0
2023-07-24 05:00:00,1.28636,1.28836,1.28067,1.28157,25606.0
2023-07-24 09:00:00,1.28157,1.28589,1.28151,1.28365,20891.0
2023-07-24 13:00:00,1.28365,1.28442,1.27972,1.28317,12646.0
2023-07-24 17:00:00,1.28317,1.28401,1.28147,1.28222,5453.0
2023-07-24 21:00:00,1.28209,1.28249,1.2809,1.28151,7020.0
2023-07-25 01:00:00,1.28151,1.28427,1.28148,1.28298,12428.0
2023-07-25 05:00:00,1.28298,1.28643,1.28285,1.28508,20590.0
2023-07-25 09:00:00,1.28508,1.28537,1.28195,1.28346,15582.0
2023-07-25 13:00:00,1.28346,1.28791,1.2812,1.28778,12006.0
2023-07-25 17:00:00,1.28771,1.29041,1.28708,1.29011,5879.0
2023-07-25 21:00:00,1.29011,1.29034,1.28793,1.28841,6098.0
2023-07-26 01:00:00,1.28841,1.28921,1.28749,1.28874,11087.0
2023-07-26 05:00:00,1.28874,1.29119,1.28808,1.29098,19496.0
2023-07-26 09:00:00,1.29098,1.29244,1.28944,1.29082,16772.0
2023-07-26 13:00:00,1.29082,1.29363,1.29031,1.29149,11063.0
2023-07-26 17:00:00,1.29148,1.29598,1.28954,1.29417,11771.0
2023-07-26 21:00:00,1.29406,1.2944,1.29234,1.29404,5373.0
2023-07-27 01:00:00,1.29403,1.29767,1.29403,1.29619,13023.0
2023-07-27 05:00:00,1.29619,1.29954,1.29386,1.29921,22390.0
2023-07-27 09:00:00,1.29921,1.29952,1.28812,1.28953,19278.0
2023-07-27 13:00:00,1.28954,1.29024,1.28255,1.28404,14760.0
2023-07-27 17:00:00,1.28411,1.28513,1.27815,1.27934,9442.0
2023-07-27 21:00:00,1.27855,1.27994,1.27855,1.27909,6594.0
2023-07-28 01:00:00,1.27909,1.28076,1.27625,1.2779,23890.0
2023-07-28 05:00:00,1.27791,1.28155,1.27717,1.28049,32703.0
2023-07-28 09:00:00,1.28049,1.28873,1.2801,1.2869,19043.0
2023-07-28 13:00:00,1.28688,1.28839,1.28374,1.28721,12151.0
2023-07-28 17:00:00,1.28721,1.28721,1.28454,1.28463,6375.0
2023-08-14 21:00:00,1.26736,1.26872,1.26721,1.26831,4637.0
2023-08-15 01:00:00,1.26831,1.2693,1.26746,1.26844,11555.0
2023-08-15 05:00:00,1.26844,1.27199,1.26785,1.27116,22734.0
2023-08-15 09:00:00,1.27116,1.273,1.26807,1.27153,19212.0
2023-08-15 13:00:00,1.27155,1.27519,1.27074,1.27232,13877.0
2023-08-15 17:00:00,1.27231,1.2725,1.26939,1.27029,6518.0
2023-08-15 21:00:00,1.27031,1.27035,1.26914,1.26955,4997.0
2023-08-16 01:00:00,1.26955,1.27068,1.26864,1.27066,13651.0
2023-08-16 05:00:00,1.27066,1.27658,1.26987,1.27575,18191.0
2023-08-16 09:00:00,1.27575,1.2766,1.27205,1.27206,14629.0
2023-08-16 13:00:00,1.27206,1.27602,1.27179,1.27328,11080.0
2023-08-16 17:00:00,1.27327,1.27496,1.27109,1.27311,8990.0
2023-08-16 21:00:00,1.27307,1.27325,1.27127,1.27202,5850.0
2023-08-17 01:00:00,1.27202,1.27229,1.27108,1.27228,12778.0
2023-08-17 05:00:00,1.27228,1.27433,1.2709,1.27119,17196.0
2023-08-17 09:00:00,1.27119,1.27827,1.27022,1.27703,21401.0
2023-08-17 13:00:00,1.27703,1.27869,1.2737,1.27596,12549.0
2023-08-17 17:00:00,1.27596,1.276,1.27265,1.27452,7525.0
2023-08-17 21:00:00,1.27462,1.27585,1.27395,1.27511,6303.0
2023-08-18 01:00:00,1.27511,1.27659,1.27421,1.27446,13507.0
2023-08-18 05:00:00,1.27446,1.27521,1.27066,1.27184,19198.0
2023-08-18 09:00:00,1.27184,1.27419,1.26888,1.27105,19289.0
2023-08-18 13:00:00,1.27106,1.27486,1.27072,1.27446,11400.0
2023-08-18 17:00:00,1.27446,1.27559,1.27272,1.27311,5065.0
2023-08-20 21:00:00,1.27278,1.27502,1.27229,1.27461,6745.0
2023-08-21 01:00:00,1.27461,1.27461,1.27296,1.27382,12772.0
2023-08-21 05:00:00,1.27383,1.2745,1.271,1.27204,18229.0
2023-08-21 09:00:00,1.27204,1.27648,1.272,1.27515,15285.0
2023-08-21 13:00:00,1.27519,1.2757,1.27223,1.27565,11159.0
2023-08-21 17:00:00,1.27565,1.27665,1.27504,1.27574,5273.0
2023-08-21 21:00:00,1.27466,1.27652,1.27466,1.27627,5604.0
2023-08-22 01:00:00,1.27627,1.27773,1.27572,1.27692,12197.0
2023-08-22 05:00:00,1.27692,1.27999,1.27687,1.27814,16038.0
2023-08-22 09:00:00,1.27814,1.27917,1.27411,1.27422,15594.0
2023-08-22 13:00:00,1.27415,1.2753,1.27183,1.27348,10633.0
2023-08-22 17:00:00,1.27348,1.27431,1.27275,1.27326,4343.0
2023-08-22 21:00:00,1.27316,1.27407,1.27232,1.27339,4793.0
2023-08-23 01:00:00,1.27339,1.27506,1.27329,1.27506,9476.0
2023-08-23 05:00:00,1.27506,1.27642,1.26712,1.26782,24460.0
2023-08-23 09:00:00,1.26782,1.26794,1.26141,1.26306,23467.0
2023-08-23 13:00:00,1.26304,1.27254,1.26304,1.27206,11662.0
2023-08-23 17:00:00,1.27206,1.27326,1.27081,1.27227,5142.0
2023-08-23 21:00:00,1.27231,1.27281,1.27096,1.2719,7413.0
2023-08-24 01:00:00,1.2719,1.27212,1.27054,1.27196,12118.0
2023-08-24 05:00:00,1.27196,1.27275,1.26912,1.26982,15747.0
2023-08-24 09:00:00,1.26982,1.27032,1.26261,1.26354,15647.0
2023-08-24 13:00:00,1.26356,1.26623,1.26205,1.26232,11166.0
2023-08-24 17:00:00,1.26233,1.26243,1.25908,1.25991,5875.0
2023-08-24 21:00:00,1.25996,1.26041,1.25855,1.25898,6692.0
2023-08-25 01:00:00,1.25898,1.2591,1.25595,1.25643,10284.0
2023-08-25 05:00:00,1.25643,1.25917,1.25603,1.25861,15477.0
2023-08-25 09:00:00,1.2586,1.26232,1.25812,1.26196,12479.0
2023-08-25 13:00:00,1.26196,1.26538,1.25476,1.25811,14260.0
2023-08-25 17:00:00,1.25813,1.26009,1.25747,1.2577,6129.0
2023-08-27 21:00:00,1.2579,1.25988,1.25692,1.25937,3895.0
2023-08-28 01:00:00,1.25937,1.26038,1.25919,1.25991,5657.0
2023-08-28 05:00:00,1.25993,1.26104,1.25685,1.25759,6860.0
2023-08-28 09:00:00,1.25755,1.25944,1.2565,1.25939,10429.0
2023-08-28 13:00:00,1.25939,1.25993,1.25725,1.25946,9502.0
2023-08-28 17:00:00,1.25945,1.26071,1.25921,1.26024,5123.0
2023-08-28 21:00:00,1.26006,1.26186,1.25897,1.26134,5266.0
2023-08-29 01:00:00,1.26135,1.26321,1.26132,1.26225,9564.0
2023-08-29 05:00:00,1.26225,1.26354,1.26051,1.26112,15458.0
2023-08-29 09:00:00,1.26112,1.26169,1.25623,1.25733,10291.0
2023-08-29 13:00:00,1.25734,1.26332,1.25626,1.26199,13771.0
2023-08-29 17:00:00,1.26201,1.26547,1.26198,1.26429,6837.0
2023-08-29 21:00:00,1.26431,1.26497,1.26321,1.26403,6076.0
2023-08-30 01:00:00,1.26402,1.26419,1.26217,1.26223,9640.0
2023-08-30 05:00:00,1.26223,1.26471,1.26185,1.26379,18442.0
2023-08-30 09:00:00,1.26379,1.27204,1.2635,1.27131,16559.0
2023-08-30 13:00:00,1.27126,1.27454,1.27016,1.27158,12387.0
2023-08-30 17:00:00,1.27158,1.27286,1.27063,1.27204,6490.0
2023-09-13 21:00:00,1.24897,1.2503,1.24796,1.25016,5174.0
2023-09-14 01:00:00,1.25015,1.25037,1.24851,1.25007,8204.0
2023-09-14 05:00:00,1.25007,1.25058,1.2479,1.24862,12682.0
2023-09-14 09:00:00,1.24862,1.24862,1.24145,1.2439,14851.0
2023-09-14 13:00:00,1.24393,1.24601,1.24006,1.24143,14006.0
2023-09-14 17:00:00,1.24139,1.2417,1.2396,1.24085,6044.0
2023-09-14 21:00:00,1.24076,1.24112,1.23991,1.24111,4292.0
2023-09-15 01:00:00,1.24111,1.24295,1.24011,1.24281,10136.0
2023-09-15 05:00:00,1.24281,1.24456,1.24157,1.24394,14791.0
2023-09-15 09:00:00,1.24394,1.244,1.23899,1.23904,14907.0
2023-09-15 13:00:00,1.23903,1.24251,1.23848,1.23991,13185.0
2023-09-15 17:00:00,1.23993,1.23993,1.23782,1.2383,5287.0
2023-09-17 21:00:00,1.23812,1.24017,1.2379,1.23995,4318.0
2023-09-18 01:00:00,1.23995,1.24037,1.23859,1.23956,8066.0
2023-09-18 05:00:00,1.23957,1.24044,1.23697,1.23803,11408.0
2023-09-18 09:00:00,1.23803,1.24102,1.2377,1.23805,11204.0
2023-09-18 13:00:00,1.23805,1.24044,1.23727,1.23949,10313.0
2023-09-18 17:00:00,1.23951,1.23988,1.2374,1.23841,3972.0
2023-09-18 21:00:00,1.23794,1.2391,1.23739,1.23817,3906.0
2023-09-19 01:00:00,1.23817,1.2383,1.23749,1.23779,5785.0
2023-09-19 05:00:00,1.23779,1.23924,1.23695,1.23757,11946.0
2023-09-19 09:00:00,1.23757,1.24248,1.23708,1.24051,13589.0
2023-09-19 13:00:00,1.24051,1.24063,1.23818,1.23866,9530.0
2023-09-19 17:00:00,1.23868,1.23965,1.23856,1.23916,4905.0
2023-09-19 21:00:00,1.2381,1.23966,1.2381,1.23895,2702.0
2023-09-20 01:00:00,1.23896,1.23932,1.2382,1.23882,7894.0
2023-09-20 05:00:00,1.23882,1.2395,1.23323,1.23681,17757.0
2023-09-20 09:00:00,1.23681,1.23804,1.23572,1.23761,12236.0
2023-09-20 13:00:00,1.23761,1.24211,1.23751,1.24167,10701.0
2023-09-20 17:00:00,1.24163,1.24163,1.23316,1.23432,10658.0
2023-09-20 21:00:00,1.23424,1.2346,1.231,1.23129,6681.0
2023-09-21 01:00:00,1.23128,1.23249,1.2304,1.23195,6908.0
2023-09-21 05:00:00,1.23195,1.23311,1.22944,1.23039,15126.0
2023-09-21 09:00:00,1.23039,1.23076,1.22313,1.2267,20243.0
2023-09-21 13:00:00,1.22675,1.2306,1.22571,1.22962,10986.0
2023-09-21 17:00:00,1.22963,1.2307,1.22878,1.22939,4968.0
2023-09-21 21:00:00,1.22876,1.22955,1.22809,1.22859,4229.0
2023-09-22 01:00:00,1.22859,1.22859,1.22724,1.2284,8901.0
2023-09-22 05:00:00,1.2284,1.22879,1.22307,1.22524,20052.0
2023-09-22 09:00:00,1.22525,1.22667,1.22325,1.22565,14240.0
2023-09-22 13:00:00,1.22565,1.22844,1.22501,1.22511,11324.0
2023-09-22 17:00:00,1.2251,1.22586,1.22301,1.22352,4603.0
2023-09-24 21:00:00,1.22473,1.2249,1.22337,1.22485,11673.0
2023-09-25 01:00:00,1.22485,1.22494,1.22363,1.22415,6371.0
2023-09-25 05:00:00,1.22415,1.22503,1.22177,1.22199,13537.0
2023-09-25 09:00:00,1.22199,1.22432,1.22121,1.22168,14323.0
2023-09-25 13:00:00,1.22168,1.22204,1.21933,1.22111,12006.0
2023-09-25 17:00:00,1.22113,1.22218,1.2205,1.22107,4168.0
2023-09-25 21:00:00,1.22113,1.22153,1.22039,1.22054,4272.0
2023-09-26 01:00:00,1.22054,1.22087,1.21932,1.22048,9033.0
2023-09-26 05:00:00,1.22048,1.22069,1.21667,1.21845,17279.0
2023-09-26 09:00:00,1.21845,1.21939,1.21695,1.21905,15118.0
2023-09-26 13:00:00,1.21905,1.21914,1.2159,1.21708,11094.0
2023-09-26 17:00:00,1.21708,1.21758,1.21517,1.21563,4441.0
2023-09-26 21:00:00,1.2157,1.21601,1.21405,1.2142,4302.0
2023-09-27 01:00:00,1.2142,1.21571,1.21396,1.21466,7555.0
2023-09-27 05:00:00,1.21466,1.21639,1.21352,1.21491,12284.0
2023-09-27 09:00:00,1.21491,1.21558,1.21307,1.21444,15786.0
2023-09-27 13:00:00,1.21444,1.21587,1.21163,1.2124,12764.0
2023-09-27 17:00:00,1.21241,1.21527,1.211,1.21339,7646.0
2023-09-27 21:00:00,1.21264,1.21442,1.21243,1.21436,5039.0
2023-09-28 01:00:00,1.21436,1.2145,1.21296,1.21399,8879.0
2023-09-28 05:00:00,1.21399,1.2174,1.21196,1.21712,16318.0
2023-09-28 09:00:00,1.21712,1.22232,1.21705,1.21774,18046.0
2023-09-28 13:00:00,1.21769,1.22241,1.2175,1.21989,12844.0
2023-09-28 17:00:00,1.21991,1.22049,1.21876,1.22044,6660.0
2023-09-28 21:00:00,1.21961,1.22105,1.21911,1.22011,2601.0
2023-09-29 01:00:00,1.22011,1.22281,1.21989,1.22219,6970.0
2023-09-29 05:00:00,1.22219,1.22539,1.22193,1.22349,15985.0
2023-09-29 09:00:00,1.22349,1.22713,1.22315,1.22591,19155.0
2023-09-29 13:00:00,1.22591,1.22626,1.21799,1.22052,14908.0
2023-09-29 17:00:00,1.22047,1.22076,1.21856,1.22026,7003.0
2023-10-16 21:00:00,1.22037,1.2216,1.21957,1.22092,4596.0
2023-10-17 01:00:00,1.22092,1.22092,1.21926,1.21961,6994.0
2023-10-17 05:00:00,1.21961,1.22006,1.21494,1.21544,17211.0
2023-10-17 09:00:00,1.21544,1.21908,1.21325,1.21404,23472.0
2023-10-17 13:00:00,1.21404,1.22117,1.21363,1.21912,20762.0
2023-10-17 17:00:00,1.21912,1.21931,1.21706,1.21823,9028.0
2023-10-17 21:00:00,1.21826,1.21835,1.21579,1.21624,4554.0
2023-10-18 01:00:00,1.21624,1.21837,1.21584,1.21802,8592.0
2023-10-18 05:00:00,1.21802,1.22106,1.21774,1.21993,18251.0
2023-10-18 09:00:00,1.21993,1.22099,1.2171,1.21761,16003.0
2023-10-18 13:00:00,1.21763,1.21862,1.21371,1.21524,20358.0
2023-10-18 17:00:00,1.21526,1.21759,1.21368,1.21404,12119.0
2023-10-18 21:00:00,1.21393,1.2146,1.21357,1.21412,6019.0
2023-10-19 01:00:00,1.21412,1.21447,1.21233,1.21251,9736.0
2023-10-19 05:00:00,1.21251,1.21447,1.21015,1.21064,19070.0
2023-10-19 09:00:00,1.21064,1.21444,1.20894,1.2141,19105.0
2023-10-19 13:00:00,1.21414,1.21913,1.21249,1.21737,26405.0
2023-10-19 17:00:00,1.21736,1.21825,1.21374,1.21413,17636.0
2023-10-19 21:00:00,1.21427,1.21449,1.21218,1.21252,5425.0
2023-10-20 01:00:00,1.21252,1.21441,1.21174,1.21338,10232.0
2023-10-20 05:00:00,1.21338,1.2138,1.20926,1.21235,18968.0
2023-10-20 09:00:00,1.21236,1.21491,1.21132,1.21405,14055.0
2023-10-20 13:00:00,1.21401,1.21607,1.21309,1.21539,18477.0
2023-10-20 17:00:00,1.21539,1.21699,1.21487,1.21634,10809.0
2023-10-22 21:00:00,1.21488,1.21658,1.21488,1.21619,5428.0
2023-10-23 01:00:00,1.21619,1.2162,1.21436,1.21489,7024.0
2023-10-23 05:00:00,1.21489,1.21848,1.21454,1.21614,17149.0
2023-10-23 09:00:00,1.21613,1.21823,1.2143,1.2164,17753.0
2023-10-23 13:00:00,1.21641,1.22366,1.21498,1.22336,17876.0
2023-10-23 17:00:00,1.22337,1.22583,1.22273,1.22464,9325.0
2023-10-23 21:00:00,1.22452,1.22564,1.2233,1.22546,5064.0
2023-10-24 01:00:00,1.22546,1.22737,1.2248,1.2265,10726.0
2023-10-24 05:00:00,1.2265,1.22882,1.22429,1.22632,17429.0
2023-10-24 09:00:00,1.22625,1.22631,1.21975,1.22033,12181.0
2023-10-24 13:00:00,1.22031,1.22065,1.21528,1.21582,18736.0
2023-10-24 17:00:00,1.21579,1.21675,1.21553,1.21598,8459.0
2023-10-24 21:00:00,1.2159,1.21683,1.21555,1.21655,5203.0
2023-10-25 01:00:00,1.21655,1.21752,1.21633,1.21747,6501.0
2023-10-25 05:00:00,1.21747,1.21758,1.21329,1.2138,11897.0
2023-10-25 09:00:00,1.21379,1.21385,1.21136,1.21302,11577.0
2023-10-25 13:00:00,1.21302,1.21559,1.21216,1.21271,18387.0
2023-10-25 17:00:00,1.21271,1.21298,1.21059,1.21106,10689.0
2023-10-25 21:00:00,1.21101,1.21117,1.20872,1.20901,6071.0
2023-10-26 01:00:00,1.20901,1.20988,1.20762,1.20794,8953.0
2023-10-26 05:00:00,1.20794,1.20959,1.20691,1.20788,15596.0
2023-10-26 09:00:00,1.20788,1.21244,1.20739,1.21244,19213.0
2023-10-26 13:00:00,1.21244,1.21331,1.20975,1.21044,30047.0
2023-10-26 17:00:00,1.21044,1.21391,1.21037,1.21279,14933.0
2023-10-26 21:00:00,1.21272,1.2139,1.2119,1.2127,5102.0
2023-10-27 01:00:00,1.2127,1.21387,1.21217,1.21372,8015.0
2023-10-27 05:00:00,1.21372,1.21411,1.21112,1.21279,14093.0
2023-10-27 09:00:00,1.21279,1.2147,1.21052,1.21308,16921.0
2023-10-27 13:00:00,1.21308,1.21624,1.21238,1.21316,28540.0
2023-10-27 17:00:00,1.21316,1.21316,1.211,1.2116,17261.0
2023-10-29 21:00:00,1.21249,1.21249,1.21058,1.211,5858.0
2023-10-30 01:00:00,1.211,1.21215,1.21064,1.21159,7194.0
2023-10-30 05:00:00,1.21159,1.2133,1.20896,1.21043,11562.0
2023-10-30 09:00:00,1.21044,1.21444,1.21043,1.21425,12312.0
2023-10-30 13:00:00,1.21429,1.21646,1.21198,1.21489,18408.0
2023-10-30 17:00:00,1.2149,1.21738,1.21416,1.21688,7765.0
2023-10-30 21:00:00,1.21678,1.21687,1.21564,1.21597,4362.0
2023-10-31 01:00:00,1.21597,1.216,1.21364,1.21398,11525.0
2023-10-31 05:00:00,1.21399,1.21734,1.21384,1.21718,14078.0
2023-10-31 09:00:00,1.21718,1.22002,1.21553,1.21588,17929.0
2023-10-31 13:00:00,1.21582,1.21588,1.21193,1.21334,19971.0
2023-10-31 17:00:00,1.21335,1.21553,1.21326,1.21474,9271.0
2023-11-15 22:00:00,1.24158,1.24237,1.23998,1.24032,6142.0
2023-11-16 02:00:00,1.24032,1.24038,1.23796,1.23948,6184.0
2023-11-16 06:00:00,1.23948,1.2413,1.23758,1.24006,14787.0
2023-11-16 10:00:00,1.24006,1.24408,1.23814,1.24407,18239.0
2023-11-16 14:00:00,1.24407,1.24557,1.24104,1.2425,26900.0
2023-11-16 18:00:00,1.2425,1.24313,1.24054,1.24142,9096.0
2023-11-16 22:00:00,1.24134,1.24217,1.24013,1.24125,5309.0
2023-11-17 02:00:00,1.24125,1.24159,1.24034,1.24135,6664.0
2023-11-17 06:00:00,1.24135,1.24183,1.23734,1.24093,18079.0
2023-11-17 10:00:00,1.24093,1.24396,1.24077,1.24211,18704.0
2023-11-17 14:00:00,1.24211,1.24372,1.24045,1.24355,25497.0
2023-11-17 18:00:00,1.24355,1.24647,1.24328,1.24619,10044.0
2023-11-19 22:00:00,1.24473,1.24689,1.2442,1.24677,7764.0
2023-11-20 02:00:00,1.24677,1.2495,1.24662,1.24796,11113.0
2023-11-20 06:00:00,1.24796,1.25098,1.24708,1.25095,17606.0
2023-11-20 10:00:00,1.25095,1.25096,1.24606,1.24729,15642.0
2023-11-20 14:00:00,1.24729,1.25171,1.24616,1.25001,18923.0
2023-11-20 18:00:00,1.25001,1.25168,1.24978,1.25037,9911.0
2023-11-20 22:00:00,1.25033,1.25242,1.24936,1.25167,8253.0
2023-11-21 02:00:00,1.25158,1.25398,1.2512,1.25257,10600.0
2023-11-21 06:00:00,1.25257,1.25408,1.25191,1.25304,17141.0
2023-11-21 10:00:00,1.25304,1.25588,1.25267,1.25393,16710.0
2023-11-21 14:00:00,1.25393,1.25536,1.25261,1.25466,22815.0
2023-11-21 18:00:00,1.25466,1.2547,1.25167,1.25368,12363.0
2023-11-21 22:00:00,1.25377,1.25489,1.25244,1.25348,6518.0
2023-11-22 02:00:00,1.25348,1.2544,1.25233,1.2525,6857.0
2023-11-22 06:00:00,1.2525,1.25372,1.25062,1.25291,17470.0
2023-11-22 10:00:00,1.25287,1.25484,1.25086,1.25145,22313.0
2023-11-22 14:00:00,1.25145,1.25169,1.24486,1.24783,27614.0
2023-11-22 18:00:00,1.24783,1.24964,1.24777,1.24936,9754.0
2023-11-22 22:00:00,1.24935,1.24965,1.24805,1.24954,4804.0
2023-11-23 02:00:00,1.24954,1.25126,1.24946,1.25109,5999.0
2023-11-23 06:00:00,1.25109,1.25702,1.25008,1.25576,17873.0
2023-11-23 10:00:00,1.25576,1.25626,1.25323,1.2537,13471.0
2023-11-23 14:00:00,1.2537,1.25433,1.25247,1.25314,9304.0
2023-11-23 18:00:00,1.25314,1.25377,1.25304,1.25353,3119.0
2023-11-23 22:00:00,1.25328,1.25443,1.25231,1.25323,5502.0
2023-11-24 02:00:00,1.25323,1.25454,1.25238,1.2545,7130.0
2023-11-24 06:00:00,1.2545,1.25659,1.25257,1.25491,13289.0
2023-11-24 10:00:00,1.25491,1.25797,1.25458,1.25769,14197.0
2023-11-24 14:00:00,1.25769,1.26151,1.25753,1.26072,17617.0
2023-11-24 18:00:00,1.26072,1.26109,1.25934,1.26038,11239.0
2023-11-26 22:00:00,1.25966,1.26097,1.25904,1.26029,6487.0
2023-11-27 02:00:00,1.26029,1.26122,1.25905,1.26106,7991.0
2023-11-27 06:00:00,1.26106,1.26267,1.26035,1.26082,13603.0
2023-11-27 10:00:00,1.26082,1.26439,1.26017,1.2625,16551.0
2023-11-27 14:00:00,1.2625,1.26284,1.25999,1.26033,21783.0
2023-11-27 18:00:00,1.26033,1.26336,1.26014,1.26279,8624.0
2023-11-27 22:00:00,1.26264,1.26415,1.26169,1.26341,6612.0
2023-11-28 02:00:00,1.26341,1.26408,1.26213,1.26252,6912.0
2023-11-28 06:00:00,1.26252,1.26329,1.26061,1.26282,15027.0
2023-11-28 10:00:00,1.26282,1.26483,1.26075,1.26423,16703.0
2023-11-28 14:00:00,1.26423,1.27148,1.26349,1.26919,34462.0
2023-11-28 18:00:00,1.26919,1.2701,1.26725,1.26967,13043.0
2023-11-28 22:00:00,1.26922,1.27327,1.26866,1.27182,10291.0
2023-11-29 02:00:00,1.27182,1.27222,1.27055,1.27125,10312.0
2023-11-29 06:00:00,1.27125,1.27213,1.26735,1.26801,19015.0
2023-11-29 10:00:00,1.26801,1.27084,1.26736,1.2686,23721.0
2023-11-29 14:00:00,1.26859,1.27106,1.26642,1.26974,26436.0
2023-11-29 18:00:00,1.26974,1.2727,1.26897,1.26945,11380.0
2023-11-29 22:00:00,1.26939,1.27045,1.26866,1.26925,7204.0
2023-11-30 02:00:00,1.26925,1.27055,1.26902,1.26983,8082.0
2023-11-30 06:00:00,1.26983,1.27103,1.26475,1.26483,19243.0
2023-11-30 10:00:00,1.26483,1.2679,1.2622,1.26247,23376.0
2023-11-30 14:00:00,1.26248,1.26635,1.26028,1.26196,37207.0
2023-11-30 18:00:00,1.26196,1.2637,1.26118,1.2624,12077.0
2023-11-30 22:00:00,1.26227,1.26549,1.26106,1.26526,9239.0
2023-12-01 02:00:00,1.26526,1.2656,1.26326,1.26438,8717.0
2023-12-01 06:00:00,1.26438,1.26743,1.26285,1.26674,16665.0
2023-12-01 10:00:00,1.26674,1.26679,1.26269,1.26289,16831.0
2023-12-01 14:00:00,1.26289,1.26957,1.26133,1.26943,37665.0
2023-12-01 18:00:00,1.26943,1.27156,1.26916,1.27116,13672.0
2023-12-13 22:00:00,1.26168,1.26414,1.26085,1.26403,11493.0
2023-12-14 02:00:00,1.26403,1.26522,1.26287,1.2635,16931.0
2023-12-14 06:00:00,1.2635,1.26706,1.26115,1.26674,26952.0
2023-12-14 10:00:00,1.26673,1.27323,1.26514,1.27268,34383.0
2023-12-14 14:00:00,1.27268,1.27935,1.27021,1.27834,38625.0
2023-12-14 18:00:00,1.27834,1.27837,1.27476,1.27637,15864.0
2023-12-14 22:00:00,1.27663,1.27713,1.27466,1.27543,8762.0
2023-12-15 02:00:00,1.27543,1.27737,1.27543,1.27585,12947.0
2023-12-15 06:00:00,1.27585,1.27758,1.27395,1.2774,21392.0
2023-12-15 10:00:00,1.2774,1.27905,1.26984,1.27104,22161.0
2023-12-15 14:00:00,1.27104,1.27294,1.26846,1.27046,29556.0
2023-12-15 18:00:00,1.27046,1.27048,1.26679,1.26699,16857.0
2023-12-17 22:00:00,1.26802,1.26836,1.26569,1.26812,8734.0
2023-12-18 02:00:00,1.26812,1.26991,1.2681,1.2693,10327.0
2023-12-18 06:00:00,1.2693,1.27038,1.26648,1.26666,16077.0
2023-12-18 10:00:00,1.26667,1.26784,1.26451,1.26667,20910.0
2023-12-18 14:00:00,1.26667,1.26702,1.26283,1.26525,22058.0
2023-12-18 18:00:00,1.26525,1.26527,1.26331,1.26472,10857.0
2023-12-18 22:00:00,1.26474,1.26624,1.26309,1.26524,7156.0
2023-12-19 02:00:00,1.26523,1.26642,1.26493,1.26576,11635.0
2023-12-19 06:00:00,1.26576,1.27009,1.26506,1.26985,18455.0
2023-12-19 10:00:00,1.26985,1.27461,1.26929,1.2743,18582.0
2023-12-19 14:00:00,1.27432,1.27613,1.27249,1.27351,24433.0
2023-12-19 18:00:00,1.27351,1.27384,1.27155,1.27314,10057.0
2023-12-19 22:00:00,1.2731,1.27338,1.27155,1.27192,7316.0
2023-12-20 02:00:00,1.27192,1.27255,1.27169,1.27218,8439.0
2023-12-20 06:00:00,1.27218,1.27219,1.26468,1.26778,21497.0
2023-12-20 10:00:00,1.26778,1.26793,1.26292,1.2661,19296.0
2023-12-20 14:00:00,1.2661,1.26817,1.2652,1.267,23692.0
2023-12-20 18:00:00,1.267,1.26737,1.26245,1.26399,17720.0
2023-12-20 22:00:00,1.26378,1.26499,1.26227,1.26419,7343.0
2023-12-21 02:00:00,1.26419,1.26506,1.26298,1.26494,9813.0
2023-12-21 06:00:00,1.26494,1.26495,1.26115,1.2631,14298.0
2023-12-21 10:00:00,1.2631,1.26955,1.26212,1.26808,21703.0
2023-12-21 14:00:00,1.26808,1.26904,1.26426,1.26639,36594.0
2023-12-21 18:00:00,1.26638,1.26921,1.26582,1.26902,16815.0
2023-12-21 22:00:00,1.26888,1.26919,1.26706,1.2681,8914.0
2023-12-22 02:00:00,1.26809,1.26914,1.26793,1.26852,11214.0
2023-12-22 06:00:00,1.26851,1.27132,1.26802,1.26859,17678.0
2023-12-22 10:00:00,1.26857,1.2743,1.26856,1.27346,25233.0
2023-12-22 14:00:00,1.27346,1.27438,1.26975,1.27088,31088.0
2023-12-22 18:00:00,1.27088,1.27095,1.26894,1.26968,17250.0
2023-12-25 22:00:00,1.26812,1.27119,1.26809,1.27057,5258.0
2023-12-26 02:00:00,1.27057,1.27128,1.27016,1.27053,7527.0
2023-12-26 06:00:00,1.27053,1.27078,1.26861,1.26907,9709.0
2023-12-26 10:00:00,1.26907,1.27115,1.26841,1.27036,16102.0
2023-12-26 14:00:00,1.27036,1.27198,1.2701,1.27063,16770.0
2023-12-26 18:00:00,1.27063,1.27297,1.27048,1.27235,13161.0
2023-12-26 22:00:00,1.27236,1.27296,1.27098,1.27247,5851.0
2023-12-27 02:00:00,1.27248,1.27323,1.27195,1.27319,6368.0
2023-12-27 06:00:00,1.27319,1.27351,1.26983,1.272,12600.0
2023-12-27 10:00:00,1.272,1.27592,1.27099,1.27546,14277.0
2023-12-27 14:00:00,1.27546,1.2802,1.27437,1.27893,21222.0
2023-12-27 18:00:00,1.27893,1.28016,1.27829,1.27988,12843.0
2023-12-27 22:00:00,1.27973,1.28136,1.27868,1.28125,5769.0
2023-12-28 02:00:00,1.28125,1.2816,1.2801,1.28084,7490.0
2023-12-28 06:00:00,1.28084,1.28275,1.27905,1.27939,17252.0
2023-12-28 10:00:00,1.27939,1.2805,1.27378,1.27413,18813.0
2023-12-28 14:00:00,1.27411,1.27748,1.27281,1.27389,25172.0
2023-12-28 18:00:00,1.27389,1.27393,1.27118,1.273,11932.0
2023-12-28 22:00:00,1.27326,1.27465,1.27198,1.27361,6659.0
2023-12-29 02:00:00,1.27361,1.27635,1.27319,1.27622,8047.0
2023-12-29 06:00:00,1.27622,1.27725,1.26997,1.27051,15462.0
2023-12-29 10:00:00,1.27049,1.27491,1.27039,1.27205,19816.0
2023-12-29 14:00:00,1.27205,1.27665,1.27006,1.27618,28948.0
2023-12-29 18:00:00,1.27618,1.27618,1.27264,1.27303,14784.0
2024-01-31 06:00:00,1.26774,1.26969,1.26661,1.26696,15608.0
2024-01-31 10:00:00,1.26696,1.27124,1.26668,1.27051,19736.0
2024-01-31 14:00:00,1.27051,1.27503,1.27,1.2718,35826.0
2024-01-31 18:00:00,1.2718,1.27386,1.26575,1.2687,40243.0
2024-01-31 22:00:00,1.26874,1.26874,1.26646,1.2679,9923.0
2024-02-01 02:00:00,1.2679,1.26977,1.26675,1.26675,6813.0
2024-02-01 06:00:00,1.26675,1.26737,1.26417,1.26556,16609.0
2024-02-01 10:00:00,1.26556,1.26854,1.26248,1.26587,24759.0
2024-02-01 14:00:00,1.26586,1.27394,1.26391,1.27359,36966.0
2024-02-01 18:00:00,1.27358,1.27554,1.27277,1.2742,14840.0
2024-02-01 22:00:00,1.27426,1.27546,1.27329,1.27455,8284.0
2024-02-02 02:00:00,1.27455,1.2754,1.27429,1.27493,6675.0
2024-02-02 06:00:00,1.27493,1.27672,1.27419,1.27571,14351.0
2024-02-02 10:00:00,1.27571,1.27721,1.26682,1.26712,21104.0
2024-02-02 14:00:00,1.26708,1.26731,1.26134,1.26177,31556.0
2024-02-02 18:00:00,1.26177,1.26435,1.26153,1.26326,14087.0
2024-02-04 22:00:00,1.26276,1.26326,1.25986,1.26107,12684.0
2024-02-05 02:00:00,1.26107,1.26137,1.25987,1.2611,9593.0
2024-02-05 06:00:00,1.2611,1.26291,1.25998,1.26005,16130.0
2024-02-05 10:00:00,1.26001,1.2603,1.25495,1.25524,16566.0
2024-02-05 14:00:00,1.25524,1.25613,1.25178,1.25355,22800.0
2024-02-05 18:00:00,1.25355,1.25436,1.25258,1.25349,10600.0
2024-02-05 22:00:00,1.25321,1.2548,1.25262,1.25463,6042.0
2024-02-06 02:00:00,1.25464,1.25565,1.25388,1.25522,10128.0
2024-02-06 06:00:00,1.25522,1.25652,1.25395,1.25417,16798.0
2024-02-06 10:00:00,1.25417,1.25718,1.25359,1.25635,18534.0
2024-02-06 14:00:00,1.25634,1.25994,1.25579,1.25947,28072.0
2024-02-06 18:00:00,1.25947,1.26027,1.25868,1.25977,13807.0
2024-02-06 22:00:00,1.25956,1.26123,1.25859,1.26104,7479.0
2024-02-07 02:00:00,1.26104,1.26118,1.25978,1.26052,9786.0
2024-02-07 06:00:00,1.26052,1.2637,1.25988,1.26327,18036.0
2024-02-07 10:00:00,1.26327,1.26397,1.26202,1.26249,14931.0
2024-02-07 14:00:00,1.26249,1.26419,1.26158,1.26225,25402.0
2024-02-07 18:00:00,1.26225,1.2634,1.26195,1.26278,11335.0
2024-02-07 22:00:00,1.26245,1.26359,1.26148,1.26332,6458.0
2024-02-08 02:00:00,1.26331,1.26384,1.26265,1.26303,7660.0
2024-02-08 06:00:00,1.26304,1.26362,1.26125,1.26303,14926.0
2024-02-08 10:00:00,1.26302,1.26343,1.25713,1.25809,19220.0
2024-02-08 14:00:00,1.25809,1.26226,1.25782,1.26172,22387.0
2024-02-08 18:00:00,1.26172,1.26289,1.26112,1.26179,11272.0
2024-02-08 22:00:00,1.26165,1.26211,1.26043,1.26185,4837.0
2024-02-09 02:00:00,1.26184,1.26221,1.2611,1.26144,5409.0
2024-02-09 06:00:00,1.26144,1.26346,1.26056,1.26106,14649.0
2024-02-09 10:00:00,1.26106,1.26349,1.25988,1.26199,20478.0
2024-02-09 14:00:00,1.26199,1.26429,1.26153,1.26296,20047.0
2024-02-09 18:00:00,1.26296,1.26373,1.26245,1.26301,6679.0
2024-02-26 22:00:00,1.26841,1.26861,1.26714,1.26784,6397.0
2024-02-27 02:00:00,1.26785,1.26869,1.26735,1.26796,10368.0
2024-02-27 06:00:00,1.26798,1.26966,1.26775,1.26887,14554.0
2024-02-27 10:00:00,1.26887,1.26949,1.26709,1.26815,16701.0
2024-02-27 14:00:00,1.26815,1.26947,1.26601,1.26853,21090.0
2024-02-27 18:00:00,1.26852,1.26938,1.26775,1.26852,10551.0
2024-02-27 22:00:00,1.26839,1.26856,1.26722,1.26759,7148.0
2024-02-28 02:00:00,1.26758,1.26775,1.26567,1.26588,6852.0
2024-02-28 06:00:00,1.26588,1.26622,1.26231,1.26244,14611.0
2024-02-28 10:00:00,1.26244,1.26574,1.26211,1.26432,20599.0
2024-02-28 14:00:00,1.26432,1.26732,1.26357,1.26595,20429.0
2024-02-28 18:00:00,1.26595,1.26635,1.26508,1.2661,8226.0
2024-02-28 22:00:00,1.2661,1.26666,1.26457,1.26586,7776.0
2024-02-29 02:00:00,1.26586,1.26707,1.26578,1.26662,8215.0
2024-02-29 06:00:00,1.26662,1.26741,1.2652,1.26662,18673.0
2024-02-29 10:00:00,1.26662,1.26741,1.26346,1.26521,23096.0
2024-02-29 14:00:00,1.26521,1.26814,1.26146,1.26171,25182.0
2024-02-29 18:00:00,1.26171,1.26273,1.2612,1.26238,12117.0
2024-02-29 22:00:00,1.26237,1.26341,1.26077,1.26337,7484.0
2024-03-01 02:00:00,1.26337,1.26354,1.26239,1.26257,7657.0
2024-03-01 06:00:00,1.26258,1.26411,1.26247,1.263,13865.0
2024-03-01 10:00:00,1.263,1.26467,1.26171,1.26301,18679.0
2024-03-01 14:00:00,1.26301,1.26592,1.25993,1.26556,28904.0
2024-03-01 18:00:00,1.26556,1.26636,1.26479,1.26535,11292.0
2024-03-03 22:00:00,1.26506,1.26661,1.26419,1.26595,7865.0
2024-03-04 02:00:00,1.26595,1.26664,1.26557,1.26621,5411.0
2024-03-04 06:00:00,1.26621,1.26795,1.26605,1.26774,15265.0
2024-03-04 10:00:00,1.26774,1.26833,1.26654,1.26773,14127.0
2024-03-04 14:00:00,1.26773,1.27064,1.26723,1.26959,17900.0
2024-03-04 18:00:00,1.26959,1.26975,1.26852,1.26907,8204.0
2024-03-04 22:00:00,1.26902,1.26943,1.26819,1.26896,6495.0
2024-03-05 02:00:00,1.26896,1.26906,1.26808,1.26828,6944.0
2024-03-05 06:00:00,1.26828,1.26883,1.26707,1.26852,13879.0
2024-03-05 10:00:00,1.26851,1.26922,1.26738,1.26909,13202.0
2024-03-05 14:00:00,1.26909,1.27345,1.26864,1.27109,23903.0
2024-03-05 18:00:00,1.27109,1.27111,1.26955,1.27048,11516.0
2024-03-05 22:00:00,1.27042,1.27081,1.26897,1.26926,8435.0
2024-03-06 02:00:00,1.26926,1.27063,1.26912,1.27035,6918.0
2024-03-06 06:00:00,1.27035,1.27313,1.27022,1.27303,13672.0
2024-03-06 10:00:00,1.27303,1.27304,1.27048,1.27239,18316.0
2024-03-06 14:00:00,1.27239,1.27609,1.27163,1.27439,24362.0
2024-03-06 18:00:00,1.27439,1.27534,1.2725,1.27312,15868.0
2024-03-06 22:00:00,1.273,1.27395,1.27241,1.27298,9278.0
2024-03-07 02:00:00,1.27299,1.274,1.27226,1.27331,9824.0
2024-03-07 06:00:00,1.27331,1.27511,1.27289,1.27498,15769.0
2024-03-07 10:00:00,1.27498,1.27622,1.27443,1.27515,18472.0
2024-03-07 14:00:00,1.27515,1.27978,1.27485,1.27919,24833.0
2024-03-07 18:00:00,1.27919,1.28107,1.27913,1.28077,10435.0
2024-03-07 22:00:00,1.28076,1.28194,1.27988,1.28088,7383.0
2024-03-08 02:00:00,1.28088,1.28123,1.28036,1.28096,6980.0
2024-03-08 06:00:00,1.28095,1.2829,1.28005,1.28275,14382.0
2024-03-08 10:00:00,1.28275,1.28934,1.28227,1.28634,21749.0
2024-03-08 14:00:00,1.28633,1.28861,1.28427,1.28484,33132.0
2024-03-08 18:00:00,1.28484,1.28586,1.28396,1.28586,12481.0
2024-03-10 21:00:00,1.2851,1.286,1.28475,1.28556,6505.0
2024-03-11 01:00:00,1.28556,1.28616,1.28449,1.2851,8750.0
2024-03-11 05:00:00,1.2851,1.28577,1.28311,1.2836,14191.0
2024-03-11 09:00:00,1.2836,1.28536,1.28237,1.28237,13772.0
2024-03-11 13:00:00,1.28237,1.28298,1.27947,1.28064,19889.0
2024-03-11 17:00:00,1.28064,1.28138,1.27994,1.28137,12454.0
2024-03-11 21:00:00,1.28131,1.28219,1.27975,1.28158,5494.0
2024-03-12 01:00:00,1.28158,1.28222,1.28133,1.28186,7257.0
2024-03-12 05:00:00,1.28186,1.28231,1.27756,1.27859,13780.0
2024-03-12 09:00:00,1.27859,1.28075,1.2752,1.27712,20186.0
2024-03-12 13:00:00,1.27712,1.2789,1.27455,1.27778,29620.0
2024-03-12 17:00:00,1.27778,1.27947,1.277,1.27931,9688.0
2024-03-12 21:00:00,1.27921,1.27977,1.27802,1.27938,4778.0
2024-03-13 01:00:00,1.27938,1.27988,1.27892,1.27903,6179.0
2024-03-13 05:00:00,1.27903,1.28005,1.27752,1.27924,11959.0
2024-03-13 09:00:00,1.27924,1.28087,1.2774,1.28,14777.0
2024-03-13 13:00:00,1.28,1.28058,1.27867,1.27969,19261.0
2024-03-13 17:00:00,1.27969,1.28109,1.27899,1.27966,11455.0
2024-03-27 21:00:00,1.264,1.264,1.26106,1.26255,5746.0
2024-03-28 01:00:00,1.26255,1.26344,1.26199,1.26305,6929.0
2024-03-28 05:00:00,1.26305,1.26368,1.2603,1.26059,8456.0
2024-03-28 09:00:00,1.26059,1.26422,1.25855,1.26402,13724.0
2024-03-28 13:00:00,1.26402,1.26541,1.2621,1.26338,19689.0
2024-03-28 17:00:00,1.26338,1.26368,1.26151,1.26227,6937.0
2024-03-28 21:00:00,1.26225,1.26284,1.26152,1.26253,7021.0
2024-03-29 01:00:00,1.26253,1.26307,1.26159,1.2622,6462.0
2024-03-29 05:00:00,1.2622,1.26262,1.26167,1.26257,4641.0
2024-03-29 09:00:00,1.26257,1.26363,1.26092,1.2633,4967.0
2024-03-29 13:00:00,1.2633,1.26451,1.26283,1.26285,5498.0
2024-03-29 17:00:00,1.26285,1.26287,1.26151,1.26227,2820.0
2024-03-31 21:00:00,1.26185,1.26419,1.26073,1.26345,7375.0
2024-04-01 01:00:00,1.26345,1.26387,1.26253,1.26294,6202.0
2024-04-01 05:00:00,1.26294,1.26313,1.26156,1.26222,7465.0
2024-04-01 09:00:00,1.26223,1.26241,1.26024,1.26119,7879.0
2024-04-01 13:00:00,1.26119,1.26132,1.25392,1.25451,16079.0
2024-04-01 17:00:00,1.25451,1.25514,1.25416,1.25504,7008.0
2024-04-01 21:00:00,1.25509,1.25588,1.25408,1.25466,6344.0
2024-04-02 01:00:00,1.25466,1.25487,1.25399,1.25442,6420.0
2024-04-02 05:00:00,1.25442,1.25645,1.25391,1.25617,12387.0
2024-04-02 09:00:00,1.25617,1.25762,1.2554,1.25564,13472.0
2024-04-02 13:00:00,1.25564,1.25774,1.25517,1.25714,19266.0
2024-04-02 17:00:00,1.25714,1.25782,1.2566,1.25778,6329.0
2024-04-02 21:00:00,1.25767,1.25812,1.25634,1.25722,4330.0
2024-04-03 01:00:00,1.25722,1.25825,1.25665,1.25783,6590.0
2024-04-03 05:00:00,1.25783,1.25824,1.2562,1.25768,9542.0
2024-04-03 09:00:00,1.25768,1.25879,1.25671,1.25726,14142.0
2024-04-03 13:00:00,1.25726,1.26507,1.25671,1.26454,24405.0
2024-04-03 17:00:00,1.26454,1.26554,1.26395,1.26515,8531.0
2024-04-03 21:00:00,1.2652,1.26557,1.26406,1.26519,5547.0
2024-04-04 01:00:00,1.26518,1.26552,1.26463,1.26519,5775.0
2024-04-04 05:00:00,1.26519,1.26695,1.26505,1.26629,11073.0
2024-04-04 09:00:00,1.26629,1.26694,1.26473,1.26683,10852.0
2024-04-04 13:00:00,1.26683,1.26835,1.26612,1.26655,11555.0
2024-04-04 17:00:00,1.26655,1.26697,1.26347,1.26417,15221.0
2024-04-04 21:00:00,1.26413,1.26481,1.26319,1.26468,7099.0
2024-04-05 01:00:00,1.26468,1.26471,1.26209,1.26252,8866.0
2024-04-05 05:00:00,1.26252,1.26401,1.26138,1.26366,11105.0
2024-04-05 09:00:00,1.26366,1.26447,1.25821,1.25947,17713.0
2024-04-05 13:00:00,1.25947,1.26352,1.25738,1.26344,25606.0
2024-04-05 17:00:00,1.26344,1.26404,1.26309,1.26375,9386.0
2024-04-07 21:00:00,1.26213,1.26341,1.26142,1.26157,5890.0
2024-04-08 01:00:00,1.26156,1.26392,1.26153,1.2629,11755.0
2024-04-08 05:00:00,1.2629,1.26343,1.26181,1.26214,12861.0
2024-04-08 09:00:00,1.26214,1.26358,1.26131,1.26261,10947.0
2024-04-08 13:00:00,1.26261,1.26558,1.26261,1.26482,17817.0
2024-04-08 17:00:00,1.26482,1.26639,1.26466,1.26545,8177.0
2024-04-08 21:00:00,1.26539,1.26593,1.26341,1.26535,4634.0
2024-04-09 01:00:00,1.26535,1.26614,1.26517,1.26561,8745.0
2024-04-09 05:00:00,1.26561,1.2664,1.26483,1.26604,9694.0
2024-04-09 09:00:00,1.26604,1.27034,1.26566,1.26964,13012.0
2024-04-09 13:00:00,1.26963,1.27092,1.26663,1.26691,19284.0
2024-04-09 17:00:00,1.26691,1.26795,1.26626,1.26767,8880.0
2024-04-09 21:00:00,1.2677,1.26773,1.26647,1.26744,4194.0
2024-04-10 01:00:00,1.26744,1.26784,1.26685,1.26771,7261.0
2024-04-10 05:00:00,1.26771,1.26944,1.26726,1.2694,8866.0
2024-04-10 09:00:00,1.2694,1.27078,1.25946,1.26111,22096.0
2024-04-10 13:00:00,1.26111,1.26119,1.25197,1.25336,40496.0
2024-04-10 17:00:00,1.25336,1.25536,1.25214,1.25399,20031.0
2024-04-10 21:00:00,1.25395,1.25413,1.25231,1.2537,6683.0
2024-04-11 01:00:00,1.2537,1.25493,1.25358,1.25469,8933.0
2024-04-11 05:00:00,1.25469,1.25693,1.25319,1.25501,16140.0
2024-04-11 09:00:00,1.25501,1.25719,1.25251,1.25666,24102.0
2024-04-11 13:00:00,1.25667,1.25785,1.25104,1.25365,32156.0
2024-04-11 17:00:00,1.25365,1.25636,1.25325,1.25527,12535.0
2024-04-11 21:00:00,1.25515,1.25566,1.25429,1.25549,4415.0
2024-04-12 01:00:00,1.2555,1.25582,1.25362,1.25372,7974.0
2024-04-12 05:00:00,1.25372,1.25437,1.25053,1.25076,16365.0
2024-04-12 09:00:00,1.25076,1.25115,1.24508,1.24539,21062.0
2024-04-12 13:00:00,1.24541,1.24659,1.24264,1.24486,34300.0
2024-04-12 17:00:00,1.24486,1.24618,1.24423,1.24488,15348.0
2024-04-28 21:00:00,1.2475,1.25166,1.24702,1.2515,6606.0
2024-04-29 01:00:00,1.25147,1.25481,1.25119,1.25421,17619.0
2024-04-29 05:00:00,1.25421,1.25475,1.2512,1.2518,26745.0
2024-04-29 09:00:00,1.2518,1.25435,1.25071,1.25293,17205.0
2024-04-29 13:00:00,1.25293,1.25691,1.25141,1.25628,20537.0
2024-04-29 17:00:00,1.25628,1.25691,1.25515,1.2561,10053.0
2024-04-29 21:00:00,1.25623,1.25639,1.25472,1.25544,5587.0
2024-04-30 01:00:00,1.25545,1.25577,1.25416,1.25452,7808.0
2024-04-30 05:00:00,1.25452,1.25457,1.25238,1.25391,13575.0
2024-04-30 09:00:00,1.25392,1.25544,1.25018,1.25181,20273.0
2024-04-30 13:00:00,1.25181,1.25399,1.25009,1.25068,29148.0
2024-04-30 17:00:00,1.25068,1.25115,1.24895,1.24905,11626.0
2024-04-30 21:00:00,1.24915,1.24953,1.24801,1.24852,6759.0
2024-05-01 01:00:00,1.24852,1.24889,1.24715,1.24768,5837.0
2024-05-01 05:00:00,1.24767,1.24978,1.24658,1.24976,10328.0
2024-05-01 09:00:00,1.24976,1.24979,1.24757,1.24872,12525.0
2024-05-01 13:00:00,1.24873,1.24987,1.24769,1.24804,20151.0
2024-05-01 17:00:00,1.24804,1.25499,1.24782,1.25279,40791.0
2024-05-01 21:00:00,1.25259,1.254,1.25107,1.2527,9314.0
2024-05-02 01:00:00,1.25269,1.2539,1.25199,1.25335,11156.0
2024-05-02 05:00:00,1.25335,1.25442,1.25114,1.25207,21556.0
2024-05-02 09:00:00,1.25207,1.25323,1.25047,1.25147,20228.0
2024-05-02 13:00:00,1.25147,1.25213,1.24715,1.25157,31254.0
2024-05-02 17:00:00,1.25157,1.25385,1.25136,1.25356,13585.0
2024-05-02 21:00:00,1.25336,1.25448,1.25204,1.25433,5905.0
2024-05-03 01:00:00,1.25433,1.25567,1.25421,1.2547,9569.0
2024-05-03 05:00:00,1.2547,1.25626,1.25389,1.25591,15048.0
2024-05-03 09:00:00,1.25591,1.26341,1.2551,1.26057,23905.0
2024-05-03 13:00:00,1.26057,1.261,1.25291,1.25423,41744.0
2024-05-03 17:00:00,1.25423,1.25543,1.25389,1.25471,10729.0
2024-05-05 21:00:00,1.25387,1.25528,1.25345,1.25501,6597.0
2024-05-06 01:00:00,1.25501,1.25564,1.25428,1.25432,9768.0
2024-05-06 05:00:00,1.25432,1.25814,1.25416,1.25809,14805.0
2024-05-06 09:00:00,1.25809,1.25939,1.25717,1.25908,13231.0
2024-05-06 13:00:00,1.25908,1.25916,1.25579,1.25634,15508.0
2024-05-06 17:00:00,1.25634,1.25691,1.25575,1.25617,9850.0
2024-05-06 21:00:00,1.25588,1.25688,1.25511,1.25681,5971.0
2024-05-07 01:00:00,1.25681,1.25703,1.25484,1.25525,9981.0
2024-05-07 05:00:00,1.25525,1.25557,1.25314,1.25394,15663.0
2024-05-07 09:00:00,1.25394,1.25542,1.2529,1.25531,14192.0
2024-05-07 13:00:00,1.25531,1.25644,1.25251,1.25263,16965.0
2024-05-07 17:00:00,1.25263,1.25269,1.25004,1.25074,9415.0
2024-05-07 21:00:00,1.25078,1.25123,1.24943,1.24951,4981.0
2024-05-08 01:00:00,1.24951,1.24966,1.24834,1.24863,10038.0
2024-05-08 05:00:00,1.24864,1.24925,1.24675,1.2475,12773.0
2024-05-08 09:00:00,1.2475,1.25005,1.24735,1.24796,14742.0
2024-05-08 13:00:00,1.24796,1.25045,1.24728,1.24975,16577.0
2024-05-08 17:00:00,1.24975,1.25016,1.24924,1.24964,7756.0
2024-05-08 21:00:00,1.24971,1.25,1.24802,1.24893,4557.0
2024-05-09 01:00:00,1.24893,1.25012,1.24875,1.24912,9244.0
2024-05-09 05:00:00,1.24911,1.24929,1.24697,1.24726,11673.0
2024-05-09 09:00:00,1.24726,1.25112,1.24453,1.25022,26927.0
2024-05-09 13:00:00,1.25022,1.25221,1.24878,1.25139,21076.0
2024-05-09 17:00:00,1.2514,1.25264,1.25112,1.25229,9613.0
2024-05-09 21:00:00,1.2523,1.25293,1.25062,1.25194,5144.0
2024-05-10 01:00:00,1.25195,1.25241,1.25116,1.25146,8182.0
2024-05-10 05:00:00,1.25146,1.25412,1.2514,1.25324,17334.0
2024-05-10 09:00:00,1.25324,1.25355,1.25157,1.25219,14566.0
2024-05-10 13:00:00,1.25219,1.2537,1.25022,1.25342,20189.0
2024-05-10 17:00:00,1.25342,1.25355,1.25224,1.25232,8279.0
2024-05-12 21:00:00,1.2513,1.25271,1.25092,1.25208,5757.0
2024-05-13 01:00:00,1.25208,1.25282,1.2517,1.2524,13252.0
2024-05-13 05:00:00,1.2524,1.25352,1.25174,1.25328,16218.0
2024-05-13 09:00:00,1.25328,1.25571,1.25254,1.25554,14706.0
2024-05-13 13:00:00,1.25554,1.25685,1.25463,1.25611,19450.0
2024-05-13 17:00:00,1.25611,1.25635,1.25525,1.25587,10967.0
2024-05-13 21:00:00,1.25585,1.25616,1.25529,1.25567,5290.0
2024-05-14 01:00:00,1.25568,1.25591,1.25525,1.25536,12638.0
2024-05-14 05:00:00,1.25536,1.25632,1.2509,1.25283,19648.0
2024-05-14 09:00:00,1.25283,1.25645,1.25196,1.25527,21414.0
2024-05-14 13:00:00,1.25527,1.25925,1.25483,1.2585,27446.0
2024-05-14 17:00:00,1.2585,1.25924,1.25809,1.25911,10422.0
2024-05-29 21:00:00,1.26984,1.27061,1.269,1.2693,6922.0
2024-05-30 01:00:00,1.2693,1.27025,1.26895,1.26947,11981.0
2024-05-30 05:00:00,1.26948,1.27146,1.26805,1.27119,19327.0
2024-05-30 09:00:00,1.27119,1.27277,1.27028,1.27242,19457.0
2024-05-30 13:00:00,1.27242,1.27468,1.27174,1.27408,24730.0
2024-05-30 17:00:00,1.27409,1.27436,1.27257,1.2732,10306.0
2024-05-30 21:00:00,1.27308,1.27336,1.27231,1.27299,6822.0
2024-05-31 01:00:00,1.27299,1.27318,1.27146,1.2721,11226.0
2024-05-31 05:00:00,1.2721,1.27231,1.26998,1.27092,17983.0
2024-05-31 09:00:00,1.27092,1.27503,1.27066,1.27462,22679.0
2024-05-31 13:00:00,1.27462,1.27658,1.27173,1.27292,32630.0
2024-05-31 17:00:00,1.27292,1.27463,1.27239,1.27424,11807.0
2024-06-02 21:00:00,1.27344,1.27553,1.27259,1.27533,6959.0
2024-06-03 01:00:00,1.27532,1.27555,1.27374,1.2743,11316.0
2024-06-03 05:00:00,1.2743,1.2743,1.27036,1.27043,19314.0
2024-06-03 09:00:00,1.27043,1.27357,1.26938,1.27306,22459.0
2024-06-03 13:00:00,1.27306,1.27939,1.27295,1.27786,31772.0
2024-06-03 17:00:00,1.27787,1.28071,1.27749,1.28071,13032.0
2024-06-03 21:00:00,1.2807,1.28169,1.27953,1.28116,6669.0
2024-06-04 01:00:00,1.28116,1.28125,1.28034,1.2809,9481.0
2024-06-04 05:00:00,1.2809,1.28124,1.27731,1.27764,22238.0
2024-06-04 09:00:00,1.27764,1.27785,1.27425,1.27644,26889.0
2024-06-04 13:00:00,1.27644,1.27914,1.27586,1.27863,33120.0
2024-06-04 17:00:00,1.27863,1.27968,1.27668,1.2769,14297.0
2024-06-04 21:00:00,1.27697,1.2777,1.2759,1.2775,5546.0
2024-06-05 01:00:00,1.2775,1.27804,1.27694,1.27736,9538.0
2024-06-05 05:00:00,1.27736,1.27826,1.27642,1.27744,14515.0
2024-06-05 09:00:00,1.27747,1.27942,1.27664,1.27921,14197.0
2024-06-05 13:00:00,1.27921,1.2795,1.2755,1.27773,25953.0
2024-06-05 17:00:00,1.27773,1.27942,1.2774,1.27867,9119.0
2024-06-05 21:00:00,1.27859,1.28031,1.27762,1.28019,4721.0
2024-06-06 01:00:00,1.28019,1.28089,1.27941,1.2795,7383.0
2024-06-06 05:00:00,1.2795,1.27999,1.27752,1.27868,11264.0
2024-06-06 09:00:00,1.27868,1.27913,1.27655,1.27783,16676.0
2024-06-06 13:00:00,1.27783,1.27889,1.2762,1.27782,20345.0
2024-06-06 17:00:00,1.27782,1.27955,1.27777,1.2791,8864.0
2024-06-06 21:00:00,1.27881,1.27941,1.27802,1.2788,4846.0
2024-06-07 01:00:00,1.2788,1.27915,1.27831,1.27904,9609.0
2024-06-07 05:00:00,1.27904,1.28019,1.27815,1.27884,12495.0
2024-06-07 09:00:00,1.27884,1.28129,1.27248,1.27374,19876.0
2024-06-07 13:00:00,1.27374,1.27405,1.27157,1.27241,26888.0
2024-06-07 17:00:00,1.27238,1.27269,1.27176,1.27208,9650.0
2024-06-09 21:00:00,1.27275,1.27305,1.27097,1.27238,7112.0
2024-06-10 01:00:00,1.27239,1.27262,1.27102,1.27159,6910.0
2024-06-10 05:00:00,1.27159,1.27245,1.27053,1.27072,15010.0
2024-06-10 09:00:00,1.27072,1.27293,1.26876,1.27124,15391.0
2024-06-10 13:00:00,1.27124,1.27368,1.27036,1.27283,13763.0
2024-06-10 17:00:00,1.27284,1.27369,1.2724,1.27307,9215.0
2024-06-10 21:00:00,1.27299,1.27335,1.2717,1.27277,5011.0
2024-06-11 01:00:00,1.27277,1.27388,1.27242,1.27343,6910.0
2024-06-11 05:00:00,1.27343,1.274,1.27134,1.27244,11689.0
2024-06-11 09:00:00,1.27244,1.27491,1.27226,1.27438,14150.0
2024-06-11 13:00:00,1.27438,1.27475,1.27055,1.27288,16100.0
2024-06-11 17:00:00,1.27288,1.27514,1.27266,1.27394,7584.0
2024-06-11 21:00:00,1.27396,1.27415,1.27288,1.27335,2906.0
2024-06-12 01:00:00,1.27335,1.27448,1.27327,1.27389,5316.0
2024-06-12 05:00:00,1.2739,1.27595,1.27366,1.27573,12839.0
2024-06-12 09:00:00,1.27573,1.28577,1.27485,1.28527,19472.0
2024-06-12 13:00:00,1.28527,1.28603,1.28256,1.28454,24216.0
2024-06-12 17:00:00,1.28454,1.28482,1.2791,1.27968,30606.0
2024-06-12 21:00:00,1.27973,1.28007,1.27866,1.27949,5384.0
2024-06-13 01:00:00,1.27949,1.27989,1.27796,1.278,7330.0
2024-06-13 05:00:00,1.27799,1.27988,1.27721,1.27981,10979.0
2024-06-13 09:00:00,1.27981,1.28074,1.27612,1.2784,17438.0
2024-06-13 13:00:00,1.2784,1.27928,1.27379,1.27452,23283.0
2024-06-13 17:00:00,1.27453,1.2767,1.2745,1.27629,10351.0
2024-06-13 21:00:00,1.2762,1.2762,1.27445,1.27506,4704.0
2024-06-14 01:00:00,1.27506,1.27633,1.27487,1.27489,7571.0
2024-06-14 05:00:00,1.27489,1.27527,1.27197,1.27216,16480.0
2024-06-14 09:00:00,1.27216,1.27226,1.26697,1.269,24846.0
2024-06-14 13:00:00,1.26904,1.26955,1.26566,1.26861,22982.0
2024-06-14 17:00:00,1.26861,1.26924,1.26781,1.26868,9510.0
2024-06-27 21:00:00,1.26389,1.26463,1.26281,1.26285,5762.0
2024-06-28 01:00:00,1.26285,1.26378,1.26215,1.2623,9194.0
2024-06-28 05:00:00,1.2623,1.26495,1.26224,1.26352,11883.0
2024-06-28 09:00:00,1.26351,1.26632,1.26307,1.26499,17385.0
2024-06-28 13:00:00,1.26498,1.26513,1.26193,1.26418,28465.0
2024-06-28 17:00:00,1.26418,1.26539,1.26305,1.26436,10870.0
2024-06-30 21:00:00,1.26487,1.26564,1.26389,1.26524,6621.0
2024-07-01 01:00:00,1.26524,1.26655,1.26499,1.26568,7064.0
2024-07-01 05:00:00,1.26569,1.26891,1.26561,1.26737,16670.0
2024-07-01 09:00:00,1.26736,1.268,1.26576,1.26651,14113.0
2024-07-01 13:00:00,1.26651,1.27106,1.26359,1.26479,24200.0
2024-07-01 17:00:00,1.26479,1.26516,1.2633,1.26502,7728.0
2024-07-01 21:00:00,1.26496,1.26536,1.26287,1.26408,3854.0
2024-07-02 01:00:00,1.26408,1.2642,1.26317,1.26327,5459.0
2024-07-02 05:00:00,1.26326,1.26394,1.26152,1.26286,14424.0
2024-07-02 09:00:00,1.26286,1.26687,1.26269,1.26641,13300.0
2024-07-02 13:00:00,1.26641,1.26849,1.26611,1.2668,23057.0
2024-07-02 17:00:00,1.2668,1.26875,1.26667,1.26848,6809.0
2024-07-02 21:00:00,1.26846,1.26929,1.26736,1.26882,3868.0
2024-07-03 01:00:00,1.26882,1.26882,1.2681,1.26865,5922.0
2024-07-03 05:00:00,1.26865,1.27014,1.26779,1.26953,10370.0
2024-07-03 09:00:00,1.26953,1.27221,1.26915,1.27184,12477.0
2024-07-03 13:00:00,1.27184,1.2777,1.27181,1.27537,23231.0
2024-07-03 17:00:00,1.27537,1.27538,1.27334,1.27425,6458.0
2024-07-03 21:00:00,1.27406,1.2751,1.27359,1.27503,3620.0
2024-07-04 01:00:00,1.27504,1.27533,1.27407,1.27431,5657.0
2024-07-04 05:00:00,1.27431,1.27625,1.27406,1.27552,11958.0
2024-07-04 09:00:00,1.27553,1.27633,1.27467,1.2749,10976.0
2024-07-04 13:00:00,1.2749,1.27671,1.27469,1.27605,8395.0
2024-07-04 17:00:00,1.27605,1.27624,1.27583,1.27588,1659.0
2024-07-04 21:00:00,1.2758,1.2767,1.27511,1.2764,5009.0
2024-07-05 01:00:00,1.2764,1.27723,1.27614,1.277,6599.0
2024-07-05 05:00:00,1.277,1.27811,1.27628,1.27791,10465.0
2024-07-05 09:00:00,1.27791,1.28108,1.27601,1.28027,17031.0
2024-07-05 13:00:00,1.28027,1.2814,1.27867,1.27982,26881.0
2024-07-05 17:00:00,1.27982,1.28168,1.27977,1.28145,7369.0
2024-07-07 21:00:00,1.27956,1.28153,1.2788,1.28048,6633.0
2024-07-08 01:00:00,1.28048,1.28186,1.28024,1.28141,6030.0
2024-07-08 05:00:00,1.28141,1.28211,1.27993,1.28189,15758.0
2024-07-08 09:00:00,1.28189,1.28399,1.28129,1.28378,14504.0
2024-07-08 13:00:00,1.28378,1.28454,1.28196,1.28209,15014.0
2024-07-08 17:00:00,1.28209,1.28222,1.28056,1.28059,6966.0
2024-07-08 21:00:00,1.28052,1.28162,1.27976,1.2808,4408.0
2024-07-09 01:00:00,1.28079,1.28088,1.27982,1.28078,8077.0
2024-07-09 05:00:00,1.28078,1.28121,1.27957,1.28053,11148.0
2024-07-09 09:00:00,1.28053,1.28246,1.27932,1.28059,12468.0
2024-07-09 13:00:00,1.28059,1.28211,1.27773,1.2783,22636.0
2024-07-09 17:00:00,1.2783,1.27901,1.27812,1.27863,8696.0
2024-07-09 21:00:00,1.27856,1.27914,1.2776,1.27855,5225.0
2024-07-10 01:00:00,1.27855,1.27944,1.27841,1.27941,8680.0
2024-07-10 05:00:00,1.27941,1.28019,1.27883,1.27965,12543.0
2024-07-10 09:00:00,1.27965,1.28124,1.27964,1.28081,12445.0
2024-07-10 13:00:00,1.28081,1.28465,1.28059,1.28459,17350.0
2024-07-10 17:00:00,1.28458,1.28487,1.28343,1.28484,7190.0
2024-07-10 21:00:00,1.28477,1.28585,1.28465,1.28548,3446.0
2024-07-11 01:00:00,1.28548,1.28637,1.28489,1.28573,5360.0
2024-07-11 05:00:00,1.28573,1.28751,1.28547,1.2875,12200.0
2024-07-11 09:00:00,1.2875,1.29491,1.28685,1.29316,20649.0
2024-07-11 13:00:00,1.29312,1.29482,1.29036,1.29106,33338.0
2024-07-11 17:00:00,1.29105,1.29146,1.28985,1.29127,12766.0
2024-07-11 21:00:00,1.29141,1.2924,1.29011,1.29088,9627.0
2024-07-12 01:00:00,1.29088,1.29123,1.29016,1.29109,9931.0
2024-07-12 05:00:00,1.29109,1.29456,1.29023,1.29456,14156.0
2024-07-12 09:00:00,1.29456,1.29685,1.29301,1.29649,19970.0
2024-07-12 13:00:00,1.29649,1.29905,1.29574,1.29868,25836.0
2024-07-12 17:00:00,1.29868,1.29901,1.29802,1.2988,8457.0
2024-07-14 21:00:00,1.29627,1.29803,1.29588,1.29658,8328.0
2024-07-15 01:00:00,1.29658,1.29748,1.29616,1.29746,6807.0
2024-07-15 05:00:00,1.29746,1.29894,1.29632,1.29886,13859.0
2024-07-15 09:00:00,1.29886,1.29911,1.29669,1.29767,15298.0
2024-07-15 13:00:00,1.29767,1.29946,1.2967,1.29771,20934.0
2024-07-15 17:00:00,1.29771,1.29771,1.29614,1.2968,12588.0
2024-07-31 21:00:00,1.28539,1.28625,1.28446,1.28531,8904.0
2024-08-01 01:00:00,1.2853,1.28603,1.28474,1.28497,11541.0
2024-08-01 05:00:00,1.28497,1.28528,1.27758,1.27788,22150.0
2024-08-01 09:00:00,1.27789,1.28233,1.27497,1.28101,25373.0
2024-08-01 13:00:00,1.28101,1.28393,1.27513,1.27538,29232.0
2024-08-01 17:00:00,1.27538,1.27578,1.27264,1.27381,15372.0
2024-08-01 21:00:00,1.27369,1.27428,1.27204,1.27233,12339.0
2024-08-02 01:00:00,1.27233,1.27291,1.27123,1.27244,11580.0
2024-08-02 05:00:00,1.27244,1.27393,1.27068,1.2735,22523.0
2024-08-02 09:00:00,1.2735,1.28081,1.27327,1.28017,24448.0
2024-08-02 13:00:00,1.28018,1.28401,1.27833,1.27883,43723.0
2024-08-02 17:00:00,1.27883,1.28123,1.2788,1.28047,15801.0
2024-08-04 21:00:00,1.27989,1.28096,1.27797,1.27838,16081.0
2024-08-05 01:00:00,1.27837,1.28049,1.27777,1.28004,25772.0
2024-08-05 05:00:00,1.28004,1.28168,1.27097,1.2762,52965.0
2024-08-05 09:00:00,1.2762,1.27775,1.27269,1.2752,31172.0
2024-08-05 13:00:00,1.27522,1.27958,1.2748,1.27662,36765.0
2024-08-05 17:00:00,1.2766,1.27784,1.2744,1.27756,15837.0
2024-08-05 21:00:00,1.27712,1.28024,1.27623,1.28023,15739.0
2024-08-06 01:00:00,1.28024,1.28028,1.27718,1.27727,19423.0
2024-08-06 05:00:00,1.27726,1.27784,1.27294,1.27318,30937.0
2024-08-06 09:00:00,1.27319,1.27319,1.26721,1.2679,27726.0
2024-08-06 13:00:00,1.2679,1.27261,1.26783,1.27047,31832.0
2024-08-06 17:00:00,1.27047,1.27093,1.26844,1.26923,17372.0
2024-08-06 21:00:00,1.26819,1.27032,1.26805,1.27024,9979.0
2024-08-07 01:00:00,1.27023,1.27176,1.26931,1.2704,19321.0
2024-08-07 05:00:00,1.27039,1.27161,1.26871,1.27016,23611.0
2024-08-07 09:00:00,1.27016,1.27357,1.2697,1.27222,18393.0
2024-08-07 13:00:00,1.27221,1.27255,1.27043,1.2707,22178.0
2024-08-07 17:00:00,1.2707,1.27093,1.2683,1.26896,17764.0
2024-08-07 21:00:00,1.26866,1.26944,1.2678,1.26808,8921.0
2024-08-08 01:00:00,1.26808,1.27023,1.26806,1.26954,12620.0
2024-08-08 05:00:00,1.26954,1.27132,1.26894,1.27002,19975.0
2024-08-08 09:00:00,1.27002,1.2704,1.26646,1.26751,22808.0
2024-08-08 13:00:00,1.26753,1.27433,1.26753,1.27422,30504.0
2024-08-08 17:00:00,1.27422,1.2752,1.27341,1.27461,14195.0
2024-08-08 21:00:00,1.2741,1.2749,1.27262,1.27404,7924.0
2024-08-09 01:00:00,1.27403,1.27602,1.27403,1.27492,9479.0
2024-08-09 05:00:00,1.27492,1.27716,1.27474,1.27648,15897.0
2024-08-09 09:00:00,1.27648,1.27681,1.27259,1.27369,16066.0
2024-08-09 13:00:00,1.2737,1.27736,1.2731,1.27577,21725.0
2024-08-09 17:00:00,1.27577,1.27697,1.27536,1.27576,11682.0
2024-08-11 21:00:00,1.27606,1.27616,1.27464,1.27566,5067.0
2024-08-12 01:00:00,1.27566,1.2763,1.27559,1.27627,6974.0
2024-08-12 05:00:00,1.27628,1.27818,1.27595,1.27635,13456.0
2024-08-12 09:00:00,1.27635,1.27751,1.27525,1.27637,12838.0
2024-08-12 13:00:00,1.27636,1.27937,1.27567,1.27577,22802.0
2024-08-12 17:00:00,1.27578,1.27709,1.2755,1.27649,12258.0
2024-08-12 21:00:00,1.27572,1.27704,1.27567,1.27662,5220.0
2024-08-13 01:00:00,1.27662,1.27786,1.27639,1.27784,6983.0
2024-08-13 05:00:00,1.27785,1.28127,1.2776,1.27977,16128.0
2024-08-13 09:00:00,1.27977,1.28125,1.27791,1.2807,18210.0
2024-08-13 13:00:00,1.28069,1.28467,1.27994,1.28447,22223.0
2024-08-13 17:00:00,1.28447,1.28727,1.28433,1.28638,16417.0
2024-08-13 21:00:00,1.28526,1.28673,1.28518,1.2863,5028.0
2024-08-14 01:00:00,1.2863,1.28682,1.28537,1.28582,9556.0
2024-08-14 05:00:00,1.28582,1.28623,1.28158,1.2841,16714.0
2024-08-14 09:00:00,1.2841,1.28608,1.28262,1.28394,16492.0
2024-08-14 13:00:00,1.28392,1.28636,1.28328,1.28377,21442.0
2024-08-14 17:00:00,1.28377,1.28377,1.28206,1.28264,12043.0
2024-08-14 21:00:00,1.28181,1.28315,1.28181,1.28267,4564.0
2024-08-15 01:00:00,1.28267,1.28404,1.28193,1.28397,7922.0
2024-08-15 05:00:00,1.28397,1.28579,1.28377,1.28434,12059.0
2024-08-15 09:00:00,1.28434,1.28694,1.28098,1.28175,15108.0
2024-08-15 13:00:00,1.28177,1.28713,1.27982,1.28513,23385.0
2024-08-15 17:00:00,1.28513,1.28643,1.28476,1.28528,11131.0
2024-08-21 21:00:00,1.30833,1.30966,1.30821,1.30893,4804.0
2024-08-22 01:00:00,1.30893,1.30909,1.30811,1.30835,5567.0
2024-08-22 05:00:00,1.30835,1.31286,1.30809,1.31134,13794.0
2024-08-22 09:00:00,1.31134,1.31274,1.3095,1.31183,16057.0
2024-08-22 13:00:00,1.31184,1.31299,1.30812,1.30859,21953.0
2024-08-22 17:00:00,1.30858,1.30945,1.30761,1.30915,11233.0
2024-08-22 21:00:00,1.30819,1.31009,1.30775,1.30983,4733.0
2024-08-23 01:00:00,1.30983,1.31094,1.30963,1.3109,6060.0
2024-08-23 05:00:00,1.3109,1.3131,1.31067,1.31308,10744.0
2024-08-23 09:00:00,1.31309,1.31364,1.31103,1.3119,13048.0
2024-08-23 13:00:00,1.31185,1.323,1.31082,1.31906,36050.0
2024-08-23 17:00:00,1.31905,1.32206,1.31888,1.32145,15159.0
2024-08-25 21:00:00,1.32002,1.32194,1.31956,1.32142,5971.0
2024-08-26 01:00:00,1.3214,1.3222,1.31985,1.32005,5512.0
2024-08-26 05:00:00,1.32004,1.32097,1.31896,1.31974,10880.0
2024-08-26 09:00:00,1.31974,1.32052,1.31794,1.32012,12795.0
2024-08-26 13:00:00,1.32012,1.32093,1.31801,1.31983,19128.0
2024-08-26 17:00:00,1.31983,1.3207,1.31815,1.31867,9184.0
2024-08-26 21:00:00,1.31783,1.31927,1.31782,1.31811,4987.0
2024-08-27 01:00:00,1.31811,1.31949,1.31807,1.31924,5746.0
2024-08-27 05:00:00,1.31925,1.32229,1.31911,1.32175,12658.0
2024-08-27 09:00:00,1.32174,1.32464,1.32034,1.32127,15607.0
2024-08-27 13:00:00,1.32127,1.32421,1.32124,1.32325,20664.0
2024-08-27 17:00:00,1.32325,1.32657,1.32316,1.32607,10543.0
2024-08-27 21:00:00,1.32496,1.32619,1.32494,1.32593,4631.0
2024-08-28 01:00:00,1.32593,1.32603,1.32399,1.32413,6830.0
2024-08-28 05:00:00,1.32413,1.3244,1.32168,1.32297,13318.0
2024-08-28 09:00:00,1.32296,1.32392,1.31986,1.321,15929.0
2024-08-28 13:00:00,1.32099,1.32305,1.31735,1.31854,22922.0
2024-08-28 17:00:00,1.31854,1.3191,1.31671,1.319,11647.0
2024-08-28 21:00:00,1.31901,1.32077,1.31835,1.3206,4555.0
2024-08-29 01:00:00,1.32061,1.32119,1.31966,1.32118,6017.0
2024-08-29 05:00:00,1.32118,1.32266,1.31679,1.3188,17913.0
2024-08-29 09:00:00,1.3188,1.32021,1.31534,1.31606,20248.0
2024-08-29 13:00:00,1.31606,1.31902,1.31451,1.31823,25137.0
2024-08-29 17:00:00,1.31822,1.3189,1.3163,1.31679,12979.0
2024-08-29 21:00:00,1.31644,1.31708,1.31598,1.31675,5002.0
2024-08-30 01:00:00,1.31675,1.3171,1.31599,1.31641,7023.0
2024-08-30 05:00:00,1.31641,1.31996,1.31637,1.31825,12353.0
2024-08-30 09:00:00,1.31823,1.31892,1.31432,1.3155,16569.0
2024-08-30 13:00:00,1.3155,1.31639,1.31092,1.31188,30441.0
2024-08-30 17:00:00,1.31188,1.31361,1.3112,1.31274,12677.0
2024-09-01 21:00:00,1.31268,1.31376,1.31201,1.31333,3612.0
2024-09-02 01:00:00,1.31333,1.31371,1.31196,1.31253,5756.0
2024-09-02 05:00:00,1.31254,1.31457,1.31221,1.31346,10830.0
2024-09-02 09:00:00,1.31346,1.31475,1.31268,1.31423,10524.0
2024-09-02 13:00:00,1.31423,1.31546,1.31352,1.31414,9465.0
2024-09-02 17:00:00,1.31414,1.31473,1.31413,1.31458,1625.0
2024-09-02 21:00:00,1.31344,1.31492,1.31336,1.31368,4666.0
2024-09-03 01:00:00,1.31368,1.31467,1.31226,1.31245,8149.0
2024-09-03 05:00:00,1.31245,1.31393,1.31085,1.31219,15791.0
2024-09-03 09:00:00,1.3122,1.31388,1.31095,1.31303,16293.0
2024-09-03 13:00:00,1.31304,1.3146,1.30881,1.31029,26689.0
2024-09-03 17:00:00,1.31028,1.31166,1.30874,1.31146,10660.0
2024-09-03 21:00:00,1.31039,1.31149,1.31024,1.31037,6017.0
2024-09-04 01:00:00,1.31038,1.31182,1.31011,1.31171,6493.0
2024-09-04 05:00:00,1.31171,1.31275,1.31005,1.31206,13375.0
2024-09-04 09:00:00,1.31206,1.31267,1.31062,1.31231,12168.0
2024-09-04 13:00:00,1.31232,1.31751,1.31207,1.315,25492.0
2024-09-04 17:00:00,1.31501,1.31527,1.31268,1.31481,11976.0
2024-09-04 21:00:00,1.31446,1.31488,1.31336,1.31434,6376.0
2024-09-05 01:00:00,1.31434,1.31561,1.31432,1.3147,6230.0
2024-09-05 05:00:00,1.3147,1.31711,1.31368,1.31692,12699.0
2024-09-05 09:00:00,1.31692,1.31797,1.31532,1.31609,15254.0
2024-09-05 13:00:00,1.31609,1.31783,1.31509,1.31728,24549.0
2024-09-05 17:00:00,1.31727,1.31851,1.3164,1.31806,12969.0
2024-09-05 21:00:00,1.31772,1.31818,1.3169,1.31778,2985.0
2024-09-06 01:00:00,1.31779,1.31795,1.31723,1.31781,4689.0
2024-09-06 05:00:00,1.31781,1.31928,1.31658,1.31673,12783.0
2024-09-06 09:00:00,1.31673,1.32384,1.31474,1.32096,19342.0
2024-09-06 13:00:00,1.32097,1.32163,1.31097,1.312,46222.0
2024-09-06 17:00:00,1.312,1.31391,1.31126,1.3131,17979.0
2024-09-24 21:00:00,1.34122,1.34295,1.34042,1.34232,4725.0
2024-09-25 01:00:00,1.34233,1.34244,1.34102,1.34171,8926.0
2024-09-25 05:00:00,1.34171,1.34182,1.33752,1.33791,18073.0
2024-09-25 09:00:00,1.33791,1.33962,1.33636,1.33953,19010.0
2024-09-25 13:00:00,1.33952,1.34122,1.33271,1.33324,29933.0
2024-09-25 17:00:00,1.33325,1.33326,1.33122,1.33214,22080.0
2024-09-25 21:00:00,1.33215,1.33285,1.33102,1.33275,5647.0
2024-09-26 01:00:00,1.33276,1.33425,1.33206,1.33392,7970.0
2024-09-26 05:00:00,1.33392,1.33579,1.33338,1.33509,17855.0
2024-09-26 09:00:00,1.33509,1.33889,1.33487,1.33719,21915.0
2024-09-26 13:00:00,1.3372,1.34339,1.33503,1.34092,35689.0
2024-09-26 17:00:00,1.34092,1.34251,1.34081,1.34148,18485.0
2024-09-26 21:00:00,1.34137,1.34156,1.3397,1.33982,4943.0
2024-09-27 01:00:00,1.33982,1.34014,1.33801,1.3385,9276.0
2024-09-27 05:00:00,1.33851,1.33965,1.33595,1.33738,24332.0
2024-09-27 09:00:00,1.33738,1.3426,1.33702,1.34243,20182.0
2024-09-27 13:00:00,1.34242,1.34272,1.33795,1.33831,30137.0
2024-09-27 17:00:00,1.33831,1.33881,1.33686,1.3371,20171.0
2024-09-29 21:00:00,1.3368,1.33842,1.33618,1.33824,5087.0
2024-09-30 01:00:00,1.33825,1.33893,1.33732,1.33878,8031.0
2024-09-30 05:00:00,1.33879,1.34228,1.3374,1.34181,17337.0
2024-09-30 09:00:00,1.34176,1.34177,1.33809,1.3386,15064.0
2024-09-30 13:00:00,1.33861,1.34169,1.33596,1.34017,28471.0
2024-09-30 17:00:00,1.34017,1.3408,1.33495,1.33757,21882.0
2024-09-30 21:00:00,1.3374,1.33822,1.33609,1.33748,6340.0
2024-10-01 01:00:00,1.33748,1.33893,1.33681,1.33801,9018.0
2024-10-01 05:00:00,1.33801,1.33846,1.33258,1.33313,21323.0
2024-10-01 09:00:00,1.33313,1.33383,1.33107,1.33181,20474.0
2024-10-01 13:00:00,1.33181,1.33273,1.32455,1.32543,38879.0
2024-10-01 17:00:00,1.32545,1.32901,1.3237,1.32836,26767.0
2024-10-01 21:00:00,1.32759,1.32856,1.32717,1.32764,4748.0
2024-10-02 01:00:00,1.32766,1.32957,1.32673,1.32692,9533.0
2024-10-02 05:00:00,1.32691,1.33053,1.32602,1.32965,18853.0
2024-10-02 09:00:00,1.32965,1.32974,1.32728,1.32729,19221.0
2024-10-02 13:00:00,1.32736,1.32831,1.32455,1.32708,26435.0
2024-10-02 17:00:00,1.32709,1.32748,1.3258,1.32666,14772.0
2024-10-02 21:00:00,1.32664,1.32702,1.32514,1.32612,6978.0
2024-10-03 01:00:00,1.32612,1.32627,1.32429,1.32439,10798.0
2024-10-03 05:00:00,1.32439,1.3246,1.31052,1.31161,29281.0
2024-10-03 09:00:00,1.31172,1.31284,1.30923,1.31136,24516.0
2024-10-03 13:00:00,1.31132,1.31314,1.30918,1.31249,35777.0
2024-10-03 17:00:00,1.31251,1.31315,1.31122,1.31224,15335.0
2024-10-03 21:00:00,1.31203,1.31337,1.31108,1.31305,4723.0
2024-10-04 01:00:00,1.31306,1.31356,1.31228,1.31272,10068.0
2024-10-04 05:00:00,1.31272,1.31671,1.31265,1.31563,18801.0
2024-10-04 09:00:00,1.31562,1.31745,1.30751,1.30788,22011.0
2024-10-04 13:00:00,1.30786,1.3119,1.30694,1.3115,35188.0
2024-10-04 17:00:00,1.3115,1.31293,1.31142,1.3119,16846.0
2024-10-06 21:00:00,1.31153,1.31278,1.31054,1.3122,7952.0
2024-10-07 01:00:00,1.31219,1.31342,1.31166,1.31166,10505.0
2024-10-07 05:00:00,1.31165,1.31222,1.3086,1.30885,20833.0
2024-10-07 09:00:00,1.30881,1.30895,1.3059,1.30784,21354.0
2024-10-07 13:00:00,1.30782,1.30938,1.30681,1.30895,25900.0
2024-10-07 17:00:00,1.30894,1.30964,1.30687,1.30817,13906.0
2024-10-07 21:00:00,1.30824,1.30999,1.30719,1.30998,5663.0
2024-10-08 01:00:00,1.30997,1.31034,1.30844,1.30896,14433.0
2024-10-08 05:00:00,1.30896,1.31037,1.3064,1.30994,20513.0
2024-10-08 09:00:00,1.30993,1.31131,1.30898,1.31005,16440.0
2024-10-08 13:00:00,1.31003,1.31119,1.30806,1.30879,21936.0
2024-10-08 17:00:00,1.30878,1.3105,1.30756,1.3104,16997.0
2024-10-08 21:00:00,1.3102,1.31044,1.30862,1.30997,3725.0
2024-10-09 01:00:00,1.30997,1.31017,1.3081,1.30838,12756.0
2024-10-09 05:00:00,1.3084,1.31014,1.30553,1.30773,21240.0
2024-10-09 09:00:00,1.30775,1.30952,1.3076,1.30823,14053.0
2024-10-09 13:00:00,1.30823,1.30886,1.30651,1.3068,19213.0
2024-10-09 17:00:00,1.3068,1.30757,1.30595,1.30738,11581.0
2024-10-24 21:00:00,1.29729,1.29762,1.29552,1.29682,5277.0
2024-10-25 01:00:00,1.29682,1.29727,1.29596,1.29641,9200.0
2024-10-25 05:00:00,1.29642,1.29794,1.29554,1.29754,13103.0
2024-10-25 09:00:00,1.29755,1.29964,1.29738,1.29917,10115.0
2024-10-25 13:00:00,1.29918,1.29981,1.29713,1.29762,16460.0
2024-10-25 17:00:00,1.29765,1.29771,1.2958,1.29609,14047.0
2024-10-27 21:00:00,1.29694,1.29705,1.29502,1.29528,7057.0
2024-10-28 01:00:00,1.29529,1.29588,1.29412,1.29462,10265.0
2024-10-28 05:00:00,1.29461,1.29777,1.29394,1.29754,11996.0
2024-10-28 09:00:00,1.29754,1.29968,1.29658,1.29876,13189.0
2024-10-28 13:00:00,1.29877,1.30011,1.2978,1.29794,16443.0
2024-10-28 17:00:00,1.29794,1.29821,1.29674,1.29698,10002.0
2024-10-28 21:00:00,1.29719,1.29768,1.29631,1.29721,4104.0
2024-10-29 01:00:00,1.29721,1.29745,1.29576,1.29611,10971.0
2024-10-29 05:00:00,1.29611,1.29895,1.29603,1.29839,12572.0
2024-10-29 09:00:00,1.29838,1.29923,1.2969,1.29773,14117.0
2024-10-29 13:00:00,1.29774,1.30114,1.29668,1.29989,26376.0
2024-10-29 17:00:00,1.2999,1.30146,1.29923,1.30135,12480.0
2024-10-29 21:00:00,1.30132,1.30168,1.30035,1.3013,5804.0
2024-10-30 01:00:00,1.3013,1.302,1.29959,1.29983,9514.0
2024-10-30 05:00:00,1.29983,1.30245,1.29956,1.30175,14010.0
2024-10-30 09:00:00,1.30194,1.30266,1.29364,1.2949,22023.0
2024-10-30 13:00:00,1.2949,1.30428,1.29463,1.29981,30735.0
2024-10-30 17:00:00,1.2998,1.29996,1.29595,1.29598,14497.0
2024-10-30 21:00:00,1.29602,1.29643,1.29486,1.29491,5757.0
2024-10-31 01:00:00,1.29491,1.29588,1.29423,1.29497,10514.0
2024-10-31 05:00:00,1.29495,1.29988,1.29475,1.29799,14583.0
2024-10-31 09:00:00,1.298,1.29992,1.29576,1.29778,19570.0
2024-10-31 13:00:00,1.29778,1.29976,1.28433,1.28635,38097.0
2024-10-31 17:00:00,1.28635,1.28993,1.2855,1.28989,16682.0
2024-10-31 21:00:00,1.29,1.29026,1.28885,1.28948,4734.0
2024-11-01 01:00:00,1.28948,1.2902,1.28883,1.28975,9970.0
2024-11-01 05:00:00,1.28975,1.2918,1.28841,1.29037,12750.0
2024-11-01 09:00:00,1.29041,1.29669,1.29038,1.29533,17820.0
2024-11-01 13:00:00,1.29533,1.29801,1.29435,1.2956,28675.0
2024-11-01 17:00:00,1.2956,1.29571,1.29157,1.29193,15555.0
2024-11-03 22:00:00,1.29678,1.2979,1.29495,1.29747,9714.0
2024-11-04 02:00:00,1.29748,1.29987,1.29716,1.29924,11170.0
2024-11-04 06:00:00,1.29924,1.29958,1.29449,1.29712,16414.0
2024-11-04 10:00:00,1.29714,1.29826,1.2951,1.29693,16125.0
2024-11-04 14:00:00,1.29695,1.2993,1.29338,1.29561,24152.0
2024-11-04 18:00:00,1.2956,1.29613,1.29413,1.29562,12005.0
2024-11-04 22:00:00,1.29478,1.29589,1.29473,1.29553,6220.0
2024-11-05 02:00:00,1.29552,1.29633,1.29525,1.29597,9425.0
2024-11-05 06:00:00,1.29596,1.29844,1.29573,1.29816,10262.0
2024-11-05 10:00:00,1.29817,1.29942,1.29785,1.29827,11344.0
2024-11-05 14:00:00,1.29826,1.30343,1.29809,1.30331,21318.0
2024-11-05 18:00:00,1.30332,1.30422,1.30158,1.30418,10072.0
2024-11-05 22:00:00,1.30333,1.30475,1.29485,1.29665,26476.0
2024-11-06 02:00:00,1.29666,1.29692,1.28627,1.28881,47704.0
2024-11-06 06:00:00,1.28882,1.29233,1.2846,1.29008,42899.0
2024-11-06 10:00:00,1.29008,1.29092,1.28407,1.28643,34839.0
2024-11-06 14:00:00,1.28644,1.29085,1.28337,1.28893,37909.0
2024-11-06 18:00:00,1.28893,1.29193,1.28787,1.2879,18595.0
2024-11-06 22:00:00,1.2869,1.28916,1.28689,1.28891,8418.0
2024-11-07 02:00:00,1.28891,1.2934,1.28886,1.29304,9163.0
2024-11-07 06:00:00,1.29304,1.29469,1.29071,1.29073,21000.0
2024-11-07 10:00:00,1.29073,1.29747,1.28956,1.2972,25617.0
2024-11-07 14:00:00,1.29719,1.3009,1.29641,1.29895,26926.0
2024-11-07 18:00:00,1.29896,1.29915,1.29479,1.29832,27123.0
2024-11-07 22:00:00,1.29827,1.29892,1.29643,1.2973,7572.0
2024-11-08 02:00:00,1.2973,1.29762,1.29616,1.29695,9929.0
2024-11-08 06:00:00,1.29695,1.29741,1.2935,1.29598,22510.0
2024-11-08 10:00:00,1.29599,1.29763,1.29275,1.29412,18482.0
2024-11-08 14:00:00,1.29413,1.29481,1.28834,1.28968,26780.0
2024-11-08 18:00:00,1.28968,1.29249,1.28959,1.29164,12973.0
2024-11-25 22:00:00,1.25677,1.2573,1.25067,1.25263,20998.0
2024-11-26 02:00:00,1.25263,1.25625,1.25241,1.25481,15510.0
2024-11-26 06:00:00,1.2548,1.25782,1.25375,1.25716,22076.0
2024-11-26 10:00:00,1.25714,1.26162,1.25709,1.25823,22316.0
2024-11-26 14:00:00,1.25823,1.25881,1.25309,1.2537,28159.0
2024-11-26 18:00:00,1.2537,1.25685,1.25245,1.25653,14489.0
2024-11-26 22:00:00,1.25696,1.25798,1.25653,1.25745,13626.0
2024-11-27 02:00:00,1.25745,1.25754,1.25662,1.25677,11992.0
2024-11-27 06:00:00,1.25677,1.26162,1.25668,1.26037,21146.0
2024-11-27 10:00:00,1.26037,1.26626,1.25976,1.26624,20987.0
2024-11-27 14:00:00,1.26623,1.26944,1.26329,1.26743,30789.0
2024-11-27 18:00:00,1.26744,1.26823,1.26695,1.2677,11136.0
2024-11-27 22:00:00,1.26688,1.26828,1.26648,1.26724,10177.0
2024-11-28 02:00:00,1.26724,1.2675,1.26586,1.26638,12288.0
2024-11-28 06:00:00,1.26638,1.26681,1.26448,1.26508,18997.0
2024-11-28 10:00:00,1.26509,1.26739,1.26472,1.26637,13634.0
2024-11-28 14:00:00,1.26637,1.26899,1.26608,1.26875,12327.0
2024-11-28 18:00:00,1.26873,1.26908,1.26829,1.2683,3081.0
2024-11-28 22:00:00,1.26801,1.27114,1.26735,1.27019,11097.0
2024-11-29 02:00:00,1.27019,1.27167,1.2701,1.27063,12913.0
2024-11-29 06:00:00,1.27062,1.27497,1.26897,1.26927,19146.0
2024-11-29 10:00:00,1.26927,1.27028,1.2677,1.26851,18277.0
2024-11-29 14:00:00,1.26851,1.27242,1.26716,1.2724,25046.0
2024-11-29 18:00:00,1.2724,1.27456,1.27232,1.27296,18233.0
2024-12-01 22:00:00,1.27222,1.27329,1.26859,1.26902,15207.0
2024-12-02 02:00:00,1.26902,1.26943,1.26798,1.2686,14569.0
2024-12-02 06:00:00,1.2686,1.27085,1.26784,1.27031,24293.0
2024-12-02 10:00:00,1.27031,1.27224,1.2662,1.26845,22883.0
2024-12-02 14:00:00,1.26849,1.26919,1.26169,1.2644,30729.0
2024-12-02 18:00:00,1.26441,1.26704,1.26404,1.2652,13536.0
2024-12-02 22:00:00,1.26461,1.26599,1.26423,1.26459,9396.0
2024-12-03 02:00:00,1.26459,1.265,1.26379,1.2647,11910.0
2024-12-03 06:00:00,1.2647,1.26967,1.26425,1.26772,19614.0
2024-12-03 10:00:00,1.26772,1.2683,1.26431,1.26692,17521.0
2024-12-03 14:00:00,1.26692,1.26923,1.26362,1.26916,27248.0
2024-12-03 18:00:00,1.26913,1.26995,1.26653,1.2669,13479.0
2024-12-03 22:00:00,1.26642,1.26779,1.26596,1.2667,9068.0
2024-12-04 02:00:00,1.26669,1.26948,1.26514,1.26907,13980.0
2024-12-04 06:00:00,1.26907,1.27016,1.26295,1.2676,22442.0
2024-12-04 10:00:00,1.2676,1.26856,1.26603,1.26702,21022.0
2024-12-04 14:00:00,1.26702,1.27212,1.26623,1.27163,28045.0
2024-12-04 18:00:00,1.27163,1.27191,1.26864,1.26964,14667.0
2024-12-04 22:00:00,1.27005,1.27077,1.26924,1.26964,7470.0
2024-12-05 02:00:00,1.26964,1.27164,1.26939,1.2714,10289.0
2024-12-05 06:00:00,1.2714,1.27402,1.27118,1.27215,14566.0
2024-12-05 10:00:00,1.27214,1.27515,1.27137,1.27512,19128.0
2024-12-05 14:00:00,1.27516,1.27707,1.2733,1.2746,24459.0
2024-12-05 18:00:00,1.27461,1.27595,1.27316,1.27569,11411.0
2024-12-05 22:00:00,1.27535,1.27615,1.27393,1.27441,9306.0
2024-12-06 02:00:00,1.27441,1.27537,1.27419,1.27445,10088.0
2024-12-06 06:00:00,1.27445,1.27738,1.27408,1.27591,13818.0
2024-12-06 10:00:00,1.27591,1.2811,1.27493,1.27944,19236.0
2024-12-06 14:00:00,1.27944,1.27984,1.27209,1.27276,32302.0
2024-12-06 18:00:00,1.27276,1.27412,1.27234,1.27389,9731.0
2024-12-08 22:00:00,1.27302,1.27502,1.27302,1.27384,8808.0
2024-12-09 02:00:00,1.27384,1.27435,1.27168,1.27197,10565.0
2024-12-09 06:00:00,1.27196,1.27786,1.27196,1.27684,17421.0
2024-12-09 10:00:00,1.27683,1.27843,1.2751,1.27783,15653.0
2024-12-09 14:00:00,1.27781,1.27986,1.27633,1.27702,19239.0
2024-12-09 18:00:00,1.27702,1.27712,1.27429,1.27472,9504.0
2024-12-09 22:00:00,1.27455,1.27505,1.27387,1.2747,9159.0
2024-12-10 02:00:00,1.27471,1.27545,1.2735,1.2754,12832.0
2024-12-10 06:00:00,1.2754,1.27629,1.27365,1.27542,15335.0
2024-12-10 10:00:00,1.27541,1.27655,1.27435,1.27505,16282.0
2024-12-10 14:00:00,1.27504,1.27625,1.27237,1.27453,20526.0
2024-12-10 18:00:00,1.27456,1.27778,1.27443,1.27685,9762.0
2024-12-25 22:00:00,1.25464,1.25497,1.2534,1.25411,5771.0
2024-12-26 02:00:00,1.25412,1.25478,1.25374,1.25441,5901.0
2024-12-26 06:00:00,1.25441,1.25449,1.25215,1.25306,7420.0
2024-12-26 10:00:00,1.25306,1.25345,1.25141,1.25235,9112.0
2024-12-26 14:00:00,1.25235,1.25249,1.25008,1.25157,14831.0
2024-12-26 18:00:00,1.25154,1.2536,1.25153,1.2523,11536.0
2024-12-26 22:00:00,1.25176,1.25318,1.2515,1.25228,8277.0
2024-12-27 02:00:00,1.25227,1.25285,1.25179,1.25202,9731.0
2024-12-27 06:00:00,1.25203,1.25342,1.25046,1.25084,11046.0
2024-12-27 10:00:00,1.25084,1.25742,1.25083,1.25739,13427.0
2024-12-27 14:00:00,1.25739,1.25922,1.25533,1.25601,22053.0
2024-12-27 18:00:00,1.25601,1.25831,1.25596,1.25712,11915.0
2024-12-29 22:00:00,1.25714,1.25881,1.25606,1.25802,5780.0
2024-12-30 02:00:00,1.25802,1.2585,1.25749,1.25814,7725.0
2024-12-30 06:00:00,1.25814,1.25887,1.25612,1.25771,11267.0
2024-12-30 10:00:00,1.2577,1.26069,1.25527,1.2554,14292.0
2024-12-30 14:00:00,1.25539,1.2568,1.25061,1.25443,24564.0
2024-12-30 18:00:00,1.25444,1.25584,1.25406,1.25472,10755.0
2024-12-30 22:00:00,1.25388,1.25595,1.2535,1.2558,6994.0
2024-12-31 02:00:00,1.2558,1.25598,1.25443,1.25508,7040.0
2024-12-31 06:00:00,1.25508,1.25688,1.25415,1.25542,11950.0
2024-12-31 10:00:00,1.25542,1.25544,1.25197,1.25288,15643.0
2024-12-31 14:00:00,1.2529,1.25542,1.25051,1.25188,25059.0
2024-12-31 18:00:00,1.25189,1.25272,1.25054,1.25097,9942.0
2025-01-01 22:00:00,1.25179,1.25223,1.25072,1.25199,8305.0
2025-01-02 02:00:00,1.25199,1.25401,1.25199,1.25324,5580.0
2025-01-02 06:00:00,1.25324,1.25341,1.24798,1.24821,13574.0
2025-01-02 10:00:00,1.24822,1.24918,1.23977,1.24039,21180.0
2025-01-02 14:00:00,1.2404,1.24111,1.23517,1.23719,28967.0
2025-01-02 18:00:00,1.23719,1.2385,1.23636,1.23801,11878.0
2025-01-02 22:00:00,1.23737,1.23901,1.23712,1.23851,7877.0
2025-01-03 02:00:00,1.2385,1.23973,1.23838,1.2395,7597.0
2025-01-03 06:00:00,1.23951,1.24164,1.23869,1.24057,13920.0
2025-01-03 10:00:00,1.24057,1.24163,1.23862,1.24011,13480.0
2025-01-03 14:00:00,1.24012,1.24291,1.23876,1.24182,20588.0
2025-01-03 18:00:00,1.24182,1.24338,1.24151,1.2422,8156.0
2025-01-05 22:00:00,1.24236,1.24385,1.24148,1.24346,10665.0
2025-01-06 02:00:00,1.24345,1.24438,1.24314,1.24361,8986.0
2025-01-06 06:00:00,1.24361,1.24914,1.24354,1.24753,15167.0
2025-01-06 10:00:00,1.24753,1.25508,1.24549,1.25342,28934.0
2025-01-06 14:00:00,1.25341,1.25371,1.24682,1.25177,29719.0
2025-01-06 18:00:00,1.25177,1.25234,1.25022,1.25183,8985.0
2025-01-06 22:00:00,1.25182,1.25233,1.25038,1.2519,8786.0
2025-01-07 02:00:00,1.25189,1.25421,1.25161,1.25375,8759.0
2025-01-07 06:00:00,1.25375,1.25756,1.25314,1.25633,16522.0
2025-01-07 10:00:00,1.25633,1.25686,1.25236,1.25419,16669.0
2025-01-07 14:00:00,1.25421,1.25439,1.24796,1.24999,30478.0
2025-01-07 18:00:00,1.25,1.25035,1.24738,1.24739,10171.0
2025-01-07 22:00:00,1.24733,1.24851,1.24726,1.24849,7948.0
2025-01-08 02:00:00,1.24849,1.24891,1.24775,1.24878,8241.0
2025-01-08 06:00:00,1.24878,1.2494,1.244,1.24501,16499.0
2025-01-08 10:00:00,1.24502,1.24521,1.23205,1.2356,30765.0
2025-01-08 14:00:00,1.23559,1.23684,1.23239,1.23457,24610.0
2025-01-08 18:00:00,1.23457,1.23769,1.23455,1.23594,12686.0
2025-01-08 22:00:00,1.23577,1.23639,1.23474,1.2359,7451.0
2025-01-09 02:00:00,1.2359,1.23651,1.23286,1.23314,10044.0
2025-01-09 06:00:00,1.23311,1.23318,1.2238,1.22814,25721.0
2025-01-09 10:00:00,1.22814,1.2323,1.22512,1.23003,21016.0
2025-01-09 14:00:00,1.23003,1.23167,1.2287,1.23011,16643.0
2025-01-09 18:00:00,1.23009,1.2315,1.22963,1.23071,6037.0
2025-01-09 22:00:00,1.23016,1.23104,1.22936,1.23034,8080.0
2025-01-10 02:00:00,1.23034,1.23076,1.22741,1.22755,9534.0
2025-01-10 06:00:00,1.22756,1.23079,1.22663,1.2302,14914.0
2025-01-10 10:00:00,1.2302,1.23216,1.21909,1.22313,21854.0
2025-01-10 14:00:00,1.22314,1.22624,1.21949,1.22216,41997.0
2025-01-10 18:00:00,1.22216,1.22227,1.22016,1.22054,14871.0
2025-01-26 22:00:00,1.24658,1.24725,1.24475,1.24487,11813.0
2025-01-27 02:00:00,1.24487,1.2463,1.24417,1.24465,13363.0
2025-01-27 06:00:00,1.24465,1.24863,1.24256,1.24861,23005.0
2025-01-27 10:00:00,1.24859,1.25232,1.24854,1.25026,23791.0
2025-01-27 14:00:00,1.25025,1.25113,1.24669,1.24747,26439.0
2025-01-27 18:00:00,1.24747,1.25,1.24695,1.24987,13670.0
2025-01-27 22:00:00,1.24955,1.24965,1.24361,1.24504,18661.0
2025-01-28 02:00:00,1.24501,1.24544,1.2434,1.24449,14535.0
2025-01-28 06:00:00,1.2445,1.24557,1.24259,1.24481,18845.0
2025-01-28 10:00:00,1.24481,1.24517,1.24141,1.24239,17195.0
2025-01-28 14:00:00,1.24237,1.2447,1.24217,1.24284,22245.0
2025-01-28 18:00:00,1.24284,1.24452,1.2422,1.24412,10771.0
2025-01-28 22:00:00,1.24374,1.24471,1.24353,1.24356,7831.0
2025-01-29 02:00:00,1.24356,1.24549,1.24341,1.24536,9737.0
2025-01-29 06:00:00,1.24536,1.2463,1.24157,1.24203,17780.0
2025-01-29 10:00:00,1.24203,1.24281,1.23928,1.23973,19862.0
2025-01-29 14:00:00,1.23974,1.24491,1.23963,1.24419,27752.0
2025-01-29 18:00:00,1.24419,1.24576,1.24117,1.24504,28468.0
2025-01-29 22:00:00,1.24423,1.24599,1.24343,1.24496,9040.0
2025-01-30 02:00:00,1.24496,1.24555,1.24416,1.24479,11104.0
2025-01-30 06:00:00,1.24478,1.24624,1.24315,1.2443,15844.0
2025-01-30 10:00:00,1.24429,1.2471,1.24245,1.2467,20335.0
2025-01-30 14:00:00,1.24667,1.24762,1.24352,1.24444,27307.0
2025-01-30 18:00:00,1.24444,1.24639,1.24073,1.24169,16586.0
2025-01-30 22:00:00,1.24091,1.2431,1.24067,1.24185,10721.0
2025-01-31 02:00:00,1.24189,1.24275,1.24136,1.24205,10857.0
2025-01-31 06:00:00,1.24204,1.24396,1.24007,1.24212,17138.0
2025-01-31 10:00:00,1.24213,1.24314,1.24055,1.24131,18067.0
2025-01-31 14:00:00,1.24134,1.24714,1.23873,1.24536,30880.0
2025-01-31 18:00:00,1.24536,1.2461,1.23857,1.23877,29674.0
2025-02-02 22:00:00,1.22923,1.23261,1.22644,1.22879,28143.0
2025-02-03 02:00:00,1.22878,1.2288,1.22492,1.22771,23894.0
2025-02-03 06:00:00,1.22771,1.23228,1.22725,1.22923,27195.0
2025-02-03 10:00:00,1.22924,1.23748,1.22916,1.23648,25194.0
2025-02-03 14:00:00,1.23646,1.24359,1.23355,1.23936,48903.0
2025-02-03 18:00:00,1.23937,1.24548,1.23818,1.24471,22430.0
2025-02-03 22:00:00,1.24496,1.24533,1.24088,1.24211,12320.0
2025-02-04 02:00:00,1.24211,1.24271,1.23788,1.23975,16564.0
2025-02-04 06:00:00,1.23975,1.24367,1.2393,1.24249,20633.0
2025-02-04 10:00:00,1.24246,1.24345,1.23958,1.24281,17747.0
2025-02-04 14:00:00,1.24282,1.24931,1.24279,1.24822,27934.0
2025-02-04 18:00:00,1.24821,1.24901,1.24744,1.24813,11952.0
2025-02-04 22:00:00,1.24721,1.24896,1.247,1.24702,9406.0
2025-02-05 02:00:00,1.24702,1.24824,1.2463,1.24675,10741.0
2025-02-05 06:00:00,1.24675,1.25286,1.24653,1.25172,17743.0
2025-02-05 10:00:00,1.25172,1.25497,1.2512,1.25147,17946.0
2025-02-05 14:00:00,1.25147,1.25365,1.25014,1.25087,23487.0
2025-02-05 18:00:00,1.25087,1.25138,1.24975,1.25026,9973.0
2025-02-05 22:00:00,1.25041,1.25093,1.24982,1.25075,7124.0
2025-02-06 02:00:00,1.25072,1.25086,1.24828,1.24836,7575.0
2025-02-06 06:00:00,1.24836,1.24909,1.24174,1.24252,13861.0
2025-02-06 10:00:00,1.24252,1.24312,1.23599,1.23833,24589.0
2025-02-06 14:00:00,1.23831,1.24451,1.23814,1.24414,22841.0
2025-02-06 18:00:00,1.24413,1.24553,1.24327,1.24348,10960.0
2025-02-06 22:00:00,1.24296,1.24427,1.24223,1.24312,6654.0
2025-02-07 02:00:00,1.24312,1.24395,1.24196,1.24214,8486.0
2025-02-07 06:00:00,1.24214,1.24682,1.24189,1.24592,12543.0
2025-02-07 10:00:00,1.24592,1.24926,1.242,1.243,18470.0
2025-02-07 14:00:00,1.24299,1.24666,1.23757,1.24024,40043.0
2025-02-07 18:00:00,1.24024,1.24216,1.23977,1.24003,13127.0
2025-02-09 22:00:00,1.23678,1.24004,1.23633,1.2383,13833.0
2025-02-10 02:00:00,1.2383,1.24085,1.23797,1.24003,10163.0
2025-02-10 06:00:00,1.24003,1.24206,1.23907,1.24084,16417.0
2025-02-10 10:00:00,1.24084,1.2422,1.23791,1.23904,15067.0
2025-02-10 14:00:00,1.23906,1.2394,1.23708,1.23802,17577.0
2025-02-10 18:00:00,1.23802,1.2381,1.23629,1.23659,7277.0
2025-02-26 22:00:00,1.26718,1.2684,1.26605,1.26643,10711.0
2025-02-27 02:00:00,1.26643,1.26665,1.26498,1.26542,16490.0
2025-02-27 06:00:00,1.26543,1.26785,1.26536,1.26783,18045.0
2025-02-27 10:00:00,1.26784,1.26885,1.26283,1.2632,21802.0
2025-02-27 14:00:00,1.2632,1.26447,1.26087,1.26123,27149.0
2025-02-27 18:00:00,1.26124,1.26294,1.25976,1.26002,14303.0
2025-02-27 22:00:00,1.25945,1.261,1.2594,1.25942,8447.0
2025-02-28 02:00:00,1.25941,1.26005,1.25803,1.25855,10919.0
2025-02-28 06:00:00,1.25855,1.26066,1.25725,1.25947,16370.0
2025-02-28 10:00:00,1.25947,1.26101,1.25832,1.2602,15045.0
2025-02-28 14:00:00,1.2602,1.26215,1.25804,1.25897,26657.0
2025-02-28 18:00:00,1.25898,1.25906,1.2559,1.25768,19248.0
2025-03-02 22:00:00,1.25822,1.26134,1.25798,1.26083,14906.0
2025-03-03 02:00:00,1.26083,1.26135,1.25965,1.26049,11628.0
2025-03-03 06:00:00,1.26049,1.26297,1.2582,1.26284,17669.0
2025-03-03 10:00:00,1.26284,1.26886,1.26284,1.26796,24867.0
2025-03-03 14:00:00,1.26795,1.27176,1.26723,1.2716,27788.0
2025-03-03 18:00:00,1.2716,1.27245,1.26797,1.27009,22511.0
2025-03-03 22:00:00,1.26944,1.27093,1.26874,1.26971,13401.0
2025-03-04 02:00:00,1.26971,1.26993,1.26785,1.26952,15426.0
2025-03-04 06:00:00,1.26952,1.27409,1.26883,1.27244,21496.0
2025-03-04 10:00:00,1.27244,1.27535,1.27042,1.27219,22271.0
2025-03-04 14:00:00,1.2722,1.27456,1.26994,1.27435,34285.0
2025-03-04 18:00:00,1.27435,1.27993,1.2741,1.27959,27934.0
2025-03-04 22:00:00,1.27904,1.27965,1.2776,1.27771,14363.0
2025-03-05 02:00:00,1.27771,1.27965,1.27676,1.27954,17663.0
2025-03-05 06:00:00,1.27954,1.28542,1.27868,1.28355,26946.0
2025-03-05 10:00:00,1.28357,1.28426,1.28037,1.28222,23946.0
2025-03-05 14:00:00,1.28222,1.28808,1.28192,1.28791,36374.0
2025-03-05 18:00:00,1.28792,1.29004,1.28641,1.28951,18411.0
2025-03-05 22:00:00,1.28928,1.29074,1.28868,1.29045,11100.0
2025-03-06 02:00:00,1.29046,1.29081,1.2883,1.29018,11891.0
2025-03-06 06:00:00,1.29018,1.29234,1.28686,1.28762,28040.0
2025-03-06 10:00:00,1.28762,1.28974,1.28655,1.28966,25780.0
2025-03-06 14:00:00,1.28969,1.29184,1.28801,1.28876,38875.0
2025-03-06 18:00:00,1.28876,1.29029,1.28703,1.28831,18685.0
2025-03-06 22:00:00,1.28738,1.28892,1.28738,1.28833,8808.0
2025-03-07 02:00:00,1.28833,1.28923,1.28767,1.28844,11308.0
2025-03-07 06:00:00,1.28844,1.29444,1.28796,1.2938,18360.0
2025-03-07 10:00:00,1.29381,1.29421,1.29022,1.29027,23260.0
2025-03-07 14:00:00,1.29025,1.29366,1.28945,1.29069,37744.0
2025-03-07 18:00:00,1.29069,1.29293,1.28964,1.29215,17834.0
2025-03-09 21:00:00,1.29119,1.29434,1.29039,1.29377,11032.0
2025-03-10 01:00:00,1.29377,1.29454,1.2907,1.29071,11694.0
2025-03-10 05:00:00,1.29071,1.29223,1.28738,1.28774,19544.0
2025-03-10 09:00:00,1.28775,1.29454,1.28742,1.29332,26421.0
2025-03-10 13:00:00,1.29332,1.29462,1.28852,1.28944,29046.0
2025-03-10 17:00:00,1.28944,1.28947,1.28611,1.28759,17816.0
2025-03-10 21:00:00,1.28743,1.28884,1.28721,1.28853,8236.0
2025-03-11 01:00:00,1.28853,1.28976,1.28758,1.28943,17595.0
2025-03-11 05:00:00,1.28943,1.29369,1.28731,1.29298,22360.0
2025-03-11 09:00:00,1.29298,1.29517,1.29189,1.29445,21209.0
2025-03-11 13:00:00,1.29445,1.29562,1.29179,1.2937,31928.0
2025-03-11 17:00:00,1.29368,1.29654,1.29335,1.29491,18978.0
2025-03-11 21:00:00,1.29395,1.29543,1.2931,1.29355,5590.0
2025-03-12 01:00:00,1.29355,1.29431,1.2919,1.29234,10638.0
2025-03-12 05:00:00,1.29234,1.29419,1.29132,1.29417,16604.0
2025-03-12 09:00:00,1.29417,1.29878,1.29295,1.29426,23539.0
2025-03-12 13:00:00,1.29426,1.29822,1.2924,1.29723,26771.0
2025-03-12 17:00:00,1.29725,1.29803,1.29598,1.29629,12526.0
2025-03-12 21:00:00,1.29553,1.29683,1.29531,1.29667,3646.0
2025-03-13 01:00:00,1.29668,1.29731,1.2954,1.2962,9021.0
2025-03-13 05:00:00,1.2962,1.29658,1.29409,1.29477,16751.0
2025-03-13 09:00:00,1.29477,1.29668,1.29272,1.29323,22354.0
2025-03-13 13:00:00,1.29323,1.296,1.29204,1.29464,27207.0
2025-03-13 17:00:00,1.29464,1.29558,1.2936,1.29542,12075.0
2025-03-30 21:00:00,1.29282,1.29594,1.29218,1.29594,10996.0
2025-03-31 01:00:00,1.29591,1.29712,1.29548,1.29565,14237.0
2025-03-31 05:00:00,1.29565,1.29725,1.29351,1.29442,19426.0
2025-03-31 09:00:00,1.29441,1.29591,1.29178,1.29321,15956.0
2025-03-31 13:00:00,1.29321,1.2941,1.2886,1.29069,24834.0
2025-03-31 17:00:00,1.29066,1.2924,1.29044,1.29167,10348.0
2025-03-31 21:00:00,1.29099,1.29271,1.29098,1.29262,7644.0
2025-04-01 01:00:00,1.29262,1.29404,1.29173,1.29371,14413.0
2025-04-01 05:00:00,1.29372,1.29375,1.29023,1.29258,17375.0
2025-04-01 09:00:00,1.29258,1.2938,1.28852,1.28895,20665.0
2025-04-01 13:00:00,1.28895,1.29296,1.2879,1.29263,24572.0
2025-04-01 17:00:00,1.29263,1.29326,1.29079,1.2923,10356.0
2025-04-01 21:00:00,1.29162,1.29327,1.29096,1.29105,8247.0
2025-04-02 01:00:00,1.29105,1.29303,1.29057,1.29182,10986.0
2025-04-02 05:00:00,1.29182,1.29243,1.29,1.29203,14053.0
2025-04-02 09:00:00,1.29203,1.29498,1.29194,1.29431,15694.0
2025-04-02 13:00:00,1.2943,1.29788,1.29338,1.29703,22390.0
2025-04-02 17:00:00,1.29703,1.30248,1.29535,1.29989,22605.0
2025-04-02 21:00:00,1.29978,1.30573,1.29703,1.30399,28182.0
2025-04-03 01:00:00,1.30399,1.30767,1.30368,1.30583,24651.0
2025-04-03 05:00:00,1.30585,1.31685,1.30575,1.31621,33824.0
2025-04-03 09:00:00,1.3162,1.32067,1.31375,1.31577,41780.0
2025-04-03 13:00:00,1.31578,1.31962,1.31039,1.31049,40043.0
2025-04-03 17:00:00,1.31045,1.31084,1.30796,1.30986,15892.0
2025-04-03 21:00:00,1.30884,1.31082,1.30831,1.31012,14986.0
2025-04-04 01:00:00,1.31012,1.31094,1.30804,1.30973,24002.0
2025-04-04 05:00:00,1.30973,1.31134,1.29749,1.29826,35351.0
2025-04-04 09:00:00,1.29826,1.3049,1.29622,1.30009,58418.0
2025-04-04 13:00:00,1.30008,1.30174,1.28876,1.28948,57807.0
2025-04-04 17:00:00,1.28947,1.29142,1.28531,1.28921,28882.0
2025-04-06 21:00:00,1.2832,1.29331,1.2823,1.2909,35189.0
2025-04-07 01:00:00,1.29091,1.29161,1.28496,1.29024,35924.0
2025-04-07 05:00:00,1.29024,1.29335,1.28649,1.2871,49457.0
2025-04-07 09:00:00,1.28713,1.28767,1.28032,1.28372,48269.0
2025-04-07 13:00:00,1.28371,1.28467,1.27099,1.27299,59679.0
2025-04-07 17:00:00,1.27299,1.27778,1.27082,1.27213,30732.0
2025-04-07 21:00:00,1.27129,1.27654,1.27129,1.27515,14203.0
2025-04-08 01:00:00,1.27515,1.27919,1.27512,1.27858,23185.0
2025-04-08 05:00:00,1.27858,1.27961,1.27453,1.27525,32888.0
2025-04-08 09:00:00,1.27523,1.27959,1.27241,1.27759,33893.0
2025-04-08 13:00:00,1.27759,1.27934,1.27437,1.27726,41914.0
2025-04-08 17:00:00,1.27726,1.28142,1.27547,1.27637,28932.0
2025-04-08 21:00:00,1.2755,1.28155,1.27525,1.28145,18613.0
2025-04-09 01:00:00,1.28146,1.28567,1.2813,1.28553,35854.0
2025-04-09 05:00:00,1.2855,1.28637,1.27864,1.2825,45883.0
2025-04-09 09:00:00,1.28251,1.28368,1.277,1.28034,42214.0
2025-04-09 13:00:00,1.28035,1.28144,1.27512,1.2765,38726.0
2025-04-09 17:00:00,1.27649,1.28374,1.27431,1.28296,53612.0
2025-04-09 21:00:00,1.28097,1.28467,1.28023,1.28438,22848.0
2025-04-10 01:00:00,1.28438,1.28609,1.28217,1.28592,27126.0
2025-04-10 05:00:00,1.28592,1.28813,1.2845,1.28692,35125.0
2025-04-10 09:00:00,1.28692,1.29569,1.28607,1.29245,38118.0
2025-04-10 13:00:00,1.29249,1.29785,1.2892,1.29541,44156.0
2025-04-10 17:00:00,1.2954,1.29957,1.29312,1.29698,30459.0
2025-04-10 21:00:00,1.29624,1.30472,1.2962,1.30164,27629.0
2025-04-11 01:00:00,1.30164,1.3047,1.29939,1.30209,40243.0
2025-04-11 05:00:00,1.3021,1.31334,1.29847,1.31087,47146.0
2025-04-11 09:00:00,1.31086,1.31447,1.30562,1.31226,44977.0
2025-04-11 13:00:00,1.31227,1.31342,1.30303,1.30512,50413.0
2025-04-11 17:00:00,1.30512,1.30834,1.30434,1.30786,24471.0
2025-05-13 13:00:00,1.32432,1.32943,1.32211,1.32922,22232.0
2025-05-13 17:00:00,1.32922,1.33158,1.3287,1.33033,9238.0
2025-05-13 21:00:00,1.33033,1.33162,1.32987,1.33134,8561.0
2025-05-14 01:00:00,1.33134,1.33197,1.32978,1.33039,13606.0
2025-05-14 05:00:00,1.33039,1.33585,1.32907,1.33468,20414.0
2025-05-14 09:00:00,1.33467,1.33599,1.33159,1.33248,19229.0
2025-05-14 13:00:00,1.33249,1.3329,1.32705,1.32822,24073.0
2025-05-14 17:00:00,1.32822,1.3288,1.3253,1.32608,11270.0
2025-05-14 21:00:00,1.32487,1.32743,1.32484,1.32722,8263.0
2025-05-15 01:00:00,1.32722,1.32862,1.32719,1.32742,13464.0
2025-05-15 05:00:00,1.32742,1.33048,1.3262,1.32894,18216.0
2025-05-15 09:00:00,1.32894,1.33088,1.32668,1.33052,17421.0
2025-05-15 13:00:00,1.33052,1.33194,1.32635,1.32885,22648.0
2025-05-15 17:00:00,1.32885,1.33086,1.32863,1.33058,9949.0
2025-05-15 21:00:00,1.32949,1.33174,1.32949,1.3314,8857.0
2025-05-16 01:00:00,1.3314,1.33191,1.3306,1.33182,12916.0
2025-05-16 05:00:00,1.33182,1.33325,1.33013,1.33044,14693.0
2025-05-16 09:00:00,1.33044,1.33088,1.32732,1.3283,13855.0
2025-05-16 13:00:00,1.3283,1.3299,1.32501,1.32683,19795.0
2025-05-16 17:00:00,1.32683,1.32867,1.32673,1.32826,10091.0
2025-06-03 21:00:00,1.35108,1.35332,1.35098,1.35264,6054.0
2025-06-04 01:00:00,1.35264,1.35443,1.35104,1.35119,11861.0
2025-06-04 05:00:00,1.35119,1.35453,1.35006,1.35398,15578.0
2025-06-04 09:00:00,1.354,1.3544,1.35117,1.35429,15986.0
2025-06-04 13:00:00,1.35429,1.35799,1.35313,1.35711,21381.0
2025-06-04 17:00:00,1.35711,1.35736,1.35452,1.35547,9383.0
2025-06-04 21:00:00,1.35483,1.35596,1.35446,1.35595,5944.0
2025-06-05 01:00:00,1.35595,1.35656,1.35406,1.35471,12236.0
2025-06-05 05:00:00,1.35471,1.35741,1.35423,1.35671,13318.0
2025-06-05 09:00:00,1.3567,1.35946,1.356,1.35788,17466.0
2025-06-05 13:00:00,1.35788,1.36163,1.35709,1.3586,27180.0
2025-06-05 17:00:00,1.3586,1.35893,1.35664,1.35707,12530.0
2025-06-05 21:00:00,1.3564,1.35844,1.35636,1.35786,5293.0
2025-06-06 01:00:00,1.35785,1.35837,1.35656,1.35747,10865.0
2025-06-06 05:00:00,1.35747,1.35748,1.35343,1.3538,13613.0
2025-06-06 09:00:00,1.3538,1.35636,1.35171,1.35361,17359.0
2025-06-06 13:00:00,1.35361,1.35482,1.35074,1.3519,25660.0
2025-06-06 17:00:00,1.35193,1.35343,1.35156,1.35259,10286.0
2025-06-08 21:00:00,1.35181,1.35394,1.35148,1.35309,3750.0
2025-06-09 01:00:00,1.35309,1.35652,1.35309,1.35542,7924.0
2025-06-09 05:00:00,1.35542,1.35777,1.35482,1.35732,10890.0
2025-06-09 09:00:00,1.35732,1.35811,1.35335,1.35361,13082.0
2025-06-09 13:00:00,1.35361,1.35642,1.35244,1.35583,15325.0
2025-06-09 17:00:00,1.35584,1.35655,1.35482,1.35497,6761.0
2025-06-09 21:00:00,1.35405,1.3564,1.35391,1.35542,6630.0
2025-06-10 01:00:00,1.35542,1.35603,1.35193,1.35378,11633.0
2025-06-10 05:00:00,1.35378,1.35457,1.34559,1.34875,19368.0
2025-06-10 09:00:00,1.34875,1.35125,1.34799,1.35069,13940.0
2025-06-10 13:00:00,1.35068,1.35365,1.34977,1.34983,16626.0
2025-06-10 17:00:00,1.34983,1.35079,1.349,1.34977,8026.0
2025-06-10 21:00:00,1.34916,1.35099,1.34885,1.34917,8418.0
2025-06-11 01:00:00,1.34917,1.34954,1.34741,1.34823,10173.0
2025-06-11 05:00:00,1.34823,1.34961,1.34642,1.34942,13199.0
2025-06-11 09:00:00,1.34942,1.35496,1.34848,1.35184,17166.0
2025-06-11 13:00:00,1.35184,1.35579,1.35016,1.35496,20553.0
2025-06-11 17:00:00,1.35496,1.35671,1.35358,1.35471,10679.0
2025-06-11 21:00:00,1.35359,1.35881,1.35359,1.3583,7503.0
2025-06-12 01:00:00,1.3583,1.35931,1.35668,1.35823,12582.0
2025-06-12 05:00:00,1.35822,1.35898,1.35224,1.35658,19023.0
2025-06-12 09:00:00,1.3566,1.36191,1.35596,1.36102,22191.0
2025-06-12 13:00:00,1.36101,1.36234,1.35819,1.35913,21325.0
2025-06-12 17:00:00,1.35913,1.36151,1.35838,1.36124,8028.0
2025-06-12 21:00:00,1.361,1.36321,1.35586,1.35702,13794.0
2025-06-13 01:00:00,1.35702,1.35716,1.353,1.3534,19625.0
2025-06-13 05:00:00,1.3534,1.357,1.35212,1.3559,20066.0
2025-06-13 09:00:00,1.3559,1.35626,1.35228,1.35338,19128.0
2025-06-13 13:00:00,1.35338,1.36029,1.35161,1.35945,18526.0
2025-06-13 17:00:00,1.35945,1.35946,1.35584,1.35731,12499.0
2025-06-15 21:00:00,1.3557,1.35614,1.35344,1.35498,10523.0
2025-06-16 01:00:00,1.35496,1.35581,1.35346,1.35468,13162.0
2025-06-16 05:00:00,1.35468,1.35926,1.35468,1.35788,17359.0
2025-06-16 09:00:00,1.35791,1.35908,1.35735,1.35822,14494.0
2025-06-16 13:00:00,1.35822,1.36221,1.35822,1.36081,20847.0
2025-06-16 17:00:00,1.36082,1.36107,1.35724,1.35762,10735.0
2025-06-16 21:00:00,1.35713,1.35797,1.35571,1.35666,10065.0
2025-06-17 01:00:00,1.35667,1.35791,1.35586,1.35729,12358.0
2025-06-17 05:00:00,1.35729,1.35787,1.35481,1.35481,15732.0
2025-06-17 09:00:00,1.35482,1.35738,1.35414,1.35474,15863.0
2025-06-17 13:00:00,1.35476,1.35648,1.34659,1.34712,22394.0
2025-06-17 17:00:00,1.34713,1.34742,1.34152,1.34267,18561.0
2025-06-17 21:00:00,1.34158,1.34383,1.34133,1.34307,10139.0
2025-06-18 01:00:00,1.34308,1.3447,1.34263,1.34434,12547.0
2025-06-18 05:00:00,1.34434,1.34765,1.34377,1.34525,15811.0
2025-06-18 09:00:00,1.34526,1.34683,1.3438,1.3447,13954.0
2025-06-18 13:00:00,1.3447,1.34753,1.34348,1.34567,21842.0
2025-06-18 17:00:00,1.34567,1.34762,1.34,1.3421,25588.0
2025-07-03 21:00:00,1.36557,1.36685,1.3643,1.3663,5571.0
2025-07-04 01:00:00,1.3663,1.36744,1.36446,1.36736,10457.0
2025-07-04 05:00:00,1.36736,1.36813,1.36566,1.36638,14866.0
2025-07-04 09:00:00,1.36636,1.36648,1.36348,1.36352,12905.0
2025-07-04 13:00:00,1.36352,1.36534,1.36351,1.36466,10519.0
2025-07-04 17:00:00,1.36466,1.3657,1.36366,1.36382,35140.0
2025-07-06 21:00:00,1.36465,1.36577,1.36448,1.36469,7407.0
2025-07-07 01:00:00,1.36467,1.36467,1.36153,1.36171,13849.0
2025-07-07 05:00:00,1.36171,1.36262,1.35791,1.35804,17987.0
2025-07-07 09:00:00,1.35804,1.36215,1.35749,1.36172,14059.0
2025-07-07 13:00:00,1.36171,1.36477,1.35938,1.35949,17515.0
2025-07-07 17:00:00,1.35949,1.36165,1.3589,1.35996,12794.0
2025-07-07 21:00:00,1.35994,1.36367,1.35943,1.36287,8117.0
2025-07-08 01:00:00,1.36287,1.36426,1.36173,1.36312,12977.0
2025-07-08 05:00:00,1.36311,1.36462,1.36096,1.36121,16725.0
2025-07-08 09:00:00,1.36121,1.36143,1.35628,1.3578,13954.0
2025-07-08 13:00:00,1.35779,1.35817,1.35254,1.35785,21929.0
2025-07-08 17:00:00,1.35784,1.35973,1.3577,1.35914,14222.0
2025-07-08 21:00:00,1.35836,1.35946,1.35757,1.35861,6582.0
2025-07-09 01:00:00,1.35861,1.35928,1.3564,1.35855,13125.0
2025-07-09 05:00:00,1.35855,1.36061,1.35789,1.36004,15776.0
2025-07-09 09:00:00,1.36007,1.36126,1.35738,1.36081,15083.0
2025-07-09 13:00:00,1.36081,1.36194,1.35786,1.35839,15708.0
2025-07-09 17:00:00,1.35839,1.36006,1.35804,1.35858,9328.0
2025-07-09 21:00:00,1.35799,1.36132,1.35799,1.36094,7456.0
2025-07-10 01:00:00,1.36093,1.36119,1.35993,1.3605,10144.0
2025-07-10 05:00:00,1.3605,1.36194,1.36019,1.36059,11589.0
2025-07-10 09:00:00,1.36059,1.36162,1.3557,1.35601,11580.0
2025-07-10 13:00:00,1.35601,1.35726,1.35329,1.35639,19471.0
2025-07-10 17:00:00,1.35639,1.35832,1.35606,1.35803,10435.0
2025-07-10 21:00:00,1.35691,1.35853,1.35445,1.35548,10270.0
2025-07-11 01:00:00,1.35549,1.35693,1.35485,1.35561,13812.0
2025-07-11 05:00:00,1.35561,1.35645,1.35285,1.35355,16284.0
2025-07-11 09:00:00,1.35352,1.35527,1.34959,1.3504,16250.0
2025-07-11 13:00:00,1.3504,1.35199,1.3481,1.35063,19037.0
2025-07-11 17:00:00,1.35062,1.35173,1.34841,1.34889,10143.0
2025-07-13 21:00:00,1.34815,1.35042,1.34781,1.34984,9802.0
2025-07-14 01:00:00,1.34984,1.35023,1.34716,1.34757,13129.0
2025-07-14 05:00:00,1.34757,1.34893,1.34514,1.34757,15418.0
2025-07-14 09:00:00,1.34756,1.34935,1.347,1.34776,12013.0
2025-07-14 13:00:00,1.34776,1.34845,1.34269,1.34352,17852.0
2025-07-14 17:00:00,1.34352,1.34409,1.34242,1.34252,7459.0
2025-07-14 21:00:00,1.34226,1.34405,1.34205,1.34352,7246.0
2025-07-15 01:00:00,1.34352,1.34394,1.34264,1.34314,10668.0
2025-07-15 05:00:00,1.34314,1.34535,1.34273,1.34465,12871.0
2025-07-15 09:00:00,1.34464,1.3467,1.34315,1.34478,15300.0
2025-07-15 13:00:00,1.34479,1.34505,1.338,1.33868,25212.0
2025-07-15 17:00:00,1.33869,1.3393,1.33786,1.33839,8797.0
2025-07-15 21:00:00,1.3375,1.33987,1.3375,1.33929,6090.0
2025-07-16 01:00:00,1.33928,1.34002,1.3382,1.33962,11102.0
2025-07-16 05:00:00,1.33963,1.34163,1.33887,1.33909,15036.0
2025-07-16 09:00:00,1.3391,1.34123,1.3383,1.33926,15551.0
2025-07-16 13:00:00,1.33926,1.34854,1.33648,1.34218,38358.0
2025-07-16 17:00:00,1.34216,1.34404,1.34046,1.34202,12797.0
2025-07-16 21:00:00,1.34162,1.34208,1.33952,1.33995,7729.0
2025-07-17 01:00:00,1.33994,1.3405,1.3384,1.33954,12260.0
2025-07-17 05:00:00,1.33954,1.34106,1.33739,1.34105,18204.0
2025-07-17 09:00:00,1.34105,1.34136,1.33801,1.34009,15240.0
2025-07-17 13:00:00,1.34009,1.34204,1.33927,1.34002,17558.0
2025-07-17 17:00:00,1.34002,1.34197,1.33988,1.34165,7714.0
2025-07-17 21:00:00,1.34101,1.34377,1.34056,1.34317,6922.0
2025-07-18 01:00:00,1.34317,1.34405,1.34235,1.34237,9377.0
2025-07-18 05:00:00,1.34235,1.34425,1.34103,1.34368,12848.0
2025-07-18 09:00:00,1.34368,1.34724,1.34347,1.34576,11575.0
2025-07-18 13:00:00,1.34577,1.3475,1.34164,1.34187,18422.0
2025-07-18 17:00:00,1.34187,1.34214,1.34051,1.34058,8515.0
2025-08-03 21:00:00,1.32805,1.32931,1.32575,1.32613,11974.0
2025-08-04 01:00:00,1.32611,1.32898,1.32531,1.32777,15811.0
2025-08-04 05:00:00,1.32777,1.3291,1.32642,1.32775,20439.0
2025-08-04 09:00:00,1.32773,1.33138,1.32704,1.32977,20064.0
2025-08-04 13:00:00,1.32977,1.33306,1.32775,1.3285,23938.0
2025-08-04 17:00:00,1.3285,1.32878,1.32723,1.32863,13290.0
2025-08-04 21:00:00,1.32834,1.33028,1.32751,1.32987,7507.0
2025-08-05 01:00:00,1.32986,1.32995,1.32751,1.32857,13290.0
2025-08-05 05:00:00,1.32857,1.32952,1.32593,1.32796,18458.0
2025-08-05 09:00:00,1.32797,1.3295,1.32662,1.32817,19629.0
2025-08-05 13:00:00,1.32817,1.3316,1.32683,1.33094,25972.0
2025-08-05 17:00:00,1.33094,1.33154,1.32888,1.32994,12471.0
2025-08-05 21:00:00,1.32924,1.33057,1.32886,1.33007,6639.0
2025-08-06 01:00:00,1.33007,1.33139,1.32945,1.33116,10212.0
2025-08-06 05:00:00,1.33115,1.33118,1.3281,1.32837,15952.0
2025-08-06 09:00:00,1.32834,1.33299,1.32831,1.3317,16963.0
2025-08-06 13:00:00,1.3317,1.33621,1.33126,1.3347,22177.0
2025-08-06 17:00:00,1.3347,1.33681,1.33448,1.33553,12233.0
2025-08-06 21:00:00,1.33461,1.33602,1.33455,1.33479,7465.0
2025-08-07 01:00:00,1.33479,1.33686,1.33455,1.33682,10473.0
2025-08-07 05:00:00,1.33682,1.33801,1.3363,1.33691,16060.0
2025-08-07 09:00:00,1.33691,1.34364,1.33646,1.34206,22029.0
2025-08-07 13:00:00,1.34206,1.34343,1.33904,1.34297,22783.0
2025-08-07 17:00:00,1.34297,1.3448,1.34034,1.34437,15648.0
2025-08-07 21:00:00,1.34374,1.34526,1.34347,1.34479,7981.0
2025-08-08 01:00:00,1.34479,1.34504,1.3434,1.34352,9447.0
2025-08-08 05:00:00,1.34351,1.34511,1.34241,1.34342,15287.0
2025-08-08 09:00:00,1.34345,1.34532,1.34177,1.34228,17454.0
2025-08-08 13:00:00,1.34229,1.34541,1.34229,1.34474,17239.0
2025-08-08 17:00:00,1.34474,1.34587,1.34428,1.34472,11350.0
2025-08-10 21:00:00,1.34383,1.34507,1.34277,1.3442,5357.0
2025-08-11 01:00:00,1.34421,1.34682,1.34402,1.3466,9187.0
2025-08-11 05:00:00,1.3466,1.34766,1.34478,1.34645,13853.0
2025-08-11 09:00:00,1.34641,1.34689,1.34119,1.34229,14844.0
2025-08-11 13:00:00,1.34229,1.34264,1.33988,1.34241,17215.0
2025-08-11 17:00:00,1.34242,1.3437,1.34169,1.3432,10316.0
2025-08-11 21:00:00,1.34224,1.3437,1.3415,1.34298,5296.0
2025-08-12 01:00:00,1.34299,1.34391,1.34237,1.34383,9595.0
2025-08-12 05:00:00,1.34382,1.34713,1.34201,1.34686,19868.0
2025-08-12 09:00:00,1.34687,1.35096,1.34461,1.34855,21097.0
2025-08-12 13:00:00,1.34854,1.35236,1.34629,1.35151,29687.0
2025-08-12 17:00:00,1.35151,1.35156,1.34876,1.34994,11528.0
2025-08-12 21:00:00,1.3499,1.3506,1.34899,1.35024,6428.0
2025-08-13 01:00:00,1.35025,1.35081,1.34925,1.35046,8824.0
2025-08-13 05:00:00,1.35046,1.35628,1.34991,1.3557,15521.0
2025-08-13 09:00:00,1.3557,1.35795,1.3556,1.35604,15789.0
2025-08-13 13:00:00,1.35605,1.35848,1.35533,1.35731,17125.0
2025-08-13 17:00:00,1.3573,1.35803,1.35627,1.35768,9485.0
2025-08-13 21:00:00,1.35642,1.35874,1.35617,1.35855,5194.0
2025-08-14 01:00:00,1.35854,1.35917,1.35705,1.35757,10711.0
2025-08-14 05:00:00,1.35756,1.35912,1.35628,1.35719,17440.0
2025-08-14 09:00:00,1.3572,1.35946,1.3546,1.35529,19823.0
2025-08-14 13:00:00,1.35528,1.35569,1.35204,1.3523,20859.0
2025-08-14 17:00:00,1.35229,1.35393,1.35228,1.35303,9044.0
2025-08-14 21:00:00,1.35209,1.35351,1.35201,1.35341,4298.0
2025-08-15 01:00:00,1.35342,1.35512,1.35303,1.35475,9104.0
2025-08-15 05:00:00,1.35475,1.35599,1.35423,1.35461,12452.0
2025-08-15 09:00:00,1.35458,1.35695,1.35451,1.3561,13872.0
2025-08-15 13:00:00,1.3561,1.35748,1.35536,1.35569,17945.0
2025-08-15 17:00:00,1.3557,1.3559,1.35497,1.35547,8209.0
2025-08-17 21:00:00,1.3544,1.35628,1.3543,1.3553,5132.0
2025-08-18 01:00:00,1.3553,1.35651,1.35487,1.35624,7739.0
2025-08-18 05:00:00,1.35624,1.3564,1.35308,1.35461,14440.0
2025-08-18 09:00:00,1.35461,1.35503,1.35349,1.35439,13572.0
2025-08-18 13:00:00,1.35439,1.35462,1.35066,1.3509,15291.0
2025-08-18 17:00:00,1.35089,1.35154,1.35016,1.35028,8474.0
2025-08-18 21:00:00,1.35039,1.35136,1.34972,1.35023,6608.0
2025-08-19 01:00:00,1.35023,1.35059,1.34864,1.3505,11042.0
2025-08-19 05:00:00,1.35049,1.35228,1.34964,1.35198,13980.0
2025-08-19 09:00:00,1.35198,1.35309,1.35033,1.35097,12782.0
2025-08-19 13:00:00,1.35097,1.35157,1.34851,1.34889,15749.0
2025-08-19 17:00:00,1.34889,1.34954,1.34776,1.34916,7533.0
2025-09-03 21:00:00,1.34396,1.34437,1.34334,1.3442,7221.0
2025-09-04 01:00:00,1.34419,1.34495,1.34252,1.34268,10641.0
2025-09-04 05:00:00,1.34268,1.34565,1.34162,1.34541,13513.0
2025-09-04 09:00:00,1.34541,1.34588,1.34219,1.34408,17215.0
2025-09-04 13:00:00,1.34407,1.34467,1.3417,1.34214,20118.0
2025-09-04 17:00:00,1.34214,1.34368,1.34186,1.34354,7843.0
2025-09-04 21:00:00,1.34276,1.34501,1.3419,1.34491,6307.0
2025-09-05 01:00:00,1.34491,1.3457,1.34466,1.345,10692.0
2025-09-05 05:00:00,1.345,1.34717,1.34491,1.34695,13106.0
2025-09-05 09:00:00,1.34698,1.35321,1.34573,1.35209,21297.0
2025-09-05 13:00:00,1.35209,1.35547,1.35046,1.35258,30899.0
2025-09-05 17:00:00,1.35258,1.3526,1.35004,1.35046,12680.0
2025-09-07 21:00:00,1.34955,1.3503,1.34818,1.34959,9338.0
2025-09-08 01:00:00,1.3496,1.35055,1.34866,1.34962,14945.0
2025-09-08 05:00:00,1.34962,1.35261,1.34953,1.35123,17598.0
2025-09-08 09:00:00,1.35123,1.35492,1.35018,1.35428,15499.0
2025-09-08 13:00:00,1.35435,1.35565,1.35276,1.35375,18559.0
2025-09-08 17:00:00,1.35375,1.35548,1.35271,1.3545,8832.0
2025-09-08 21:00:00,1.35415,1.35622,1.35404,1.35583,7468.0
2025-09-09 01:00:00,1.35583,1.35751,1.35525,1.35734,11620.0
2025-09-09 05:00:00,1.35734,1.35824,1.35574,1.3573,18586.0
2025-09-09 09:00:00,1.3573,1.35904,1.35454,1.35541,15628.0
2025-09-09 13:00:00,1.35541,1.35744,1.35223,1.35344,24723.0
2025-09-09 17:00:00,1.35343,1.35385,1.35178,1.35262,10339.0
2025-09-09 21:00:00,1.35231,1.35305,1.35159,1.35218,8370.0
2025-09-10 01:00:00,1.35219,1.35425,1.35142,1.35416,14275.0
2025-09-10 05:00:00,1.35415,1.35433,1.35126,1.35272,17220.0
2025-09-10 09:00:00,1.35273,1.35641,1.35233,1.35301,19069.0
2025-09-10 13:00:00,1.35302,1.35612,1.35255,1.35361,19996.0
2025-09-10 17:00:00,1.35361,1.35418,1.35213,1.35289,9285.0
2025-09-10 21:00:00,1.35241,1.35398,1.35177,1.35271,7372.0
2025-09-11 01:00:00,1.35271,1.35338,1.3522,1.35269,11135.0
2025-09-11 05:00:00,1.35269,1.3527,1.3503,1.35143,16481.0
2025-09-11 09:00:00,1.35144,1.35489,1.349,1.35448,22844.0
2025-09-11 13:00:00,1.35448,1.3579,1.35396,1.35775,25544.0
2025-09-11 17:00:00,1.35774,1.35827,1.35681,1.35738,11914.0
2025-09-11 21:00:00,1.35666,1.35804,1.3562,1.35724,7927.0
2025-09-12 01:00:00,1.35724,1.35733,1.35517,1.35563,12564.0
2025-09-12 05:00:00,1.35563,1.35748,1.35304,1.35336,18248.0
2025-09-12 09:00:00,1.35336,1.35626,1.35239,1.35431,18937.0
2025-09-12 13:00:00,1.35431,1.35694,1.35374,1.356,21648.0
2025-09-12 17:00:00,1.35601,1.35707,1.35558,1.35567,11078.0
2025-09-14 21:00:00,1.35475,1.35616,1.35397,1.35557,8482.0
2025-09-15 01:00:00,1.35557,1.35707,1.35522,1.35669,13882.0
2025-09-15 05:00:00,1.35669,1.35988,1.35528,1.35818,19555.0
2025-09-15 09:00:00,1.35819,1.36197,1.35784,1.36146,18941.0
2025-09-15 13:00:00,1.36146,1.36173,1.35844,1.35987,21859.0
2025-09-15 17:00:00,1.35987,1.36111,1.35941,1.35978,12614.0
2025-09-15 21:00:00,1.35933,1.36052,1.35933,1.36015,7023.0
2025-09-16 01:00:00,1.36012,1.36246,1.35976,1.36154,14231.0
2025-09-16 05:00:00,1.36154,1.36429,1.36138,1.36265,19493.0
2025-09-16 09:00:00,1.36263,1.36494,1.36231,1.36406,18685.0
2025-09-16 13:00:00,1.36406,1.36717,1.36385,1.36575,19238.0
2025-09-16 17:00:00,1.36576,1.36676,1.36416,1.36463,10345.0
2025-09-16 21:00:00,1.36453,1.36588,1.36374,1.3645,6382.0
2025-09-17 01:00:00,1.3645,1.36479,1.36393,1.36417,8022.0
2025-09-17 05:00:00,1.36418,1.36521,1.36295,1.36399,10831.0
2025-09-17 09:00:00,1.36399,1.3656,1.3638,1.36539,10849.0
2025-09-17 13:00:00,1.3654,1.36695,1.36481,1.36649,13120.0
2025-09-17 17:00:00,1.36649,1.37263,1.36195,1.36246,34648.0
2025-09-17 21:00:00,1.36245,1.36353,1.36166,1.36268,8828.0
2025-09-18 01:00:00,1.36269,1.36305,1.36046,1.36065,11478.0
2025-09-18 05:00:00,1.36065,1.3648,1.35859,1.36393,15188.0
2025-09-18 09:00:00,1.36393,1.36605,1.35943,1.35943,21003.0
2025-09-18 13:00:00,1.35945,1.35956,1.35338,1.35526,31077.0
2025-09-18 17:00:00,1.35525,1.3563,1.3544,1.35513,10993.0
2025-09-18 21:00:00,1.35496,1.35565,1.35398,1.35488,10757.0
2025-09-19 01:00:00,1.35487,1.35594,1.35304,1.35442,19028.0
2025-09-19 05:00:00,1.35442,1.35512,1.34822,1.34993,25555.0
2025-09-19 09:00:00,1.34993,1.35103,1.34629,1.34683,19815.0
2025-09-19 13:00:00,1.34683,1.34981,1.34682,1.34823,27022.0
2025-09-19 17:00:00,1.34822,1.34849,1.34663,1.34703,11780.0
2025-10-05 21:00:00,1.34295,1.34487,1.34225,1.34399,17885.0
2025-10-06 01:00:00,1.34402,1.3458,1.34351,1.34466,14667.0
2025-10-06 05:00:00,1.34466,1.34643,1.3418,1.34357,28007.0
2025-10-06 09:00:00,1.34357,1.34404,1.34165,1.34374,23212.0
2025-10-06 13:00:00,1.34375,1.3484,1.34373,1.3475,22834.0
2025-10-06 17:00:00,1.3475,1.34896,1.3475,1.34851,9314.0
2025-10-06 21:00:00,1.34817,1.34868,1.3475,1.3482,7300.0
2025-10-07 01:00:00,1.3482,1.3482,1.34671,1.34694,9960.0
2025-10-07 05:00:00,1.34694,1.34709,1.34293,1.34368,22512.0
2025-10-07 09:00:00,1.34368,1.3444,1.33918,1.34141,20631.0
2025-10-07 13:00:00,1.34141,1.34542,1.34096,1.34425,24790.0
2025-10-07 17:00:00,1.34425,1.34518,1.34153,1.34236,12722.0
2025-10-07 21:00:00,1.34255,1.34286,1.34114,1.34158,9751.0
2025-10-08 01:00:00,1.34154,1.34154,1.339,1.33935,15547.0
2025-10-08 05:00:00,1.33935,1.3426,1.33839,1.34081,22279.0
2025-10-08 09:00:00,1.3408,1.34273,1.34001,1.34189,20568.0
2025-10-08 13:00:00,1.34189,1.34384,1.33716,1.33873,23088.0
2025-10-08 17:00:00,1.33872,1.34055,1.33706,1.34032,14342.0
2025-10-08 21:00:00,1.33931,1.3413,1.33931,1.34097,8079.0
2025-10-09 01:00:00,1.34097,1.3419,1.34058,1.3412,10535.0
2025-10-09 05:00:00,1.3412,1.34166,1.33424,1.33616,22257.0
2025-10-09 09:00:00,1.33617,1.33899,1.33582,1.33844,21825.0
2025-10-09 13:00:00,1.33846,1.33948,1.32906,1.32937,36088.0
2025-10-09 17:00:00,1.32937,1.33058,1.32792,1.33027,15272.0
2025-10-09 21:00:00,1.3296,1.3306,1.32913,1.33044,8694.0
2025-10-10 01:00:00,1.33044,1.33138,1.32996,1.33082,11058.0
2025-10-10 05:00:00,1.33082,1.33145,1.32791,1.33079,23524.0
2025-10-10 09:00:00,1.33079,1.33089,1.32615,1.32792,20449.0
2025-10-10 13:00:00,1.32793,1.33704,1.32682,1.33449,41849.0
2025-10-10 17:00:00,1.33449,1.33551,1.33314,1.33486,17235.0
2025-10-12 21:00:00,1.3342,1.33535,1.33234,1.33505,16357.0
2025-10-13 01:00:00,1.33508,1.33629,1.3345,1.33565,16101.0
2025-10-13 05:00:00,1.33564,1.33663,1.33146,1.33261,24742.0
2025-10-13 09:00:00,1.3326,1.33526,1.33243,1.33335,21889.0
2025-10-13 13:00:00,1.33335,1.33386,1.3319,1.333,23616.0
2025-10-13 17:00:00,1.333,1.33397,1.33262,1.33334,9455.0
2025-10-13 21:00:00,1.33331,1.33382,1.33251,1.3336,7998.0
2025-10-14 01:00:00,1.33362,1.33524,1.33349,1.33519,16150.0
2025-10-14 05:00:00,1.33521,1.33521,1.32519,1.32836,32969.0
2025-10-14 09:00:00,1.32836,1.32838,1.32483,1.32612,29103.0
2025-10-14 13:00:00,1.32611,1.33293,1.32607,1.33175,35543.0
2025-10-14 17:00:00,1.33172,1.3332,1.33121,1.33188,15178.0
2025-10-14 21:00:00,1.33161,1.33307,1.33138,1.33285,7581.0
2025-10-15 01:00:00,1.33285,1.3354,1.3325,1.33486,12868.0
2025-10-15 05:00:00,1.33489,1.3373,1.33413,1.33455,22959.0
2025-10-15 09:00:00,1.33453,1.33666,1.33359,1.33457,21330.0
2025-10-15 13:00:00,1.33456,1.3403,1.33348,1.33905,29772.0
2025-10-15 17:00:00,1.33904,1.3407,1.33701,1.34015,15497.0
2025-10-15 21:00:00,1.33871,1.34282,1.33866,1.34216,11139.0
2025-10-16 01:00:00,1.34216,1.34418,1.3412,1.34138,14227.0
2025-10-16 05:00:00,1.34137,1.34428,1.34039,1.34381,26794.0
2025-10-16 09:00:00,1.3438,1.34489,1.34213,1.34475,21982.0
2025-10-16 13:00:00,1.34475,1.34543,1.34115,1.34266,34286.0
2025-10-16 17:00:00,1.34266,1.34477,1.34194,1.3436,16516.0
2025-10-16 21:00:00,1.34269,1.34518,1.34253,1.34469,9517.0
2025-10-17 01:00:00,1.34469,1.34536,1.34307,1.34519,13667.0
2025-10-17 05:00:00,1.34518,1.34713,1.3411,1.34238,22848.0
2025-10-17 09:00:00,1.34238,1.3443,1.34082,1.3412,20804.0
2025-10-17 13:00:00,1.34119,1.34305,1.33907,1.34169,23895.0
2025-10-17 17:00:00,1.34169,1.34387,1.34103,1.34237,14179.0
2025-10-19 21:00:00,1.34242,1.34346,1.34144,1.34338,6520.0
2025-10-20 01:00:00,1.34338,1.3443,1.34268,1.34354,8817.0
2025-10-20 05:00:00,1.34353,1.34409,1.34053,1.34276,15669.0
2025-10-20 09:00:00,1.34278,1.34386,1.33994,1.34255,16052.0
2025-10-20 13:00:00,1.34256,1.34272,1.34017,1.34157,16935.0
2025-10-20 17:00:00,1.34156,1.34161,1.33996,1.34044,8897.0
2025-11-04 22:00:00,1.30198,1.30261,1.30097,1.3015,7520.0
2025-11-05 02:00:00,1.30151,1.30298,1.30136,1.30213,8594.0
2025-11-05 06:00:00,1.30213,1.30531,1.30193,1.30394,12576.0
2025-11-05 10:00:00,1.30394,1.30466,1.30115,1.30254,13439.0
2025-11-05 14:00:00,1.30255,1.30491,1.30132,1.30385,19176.0
2025-11-05 18:00:00,1.30385,1.30542,1.30375,1.30511,7890.0
2025-11-05 22:00:00,1.30444,1.30652,1.30444,1.30629,6378.0
2025-11-06 02:00:00,1.30629,1.30657,1.30571,1.30602,6479.0
2025-11-06 06:00:00,1.30601,1.30894,1.30527,1.30801,13690.0
2025-11-06 10:00:00,1.30802,1.31249,1.3059,1.31078,18807.0
2025-11-06 14:00:00,1.31078,1.31247,1.30804,1.31217,21163.0
2025-11-06 18:00:00,1.31217,1.31424,1.31197,1.31381,11241.0
2025-11-06 22:00:00,1.31218,1.3142,1.3121,1.31251,7335.0
2025-11-07 02:00:00,1.31251,1.31305,1.3115,1.31188,7578.0
2025-11-07 06:00:00,1.3119,1.31275,1.30945,1.30976,12318.0
2025-11-07 10:00:00,1.30977,1.31377,1.30959,1.31305,16415.0
2025-11-07 14:00:00,1.31305,1.31744,1.31272,1.317,19705.0
2025-11-07 18:00:00,1.317,1.31745,1.3152,1.316,12452.0
2025-11-09 22:00:00,1.31398,1.3159,1.3135,1.3151,10998.0
2025-11-10 02:00:00,1.3151,1.31598,1.31421,1.31548,10119.0
2025-11-10 06:00:00,1.31548,1.31843,1.31384,1.31729,17033.0
2025-11-10 10:00:00,1.31729,1.31907,1.31516,1.31745,13844.0
2025-11-10 14:00:00,1.31745,1.31793,1.31452,1.31778,18150.0
2025-11-10 18:00:00,1.31779,1.31848,1.31729,1.31759,8852.0
2025-11-10 22:00:00,1.31742,1.31774,1.31574,1.31643,8038.0
2025-11-11 02:00:00,1.31643,1.31717,1.31609,1.31658,10349.0
2025-11-11 06:00:00,1.31658,1.31711,1.31162,1.31292,19021.0
2025-11-11 10:00:00,1.31292,1.31781,1.31207,1.31713,16833.0
2025-11-11 14:00:00,1.31711,1.31841,1.31582,1.3174,18007.0
2025-11-11 18:00:00,1.3174,1.31779,1.31474,1.31498,10266.0
2025-11-11 22:00:00,1.31479,1.31538,1.31371,1.31386,6326.0
2025-11-12 02:00:00,1.31386,1.31436,1.31281,1.31334,8086.0
2025-11-12 06:00:00,1.31333,1.31551,1.31148,1.3116,15028.0
2025-11-12 10:00:00,1.3116,1.31395,1.30954,1.31048,16154.0
2025-11-12 14:00:00,1.31048,1.31395,1.30841,1.31387,17833.0
2025-11-12 18:00:00,1.31388,1.31439,1.31239,1.31317,9419.0
2025-11-12 22:00:00,1.31243,1.31312,1.31105,1.31234,9537.0
2025-11-13 02:00:00,1.31234,1.31284,1.31144,1.31167,9967.0
2025-11-13 06:00:00,1.31165,1.31709,1.31004,1.31558,19025.0
2025-11-13 10:00:00,1.31559,1.31839,1.3143,1.31687,18302.0
2025-11-13 14:00:00,1.31687,1.32153,1.31653,1.32115,22454.0
2025-11-13 18:00:00,1.32115,1.32138,1.31842,1.31901,13565.0
2025-11-13 22:00:00,1.3184,1.31912,1.31354,1.31466,10787.0
2025-11-14 02:00:00,1.31466,1.31589,1.31383,1.31479,11312.0
2025-11-14 06:00:00,1.31479,1.32002,1.31078,1.31553,21552.0
2025-11-14 10:00:00,1.31553,1.31808,1.3122,1.31669,18715.0
2025-11-14 14:00:00,1.31669,1.31782,1.31246,1.31608,22963.0
2025-11-14 18:00:00,1.31609,1.3174,1.31495,1.31681,10314.0
2025-11-16 22:00:00,1.31484,1.31708,1.31484,1.31554,7802.0
2025-11-17 02:00:00,1.31554,1.31557,1.3141,1.3143,6938.0
2025-11-17 06:00:00,1.3143,1.31803,1.31354,1.31643,14351.0
2025-11-17 10:00:00,1.31643,1.3193,1.31489,1.31727,16163.0
2025-11-17 14:00:00,1.31726,1.31789,1.31609,1.31699,16769.0
2025-11-17 18:00:00,1.317,1.31705,1.31446,1.31537,12116.0
2025-11-17 22:00:00,1.31569,1.31569,1.31452,1.31509,7663.0
2025-11-18 02:00:00,1.31508,1.31638,1.31444,1.31605,11724.0
2025-11-18 06:00:00,1.31605,1.31766,1.31477,1.31525,19314.0
2025-11-18 10:00:00,1.31528,1.31605,1.31335,1.31541,17343.0
2025-11-18 14:00:00,1.3154,1.31711,1.3135,1.31405,22558.0
2025-11-18 18:00:00,1.31405,1.31568,1.31392,1.3146,11609.0
2025-11-18 22:00:00,1.31469,1.31487,1.31312,1.31322,7656.0
2025-11-19 02:00:00,1.31322,1.31467,1.31288,1.31458,9989.0
2025-11-19 06:00:00,1.31458,1.31554,1.31175,1.31267,17147.0
2025-11-19 10:00:00,1.31265,1.31299,1.30923,1.31189,17377.0
2025-11-19 14:00:00,1.31187,1.31221,1.30565,1.30681,21488.0
2025-11-19 18:00:00,1.30681,1.30766,1.30432,1.30583,14352.0
2025-11-19 22:00:00,1.30513,1.30622,1.30451,1.30461,7592.0
2025-11-20 02:00:00,1.30461,1.30617,1.30374,1.30524,9093.0
2025-11-20 06:00:00,1.30523,1.30797,1.30493,1.30789,16712.0
2025-11-20 10:00:00,1.3079,1.30993,1.30453,1.30955,19707.0
2025-11-20 14:00:00,1.30955,1.31238,1.30656,1.30677,27771.0
2025-11-20 18:00:00,1.30677,1.30873,1.30668,1.30721,12496.0
2025-11-27 22:00:00,1.32291,1.32445,1.32286,1.32327,10094.0
2025-11-28 02:00:00,1.32327,1.32445,1.32269,1.32323,29088.0
2025-11-28 06:00:00,1.32327,1.32333,1.32008,1.32079,46064.0
2025-11-28 10:00:00,1.32079,1.32278,1.32011,1.32252,57556.0
2025-11-28 14:00:00,1.32254,1.32543,1.32064,1.32369,24974.0
2025-11-28 18:00:00,1.32366,1.32468,1.323,1.32323,13048.0
2025-11-30 22:00:00,1.32163,1.32484,1.32163,1.32376,11520.0
2025-12-01 02:00:00,1.32377,1.32401,1.32188,1.32212,13068.0
2025-12-01 06:00:00,1.32211,1.32366,1.32056,1.32331,18673.0
2025-12-01 10:00:00,1.3233,1.32755,1.32177,1.32661,19247.0
2025-12-01 14:00:00,1.3266,1.32663,1.32215,1.32247,22662.0
2025-12-01 18:00:00,1.32248,1.32279,1.32083,1.32103,12305.0
2025-12-01 22:00:00,1.32071,1.3215,1.32031,1.3212,5681.0
2025-12-02 02:00:00,1.3212,1.32218,1.32107,1.32145,8581.0
2025-12-02 06:00:00,1.32142,1.32209,1.32011,1.32107,14718.0
2025-12-02 10:00:00,1.32103,1.3212,1.31808,1.32067,16042.0
2025-12-02 14:00:00,1.32067,1.32134,1.31796,1.31941,20837.0
2025-12-02 18:00:00,1.3194,1.32154,1.31906,1.32153,10498.0
2025-12-02 22:00:00,1.32138,1.32271,1.31959,1.32266,6782.0
2025-12-03 02:00:00,1.32267,1.3238,1.32245,1.32367,8660.0
2025-12-03 06:00:00,1.32368,1.32849,1.32355,1.32785,16272.0
2025-12-03 10:00:00,1.32786,1.33151,1.3274,1.32993,16774.0
2025-12-03 14:00:00,1.32992,1.33477,1.32922,1.33426,21547.0
2025-12-03 18:00:00,1.33426,1.33534,1.33387,1.33533,11424.0
2025-12-03 22:00:00,1.33502,1.33517,1.33349,1.33401,6725.0
2025-12-04 02:00:00,1.33404,1.33404,1.33275,1.3338,9636.0
2025-12-04 06:00:00,1.33381,1.33591,1.33314,1.33457,14993.0
2025-12-04 10:00:00,1.33458,1.33637,1.33223,1.33423,17063.0
2025-12-04 14:00:00,1.33424,1.33853,1.33406,1.33432,19350.0
2025-12-04 18:00:00,1.33432,1.33513,1.33247,1.33256,11577.0
2025-12-04 22:00:00,1.33178,1.33334,1.33175,1.33332,7372.0
2025-12-05 02:00:00,1.33332,1.33456,1.33251,1.33451,8943.0
2025-12-05 06:00:00,1.3345,1.33624,1.33422,1.33459,14042.0
2025-12-05 10:00:00,1.3346,1.33557,1.33282,1.33507,15043.0
2025-12-05 14:00:00,1.33508,1.33618,1.33161,1.33309,20473.0
2025-12-05 18:00:00,1.3331,1.33408,1.33261,1.333,10750.0
2025-12-07 22:00:00,1.33166,1.33382,1.33128,1.33368,9276.0
2025-12-08 02:00:00,1.33369,1.33423,1.33347,1.33372,8891.0
2025-12-08 06:00:00,1.33371,1.33467,1.33138,1.3317,14660.0
2025-12-08 10:00:00,1.3317,1.33294,1.33139,1.33198,14505.0
2025-12-08 14:00:00,1.33198,1.33383,1.33056,1.33237,19937.0
2025-12-08 18:00:00,1.33237,1.33308,1.33192,1.33226,10560.0
2025-12-08 22:00:00,1.33215,1.3333,1.33128,1.33329,6122.0
2025-12-09 02:00:00,1.33328,1.3337,1.33261,1.33334,9897.0
2025-12-09 06:00:00,1.33334,1.33562,1.33233,1.33469,15939.0
2025-12-09 10:00:00,1.33469,1.33488,1.33101,1.33146,17482.0
2025-12-09 14:00:00,1.33142,1.33204,1.32874,1.32976,21328.0
2025-12-09 18:00:00,1.32977,1.3307,1.32911,1.32992,11551.0
2025-12-09 22:00:00,1.32895,1.33047,1.32895,1.32987,5811.0
2025-12-10 02:00:00,1.32986,1.33099,1.32977,1.33071,9522.0
2025-12-10 06:00:00,1.33072,1.3327,1.33057,1.33132,14950.0
2025-12-10 10:00:00,1.33133,1.33317,1.33016,1.33303,16822.0
2025-12-10 14:00:00,1.33303,1.33477,1.33147,1.33457,19520.0
2025-12-10 18:00:00,1.33457,1.33887,1.33273,1.33801,22551.0
2025-12-10 22:00:00,1.33805,1.3392,1.3368,1.3382,8583.0
2025-12-11 02:00:00,1.3382,1.33871,1.33615,1.33617,11575.0
2025-12-11 06:00:00,1.33617,1.33791,1.33545,1.33719,16703.0
2025-12-11 10:00:00,1.3372,1.34154,1.33678,1.34075,17307.0
2025-12-11 14:00:00,1.34077,1.34383,1.34072,1.34211,21341.0
2025-12-11 18:00:00,1.34211,1.34247,1.33823,1.33876,12703.0
2025-12-11 22:00:00,1.33863,1.33999,1.33804,1.33922,7349.0
2025-12-12 02:00:00,1.3392,1.3397,1.33885,1.33955,7965.0
2025-12-12 06:00:00,1.33955,1.3399,1.33735,1.33827,14682.0
2025-12-12 10:00:00,1.33827,1.33835,1.33646,1.33696,14855.0
2025-12-12 14:00:00,1.33692,1.33783,1.33423,1.33732,22129.0
2025-12-12 18:00:00,1.33732,1.3377,1.33566,1.33672,12690.0
2025-12-14 22:00:00,1.33708,1.33743,1.33545,1.33734,7171.0
2025-12-15 02:00:00,1.33731,1.33742,1.33545,1.3364,9156.0
2025-12-15 06:00:00,1.3364,1.33885,1.3357,1.33878,14074.0
2025-12-15 10:00:00,1.33878,1.33965,1.33746,1.33872,12482.0
2025-12-15 14:00:00,1.3387,1.34015,1.33654,1.33676,20295.0
2025-12-15 18:00:00,1.33676,1.33769,1.33595,1.33763,11159.0
2025-12-29 22:00:00,1.35063,1.35104,1.34961,1.35086,6557.0
2025-12-30 02:00:00,1.35087,1.35172,1.34993,1.35148,6084.0
2025-12-30 06:00:00,1.35148,1.35217,1.35003,1.35144,10893.0
2025-12-30 10:00:00,1.35145,1.35306,1.34869,1.34878,12228.0
2025-12-30 14:00:00,1.34879,1.34882,1.34495,1.34696,14057.0
2025-12-30 18:00:00,1.34697,1.34749,1.34609,1.34683,7436.0
2025-12-30 22:00:00,1.34652,1.34675,1.34584,1.34608,5200.0
2025-12-31 02:00:00,1.34605,1.34653,1.34571,1.34607,7263.0
2025-12-31 06:00:00,1.34607,1.34654,1.34258,1.34373,10051.0
2025-12-31 10:00:00,1.34379,1.34767,1.34325,1.34541,13955.0
2025-12-31 14:00:00,1.34544,1.34605,1.34018,1.34519,16993.0
2025-12-31 18:00:00,1.34521,1.34838,1.3447,1.3474,9032.0
2026-01-01 22:00:00,1.34643,1.34877,1.34596,1.34876,4295.0
2026-01-02 02:00:00,1.34876,1.34912,1.34695,1.34713,5167.0
2026-01-02 06:00:00,1.34712,1.34715,1.34491,1.34549,11277.0
2026-01-02 10:00:00,1.34551,1.34597,1.34339,1.34575,11838.0
2026-01-02 14:00:00,1.34576,1.3502,1.34535,1.34628,15186.0
2026-01-02 18:00:00,1.34627,1.34667,1.34464,1.34587,8315.0
2026-01-04 22:00:00,1.3445,1.34565,1.3437,1.34402,9244.0
2026-01-05 02:00:00,1.34402,1.34426,1.34139,1.34276,8417.0
2026-01-05 06:00:00,1.34275,1.34432,1.34173,1.34427,12288.0
2026-01-05 10:00:00,1.34427,1.34743,1.34249,1.3453,14081.0
2026-01-05 14:00:00,1.34532,1.3539,1.34507,1.35326,16489.0
2026-01-05 18:00:00,1.35326,1.35483,1.35286,1.35401,7514.0
2026-01-05 22:00:00,1.35395,1.35462,1.35279,1.35461,8371.0
2026-01-06 02:00:00,1.35461,1.35621,1.35416,1.35497,11132.0
2026-01-06 06:00:00,1.35496,1.35678,1.35357,1.35357,16724.0
2026-01-06 10:00:00,1.35356,1.35399,1.35065,1.35237,16473.0
2026-01-06 14:00:00,1.35237,1.35345,1.34918,1.35102,20651.0
2026-01-06 18:00:00,1.35102,1.35121,1.34925,1.35019,11077.0
2026-01-06 22:00:00,1.34997,1.35098,1.34901,1.3506,7595.0
2026-01-07 02:00:00,1.35059,1.3517,1.3503,1.35085,11033.0
2026-01-07 06:00:00,1.35085,1.35169,1.34852,1.34946,14993.0
2026-01-07 10:00:00,1.34946,1.35056,1.34823,1.34945,16783.0
2026-01-07 14:00:00,1.34946,1.35035,1.34682,1.34733,21413.0
2026-01-07 18:00:00,1.34732,1.34738,1.34568,1.34577,11027.0
2026-01-07 22:00:00,1.34566,1.34615,1.34532,1.34557,6043.0
2026-01-08 02:00:00,1.34559,1.34655,1.34507,1.34581,9462.0
2026-01-08 06:00:00,1.34582,1.34617,1.34321,1.34381,15195.0
2026-01-08 10:00:00,1.34382,1.34505,1.34157,1.34233,15799.0
2026-01-08 14:00:00,1.3423,1.34469,1.34174,1.34359,20402.0
2026-01-08 18:00:00,1.34359,1.34449,1.34195,1.34418,11845.0
2026-01-08 22:00:00,1.34334,1.34408,1.34269,1.34282,6690.0
2026-01-09 02:00:00,1.34282,1.3438,1.34245,1.34302,10293.0
2026-01-09 06:00:00,1.34303,1.34343,1.34049,1.34102,15848.0
2026-01-09 10:00:00,1.341,1.3451,1.33993,1.34354,18580.0
2026-01-09 14:00:00,1.3435,1.34433,1.33926,1.34029,23539.0
2026-01-09 18:00:00,1.34032,1.34145,1.33953,1.33977,11157.0
2026-01-11 22:00:00,1.33944,1.3441,1.33908,1.34276,10081.0
2026-01-12 02:00:00,1.34273,1.34363,1.34163,1.34338,10362.0
2026-01-12 06:00:00,1.34337,1.34694,1.34295,1.34536,15690.0
2026-01-12 10:00:00,1.34536,1.34859,1.3448,1.34816,16192.0
2026-01-12 14:00:00,1.34815,1.34832,1.34553,1.34642,20253.0
2026-01-12 18:00:00,1.34643,1.34697,1.34571,1.34669,9074.0
2026-01-12 22:00:00,1.34628,1.34771,1.34573,1.34703,7905.0
2026-01-13 02:00:00,1.34699,1.34787,1.34695,1.34723,9888.0
2026-01-13 06:00:00,1.34723,1.34854,1.34625,1.34809,13851.0
2026-01-13 10:00:00,1.34809,1.34946,1.34544,1.34751,16559.0
2026-01-13 14:00:00,1.34751,1.34771,1.3425,1.34336,20548.0
2026-01-13 18:00:00,1.34337,1.3441,1.34219,1.34219,12242.0
2026-01-13 22:00:00,1.34215,1.34283,1.34196,1.34226,5951.0
2026-01-14 02:00:00,1.34226,1.34477,1.34211,1.34355,8581.0
2026-01-14 06:00:00,1.34355,1.34588,1.34344,1.34569,14164.0
2026-01-14 10:00:00,1.34569,1.34586,1.34387,1.34447,15735.0
2026-01-14 14:00:00,1.34446,1.34641,1.34302,1.34318,21243.0
2026-01-14 18:00:00,1.34317,1.34432,1.34246,1.34432,12014.0
2026-01-14 22:00:00,1.34346,1.34447,1.34276,1.34355,8025.0
2026-01-15 02:00:00,1.34354,1.34354,1.34231,1.34271,9467.0
2026-01-15 06:00:00,1.34272,1.34451,1.34235,1.34368,14708.0
2026-01-15 10:00:00,1.34367,1.34386,1.33688,1.33728,15523.0
2026-01-15 14:00:00,1.33729,1.3394,1.33627,1.33875,20498.0
2026-01-15 18:00:00,1.33876,1.33939,1.33746,1.33828,10942.0
2026-01-29 22:00:00,1.37951,1.38147,1.37584,1.37609,14311.0
2026-01-30 02:00:00,1.3761,1.37675,1.37316,1.37557,18986.0
2026-01-30 06:00:00,1.37558,1.37831,1.37253,1.37338,25176.0
2026-01-30 10:00:00,1.37335,1.37878,1.37325,1.37444,24945.0
2026-01-30 14:00:00,1.37445,1.37579,1.36999,1.3709,32610.0
2026-01-30 18:00:00,1.37088,1.37184,1.36794,1.36841,24760.0
2026-02-01 22:00:00,1.36856,1.37059,1.36625,1.36936,19678.0
2026-02-02 02:00:00,1.36936,1.37001,1.36606,1.36721,20452.0
2026-02-02 06:00:00,1.36722,1.37109,1.36617,1.37091,25337.0
2026-02-02 10:00:00,1.3709,1.37153,1.36493,1.36517,22519.0
2026-02-02 14:00:00,1.36516,1.3677,1.36231,1.36599,28429.0
2026-02-02 18:00:00,1.36599,1.36683,1.36437,1.36664,15024.0
2026-02-02 22:00:00,1.36632,1.36863,1.36571,1.36861,8925.0
2026-02-03 02:00:00,1.36861,1.36942,1.36714,1.36894,13713.0
2026-02-03 06:00:00,1.36895,1.37065,1.36664,1.36668,20225.0
2026-02-03 10:00:00,1.36669,1.36898,1.36506,1.36702,19817.0
2026-02-03 14:00:00,1.36702,1.37072,1.36564,1.36957,24862.0
2026-02-03 18:00:00,1.36956,1.37023,1.36732,1.3698,15364.0
2026-02-03 22:00:00,1.36925,1.371,1.3688,1.37066,9143.0
2026-02-04 02:00:00,1.37065,1.37196,1.36967,1.37151,10750.0
2026-02-04 06:00:00,1.3715,1.37333,1.3701,1.37089,15821.0
2026-02-04 10:00:00,1.37086,1.37291,1.36948,1.37132,17312.0
2026-02-04 14:00:00,1.37132,1.37176,1.36432,1.36463,27352.0
2026-02-04 18:00:00,1.36462,1.36636,1.36424,1.3651,15107.0
2026-02-04 22:00:00,1.36593,1.36632,1.3641,1.36481,8742.0
2026-02-05 02:00:00,1.36481,1.36484,1.36164,1.362,14022.0
2026-02-05 06:00:00,1.362,1.36327,1.35568,1.35658,18302.0
2026-02-05 10:00:00,1.35657,1.36154,1.35404,1.35854,24244.0
2026-02-05 14:00:00,1.35854,1.35891,1.35176,1.35512,28567.0
2026-02-05 18:00:00,1.35512,1.35571,1.35246,1.35303,13730.0
2026-02-05 22:00:00,1.35357,1.35429,1.35085,1.354,11317.0
2026-02-06 02:00:00,1.35402,1.35698,1.35401,1.35695,11351.0
2026-02-06 06:00:00,1.35694,1.3582,1.35581,1.35771,16768.0
2026-02-06 10:00:00,1.3577,1.35963,1.35718,1.35887,15246.0
2026-02-06 14:00:00,1.35887,1.36235,1.35875,1.36183,19928.0
2026-02-06 18:00:00,1.36182,1.36231,1.36072,1.36089,10428.0
2026-02-08 22:00:00,1.35902,1.36206,1.3585,1.36012,11837.0
2026-02-09 02:00:00,1.36012,1.36171,1.35908,1.36142,8212.0
2026-02-09 06:00:00,1.3614,1.36289,1.35865,1.36008,18424.0
2026-02-09 10:00:00,1.36007,1.367,1.35937,1.3651,19997.0
2026-02-09 14:00:00,1.36509,1.3691,1.36212,1.36718,21901.0
2026-02-09 18:00:00,1.36717,1.37003,1.36644,1.36975,12026.0
2026-02-09 22:00:00,1.36863,1.36968,1.36722,1.36845,8063.0
2026-02-10 02:00:00,1.36848,1.36962,1.36745,1.36777,9840.0
2026-02-10 06:00:00,1.36773,1.36844,1.36637,1.36682,13857.0
2026-02-10 10:00:00,1.36683,1.36929,1.36579,1.36822,16499.0
2026-02-10 14:00:00,1.36822,1.36967,1.36434,1.36535,21719.0
2026-02-10 18:00:00,1.36536,1.36575,1.36381,1.36393,11857.0
2026-02-10 22:00:00,1.36499,1.36499,1.36314,1.36447,8363.0
2026-02-11 02:00:00,1.36447,1.36702,1.36445,1.36699,9366.0
2026-02-11 06:00:00,1.36698,1.36991,1.36643,1.36956,14025.0
2026-02-11 10:00:00,1.36955,1.37123,1.36095,1.36405,17932.0
2026-02-11 14:00:00,1.36405,1.367,1.36264,1.36578,26556.0
2026-02-11 18:00:00,1.36577,1.3659,1.3619,1.36276,13268.0
2026-02-11 22:00:00,1.36231,1.36401,1.36156,1.364,8550.0
2026-02-12 02:00:00,1.36399,1.3642,1.36175,1.3622,11247.0
2026-02-12 06:00:00,1.36218,1.36539,1.36046,1.36491,15815.0
2026-02-12 10:00:00,1.36492,1.3652,1.36219,1.36502,14400.0
2026-02-12 14:00:00,1.36501,1.36715,1.36161,1.36193,27256.0
2026-02-12 18:00:00,1.36191,1.36266,1.36049,1.36223,14577.0
2026-02-12 22:00:00,1.36172,1.36273,1.36122,1.36168,7759.0
2026-02-13 02:00:00,1.36168,1.36241,1.35996,1.36038,8633.0
2026-02-13 06:00:00,1.36038,1.36297,1.35905,1.36228,15217.0
2026-02-13 10:00:00,1.36228,1.36469,1.35989,1.36334,17761.0
2026-02-13 14:00:00,1.36332,1.36593,1.36069,1.36485,24390.0
2026-02-13 18:00:00,1.36485,1.36581,1.36412,1.36537,12872.0
2026-03-03 22:00:00,1.33577,1.33636,1.33036,1.33255,15573.0
2026-03-04 02:00:00,1.33256,1.33415,1.33111,1.33178,20082.0
2026-03-04 06:00:00,1.33178,1.33763,1.33054,1.33607,24340.0
2026-03-04 10:00:00,1.33606,1.34031,1.33484,1.33627,27366.0
2026-03-04 14:00:00,1.33618,1.33847,1.33465,1.3361,28337.0
2026-03-04 18:00:00,1.3361,1.33806,1.33469,1.33701,13112.0
2026-03-04 22:00:00,1.33712,1.33871,1.33646,1.33672,12454.0
2026-03-05 02:00:00,1.33671,1.33716,1.33135,1.33142,17557.0
2026-03-05 06:00:00,1.33142,1.33768,1.33059,1.33549,26898.0
2026-03-05 10:00:00,1.33548,1.33737,1.33325,1.33455,23636.0
2026-03-05 14:00:00,1.33453,1.33602,1.32975,1.33298,31025.0
2026-03-05 18:00:00,1.33296,1.33656,1.3318,1.33575,22659.0
2026-03-05 22:00:00,1.33537,1.33715,1.3325,1.33653,12476.0
2026-03-06 02:00:00,1.33651,1.33731,1.33554,1.33562,13250.0
2026-03-06 06:00:00,1.33562,1.33793,1.33179,1.33239,20759.0
2026-03-06 10:00:00,1.33239,1.33886,1.33115,1.33387,27821.0
2026-03-06 14:00:00,1.33372,1.34096,1.33253,1.33869,36201.0
2026-03-06 18:00:00,1.33869,1.34082,1.3378,1.34082,23106.0
2026-03-08 21:00:00,1.33324,1.33531,1.32965,1.33001,17732.0
2026-03-09 01:00:00,1.33001,1.33105,1.32831,1.32978,23084.0
2026-03-09 05:00:00,1.32978,1.3351,1.32961,1.33187,29616.0
2026-03-09 09:00:00,1.33196,1.33636,1.33139,1.33526,29915.0
2026-03-09 13:00:00,1.33535,1.34086,1.33461,1.33907,31349.0
2026-03-09 17:00:00,1.33907,1.3446,1.33823,1.34438,23311.0
2026-03-09 21:00:00,1.34262,1.34477,1.3418,1.34352,12544.0
2026-03-10 01:00:00,1.34353,1.34393,1.34135,1.34247,18375.0
2026-03-10 05:00:00,1.34247,1.34833,1.34244,1.34593,20835.0
2026-03-10 09:00:00,1.34594,1.34687,1.34303,1.34415,24545.0
2026-03-10 13:00:00,1.34414,1.34728,1.34375,1.34627,27257.0
2026-03-10 17:00:00,1.34628,1.34809,1.34121,1.34165,25604.0
2026-03-10 21:00:00,1.34167,1.34373,1.34104,1.34306,8845.0
2026-03-11 01:00:00,1.34307,1.34576,1.34264,1.34542,12144.0
2026-03-11 05:00:00,1.34543,1.34566,1.34098,1.34268,18577.0
2026-03-11 09:00:00,1.34272,1.34495,1.33946,1.33986,24404.0
2026-03-11 13:00:00,1.33993,1.34434,1.33935,1.34102,29264.0
2026-03-11 17:00:00,1.34101,1.34224,1.33987,1.34113,15359.0
2026-03-11 21:00:00,1.34099,1.34129,1.33699,1.33832,9785.0
2026-03-12 01:00:00,1.33833,1.33973,1.33613,1.33629,12226.0
2026-03-12 05:00:00,1.33628,1.33977,1.33616,1.33798,16805.0
2026-03-12 09:00:00,1.338,1.34097,1.33678,1.33783,19897.0
2026-03-12 13:00:00,1.33783,1.33917,1.33381,1.33479,31641.0
2026-03-12 17:00:00,1.33479,1.33615,1.33401,1.3346,19660.0
2026-03-12 21:00:00,1.3341,1.33649,1.33335,1.33637,7817.0
2026-03-13 01:00:00,1.33639,1.33696,1.33296,1.33318,11085.0
2026-03-13 05:00:00,1.33319,1.33376,1.32555,1.32619,19451.0
2026-03-13 09:00:00,1.32618,1.32858,1.32455,1.3274,24535.0
2026-03-13 13:00:00,1.32732,1.32895,1.32304,1.32451,29344.0
2026-03-13 17:00:00,1.3245,1.3253,1.32185,1.32202,18118.0
2026-03-15 21:00:00,1.32316,1.32643,1.32198,1.32634,11711.0
2026-03-16 01:00:00,1.32636,1.32662,1.32473,1.32511,11918.0
2026-03-16 05:00:00,1.32512,1.32566,1.323,1.3252,16157.0
2026-03-16 09:00:00,1.32519,1.329,1.32413,1.32792,20166.0
2026-03-16 13:00:00,1.32793,1.33173,1.32788,1.33042,24062.0
2026-03-16 17:00:00,1.33043,1.33398,1.33001,1.33191,17963.0
2026-03-16 21:00:00,1.33184,1.332,1.32997,1.33022,7103.0
2026-03-17 01:00:00,1.33021,1.33154,1.32954,1.33114,12258.0
2026-03-17 05:00:00,1.33114,1.33313,1.32734,1.33295,18264.0
2026-03-17 09:00:00,1.33296,1.33396,1.33116,1.33333,19137.0
2026-03-17 13:00:00,1.33332,1.336,1.33327,1.33473,25699.0
2026-03-17 17:00:00,1.33473,1.33646,1.33444,1.33575,13530.0
2026-03-17 21:00:00,1.33532,1.33634,1.33509,1.33526,11312.0
2026-03-18 01:00:00,1.33527,1.33652,1.33504,1.33637,9454.0
2026-03-18 05:00:00,1.33638,1.33745,1.33413,1.33499,12863.0
2026-03-18 09:00:00,1.33493,1.33712,1.33125,1.33154,20264.0
2026-03-18 13:00:00,1.33153,1.33373,1.33028,1.33354,27115.0
2026-03-18 17:00:00,1.33356,1.33505,1.3252,1.32556,23022.0
2026-04-01 21:00:00,1.33026,1.33147,1.329,1.33121,12352.0
2026-04-02 01:00:00,1.33123,1.33207,1.32296,1.3236,38306.0
2026-04-02 05:00:00,1.3236,1.3238,1.31959,1.32013,30656.0
2026-04-02 09:00:00,1.32014,1.32188,1.31816,1.32143,29699.0
2026-04-02 13:00:00,1.32143,1.32514,1.32018,1.32315,49521.0
2026-04-02 17:00:00,1.32315,1.32426,1.32208,1.32264,22850.0
2026-04-02 21:00:00,1.32174,1.32377,1.32125,1.32345,6206.0
2026-04-03 01:00:00,1.32346,1.32349,1.32218,1.32268,5974.0
2026-04-03 05:00:00,1.32268,1.32428,1.32222,1.32383,7202.0
2026-04-03 09:00:00,1.32381,1.32392,1.32033,1.32127,11342.0
2026-04-03 13:00:00,1.32127,1.322,1.31946,1.31971,16458.0
2026-04-03 17:00:00,1.31971,1.32098,1.31831,1.31967,12510.0
2026-04-05 21:00:00,1.31876,1.31983,1.31781,1.31972,13897.0
2026-04-06 01:00:00,1.31971,1.32182,1.31907,1.32126,19464.0
2026-04-06 05:00:00,1.32127,1.32592,1.32094,1.32491,22658.0
2026-04-06 09:00:00,1.32492,1.32558,1.32327,1.32457,22924.0
2026-04-06 13:00:00,1.32456,1.32686,1.32239,1.32348,33739.0
2026-04-06 17:00:00,1.32348,1.32445,1.3218,1.32361,21195.0
2026-04-06 21:00:00,1.32385,1.32425,1.32294,1.32311,10029.0
2026-04-07 01:00:00,1.32312,1.32353,1.32116,1.32328,17694.0
2026-04-07 05:00:00,1.32328,1.32852,1.32187,1.32831,30838.0
2026-04-07 09:00:00,1.32832,1.32841,1.32364,1.32506,36098.0
2026-04-07 13:00:00,1.32506,1.32669,1.32359,1.32503,43781.0
2026-04-07 17:00:00,1.32504,1.33002,1.32472,1.32926,33694.0
2026-04-07 21:00:00,1.32885,1.34104,1.32827,1.33881,35600.0
2026-04-08 01:00:00,1.33879,1.34175,1.33865,1.3416,31849.0
2026-04-08 05:00:00,1.34159,1.34458,1.34066,1.3428,40163.0
2026-04-08 09:00:00,1.34279,1.34845,1.34203,1.34734,35543.0
2026-04-08 13:00:00,1.34733,1.34822,1.342,1.34244,45901.0
2026-04-08 17:00:00,1.34245,1.34282,1.3381,1.33948,30600.0
2026-04-08 21:00:00,1.33965,1.34031,1.33853,1.3391,11030.0
2026-04-09 01:00:00,1.33909,1.34063,1.33813,1.33992,18265.0
2026-04-09 05:00:00,1.33993,1.34075,1.33809,1.34036,25641.0
2026-04-09 09:00:00,1.34036,1.34304,1.33957,1.34161,25526.0
2026-04-09 13:00:00,1.34162,1.34558,1.34038,1.34448,39504.0
2026-04-09 17:00:00,1.34448,1.34585,1.34298,1.34349,24564.0
2026-04-09 21:00:00,1.34314,1.3437,1.34209,1.34253,8895.0
2026-04-10 01:00:00,1.34253,1.34321,1.34202,1.34215,12134.0
2026-04-10 05:00:00,1.34214,1.34286,1.34106,1.34209,18841.0
2026-04-10 09:00:00,1.34208,1.34686,1.34174,1.34583,24784.0
2026-04-10 13:00:00,1.34584,1.34793,1.34479,1.34562,35810.0
2026-04-10 17:00:00,1.34561,1.3472,1.34533,1.34606,19386.0
2026-04-12 21:00:00,1.33891,1.34068,1.3381,1.34023,14186.0
2026-04-13 01:00:00,1.34024,1.34094,1.33983,1.3405,14240.0
2026-04-13 05:00:00,1.3405,1.34342,1.34018,1.34279,22220.0
2026-04-13 09:00:00,1.34279,1.34428,1.34158,1.3436,23489.0
2026-04-13 13:00:00,1.3436,1.34828,1.34345,1.3474,39864.0
2026-04-13 17:00:00,1.3474,1.35087,1.3474,1.35065,20124.0
2026-04-13 21:00:00,1.34992,1.35165,1.34932,1.35148,8239.0
2026-04-14 01:00:00,1.35148,1.35217,1.35034,1.35192,12402.0
2026-04-14 05:00:00,1.35193,1.35393,1.3511,1.35377,25138.0
2026-04-14 09:00:00,1.35377,1.35898,1.35338,1.35869,26822.0
2026-04-14 13:00:00,1.35869,1.35888,1.35583,1.35675,33803.0
2026-04-14 17:00:00,1.35675,1.3573,1.35606,1.35643,17155.0
2026-04-14 21:00:00,1.357,1.35795,1.3555,1.35734,10585.0
2026-04-15 01:00:00,1.35734,1.35776,1.35572,1.35675,14293.0
2026-04-15 05:00:00,1.35675,1.35785,1.35554,1.35642,22854.0
2026-04-15 09:00:00,1.35642,1.35698,1.35434,1.3555,29398.0
2026-04-15 13:00:00,1.35551,1.3579,1.35528,1.35734,33830.0
2026-04-15 17:00:00,1.35734,1.35766,1.3559,1.35629,17910.0
2026-04-15 21:00:00,1.35629,1.35749,1.35541,1.35739,6702.0
2026-04-16 01:00:00,1.35738,1.35947,1.35611,1.35765,15687.0
2026-04-16 05:00:00,1.35766,1.35815,1.35474,1.35506,24757.0
2026-04-16 09:00:00,1.35505,1.35537,1.35316,1.35467,22467.0
2026-04-16 13:00:00,1.35467,1.35549,1.35165,1.35288,35086.0
2026-04-16 17:00:00,1.35288,1.35349,1.35216,1.35264,19582.0
2026-04-16 21:00:00,1.35225,1.35367,1.35189,1.35207,8157.0
2026-04-17 01:00:00,1.35208,1.35274,1.35143,1.35225,12569.0
2026-04-17 05:00:00,1.35225,1.35341,1.35046,1.35308,20866.0
2026-04-17 09:00:00,1.35308,1.35857,1.35193,1.35834,26803.0
2026-04-17 13:00:00,1.35832,1.35994,1.35444,1.35537,48258.0
2026-04-17 17:00:00,1.35538,1.35548,1.35133,1.35166,25741.0
2026-05-03 21:00:00,1.35838,1.36035,1.35752,1.35867,8812.0
2026-05-04 01:00:00,1.35866,1.36014,1.35764,1.35878,18072.0
2026-05-04 05:00:00,1.35879,1.35985,1.35593,1.35609,25717.0
2026-05-04 09:00:00,1.35609,1.35664,1.35232,1.35572,35241.0
2026-05-04 13:00:00,1.35572,1.35693,1.35124,1.3519,43631.0
2026-05-04 17:00:00,1.3519,1.35423,1.35188,1.35303,23467.0
2026-05-04 21:00:00,1.35266,1.35348,1.35186,1.35247,7149.0
2026-05-05 01:00:00,1.35247,1.35321,1.35149,1.35157,11887.0
2026-05-05 05:00:00,1.35156,1.35505,1.35138,1.35421,24295.0
2026-05-05 09:00:00,1.35421,1.35513,1.35309,1.35439,26662.0
2026-05-05 13:00:00,1.35438,1.35784,1.35435,1.3556,32966.0
2026-05-05 17:00:00,1.3556,1.35592,1.35377,1.35378,14956.0
2026-05-05 21:00:00,1.35386,1.35799,1.35342,1.35748,12716.0
2026-05-06 01:00:00,1.35747,1.35956,1.35633,1.35895,22539.0
2026-05-06 05:00:00,1.35895,1.36344,1.35811,1.36259,29860.0
2026-05-06 09:00:00,1.36259,1.36435,1.36076,1.36116,38968.0
2026-05-06 13:00:00,1.36116,1.36194,1.35786,1.35835,37210.0
2026-05-06 17:00:00,1.35835,1.35994,1.35815,1.35929,18286.0
2026-05-06 21:00:00,1.3587,1.35993,1.35847,1.35922,9713.0
2026-05-07 01:00:00,1.35922,1.36083,1.35904,1.35976,16736.0
2026-05-07 05:00:00,1.35976,1.36244,1.3591,1.36221,26450.0
2026-05-07 09:00:00,1.36222,1.36305,1.36095,1.36235,25413.0
2026-05-07 13:00:00,1.36235,1.36323,1.35906,1.35942,35367.0
2026-05-07 17:00:00,1.35941,1.35952,1.35464,1.35505,28640.0
2026-05-07 21:00:00,1.35505,1.35611,1.35463,1.3551,9040.0
2026-05-08 01:00:00,1.35509,1.35684,1.35498,1.35651,16518.0
2026-05-08 05:00:00,1.35651,1.36152,1.3565,1.36135,24033.0
2026-05-08 09:00:00,1.36135,1.36243,1.36003,1.36139,24555.0
2026-05-08 13:00:00,1.36139,1.36311,1.36062,1.36173,32171.0
2026-05-08 17:00:00,1.36172,1.36364,1.36163,1.36302,16362.0
2026-05-10 21:00:00,1.3547,1.36011,1.3547,1.35991,9889.0
2026-05-11 01:00:00,1.35991,1.36009,1.35791,1.3581,14588.0
2026-05-11 05:00:00,1.3581,1.36145,1.35799,1.36077,20879.0
2026-05-11 09:00:00,1.36077,1.36157,1.35857,1.3611,23939.0
2026-05-11 13:00:00,1.36112,1.36533,1.36109,1.36412,30107.0
2026-05-11 17:00:00,1.36411,1.36453,1.3607,1.36096,18258.0
2026-05-11 21:00:00,1.36098,1.36101,1.3593,1.35939,8190.0
2026-05-12 01:00:00,1.35939,1.35956,1.35799,1.35846,17254.0
2026-05-12 05:00:00,1.35846,1.35861,1.35022,1.35302,30033.0
2026-05-12 09:00:00,1.35302,1.35532,1.35131,1.35373,31037.0
2026-05-12 13:00:00,1.35372,1.35429,1.35003,1.3518,40544.0
2026-05-12 17:00:00,1.3518,1.35442,1.35162,1.354,21540.0
2026-05-12 21:00:00,1.35379,1.35426,1.35277,1.35367,7625.0
2026-05-13 01:00:00,1.35367,1.35463,1.35285,1.35341,15402.0
2026-05-13 05:00:00,1.35341,1.35513,1.35189,1.35244,23942.0
2026-05-13 09:00:00,1.35244,1.35245,1.34845,1.34901,28502.0
2026-05-13 13:00:00,1.34902,1.35293,1.34902,1.35151,32123.0
2026-05-13 17:00:00,1.35151,1.35267,1.3511,1.35236,17731.0
2026-05-13 21:00:00,1.35194,1.35327,1.35154,1.35297,7315.0
2026-05-14 01:00:00,1.35297,1.35328,1.35208,1.35281,14222.0
2026-05-14 05:00:00,1.35282,1.35324,1.35034,1.35197,21302.0
2026-05-14 09:00:00,1.35198,1.35206,1.34958,1.35077,22519.0
2026-05-14 13:00:00,1.35076,1.35128,1.3432,1.3443,34072.0
2026-05-14 17:00:00,1.34431,1.34462,1.33951,1.33998,19864.0
2026-05-14 21:00:00,1.34024,1.34039,1.33744,1.33804,10008.0
2026-05-15 01:00:00,1.33803,1.33821,1.33631,1.33635,18342.0
2026-05-15 05:00:00,1.33635,1.33755,1.3335,1.33457,32447.0
2026-05-15 09:00:00,1.3346,1.33934,1.33281,1.33534,31589.0
2026-05-15 13:00:00,1.33534,1.33633,1.33164,1.33307,39571.0
2026-05-15 17:00:00,1.33308,1.33385,1.33152,1.33221,21573.0
2026-05-17 21:00:00,1.33148,1.33235,1.33048,1.33088,13054.0
2026-05-18 01:00:00,1.33088,1.33195,1.33023,1.33155,21749.0
2026-05-18 05:00:00,1.33156,1.33844,1.33132,1.33772,27068.0
2026-05-18 09:00:00,1.33772,1.3403,1.33465,1.33953,31710.0
2026-05-18 13:00:00,1.33952,1.34496,1.33801,1.34291,41156.0
2026-05-18 17:00:00,1.34294,1.3439,1.34004,1.34347,27303.0
2026-05-18 21:00:00,1.343,1.34374,1.34189,1.34195,9579.0
2026-05-19 01:00:00,1.34193,1.34253,1.34061,1.34062,20431.0
2026-05-19 05:00:00,1.34061,1.34179,1.33893,1.33927,27791.0
2026-05-19 09:00:00,1.33927,1.34195,1.33872,1.34076,28938.0
2026-05-19 13:00:00,1.34071,1.34075,1.33784,1.33993,40667.0
2026-05-19 17:00:00,1.33993,1.34122,1.33934,1.33948,20790.0
2026-06-03 21:00:00,1.34176,1.34319,1.34102,1.34257,10420.0
2026-06-04 01:00:00,1.34256,1.34314,1.34174,1.3431,15006.0
2026-06-04 05:00:00,1.3431,1.34355,1.34116,1.343,19926.0
2026-06-04 09:00:00,1.34299,1.34625,1.34298,1.3456,24564.0
2026-06-04 13:00:00,1.3456,1.34574,1.34299,1.34352,28965.0
2026-06-04 17:00:00,1.34352,1.34363,1.34205,1.34233,12591.0
2026-06-04 21:00:00,1.34222,1.34293,1.34163,1.34236,9063.0
2026-06-05 01:00:00,1.34236,1.34317,1.3416,1.34293,17354.0
2026-06-05 05:00:00,1.34294,1.3458,1.34238,1.34554,19167.0
2026-06-05 09:00:00,1.34554,1.34832,1.34041,1.34045,24924.0
2026-06-05 13:00:00,1.34045,1.34219,1.33407,1.33559,41665.0
2026-06-05 17:00:00,1.33559,1.33571,1.33302,1.33338,23478.0
2026-06-07 21:00:00,1.33233,1.33491,1.33136,1.33489,10013.0
2026-06-08 01:00:00,1.33491,1.33504,1.33187,1.33397,21254.0
2026-06-08 05:00:00,1.33397,1.33488,1.33199,1.33213,30490.0
2026-06-08 09:00:00,1.33214,1.33697,1.33059,1.33506,31586.0
2026-06-08 13:00:00,1.33506,1.33651,1.33353,1.33434,37373.0
2026-06-08 17:00:00,1.33433,1.33524,1.33378,1.33385,20157.0
2026-06-08 21:00:00,1.33405,1.33437,1.33307,1.33363,9551.0
2026-06-09 01:00:00,1.33364,1.33629,1.33355,1.33603,16780.0
2026-06-09 05:00:00,1.33603,1.33827,1.33558,1.33799,23720.0
2026-06-09 09:00:00,1.338,1.34078,1.3379,1.34037,18323.0
2026-06-09 13:00:00,1.34036,1.34109,1.33584,1.33716,42635.0
2026-06-09 17:00:00,1.33716,1.33908,1.33708,1.33788,26135.0
2026-06-09 21:00:00,1.33704,1.33811,1.33627,1.33787,10350.0
2026-06-10 01:00:00,1.33787,1.33908,1.33723,1.33821,19130.0
2026-06-10 05:00:00,1.33821,1.33973,1.33799,1.33862,24062.0
2026-06-10 09:00:00,1.33863,1.34086,1.33761,1.33892,31970.0
2026-06-10 13:00:00,1.33893,1.34235,1.33713,1.33894,44411.0
2026-06-10 17:00:00,1.33894,1.33965,1.33667,1.33671,25078.0
2026-06-10 21:00:00,1.33681,1.33718,1.33498,1.33706,18967.0
2026-06-11 01:00:00,1.33706,1.33918,1.33697,1.33836,20784.0
2026-06-11 05:00:00,1.33836,1.33917,1.33612,1.33631,21776.0
2026-06-11 09:00:00,1.33634,1.33693,1.33404,1.33613,25767.0
2026-06-11 13:00:00,1.33612,1.33624,1.33245,1.33332,37662.0
2026-06-11 17:00:00,1.33332,1.34334,1.33264,1.34157,37348.0
2026-06-11 21:00:00,1.34115,1.34263,1.34013,1.34084,13699.0
2026-06-12 01:00:00,1.34085,1.34179,1.33997,1.34113,20112.0
2026-06-12 05:00:00,1.34112,1.34194,1.33835,1.34134,29824.0
2026-06-12 09:00:00,1.34134,1.34257,1.33896,1.33934,28549.0
2026-06-12 13:00:00,1.33934,1.34239,1.33903,1.34153,40813.0
2026-06-12 17:00:00,1.34154,1.34219,1.34016,1.34035,20731.0
2026-06-14 21:00:00,1.33983,1.34611,1.3398,1.3444,13426.0
2026-06-15 01:00:00,1.3444,1.3451,1.34329,1.34502,13967.0
2026-06-15 05:00:00,1.34503,1.34602,1.34185,1.34228,21466.0
2026-06-15 09:00:00,1.34229,1.34342,1.3417,1.34297,21833.0
2026-06-15 13:00:00,1.34298,1.34445,1.34239,1.34293,27030.0
2026-06-15 17:00:00,1.34293,1.34314,1.3406,1.34118,17796.0
2026-06-15 21:00:00,1.34112,1.34169,1.34028,1.34137,8529.0
2026-06-16 01:00:00,1.34138,1.3418,1.33909,1.33972,14374.0
2026-06-16 05:00:00,1.33972,1.3424,1.33905,1.34238,19050.0
2026-06-16 09:00:00,1.34239,1.34316,1.34076,1.3416,20672.0
2026-06-16 13:00:00,1.3416,1.34432,1.34031,1.34293,27948.0
2026-06-16 17:00:00,1.34293,1.34329,1.34218,1.34259,14914.0
2026-06-16 21:00:00,1.34255,1.34324,1.34171,1.34307,12905.0
2026-06-17 01:00:00,1.34307,1.34337,1.34247,1.34311,9986.0
2026-06-17 05:00:00,1.3431,1.34383,1.34082,1.34169,17495.0
2026-06-17 09:00:00,1.34169,1.34197,1.33996,1.34151,17847.0
2026-06-17 13:00:00,1.34151,1.34184,1.33848,1.33964,24932.0
2026-06-17 17:00:00,1.33964,1.34035,1.32621,1.32942,43452.0
2026-06-17 21:00:00,1.32881,1.33179,1.32763,1.33065,10834.0
2026-06-18 01:00:00,1.33065,1.33197,1.33061,1.33144,16583.0
2026-06-18 05:00:00,1.33143,1.3325,1.32413,1.32452,25103.0
2026-06-18 09:00:00,1.32452,1.32501,1.32052,1.32333,29747.0
2026-06-18 13:00:00,1.32333,1.32535,1.3211,1.32212,37655.0
2026-06-18 17:00:00,1.32212,1.32303,1.31932,1.32042,21054.0
2026-06-18 21:00:00,1.32031,1.32114,1.31958,1.32092,8089.0
2026-06-19 01:00:00,1.32091,1.32108,1.31682,1.317,16139.0
2026-06-19 05:00:00,1.31699,1.32329,1.31631,1.32324,22349.0
2026-06-19 09:00:00,1.32325,1.32407,1.32231,1.32351,22169.0
2026-06-19 13:00:00,1.32352,1.32364,1.32137,1.32284,20101.0
2026-06-19 17:00:00,1.32285,1.32385,1.32176,1.32201,19825.0
2026-07-01 21:00:00,1.32748,1.32835,1.32626,1.32782,7930.0
2026-07-02 01:00:00,1.32781,1.32949,1.32772,1.32892,17158.0
2026-07-02 05:00:00,1.32892,1.3363,1.32863,1.33573,30151.0
2026-07-02 09:00:00,1.33572,1.33831,1.3297,1.33647,32283.0
2026-07-02 13:00:00,1.33646,1.33847,1.3349,1.3353,44474.0
2026-07-02 17:00:00,1.33529,1.33538,1.33379,1.3347,22151.0
2026-07-02 21:00:00,1.33445,1.33498,1.33346,1.33479,8932.0
2026-07-03 01:00:00,1.33479,1.33664,1.33466,1.3365,18243.0
2026-07-03 05:00:00,1.3365,1.33811,1.33571,1.33602,23500.0
2026-07-03 09:00:00,1.33602,1.33639,1.33492,1.33559,17605.0
2026-07-03 13:00:00,1.33559,1.33587,1.33459,1.33548,16761.0
2026-07-03 17:00:00,1.33548,1.33583,1.3346,1.33491,27185.0
2026-07-05 21:00:00,1.33403,1.33566,1.33393,1.33529,11056.0
2026-07-06 01:00:00,1.33528,1.33542,1.33392,1.3343,17427.0
2026-07-06 05:00:00,1.3343,1.33502,1.33287,1.33377,22106.0
2026-07-06 09:00:00,1.33377,1.33517,1.33313,1.33423,20884.0
2026-07-06 13:00:00,1.33424,1.33767,1.33412,1.33756,24864.0
2026-07-06 17:00:00,1.33756,1.3397,1.3375,1.33891,12918.0
2026-07-06 21:00:00,1.3382,1.34015,1.33723,1.33881,8516.0
2026-07-07 01:00:00,1.33881,1.34018,1.3388,1.33891,18367.0
2026-07-07 05:00:00,1.33891,1.33939,1.3375,1.33915,22630.0
2026-07-07 09:00:00,1.33915,1.33942,1.33694,1.33853,19966.0
2026-07-07 13:00:00,1.33855,1.33868,1.33609,1.3371,29660.0
2026-07-07 17:00:00,1.33711,1.33763,1.33487,1.33578,18447.0
2026-07-07 21:00:00,1.33473,1.33575,1.3343,1.33526,9852.0
2026-07-08 01:00:00,1.33527,1.33591,1.33423,1.33535,21142.0
2026-07-08 05:00:00,1.33534,1.33702,1.33374,1.33396,32548.0
2026-07-08 09:00:00,1.33396,1.33571,1.3322,1.3341,33553.0
2026-07-08 13:00:00,1.3341,1.33859,1.33405,1.33849,38738.0
2026-07-08 17:00:00,1.33849,1.34103,1.33847,1.33883,22878.0
2026-07-08 21:00:00,1.33848,1.34042,1.338,1.33978,7804.0
2026-07-09 01:00:00,1.33977,1.34006,1.33867,1.3399,16590.0
2026-07-09 05:00:00,1.3399,1.34309,1.33987,1.34126,22765.0
2026-07-09 09:00:00,1.34125,1.34158,1.33807,1.33846,22775.0
2026-07-09 13:00:00,1.33845,1.34119,1.33845,1.34097,27116.0
2026-07-09 17:00:00,1.34096,1.34192,1.34046,1.34081,14040.0
2026-07-09 21:00:00,1.34043,1.34249,1.33909,1.34227,6428.0
2026-07-10 01:00:00,1.34226,1.34518,1.34198,1.34306,20141.0
2026-07-10 05:00:00,1.34305,1.34361,1.34086,1.34099,22089.0
2026-07-10 09:00:00,1.34098,1.34376,1.34091,1.34211,23140.0
2026-07-10 13:00:00,1.34211,1.34233,1.33919,1.34112,29583.0
2026-07-10 17:00:00,1.34111,1.34127,1.33926,1.33975,16375.0
2026-07-12 21:00:00,1.33862,1.33874,1.3369,1.33763,14077.0
2026-07-13 01:00:00,1.33762,1.3385,1.33667,1.33839,24646.0
2026-07-13 05:00:00,1.3384,1.34117,1.33743,1.33945,30935.0
2026-07-13 09:00:00,1.33945,1.34025,1.33816,1.33989,26003.0
2026-07-13 13:00:00,1.33989,1.34024,1.33576,1.33631,36048.0
2026-07-13 17:00:00,1.33631,1.33664,1.33424,1.33452,20918.0
2026-07-13 21:00:00,1.33465,1.33574,1.33417,1.33516,12050.0
2026-07-14 01:00:00,1.33516,1.33641,1.33508,1.33591,23663.0
2026-07-14 05:00:00,1.33591,1.33766,1.33514,1.33745,26812.0
2026-07-14 09:00:00,1.33745,1.34434,1.33662,1.34093,32347.0
2026-07-14 13:00:00,1.34094,1.34231,1.33756,1.3389,42384.0
2026-07-14 17:00:00,1.3389,1.33919,1.33681,1.33909,22176.0
2026-07-14 21:00:00,1.33805,1.34041,1.33725,1.34032,8674.0
2026-07-15 01:00:00,1.34032,1.34092,1.33985,1.34025,16934.0
2026-07-15 05:00:00,1.34026,1.342,1.33909,1.33962,22795.0
2026-07-15 09:00:00,1.33961,1.34302,1.33807,1.34283,24564.0
2026-07-15 13:00:00,1.34283,1.35283,1.34219,1.35261,35110.0
2026-07-15 17:00:00,1.35261,1.35581,1.35259,1.35369,23559.0
2026-07-15 21:00:00,1.35302,1.35443,1.35248,1.35337,8558.0
2026-07-16 01:00:00,1.35337,1.3538,1.35198,1.35325,17247.0
2026-07-16 05:00:00,1.35325,1.35424,1.35189,1.35208,23115.0
2026-07-16 09:00:00,1.35209,1.35212,1.34937,1.34977,24838.0
2026-07-16 13:00:00,1.34977,1.35172,1.34653,1.3466,32818.0
2026-07-16 17:00:00,1.34659,1.34798,1.34595,1.34797,17206.0
2026-07-16 21:00:00,1.34771,1.34785,1.34696,1.3477,8085.0
2026-07-17 01:00:00,1.34771,1.34798,1.34572,1.3459,19719.0
2026-07-17 05:00:00,1.34591,1.34807,1.34419,1.3443,24903.0
2026-07-17 09:00:00,1.34429,1.34466,1.34262,1.34316,25093.0
2026-07-17 13:00:00,1.34318,1.34558,1.34283,1.34558,32878.0
2026-07-17 17:00:00,1.34559,1.346,1.34511,1.34545,17540.0
2026-07-19 21:00:00,1.34423,1.34519,1.34339,1.34507,10153.0
2026-07-20 01:00:00,1.34509,1.34678,1.34487,1.34662,16965.0
