date,direction,h4b,h1b,hdb,h4_slope,orb_range_atr,frb_short_day,breaks_pdl,breaks_pdh,ret4bar,dow,month,adr_at_nyorb,entry,sl,tp1,sl_dist,reward,bars_held,win,rng_bin
2020-01-27,long,1,1,0,1,1.3601047383601037,0,0,1,3.428983195943547,0,1,6.677066004296254,1582.17053,1579.20996,1584.489992,2.960570000000189,2.3194619999999304,5,1,>1.0
2020-01-30,long,1,1,1,1,1.5171115756424043,0,0,1,3.133106414547269,3,1,11.063738302694457,1582.11426,1577.70996,1582.63012,4.404300000000148,0.5158599999999751,4,1,>1.0
2020-01-31,short,-1,-1,1,-1,1.2959952358861655,1,0,0,-0.6709435985702243,4,1,12.482435984517997,1571.55005,1573.66003,1570.33997,2.1099799999999505,1.2100800000000618,5,0,>1.0
2020-02-04,short,-1,-1,1,-1,1.0193866146184047,0,0,0,-1.1828122244894104,1,2,7.226536708009605,1575.077271,1577.87,1574.5299,2.792728999999781,0.547371000000112,4,1,>1.0
2020-02-05,short,-1,1,1,-1,0.9915246926192219,1,1,0,-2.807334745646338,2,2,10.591817105983942,1553.44995,1557.78271,1553.03735,4.3327600000000075,0.41259999999988395,1,1,0.7-1.0
2020-02-06,short,-1,-1,-1,-1,1.3853347379387089,1,0,0,-1.537175581084588,3,2,6.019150007462853,1553.42468,1555.98682,1552.4130799999998,2.5621399999999994,1.0116000000002714,7,0,>1.0
2020-02-07,long,1,1,-1,1,0.4840444159880914,1,0,1,1.9499603017314187,4,2,5.873599157696788,1568.12695,1566.83838,1568.761718,1.2885700000001634,0.6347679999998945,1,1,0.3-0.5
2020-02-10,long,1,1,-1,1,0.863852854557428,0,0,0,1.1707841196592375,0,2,8.03201437437119,1570.56995,1568.74353,1571.6065700000001,1.8264200000000983,1.0366200000000845,4,1,0.7-1.0
2020-02-11,long,1,-1,1,1,1.7166862556132354,1,0,0,0.5443113382123977,1,2,9.992310564234566,1568.99231,1566.90002,1570.2528200000002,2.092290000000048,1.2605100000000675,11,0,>1.0
2020-02-12,short,-1,-1,1,-1,1.137634136529583,1,0,0,-1.137617647883916,2,2,11.8512049668245,1567.28003,1568.84998,1566.97008,1.5699500000000626,0.3099499999998443,1,1,>1.0
2020-02-13,long,1,1,1,1,2.1969729351229583,0,0,1,1.0239550239615487,3,2,9.147037387064572,1574.6543,1570.599976,1575.817024,4.054323999999951,1.1627240000000256,17,1,>1.0
2020-02-14,long,1,-1,-1,1,1.4280058812217495,0,0,0,0.46035969664158827,4,2,8.120689137201182,1574.49731,1572.69995,1575.6301300000002,1.797360000000026,1.1328200000002653,8,1,>1.0
2020-02-17,long,1,1,1,1,1.1960992081033985,0,0,0,0.4645002959154572,0,2,5.512005204993711,1582.79504,1581.33997,1583.64295,1.4550699999999779,0.8479099999999562,15,0,>1.0
2020-02-18,long,1,1,1,1,0.9309940439833883,0,0,1,0.8527774487417914,1,2,6.033861549416302,1587.28943,1585.91919,1587.88085,1.370239999999967,0.591419999999971,6,0,0.7-1.0
2020-02-19,long,1,1,1,1,1.7808734262584214,1,0,1,1.828320007779312,2,2,15.191569321536017,1602.97388,1600.82544,1603.8545,2.148439999999937,0.880619999999908,2,1,>1.0
2020-02-20,long,1,1,1,1,1.691304211339834,0,0,1,0.759373773132516,3,2,5.82105126449549,1611.18274,1608.37012,1613.2299779999998,2.8126199999999244,2.0472379999998793,2,1,>1.0
2020-02-21,long,1,1,1,1,1.0296708902345373,1,0,1,1.1073575917524,4,2,6.406864866587144,1625.025024,1623.10999,1626.2601300000001,1.9150340000001052,1.235106000000087,2,1,>1.0
2020-02-24,long,1,1,1,1,1.9488610161872926,0,0,1,1.7457056145370355,0,2,10.546596925342154,1663.43823,1658.61292,1666.30994,4.825309999999945,2.871710000000121,7,1,>1.0
2020-02-26,long,1,-1,1,-1,1.3674350536193292,1,0,0,0.028234278059511765,2,2,11.299269790594368,1642.70923,1637.84497,1643.59497,4.864259999999831,0.885740000000169,1,1,>1.0
2020-02-27,long,1,1,1,1,1.0916896866673125,1,0,0,0.40666703042889324,3,2,10.468766397706563,1650.49255,1646.06018,1651.45984,4.432369999999992,0.9672900000000482,3,1,>1.0
2020-02-28,short,-1,-1,1,1,1.3410926312647007,1,0,0,-1.2212296893360375,4,2,6.231785003527003,1639.030029,1646.15479,1637.4052699999997,7.124761000000035,1.6247590000002674,1,1,>1.0
2020-03-03,short,-1,1,-1,-1,1.0370327049603587,1,0,0,-1.7523562589153638,1,3,7.072819541249249,1595.8291,1599.550049,1594.5397910000002,3.7209490000000187,1.2893089999997756,2,1,>1.0
2020-03-04,long,1,1,-1,1,1.4728521618589276,0,0,1,1.0201019823626447,2,3,18.762774299371255,1646.67004,1641.5091553,1650.5279447,5.160884699999997,3.857904700000063,4,0,>1.0
2020-03-05,long,1,1,-1,1,0.8771424431768498,1,0,0,1.4174646289004353,3,3,4.831890987528318,1640.17004,1638.13,1641.3900199999998,2.0400399999998626,1.2199799999998504,10,0,0.7-1.0
2020-03-06,long,1,1,1,1,0.612917236148103,1,0,1,0.550487082618358,4,3,7.768295868614118,1671.73999,1669.62,1673.25988,2.1199900000001435,1.5198900000000322,1,1,0.5-0.7
2020-03-13,short,-1,-1,1,-1,0.8089935466607737,0,1,0,-0.9055782058159051,4,3,10.310883688937851,1558.31995,1566.1297901004446,1556.1699299999998,7.8098401004444895,2.150020000000268,4,0,0.7-1.0
2020-03-16,short,-1,-1,-1,-1,1.0026793966818222,0,0,0,-0.8513236924919461,0,3,4.231884420947513,1542.68005,1549.568627601455,1538.439941,6.888577601455154,4.240108999999848,1,1,>1.0
2020-03-17,short,-1,-1,-1,-1,1.4188618399609312,0,0,0,-2.983948011103428,1,3,11.466649829517156,1486.20996,1496.903522700153,1481.2301000000002,10.693562700153052,4.9798599999996895,14,1,>1.0
2020-03-18,short,-1,1,-1,-1,0.8102252234831513,0,0,0,-0.9553899468257577,2,3,6.532075162217378,1528.18005,1531.47998,1525.3999,3.2999300000001313,2.7801500000000487,1,1,0.7-1.0
2020-03-23,short,-1,1,-1,-1,1.7736651722772416,0,0,0,-0.6815952655276106,0,3,3.6713096351373613,1492.55005,1498.560059,1488.3798810000003,6.0100089999998545,4.17016899999976,6,1,>1.0
2020-03-24,long,1,1,-1,1,1.5065475538733322,0,0,1,1.3151019693032702,1,3,6.028788585036132,1582.13,1568.7074480749297,1588.710078,13.422551925070366,6.580077999999958,1,1,>1.0
2020-03-25,long,1,-1,-1,1,1.323727263895929,0,0,1,2.454056905668689,2,3,6.327818541680257,1622.84998,1610.0519717692596,1629.22998,12.798008230740379,6.380000000000109,7,0,>1.0
2020-03-26,long,1,-1,1,1,1.3300246633854285,0,0,0,1.4509424266611695,3,3,4.466329723952595,1610.87,1604.21997,1613.5200299999997,6.650029999999788,2.650029999999788,1,1,>1.0
2020-03-30,long,1,-1,1,1,2.886456928423354,0,0,0,0.6929042398588986,0,3,9.431882707171177,1622.18005,1614.32996,1629.4100399999998,7.850089999999909,7.229989999999816,36,0,>1.0
2020-03-31,long,1,-1,1,1,1.1407024718949557,1,0,0,0.7884799960149369,1,3,3.4382683465603154,1615.80005,1613.16003,1617.7398699999999,2.6400200000000495,1.939819999999827,6,1,>1.0
2020-04-01,short,-1,1,1,-1,0.2984831053773784,1,1,0,-2.660540119745966,2,4,11.378664746565029,1583.22998,1585.13,1582.30994,1.9000200000000405,0.9200399999999718,1,0,<0.3
2020-04-02,short,-1,-1,1,-1,0.8605465089313538,0,0,0,-0.6560221291624182,3,4,5.364948099553193,1583.95996,1586.10999,1582.75011,2.150030000000015,1.2098499999999603,5,0,0.7-1.0
2020-04-03,long,1,1,-1,1,0.7611678592115515,1,0,1,2.4816170901651677,4,4,3.5435625400653468,1615.26001,1611.67004,1616.0899600000002,3.589969999999994,0.8299500000002809,1,1,0.7-1.0
2020-04-06,long,1,1,1,1,1.1089444018476284,0,0,0,0.8844690516019256,0,4,2.876609735494246,1619.59998,1617.0,1620.8600999999999,2.5999799999999595,1.2601199999999153,1,1,>1.0
2020-04-07,long,1,1,1,1,0.5934753648634535,0,0,1,1.0790423452034366,1,4,5.4756155165149405,1661.54004,1658.43994,1661.8000599999998,3.1001000000001113,0.26001999999971304,1,1,0.5-0.7
2020-04-08,long,1,-1,1,1,1.341799136266826,0,0,0,0.17068872843018007,2,4,3.9511978442481084,1650.93005,1648.14001,1653.2000699999999,2.7900399999998626,2.2700199999999313,1,0,>1.0
2020-04-09,long,1,-1,1,1,1.260698443927252,0,0,0,2.538110632895292,3,4,2.440526486615322,1651.030029,1647.63,1651.15002,3.400028999999904,0.11999100000002727,1,1,>1.0
2020-04-13,long,1,1,1,1,1.0777313227626255,0,0,0,1.2165205223174405,0,4,4.301814563929396,1685.62,1682.41003,1687.56995,3.2099699999998847,1.9499500000001717,1,1,>1.0
2020-04-14,long,1,1,1,1,1.352106925949678,0,0,1,3.279437634689168,1,4,9.363994706259092,1723.93994,1715.10999,1725.6700300000002,8.829950000000053,1.7300900000002457,1,1,>1.0
2020-04-15,long,1,-1,1,1,1.713601204178541,0,0,0,2.1043700424361744,2,4,5.16719120878583,1725.48999,1720.93005,1727.56995,4.559940000000097,2.0799600000000282,7,0,>1.0
2020-04-16,long,1,-1,1,1,1.0178119512404475,0,0,0,0.793720866906246,3,4,3.1876100330026915,1716.12,1713.96997,1717.6501479999997,2.150029999999788,1.5301479999998264,2,1,>1.0
2020-04-21,long,1,1,1,-1,0.5374925946562601,0,0,0,0.5648516797164468,1,4,2.7619804845056697,1690.16003,1688.27002,1691.12988,1.8900100000000748,0.9698499999999513,1,1,0.5-0.7
2020-04-22,short,-1,1,1,-1,0.8841466872128122,0,0,0,-1.5210185574333783,2,4,4.191088349962834,1681.77002,1685.589966,1680.3699940000001,3.8199460000000727,1.400025999999798,2,0,0.7-1.0
2020-04-24,long,1,-1,1,1,1.011812314026301,0,0,0,1.3810150150534963,4,4,5.187842450933571,1727.12,1723.39001,1728.3299699999998,3.729989999999816,1.2099699999998847,1,1,>1.0
2020-04-28,short,-1,-1,1,-1,0.9529584586486558,0,1,0,-1.0449014248214854,1,4,5.632456284661774,1694.71997,1698.89001,1693.8299699999998,4.170039999999972,0.8900000000003274,2,1,0.7-1.0
2020-04-30,long,1,1,1,1,1.5457345003324618,0,0,1,1.8717214751735012,3,4,3.273533382874526,1715.23999,1710.23999,1716.23999,5.0,1.0,1,1,>1.0
2020-05-06,long,1,-1,1,-1,1.100667653009766,0,0,0,1.5239220309682713,2,5,4.268454626548949,1703.25,1701.18994,1704.5500599999998,2.0600600000000213,1.300059999999803,6,1,>1.0
2020-05-07,short,-1,1,1,-1,0.6742128760649927,0,0,0,-0.7893472601743708,3,5,5.190102127359228,1691.68005,1693.18994,1691.0500599999998,1.5098900000000413,0.6299900000001344,1,1,0.5-0.7
2020-05-08,long,1,1,-1,1,1.0461906604461622,0,0,1,1.0630990242352767,4,5,6.502603660482747,1717.44995,1713.69995,1717.900148,3.75,0.4501980000000003,1,1,>1.0
2020-05-11,short,-1,-1,1,1,1.3976404436559549,0,0,0,-1.7695451538923732,0,5,3.142572035298917,1705.02002,1708.72998,1703.57006,3.7099600000001374,1.449959999999919,1,1,>1.0
2020-05-12,short,-1,-1,1,-1,0.9786141946226028,0,0,0,-0.4332695301413121,1,5,4.268372757725712,1700.16003,1702.21997,1699.10009,2.059940000000097,1.059940000000097,1,0,0.7-1.0
2020-05-13,long,1,-1,1,-1,1.1524921470124776,0,0,0,1.2032828089432517,2,5,3.1371453559181637,1704.40002,1701.81995,1705.0401499999998,2.580069999999978,0.6401299999997718,1,1,>1.0
2020-05-14,long,1,1,1,1,1.560552277110417,0,0,0,2.057097441774603,3,5,2.887312311050316,1714.66003,1711.589966,1716.0499260000001,3.070064000000002,1.3898960000001352,2,1,>1.0
2020-05-15,long,1,1,1,1,0.6649851847386888,0,0,1,0.749783776324022,4,5,2.18935050947183,1733.069946,1730.85999,1733.2401100000002,2.2099560000001475,0.17016400000011345,1,1,0.5-0.7
2020-05-19,short,-1,-1,1,1,0.9967263360346734,0,0,0,-0.30361007246485505,1,5,5.443883957562671,1736.85999,1739.44995,1735.92993,2.589960000000019,0.9300599999999122,2,1,0.7-1.0
2020-05-20,long,1,1,1,1,0.6933690366665478,0,0,1,0.9630482193783052,2,5,4.922339977225457,1749.78003,1748.01001,1750.66993,1.7700199999999313,0.8899000000001251,1,1,0.5-0.7
2020-05-25,short,-1,-1,1,-1,1.3513190418181427,0,1,0,-1.9620387323320259,0,5,4.910982682082326,1726.56995,1729.38,1726.1800599999997,2.8100500000000466,0.38989000000037777,4,1,>1.0
2020-05-27,short,-1,-1,1,-1,1.7865920859063122,0,1,0,-1.5946682851806022,2,5,4.353274512051353,1705.43994,1709.35999,1702.16003,3.9200499999999465,3.2799099999999726,11,1,>1.0
2020-06-01,long,1,1,1,1,1.8635691387863282,0,0,1,2.491034800923677,0,6,3.522510177431704,1742.97998,1738.63,1745.0699519999998,4.3499799999999595,2.0899719999997615,13,0,>1.0
2020-06-02,long,1,-1,1,1,1.354732322191005,0,0,0,2.7037850191621517,1,6,6.732667591641869,1740.41003,1736.96997,1742.2500099999997,3.440059999999903,1.8399799999997413,16,1,>1.0
2020-06-03,short,-1,-1,1,-1,0.9044791661893095,0,1,0,-0.513006418871698,2,6,4.835916140282883,1724.47998,1726.77002,1723.59008,2.2900399999998626,0.8899000000001251,1,1,0.7-1.0
2020-06-04,short,-1,-1,1,-1,1.5142298572174056,0,1,0,-0.530645973748722,3,6,3.5396460214612335,1702.56995,1705.79004,1700.6098599999998,3.2200900000000274,1.960090000000264,6,1,>1.0
2020-06-05,short,-1,-1,-1,-1,0.9214904120255869,0,0,0,-0.8563804065495263,4,6,3.2190914039696326,1708.33997,1711.14001,1706.68005,2.800040000000081,1.6599200000000565,7,0,0.7-1.0
2020-06-08,short,-1,-1,-1,-1,0.9314590668916513,0,0,0,-0.40820906119170935,0,6,4.104597619852293,1687.85999,1690.33997,1686.5999700000002,2.4799800000000687,1.260019999999713,1,0,0.7-1.0
2020-06-09,long,1,1,-1,-1,1.3937044591247785,0,0,0,1.0481633203662364,1,6,4.728557840528047,1697.37,1693.540039,1698.8798809999998,3.829960999999912,1.5098809999999503,3,1,>1.0
2020-06-10,long,1,1,-1,1,1.2511280553738466,0,0,0,0.9184827191083894,2,6,3.500485362921464,1717.48999,1714.530029,1718.489991,2.959961000000021,1.0000009999998838,3,1,>1.0
2020-06-11,long,1,1,1,1,0.8416621002446447,0,0,1,2.8858258860062516,3,6,8.116631512966135,1733.82996,1730.02002,1733.87988,3.809940000000097,0.04991999999992913,1,1,0.7-1.0
2020-06-12,long,1,-1,1,1,1.0245213862710294,0,0,0,1.1972872966496355,4,6,7.780256061847219,1728.19995,1725.68005,1729.6199900000001,2.519900000000007,1.4200400000001991,5,1,>1.0
2020-06-17,short,-1,1,-1,1,1.3119381305995645,0,0,0,-2.4630957420853448,2,6,4.577945965442051,1723.88,1728.25,1722.6899400000002,4.369999999999891,1.190059999999903,1,1,>1.0
2020-06-18,long,1,-1,1,-1,0.985090639642879,0,0,0,1.1022317870790295,3,6,2.0006010902296794,1727.83997,1725.39001,1728.74989,2.449959999999919,0.9099200000000565,6,1,0.7-1.0
2020-06-22,long,1,1,1,1,0.958482387053761,0,0,1,0.5408491975888138,0,6,4.500188047806658,1752.97998,1750.67004,1754.7498799999998,2.309940000000097,1.7698999999997795,6,0,0.7-1.0
2020-06-23,long,1,-1,1,1,0.595671433435618,0,0,0,0.18364968181587465,1,6,4.98434156465709,1753.16003,1750.85999,1753.7601300000001,2.300040000000081,0.6001000000001113,3,1,0.5-0.7
2020-06-24,long,1,1,1,1,1.019565286592493,0,0,1,0.3859558223231555,2,6,2.0743766046291667,1769.26001,1766.26001,1770.3000499999998,3.0,1.0400399999998626,2,1,>1.0
2020-06-26,long,1,-1,1,1,1.1081911982835089,0,0,0,0.5177287748565145,4,6,2.52622409037571,1761.34998,1759.18005,1762.1199900000001,2.169930000000022,0.7700100000001839,2,0,>1.0
2020-06-29,long,1,1,1,1,0.9153372309187612,0,0,1,0.5330596224814409,0,6,3.115470091257374,1774.22998,1771.51001,1775.4099099999999,2.719970000000103,1.1799299999997857,7,0,0.7-1.0
2020-06-30,long,1,1,1,1,1.2020887581843018,0,0,0,0.6046959635380437,1,6,2.5726052829079853,1772.87,1770.06995,1773.7901499999998,2.8000499999998283,0.9201499999999214,1,1,>1.0
2020-07-01,long,1,1,1,1,1.5004248905813424,0,0,1,1.2937396947649307,2,7,3.3390727250402645,1784.51001,1781.68005,1786.68005,2.8299600000000282,2.1700399999999718,8,1,>1.0
2020-07-02,short,-1,-1,1,-1,0.7669759442552234,0,0,0,-1.0941678820743332,3,7,3.38733697049213,1767.88,1769.66003,1767.66003,1.780029999999897,0.21997000000010303,1,1,0.7-1.0
2020-07-03,long,1,-1,1,-1,1.9731431069681575,0,0,1,1.663150656705486,4,7,5.117499669596154,1776.38,1772.44995,1779.57007,3.930050000000165,3.190069999999878,48,0,>1.0
2020-07-08,long,1,1,1,1,1.9155524790995144,0,0,1,0.27702743848796163,2,7,3.8182535568847773,1795.16003,1792.18005,1797.519902,2.9799800000000687,2.3598719999999958,12,1,>1.0
2020-07-09,long,1,1,1,1,2.6255913000713127,0,0,0,0.5429180764493918,3,7,3.838592564143222,1812.10999,1808.64001,1815.039922,3.4699799999998504,2.929932000000008,12,1,>1.0
2020-07-14,short,-1,-1,1,-1,1.1035589212343038,0,1,0,-0.9704772428539508,1,7,3.7880915824933514,1796.94995,1799.76001,1796.43995,2.8100600000000213,0.5099999999999909,4,0,>1.0
2020-07-15,long,1,1,1,1,1.5157828393895552,0,0,0,1.305631807300864,2,7,4.114361670706427,1809.38,1806.17004,1811.430058,3.2099600000001374,2.050057999999808,1,1,>1.0
2020-07-16,long,1,-1,1,1,1.202030248576892,0,0,0,1.053322409416169,3,7,4.209420374003566,1810.57996,1808.88,1811.3199599999998,1.699959999999919,0.7399999999997817,1,1,>1.0
2020-07-20,long,1,1,1,1,0.8645781499545191,0,0,0,0.7917000746609486,0,7,2.013724323178004,1808.38,1807.0,1809.15992,1.3800000000001091,0.7799199999999473,2,1,0.7-1.0
2020-07-21,long,1,1,1,1,1.1085444532782711,0,0,1,1.0177778219514793,1,7,1.737783218932743,1820.22998,1817.78003,1821.6999500000002,2.4499500000001717,1.469970000000103,2,1,>1.0
2020-07-22,long,1,1,1,1,1.2093555438982753,0,0,1,0.6823538640623956,2,7,7.181883334887135,1857.28003,1854.560059,1859.4199210000002,2.719970999999987,2.1398910000002616,1,1,>1.0
2020-07-24,long,1,1,1,1,1.3337118589916195,0,0,1,1.0826474076233157,4,7,4.491891189569488,1892.83997,1885.550049,1894.5500510000002,7.289921000000049,1.710081000000173,1,1,>1.0
2020-07-27,long,1,1,1,1,0.8114108234250719,0,0,1,0.8600792446141043,0,7,8.887560618014668,1933.35999,1929.37,1935.87,3.9899900000000343,2.5100099999999657,4,1,0.7-1.0
2020-07-29,long,1,1,1,1,0.7985921102099484,0,0,0,1.478517446345602,2,7,7.252760999354652,1956.39001,1951.96997,1957.4499499999997,4.420039999999972,1.0599399999996422,2,1,0.7-1.0
2020-07-31,long,1,1,1,1,1.4116052195994035,0,0,0,1.5922514541795025,4,7,7.167017504387856,1971.62,1966.560059,1975.5000009999999,5.059940999999981,3.880000999999993,2,1,>1.0
2020-08-03,long,1,1,1,1,0.670431720961235,0,0,0,0.5707325402306163,0,8,4.106798626453277,1975.050049,1972.550049,1975.469971,2.5,0.4199220000000423,2,1,0.5-0.7
2020-08-04,long,1,1,1,1,1.3899112232689212,0,0,0,-0.8457848668084411,1,8,5.567857002658687,1974.28003,1971.14001,1976.7999300000001,3.140019999999822,2.5199000000002343,6,1,>1.0
2020-08-05,long,1,1,1,1,1.3319156815123878,0,0,1,2.1346685109989063,2,8,10.539610216520959,2018.73999,2011.37,2019.2699000000002,7.3699900000001435,0.5299100000001999,1,1,>1.0
2020-08-06,long,1,1,1,1,0.9456337500347967,0,0,0,0.8274326094351424,3,8,5.119805006129439,2044.93005,2040.94995,2045.2900499999998,3.980099999999993,0.35999999999989996,1,1,0.7-1.0
2020-08-07,long,1,1,1,1,1.4449830162888528,0,0,0,0.23567388286885624,4,8,3.848998908701384,2062.40991,2049.2223382410743,2064.69995,13.187571758925515,2.2900400000003174,14,1,>1.0
2020-08-13,short,-1,1,-1,-1,1.7088126079174788,0,0,0,-2.6080621959567067,3,8,6.78396800160674,1925.46997,1936.09998,1922.6400199999998,10.630009999999857,2.829950000000281,16,0,>1.0
2020-08-18,long,1,1,-1,1,1.1753982516637087,0,0,1,1.9081210499481516,1,8,5.227240786294726,1997.46997,1990.18005,1998.21985,7.289920000000166,0.7498799999998482,1,1,>1.0
2020-08-19,long,1,-1,1,1,0.5869779658067168,0,0,0,1.730530430766851,2,8,6.621483631472583,1995.64001,1991.18994,1996.70996,4.450070000000096,1.0699499999998352,1,1,0.5-0.7
2020-08-20,short,-1,-1,1,-1,1.312619693582201,0,1,0,-0.435287934283282,3,8,9.815419126710633,1947.83997,1955.96997,1943.8901299999998,8.13000000000011,3.949840000000222,3,1,>1.0
2020-08-26,short,-1,1,-1,-1,1.1645098427959895,0,0,0,-0.9429305846979004,2,8,2.7661919872620926,1923.48999,1928.34998,1922.9100200000003,4.859989999999925,0.5799699999997756,1,1,>1.0
2020-08-27,long,1,1,-1,1,1.1211683672324053,0,0,1,0.3271815737470331,3,8,2.4442444626374327,1943.58997,1939.83997,1945.48009,3.75,1.8901200000000244,4,0,>1.0
2020-08-28,long,1,1,-1,1,0.9452080134281063,0,0,0,0.11342786994374351,4,8,6.271816320704026,1942.51001,1938.42004,1945.42004,4.089969999999994,2.910030000000006,2,1,0.7-1.0
2020-08-31,long,1,1,1,1,0.5122997625011461,0,0,0,0.4391112303832363,0,8,2.723492034626981,1971.19995,1969.67004,1971.70984,1.5299099999999726,0.5098900000000413,2,0,0.5-0.7
2020-09-01,long,1,1,1,1,1.2156600096338674,0,0,1,1.141842883991724,1,9,6.220381243575151,1988.37,1983.70996,1990.46998,4.660039999999981,2.099980000000187,5,0,>1.0
2020-09-02,short,-1,-1,1,-1,1.0178376481825646,0,0,0,0.40795688650085415,2,9,3.867496981811919,1963.68994,1967.51001,1962.16993,3.820069999999987,1.5200099999999566,1,1,>1.0
2020-09-03,short,-1,-1,1,-1,1.237829132962729,0,1,0,-1.5507910877770343,3,9,4.409607268171052,1941.70996,1947.18005,1941.4598420000002,5.470090000000027,0.2501179999997021,1,1,>1.0
2020-09-04,short,-1,1,-1,-1,1.5444807859073506,0,0,0,-0.7045776227046404,4,9,3.9070604353784675,1936.01001,1940.41003,1932.150028,4.4000200000000405,3.8599819999999454,4,1,>1.0
2020-09-09,short,-1,-1,-1,-1,0.6000975938689017,0,0,0,-0.5358205595457928,2,9,6.5992919834579045,1929.51001,1930.96997,1928.7900300000001,1.4599600000001374,0.7199799999998504,2,0,0.5-0.7
2020-09-10,long,1,1,-1,1,1.784911121031813,0,0,0,1.5858775044095303,3,9,2.3497384726008055,1947.90002,1944.30005,1949.99999,3.599969999999985,2.099969999999985,4,0,>1.0
2020-09-11,long,1,-1,1,1,1.1215641846789688,0,0,0,0.6872937611070764,4,9,8.021643010262627,1941.79004,1938.87,1944.0699400000003,2.920040000000199,2.279900000000225,3,1,>1.0
2020-09-14,short,-1,1,1,1,1.0944658970678787,0,0,0,-1.767451039074583,0,9,4.75937410807776,1946.56006,1949.87,1946.15002,3.3099399999998695,0.41003999999998086,1,1,>1.0
2020-09-15,long,1,1,-1,1,1.5981209705955834,0,0,1,0.8311955979156332,1,9,3.1712476551994433,1966.68994,1963.32996,1968.79016,3.3599799999999505,2.1002200000000357,2,1,>1.0
2020-09-16,long,1,1,1,1,1.2422443621718913,0,0,0,0.6936369353349113,2,9,3.6059750291944317,1961.60999,1958.87,1963.30994,2.7399900000000343,1.6999500000001717,4,0,>1.0
2020-09-17,long,1,-1,1,-1,0.9580579927447561,0,0,0,0.2650986980315344,3,9,6.408586431204133,1940.52002,1937.40002,1942.9600799999998,3.119999999999891,2.440059999999903,1,1,0.7-1.0
2020-09-21,short,-1,1,1,1,1.212007441076672,0,0,0,-1.262855824734577,0,9,2.3881246181286717,1952.60999,1955.34998,1951.51012,2.7399900000000343,1.09987000000001,2,1,>1.0
2020-09-22,short,-1,-1,1,-1,1.6528226642664212,0,1,0,-2.8954208930979437,1,9,8.204858972075419,1908.90002,1915.09998,1906.22008,6.199959999999919,2.6799399999999878,3,1,>1.0
2020-09-23,short,-1,-1,-1,-1,1.4487922107718623,0,0,0,-2.8759750132835156,2,9,6.7221095323176945,1883.44995,1893.68005,1881.0999700000002,10.230099999999993,2.349979999999732,6,1,>1.0
2020-09-24,short,-1,-1,-1,-1,0.9547527659490352,0,1,0,-0.4773571604095296,3,9,4.071398275144591,1854.82996,1858.93005,1852.46985,4.100089999999909,2.360110000000077,1,1,0.7-1.0
2020-09-25,short,-1,1,-1,-1,1.281311944865628,0,0,0,-2.5713416903965762,4,9,4.982007539509414,1867.12,1872.07996,1865.6600399999998,4.959960000000137,1.4599600000001374,4,0,>1.0
2020-09-28,short,-1,-1,-1,-1,1.4410842068164336,0,0,0,-0.9135859676581722,0,9,1.6702015106566082,1860.56006,1864.31995,1858.5201299999999,3.7598900000000413,2.0399300000001404,3,1,>1.0
2020-09-29,long,1,1,-1,1,0.5321072292741926,0,0,1,2.043363237222163,1,9,5.5194263750438735,1884.13,1882.10999,1885.490108,2.020010000000184,1.3601079999998547,1,0,0.5-0.7
2020-09-30,long,1,-1,-1,1,1.0354624939422696,0,0,1,0.20224080012334397,2,9,3.2123905458291335,1890.31995,1886.73999,1891.5400300000001,3.5799600000000282,1.2200800000000527,2,1,>1.0
2020-10-02,long,1,-1,-1,1,0.9044909880025147,0,0,1,0.650419686445191,4,10,4.430615522567513,1895.65002,1892.44995,1896.5100100000002,3.200070000000096,0.8599900000001526,1,0,0.7-1.0
2020-10-06,long,1,1,-1,1,1.0899476414014817,0,0,1,2.4872626695433055,1,10,4.039556727153708,1912.30005,1908.94995,1912.57007,3.3501000000001113,0.2700199999999313,14,1,>1.0
2020-10-09,long,1,1,-1,1,1.0170607158141274,0,0,1,2.5889243545529728,4,10,11.313943808929666,1913.27002,1909.39001,1914.289922,3.8800099999998565,1.0199020000000019,1,1,>1.0
2020-10-12,long,1,1,1,1,1.9374242516272455,0,0,0,1.4011359268939905,0,10,4.219834837365166,1929.88,1925.19995,1933.7199699999999,4.680050000000165,3.8399699999997665,11,0,>1.0
2020-10-13,long,1,-1,1,-1,1.063936113963379,0,0,0,1.670128401639399,1,10,4.008299259573356,1913.47998,1910.98999,1915.0700699999998,2.4899900000000343,1.590089999999691,1,1,>1.0
2020-10-14,short,-1,-1,1,-1,0.9624603309661056,1,1,0,-0.9774186178093458,2,10,9.650389258991797,1894.18994,1896.94995,1892.57007,2.7600099999999657,1.6198699999999917,3,0,0.7-1.0
2020-10-15,short,-1,1,-1,-1,1.1142065833222494,1,0,0,-2.6693529740894846,3,10,6.2981353781507785,1892.57996,1897.62,1889.6400000000003,5.040039999999863,2.939959999999701,4,0,>1.0
2020-10-16,long,1,1,-1,1,1.941622813850283,1,0,0,1.6140930023215225,4,10,6.778575722167645,1909.37,1904.62,1913.29992,4.75,3.9299200000000383,18,1,>1.0
2020-10-20,short,-1,-1,-1,-1,1.8887471045927005,0,0,0,-0.3234307922165764,1,10,7.361005492568501,1900.78003,1904.569946,1897.530154,3.7899160000001757,3.2498759999998583,14,0,>1.0
2020-10-21,long,1,1,1,1,0.5883577288010642,1,0,1,0.9640420039779957,2,10,8.438982913712925,1920.079956,1917.569946,1920.4500739999999,2.5100099999999657,0.3701179999998203,1,0,0.5-0.7
2020-10-22,long,1,-1,-1,1,1.8777791577686591,1,0,0,0.4023730363987156,3,10,6.498299062855871,1916.21997,1912.37,1918.7501200000002,3.849970000000212,2.5301500000000487,4,1,>1.0
2020-10-23,short,-1,-1,1,-1,1.6652986458158068,1,0,0,-0.39643891686527055,4,10,5.445154920978534,1904.93005,1908.28003,1903.1599100000003,3.3499799999999595,1.7701399999996283,7,1,>1.0
2020-10-26,short,-1,-1,1,-1,1.712494563890403,0,0,0,-1.6301014738225914,0,10,4.604339940137479,1895.02002,1900.64001,1894.31995,5.6199900000001435,0.7000699999998687,8,0,>1.0
2020-10-27,short,-1,1,-1,1,1.0548128534408845,0,0,0,-0.8974206313469897,1,10,5.509286815502986,1907.70996,1909.64001,1906.46009,1.9300500000001648,1.2498699999998735,9,0,>1.0
2020-10-28,long,1,1,-1,-1,1.490103081868947,1,0,0,-0.05728410278384269,2,10,2.165012947927511,1906.64001,1904.01001,1908.66993,2.630000000000109,2.0299199999999473,4,1,>1.0
2020-10-29,short,-1,-1,-1,-1,1.106509771601882,0,0,0,-2.314514301786048,3,10,4.062991503480415,1877.21997,1881.18994,1875.67016,3.9699699999998757,1.5498100000002069,4,0,>1.0
2020-10-30,short,-1,1,-1,-1,2.3065783093402397,1,0,0,-1.5205156286825703,4,10,4.8511849484784175,1873.65002,1878.530029,1869.989991,4.880008999999973,3.6600290000001223,3,1,>1.0
2020-11-02,short,-1,1,-1,-1,1.5144287499536206,0,0,0,-0.7492140110805698,0,11,5.244103223505808,1881.19995,1885.06995,1878.91003,3.8700000000001182,2.2899199999999382,10,0,>1.0
2020-11-03,long,1,1,-1,1,2.0722820427596584,0,0,1,1.6644198188102923,1,11,6.82344784917702,1897.16003,1890.27002,1900.8300800000002,6.890010000000075,3.670050000000174,3,1,>1.0
2020-11-04,long,1,-1,-1,-1,2.538177699370152,0,0,1,3.5160070336022344,2,11,8.274542973363062,1904.079956,1892.06006,1912.3398399999999,12.019896000000017,8.259883999999829,48,0,>1.0
2020-11-05,long,1,1,1,1,1.038280049714246,0,0,0,1.7952854618623135,3,11,5.68283276142791,1909.62,1906.88,1911.2201,2.7399999999997817,1.6001000000001113,6,1,>1.0
2020-11-06,long,1,1,1,1,1.0649065291754092,1,0,1,1.5146121638347483,4,11,7.845457125301577,1945.55005,1939.18005,1945.9798700000001,6.370000000000118,0.4298200000000634,1,1,>1.0
2020-11-10,short,-1,-1,1,-1,0.7660846164248007,1,1,0,-2.9584287744038456,1,11,17.610200390844334,1874.73999,1880.48999,1873.7700100000002,5.75,0.9699799999998504,1,1,0.7-1.0
2020-11-11,short,-1,1,-1,-1,0.9968201661436779,1,0,0,-1.009247087323904,2,11,4.423025794088725,1880.16003,1883.5,1878.19996,3.339969999999994,1.960070000000087,13,0,0.7-1.0
2020-11-12,short,-1,1,-1,-1,1.3028869045270919,0,1,0,-0.4839368665367778,3,11,8.412854470914489,1869.39001,1872.81006,1867.4099199999998,3.4200499999999465,1.9800900000002457,4,1,>1.0
2020-11-13,short,-1,1,-1,-1,1.6354953483023233,1,0,0,-1.988051648638392,4,11,6.440510471674135,1876.14001,1880.19995,1873.02003,4.0599399999998695,3.1199800000001687,3,0,>1.0
2020-11-18,short,-1,-1,-1,-1,0.945878813836094,1,0,0,-1.0117304784482237,2,11,6.163527036284598,1874.23999,1879.03003,1873.0700700000002,4.790039999999863,1.16991999999982,5,1,0.7-1.0
2020-11-19,short,-1,-1,-1,-1,2.4616468989484512,1,1,0,-2.2338982602720807,3,11,7.805159357903185,1863.48999,1871.530029,1861.949951,8.040038999999979,1.5400389999999788,1,1,>1.0
2020-11-20,short,-1,1,-1,-1,0.8950069631593947,1,0,0,-1.850711840900196,4,11,8.400793946156625,1862.43005,1865.68994,1860.46998,3.2598900000000413,1.9600699999998596,1,0,0.7-1.0
2020-11-23,long,1,1,-1,1,1.1379996658879288,0,0,1,1.0062167315522927,0,11,2.814605330404096,1873.83997,1872.09998,1875.02014,1.7399900000000343,1.1801700000000892,5,1,>1.0
2020-11-24,short,-1,-1,-1,-1,1.8769944327073234,1,1,0,-2.235257888402305,1,11,14.258388436098198,1818.01001,1828.08997,1815.3299499999998,10.079960000000028,2.6800600000001396,2,1,>1.0
2020-11-25,short,-1,-1,-1,-1,2.6352422755950204,0,1,0,-2.295316447390593,2,11,5.274112285747615,1802.76001,1809.98999,1798.16993,7.229980000000069,4.5900799999999435,15,0,>1.0
2020-11-26,short,-1,1,-1,-1,0.8162926993678625,1,0,0,-0.15168762626066046,3,11,9.637756244049061,1810.60999,1812.43994,1809.68018,1.8299500000000535,0.9298099999998612,6,1,0.7-1.0
2020-11-27,short,-1,-1,-1,-1,0.9520521235237895,0,0,0,-1.026608670724311,4,11,6.521240203373694,1807.25,1809.560059,1805.7399810000002,2.31005899999991,1.5100189999998292,1,1,0.7-1.0
2020-12-02,long,1,1,-1,1,1.1598645450819505,1,0,1,1.866088024245056,2,12,3.853538417708693,1812.13,1808.43005,1813.43005,3.6999500000001717,1.3000499999998283,1,1,>1.0
2020-12-03,long,1,1,-1,1,2.691194251661948,1,0,1,3.0385748913248305,3,12,10.27861915573559,1837.31995,1828.79004,1842.770018,8.529909999999973,5.450067999999874,18,1,>1.0
2020-12-07,long,1,1,1,1,2.1568210177777503,0,0,0,1.464208105451724,0,12,2.7925061114610763,1840.5,1835.70996,1843.31006,4.79004000000009,2.8100600000000213,11,0,>1.0
2020-12-08,long,1,1,-1,1,1.1416599630460376,0,0,1,0.9671286288934866,1,12,18.29076092256876,1869.59998,1866.71997,1871.8000499999998,2.8800099999998565,2.2000699999998687,1,1,>1.0
2020-12-10,short,-1,-1,1,-1,1.2943311279056382,0,1,0,-1.303926173025173,3,12,13.823511280350592,1838.19995,1842.30005,1836.3999019999999,4.100100000000111,1.8000480000000607,1,0,>1.0
2020-12-11,short,-1,-1,1,-1,2.513953362209164,0,0,0,-1.912559507680717,4,12,6.140694284865406,1834.81995,1839.08997,1831.1500299999998,4.270019999999931,3.6699200000002747,17,0,>1.0
2020-12-14,short,-1,-1,-1,-1,1.8221995578269325,0,0,0,-1.4962843456667176,0,12,3.061920584453582,1833.94995,1837.84998,1832.9901,3.900030000000015,0.9598499999999603,1,1,>1.0
2020-12-16,long,1,1,-1,1,1.0769250282153042,0,0,1,-0.2066667698058846,2,12,5.230378614153955,1857.56995,1855.06006,1858.9999999999998,2.5098900000000413,1.43004999999971,8,0,>1.0
2020-12-17,long,1,1,1,1,1.2783055637648255,0,0,1,1.4239955069587789,3,12,7.934536823130155,1866.90002,1862.84998,1867.2100799999998,4.050040000000081,0.31005999999979394,1,1,>1.0
2020-12-18,long,1,-1,1,1,1.606428788628695,0,0,0,1.6128263075953222,4,12,9.16617390403255,1882.89001,1879.589966,1885.109994,3.300044000000071,2.2199839999998403,6,1,>1.0
2020-12-21,long,1,1,1,1,1.6746053469968636,0,0,1,1.4386552484976645,0,12,2.848926187459468,1898.67004,1892.93005,1900.8099499999998,5.739990000000034,2.1399099999998725,2,1,>1.0
2020-12-22,short,-1,1,1,-1,1.6397268177301634,0,0,0,-1.2546725913441432,1,12,5.7043964384570165,1880.43005,1884.80005,1877.3999099999999,4.370000000000118,3.030140000000074,7,1,>1.0
2020-12-23,short,-1,1,1,-1,1.1214210127080895,1,1,0,-2.3515181617801932,2,12,9.202489182427703,1863.68994,1866.43005,1862.0098900000003,2.7401099999999587,1.68004999999971,3,0,>1.0
2020-12-24,short,-1,1,1,1,1.6556512011820825,0,0,0,-0.5367734065724611,3,12,8.457905596340085,1874.80005,1878.23999,1872.6201099999998,3.4399399999999787,2.179940000000215,15,0,>1.0
2020-12-29,long,1,-1,1,-1,2.9976483543910484,1,0,0,1.7941009081535686,1,12,10.069674430910903,1882.93005,1874.84998,1888.750118,8.080069999999978,5.820067999999992,10,0,>1.0
2020-12-31,long,1,1,1,1,2.239676709236412,0,0,1,2.8567393032427173,3,12,15.6925250154808,1894.0,1886.589966,1897.4700939999998,7.410033999999996,3.47009399999979,23,1,>1.0
2021-01-04,long,1,1,1,1,1.1024640338955563,0,0,1,2.0530921582965203,0,1,8.47702469066588,1924.31995,1920.40002,1926.42004,3.919930000000022,2.100089999999909,7,0,>1.0
2021-01-05,long,1,1,1,1,1.6502810555741725,0,0,1,0.5431491424871675,1,1,6.673859920041756,1944.43005,1938.80005,1948.780028,5.629999999999882,4.349977999999965,8,1,>1.0
2021-01-06,long,1,1,1,1,1.8900404360239602,1,0,0,0.4982378022882105,2,1,2.723565070726102,1949.90002,1942.10999,1954.3699900000001,7.790030000000115,4.469970000000103,2,1,>1.0
2021-01-07,short,-1,-1,1,-1,0.9316156613982353,1,1,0,-2.1247945834240203,3,1,12.531399486970145,1912.76001,1918.84998,1911.51012,6.089969999999994,1.2498900000000503,1,1,0.7-1.0
2021-01-08,short,-1,-1,1,-1,1.7382382794507396,1,0,0,-0.542278013360301,4,1,4.282550341198479,1908.14001,1912.81006,1905.1298800000002,4.6700499999999465,3.01012999999989,9,1,>1.0
2021-01-13,short,-1,1,-1,-1,1.7418757176851167,0,0,0,-1.5477120851619528,2,1,9.505950403531514,1858.12,1862.32996,1855.7300999999998,4.209960000000137,2.389900000000125,8,0,>1.0
2021-01-15,short,-1,1,-1,-1,1.5110495167247384,0,0,0,-1.8633221711487589,4,1,7.368207953918782,1849.81995,1853.48999,1847.070068,3.6700399999999718,2.7498820000000705,3,1,>1.0
2021-01-19,long,1,1,-1,-1,1.5455153208709795,0,0,0,0.8167050403502857,1,1,5.080004843331081,1839.71997,1836.48999,1841.9099099999999,3.2299800000000687,2.1899399999997513,2,0,>1.0
2021-01-20,long,1,1,-1,1,1.721477037908804,0,0,1,1.183929043246498,2,1,5.817352853409287,1851.53003,1847.30005,1853.17993,4.229979999999841,1.649900000000116,1,1,>1.0
2021-01-21,long,1,1,-1,1,1.6081664155578028,0,0,1,1.8048291624695976,3,1,17.45430353695639,1873.83997,1869.33997,1875.4000299999998,4.5,1.560059999999794,8,0,>1.0
2021-01-22,long,1,-1,-1,1,1.8407374307846647,0,0,0,0.12315275681662854,4,1,3.627870216779237,1863.40002,1859.65002,1866.4300600000001,3.75,3.030040000000099,7,0,>1.0
2021-01-25,short,-1,-1,-1,1,0.899314982618512,0,0,0,-0.30736802137431163,0,1,2.8149176809322887,1853.96997,1856.29004,1852.6298799999997,2.320069999999987,1.340090000000373,7,0,0.7-1.0
2021-01-26,short,-1,1,-1,-1,1.1660854245617622,0,0,0,-1.3134995743553126,1,1,9.591905784412946,1858.10999,1861.90002,1857.92004,3.7900300000001153,0.18994999999995343,1,1,>1.0
2021-01-27,short,-1,-1,1,-1,0.8127726816976071,1,1,0,-1.4798493947983147,2,1,5.711204601854183,1845.55005,1848.67004,1845.48988,3.119989999999916,0.06016999999997097,7,0,0.7-1.0
2021-01-28,short,-1,-1,-1,-1,1.1379764462263884,0,1,0,-1.800803409506718,3,1,8.880360072841741,1835.30005,1838.73999,1834.60009,3.4399399999999787,0.6999600000001465,6,1,>1.0
2021-01-29,short,-1,-1,-1,-1,1.2500443156480792,0,0,0,-0.8571446725742674,4,1,7.214516963273738,1841.63,1843.94995,1839.94995,2.319949999999835,1.6800500000001648,4,0,>1.0
2021-02-01,long,1,1,1,1,0.9371510490608432,0,0,0,0.6969891252697895,0,2,4.678621371337713,1863.5,1859.80005,1865.839842,3.6999499999999443,2.3398420000000897,1,1,0.7-1.0
2021-02-03,short,-1,-1,1,-1,1.3658162283890032,1,0,0,-0.8351458933428306,2,2,7.173794221509653,1840.59998,1842.88,1838.88,2.2800200000001496,1.7199799999998504,3,0,>1.0
2021-02-04,short,-1,-1,-1,-1,1.3449724923580815,0,1,0,-1.6171645791052636,3,2,8.417636800525075,1820.84998,1824.08997,1818.5499220000002,3.2399900000000343,2.300057999999808,2,1,>1.0
2021-02-08,short,-1,1,-1,-1,0.7540403299001208,0,0,0,-3.006831768875692,0,2,3.8441474377054785,1810.31995,1812.51001,1808.7900300000001,2.190059999999903,1.5299199999999473,1,1,0.7-1.0
2021-02-09,long,1,1,-1,1,1.2578667805684725,1,0,1,1.5508428112318111,1,2,11.519644810177015,1843.079956,1839.51001,1844.98999,3.5699460000000727,1.910033999999996,3,0,>1.0
2021-02-10,long,1,1,-1,1,1.1323860928676504,1,0,0,0.9730432048507548,2,2,7.599872517841553,1843.58997,1840.71997,1845.1999499999997,2.869999999999891,1.609979999999723,1,1,>1.0
2021-02-11,long,1,-1,1,1,2.1648360572496714,0,0,0,2.8846709905259362,3,2,11.785107856279193,1842.70996,1833.82996,1842.7501200000002,8.879999999999882,0.04016000000024178,1,1,>1.0
2021-02-12,short,-1,-1,1,-1,1.7426074237208462,0,1,0,-3.4634940764135154,4,2,12.754539651673499,1819.22998,1822.60999,1817.28991,3.3800099999998565,1.9400700000001052,4,1,>1.0
2021-02-15,short,-1,1,-1,-1,1.020326868269508,0,0,0,-1.5338722243620997,0,2,3.6730414076732343,1823.19995,1825.96997,1822.4499499999997,2.7700200000001587,0.7500000000002274,2,1,>1.0
2021-02-17,short,-1,-1,-1,-1,1.2562660132719348,1,1,0,-0.5609146355664094,2,2,11.219966849731417,1792.16003,1795.76001,1790.9599699999999,3.5999799999999595,1.2000600000001214,8,1,>1.0
2021-02-18,short,-1,1,-1,-1,2.0043295995568715,0,1,0,-0.4238379117382139,3,2,9.243638135731752,1782.84998,1786.34998,1780.2701379999999,3.5,2.579842000000099,11,1,>1.0
2021-02-19,short,-1,-1,-1,-1,0.6929440201674987,1,1,0,-0.7772061263449163,4,2,12.021903297580456,1768.0,1770.68994,1766.5700600000002,2.6899399999999787,1.4299399999997604,2,1,0.5-0.7
2021-02-22,short,-1,1,-1,1,1.3298538439247791,0,0,0,-1.6170668639031052,0,2,3.941969626912793,1781.90002,1786.68005,1779.4200500000002,4.780029999999897,2.4799699999998666,6,0,>1.0
2021-02-25,long,1,-1,-1,-1,1.8439874428832044,0,0,0,0.8002842676634541,3,2,7.129661136999313,1797.80005,1793.52002,1801.4399400000002,4.280030000000124,3.6398900000001504,10,0,>1.0
2021-02-26,short,-1,-1,-1,-1,0.9963739244528922,1,1,0,-0.9758159124245125,4,2,7.743144978030381,1771.20996,1775.31995,1769.98009,4.109990000000153,1.2298699999998917,2,1,0.7-1.0
2021-03-01,short,-1,1,-1,-1,1.244867960508097,0,0,0,-1.1697081650954289,0,3,8.205438250909724,1746.56995,1751.46997,1744.35009,4.9000200000000405,2.2198600000001534,3,1,>1.0
2021-03-04,short,-1,-1,-1,-1,0.965539012604008,1,1,0,-2.4568783177547813,3,3,8.380565632971784,1708.77002,1713.28003,1706.4999900000003,4.510009999999966,2.2700299999996787,2,0,0.7-1.0
2021-03-05,short,-1,-1,-1,-1,0.9516647541797439,1,1,0,-0.9429292389425138,4,3,12.725461525288866,1693.16003,1696.22998,1691.37012,3.0699500000000626,1.7899099999999635,7,0,0.7-1.0
2021-03-08,short,-1,1,-1,1,1.0993285414366702,0,0,0,-1.3471174896402978,0,3,3.5351506364316463,1705.68994,1710.09998,1703.92004,4.410039999999981,1.769900000000007,13,1,>1.0
2021-03-10,long,1,1,-1,1,1.2481209889147027,1,0,1,1.211011382775042,2,3,8.309936185814122,1713.56995,1711.03003,1715.5700700000002,2.5399200000001656,2.0001200000001518,7,0,>1.0
2021-03-11,long,1,1,-1,1,2.142052915904655,0,0,1,1.7868793823030045,3,3,8.433830898323718,1735.64001,1729.40002,1737.8599800000002,6.239990000000034,2.219970000000103,7,1,>1.0
2021-03-15,long,1,1,-1,1,0.8758768040084053,0,0,0,0.7888040207418692,0,3,3.6883914334161467,1727.85999,1725.28003,1729.39991,2.5799600000000282,1.5399200000001656,5,0,0.7-1.0
2021-03-16,long,1,1,-1,1,1.6790821993638805,1,0,0,0.1353146177593122,1,3,4.470674502955033,1733.77002,1731.07996,1735.79992,2.690059999999903,2.029899999999998,5,1,>1.0
2021-03-17,long,1,1,-1,1,1.577244236576246,1,0,0,1.726807278336971,2,3,6.06020120014584,1736.02002,1733.09998,1737.8199399999999,2.9200399999999718,1.7999199999999291,11,1,>1.0
2021-03-22,long,1,-1,1,-1,1.0450901079013366,0,0,0,2.278291209774335,0,3,5.612494011644708,1741.23999,1738.01001,1742.51001,3.2299800000000687,1.2700199999999313,4,1,>1.0
2021-03-23,long,1,-1,1,-1,0.8874748299934841,0,0,0,0.9649451330475245,1,3,4.972319505356488,1735.80005,1733.38,1736.40002,2.4200499999999465,0.5999699999999848,1,1,0.7-1.0
2021-03-24,short,-1,1,-1,-1,0.9705990205981363,1,0,0,-1.9610263972771718,2,3,8.410041023692601,1730.71997,1733.33997,1729.9000299999998,2.619999999999891,0.8199400000003152,1,1,0.7-1.0
2021-03-26,short,-1,1,-1,-1,0.7133017600218396,0,1,0,-2.7180078202035585,4,3,9.210064990835676,1721.95996,1725.38,1721.8199599999998,3.420040000000199,0.14000000000010004,1,1,0.7-1.0
2021-03-29,short,-1,-1,-1,-1,1.86779001929335,0,0,0,-1.126799026697,0,3,3.3463802743870468,1727.76001,1732.73999,1727.39991,4.979980000000069,0.36009999999987485,2,1,>1.0
2021-03-30,short,-1,-1,-1,-1,1.2564569053897774,1,1,0,-1.4648618504345152,1,3,5.672366220918445,1705.089966,1708.43994,1703.95996,3.3499739999999747,1.130006000000094,2,1,>1.0
2021-04-01,long,1,1,-1,1,0.8578657620633052,0,0,1,1.7646419698635991,3,4,11.522398213919619,1714.81995,1711.76001,1715.41993,3.059940000000097,0.5999799999999595,4,1,0.7-1.0
2021-04-05,long,1,1,-1,1,1.3794206827536477,0,0,0,1.4426707376331305,0,4,2.2656306516945968,1725.35999,1723.28003,1726.399902,2.0799600000000282,1.0399120000001858,3,0,>1.0
2021-04-06,long,1,1,1,1,0.8494169821400614,0,0,1,1.7987550870886118,1,4,3.991957641554221,1734.93005,1732.83997,1735.3800099999999,2.0900799999999435,0.4499599999999191,1,1,0.7-1.0
2021-04-07,long,1,-1,1,1,0.7824542594819336,0,0,0,0.8210041810876104,2,4,3.225469182432279,1739.14001,1737.69995,1739.82007,1.4400600000001305,0.6800599999999122,3,0,0.7-1.0
2021-04-08,long,1,1,1,1,0.9925071768228069,0,0,0,1.165572411670622,3,4,3.269156306955963,1739.97998,1738.26001,1740.93995,1.719970000000103,0.9599699999998847,2,1,0.7-1.0
2021-04-12,short,-1,-1,1,-1,0.6635554905041697,0,1,0,-0.7210226708639341,0,4,3.2776066178074434,1737.21997,1739.62,1736.57996,2.400029999999788,0.6400100000000748,4,0,0.5-0.7
2021-04-13,short,-1,-1,1,-1,1.6106579122993185,0,1,0,-2.6844371091458803,1,4,2.1618889828705297,1729.15002,1732.73999,1727.8000499999998,3.589969999999994,1.3499700000002122,4,1,>1.0
2021-04-16,long,1,1,1,1,1.301655828273193,0,0,1,2.0532492315524715,4,4,4.269304719325765,1764.57996,1762.51001,1765.85009,2.0699500000000626,1.270129999999881,4,1,>1.0
2021-04-19,long,1,1,1,1,0.6157969216413179,0,0,0,0.45111945325316816,0,4,2.911644911319307,1778.01001,1776.15002,1778.37,1.8599899999999252,0.3599899999999252,1,1,0.5-0.7
2021-04-20,long,1,-1,1,1,0.6555804986754786,0,0,0,2.3138815800773402,1,4,3.5155195689524925,1774.069946,1771.37,1775.2699000000002,2.699946000000182,1.1999540000001616,2,0,0.5-0.7
2021-04-21,long,1,1,1,1,0.8288725209404317,0,0,1,1.3814344665072642,2,4,3.6093287252428152,1783.63,1780.87,1783.8900000000003,2.7600000000002183,0.2600000000002183,1,1,0.7-1.0
2021-04-22,long,1,1,1,1,2.326561407147938,0,0,0,2.4667661735351416,3,4,2.1935469191734116,1794.030029,1789.88,1797.0198999999998,4.150028999999904,2.9898709999997664,3,0,>1.0
2021-04-26,short,-1,1,1,-1,0.5907659667750227,0,0,0,-0.7543914989168478,0,4,2.709504614322595,1780.34998,1781.84998,1780.04992,1.5,0.3000600000000304,3,0,0.5-0.7
2021-04-27,long,1,-1,1,-1,1.0918234489120693,0,0,0,2.50506083395935,1,4,3.3781051504306725,1781.26001,1779.07996,1782.500118,2.1800499999999374,1.2401079999999638,4,1,>1.0
2021-04-28,short,-1,-1,1,-1,0.9783852309809594,0,1,0,-0.82560197289155,2,4,5.741144706060942,1771.099976,1772.64001,1770.2200899999998,1.5400340000001052,0.8798860000001696,2,1,0.7-1.0
2021-04-29,long,1,1,1,1,0.8863775499645521,0,0,1,0.5411386495098652,3,4,3.926893940900161,1785.19995,1783.27002,1785.6699200000003,1.929930000000013,0.4699700000003304,4,1,0.7-1.0
2021-05-03,short,-1,1,1,1,1.2507739533013225,0,0,0,-1.4004309392078902,0,5,2.937925480420014,1773.34998,1775.550049,1772.2099510000003,2.200068999999985,1.1400289999996858,5,0,>1.0
2021-05-04,long,1,-1,1,1,0.5256714411822221,0,0,0,1.6586410830890472,1,5,6.283604447367838,1790.39001,1788.05005,1791.12989,2.339960000000019,0.7398799999998573,1,1,0.5-0.7
2021-05-05,short,-1,-1,1,-1,0.922870547498567,0,0,0,-1.4345012584484136,2,5,8.782655976449465,1781.27002,1783.34998,1780.82996,2.0799600000000282,0.4400599999999031,1,1,0.7-1.0
2021-05-06,long,1,1,1,1,1.586219690865086,0,0,0,1.5320039977187117,3,5,2.3030372957988825,1790.51001,1787.47998,1792.080078,3.030029999999897,1.570067999999992,2,1,>1.0
2021-05-07,long,1,1,1,1,0.9540386274129131,0,0,1,0.623542432117656,4,5,1.9342794747486052,1821.35999,1819.13,1822.69006,2.229989999999816,1.3300699999999779,1,0,0.7-1.0
2021-05-10,long,1,1,1,1,2.028968312471073,0,0,0,0.6536045279632631,0,5,1.8231723021709851,1834.96997,1831.45996,1837.91992,3.510010000000193,2.9499499999999443,1,1,>1.0
2021-05-11,long,1,1,1,1,1.3104240682001862,0,0,0,1.0714356839892385,1,5,2.470371084016887,1836.59998,1834.20996,1838.1101,2.3900200000000495,1.5101200000001427,4,1,>1.0
2021-05-12,long,1,-1,1,1,1.1325234981790915,0,0,0,1.200136504970784,2,5,2.630349834308989,1830.12,1826.40002,1830.92004,3.7199799999998504,0.8000400000000809,3,1,>1.0
2021-05-17,long,1,1,1,1,1.0987674376719039,0,0,1,1.5117491820722666,0,5,4.088506855286045,1854.01001,1850.91003,1854.5499300000001,3.0999799999999595,0.5399200000001656,2,1,>1.0
2021-05-20,long,1,1,1,1,0.7780081602540194,0,0,0,0.388968423499651,3,5,8.871046427326252,1876.98999,1875.06995,1877.9700899999998,1.9200399999999718,0.9800999999997657,1,0,0.7-1.0
2021-05-21,long,1,1,1,1,2.185533210897473,0,0,0,1.4762738585989719,4,5,3.80714194293847,1876.65002,1873.44995,1879.25001,3.200070000000096,2.5999899999999343,6,0,>1.0
2021-05-24,long,1,1,1,1,1.0322133832385132,0,0,1,0.9195489848527243,0,5,2.198680554660493,1885.51001,1883.03003,1885.9099100000003,2.4799800000000687,0.3999000000003434,2,1,>1.0
2021-05-26,long,1,1,1,1,0.6973216499957376,0,0,1,1.2412511322363997,2,5,6.540543836540091,1908.26001,1904.92004,1908.42004,3.339969999999994,0.1600300000000061,1,1,0.5-0.7
2021-05-27,long,1,-1,1,1,1.3680391652688584,0,0,0,0.9928212003855208,3,5,3.7572812747707793,1898.53003,1896.17004,1900.17004,2.359989999999925,1.6400100000000748,4,1,>1.0
2021-05-28,long,1,-1,1,-1,0.5156849309152773,0,0,0,2.8549299829954737,4,5,2.8414416270296603,1894.46997,1892.90002,1895.3399799999997,1.5699500000000626,0.8700099999996382,2,0,0.5-0.7
2021-06-01,long,1,1,1,1,0.9463871666118094,0,0,1,1.358557365933669,1,6,3.2464062623401353,1912.46997,1910.64001,1913.6199900000001,1.8299600000000282,1.1500200000000405,1,1,0.7-1.0
2021-06-02,short,-1,-1,1,-1,0.9050509785775078,0,1,0,-1.6028952219712547,2,6,5.178452152461526,1895.81995,1898.589966,1894.510134,2.7700159999999414,1.3098159999999552,2,0,0.7-1.0
2021-06-04,short,-1,-1,1,-1,0.7582735106923364,0,0,0,-0.8347227998880588,4,6,4.739208747400861,1869.21997,1871.31995,1868.0401499999998,2.0999799999999595,1.1798200000002907,2,1,0.7-1.0
2021-06-07,short,-1,-1,1,-1,1.1258621715760497,0,1,0,-0.2800339117405401,0,6,3.654890982780255,1884.5,1888.12,1883.6800400000002,3.619999999999891,0.81995999999981,1,1,>1.0
2021-06-08,long,1,1,1,1,0.9965374303480011,0,0,1,1.00521148791026,1,6,3.64265030247607,1897.16003,1894.83997,1897.64001,2.3200600000000122,0.4799800000000687,1,1,0.7-1.0
2021-06-09,long,1,-1,1,-1,0.5635458483655765,0,0,0,1.3551917774182705,2,6,3.1111191090873005,1894.63,1892.82996,1895.84998,1.800040000000081,1.2199799999998504,2,1,0.5-0.7
2021-06-11,long,1,1,1,1,1.305506169701843,0,0,1,1.3055157691528403,4,6,3.8505954988834272,1900.34998,1898.12,1901.3399600000002,2.2299800000000687,0.989980000000287,5,1,>1.0
2021-06-14,short,-1,-1,-1,-1,1.9198223197198483,0,1,0,-1.373921266824819,0,6,4.14922617655028,1859.81006,1866.10999,1855.1300099999999,6.299929999999904,4.680050000000165,6,1,>1.0
2021-06-15,short,-1,-1,-1,-1,1.3825540883557128,0,0,0,-0.4354706358402663,1,6,3.8064610148518825,1863.45996,1866.530029,1860.949951,3.070069000000103,2.5100089999998545,12,0,>1.0
2021-06-17,short,-1,-1,-1,-1,0.9551103813520627,0,1,0,-0.8042973272944083,3,6,10.025818105374201,1819.80005,1822.82996,1819.29016,3.0299099999999726,0.5098900000000413,1,1,0.7-1.0
2021-06-18,short,-1,-1,-1,-1,1.8921167416189102,0,0,0,-1.213937123078723,4,6,5.121616655953258,1783.050049,1787.69995,1780.5600500000003,4.649901,2.4899989999996706,10,0,>1.0
2021-06-21,short,-1,1,-1,-1,0.8671776271427557,0,0,0,-0.8018469236287284,0,6,3.7187414915513304,1773.21997,1775.87,1772.4500600000001,2.650029999999788,0.7699099999999817,1,1,0.7-1.0
2021-06-22,short,-1,1,-1,-1,0.6631988430996028,0,0,0,-1.1646643601838589,1,6,4.727437894268807,1787.80005,1789.72998,1787.59008,1.929930000000013,0.20997000000011212,2,1,0.5-0.7
2021-06-23,short,-1,1,-1,-1,0.7721453914120063,0,0,0,-0.655952270912081,2,6,2.6571068526739783,1780.22998,1782.72998,1779.9699719999999,2.5,0.2600080000001981,1,1,0.7-1.0
2021-06-24,short,-1,-1,-1,-1,0.7655963282017104,0,1,0,-1.2961644908183856,3,6,8.142225788160149,1774.25,1776.46997,1773.9499499999997,2.219970000000103,0.30005000000028303,1,1,0.7-1.0
2021-06-28,short,-1,1,-1,1,0.4954282204222275,0,0,0,-2.287139538562706,0,6,5.535552181248888,1778.27002,1780.64001,1777.999882,2.3699900000001435,0.27013799999986077,1,1,0.3-0.5
2021-06-29,short,-1,-1,-1,-1,0.7865679317503451,0,0,0,-0.6508978544427197,1,6,2.1953014583291917,1773.63,1776.02002,1772.6198720000002,2.390019999999822,1.010127999999895,2,1,0.7-1.0
2021-07-01,long,1,1,-1,1,1.0348522808467273,0,0,1,1.5621058466597528,3,7,5.530861951922639,1777.01001,1774.60999,1778.25011,2.4000200000000405,1.240099999999984,1,1,>1.0
2021-07-05,long,1,1,-1,1,1.8410289925519574,0,0,0,0.5880480290322134,0,7,3.5349807028349183,1787.73999,1784.84998,1789.67004,2.890010000000075,1.9300499999999374,6,0,>1.0
2021-07-06,long,1,1,-1,1,1.5731407359160385,0,0,1,2.1678069646393747,1,7,3.292402274403285,1800.83997,1796.95996,1802.38012,3.880010000000084,1.5401500000000397,1,1,>1.0
2021-07-07,long,1,1,-1,1,1.1489732055494646,0,0,0,2.0637275365323764,2,7,8.661558105820035,1802.10999,1799.28003,1803.89991,2.8299600000000282,1.7899200000001656,4,1,>1.0
2021-07-08,long,1,-1,1,1,1.0673184542240173,0,0,0,1.1967333152487865,3,7,3.1257146368059834,1798.80005,1796.40002,1800.20008,2.400030000000015,1.4000300000000152,7,1,>1.0
2021-07-09,long,1,-1,1,1,0.7958745785169193,0,0,0,1.3666791801910214,4,7,5.78321130384508,1805.62,1802.93005,1807.39001,2.6899499999999534,1.770010000000184,1,0,0.7-1.0
2021-07-12,long,1,-1,1,-1,0.7245232608124718,0,0,0,2.3792636150749615,0,7,3.5866648502999245,1804.33997,1801.560059,1804.8798810000003,2.7799110000000837,0.539911000000302,1,1,0.7-1.0
2021-07-13,long,1,1,1,1,0.9651451978589313,0,0,1,1.2078300574652456,1,7,3.7930752146532107,1810.96997,1808.21997,1812.06005,2.75,1.0900799999999435,1,1,0.7-1.0
2021-07-14,long,1,1,-1,1,0.9723001233398574,0,0,0,0.48229162746604876,2,7,2.958036963994501,1814.060059,1812.23999,1815.1999500000002,1.8200689999998758,1.1398910000002616,2,0,0.7-1.0
2021-07-15,long,1,1,1,1,0.9619053229784031,0,0,0,1.155682307642483,3,7,3.5282493329492195,1827.41003,1825.14001,1828.420048,2.2700199999999313,1.0100179999999455,1,1,0.7-1.0
2021-07-20,short,-1,1,1,1,0.7539847956463133,0,0,0,-0.48934500316125185,1,7,5.070521121527127,1816.18994,1818.04004,1815.6599199999998,1.8501000000001113,0.5300200000001496,1,1,0.7-1.0
2021-07-23,short,-1,-1,-1,-1,0.9746788335487743,0,0,0,-0.8096645562024583,4,7,2.8309851915834643,1802.37,1804.25,1801.1499,1.8800000000001091,1.2201000000000022,2,0,0.7-1.0
2021-07-26,long,1,1,-1,1,0.9960142030401765,0,0,0,0.8957235897594636,0,7,4.313070971337232,1807.64001,1805.39001,1808.8699900000001,2.25,1.2299800000000687,1,0,0.7-1.0
2021-07-27,short,-1,-1,-1,-1,0.7102158100072979,0,1,0,-1.2072887571791313,1,7,3.3091052814485518,1798.33997,1800.14001,1798.03993,1.800040000000081,0.3000400000000809,1,1,0.7-1.0
2021-07-28,short,-1,1,-1,1,1.3498745808598327,0,0,0,-0.3786860734308425,2,7,5.833036757470232,1804.59998,1806.91003,1803.1300099999999,2.3100500000000466,1.469970000000103,5,0,>1.0
2021-07-29,long,1,1,-1,1,0.6610913624536056,0,0,1,0.47465381785600747,3,7,10.368387039067297,1815.68005,1814.08997,1816.1500299999998,1.5900799999999435,0.4699799999998504,1,1,0.5-0.7
2021-07-30,long,1,1,-1,1,1.0968575307626955,0,0,1,1.4895349507106248,4,7,2.7394484903215366,1829.88,1826.80005,1830.54003,3.0799500000000535,0.6600299999997787,1,1,>1.0
2021-08-02,short,-1,-1,1,-1,0.9328051728288884,0,1,0,-0.9105808958084969,0,8,3.1491870949281906,1810.38,1812.75,1809.72998,2.369999999999891,0.6500200000000405,3,1,0.7-1.0
2021-08-04,short,-1,1,1,-1,0.6969637907819312,0,0,0,-1.752488091814466,2,8,2.3618924779365646,1811.93005,1813.91003,1811.3499700000002,1.9799800000000687,0.5800799999997253,2,1,0.5-0.7
2021-08-05,short,-1,-1,1,-1,1.380913259480169,0,0,0,-1.9545427473739807,3,8,6.044433291039288,1809.19995,1812.06006,1808.95996,2.860110000000077,0.23999000000003434,1,1,>1.0
2021-08-06,short,-1,-1,1,-1,1.784958250251334,0,0,0,-0.7393114452177956,4,8,1.8964108920351057,1799.14001,1801.81995,1797.9400500000002,2.6799399999999878,1.199959999999919,3,0,>1.0
2021-08-10,short,-1,-1,-1,-1,0.5879886640260009,0,0,0,-0.14045809267673978,1,8,4.925643392978639,1736.84998,1738.19995,1736.360108,1.3499699999999848,0.4898719999998775,1,1,0.5-0.7
2021-08-11,short,-1,1,-1,-1,0.9306920678135452,0,0,0,-0.7594596184088868,2,8,4.132745422020941,1733.14001,1735.18005,1732.18005,2.0400399999998626,0.9599600000001374,1,1,0.7-1.0
2021-08-12,long,1,1,-1,1,1.6391743811627566,0,0,1,1.2389801300200616,3,8,4.587232789589162,1752.73999,1750.16003,1754.0999700000002,2.5799600000000282,1.3599800000001778,6,1,>1.0
2021-08-13,long,1,1,-1,1,0.7558952382748728,0,0,0,0.11085455634372897,4,8,4.8564201502375,1755.62,1754.08997,1756.08997,1.530029999999897,0.469970000000103,3,1,0.7-1.0
2021-08-16,long,1,1,-1,1,0.8814101559658417,0,0,1,0.2963335530913668,0,8,2.2464189138501527,1777.20996,1775.18994,1778.01002,2.0200199999999313,0.8000600000000304,2,0,0.7-1.0
2021-08-17,long,1,1,-1,1,0.9973401412323226,0,0,1,0.7228968327075057,1,8,2.4120850266104656,1787.41003,1785.35999,1788.03991,2.050040000000081,0.6298799999999574,1,1,0.7-1.0
2021-08-18,long,1,1,1,1,0.8419846880093776,0,0,0,1.0460957449648949,2,8,5.222277646422214,1790.71997,1788.98999,1791.46997,1.7299800000000687,0.75,1,1,0.7-1.0
2021-08-19,long,1,-1,1,-1,0.9435921916008231,0,0,0,0.9056823550094156,3,8,5.0757073026741875,1780.31006,1777.560059,1782.040039,2.750001000000111,1.7299789999999575,1,1,0.7-1.0
2021-08-20,long,1,1,1,1,1.0849208574004956,0,0,0,1.4584616642577601,4,8,3.896355669657348,1787.32996,1784.64001,1788.16003,2.6899499999999534,0.8300699999999779,2,1,>1.0
2021-08-23,long,1,1,-1,1,0.7366258979679645,0,0,0,1.6546062165850777,0,8,4.089671711210149,1788.26001,1786.43005,1789.44983,1.8299600000000282,1.1898200000000543,7,1,0.7-1.0
2021-08-24,long,1,1,-1,1,0.7597705531514005,0,0,0,0.8546983492144263,1,8,3.3631780912863496,1802.02002,1800.32996,1802.27014,1.690059999999903,0.2501200000001518,1,1,0.7-1.0
2021-08-25,long,1,-1,1,-1,0.44478367940032293,0,0,0,0.6365140053712094,2,8,4.371106133373402,1795.26001,1793.93005,1795.58997,1.3299600000000282,0.32996000000002823,1,1,0.3-0.5
2021-08-26,short,-1,-1,1,-1,1.1788271317655592,0,0,0,-0.5418328104327049,3,8,2.909412590997606,1786.52002,1788.79004,1785.8100579999998,2.2700200000001587,0.7099620000001323,2,1,>1.0
2021-08-27,long,1,1,1,1,1.096025475727648,0,0,1,0.5659942865059044,4,8,3.857625691704587,1799.15002,1797.22998,1800.1699199999998,1.9200399999999718,1.0198999999997795,2,1,>1.0
2021-08-30,long,1,1,1,1,1.3984974448540195,0,0,1,1.0427584264347212,0,8,5.001211474028228,1816.31995,1813.98999,1817.9499500000002,2.3299600000000282,1.6300000000001091,2,1,>1.0
2021-08-31,long,1,1,1,1,1.3831431594588173,0,0,0,1.4132423633203282,1,8,2.202698204458055,1816.29004,1814.17004,1817.430058,2.1200000000001182,1.1400179999998272,2,1,>1.0
2021-09-01,long,1,1,1,1,1.1986684201409736,0,0,0,1.5452544506508346,2,9,3.890175607370446,1816.22998,1813.87,1817.6900580000001,2.359980000000178,1.4600780000000668,5,0,>1.0
2021-09-02,long,1,-1,1,1,1.0308536709838065,0,0,0,0.5483555885865512,3,9,3.4881111087059424,1812.29004,1810.68005,1813.0599499999998,1.6099900000001526,0.7699099999997543,2,1,>1.0
2021-09-03,short,-1,1,1,1,1.2922170299394227,0,0,0,-1.3401269978813535,4,9,2.3257142312080235,1811.59998,1813.19995,1810.5400499999998,1.5999699999999848,1.0599300000001222,5,0,>1.0
2021-09-06,long,1,1,1,1,0.6769498882315388,0,0,0,-0.04828862780635976,0,9,4.0927363859074015,1826.56006,1825.14001,1827.03993,1.4200499999999465,0.47986999999989166,4,1,0.5-0.7
2021-09-08,short,-1,-1,1,-1,0.9056273139933265,0,1,0,-1.3035882419369753,2,9,4.627513162913155,1796.88,1798.85999,1796.53991,1.979989999999816,0.34009000000014566,1,1,0.7-1.0
2021-09-09,short,-1,-1,1,-1,0.5942412154207783,0,0,0,-0.6747536544940996,3,9,2.978134607166618,1787.57996,1789.04004,1787.3598599999998,1.4600800000000618,0.22010000000022956,1,1,0.5-0.7
2021-09-10,short,-1,1,-1,-1,1.093747472933296,0,0,0,-1.3436946644149945,4,9,5.293275533830761,1796.48999,1798.79004,1795.48998,2.3000500000000557,1.0000099999999748,2,0,>1.0
2021-09-13,short,-1,-1,-1,-1,0.751905712288925,0,0,0,-1.1628238715103636,0,9,3.272411253375349,1791.040039,1792.94995,1790.72999,1.9099109999999655,0.3100489999999354,1,1,0.7-1.0
2021-09-14,short,-1,1,-1,-1,0.6901733320822525,0,0,0,-1.4993151903949566,1,9,1.8582702066220886,1790.71997,1792.63,1789.80994,1.9100300000000061,0.9100300000000061,2,1,0.5-0.7
2021-09-15,long,1,1,-1,1,1.3443648449414722,0,0,1,0.6721104029252438,2,9,5.473468223312711,1803.95996,1802.17004,1804.9100400000002,1.7899199999999382,0.9500800000002982,2,0,>1.0
2021-09-17,short,-1,-1,-1,-1,0.5215346647173323,0,0,0,-0.5251841016553501,4,9,4.83903739112305,1757.63,1759.83997,1756.48009,2.2099699999998847,1.1499100000000908,1,1,0.5-0.7
2021-09-21,short,-1,1,-1,-1,1.1024747110440216,0,0,0,-1.2691632622372513,1,9,3.3690986833616416,1761.040039,1763.18005,1760.2999300000001,2.1400109999999586,0.7401089999998476,5,0,>1.0
2021-09-22,long,1,1,-1,1,1.0621403916113719,0,0,1,1.5368707567275017,2,9,4.1990278652747435,1778.43994,1776.03003,1779.16993,2.4099100000000817,0.7299900000000434,1,1,>1.0
2021-09-27,short,-1,1,-1,-1,1.0822671479717612,0,0,0,-0.6654598523807188,0,9,4.249069629219593,1758.32996,1760.23999,1757.0400300000001,1.9100300000000061,1.289929999999913,5,0,>1.0
2021-09-29,short,-1,1,-1,-1,1.6872739526995726,0,0,0,-2.1218877309277473,2,9,3.577208456196724,1738.10999,1741.15002,1736.69006,3.0400300000001153,1.4199300000000221,10,0,>1.0
2021-10-01,long,1,1,-1,1,1.6955175931541377,0,0,1,1.9257190748400264,4,10,6.615551375605057,1754.67004,1750.81995,1757.35999,3.850089999999909,2.6899499999999534,23,0,>1.0
2021-10-04,long,1,1,-1,1,0.5819886026538491,0,0,0,0.33689498530695733,0,10,2.774559249224816,1760.079956,1758.43994,1760.45996,1.6400160000000596,0.38000399999987167,1,1,0.5-0.7
2021-10-07,long,1,1,-1,1,1.2571051583703345,1,0,0,0.5816493109086082,3,10,4.1984562482158,1759.21997,1757.28003,1760.4599699999999,1.939940000000206,1.2399999999997817,6,1,>1.0
2021-10-08,short,-1,1,-1,-1,1.2741736613193244,1,0,0,-0.8650028202469533,4,10,2.7051325639812283,1758.87,1761.13,1757.8900199999998,2.2600000000002183,0.9799800000000687,2,1,>1.0
2021-10-11,short,-1,1,1,-1,1.6712368583401158,0,0,0,-2.103905765979038,0,10,4.916861393177827,1756.71997,1760.579956,1754.9801039999998,3.8599859999999353,1.7398660000003474,8,1,>1.0
2021-10-12,short,-1,1,-1,-1,1.5148281646845867,1,0,0,-0.8546237345853346,1,10,3.357254874279268,1756.93005,1759.530029,1755.449951,2.5999790000000758,1.480098999999882,3,0,>1.0
2021-10-13,long,1,1,-1,1,1.8919937149452926,1,0,0,1.6039356861817096,2,10,2.8601873284571924,1762.42004,1759.79004,1764.2299799999998,2.6299999999998818,1.8099399999998695,14,1,>1.0
2021-10-14,long,1,1,1,1,1.7315385185660281,1,0,1,1.7698773699291572,3,10,15.487771159619939,1790.88,1787.21997,1792.23999,3.660030000000006,1.3599899999999252,5,1,>1.0
2021-10-18,short,-1,-1,1,-1,2.3352072234829144,0,0,0,-2.4044049216758494,0,10,2.3086124006872377,1767.82996,1771.46997,1764.8901299999998,3.640010000000075,2.9398300000002564,9,1,>1.0
2021-10-22,long,1,1,1,1,1.8687468144562196,1,0,0,0.6778765905309017,4,10,3.5408389001297373,1788.33997,1785.38,1790.180058,2.9599699999998847,1.8400879999999233,1,1,>1.0
2021-10-25,long,1,1,1,1,1.7587669007062314,0,0,0,2.854170201199227,0,10,3.4215915108980863,1798.63,1794.589966,1801.0301519999998,4.040034000000105,2.400151999999707,5,1,>1.0
2021-10-26,long,1,1,1,1,1.1510828208245811,0,0,1,0.07635146919096811,1,10,2.6977933185019154,1805.30005,1803.07996,1806.90002,2.2200900000000274,1.5999699999999848,2,0,>1.0
2021-10-27,short,-1,-1,1,-1,1.2887745969509885,1,1,0,-2.2693942140428605,2,10,6.6965169328105665,1787.19995,1789.12,1785.8599800000002,1.9200499999999465,1.3399699999997665,3,1,>1.0
2021-10-28,long,1,1,1,1,1.203354564229713,1,0,0,0.8614944145062067,3,10,6.153068483735503,1800.64001,1797.98999,1802.01001,2.6500200000000405,1.3699999999998909,5,1,>1.0
2021-10-29,long,1,-1,1,1,1.2880646948112981,0,0,0,0.7075577899098059,4,10,3.8721726261602374,1797.069946,1794.70996,1798.4499600000001,2.3599860000001627,1.3800140000000738,2,0,>1.0
2021-11-01,short,-1,1,-1,-1,1.4344864800292658,0,0,0,-2.13019090554617,0,11,3.490484583514043,1784.29004,1786.95996,1782.45996,2.66991999999982,1.83008000000018,10,0,>1.0
2021-11-03,short,-1,-1,1,-1,1.502331657998526,1,1,0,-3.015019847050204,2,11,6.370096407489631,1776.030029,1784.27002,1775.12988,8.239990999999918,0.9001490000000558,1,1,>1.0
2021-11-04,short,-1,1,1,-1,1.076770590134317,1,0,0,-1.5867575468864876,3,11,6.117652815979498,1775.51001,1778.05005,1774.12989,2.54004000000009,1.3801200000000335,10,1,>1.0
2021-11-05,long,1,1,-1,1,0.8886933892608748,1,0,1,1.1496608496270457,4,11,2.489336486700935,1794.78003,1792.84998,1795.5299,1.9300499999999374,0.7498700000001008,2,1,0.7-1.0
2021-11-08,long,1,1,1,1,1.4862853016773194,0,0,1,0.9804899498592106,0,11,4.792706857132112,1820.28003,1817.21997,1822.4799819999998,3.060059999999794,2.1999519999999393,8,0,>1.0
2021-11-09,long,1,1,1,1,2.1211796718187537,1,0,1,1.011503866781131,1,11,5.287231909064528,1824.60999,1821.47998,1826.30004,3.1300099999998565,1.6900500000001557,1,1,>1.0
2021-11-11,long,1,1,1,1,5.217705098353862,0,0,1,1.8664089864702726,3,11,16.87912561416489,1855.92004,1843.27002,1864.0100000000002,12.65002000000004,8.089960000000247,5,1,>1.0
2021-11-12,long,1,-1,1,1,1.1755751707413082,1,0,0,1.9358473314286193,4,11,4.765023002421733,1857.43005,1855.10999,1858.26989,2.3200600000000122,0.8398400000000947,3,1,>1.0
2021-11-17,short,-1,-1,1,-1,1.4472881855360695,0,1,0,-1.6934121989663964,2,11,15.83028886545756,1852.52002,1856.64001,1851.2000699999999,4.1199900000001435,1.3199500000000626,15,0,>1.0
2021-11-18,long,1,1,1,1,1.745888465314412,0,0,0,0.8072897215901246,3,11,6.1711399206358655,1867.31995,1863.77002,1869.59008,3.5499300000001313,2.270129999999881,9,0,>1.0
2021-11-19,short,-1,1,1,1,1.329941830182888,0,0,0,-1.4895827277106568,4,11,4.424413650254394,1861.069946,1863.62,1860.12,2.550053999999818,0.9499460000001818,4,1,>1.0
2021-11-22,short,-1,-1,1,-1,0.6759458701596767,0,0,0,-0.9174290117982982,0,11,4.181625314018067,1845.46997,1847.19995,1844.7399900000003,1.7299799999998413,0.7299799999998413,1,0,0.5-0.7
2021-11-23,short,-1,-1,1,-1,1.8502431561168302,0,1,0,-0.9178870077776888,1,11,13.772390997863917,1807.51001,1810.80005,1805.17993,3.29004000000009,2.3300799999999526,8,1,>1.0
2021-11-24,short,-1,1,1,-1,1.22325600503431,0,0,0,-0.8195751279612056,2,11,7.505348963780782,1792.92004,1795.42004,1790.97986,2.5,1.9401800000000549,5,0,>1.0
2021-11-25,short,-1,1,-1,-1,0.7345545430277154,0,0,0,-0.5811362515313437,3,11,13.717555701548168,1792.29004,1793.81006,1791.48998,1.5200199999999313,0.8000600000000304,11,0,0.7-1.0
2021-11-29,short,-1,-1,-1,-1,1.1251828025033344,0,0,0,-0.5600152841062485,0,11,8.113315334301513,1793.66003,1797.15002,1792.22986,3.4899900000000343,1.4301700000000892,2,1,>1.0
2021-12-01,short,-1,-1,-1,-1,1.2254123321620505,1,1,0,-0.18295626364702408,2,12,15.8985480729967,1778.050049,1780.88,1775.9600799999998,2.8299510000001646,2.08996900000011,7,0,>1.0
2021-12-02,short,-1,-1,-1,-1,0.9034992329201385,0,0,0,-1.1774022206279822,3,12,7.001011153274644,1779.77002,1781.68005,1778.7398699999999,1.9100300000000061,1.0301500000000487,2,1,0.7-1.0
2021-12-03,short,-1,1,-1,-1,1.6726925956874183,0,0,0,-2.5399302468235465,4,12,10.933472863755586,1771.10999,1774.92004,1769.0199000000002,3.8100500000000466,2.090089999999691,4,1,>1.0
2021-12-07,short,-1,1,-1,1,0.90055852235083,0,0,0,-1.0892114032640932,1,12,6.010091224461475,1778.76001,1780.75,1778.1499,1.9899900000000343,0.610110000000077,1,1,0.7-1.0
2021-12-08,long,1,1,-1,1,1.6212331180761421,1,0,1,1.4671827280020724,2,12,8.107689318038865,1790.82996,1788.45996,1792.1201200000003,2.3700000000001182,1.2901600000002418,4,0,>1.0
2021-12-10,short,-1,-1,-1,-1,1.6785592784612295,1,0,0,-0.321580216846078,4,12,7.893256837383851,1777.65002,1780.05005,1776.2099500000002,2.400030000000015,1.4400699999998778,4,1,>1.0
2021-12-13,long,1,1,-1,1,1.0901186750467609,0,0,0,0.7770742294368922,0,12,4.3385208116587055,1786.73999,1784.93994,1787.45996,1.8000500000000557,0.7199699999998757,5,0,>1.0
2021-12-14,long,1,1,-1,1,1.574931787393943,1,0,0,1.765006776532401,1,12,6.953863131927043,1788.16003,1785.540039,1788.859861,2.6199910000000273,0.6998309999999037,6,0,>1.0
2021-12-15,short,-1,-1,-1,-1,2.6684157053691315,1,1,0,-1.0160520560461324,2,12,12.166448494750023,1769.66003,1772.88,1767.1800599999997,3.219970000000103,2.4799700000003213,8,1,>1.0
2021-12-16,long,1,1,-1,1,1.2213467138914713,0,0,0,1.5244301249540575,3,12,17.54743621572416,1783.63,1781.34998,1784.5899600000002,2.2800200000001496,0.9599600000001374,2,1,>1.0
2021-12-17,long,1,1,-1,1,1.3456221397760457,0,0,1,0.6585210682281528,4,12,12.428423395247876,1803.53003,1801.13,1805.3900199999998,2.400029999999788,1.8599899999999252,2,1,>1.0
2021-12-20,long,1,-1,1,1,1.237781401122992,0,0,0,1.3541278807569672,0,12,2.4868629547926915,1802.73999,1800.93994,1803.7800399999999,1.8000500000000557,1.0400499999998374,4,1,>1.0
2021-12-21,short,-1,-1,1,-1,0.9827262179428535,1,1,0,-2.3619570365349163,1,12,8.930849233879462,1789.46997,1791.69995,1788.82007,2.2299799999998413,0.649900000000116,3,0,0.7-1.0
2021-12-22,short,-1,-1,1,-1,2.850882706244166,1,1,0,-1.28351130896193,2,12,11.044922457289161,1787.76001,1791.23999,1786.5200100000002,3.4799800000000687,1.2399999999997817,8,1,>1.0
2021-12-23,long,1,1,1,1,1.6957242247383961,0,0,1,1.4079376193313755,3,12,16.976499476233638,1807.68005,1804.76001,1808.56005,2.9200399999999718,0.8800000000001091,21,0,>1.0
2021-12-29,short,-1,-1,1,-1,0.9281230186103727,1,0,0,-0.7939300909592201,2,12,9.071817369568576,1806.73999,1808.21997,1806.06005,1.4799800000000687,0.6799399999999878,4,1,0.7-1.0
2021-12-30,short,-1,-1,1,-1,2.219025625270317,0,0,0,-1.0517329703730718,3,12,14.260497848795548,1800.46997,1803.85999,1799.51989,3.390019999999822,0.9500800000000709,1,1,>1.0
2021-12-31,long,1,1,-1,1,1.851728226755661,1,0,1,1.0644742743871443,4,12,19.720569224351816,1818.98999,1816.80005,1820.6398900000002,2.1899399999999787,1.649900000000116,7,0,>1.0
2022-01-04,short,-1,-1,1,-1,1.960570996708183,0,1,0,-0.9936012040950101,1,1,10.919984198753188,1803.79004,1806.75,1801.830078,2.95995999999991,1.9599620000001323,14,0,>1.0
2022-01-05,long,1,1,1,1,2.187955416903614,1,0,0,1.4413717169513296,2,1,12.169976061674616,1816.92004,1813.93005,1818.6500300000002,2.9899900000000343,1.7299900000002708,2,0,>1.0
2022-01-06,short,-1,-1,-1,-1,1.10403094858772,0,0,0,-1.1754906247371184,3,1,7.650308827506771,1807.52002,1809.91003,1806.6300099999999,2.390010000000075,0.8900100000000748,1,1,>1.0
2022-01-07,short,-1,-1,1,-1,2.1371480865335872,0,1,0,-2.262170584582194,4,1,5.238361965040974,1790.71997,1793.79004,1789.53002,3.070069999999987,1.1899500000001808,2,1,>1.0
2022-01-10,short,-1,-1,-1,-1,2.138658001183968,0,0,0,-0.7343653489668616,0,1,2.0880474171619072,1792.069946,1795.01001,1789.85009,2.940063999999893,2.2198560000001635,10,0,>1.0
2022-01-11,long,1,1,-1,1,2.461980016632084,0,0,1,1.4932179385242499,1,1,12.450101502291318,1808.51001,1804.589966,1810.6300139999998,3.9200439999999617,2.1200039999998808,21,0,>1.0
2022-01-12,long,1,1,-1,1,1.1030659835062093,1,0,1,2.308005763946729,2,1,16.416572075209604,1820.93994,1818.31995,1820.98009,2.619989999999916,0.040150000000039654,1,1,>1.0
2022-01-13,long,1,1,1,1,1.2696264379814683,1,0,1,1.03656902531429,3,1,7.305508944973007,1825.93994,1823.89001,1826.56995,2.049929999999904,0.6300100000000839,1,1,>1.0
2022-01-14,long,1,1,1,1,2.1765375058762952,0,0,0,0.9212387908078846,4,1,8.805154771798678,1827.68005,1824.42004,1829.73988,3.2600099999999657,2.0598300000001473,13,0,>1.0
2022-01-21,long,1,1,1,1,0.913481182996545,1,0,0,1.5091320449965981,4,1,5.942321050427319,1842.31995,1840.26001,1843.06005,2.059940000000097,0.740099999999984,2,0,0.7-1.0
2022-01-24,long,1,1,1,1,1.7882984093906429,0,0,0,1.3611367874754896,0,1,2.60148467488921,1837.93005,1835.17004,1839.2699000000002,2.7600099999999657,1.3398500000002969,4,1,>1.0
2022-01-25,long,1,1,1,1,1.5138457481083656,0,0,0,1.9596102180930142,1,1,8.638953135788677,1841.88,1839.70996,1843.46998,2.170040000000199,1.5899799999999686,19,0,>1.0
2022-01-27,short,-1,-1,1,-1,1.62501016711872,0,1,0,-0.8857153192386026,3,1,13.558136338631764,1814.78003,1817.76001,1812.3798900000002,2.9799800000000687,2.4001399999997375,1,1,>1.0
2022-01-28,short,-1,-1,1,-1,0.9549588115933946,0,1,0,-0.7840232451271765,4,1,7.079582687355036,1798.040039,1799.97998,1797.5800799999997,1.9399410000000898,0.4599590000002536,2,1,0.7-1.0
2022-01-31,short,-1,-1,-1,-1,1.1478738789765246,0,0,0,-1.3722654097659095,0,1,2.5072215715145614,1787.18994,1789.29004,1786.1298799999997,2.1001000000001113,1.0600600000002487,2,1,>1.0
2022-02-02,short,-1,-1,-1,-1,1.051052313663235,0,0,0,-1.5014318084806535,2,2,9.399026672462208,1797.23999,1799.12,1796.5199000000002,1.8800099999998565,0.7200899999998001,4,1,>1.0
2022-02-04,long,1,1,-1,1,1.2799500042132284,1,0,0,1.179475898963006,4,2,13.821336063039043,1807.34998,1805.46997,1808.01001,1.8800099999998565,0.6600300000000061,11,1,>1.0
2022-02-07,long,1,1,1,1,1.1396572316607272,0,0,0,0.2524195451452086,0,2,5.850665683223966,1810.77002,1808.81006,1812.1098599999998,1.95995999999991,1.3398399999998674,9,0,>1.0
2022-02-10,long,1,1,1,1,1.3500212020309668,0,0,1,1.1227533269321344,3,2,10.738347952686956,1834.77002,1833.17004,1835.5699599999998,1.5999799999999595,0.7999399999998786,6,1,>1.0
2022-02-11,short,-1,-1,1,-1,1.0099057528370445,1,0,0,0.7714047587988923,4,2,11.731847936148757,1825.17004,1827.35999,1824.31995,2.1899499999999534,0.8500899999999092,2,1,>1.0
2022-02-16,long,1,-1,1,1,1.7371071461457306,0,0,0,0.40343292251272483,2,2,6.933293091598249,1853.02002,1850.94995,1854.55005,2.070069999999987,1.5300300000001243,4,1,>1.0
2022-02-17,long,1,1,1,1,1.0730596685469487,1,0,1,0.7341325841208188,3,2,8.959837866470288,1869.44995,1867.34998,1870.8900199999998,2.099969999999985,1.4400699999998778,1,1,>1.0
2022-02-22,long,1,1,1,1,1.0772419703366147,0,0,1,0.9259404388997285,1,2,7.13625010466407,1911.38,1908.14001,1912.2000699999999,3.2399900000000343,0.8200699999997596,1,1,>1.0
2022-02-25,short,-1,-1,1,1,1.199782205050492,0,0,0,-0.5866948682022087,4,2,15.960933956222608,1911.93994,1916.76001,1908.08007,4.820069999999987,3.859870000000001,6,0,>1.0
2022-02-28,long,1,1,1,1,1.4495390789734945,0,0,1,1.5157135164335664,0,2,7.984712421777193,1911.089966,1905.83997,1915.0999700000002,5.24999600000001,4.010004000000208,9,0,>1.0
2022-03-01,long,1,-1,1,-1,1.3833239492459595,0,0,0,1.3188525738683248,1,3,6.721454538345226,1905.73999,1902.38,1907.59998,3.359989999999925,1.8599899999999252,8,1,>1.0
2022-03-02,long,1,1,1,1,1.611832102620921,0,0,1,2.2764549150599276,2,3,8.201696019793255,1941.069946,1933.06995,1943.2701299999999,7.99999600000001,2.2001839999998083,1,1,>1.0
2022-03-03,long,1,-1,1,1,0.8902948476774832,1,0,0,1.594040969416228,3,3,6.49345824328498,1932.20996,1927.62,1933.1800400000002,4.589960000000019,0.97008000000028,1,1,0.7-1.0
2022-03-04,long,1,-1,1,1,0.9844982865411542,1,0,1,1.9484657530192167,4,3,9.398084139706814,1941.34998,1937.95996,1944.21998,3.3900200000000495,2.8700000000001182,2,1,0.7-1.0
2022-03-07,long,1,1,1,1,0.8466897304910372,0,0,1,2.1772048200038223,0,3,5.207588145401102,1993.060059,1986.33997,1994.4000299999998,6.720088999999916,1.3399709999998777,2,1,0.7-1.0
2022-03-08,long,1,-1,1,1,1.5603704685450408,0,0,0,2.0281156857121663,1,3,7.772685176517743,1991.28003,1985.73999,1994.1799299999998,5.540039999999863,2.8998999999998887,4,1,>1.0
2022-03-09,long,1,1,1,1,1.1551783014920791,0,0,1,1.3574310464358734,2,3,10.163499563779052,2056.94995,2049.93994,2061.52002,7.010009999999966,4.57006999999976,9,0,>1.0
2022-03-11,short,-1,-1,1,-1,1.493743096651305,1,0,0,-1.4777951924135617,4,3,3.1540868903490207,1991.57996,1995.87,1987.8900000000003,4.290039999999863,3.689959999999701,4,1,>1.0
2022-03-14,short,-1,-1,1,-1,0.7163721193200913,0,0,0,-1.8001437735946675,0,3,4.368655683022359,1969.88,1974.599976,1969.420044,4.7199759999998605,0.45995600000014747,1,1,0.7-1.0
2022-03-15,short,-1,-1,1,-1,0.9191467300890955,1,1,0,-0.3836875003256762,1,3,5.583300680074696,1940.94995,1944.34998,1939.2501200000002,3.400030000000015,1.6998299999997926,3,1,0.7-1.0
2022-03-16,short,-1,-1,1,-1,1.3335753598288154,0,1,0,-1.408266248582134,2,3,6.427043172812337,1918.15002,1921.44995,1915.94995,3.299929999999904,2.200070000000096,2,1,>1.0
2022-03-17,short,-1,1,-1,-1,1.88259676853887,1,0,0,-1.0391367860325191,3,3,9.001241910759282,1933.55005,1938.550049,1929.969971,4.999998999999889,3.580079000000069,13,0,>1.0
2022-03-18,long,1,-1,-1,1,1.1171074371609624,0,0,0,0.5202299209895147,4,3,6.355999560814217,1935.30005,1930.62,1937.8199400000003,4.680050000000165,2.5198900000002595,9,0,>1.0
2022-03-21,short,-1,-1,-1,-1,1.307676664300704,0,0,0,-1.698237272149841,0,3,4.270868419156827,1923.71997,1928.28003,1923.1599100000003,4.560059999999794,0.560059999999794,4,1,>1.0
2022-03-22,long,1,1,-1,1,0.9291992986613301,1,0,1,2.102826350708222,1,3,8.042963859855787,1937.26001,1934.20996,1938.13012,3.0500500000000557,0.8701100000000679,5,0,0.7-1.0
2022-03-23,short,-1,-1,-1,-1,0.8125767439336995,1,0,0,-0.3536173402192623,2,3,5.834479269633008,1922.81995,1924.96997,1921.85009,2.1500200000000405,0.9698600000001534,1,1,0.7-1.0
2022-03-24,long,1,1,-1,1,0.890773675629979,1,0,1,1.210182248689892,3,3,5.194709300418645,1942.58997,1939.71997,1944.1799299999998,2.869999999999891,1.5899599999997918,2,0,0.7-1.0
2022-03-29,short,-1,-1,1,-1,1.5200291799856795,0,1,0,-1.568288107097436,1,3,4.150571952824876,1925.050049,1928.65002,1922.48988,3.599971000000096,2.56016899999986,3,1,>1.0
2022-03-30,short,-1,1,-1,-1,1.0897072350821286,1,0,0,-0.8412757796281769,2,3,9.322323882435738,1922.35999,1925.90002,1920.40002,3.5400300000001153,1.9599699999998847,2,0,>1.0
2022-03-31,long,1,-1,-1,-1,1.2401893163595354,1,0,0,1.8937141480116315,3,3,6.742799797613663,1928.85999,1923.62,1930.42004,5.239990000000034,1.5600500000000466,2,1,>1.0
2022-04-01,long,1,1,-1,1,0.9613481519865531,1,0,0,0.8171487231571988,4,4,4.308324496630934,1936.69995,1933.530029,1937.2299710000002,3.169920999999931,0.5300210000002608,1,1,0.7-1.0
2022-04-05,long,1,-1,-1,1,1.4733125752453085,0,0,0,0.006989539703105447,1,4,3.3509958998677734,1928.66003,1926.0,1930.7199799999999,2.660030000000006,2.0599499999998443,4,1,>1.0
2022-04-06,short,-1,-1,-1,-1,1.649329151721668,0,1,0,-1.7014658630830055,2,4,7.328594635402892,1920.83997,1924.69995,1918.50001,3.8599799999999505,2.339960000000019,8,1,>1.0
2022-04-08,long,1,-1,-1,1,1.8005443543148276,0,0,0,2.0094291059476825,4,4,2.579369709306908,1931.41003,1928.28003,1933.78003,3.130000000000109,2.369999999999891,5,0,>1.0
2022-04-11,long,1,1,1,1,1.4418415682480514,0,0,0,1.04208424470021,0,4,1.8613316365699752,1944.73999,1941.02002,1947.5800800000002,3.719970000000103,2.8400900000001457,10,1,>1.0
2022-04-14,long,1,1,1,1,1.6871921987889955,0,0,0,1.172295159347009,3,4,1.908547715631185,1975.69995,1972.16003,1978.0999700000002,3.5399199999999382,2.400020000000268,5,0,>1.0
2022-04-18,long,1,1,1,1,1.0138278172603743,0,0,1,1.1162766650655491,0,4,6.053451825584288,1986.12,1983.06006,1987.5200200000002,3.0599399999998695,1.4000200000002678,2,1,>1.0
2022-04-19,long,1,-1,1,1,1.1433524140718216,0,0,0,2.0396223396579902,1,4,4.194491133375438,1979.88,1975.84998,1981.0699399999999,4.03002000000015,1.1899399999997513,4,1,>1.0
2022-04-20,short,-1,-1,1,-1,1.4510482013418071,0,1,0,-1.6990775201639843,2,4,7.894290383641623,1940.80005,1944.82996,1937.30994,4.029909999999973,3.4901099999999587,5,0,>1.0
2022-04-21,short,-1,-1,1,-1,1.1120047883010518,0,0,0,-0.7339157469134643,3,4,2.5593076276313673,1950.20996,1953.01001,1949.51001,2.8000500000000557,0.6999499999999443,3,0,>1.0
2022-04-27,short,-1,-1,-1,-1,1.5349909715864978,0,0,0,-1.295928590900179,2,4,2.17132553237723,1896.55005,1899.98999,1894.6101079999999,3.4399399999999787,1.939942000000201,3,0,>1.0
2022-04-28,short,-1,-1,-1,-1,1.0783705395936907,0,1,0,-1.4499100710196087,3,4,4.5440189903780865,1874.73999,1879.43005,1873.58997,4.690059999999903,1.1500200000000405,5,0,>1.0
2022-05-02,short,-1,-1,-1,-1,1.6585300916986727,0,1,0,-1.7080142884806537,0,5,4.0572093256016215,1883.099976,1889.09998,1881.22008,6.00000399999999,1.879895999999917,14,1,>1.0
2022-05-03,short,-1,-1,-1,-1,0.8180372063544877,0,0,0,-1.204049395272944,1,5,3.5474968374859976,1861.050049,1864.07996,1860.7401,3.0299110000000837,0.3099489999999605,1,1,0.7-1.0
2022-05-04,short,-1,-1,-1,-1,1.418718082595139,0,0,0,-1.488071327886043,2,5,4.867410993650597,1863.26001,1866.21997,1861.21997,2.9599600000001374,2.0400399999998626,3,0,>1.0
2022-05-05,long,1,1,-1,1,0.9465841201857722,0,0,1,0.14736884820034943,3,5,9.340448204281207,1901.63,1899.35999,1903.2000699999999,2.270010000000184,1.5700699999997596,4,0,0.7-1.0
2022-05-06,short,-1,-1,-1,-1,0.6719378290054208,0,0,0,-0.710744577670866,4,5,5.655798268762923,1875.93005,1877.81995,1875.2401099999997,1.8899000000001251,0.689940000000206,3,0,0.5-0.7
2022-05-10,short,-1,-1,-1,-1,0.9113336974665346,0,0,0,-0.5256197781674327,1,5,4.350109488710157,1863.31995,1865.88,1861.59998,2.5600500000000466,1.719970000000103,7,1,0.7-1.0
2022-05-13,short,-1,-1,-1,-1,1.3408138924070034,0,1,0,-2.3489383094071465,4,5,6.940372602522958,1823.18994,1828.02002,1822.19996,4.830079999999953,0.9899800000000596,1,1,>1.0
2022-05-16,short,-1,-1,-1,-1,1.0688712603403083,0,0,0,-0.8759667034671491,0,5,2.5219376419550996,1808.38,1811.90002,1807.2999399999999,3.5200199999999313,1.0800600000002305,2,1,>1.0
2022-05-17,long,1,1,-1,1,1.8985474074762558,0,0,1,1.751035977331423,1,5,6.060733027581453,1826.39001,1822.28003,1828.6999500000002,4.109980000000178,2.309940000000097,1,1,>1.0
2022-05-19,short,-1,1,-1,-1,0.9354745664070746,0,0,0,-0.4544002791997735,3,5,3.2814847733285375,1815.44995,1817.76001,1814.4599699999999,2.3100600000000213,0.9899800000000596,1,1,0.7-1.0
2022-05-23,long,1,1,-1,1,1.157313186669045,0,0,1,1.0078618785338926,0,5,4.652046642146759,1856.30005,1853.35999,1858.03991,2.9400600000001305,1.7398599999999078,1,0,>1.0
2022-05-26,short,-1,-1,1,-1,1.9710801808113365,0,1,0,-0.13215813763156073,3,5,3.776945427564435,1845.34998,1852.18005,1844.81995,6.830069999999978,0.530029999999897,13,1,>1.0
2022-05-27,short,-1,1,-1,1,1.1172788124687583,0,0,0,-0.6703225963286948,4,5,3.542580624951696,1852.16003,1855.39001,1851.39001,3.2299800000000687,0.7700199999999313,1,0,>1.0
2022-05-30,long,1,1,1,1,1.6060649436531416,0,0,1,1.721696441049366,0,5,8.393339691247853,1862.56995,1858.93005,1864.7098420000002,3.639900000000125,2.1398920000001453,11,0,>1.0
2022-05-31,long,1,-1,-1,-1,1.3648759901006102,0,0,0,0.6572203429560027,1,5,4.42248537771826,1853.23999,1850.68005,1854.9598420000002,2.559940000000097,1.7198520000001736,7,1,>1.0
2022-06-01,short,-1,-1,1,-1,2.0269188002156553,0,1,0,-1.7881663875054337,2,6,6.079285617499136,1831.20996,1837.34998,1829.54992,6.1400200000000495,1.6600399999999809,16,1,>1.0
2022-06-03,long,1,1,-1,1,1.1710885739471029,0,0,1,1.1195733748537924,4,6,3.0779061879198606,1869.030029,1866.85999,1870.53991,2.170039000000088,1.5098809999999503,6,0,>1.0
2022-06-06,short,-1,1,1,-1,0.7019055807128151,0,0,0,-0.7656679445097421,0,6,2.5971283146520525,1855.38,1856.83997,1854.7999300000001,1.4599699999998847,0.5800699999999779,2,1,0.7-1.0
2022-06-07,short,-1,-1,-1,-1,2.3125395919139096,0,1,0,-2.1733858462898477,1,6,4.184943618602751,1838.94995,1844.45996,1836.3200600000002,5.510009999999966,2.6298899999997047,5,0,>1.0
2022-06-08,long,1,-1,-1,-1,1.4806098557025378,0,0,0,1.212687425409327,2,6,3.3985623166907732,1848.60999,1845.22998,1849.92994,3.3800099999998565,1.3199500000000626,6,1,>1.0
2022-06-10,short,-1,-1,1,-1,1.3976923304128526,0,0,0,-0.7893712852467438,4,6,1.8768559096422857,1844.18994,1846.579956,1842.6800440000002,2.3900160000000596,1.5098959999997987,11,0,>1.0
2022-06-14,short,-1,-1,1,-1,0.9090041281620982,0,1,0,-0.10424996705321206,1,6,6.6541331662870515,1824.71997,1827.63,1823.99012,2.910030000000006,0.7298500000001695,5,0,0.7-1.0
2022-06-15,short,-1,1,-1,-1,1.008937828001134,0,0,0,-0.40364239372239524,2,6,3.677925953328096,1814.68994,1817.26001,1813.76001,2.570069999999987,0.929930000000013,1,1,>1.0
2022-06-16,long,1,-1,-1,1,1.0374136685111692,0,0,0,1.0729622177916343,3,6,6.291757212908486,1833.5,1829.37,1836.2899120000002,4.130000000000109,2.789912000000186,4,0,>1.0
2022-06-17,long,1,1,-1,1,1.3073700514080135,0,0,1,1.6621296256089433,4,6,8.99911798725379,1845.59998,1841.550049,1847.2099510000003,4.049931000000015,1.6099710000003142,1,1,>1.0
2022-06-22,short,-1,-1,-1,-1,0.901763269827387,0,1,0,-1.1706640258640497,2,6,4.0635065988538335,1825.58997,1829.02002,1825.30004,3.4300499999999374,0.289929999999913,1,1,0.7-1.0
2022-06-23,long,1,-1,-1,-1,0.7065861413671712,0,0,0,0.41562727529404714,3,6,3.78788653948052,1833.73999,1831.89001,1834.76991,1.8499799999999595,1.0299199999999473,1,1,0.7-1.0
2022-06-24,short,-1,-1,-1,-1,0.9341473657182366,0,1,0,-1.1196942824309606,4,6,5.776136711604545,1823.56006,1826.04004,1822.520018,2.4799800000000687,1.040042000000085,2,1,0.7-1.0
2022-06-28,short,-1,-1,-1,-1,0.9600465997611978,0,1,0,0.2845020370768194,1,6,2.9448400832238772,1825.81006,1827.43005,1824.76991,1.619989999999916,1.0401500000000397,6,0,0.7-1.0
2022-06-29,short,-1,-1,-1,-1,1.040842360385398,0,0,0,-1.219576083621496,2,6,1.7445414749280252,1819.95996,1822.34998,1819.17004,2.3900200000000495,0.7899199999999382,1,1,>1.0
2022-07-04,short,-1,1,-1,1,0.7460320068972923,0,0,0,-1.1281582403850157,0,7,5.030558485469677,1810.88,1812.71997,1809.76001,1.8399699999999939,1.1199900000001435,2,1,0.7-1.0
2022-07-06,short,-1,-1,-1,-1,1.1472993489064445,0,1,0,-1.765121180911834,2,7,4.891184237448027,1767.62,1770.31995,1765.9200499999997,2.6999500000001717,1.6999500000001717,4,1,>1.0
2022-07-07,short,-1,-1,-1,-1,1.1877430132252917,0,1,0,-1.024941362219812,3,7,8.795837197854837,1745.01001,1747.65002,1743.2100799999998,2.640010000000075,1.7999300000001313,4,0,>1.0
2022-07-11,short,-1,-1,-1,-1,1.5519558895131453,0,0,0,-1.358927510361652,0,7,2.2783178914022293,1740.60999,1743.31006,1738.79004,2.700070000000096,1.8199499999998352,5,1,>1.0
2022-07-12,short,-1,-1,-1,-1,1.5156562479294906,0,1,0,-1.767564709528484,1,7,6.886365113456734,1729.12,1733.96997,1726.6101079999999,4.849970000000212,2.509892000000036,2,1,>1.0
2022-07-13,short,-1,-1,-1,-1,0.8429484225649003,0,0,0,-0.9492290348961331,2,7,1.6827059062788818,1725.77002,1727.94995,1725.07007,2.179930000000013,0.6999499999999443,1,1,0.7-1.0
2022-07-15,short,-1,-1,-1,-1,2.298019124031418,0,0,0,-1.314521656501541,4,7,4.160719660368249,1707.15002,1713.01001,1702.7900300000001,5.859989999999925,4.359989999999925,2,1,>1.0
2022-07-18,short,-1,1,-1,-1,0.9390953376074047,0,0,0,-0.8625954707614739,0,7,3.5132262009449162,1714.68994,1717.42004,1714.2198600000002,2.730099999999993,0.4700799999998253,1,1,0.7-1.0
2022-07-20,short,-1,1,-1,-1,1.0933991982208846,0,0,0,-1.1489086132451418,2,7,1.9280734468219118,1711.70996,1714.02002,1710.7600000000002,2.3100600000000213,0.9499599999996917,2,1,>1.0
2022-07-21,short,-1,-1,-1,-1,1.3900933221670613,0,1,0,-2.007283389586577,3,7,3.3629341850519556,1689.060059,1694.05005,1688.5500479999998,4.9899910000001455,0.5100110000000768,3,1,>1.0
2022-07-22,long,1,1,-1,1,0.652819934570824,0,0,1,0.7232434440169946,4,7,3.9388291595407807,1714.47998,1712.93994,1714.92016,1.54004000000009,0.4401799999998275,1,1,0.5-0.7
2022-07-25,long,1,1,-1,1,0.8274896921492663,0,0,0,1.9668050832898971,0,7,3.1886169282744623,1728.01001,1726.01001,1729.2700100000002,2.0,1.2600000000002183,2,0,0.7-1.0
2022-07-27,short,-1,-1,-1,-1,0.5690233448621556,0,1,0,-1.3358516921375758,2,7,2.524113672938929,1715.96997,1717.80005,1715.9199299999998,1.8300799999999526,0.05004000000030828,1,1,0.5-0.7
2022-07-28,long,1,1,-1,1,1.1325345563924942,0,0,1,1.0206646191003061,3,7,5.723788795537168,1737.83997,1735.33997,1739.0799499999998,2.5,1.2399799999998322,2,1,>1.0
2022-07-29,long,1,1,-1,1,0.9422574391562578,0,0,1,1.8119692065711286,4,7,4.53841921598425,1764.79004,1761.45996,1765.3400800000002,3.33008000000018,0.5500400000000809,2,1,0.7-1.0
2022-08-01,long,1,-1,1,1,0.7584221935493992,0,0,0,1.2237496941069994,0,8,2.290093191876793,1762.76001,1760.88,1763.7599,1.8800099999998565,0.9998900000000503,1,1,0.7-1.0
2022-08-02,long,1,1,1,1,0.9702591307732,0,0,1,1.8026319917019535,1,8,3.8364952248784747,1775.82996,1772.67004,1776.69006,3.1599200000000565,0.8600999999998749,2,0,0.7-1.0
2022-08-03,short,-1,1,1,1,0.9949400296724559,0,0,0,-0.5416634706139133,2,8,9.482723793217172,1768.099976,1770.43005,1766.3299500000003,2.330073999999968,1.7700259999996888,3,0,0.7-1.0
2022-08-04,long,1,1,1,1,1.1011205200594838,0,0,0,1.850047616798263,3,8,5.492644913160866,1773.43994,1770.07996,1773.5201379999999,3.3599799999999505,0.08019799999988209,1,1,>1.0
2022-08-08,short,-1,-1,1,-1,1.4282103920561793,0,0,0,-1.238944299987834,0,8,1.8943649759378824,1772.01001,1774.21997,1770.4001479999997,2.2099600000001374,1.6098620000002484,4,0,>1.0
2022-08-09,long,1,1,1,1,0.8623825848072459,0,0,0,0.48447915462027025,1,8,2.681428908529191,1786.30005,1784.87,1787.15002,1.4300500000001648,0.8499699999999848,4,1,0.7-1.0
2022-08-10,long,1,-1,1,1,0.6428671052575599,0,0,0,0.4176193692500977,2,8,2.2565267938870073,1792.12,1789.93005,1792.76991,2.1899499999999534,0.6499100000000908,1,1,0.5-0.7
2022-08-11,short,-1,-1,1,-1,0.845562489053958,0,1,0,-0.7830806013613671,3,8,6.135549006349612,1784.85999,1787.68005,1784.19983,2.8200600000000122,0.6601599999999053,3,0,0.7-1.0
2022-08-12,short,-1,1,1,1,1.142950436003016,0,0,0,-0.43428306733315375,4,8,4.533444078250166,1790.55005,1793.10999,1789.60999,2.5599399999998695,0.9400600000001305,2,0,>1.0
2022-08-16,short,-1,-1,1,-1,0.6445924259797922,0,0,0,-0.49145489406812837,1,8,2.891634143573442,1780.34998,1782.12,1780.0199000000002,1.7700199999999313,0.33007999999972526,1,1,0.5-0.7
2022-08-17,short,-1,1,1,-1,1.4922258474226795,0,0,0,-2.207188816151932,2,8,2.6364529666502876,1774.29004,1778.43005,1773.1300099999999,4.140009999999847,1.1600300000002335,2,1,>1.0
2022-08-18,short,-1,-1,1,-1,1.1886938536123635,0,1,0,-1.4859628431981349,3,8,3.6713885387962764,1761.56006,1763.81995,1760.5201299999999,2.2598900000000413,1.0399300000001404,5,0,>1.0
2022-08-19,short,-1,-1,-1,-1,1.3523593083968897,0,1,0,-1.9041348888721388,4,8,5.976836220023496,1750.079956,1754.85999,1749.35999,4.780033999999887,0.7199660000001131,10,0,>1.0
2022-08-22,short,-1,-1,-1,-1,1.356274494930079,0,1,0,-1.3719698297827394,0,8,1.5919418492557995,1744.85999,1747.09998,1743.1400199999998,2.2399900000000343,1.719970000000103,1,1,>1.0
2022-08-23,short,-1,1,-1,-1,0.9805156896854612,0,0,0,-1.2959804687184353,1,8,2.4933645668373337,1736.98999,1739.39001,1736.58997,2.4000200000000405,0.40002000000004045,1,1,0.7-1.0
2022-08-24,short,-1,1,-1,-1,1.2971063470316648,0,0,0,-1.5117840802787,2,8,3.8478106351313626,1745.099976,1747.16003,1743.7598899999998,2.0600540000000365,1.3400860000001558,1,0,>1.0
2022-08-25,long,1,1,-1,1,1.122109512943321,0,0,1,0.6412331580889625,3,8,5.0528820261021865,1757.28003,1755.01001,1758.16993,2.2700199999999313,0.8899000000001251,1,1,>1.0
2022-08-26,long,1,-1,-1,1,1.35597965235179,0,0,0,2.1740564693825877,4,8,2.6331314763645355,1758.23999,1755.21997,1759.3000499999998,3.0200199999999313,1.060059999999794,3,0,>1.0
2022-08-29,short,-1,-1,-1,-1,1.1018648470868284,0,1,0,-2.764006075048122,0,8,5.4717310679701665,1722.12,1725.73999,1721.6999500000002,3.6199900000001435,0.42004999999971915,1,1,>1.0
2022-08-30,short,-1,-1,-1,-1,1.4283016103645776,0,0,0,-1.114918794074811,1,8,4.643328850976625,1734.10999,1736.67004,1732.2498799999998,2.5600500000000466,1.860110000000077,7,1,>1.0
2022-08-31,short,-1,-1,-1,-1,0.9135517982347976,0,1,0,-0.79304124990002,2,8,3.842792811892593,1723.12,1725.81995,1722.4400500000002,2.6999500000001717,0.6799499999997352,1,1,0.7-1.0
2022-09-01,short,-1,-1,-1,-1,1.2784985399011894,0,1,0,-1.3877422537739703,3,9,5.832272527611322,1703.35999,1705.569946,1701.7901539999998,2.2099560000001475,1.569836000000123,3,0,>1.0
2022-09-02,short,-1,1,-1,-1,0.8771797582064135,0,0,0,-0.3131722054196097,4,9,3.4909243728692587,1699.16003,1700.540039,1698.359861,1.3800089999999727,0.8001690000000963,2,0,0.7-1.0
2022-09-05,short,-1,1,-1,-1,1.8871615734923892,0,0,0,-1.8640406386676034,0,9,4.366446233348176,1711.43005,1714.569946,1709.1700539999997,3.1398960000001352,2.2599960000002284,7,1,>1.0
2022-09-06,long,1,1,-1,1,0.7257616563405501,0,0,1,0.9804317341343741,1,9,6.03465976165242,1719.10999,1717.26001,1720.0400300000001,1.8499799999999595,0.93004000000019,2,0,0.7-1.0
2022-09-08,long,1,1,-1,1,1.4475860462167733,0,0,1,1.9503505640403442,3,9,4.020764789219346,1718.81006,1713.98999,1719.2700100000002,4.820069999999987,0.4599500000001626,1,1,>1.0
2022-09-09,long,1,1,-1,1,1.536824942245671,0,0,0,1.3190167144386546,4,9,6.0273052950766415,1721.92004,1718.63,1724.2100799999998,3.2900399999998626,2.2900399999998626,2,1,>1.0
2022-09-12,long,1,-1,-1,1,1.3376684618224095,0,0,0,1.046282266044486,0,9,2.4602569648356396,1714.88,1711.560059,1715.639901,3.319941000000199,0.7599009999998998,1,1,>1.0
2022-09-16,short,-1,-1,-1,-1,1.2935041008914518,0,1,0,-0.6241717376324526,4,9,8.217798292073425,1663.38,1666.01001,1662.0700700000002,2.6300099999998565,1.3099299999998948,5,1,>1.0
2022-09-19,short,-1,-1,-1,-1,1.4722584566156658,0,0,0,-2.014693936914444,0,9,5.146974467228853,1665.54004,1669.81995,1664.3800099999999,4.279909999999973,1.1600300000002335,4,1,>1.0
2022-09-20,short,-1,1,-1,-1,2.2182902116521284,0,0,0,-2.2645460233925894,1,9,5.495674740357598,1674.069946,1677.76001,1671.4999900000003,3.690063999999893,2.56995599999982,5,1,>1.0
2022-09-21,short,-1,-1,-1,-1,1.3005421280574447,0,0,0,-1.5256537865438813,2,9,2.981320647627422,1662.050049,1664.34998,1660.7301000000002,2.299931000000015,1.319948999999724,2,0,>1.0
2022-09-22,short,-1,-1,-1,-1,0.8596553105934139,0,1,0,-1.8802251432586654,3,9,7.254405683272632,1658.58997,1661.579956,1657.6600439999997,2.9899860000000444,0.9299260000002505,2,1,0.7-1.0
2022-09-23,long,1,-1,-1,1,0.9398115401096481,0,0,0,0.8796936755118929,4,9,2.0034949878053183,1669.66003,1667.82996,1670.82996,1.8300699999999779,1.1699300000000221,1,1,0.7-1.0
2022-09-26,short,-1,-1,-1,-1,1.0592216804604657,0,1,0,-1.2240076308673595,0,9,5.370687614957449,1635.40002,1640.82996,1634.9300400000002,5.429939999999988,0.4699799999998504,2,1,>1.0
2022-09-28,short,-1,-1,-1,-1,1.13123345862353,0,0,0,-0.7933633682603048,2,9,3.1149863471429766,1623.58997,1626.26001,1622.6799300000002,2.6700399999999718,0.9100399999997535,5,1,>1.0
2022-09-30,long,1,1,-1,1,0.9614351840321648,0,0,1,0.2526347286473849,4,9,5.64081460105122,1663.32996,1660.78003,1664.0200100000002,2.5499300000001313,0.6900500000001557,2,1,0.7-1.0
2022-10-05,long,1,1,-1,1,1.1446732662258243,1,0,1,1.2993867143946742,2,10,6.040110574563625,1721.96997,1718.06006,1722.9999999999998,3.9099100000000817,1.0300299999996696,4,0,>1.0
2022-10-06,long,1,1,1,1,1.2263530755789362,1,0,0,1.6425415426806949,3,10,8.864830581993594,1724.81006,1721.07996,1727.12,3.730099999999993,2.3099399999998695,1,0,>1.0
2022-10-07,long,1,-1,1,1,1.295300798152292,1,0,0,1.4515897138471827,4,10,2.0999743796910404,1713.050049,1710.21997,1714.6999499999997,2.8300789999998415,1.6499009999997725,3,0,>1.0
2022-10-10,short,-1,-1,1,-1,2.1996544682101407,0,1,0,-1.1165136296087197,0,10,4.969746824591518,1685.76001,1692.34998,1682.63,6.589969999999994,3.1300099999998565,14,1,>1.0
2022-10-11,short,-1,-1,1,-1,1.050204894471963,0,1,0,-0.515963580270951,1,10,6.579313634741912,1664.23999,1667.68005,1662.5799500000003,3.440059999999903,1.6600399999997535,3,1,>1.0
2022-10-13,short,-1,-1,-1,-1,0.7922730988811273,1,0,0,-1.5768894606733583,3,10,1.8801324299538815,1668.12,1670.62,1668.0198920000003,2.5,0.10010799999963638,1,1,0.7-1.0
2022-10-14,short,-1,1,-1,-1,1.1214428721861005,0,0,0,-2.44752935113465,4,10,7.54666743571368,1665.28003,1669.88,1663.90002,4.599970000000212,1.3800099999998565,1,1,>1.0
2022-10-17,short,-1,-1,-1,-1,0.7432489784094489,0,0,0,-0.3716693671549694,0,10,3.0317803569693145,1649.089966,1650.93994,1648.3200600000002,1.8499739999999747,0.7699059999997644,4,0,0.7-1.0
2022-10-18,long,1,1,-1,-1,0.8819626353656045,0,0,0,-1.2554735108903583,1,10,9.521897049441012,1652.030029,1648.569946,1654.1700539999997,3.4600829999999405,2.140024999999696,11,1,0.7-1.0
2022-10-19,short,-1,-1,-1,-1,1.0251727847717746,0,0,0,-0.44903835375549583,2,10,3.37423151405537,1649.32996,1651.40002,1648.47986,2.0700600000000122,0.8501000000001113,2,1,>1.0
2022-10-24,long,1,1,-1,1,1.3132465608818726,0,0,0,0.6905901158837838,0,10,6.534661157813735,1656.12,1653.14001,1658.2799099999997,2.979989999999816,2.1599099999998543,1,1,>1.0
2022-10-25,long,1,-1,-1,1,1.9799119685204716,0,0,0,2.1845418102029086,1,10,4.589013408410216,1652.060059,1648.28003,1654.78003,3.780029000000013,2.719970999999987,6,0,>1.0
2022-10-27,long,1,-1,-1,1,1.0930144781843625,0,0,0,1.5266536381579965,3,10,3.3062805837762403,1666.88,1663.80005,1667.97997,3.0799500000000535,1.0999699999999848,2,1,>1.0
2022-10-31,short,-1,-1,-1,-1,1.4153293778036384,0,0,0,-3.0010765561784063,0,10,2.086537101459537,1641.099976,1643.67004,1639.34998,2.570064000000002,1.74999600000001,3,0,>1.0
2022-11-01,short,-1,1,-1,-1,1.5763628585496439,0,0,0,-0.8950309412214099,1,11,4.622081008443801,1637.34998,1640.530029,1635.310051,3.1800490000000536,2.039929000000029,9,0,>1.0
2022-11-02,long,1,1,-1,1,1.2699293265864435,1,0,0,1.887622637013522,2,11,5.385462685372319,1654.70996,1650.63,1655.52992,4.079959999999801,0.8199600000000373,4,1,>1.0
2022-11-03,short,-1,-1,-1,-1,1.0850846758782722,1,1,0,-1.6070432048734213,3,11,11.267406357978734,1634.88,1638.10999,1634.450068,3.229989999999816,0.429932000000008,1,1,>1.0
2022-11-07,long,1,1,-1,1,1.0618752569876084,0,0,1,1.1838921938506675,0,11,5.200923640295034,1674.73999,1670.68994,1676.4101600000001,4.050050000000056,1.6701700000000983,12,0,>1.0
2022-11-09,long,1,1,1,1,1.987376937544451,0,0,1,1.5503513711397494,2,11,23.87232296459811,1714.94995,1707.67004,1716.80994,7.279909999999973,1.8599900000001526,7,0,>1.0
2022-11-10,long,1,1,1,1,1.6404516994702012,0,0,0,1.0590483333052405,3,11,10.877028028592488,1711.12,1707.20996,1712.4499520000002,3.910039999999981,1.3299520000002758,4,1,>1.0
2022-11-11,long,1,1,1,1,0.9942872302973045,1,0,1,2.1896640005473476,4,11,16.029990169447252,1754.68005,1750.84998,1754.9100200000003,3.830069999999978,0.2299700000003213,1,1,0.7-1.0
2022-11-15,long,1,1,1,1,1.2076329140674824,1,0,1,0.982044869453467,1,11,7.767687929009984,1772.84998,1770.05005,1774.1899499999997,2.799929999999904,1.3399699999997665,5,0,>1.0
2022-11-16,long,1,-1,1,1,1.3431947816556928,0,0,0,2.0875022721157483,2,11,8.242365601286506,1777.41003,1773.43994,1780.219972,3.9700900000000274,2.809942000000092,4,1,>1.0
2022-11-17,long,1,-1,1,-1,2.806221950315594,0,0,0,3.1360201204334586,3,11,8.175157052086343,1768.12,1762.60999,1772.1300099999999,5.510009999999966,4.010009999999966,16,0,>1.0
2022-11-18,short,-1,1,1,-1,1.8006446966213168,0,0,0,-1.7331477188688706,4,11,5.73249523139156,1761.64001,1764.69995,1759.4001500000002,3.0599399999998695,2.239859999999908,7,0,>1.0
2022-11-21,short,-1,-1,1,-1,1.296780291652668,0,1,0,-1.4167112722873052,0,11,6.8876893168673705,1742.97998,1747.18994,1741.93018,4.20995999999991,1.0498000000000047,2,1,>1.0
2022-11-22,short,-1,1,1,-1,1.5759677718564091,0,0,0,-2.394630370587406,1,11,8.87288427576044,1741.98999,1744.73999,1740.1201099999998,2.75,1.8698800000001938,9,0,>1.0
2022-11-23,short,-1,-1,1,-1,2.1060662974383755,0,0,0,-0.5473984130681229,2,11,6.648460999597405,1738.85999,1742.23999,1736.1999500000002,3.380000000000109,2.6600399999997535,2,1,>1.0
2022-11-24,long,1,1,1,1,1.0063127500570517,1,0,1,2.046955425926606,3,11,21.378772255490276,1756.81995,1754.45996,1757.88012,2.3599900000001526,1.060169999999971,3,0,>1.0
2022-11-25,long,1,1,1,1,1.0621057535975647,0,0,1,0.713335801900059,4,11,4.6446745496783945,1759.62,1757.08997,1760.2701299999999,2.530029999999897,0.6501299999999901,1,1,>1.0
2022-11-28,long,1,-1,1,-1,1.3211629391363227,0,0,0,1.3750587947204755,0,11,5.1539990788243975,1751.26001,1748.06995,1752.4901099999997,3.190059999999903,1.2300999999997657,9,1,>1.0
2022-11-29,long,1,1,1,1,2.5302528916413665,0,0,0,0.8021780395246989,1,11,9.805845785867758,1755.21997,1744.17004,1755.70984,11.049930000000131,0.48986999999988257,1,1,>1.0
2022-11-30,long,1,1,1,1,1.2244569264949592,1,0,0,-0.1725427528283851,2,11,6.21512351653889,1754.98999,1752.65002,1756.13,2.339969999999994,1.1400100000000748,9,1,>1.0
2022-12-01,long,1,1,1,1,1.207161996247539,0,0,1,0.5653047794245125,3,12,17.819565809917478,1776.17004,1772.68005,1778.21985,3.4899900000000343,2.0498099999999795,3,1,>1.0
2022-12-02,long,1,1,1,1,1.7670197398896088,0,0,1,0.4668336325536198,4,12,13.814948178218769,1799.069946,1795.88,1801.2999399999999,3.1899459999999635,2.229993999999806,6,1,>1.0
2022-12-05,long,1,1,1,1,1.0937880915729175,0,0,1,0.9259315027383117,0,12,7.445968535117763,1808.44995,1805.65002,1809.930058,2.799929999999904,1.480107999999973,2,1,>1.0
2022-12-06,short,-1,-1,1,-1,1.6071398315343788,1,1,0,-2.4725513469461817,1,12,16.246887652842798,1769.37,1775.43994,1768.6999600000001,6.069940000000088,0.6700399999997444,3,1,>1.0
2022-12-07,short,-1,1,1,-1,1.95861725698738,1,0,0,-1.4280711857344968,2,12,7.205358040496224,1770.52002,1774.589966,1767.1500339999998,4.069946000000073,3.3699860000001536,6,0,>1.0
2022-12-08,long,1,1,1,1,1.6637380703874773,1,0,1,0.5961514921781166,3,12,9.343239257679944,1784.14001,1780.96997,1786.2700299999997,3.1700399999999718,2.130019999999604,12,1,>1.0
2022-12-09,long,1,1,1,1,1.403954479148185,0,0,1,0.8790764745249278,4,12,6.015514961551025,1796.030029,1792.71997,1797.6599099999999,3.31005899999991,1.6298809999998412,5,1,>1.0
2022-12-12,long,1,-1,1,-1,1.0033132816976116,0,0,0,1.2558076891371477,0,12,6.586459393121001,1788.78003,1786.65002,1790.17004,2.1300099999998565,1.3900100000000748,2,1,>1.0
2022-12-13,short,-1,-1,1,-1,1.448535093666713,1,1,0,-1.94773392858723,1,12,8.340216801881175,1783.17004,1786.62,1782.57996,3.449959999999919,0.5900799999999435,1,1,>1.0
2022-12-14,long,1,1,1,1,0.8990273218697296,0,0,1,0.9865352998629816,2,12,20.480140937116044,1811.98999,1810.01001,1812.7700100000002,1.9799800000000687,0.7800200000001496,1,0,0.7-1.0
2022-12-15,long,1,-1,1,-1,1.7293573904994997,0,0,0,2.2155582512417555,3,12,10.076472345315343,1796.18005,1792.07996,1799.480098,4.100089999999909,3.3000480000000607,2,0,>1.0
2022-12-16,short,-1,-1,1,-1,1.390726833013916,1,0,0,-2.3257296334176845,4,12,5.870649171393635,1779.56006,1782.530029,1777.3898909999998,2.969968999999992,2.1701690000002145,12,0,>1.0
2022-12-19,long,1,1,1,1,1.4297189545425555,0,0,1,2.0809482977431983,0,12,5.596522607455978,1797.069946,1793.82996,1799.730098,3.2399860000000444,2.6601519999999255,17,0,>1.0
2022-12-20,long,1,1,1,1,3.182114378603614,0,0,1,1.8444498855668188,1,12,7.804502224036537,1803.079956,1786.41003,1805.3699900000001,16.669926000000032,2.290034000000105,2,1,>1.0
2022-12-22,long,1,1,1,1,0.9440435369643427,0,0,0,1.493276701052198,3,12,6.692058837286686,1819.68994,1817.589966,1820.530154,2.0999739999999747,0.84021400000006,12,0,0.7-1.0
2022-12-23,short,-1,-1,1,-1,0.9424732705903396,0,1,0,-1.4590927476929312,4,12,23.589378458561885,1792.59998,1794.66003,1791.46009,2.0600500000000466,1.139889999999923,3,0,0.7-1.0
2022-12-27,short,-1,1,1,1,1.2668915123844124,0,0,0,-1.104500634871655,1,12,4.77734728093434,1804.73999,1806.93994,1803.3200600000002,2.1999499999999443,1.4199299999997947,9,0,>1.0
2022-12-29,short,-1,1,1,1,1.1355315465828906,0,0,0,-0.479411698673129,3,12,7.634048431237815,1807.39001,1809.35999,1806.16003,1.9699799999998504,1.2299800000000687,4,0,>1.0
2022-12-30,long,1,1,1,1,1.297952850802751,1,0,1,0.31076752964067594,4,12,7.98698586482897,1819.23999,1817.28003,1820.61987,1.9599600000001374,1.3798799999999574,2,1,>1.0
2023-01-03,long,1,1,1,1,1.9300382553203108,0,0,1,2.1923535804527234,1,1,9.067437111661974,1847.30005,1838.01001,1847.9299300000002,9.29004000000009,0.6298800000001847,1,1,>1.0
2023-01-04,long,1,1,1,1,1.4562540384794793,1,0,0,1.0504907932535044,2,1,8.774446366281202,1847.48999,1844.69995,1849.2199699999999,2.79004000000009,1.7299799999998413,4,1,>1.0
2023-01-06,short,-1,1,1,-1,1.8318222561620285,0,1,0,-0.8049163033617692,4,1,11.678581626769796,1838.20996,1841.38,1835.59998,3.170040000000199,2.6099799999999505,17,1,>1.0
2023-01-09,long,1,1,1,1,1.7472902554738499,0,0,1,2.32094558659799,0,1,7.143247373053233,1879.60999,1876.32996,1882.19006,3.280029999999897,2.580069999999978,6,0,>1.0
2023-01-10,long,1,-1,1,1,1.3836562844485032,1,0,0,2.1119765769526366,1,1,6.410936091148227,1874.79004,1871.35999,1876.03991,3.430050000000165,1.2498699999998735,7,0,>1.0
2023-01-11,long,1,-1,1,1,1.410928360305136,0,0,0,1.112878761172723,2,1,4.590731372987653,1877.060059,1874.18005,1878.94007,2.8800089999999727,1.880011000000195,6,1,>1.0
2023-01-12,long,1,1,1,1,1.2285026308050335,1,0,0,1.342962614535264,3,1,10.335159666710062,1884.88,1882.05005,1886.62989,2.8299500000000535,1.749889999999823,11,1,>1.0
2023-01-13,long,1,1,1,1,0.5757566223153064,0,0,1,1.8198338518153374,4,1,10.831379283446395,1899.66003,1897.01001,1899.7499900000003,2.6500200000000405,0.08996000000024651,1,1,0.5-0.7
2023-01-17,long,1,-1,1,1,0.970385553844664,0,0,0,0.3552853915413395,1,1,4.938794459161952,1911.52002,1909.06995,1913.23009,2.4500699999998687,1.710070000000087,3,1,0.7-1.0
2023-01-18,long,1,-1,1,-1,1.2603436918138475,0,0,0,1.7412094070176312,2,1,9.938493715487509,1907.30005,1901.70996,1908.70996,5.590090000000146,1.4099099999998543,1,1,>1.0
2023-01-19,long,1,1,1,1,0.8675858197579455,0,0,0,-1.1430945534552048,3,1,10.900845620169374,1911.089966,1906.40002,1911.12,4.6899459999999635,0.030033999999886873,1,1,0.7-1.0
2023-01-24,long,1,1,1,1,0.9389429445339416,0,0,1,1.4051215273866116,1,1,13.751888557891403,1936.68005,1934.02002,1937.34008,2.660030000000006,0.6600300000000061,1,1,0.7-1.0
2023-01-25,short,-1,-1,1,1,2.7241186769853223,1,0,0,-0.9167373250036782,2,1,9.829272297202579,1928.95996,1935.82996,1922.7901579999998,6.870000000000118,6.169802000000118,12,1,>1.0
2023-01-26,long,1,1,1,1,1.0431888961805775,0,0,1,1.6746074391025476,3,1,13.500733751821306,1947.26001,1944.569946,1948.109994,2.690063999999893,0.8499839999999494,1,1,>1.0
2023-01-27,short,-1,-1,1,-1,1.5285544990716635,1,0,0,-1.5396151154049726,4,1,11.932207267623886,1924.55005,1928.28003,1922.2800280000001,3.7299799999998413,2.2700219999999263,3,1,>1.0
2023-01-30,short,-1,1,1,1,0.5903151329852081,0,0,0,-2.6729846545963385,0,1,5.250807743507564,1924.57996,1926.98999,1923.649902,2.410030000000006,0.9300579999999172,1,1,0.5-0.7
2023-01-31,short,-1,1,1,-1,1.5438331861303576,0,0,0,-2.0523688110927165,1,1,3.127585032134207,1921.41003,1926.43005,1920.76991,5.020019999999931,0.6401200000000244,3,1,>1.0
2023-02-01,long,1,1,1,1,1.2413755002278921,1,0,0,1.6271444121305205,2,2,11.460977483969387,1926.93005,1924.569946,1928.030154,2.3601039999998648,1.1001040000001012,2,1,>1.0
2023-02-02,long,1,1,1,1,0.8292223258339161,0,0,1,0.8963596379623238,3,2,18.258385706599192,1953.54004,1951.599976,1954.8199439999999,1.9400640000001204,1.2799039999997603,8,0,0.7-1.0
2023-02-03,short,-1,-1,1,-1,1.2545130602809613,0,1,0,-1.2889212379714552,4,2,20.36897809185406,1914.81006,1917.81006,1913.66992,3.0,1.140139999999974,12,0,>1.0
2023-02-06,short,-1,-1,1,-1,0.8368406312106025,0,0,0,-0.35808214109107905,0,2,10.412950399295275,1872.34998,1874.98999,1870.33007,2.640010000000075,2.0199099999999817,3,1,0.7-1.0
2023-02-07,short,-1,1,-1,-1,0.8894273421439547,0,0,0,-0.9537787348718298,1,2,4.5492794471277485,1872.83997,1875.09998,1871.5599320000001,2.2600099999999657,1.2800379999998768,9,0,0.7-1.0
2023-02-08,short,-1,1,-1,-1,0.8129361089252594,0,0,0,0.01984786041327929,2,2,7.664281316802167,1876.23999,1877.98999,1875.03003,1.75,1.2099600000001374,3,0,0.7-1.0
2023-02-10,short,-1,-1,-1,-1,1.375806659634866,0,1,0,-2.7861979750673496,4,2,15.01593091775135,1856.33997,1861.569946,1854.6900540000001,5.229976000000079,1.6499159999998483,2,1,>1.0
2023-02-13,short,-1,-1,-1,-1,0.941187405721215,0,0,0,0.30771375103645954,0,2,3.0658638209894398,1860.65002,1862.71997,1859.10009,2.0699500000000626,1.5499300000001313,1,1,0.7-1.0
2023-02-14,short,-1,1,-1,-1,0.6822421259935111,0,0,0,-1.8222537183761605,1,2,6.1961657915675135,1855.88,1858.40002,1854.8599800000002,2.5200199999999313,1.0200199999999313,3,0,0.5-0.7
2023-02-16,short,-1,-1,-1,-1,1.3323337954371044,0,1,0,-1.5722271569745836,3,2,6.129321778512349,1840.19995,1843.04004,1838.54004,2.8400900000001457,1.6599099999998543,7,1,>1.0
2023-02-17,short,-1,-1,-1,-1,1.1132897468856275,1,1,0,-1.2044385220666454,4,2,8.676846071934396,1826.81995,1829.93005,1826.0098900000003,3.110099999999875,0.810059999999794,1,1,>1.0
2023-02-20,long,1,1,-1,-1,0.9937890074748966,0,0,0,0.3478485143062417,0,2,4.4929757561093275,1842.87,1840.93005,1844.2298700000001,1.9399499999999534,1.3598700000002282,2,1,0.7-1.0
2023-02-21,short,-1,-1,-1,-1,2.3354172450687214,0,0,0,-2.882758448720453,1,2,4.676580718400363,1838.01001,1842.589966,1834.750114,4.579956000000038,3.259896000000026,15,1,>1.0
2023-02-22,short,-1,1,-1,-1,1.072799747986919,0,0,0,-0.7967311824175874,2,2,4.540289943221892,1835.80005,1837.68994,1834.46998,1.889889999999923,1.3300699999999779,14,0,>1.0
2023-02-23,short,-1,-1,-1,-1,1.3764056049229323,0,1,0,0.04583867816219497,3,2,9.970628180601523,1827.93994,1831.04004,1826.3398399999999,3.1001000000001113,1.6001000000001113,11,0,>1.0
2023-02-24,short,-1,1,-1,-1,2.3489319643767814,1,0,0,-0.5605452333227215,4,2,5.285626218372096,1824.90002,1828.08997,1822.30993,3.1899499999999534,2.5900900000001457,11,1,>1.0
2023-02-27,short,-1,-1,-1,-1,1.2131231126241946,0,0,0,-1.7819610421255372,0,2,4.15067290803876,1809.42004,1812.70996,1808.0300399999999,3.2899199999999382,1.3900000000001,1,1,>1.0
2023-02-28,short,-1,1,-1,-1,1.165459597632728,1,0,0,-1.8315619283179985,1,2,6.195809786405427,1816.12,1818.33997,1814.7601300000001,2.219970000000103,1.3598699999997734,2,1,>1.0
2023-03-01,long,1,1,-1,1,2.2886866611702,1,0,1,2.3235303075845315,2,3,10.282088816341224,1831.089966,1827.09998,1834.1600200000003,3.9899860000000444,3.0700540000002547,11,1,>1.0
2023-03-02,long,1,-1,-1,1,1.0535419499374503,1,0,0,1.292135043321206,3,3,6.743117194841506,1835.050049,1832.32996,1837.0699399999999,2.7200889999999163,2.019890999999916,2,1,>1.0
2023-03-03,long,1,1,-1,1,1.4407357784488708,0,0,0,1.3453127125629418,4,3,6.543547742776267,1840.68005,1837.79004,1841.9099119999998,2.8900099999998474,1.2298619999999119,1,1,>1.0
2023-03-06,long,1,1,1,1,1.2362837152566,0,0,1,0.6785857839813985,0,3,3.616031633758644,1855.59998,1852.96997,1857.15015,2.6300099999998565,1.55016999999998,12,0,>1.0
2023-03-10,long,1,1,-1,1,0.7264828009371066,0,0,1,0.4043234357519377,4,3,11.104926960342704,1829.84998,1828.09998,1830.72008,1.75,0.8701000000000931,4,1,0.7-1.0
2023-03-13,long,1,1,-1,1,1.250134806162895,0,0,1,2.940833613043197,0,3,4.739838957695222,1889.38,1882.06995,1891.6500299999998,7.310050000000047,2.2700299999996787,1,1,>1.0
2023-03-15,long,1,-1,1,1,0.335493632853148,0,0,0,3.6087386656419107,2,3,4.269704554770846,1905.31006,1903.03003,1906.7299700000003,2.2800300000001243,1.4199100000003,1,0,0.3-0.5
2023-03-16,long,1,-1,1,1,1.01569041531732,0,0,0,0.6867466492291785,3,3,8.3915384973668,1913.28003,1910.21997,1915.6599099999999,3.060059999999794,2.3798799999999574,6,1,>1.0
2023-03-17,long,1,1,1,1,1.4293242344280237,0,0,0,1.8269677486099478,4,3,6.525542795863461,1930.95996,1926.78003,1932.23999,4.179930000000013,1.2800300000001243,3,1,>1.0
2023-03-20,long,1,1,1,1,1.3036796852613577,0,0,0,0.7472590882002055,0,3,3.953799516441013,1975.73999,1972.51001,1977.9299300000002,3.2299800000000687,2.189940000000206,2,1,>1.0
2023-03-21,long,1,1,1,1,0.6932084396132618,1,0,0,0.6675665362958411,1,3,6.26475846072371,1983.38,1981.46997,1984.66993,1.9100300000000061,1.289929999999913,1,1,0.5-0.7
2023-03-22,short,-1,-1,1,-1,1.4953017451896506,0,1,0,-0.8816504734900313,2,3,12.965707627835666,1938.21997,1942.19995,1934.7800300000001,3.9799799999998413,3.4399399999999787,1,1,>1.0
2023-03-23,long,1,1,1,1,0.922048376342259,1,0,1,1.1207694985222798,3,3,10.194232374925546,1977.62,1973.530029,1978.669931,4.089970999999878,1.049931000000015,6,1,0.7-1.0
2023-03-24,long,1,1,1,1,0.9777055034344355,1,0,1,0.5896490558223347,4,3,7.891489183835059,1992.88,1989.33997,1993.7200899999998,3.5400300000001153,0.8400899999996909,10,0,0.7-1.0
2023-03-28,short,-1,-1,1,-1,1.225076310614846,1,0,0,-1.5024572132110658,1,3,7.291026170923501,1958.099976,1961.70996,1957.4101600000001,3.6099839999999404,0.689815999999837,3,1,>1.0
2023-03-29,short,-1,-1,1,-1,1.301493648455382,0,0,0,1.0831442780724008,2,3,5.314911570892582,1965.63,1969.71997,1963.38013,4.089969999999994,2.249870000000101,9,1,>1.0
2023-03-31,long,1,1,1,1,0.74789272397208,1,0,1,1.6160236321048755,4,3,5.883282602399527,1982.18005,1980.37,1983.1099800000002,1.8100500000000466,0.9299300000002404,1,1,0.7-1.0
2023-04-04,long,1,1,1,1,1.1847176549389262,0,0,0,0.24841688252106464,1,4,4.268829921198396,1980.43005,1977.65002,1981.87,2.780029999999897,1.4399499999999534,8,0,>1.0
2023-04-05,long,1,1,1,1,0.7755501873656891,0,0,1,0.7589621718949244,2,4,7.514477221229485,2024.31006,2022.26001,2024.61987,2.0500500000000557,0.3098099999999704,1,1,0.7-1.0
2023-04-06,long,1,-1,1,1,0.7539657130356907,0,0,0,1.0165231531896282,3,4,5.436745285852133,2012.62,2010.09998,2012.8399600000002,2.5200199999999313,0.21996000000035565,1,1,0.7-1.0
2023-04-10,short,-1,-1,1,-1,0.6317711789284444,0,1,0,-3.548535850833954,0,4,4.1879983059020836,1989.58997,1992.38,1987.59998,2.7900300000001153,1.9899900000000343,1,1,0.5-0.7
2023-04-12,long,1,1,1,1,0.9082036330844787,0,0,1,1.1209412520982163,2,4,3.5038775331016794,2019.81995,2016.62,2020.62,3.1999500000001717,0.8000499999998283,1,1,0.7-1.0
2023-04-13,long,1,1,1,1,0.9916254172183988,0,0,0,1.063785726284675,3,4,4.264978682317489,2020.59998,2016.98999,2021.61011,3.609989999999925,1.0101300000001174,1,1,0.7-1.0
2023-04-18,short,-1,1,1,-1,0.8567653886437132,0,0,0,-0.47759524431012873,1,4,5.844309442822041,1999.13,2001.01001,1998.0700700000002,1.8800099999998565,1.0599299999998948,2,1,0.7-1.0
2023-04-20,short,-1,1,1,-1,1.599573883793739,0,0,0,-1.1715531882315444,3,4,2.6914301874104174,1991.90002,1994.96997,1989.9099099999999,3.0699500000000626,1.9901100000001861,3,0,>1.0
2023-04-24,short,-1,-1,-1,-1,0.8024037964610965,0,0,0,-0.9653907551222491,0,4,2.334254441742482,1979.089966,1981.79004,1978.7299799999998,2.700074000000086,0.3599860000001627,2,1,0.7-1.0
2023-04-25,long,1,1,-1,1,1.3109561460770238,0,0,1,2.2748333736777924,1,4,6.13360831862457,1995.57996,1990.91003,1996.46985,4.669930000000022,0.889889999999923,1,1,>1.0
2023-04-26,long,1,1,-1,1,0.6525421697611049,0,0,0,-0.054858741569918046,2,4,4.619282146651046,1995.37,1993.68994,1996.33008,1.6800599999999122,0.9600800000000618,2,1,0.5-0.7
2023-04-27,long,1,1,-1,1,1.1168997886573009,0,0,0,0.39538804448338266,3,4,3.796038794281048,2000.65002,1997.35999,2003.33997,3.2900300000001153,2.6899499999999534,12,0,>1.0
2023-04-28,short,-1,-1,1,-1,1.7681008281402155,0,0,0,-1.2671249292523168,4,4,3.1390485149817713,1984.87,1990.45996,1982.76002,5.589960000000019,2.1099799999999505,5,1,>1.0
2023-05-01,short,-1,-1,-1,-1,2.316449417732097,0,1,0,-0.21715657639664188,0,5,3.0875217756575686,1981.88,1986.93005,1978.74989,5.050049999999828,3.130110000000059,10,1,>1.0
2023-05-02,short,-1,-1,1,-1,0.5246451050892592,0,0,0,-0.9743982697807448,1,5,6.5828334332057725,1980.68994,1982.98999,1980.53003,2.3000500000000557,0.1599100000000817,1,1,0.5-0.7
2023-05-04,long,1,1,1,1,1.0891797271218873,0,0,1,1.6500692377963904,3,5,16.244030600201057,2045.01001,2040.35999,2046.8800099999999,4.6500200000000405,1.8699999999998909,6,0,>1.0
2023-05-08,short,-1,1,1,-1,1.2221938850394334,0,0,0,-1.0310015844172953,0,5,3.7076505475143966,2022.53003,2025.13,2021.0499399999999,2.599970000000212,1.4800900000000183,2,1,>1.0
2023-05-09,short,-1,1,1,1,0.687330011013978,0,0,0,-1.3406104990189844,1,5,3.8595984475418175,2024.28003,2026.51001,2023.5900900000001,2.2299800000000687,0.6899399999997513,2,1,0.5-0.7
2023-05-10,long,1,-1,1,1,0.4196487985665061,0,0,0,1.76704433237993,2,5,2.581595132637047,2032.12,2030.589966,2032.510134,1.5300339999998869,0.3901340000002165,1,0,0.3-0.5
2023-05-11,long,1,1,1,1,1.1730406159996607,0,0,0,1.7836341889744882,3,5,2.665344622514254,2032.68005,2030.589966,2034.010134,2.0900839999999334,1.33008400000017,4,0,>1.0
2023-05-12,short,-1,-1,1,-1,0.5274104234219325,0,1,0,-1.337875780748812,4,5,3.7557439604727,2010.26001,2012.35999,2010.220088,2.0999799999999595,0.03992199999993318,1,1,0.5-0.7
2023-05-15,short,-1,1,1,-1,0.3428280267176581,0,0,0,-1.8075187510105053,0,5,4.235742498722007,2013.01001,2014.79004,2012.9699600000001,1.7800300000001243,0.04004999999983738,1,1,0.3-0.5
2023-05-18,short,-1,-1,-1,-1,1.1946851250786166,0,0,0,-1.8566658696916707,3,5,3.073921184366612,1980.099976,1983.32996,1979.87,3.2299840000000586,0.22997600000007878,1,1,>1.0
2023-05-19,short,-1,-1,-1,-1,1.4627785788364884,0,0,0,-1.1657619634647673,4,5,4.914042031378592,1962.089966,1964.67004,1960.22986,2.580073999999968,1.860106000000087,3,0,>1.0
2023-05-23,short,-1,-1,-1,-1,0.49223870792898555,0,1,0,-0.8264117005236701,1,5,4.913761712039754,1961.80005,1963.88,1961.7599,2.0799500000000535,0.040150000000039654,1,1,0.3-0.5
2023-05-24,long,1,1,-1,1,1.8672127354251302,0,0,0,1.424101991912493,2,5,4.40571318995302,1978.68994,1975.80005,1981.02001,2.889889999999923,2.330069999999978,4,0,>1.0
2023-05-25,short,-1,-1,-1,-1,0.9951112201228189,0,1,0,-1.3446087688975399,3,5,3.3769759683406715,1956.10999,1958.21997,1955.10009,2.109980000000178,1.009900000000016,1,1,0.7-1.0
2023-05-29,short,-1,1,-1,-1,0.40236023418040545,0,0,0,-1.1782498549422769,0,5,5.4711070188274915,1945.21997,1946.38,1944.7599,1.1600300000000061,0.460070000000087,1,1,0.3-0.5
2023-05-30,short,-1,-1,-1,-1,1.2203984244298776,0,1,0,-1.1202107752238413,1,5,3.982308501785741,1937.76001,1940.62,1935.980098,2.859989999999925,1.7799119999999675,1,1,>1.0
2023-05-31,long,1,1,-1,1,1.160127127963151,0,0,0,0.6218048473597619,2,5,3.8553498561797115,1959.41003,1957.35999,1960.9200300000002,2.050040000000081,1.5100000000002183,4,1,>1.0
2023-06-01,long,1,-1,-1,1,0.7037967099396794,0,0,0,3.3166035389539905,3,6,5.856082033756355,1965.56006,1963.13,1966.549932,2.430059999999912,0.9898719999998775,1,1,0.7-1.0
2023-06-05,short,-1,-1,-1,-1,1.4811728161814015,0,1,0,-0.8578435158231992,0,6,2.587156023904019,1943.81995,1947.98999,1942.689942,4.170039999999972,1.130008000000089,5,1,>1.0
2023-06-06,long,1,1,-1,1,0.8451917727466135,0,0,1,1.0776855436103412,1,6,4.247190143073671,1961.12,1958.68005,1961.5799500000003,2.4399499999999534,0.45995000000039,2,1,0.7-1.0
2023-06-07,long,1,1,-1,1,1.0939548728194144,0,0,0,1.1683734994018424,2,6,3.3494473270133267,1964.56006,1962.82996,1965.3900199999998,1.730099999999993,0.8299599999998009,1,0,>1.0
2023-06-09,long,1,1,-1,1,1.456084758366916,0,0,0,1.21996955332326,4,6,2.4609304236283434,1964.41003,1962.26001,1965.71997,2.1500200000000405,1.309940000000097,5,1,>1.0
2023-06-13,short,-1,1,-1,-1,1.2312905669988543,0,0,0,-0.9130917870295272,1,6,2.501650930582566,1959.71997,1962.76001,1959.3200700000002,3.0400399999998626,0.3998999999998887,1,1,>1.0
2023-06-14,short,-1,-1,-1,-1,1.207795091855752,0,1,0,-1.4174806330294454,2,6,5.373819179172291,1947.01001,1949.85999,1946.48009,2.8499799999999595,0.5299199999999473,1,1,>1.0
2023-06-15,short,-1,-1,-1,-1,0.956591253541663,0,1,0,-1.1722497257740092,3,6,5.887404357230332,1931.79004,1935.569946,1931.609994,3.7799059999999827,0.1800460000001749,1,0,0.7-1.0
2023-06-16,long,1,1,-1,1,0.8401586218839098,0,0,0,1.5123765403676726,4,6,3.515686005211734,1957.80005,1955.04004,1957.93994,2.7600099999999657,0.13988999999992302,1,1,0.7-1.0
2023-06-19,long,1,-1,-1,1,1.479839723159893,0,0,0,1.970492351351148,0,6,3.25166422855644,1956.59998,1954.13,1958.2498799999998,2.4699799999998504,1.6498999999998887,6,0,>1.0
2023-06-22,short,-1,-1,-1,-1,1.3919354346587407,0,0,0,-1.6286047633658924,3,6,3.6331702494708145,1931.23999,1933.68994,1930.13012,2.4499499999999443,1.1098700000000008,1,1,>1.0
2023-06-26,short,-1,1,-1,-1,0.7400981545754288,0,0,0,-0.3766280799814392,0,6,2.6218953719718514,1924.050049,1926.17004,1923.4300600000001,2.1199910000000273,0.619988999999805,1,1,0.7-1.0
2023-06-29,short,-1,-1,-1,-1,1.0340264215688992,0,0,0,-0.8812902622912653,3,6,2.6940024681606065,1903.67004,1906.579956,1903.099984,2.9099160000000666,0.5700560000000223,5,1,>1.0
2023-06-30,short,-1,1,-1,-1,0.6909840941250667,0,0,0,-0.891960688305862,4,6,4.268677656023074,1907.19995,1909.15002,1906.9300600000001,1.9500700000000961,0.2698899999998048,1,1,0.5-0.7
2023-07-03,long,1,1,-1,1,1.4429183191263877,0,0,0,1.4858942781818532,0,7,1.9420670290361388,1920.060059,1917.43994,1921.3000599999998,2.6201189999999315,1.2400009999998929,4,0,>1.0
2023-07-04,long,1,1,-1,1,1.5395688703191273,0,0,0,0.976698872987264,1,7,8.79123329956118,1924.95996,1922.33997,1925.7401100000002,2.619989999999916,0.7801500000002761,1,1,>1.0
2023-07-05,long,1,-1,-1,1,1.2820633691326246,0,0,0,1.4308742959070866,2,7,2.060065297760381,1925.64001,1923.71997,1926.4599699999999,1.9200399999999718,0.81995999999981,3,1,>1.0
2023-07-06,short,-1,-1,-1,-1,0.8234807783914857,0,1,0,-1.388513896958604,3,7,2.23233129878687,1917.099976,1918.73999,1916.5200100000002,1.6400140000000647,0.5799659999997857,2,0,0.7-1.0
2023-07-10,long,1,-1,-1,-1,0.6015960453901968,0,0,0,2.786419973358737,0,7,2.7671013286193284,1924.69995,1922.560059,1924.959961,2.139891000000034,0.2600110000000768,1,1,0.5-0.7
2023-07-11,long,1,1,-1,1,1.5603433611229258,0,0,1,2.0705029328125417,1,7,3.082113984193405,1929.16003,1925.98999,1930.64991,3.1700399999999718,1.4898800000000847,7,1,>1.0
2023-07-13,long,1,1,1,1,0.5496991193022192,0,0,1,0.6930386253266458,3,7,3.020518395012468,1961.30005,1959.62,1961.5001200000002,1.6800500000001648,0.20007000000009612,1,0,0.5-0.7
2023-07-17,long,1,-1,1,1,0.8248661576656732,0,0,0,0.9193774171781244,0,7,1.487371793412817,1952.98999,1951.01001,1953.4299300000002,1.9799800000000687,0.43994000000020606,1,1,0.7-1.0
2023-07-19,long,1,1,1,1,1.686531767718711,0,0,1,1.7121110912393616,2,7,5.134136500692364,1976.93005,1973.66003,1978.1199900000001,3.2700199999999313,1.189940000000206,1,1,>1.0
2023-07-21,short,-1,-1,1,1,0.9738072198354277,0,0,0,-0.26372781211282764,4,7,4.124049463133232,1970.030029,1971.530029,1969.1098630000001,1.5,0.920165999999881,3,1,0.7-1.0
2023-07-25,short,-1,1,1,-1,0.6001599243966356,0,0,0,-0.049224721548700806,1,7,3.5681523039854577,1961.33997,1962.68005,1960.9598500000002,1.3400799999999435,0.38011999999980617,1,1,0.5-0.7
2023-07-26,long,1,1,1,-1,0.9606002409978148,0,0,1,1.9006503532822516,2,7,6.238978011726042,1965.079956,1963.01001,1965.36987,2.0699460000000727,0.2899139999999534,1,1,0.7-1.0
2023-07-27,long,1,1,1,1,1.0284894948307934,0,0,1,2.103554838493504,3,7,3.2930290578273573,1980.80005,1976.13,1981.0499399999999,4.6700499999999465,0.24988999999982298,1,1,>1.0
2023-07-28,short,-1,-1,1,-1,1.5864693114955033,0,0,0,-0.6338294478818539,4,7,4.51742521934432,1951.21997,1957.31006,1948.5500399999999,6.090089999999918,2.6699300000002495,13,1,>1.0
2023-08-02,short,-1,-1,1,-1,1.66623864883995,0,0,0,-2.115388868305198,2,8,4.683792636988108,1946.44995,1949.93005,1944.8299500000003,3.480099999999993,1.6199999999996635,4,0,>1.0
2023-08-04,short,-1,-1,-1,-1,1.5102670705706316,0,0,0,-2.051904919504316,4,8,1.610904448065946,1933.12,1936.07996,1930.8399599999998,2.9599600000001374,2.280040000000099,21,1,>1.0
2023-08-07,short,-1,-1,-1,-1,1.2576026701178569,0,1,0,-1.5558566645341643,0,8,4.326597077383746,1936.19995,1940.08997,1935.71007,3.8900200000000495,0.4898799999998573,5,1,>1.0
2023-08-08,short,-1,-1,-1,-1,0.6803364446172855,0,1,0,-0.8612866134074655,1,8,2.1209678417119804,1932.43005,1934.06995,1931.6900500000002,1.6399000000001251,0.7399999999997817,1,1,0.5-0.7
2023-08-09,short,-1,1,-1,-1,1.029553875577598,0,0,0,-1.1040538004298615,2,8,4.0874459849480695,1928.28003,1931.64001,1928.0999899999997,3.359980000000178,0.18004000000019005,2,1,>1.0
2023-08-11,short,-1,-1,-1,-1,1.2031104837636328,0,1,0,-1.1435003500401113,4,8,4.647258573569204,1913.01001,1915.33997,1912.4200300000002,2.3299600000000282,0.5899799999997413,4,0,>1.0
2023-08-14,short,-1,-1,-1,-1,0.9095032439818372,0,1,0,-0.7346290482414961,0,8,1.9220012555844623,1912.15002,1913.71997,1911.1401299999998,1.5699500000000626,1.0098900000002686,1,1,0.7-1.0
2023-08-15,short,-1,-1,-1,-1,0.870551322237513,0,0,0,-0.6791607054007671,1,8,2.918367138474783,1906.17004,1907.88,1905.55994,1.7099600000001374,0.6100999999998749,1,1,0.7-1.0
2023-08-16,short,-1,1,-1,-1,1.1685924605373401,0,0,0,-2.802833834743094,2,8,4.588481049546723,1903.20996,1905.16003,1902.2000699999999,1.9500700000000961,1.0098900000000413,2,1,>1.0
2023-08-18,short,-1,1,-1,-1,0.9450560292663256,0,0,0,-1.6377056106045262,4,8,4.7878461834459625,1891.59998,1893.93994,1890.8200600000002,2.339960000000019,0.77991999999972,6,0,0.7-1.0
2023-08-21,short,-1,1,-1,-1,1.3184737097778205,0,0,0,-2.136775640220709,0,8,3.43929061689494,1889.31995,1894.28003,1889.13989,4.960079999999834,0.18006000000013955,1,1,>1.0
2023-08-24,long,1,1,-1,1,0.8844421490119282,0,0,1,0.5849276793685275,3,8,3.585529890277137,1922.01001,1920.06006,1923.04004,1.9499499999999443,1.0300300000001243,7,0,0.7-1.0
2023-08-25,long,1,-1,1,1,1.2069069023837466,0,0,0,1.1721406693235648,4,8,5.298322457627114,1915.030029,1912.94995,1916.22999,2.080079000000069,1.1999610000000303,2,0,>1.0
2023-08-28,long,1,1,1,1,2.152445795733928,0,0,0,1.668744342293083,0,8,1.411882058904489,1916.88,1914.16003,1919.01991,2.719970000000103,2.1399099999998725,11,0,>1.0
2023-08-31,long,1,1,1,1,1.0759111303092193,0,0,0,2.5620643800898684,3,8,2.9620113250265505,1947.18005,1944.44995,1947.3100500000003,2.730099999999993,0.1300000000003365,1,1,>1.0
2023-09-01,long,1,-1,1,1,0.8337481026221286,0,0,0,0.6605801369514825,4,9,1.8822078989244513,1939.76001,1937.80005,1939.839842,1.95995999999991,0.07983200000012403,1,1,0.7-1.0
2023-09-04,long,1,1,1,1,0.8629158697389324,0,0,1,0.5622009804905216,0,9,5.384435013444867,1945.31995,1944.06006,1945.8798800000002,1.2598900000000413,0.5599300000001222,1,1,0.7-1.0
2023-09-08,short,-1,1,-1,-1,0.4934769386594883,0,0,0,-1.0691573907662262,4,9,3.744914944080928,1924.20996,1925.60999,1924.0299100000002,1.4000300000000152,0.18004999999971005,1,1,0.3-0.5
2023-09-12,short,-1,-1,-1,-1,2.216479105881797,0,0,0,-1.4531857262640138,1,9,2.7078185601363085,1922.34998,1925.06006,1920.31982,2.7100800000000618,2.0301600000000235,4,1,>1.0
2023-09-13,short,-1,-1,1,-1,1.9600325657856672,0,0,0,-1.301044883945806,2,9,2.147534764875353,1909.39001,1912.31995,1907.2401099999997,2.9299399999999878,2.1499000000003434,7,0,>1.0
2023-09-14,short,-1,-1,-1,-1,1.168347204836886,0,0,0,-0.41882876564548616,3,9,2.121398524234479,1909.20996,1910.80005,1908.17993,1.5900900000001457,1.030029999999897,2,0,>1.0
2023-09-15,short,-1,1,-1,1,1.0483999430704656,0,0,0,-0.4804820564958295,4,9,6.221893124750357,1915.16003,1916.71997,1914.3000499999998,1.559940000000097,0.8599800000001778,4,0,>1.0
2023-09-18,long,1,1,1,1,0.9846182245372861,0,0,0,1.2383612499431562,0,9,3.3159096331019877,1930.050049,1927.94995,1930.39013,2.100099,0.3400810000000547,1,1,0.7-1.0
2023-09-19,long,1,-1,1,1,0.7874621574916671,0,0,1,1.7522861552885622,1,9,6.706091039757783,1932.62,1931.31006,1933.4099199999998,1.3099399999998695,0.7899199999999382,1,1,0.7-1.0
2023-09-20,long,1,-1,1,1,0.9219769520848268,0,0,0,1.7928332742442765,2,9,2.841540368577475,1931.23999,1929.68005,1931.6199900000001,1.559940000000097,0.38000000000010914,1,1,0.7-1.0
2023-09-21,short,-1,-1,1,-1,0.7055944245353936,0,1,0,-1.1422653860104681,3,9,8.629317197902834,1927.80005,1929.16003,1926.9798700000001,1.3599799999999505,0.8201799999999366,2,1,0.7-1.0
2023-09-25,short,-1,-1,1,-1,1.1076527280851678,0,1,0,-0.46646754230375065,0,9,2.066656167789356,1922.81995,1924.13,1922.1099999999997,1.3100500000000466,0.70995000000039,1,1,>1.0
2023-09-27,short,-1,-1,-1,-1,2.161774624486746,0,1,0,-1.5187937544346326,2,9,5.713665060935107,1896.51001,1900.43005,1895.28993,3.9200399999999718,1.2200800000000527,13,1,>1.0
2023-10-04,short,-1,-1,-1,-1,1.0604342822963022,1,0,0,-1.4781182160710613,2,10,5.254524949687623,1819.56006,1822.71997,1818.91993,3.1599100000000817,0.6401299999999992,1,1,>1.0
2023-10-06,short,-1,1,-1,-1,1.4734396335156712,0,0,0,-1.5470287390463575,4,10,3.5689469758850185,1822.83997,1825.04004,1822.1399,2.200070000000096,0.7000700000000961,2,1,>1.0
2023-10-09,long,1,1,-1,1,0.8945219161604963,0,0,1,0.3081012881938454,0,10,4.983871447925304,1851.15002,1848.34998,1852.4500600000001,2.800040000000081,1.300040000000081,1,1,0.7-1.0
2023-10-12,long,1,1,-1,1,0.7247334505415479,0,0,1,1.091327836201068,3,10,3.887842636838437,1877.76001,1876.30005,1878.54003,1.45995999999991,0.7800199999999222,5,1,0.7-1.0
2023-10-13,long,1,1,1,1,1.637371528751019,0,0,0,1.4098896794756361,4,10,2.3341534559291213,1874.35999,1872.12,1875.500118,2.2399900000000343,1.1401280000000042,1,1,>1.0
2023-10-16,long,1,1,1,1,0.8673663410144234,0,0,0,2.2635514087999016,0,10,6.579326673346739,1922.66003,1917.589966,1923.010134,5.070064000000002,0.3501040000001012,1,1,0.7-1.0
2023-10-17,long,1,-1,1,1,0.874131505177196,1,0,0,0.9953933245633824,1,10,3.36318751102721,1916.15002,1913.89001,1917.1300099999999,2.2600099999999657,0.9799899999998161,10,1,0.7-1.0
2023-10-18,long,1,1,1,1,0.9781202107998657,0,0,1,-0.22539276062896718,2,10,9.034194179452,1937.80005,1934.76001,1940.11987,3.04004000000009,2.319819999999936,17,1,0.7-1.0
2023-10-19,long,1,-1,1,1,1.8254159472300655,1,0,1,3.0684884868184494,3,10,9.397585532499589,1951.78003,1946.81995,1954.28015,4.960079999999834,2.5001200000001518,3,1,>1.0
2023-10-20,long,1,1,1,1,1.1739791936038695,1,0,1,2.251192293468268,4,10,10.238778439492256,1981.29004,1977.33997,1983.18005,3.950070000000096,1.8900099999998474,3,1,>1.0
2023-10-23,long,1,-1,1,1,1.1098902412706158,0,0,0,1.0856330201846724,0,10,4.698972726131992,1974.39001,1971.51001,1976.5900900000001,2.880000000000109,2.200080000000071,4,1,>1.0
2023-10-25,long,1,1,1,1,1.2575176443019969,1,0,0,1.7304891781867844,2,10,7.631387740603239,1974.31995,1970.73999,1975.60009,3.5799600000000282,1.2801399999998466,8,1,>1.0
2023-10-26,long,1,1,1,1,1.1010173732837498,1,0,1,1.5125935344922896,3,10,7.025529916786429,1987.30005,1983.06006,1987.3598599999998,4.239990000000034,0.05980999999974301,1,1,>1.0
2023-10-27,long,1,1,1,1,1.0338155984327229,0,0,0,0.7868119822835279,4,10,5.445498212219608,1989.16003,1986.12,1989.79992,3.0400300000001153,0.639889999999923,1,1,>1.0
2023-10-30,short,-1,1,1,1,1.4013286769060245,0,0,0,-0.37895703652401597,0,10,3.7619757062222505,2001.56995,2004.07996,1999.6600399999998,2.5100099999999657,1.909910000000309,4,1,>1.0
2023-10-31,long,1,-1,1,1,1.1875222828657428,1,0,0,1.5418520954821746,1,10,5.621723419035466,1995.10999,1992.76001,1996.8798820000002,2.3499799999999595,1.7698920000002545,2,1,>1.0
2023-11-01,short,-1,-1,1,-1,0.9370476067184136,0,1,0,-0.8142909838487282,2,11,14.980374168513025,1977.14001,1979.62,1976.22008,2.479989999999816,0.9199300000000221,1,1,0.7-1.0
2023-11-03,short,-1,-1,1,-1,1.5025218241301275,0,0,0,-1.6381708655112484,4,11,3.297607840532268,1985.88,1988.12,1984.7401,2.2399999999997817,1.1399000000001251,12,0,>1.0
2023-11-07,short,-1,-1,1,-1,1.139440038215502,1,1,0,-0.9031900429293654,1,11,7.596705788617022,1971.95996,1974.19995,1971.00001,2.2399900000000343,0.9599499999999352,6,0,>1.0
2023-11-08,short,-1,-1,1,-1,1.1141176281659875,0,0,0,-0.4316530802291344,2,11,9.008938834924141,1967.73999,1969.43994,1966.71998,1.6999499999999443,1.0200099999999566,5,1,>1.0
2023-11-09,short,-1,-1,-1,-1,0.7524475424618629,0,1,0,-1.1223701482277975,3,11,10.744499478382737,1949.069946,1950.98999,1948.13013,1.9200439999999617,0.9398160000000644,18,1,0.7-1.0
2023-11-10,short,-1,1,1,-1,1.9742144066323273,1,0,0,-1.1657338543311762,4,11,9.02879032632792,1957.34998,1960.38,1955.6800599999997,3.0300200000001496,1.6699200000002747,8,1,>1.0
2023-11-14,short,-1,1,-1,-1,1.1373747883112422,0,0,0,-0.4996863864549715,1,11,15.61367282519428,1944.55005,1946.540039,1943.3999010000002,1.9899889999999232,1.1501489999998284,13,0,>1.0
2023-11-15,long,1,1,-1,1,1.55162548210279,1,0,1,2.188825854188358,2,11,17.39968144214173,1966.88,1963.98999,1967.85009,2.890010000000075,0.9700899999998001,4,1,>1.0
2023-11-16,long,1,-1,-1,1,1.1201250156672937,1,0,0,2.045717817109813,3,11,14.273526601046756,1962.15002,1959.96997,1963.81005,2.1800499999999374,1.6600300000000061,8,1,>1.0
2023-11-17,long,1,1,1,1,1.045923195357713,1,0,1,1.0620297930818239,4,11,10.768532423944153,1986.76001,1984.81995,1987.9200499999997,1.940059999999903,1.1600399999997535,6,0,>1.0
2023-11-21,long,1,1,1,1,1.1970647447357705,0,0,1,0.0194258543268083,1,11,14.489454902863908,1992.59998,1989.37,1994.7899200000002,3.2299800000000687,2.189940000000206,21,0,>1.0
2023-11-22,long,1,1,1,1,1.6320613397864099,1,0,1,1.5972207576023583,2,11,10.861717222257928,1998.31006,1995.63,1999.87,2.680059999999912,1.5599399999998695,1,1,>1.0
2023-11-23,long,1,1,1,1,1.063444561448945,1,0,0,1.2152950011974093,3,11,13.746561497752065,1995.34998,1992.72998,1995.6100999999999,2.619999999999891,0.2601199999999153,1,1,>1.0
2023-11-24,long,1,-1,1,1,0.8580423186182895,0,0,0,1.060422245457882,4,11,3.961274965781387,1993.69995,1991.26001,1993.8798900000002,2.4399399999999787,0.17994000000021515,4,1,0.7-1.0
2023-11-27,long,1,1,1,1,1.6940010437601767,0,0,1,0.8764828391032241,0,11,10.761095579853997,2013.15002,2007.15002,2016.2698999999998,6.0,3.119879999999739,36,1,>1.0
2023-12-01,long,1,1,1,1,1.4029542531369394,0,0,0,2.996048743241917,4,12,6.774610324129903,2045.39001,2039.51001,2045.46997,5.880000000000109,0.07996000000002823,1,1,>1.0
2023-12-05,short,-1,-1,1,-1,1.3094128736794224,1,1,0,-2.0876407082678696,1,12,18.271435019767416,2032.35999,2038.28003,2031.41993,5.920039999999972,0.9400599999999031,4,1,>1.0
2023-12-06,short,-1,-1,1,-1,1.4679314412518334,1,0,0,-0.8461413961536507,2,12,8.890485327021064,2020.88,2023.70996,2018.63012,2.829959999999801,2.2498800000000756,4,0,>1.0
2023-12-08,short,-1,1,1,1,1.1435352511739676,1,0,0,-0.3831969553131714,4,12,12.5131109321303,2031.48999,2034.569946,2030.250114,3.0799560000000383,1.2398760000000948,2,1,>1.0
2023-12-11,short,-1,-1,1,-1,1.2556170615005304,0,0,0,-0.5347422817637706,0,12,5.827574639004046,1996.92004,2000.89001,1994.9898699999999,3.969970000000103,1.9301700000000892,3,1,>1.0
2023-12-13,short,-1,-1,-1,-1,1.102890379446506,0,0,0,-0.14587802598976635,2,12,15.105818299385172,1978.68994,1980.71997,1977.8000499999998,2.0300300000001243,0.8898900000001504,2,1,>1.0
2023-12-14,long,1,1,-1,1,1.4885300162782016,0,0,1,1.7665082161884953,3,12,27.045354070723363,2035.23999,2031.17004,2038.30994,4.069950000000063,3.0699500000000626,7,0,>1.0
2023-12-15,long,1,1,-1,1,0.9263563232520409,0,0,0,0.9082928441299624,4,12,10.519864063721979,2036.80005,2034.63,2038.2100799999998,2.1700499999999465,1.4100299999997787,6,0,0.7-1.0
2023-12-19,long,1,-1,1,1,1.0842807669091052,0,0,0,0.8453618932750713,1,12,7.112690771773929,2025.73999,2023.40002,2027.44006,2.339969999999994,1.7000699999998687,5,1,>1.0
2023-12-20,long,1,1,1,1,1.4639091856622775,0,0,1,0.4977277958512684,2,12,9.389236604323116,2040.63,2038.569946,2042.069954,2.0600540000000365,1.4399539999999433,6,1,>1.0
2023-12-21,long,1,-1,1,1,1.1520297437417102,1,0,0,2.191843005252328,3,12,7.438555583975454,2037.82996,2035.12,2039.5199000000002,2.7099600000001374,1.689940000000206,3,0,>1.0
2023-12-22,long,1,1,1,1,1.0661742009877653,0,0,1,0.7305579671676646,4,12,7.35796972604896,2051.53003,2049.42993,2052.7902900000004,2.1001000000001113,1.2602600000004713,2,1,>1.0
2023-12-27,long,1,1,1,1,1.8113763409766612,0,0,1,0.7482143413305579,2,12,7.136018466428745,2066.67993,2063.98999,2068.75025,2.6899399999997513,2.0703200000002653,12,1,>1.0
2023-12-29,long,1,-1,1,1,1.6609166385484142,1,0,0,0.5787597983816201,4,12,8.513599569647818,2070.13989,2067.28003,2071.73999,2.859860000000026,1.6001000000001113,3,1,>1.0
2024-01-02,long,1,1,1,1,1.9284313500719585,0,0,1,0.7218177766032753,1,1,5.014669535264072,2070.44995,2066.09009,2073.5900859999997,4.359860000000026,3.1401359999995293,7,1,>1.0
2024-01-03,short,-1,1,1,-1,1.5806109561702955,1,1,0,-2.126401523112647,2,1,4.576329241983313,2062.28003,2066.15991,2061.1999499999997,3.8798799999999574,1.08008000000018,1,1,>1.0
2024-01-04,short,-1,1,1,-1,1.5767422047120203,0,0,0,-1.1728721820074037,3,1,10.250169919918621,2043.55005,2047.15002,2041.72986,3.599969999999985,1.8201900000001388,9,0,>1.0
2024-01-05,short,-1,1,1,-1,1.3671702475019842,1,0,0,-0.58708278767574,4,1,7.650019168118783,2044.68005,2047.01001,2043.2499900000003,2.3299600000000282,1.4300599999996848,1,1,>1.0
2024-01-08,short,-1,-1,-1,-1,0.8645002376466893,0,0,0,-2.389332533859852,0,1,4.0048990030966864,2037.58997,2042.05005,2037.57007,4.460080000000062,0.019900000000006912,1,1,0.7-1.0
2024-01-09,short,-1,1,1,-1,1.3292733700591652,0,0,0,-1.0299833155518208,1,1,10.35329406337929,2033.01001,2035.530029,2031.2099709999998,2.5200190000000475,1.8000390000001971,5,1,>1.0
2024-01-10,short,-1,1,-1,-1,1.100830325391222,1,0,0,-1.6454642696983162,2,1,8.536053993592072,2029.01001,2032.560059,2028.2199610000002,3.5500489999999445,0.7900489999997262,7,1,>1.0
2024-01-12,short,-1,1,-1,1,1.3641564760122087,0,0,0,-1.197280392186375,4,1,12.295825950595944,2033.71997,2036.26001,2031.9999900000003,2.5400399999998626,1.7199799999998504,7,0,>1.0
2024-01-15,long,1,1,1,1,0.7457382776773442,0,0,0,1.9889179222851097,0,1,8.465075020963827,2058.01001,2055.09009,2058.2297299999996,2.91991999999982,0.21971999999959735,3,0,0.7-1.0
2024-01-17,short,-1,-1,1,-1,1.2844626720160224,1,1,0,-1.9819071272490274,2,1,9.266343352064315,2024.54004,2029.68994,2024.0700600000002,5.149899999999889,0.4699799999998504,1,1,>1.0
2024-01-18,short,-1,-1,-1,-1,1.6335616373916166,0,1,0,-1.619465552368118,3,1,12.976172096829599,2006.23999,2009.31006,2004.16992,3.070069999999987,2.070069999999987,3,0,>1.0
2024-01-19,long,1,1,-1,-1,1.5616507008387388,0,0,0,2.3504853007003907,4,1,10.09485203889674,2024.64001,2021.87,2026.2501200000002,2.770010000000184,1.610110000000077,1,1,>1.0
2024-01-24,long,1,-1,-1,1,1.1011539900986966,1,0,0,0.5626053817250065,2,1,5.236929989843814,2025.60999,2023.32996,2026.5699399999999,2.280029999999897,0.9599499999999352,3,0,>1.0
2024-01-25,short,-1,-1,-1,-1,1.667253311772898,0,1,0,-1.2382140315177692,3,1,14.262053231627496,2015.15002,2017.43005,2013.5098900000003,2.280029999999897,1.6401299999997718,6,0,>1.0
2024-01-26,short,-1,1,-1,1,1.1849303266848914,0,0,0,-0.44329427761967505,4,1,9.450601444697053,2021.63,2023.540039,2020.260001,1.9100389999998697,1.369999000000007,7,0,>1.0
2024-01-29,long,1,1,-1,1,1.4139150170833819,0,0,0,0.5863080802678173,0,1,6.048665950198735,2026.67004,2023.84998,2028.4500600000001,2.8200600000000122,1.7800200000001496,3,1,>1.0
2024-01-30,long,1,1,-1,1,0.8937673777560394,0,0,0,0.6823514538855523,1,1,9.737593847251375,2032.72998,2031.03003,2033.38989,1.6999500000001717,0.6599099999998543,6,1,0.7-1.0
2024-01-31,long,1,-1,-1,1,0.8883527001289152,0,0,0,0.8133514876019868,2,1,15.752310605757524,2034.63,2033.06006,2034.9799799999998,1.5699400000000878,0.34997999999973217,4,1,0.7-1.0
2024-02-02,long,1,1,1,1,1.1774551719742625,0,0,0,0.9895756328027105,4,2,25.86896080330441,2055.47998,2053.1499,2056.410158,2.33008000000018,0.930178000000069,6,1,>1.0
2024-02-05,short,-1,-1,1,-1,2.4247517682877375,0,0,0,-1.2787566229931793,0,2,7.5999508420129125,2030.44995,2035.06995,2026.53015,4.620000000000118,3.9197999999998956,12,1,>1.0
2024-02-12,short,-1,-1,-1,-1,0.5736586550691025,0,0,0,-2.7319144537790248,0,2,5.656574040532686,2021.62,2023.26001,2021.1599099999999,1.6400100000000748,0.4600900000000365,1,1,0.5-0.7
2024-02-14,short,-1,-1,-1,-1,0.8588018752807384,0,1,0,-1.4936983655636515,2,2,28.19566788105631,1990.30005,1992.93994,1990.1401400000002,2.639889999999923,0.15990999999985434,1,1,0.7-1.0
2024-02-16,long,1,1,-1,1,0.9930976507468817,1,0,1,2.0076755015395182,4,2,12.325545671457562,2004.97998,2003.48999,2005.83007,1.4899900000000343,0.8500899999999092,1,1,0.7-1.0
2024-02-19,long,1,1,-1,1,0.9556747416451612,0,0,1,1.5445036320524204,0,2,4.143997353638739,2022.5,2020.82996,2023.5699399999999,1.6700399999999718,1.0699399999998604,4,0,0.7-1.0
2024-02-20,long,1,1,-1,1,1.5814718078442824,0,0,0,0.7373830605396309,1,2,4.501275663837922,2019.35999,2016.60999,2020.3699900000001,2.75,1.0100000000002183,10,1,>1.0
2024-02-21,long,1,1,-1,1,1.961667816623945,0,0,1,1.4563008366735128,2,2,6.584454761839082,2030.28003,2027.34998,2032.4300400000002,2.9300499999999374,2.150010000000293,20,0,>1.0
2024-02-22,long,1,1,1,1,1.3913897524634955,0,0,0,1.7758842667624875,3,2,8.05050968815534,2028.66003,2026.31995,2029.85999,2.3400799999999435,1.199959999999919,2,1,>1.0
2024-02-23,long,1,1,1,1,1.312392642591991,0,0,0,0.3869415210325146,4,2,4.872466521363131,2026.22998,2023.60999,2027.23009,2.6199900000001435,1.0001099999999497,8,0,>1.0
2024-02-26,long,1,1,1,1,1.0112600783727324,0,0,0,1.6143402330044085,0,2,3.5636819818820817,2032.59998,2030.23999,2032.91993,2.359989999999925,0.3199500000000626,2,1,>1.0
2024-02-27,long,1,1,1,1,0.9888532912996987,0,0,0,0.8383622985842584,1,2,7.177131481944377,2033.5,2031.89001,2034.23011,1.6099899999999252,0.7301099999999678,1,1,0.7-1.0
2024-02-28,short,-1,-1,1,-1,1.6290371751671142,0,0,0,-1.5998596037062904,2,2,8.61684135132658,2029.38,2032.06995,2028.23009,2.6899499999999534,1.1499100000000908,4,1,>1.0
2024-02-29,long,1,1,1,1,1.6226155212612587,0,0,0,1.6095684249626687,3,2,6.5518095299935695,2036.92004,2035.10999,2038.06995,1.8100500000000466,1.1499100000000908,11,0,>1.0
2024-03-01,long,1,1,1,1,1.294770433229555,1,0,1,0.9710871619396546,4,3,10.336569410088423,2046.55005,2044.84998,2047.4300400000002,1.7000700000000961,0.8799900000001344,6,0,>1.0
2024-03-04,long,1,1,1,1,0.8523607635467706,0,0,0,0.015799072741042294,0,3,5.517519343416904,2081.55005,2079.8999,2082.5600600000002,1.6501499999999396,1.0100100000004204,9,1,0.7-1.0
2024-03-05,long,1,1,1,1,1.861256061555719,1,0,1,0.3316353415407468,1,3,16.10217551823739,2114.21997,2110.81006,2116.810058,3.409910000000309,2.5900879999999233,4,1,>1.0
2024-03-06,long,1,1,1,1,1.8926083511725458,1,0,0,0.9319733659219911,2,3,8.741154753607608,2126.8501,2124.23999,2128.6398900000004,2.610110000000077,1.7897900000002664,8,1,>1.0
2024-03-07,long,1,1,1,1,0.6863794044864078,0,0,1,0.5234970764017818,3,3,9.423675543361387,2151.84009,2149.26001,2152.53979,2.58008000000018,0.699699999999666,1,1,0.5-0.7
2024-03-08,long,1,1,1,1,1.632338560898341,0,0,0,0.8660991600802916,4,3,8.997009107576767,2157.86011,2153.590088,2159.669672,4.270022000000154,1.8095619999999144,12,1,>1.0
2024-03-11,long,1,1,1,1,1.2694501318626341,0,0,0,1.1817543005534754,0,3,5.198691947691238,2179.57007,2176.570068,2181.409912,3.0000020000002223,1.8398419999998623,3,1,>1.0
2024-03-12,long,1,-1,1,1,0.46657065300068584,0,0,0,1.4746974072866788,1,3,4.25880591896613,2179.77002,2176.46997,2181.3298299999997,3.3000499999998283,1.559809999999743,1,0,0.3-0.5
2024-03-13,short,-1,-1,1,-1,0.8672206531878557,0,1,0,-1.289098161991161,2,3,10.136217250428286,2157.94995,2161.07007,2157.6101059999996,3.1201200000000426,0.3398440000005394,1,1,0.7-1.0
2024-03-19,short,-1,1,1,1,0.8704987643374413,0,0,0,-0.926716589520482,1,3,2.823129115263976,2159.87988,2162.42993,2159.4499500000006,2.5500499999998283,0.4299299999993309,2,1,0.7-1.0
2024-03-22,long,1,-1,1,1,0.856525724103614,1,0,0,0.8162293142288166,4,3,14.838644687892451,2175.86011,2171.82007,2176.9797299999996,4.040039999999863,1.119619999999486,13,0,0.7-1.0
2024-03-25,short,-1,1,1,-1,1.541612564137701,0,0,0,-1.9047727016397447,0,3,5.988390311384023,2170.59009,2175.76001,2167.6198700000004,5.16991999999982,2.970219999999699,9,1,>1.0
2024-03-28,long,1,1,1,1,0.6404801413612836,1,0,0,0.859272756684844,3,3,2.572737767076262,2195.81006,2193.65991,2196.61987,2.1501499999999396,0.8098100000001978,3,1,0.5-0.7
2024-04-02,long,1,1,1,1,1.0085793930004914,0,0,0,1.7174231786184397,1,4,7.8978165562950835,2256.71997,2252.3501,2257.83008,4.369869999999992,1.110110000000077,1,1,>1.0
2024-04-05,long,1,-1,1,1,2.104424408950395,0,0,0,0.44397331332003537,4,4,7.43439548657804,2279.96997,2273.1499,2285.3100600000002,6.820070000000214,5.340090000000146,8,1,>1.0
2024-04-09,long,1,1,1,1,1.288732042091539,0,0,0,1.1177719471040122,1,4,5.910532300128487,2346.76001,2342.93994,2349.02002,3.8200699999997596,2.2600099999999657,6,1,>1.0
2024-04-10,long,1,1,1,1,1.5101866429325712,0,0,0,2.1511130682810453,2,4,3.0927277969397147,2356.31006,2350.51001,2357.74975,5.800049999999828,1.4396900000001551,1,1,>1.0
2024-04-11,short,-1,1,1,1,1.4167439622303277,0,0,0,-0.7577037048908221,3,4,6.148047362873909,2341.72998,2346.65991,2338.9802300000006,4.929929999999786,2.7497499999994943,6,1,>1.0
2024-04-12,long,1,1,1,1,1.2283429390741973,0,0,1,1.4979424433122472,4,4,11.916178881099171,2389.87988,2382.3999,2391.280276,7.479980000000069,1.4003960000000006,4,1,>1.0
2024-04-15,short,-1,-1,1,1,0.7587402902980365,0,0,0,-0.41871702306492753,0,4,3.066273593960608,2355.19995,2359.22998,2353.330078,4.030029999999897,1.869872000000214,3,0,0.7-1.0
2024-04-17,long,1,-1,1,1,0.5941532256809363,0,0,0,1.503617538334027,2,4,8.396375087848002,2383.56006,2380.78003,2384.860106,2.780029999999897,1.3000460000002931,1,1,0.5-0.7
2024-04-19,long,1,-1,1,1,1.0994010271518426,0,0,0,1.4273415890075334,4,4,8.52312327848121,2392.02002,2384.4415293679085,2397.969971,7.578490632091416,5.9499510000000555,4,0,>1.0
2024-04-23,short,-1,-1,1,-1,1.0469031182357096,0,1,0,-1.6351529951193544,1,4,7.513247413057831,2300.11011,2307.6115890679816,2296.61011,7.501479067981563,3.5,3,0,>1.0
2024-04-24,short,-1,1,1,-1,1.3213978878402928,0,0,0,-0.52627141933645,2,4,3.6884398762765636,2325.43994,2330.6001,2323.2197199999996,5.160159999999905,2.2202200000006087,4,0,>1.0
2024-04-26,long,1,1,-1,1,1.4260708643739441,0,0,1,0.8399482534974196,4,4,5.994999273694926,2338.71997,2333.77002,2341.910156,4.949950000000172,3.1901859999998123,3,1,>1.0
2024-04-29,long,1,-1,1,-1,1.8051791805214041,0,0,0,1.50632811873248,0,4,3.5102289272171547,2334.42993,2326.96997,2339.0700699999998,7.459959999999683,4.640139999999974,14,1,>1.0
2024-05-03,short,-1,1,-1,-1,0.7550473167113011,0,0,0,-2.1989523358889653,4,5,2.3609532513474996,2301.53003,2304.3999,2300.4799800000005,2.8698699999999917,1.0500499999993735,2,1,0.7-1.0
2024-05-08,long,1,1,1,-1,1.1782204463164498,0,0,0,1.1324692922528674,2,5,3.965608480344382,2319.3501,2316.43994,2321.5800799999997,2.9101599999999053,2.229979999999614,6,0,>1.0
2024-05-09,short,-1,1,1,1,1.0226971559327451,0,0,0,-2.556850321420347,3,5,2.44914573262188,2310.8501,2314.88989,2309.63013,4.039789999999812,1.219970000000103,1,1,>1.0
2024-05-10,long,1,1,-1,1,1.0415010712708823,0,0,1,1.087720574367087,4,5,6.609323311428072,2353.88989,2350.80005,2355.80005,3.0898400000000947,1.9101599999999053,2,1,>1.0
2024-05-15,long,1,1,1,1,0.6818296917753409,0,0,1,1.8776900311847098,2,5,2.405685756984353,2362.1001,2359.02002,2362.27978,3.08008000000018,0.17967999999973472,1,1,0.5-0.7
2024-05-16,long,1,1,1,1,1.1850468914241161,0,0,1,1.0231139127925315,3,5,9.135696619854743,2391.38989,2386.67993,2393.0402900000004,4.709960000000137,1.6504000000004453,4,1,>1.0
2024-05-17,long,1,-1,1,1,1.1254259896272312,0,0,0,0.5712046310705647,4,5,2.6807315672235386,2378.93994,2376.18994,2380.6699199999994,2.75,1.7299799999991592,3,1,>1.0
2024-05-20,long,1,1,1,1,0.8932328684283521,0,0,1,0.8843802224021371,0,5,3.202730436467044,2440.02002,2436.19995,2442.76001,3.8200699999997596,2.7399900000000343,1,1,0.7-1.0
2024-05-21,long,1,-1,1,1,0.7008282456833653,0,0,0,0.9578007655241667,1,5,7.013567575174374,2415.51001,2412.1001,2417.9999999999995,3.4099099999998543,2.4899899999995796,1,0,0.7-1.0
2024-05-22,long,1,-1,1,1,1.2193475995210985,0,0,0,1.419729955745587,2,5,5.218191616939959,2417.22998,2411.94995,2419.75025,5.280029999999897,2.5202699999999822,10,0,>1.0
2024-05-23,short,-1,-1,1,-1,0.7444580985884873,0,1,0,-0.33733251165023237,3,5,7.484346845831543,2371.1499,2374.1499,2370.0302800000004,3.0,1.119619999999486,1,1,0.7-1.0
2024-05-27,short,-1,1,-1,-1,2.1969974548643583,0,0,0,-0.8434503588657958,0,5,3.936935763159438,2340.6499,2346.67993,2336.0202700000004,6.030029999999897,4.629629999999452,21,0,>1.0
2024-05-30,short,-1,-1,-1,-1,1.0253210575054537,0,1,0,-1.348641607558029,3,5,4.372427977559342,2332.18994,2337.06006,2331.73974,4.870119999999588,0.45020000000022264,1,1,>1.0
2024-05-31,long,1,1,-1,-1,1.3838127876270194,0,0,0,1.4131953006277482,4,5,3.03068515657663,2345.81006,2341.77002,2348.8701200000005,4.040039999999863,3.0600600000007034,3,0,>1.0
2024-06-04,long,1,1,-1,1,1.855394414757676,0,0,1,1.8971166823680905,1,6,4.002635217930256,2349.3999,2344.68994,2352.29004,4.709959999999683,2.890139999999974,8,0,>1.0
2024-06-06,long,1,1,-1,1,0.8227083175091492,0,0,1,0.6672941241609689,3,6,8.718124724008907,2370.40991,2366.47998,2371.3198199999997,3.9299299999997857,0.9099099999998543,2,1,0.7-1.0
2024-06-07,long,1,1,-1,1,1.7309675002688902,0,0,1,2.1324871200786224,4,6,3.503593204081336,2385.90991,2378.82007,2389.57983,7.08983999999964,3.6699200000002747,5,0,>1.0
2024-06-10,short,-1,-1,-1,-1,1.0720067653453271,0,0,0,-1.8407917698341834,0,6,2.9471448559043676,2290.62012,2296.28003,2289.97973,5.659909999999854,0.6403900000000249,1,1,>1.0
2024-06-11,short,-1,-1,-1,-1,0.9145917193628824,0,0,0,-0.6179338157645242,1,6,3.6841800227155868,2301.81006,2304.550049,2300.3498510000004,2.7399890000001506,1.460208999999395,4,1,0.7-1.0
2024-06-12,short,-1,1,-1,-1,0.6748932580358669,0,0,0,-0.7578657739635358,2,6,2.084978883086935,2312.82007,2314.94995,2312.1701699999994,2.1298799999999574,0.6499000000007982,4,0,0.5-0.7
2024-06-13,short,-1,1,-1,-1,1.0313976933015112,0,0,0,-2.724902417416936,3,6,4.7781664077182375,2311.3999,2315.42993,2309.0100100000004,4.030029999999897,2.3898899999994683,1,1,>1.0
2024-06-17,long,1,-1,-1,1,0.6458135072162353,0,0,0,1.8105297531712297,0,6,2.4741445735755767,2325.56006,2323.18994,2326.1298799999995,2.370119999999588,0.5698199999997087,1,0,0.5-0.7
2024-06-19,long,1,1,-1,1,1.0706264002675092,0,0,1,0.7366087205648384,2,6,5.917597346480744,2328.6001,2326.88989,2329.57007,1.7102100000001883,0.969970000000103,2,1,>1.0
2024-06-20,long,1,1,-1,1,2.296961333264006,0,0,1,2.6847216911609633,3,6,3.583081549934198,2339.32007,2333.34009,2343.1999499999997,5.979980000000069,3.8798799999995026,4,1,>1.0
2024-06-21,long,1,1,-1,1,0.7120005638820639,0,0,1,0.8686193279192749,4,6,2.9250034127030085,2362.3999,2360.76001,2363.26001,1.639889999999923,0.860110000000077,2,1,0.7-1.0
2024-06-24,short,-1,-1,1,-1,1.0208602688239667,0,0,0,-0.6029843271858855,0,6,2.8240667116872498,2324.55005,2327.18994,2323.27002,2.6398900000003778,1.280029999999897,3,0,>1.0
2024-06-25,long,1,-1,-1,-1,2.0343719891656606,0,0,0,0.10786390338424802,1,6,3.2479662516047845,2327.38989,2322.30005,2330.71997,5.089840000000095,3.33008000000018,18,1,>1.0
2024-06-27,short,-1,-1,-1,-1,1.8245047439855104,0,0,0,-1.025804708806579,3,6,2.2496766725471633,2298.78003,2301.71997,2296.5598099999997,2.939940000000206,2.220220000000154,4,0,>1.0
2024-06-28,long,1,1,-1,1,1.3160229538717443,0,0,0,0.8561902312613286,4,6,3.138461991666901,2322.32007,2319.34009,2323.9597099999996,2.9799800000000687,1.6396399999994173,2,1,>1.0
2024-07-01,long,1,-1,1,1,0.744016817249235,0,0,0,2.166543755864159,0,7,2.4333776141930867,2327.38989,2323.72998,2328.0898399999996,3.6599099999998543,0.699949999999717,1,1,0.7-1.0
2024-07-02,long,1,-1,-1,1,0.9334822434749245,0,0,0,-0.4348222684202694,1,7,4.071577300379566,2327.3999,2324.47998,2328.2002,2.91991999999982,0.800300000000334,2,1,0.7-1.0
2024-07-03,long,1,1,1,1,0.9899824807906134,0,0,0,2.3495071993790346,2,7,3.2849604209883325,2333.97998,2331.3501,2334.6899399999998,2.6298799999999574,0.7099599999996826,1,1,0.7-1.0
2024-07-04,long,1,1,-1,1,1.1274573364895575,0,0,1,1.2764769505367306,3,7,9.155705992400657,2359.82007,2357.23999,2361.21997,2.58008000000018,1.3998999999998887,2,1,>1.0
2024-07-05,long,1,1,1,1,0.8835258128045425,0,0,0,1.2310989773898497,4,7,1.5992647381609666,2363.98999,2361.02002,2364.52002,2.969970000000103,0.530029999999897,4,1,0.7-1.0
2024-07-08,long,1,1,1,1,0.9450593147736401,0,0,0,1.0800677883127316,0,7,2.9767230907098323,2384.53003,2381.68994,2385.8300799999997,2.840089999999691,1.3000499999998283,3,1,0.7-1.0
2024-07-10,long,1,1,1,1,1.0567826251561216,0,0,0,0.9592699790989956,2,7,7.161367102924835,2369.84009,2366.48999,2370.8898900000004,3.3501000000001113,1.049800000000232,2,1,>1.0
2024-07-11,long,1,1,1,1,2.0315921383488185,0,0,0,1.878543656653463,3,7,1.969643479688577,2382.26001,2378.23999,2384.5798299999997,4.020019999999931,2.3198199999997087,18,1,>1.0
2024-07-15,long,1,1,1,1,1.0171774977081183,0,0,0,1.1563217888548234,0,7,2.4340946310461584,2413.76001,2411.27002,2414.98974,2.4899900000000343,1.2297300000000178,1,0,>1.0
2024-07-16,long,1,1,1,1,1.5713915261924147,0,0,1,0.2930390136639914,1,7,3.9689483999967607,2429.36011,2424.68994,2432.27002,4.670169999999871,2.9099099999998543,3,1,>1.0
2024-07-17,long,1,1,1,1,0.8101609917126888,0,0,1,2.171532050186218,2,7,8.499972478042906,2474.28003,2469.30005,2475.6799300000002,4.979980000000069,1.3999000000003434,1,1,0.7-1.0
2024-07-18,long,1,1,1,1,0.9314757473416813,0,0,0,0.9761613972006302,3,7,8.165320340170894,2468.98999,2465.47998,2470.56006,3.5100099999999657,1.5700699999997596,4,0,0.7-1.0
2024-07-19,short,-1,-1,1,-1,1.5132888927249932,0,1,0,-0.8446747210852616,4,7,9.690468766919004,2423.65991,2429.8501,2419.89014,6.190190000000257,3.7697699999998804,2,1,>1.0
2024-07-22,short,-1,-1,1,-1,1.0664102720062278,0,0,0,-0.42827893766891156,0,7,2.2060453129807063,2404.070068,2407.72998,2402.25,3.6599120000000767,1.820067999999992,3,1,>1.0
2024-07-23,short,-1,-1,1,-1,0.9467597649093222,0,0,0,-0.6174371049959924,1,7,5.525764842442325,2397.55005,2400.18994,2395.5503,2.6398900000003778,1.999749999999949,2,1,0.7-1.0
2024-07-24,short,-1,1,-1,1,0.9876773137839591,0,0,0,-0.7036799879145649,2,7,4.161526761075727,2414.57007,2417.88989,2412.730228,3.3198199999997087,1.839842000000317,3,0,0.7-1.0
2024-07-25,short,-1,-1,1,-1,0.7659541938669147,0,1,0,-1.0005529478402955,3,7,9.719890196462183,2372.02002,2376.560059,2370.3798810000003,4.540038999999979,1.6401389999996354,1,1,0.7-1.0
2024-07-26,short,-1,1,1,-1,0.9115915736939378,0,0,0,-0.6424662587320727,4,7,6.319497555836645,2369.86011,2373.32007,2367.40015,3.4599600000001374,2.4599600000001374,3,0,0.7-1.0
2024-07-31,long,1,1,-1,1,0.8809762680819171,0,0,1,0.1540115226315347,2,7,10.650640728414217,2418.57007,2413.98999,2420.21021,4.58008000000018,1.640139999999974,1,1,0.7-1.0
2024-08-01,long,1,1,-1,1,1.1496987631497053,0,0,1,0.2521283452353166,3,8,8.52743709269421,2446.62012,2442.06006,2449.21972,4.560060000000249,2.5996000000000095,7,0,>1.0
2024-08-02,long,1,1,1,1,0.9313910341008728,0,0,1,1.4901434766250194,4,8,3.708808106447003,2459.56006,2453.94995,2461.25025,5.610109999999622,1.690190000000257,4,1,0.7-1.0
2024-08-06,short,-1,-1,1,-1,1.367470810152722,0,0,0,-0.31041734159901024,1,8,5.1044627413778905,2408.1499,2413.15991,2404.1999499999997,5.010009999999966,3.9499500000001717,4,1,>1.0
2024-08-08,short,-1,1,-1,-1,1.174674403342327,0,0,0,-1.197731699274113,3,8,4.302312085592725,2393.02002,2396.65991,2390.0402900000004,3.639889999999923,2.979729999999563,5,0,>1.0
2024-08-09,long,1,1,-1,1,0.7388655158735506,0,0,1,0.8956488464435426,4,8,4.695191812957193,2422.93994,2419.84009,2423.63989,3.0998500000000604,0.699949999999717,1,1,0.7-1.0
2024-08-12,long,1,-1,1,1,1.3431659118578616,0,0,0,2.4722151356010382,0,8,2.7119027777354154,2431.98999,2427.82007,2433.4597099999996,4.16991999999982,1.4697199999995973,1,1,>1.0
2024-08-13,long,1,1,1,1,1.0642527158633714,0,0,1,1.5373032196445686,1,8,6.729749452438289,2465.86011,2462.12012,2467.479978,3.7399900000000343,1.6198679999997694,2,1,>1.0
2024-08-15,short,-1,-1,1,1,1.0201765017081696,0,0,0,-0.117233025199409,3,8,2.5719954871442283,2453.52002,2456.01001,2452.03003,2.4899900000000343,1.4899900000000343,3,1,>1.0
2024-08-16,long,1,-1,1,1,0.8353097864469803,0,0,0,0.5904062172313553,4,8,2.7310603053585227,2453.69995,2451.570068,2454.729732,2.1298820000001797,1.0297819999996136,1,1,0.7-1.0
2024-08-19,long,1,1,1,1,1.7610996949400959,0,0,0,0.17130853390570147,0,8,2.559164595093161,2504.93994,2499.15991,2509.94019,5.780030000000352,5.000249999999596,8,0,>1.0
2024-08-20,long,1,-1,1,1,1.349268618533379,0,0,0,1.1777670999513765,1,8,2.8987030948362116,2502.80005,2499.07007,2505.38989,3.729979999999614,2.5898400000000947,6,0,>1.0
2024-08-21,long,1,1,1,1,0.731221513547668,0,0,0,1.4581684629598561,2,8,6.960401528424301,2517.77002,2515.560059,2519.399901,2.209961000000021,1.629881000000296,1,0,0.7-1.0
2024-08-22,long,1,-1,1,1,1.023184393399503,0,0,0,0.9951116302516188,3,8,4.730660264286406,2502.59009,2499.8501,2504.7099599999997,2.7399900000000343,2.119869999999537,3,1,>1.0
2024-08-23,short,-1,1,1,-1,0.9184666770909351,0,0,0,-0.2830368511418881,4,8,7.765048942962414,2492.78003,2495.06006,2491.1201200000005,2.280029999999897,1.6599099999993996,2,1,0.7-1.0
2024-08-26,long,1,1,1,1,0.5837737232604745,0,0,0,0.759359810270674,0,8,2.130932403676648,2510.93994,2509.31006,2511.8701200000005,1.629880000000412,0.9301800000002913,3,1,0.5-0.7
2024-08-27,long,1,-1,1,-1,1.3051442318362585,0,0,0,1.7370202481926338,1,8,4.346888920375358,2510.71997,2506.27002,2512.3300799999997,4.449950000000172,1.6101099999996222,2,1,>1.0
2024-08-30,long,1,-1,1,1,1.2239250114330638,0,0,1,0.8562433169620692,4,8,3.826210818621766,2515.71997,2511.77002,2517.1298800000004,3.9499500000001717,1.409910000000309,1,1,>1.0
2024-09-02,short,-1,-1,1,-1,1.429073077738285,0,0,0,-0.18203542690324157,0,9,6.025653821433929,2496.17993,2499.94995,2493.01001,3.770020000000386,3.16991999999982,3,0,>1.0
2024-09-03,short,-1,1,1,-1,0.8250583367751118,0,0,0,-0.7527932006823943,1,9,2.6195559249363676,2492.28003,2497.21997,2491.23999,4.939940000000206,1.0400399999998626,1,1,0.7-1.0
2024-09-06,long,1,1,1,1,1.2879712621507562,0,0,0,0.9007691130714928,4,9,2.460212654820734,2519.90991,2517.30005,2521.0598099999997,2.609860000000026,1.1498999999998887,2,1,>1.0
2024-09-09,short,-1,-1,1,-1,0.5319067354300109,0,0,0,-1.022326513867806,0,9,1.5846112661686698,2498.030029,2499.90991,2497.86987,1.8798809999998412,0.16015900000002148,1,1,0.5-0.7
2024-09-10,long,1,-1,1,1,1.1127516324953037,0,0,0,1.3127003618638058,1,9,4.411342205787371,2503.48999,2500.84009,2504.4597099999996,2.6498999999998887,0.9697199999995973,2,1,>1.0
2024-09-11,long,1,1,1,1,1.0160073928223314,0,0,1,1.0756651146782825,2,9,4.111069843313093,2520.73999,2518.19995,2521.76001,2.5400399999998626,1.0200199999999313,1,1,>1.0
2024-09-12,long,1,-1,1,1,1.0401165617008057,0,0,0,1.9273552322020764,3,9,2.614443049259493,2517.34009,2515.17993,2518.5402900000004,2.16016000000036,1.2002000000002226,2,1,>1.0
2024-09-13,long,1,1,1,1,0.8294857877426242,0,0,1,1.0802745801877462,4,9,6.611404305406956,2568.88989,2566.31006,2570.25,2.579830000000129,1.360110000000077,3,1,0.7-1.0
2024-09-16,long,1,1,1,1,0.9257065271276133,0,0,1,1.080987294921152,0,9,3.067052137624888,2587.61011,2584.80005,2588.4001500000004,2.8100600000002487,0.7900400000003174,1,1,0.7-1.0
2024-09-17,long,1,-1,1,1,0.9711547504160657,0,0,0,1.1321698736102896,1,9,3.070498928366172,2579.43994,2576.44995,2581.1701679999996,2.9899900000000343,1.7302279999994425,1,1,0.7-1.0
2024-09-18,short,-1,-1,1,1,1.7397991513609379,0,0,0,0.9368241196029811,2,9,6.224752527816274,2571.47998,2576.97998,2569.2002,5.5,2.279779999999846,2,0,>1.0
2024-09-20,long,1,1,1,1,1.5215449401678423,0,0,0,0.05231726226459233,4,9,5.323648702532651,2594.12012,2590.97998,2596.72022,3.140139999999974,2.6001000000001113,2,1,>1.0
2024-09-23,long,1,1,1,1,0.7411843271864732,0,0,1,1.2806232511685514,0,9,5.122429982868639,2632.22998,2627.65991,2634.0402900000004,4.570070000000214,1.8103100000002996,2,1,0.7-1.0
2024-09-24,long,1,1,1,1,1.9126208272988883,0,0,1,0.8113014513607029,1,9,2.995442559274721,2636.6001,2631.6001,2640.5400400000003,5.0,3.939940000000206,5,0,>1.0
2024-09-25,long,1,1,1,1,1.1990010939894775,0,0,1,1.2979426642654068,2,9,9.978273465680246,2663.28003,2657.23999,2665.73999,6.040039999999863,2.4599600000001374,3,1,>1.0
2024-09-26,long,1,1,1,1,1.098574455566663,0,0,0,0.8419660817827702,3,9,2.2341145233179187,2663.3501,2660.38989,2664.8303300000002,2.9602100000001883,1.4802300000001196,2,0,>1.0
2024-09-30,long,1,-1,1,-1,1.4222047092900467,0,0,0,0.9564238553843198,0,9,3.607997736708411,2655.96997,2651.72998,2659.1298799999995,4.239990000000034,3.1599099999993996,4,1,>1.0
2024-10-02,short,-1,-1,1,1,1.3138369320062204,0,0,0,-0.3738545902659233,2,10,5.918915567764244,2651.55005,2657.09009,2649.2097099999996,5.540040000000317,2.3403400000001966,1,1,>1.0
2024-10-03,long,1,-1,1,1,0.730276542497529,0,0,0,1.9356307108174877,3,10,5.402512491728942,2657.26001,2654.28003,2658.03979,2.9799800000000687,0.779779999999846,2,0,0.7-1.0
2024-10-04,long,1,1,1,1,1.5438077286396272,0,0,1,1.6761262289505279,4,10,3.9646423141270906,2664.22998,2660.27002,2666.3701200000005,3.9599600000001374,2.1401400000004287,2,1,>1.0
2024-10-07,short,-1,-1,1,-1,1.137187166589171,0,0,0,-2.2325996210086134,0,10,2.215910752562491,2643.36011,2647.28003,2642.4201700000003,3.91991999999982,0.9399399999997513,1,1,>1.0
2024-10-08,short,-1,1,1,-1,2.2166815559434663,0,1,0,-1.681384939089478,1,10,5.272240157502095,2634.92993,2644.1001,2627.1996999999997,9.170170000000326,7.73023000000012,13,0,>1.0
2024-10-09,short,-1,-1,1,-1,1.1300410679066368,1,1,0,-2.780447398924983,2,10,13.936272199480664,2612.3999,2619.3501,2611.7700199999995,6.950200000000223,0.6298800000004121,1,1,>1.0
2024-10-11,long,1,1,-1,1,1.2251977599052328,1,0,1,1.1369863764533183,4,10,9.21894110933145,2645.56006,2640.32007,2647.4797299999996,5.23998999999958,1.919669999999769,11,0,>1.0
2024-10-14,long,1,-1,1,1,1.0912861094925865,0,0,0,1.7386701979050037,0,10,4.347176971175067,2657.30005,2653.32007,2659.7199699999996,3.979979999999614,2.41991999999982,5,1,>1.0
2024-10-15,long,1,-1,1,-1,2.1782934620735834,1,0,0,2.4870203177660404,1,10,5.822326867975095,2652.11011,2644.96997,2657.8898899999995,7.140139999999974,5.779779999999391,28,1,>1.0
2024-10-16,long,1,1,1,1,1.9103351151219896,0,0,1,1.3637722773599932,2,10,8.332608121572427,2669.48999,2664.92993,2673.0500500000003,4.560060000000249,3.5600600000002487,1,1,>1.0
2024-10-17,long,1,1,1,1,1.6620001718796,0,0,0,1.9066975682115945,3,10,4.714073005884783,2682.65991,2677.86011,2686.2399899999996,4.799799999999777,3.5800799999997253,16,0,>1.0
2024-10-18,long,1,1,1,1,1.0792475094876584,1,0,1,1.1047100134826617,4,10,10.275634664153658,2711.28003,2706.68994,2713.1298799999995,4.590089999999691,1.8498499999996056,6,1,>1.0
2024-10-21,long,1,1,1,1,1.1137464842693914,0,0,1,1.9536861503240412,0,10,4.14228187496866,2732.81006,2728.96997,2735.48999,3.840089999999691,2.6799300000002404,4,1,>1.0
2024-10-22,long,1,1,1,1,1.6618941121236732,0,0,0,1.5568902774179452,1,10,8.247052638668046,2734.92993,2728.30005,2736.0798300000006,6.629879999999957,1.1499000000007982,9,1,>1.0
2024-10-25,long,1,-1,1,-1,1.7588945282444968,1,0,0,1.2878421915255454,4,10,6.280861343104962,2728.59009,2724.03003,2732.3698700000004,4.560060000000249,3.779780000000301,5,1,>1.0
2024-10-28,short,-1,-1,1,1,1.1505251816238724,0,0,0,0.38219365955913,0,10,5.236784859624044,2731.47998,2735.23999,2728.9001500000004,3.7600099999999657,2.5798299999996743,1,0,>1.0
2024-10-29,long,1,1,1,1,1.4128733154391933,1,0,1,1.2550582097042955,1,10,7.587289233534616,2754.17993,2748.40991,2757.150148,5.770019999999931,2.9702180000003864,17,0,>1.0
2024-10-30,long,1,1,1,1,1.9724350758679883,0,0,1,1.1794927118867249,2,10,10.772000113334196,2781.37988,2776.77002,2785.3300799999997,4.609860000000026,3.950199999999768,3,1,>1.0
2024-11-01,short,-1,1,1,-1,1.0880425642404778,1,1,0,-1.7987014298904354,4,11,10.564549510048364,2747.36011,2750.72998,2744.81006,3.3698699999999917,2.550050000000283,2,0,>1.0
2024-11-04,short,-1,-1,1,-1,1.2996669049443503,0,0,0,-1.1448972894349831,0,11,4.0596217402757535,2739.31006,2742.87988,2736.5000000000005,3.5698200000001634,2.810059999999339,3,1,>1.0
2024-11-07,short,-1,-1,1,-1,1.1329895129691363,1,1,0,-1.5158803971205639,3,11,13.91376156962302,2654.6499,2660.01001,2652.1701700000003,5.360110000000077,2.479729999999563,4,0,>1.0
2024-11-08,short,-1,1,-1,-1,1.9144861905334303,0,0,0,-0.04553778303322628,4,11,11.125007241723836,2695.23999,2701.07007,2690.4699699999996,5.83008000000018,4.770020000000386,4,1,>1.0
2024-11-11,short,-1,-1,-1,-1,1.3734685972039868,0,1,0,-1.098068325797638,0,11,4.883974687986343,2667.98999,2672.550049,2664.2697709999998,4.56005899999991,3.72021900000027,3,1,>1.0
2024-11-12,short,-1,-1,-1,-1,0.776569332923082,0,1,0,-0.5252703334806873,1,11,9.63939693527872,2620.55005,2624.27002,2619.68994,3.719970000000103,0.8601099999996222,1,1,0.7-1.0
2024-11-13,short,-1,1,-1,-1,1.8638988125611562,0,0,0,-1.5782505025556786,2,11,9.294538916543312,2606.31006,2613.8501,2600.9496999999997,7.540040000000317,5.360360000000128,35,0,>1.0
2024-11-14,short,-1,-1,-1,-1,1.6072900259374863,1,1,0,-0.9491720755996536,3,11,15.007420374834206,2559.96997,2565.6001,2554.9399399999998,5.630130000000008,5.030030000000352,5,1,>1.0
2024-11-15,short,-1,1,-1,-1,1.3079956298892141,0,0,0,-0.9930947100770117,4,11,7.707077065498867,2567.81006,2571.71997,2564.73999,3.909910000000309,3.0700699999997596,7,1,>1.0
2024-11-18,short,-1,1,-1,1,1.6493656051526409,0,0,0,-2.033130224700311,0,11,8.077824254040857,2585.53003,2593.1499,2583.10986,7.619869999999992,2.420169999999871,2,1,>1.0
2024-11-19,long,1,1,-1,1,1.013163515192832,1,0,1,1.7861898600413915,1,11,9.236009298793622,2626.69995,2621.61011,2629.0300300000004,5.089840000000095,2.33008000000018,3,1,>1.0
2024-11-21,long,1,1,-1,1,1.5122037278677956,1,0,1,-0.044235962687652494,3,11,8.489668789978941,2655.3501,2649.94995,2659.3298299999997,5.40014999999994,3.979729999999563,10,1,>1.0
2024-11-22,long,1,1,-1,1,1.4303519262938746,0,0,1,1.8950784722505976,4,11,7.466228604566698,2692.96997,2685.31006,2695.29004,7.659910000000309,2.3200699999997596,3,1,>1.0
2024-11-26,short,-1,-1,1,-1,1.6939894982650585,1,1,0,-2.0001563722815745,1,11,24.5705311659839,2622.030029,2629.3999,2617.280276,7.3698709999998755,4.749753000000055,9,1,>1.0
2024-11-29,long,1,1,-1,1,1.3235715772079706,0,0,1,1.1714738482819467,4,11,10.177132672916944,2661.34009,2654.550049,2665.489991,6.790041000000201,4.1499009999997725,6,1,>1.0
2024-12-02,long,1,-1,1,-1,0.908560972538212,0,0,0,0.5218385597376237,0,12,6.823172089343006,2629.3999,2623.72998,2632.97022,5.66991999999982,3.5703200000002653,6,0,0.7-1.0
2024-12-03,long,1,1,-1,-1,1.3531944789970043,0,0,0,0.5280834409900064,1,12,6.8399551138810475,2641.17993,2635.84009,2642.90015,5.33983999999964,1.720220000000154,1,1,>1.0
2024-12-04,short,-1,1,-1,1,1.7510047250085126,0,0,0,-3.2146708257174037,2,12,6.15867991745405,2641.1499,2648.3999,2638.64014,7.25,2.5097599999999147,3,1,>1.0
2024-12-05,long,1,-1,-1,1,1.6360959801364954,0,0,0,1.0725328721154737,3,12,9.297602801246837,2648.96997,2644.30005,2651.99975,4.669920000000275,3.029779999999846,7,1,>1.0
2024-12-06,long,1,1,-1,1,4.08310039142579,0,0,0,0.8288079314066877,4,12,13.739102437840533,2643.22998,2624.52002,2650.54004,18.709960000000137,7.310059999999794,20,0,>1.0
2024-12-10,long,1,1,-1,1,1.1607836821700002,0,0,1,-0.16494731206613286,1,12,6.055918945098171,2670.28003,2665.11011,2673.07007,5.16991999999982,2.7900400000003174,2,1,>1.0
2024-12-12,long,1,-1,1,1,0.9328295756729046,1,0,1,1.0154126946457567,3,12,11.087428437183114,2708.56006,2704.87988,2711.4799799999996,3.6801799999998366,2.91991999999982,1,1,0.7-1.0
2024-12-13,long,1,-1,1,-1,1.1450304277976548,1,0,0,0.4385204402770619,4,12,10.843553347057467,2689.69995,2685.6499,2692.7299800000005,4.050050000000283,3.0300300000003517,2,0,>1.0
2024-12-16,short,-1,-1,1,-1,1.2575724534383017,0,0,0,-1.3496799458245559,0,12,4.609669541733418,2650.72998,2655.13989,2649.17993,4.409909999999854,1.550050000000283,10,0,>1.0
2024-12-17,short,-1,-1,-1,-1,1.9788744562597198,1,0,0,-1.6892440293695183,1,12,5.6411427250692965,2651.15991,2655.93994,2647.3798799999995,4.780030000000352,3.7800300000003517,5,1,>1.0
2024-12-18,short,-1,1,1,-1,1.6140440626412327,1,0,0,-2.468308664159673,2,12,9.625579746544323,2643.01001,2649.40991,2642.07007,6.399899999999889,0.9399399999997513,7,0,>1.0
2024-12-19,short,-1,-1,-1,-1,1.7602480502444715,1,1,0,-0.6340903187860627,3,12,16.838290344310394,2607.34009,2613.92993,2602.2702700000004,6.58983999999964,5.069819999999709,3,0,>1.0
2024-12-26,long,1,1,-1,1,1.6367923901313595,0,0,1,0.7178667146407874,3,12,8.625383371169733,2629.13989,2625.71997,2631.920166,3.41991999999982,2.780275999999958,4,0,>1.0
2024-12-27,long,1,-1,-1,1,0.8774068647959578,1,0,1,2.2526796431439102,4,12,7.404763949181563,2634.3501,2631.21997,2635.4201700000003,3.1301300000000083,1.0700700000002143,11,1,0.7-1.0
2024-12-30,short,-1,1,-1,1,2.2705027300765,0,0,0,-2.0753873553602116,0,12,2.1898027796047654,2622.72998,2628.550049,2618.510011,5.820068999999876,4.219969000000219,9,1,>1.0
2024-12-31,short,-1,-1,-1,-1,1.2090308138465262,1,1,0,-1.4405287659196957,1,12,11.902532853213007,2604.65991,2608.1499,2603.4702199999997,3.4899900000000343,1.1896900000001551,6,0,>1.0
2025-01-02,long,1,1,-1,1,1.1481818368281094,0,0,1,0.9578219039456253,3,1,4.915563082339481,2636.1001,2632.62012,2637.6996999999997,3.4799800000000687,1.5995999999995547,2,0,>1.0
2025-01-07,long,1,1,1,1,0.7277088742058785,0,0,0,-0.9322508820781384,1,1,12.188261417785514,2640.47998,2637.13989,2641.34009,3.3400900000001457,0.860110000000077,1,1,0.7-1.0
2025-01-08,long,1,1,1,1,1.234252953124729,0,0,0,0.892444136726312,2,1,8.929570447523862,2649.18994,2646.26001,2651.01977,2.9299300000002404,1.8298299999996743,3,1,>1.0
2025-01-09,long,1,1,1,1,1.264644785039683,0,0,0,1.92405788662208,3,1,6.850560488578347,2661.57007,2658.17993,2663.82007,3.3901400000004287,2.25,2,0,>1.0
2025-01-10,long,1,1,1,1,1.138678401060688,1,0,1,1.9466147743332587,4,1,6.046844097324065,2675.44995,2672.15991,2676.38013,3.2900400000003174,0.9301799999998366,4,1,>1.0
2025-01-13,long,1,1,1,1,1.1035794426775625,0,0,0,0.7953101388828004,0,1,3.6432753828767743,2689.6499,2685.03003,2691.8298299999997,4.619869999999992,2.1799299999997857,2,0,>1.0
2025-01-14,short,-1,-1,1,1,1.3966791910560576,0,0,0,-2.141851821900342,1,1,6.85457311056762,2668.6499,2672.76001,2665.69995,4.110110000000077,2.949949999999717,10,0,>1.0
2025-01-15,long,1,1,1,1,1.4789079827877045,0,0,1,1.2532507321088748,2,1,8.132195893519315,2675.62012,2672.02002,2678.6801800000003,3.6001000000001113,3.0600600000002487,9,1,>1.0
2025-01-16,long,1,-1,1,1,0.909905739504449,0,0,1,2.0564013340464102,3,1,7.602269924497514,2698.37988,2695.16992,2700.12988,3.2099600000001374,1.75,2,1,0.7-1.0
2025-01-20,long,1,-1,1,-1,1.324242617654034,0,0,0,2.532399455485681,0,1,5.032171542057163,2703.59009,2697.11011,2704.449948,6.479980000000069,0.8598579999998037,3,1,>1.0
2025-01-21,long,1,1,1,1,1.723805918293442,0,0,1,0.9237400238973454,1,1,9.099400866270988,2727.3999,2720.77002,2732.68994,6.629879999999957,5.290040000000317,11,1,>1.0
2025-01-22,long,1,1,1,1,0.7845678172465653,0,0,1,0.6229648274031799,2,1,8.727886435751758,2750.43994,2747.580078,2751.379882,2.8598620000002484,0.9399419999999736,2,1,0.7-1.0
2025-01-23,long,1,-1,1,1,2.1466710065852284,1,0,0,1.566856770316594,3,1,3.368888797240531,2753.30005,2749.21997,2756.6799300000002,4.080079999999725,3.379880000000412,20,0,>1.0
2025-01-24,long,1,1,1,1,1.9754945762519465,0,0,1,1.4869691347782577,4,1,17.666526427550647,2777.94995,2771.37012,2782.87012,6.579830000000129,4.920169999999871,8,0,>1.0
2025-01-28,short,-1,-1,1,-1,1.1569199395753296,0,1,0,-0.45462023549029057,1,1,15.300929919353985,2738.83008,2742.37988,2736.180178,3.5497999999997774,2.649902000000111,5,0,>1.0
2025-01-30,long,1,1,1,1,1.2943648976785567,0,0,1,1.2680566947600058,3,1,8.630860827047954,2761.79004,2758.96997,2763.4099100000003,2.8200699999997596,1.6198700000004465,2,1,>1.0
2025-01-31,long,1,1,1,1,1.0312862210992229,1,0,1,2.297958405124843,4,1,7.052463182765193,2799.94995,2795.3501,2800.66992,4.59985000000006,0.7199699999996483,1,1,>1.0
2025-02-03,long,1,-1,1,1,0.9249387699463545,0,0,0,1.4869495462884066,0,2,9.268365355207909,2782.72998,2773.560059,2782.979981,9.169921000000159,0.2500009999998838,1,1,0.7-1.0
2025-02-05,long,1,1,1,1,1.168862831930972,1,0,1,1.512284922578801,2,2,11.512320404233138,2857.76001,2849.46997,2858.0700699999998,8.290039999999863,0.31005999999979394,2,1,>1.0
2025-02-10,long,1,1,1,1,1.0794177541611507,0,0,0,0.6142587355243966,0,2,4.824261357529411,2875.63989,2870.91992,2877.5000000000005,4.719970000000103,1.8601100000005317,2,1,>1.0
2025-02-11,long,1,1,1,1,1.3799172798294042,0,0,1,0.9315055066154181,1,2,8.853677402546671,2924.91992,2910.9137150886736,2934.8300799999997,14.006204911326222,9.910159999999905,15,0,>1.0
2025-02-12,long,1,-1,1,-1,1.40002833750567,0,0,0,0.5540568789297573,2,2,6.823261896437106,2893.71997,2886.91992,2898.740236,6.800050000000283,5.020265999999992,11,0,>1.0
2025-02-13,long,1,1,1,1,3.2322363781170864,0,0,1,3.212366601302861,3,2,18.008472076100173,2918.56006,2906.87988,2926.91992,11.680179999999837,8.359860000000026,39,0,>1.0
2025-02-14,long,1,1,1,1,1.3113921745251367,0,0,1,1.0014472058441528,4,2,9.470810999375926,2931.040039,2926.84009,2933.59985,4.199948999999833,2.5598110000000815,2,1,>1.0
2025-02-17,short,-1,1,1,-1,0.9213466940615633,0,0,0,-0.8283881158632879,0,2,8.125165968006643,2896.3501,2901.90991,2894.4699700000006,5.559809999999743,1.8801299999995535,1,1,0.7-1.0
2025-02-18,long,1,1,1,1,2.597141109232638,0,0,1,-0.022062623852543668,1,2,8.913092797287739,2911.52002,2902.41992,2917.0600600000002,9.100100000000111,5.540040000000317,15,1,>1.0
2025-02-19,long,1,1,1,1,2.22242654858431,1,0,1,1.2013008253533914,2,2,7.431784205061902,2931.71997,2924.52002,2936.1201200000005,7.199950000000172,4.400150000000394,10,1,>1.0
2025-02-20,long,1,1,1,1,1.3138036858992264,0,0,0,1.6887105917598437,3,2,6.901371994500335,2944.97998,2940.3501,2947.5097599999995,4.629879999999957,2.5297799999993913,6,1,>1.0
2025-02-21,short,-1,-1,1,-1,3.004141363894316,0,0,0,0.1798164906964114,4,2,9.447843164725347,2924.75,2940.30005,2914.73999,15.550049999999828,10.010009999999966,34,0,>1.0
2025-02-24,short,-1,1,1,1,1.3113709972309362,0,0,0,-0.07900015646346727,0,2,7.38311712359111,2939.31006,2945.0,2936.2002,5.689940000000206,3.1098599999995713,1,1,>1.0
2025-02-25,short,-1,-1,1,1,1.1425823136910591,0,0,0,1.790414344180804,1,2,5.845466216173928,2940.47998,2950.05005,2940.44995,9.57006999999976,0.030029999999896972,1,1,>1.0
2025-02-26,short,-1,-1,1,-1,0.5600531275765058,0,1,0,0.3427118003673838,2,2,19.50732415244506,2919.12988,2922.18994,2917.6699199999994,3.0600600000002487,1.4599600000005921,1,1,0.5-0.7
2025-02-27,short,-1,-1,1,-1,0.9336619860306815,0,0,0,-0.06713022549616592,3,2,6.6557252546314984,2905.79004,2909.62012,2903.2797800000003,3.83008000000018,2.510259999999562,3,1,0.7-1.0
2025-02-28,short,-1,-1,1,-1,1.9051334520077965,0,1,0,-2.620966822945974,4,2,8.163177245666972,2863.81006,2876.81006,2859.810058,13.0,4.000001999999768,2,1,>1.0
2025-03-04,long,1,1,-1,1,1.9875884208758376,0,0,1,2.967540884125224,1,3,8.560890928163381,2899.52002,2884.560059,2900.7998009999997,14.959961000000021,1.2797809999997298,3,1,>1.0
2025-03-05,long,1,1,-1,1,1.5458726217151935,1,0,0,0.7331455495746838,2,3,7.136041343131897,2910.93994,2903.31006,2917.81006,7.629880000000412,6.870119999999588,9,1,>1.0
2025-03-10,short,-1,-1,1,1,0.8386030883231923,0,0,0,-0.5999893581521095,0,3,2.0914616337278487,2910.34009,2914.1499,2908.7299800000005,3.809809999999743,1.6101099999996222,7,1,0.7-1.0
2025-03-11,short,-1,1,1,-1,1.6955764289414743,1,1,0,-1.0928048281260323,1,3,10.106197374809987,2895.21997,2899.90991,2891.3103100000003,4.689939999999751,3.9096599999998034,2,0,>1.0
2025-03-12,long,1,1,1,1,1.418920803825674,1,0,1,2.29567814956771,2,3,4.418855731854891,2920.19995,2915.83008,2923.7099599999997,4.369869999999992,3.510009999999511,2,0,>1.0
2025-03-13,long,1,1,1,1,0.8125176984591275,0,0,1,1.245651165696096,3,3,10.256435952724367,2946.13989,2942.67993,2948.61987,3.4599600000001374,2.4799800000000687,2,1,0.7-1.0
2025-03-17,long,1,-1,1,1,1.038072292839719,0,0,0,2.603821401471678,0,3,2.5553400871838243,2990.27002,2985.67993,2990.90015,4.590090000000146,0.6301300000000083,6,0,>1.0
2025-03-18,long,1,1,1,1,1.3795313084013257,1,0,1,0.9110029908039671,1,3,7.9278388333812275,3015.51001,3009.28003,3020.380126,6.229980000000069,4.870116000000053,9,1,>1.0
2025-03-19,long,1,1,1,1,1.3898077561551057,1,0,1,1.21769725141322,2,3,4.438786944723132,3036.36011,3031.91992,3039.0400400000003,4.440190000000257,2.6799300000002404,6,1,>1.0
2025-03-20,long,1,1,1,1,1.397025574437192,0,0,1,1.4950732065389014,3,3,7.503699414258363,3049.98999,3045.03003,3053.51001,4.959960000000137,3.5200199999999313,2,1,>1.0
2025-03-26,short,-1,1,1,-1,2.2028302318705197,0,0,0,-1.8956397063567214,2,3,6.445200475787665,3018.82007,3024.79004,3013.3901400000004,5.969969999999648,5.429929999999786,6,1,>1.0
2025-03-27,long,1,1,1,1,0.9081884793234334,0,0,0,-0.4256856346194195,3,3,6.280320826036123,3033.93994,3029.31006,3034.9301800000003,4.629880000000412,0.9902400000000853,1,1,0.7-1.0
2025-03-28,long,1,1,1,1,1.1116998333288357,1,0,1,0.9161301744656356,4,3,10.989187765883537,3075.27002,3069.63989,3078.10035,5.630130000000008,2.830330000000231,7,1,>1.0
2025-03-31,long,1,1,1,1,1.4411965762242531,0,0,1,1.398821564972219,0,3,8.305759781042616,3113.42993,3104.83008,3118.2499999999995,8.599849999999606,4.82006999999976,4,1,>1.0
2025-04-01,long,1,1,1,1,0.7629832774057377,1,0,1,0.26128645209782697,1,4,12.10275238495763,3146.1001,3142.17993,3147.82007,3.9201700000003257,1.719970000000103,1,1,0.7-1.0
2025-04-02,long,1,-1,1,1,0.9642771860287122,1,0,0,2.8362492657187546,2,4,7.3336693858150355,3133.12988,3126.95996,3136.680176,6.16991999999982,3.5502959999998893,7,0,0.7-1.0
2025-04-04,long,1,-1,1,1,2.0070247012141835,0,0,0,0.993240864303668,4,4,4.986644699188354,3099.6499,3086.7939375353712,3110.8999,12.855962464628647,11.25,17,0,>1.0
2025-04-07,short,-1,-1,1,-1,1.1100780025681778,0,0,0,-1.772461465509443,0,4,7.0986910292472665,3018.59009,3033.0803014126805,3006.38989,14.49021141268031,12.200200000000223,10,0,>1.0
2025-04-10,long,1,1,-1,1,0.6694859658019878,0,0,1,0.47799185475304107,3,4,9.115363724827498,3129.71997,3123.6826321161934,3134.5800799999997,6.037337883806686,4.860109999999622,2,0,0.5-0.7
2025-04-11,long,1,1,1,1,0.6552933339928703,0,0,1,0.6351548253272297,4,4,9.455922220018543,3218.25,3210.3460689132935,3225.07007,7.903931086706507,6.820070000000214,1,1,0.5-0.7
2025-04-21,long,1,1,1,1,2.2009312529082026,0,0,1,1.550815413076312,0,4,6.551717812188889,3382.59,3368.8693324708165,3394.56,13.720667529183629,11.9699999999998,8,1,>1.0
2025-04-22,long,1,1,1,1,1.0309906112259648,0,0,1,1.1591363369150585,1,4,5.385419245015123,3494.21,3478.561602270318,3497.12,15.648397729682074,2.9099999999998545,1,1,>1.0
2025-04-24,short,-1,1,1,1,0.8704388450365427,0,0,0,-0.9216411300386442,3,4,12.614997225438922,3337.3,3345.78121513519,3331.3999999999996,8.481215135189814,5.900000000000546,2,0,0.7-1.0
2025-04-26,short,-1,1,1,-1,1.4173111008649018,0,0,0,-0.2834622201730448,5,4,25.35062937296208,3316.1,3318.7,3314.2,2.599999999999909,1.900000000000091,2,0,>1.0
2025-04-29,long,1,-1,1,-1,1.0037661506373559,1,0,0,2.6006668448331163,1,4,11.300981813032081,3320.5,3315.5,3324.8,5.0,4.300000000000182,10,0,>1.0
2025-04-30,long,1,-1,1,-1,1.007026815902871,1,0,0,1.007026815902871,2,4,2.33819453114193,3310.3,3303.1,3311.0000000000005,7.200000000000273,0.7000000000002728,1,1,>1.0
2025-05-01,short,-1,-1,1,-1,1.1865243866197126,1,1,0,-1.5450062225770902,3,5,10.516026312813844,3223.13,3231.644172364218,3216.95,8.514172364217757,6.180000000000291,1,1,>1.0
2025-05-02,short,-1,1,1,-1,1.6130162763925482,1,0,0,-0.6464300374417938,4,5,6.061836791571496,3251.74,3261.6,3245.28,9.860000000000127,6.459999999999582,6,0,>1.0
2025-05-05,long,1,1,-1,1,0.983813840647781,1,0,0,0.14278360165149487,0,5,5.853324953156623,3259.66,3253.1857043592436,3265.0599999999995,6.4742956407562815,5.399999999999636,3,1,0.7-1.0
2025-05-06,long,1,1,-1,1,0.6588115916782213,1,0,1,0.31550426684036686,1,5,11.556274332152148,3363.14,3355.2827528676116,3367.0099999999998,7.857247132388238,3.869999999999891,2,0,0.5-0.7
2025-05-07,long,1,-1,1,1,1.6715335824444868,1,0,0,0.818598204713918,2,5,11.437570804892816,3387.99,3374.3919260846556,3399.46,13.59807391534423,11.470000000000255,14,0,>1.0
2025-05-10,short,-1,-1,1,-1,2.00062375088956,0,0,0,-1.3047546201452618,5,5,17.342543907932107,3325.3,3328.8,3323.7,3.5,1.6000000000003638,6,0,>1.0
2025-05-12,short,-1,-1,1,-1,0.8810949906265491,0,1,0,-0.7107175062512887,0,5,4.388097929381953,3278.04,3284.216278614425,3272.7400000000002,6.176278614424973,5.299999999999727,3,1,0.7-1.0
2025-05-14,short,-1,-1,-1,-1,1.1994209077363192,1,0,0,-2.6121841898179707,2,5,3.745735283892247,3219.99,3230.515287271878,3215.6400000000003,10.52528727187837,4.349999999999454,1,1,>1.0
2025-05-15,short,-1,-1,-1,-1,1.0815578846304619,1,1,0,-1.5025334920328135,3,5,6.6600840260424645,3144.2,3153.1909849396293,3139.59,8.99098493962947,4.609999999999673,1,1,>1.0
2025-05-16,long,1,-1,-1,1,1.2267974147355942,1,0,1,1.1553965069995813,4,5,5.701831051234621,3219.58,3211.1237613358817,3226.8600000000006,8.456238664118246,7.280000000000655,5,1,>1.0
2025-05-19,long,1,1,-1,1,1.361693560528321,0,0,1,-0.20588693042397094,0,5,5.685534765737554,3216.69,3205.925729944094,3225.8099999999995,10.764270055905854,9.119999999999436,4,1,>1.0
2025-05-20,short,-1,-1,-1,-1,1.0648767366426355,0,0,0,-0.30008603689607105,1,5,4.3837929411949474,3210.0,3217.9831660873333,3204.98,7.983166087333302,5.019999999999982,4,0,>1.0
2025-05-21,long,1,1,-1,1,0.9094461326805398,0,0,1,1.2834393792719918,2,5,6.937850197766692,3312.44,3302.053037168267,3313.7,10.386962831732944,1.2599999999997635,1,1,0.7-1.0
2025-05-22,long,1,1,1,1,1.069392153970393,0,0,1,0.8014351222238396,3,5,4.954505833390252,3338.57,3332.26,3341.54,6.309999999999945,2.9699999999998,4,0,>1.0
2025-05-23,long,1,-1,1,1,1.6481426479653696,1,0,0,2.097636097410559,4,5,4.113273059576509,3313.3,3303.8,3319.7,9.5,6.399999999999636,3,1,>1.0
2025-05-24,long,1,1,1,1,1.5804727027699301,1,0,0,1.7959917076928797,5,5,24.24712874989919,3356.6,3353.7,3358.6000000000004,2.900000000000091,2.0000000000004547,4,1,>1.0
2025-05-29,short,-1,-1,1,-1,0.5101627331310489,1,1,0,-0.8381244901439311,3,5,9.923575271333798,3273.4,3278.6488444800375,3272.5000000000005,5.2488444800374054,0.8999999999996362,1,1,0.5-0.7
2025-05-30,long,1,-1,1,1,0.8691354451838585,1,0,0,0.44631279617553826,4,5,3.3720005498121424,3300.0,3295.0,3302.8999999999996,5.0,2.899999999999636,1,1,0.7-1.0
2025-06-02,long,1,1,-1,1,1.7882895090462616,0,0,1,1.5553157249968237,0,6,3.301638401876453,3318.63,3308.21,3325.29,10.420000000000073,6.6599999999998545,3,1,>1.0
2025-06-04,long,1,1,1,1,1.0690647657896917,1,0,0,1.617506913295126,2,6,6.6973571056931425,3362.67,3356.616756401281,3367.88,6.053243598719291,5.210000000000036,7,0,>1.0
2025-06-05,long,1,1,1,1,2.4643453467642216,1,0,1,1.0742397175508134,3,6,3.9581291724232206,3375.38989,3363.58,3383.12,11.809889999999996,7.730109999999968,3,1,>1.0
2025-06-06,short,-1,1,1,1,1.101481036914622,0,0,0,-1.5473149153921868,4,6,5.252574110861928,3366.19,3373.76001,3364.85999,7.570009999999911,1.3300100000001294,1,1,>1.0
2025-06-11,long,1,1,1,1,1.2528763633147282,0,0,0,1.8217907044481212,2,6,3.794132028164125,3345.61,3336.52002,3348.7799800000003,9.089980000000196,3.1699800000001233,5,0,>1.0
2025-06-12,long,1,1,1,1,1.2302056514634838,0,0,1,0.6730383624238825,3,6,6.398726760901965,3374.59,3368.2,3378.6800000000003,6.390000000000327,4.0900000000001455,4,0,>1.0
2025-06-13,long,1,1,1,1,1.2726918942845085,0,0,1,1.6674634279750982,4,6,10.014094227637564,3431.5,3422.422476089224,3437.7002,9.077523910776108,6.200200000000223,1,1,>1.0
2025-06-14,long,1,1,1,1,1.1001055952498342,0,0,0,2.8602745476496354,5,6,13.712750709610377,3435.6,3433.4,3436.9,2.199999999999818,1.300000000000182,1,0,>1.0
2025-06-18,short,-1,1,1,-1,1.2414305043413525,1,0,0,-2.1325455224487384,2,6,7.401056672937478,3387.59,3395.55,3383.71,7.960000000000036,3.880000000000109,2,1,>1.0
2025-06-19,short,-1,-1,1,-1,1.0154573559017679,1,0,0,-1.0459848598638946,3,6,6.262607162860062,3372.3,3377.5,3367.6801800000003,5.199999999999818,4.619819999999891,1,1,>1.0
2025-06-20,short,-1,-1,1,-1,0.7982511453339604,1,0,0,-0.6575337959961916,4,6,5.915159674286976,3352.84,3357.67,3350.9300000000003,4.829999999999927,1.9099999999998545,1,1,0.7-1.0
2025-06-21,long,1,1,1,1,1.8427851857175535,0,0,0,2.764177778576661,5,6,19.4090444457959,3379.4,3374.3,3382.3999999999996,5.099999999999909,2.9999999999995453,31,1,>1.0
2025-06-23,short,-1,-1,1,-1,1.3259241315332755,1,1,0,-0.9255537560253481,0,6,9.37126154196931,3357.69,3365.6246828057365,3351.7398799999996,7.934682805736429,5.950120000000425,4,1,>1.0
2025-06-24,short,-1,-1,1,-1,1.415539736701127,1,1,0,-0.48770238007240396,1,6,8.195065352513756,3346.1,3358.452043157864,3339.3401400000002,12.352043157864045,6.759859999999662,3,1,>1.0
2025-06-25,short,-1,1,1,-1,1.1104522316866152,1,0,0,-1.7319337269506132,2,6,8.550795045515805,3323.4,3331.7,3322.4801800000005,8.299999999999727,0.9198199999996177,2,1,>1.0
2025-06-26,short,-1,1,-1,-1,1.3838973865547601,0,0,0,-0.3120243111413046,3,6,3.628890118109711,3332.91992,3338.67993,3329.22007,5.760009999999966,3.6998499999999694,3,0,>1.0
2025-06-27,short,-1,-1,-1,-1,1.3217653934518698,1,1,0,-2.157866534635556,4,6,5.535296620361832,3288.26001,3302.7877158416336,3283.92002,14.527705841633633,4.339989999999943,7,1,>1.0
2025-06-28,short,-1,1,-1,-1,1.0241454505362946,1,0,0,-1.5703563574887989,5,6,16.55316843505037,3279.9,3282.5,3279.0,2.599999999999909,0.900000000000091,1,1,>1.0
2025-06-30,short,-1,1,-1,-1,0.9811528689599874,0,0,0,-2.265493937396104,0,6,9.345864103940247,3275.86,3282.05005,3272.74975,6.190049999999701,3.1102500000001783,3,0,0.7-1.0
2025-07-02,long,1,1,-1,1,0.8172262300768843,1,0,1,0.10899073821800036,2,7,4.090209940865152,3340.1001,3336.1,3342.6,4.000100000000202,2.4998999999997977,1,0,0.7-1.0
2025-07-03,long,1,1,1,1,1.0869279557275744,1,0,0,0.7253003417682151,3,7,4.019141895546254,3352.94995,3344.0,3355.1401400000004,8.949950000000172,2.190190000000257,2,1,>1.0
2025-07-04,long,1,1,-1,1,1.4207627082277132,0,0,0,0.9993939213885451,4,7,6.446497371353398,3344.01,3336.5,3347.52002,7.510000000000218,3.510019999999713,13,0,>1.0
2025-07-05,long,1,-1,-1,1,2.7274929594923023,0,0,0,0.925399396970662,5,7,14.010923252937802,3338.8,3330.8,3342.5,8.0,3.699999999999818,48,0,>1.0
2025-07-07,long,1,-1,1,-1,1.5234839714542965,0,0,0,1.2031909428136036,0,7,6.649010417224073,3313.38,3304.7,3319.2799999999997,8.680000000000291,5.899999999999636,8,0,>1.0
2025-07-08,long,1,1,1,1,1.0527179687979604,1,0,0,0.8233197248509613,1,7,6.166316775067806,3333.59,3328.95,3336.1500000000005,4.640000000000327,2.5600000000004,1,1,>1.0
2025-07-09,short,-1,-1,-1,-1,1.2173995516354568,1,1,0,-1.1264020093919183,2,7,5.235875985352925,3289.29,3296.61,3286.2099999999996,7.320000000000164,3.080000000000382,2,1,>1.0
2025-07-10,long,1,1,-1,1,1.4049802688244075,0,0,1,-0.3644682555632829,3,7,4.172308684942731,3318.44,3311.7,3322.84,6.7400000000002365,4.400000000000091,2,1,>1.0
2025-07-14,long,1,1,1,1,0.9150486618622904,0,0,0,0.5918295073929145,0,7,5.8859368931494265,3359.80005,3353.2,3361.05976,6.60005000000001,1.2597100000002683,7,1,0.7-1.0
2025-07-15,long,1,1,1,1,1.2148576969900657,0,0,0,0.03169184806110187,1,7,3.531917883567565,3362.71,3357.06,3364.46002,5.650000000000091,1.7500199999999495,7,1,>1.0
2025-07-17,long,1,-1,1,-1,1.5998483974875382,1,0,0,0.33075068171846594,3,7,10.115577424703956,3342.7,3334.7,3348.2599600000003,8.0,5.559960000000501,6,0,>1.0
2025-07-18,long,1,-1,-1,1,1.5712027275590714,0,0,0,0.7634465706606687,4,7,6.343230260910442,3336.94,3331.5,3341.22022,5.440000000000055,4.280220000000099,8,1,>1.0
2025-07-19,long,1,-1,-1,1,1.1926771005629044,1,0,0,0.2981692751408109,5,7,17.25514965444924,3346.5,3343.8,3347.5,2.699999999999818,1.0,5,1,>1.0
2025-07-21,long,1,1,1,1,1.4806733511809167,0,0,0,1.5598947793862885,0,7,2.9122290905409685,3356.93,3350.18,3358.9,6.75,1.9700000000002547,2,1,>1.0
2025-07-22,long,1,1,1,1,1.538443794146775,1,0,0,2.422145190262542,1,7,3.5000047004077435,3394.3,3388.17,3396.33,6.130000000000109,2.0299999999997453,1,1,>1.0
2025-07-24,short,-1,-1,1,-1,0.474932767280265,0,1,0,-0.8141704581946936,3,7,8.107555372956496,3385.38,3387.85,3384.69,2.4699999999998,0.6900000000000546,1,1,0.3-0.5
2025-07-25,short,-1,-1,1,-1,1.5142720551569226,1,1,0,-0.7956145830462413,4,7,4.32635866776352,3358.48,3363.94,3354.3799999999997,5.460000000000036,4.100000000000364,3,0,>1.0
2025-07-30,short,-1,1,-1,-1,1.203675343390641,1,0,0,-0.4025536744453038,2,7,3.9517341478839403,3332.99,3336.9,3330.36,3.9100000000003092,2.6299999999996544,3,1,>1.0
